Kernel Name,Batch Size,Dimension,GPU Utilization Rate (%),GPU Core Frequency (MHz),GPU Temperature (C),GPU Power (W),Latency (ms),OPName
,8,8x2x18x16,0.0,1005.0,57.0,93.23999999999997,0.006144000217318535,bmm
,18,18x1x11x28,0.0,1005.0,57.0,93.23999999999997,0.006073600146919489,bmm
,6,6x19x24x13,0.0,1005.0,57.0,93.23999999999997,0.014336000196635723,bmm
,5,5x11x16x43,0.0,1005.0,57.0,93.23999999999997,0.006144000217318535,bmm
,26,26x30x10x49,0.0,1005.0,57.0,93.23999999999997,0.013311999849975109,bmm
,5,5x25x25x62,0.0,1005.0,57.0,93.23999999999997,0.016383999958634377,bmm
,20,20x33x13x84,0.0,1005.0,57.0,93.23999999999997,0.013311999849975109,bmm
,9,9x9x31x86,0.0,1005.0,57.0,93.23999999999997,0.006675200071185827,bmm
,15,15x1x5x72,5.0,1005.0,60.0,118.20800000000004,0.005119999870657921,bmm
,7,7x7x28x219,5.0,1005.0,60.0,118.20800000000004,0.0071680000983178616,bmm
,18,18x30x16x148,5.0,1005.0,60.0,118.20800000000004,0.013311999849975109,bmm
,25,25x17x30x202,5.0,1005.0,60.0,118.20800000000004,0.01695359982550144,bmm
,12,12x5x5x377,5.0,1005.0,60.0,118.20800000000004,0.006144000217318535,bmm
,21,21x5x1x491,5.0,1005.0,60.0,118.20800000000004,0.005119999870657921,bmm
,9,9x17x8x311,5.0,1005.0,60.0,118.20800000000004,0.011264000087976456,bmm
,9,9x17x11x965,5.0,1005.0,60.0,118.20800000000004,0.013478399813175201,bmm
,16,16x7x23x929,5.0,1005.0,60.0,118.20800000000004,0.00891520008444786,bmm
,15,15x13x30x871,5.0,1005.0,60.0,118.20800000000004,0.012217600271105767,bmm
,12,12x17x35x7,5.0,1005.0,62.0,119.98399999999997,0.018348800018429756,bmm
,22,22x21x40x20,5.0,1005.0,62.0,119.98399999999997,0.01740800030529499,bmm
,14,14x28x53x30,5.0,1005.0,62.0,119.98399999999997,0.02138879969716072,bmm
,2,2x3x48x63,5.0,1005.0,62.0,119.98399999999997,0.0064640000462532045,bmm
,16,16x8x62x41,5.0,1005.0,62.0,119.98399999999997,0.0071680000983178616,bmm
,5,5x19x48x50,5.0,1005.0,62.0,119.98399999999997,0.019404799863696098,bmm
,14,14x27x57x67,5.0,1005.0,62.0,119.98399999999997,0.022688000276684762,bmm
,26,26x11x62x81,5.0,1005.0,62.0,119.98399999999997,0.008095999993383885,bmm
,25,25x18x59x97,5.0,1005.0,62.0,119.98399999999997,0.0233024001121521,bmm
,8,8x14x62x194,5.0,1005.0,62.0,119.98399999999997,0.0071680000983178616,bmm
,3,3x23x60x223,5.0,1005.0,64.0,121.49200000000005,0.023231999948620796,bmm
,28,28x18x53x191,5.0,1005.0,64.0,121.49200000000005,0.021503999829292297,bmm
,18,18x18x33x354,5.0,1005.0,64.0,121.49200000000005,0.018432000651955605,bmm
,31,31x23x60x426,5.0,1005.0,64.0,121.49200000000005,0.03788800165057182,bmm
,7,7x13x51x373,5.0,1005.0,64.0,121.49200000000005,0.008191999979317188,bmm
,29,29x22x44x565,5.0,1005.0,64.0,121.49200000000005,0.031731199473142624,bmm
,25,25x29x61x817,5.0,1005.0,64.0,121.49200000000005,0.05427199974656105,bmm
,31,31x19x35x750,5.0,1005.0,64.0,121.49200000000005,0.040435200184583665,bmm
,20,20x19x121x8,5.0,1005.0,64.0,121.49200000000005,0.03481600061058998,bmm
,18,18x3x87x31,5.0,1005.0,64.0,121.49200000000005,0.0071680000983178616,bmm
,19,19x26x69x30,6.0,1005.0,66.0,122.90999999999997,0.02457600086927414,bmm
,18,18x9x101x61,6.0,1005.0,66.0,122.90999999999997,0.008191999979317188,bmm
,33,33x18x118x63,6.0,1005.0,66.0,122.90999999999997,0.03379200026392937,bmm
,32,32x10x122x63,6.0,1005.0,66.0,122.90999999999997,0.009158400073647498,bmm
,32,32x3x81x129,6.0,1005.0,66.0,122.90999999999997,0.008191999979317188,bmm
,25,25x21x127x69,6.0,1005.0,66.0,122.90999999999997,0.03582080081105232,bmm
,23,23x24x120x83,6.0,1005.0,66.0,122.90999999999997,0.033772800117731094,bmm
,30,30x19x85x147,6.0,1005.0,66.0,122.90999999999997,0.027648000046610832,bmm
,2,2x26x100x131,6.0,1005.0,66.0,122.90999999999997,0.030719999223947525,bmm
,6,6x19x106x235,6.0,1005.0,66.0,122.90999999999997,0.03230719938874245,bmm
,26,26x24x76x459,6.0,1005.0,67.0,124.03400000000006,0.04403200000524521,bmm
,20,20x27x79x328,6.0,1005.0,67.0,124.03400000000006,0.0265344001352787,bmm
,27,27x18x69x446,6.0,1005.0,67.0,124.03400000000006,0.04094719886779785,bmm
,2,2x4x107x762,6.0,1005.0,67.0,124.03400000000006,0.008191999979317188,bmm
,9,9x1x110x756,6.0,1005.0,67.0,124.03400000000006,0.010214399732649326,bmm
,3,3x20x123x544,6.0,1005.0,67.0,124.03400000000006,0.03582720085978508,bmm
,19,19x30x239x7,6.0,1005.0,67.0,124.03400000000006,0.057254400104284286,bmm
,10,10x31x146x6,6.0,1005.0,67.0,124.03400000000006,0.03993599861860275,bmm
,7,7x33x183x10,6.0,1005.0,67.0,124.03400000000006,0.04608000069856644,bmm
,23,23x1x175x42,6.0,1005.0,67.0,124.03400000000006,0.0071680000983178616,bmm
,10,10x11x141x38,6.0,1005.0,67.0,124.03400000000006,0.008191999979317188,bmm
,3,3x15x230x36,6.0,1005.0,68.0,124.88299999999995,0.009216000325977802,bmm
,33,33x23x147x115,6.0,1005.0,68.0,124.88299999999995,0.03993599861860275,bmm
,24,24x6x240x78,6.0,1005.0,68.0,124.88299999999995,0.010956799983978272,bmm
,10,10x16x155x83,6.0,1005.0,68.0,124.88299999999995,0.009216000325977802,bmm
,20,20x18x143x219,6.0,1005.0,68.0,124.88299999999995,0.038848000764846805,bmm
,21,21x31x257x167,6.0,1005.0,68.0,124.88299999999995,0.062412799894809724,bmm
,27,27x22x142x214,6.0,1005.0,68.0,124.88299999999995,0.03891199827194214,bmm
,25,25x22x161x304,6.0,1005.0,68.0,124.88299999999995,0.043347199261188504,bmm
,7,7x33x138x429,6.0,1005.0,68.0,124.88299999999995,0.03891199827194214,bmm
,20,20x31x178x445,6.0,1005.0,68.16,125.11580000000002,0.04710400104522705,bmm
,6,6x11x198x973,6.0,1005.0,69.0,125.85300000000002,0.015097599849104882,bmm
,15,15x2x210x614,6.0,1005.0,69.0,125.85300000000002,0.016383999958634377,bmm
,8,8x19x189x821,6.0,1005.0,69.0,125.85300000000002,0.048128001391887665,bmm
,16,16x27x352x6,6.0,1005.0,69.0,125.85300000000002,0.0785152018070221,bmm
,9,9x3x437x22,6.0,1005.0,69.0,125.85300000000002,0.01228800043463707,bmm
,26,26x31x386x3,6.0,1005.0,69.0,125.85300000000002,0.08649599850177765,bmm
,24,24x18x299x60,6.0,1005.0,69.0,125.85300000000002,0.06963200122117996,bmm
,3,3x23x479x50,6.0,1005.0,69.0,125.85300000000002,0.10342399775981903,bmm
,3,3x10x487x56,6.0,1005.0,69.0,125.85300000000002,0.013311999849975109,bmm
,17,17x29x366x101,8.0,1005.0,70.0,126.32799999999999,0.08191999793052673,bmm
,24,24x33x371x80,8.0,1005.0,70.0,126.32799999999999,0.08396799862384796,bmm
,5,5x9x419x74,8.0,1005.0,70.0,126.32799999999999,0.012448000349104404,bmm
,23,23x19x297x193,8.0,1005.0,70.0,126.32799999999999,0.0705472007393837,bmm
,27,27x2x511x203,8.0,1005.0,70.0,126.32799999999999,0.022515200078487396,bmm
,21,21x21x433x231,8.0,1005.0,70.0,126.32799999999999,0.09662720263004303,bmm
,16,16x11x424x417,8.0,1005.0,70.0,126.32799999999999,0.025599999353289604,bmm
,19,19x32x497x403,8.0,1005.0,70.0,126.32799999999999,0.10915839970111847,bmm
,33,33x29x400x317,8.0,1005.0,70.0,126.32799999999999,0.16793599724769592,bmm
,31,31x30x333x656,8.0,1005.0,70.0,126.32799999999999,0.21094399690628052,bmm
,31,31x17x373x565,12.0,1005.0,71.0,127.40299999999993,0.1597055971622467,bmm
,33,33x31x288x654,12.0,1005.0,71.0,127.40299999999993,0.18243200182914734,bmm
,20,20x19x725x32,12.0,1005.0,71.0,127.40299999999993,0.1515520066022873,bmm
,17,17x31x732x13,12.0,1005.0,71.0,127.40299999999993,0.15354880392551423,bmm
,1,1x11x929x31,12.0,1005.0,71.0,127.40299999999993,0.021478400006890296,bmm
,19,19x3x522x52,12.0,1005.0,71.0,127.40299999999993,0.01430400013923645,bmm
,22,22x19x710x44,12.0,1005.0,71.0,127.40299999999993,0.1486527979373932,bmm
,18,18x22x822x33,12.0,1005.0,71.0,127.40299999999993,0.17015039920806885,bmm
,9,9x31x669x123,12.0,1005.0,71.0,127.40299999999993,0.14130560159683228,bmm
,29,29x8x723x127,14.0,1005.0,71.0,129.08899999999997,0.026623999699950218,bmm
,5,5x3x946x109,14.0,1005.0,71.0,129.08899999999997,0.02035839967429638,bmm
,9,9x23x634x174,14.0,1005.0,71.0,129.08899999999997,0.13516800105571747,bmm
,8,8x3x942x133,14.0,1005.0,71.0,129.08899999999997,0.020473599433898926,bmm
,19,19x15x839x211,14.0,1005.0,71.0,129.08899999999997,0.04748800098896026,bmm
,27,27x10x820x449,14.0,1005.0,71.0,129.08899999999997,0.1378303974866867,bmm
,6,6x29x892x304,14.0,1005.0,71.0,129.08899999999997,0.21094399690628052,bmm
,31,31x16x722x460,14.0,1005.0,71.0,129.08899999999997,0.1558527946472168,bmm
,24,24x21x936x559,37.0,885.0,69.0,121.98399999999997,0.4280320107936859,bmm
,32,32x30x685x873,37.0,885.0,69.0,121.98399999999997,0.4745088040828705,bmm
,33,33x30x895x574,37.0,885.0,69.0,121.98399999999997,0.609279990196228,bmm
,13,13x49x23x18,37.0,885.0,69.0,121.98399999999997,0.018220800533890726,bmm
,1,1x43x6x32,37.0,885.0,69.0,121.98399999999997,0.00942080020904541,bmm
,10,10x58x5x20,37.0,885.0,69.0,121.98399999999997,0.014336000196635723,bmm
,21,21x34x18x61,37.0,885.0,69.0,121.98399999999997,0.018432000651955605,bmm
,25,25x53x24x39,37.0,885.0,69.0,121.98399999999997,0.01740800030529499,bmm
,6,6x55x6x53,10.0,885.0,70.0,111.07900000000001,0.014336000196635723,bmm
,5,5x43x28x100,10.0,885.0,70.0,111.07900000000001,0.020479999482631683,bmm
,25,25x54x29x107,10.0,885.0,70.0,111.07900000000001,0.020479999482631683,bmm
,26,26x56x8x90,10.0,885.0,70.0,111.07900000000001,0.013721599988639355,bmm
,5,5x61x31x231,10.0,885.0,70.0,111.07900000000001,0.020479999482631683,bmm
,17,17x47x33x185,10.0,885.0,70.0,111.07900000000001,0.021503999829292297,bmm
,20,20x54x30x181,10.0,885.0,70.0,111.07900000000001,0.020479999482631683,bmm
,12,12x43x22x475,10.0,885.0,70.0,111.07900000000001,0.018432000651955605,bmm
,5,5x39x12x444,10.0,885.0,70.0,111.07900000000001,0.016383999958634377,bmm
,9,9x53x8x379,10.0,885.0,70.0,111.07900000000001,0.014336000196635723,bmm
,19,19x41x12x835,8.0,885.0,68.0,101.79500000000003,0.023123200237751006,bmm
,6,6x34x15x812,8.0,885.0,68.0,101.79500000000003,0.016383999958634377,bmm
,16,16x52x3x973,8.0,885.0,68.0,101.79500000000003,0.01945599913597107,bmm
,11,11x53x51x19,8.0,885.0,68.0,101.79500000000003,0.025171200186014174,bmm
,18,18x59x57x29,8.0,885.0,68.0,101.79500000000003,0.026623999699950218,bmm
,28,28x46x64x18,8.0,885.0,68.0,101.79500000000003,0.025996799394488335,bmm
,28,28x45x41x52,8.0,885.0,68.0,101.79500000000003,0.023552000522613525,bmm
,14,14x63x37x41,8.0,885.0,68.0,101.79500000000003,0.021503999829292297,bmm
,24,24x52x41x57,8.0,885.0,68.0,101.79500000000003,0.023552000522613525,bmm
,25,25x55x60x105,8.0,885.0,67.0,96.77600000000001,0.027635199949145317,bmm
,25,25x40x48x128,8.0,885.0,67.0,96.77600000000001,0.022918400168418885,bmm
,3,3x36x58x129,8.0,885.0,67.0,96.77600000000001,0.026623999699950218,bmm
,20,20x60x48x143,8.0,885.0,67.0,96.77600000000001,0.04095999896526337,bmm
,11,11x56x41x197,8.0,885.0,67.0,96.77600000000001,0.04198399931192398,bmm
,11,11x49x39x158,8.0,885.0,67.0,96.77600000000001,0.03850239962339401,bmm
,16,16x59x53x395,8.0,885.0,67.0,96.77600000000001,0.04608000069856644,bmm
,24,24x45x51x412,8.0,885.0,67.0,96.77600000000001,0.0798719972372055,bmm
,20,20x39x46x378,8.0,885.0,67.0,96.77600000000001,0.04505600035190582,bmm
,5,5x36x60x646,8.0,885.0,67.0,96.77600000000001,0.0520191989839077,bmm
,11,11x61x62x834,20.0,420.0,66.0,95.09499999999998,0.052831999212503436,bmm
,6,6x48x55x918,20.0,420.0,66.0,95.09499999999998,0.05222399905323982,bmm
,15,15x41x90x26,20.0,420.0,66.0,95.09499999999998,0.0710528016090393,bmm
,28,28x58x128x2,20.0,420.0,66.0,95.09499999999998,0.0870399996638298,bmm
,4,4x38x100x25,20.0,420.0,66.0,95.09499999999998,0.07475200295448303,bmm
,21,21x47x68x50,20.0,420.0,66.0,95.09499999999998,0.06143999844789505,bmm
,21,21x55x68x55,20.0,420.0,66.0,95.09499999999998,0.062463998794555664,bmm
,9,9x54x87x53,20.0,420.0,66.0,95.09499999999998,0.07125120162963867,bmm
,32,32x53x87x110,20.0,420.0,66.0,95.09499999999998,0.07147520184516906,bmm
,22,22x37x95x109,14.0,345.0,65.0,93.80999999999996,0.08089599758386612,bmm
,29,29x59x86x117,14.0,345.0,65.0,93.80999999999996,0.07680000364780426,bmm
,5,5x54x86x225,14.0,345.0,65.0,93.80999999999996,0.07680000364780426,bmm
,17,17x51x103x189,14.0,345.0,65.0,93.80999999999996,0.09011200070381165,bmm
,11,11x51x75x250,14.0,345.0,65.0,93.80999999999996,0.07516160309314728,bmm
,29,29x62x98x372,14.0,345.0,65.0,93.80999999999996,0.15808639526367188,bmm
,26,26x35x129x332,14.0,345.0,65.0,93.80999999999996,0.10874879956245423,bmm
,6,6x57x115x423,14.0,345.0,65.0,93.80999999999996,0.10526719838380813,bmm
,32,32x63x69x689,14.0,345.0,65.0,93.80999999999996,0.2414592057466507,bmm
,18,18x64x77x746,18.0,315.0,63.0,90.28900000000002,0.14704640209674835,bmm
,20,20x65x116x651,18.0,315.0,63.0,90.28900000000002,0.20439039766788483,bmm
,8,8x34x190x24,18.0,315.0,63.0,90.28900000000002,0.14745600521564484,bmm
,15,15x46x197x27,18.0,315.0,63.0,90.28900000000002,0.1529856026172638,bmm
,14,14x62x206x26,18.0,315.0,63.0,90.28900000000002,0.1669120043516159,bmm
,16,16x36x232x53,18.0,315.0,63.0,90.28900000000002,0.1802240014076233,bmm
,12,12x51x153x63,18.0,315.0,63.0,90.28900000000002,0.13619199395179749,bmm
,31,31x36x147x63,18.0,315.0,63.0,90.28900000000002,0.12984320521354675,bmm
,6,6x64x214x87,18.0,315.0,63.0,90.28900000000002,0.1740799993276596,bmm
,25,25x33x138x90,18.0,300.0,60.0,75.26199999999996,0.130048006772995,bmm
,5,5x35x205x102,18.0,300.0,60.0,75.26199999999996,0.17469440400600433,bmm
,33,33x43x160x222,18.0,300.0,60.0,75.26199999999996,0.15626239776611328,bmm
,14,14x33x206x236,18.0,300.0,60.0,75.26199999999996,0.18493439853191376,bmm
,27,27x51x170x139,18.0,300.0,60.0,75.26199999999996,0.16363519728183745,bmm
,15,15x62x204x392,18.0,300.0,60.0,75.26199999999996,0.19312640130519867,bmm
,23,23x61x197x304,18.0,300.0,60.0,75.26199999999996,0.20049919784069062,bmm
,7,7x59x252x481,18.0,300.0,60.0,75.26199999999996,0.2228223979473114,bmm
,22,22x39x239x767,20.0,270.0,59.0,58.677999999999976,0.41574400663375854,bmm
,4,4x65x186x900,20.0,270.0,59.0,58.677999999999976,0.18534399569034576,bmm
,3,3x33x152x824,20.0,270.0,59.0,58.677999999999976,0.14950400590896606,bmm
,22,22x55x406x24,20.0,270.0,59.0,58.677999999999976,0.35123199224472046,bmm
,7,7x59x280x8,20.0,270.0,59.0,58.677999999999976,0.25026559829711914,bmm
,25,25x59x384x18,20.0,270.0,59.0,58.677999999999976,0.3317759931087494,bmm
,12,12x65x422x40,20.0,270.0,59.0,58.677999999999976,0.36700159311294556,bmm
,17,17x42x288x51,20.0,270.0,59.0,58.677999999999976,0.2553856074810028,bmm
,1,1x49x360x61,28.0,255.0,57.0,57.12200000000001,0.062463998794555664,bmm
,9,9x43x387x65,28.0,255.0,57.0,57.12200000000001,0.3379200041294098,bmm
,11,11x59x463x76,28.0,255.0,57.0,57.12200000000001,0.3991551995277405,bmm
,21,21x57x315x114,28.0,255.0,57.0,57.12200000000001,0.30617600679397583,bmm
,1,1x37x364x183,28.0,255.0,57.0,57.12200000000001,0.048128001391887665,bmm
,15,15x49x465x228,28.0,255.0,57.0,57.12200000000001,0.49459199905395507,bmm
,6,6x51x481x226,28.0,255.0,57.0,57.12200000000001,0.44584959745407104,bmm
,26,26x38x413x364,39.0,240.0,55.0,55.12599999999998,0.719871997833252,bmm
,17,17x39x358x506,39.0,240.0,55.0,55.12599999999998,0.5724160075187683,bmm
,28,28x43x259x417,39.0,240.0,55.0,55.12599999999998,0.6270975947380066,bmm
,18,18x41x357x782,39.0,240.0,55.0,55.12599999999998,0.8804351925849915,bmm
,33,33x65x303x919,46.2,315.6,55.0,54.71775999999998,0.822272002696991,bmm
,15,15x37x392x891,59.0,450.0,55.0,53.99199999999998,0.42065919637680055,bmm
,24,24x37x770x25,59.0,450.0,55.0,53.99199999999998,0.3624959886074066,bmm
,10,10x44x674x24,59.0,450.0,55.0,53.99199999999998,0.3106815993785858,bmm
,9,9x65x553x10,59.0,450.0,55.0,53.99199999999998,0.262963205575943,bmm
,12,12x65x783x43,59.0,450.0,55.0,53.99199999999998,0.3618816018104553,bmm
,33,33x40x608x63,59.0,450.0,55.0,53.99199999999998,0.3016704022884369,bmm
,15,15x38x803x59,59.0,450.0,55.0,53.99199999999998,0.3665919899940491,bmm
,28,28x56x795x115,26.0,465.0,54.0,56.40599999999997,0.41697281002998354,bmm
,14,14x65x923x108,26.0,465.0,54.0,56.40599999999997,0.4646911919116974,bmm
,26,26x51x571x87,26.0,465.0,54.0,56.40599999999997,0.3012607991695404,bmm
,26,26x55x917x232,26.0,465.0,54.0,56.40599999999997,0.5375999927520752,bmm
,33,33x39x587x257,26.0,465.0,54.0,56.40599999999997,0.5404672026634216,bmm
,5,5x57x738x187,26.0,465.0,54.0,56.40599999999997,0.3446784019470215,bmm
,18,18x44x707x512,26.0,465.0,54.0,56.40599999999997,0.5109760165214539,bmm
,31,31x56x835x509,25.0,465.0,53.0,57.175999999999995,1.005568027496338,bmm
,30,30x53x521x263,25.0,465.0,53.0,57.175999999999995,0.48885759711265564,bmm
,14,14x59x894x886,25.0,465.0,53.0,57.175999999999995,0.8488959908485413,bmm
,12,12x59x1024x650,25.0,465.0,53.0,57.175999999999995,0.6150143861770629,bmm
,24,24x56x776x865,25.0,465.0,53.0,57.175999999999995,1.4436352252960205,bmm
,10,10x86x22x27,25.0,465.0,53.0,57.175999999999995,0.03256319984793663,bmm
,11,11x88x2x9,67.0,480.0,54.0,59.305,0.025599999353289604,bmm
,10,10x75x25x20,67.0,480.0,54.0,59.305,0.035840000957250595,bmm
,12,12x123x28x52,67.0,480.0,54.0,59.305,0.03665920123457909,bmm
,31,31x66x32x63,67.0,480.0,54.0,59.305,0.03481600061058998,bmm
,17,17x75x28x48,67.0,480.0,54.0,59.305,0.035840000957250595,bmm
,2,2x84x4x67,67.0,480.0,54.0,59.305,0.025599999353289604,bmm
,32,32x112x30x69,67.0,480.0,54.0,59.305,0.03686400130391121,bmm
,29,29x96x3x90,67.0,480.0,54.0,59.305,0.025599999353289604,bmm
,14,14x79x16x240,67.0,480.0,54.0,59.305,0.028672000393271446,bmm
,6,6x108x4x144,67.0,480.0,54.0,59.305,0.025599999353289604,bmm
,32,32x121x19x254,13.0,480.0,53.0,57.308,0.035840000957250595,bmm
,12,12x67x24x379,13.0,480.0,53.0,57.308,0.03174399957060814,bmm
,3,3x90x7x505,13.0,480.0,53.0,57.308,0.026214399561285972,bmm
,24,24x118x24x286,13.0,480.0,53.0,57.308,0.03420160040259361,bmm
,23,23x123x28x619,13.0,480.0,53.0,57.308,0.1368063986301422,bmm
,17,17x111x29x971,13.0,480.0,53.0,57.308,0.14725120067596437,bmm
,7,7x69x30x877,13.0,480.0,53.0,57.308,0.03665920123457909,bmm
,7,7x103x35x25,13.0,480.0,53.0,57.308,0.03891199827194214,bmm
,33,33x93x42x4,9.0,480.0,52.0,52.70399999999997,0.0421887993812561,bmm
,6,6x116x65x28,9.0,480.0,52.0,52.70399999999997,0.05222399905323982,bmm
,28,28x111x55x45,9.0,480.0,52.0,52.70399999999997,0.04608000069856644,bmm
,4,4x96x42x51,9.0,480.0,52.0,52.70399999999997,0.04280319958925247,bmm
,3,3x97x43x36,9.0,480.0,52.0,52.70399999999997,0.0421887993812561,bmm
,33,33x77x53x127,9.0,480.0,52.0,52.70399999999997,0.04608000069856644,bmm
,23,23x103x48x129,9.0,480.0,52.0,52.70399999999997,0.04198399931192398,bmm
,10,10x119x52x107,9.0,480.0,52.0,52.70399999999997,0.04648960083723068,bmm
,10,10x68x53x234,9.0,480.0,52.0,52.70399999999997,0.04608000069856644,bmm
,6,6x126x41x257,9.0,480.0,52.0,52.70399999999997,0.07168000191450119,bmm
,13,13x91x37x174,13.0,270.0,51.0,52.70700000000002,0.06512639969587326,bmm
,16,16x115x35x455,13.0,270.0,51.0,52.70700000000002,0.06860800087451935,bmm
,33,33x79x44x326,13.0,270.0,51.0,52.70700000000002,0.11653120219707488,bmm
,29,29x111x38x453,13.0,270.0,51.0,52.70700000000002,0.25702400505542755,bmm
,19,19x88x40x647,13.0,270.0,51.0,52.70700000000002,0.10608639866113663,bmm
,1,1x96x50x725,13.0,270.0,51.0,52.70700000000002,0.03215359970927238,bmm
,19,19x87x62x881,13.0,270.0,51.0,52.70700000000002,0.34017279744148254,bmm
,14,14x91x72x7,13.0,270.0,51.0,52.70700000000002,0.09052160084247589,bmm
,8,8x68x124x8,42.0,255.0,51.0,50.606,0.13516800105571747,bmm
,1,1x79x107x22,42.0,255.0,51.0,50.606,0.03952639847993851,bmm
,4,4x103x105x34,42.0,255.0,51.0,50.606,0.1247231975197792,bmm
,18,18x117x76x64,42.0,255.0,51.0,50.606,0.10014719665050506,bmm
,33,33x84x89x54,42.0,255.0,51.0,50.606,0.11161600053310394,bmm
,30,30x70x78x104,42.0,255.0,51.0,50.606,0.10547199845314026,bmm
,1,1x78x91x109,42.0,255.0,51.0,50.606,0.03788800165057182,bmm
,25,25x71x76x119,42.0,255.0,51.0,50.606,0.10526719838380813,bmm
,31,31x94x93x165,42.0,255.0,51.0,50.606,0.11980800330638885,bmm
,19,19x109x81x155,20.0,240.0,50.0,48.07000000000001,0.11345920115709304,bmm
,28,28x120x108x189,20.0,240.0,50.0,48.07000000000001,0.14090240001678467,bmm
,4,4x76x92x328,20.0,240.0,50.0,48.07000000000001,0.11878400295972824,bmm
,33,33x116x81x407,20.0,240.0,50.0,48.07000000000001,0.4208639979362488,bmm
,14,14x87x125x328,20.0,240.0,50.0,48.07000000000001,0.15564799308776855,bmm
,9,9x118x123x948,20.0,240.0,50.0,48.07000000000001,0.27463680505752563,bmm
,3,3x69x126x890,20.0,240.0,50.0,48.07000000000001,0.15462400019168854,bmm
,30,30x125x107x944,37.0,225.0,50.0,48.585000000000015,1.0887167930603028,bmm
,9,9x129x148x18,37.0,225.0,50.0,48.585000000000015,0.14827519953250884,bmm
,3,3x108x150x10,37.0,225.0,50.0,48.585000000000015,0.14745600521564484,bmm
,31,31x103x250x15,37.0,225.0,50.0,48.585000000000015,0.2252800017595291,bmm
,22,22x99x197x39,37.0,225.0,50.0,48.585000000000015,0.18432000279426575,bmm
,23,23x93x201x49,37.0,225.0,50.0,48.585000000000015,0.19046400487422943,bmm
,30,30x74x245x50,37.0,225.0,50.0,48.585000000000015,0.21913599967956543,bmm
,32,32x90x229x87,35.0,270.0,50.0,49.102,0.21319680213928222,bmm
,10,10x65x138x114,35.0,270.0,50.0,49.102,0.14151680171489717,bmm
,22,22x103x231x72,35.0,270.0,50.0,49.102,0.2088959962129593,bmm
,6,6x121x177x164,35.0,270.0,50.0,49.102,0.1736704021692276,bmm
,26,26x80x183x246,35.0,270.0,50.0,49.102,0.3397632002830505,bmm
,30,30x86x145x156,35.0,270.0,50.0,49.102,0.15564799308776855,bmm
,5,5x80x199x329,35.0,270.0,50.0,49.102,0.18432000279426575,bmm
,12,12x76x201x470,35.0,270.0,50.0,49.102,0.2519040048122406,bmm
,1,1x95x178x317,26.0,270.0,50.0,48.83799999999999,0.045465600490570066,bmm
,24,24x101x182x958,26.0,270.0,50.0,48.83799999999999,1.0977279901504517,bmm
,13,13x106x187x625,26.0,270.0,50.0,48.83799999999999,0.422707200050354,bmm
,12,12x114x224x652,26.0,270.0,50.0,48.83799999999999,0.4605952024459839,bmm
,22,22x93x408x11,26.0,270.0,50.0,48.83799999999999,0.22630399465560913,bmm
,10,10x65x470x3,26.0,270.0,50.0,48.83799999999999,0.25804799795150757,bmm
,19,19x95x303x2,22.0,405.0,50.0,49.599000000000004,0.17612800002098083,bmm
,3,3x102x475x50,22.0,405.0,50.0,49.599000000000004,0.26521599292755127,bmm
,14,14x82x428x48,22.0,405.0,50.0,49.599000000000004,0.2422784000635147,bmm
,33,33x80x497x51,22.0,405.0,50.0,49.599000000000004,0.4417535960674286,bmm
,32,32x84x361x67,22.0,405.0,50.0,49.599000000000004,0.37867519855499265,bmm
,21,21x127x484x123,22.0,405.0,50.0,49.599000000000004,0.510156798362732,bmm
,19,19x88x346x84,22.0,405.0,50.0,49.599000000000004,0.2013183981180191,bmm
,29,29x85x411x160,24.56,405.0,50.0,49.89148,0.5363712072372436,bmm
,8,8x126x277x164,30.0,405.0,50.0,50.51299999999999,0.1669120043516159,bmm
,29,29x76x458x178,30.0,405.0,50.0,50.51299999999999,0.604364812374115,bmm
,6,6x92x484x469,30.0,405.0,50.0,50.51299999999999,0.42373120188713076,bmm
,27,27x99x469x346,30.0,405.0,50.0,50.51299999999999,0.9494527816772461,bmm
,17,17x103x498x320,30.0,405.0,50.0,50.51299999999999,0.6545407772064209,bmm
,24,24x67x389x679,30.0,405.0,50.0,50.51299999999999,0.5253120064735413,bmm
,33,33x89x350x609,47.0,450.0,50.0,51.26399999999998,0.7888895988464355,bmm
,11,11x78x368x671,47.0,450.0,50.0,51.26399999999998,0.2740224003791809,bmm
,22,22x87x824x2,47.0,450.0,50.0,51.26399999999998,0.4069375991821289,bmm
,3,3x90x623x3,47.0,450.0,50.0,51.26399999999998,0.3012607991695404,bmm
,6,6x83x797x23,47.0,450.0,50.0,51.26399999999998,0.3796992003917694,bmm
,31,31x111x702x61,47.0,450.0,50.0,51.26399999999998,0.38809600472450256,bmm
,19,19x70x597x53,47.0,450.0,50.0,51.26399999999998,0.29163519144058225,bmm
,1,1x127x620x58,28.0,450.0,51.0,54.346,0.03276799991726875,bmm
,28,28x128x798x99,28.0,450.0,51.0,54.346,0.4632575988769531,bmm
,7,7x71x582x128,28.0,450.0,51.0,54.346,0.28467199206352234,bmm
,2,2x69x953x80,28.0,450.0,51.0,54.346,0.45158401131629944,bmm
,32,32x79x1015x249,28.0,450.0,51.0,54.346,0.7534592151641846,bmm
,2,2x108x902x153,28.0,450.0,51.0,54.346,0.4306944012641907,bmm
,2,2x106x551x246,28.0,450.0,51.0,54.346,0.27238398790359497,bmm
,33,33x108x683x410,25.12,450.0,51.0,54.657399999999996,0.8419327855110168,bmm
,5,5x125x950x364,20.0,450.0,51.0,55.211000000000006,0.5005312144756318,bmm
,30,30x99x957x287,20.0,450.0,51.0,55.211000000000006,0.8079360008239747,bmm
,17,17x95x928x757,20.0,450.0,51.0,55.211000000000006,0.92467200756073,bmm
,17,17x100x693x556,20.0,450.0,51.0,55.211000000000006,0.5867520093917846,bmm
,17,17x128x605x756,20.0,450.0,51.0,55.211000000000006,0.6807551980018616,bmm
,32,32x224x8x21,20.0,450.0,51.0,55.211000000000006,0.019865599274635316,bmm
,24,24x160x16x29,30.0,660.0,51.0,57.993999999999986,0.02252800017595291,bmm
,32,32x249x27x22,30.0,660.0,51.0,57.993999999999986,0.028672000393271446,bmm
,26,26x180x20x53,30.0,660.0,51.0,57.993999999999986,0.025599999353289604,bmm
,27,27x223x12x58,30.0,660.0,51.0,57.993999999999986,0.023552000522613525,bmm
,24,24x172x8x33,30.0,660.0,51.0,57.993999999999986,0.020479999482631683,bmm
,13,13x236x12x117,30.0,660.0,51.0,57.993999999999986,0.023552000522613525,bmm
,25,25x237x17x74,30.0,660.0,51.0,57.993999999999986,0.026623999699950218,bmm
,3,3x174x17x86,30.0,660.0,51.0,57.993999999999986,0.025599999353289604,bmm
,24,24x239x19x196,30.0,660.0,51.0,57.993999999999986,0.03850239962339401,bmm
,17,17x170x30x240,30.0,660.0,51.0,57.993999999999986,0.02969600073993206,bmm
,11,11x198x14x130,11.0,660.0,51.0,56.862000000000016,0.02457600086927414,bmm
,6,6x246x31x489,11.0,660.0,51.0,56.862000000000016,0.030719999223947525,bmm
,17,17x174x16x461,11.0,660.0,51.0,56.862000000000016,0.08806400001049042,bmm
,24,24x180x32x485,11.0,660.0,51.0,56.862000000000016,0.16629759967327118,bmm
,10,10x255x6x810,11.0,660.0,51.0,56.862000000000016,0.13537279665470123,bmm
,33,33x237x27x609,11.0,660.0,51.0,56.862000000000016,0.3715071976184845,bmm
,21,21x245x29x784,11.0,660.0,51.0,56.862000000000016,0.31129599213600156,bmm
,26,26x253x52x24,11.0,660.0,51.0,56.862000000000016,0.035635200887918474,bmm
,13,13x151x52x30,11.0,660.0,51.0,56.862000000000016,0.03481600061058998,bmm
,4,4x214x33x7,22.0,660.0,51.0,53.88599999999999,0.030719999223947525,bmm
,18,18x235x63x40,22.0,660.0,51.0,53.88599999999999,0.03788800165057182,bmm
,9,9x204x57x59,22.0,660.0,51.0,53.88599999999999,0.03788800165057182,bmm
,16,16x182x36x34,22.0,660.0,51.0,53.88599999999999,0.030719999223947525,bmm
,22,22x219x35x99,22.0,660.0,51.0,53.88599999999999,0.03153919950127602,bmm
,29,29x256x39x84,22.0,660.0,51.0,53.88599999999999,0.03153919950127602,bmm
,24,24x235x56x96,22.0,660.0,51.0,53.88599999999999,0.03481600061058998,bmm
,21,21x231x43x240,22.0,660.0,51.0,53.88599999999999,0.05119999870657921,bmm
,14,14x242x55x232,22.0,660.0,51.0,53.88599999999999,0.03870719969272614,bmm
,17,17x190x52x237,12.0,660.0,50.0,52.91100000000003,0.03788800165057182,bmm
,23,23x205x51x328,12.0,660.0,50.0,52.91100000000003,0.13352959752082824,bmm
,31,31x183x61x296,12.0,660.0,50.0,52.91100000000003,0.18145279586315155,bmm
,14,14x245x63x273,12.0,660.0,50.0,52.91100000000003,0.10260479748249055,bmm
,32,32x136x42x658,12.0,660.0,50.0,52.91100000000003,0.6074367880821228,bmm
,22,22x225x63x648,12.0,660.0,50.0,52.91100000000003,0.3127295970916748,bmm
,11,11x135x52x639,12.0,660.0,50.0,52.91100000000003,0.06676480025053025,bmm
,26,26x140x127x2,26.0,555.0,51.0,53.11800000000001,0.06758400052785873,bmm
,6,6x168x104x27,26.0,555.0,51.0,53.11800000000001,0.05734400078654289,bmm
,4,4x180x95x16,26.0,555.0,51.0,53.11800000000001,0.055296000093221664,bmm
,16,16x161x103x59,26.0,555.0,51.0,53.11800000000001,0.05939200147986412,bmm
,4,4x252x99x49,26.0,555.0,51.0,53.11800000000001,0.059187201410532,bmm
,33,33x210x108x49,26.0,555.0,51.0,53.11800000000001,0.062463998794555664,bmm
,32,32x229x75x74,26.0,555.0,51.0,53.11800000000001,0.050175998359918594,bmm
,2,2x200x110x89,26.0,555.0,51.0,53.11800000000001,0.06184959858655929,bmm
,32,32x172x89x87,26.0,555.0,51.0,53.11800000000001,0.05632000043988228,bmm
,27,27x199x80x248,15.0,555.0,50.0,52.85799999999997,0.13557759523391724,bmm
,28,28x148x96x179,15.0,555.0,50.0,52.85799999999997,0.0968704029917717,bmm
,4,4x214x95x147,15.0,555.0,50.0,52.85799999999997,0.05672960057854652,bmm
,5,5x155x72x283,15.0,555.0,50.0,52.85799999999997,0.04689920097589493,bmm
,13,13x156x78x263,15.0,555.0,50.0,52.85799999999997,0.053247999399900436,bmm
,33,33x220x104x331,15.0,555.0,50.0,52.85799999999997,0.3254271984100342,bmm
,13,13x146x108x706,15.0,555.0,50.0,52.85799999999997,0.159539195895195,bmm
,30,30x183x95x1005,15.0,555.0,50.0,52.85799999999997,0.6187008023262024,bmm
,24,24x140x68x716,15.0,555.0,50.0,52.85799999999997,0.2828288018703461,bmm
,25,25x157x215x14,39.0,555.0,51.0,52.933999999999976,0.09932799637317657,bmm
,28,28x191x140x13,39.0,555.0,51.0,52.933999999999976,0.07331840246915818,bmm
,24,24x256x247x12,39.0,555.0,51.0,52.933999999999976,0.13905920088291168,bmm
,28,28x225x169x56,39.0,555.0,51.0,52.933999999999976,0.10936319977045059,bmm
,24,24x256x210x50,39.0,555.0,51.0,52.933999999999976,0.1486847996711731,bmm
,8,8x147x221x35,39.0,555.0,51.0,52.933999999999976,0.10239999741315842,bmm
,1,1x249x167x115,39.0,555.0,51.0,52.933999999999976,0.025599999353289604,bmm
,2,2x224x164x81,39.0,555.0,51.0,52.933999999999976,0.08212479799985886,bmm
,26,26x226x181x115,39.0,555.0,51.0,52.933999999999976,0.1740800052881241,bmm
,13,13x146x227x201,14.0,555.0,50.0,53.424999999999976,0.10731519907712936,bmm
,31,31x146x228x181,14.0,555.0,50.0,53.424999999999976,0.24309759736061096,bmm
,26,26x192x213x254,14.0,555.0,50.0,53.424999999999976,0.547430408000946,bmm
,12,12x153x229x279,14.0,555.0,50.0,53.424999999999976,0.22364159524440766,bmm
,11,11x193x182x279,14.0,555.0,50.0,53.424999999999976,0.14704640209674835,bmm
,32,32x247x146x299,14.0,555.0,50.0,53.424999999999976,0.39567360281944275,bmm
,18,18x168x241x879,40.88,465.0,50.0,54.317800000000005,0.5793792009353638,bmm
,24,24x190x180x606,42.0,465.0,50.0,54.35500000000001,0.48127999901771545,bmm
,13,13x182x230x951,42.0,465.0,50.0,54.35500000000001,0.4554751992225647,bmm
,18,18x223x279x5,42.0,465.0,50.0,54.35500000000001,0.12902399897575378,bmm
,22,22x133x486x25,42.0,465.0,50.0,54.35500000000001,0.2539519965648651,bmm
,13,13x167x449x14,42.0,465.0,50.0,54.35500000000001,0.19640320539474487,bmm
,4,4x192x370x57,42.0,465.0,50.0,54.35500000000001,0.1669120043516159,bmm
,33,33x149x475x62,42.0,465.0,50.0,54.35500000000001,0.2969599962234497,bmm
,25,25x171x498x61,20.0,525.0,51.0,54.93699999999998,0.2830336093902588,bmm
,19,19x225x503x74,20.0,525.0,51.0,54.93699999999998,0.2865152060985565,bmm
,32,32x207x293x117,20.0,525.0,51.0,54.93699999999998,0.2752512037754059,bmm
,31,31x137x442x68,20.0,525.0,51.0,54.93699999999998,0.27750399708747864,bmm
,28,28x193x411x257,20.0,525.0,51.0,54.93699999999998,0.6057983994483948,bmm
,5,5x235x470x202,20.0,525.0,51.0,54.93699999999998,0.20459519624710082,bmm
,12,12x178x389x233,20.0,525.0,51.0,54.93699999999998,0.2320383995771408,bmm
,1,1x144x393x260,20.0,525.0,51.0,54.93699999999998,0.03891199827194214,bmm
,26,26x225x286x439,24.0,525.0,51.0,56.64499999999999,0.6166527986526489,bmm
,21,21x133x441x280,24.0,525.0,51.0,56.64499999999999,0.40181758999824524,bmm
,32,32x151x411x991,24.0,525.0,51.0,56.64499999999999,1.5038464069366455,bmm
,15,15x194x500x639,24.0,525.0,51.0,56.64499999999999,0.5298175930976867,bmm
,8,8x151x431x705,24.0,525.0,51.0,56.64499999999999,0.3051519989967346,bmm
,26,26x131x984x21,24.0,525.0,51.0,56.64499999999999,0.4216831922531128,bmm
,32,32x203x898x4,17.0,690.0,52.0,58.917999999999964,0.43110400438308716,bmm
,26,26x229x586x19,17.0,690.0,52.0,58.917999999999964,0.2992128014564514,bmm
,14,14x179x522x56,17.0,690.0,52.0,58.917999999999964,0.23633919954299926,bmm
,26,26x191x547x40,17.0,690.0,52.0,58.917999999999964,0.28016639351844785,bmm
,8,8x254x743x34,17.0,690.0,52.0,58.917999999999964,0.317440003156662,bmm
,32,32x145x640x91,17.0,690.0,52.0,58.917999999999964,0.4286464035511017,bmm
,33,33x205x885x86,17.0,690.0,52.0,58.917999999999964,0.6096895933151245,bmm
,13,13x165x819x92,28.0,690.0,52.0,59.30871999999999,0.3549183964729309,bmm
,10,10x181x585x197,42.0,690.0,52.0,59.73199999999998,0.2727935969829559,bmm
,22,22x151x884x214,42.0,690.0,52.0,59.73199999999998,0.6039552092552185,bmm
,19,19x198x614x141,42.0,690.0,52.0,59.73199999999998,0.3485696017742157,bmm
,24,24x192x941x491,42.0,690.0,52.0,59.73199999999998,1.3651968240737915,bmm
,5,5x190x608x341,42.0,690.0,52.0,59.73199999999998,0.2527231991291046,bmm
,16,16x139x972x343,42.0,690.0,52.0,59.73199999999998,0.6033408045768738,bmm
,19,19x205x1007x813,16.0,765.0,52.0,59.35100000000002,1.5341567993164062,bmm
,7,7x130x871x703,16.0,765.0,52.0,59.35100000000002,0.4278271973133087,bmm
,15,15x249x917x896,16.0,765.0,52.0,59.35100000000002,1.375436782836914,bmm
,13,13x402x3x9,16.0,765.0,52.0,59.35100000000002,0.014336000196635723,bmm
,25,25x324x8x7,16.0,765.0,52.0,59.35100000000002,0.013311999849975109,bmm
,6,6x476x16x10,16.0,765.0,52.0,59.35100000000002,0.015155199728906155,bmm
,8,8x324x26x35,16.0,765.0,52.0,59.35100000000002,0.019251199439167976,bmm
,4,4x475x4x52,7.0,1005.0,53.0,63.52800000000001,0.014336000196635723,bmm
,31,31x400x7x60,7.0,1005.0,53.0,63.52800000000001,0.018432000651955605,bmm
,14,14x453x6x78,7.0,1005.0,53.0,63.52800000000001,0.014336000196635723,bmm
,27,27x386x23x111,7.0,1005.0,53.0,63.52800000000001,0.025599999353289604,bmm
,32,32x295x11x121,7.0,1005.0,53.0,63.52800000000001,0.02252800017595291,bmm
,19,19x394x8x172,7.0,1005.0,53.0,63.52800000000001,0.060620800405740735,bmm
,21,21x299x17x163,7.0,1005.0,53.0,63.52800000000001,0.025599999353289604,bmm
,15,15x423x18x181,7.0,1005.0,53.0,63.52800000000001,0.025599999353289604,bmm
,12,12x401x2x415,7.0,1005.0,53.0,63.52800000000001,0.1296384036540985,bmm
,25,25x267x8x263,8.0,1005.0,52.0,59.80600000000002,0.10956799983978271,bmm
,20,20x426x31x336,8.0,1005.0,52.0,59.80600000000002,0.2050047993659973,bmm
,25,25x332x23x806,8.0,1005.0,52.0,59.80600000000002,0.4900863945484161,bmm
,10,10x348x28x855,8.0,1005.0,52.0,59.80600000000002,0.20295679569244385,bmm
,10,10x456x29x1002,8.0,1005.0,52.0,59.80600000000002,0.31334400177001953,bmm
,22,22x327x48x25,8.0,1005.0,52.0,59.80600000000002,0.021503999829292297,bmm
,9,9x313x36x23,8.0,1005.0,52.0,59.80600000000002,0.020479999482631683,bmm
,24,24x284x39x5,8.0,1005.0,52.0,59.80600000000002,0.020479999482631683,bmm
,31,31x467x54x61,8.0,1005.0,52.0,59.80600000000002,0.05160959884524345,bmm
,15,15x473x43x50,8.0,1005.0,52.0,55.17200000000002,0.02252800017595291,bmm
,4,4x447x60x45,8.0,1005.0,52.0,55.17200000000002,0.025599999353289604,bmm
,13,13x273x48x99,8.0,1005.0,52.0,55.17200000000002,0.021913599967956544,bmm
,23,23x323x39x107,8.0,1005.0,52.0,55.17200000000002,0.021913599967956544,bmm
,10,10x339x65x108,8.0,1005.0,52.0,55.17200000000002,0.027648000046610832,bmm
,20,20x301x64x153,8.0,1005.0,52.0,55.17200000000002,0.04136959910392761,bmm
,29,29x328x40x253,8.0,1005.0,52.0,55.17200000000002,0.18903039991855622,bmm
,4,4x382x33x168,8.0,1005.0,52.0,55.17200000000002,0.020479999482631683,bmm
,12,12x312x58x478,8.0,1005.0,52.0,55.17200000000002,0.13803519904613495,bmm
,14,14x420x35x451,8.0,1005.0,51.0,55.112000000000016,0.1896448016166687,bmm
,26,26x298x52x488,8.0,1005.0,51.0,55.112000000000016,0.3301375925540924,bmm
,28,28x438x57x523,8.0,1005.0,51.0,55.112000000000016,0.5609472036361695,bmm
,9,9x487x39x550,8.0,1005.0,51.0,55.112000000000016,0.1810431957244873,bmm
,32,32x490x59x933,8.0,1005.0,51.0,55.112000000000016,1.2081152200698853,bmm
,7,7x301x78x6,8.0,1005.0,51.0,55.112000000000016,0.035840000957250595,bmm
,31,31x320x109x30,8.0,1005.0,51.0,55.112000000000016,0.07659520357847213,bmm
,10,10x448x105x22,31.0,780.0,52.0,56.119999999999976,0.04444160014390945,bmm
,7,7x321x129x40,31.0,780.0,52.0,56.119999999999976,0.05119999870657921,bmm
,30,30x440x88x48,31.0,780.0,52.0,56.119999999999976,0.11960320323705673,bmm
,10,10x401x98x44,31.0,780.0,52.0,56.119999999999976,0.043007999658584595,bmm
,21,21x487x85x88,31.0,780.0,52.0,56.119999999999976,0.08642559945583343,bmm
,14,14x443x79x92,31.0,780.0,52.0,56.119999999999976,0.03686400130391121,bmm
,33,33x461x89x97,31.0,780.0,52.0,56.119999999999976,0.2064384013414383,bmm
,28,28x359x110x224,31.0,780.0,52.0,56.119999999999976,0.31805439591407775,bmm
,23,23x382x74x184,31.0,780.0,52.0,56.119999999999976,0.15462400019168854,bmm
,14,14x368x78x200,17.0,780.0,51.0,56.73000000000001,0.06471679955720902,bmm
,11,11x424x114x378,17.0,780.0,51.0,56.73000000000001,0.17039360404014586,bmm
,20,20x397x105x434,17.0,780.0,51.0,56.73000000000001,0.36741119623184204,bmm
,9,9x310x106x480,17.0,780.0,51.0,56.73000000000001,0.14110719859600068,bmm
,18,18x344x82x984,17.0,780.0,51.0,56.73000000000001,0.562175989151001,bmm
,19,19x299x110x761,17.0,780.0,51.0,56.73000000000001,0.4681727945804596,bmm
,20,20x489x84x621,17.0,780.0,51.0,56.73000000000001,0.5572608113288879,bmm
,7,7x313x190x2,49.0,780.0,52.0,56.26199999999997,0.0655359998345375,bmm
,28,28x427x142x29,49.0,780.0,52.0,56.26199999999997,0.16465920209884644,bmm
,16,16x313x185x8,49.0,780.0,52.0,56.26199999999997,0.0655359998345375,bmm
,11,11x361x217x51,49.0,780.0,52.0,56.26199999999997,0.07372800260782242,bmm
,1,1x499x238x54,49.0,780.0,52.0,56.26199999999997,0.023552000522613525,bmm
,15,15x342x166x39,49.0,780.0,52.0,56.26199999999997,0.05980160161852836,bmm
,8,8x395x134x83,49.0,780.0,52.0,56.26199999999997,0.05119999870657921,bmm
,12,12x392x218x107,49.0,780.0,52.0,56.26199999999997,0.12226559817790986,bmm
,30,30x333x203x85,49.0,780.0,52.0,56.26199999999997,0.2381824016571045,bmm
,23,23x257x141x193,12.0,780.0,51.0,55.583,0.1603583961725235,bmm
,16,16x454x237x231,12.0,780.0,51.0,55.583,0.28405760526657103,bmm
,20,20x493x175x225,12.0,780.0,51.0,55.583,0.32747519612312315,bmm
,6,6x328x206x381,12.0,780.0,51.0,55.583,0.09912319779396057,bmm
,22,22x306x203x503,12.0,780.0,51.0,55.583,0.507699191570282,bmm
,5,5x257x168x318,12.0,780.0,51.0,55.583,0.0798719972372055,bmm
,29,29x320x239x662,15.6,696.0,51.0,55.70499999999997,1.0340351819992066,bmm
,7,7x494x235x948,21.0,570.0,51.0,55.887999999999984,0.4986880004405975,bmm
,1,1x338x220x1025,21.0,570.0,51.0,55.887999999999984,0.06451199948787689,bmm
,31,31x449x498x12,21.0,570.0,51.0,55.887999999999984,0.4968447983264923,bmm
,15,15x378x310x12,21.0,570.0,51.0,55.887999999999984,0.1726464033126831,bmm
,9,9x359x357x17,21.0,570.0,51.0,55.887999999999984,0.14376960098743438,bmm
,27,27x293x431x44,21.0,570.0,51.0,55.887999999999984,0.30781440138816835,bmm
,7,7x317x512x47,21.0,570.0,51.0,55.887999999999984,0.19660800695419312,bmm
,4,4x313x498x49,21.32,571.2,51.0,56.03647999999998,0.1945600062608719,bmm
,23,23x293x470x75,29.0,585.0,52.0,57.743999999999986,0.32788479924201963,bmm
,2,2x357x451x67,29.0,585.0,52.0,57.743999999999986,0.17817600071430206,bmm
,4,4x378x375x76,29.0,585.0,52.0,57.743999999999986,0.15073280036449432,bmm
,16,16x406x323x230,29.0,585.0,52.0,57.743999999999986,0.33239039182662966,bmm
,33,33x310x284x217,29.0,585.0,52.0,57.743999999999986,0.6193152070045471,bmm
,8,8x267x512x137,29.0,585.0,52.0,57.743999999999986,0.235724800825119,bmm
,25,25x351x477x283,29.0,585.0,52.0,57.743999999999986,0.8359936118125916,bmm
,28,28x390x340x452,16.0,615.0,52.0,57.87200000000001,0.9609216094017029,bmm
,1,1x320x414x421,16.0,615.0,52.0,57.87200000000001,0.04095999896526337,bmm
,21,21x289x482x697,16.0,615.0,52.0,57.87200000000001,1.094655990600586,bmm
,15,15x288x389x776,16.0,615.0,52.0,57.87200000000001,0.6756352066993714,bmm
,28,28x401x330x538,16.0,615.0,52.0,57.87200000000001,1.1503616094589233,bmm
,21,21x433x733x25,39.56,831.6,52.72,61.13164000000003,0.49274879693984985,bmm
,22,22x381x883x15,47.0,900.0,53.0,62.16100000000004,0.5255168080329895,bmm
,9,9x382x930x9,47.0,900.0,53.0,62.16100000000004,0.3504128038883209,bmm
,8,8x471x782x63,47.0,900.0,53.0,62.16100000000004,0.32399359345436096,bmm
,8,8x429x857x39,47.0,900.0,53.0,62.16100000000004,0.3342335939407349,bmm
,30,30x451x841x61,47.0,900.0,53.0,62.16100000000004,0.880025589466095,bmm
,3,3x364x953x100,47.0,900.0,53.0,62.16100000000004,0.23060479760169983,bmm
,18,18x329x611x91,47.0,900.0,53.0,62.16100000000004,0.3725312054157257,bmm
,8,8x318x968x120,22.0,900.0,53.0,63.22700000000002,0.3749888002872467,bmm
,33,33x294x835x138,22.0,900.0,53.0,63.22700000000002,1.0721279859542847,bmm
,32,32x401x647x179,22.0,900.0,53.0,63.22700000000002,0.9928704023361206,bmm
,20,20x375x812x253,22.0,900.0,53.0,63.22700000000002,0.33792001008987427,bmm
,30,30x420x629x434,22.0,900.0,53.0,63.22700000000002,0.7700480222702026,bmm
,26,26x483x948x461,22.0,900.0,53.0,63.22700000000002,1.1487232446670532,bmm
,2,2x267x901x303,48.0,1005.0,58.0,73.17599999999997,0.1945408046245575,bmm
,16,16x263x549x533,48.0,1005.0,58.0,73.17599999999997,0.34406399726867676,bmm
,9,9x395x599x591,48.0,1005.0,58.0,73.17599999999997,0.37129599452018736,bmm
,7,7x392x995x898,48.0,1005.0,58.0,73.17599999999997,0.6082559823989868,bmm
,29,29x742x2x26,48.0,1005.0,58.0,73.17599999999997,0.02436480075120926,bmm
,26,26x997x15x4,48.0,1005.0,58.0,73.17599999999997,0.02887040041387081,bmm
,21,21x985x31x33,48.0,1005.0,58.0,73.17599999999997,0.03788800165057182,bmm
,11,11x1011x9x59,48.0,1005.0,58.0,73.17599999999997,0.020479999482631683,bmm
,30,30x728x22x41,48.0,1005.0,58.0,73.17599999999997,0.03379200026392937,bmm
,7,7x575x30x43,8.0,1005.0,59.0,91.19300000000001,0.018432000651955605,bmm
,7,7x734x18x87,8.0,1005.0,59.0,91.19300000000001,0.016383999958634377,bmm
,31,31x513x21x74,8.0,1005.0,59.0,91.19300000000001,0.024563200771808624,bmm
,20,20x837x6x92,8.0,1005.0,59.0,91.19300000000001,0.02232320010662079,bmm
,14,14x708x25x224,8.0,1005.0,59.0,91.19300000000001,0.046060800552368164,bmm
,18,18x1003x26x140,8.0,1005.0,59.0,91.19300000000001,0.054259199649095535,bmm
,6,6x942x8x143,8.0,1005.0,59.0,91.19300000000001,0.018432000651955605,bmm
,13,13x664x18x299,8.0,1005.0,59.0,91.19300000000001,0.04403200000524521,bmm
,6,6x632x6x350,8.0,1005.0,59.0,91.19300000000001,0.0212543997913599,bmm
,25,25x806x12x399,8.0,1005.0,59.0,91.19300000000001,0.08970880061388016,bmm
,23,23x973x11x550,8.0,1005.0,60.0,101.27799999999998,0.12779520452022552,bmm
,3,3x631x12x999,8.0,1005.0,60.0,101.27799999999998,0.026623999699950218,bmm
,12,12x879x20x679,8.0,1005.0,60.0,101.27799999999998,0.09256960153579712,bmm
,15,15x623x59x28,8.0,1005.0,60.0,101.27799999999998,0.02457600086927414,bmm
,30,30x918x43x30,8.0,1005.0,60.0,101.27799999999998,0.05327359959483147,bmm
,31,31x676x55x7,8.0,1005.0,60.0,101.27799999999998,0.05098239853978157,bmm
,26,26x586x55x64,8.0,1005.0,60.0,101.27799999999998,0.038707198947668074,bmm
,14,14x822x60x38,8.0,1005.0,60.0,101.27799999999998,0.038924798369407654,bmm
,30,30x597x55x39,8.0,1005.0,60.0,101.27799999999998,0.03788800165057182,bmm
,29,29x894x63x107,7.0,1005.0,61.0,94.12600000000002,0.07331840246915818,bmm
,3,3x637x64x123,7.0,1005.0,61.0,94.12600000000002,0.04608000069856644,bmm
,20,20x549x40x110,7.0,1005.0,61.0,94.12600000000002,0.06922240108251572,bmm
,5,5x847x56x138,7.0,1005.0,61.0,94.12600000000002,0.043007999658584595,bmm
,20,20x762x36x224,7.0,1005.0,61.0,94.12600000000002,0.2965503990650177,bmm
,27,27x645x50x197,7.0,1005.0,61.0,94.12600000000002,0.3512319982051849,bmm
,22,22x861x53x434,7.0,1005.0,61.0,94.12600000000002,0.7213056087493896,bmm
,20,20x811x53x488,7.0,1005.0,61.0,94.12600000000002,0.6733824014663696,bmm
,26,26x736x46x313,31.0,465.0,58.0,81.28400000000005,0.5345280170440674,bmm
,32,32x988x51x973,31.0,465.0,58.0,81.28400000000005,2.3361535549163817,bmm
,9,9x595x59x536,31.0,465.0,58.0,81.28400000000005,0.25866239666938784,bmm
,13,13x843x41x813,31.0,465.0,58.0,81.28400000000005,0.6731775999069214,bmm
,5,5x520x69x27,31.0,465.0,58.0,81.28400000000005,0.035840000957250595,bmm
,29,29x951x80x7,42.0,720.0,57.0,66.39300000000001,0.2013183981180191,bmm
,32,32x763x98x22,42.0,720.0,57.0,66.39300000000001,0.2603008091449738,bmm
,11,11x825x125x61,42.0,720.0,57.0,66.39300000000001,0.09461760222911834,bmm
,26,26x1001x86x55,42.0,720.0,57.0,66.39300000000001,0.3012607991695404,bmm
,15,15x666x100x40,42.0,720.0,57.0,66.39300000000001,0.0798719972372055,bmm
,4,4x970x96x96,42.0,720.0,57.0,66.39300000000001,0.04198399931192398,bmm
,15,15x762x126x124,42.0,720.0,57.0,66.39300000000001,0.20049919784069062,bmm
,28,28x627x121x89,42.0,720.0,57.0,66.39300000000001,0.2791424095630646,bmm
,33,33x829x121x157,24.36,720.0,56.24,62.35428000000002,0.586137592792511,bmm
,13,13x624x94x183,21.0,720.0,56.0,61.585000000000015,0.14970880150794982,bmm
,31,31x939x99x187,21.0,720.0,56.0,61.585000000000015,0.6520831942558288,bmm
,4,4x931x110x328,21.0,720.0,56.0,61.585000000000015,0.11325440108776093,bmm
,18,18x622x74x381,21.0,720.0,56.0,61.585000000000015,0.395059198141098,bmm
,29,29x804x79x498,21.0,720.0,56.0,61.585000000000015,1.0346496105194092,bmm
,5,5x834x111x969,21.0,720.0,56.0,61.585000000000015,0.37601280212402344,bmm
,26,26x1011x71x574,47.0,720.0,55.0,60.20900000000004,1.2666879892349243,bmm
,13,13x587x120x796,47.0,720.0,55.0,60.20900000000004,0.5918720006942749,bmm
,15,15x843x238x10,47.0,720.0,55.0,60.20900000000004,0.23060480058193206,bmm
,23,23x583x212x21,47.0,720.0,55.0,60.20900000000004,0.23449599742889404,bmm
,29,29x726x226x4,47.0,720.0,55.0,60.20900000000004,0.397926390171051,bmm
,27,27x708x182x38,47.0,720.0,55.0,60.20900000000004,0.3106815993785858,bmm
,5,5x957x205x47,47.0,720.0,55.0,60.20900000000004,0.07168000191450119,bmm
,4,4x727x204x56,27.0,750.0,55.0,62.251999999999974,0.07168000191450119,bmm
,17,17x841x136x68,27.0,750.0,55.0,62.251999999999974,0.2084863990545273,bmm
,5,5x628x250x124,27.0,750.0,55.0,62.251999999999974,0.08499199897050858,bmm
,15,15x645x165x93,27.0,750.0,55.0,62.251999999999974,0.19046400487422943,bmm
,24,24x661x137x227,27.0,750.0,55.0,62.251999999999974,0.4638719916343689,bmm
,29,29x732x245x196,27.0,750.0,55.0,62.251999999999974,0.8497151970863343,bmm
,2,2x642x153x187,27.0,750.0,55.0,62.251999999999974,0.05877760127186775,bmm
,2,2x716x219x334,27.0,750.0,55.0,62.251999999999974,0.07618560343980789,bmm
,25,25x944x250x496,21.0,750.0,54.0,60.89799999999998,1.5310847759246826,bmm
,26,26x676x236x457,21.0,750.0,54.0,60.89799999999998,1.0811392068862915,bmm
,8,8x831x155x995,21.0,750.0,54.0,60.89799999999998,0.23123840093612671,bmm
,32,32x811x186x618,21.0,750.0,54.0,60.89799999999998,0.606438398361206,bmm
,1,1x616x253x761,21.0,750.0,54.0,60.89799999999998,0.04095999896526337,bmm
,26,26x553x434x29,21.0,750.0,54.0,60.89799999999998,0.18984319865703583,bmm
,23,23x873x384x18,16.0,1005.0,57.0,69.414,0.17100800573825836,bmm
,21,21x826x308x6,16.0,1005.0,57.0,69.414,0.14008319675922393,bmm
,8,8x707x415x65,16.0,1005.0,57.0,69.414,0.09665920287370681,bmm
,19,19x597x422x47,16.0,1005.0,57.0,69.414,0.18329599499702454,bmm
,16,16x534x504x61,16.0,1005.0,57.0,69.414,0.11429760158061981,bmm
,9,9x842x383x81,16.0,1005.0,57.0,69.414,0.09072640091180802,bmm
,2,2x972x286x109,16.0,1005.0,57.0,69.414,0.06963200122117996,bmm
,22,22x751x465x83,16.0,1005.0,57.0,69.414,0.20398080050945283,bmm
,22,22x604x305x232,16.0,1005.0,57.0,69.414,0.20826240181922911,bmm
,17,17x924x359x187,14.0,1005.0,60.0,87.59300000000002,0.3080000042915344,bmm
,25,25x826x271x224,14.0,1005.0,60.0,87.59300000000002,0.2959359884262085,bmm
,3,3x636x416x406,14.0,1005.0,60.0,87.59300000000002,0.09745920300483704,bmm
,24,24x657x379x508,14.0,1005.0,60.0,87.59300000000002,0.6317951917648316,bmm
,19,19x949x463x479,14.0,1005.0,60.0,87.59300000000002,0.7649279832839966,bmm
,20,20x690x417x562,14.0,1005.0,60.0,87.59300000000002,0.6961151957511902,bmm
,15,15x840x294x721,14.0,1005.0,60.0,87.59300000000002,0.5038080215454102,bmm
,3,3x672x329x765,29.0,1005.0,63.0,105.00399999999995,0.14745600521564484,bmm
,3,3x972x644x15,29.0,1005.0,63.0,105.00399999999995,0.14192639887332917,bmm
,8,8x917x719x6,29.0,1005.0,63.0,105.00399999999995,0.15667200088500977,bmm
,24,24x961x659x29,29.0,1005.0,63.0,105.00399999999995,0.4116480052471161,bmm
,10,10x811x578x47,29.0,1005.0,63.0,105.00399999999995,0.131071999669075,bmm
,2,2x686x842x56,29.0,1005.0,63.0,105.00399999999995,0.18245760202407837,bmm
,19,19x909x973x48,29.0,1005.0,63.0,105.00399999999995,0.4022207915782928,bmm
,2,2x955x820x83,29.0,1005.0,63.0,105.00399999999995,0.17837440073490143,bmm
,24,24x858x846x116,20.0,1005.0,63.0,107.01800000000001,0.5253120064735413,bmm
,29,29x820x935x71,20.0,1005.0,63.0,107.01800000000001,1.8622463941574097,bmm
,10,10x934x837x248,20.0,1005.0,63.0,107.01800000000001,0.8017919898033142,bmm
,10,10x731x827x145,20.0,1005.0,63.0,107.01800000000001,0.5658624172210693,bmm
,31,31x800x768x158,20.0,1005.0,63.0,107.01800000000001,1.9156991958618164,bmm
,32,32x865x860x300,66.0,975.0,62.0,93.49700000000001,1.551360011100769,bmm
,11,11x886x771x355,66.0,975.0,62.0,93.49700000000001,0.4806015968322754,bmm
,6,6x853x545x323,66.0,975.0,62.0,93.49700000000001,0.23347200453281403,bmm
,9,9x867x780x710,66.0,975.0,62.0,93.49700000000001,0.796671986579895,bmm
,10,10x755x602x590,66.0,975.0,62.0,93.49700000000001,0.5038080215454102,bmm
,1,1x956x751x728,66.0,975.0,62.0,93.49700000000001,0.13578239679336548,bmm
,44,44x13x17x10,66.0,975.0,62.0,93.49700000000001,0.008191999979317188,bmm
,55,55x16x1x17,25.0,1005.0,66.0,100.046,0.006144000217318535,bmm
,49,49x21x29x23,25.0,1005.0,66.0,100.046,0.01740800030529499,bmm
,62,62x30x29x42,25.0,1005.0,66.0,100.046,0.01740800030529499,bmm
,39,39x2x26x63,25.0,1005.0,66.0,100.046,0.008191999979317188,bmm
,43,43x32x4x55,25.0,1005.0,66.0,100.046,0.013286399841308593,bmm
,60,60x8x9x101,25.0,1005.0,66.0,100.046,0.008191999979317188,bmm
,50,50x22x22x89,25.0,1005.0,66.0,100.046,0.016383999958634377,bmm
,62,62x18x5x122,25.0,1005.0,66.0,100.046,0.013056000135838986,bmm
,64,64x21x13x177,25.0,1005.0,66.0,100.046,0.020479999482631683,bmm
,34,34x27x6x223,25.0,1005.0,66.0,100.046,0.013305599801242352,bmm
,53,53x2x8x142,6.0,1005.0,64.0,103.07700000000004,0.007353600114583969,bmm
,65,65x4x9x511,6.0,1005.0,64.0,103.07700000000004,0.009216000325977802,bmm
,58,58x4x27x459,6.0,1005.0,64.0,103.07700000000004,0.010239999741315842,bmm
,47,47x15x10x327,6.0,1005.0,64.0,103.07700000000004,0.012870400212705135,bmm
,47,47x32x1x870,6.0,1005.0,64.0,103.07700000000004,0.01472640000283718,bmm
,45,45x21x17x915,6.0,1005.0,64.0,103.07700000000004,0.050175998359918594,bmm
,46,46x20x24x987,6.0,1005.0,64.0,103.07700000000004,0.04915200173854828,bmm
,58,58x11x64x31,6.0,1005.0,64.0,103.07700000000004,0.008191999979317188,bmm
,56,56x14x45x28,6.0,1005.0,64.0,103.07700000000004,0.008191999979317188,bmm
,44,44x1x40x6,6.0,1005.0,64.0,103.07700000000004,0.006144000217318535,bmm
,62,62x27x44x33,7.0,1005.0,64.0,96.384,0.020665599405765532,bmm
,47,47x4x51x56,7.0,1005.0,64.0,96.384,0.008191999979317188,bmm
,51,51x10x64x59,7.0,1005.0,64.0,96.384,0.009203200228512287,bmm
,41,41x14x58x75,7.0,1005.0,64.0,96.384,0.010239999741315842,bmm
,47,47x23x59x78,7.0,1005.0,64.0,96.384,0.02457600086927414,bmm
,45,45x2x34x68,7.0,1005.0,64.0,96.384,0.008191999979317188,bmm
,56,56x14x52x238,7.0,1005.0,64.0,96.384,0.015359999611973763,bmm
,57,57x3x64x151,7.0,1005.0,64.0,96.384,0.009216000325977802,bmm
,59,59x7x33x161,7.0,1005.0,64.0,96.384,0.009216000325977802,bmm
,43,43x3x51x426,7.0,1005.0,64.0,96.384,0.010239999741315842,bmm
,54,54x32x47x484,7.0,1005.0,64.0,96.384,0.16670720279216766,bmm
,50,50x28x60x291,5.0,390.0,63.0,94.51399999999998,0.0942080020904541,bmm
,56,56x17x63x581,5.0,390.0,63.0,94.51399999999998,0.22835199534893036,bmm
,50,50x1x52x653,5.0,390.0,63.0,94.51399999999998,0.09871359914541245,bmm
,37,37x31x65x587,5.0,390.0,63.0,94.51399999999998,0.19906559586524963,bmm
,61,61x15x81x31,5.0,390.0,63.0,94.51399999999998,0.017817600443959237,bmm
,58,58x18x124x22,5.0,390.0,63.0,94.51399999999998,0.09113600105047226,bmm
,50,50x19x94x21,5.0,390.0,63.0,94.51399999999998,0.07720960080623626,bmm
,53,53x14x124x44,5.0,390.0,63.0,94.51399999999998,0.025804799422621726,bmm
,37,37x17x80x57,5.0,390.0,63.0,94.51399999999998,0.06758400052785873,bmm
,63,63x28x114x53,12.0,360.0,60.0,76.77999999999999,0.09031680077314377,bmm
,36,36x1x79x108,12.0,360.0,60.0,76.77999999999999,0.02170879989862442,bmm
,34,34x11x76x99,12.0,360.0,60.0,76.77999999999999,0.021299199759960176,bmm
,60,60x25x122x92,12.0,360.0,60.0,76.77999999999999,0.10342399775981903,bmm
,34,34x32x129x228,12.0,360.0,60.0,76.77999999999999,0.11366400122642517,bmm
,47,47x25x125x135,12.0,360.0,60.0,76.77999999999999,0.19353599846363068,bmm
,55,55x15x99x222,12.0,360.0,60.0,76.77999999999999,0.06615040004253388,bmm
,38,38x17x122x333,12.0,360.0,60.0,76.77999999999999,0.20152319967746735,bmm
,60,60x11x95x265,17.0,315.0,58.0,57.52500000000002,0.1296384036540985,bmm
,50,50x33x67x513,17.0,315.0,58.0,57.52500000000002,0.27852800488471985,bmm
,40,40x16x85x556,17.0,315.0,58.0,57.52500000000002,0.18104319870471955,bmm
,41,41x3x91x588,17.0,315.0,58.0,57.52500000000002,0.16527359783649445,bmm
,61,61x9x103x918,17.0,315.0,58.0,57.52500000000002,0.43704319596290586,bmm
,48,48x10x154x19,17.0,315.0,58.0,57.52500000000002,0.02232320010662079,bmm
,45,45x20x171x1,17.0,315.0,58.0,57.52500000000002,0.015359999611973763,bmm
,56,56x4x160x29,17.0,315.0,58.0,57.52500000000002,0.018432000651955605,bmm
,58,58x15x139x35,7.0,330.0,56.0,57.02800000000001,0.028672000393271446,bmm
,63,63x5x185x62,7.0,330.0,56.0,57.02800000000001,0.023552000522613525,bmm
,60,60x31x198x54,7.0,330.0,56.0,57.02800000000001,0.1458176016807556,bmm
,56,56x27x231x118,7.0,330.0,56.0,57.02800000000001,0.19005440175533295,bmm
,54,54x24x159x104,7.0,330.0,56.0,57.02800000000001,0.12349439710378647,bmm
,39,39x6x150x66,7.0,330.0,56.0,57.02800000000001,0.025599999353289604,bmm
,43,43x20x213x154,7.0,330.0,56.0,57.02800000000001,0.31395840644836426,bmm
,49,49x11x153x256,7.0,330.0,56.0,57.02800000000001,0.32153600454330444,bmm
,53,53x14x190x247,37.0,330.0,55.0,56.14100000000001,0.47636479139328003,bmm
,63,63x28x233x319,37.0,330.0,55.0,56.14100000000001,0.4499455988407135,bmm
,62,62x26x211x487,37.0,330.0,55.0,56.14100000000001,0.5238783955574036,bmm
,65,65x32x200x360,37.0,330.0,55.0,56.14100000000001,0.44810240268707274,bmm
,65,65x18x229x714,37.0,330.0,55.0,56.14100000000001,0.8189951777458191,bmm
,47,47x29x196x820,35.0,600.0,55.0,55.833,0.6590463876724243,bmm
,50,50x27x133x826,35.0,600.0,55.0,55.833,0.5095424056053162,bmm
,34,34x7x323x17,35.0,600.0,55.0,55.833,0.020479999482631683,bmm
,33,33x16x290x18,35.0,600.0,55.0,55.833,0.02088959962129593,bmm
,57,57x13x385x2,35.0,600.0,55.0,55.833,0.02396160066127777,bmm
,43,43x13x504x37,35.0,600.0,55.0,55.833,0.03686400130391121,bmm
,59,59x1x418x62,35.0,600.0,55.0,55.833,0.1103872001171112,bmm
,39,39x4x410x41,35.0,600.0,55.0,55.833,0.02457600086927414,bmm
,53,53x12x304x82,35.0,600.0,55.0,55.833,0.045670400559902194,bmm
,52,52x20x308x116,12.0,615.0,54.0,57.006000000000014,0.18718719780445098,bmm
,58,58x7x392x85,12.0,615.0,54.0,57.006000000000014,0.14950400590896606,bmm
,64,64x16x287x239,12.0,615.0,54.0,57.006000000000014,0.3395583927631378,bmm
,40,40x26x354x193,12.0,615.0,54.0,57.006000000000014,0.2453503966331482,bmm
,46,46x8x264x234,12.0,615.0,54.0,57.006000000000014,0.20930559933185577,bmm
,57,57x23x353x381,12.0,615.0,54.0,57.006000000000014,0.6731775999069214,bmm
,40,40x19x329x402,12.0,615.0,54.0,57.006000000000014,0.4026367962360382,bmm
,43,43x31x369x481,53.0,615.0,54.0,57.164999999999985,0.6737920045852661,bmm
,37,37x7x380x802,53.0,615.0,54.0,57.164999999999985,0.762060821056366,bmm
,60,60x17x396x717,53.0,615.0,54.0,57.164999999999985,1.238425612449646,bmm
,60,60x2x296x618,53.0,615.0,54.0,57.164999999999985,0.706764817237854,bmm
,35,35x17x524x27,53.0,615.0,54.0,57.164999999999985,0.13496319949626923,bmm
,64,64x14x934x22,53.0,615.0,54.0,57.164999999999985,0.14336000382900238,bmm
,43,43x15x559x12,18.0,855.0,54.0,59.292999999999964,0.023552000522613525,bmm
,42,42x5x675x63,18.0,855.0,54.0,59.292999999999964,0.1380351960659027,bmm
,47,47x11x785x54,18.0,855.0,54.0,59.292999999999964,0.16568320095539094,bmm
,62,62x6x631x41,18.0,855.0,54.0,59.292999999999964,0.12656640112400055,bmm
,54,54x6x778x98,18.0,855.0,54.0,59.292999999999964,0.29245439171791077,bmm
,62,62x11x795x108,18.0,855.0,54.0,59.292999999999964,0.3878912031650543,bmm
,36,36x2x666x110,18.0,855.0,54.0,59.292999999999964,0.185343998670578,bmm
,51,51x33x556x209,18.0,855.0,54.0,59.292999999999964,0.4818944036960602,bmm
,50,50x10x927x225,31.0,855.0,53.04,60.15699999999999,0.7084031820297241,bmm
,63,63x4x929x182,31.0,855.0,53.0,60.15699999999999,0.6891520023345947,bmm
,49,49x17x694x499,31.0,855.0,53.0,60.15699999999999,1.18886399269104,bmm
,59,59x20x675x267,31.0,855.0,53.0,60.15699999999999,0.4122304081916809,bmm
,55,55x24x810x278,31.0,855.0,53.0,60.15699999999999,0.48947200179100037,bmm
,65,65x33x536x744,31.0,855.0,53.0,60.15699999999999,0.5416832089424133,bmm
,46,46x14x726x876,36.04,1005.0,56.2,66.66112000000003,0.2993920028209686,bmm
,38,38x13x1017x734,37.0,1005.0,57.0,67.90000000000003,0.2983679950237274,bmm
,59,59x33x1x12,37.0,1005.0,57.0,67.90000000000003,0.005638399999588728,bmm
,40,40x59x1x14,37.0,1005.0,57.0,67.90000000000003,0.006035200133919716,bmm
,54,54x34x9x27,37.0,1005.0,57.0,67.90000000000003,0.014092799834907055,bmm
,35,35x51x9x59,37.0,1005.0,57.0,67.90000000000003,0.014336000196635723,bmm
,45,45x36x14x56,37.0,1005.0,57.0,67.90000000000003,0.014336000196635723,bmm
,36,36x60x33x44,37.0,1005.0,57.0,67.90000000000003,0.019340800121426582,bmm
,54,54x52x16x126,37.0,1005.0,57.0,67.90000000000003,0.013311999849975109,bmm
,51,51x51x12x67,37.0,1005.0,57.0,67.90000000000003,0.014336000196635723,bmm
,39,39x51x2x129,5.0,1005.0,58.0,86.47299999999997,0.01228800043463707,bmm
,58,58x40x30x235,5.0,1005.0,58.0,86.47299999999997,0.025625599548220634,bmm
,40,40x42x28x216,5.0,1005.0,58.0,86.47299999999997,0.01740800030529499,bmm
,60,60x39x10x177,5.0,1005.0,58.0,86.47299999999997,0.020447999611496924,bmm
,47,47x33x1x479,5.0,1005.0,58.0,86.47299999999997,0.010239999741315842,bmm
,36,36x50x6x407,5.0,1005.0,58.0,86.47299999999997,0.017350399866700172,bmm
,64,64x61x29x401,5.0,1005.0,58.0,86.47299999999997,0.048128001391887665,bmm
,43,43x37x17x536,5.0,1005.0,58.0,86.47299999999997,0.03276799991726875,bmm
,39,39x62x6x988,5.0,1005.0,58.0,86.47299999999997,0.03251199945807457,bmm
,64,64x55x25x637,7.0,1005.0,59.0,95.00100000000002,0.05222399905323982,bmm
,39,39x60x50x19,7.0,1005.0,59.0,95.00100000000002,0.021676800027489663,bmm
,33,33x43x38x32,7.0,1005.0,59.0,95.00100000000002,0.018432000651955605,bmm
,53,53x59x34x22,7.0,1005.0,59.0,95.00100000000002,0.018604800477623938,bmm
,56,56x33x57x42,7.0,1005.0,59.0,95.00100000000002,0.023552000522613525,bmm
,42,42x37x44x37,7.0,1005.0,59.0,95.00100000000002,0.020479999482631683,bmm
,60,60x49x65x51,7.0,1005.0,59.0,95.00100000000002,0.025599999353289604,bmm
,48,48x58x61x114,7.0,1005.0,59.0,95.00100000000002,0.023552000522613525,bmm
,64,64x42x41x105,7.0,1005.0,59.0,95.00100000000002,0.020479999482631683,bmm
,62,62x35x34x80,6.0,1005.0,60.0,92.97600000000006,0.01940480023622513,bmm
,48,48x41x50x229,6.0,1005.0,60.0,92.97600000000006,0.08355839848518372,bmm
,43,43x58x47x185,6.0,1005.0,60.0,92.97600000000006,0.07577600330114365,bmm
,64,64x51x49x186,6.0,1005.0,60.0,92.97600000000006,0.08376319855451583,bmm
,38,38x56x46x458,6.0,1005.0,60.0,92.97600000000006,0.08622079938650132,bmm
,39,39x48x60x486,6.0,1005.0,60.0,92.97600000000006,0.13516800105571747,bmm
,41,41x63x33x396,6.0,1005.0,60.0,92.97600000000006,0.07761919796466828,bmm
,50,50x52x43x654,6.0,1005.0,60.0,92.97600000000006,0.2338815987110138,bmm
,54,54x34x41x519,6.0,1005.0,60.0,92.97600000000006,0.19599360525608062,bmm
,53,53x54x63x547,16.0,360.0,57.48,80.17599999999997,0.26173439621925354,bmm
,51,51x59x84x1,16.0,360.0,57.0,80.17599999999997,0.015359999611973763,bmm
,33,33x52x76x4,16.0,360.0,57.0,80.17599999999997,0.06860800087451935,bmm
,62,62x44x88x23,16.0,360.0,57.0,80.17599999999997,0.07475200295448303,bmm
,48,48x39x115x36,16.0,360.0,57.0,80.17599999999997,0.09502720236778259,bmm
,42,42x46x117x43,16.0,360.0,57.0,80.17599999999997,0.09523200243711472,bmm
,59,59x40x127x62,16.0,360.0,57.0,80.17599999999997,0.0995327964425087,bmm
,44,44x44x121x73,16.0,360.0,57.0,80.17599999999997,0.10444799810647964,bmm
,41,41x56x115x71,16.0,360.0,57.0,80.17599999999997,0.10035199671983719,bmm
,48,48x58x72x70,16.0,360.0,57.0,80.17599999999997,0.06963200122117996,bmm
,42,42x43x109x135,15.0,330.0,56.0,63.24600000000002,0.16670720279216766,bmm
,40,40x42x115x141,15.0,330.0,56.0,63.24600000000002,0.10444799810647964,bmm
,58,58x39x81x175,15.0,330.0,56.0,63.24600000000002,0.14458879828453064,bmm
,46,46x33x87x490,15.0,330.0,56.0,63.24600000000002,0.2729983925819397,bmm
,51,51x57x81x265,15.0,330.0,56.0,63.24600000000002,0.2942975997924805,bmm
,50,50x45x119x440,15.0,330.0,56.0,63.24600000000002,0.34426880478858946,bmm
,56,56x43x126x749,91.0,450.0,55.0,56.025000000000006,0.5742592096328736,bmm
,54,54x53x98x675,91.0,450.0,55.0,56.025000000000006,0.41021440029144285,bmm
,56,56x61x109x893,91.0,450.0,55.0,56.025000000000006,0.6346752047538757,bmm
,65,65x40x138x14,91.0,450.0,55.0,56.025000000000006,0.07700480222702026,bmm
,39,39x42x136x7,91.0,450.0,55.0,56.025000000000006,0.0727040022611618,bmm
,36,36x51x221x18,91.0,450.0,55.0,56.025000000000006,0.1085439994931221,bmm
,49,49x64x136x46,91.0,450.0,55.0,56.025000000000006,0.07434240281581879,bmm
,48,48x41x250x34,91.0,450.0,55.0,56.025000000000006,0.12185599654912949,bmm
,40,40x49x138x34,16.0,510.0,54.0,56.808,0.07843839675188065,bmm
,58,58x64x186x73,16.0,510.0,54.0,56.808,0.13332479596138,bmm
,64,64x63x197x96,16.0,510.0,54.0,56.808,0.18964479863643646,bmm
,46,46x62x142x123,16.0,510.0,54.0,56.808,0.08151039779186249,bmm
,40,40x38x242x134,16.0,510.0,54.0,56.808,0.16056320071220398,bmm
,61,61x33x173x144,16.0,510.0,54.0,56.808,0.18903039991855622,bmm
,43,43x65x256x198,16.0,510.0,54.0,56.808,0.2779136002063751,bmm
,55,55x60x140x510,16.0,510.0,54.0,56.808,0.44134399890899656,bmm
,57,57x57x192x392,30.0,510.0,53.0,56.401,0.45793280005455017,bmm
,55,55x48x233x397,30.0,510.0,53.0,56.401,0.5091328024864197,bmm
,37,37x60x134x577,30.0,510.0,53.0,56.401,0.33361920714378357,bmm
,54,54x44x192x557,30.0,510.0,53.0,56.401,0.5261312127113342,bmm
,53,53x35x178x809,30.0,510.0,53.0,56.401,0.6991871953010559,bmm
,50,50x38x483x18,30.0,510.0,53.0,56.401,0.18432000279426575,bmm
,38,38x53x431x17,30.0,510.0,53.0,56.401,0.1669120043516159,bmm
,38,38x60x288x15,28.8,516.0,53.0,56.434200000000004,0.11673600226640701,bmm
,36,36x34x411x41,15.0,585.0,53.0,56.816000000000024,0.16076800227165222,bmm
,43,43x33x416x53,15.0,585.0,53.0,56.816000000000024,0.17428480088710785,bmm
,56,56x49x464x57,15.0,585.0,53.0,56.816000000000024,0.2457599937915802,bmm
,40,40x44x334x102,15.0,585.0,53.0,56.816000000000024,0.19496960043907166,bmm
,39,39x38x447x129,15.0,585.0,53.0,56.816000000000024,0.25292799472808836,bmm
,33,33x50x485x82,15.0,585.0,53.0,56.816000000000024,0.24289279878139497,bmm
,55,55x57x281x247,15.0,585.0,53.0,56.816000000000024,0.38195199370384214,bmm
,60,60x49x413x223,22.0,585.0,53.0,57.36400000000001,0.5009407997131348,bmm
,58,58x46x381x204,22.0,585.0,53.0,57.36400000000001,0.4167680084705353,bmm
,49,49x54x356x273,22.0,585.0,53.0,57.36400000000001,0.4388864040374756,bmm
,63,63x65x403x291,22.0,585.0,53.0,57.36400000000001,0.7561215877532959,bmm
,61,61x39x264x421,22.0,585.0,53.0,57.36400000000001,0.5857279896736145,bmm
,63,63x39x397x973,28.2,585.0,53.0,57.48279999999999,1.870643186569214,bmm
,48,48x39x334x628,53.0,585.0,53.0,57.85899999999999,0.7796735882759094,bmm
,44,44x33x265x577,53.0,585.0,53.0,57.85899999999999,0.538214385509491,bmm
,38,38x51x576x16,53.0,585.0,53.0,57.85899999999999,0.14233599603176117,bmm
,35,35x33x716x2,53.0,585.0,53.0,57.85899999999999,0.17203199863433838,bmm
,60,60x50x607x5,53.0,585.0,53.0,57.85899999999999,0.21872640252113343,bmm
,33,33x56x712x60,53.0,585.0,53.0,57.85899999999999,0.27422720193862915,bmm
,56,56x34x892x60,21.0,885.0,53.0,61.89100000000001,0.37232640385627747,bmm
,57,57x33x822x38,21.0,885.0,53.0,61.89100000000001,0.3076095998287201,bmm
,64,64x51x907x88,21.0,885.0,53.0,61.89100000000001,0.560537576675415,bmm
,36,36x49x888x99,21.0,885.0,53.0,61.89100000000001,0.39157760739326475,bmm
,33,33x34x563x73,21.0,885.0,53.0,61.89100000000001,0.21647360324859619,bmm
,50,50x33x572x151,21.0,885.0,53.0,61.89100000000001,0.38543360233306884,bmm
,55,55x36x606x158,21.0,885.0,53.0,61.89100000000001,0.449535995721817,bmm
,45,45x35x546x247,25.4,885.0,53.0,61.70579999999996,0.48517119884490967,bmm
,46,46x59x865x324,32.0,885.0,53.0,61.427999999999955,1.0180608034133911,bmm
,35,35x42x873x463,32.0,885.0,53.0,61.427999999999955,1.0219520330429077,bmm
,60,60x35x952x486,32.0,885.0,53.0,61.427999999999955,0.5724160075187683,bmm
,54,54x36x969x967,32.0,885.0,53.0,61.427999999999955,1.1603968143463135,bmm
,53,53x39x556x1018,32.0,885.0,53.0,61.427999999999955,0.67745920419693,bmm
,57,57x36x694x685,51.0,1005.0,58.0,71.90699999999998,0.6979584097862244,bmm
,33,33x85x27x4,51.0,1005.0,58.0,71.90699999999998,0.01740800030529499,bmm
,61,61x89x9x30,51.0,1005.0,58.0,71.90699999999998,0.014336000196635723,bmm
,50,50x109x9x3,51.0,1005.0,58.0,71.90699999999998,0.014336000196635723,bmm
,54,54x83x3x56,51.0,1005.0,58.0,71.90699999999998,0.01228800043463707,bmm
,35,35x95x31x65,51.0,1005.0,58.0,71.90699999999998,0.018220800533890726,bmm
,53,53x66x14x43,51.0,1005.0,58.0,71.90699999999998,0.014336000196635723,bmm
,36,36x88x10x93,51.0,1005.0,58.0,71.90699999999998,0.014336000196635723,bmm
,48,48x66x10x79,51.0,1005.0,58.0,71.90699999999998,0.014713600091636182,bmm
,60,60x104x11x115,51.0,1005.0,58.0,71.90699999999998,0.015148799866437912,bmm
,41,41x65x29x158,6.0,1005.0,59.0,89.73299999999999,0.018412800505757332,bmm
,56,56x77x28x156,6.0,1005.0,59.0,89.73299999999999,0.026623999699950218,bmm
,48,48x126x14x146,6.0,1005.0,59.0,89.73299999999999,0.021503999829292297,bmm
,36,36x87x14x407,6.0,1005.0,59.0,89.73299999999999,0.021484799683094025,bmm
,56,56x90x1x321,6.0,1005.0,59.0,89.73299999999999,0.017996800318360328,bmm
,56,56x89x3x323,6.0,1005.0,59.0,89.73299999999999,0.028467200323939325,bmm
,55,55x115x7x742,6.0,1005.0,59.0,89.73299999999999,0.05427199974656105,bmm
,48,48x100x5x909,6.0,1005.0,59.0,89.73299999999999,0.050175998359918594,bmm
,62,62x70x25x752,6.0,1005.0,59.0,89.73299999999999,0.07065600156784058,bmm
,52,52x89x47x27,6.0,1005.0,59.0,89.73299999999999,0.020678399503231047,bmm
,49,49x92x59x9,10.0,1005.0,60.0,98.66900000000001,0.023756800591945647,bmm
,45,45x108x48x9,10.0,1005.0,60.0,98.66900000000001,0.020479999482631683,bmm
,64,64x116x34x56,10.0,1005.0,60.0,98.66900000000001,0.01945599913597107,bmm
,63,63x99x58x57,10.0,1005.0,60.0,98.66900000000001,0.02457600086927414,bmm
,65,65x76x54x44,10.0,1005.0,60.0,98.66900000000001,0.02252800017595291,bmm
,56,56x80x50x88,10.0,1005.0,60.0,98.66900000000001,0.02252800017595291,bmm
,59,59x93x62x93,10.0,1005.0,60.0,98.66900000000001,0.02457600086927414,bmm
,46,46x111x50x87,10.0,1005.0,60.0,98.66900000000001,0.02252800017595291,bmm
,61,61x124x61x162,10.0,1005.0,60.0,98.66900000000001,0.04095999896526337,bmm
,34,34x112x53x140,10.0,1005.0,60.0,98.66900000000001,0.023104000091552734,bmm
,47,47x80x46x230,8.0,1005.0,60.0,93.19900000000003,0.03278080001473427,bmm
,48,48x109x41x448,8.0,1005.0,60.0,93.19900000000003,0.05632000043988228,bmm
,47,47x81x47x473,8.0,1005.0,60.0,93.19900000000003,0.05119359865784645,bmm
,45,45x113x35x307,8.0,1005.0,60.0,93.19900000000003,0.03192319944500923,bmm
,45,45x106x61x781,8.0,1005.0,60.0,93.19900000000003,0.4155392050743103,bmm
,55,55x116x36x899,8.0,1005.0,60.0,93.19900000000003,0.5359616041183471,bmm
,39,39x95x33x1010,8.0,1005.0,60.0,93.19900000000003,0.3620863914489746,bmm
,63,63x111x114x5,28.4,617.4,59.32,89.91799999999999,0.07741439938545228,bmm
,54,54x107x119x18,38.0,435.0,59.0,88.374,0.07782399654388428,bmm
,60,60x85x66x5,38.0,435.0,59.0,88.374,0.055296000093221664,bmm
,46,46x74x86x60,38.0,435.0,59.0,88.374,0.06451199948787689,bmm
,52,52x90x79x38,38.0,435.0,59.0,88.374,0.06143999844789505,bmm
,55,55x127x113x50,38.0,435.0,59.0,88.374,0.08151039779186249,bmm
,52,52x122x122x104,38.0,435.0,59.0,88.374,0.1521664023399353,bmm
,63,63x90x69x114,38.0,435.0,59.0,88.374,0.06143999844789505,bmm
,33,33x87x112x109,38.0,435.0,59.0,88.374,0.08089599758386612,bmm
,59,59x120x96x205,38.0,435.0,59.0,88.374,0.2123775988817215,bmm
,47,47x99x117x196,15.0,390.0,57.0,69.30500000000005,0.1892351984977722,bmm
,33,33x122x81x144,15.0,390.0,57.0,69.30500000000005,0.07311360239982605,bmm
,35,35x96x66x278,15.0,390.0,57.0,69.30500000000005,0.11489280164241791,bmm
,62,62x107x115x439,15.0,390.0,57.0,69.30500000000005,0.4972544014453888,bmm
,58,58x114x93x300,15.0,390.0,57.0,69.30500000000005,0.34447360038757324,bmm
,51,51x88x98x929,15.0,390.0,57.0,69.30500000000005,0.6840320110321045,bmm
,38,38x127x121x805,19.92,386.4,56.88,67.92656000000004,0.5830655932426453,bmm
,60,60x115x108x698,56.0,360.0,56.0,57.81799999999999,0.7456768035888672,bmm
,46,46x66x187x2,56.0,360.0,56.0,57.81799999999999,0.13189119398593901,bmm
,55,55x105x192x4,56.0,360.0,56.0,57.81799999999999,0.12185599654912949,bmm
,35,35x81x204x30,56.0,360.0,56.0,57.81799999999999,0.130252805352211,bmm
,63,63x128x211x49,56.0,360.0,56.0,57.81799999999999,0.21606400609016418,bmm
,42,42x105x139x54,56.0,360.0,56.0,57.81799999999999,0.09912319779396057,bmm
,38,38x71x159x62,56.0,360.0,56.0,57.81799999999999,0.10649599879980087,bmm
,49,49x110x174x105,56.0,360.0,56.0,57.81799999999999,0.1898496001958847,bmm
,51,51x84x165x79,19.0,390.0,55.0,58.03199999999999,0.12103680223226547,bmm
,52,52x129x256x107,19.0,390.0,55.0,58.03199999999999,0.3368959903717041,bmm
,44,44x115x238x182,19.0,390.0,55.0,58.03199999999999,0.3131392002105713,bmm
,38,38x116x218x150,19.0,390.0,55.0,58.03199999999999,0.22507520020008087,bmm
,58,58x94x240x191,19.0,390.0,55.0,58.03199999999999,0.34795519709587097,bmm
,45,45x91x156x371,19.0,390.0,55.0,58.03199999999999,0.32030720114707945,bmm
,42,42x120x235x512,19.0,390.0,55.0,58.03199999999999,0.6922239899635315,bmm
,65,65x128x242x502,43.0,390.0,54.2,58.28960000000002,0.9533439874649048,bmm
,60,60x83x174x589,49.0,390.0,54.0,58.35400000000002,0.6787071943283081,bmm
,61,61x84x233x797,49.0,390.0,54.0,58.35400000000002,1.14094078540802,bmm
,45,45x85x215x711,49.0,390.0,54.0,58.35400000000002,0.7106559872627258,bmm
,36,36x72x487x26,49.0,390.0,54.0,58.35400000000002,0.21790720522403717,bmm
,54,54x79x463x12,49.0,390.0,54.0,58.35400000000002,0.21729280054569244,bmm
,39,39x93x435x12,17.0,615.0,54.0,60.038999999999994,0.20070399343967438,bmm
,50,50x96x295x41,17.0,615.0,54.0,60.038999999999994,0.18288639783859253,bmm
,58,58x113x445x58,17.0,615.0,54.0,60.038999999999994,0.35942399501800537,bmm
,33,33x121x409x41,17.0,615.0,54.0,60.038999999999994,0.21544960439205169,bmm
,64,64x97x437x101,17.0,615.0,54.0,60.038999999999994,0.42024959325790406,bmm
,57,57x102x271x98,17.0,615.0,54.0,60.038999999999994,0.26398718953132627,bmm
,58,58x116x405x72,17.0,615.0,54.0,60.038999999999994,0.34406399726867676,bmm
,39,39x109x469x189,17.0,615.0,54.0,60.038999999999994,0.4237312078475952,bmm
,55,55x114x406x153,23.0,615.0,54.0,60.35699999999998,0.45629440546035765,bmm
,40,40x91x475x224,23.0,615.0,54.0,60.35699999999998,0.46039040088653566,bmm
,43,43x103x276x450,23.0,615.0,54.0,60.35699999999998,0.6426624059677124,bmm
,48,48x92x407x482,23.0,615.0,54.0,60.35699999999998,0.9265152096748352,bmm
,47,47x105x260x507,23.0,615.0,54.0,60.35699999999998,0.6864895939826965,bmm
,63,63x95x330x987,31.32,691.8,54.0,59.53588,1.9165184020996093,bmm
,39,39x116x316x848,36.0,735.0,54.0,59.074000000000005,0.27750399708747864,bmm
,50,50x125x374x887,36.0,735.0,54.0,59.074000000000005,0.4073472023010254,bmm
,35,35x107x749x32,36.0,735.0,54.0,59.074000000000005,0.16281600296497345,bmm
,44,44x73x874x12,36.0,735.0,54.0,59.074000000000005,0.18696959912776948,bmm
,46,46x106x744x31,36.0,735.0,54.0,59.074000000000005,0.16014079749584198,bmm
,57,57x85x920x37,36.0,735.0,54.0,59.074000000000005,0.19660800695419312,bmm
,63,63x94x530x47,36.0,735.0,54.0,59.074000000000005,0.12083200365304947,bmm
,43,43x112x1015x54,15.0,1005.0,58.0,75.87400000000001,0.2170879989862442,bmm
,33,33x107x819x98,15.0,1005.0,58.0,75.87400000000001,0.17899519503116607,bmm
,40,40x75x764x127,15.0,1005.0,58.0,75.87400000000001,0.16666880249977112,bmm
,47,47x112x604x105,15.0,1005.0,58.0,75.87400000000001,0.1363711953163147,bmm
,63,63x104x650x209,15.0,1005.0,58.0,75.87400000000001,0.2744320034980774,bmm
,46,46x124x724x231,15.0,1005.0,58.0,75.87400000000001,0.3041279911994934,bmm
,36,36x65x854x211,15.0,1005.0,58.0,75.87400000000001,0.18513279855251313,bmm
,39,39x113x810x383,15.0,1005.0,58.0,75.87400000000001,0.3375104069709778,bmm
,51,51x87x597x450,15.0,1005.0,60.0,93.439,0.37171199917793274,bmm
,40,40x69x706x257,15.0,1005.0,60.0,93.439,0.29444480538368223,bmm
,40,40x94x837x729,15.0,1005.0,60.0,93.439,0.5150719881057739,bmm
,48,48x107x977x652,15.0,1005.0,60.0,93.439,0.7940032124519348,bmm
,65,65x128x723x994,15.0,1005.0,60.0,93.439,1.0446719884872437,bmm
,55,55x178x33x27,15.0,1005.0,60.0,93.439,0.02969600073993206,bmm
,61,61x247x9x1,15.0,1005.0,60.0,93.439,0.0071680000983178616,bmm
,52,52x154x10x10,15.0,1005.0,60.0,93.439,0.020479999482631683,bmm
,44,44x203x1x49,5.0,1005.0,63.0,107.15900000000006,0.008383999951183796,bmm
,33,33x167x26x61,5.0,1005.0,63.0,107.15900000000006,0.018432000651955605,bmm
,54,54x248x31x53,5.0,1005.0,63.0,107.15900000000006,0.026623999699950218,bmm
,43,43x170x6x78,5.0,1005.0,63.0,107.15900000000006,0.01740800030529499,bmm
,64,64x157x11x73,5.0,1005.0,63.0,107.15900000000006,0.02051839977502823,bmm
,38,38x230x1x83,5.0,1005.0,63.0,107.15900000000006,0.010239999741315842,bmm
,59,59x219x21x153,5.0,1005.0,63.0,107.15900000000006,0.04689920097589493,bmm
,41,41x156x7x157,5.0,1005.0,63.0,107.15900000000006,0.02252800017595291,bmm
,36,36x131x33x197,5.0,1005.0,63.0,107.15900000000006,0.03891199827194214,bmm
,35,35x141x26x360,10.0,765.0,62.0,104.74499999999995,0.04915200173854828,bmm
,50,50x239x12x332,10.0,765.0,62.0,104.74499999999995,0.05693440064787865,bmm
,34,34x225x16x406,10.0,765.0,62.0,104.74499999999995,0.05119999870657921,bmm
,48,48x164x32x719,10.0,765.0,62.0,104.74499999999995,0.11796480268239976,bmm
,65,65x199x15x768,10.0,765.0,62.0,104.74499999999995,0.13209599256515503,bmm
,42,42x133x13x779,10.0,765.0,62.0,104.74499999999995,0.0942080020904541,bmm
,58,58x239x61x10,10.0,765.0,62.0,104.74499999999995,0.05632000043988228,bmm
,42,42x229x42x3,10.0,765.0,62.0,104.74499999999995,0.0462784007191658,bmm
,62,62x133x33x19,10.0,765.0,62.0,104.74499999999995,0.04505600035190582,bmm
,35,35x144x62x44,9.0,630.0,63.0,94.69499999999998,0.03686400130391121,bmm
,45,45x161x60x37,9.0,630.0,63.0,94.69499999999998,0.060416001826524734,bmm
,52,52x174x42x61,9.0,630.0,63.0,94.69499999999998,0.050175998359918594,bmm
,49,49x189x55x118,9.0,630.0,63.0,94.69499999999998,0.060416001826524734,bmm
,55,55x231x42x81,9.0,630.0,63.0,94.69499999999998,0.05427199974656105,bmm
,59,59x156x65x103,9.0,630.0,63.0,94.69499999999998,0.07166080176830292,bmm
,42,42x151x54x239,9.0,630.0,63.0,94.69499999999998,0.0853887990117073,bmm
,42,42x247x48x129,9.0,630.0,63.0,94.69499999999998,0.14356479942798614,bmm
,34,34x217x39x154,9.0,630.0,63.0,94.69499999999998,0.05406719967722893,bmm
,60,60x130x48x511,12.8,573.0,61.56,92.32152000000005,0.41021440029144285,bmm
,35,35x132x46x409,14.0,555.0,61.0,91.57200000000006,0.19947519898414612,bmm
,39,39x201x62x425,14.0,555.0,61.0,91.57200000000006,0.34406399726867676,bmm
,63,63x164x62x570,14.0,555.0,61.0,91.57200000000006,0.6256639957427979,bmm
,40,40x179x64x859,14.0,555.0,61.0,91.57200000000006,0.6039552092552185,bmm
,49,49x204x45x651,14.0,555.0,61.0,91.57200000000006,0.5888000130653381,bmm
,61,61x220x73x28,14.0,555.0,61.0,91.57200000000006,0.08130559772253036,bmm
,46,46x179x111x3,34.0,540.0,59.0,75.66200000000002,0.10444799810647964,bmm
,60,60x148x66x21,34.0,540.0,59.0,75.66200000000002,0.07577600330114365,bmm
,52,52x152x76x33,34.0,540.0,59.0,75.66200000000002,0.08191999793052673,bmm
,40,40x164x74x61,34.0,540.0,59.0,75.66200000000002,0.04915200173854828,bmm
,43,43x187x114x34,34.0,540.0,59.0,75.66200000000002,0.11059200018644333,bmm
,62,62x181x72x129,34.0,540.0,59.0,75.66200000000002,0.2150400012731552,bmm
,44,44x242x102x74,34.0,540.0,59.0,75.66200000000002,0.15810559689998627,bmm
,52,52x140x122x118,34.0,540.0,59.0,75.66200000000002,0.18780159950256348,bmm
,41,41x220x81x184,34.0,540.0,59.0,75.66200000000002,0.18882559835910798,bmm
,34,34x166x125x180,13.0,540.0,57.0,60.66200000000001,0.16793600022792815,bmm
,64,64x215x109x194,13.0,540.0,57.0,60.66200000000001,0.39772160053253175,bmm
,44,44x173x83x503,13.0,540.0,57.0,60.66200000000001,0.4669439971446991,bmm
,40,40x202x99x463,13.0,540.0,57.0,60.66200000000001,0.4364288091659546,bmm
,44,44x230x99x510,13.0,540.0,57.0,60.66200000000001,0.5961728096008301,bmm
,35,35x203x90x726,13.0,540.0,57.0,60.66200000000001,0.574668800830841,bmm
,47,47x137x115x845,15.16,540.0,57.0,60.47312000000001,0.7350272059440612,bmm
,57,57x185x109x561,31.0,540.0,57.0,59.08799999999999,0.7454720139503479,bmm
,49,49x224x134x29,31.0,540.0,57.0,59.08799999999999,0.16158719658851622,bmm
,44,44x148x224x20,31.0,540.0,57.0,59.08799999999999,0.19824639558792115,bmm
,55,55x146x139x10,31.0,540.0,57.0,59.08799999999999,0.1157120019197464,bmm
,48,48x178x170x51,31.0,540.0,57.0,59.08799999999999,0.18677760064601898,bmm
,61,61x214x229x53,31.0,540.0,57.0,59.08799999999999,0.3164159953594208,bmm
,33,33x227x175x50,31.0,540.0,57.0,59.08799999999999,0.15626239776611328,bmm
,41,41x237x199x125,19.0,600.0,56.0,60.28299999999997,0.2740224003791809,bmm
,53,53x164x198x72,19.0,600.0,56.0,60.28299999999997,0.23470079898834229,bmm
,52,52x189x141x121,19.0,600.0,56.0,60.28299999999997,0.2289664030075073,bmm
,44,44x130x206x252,19.0,600.0,56.0,60.28299999999997,0.38809600472450256,bmm
,62,62x203x239x199,19.0,600.0,56.0,60.28299999999997,0.6170623898506165,bmm
,41,41x172x221x207,19.0,600.0,56.0,60.28299999999997,0.32235519886016845,bmm
,52,52x243x173x467,19.0,600.0,56.0,60.28299999999997,0.8591359972953796,bmm
,43,43x242x139x325,30.0,600.0,55.0,59.90000000000002,0.48558080196380615,bmm
,37,37x141x150x369,30.0,600.0,55.0,59.90000000000002,0.3758080005645752,bmm
,42,42x247x253x551,30.0,600.0,55.0,59.90000000000002,0.9906176090240478,bmm
,53,53x187x247x690,30.0,600.0,55.0,59.90000000000002,1.2560384273529053,bmm
,38,38x240x205x653,30.0,600.0,55.0,59.90000000000002,0.8996863961219788,bmm
,35,35x237x363x17,43.0,885.0,56.0,63.06999999999999,0.23736320436000824,bmm
,52,52x175x278x11,43.0,885.0,56.0,63.06999999999999,0.2080768018960953,bmm
,57,57x194x486x1,43.0,885.0,56.0,63.06999999999999,0.3504128098487854,bmm
,33,33x129x430x47,43.0,885.0,56.0,63.06999999999999,0.2123775988817215,bmm
,49,49x238x282x52,43.0,885.0,56.0,63.06999999999999,0.32112640142440796,bmm
,59,59x194x469x62,43.0,885.0,56.0,63.06999999999999,0.5177344083786011,bmm
,33,33x207x428x70,43.0,885.0,56.0,63.06999999999999,0.30740481019020083,bmm
,65,65x191x365x68,42.2,885.0,55.84,63.30720000000002,0.4657151997089386,bmm
,34,34x244x477x107,39.0,885.0,55.0,64.25600000000003,0.4249599874019623,bmm
,53,53x134x411x164,39.0,885.0,55.0,64.25600000000003,0.5730303883552551,bmm
,58,58x170x264x250,39.0,885.0,55.0,64.25600000000003,0.6170623898506165,bmm
,52,52x196x344x232,39.0,885.0,55.0,64.25600000000003,0.693452799320221,bmm
,57,57x174x289x431,39.0,885.0,55.0,64.25600000000003,0.9658368229866028,bmm
,59,59x249x259x454,45.0,891.6,55.0,64.11519999999996,1.1841535806655883,bmm
,40,40x250x284x336,54.0,900.0,55.0,63.935999999999986,0.19333119988441466,bmm
,51,51x205x424x543,54.0,900.0,55.0,63.935999999999986,0.6062080264091492,bmm
,63,63x232x457x648,54.0,900.0,55.0,63.935999999999986,0.9432768225669861,bmm
,57,57x176x386x855,54.0,900.0,55.0,63.935999999999986,0.7997056126594544,bmm
,62,62x222x767x1,54.0,900.0,55.0,63.935999999999986,0.1013759970664978,bmm
,35,35x219x876x15,54.0,900.0,55.0,63.935999999999986,0.18840960264205933,bmm
,56,56x199x922x27,37.8,937.8,56.8,70.89516000000002,0.37990400195121765,bmm
,44,44x163x564x49,9.0,1005.0,60.0,83.26700000000002,0.2375616043806076,bmm
,57,57x168x766x46,9.0,1005.0,60.0,83.26700000000002,0.31825920939445496,bmm
,36,36x193x765x39,9.0,1005.0,60.0,83.26700000000002,0.1669120043516159,bmm
,42,42x146x825x94,9.0,1005.0,60.0,83.26700000000002,0.3409920036792755,bmm
,57,57x205x676x82,9.0,1005.0,60.0,83.26700000000002,0.28442240357398985,bmm
,41,41x137x891x116,9.0,1005.0,60.0,83.26700000000002,0.19353599846363068,bmm
,33,33x208x766x207,9.0,1005.0,60.0,83.26700000000002,0.31800320744514465,bmm
,64,64x179x686x147,9.0,1005.0,60.0,83.26700000000002,0.5570368051528931,bmm
,35,35x177x818x176,22.0,1005.0,62.0,101.25399999999996,0.3389439880847931,bmm
,33,33x249x936x421,22.0,1005.0,62.0,101.25399999999996,0.7571135878562927,bmm
,35,35x147x875x257,22.0,1005.0,62.0,101.25399999999996,0.5345280170440674,bmm
,33,33x141x804x262,22.0,1005.0,62.0,101.25399999999996,0.4915199875831604,bmm
,43,43x139x757x893,22.0,1005.0,62.0,101.25399999999996,1.2138495445251465,bmm
,48,48x216x940x648,22.0,1005.0,62.0,101.25399999999996,1.5005375862121582,bmm
,38,38x201x740x593,42.0,1005.0,66.0,109.12199999999997,0.7540736198425293,bmm
,40,40x314x26x3,42.0,1005.0,66.0,109.12199999999997,0.026623999699950218,bmm
,36,36x327x13x6,42.0,1005.0,66.0,109.12199999999997,0.020479999482631683,bmm
,53,53x449x1x24,42.0,1005.0,66.0,109.12199999999997,0.008191999979317188,bmm
,54,54x283x26x48,42.0,1005.0,66.0,109.12199999999997,0.027033599838614465,bmm
,35,35x317x11x36,42.0,1005.0,66.0,109.12199999999997,0.020851199328899384,bmm
,44,44x457x3x36,42.0,1005.0,66.0,109.12199999999997,0.02457600086927414,bmm
,54,54x372x33x76,42.0,1005.0,66.0,109.12199999999997,0.034387200325727466,bmm
,40,40x509x32x71,42.0,1005.0,66.0,109.12199999999997,0.030719999223947525,bmm
,42,42x472x26x67,8.0,1005.0,65.0,112.30000000000001,0.03993599861860275,bmm
,64,64x305x21x237,8.0,1005.0,65.0,112.30000000000001,0.07249920219182968,bmm
,36,36x449x17x222,8.0,1005.0,65.0,112.30000000000001,0.052838399261236194,bmm
,57,57x320x16x178,8.0,1005.0,65.0,112.30000000000001,0.05119999870657921,bmm
,33,33x308x12x340,8.0,1005.0,65.0,112.30000000000001,0.04608000069856644,bmm
,44,44x325x21x379,8.0,1005.0,65.0,112.30000000000001,0.0763776034116745,bmm
,48,48x350x2x305,8.0,1005.0,65.0,112.30000000000001,0.056716800481081006,bmm
,63,63x426x21x599,8.0,1005.0,65.0,112.30000000000001,0.1918912023305893,bmm
,51,51x382x14x671,8.0,1005.0,65.0,112.30000000000001,0.14131200313568115,bmm
,52,52x501x2x966,12.0,1005.0,65.0,104.77599999999998,0.22814719676971434,bmm
,63,63x409x36x9,12.0,1005.0,65.0,104.77599999999998,0.05222399905323982,bmm
,33,33x277x48x26,12.0,1005.0,65.0,104.77599999999998,0.03174399957060814,bmm
,37,37x388x65x28,12.0,1005.0,65.0,104.77599999999998,0.04217599928379059,bmm
,39,39x323x39x43,12.0,1005.0,65.0,104.77599999999998,0.02969600073993206,bmm
,52,52x511x52x44,12.0,1005.0,65.0,104.77599999999998,0.05895040109753609,bmm
,51,51x291x57x36,12.0,1005.0,65.0,104.77599999999998,0.039929598569869995,bmm
,57,57x355x48x65,12.0,1005.0,65.0,104.77599999999998,0.04953600168228149,bmm
,53,53x439x53x122,12.0,1005.0,65.0,104.77599999999998,0.06840320080518722,bmm
,50,50x259x33x71,8.0,1005.0,65.0,97.15100000000001,0.030719999223947525,bmm
,44,44x388x52x195,8.0,1005.0,65.0,97.15100000000001,0.09093120098114013,bmm
,61,61x267x48x233,8.0,1005.0,65.0,97.15100000000001,0.0851967990398407,bmm
,37,37x365x50x132,8.0,1005.0,65.0,97.15100000000001,0.05632000043988228,bmm
,52,52x419x35x494,8.0,1005.0,65.0,97.15100000000001,0.8699904084205627,bmm
,43,43x385x50x332,8.0,1005.0,65.0,97.15100000000001,0.52183039188385,bmm
,62,62x498x51x480,8.0,1005.0,65.0,97.15100000000001,1.2488703727722168,bmm
,65,65x398x39x943,38.0,585.0,63.0,92.21099999999998,1.9281920194625854,bmm
,61,61x355x33x906,38.0,585.0,63.0,92.21099999999998,0.2785152018070221,bmm
,59,59x268x59x669,38.0,585.0,63.0,92.21099999999998,0.22118400037288666,bmm
,60,60x418x99x29,38.0,585.0,63.0,92.21099999999998,0.0870399996638298,bmm
,46,46x493x73x23,38.0,585.0,63.0,92.21099999999998,0.06860800087451935,bmm
,34,34x336x67x31,38.0,585.0,63.0,92.21099999999998,0.043007999658584595,bmm
,41,41x270x127x33,38.0,585.0,63.0,92.21099999999998,0.06615040004253388,bmm
,60,60x412x123x35,10.0,990.0,64.0,87.64899999999994,0.10035199671983719,bmm
,61,61x377x77x43,10.0,990.0,64.0,87.64899999999994,0.07168000191450119,bmm
,49,49x279x104x112,10.0,990.0,64.0,87.64899999999994,0.05939200147986412,bmm
,61,61x315x106x115,10.0,990.0,64.0,87.64899999999994,0.09379840195178986,bmm
,63,63x407x68x94,10.0,990.0,64.0,87.64899999999994,0.08663039952516556,bmm
,64,64x444x122x170,10.0,990.0,64.0,87.64899999999994,0.21094399690628052,bmm
,44,44x410x76x225,10.0,990.0,64.0,87.64899999999994,0.11264000087976456,bmm
,44,44x319x109x220,10.0,990.0,64.0,87.64899999999994,0.11653120219707488,bmm
,37,37x403x77x373,10.0,990.0,64.0,87.64899999999994,0.13413119316101074,bmm
,45,45x271x84x474,15.0,990.0,64.0,90.90799999999996,0.159539195895195,bmm
,33,33x328x105x458,15.0,990.0,64.0,90.90799999999996,0.146630397439003,bmm
,64,64x440x67x609,15.0,990.0,64.0,90.90799999999996,0.30352639555931094,bmm
,37,37x491x103x917,15.0,990.0,64.0,90.90799999999996,0.39813119173049927,bmm
,54,54x439x85x700,15.0,990.0,64.0,90.90799999999996,0.35553279519081116,bmm
,50,50x404x194x26,15.0,990.0,64.0,90.90799999999996,0.14028799533843994,bmm
,63,63x406x179x10,15.0,990.0,64.0,90.90799999999996,0.16793599724769592,bmm
,61,61x510x240x28,15.0,990.0,64.0,90.90799999999996,0.1658879965543747,bmm
,37,37x385x187x60,16.0,990.0,66.0,101.74699999999999,0.09523200243711472,bmm
,62,62x284x233x33,16.0,990.0,66.0,101.74699999999999,0.16281600296497345,bmm
,44,44x478x214x54,16.0,990.0,66.0,101.74699999999999,0.15072639882564545,bmm
,37,37x388x210x83,16.0,990.0,66.0,101.74699999999999,0.10485119819641113,bmm
,44,44x347x141x112,16.0,990.0,66.0,101.74699999999999,0.07782399654388428,bmm
,56,56x349x225x79,16.0,990.0,66.0,101.74699999999999,0.159743994474411,bmm
,61,61x476x130x173,16.0,990.0,66.0,101.74699999999999,0.19742720127105712,bmm
,63,63x375x220x232,16.0,990.0,66.0,101.74699999999999,0.2605120003223419,bmm
,59,59x410x155x197,16.0,990.0,66.0,101.74699999999999,0.317440003156662,bmm
,59,59x322x215x384,22.0,675.0,66.0,103.90700000000001,0.4792320132255554,bmm
,53,53x395x183x403,22.0,675.0,66.0,103.90700000000001,0.6387711882591247,bmm
,55,55x371x257x299,22.0,675.0,66.0,103.90700000000001,0.5888000130653381,bmm
,33,33x305x199x946,22.0,675.0,66.0,103.90700000000001,0.6447104215621948,bmm
,53,53x399x165x681,22.0,675.0,66.0,103.90700000000001,0.8685439944267273,bmm
,44,44x468x227x812,22.0,675.0,66.0,103.90700000000001,1.169817566871643,bmm
,55,55x271x315x26,38.8,666.6,67.04,105.97340000000004,0.3059712052345276,bmm
,51,51x280x392x6,52.0,660.0,68.0,107.59700000000004,0.2486272007226944,bmm
,52,52x339x276x10,52.0,660.0,68.0,107.59700000000004,0.18534399569034576,bmm
,49,49x336x287x46,52.0,660.0,68.0,107.59700000000004,0.19148799777030945,bmm
,38,38x510x316x46,52.0,660.0,68.0,107.59700000000004,0.2099200040102005,bmm
,53,53x326x505x37,52.0,660.0,68.0,107.59700000000004,0.3217408061027527,bmm
,40,40x451x319x101,52.0,660.0,68.0,107.59700000000004,0.2127680003643036,bmm
,44,44x455x291x117,52.0,660.0,68.0,107.59700000000004,0.2887679934501648,bmm
,50,50x440x475x114,52.0,660.0,68.0,107.59700000000004,0.4505600035190582,bmm
,44,44x486x301x245,24.0,675.0,67.0,109.49800000000003,0.48312321305274963,bmm
,50,50x313x370x130,24.0,675.0,67.0,109.49800000000003,0.4679679870605469,bmm
,42,42x260x498x233,24.0,675.0,67.0,109.49800000000003,0.6131584167480468,bmm
,50,50x498x424x336,24.0,675.0,67.0,109.49800000000003,1.0270719528198242,bmm
,55,55x272x417x356,24.0,675.0,67.0,109.49800000000003,0.893337607383728,bmm
,34,34x294x269x410,24.0,675.0,67.0,109.49800000000003,0.42905598878860474,bmm
,41,41x275x346x600,37.44,675.0,68.2,110.04392000000007,0.8587135910987854,bmm
,48,48x463x264x839,45.0,675.0,69.0,110.35100000000006,1.2631807804107666,bmm
,60,60x264x450x581,45.0,675.0,69.0,110.35100000000006,1.3868991613388062,bmm
,61,61x469x608x15,45.0,675.0,69.0,110.35100000000006,0.40876801013946534,bmm
,50,50x411x983x32,45.0,675.0,69.0,110.35100000000006,0.6461439728736877,bmm
,62,62x321x828x8,45.0,675.0,69.0,110.35100000000006,0.5488640069961548,bmm
,43,43x399x681x56,45.0,675.0,69.0,110.35100000000006,0.45791999697685243,bmm
,35,35x400x533x41,41.0,930.0,70.0,116.10399999999996,0.2457599937915802,bmm
,62,62x347x635x55,41.0,930.0,70.0,116.10399999999996,0.4308992028236389,bmm
,65,65x280x822x110,41.0,930.0,70.0,116.10399999999996,0.5472255945205688,bmm
,36,36x258x572x67,41.0,930.0,70.0,116.10399999999996,0.26275200247764585,bmm
,33,33x487x659x94,41.0,930.0,70.0,116.10399999999996,0.3020800054073334,bmm
,51,51x382x967x132,41.0,930.0,70.0,116.10399999999996,0.8478720188140869,bmm
,59,59x291x641x135,41.0,930.0,70.0,116.10399999999996,0.7104511857032776,bmm
,34,34x454x1002x238,36.0,930.0,71.0,117.24499999999993,0.881663978099823,bmm
,47,47x511x598x299,36.0,930.0,71.0,117.24499999999993,0.9230207920074462,bmm
,49,49x480x865x451,36.0,930.0,71.0,117.24499999999993,1.7459263563156129,bmm
,39,39x307x794x272,36.0,930.0,71.0,117.24499999999993,0.8038399815559387,bmm
,53,53x433x738x767,36.0,930.0,71.0,117.24499999999993,2.3789567947387695,bmm
,40,40x268x827x929,50.0,1005.0,75.0,124.11099999999999,1.9842623710632323,bmm
,64,64x348x749x840,50.0,1005.0,75.0,124.11099999999999,2.553023910522461,bmm
,51,51x1018x30x1,50.0,1005.0,75.0,124.11099999999999,0.021503999829292297,bmm
,61,61x660x16x13,50.0,1005.0,75.0,124.11099999999999,0.03993599861860275,bmm
,60,60x718x1x8,50.0,1005.0,75.0,124.11099999999999,0.010239999741315842,bmm
,57,57x536x33x43,50.0,1005.0,75.0,124.11099999999999,0.059379201382398605,bmm
,40,40x705x10x49,50.0,1005.0,75.0,124.11099999999999,0.029683200642466545,bmm
,46,46x549x19x49,7.0,1005.0,74.0,137.029,0.03379200026392937,bmm
,39,39x794x33x92,7.0,1005.0,74.0,137.029,0.06532479971647262,bmm
,64,64x974x17x69,7.0,1005.0,74.0,137.029,0.08089599758386612,bmm
,40,40x600x31x114,7.0,1005.0,74.0,137.029,0.052396798878908156,bmm
,55,55x581x23x237,7.0,1005.0,74.0,137.029,0.10301439762115479,bmm
,62,62x1006x22x140,7.0,1005.0,74.0,137.029,0.1372159957885742,bmm
,63,63x906x28x185,7.0,1005.0,74.0,137.029,0.16997120380401612,bmm
,33,33x996x9x261,7.0,1005.0,74.0,137.029,0.09562880247831344,bmm
,45,45x514x4x261,7.0,1005.0,74.0,137.029,0.06430719941854476,bmm
,61,61x993x7x475,17.0,1005.0,72.0,122.81399999999996,0.2750400066375732,bmm
,51,51x785x2x530,17.0,1005.0,72.0,122.81399999999996,0.19416320323944092,bmm
,33,33x982x2x883,17.0,1005.0,72.0,122.81399999999996,0.25701119303703307,bmm
,42,42x942x1x544,17.0,1005.0,72.0,122.81399999999996,0.19189760088920593,bmm
,46,46x879x64x6,17.0,1005.0,72.0,122.81399999999996,0.07741439938545228,bmm
,38,38x1019x41x27,17.0,1005.0,72.0,122.81399999999996,0.06961280107498169,bmm
,34,34x913x36x6,17.0,1005.0,72.0,122.81399999999996,0.05222399905323982,bmm
,48,48x840x59x46,17.0,1005.0,72.0,122.81399999999996,0.09482240229845047,bmm
,47,47x856x50x37,9.0,1005.0,70.08,102.637,0.08683519959449768,bmm
,65,65x597x41x41,9.0,1005.0,70.0,102.637,0.07168000191450119,bmm
,33,33x956x64x90,9.0,1005.0,70.0,102.637,0.08130559772253036,bmm
,60,60x1003x39x128,9.0,1005.0,70.0,102.637,0.12982400357723237,bmm
,44,44x948x60x120,9.0,1005.0,70.0,102.637,0.11653120219707488,bmm
,41,41x844x54x251,9.0,1005.0,70.0,102.637,0.1546239972114563,bmm
,40,40x964x39x228,9.0,1005.0,70.0,102.637,0.13967359960079193,bmm
,56,56x557x33x176,9.0,1005.0,70.0,102.637,0.1085439994931221,bmm
,54,54x526x37x457,9.0,1005.0,70.0,102.637,0.20049919486045836,bmm
,57,57x685x35x263,10.36,1005.0,69.36,102.56764,0.18186239898204803,bmm
,53,53x1019x38x398,11.0,1005.0,69.0,102.535,0.3170304000377655,bmm
,54,54x580x50x902,11.0,1005.0,69.0,102.535,0.4429823994636536,bmm
,52,52x833x48x670,11.0,1005.0,69.0,102.535,0.46120959520339966,bmm
,54,54x545x55x537,11.0,1005.0,69.0,102.535,0.3266560137271881,bmm
,45,45x559x124x29,11.0,1005.0,69.0,102.535,0.1265600025653839,bmm
,35,35x648x65x20,11.0,1005.0,69.0,102.535,0.08110079765319825,bmm
,45,45x593x77x8,11.0,1005.0,69.0,102.535,0.08867840021848679,bmm
,40,40x565x111x64,11.6,954.0,69.0,103.0046,0.11673600226640701,bmm
,52,52x865x110x53,14.0,750.0,69.0,104.88299999999998,0.19292160272598266,bmm
,41,41x601x105x63,14.0,750.0,69.0,104.88299999999998,0.12349439710378647,bmm
,36,36x947x94x75,14.0,750.0,69.0,104.88299999999998,0.14131200313568115,bmm
,61,61x746x77x87,14.0,750.0,69.0,104.88299999999998,0.1515520066022873,bmm
,35,35x661x87x95,14.0,750.0,69.0,104.88299999999998,0.11059200018644333,bmm
,51,51x777x89x150,14.0,750.0,69.0,104.88299999999998,0.3051519989967346,bmm
,42,42x630x124x161,14.0,750.0,69.0,104.88299999999998,0.2662400007247925,bmm
,39,39x765x115x148,14.0,750.0,69.0,104.88299999999998,0.2648063898086548,bmm
,38,38x895x90x285,26.0,630.0,69.0,104.99600000000005,0.3555199921131134,bmm
,43,43x836x129x461,26.0,630.0,69.0,104.99600000000005,0.7098367810249329,bmm
,60,60x611x70x295,26.0,630.0,69.0,104.99600000000005,0.32153600454330444,bmm
,42,42x515x77x753,26.0,630.0,69.0,104.99600000000005,0.4925439953804016,bmm
,48,48x902x66x990,26.0,630.0,69.0,104.99600000000005,1.0940415859222412,bmm
,33,33x980x79x957,26.0,630.0,69.0,104.99600000000005,0.814899206161499,bmm
,56,56x778x222x27,52.0,600.0,70.0,105.26800000000001,0.40325120091438293,bmm
,65,65x1025x235x10,52.0,600.0,70.0,105.26800000000001,0.549888014793396,bmm
,39,39x713x251x19,52.0,600.0,70.0,105.26800000000001,0.23244799673557281,bmm
,33,33x816x157x37,52.0,600.0,70.0,105.26800000000001,0.15667200088500977,bmm
,63,63x540x193x57,52.0,600.0,70.0,105.26800000000001,0.2443263977766037,bmm
,47,47x593x217x44,52.0,600.0,70.0,105.26800000000001,0.20787200331687927,bmm
,38,38x975x172x81,52.0,600.0,70.0,105.26800000000001,0.22077439725399017,bmm
,63,63x804x243x72,52.0,600.0,70.0,105.26800000000001,0.4352000057697296,bmm
,37,37x1017x183x105,19.0,735.0,69.0,108.91100000000004,0.235315203666687,bmm
,59,59x736x253x147,19.0,735.0,69.0,108.91100000000004,0.662937581539154,bmm
,40,40x911x185x178,19.0,735.0,69.0,108.91100000000004,0.4546560049057007,bmm
,56,56x853x257x186,19.0,735.0,69.0,108.91100000000004,0.7559167742729187,bmm
,44,44x843x146x387,19.0,735.0,69.0,108.91100000000004,0.710643184185028,bmm
,49,49x838x188x305,19.0,735.0,69.0,108.91100000000004,0.7086079716682434,bmm
,35,35x693x156x492,19.0,735.0,69.0,108.91100000000004,0.5164927959442138,bmm
,41,41x636x251x744,31.0,750.0,71.0,112.93800000000006,1.0788863897323608,bmm
,53,53x828x132x609,31.0,750.0,71.0,112.93800000000006,0.9269248008728027,bmm
,59,59x872x152x633,31.0,750.0,71.0,112.93800000000006,0.9668608069419861,bmm
,35,35x840x416x9,31.0,750.0,71.0,112.93800000000006,0.2783232033252716,bmm
,44,44x549x346x16,31.0,750.0,71.0,112.93800000000006,0.2385919988155365,bmm
,34,34x749x413x9,31.0,750.0,71.0,112.93800000000006,0.2793472111225128,bmm
,49,49x726x498x56,22.16,859.2,71.0,115.03672000000005,0.44033278822898864,bmm
,34,34x973x394x46,14.0,960.0,71.0,116.97400000000003,0.3553279936313629,bmm
,63,63x927x425x35,14.0,960.0,71.0,116.97400000000003,0.6506304025650025,bmm
,60,60x973x389x123,14.0,960.0,71.0,116.97400000000003,0.543334424495697,bmm
,39,39x857x457x126,14.0,960.0,71.0,116.97400000000003,0.41963520646095276,bmm
,46,46x803x363x112,14.0,960.0,71.0,116.97400000000003,0.34078720211982727,bmm
,44,44x958x293x249,14.0,960.0,71.0,116.97400000000003,0.5988351821899414,bmm
,65,65x586x467x192,25.44,960.0,71.52,117.93235999999999,0.8085504174232483,bmm
,54,54x599x363x129,36.0,960.0,72.0,118.817,0.562175989151001,bmm
,60,60x733x386x412,36.0,960.0,72.0,118.817,1.5017920017242432,bmm
,38,38x1001x281x486,36.0,960.0,72.0,118.817,0.9172800064086915,bmm
,53,53x555x507x510,36.0,960.0,72.0,118.817,1.35392005443573,bmm
,63,63x911x495x942,41.88,997.8,74.52,125.02291999999996,4.972544193267822,bmm
,38,38x590x419x995,43.0,1005.0,75.0,126.20499999999997,1.6261119842529297,bmm
,49,49x864x382x854,43.0,1005.0,75.0,126.20499999999997,2.327328062057495,bmm
,37,37x574x764x20,43.0,1005.0,75.0,126.20499999999997,0.47095680236816406,bmm
,60,60x591x832x20,43.0,1005.0,75.0,126.20499999999997,0.6727679967880249,bmm
,41,41x890x926x22,44.0,1005.0,80.0,157.30200000000005,0.749567985534668,bmm
,63,63x760x945x44,44.0,1005.0,80.0,157.30200000000005,0.961299192905426,bmm
,46,46x605x772x62,44.0,1005.0,80.0,157.30200000000005,0.48001919984817504,bmm
,47,47x1005x744x55,44.0,1005.0,80.0,157.30200000000005,0.7554879903793335,bmm
,55,55x895x713x99,44.0,1005.0,80.0,157.30200000000005,0.7526400089263916,bmm
,54,54x882x626x113,44.0,1005.0,80.0,157.30200000000005,0.6686720252037048,bmm
,49,49x643x690x104,38.0,1005.0,79.0,156.06300000000007,0.5742592215538025,bmm
,51,51x924x603x179,38.0,1005.0,79.0,156.06300000000007,1.2289920568466186,bmm
,61,61x964x603x154,38.0,1005.0,79.0,156.06300000000007,1.4690303802490234,bmm
,42,42x929x786x216,38.0,1005.0,79.0,156.06300000000007,1.4305280447006226,bmm
,49,49x650x639x464,38.0,1005.0,79.0,156.06300000000007,1.9187711477279663,bmm
,38,38x516x524x433,47.0,1005.0,81.0,140.22800000000004,1.0647552013397217,bmm
,64,64x644x773x354,47.0,1005.0,81.0,140.22800000000004,2.3109631538391113,bmm
,51,51x542x690x699,47.0,1005.0,81.0,140.22800000000004,2.6333184242248535,bmm
,58,58x778x722x549,48.4,1005.0,81.56,142.97451999999998,3.614675283432007,bmm
,57,57x566x939x644,52.0,1005.0,83.0,150.03699999999992,3.91843843460083,bmm
,107,107x8x17x21,52.0,1005.0,83.0,150.03699999999992,0.007142400089651346,bmm
,76,76x27x31x14,52.0,1005.0,83.0,150.03699999999992,0.01669760011136532,bmm
,85,85x11x1x8,52.0,1005.0,83.0,150.03699999999992,0.005119999870657921,bmm
,67,67x26x18x53,52.0,1005.0,83.0,150.03699999999992,0.015347199700772762,bmm
,107,107x11x33x64,52.0,1005.0,83.0,150.03699999999992,0.008191999979317188,bmm
,107,107x15x18x59,52.0,1005.0,83.0,150.03699999999992,0.008179200068116187,bmm
,88,88x4x8x115,5.0,1005.0,81.0,163.68600000000006,0.0071680000983178616,bmm
,117,117x4x17x120,5.0,1005.0,81.0,163.68600000000006,0.007718400098383427,bmm
,116,116x26x32x78,5.0,1005.0,81.0,163.68600000000006,0.02457600086927414,bmm
,128,128x9x4x214,5.0,1005.0,81.0,163.68600000000006,0.012012800201773643,bmm
,106,106x14x16x134,5.0,1005.0,81.0,163.68600000000006,0.011052799969911575,bmm
,101,101x26x1x243,5.0,1005.0,81.0,163.68600000000006,0.008191999979317188,bmm
,104,104x11x22x362,5.0,1005.0,81.0,163.68600000000006,0.017561600357294083,bmm
,67,67x24x21x412,5.0,1005.0,81.0,163.68600000000006,0.03988479971885681,bmm
,116,116x16x20x314,5.0,1005.0,81.0,163.68600000000006,0.02252800017595291,bmm
,98,98x16x5x781,6.0,1005.0,78.0,151.38700000000006,0.035814400762319565,bmm
,77,77x26x22x896,6.0,1005.0,78.0,151.38700000000006,0.06653439998626709,bmm
,117,117x26x3x672,6.0,1005.0,78.0,151.38700000000006,0.057312000542879105,bmm
,121,121x7x49x32,6.0,1005.0,78.0,151.38700000000006,0.0071680000983178616,bmm
,68,68x13x57x7,6.0,1005.0,78.0,151.38700000000006,0.008179200068116187,bmm
,105,105x21x39x26,6.0,1005.0,78.0,151.38700000000006,0.028204799816012382,bmm
,70,70x32x36x62,6.0,1005.0,78.0,151.38700000000006,0.018432000651955605,bmm
,104,104x11x64x52,6.0,1005.0,78.0,151.38700000000006,0.00912639982998371,bmm
,111,111x28x56x42,6.0,1005.0,78.0,151.38700000000006,0.03379200026392937,bmm
,76,76x9x41x90,6.0,1005.0,78.0,151.38700000000006,0.009184000268578529,bmm
,98,98x18x57x112,5.0,1005.0,77.0,131.5970000000001,0.03786880150437355,bmm
,108,108x10x36x91,5.0,1005.0,77.0,131.5970000000001,0.011264000087976456,bmm
,96,96x13x48x211,5.0,1005.0,77.0,131.5970000000001,0.015359999611973763,bmm
,126,126x3x33x236,5.0,1005.0,77.0,131.5970000000001,0.009216000325977802,bmm
,128,128x10x35x201,5.0,1005.0,77.0,131.5970000000001,0.01655679978430271,bmm
,124,124x20x39x299,5.0,1005.0,77.0,131.5970000000001,0.06382079869508743,bmm
,71,71x8x37x448,5.0,1005.0,77.0,131.5970000000001,0.015359999611973763,bmm
,82,82x22x43x462,5.0,1005.0,77.0,131.5970000000001,0.058316800743341446,bmm
,94,94x33x52x709,5.0,1005.0,77.0,131.5970000000001,0.26521599292755127,bmm
,68,68x11x38x824,6.12,660.6,76.48,131.24363999999994,0.06573439985513688,bmm
,75,75x32x34x709,7.0,390.0,76.0,130.96599999999992,0.186572802066803,bmm
,94,94x21x91x16,7.0,390.0,76.0,130.96599999999992,0.12390399724245071,bmm
,123,123x15x75x31,7.0,390.0,76.0,130.96599999999992,0.020479999482631683,bmm
,70,70x20x121x14,7.0,390.0,76.0,130.96599999999992,0.09011200070381165,bmm
,78,78x7x71x63,7.0,390.0,76.0,130.96599999999992,0.01841920055449009,bmm
,91,91x19x129x54,7.0,390.0,76.0,130.96599999999992,0.17079680263996125,bmm
,81,81x27x125x35,7.0,390.0,76.0,130.96599999999992,0.09829120337963104,bmm
,73,73x6x72x121,7.0,390.0,76.0,130.96599999999992,0.023756800591945647,bmm
,71,71x10x92x94,7.0,390.0,76.0,130.96599999999992,0.029452800378203393,bmm
,115,115x21x82x104,13.0,345.0,73.0,118.04599999999996,0.13209599256515503,bmm
,78,78x8x66x194,13.0,345.0,73.0,118.04599999999996,0.03809280097484589,bmm
,119,119x29x115x136,13.0,345.0,73.0,118.04599999999996,0.2543615996837616,bmm
,125,125x31x85x256,13.0,345.0,73.0,118.04599999999996,0.2576383948326111,bmm
,95,95x13x88x260,13.0,345.0,73.0,118.04599999999996,0.07393280267715455,bmm
,75,75x32x111x409,13.0,345.0,73.0,118.04599999999996,0.32870399951934814,bmm
,77,77x23x86x464,13.0,345.0,73.0,118.04599999999996,0.26951679587364197,bmm
,83,83x16x92x920,13.0,345.0,73.0,118.04599999999996,0.2525183975696564,bmm
,77,77x30x65x610,23.0,315.0,71.0,101.035,0.3008511960506439,bmm
,81,81x16x94x665,23.0,315.0,71.0,101.035,0.21401600539684296,bmm
,121,121x6x201x11,23.0,315.0,71.0,101.035,0.026623999699950218,bmm
,75,75x16x146x12,23.0,315.0,71.0,101.035,0.02661759965121746,bmm
,128,128x11x225x24,23.0,315.0,71.0,101.035,0.035840000957250595,bmm
,118,118x4x136x36,23.0,315.0,71.0,101.035,0.02457600086927414,bmm
,111,111x17x168x35,23.0,315.0,71.0,101.035,0.26521599292755127,bmm
,88,88x26x208x37,23.0,315.0,71.0,101.035,0.337715208530426,bmm
,85,85x16x211x118,23.0,315.0,71.0,101.035,0.2056192010641098,bmm
,66,66x3x180x83,23.0,315.0,71.0,101.035,0.02969600073993206,bmm
,105,105x17x142x101,28.0,270.0,68.0,95.523,0.25640960335731505,bmm
,67,67x18x210x183,28.0,270.0,68.0,95.523,0.3604480028152466,bmm
,100,100x22x192x182,28.0,270.0,68.0,95.523,0.47513601183891296,bmm
,72,72x16x187x217,28.0,270.0,68.0,95.523,0.25333759784698484,bmm
,128,128x4x197x283,28.0,270.0,68.0,95.523,0.49663999676704407,bmm
,69,69x32x148x303,28.0,270.0,68.0,95.523,0.4304896056652069,bmm
,115,115x28x188x345,35.0,255.0,64.0,72.78199999999998,0.8542208075523376,bmm
,65,65x30x240x587,35.0,255.0,64.0,72.78199999999998,0.8110079884529113,bmm
,119,119x2x139x551,35.0,255.0,64.0,72.78199999999998,0.606003212928772,bmm
,79,79x25x191x629,35.0,255.0,64.0,72.78199999999998,0.8300544023513794,bmm
,87,87x3x263x31,35.0,255.0,64.0,72.78199999999998,0.02457600086927414,bmm
,93,93x2x370x4,35.0,255.0,64.0,72.78199999999998,0.026623999699950218,bmm
,120,120x25x470x29,28.76,301.8,62.96,68.07912000000003,0.5699583888053894,bmm
,96,96x6x281x61,23.0,345.0,62.0,63.738000000000035,0.11407360136508941,bmm
,90,90x7x450x64,23.0,345.0,62.0,63.738000000000035,0.19742720127105712,bmm
,102,102x22x421x34,23.0,345.0,62.0,63.738000000000035,0.5150719881057739,bmm
,77,77x26x366x66,23.0,345.0,62.0,63.738000000000035,0.262963205575943,bmm
,100,100x7x481x117,23.0,345.0,62.0,63.738000000000035,0.3960831999778748,bmm
,106,106x26x285x65,23.0,345.0,62.0,63.738000000000035,0.3647488057613373,bmm
,112,112x3x391x155,24.68,345.0,61.52,63.30540000000002,0.45404160022735596,bmm
,127,127x3x452x178,30.0,345.0,60.0,62.19299999999999,0.6672384142875671,bmm
,97,97x26x354x147,30.0,345.0,60.0,62.19299999999999,0.6365184187889099,bmm
,98,98x8x384x466,30.0,345.0,60.0,62.19299999999999,1.2355583906173706,bmm
,117,117x14x405x289,30.0,345.0,60.0,62.19299999999999,0.9574400186538696,bmm
,85,85x21x316x484,34.2,359.4,59.92,62.224920000000004,1.0573823690414428,bmm
,92,92x5x268x715,65.0,465.0,59.0,62.45900000000004,1.1573247909545898,bmm
,68,68x15x366x973,65.0,465.0,59.0,62.45900000000004,1.6713727712631226,bmm
,114,114x2x371x684,65.0,465.0,59.0,62.45900000000004,1.8360320329666138,bmm
,102,102x27x609x11,65.0,465.0,59.0,62.45900000000004,0.2519040107727051,bmm
,97,97x5x991x1,72.0,1005.0,59.0,67.38100000000003,0.009216000325977802,bmm
,90,90x3x967x7,72.0,1005.0,59.0,67.38100000000003,0.01945599913597107,bmm
,107,107x28x971x50,72.0,1005.0,59.0,67.38100000000003,0.3921728074550629,bmm
,65,65x4x831x44,72.0,1005.0,59.0,67.38100000000003,0.03379200026392937,bmm
,129,129x32x668x45,72.0,1005.0,59.0,67.38100000000003,0.2744320034980774,bmm
,114,114x29x547x120,72.0,1005.0,59.0,67.38100000000003,0.2292800009250641,bmm
,89,89x24x782x115,72.0,1005.0,59.0,67.38100000000003,0.31815040707588194,bmm
,77,77x26x920x84,72.0,1005.0,59.0,67.38100000000003,0.1902592033147812,bmm
,119,119x5x938x147,72.0,1005.0,59.0,67.38100000000003,0.16076800227165222,bmm
,126,126x9x714x184,19.0,1005.0,62.0,83.08300000000003,0.16179199516773224,bmm
,82,82x9x534x234,19.0,1005.0,62.0,83.08300000000003,0.10648959875106812,bmm
,95,95x28x706x419,19.0,1005.0,62.0,83.08300000000003,0.7116671919822692,bmm
,123,123x7x692x451,19.0,1005.0,62.0,83.08300000000003,0.40509440302848815,bmm
,129,129x8x631x295,19.0,1005.0,62.0,83.08300000000003,0.2373248040676117,bmm
,114,114x11x1006x1003,19.0,1005.0,62.0,83.08300000000003,1.0868352413177491,bmm
,67,67x14x662x707,19.0,1005.0,62.0,83.08300000000003,0.30220800042152407,bmm
,109,109x5x662x773,19.0,1005.0,62.0,83.08300000000003,0.5146175861358643,bmm
,120,120x39x7x11,46.0,1005.0,65.0,103.86799999999995,0.016383999958634377,bmm
,124,124x47x11x8,46.0,1005.0,65.0,103.86799999999995,0.01945599913597107,bmm
,65,65x37x29x2,46.0,1005.0,65.0,103.86799999999995,0.016383999958634377,bmm
,107,107x38x2x34,46.0,1005.0,65.0,103.86799999999995,0.016383999958634377,bmm
,66,66x61x9x41,46.0,1005.0,65.0,103.86799999999995,0.013478399813175201,bmm
,83,83x34x8x59,46.0,1005.0,65.0,103.86799999999995,0.01603200025856495,bmm
,73,73x34x25x77,46.0,1005.0,65.0,103.86799999999995,0.016383999958634377,bmm
,83,83x59x11x65,46.0,1005.0,65.0,103.86799999999995,0.01945599913597107,bmm
,112,112x43x16x85,46.0,1005.0,65.0,103.86799999999995,0.018432000651955605,bmm
,108,108x45x24x140,46.0,1005.0,65.0,103.86799999999995,0.030719999223947525,bmm
,121,121x50x2x189,5.0,1005.0,64.0,107.00799999999998,0.023552000522613525,bmm
,88,88x35x21x219,5.0,1005.0,64.0,107.00799999999998,0.03174399957060814,bmm
,121,121x49x21x310,5.0,1005.0,64.0,107.00799999999998,0.05273599922657013,bmm
,65,65x65x13x396,5.0,1005.0,64.0,107.00799999999998,0.03496960029006004,bmm
,78,78x54x26x281,5.0,1005.0,64.0,107.00799999999998,0.053247999399900436,bmm
,65,65x63x16x1021,5.0,1005.0,64.0,107.00799999999998,0.0851967990398407,bmm
,108,108x51x15x817,5.0,1005.0,64.0,107.00799999999998,0.115488001704216,bmm
,122,122x65x15x1021,5.0,1005.0,64.0,107.00799999999998,0.1417152017354965,bmm
,114,114x39x45x21,5.0,1005.0,64.0,107.00799999999998,0.04710400104522705,bmm
,117,117x54x41x22,14.0,660.0,64.0,101.546,0.04710400104522705,bmm
,84,84x49x36x13,14.0,660.0,64.0,101.546,0.04198399931192398,bmm
,122,122x35x42x35,14.0,660.0,64.0,101.546,0.04710400104522705,bmm
,78,78x48x38x42,14.0,660.0,64.0,101.546,0.028672000393271446,bmm
,101,101x59x55x48,14.0,660.0,64.0,101.546,0.055475199967622756,bmm
,127,127x52x46x94,14.0,660.0,64.0,101.546,0.05116159915924072,bmm
,88,88x44x42x72,14.0,660.0,64.0,101.546,0.05427199974656105,bmm
,72,72x46x46x97,14.0,660.0,64.0,101.546,0.03379200026392937,bmm
,83,83x40x33x215,14.0,660.0,64.0,101.546,0.06963200122117996,bmm
,123,123x36x53x202,9.0,570.0,64.0,95.52700000000003,0.08806400001049042,bmm
,98,98x59x59x222,9.0,570.0,64.0,95.52700000000003,0.10342399775981903,bmm
,111,111x62x46x488,9.0,570.0,64.0,95.52700000000003,0.158720001578331,bmm
,76,76x42x65x513,9.0,570.0,64.0,95.52700000000003,0.17489920556545258,bmm
,108,108x45x64x295,9.0,570.0,64.0,95.52700000000003,0.12922880053520203,bmm
,124,124x45x40x691,9.0,570.0,64.0,95.52700000000003,0.2310016006231308,bmm
,125,125x33x65x922,9.0,570.0,64.0,95.52700000000003,0.45382399559020997,bmm
,112,112x61x57x976,9.0,570.0,64.0,95.52700000000003,0.35594239830970764,bmm
,68,68x44x66x24,9.0,570.0,64.0,95.52700000000003,0.049139201641082764,bmm
,123,123x54x94x28,27.0,480.0,65.0,95.89100000000003,0.10239999741315842,bmm
,109,109x46x121x19,27.0,480.0,65.0,95.89100000000003,0.12800000607967377,bmm
,108,108x64x76x62,27.0,480.0,65.0,95.89100000000003,0.09216000139713287,bmm
,101,101x35x110x61,27.0,480.0,65.0,95.89100000000003,0.11878400295972824,bmm
,76,76x36x112x37,27.0,480.0,65.0,95.89100000000003,0.06656000018119812,bmm
,90,90x50x66x70,27.0,480.0,65.0,95.89100000000003,0.08599039912223816,bmm
,73,73x51x125x97,27.0,480.0,65.0,95.89100000000003,0.09871360063552856,bmm
,120,120x38x123x88,27.0,480.0,65.0,95.89100000000003,0.1888256013393402,bmm
,100,100x54x98x244,17.0,435.0,63.0,93.21700000000004,0.3276799976825714,bmm
,91,91x49x113x192,17.0,435.0,63.0,93.21700000000004,0.3020800054073334,bmm
,82,82x41x95x144,17.0,435.0,63.0,93.21700000000004,0.13701120018959045,bmm
,96,96x36x92x482,17.0,435.0,63.0,93.21700000000004,0.4558848083019257,bmm
,66,66x64x88x506,17.0,435.0,63.0,93.21700000000004,0.3758080005645752,bmm
,68,68x43x87x430,17.0,435.0,63.0,93.21700000000004,0.29491199254989625,bmm
,107,107x42x70x761,17.0,435.0,63.0,93.21700000000004,0.6316031813621521,bmm
,126,126x57x82x950,24.0,405.0,60.0,75.625,1.1644928455352783,bmm
,75,75x33x117x699,24.0,405.0,60.0,75.625,0.5814272165298462,bmm
,97,97x54x183x22,24.0,405.0,60.0,75.625,0.16486400365829468,bmm
,84,84x54x216x22,24.0,405.0,60.0,75.625,0.18943999707698822,bmm
,123,123x47x229x22,24.0,405.0,60.0,75.625,0.21114879846572876,bmm
,124,124x61x136x33,24.0,405.0,60.0,75.625,0.14172160029411315,bmm
,75,75x41x141x47,24.0,405.0,60.0,75.625,0.07557120323181152,bmm
,74,74x35x133x40,24.0,405.0,60.0,75.625,0.07229440212249756,bmm
,105,105x57x222x120,11.0,510.0,59.0,62.50900000000001,0.34242560267448424,bmm
,121,121x40x205x111,11.0,510.0,59.0,62.50900000000001,0.3088383972644806,bmm
,77,77x37x176x76,11.0,510.0,59.0,62.50900000000001,0.1202176034450531,bmm
,68,68x65x165x205,11.0,510.0,59.0,62.50900000000001,0.2772991955280304,bmm
,97,97x38x174x151,11.0,510.0,59.0,62.50900000000001,0.3211264073848724,bmm
,103,103x59x131x151,11.0,510.0,59.0,62.50900000000001,0.3039231956005096,bmm
,118,118x38x176x509,11.0,510.0,59.0,62.50900000000001,0.9183232188224792,bmm
,104,104x35x170x282,29.0,510.0,57.0,61.044000000000025,0.48680959939956664,bmm
,91,91x39x242x334,29.0,510.0,57.0,61.044000000000025,0.659660816192627,bmm
,69,69x53x136x627,29.0,510.0,57.0,61.044000000000025,0.6184960126876831,bmm
,72,72x64x245x868,29.0,510.0,57.0,61.044000000000025,1.3756415843963623,bmm
,72,72x53x241x544,29.0,510.0,57.0,61.044000000000025,0.8630272030830384,bmm
,96,96x46x493x4,29.0,510.0,57.0,61.044000000000025,0.31825920939445496,bmm
,92,92x34x464x22,39.0,690.0,57.0,62.382000000000005,0.2949120104312897,bmm
,100,100x55x418x8,39.0,690.0,57.0,62.382000000000005,0.2764799892902374,bmm
,95,95x34x273x49,39.0,690.0,57.0,62.382000000000005,0.19967999756336213,bmm
,76,76x41x276x58,39.0,690.0,57.0,62.382000000000005,0.17571840286254883,bmm
,78,78x40x394x49,39.0,690.0,57.0,62.382000000000005,0.23695360124111176,bmm
,68,68x45x449x74,39.0,690.0,57.0,62.382000000000005,0.2779136002063751,bmm
,129,129x49x375x128,39.0,690.0,57.0,62.382000000000005,0.610918402671814,bmm
,65,65x38x304x117,39.0,690.0,57.0,62.382000000000005,0.23797760307788848,bmm
,106,106x61x267x178,34.32,690.0,56.48,62.41891999999998,0.5664768099784852,bmm
,89,89x63x494x137,30.0,690.0,56.0,62.45299999999998,0.7600128054618835,bmm
,82,82x38x500x219,30.0,690.0,56.0,62.45299999999998,0.7258111834526062,bmm
,101,101x53x351x376,30.0,690.0,56.0,62.45299999999998,1.109606385231018,bmm
,78,78x41x402x429,30.0,690.0,56.0,62.45299999999998,1.064140796661377,bmm
,92,92x63x343x498,30.0,690.0,56.0,62.45299999999998,1.3557759761810302,bmm
,81,81x37x496x551,54.0,735.0,56.0,63.174999999999976,1.6117759943008423,bmm
,129,129x48x287x981,54.0,735.0,56.0,63.174999999999976,0.7649535894393921,bmm
,125,125x40x332x861,54.0,735.0,56.0,63.174999999999976,0.7505919933319092,bmm
,83,83x60x882x14,54.0,735.0,56.0,63.174999999999976,0.35839998722076416,bmm
,70,70x48x1012x4,54.0,735.0,56.0,63.174999999999976,0.2099200040102005,bmm
,117,117x44x932x23,54.0,735.0,56.0,63.174999999999976,0.3768320083618164,bmm
,85,85x65x618x61,17.0,1005.0,61.0,80.80400000000003,0.2569727897644043,bmm
,93,93x36x734x41,17.0,1005.0,61.0,80.80400000000003,0.29900801181793213,bmm
,76,76x60x864x42,17.0,1005.0,61.0,80.80400000000003,0.18329599499702454,bmm
,117,117x46x711x82,17.0,1005.0,61.0,80.80400000000003,0.2915391981601715,bmm
,88,88x54x725x78,17.0,1005.0,61.0,80.80400000000003,0.2979840040206909,bmm
,89,89x47x714x80,17.0,1005.0,61.0,80.80400000000003,0.2938751995563507,bmm
,126,126x59x907x133,17.0,1005.0,61.0,80.80400000000003,0.7280447959899903,bmm
,106,106x46x661x244,17.0,1005.0,61.0,80.80400000000003,0.4044800102710724,bmm
,95,95x43x609x224,35.0,1005.0,65.0,111.90000000000005,0.37597439885139466,bmm
,103,103x64x940x498,35.0,1005.0,65.0,111.90000000000005,1.1245247840881347,bmm
,84,84x39x846x437,35.0,1005.0,65.0,111.90000000000005,0.8433023810386657,bmm
,111,111x60x889x358,35.0,1005.0,65.0,111.90000000000005,0.8960000276565552,bmm
,86,86x55x912x985,35.0,1005.0,65.0,111.90000000000005,1.6261119842529297,bmm
,66,66x52x954x918,38.84,1005.0,65.48,115.05420000000004,1.3332480192184448,bmm
,72,72x34x715x1020,67.0,1005.0,69.0,138.18499999999997,1.1444224119186401,bmm
,92,92x94x29x4,67.0,1005.0,69.0,138.18499999999997,0.025599999353289604,bmm
,95,95x121x18x16,67.0,1005.0,69.0,138.18499999999997,0.02353920042514801,bmm
,114,114x100x26x11,67.0,1005.0,69.0,138.18499999999997,0.02638079971075058,bmm
,129,129x122x5x33,67.0,1005.0,69.0,138.18499999999997,0.017350399866700172,bmm
,100,100x123x28x40,67.0,1005.0,69.0,138.18499999999997,0.026623999699950218,bmm
,70,70x103x8x53,67.0,1005.0,69.0,138.18499999999997,0.01228800043463707,bmm
,108,108x126x13x66,67.0,1005.0,69.0,138.18499999999997,0.020479999482631683,bmm
,116,116x112x3x110,4.0,1005.0,68.0,130.92999999999995,0.02045439966022968,bmm
,91,91x85x24x67,4.0,1005.0,68.0,130.92999999999995,0.02252800017595291,bmm
,70,70x71x14x251,4.0,1005.0,68.0,130.92999999999995,0.020479999482631683,bmm
,81,81x69x15x144,4.0,1005.0,68.0,130.92999999999995,0.020479999482631683,bmm
,94,94x93x13x144,4.0,1005.0,68.0,130.92999999999995,0.0292736005038023,bmm
,114,114x78x26x281,4.0,1005.0,68.0,130.92999999999995,0.06408959925174713,bmm
,66,66x97x17x465,4.0,1005.0,68.0,130.92999999999995,0.05119999870657921,bmm
,107,107x129x3x468,4.0,1005.0,68.0,130.92999999999995,0.07168000191450119,bmm
,67,67x102x23x978,4.0,1005.0,68.0,130.92999999999995,0.09932799637317657,bmm
,128,128x82x26x639,4.24,1005.0,68.0,129.92695999999995,0.11345920115709304,bmm
,120,120x66x13x828,10.0,1005.0,67.0,105.85399999999998,0.10342399775981903,bmm
,73,73x111x64x9,10.0,1005.0,67.0,105.85399999999998,0.023552000522613525,bmm
,114,114x73x61x12,10.0,1005.0,67.0,105.85399999999998,0.038419201225042346,bmm
,67,67x107x47x19,10.0,1005.0,67.0,105.85399999999998,0.020479999482631683,bmm
,127,127x93x49x45,10.0,1005.0,67.0,105.85399999999998,0.03582080081105232,bmm
,78,78x66x35x57,10.0,1005.0,67.0,105.85399999999998,0.01945599913597107,bmm
,118,118x92x52x65,10.0,1005.0,67.0,105.85399999999998,0.035840000957250595,bmm
,68,68x107x35x96,10.0,1005.0,67.0,105.85399999999998,0.01945599913597107,bmm
,81,81x128x52x106,10.0,1005.0,67.0,105.85399999999998,0.026003199443221093,bmm
,115,115x81x39x69,6.8,1005.0,66.28,98.92819999999996,0.029472000524401666,bmm
,104,104x110x62x208,6.0,1005.0,66.0,97.60899999999997,0.06451199948787689,bmm
,68,68x76x34x140,6.0,1005.0,66.0,97.60899999999997,0.029689600691199303,bmm
,79,79x111x42x256,6.0,1005.0,66.0,97.60899999999997,0.0421887993812561,bmm
,106,106x98x35x481,6.0,1005.0,66.0,97.60899999999997,0.0960512027144432,bmm
,67,67x93x58x454,6.0,1005.0,66.0,97.60899999999997,0.07761919796466828,bmm
,86,86x126x49x482,6.0,1005.0,66.0,97.60899999999997,0.10485759824514389,bmm
,99,99x110x47x609,6.0,1005.0,66.0,97.60899999999997,0.12759040296077728,bmm
,80,80x68x57x753,6.0,1005.0,66.0,97.60899999999997,0.18820479810237883,bmm
,86,86x74x48x1024,6.0,1005.0,66.0,97.60899999999997,0.26888959407806395,bmm
,111,111x91x111x28,14.0,435.0,66.0,97.77199999999998,0.12800000607967377,bmm
,90,90x66x127x26,14.0,435.0,66.0,97.77199999999998,0.14131200313568115,bmm
,117,117x97x128x11,14.0,435.0,66.0,97.77199999999998,0.14643199741840363,bmm
,68,68x113x123x57,14.0,435.0,66.0,97.77199999999998,0.08478719890117645,bmm
,87,87x72x111x65,14.0,435.0,66.0,97.77199999999998,0.1325055956840515,bmm
,79,79x107x104x39,14.0,435.0,66.0,97.77199999999998,0.07125760167837143,bmm
,109,109x129x113x126,14.0,435.0,66.0,97.77199999999998,0.21606400609016418,bmm
,109,109x115x98x107,14.0,435.0,66.0,97.77199999999998,0.13312000036239624,bmm
,97,97x68x111x95,14.0,435.0,66.0,97.77199999999998,0.1378175973892212,bmm
,126,126x65x112x187,17.0,405.0,66.0,97.16599999999998,0.2750464081764221,bmm
,123,123x91x72x199,17.0,405.0,66.0,97.16599999999998,0.153587207198143,bmm
,120,120x91x90x203,17.0,405.0,66.0,97.16599999999998,0.19230720400810242,bmm
,107,107x83x71x402,17.0,405.0,66.0,97.16599999999998,0.2969600081443787,bmm
,125,125x125x90x357,17.0,405.0,66.0,97.16599999999998,0.32317439913749696,bmm
,88,88x117x69x352,17.0,405.0,66.0,97.16599999999998,0.20971520245075226,bmm
,92,92x79x81x705,17.0,405.0,66.0,97.16599999999998,0.4093952000141144,bmm
,127,127x73x70x927,17.88,352.2,66.0,97.07007999999998,0.653107225894928,bmm
,97,97x109x124x731,18.0,345.0,66.0,97.05699999999997,0.6563839912414551,bmm
,114,114x97x191x6,18.0,345.0,66.0,97.05699999999997,0.25128960609436035,bmm
,120,120x65x216x10,18.0,345.0,66.0,97.05699999999997,0.2754560112953186,bmm
,116,116x110x196x1,18.0,345.0,66.0,97.05699999999997,0.054054399579763414,bmm
,76,76x106x130x34,18.0,345.0,66.0,97.05699999999997,0.10629119873046874,bmm
,101,101x122x184x55,18.0,345.0,66.0,97.05699999999997,0.2529279887676239,bmm
,82,82x120x199x41,18.0,345.0,66.0,97.05699999999997,0.15052799880504608,bmm
,107,107x103x196x129,18.0,345.0,66.0,97.05699999999997,0.40243199467658997,bmm
,95,95x107x135x121,18.0,330.0,65.0,97.69300000000003,0.2074624001979828,bmm
,122,122x122x256x128,18.0,330.0,65.0,97.69300000000003,0.35880959033966064,bmm
,128,128x72x201x213,18.0,330.0,65.0,97.69300000000003,0.5683199763298035,bmm
,107,107x111x185x216,18.0,330.0,65.0,97.69300000000003,0.7526400089263916,bmm
,111,111x90x145x201,18.0,330.0,65.0,97.69300000000003,0.5156863927841187,bmm
,108,108x111x240x352,18.0,330.0,65.0,97.69300000000003,1.0805248022079468,bmm
,71,71x102x180x297,44.0,360.0,64.0,92.40599999999996,0.5378047823905945,bmm
,118,118x69x218x269,44.0,360.0,64.0,92.40599999999996,0.8335359930992127,bmm
,69,69x89x189x735,44.0,360.0,64.0,92.40599999999996,1.0696703672409058,bmm
,122,122x120x232x767,44.0,374.4,63.84,91.27879999999996,2.384281635284424,bmm
,104,104x100x136x776,44.0,540.0,62.0,78.31600000000002,1.3545471906661988,bmm
,114,114x122x302x20,44.0,540.0,62.0,78.31600000000002,0.3489792048931122,bmm
,113,113x66x449x18,44.0,540.0,62.0,78.31600000000002,0.30965760350227356,bmm
,93,93x124x363x15,44.0,540.0,62.0,78.31600000000002,0.34877440333366394,bmm
,106,106x114x423x61,44.0,540.0,62.0,78.31600000000002,0.5580800175666809,bmm
,98,98x92x469x47,44.0,540.0,62.0,78.31600000000002,0.45015040040016174,bmm
,84,84x76x477x61,42.0,1005.0,60.0,68.54500000000002,0.39751678705215454,bmm
,95,95x93x419x105,42.0,1005.0,60.0,68.54500000000002,0.5642240047454834,bmm
,91,91x91x306x65,42.0,1005.0,60.0,68.54500000000002,0.3328000009059906,bmm
,67,67x107x324x125,42.0,1005.0,60.0,68.54500000000002,0.3848192095756531,bmm
,111,111x80x370x139,42.0,1005.0,60.0,68.54500000000002,0.7028735876083374,bmm
,84,84x70x402x191,42.0,1005.0,60.0,68.54500000000002,0.730726420879364,bmm
,116,116x76x468x220,47.76,1005.0,59.52,68.10676000000002,1.1728895902633667,bmm
,125,125x72x330x489,54.0,1005.0,59.0,67.63200000000005,0.48573440313339233,bmm
,76,76x114x489x360,54.0,1005.0,59.0,67.63200000000005,0.3159999907016754,bmm
,121,121x102x353x331,54.0,1005.0,59.0,67.63200000000005,0.3805184066295624,bmm
,73,73x73x422x825,54.0,1005.0,59.0,67.63200000000005,0.605184018611908,bmm
,105,105x126x445x822,54.0,1005.0,59.0,67.63200000000005,0.8417279720306396,bmm
,99,99x121x288x626,54.0,1005.0,59.0,67.63200000000005,0.4353792071342468,bmm
,110,110x77x1018x16,36.0,1005.0,64.0,84.385,0.41489279866218565,bmm
,68,68x97x820x3,36.0,1005.0,64.0,84.385,0.17628799974918366,bmm
,88,88x66x993x21,36.0,1005.0,64.0,84.385,0.4034496009349823,bmm
,93,93x120x516x37,36.0,1005.0,64.0,84.385,0.22015999257564545,bmm
,128,128x71x599x50,36.0,1005.0,64.0,84.385,0.25086080431938174,bmm
,105,105x111x912x40,36.0,1005.0,64.0,84.385,0.37376001477241516,bmm
,110,110x78x947x124,36.0,1005.0,64.0,84.385,0.3901439905166626,bmm
,112,112x107x827x92,36.0,1005.0,64.0,84.385,0.34406399726867676,bmm
,84,84x113x1015x79,36.0,1005.0,64.0,84.385,0.4146624028682709,bmm
,126,126x112x750x189,23.0,1005.0,65.0,106.86400000000002,0.6145600199699401,bmm
,90,90x102x890x160,23.0,1005.0,65.0,106.86400000000002,0.5457919836044312,bmm
,72,72x105x846x252,23.0,1005.0,65.0,106.86400000000002,0.35123199224472046,bmm
,74,74x73x851x510,23.0,1005.0,65.0,106.86400000000002,0.6899712085723877,bmm
,90,90x90x615x465,23.0,1005.0,65.0,106.86400000000002,0.6266880035400391,bmm
,83,83x127x998x390,23.0,1005.0,65.0,106.86400000000002,1.0069952249526977,bmm
,106,106x91x827x592,29.0,1005.0,67.0,113.47800000000002,1.16428804397583,bmm
,88,88x103x855x844,29.0,1005.0,67.0,113.47800000000002,1.3731711626052856,bmm
,75,75x121x765x815,29.0,1005.0,67.0,113.47800000000002,1.0920127868652343,bmm
,110,110x156x26x13,29.0,1005.0,67.0,113.47800000000002,0.03686400130391121,bmm
,70,70x215x28x17,29.0,1005.0,67.0,113.47800000000002,0.02661759965121746,bmm
,105,105x158x29x7,29.0,1005.0,67.0,113.47800000000002,0.03686400130391121,bmm
,79,79x203x8x51,29.0,1005.0,67.0,113.47800000000002,0.016383999958634377,bmm
,68,68x156x29x52,7.0,1005.0,69.0,122.21500000000003,0.026623999699950218,bmm
,80,80x192x25x62,7.0,1005.0,69.0,122.21500000000003,0.026623999699950218,bmm
,82,82x184x7x110,7.0,1005.0,69.0,122.21500000000003,0.023552000522613525,bmm
,85,85x131x9x105,7.0,1005.0,69.0,122.21500000000003,0.028672000393271446,bmm
,115,115x249x20x71,7.0,1005.0,69.0,122.21500000000003,0.04095999896526337,bmm
,67,67x255x10x201,7.0,1005.0,69.0,122.21500000000003,0.04689920097589493,bmm
,88,88x185x7x172,7.0,1005.0,69.0,122.21500000000003,0.03993599861860275,bmm
,112,112x189x5x149,7.0,1005.0,69.0,122.21500000000003,0.043007999658584595,bmm
,65,65x205x19x461,7.0,1005.0,69.0,122.21500000000003,0.09011200070381165,bmm
,110,110x200x11x340,8.0,1005.0,67.0,114.10699999999999,0.09113600105047226,bmm
,77,77x135x27x511,8.0,1005.0,67.0,114.10699999999999,0.09930879771709442,bmm
,83,83x165x16x780,8.0,1005.0,67.0,114.10699999999999,0.1296128064393997,bmm
,121,121x210x9x635,8.0,1005.0,67.0,114.10699999999999,0.16958720088005066,bmm
,85,85x190x4x955,8.0,1005.0,67.0,114.10699999999999,0.14950400590896606,bmm
,73,73x257x42x20,8.0,1005.0,67.0,114.10699999999999,0.04578559994697571,bmm
,101,101x251x33x14,8.0,1005.0,67.0,114.10699999999999,0.04174079969525337,bmm
,73,73x140x34x19,8.0,1005.0,67.0,114.10699999999999,0.029075200483202935,bmm
,125,125x166x41x47,8.0,1005.0,67.0,114.10699999999999,0.06038400158286095,bmm
,92,92x257x63x62,8.0,1005.0,67.0,114.10699999999999,0.07475200295448303,bmm
,105,105x216x65x59,6.0,1005.0,67.0,98.51600000000003,0.06656000018119812,bmm
,107,107x178x39x106,6.0,1005.0,67.0,98.51600000000003,0.05219839960336685,bmm
,94,94x209x59x123,6.0,1005.0,67.0,98.51600000000003,0.06860800087451935,bmm
,105,105x197x51x69,6.0,1005.0,67.0,98.51600000000003,0.058163201063871385,bmm
,128,128x146x40x173,6.0,1005.0,67.0,98.51600000000003,0.09113600105047226,bmm
,97,97x198x42x239,6.0,1005.0,67.0,98.51600000000003,0.09336320161819459,bmm
,94,94x191x43x212,6.0,1005.0,67.0,98.51600000000003,0.08806400001049042,bmm
,72,72x195x47x308,6.0,1005.0,67.0,98.51600000000003,0.09728000313043594,bmm
,119,119x202x48x326,6.0,1005.0,67.0,98.51600000000003,0.14847999811172485,bmm
,99,99x190x62x395,9.0,1005.0,66.0,99.05,0.17158400118350983,bmm
,74,74x215x49x624,9.0,1005.0,66.0,99.05,0.17981440126895903,bmm
,87,87x148x52x784,9.0,1005.0,66.0,99.05,0.40959998965263367,bmm
,99,99x165x59x600,9.0,1005.0,66.0,99.05,0.3926016092300415,bmm
,89,89x163x89x23,9.0,1005.0,66.0,99.05,0.13577599823474884,bmm
,76,76x244x92x24,9.0,1005.0,66.0,99.05,0.09932159781455993,bmm
,69,69x207x119x19,9.0,1005.0,66.0,99.05,0.11673600226640701,bmm
,94,94x219x102x57,9.0,1005.0,66.0,99.05,0.15462400019168854,bmm
,120,120x144x93x42,11.0,510.0,66.0,99.51099999999998,0.1523712009191513,bmm
,81,81x224x72x47,11.0,510.0,66.0,99.51099999999998,0.08499199897050858,bmm
,104,104x219x110x123,11.0,510.0,66.0,99.51099999999998,0.17776639759540558,bmm
,85,85x183x91x115,11.0,510.0,66.0,99.51099999999998,0.15091840028762818,bmm
,85,85x225x94x129,11.0,510.0,66.0,99.51099999999998,0.24780799448490143,bmm
,118,118x254x126x198,11.0,510.0,66.0,99.51099999999998,0.37765119075775144,bmm
,80,80x139x66x164,11.0,510.0,66.0,99.51099999999998,0.16383359730243682,bmm
,110,110x250x96x157,11.0,510.0,66.0,99.51099999999998,0.3006463944911957,bmm
,94,94x155x81x500,18.0,450.0,66.0,99.65000000000003,0.4517888069152832,bmm
,84,84x173x68x501,18.0,450.0,66.0,99.65000000000003,0.3538943946361542,bmm
,109,109x158x123x441,18.0,450.0,66.0,99.65000000000003,0.7096319794654846,bmm
,80,80x185x68x561,18.0,450.0,66.0,99.65000000000003,0.4079552054405212,bmm
,87,87x192x115x935,18.0,450.0,66.0,99.65000000000003,0.9961472153663635,bmm
,106,106x140x98x923,18.0,450.0,66.0,99.65000000000003,1.0745855569839478,bmm
,118,118x221x209x29,18.0,450.0,66.0,99.65000000000003,0.3184640109539032,bmm
,92,92x245x250x4,49.0,450.0,67.0,101.66199999999999,0.3696640133857727,bmm
,102,102x139x252x13,49.0,450.0,67.0,101.66199999999999,0.3665919899940491,bmm
,128,128x159x165x56,49.0,450.0,67.0,101.66199999999999,0.3317759931087494,bmm
,88,88x216x228x57,49.0,450.0,67.0,101.66199999999999,0.3387391924858093,bmm
,89,89x161x211x60,49.0,450.0,67.0,101.66199999999999,0.3153791904449463,bmm
,121,121x137x142x100,49.0,450.0,67.0,101.66199999999999,0.2252800017595291,bmm
,126,126x254x206x65,49.0,450.0,67.0,101.66199999999999,0.4055039882659912,bmm
,111,111x188x145x97,49.0,450.0,67.0,101.66199999999999,0.2377728044986725,bmm
,105,105x135x132x247,29.0,450.0,67.0,103.32999999999997,0.40181758999824524,bmm
,113,113x228x130x204,29.0,450.0,67.0,103.32999999999997,0.40732800364494326,bmm
,114,114x231x193x252,29.0,450.0,67.0,103.32999999999997,0.5775359869003296,bmm
,72,72x202x255x325,29.0,450.0,67.0,103.32999999999997,0.7184383869171143,bmm
,124,124x188x239x398,29.0,450.0,67.0,103.32999999999997,1.435647964477539,bmm
,89,89x151x177x379,29.0,450.0,67.0,103.32999999999997,0.6152191877365112,bmm
,82,82x203x220x670,54.0,450.0,68.0,104.538,0.9650112152099609,bmm
,129,129x245x151x760,54.0,450.0,68.0,104.538,1.0620927810668945,bmm
,80,80x157x239x645,54.0,450.0,68.0,104.538,0.9142271757125855,bmm
,120,120x252x281x6,54.0,450.0,68.0,104.538,0.26316800713539124,bmm
,70,70x199x437x25,54.0,450.0,68.0,104.538,0.261516797542572,bmm
,69,69x168x404x13,54.0,450.0,68.0,104.538,0.24268800020217896,bmm
,85,85x144x329x51,54.0,450.0,68.0,104.538,0.2969599962234497,bmm
,98,98x198x259x52,30.96,720.0,68.0,108.802,0.24371199309825897,bmm
,120,120x219x432x49,22.0,720.0,68.0,108.802,0.37990400195121765,bmm
,88,88x228x465x119,22.0,720.0,68.0,108.802,0.4177919924259186,bmm
,93,93x192x282x120,22.0,720.0,68.0,108.802,0.26417918801307677,bmm
,79,79x166x483x109,22.0,720.0,68.0,108.802,0.2905791997909546,bmm
,70,70x129x398x193,22.0,720.0,68.0,108.802,0.4618239998817444,bmm
,72,72x247x333x171,22.0,720.0,68.0,108.802,0.40038400888442993,bmm
,112,112x184x277x132,22.0,720.0,68.0,108.802,0.4911103963851929,bmm
,126,126x171x415x493,34.0,720.0,68.0,110.38000000000005,1.524940848350525,bmm
,117,117x180x427x318,34.0,720.0,68.0,110.38000000000005,1.1001856327056885,bmm
,66,66x139x374x369,34.0,720.0,68.0,110.38000000000005,0.4231104016304016,bmm
,108,108x219x502x890,34.0,720.0,68.0,110.38000000000005,2.0926399707794188,bmm
,88,88x249x280x592,34.0,720.0,68.0,110.38000000000005,0.6829887986183166,bmm
,76,76x207x458x649,62.0,1005.0,72.0,117.19700000000007,1.1229183673858643,bmm
,129,129x168x831x20,62.0,1005.0,72.0,117.19700000000007,0.6704959869384766,bmm
,107,107x175x855x28,62.0,1005.0,72.0,117.19700000000007,0.5224191904067993,bmm
,125,125x143x789x30,62.0,1005.0,72.0,117.19700000000007,0.6369280219078064,bmm
,113,113x230x685x65,62.0,1005.0,72.0,117.19700000000007,0.43007359504699705,bmm
,99,99x141x746x48,62.0,1005.0,72.0,117.19700000000007,0.45977601408958435,bmm
,76,76x169x676x34,62.0,1005.0,72.0,117.19700000000007,0.2836480140686035,bmm
,89,89x191x917x92,30.0,1005.0,72.0,124.50799999999995,0.5611519813537598,bmm
,88,88x218x531x96,30.0,1005.0,72.0,124.50799999999995,0.33953279852867124,bmm
,104,104x190x776x92,30.0,1005.0,72.0,124.50799999999995,0.4763327896595001,bmm
,126,126x165x703x137,30.0,1005.0,72.0,124.50799999999995,0.9861119985580444,bmm
,92,92x174x784x148,30.0,1005.0,72.0,124.50799999999995,0.7882751822471619,bmm
,124,124x217x810x171,30.0,1005.0,72.0,124.50799999999995,1.1454208135604858,bmm
,87,87x210x611x427,35.52,1005.0,72.24,125.03696,1.1161408185958863,bmm
,67,67x201x525x441,53.0,1005.0,73.0,126.712,0.7515712022781372,bmm
,117,117x254x970x288,53.0,1005.0,73.0,126.712,1.7508351802825928,bmm
,94,94x211x848x520,53.0,1005.0,73.0,126.712,2.0197312355041506,bmm
,78,78x152x674x577,57.56,1005.0,73.72,127.49775999999999,1.3592447996139527,bmm
,73,73x145x993x792,72.0,1005.0,76.0,129.9859999999999,2.567564821243286,bmm
,122,122x269x20x20,72.0,1005.0,76.0,129.9859999999999,0.048128001391887665,bmm
,81,81x394x26x2,72.0,1005.0,76.0,129.9859999999999,0.04646400064229965,bmm
,65,65x385x23x15,72.0,1005.0,76.0,129.9859999999999,0.04092159941792488,bmm
,111,111x512x12x62,72.0,1005.0,76.0,129.9859999999999,0.059187201410532,bmm
,101,101x403x18x41,72.0,1005.0,76.0,129.9859999999999,0.05323519930243492,bmm
,107,107x372x16x52,72.0,1005.0,76.0,129.9859999999999,0.03993599861860275,bmm
,115,115x357x17x108,8.0,1005.0,75.0,138.8940000000001,0.07168000191450119,bmm
,111,111x317x20x91,8.0,1005.0,75.0,138.8940000000001,0.062463998794555664,bmm
,103,103x348x20x113,8.0,1005.0,75.0,138.8940000000001,0.06264319866895676,bmm
,121,121x345x17x241,8.0,1005.0,75.0,138.8940000000001,0.1271807998418808,bmm
,93,93x399x31x174,8.0,1005.0,75.0,138.8940000000001,0.12369919717311859,bmm
,95,95x501x25x172,8.0,1005.0,75.0,138.8940000000001,0.13700479865074158,bmm
,104,104x309x10x289,8.0,1005.0,75.0,138.8940000000001,0.11242240071296691,bmm
,65,65x328x13x298,8.0,1005.0,75.0,138.8940000000001,0.08023039698600769,bmm
,98,98x408x10x447,8.0,1005.0,75.0,138.8940000000001,0.18369919657707215,bmm
,115,115x264x31x741,15.0,1005.0,73.0,122.82900000000004,0.32600960731506345,bmm
,129,129x344x15x542,15.0,1005.0,73.0,122.82900000000004,0.2514880061149597,bmm
,99,99x309x21x517,15.0,1005.0,73.0,122.82900000000004,0.20561919808387757,bmm
,104,104x496x58x2,15.0,1005.0,73.0,122.82900000000004,0.106700798869133,bmm
,78,78x268x41x18,15.0,1005.0,73.0,122.82900000000004,0.04608000069856644,bmm
,107,107x276x61x27,15.0,1005.0,73.0,122.82900000000004,0.07677440345287323,bmm
,71,71x299x64x53,15.0,1005.0,73.0,122.82900000000004,0.05939200147986412,bmm
,108,108x394x35x61,15.0,1005.0,73.0,122.82900000000004,0.08581119924783706,bmm
,90,90x503x57x48,15.0,1005.0,73.0,122.82900000000004,0.1013759970664978,bmm
,96,96x361x49x117,10.0,1005.0,71.0,106.27799999999996,0.08743039965629577,bmm
,73,73x503x38x114,10.0,1005.0,71.0,106.27799999999996,0.07680000364780426,bmm
,90,90x301x47x125,10.0,1005.0,71.0,106.27799999999996,0.07557120323181152,bmm
,113,113x416x55x218,10.0,1005.0,71.0,106.27799999999996,0.21113600134849547,bmm
,105,105x447x46x189,10.0,1005.0,71.0,106.27799999999996,0.18250879943370818,bmm
,113,113x385x34x239,10.0,1005.0,71.0,106.27799999999996,0.1744896024465561,bmm
,101,101x382x49x326,10.0,1005.0,71.0,106.27799999999996,0.22487039864063263,bmm
,111,111x362x62x493,10.0,1005.0,71.0,106.27799999999996,0.33239039182662966,bmm
,103,103x478x49x421,24.0,1005.0,70.0,104.95499999999997,0.3835904002189636,bmm
,66,66x292x65x994,24.0,1005.0,70.0,104.95499999999997,0.4745088040828705,bmm
,72,72x415x37x985,24.0,1005.0,70.0,104.95499999999997,0.4607999920845032,bmm
,76,76x454x50x871,24.0,1005.0,70.0,104.95499999999997,0.5271552205085754,bmm
,115,115x292x109x23,24.0,1005.0,70.0,104.95499999999997,0.18432000279426575,bmm
,117,117x264x108x24,24.0,1005.0,70.0,104.95499999999997,0.18309119641780852,bmm
,84,84x448x115x26,24.0,1005.0,70.0,104.95499999999997,0.20069759488105773,bmm
,93,93x286x109x43,24.0,1005.0,70.0,104.95499999999997,0.15462400019168854,bmm
,126,126x401x116x33,11.0,705.0,70.0,106.23,0.27176960110664367,bmm
,118,118x333x87x45,11.0,705.0,70.0,106.23,0.1583103984594345,bmm
,65,65x409x66x69,11.0,705.0,70.0,106.23,0.11694080233573914,bmm
,108,108x468x75x79,11.0,705.0,70.0,106.23,0.18227200210094452,bmm
,129,129x297x124x127,11.0,705.0,70.0,106.23,0.2234367996454239,bmm
,106,106x400x108x131,11.0,705.0,70.0,106.23,0.4380607962608337,bmm
,97,97x432x81x243,11.0,705.0,70.0,106.23,0.3317759931087494,bmm
,115,115x425x84x201,11.0,705.0,70.0,106.23,0.3901439905166626,bmm
,128,128x468x99x302,29.0,630.0,69.0,106.49600000000005,0.7202623963356019,bmm
,81,81x413x98x408,29.0,630.0,69.0,106.49600000000005,0.6053824186325073,bmm
,109,109x461x121x353,29.0,630.0,69.0,106.49600000000005,0.7331839799880981,bmm
,94,94x466x69x1017,29.0,630.0,69.0,106.49600000000005,0.9326464056968689,bmm
,93,93x483x85x530,29.0,630.0,69.0,106.49600000000005,0.6758336186408996,bmm
,106,106x508x101x711,29.0,630.0,69.0,106.49600000000005,1.0672128200531006,bmm
,119,119x510x190x4,33.0,720.0,71.0,108.93100000000003,0.35080960392951965,bmm
,71,71x273x212x4,33.0,720.0,71.0,108.93100000000003,0.20070399343967438,bmm
,129,129x420x194x26,33.0,720.0,71.0,108.93100000000003,0.4177919924259186,bmm
,73,73x369x165x39,33.0,720.0,71.0,108.93100000000003,0.1669120043516159,bmm
,102,102x342x201x37,33.0,720.0,71.0,108.93100000000003,0.25804799795150757,bmm
,74,74x360x208x34,33.0,720.0,71.0,108.93100000000003,0.19640320539474487,bmm
,88,88x454x226x96,33.0,720.0,71.0,108.93100000000003,0.35285120010375975,bmm
,108,108x481x243x116,15.0,720.0,70.0,112.32200000000006,0.45445120334625244,bmm
,88,88x378x132x91,15.0,720.0,70.0,112.32200000000006,0.18164479732513428,bmm
,89,89x464x201x235,15.0,720.0,70.0,112.32200000000006,0.5609471797943115,bmm
,82,82x471x141x157,15.0,720.0,70.0,112.32200000000006,0.35942399501800537,bmm
,128,128x275x223x144,15.0,720.0,70.0,112.32200000000006,0.6541311860084533,bmm
,103,103x433x225x360,15.0,720.0,70.0,112.32200000000006,1.0735615491867065,bmm
,82,82x463x178x260,15.0,720.0,70.0,112.32200000000006,0.6420480012893677,bmm
,92,92x497x135x364,45.0,735.0,71.0,111.58199999999994,0.5836799740791321,bmm
,65,65x457x176x869,45.0,735.0,71.0,111.58199999999994,1.1718655824661255,bmm
,94,94x434x231x743,45.0,735.0,71.0,111.58199999999994,1.8364288330078125,bmm
,119,119x480x164x607,45.0,735.0,71.0,111.58199999999994,1.1384639978408813,bmm
,91,91x267x344x24,45.0,735.0,71.0,111.58199999999994,0.2887679934501648,bmm
,78,78x497x337x26,45.0,735.0,71.0,111.58199999999994,0.2969599962234497,bmm
,93,93x274x374x7,53.0,1005.0,73.0,119.15799999999994,0.3161919951438904,bmm
,107,107x489x450x42,53.0,1005.0,73.0,119.15799999999994,0.5683199763298035,bmm
,102,102x471x266x39,53.0,1005.0,73.0,119.15799999999994,0.2979712009429932,bmm
,125,125x370x332x37,53.0,1005.0,73.0,119.15799999999994,0.3590015947818756,bmm
,124,124x344x448x68,53.0,1005.0,73.0,119.15799999999994,0.4677631914615631,bmm
,75,75x387x490x105,53.0,1005.0,73.0,119.15799999999994,0.41615360975265503,bmm
,79,79x482x457x65,53.0,1005.0,73.0,119.15799999999994,0.39423999190330505,bmm
,95,95x284x383x172,33.0,1005.0,72.0,121.94099999999995,0.556441605091095,bmm
,97,97x364x393x168,33.0,1005.0,72.0,121.94099999999995,0.6619007825851441,bmm
,72,72x396x510x156,33.0,1005.0,72.0,121.94099999999995,0.8232960104942322,bmm
,125,125x375x311x293,33.0,1005.0,72.0,121.94099999999995,0.9068543910980225,bmm
,102,102x399x450x464,33.0,1005.0,72.0,121.94099999999995,1.835590410232544,bmm
,89,89x480x364x513,52.2,1005.0,73.32,123.37235999999993,1.6449536085128784,bmm
,121,121x448x324x953,73.0,1005.0,75.0,124.92299999999992,3.183795118331909,bmm
,108,108x381x506x907,73.0,1005.0,75.0,124.92299999999992,3.2788479328155518,bmm
,95,95x405x272x608,73.0,1005.0,75.0,124.92299999999992,1.3301055908203125,bmm
,73,73x415x886x25,56.0,1005.0,83.0,155.61499999999992,0.712281596660614,bmm
,67,67x407x625x32,56.0,1005.0,83.0,155.61499999999992,0.5120000243186951,bmm
,129,129x493x698x15,56.0,1005.0,83.0,155.61499999999992,0.9943040013313293,bmm
,85,85x291x660x40,56.0,1005.0,83.0,155.61499999999992,0.5416960120201111,bmm
,72,72x399x732x62,56.0,1005.0,83.0,155.61499999999992,0.5990335822105408,bmm
,65,65x259x573x50,56.0,1005.0,83.0,155.61499999999992,0.35942399501800537,bmm
,85,85x347x851x104,56.0,1005.0,83.0,155.61499999999992,0.7030783891677856,bmm
,111,111x493x762x126,24.0,1005.0,78.0,165.7640000000001,0.9652224183082581,bmm
,125,125x405x742x67,24.0,1005.0,78.0,165.7640000000001,1.0463231801986694,bmm
,83,83x502x513x241,24.0,1005.0,78.0,165.7640000000001,0.9699072003364563,bmm
,102,102x364x616x253,24.0,1005.0,78.0,165.7640000000001,1.0145663738250732,bmm
,104,104x472x792x252,24.0,1005.0,78.0,165.7640000000001,1.7541120052337646,bmm
,69,69x351x915x290,51.0,1005.0,79.0,147.25300000000004,1.4684159755706787,bmm
,65,65x423x752x348,51.0,1005.0,79.0,147.25300000000004,1.5011839866638184,bmm
,95,95x273x853x488,51.0,1005.0,79.0,147.25300000000004,2.379135990142822,bmm
,68,68x482x524x869,51.0,1005.0,79.0,147.25300000000004,2.535423994064331,bmm
,87,87x419x919x667,48.0,1005.0,84.0,149.384,4.725747203826904,bmm
,74,74x359x999x769,48.0,1005.0,84.0,149.384,3.7568511962890625,bmm
,99,99x939x6x26,48.0,1005.0,84.0,149.384,0.062463998794555664,bmm
,65,65x622x18x7,48.0,1005.0,84.0,149.384,0.03993599861860275,bmm
,66,66x531x21x33,48.0,1005.0,84.0,149.384,0.04868480116128922,bmm
,113,113x739x22x60,35.0,1005.0,83.0,176.951,0.10341119766235352,bmm
,122,122x945x17x42,35.0,1005.0,83.0,176.951,0.1157120019197464,bmm
,65,65x665x1x48,35.0,1005.0,83.0,176.951,0.02232320010662079,bmm
,101,101x866x4x103,35.0,1005.0,83.0,176.951,0.09231360107660294,bmm
,125,125x664x18x127,35.0,1005.0,83.0,176.951,0.13301759958267212,bmm
,106,106x717x16x104,35.0,1005.0,83.0,176.951,0.09830400198698044,bmm
,87,87x892x27x165,35.0,1005.0,83.0,176.951,0.20640639662742616,bmm
,108,108x994x3x170,35.0,1005.0,83.0,176.951,0.1769215941429138,bmm
,123,123x741x24x183,35.0,1005.0,83.0,176.951,0.2211583971977234,bmm
,127,127x776x31x503,15.0,1005.0,78.0,155.45800000000006,0.6096704006195068,bmm
,125,125x1000x23x370,15.0,1005.0,78.0,155.45800000000006,0.5140415787696838,bmm
,123,123x980x17x442,15.0,1005.0,78.0,155.45800000000006,0.5681151986122132,bmm
,94,94x918x32x817,15.0,1005.0,78.0,155.45800000000006,0.8425471901893615,bmm
,81,81x568x10x837,15.0,1005.0,78.0,155.45800000000006,0.37048319578170774,bmm
,102,102x848x9x579,15.0,1005.0,78.0,155.45800000000006,0.4759487986564636,bmm
,90,90x901x55x19,38.0,1005.0,77.0,125.49499999999993,0.14090240001678467,bmm
,118,118x572x58x12,38.0,1005.0,77.0,125.49499999999993,0.1372160017490387,bmm
,110,110x1008x44x18,38.0,1005.0,77.0,125.49499999999993,0.1570623993873596,bmm
,84,84x852x37x44,38.0,1005.0,77.0,125.49499999999993,0.11468800157308578,bmm
,114,114x855x63x53,38.0,1005.0,77.0,125.49499999999993,0.1853119969367981,bmm
,69,69x1005x49x58,38.0,1005.0,77.0,125.49499999999993,0.13496319949626923,bmm
,96,96x564x46x84,38.0,1005.0,77.0,125.49499999999993,0.11057920008897781,bmm
,128,128x693x47x103,38.0,1005.0,77.0,125.49499999999993,0.18943999707698822,bmm
,107,107x916x52x97,24.48,1005.0,75.96,121.77715999999992,0.21606400609016418,bmm
,110,110x592x57x195,12.0,1005.0,75.0,118.85599999999995,0.26664960384368896,bmm
,85,85x1007x43x210,12.0,1005.0,75.0,118.85599999999995,0.3022528052330017,bmm
,88,88x1002x33x141,12.0,1005.0,75.0,118.85599999999995,0.2414592057466507,bmm
,101,101x590x56x512,12.0,1005.0,75.0,118.85599999999995,0.5189632177352905,bmm
,84,84x738x56x442,12.0,1005.0,75.0,118.85599999999995,0.476364803314209,bmm
,78,78x896x45x436,12.0,1005.0,75.0,118.85599999999995,0.4974591970443726,bmm
,78,78x523x40x874,18.16,946.2,74.76,117.83456000000002,0.5293951988220215,bmm
,127,127x1016x49x772,34.0,795.0,74.0,115.20800000000004,1.4532608270645142,bmm
,121,121x966x50x931,34.0,795.0,74.0,115.20800000000004,1.4948352098464965,bmm
,128,128x763x101x21,34.0,795.0,74.0,115.20800000000004,0.24364799559116362,bmm
,74,74x789x110x32,34.0,795.0,74.0,115.20800000000004,0.18426240086555482,bmm
,121,121x871x122x20,34.0,795.0,74.0,115.20800000000004,0.3184576094150543,bmm
,108,108x1003x97x63,19.0,1005.0,75.0,120.04300000000008,0.27639679312705995,bmm
,125,125x853x112x64,19.0,1005.0,75.0,120.04300000000008,0.285862398147583,bmm
,111,111x804x69x53,19.0,1005.0,75.0,120.04300000000008,0.18513279855251313,bmm
,108,108x755x90x112,19.0,1005.0,75.0,120.04300000000008,0.23429119884967803,bmm
,129,129x662x125x89,19.0,1005.0,75.0,120.04300000000008,0.30305920243263246,bmm
,107,107x524x72x102,19.0,1005.0,75.0,120.04300000000008,0.1502656012773514,bmm
,83,83x972x85x217,19.0,1005.0,75.0,120.04300000000008,0.38478719592094424,bmm
,121,121x681x100x209,19.0,1005.0,75.0,120.04300000000008,0.45076480507850647,bmm
,83,83x960x92x223,24.0,1005.0,74.0,121.337,0.4126719951629639,bmm
,96,96x973x68x350,24.0,1005.0,74.0,121.337,0.5363647937774658,bmm
,119,119x709x69x447,24.0,1005.0,74.0,121.337,0.6224959969520569,bmm
,70,70x921x125x503,24.0,1005.0,74.0,121.337,0.824505603313446,bmm
,70,70x696x107x579,24.0,1005.0,74.0,121.337,0.6848511815071106,bmm
,101,101x629x67x806,24.0,1005.0,74.0,121.337,0.7808511972427368,bmm
,113,113x960x76x749,46.68,1005.0,75.68,122.42480000000005,1.2531712055206299,bmm
,116,116x551x227x20,51.0,1005.0,76.0,122.63200000000005,0.39258240461349486,bmm
,111,111x846x153x32,51.0,1005.0,76.0,122.63200000000005,0.3551167905330658,bmm
,110,110x729x133x18,51.0,1005.0,76.0,122.63200000000005,0.2744320034980774,bmm
,66,66x631x230x59,51.0,1005.0,76.0,122.63200000000005,0.2570047974586487,bmm
,117,117x907x168x56,51.0,1005.0,76.0,122.63200000000005,0.4341759979724884,bmm
,110,110x1023x208x64,51.0,1005.0,76.0,122.63200000000005,0.4976640045642853,bmm
,100,100x689x226x75,28.2,1005.0,75.24,125.60359999999996,0.40362240076065065,bmm
,129,129x659x235x101,21.0,1005.0,75.0,126.54199999999996,0.5230591893196106,bmm
,96,96x914x212x86,21.0,1005.0,75.0,126.54199999999996,0.4679615914821625,bmm
,89,89x873x177x201,21.0,1005.0,75.0,126.54199999999996,0.6395456075668335,bmm
,74,74x522x219x198,21.0,1005.0,75.0,126.54199999999996,0.4696063995361328,bmm
,74,74x667x229x177,21.0,1005.0,75.0,126.54199999999996,0.5416960120201111,bmm
,117,117x641x243x485,21.0,1005.0,75.0,126.54199999999996,1.8008064031600952,bmm
,90,90x940x254x434,30.0,1005.0,76.0,125.616,1.9136192321777343,bmm
,89,89x590x230x320,30.0,1005.0,76.0,125.616,0.826367974281311,bmm
,67,67x620x230x925,30.0,1005.0,76.0,125.616,1.6549887657165527,bmm
,95,95x1008x153x881,30.0,1005.0,76.0,125.616,2.3425023555755615,bmm
,72,72x809x230x551,45.0,1005.0,79.0,134.72499999999994,1.524121642112732,bmm
,118,118x641x290x4,45.0,1005.0,79.0,134.72499999999994,0.5526719927787781,bmm
,118,118x896x282x14,45.0,1005.0,79.0,134.72499999999994,0.6588032126426697,bmm
,67,67x712x262x10,45.0,1005.0,79.0,134.72499999999994,0.28672000765800476,bmm
,73,73x749x343x62,45.0,1005.0,79.0,134.72499999999994,0.44173439145088195,bmm
,102,102x1014x445x51,45.0,1005.0,79.0,134.72499999999994,0.9306111931800842,bmm
,95,95x1002x436x56,45.0,1005.0,79.0,134.72499999999994,0.9059775948524476,bmm
,83,83x610x296x94,46.0,1005.0,78.0,143.7510000000001,0.38604798913002014,bmm
,104,104x928x272x76,46.0,1005.0,78.0,143.7510000000001,0.6225919723510742,bmm
,116,116x745x375x79,46.0,1005.0,78.0,143.7510000000001,0.7219200134277344,bmm
,97,97x560x428x157,46.0,1005.0,78.0,143.7510000000001,1.055334448814392,bmm
,125,125x955x379x221,46.0,1005.0,78.0,143.7510000000001,1.9623936414718628,bmm
,86,86x814x342x178,54.28,1005.0,78.36,142.25232000000008,1.0577919483184814,bmm
,128,128x1018x435x340,69.0,1005.0,79.0,139.58800000000008,3.405612754821777,bmm
,98,98x631x337x406,69.0,1005.0,79.0,139.58800000000008,1.6770752191543579,bmm
,116,116x841x415x419,68.24,1005.0,79.12,139.91456000000005,3.344998359680176,bmm
,91,91x550x315x619,50.0,1005.0,82.0,147.75199999999998,1.8227200508117676,bmm
,66,66x544x289x578,50.0,1005.0,82.0,147.75199999999998,1.2677119970321655,bmm
,73,73x638x386x997,50.0,1005.0,82.0,147.75199999999998,2.9061119556427,bmm
,98,98x922x569x15,50.0,1005.0,82.0,147.75199999999998,1.1580991983413695,bmm
,89,89x752x613x28,67.0,1005.0,83.0,172.92700000000002,0.8765184044837951,bmm
,78,78x525x1021x3,67.0,1005.0,83.0,172.92700000000002,1.022976040840149,bmm
,128,128x759x756x50,67.0,1005.0,83.0,172.92700000000002,1.5282047510147094,bmm
,71,71x773x517x46,67.0,1005.0,83.0,172.92700000000002,0.7385088205337524,bmm
,126,126x669x582x50,67.0,1005.0,83.0,172.92700000000002,1.1761664152145386,bmm
,69,69x903x694x127,61.88,1005.0,82.36,171.44827999999998,1.0116735696792603,bmm
,75,75x702x850x114,51.0,1005.0,81.0,168.306,1.0547200441360474,bmm
,100,100x691x1021x128,51.0,1005.0,81.0,168.306,1.6678911685943603,bmm
,121,121x757x1005x195,51.0,1005.0,81.0,168.306,3.605472040176392,bmm
,128,128x742x917x204,82.08,1005.0,82.68,159.05591999999996,3.4600958824157715,bmm
,78,78x617x588x190,88.0,1005.0,83.0,157.29399999999995,1.1884543895721436,bmm
,92,92x655x642x349,88.0,1005.0,83.0,157.29399999999995,2.71375994682312,bmm
,91,91x1004x686x320,88.0,1005.0,83.0,157.29399999999995,3.6873663902282714,bmm
,103,103x789x765x258,51.0,1005.0,85.0,170.95300000000003,4.104953575134277,bmm
,111,111x833x828x544,51.0,1005.0,85.0,170.95300000000003,7.882924747467041,bmm
,94,94x842x572x652,99.0,1005.0,87.0,203.92600000000002,5.611475086212158,bmm
,92,92x547x969x529,99.0,1005.0,87.0,203.92600000000002,5.5711745262146,bmm
,185,185x2x16x32,91.0,1005.0,87.0,214.79,0.006144000217318535,bmm
,153,153x9x4x1,91.0,1005.0,87.0,214.79,0.005119999870657921,bmm
,251,251x16x10x24,91.0,1005.0,87.0,214.79,0.010175999999046326,bmm
,217,217x31x2x47,91.0,1005.0,87.0,214.79,0.023180800303816796,bmm
,137,137x21x17x36,91.0,1005.0,87.0,214.79,0.02252800017595291,bmm
,135,135x5x15x49,91.0,1005.0,87.0,214.79,0.0071680000983178616,bmm
,141,141x1x3x102,91.0,1005.0,87.0,214.79,0.006144000217318535,bmm
,133,133x19x10x101,91.0,1005.0,87.0,214.79,0.01945599913597107,bmm
,172,172x7x25x110,91.0,1005.0,87.0,214.79,0.011264000087976456,bmm
,147,147x28x18x252,91.0,1005.0,87.0,214.79,0.03993599861860275,bmm
,225,225x7x27x194,5.0,1005.0,81.0,190.05200000000002,0.018432000651955605,bmm
,190,190x29x9x198,5.0,1005.0,81.0,190.05200000000002,0.041971199214458466,bmm
,189,189x10x19x510,5.0,1005.0,81.0,190.05200000000002,0.037235201150178907,bmm
,218,218x8x7x489,5.0,1005.0,81.0,190.05200000000002,0.026316799968481065,bmm
,170,170x25x17x321,5.0,1005.0,81.0,190.05200000000002,0.0655359998345375,bmm
,235,235x32x3x823,5.0,1005.0,81.0,190.05200000000002,0.1238911971449852,bmm
,223,223x19x17x801,5.0,1005.0,81.0,190.05200000000002,0.17507200539112092,bmm
,228,228x27x14x760,5.0,1005.0,81.0,190.05200000000002,0.1283904045820236,bmm
,228,228x21x65x32,5.0,1005.0,81.0,190.05200000000002,0.05809280052781105,bmm
,202,202x13x56x3,11.84,1005.0,79.56,160.0988799999999,0.009216000325977802,bmm
,202,202x5x40x25,14.0,1005.0,79.0,150.6399999999999,0.008076799847185612,bmm
,144,144x31x65x42,14.0,1005.0,79.0,150.6399999999999,0.04095359891653061,bmm
,239,239x12x50x51,14.0,1005.0,79.0,150.6399999999999,0.01228800043463707,bmm
,247,247x7x49x60,14.0,1005.0,79.0,150.6399999999999,0.010239999741315842,bmm
,203,203x13x46x126,14.0,1005.0,79.0,150.6399999999999,0.018432000651955605,bmm
,243,243x31x41x75,14.0,1005.0,79.0,150.6399999999999,0.04505600035190582,bmm
,191,191x30x42x115,14.0,1005.0,79.0,150.6399999999999,0.04505600035190582,bmm
,142,142x19x34x242,14.0,1005.0,79.0,150.6399999999999,0.052191998809576035,bmm
,134,134x17x37x131,14.0,1005.0,79.0,150.6399999999999,0.05119999870657921,bmm
,185,185x23x53x136,13.04,1005.0,78.92,147.79951999999994,0.07680000364780426,bmm
,185,185x31x36x280,6.0,1005.0,77.0,132.88700000000006,0.08601599931716919,bmm
,245,245x14x48x503,6.0,1005.0,77.0,132.88700000000006,0.06205439865589142,bmm
,182,182x25x54x395,6.0,1005.0,77.0,132.88700000000006,0.13209599256515503,bmm
,206,206x22x36x597,6.0,1005.0,77.0,132.88700000000006,0.15171840488910676,bmm
,141,141x21x49x853,6.0,1005.0,77.0,132.88700000000006,0.18468480110168456,bmm
,235,235x8x64x858,6.0,1005.0,77.0,132.88700000000006,0.08765439987182617,bmm
,219,219x32x70x11,6.0,1005.0,77.0,132.88700000000006,0.12266879677772521,bmm
,133,133x4x109x3,6.0,1005.0,77.0,132.88700000000006,0.013311999849975109,bmm
,145,145x27x129x8,6.0,1005.0,77.0,132.88700000000006,0.1386495977640152,bmm
,168,168x15x124x58,14.0,465.0,76.0,131.241,0.045670400559902194,bmm
,218,218x8x65x33,14.0,465.0,76.0,131.241,0.021503999829292297,bmm
,253,253x9x76x43,14.0,465.0,76.0,131.241,0.02969600073993206,bmm
,179,179x28x124x100,14.0,465.0,76.0,131.241,0.20479999482631683,bmm
,144,144x14x118x77,14.0,465.0,76.0,131.241,0.05160959884524345,bmm
,215,215x23x78x105,14.0,465.0,76.0,131.241,0.1517568051815033,bmm
,191,191x25x127x177,14.0,465.0,76.0,131.241,0.3532800078392029,bmm
,153,153x13x101x159,14.0,465.0,76.0,131.241,0.06860800087451935,bmm
,209,209x27x65x256,14.0,465.0,76.0,131.241,0.27422720193862915,bmm
,132,132x9x127x269,19.0,390.0,73.0,116.10899999999997,0.09789440333843231,bmm
,252,252x14x65x401,19.0,390.0,73.0,116.10899999999997,0.15360000729560852,bmm
,132,132x24x82x441,19.0,390.0,73.0,116.10899999999997,0.3829759955406189,bmm
,132,132x24x80x726,19.0,390.0,73.0,116.10899999999997,0.49233919382095337,bmm
,146,146x22x119x730,19.0,390.0,73.0,116.10899999999997,0.7702464103698731,bmm
,181,181x4x113x565,19.0,390.0,73.0,116.10899999999997,0.12390399724245071,bmm
,209,209x5x185x28,19.0,390.0,73.0,116.10899999999997,0.02539519965648651,bmm
,223,223x3x210x7,19.0,390.0,73.0,116.10899999999997,0.02252800017595291,bmm
,190,190x15x190x7,33.0,360.0,71.0,103.40200000000003,0.050175998359918594,bmm
,206,206x30x139x64,33.0,360.0,71.0,103.40200000000003,0.2834432125091553,bmm
,253,253x13x143x42,33.0,360.0,71.0,103.40200000000003,0.06348799914121628,bmm
,155,155x1x234x45,33.0,360.0,71.0,103.40200000000003,0.027648000046610832,bmm
,208,208x11x223x86,33.0,360.0,71.0,103.40200000000003,0.10895359963178634,bmm
,160,160x3x144x92,33.0,360.0,71.0,103.40200000000003,0.03583360090851784,bmm
,228,228x4x175x77,33.0,360.0,71.0,103.40200000000003,0.04935680106282234,bmm
,242,242x12x214x190,33.0,360.0,71.0,103.40200000000003,0.21647360324859619,bmm
,201,201x11x159x251,33.0,360.0,71.0,103.40200000000003,0.17817600071430206,bmm
,251,251x27x240x163,12.0,315.0,69.0,99.40099999999998,1.1038719415664673,bmm
,158,158x32x210x475,12.0,315.0,69.0,99.40099999999998,1.146880030632019,bmm
,163,163x27x249x395,12.0,315.0,69.0,99.40099999999998,1.3443071842193604,bmm
,228,228x9x168x440,12.0,315.0,69.0,99.40099999999998,0.2410496026277542,bmm
,208,208x13x254x594,12.0,315.0,69.0,99.40099999999998,0.4890623986721039,bmm
,228,228x3x240x590,12.0,315.0,69.0,99.40099999999998,0.3055552005767822,bmm
,153,153x31x197x922,22.0,420.0,69.0,100.77,1.4886847972869872,bmm
,156,156x27x460x24,22.0,420.0,69.0,100.77,0.45772159695625303,bmm
,134,134x27x395x12,22.0,420.0,69.0,100.77,0.37171199917793274,bmm
,256,256x32x391x6,22.0,420.0,69.0,100.77,0.7127040028572083,bmm
,217,217x21x340x43,22.0,420.0,69.0,100.77,0.47799680233001707,bmm
,166,166x20x433x62,22.0,420.0,69.0,100.77,0.6008831858634949,bmm
,155,155x1x466x61,22.0,420.0,69.0,100.77,0.04915200173854828,bmm
,257,257x9x473x110,29.0,450.0,69.0,105.12100000000005,0.20316159427165986,bmm
,225,225x23x316x83,29.0,450.0,69.0,105.12100000000005,0.447488009929657,bmm
,211,211x29x394x106,29.0,450.0,69.0,105.12100000000005,0.5529599785804749,bmm
,194,194x17x510x184,29.0,450.0,69.0,105.12100000000005,1.1489280462265015,bmm
,242,242x26x348x194,29.0,450.0,69.0,105.12100000000005,0.874291181564331,bmm
,256,256x32x425x170,29.0,450.0,69.0,105.12100000000005,1.235967993736267,bmm
,166,166x2x308x471,36.0,495.0,69.0,104.80299999999994,0.22999039888381959,bmm
,243,243x15x293x366,36.0,495.0,69.0,104.80299999999994,0.5453823804855347,bmm
,172,172x32x474x414,36.0,495.0,69.0,104.80299999999994,1.5667200088500977,bmm
,184,184x32x453x726,36.0,495.0,69.0,104.80299999999994,2.3111679553985596,bmm
,170,170x17x362x1016,36.0,495.0,69.0,104.80299999999994,1.6220159530639648,bmm
,174,174x17x360x797,63.0,780.0,70.0,109.15000000000005,1.3998080492019653,bmm
,218,218x6x634x2,63.0,780.0,70.0,109.15000000000005,0.027648000046610832,bmm
,232,232x30x898x1,63.0,780.0,70.0,109.15000000000005,0.06348799914121628,bmm
,247,247x24x942x26,63.0,780.0,70.0,109.15000000000005,0.7481343984603882,bmm
,191,191x4x817x60,63.0,780.0,70.0,109.15000000000005,0.09461760222911834,bmm
,171,171x1x1015x37,63.0,780.0,70.0,109.15000000000005,0.06630399972200393,bmm
,185,185x28x983x36,63.0,780.0,70.0,109.15000000000005,0.5887680053710938,bmm
,141,141x30x790x118,54.52,816.0,70.0,109.92488000000003,0.3235839903354645,bmm
,229,229x28x694x122,10.0,1005.0,70.0,113.99299999999995,0.42393600940704346,bmm
,184,184x25x976x84,10.0,1005.0,70.0,113.99299999999995,0.5836799740791321,bmm
,149,149x27x846x143,10.0,1005.0,70.0,113.99299999999995,0.6768640279769897,bmm
,226,226x2x539x199,10.0,1005.0,70.0,113.99299999999995,0.22732800245285034,bmm
,152,152x5x677x240,10.0,1005.0,70.0,113.99299999999995,0.2295872002840042,bmm
,248,248x10x797x340,10.0,1005.0,70.0,113.99299999999995,0.6404095888137817,bmm
,201,201x1x547x375,10.0,1005.0,70.0,113.99299999999995,0.36560640931129457,bmm
,196,196x7x789x434,27.0,1005.0,70.0,114.15000000000005,0.6444992065429688,bmm
,250,250x4x848x826,27.0,1005.0,70.0,114.15000000000005,1.6017216205596925,bmm
,209,209x22x1001x928,27.0,1005.0,70.0,114.15000000000005,4.1539264678955075,bmm
,191,191x8x986x840,63.92,1005.0,72.6,119.62768000000005,0.9051967978477478,bmm
,171,171x33x32x13,98.0,1005.0,75.0,124.68400000000005,0.03481600061058998,bmm
,176,176x56x23x29,98.0,1005.0,75.0,124.68400000000005,0.03174399957060814,bmm
,163,163x59x10x13,98.0,1005.0,75.0,124.68400000000005,0.01945599913597107,bmm
,242,242x63x22x57,98.0,1005.0,75.0,124.68400000000005,0.032268799096345904,bmm
,186,186x57x22x61,98.0,1005.0,75.0,124.68400000000005,0.03174399957060814,bmm
,200,200x59x17x50,98.0,1005.0,75.0,124.68400000000005,0.03174399957060814,bmm
,180,180x42x10x74,98.0,1005.0,75.0,124.68400000000005,0.027648000046610832,bmm
,221,221x57x22x118,98.0,1005.0,75.0,124.68400000000005,0.033715199679136276,bmm
,246,246x39x19x87,98.0,1005.0,75.0,124.68400000000005,0.03205759972333908,bmm
,157,157x45x12x239,6.0,1005.0,73.0,138.86900000000003,0.03455360010266304,bmm
,213,213x57x33x195,6.0,1005.0,73.0,138.86900000000003,0.07475200295448303,bmm
,241,241x52x25x130,6.0,1005.0,73.0,138.86900000000003,0.06656000018119812,bmm
,209,209x38x6x419,6.0,1005.0,73.0,138.86900000000003,0.06856320053339005,bmm
,217,217x47x7x278,6.0,1005.0,73.0,138.86900000000003,0.05135999917984009,bmm
,174,174x34x6x416,6.0,1005.0,73.0,138.86900000000003,0.05734400078654289,bmm
,222,222x36x1x957,6.0,1005.0,73.0,138.86900000000003,0.050937598943710326,bmm
,198,198x57x8x1009,6.0,1005.0,73.0,138.86900000000003,0.11776000261306763,bmm
,129,129x63x20x608,6.0,1005.0,73.0,138.86900000000003,0.07577600330114365,bmm
,154,154x53x65x2,9.0,1005.0,73.0,135.9989999999999,0.04095999896526337,bmm
,229,229x56x33x2,9.0,1005.0,73.0,135.9989999999999,0.04044160023331642,bmm
,129,129x39x57x23,9.0,1005.0,73.0,135.9989999999999,0.037830401211977005,bmm
,134,134x50x58x39,9.0,1005.0,73.0,135.9989999999999,0.03788800165057182,bmm
,149,149x34x47x57,9.0,1005.0,73.0,135.9989999999999,0.03171839937567711,bmm
,145,145x51x56x56,9.0,1005.0,73.0,135.9989999999999,0.03379200026392937,bmm
,164,164x49x46x117,9.0,1005.0,73.0,135.9989999999999,0.03276799991726875,bmm
,130,130x61x51x79,9.0,1005.0,73.0,135.9989999999999,0.03481600061058998,bmm
,236,236x44x44x68,9.0,1005.0,73.0,135.9989999999999,0.046009600162506104,bmm
,243,243x45x46x183,9.0,1005.0,73.0,135.9989999999999,0.0839615985751152,bmm
,225,225x49x62x220,6.0,1005.0,73.0,130.203,0.1011263981461525,bmm
,159,159x33x42x217,6.0,1005.0,73.0,130.203,0.058368001133203506,bmm
,218,218x44x46x278,6.0,1005.0,73.0,130.203,0.1085439994931221,bmm
,231,231x42x37x319,6.0,1005.0,73.0,130.203,0.1085439994931221,bmm
,208,208x48x65x489,6.0,1005.0,73.0,130.203,0.19251200556755066,bmm
,233,233x47x43x1000,6.0,1005.0,73.0,130.203,0.29488000869750974,bmm
,188,188x52x45x534,6.0,1005.0,73.0,130.203,0.32725760340690613,bmm
,176,176x48x60x759,6.0,1005.0,73.0,130.203,0.4308992028236389,bmm
,159,159x60x83x27,6.32,984.0,73.0,130.0922,0.09604480266571044,bmm
,159,159x50x106x23,28.0,480.0,73.0,127.433,0.11878400295972824,bmm
,197,197x47x89x3,28.0,480.0,73.0,127.433,0.1515520066022873,bmm
,231,231x44x86x60,28.0,480.0,73.0,127.433,0.14336000382900238,bmm
,244,244x41x84x45,28.0,480.0,73.0,127.433,0.14315520226955414,bmm
,251,251x45x117x39,28.0,480.0,73.0,127.433,0.24514559805393218,bmm
,173,173x38x90x115,28.0,480.0,73.0,127.433,0.158720001578331,bmm
,132,132x63x85x117,28.0,480.0,73.0,127.433,0.10444799810647964,bmm
,186,186x36x84x88,28.0,480.0,73.0,127.433,0.15769599378108978,bmm
,235,235x39x75x216,18.88,434.4,71.56,119.91508000000003,0.2772991955280304,bmm
,129,129x49x102x241,16.0,420.0,71.0,117.54100000000003,0.23552000522613525,bmm
,146,146x63x93x162,16.0,420.0,71.0,117.54100000000003,0.22835199534893036,bmm
,234,234x49x93x469,16.0,420.0,71.0,117.54100000000003,0.6416383981704712,bmm
,164,164x50x108x376,16.0,420.0,71.0,117.54100000000003,0.37785598635673523,bmm
,175,175x55x114x511,16.0,420.0,71.0,117.54100000000003,0.6123520135879517,bmm
,129,129x47x68x824,16.0,420.0,71.0,117.54100000000003,0.5292031764984131,bmm
,255,255x65x91x724,25.12,397.2,70.24,107.33496000000002,1.0438655614852905,bmm
,222,222x56x105x999,28.0,390.0,70.0,104.11200000000004,1.3783040046691895,bmm
,158,158x36x232x1,28.0,390.0,70.0,104.11200000000004,0.021247999370098115,bmm
,224,224x57x247x6,28.0,390.0,70.0,104.11200000000004,0.3673919975757599,bmm
,175,175x59x134x24,28.0,390.0,70.0,104.11200000000004,0.21502719819545746,bmm
,134,134x45x236x47,28.0,390.0,70.0,104.11200000000004,0.24268800020217896,bmm
,204,204x46x146x43,28.0,390.0,70.0,104.11200000000004,0.2375488042831421,bmm
,143,143x57x182x59,28.0,390.0,70.0,104.11200000000004,0.19353599846363068,bmm
,253,253x56x180x81,20.0,435.0,69.0,103.858,0.3696640133857727,bmm
,214,214x49x135x85,20.0,435.0,69.0,103.858,0.2181120067834854,bmm
,229,229x33x251x119,20.0,435.0,69.0,103.858,0.3792703986167908,bmm
,142,142x61x164x221,20.0,435.0,69.0,103.858,0.3420160114765167,bmm
,210,210x38x191x160,20.0,435.0,69.0,103.858,0.5638144016265869,bmm
,129,129x63x220x136,20.0,435.0,69.0,103.858,0.4403199851512909,bmm
,175,175x59x233x482,20.0,435.0,69.0,103.858,1.0348544120788574,bmm
,206,206x34x193x463,28.8,435.0,69.0,103.18392000000006,1.0569727420806885,bmm
,162,162x39x248x451,30.0,435.0,69.0,103.09200000000006,0.9451519846916199,bmm
,135,135x51x219x921,30.0,435.0,69.0,103.09200000000006,1.191321611404419,bmm
,245,245x53x197x661,30.0,435.0,69.0,103.09200000000006,1.2842943906784057,bmm
,152,152x50x194x841,30.0,435.0,69.0,103.09200000000006,0.8468480110168457,bmm
,253,253x48x349x27,30.0,435.0,69.0,103.09200000000006,0.45260798931121826,bmm
,173,173x60x390x20,33.0,645.0,70.0,106.62899999999995,0.3807232081890106,bmm
,129,129x64x300x16,33.0,645.0,70.0,106.62899999999995,0.20479999482631683,bmm
,217,217x53x394x59,33.0,645.0,70.0,106.62899999999995,0.39096319675445557,bmm
,129,129x47x317x53,33.0,645.0,70.0,106.62899999999995,0.21503999829292297,bmm
,141,141x63x511x48,33.0,645.0,70.0,106.62899999999995,0.3332096040248871,bmm
,217,217x57x332x129,33.0,645.0,70.0,106.62899999999995,0.6457343935966492,bmm
,219,219x61x482x88,33.0,645.0,70.0,106.62899999999995,0.47206398844718933,bmm
,216,216x59x337x105,33.0,645.0,70.0,106.62899999999995,0.3409920036792755,bmm
,253,253x54x321x140,31.0,645.0,69.0,108.759,0.7331839799880981,bmm
,205,205x49x394x132,31.0,645.0,69.0,108.759,0.6379520297050476,bmm
,193,193x41x478x150,31.0,645.0,69.0,108.759,0.7575551867485046,bmm
,135,135x48x311x355,31.0,645.0,69.0,108.759,0.5048320293426514,bmm
,225,225x50x364x276,31.0,645.0,69.0,108.759,1.0467199802398681,bmm
,158,158x35x451x281,31.0,645.0,69.0,108.759,0.8617984056472778,bmm
,135,135x65x388x995,43.0,645.0,70.0,108.61499999999995,1.7242112159729004,bmm
,186,186x47x461x985,43.0,645.0,70.0,108.61499999999995,2.10882568359375,bmm
,183,183x45x392x730,43.0,645.0,70.0,108.61499999999995,1.321984052658081,bmm
,180,180x60x810x6,43.0,645.0,70.0,108.61499999999995,0.49351040124893186,bmm
,228,228x47x767x2,43.0,645.0,70.0,108.61499999999995,0.46465279459953307,bmm
,210,210x62x1008x9,21.0,1005.0,71.0,118.38000000000007,0.605184018611908,bmm
,214,214x42x941x63,21.0,1005.0,71.0,118.38000000000007,0.5683199763298035,bmm
,189,189x55x831x60,21.0,1005.0,71.0,118.38000000000007,0.5058559775352478,bmm
,228,228x57x547x47,21.0,1005.0,71.0,118.38000000000007,0.3420160114765167,bmm
,186,186x36x827x127,21.0,1005.0,71.0,118.38000000000007,0.5038016200065613,bmm
,176,176x65x602x106,21.0,1005.0,71.0,118.38000000000007,0.37735040187835694,bmm
,240,240x36x1023x121,21.0,1005.0,71.0,118.38000000000007,0.6164479851722717,bmm
,233,233x51x1024x206,20.16,1005.0,71.84,119.72652000000002,1.2193408012390137,bmm
,196,196x42x899x164,20.0,1005.0,72.0,119.98300000000003,0.9000959992408752,bmm
,155,155x61x771x195,20.0,1005.0,72.0,119.98300000000003,0.6266880035400391,bmm
,247,247x39x766x447,20.0,1005.0,72.0,119.98300000000003,1.9736576080322266,bmm
,236,236x52x983x409,20.0,1005.0,72.0,119.98300000000003,2.3299648761749268,bmm
,221,221x41x806x317,52.0,1005.0,75.0,128.259,1.4409600019454956,bmm
,156,156x35x615x812,52.0,1005.0,75.0,128.259,1.713740849494934,bmm
,254,254x39x842x907,52.0,1005.0,75.0,128.259,4.174841690063476,bmm
,140,140x58x780x612,52.0,1005.0,75.0,128.259,1.401804757118225,bmm
,172,172x95x25x21,84.0,1005.0,78.0,141.6930000000001,0.035840000957250595,bmm
,245,245x84x26x31,84.0,1005.0,78.0,141.6930000000001,0.03662080094218254,bmm
,171,171x79x24x18,84.0,1005.0,78.0,141.6930000000001,0.030719999223947525,bmm
,207,207x86x25x45,84.0,1005.0,78.0,141.6930000000001,0.03671040013432503,bmm
,185,185x98x26x46,84.0,1005.0,78.0,141.6930000000001,0.036742400377988815,bmm
,145,145x119x30x53,84.0,1005.0,78.0,141.6930000000001,0.02595839984714985,bmm
,252,252x99x17x70,84.0,1005.0,78.0,141.6930000000001,0.04092159867286682,bmm
,256,256x101x14x106,84.0,1005.0,78.0,141.6930000000001,0.03616640046238899,bmm
,157,157x81x14x113,84.0,1005.0,78.0,141.6930000000001,0.020441599562764166,bmm
,197,197x119x4x221,6.0,1005.0,76.0,146.13099999999997,0.04095999896526337,bmm
,153,153x72x3x235,6.0,1005.0,76.0,146.13099999999997,0.028672000393271446,bmm
,217,217x123x16x183,6.0,1005.0,76.0,146.13099999999997,0.053247999399900436,bmm
,135,135x119x25x393,6.0,1005.0,76.0,146.13099999999997,0.08087039738893509,bmm
,196,196x108x16x379,6.0,1005.0,76.0,146.13099999999997,0.07162880152463913,bmm
,213,213x114x14x357,6.0,1005.0,76.0,146.13099999999997,0.07369600236415863,bmm
,174,174x78x13x765,6.0,1005.0,76.0,146.13099999999997,0.10444799810647964,bmm
,196,196x65x22x671,6.0,1005.0,76.0,146.13099999999997,0.13553279936313628,bmm
,229,229x76x31x983,6.0,1005.0,76.0,146.13099999999997,0.23756800591945648,bmm
,145,145x82x59x2,6.0,1005.0,76.0,146.13099999999997,0.03788800165057182,bmm
,152,152x94x35x32,15.0,1005.0,76.0,137.04799999999992,0.028672000393271446,bmm
,143,143x88x51x23,15.0,1005.0,76.0,137.04799999999992,0.03481600061058998,bmm
,255,255x72x42x46,15.0,1005.0,76.0,137.04799999999992,0.05853440091013908,bmm
,200,200x118x33x44,15.0,1005.0,76.0,137.04799999999992,0.04145279973745346,bmm
,151,151x99x47x55,15.0,1005.0,76.0,137.04799999999992,0.03276799991726875,bmm
,214,214x101x63x84,15.0,1005.0,76.0,137.04799999999992,0.058368001133203506,bmm
,250,250x111x43x90,15.0,1005.0,76.0,137.04799999999992,0.06285439878702163,bmm
,145,145x84x49x91,15.0,1005.0,76.0,137.04799999999992,0.035840000957250595,bmm
,202,202x66x52x193,15.0,1005.0,76.0,137.04799999999992,0.07882239818572997,bmm
,256,256x82x43x180,9.0,1005.0,75.0,132.96900000000002,0.09625600278377533,bmm
,192,192x113x48x216,9.0,1005.0,75.0,132.96900000000002,0.07491200268268586,bmm
,162,162x101x54x409,9.0,1005.0,75.0,132.96900000000002,0.12083200365304947,bmm
,162,162x122x43x339,9.0,1005.0,75.0,132.96900000000002,0.08990720063447952,bmm
,200,200x100x59x506,9.0,1005.0,75.0,132.96900000000002,0.3737408101558685,bmm
,229,229x96x48x898,9.0,1005.0,75.0,132.96900000000002,0.6615039706230164,bmm
,203,203x106x63x974,9.0,1005.0,75.0,132.96900000000002,0.711679995059967,bmm
,179,179x75x45x1025,9.0,1005.0,75.0,132.96900000000002,0.5713919997215271,bmm
,172,172x104x108x11,45.0,450.0,74.0,128.62300000000002,0.1779583990573883,bmm
,246,246x100x79x23,45.0,450.0,74.0,128.62300000000002,0.14213119745254515,bmm
,144,144x88x109x31,45.0,450.0,74.0,128.62300000000002,0.12800000607967377,bmm
,201,201x124x109x43,45.0,450.0,74.0,128.62300000000002,0.1925056040287018,bmm
,196,196x78x79x36,45.0,450.0,74.0,128.62300000000002,0.14336000382900238,bmm
,231,231x103x126x35,45.0,450.0,74.0,128.62300000000002,0.22630399465560913,bmm
,146,146x102x93x103,45.0,450.0,74.0,128.62300000000002,0.12595200538635254,bmm
,190,190x74x88x85,45.0,450.0,74.0,128.62300000000002,0.16383999586105347,bmm
,234,234x94x69x124,45.0,450.0,74.0,128.62300000000002,0.14950400590896606,bmm
,157,157x126x104x134,19.0,405.0,72.0,117.85100000000007,0.2557952105998993,bmm
,235,235x102x72x196,19.0,405.0,72.0,117.85100000000007,0.2740224003791809,bmm
,245,245x105x69x228,19.0,405.0,72.0,117.85100000000007,0.28241920471191406,bmm
,159,159x99x81x491,19.0,405.0,72.0,117.85100000000007,0.44113919138908386,bmm
,153,153x97x91x446,19.0,405.0,72.0,117.85100000000007,0.47206398844718933,bmm
,138,138x128x90x512,19.0,405.0,72.0,117.85100000000007,0.4202495992183685,bmm
,161,161x105x94x753,19.0,405.0,72.0,117.85100000000007,0.7020479798316955,bmm
,176,176x122x104x591,41.0,375.0,71.0,105.39400000000005,0.6895488023757934,bmm
,239,239x115x120x798,41.0,375.0,71.0,105.39400000000005,1.460422420501709,bmm
,188,188x114x245x30,41.0,375.0,71.0,105.39400000000005,0.43007999658584595,bmm
,174,174x72x175x16,41.0,375.0,71.0,105.39400000000005,0.3121151924133301,bmm
,237,237x79x151x2,41.0,375.0,71.0,105.39400000000005,0.2385919988155365,bmm
,140,140x115x229x58,41.0,375.0,71.0,105.39400000000005,0.24063999950885773,bmm
,141,141x129x138x55,41.0,375.0,71.0,105.39400000000005,0.29837440252304076,bmm
,175,175x70x241x58,18.0,435.0,70.0,105.46999999999997,0.3686400055885315,bmm
,159,159x126x240x121,18.0,435.0,70.0,105.46999999999997,0.25352959632873534,bmm
,142,142x96x229x69,18.0,435.0,70.0,105.46999999999997,0.24023040235042573,bmm
,192,192x98x255x101,18.0,435.0,70.0,105.46999999999997,0.3868671953678131,bmm
,192,192x83x130x257,18.0,435.0,70.0,105.46999999999997,0.5470207929611206,bmm
,256,256x115x195x208,18.0,435.0,70.0,105.46999999999997,0.6891520023345947,bmm
,133,133x108x197x138,18.0,435.0,70.0,105.46999999999997,0.40243199467658997,bmm
,244,244x100x219x354,31.0,435.0,70.0,105.20200000000004,0.9758719801902771,bmm
,138,138x72x213x481,31.0,435.0,70.0,105.20200000000004,0.7163711905479431,bmm
,253,253x108x169x360,31.0,435.0,70.0,105.20200000000004,0.7841792106628418,bmm
,238,238x105x243x676,31.0,435.0,70.0,105.20200000000004,1.5038272142410278,bmm
,178,178x90x193x899,31.0,435.0,70.0,105.20200000000004,1.2257216215133666,bmm
,134,134x126x133x990,50.32,600.6,70.92,109.84339999999999,0.6062080264091492,bmm
,193,193x109x396x6,52.0,615.0,71.0,110.24699999999997,0.36023679971694944,bmm
,220,220x72x285x29,52.0,615.0,71.0,110.24699999999997,0.26521599292755127,bmm
,182,182x92x456x5,52.0,615.0,71.0,110.24699999999997,0.40325120091438293,bmm
,169,169x98x380x59,52.0,615.0,71.0,110.24699999999997,0.3461120128631592,bmm
,149,149x128x387x38,52.0,615.0,71.0,110.24699999999997,0.24248320162296294,bmm
,251,251x113x425x49,52.0,615.0,71.0,110.24699999999997,0.5120000243186951,bmm
,220,220x120x432x88,52.0,615.0,71.0,110.24699999999997,0.3901439905166626,bmm
,221,221x110x425x95,34.0,705.0,70.0,113.50799999999998,0.39239680767059326,bmm
,146,146x124x454x86,34.0,705.0,70.0,113.50799999999998,0.28035199642181396,bmm
,190,190x105x416x198,34.0,705.0,70.0,113.50799999999998,0.6144000291824341,bmm
,171,171x104x481x248,34.0,705.0,70.0,113.50799999999998,0.716595184803009,bmm
,225,225x125x300x189,34.0,705.0,70.0,113.50799999999998,0.5517055988311768,bmm
,239,239x126x458x345,34.0,705.0,70.0,113.50799999999998,1.2183551788330078,bmm
,229,229x121x304x394,35.44,705.0,70.08,113.62952,1.0672064065933227,bmm
,242,242x95x385x431,52.0,705.0,71.0,115.02700000000003,1.018880009651184,bmm
,129,129x122x270x958,52.0,705.0,71.0,115.02700000000003,0.8028031826019287,bmm
,218,218x106x261x741,52.0,705.0,71.0,115.02700000000003,0.8960000276565552,bmm
,243,243x125x278x751,52.0,705.0,71.0,115.02700000000003,1.0936319828033447,bmm
,228,228x89x918x31,52.0,705.0,71.0,115.02700000000003,0.5596544146537781,bmm
,243,243x89x655x2,48.0,1005.0,74.0,124.45499999999997,0.4048640072345734,bmm
,239,239x126x686x4,48.0,1005.0,74.0,124.45499999999997,0.4270080029964447,bmm
,218,218x103x1014x60,48.0,1005.0,74.0,124.45499999999997,0.6203392148017883,bmm
,159,159x100x729x48,48.0,1005.0,74.0,124.45499999999997,0.30617600679397583,bmm
,156,156x113x561x37,48.0,1005.0,74.0,124.45499999999997,0.24084480106830597,bmm
,236,236x66x622x75,48.0,1005.0,74.0,124.45499999999997,0.3864191949367523,bmm
,234,234x69x632x112,48.0,1005.0,74.0,124.45499999999997,0.39196800589561465,bmm
,234,234x100x851x106,40.8,1005.0,73.76,124.68635999999995,0.5344704031944275,bmm
,129,129x95x588x230,18.0,1005.0,73.0,125.41899999999998,0.49003520607948303,bmm
,165,165x106x845x252,18.0,1005.0,73.0,125.41899999999998,0.8667135834693909,bmm
,181,181x72x980x193,18.0,1005.0,73.0,125.41899999999998,0.9830015897750854,bmm
,255,255x69x515x276,18.0,1005.0,73.0,125.41899999999998,1.0444799661636353,bmm
,166,166x106x882x477,18.0,1005.0,73.0,125.41899999999998,1.603379249572754,bmm
,256,256x120x625x313,39.0,1005.0,74.0,125.63599999999998,1.2832767963409424,bmm
,151,151x72x514x591,39.0,1005.0,74.0,125.63599999999998,1.0434175729751587,bmm
,178,178x114x827x614,39.0,1005.0,74.0,125.63599999999998,1.8216960430145264,bmm
,130,130x99x678x583,39.0,1005.0,74.0,125.63599999999998,1.0964992046356201,bmm
,224,224x149x23x30,39.0,1005.0,74.0,125.63599999999998,0.058368001133203506,bmm
,252,252x179x9x20,50.0,1005.0,79.0,141.49499999999992,0.05632000043988228,bmm
,166,166x137x20x22,50.0,1005.0,79.0,141.49499999999992,0.048742401599884036,bmm
,185,185x133x1x40,50.0,1005.0,79.0,141.49499999999992,0.011264000087976456,bmm
,214,214x164x9x63,50.0,1005.0,79.0,141.49499999999992,0.04915200173854828,bmm
,145,145x183x23x33,50.0,1005.0,79.0,141.49499999999992,0.04095999896526337,bmm
,156,156x201x32x105,50.0,1005.0,79.0,141.49499999999992,0.06385279893875122,bmm
,164,164x182x6x103,50.0,1005.0,79.0,141.49499999999992,0.03973119854927063,bmm
,213,213x146x8x80,50.0,1005.0,79.0,141.49499999999992,0.03993599861860275,bmm
,162,162x182x26x174,50.0,1005.0,79.0,141.49499999999992,0.10238079726696014,bmm
,145,145x146x32x195,50.0,1005.0,79.0,141.49499999999992,0.09400320202112197,bmm
,238,238x142x19x208,8.0,1005.0,74.0,131.7510000000001,0.12595200538635254,bmm
,241,241x203x24x321,8.0,1005.0,74.0,131.7510000000001,0.21381120383739471,bmm
,241,241x245x2x492,8.0,1005.0,74.0,131.7510000000001,0.2674688041210175,bmm
,167,167x249x12x436,8.0,1005.0,74.0,131.7510000000001,0.19251200556755066,bmm
,249,249x202x23x954,8.0,1005.0,74.0,131.7510000000001,0.5820416212081909,bmm
,142,142x199x5x516,8.0,1005.0,74.0,131.7510000000001,0.1458176016807556,bmm
,244,244x188x29x687,8.0,1005.0,74.0,131.7510000000001,0.45998080968856814,bmm
,230,230x228x40x22,28.0,1005.0,73.44,110.486,0.08089599758386612,bmm
,232,232x137x52x4,28.0,1005.0,73.0,110.486,0.09318400174379349,bmm
,239,239x219x47x6,28.0,1005.0,73.0,110.486,0.09113600105047226,bmm
,165,165x248x49x54,28.0,1005.0,73.0,110.486,0.09378560185432434,bmm
,155,155x145x46x35,28.0,1005.0,73.0,110.486,0.06325759887695312,bmm
,230,230x190x44x49,28.0,1005.0,73.0,110.486,0.092780801653862,bmm
,192,192x179x63x72,28.0,1005.0,73.0,110.486,0.09523200243711472,bmm
,204,204x150x35x98,28.0,1005.0,73.0,110.486,0.07884799689054489,bmm
,176,176x199x58x99,28.0,1005.0,73.0,110.486,0.1046335980296135,bmm
,147,147x158x37x254,28.0,1005.0,73.0,110.486,0.11857920289039611,bmm
,194,194x147x61x213,15.0,1005.0,71.0,107.85399999999998,0.1669120043516159,bmm
,184,184x189x51x141,15.0,1005.0,71.0,107.85399999999998,0.1411072015762329,bmm
,235,235x214x48x283,15.0,1005.0,71.0,107.85399999999998,0.3491840064525604,bmm
,185,185x244x38x392,15.0,1005.0,71.0,107.85399999999998,0.34283519387245176,bmm
,169,169x256x59x321,15.0,1005.0,71.0,107.85399999999998,0.3256320059299469,bmm
,136,136x144x49x532,15.0,1005.0,71.0,107.85399999999998,0.3764096021652222,bmm
,254,254x188x41x1008,15.0,1005.0,71.0,107.85399999999998,0.9846783876419067,bmm
,221,221x153x38x917,51.0,645.0,71.0,107.21900000000004,0.7565311789512634,bmm
,211,211x167x116x26,51.0,645.0,71.0,107.21900000000004,0.24944639801979065,bmm
,222,222x142x117x14,51.0,645.0,71.0,107.21900000000004,0.2494271993637085,bmm
,179,179x225x100x20,51.0,645.0,71.0,107.21900000000004,0.18983039855957032,bmm
,159,159x256x124x63,51.0,645.0,71.0,107.21900000000004,0.18759039640426636,bmm
,242,242x181x78x62,51.0,645.0,71.0,107.21900000000004,0.18432000279426575,bmm
,182,182x211x76x46,51.0,645.0,71.0,107.21900000000004,0.1566655993461609,bmm
,220,220x195x92x96,51.0,645.0,71.0,107.21900000000004,0.21196800470352173,bmm
,217,217x246x80x118,19.0,660.0,70.0,107.233,0.19210240244865417,bmm
,240,240x157x93x118,19.0,660.0,70.0,107.233,0.21299199759960175,bmm
,226,226x249x75x161,19.0,660.0,70.0,107.233,0.3467263996601105,bmm
,238,238x243x83x142,19.0,660.0,70.0,107.233,0.3749888002872467,bmm
,158,158x165x111x217,19.0,660.0,70.0,107.233,0.3102720081806183,bmm
,248,248x161x113x501,19.0,660.0,70.0,107.233,0.9881600141525269,bmm
,143,143x184x107x421,19.0,660.0,70.0,107.233,0.5304319858551025,bmm
,233,233x192x111x457,34.0,660.0,70.0,107.30900000000003,0.8407040238380432,bmm
,240,240x223x92x863,34.0,660.0,70.0,107.30900000000003,1.3256703615188599,bmm
,214,214x212x100x637,34.0,660.0,70.0,107.30900000000003,0.7628736019134521,bmm
,228,228x166x104x659,34.0,660.0,70.0,107.30900000000003,0.8916991949081421,bmm
,226,226x188x141x29,34.0,660.0,70.0,107.30900000000003,0.2252800017595291,bmm
,155,155x221x139x18,34.0,660.0,70.0,107.30900000000003,0.158720001578331,bmm
,140,140x145x152x20,17.0,870.0,72.0,114.13000000000007,0.159129598736763,bmm
,217,217x251x203x53,17.0,870.0,72.0,114.13000000000007,0.32110720276832583,bmm
,180,180x142x164x51,17.0,870.0,72.0,114.13000000000007,0.21606400609016418,bmm
,252,252x178x181x51,17.0,870.0,72.0,114.13000000000007,0.3235839903354645,bmm
,247,247x158x150x68,17.0,870.0,72.0,114.13000000000007,0.27176960110664367,bmm
,145,145x146x177x109,17.0,870.0,72.0,114.13000000000007,0.19353599846363068,bmm
,147,147x250x217x74,17.0,870.0,72.0,114.13000000000007,0.23654399812221527,bmm
,252,252x186x185x183,17.0,870.0,72.0,114.13000000000007,0.609279990196228,bmm
,175,175x135x147x129,29.0,870.0,70.0,114.87399999999994,0.3432447910308838,bmm
,177,177x163x172x155,29.0,870.0,70.0,114.87399999999994,0.39280641078948975,bmm
,187,187x253x162x291,29.0,870.0,70.0,114.87399999999994,0.5877760052680969,bmm
,238,238x183x182x268,29.0,870.0,70.0,114.87399999999994,0.8032127857208252,bmm
,182,182x183x206x443,29.0,870.0,70.0,114.87399999999994,0.9031680226325989,bmm
,222,222x182x241x950,40.8,870.0,70.4,115.22499999999997,2.576582431793213,bmm
,130,130x211x159x929,88.0,870.0,72.0,116.62899999999995,1.0288959741592407,bmm
,129,129x208x171x947,88.0,870.0,72.0,116.62899999999995,0.9873152017593384,bmm
,155,155x235x329x30,88.0,870.0,72.0,116.62899999999995,0.28874239325523376,bmm
,163,163x255x450x16,88.0,870.0,72.0,116.62899999999995,0.38396160006523133,bmm
,186,186x187x426x33,88.0,870.0,72.0,116.62899999999995,0.44716799855232237,bmm
,151,151x256x411x62,88.0,870.0,72.0,116.62899999999995,0.3565119981765747,bmm
,228,228x155x488x50,21.0,1005.0,74.0,125.62699999999997,0.5949440002441406,bmm
,204,204x151x352x59,21.0,1005.0,74.0,125.62699999999997,0.3665919899940491,bmm
,246,246x223x486x124,21.0,1005.0,74.0,125.62699999999997,0.6409791946411133,bmm
,209,209x221x443x85,21.0,1005.0,74.0,125.62699999999997,0.5637375950813294,bmm
,237,237x160x266x66,21.0,1005.0,74.0,125.62699999999997,0.3461120128631592,bmm
,217,217x237x359x181,21.0,1005.0,74.0,125.62699999999997,0.8184895873069763,bmm
,169,169x182x360x153,21.0,1005.0,74.0,125.62699999999997,0.6614847898483276,bmm
,253,253x139x292x178,26.0,1005.0,74.0,129.87800000000004,0.7872319936752319,bmm
,219,219x250x314x274,26.0,1005.0,74.0,129.87800000000004,1.1134976148605347,bmm
,190,190x255x509x398,26.0,1005.0,74.0,129.87800000000004,1.965023946762085,bmm
,188,188x233x513x340,26.0,1005.0,74.0,129.87800000000004,1.4782208442687987,bmm
,142,142x235x341x557,26.0,1005.0,74.0,129.87800000000004,1.2734400272369384,bmm
,214,214x140x308x620,50.0,1005.0,77.0,135.538,1.7049599885940552,bmm
,204,204x248x332x569,50.0,1005.0,77.0,135.538,1.7391040086746217,bmm
,201,201x206x777x20,50.0,1005.0,77.0,135.538,0.7903231978416443,bmm
,135,135x193x756x6,50.0,1005.0,77.0,135.538,0.6143808245658875,bmm
,162,162x241x637x24,50.0,1005.0,77.0,135.538,0.5264896154403687,bmm
,175,175x187x979x42,35.72,1005.0,77.8,140.65864000000002,0.9852543950080872,bmm
,182,182x186x894x43,33.0,1005.0,78.0,141.634,0.8990655899047851,bmm
,217,217x152x638x39,33.0,1005.0,78.0,141.634,0.7751680016517639,bmm
,179,179x177x803x123,33.0,1005.0,78.0,141.634,0.8241152167320251,bmm
,186,186x157x898x89,33.0,1005.0,78.0,141.634,0.9088896036148071,bmm
,171,171x222x1020x120,33.0,1005.0,78.0,141.634,1.0426495552062989,bmm
,148,148x220x659x182,48.0,1005.0,77.0,137.509,1.0721280574798584,bmm
,134,134x165x990x241,48.0,1005.0,77.0,137.509,1.3856576442718507,bmm
,227,227x234x870x249,48.0,1005.0,77.0,137.509,2.107372856140137,bmm
,173,173x148x675x355,48.0,1005.0,77.0,137.509,1.7624831676483155,bmm
,241,241x135x884x275,50.16,1005.0,79.16,141.559,3.1547199726104735,bmm
,148,148x239x607x409,51.0,1005.0,80.0,143.134,1.8298496007919312,bmm
,244,244x227x641x684,51.0,1005.0,80.0,143.134,4.633600234985352,bmm
,221,221x238x779x663,48.12,1005.0,83.84,167.8040799999999,5.121228885650635,bmm
,156,156x238x560x638,48.0,1005.0,84.0,168.83199999999994,2.236006498336792,bmm
,195,195x366x30x4,48.0,1005.0,84.0,168.83199999999994,0.08601599931716919,bmm
,252,252x390x9x23,48.0,1005.0,84.0,168.83199999999994,0.09830400347709656,bmm
,239,239x503x12x21,48.0,1005.0,84.0,168.83199999999994,0.09216000139713287,bmm
,252,252x293x10x62,48.0,1005.0,84.0,168.83199999999994,0.07782399654388428,bmm
,143,143x444x14x44,9.0,1005.0,82.0,188.16199999999998,0.05734400078654289,bmm
,143,143x365x28x64,9.0,1005.0,82.0,188.16199999999998,0.06963200122117996,bmm
,246,246x308x17x117,9.0,1005.0,82.0,188.16199999999998,0.09113600105047226,bmm
,141,141x300x3x67,9.0,1005.0,82.0,188.16199999999998,0.04047359973192215,bmm
,225,225x305x1x108,9.0,1005.0,82.0,188.16199999999998,0.04470399916172028,bmm
,139,139x420x7x138,9.0,1005.0,82.0,188.16199999999998,0.08806400001049042,bmm
,207,207x297x6x237,9.0,1005.0,82.0,188.16199999999998,0.10354559719562531,bmm
,156,156x289x32x134,9.0,1005.0,82.0,188.16199999999998,0.12260479927062988,bmm
,213,213x495x23x425,9.0,1005.0,82.0,188.16199999999998,0.38008959889411925,bmm
,257,257x483x32x320,30.0,1005.0,80.0,164.65799999999996,0.38092800974845886,bmm
,200,200x414x11x348,30.0,1005.0,80.0,164.65799999999996,0.22835199534893036,bmm
,225,225x273x11x957,30.0,1005.0,80.0,164.65799999999996,0.49560319185256957,bmm
,247,247x317x16x974,30.0,1005.0,80.0,164.65799999999996,0.5227455973625184,bmm
,211,211x388x19x644,30.0,1005.0,80.0,164.65799999999996,0.5455743908882141,bmm
,235,235x424x51x23,30.0,1005.0,80.0,164.65799999999996,0.17443840205669403,bmm
,252,252x445x52x10,30.0,1005.0,80.0,164.65799999999996,0.18812799751758574,bmm
,151,151x315x38x23,16.0,1005.0,80.0,144.6680000000001,0.07677440345287323,bmm
,145,145x449x45x61,16.0,1005.0,80.0,144.6680000000001,0.11059200018644333,bmm
,138,138x328x62x64,16.0,1005.0,80.0,144.6680000000001,0.10239999741315842,bmm
,229,229x484x59x47,16.0,1005.0,80.0,144.6680000000001,0.19455360472202302,bmm
,203,203x325x47x68,16.0,1005.0,80.0,144.6680000000001,0.11196800023317337,bmm
,220,220x402x63x98,16.0,1005.0,80.0,144.6680000000001,0.18227200210094452,bmm
,135,135x400x42x80,16.0,1005.0,80.0,144.6680000000001,0.09830400347709656,bmm
,226,226x453x41x239,16.0,1005.0,80.0,144.6680000000001,0.2975552022457123,bmm
,245,245x506x46x156,16.0,1005.0,80.0,144.6680000000001,0.31226879358291626,bmm
,189,189x362x56x179,31.0,1005.0,79.0,146.89199999999994,0.2910080075263977,bmm
,146,146x375x53x367,31.0,1005.0,79.0,146.89199999999994,0.36065279841423037,bmm
,239,239x299x42x257,31.0,1005.0,79.0,146.89199999999994,0.48290560841560365,bmm
,219,219x275x57x449,31.0,1005.0,79.0,146.89199999999994,0.7288832068443298,bmm
,226,226x419x52x542,31.0,1005.0,79.0,146.89199999999994,1.0264575481414795,bmm
,166,166x302x60x875,40.88,870.6,78.48,139.4180400000001,0.8867648124694825,bmm
,136,136x259x62x812,50.0,765.0,78.0,132.5190000000001,0.6598528146743774,bmm
,173,173x444x93x16,50.0,765.0,78.0,132.5190000000001,0.24268800020217896,bmm
,245,245x452x119x28,50.0,765.0,78.0,132.5190000000001,0.38891521096229553,bmm
,194,194x511x99x7,50.0,765.0,78.0,132.5190000000001,0.28752639293670657,bmm
,168,168x260x127x39,50.0,765.0,78.0,132.5190000000001,0.24227840304374695,bmm
,153,153x294x124x56,50.0,765.0,78.0,132.5190000000001,0.21196800470352173,bmm
,186,186x343x78x58,50.0,765.0,78.0,132.5190000000001,0.17279359996318816,bmm
,254,254x475x88x109,19.0,840.0,76.0,123.15200000000003,0.3407872080802917,bmm
,245,245x343x125x77,19.0,840.0,76.0,123.15200000000003,0.3268480122089386,bmm
,132,132x499x104x118,19.0,840.0,76.0,123.15200000000003,0.23242879807949066,bmm
,213,213x423x127x249,19.0,840.0,76.0,123.15200000000003,0.7129088044166565,bmm
,238,238x369x127x197,19.0,840.0,76.0,123.15200000000003,0.6103039979934692,bmm
,246,246x326x122x236,19.0,840.0,76.0,123.15200000000003,0.615014398097992,bmm
,208,208x305x69x385,19.0,840.0,76.0,123.15200000000003,0.596774411201477,bmm
,179,179x326x71x365,39.0,900.0,75.0,119.36499999999992,0.4192255973815918,bmm
,257,257x508x110x495,39.0,900.0,75.0,119.36499999999992,1.4905408143997192,bmm
,181,181x325x128x920,39.0,900.0,75.0,119.36499999999992,1.523910403251648,bmm
,153,153x306x99x685,39.0,900.0,75.0,119.36499999999992,0.8216511964797973,bmm
,147,147x272x99x681,39.0,900.0,75.0,119.36499999999992,0.7782400012016296,bmm
,179,179x428x205x21,35.0,1005.0,77.0,126.57999999999997,0.4030463993549347,bmm
,213,213x278x208x4,35.0,1005.0,77.0,126.57999999999997,0.3532800078392029,bmm
,205,205x333x208x5,35.0,1005.0,77.0,126.57999999999997,0.3553279936313629,bmm
,255,255x326x255x50,35.0,1005.0,77.0,126.57999999999997,0.5406720042228699,bmm
,228,228x298x236x53,35.0,1005.0,77.0,126.57999999999997,0.45690879225730896,bmm
,242,242x447x243x62,35.0,1005.0,77.0,126.57999999999997,0.6338559985160828,bmm
,241,241x474x170x100,35.0,1005.0,77.0,126.57999999999997,0.4995071947574615,bmm
,207,207x301x235x103,25.0,1005.0,75.0,127.19099999999995,0.42188799381256104,bmm
,224,224x508x223x101,25.0,1005.0,75.0,127.19099999999995,0.5873471975326539,bmm
,173,173x434x246x223,25.0,1005.0,75.0,127.19099999999995,0.8857600092887878,bmm
,154,154x403x167x237,25.0,1005.0,75.0,127.19099999999995,0.5744832038879395,bmm
,165,165x387x209x238,25.0,1005.0,75.0,127.19099999999995,0.7675776004791259,bmm
,167,167x433x160x486,25.0,1005.0,75.0,127.19099999999995,1.1868160009384154,bmm
,163,163x315x135x449,55.0,1005.0,76.0,126.30499999999998,0.7460608124732971,bmm
,151,151x285x244x463,55.0,1005.0,76.0,126.30499999999998,1.1735039949417114,bmm
,184,184x273x221x733,55.0,1005.0,76.0,126.30499999999998,1.8944000005722046,bmm
,177,177x456x218x624,55.0,1005.0,76.0,126.30499999999998,2.028339147567749,bmm
,232,232x361x218x1000,55.0,1005.0,80.0,138.12100000000007,3.1354368209838865,bmm
,209,209x265x424x5,55.0,1005.0,80.0,138.12100000000007,0.6850559711456299,bmm
,229,229x308x288x32,55.0,1005.0,80.0,138.12100000000007,0.532480001449585,bmm
,166,166x511x262x9,55.0,1005.0,80.0,138.12100000000007,0.4925439953804016,bmm
,158,158x479x293x42,55.0,1005.0,80.0,138.12100000000007,0.4906688094139099,bmm
,210,210x439x480x54,55.0,1005.0,80.0,138.12100000000007,1.060863971710205,bmm
,142,142x379x297x53,43.0,1005.0,80.0,160.58399999999995,0.38152960538864134,bmm
,253,253x406x278x129,43.0,1005.0,80.0,160.58399999999995,1.427456021308899,bmm
,189,189x260x352x101,43.0,1005.0,80.0,160.58399999999995,0.5074623942375183,bmm
,196,196x438x472x106,43.0,1005.0,80.0,160.58399999999995,0.9756671786308289,bmm
,246,246x413x498x138,43.0,1005.0,80.0,160.58399999999995,2.421760082244873,bmm
,153,153x327x370x214,52.2,1005.0,80.92,165.7212800000001,0.9265152215957642,bmm
,253,253x365x500x192,53.0,1005.0,81.0,166.16800000000006,1.9300352334976196,bmm
,164,164x490x473x396,53.0,1005.0,81.0,166.16800000000006,3.0830272674560546,bmm
,253,253x487x355x312,53.0,1005.0,81.0,166.16800000000006,2.7777023315429688,bmm
,175,175x483x392x335,87.0,1005.0,82.0,161.9279999999999,2.0541439056396484,bmm
,249,249x447x284x607,87.0,1005.0,82.0,161.9279999999999,3.618201494216919,bmm
,198,198x475x465x607,88.96,1005.0,82.84,166.66531999999998,4.628070449829101,bmm
,209,209x427x377x921,94.0,1005.0,85.0,178.8470000000001,6.324019241333008,bmm
,175,175x351x903x28,94.0,1005.0,85.0,178.8470000000001,1.2572032451629638,bmm
,151,151x441x597x13,94.0,1005.0,85.0,178.8470000000001,0.9614911913871765,bmm
,178,178x485x687x12,40.0,1005.0,85.0,199.5380000000001,1.2460031509399414,bmm
,206,206x264x971x52,40.0,1005.0,85.0,199.5380000000001,1.5511360168457031,bmm
,227,227x320x761x51,40.0,1005.0,85.0,199.5380000000001,1.3819712162017823,bmm
,239,239x378x831x49,40.0,1005.0,85.0,199.5380000000001,1.511417555809021,bmm
,174,174x267x611x111,40.0,1005.0,85.0,199.5380000000001,0.8752831935882568,bmm
,151,151x360x786x74,47.0,1005.0,83.0,184.6260000000001,0.9676799774169922,bmm
,220,220x424x706x127,47.0,1005.0,83.0,184.6260000000001,1.6091135740280151,bmm
,172,172x357x536x137,47.0,1005.0,83.0,184.6260000000001,1.4018559455871582,bmm
,141,141x299x1003x188,47.0,1005.0,83.0,184.6260000000001,2.1966784477233885,bmm
,144,144x391x725x166,50.52,1005.0,83.88,156.52759999999995,2.1655231952667235,bmm
,142,142x433x727x496,51.0,1005.0,84.0,152.69599999999994,4.0417280197143555,bmm
,248,248x387x524x417,51.0,1005.0,84.0,152.69599999999994,5.148672103881836,bmm
,221,221x404x690x476,83.0,1005.0,86.0,173.9699999999999,6.059827136993408,bmm
,168,168x423x578x1007,87.8,1005.0,86.0,183.21735999999999,7.66359052658081,bmm
,177,177x476x1015x930,98.2,1005.0,86.4,207.7446,14.001152038574219,bmm
,196,196x348x588x821,99.0,1005.0,88.0,227.25100000000012,6.001414394378662,bmm
,138,138x709x22x16,99.0,1005.0,88.0,227.25100000000012,0.10051199793815613,bmm
,220,220x1000x21x27,99.0,1005.0,88.0,227.25100000000012,0.1945600062608719,bmm
,153,153x940x33x15,99.0,1005.0,88.0,227.25100000000012,0.17612800002098083,bmm
,196,196x840x13x63,17.0,1005.0,85.0,223.93900000000005,0.130048006772995,bmm
,182,182x695x28x52,17.0,1005.0,85.0,223.93900000000005,0.14643199741840363,bmm
,216,216x968x6x62,17.0,1005.0,85.0,223.93900000000005,0.13352959752082824,bmm
,184,184x850x28x101,17.0,1005.0,85.0,223.93900000000005,0.17507200539112092,bmm
,198,198x911x8x87,17.0,1005.0,85.0,223.93900000000005,0.1228799968957901,bmm
,214,214x722x13x86,17.0,1005.0,85.0,223.93900000000005,0.12677119970321654,bmm
,146,146x573x26x219,17.0,1005.0,85.0,223.93900000000005,0.19203200042247773,bmm
,140,140x722x4x165,17.0,1005.0,85.0,223.93900000000005,0.131071999669075,bmm
,199,199x854x11x154,14.0,1005.0,82.0,181.61700000000008,0.2580031991004944,bmm
,203,203x515x23x287,14.0,1005.0,82.0,181.61700000000008,0.3356351912021637,bmm
,206,206x976x9x420,14.0,1005.0,82.0,181.61700000000008,0.605184018611908,bmm
,164,164x889x16x461,14.0,1005.0,82.0,181.61700000000008,0.4228927969932556,bmm
,169,169x553x32x514,14.0,1005.0,82.0,181.61700000000008,0.5099520087242126,bmm
,241,241x569x9x871,14.0,1005.0,82.0,181.61700000000008,0.7811071872711182,bmm
,248,248x601x32x654,42.0,1005.0,82.0,149.31199999999993,1.1925248146057128,bmm
,146,146x708x48x5,42.0,1005.0,82.0,149.31199999999993,0.14847999811172485,bmm
,183,183x531x34x14,42.0,1005.0,82.0,149.31199999999993,0.14704640209674835,bmm
,179,179x849x38x20,42.0,1005.0,82.0,149.31199999999993,0.1949696034193039,bmm
,233,233x876x61x62,42.0,1005.0,82.0,149.31199999999993,0.3919872045516968,bmm
,148,148x844x50x35,42.0,1005.0,82.0,149.31199999999993,0.2017087996006012,bmm
,177,177x788x40x49,42.0,1005.0,82.0,149.31199999999993,0.21319039762020112,bmm
,209,209x804x45x114,42.0,1005.0,82.0,149.31199999999993,0.35225600004196167,bmm
,181,181x738x41x127,29.0,1005.0,79.0,140.90599999999998,0.2936896026134491,bmm
,246,246x876x60x80,29.0,1005.0,79.0,140.90599999999998,0.44707840085029604,bmm
,207,207x599x33x226,29.0,1005.0,79.0,140.90599999999998,0.4124671995639801,bmm
,202,202x1007x37x149,29.0,1005.0,79.0,140.90599999999998,0.550707197189331,bmm
,166,166x714x35x181,29.0,1005.0,79.0,140.90599999999998,0.36618239879608155,bmm
,248,248x912x61x337,29.0,1005.0,79.0,140.90599999999998,1.3049856185913087,bmm
,198,198x715x34x463,53.0,1005.0,78.0,128.45400000000006,0.8802303910255432,bmm
,198,198x756x46x318,53.0,1005.0,78.0,128.45400000000006,0.7360512137413024,bmm
,201,201x757x43x964,53.0,1005.0,78.0,128.45400000000006,1.9603200197219848,bmm
,158,158x951x47x648,53.0,1005.0,78.0,128.45400000000006,1.1735039949417114,bmm
,214,214x787x40x847,57.0,1005.0,80.0,132.3559999999999,1.41429762840271,bmm
,257,257x794x126x7,57.0,1005.0,80.0,132.3559999999999,0.6151679992675781,bmm
,202,202x906x70x9,57.0,1005.0,80.0,132.3559999999999,0.3491840064525604,bmm
,149,149x921x128x25,57.0,1005.0,80.0,132.3559999999999,0.419840008020401,bmm
,256,256x967x70x55,57.0,1005.0,80.0,132.3559999999999,0.45523200631141664,bmm
,152,152x821x94x34,57.0,1005.0,80.0,132.3559999999999,0.29183998703956604,bmm
,186,186x765x100x56,57.0,1005.0,80.0,132.3559999999999,0.34401280283927915,bmm
,130,130x909x78x114,24.0,1005.0,79.0,141.47400000000005,0.32235520482063296,bmm
,194,194x775x72x106,24.0,1005.0,79.0,141.47400000000005,0.36675200462341306,bmm
,130,130x792x102x79,24.0,1005.0,79.0,141.47400000000005,0.29484800696372987,bmm
,184,184x867x97x142,24.0,1005.0,79.0,141.47400000000005,0.7476928114891053,bmm
,230,230x912x118x246,24.0,1005.0,79.0,141.47400000000005,1.2263424158096314,bmm
,254,254x703x117x175,24.0,1005.0,79.0,141.47400000000005,1.0178368091583252,bmm
,239,239x708x66x386,52.0,1005.0,79.0,140.404,1.2083200216293335,bmm
,200,200x520x71x383,52.0,1005.0,79.0,140.404,0.6661888003349304,bmm
,138,138x560x106x285,52.0,1005.0,79.0,140.404,0.6747904062271118,bmm
,235,235x594x117x711,52.0,1005.0,79.0,140.404,2.379756784439087,bmm
,151,151x784x77x654,52.0,1005.0,79.0,140.404,1.441587209701538,bmm
,204,204x595x114x965,58.0,1005.0,79.0,141.10899999999995,2.588671922683716,bmm
,199,199x830x183x12,58.0,1005.0,79.0,141.10899999999995,0.6563839912414551,bmm
,252,252x745x188x4,58.0,1005.0,79.0,141.10899999999995,0.7686144113540649,bmm
,228,228x941x155x32,58.0,1005.0,79.0,141.10899999999995,0.7823359966278076,bmm
,152,152x553x184x55,58.0,1005.0,79.0,141.10899999999995,0.39443199634552,bmm
,135,135x569x194x52,19.0,1005.0,81.0,153.047,0.3895296037197113,bmm
,170,170x629x244x53,19.0,1005.0,81.0,153.047,0.5836607813835144,bmm
,168,168x798x178x83,19.0,1005.0,81.0,153.047,0.5990399718284607,bmm
,201,201x672x236x69,19.0,1005.0,81.0,153.047,0.758572793006897,bmm
,164,164x972x190x98,19.0,1005.0,81.0,153.047,0.7053248047828674,bmm
,190,190x778x146x199,19.0,1005.0,81.0,153.047,1.0778623819351196,bmm
,253,253x941x143x233,50.0,1005.0,80.0,147.52199999999996,1.5725631952285766,bmm
,196,196x929x213x152,50.0,1005.0,80.0,147.52199999999996,1.7408000230789185,bmm
,238,238x835x156x386,50.0,1005.0,80.0,147.52199999999996,2.753126382827759,bmm
,228,228x828x148x325,50.0,1005.0,80.0,147.52199999999996,1.8948992013931274,bmm
,169,169x987x160x299,54.0,1005.0,84.0,155.143,1.6834559440612793,bmm
,253,253x765x203x734,54.0,1005.0,84.0,155.143,4.9229631423950195,bmm
,256,256x724x164x977,76.4,1005.0,84.0,173.10652000000013,5.285420894622803,bmm
,136,136x575x226x921,89.0,1005.0,84.0,183.21100000000013,3.1934080123901367,bmm
,228,228x761x299x10,89.0,1005.0,84.0,183.21100000000013,1.0523712158203125,bmm
,153,153x654x438x6,89.0,1005.0,84.0,183.21100000000013,1.065779209136963,bmm
,250,250x893x296x4,56.32,1005.0,84.0,192.43056,1.3276991844177246,bmm
,208,208x945x396x47,46.0,1005.0,84.0,195.342,1.6977920532226562,bmm
,173,173x592x473x50,46.0,1005.0,84.0,195.342,1.07805438041687,bmm
,134,134x1001x318x50,46.0,1005.0,84.0,195.342,0.9258944034576416,bmm
,212,212x961x292x78,46.0,1005.0,84.0,195.342,1.2951167821884155,bmm
,200,200x950x403x112,51.0,1005.0,83.0,173.19099999999992,1.7020927667617798,bmm
,176,176x1015x293x84,51.0,1005.0,83.0,173.19099999999992,1.1268095970153809,bmm
,139,139x900x417x129,51.0,1005.0,83.0,173.19099999999992,2.3832576274871826,bmm
,130,130x558x259x139,51.0,1005.0,83.0,173.19099999999992,0.8756927967071533,bmm
,227,227x585x485x158,52.44,1005.0,82.52,163.65388000000004,2.7383809089660645,bmm
,143,143x925x443x493,54.0,1005.0,82.0,153.3220000000001,5.072032070159912,bmm
,180,180x642x494x288,54.0,1005.0,82.0,153.3220000000001,3.955468845367432,bmm
,159,159x797x341x413,57.0,1005.0,86.0,172.732,3.815993595123291,bmm
,174,174x708x349x663,57.0,1005.0,86.0,172.732,5.465638256072998,bmm
,249,249x1018x464x890,57.0,1005.0,85.0,194.03099999999998,15.865497398376466,bmm
,184,184x724x411x600,93.0,1005.0,90.0,229.3220000000001,5.669888019561768,bmm
,215,215x984x849x7,93.0,1005.0,90.0,229.3220000000001,3.546995210647583,bmm
,191,191x888x818x7,51.6,1005.0,87.24,226.40099999999995,2.7674432754516602,bmm
,146,146x561x945x24,48.0,1005.0,87.0,226.14699999999996,1.6959232330322265,bmm
,248,248x834x941x33,48.0,1005.0,87.0,226.14699999999996,4.1013054847717285,bmm
,252,252x833x954x52,54.72,1005.0,85.08,204.01515999999992,4.163584232330322,bmm
,159,159x999x840x58,55.0,1005.0,85.0,203.09299999999993,2.6577792167663574,bmm
,131,131x715x871x72,55.0,1005.0,85.0,203.09299999999993,1.73363196849823,bmm
,244,244x966x727x101,54.24,1005.0,85.0,194.42368000000002,3.4734079837799072,bmm
,201,201x557x691x71,54.0,1005.0,85.0,191.68600000000004,1.801580786705017,bmm
,144,144x541x528x152,54.0,1005.0,85.0,191.68600000000004,1.896224021911621,bmm
,167,167x990x1016x166,74.16,1005.0,84.44,192.61616000000006,6.603737640380859,bmm
,213,213x966x829x253,90.0,1005.0,84.0,193.34700000000004,6.918905639648438,bmm
,147,147x651x899x463,53.2,1005.0,85.84,203.77888,7.837695980072022,bmm
,210,210x988x1015x479,83.32,1005.0,86.68,218.58180000000004,16.420627212524415,bmm
,248,248x802x608x346,94.52,1005.0,87.56,228.5425999999999,7.724415969848633,bmm
,246,246x728x651x581,92.92,1005.0,88.48,233.93867999999986,11.717952156066895,bmm
,256,256x545x962x583,99.0,1005.0,90.0,235.0105999999999,15.204544067382812,bmm
,230,230x1012x640x627,91.52,970.2,87.4,215.2337200000001,16.963379287719725,bmm
,490,490x12x18x1,100.0,570.0,89.0,217.93500000000006,0.006137600168585777,bmm
,495,495x8x30x8,100.0,570.0,89.0,217.93500000000006,0.011264000087976456,bmm
,274,274x13x20x25,100.0,570.0,89.0,217.93500000000006,0.010239999741315842,bmm
,350,350x16x14x54,100.0,570.0,89.0,217.93500000000006,0.01500800009816885,bmm
,414,414x33x26x54,100.0,570.0,89.0,217.93500000000006,0.06447359919548035,bmm
,389,389x30x2x58,100.0,570.0,89.0,217.93500000000006,0.03434880003333092,bmm
,418,418x14x23x68,100.0,570.0,89.0,217.93500000000006,0.02247040010988712,bmm
,490,490x6x4x69,100.0,570.0,89.0,217.93500000000006,0.014278400130569935,bmm
,365,365x16x10x96,5.0,1005.0,83.0,188.23500000000004,0.02126079984009266,bmm
,258,258x2x28x173,5.0,1005.0,83.0,188.23500000000004,0.011264000087976456,bmm
,261,261x32x6x153,5.0,1005.0,83.0,188.23500000000004,0.045209600031375884,bmm
,342,342x30x9x208,5.0,1005.0,83.0,188.23500000000004,0.06979200094938279,bmm
,403,403x25x11x306,5.0,1005.0,83.0,188.23500000000004,0.11365120112895966,bmm
,386,386x11x28x359,5.0,1005.0,83.0,188.23500000000004,0.05939200147986412,bmm
,399,399x17x30x401,5.0,1005.0,83.0,188.23500000000004,0.20350079834461213,bmm
,436,436x14x12x765,5.0,1005.0,83.0,188.23500000000004,0.12083200365304947,bmm
,326,326x8x21x974,5.0,1005.0,83.0,188.23500000000004,0.09216000139713287,bmm
,389,389x19x31x681,12.0,1005.0,81.0,147.549,0.292742395401001,bmm
,267,267x31x65x1,12.0,1005.0,81.0,147.549,0.010239999741315842,bmm
,298,298x14x36x11,12.0,1005.0,81.0,147.549,0.011264000087976456,bmm
,427,427x17x46x11,12.0,1005.0,81.0,147.549,0.08089599758386612,bmm
,311,311x23x36x57,12.0,1005.0,81.0,147.549,0.05119999870657921,bmm
,470,470x25x35x34,12.0,1005.0,81.0,147.549,0.0730304017663002,bmm
,321,321x23x34x39,12.0,1005.0,81.0,147.549,0.05119999870657921,bmm
,430,430x21x64x75,12.0,1005.0,81.0,147.549,0.09728000313043594,bmm
,333,333x8x63x87,12.0,1005.0,81.0,147.549,0.02457600086927414,bmm
,313,313x5x54x103,12.0,1005.0,81.0,147.549,0.01945599913597107,bmm
,456,456x28x52x159,5.0,1005.0,79.0,135.18699999999993,0.17203199863433838,bmm
,349,349x18x50x189,5.0,1005.0,79.0,135.18699999999993,0.13186559677124024,bmm
,434,434x19x48x231,5.0,1005.0,79.0,135.18699999999993,0.14129280149936677,bmm
,462,462x6x46x353,5.0,1005.0,79.0,135.18699999999993,0.06963200122117996,bmm
,477,477x18x34x316,5.0,1005.0,79.0,135.18699999999993,0.20582400262355804,bmm
,367,367x32x51x396,5.0,1005.0,79.0,135.18699999999993,0.2549760043621063,bmm
,467,467x33x40x520,5.0,1005.0,79.0,135.18699999999993,0.3190335988998413,bmm
,345,345x21x54x629,5.0,1005.0,79.0,135.18699999999993,0.5857279896736145,bmm
,496,496x28x34x575,36.0,525.0,79.0,134.94799999999998,0.6656000018119812,bmm
,301,301x26x73x17,36.0,525.0,79.0,134.94799999999998,0.15134720504283905,bmm
,383,383x30x92x4,36.0,525.0,79.0,134.94799999999998,0.21401600539684296,bmm
,261,261x26x109x5,36.0,525.0,79.0,134.94799999999998,0.19742720127105712,bmm
,328,328x10x123x40,36.0,525.0,79.0,134.94799999999998,0.04198399931192398,bmm
,291,291x14x81x60,36.0,525.0,79.0,134.94799999999998,0.035840000957250595,bmm
,371,371x3x100x58,36.0,525.0,79.0,134.94799999999998,0.03174399957060814,bmm
,469,469x12x123x108,36.0,525.0,79.0,134.94799999999998,0.10342399775981903,bmm
,450,450x25x89x91,36.0,525.0,79.0,134.94799999999998,0.2707456052303314,bmm
,301,301x9x112x77,14.0,495.0,75.0,121.50199999999997,0.05611520037055016,bmm
,449,449x10x109x180,14.0,495.0,75.0,121.50199999999997,0.14499199986457825,bmm
,451,451x23x87x182,14.0,495.0,75.0,121.50199999999997,0.4784000039100647,bmm
,439,439x6x122x169,14.0,495.0,75.0,121.50199999999997,0.13843199908733367,bmm
,316,316x6x128x382,14.0,495.0,75.0,121.50199999999997,0.2025471955537796,bmm
,470,470x26x109x302,14.0,495.0,75.0,121.50199999999997,0.977510392665863,bmm
,394,394x2x127x466,26.96,451.8,73.56,110.92807999999995,0.23388160169124603,bmm
,408,408x22x95x778,32.0,435.0,73.0,106.81599999999997,1.6455680131912231,bmm
,399,399x30x103x824,32.0,435.0,73.0,106.81599999999997,1.7618879556655884,bmm
,285,285x31x73x737,32.0,435.0,73.0,106.81599999999997,0.6336511969566345,bmm
,332,332x22x157x14,32.0,435.0,73.0,106.81599999999997,0.28323200941085813,bmm
,283,283x31x216x14,32.0,435.0,73.0,106.81599999999997,0.29962239861488343,bmm
,442,442x3x229x33,19.0,615.0,73.0,107.67099999999999,0.04403200000524521,bmm
,493,493x12x208x47,19.0,615.0,73.0,107.67099999999999,0.08294399827718735,bmm
,365,365x16x195x53,19.0,615.0,73.0,107.67099999999999,0.08642559945583343,bmm
,440,440x16x143x47,19.0,615.0,73.0,107.67099999999999,0.07781759649515152,bmm
,341,341x25x233x122,19.0,615.0,73.0,107.67099999999999,0.4132863998413086,bmm
,303,303x14x222x107,19.0,615.0,73.0,107.67099999999999,0.10547199845314026,bmm
,500,500x22x240x103,19.0,615.0,73.0,107.67099999999999,0.5693439841270447,bmm
,448,448x21x187x170,19.0,615.0,73.0,107.67099999999999,0.7219200134277344,bmm
,338,338x10x257x201,19.0,615.0,73.0,107.67099999999999,0.21032319962978363,bmm
,346,346x14x237x155,38.0,615.0,72.0,108.28200000000002,0.17713919579982756,bmm
,407,407x1x242x373,38.0,615.0,72.0,108.28200000000002,0.3328000009059906,bmm
,279,279x20x155x414,38.0,615.0,72.0,108.28200000000002,0.7729087829589844,bmm
,289,289x26x201x264,38.0,615.0,72.0,108.28200000000002,0.7772160172462463,bmm
,496,496x25x254x980,38.0,615.0,72.0,108.28200000000002,4.159488201141357,bmm
,408,408x16x230x582,82.0,615.0,73.0,111.64600000000002,0.6254591941833496,bmm
,465,465x16x198x721,82.0,615.0,73.0,111.64600000000002,0.751199996471405,bmm
,302,302x9x280x6,82.0,615.0,73.0,111.64600000000002,0.024371200799942018,bmm
,345,345x17x421x10,82.0,615.0,73.0,111.64600000000002,0.42905598878860474,bmm
,425,425x18x348x20,82.0,615.0,73.0,111.64600000000002,0.4298367977142334,bmm
,324,324x16x316x61,82.0,615.0,73.0,111.64600000000002,0.08151039779186249,bmm
,421,421x25x513x35,82.0,615.0,73.0,111.64600000000002,0.6256447911262513,bmm
,392,392x19x490x53,82.0,630.6,73.0,111.64600000000002,0.4997119903564453,bmm
,498,498x1x472x126,28.0,1005.0,75.0,131.837,0.1511104017496109,bmm
,267,267x14x420x92,28.0,1005.0,75.0,131.837,0.09093120098114013,bmm
,387,387x18x342x86,28.0,1005.0,75.0,131.837,0.3532800078392029,bmm
,379,379x15x485x210,28.0,1005.0,75.0,131.837,0.45301759243011475,bmm
,387,387x11x346x216,28.0,1005.0,75.0,131.837,0.18657279908657073,bmm
,259,259x16x258x245,28.0,1005.0,75.0,131.837,0.19185919761657716,bmm
,370,370x33x365x512,28.0,1005.0,75.0,131.837,1.405740785598755,bmm
,493,493x26x336x400,53.0,1005.0,76.0,148.99400000000006,1.6858943700790405,bmm
,500,500x2x289x314,53.0,1005.0,76.0,148.99400000000006,0.22339840233325958,bmm
,409,409x17x278x1015,53.0,1005.0,76.0,148.99400000000006,2.2661120891571045,bmm
,318,318x31x318x840,53.0,1005.0,76.0,148.99400000000006,1.8063104391098022,bmm
,334,334x24x271x790,52.8,1005.0,77.0,151.21779999999998,1.6000128030776977,bmm
,471,471x12x544x18,52.0,1005.0,81.0,160.11299999999994,0.0798719972372055,bmm
,388,388x18x793x5,52.0,1005.0,81.0,160.11299999999994,0.792576014995575,bmm
,280,280x32x651x22,52.0,1005.0,81.0,160.11299999999994,0.5253120064735413,bmm
,380,380x5x636x50,52.0,1005.0,81.0,160.11299999999994,0.06942720115184783,bmm
,313,313x33x794x59,52.0,1005.0,81.0,160.11299999999994,0.6389503836631775,bmm
,475,475x19x923x43,52.0,1005.0,81.0,160.11299999999994,1.0987520217895508,bmm
,498,498x16x632x85,52.0,1005.0,81.0,160.11299999999994,0.33358720541000364,bmm
,339,339x31x777x102,39.0,1005.0,80.0,162.991,0.7802879810333252,bmm
,416,416x2x930x115,39.0,1005.0,80.0,162.991,0.25861760377883913,bmm
,419,419x14x543x255,39.0,1005.0,80.0,162.991,0.3676159977912903,bmm
,295,295x3x690x228,39.0,1005.0,80.0,162.991,0.2435071974992752,bmm
,513,513x17x541x154,39.0,1005.0,80.0,162.991,1.4054975748062133,bmm
,460,460x27x954x495,59.4,1005.0,80.0,162.02299999999997,4.3376641273498535,bmm
,314,314x20x617x451,90.0,1005.0,80.0,160.57099999999994,1.977344036102295,bmm
,463,463x19x868x366,90.0,1005.0,80.0,160.57099999999994,2.918604850769043,bmm
,346,346x22x767x633,71.4,1005.0,81.2,165.41779999999994,3.3298112869262697,bmm
,385,385x28x993x963,59.0,1005.0,82.0,168.64899999999994,7.453695774078369,bmm
,464,464x31x819x526,48.44,1005.0,84.64,184.12027999999995,4.699308586120606,bmm
,412,412x49x2x12,47.0,1005.0,85.0,186.22999999999993,0.03891199827194214,bmm
,325,325x41x15x23,47.0,1005.0,85.0,186.22999999999993,0.03379200026392937,bmm
,374,374x54x7x32,47.0,1005.0,85.0,186.22999999999993,0.03430399969220162,bmm
,310,310x44x27x54,47.0,1005.0,85.0,186.22999999999993,0.04575999975204468,bmm
,310,310x65x29x51,47.0,1005.0,85.0,186.22999999999993,0.046860800683498384,bmm
,460,460x35x22x54,47.0,1005.0,85.0,186.22999999999993,0.05728000029921532,bmm
,499,499x62x4x75,47.0,1005.0,85.0,186.22999999999993,0.045535999536514285,bmm
,378,378x39x28x100,8.0,1005.0,81.0,174.924,0.05734400078654289,bmm
,391,391x48x10x110,8.0,1005.0,81.0,174.924,0.04198399931192398,bmm
,274,274x34x2x167,8.0,1005.0,81.0,174.924,0.04606720060110092,bmm
,457,457x42x32x253,8.0,1005.0,81.0,174.924,0.12083200365304947,bmm
,490,490x53x11x252,8.0,1005.0,81.0,174.924,0.09400320202112197,bmm
,316,316x61x30x407,8.0,1005.0,81.0,174.924,0.1658879965543747,bmm
,370,370x40x21x372,8.0,1005.0,81.0,174.924,0.12611200511455536,bmm
,400,400x59x25x352,8.0,1005.0,81.0,174.924,0.15564799308776855,bmm
,329,329x37x6x781,8.0,1005.0,81.0,174.924,0.16998399794101715,bmm
,388,388x56x7x779,19.0,1005.0,80.0,149.8319999999999,0.20064639747142793,bmm
,291,291x42x7x519,19.0,1005.0,80.0,149.8319999999999,0.10936319977045059,bmm
,426,426x60x57x10,19.0,1005.0,80.0,149.8319999999999,0.09932799637317657,bmm
,467,467x35x62x1,19.0,1005.0,80.0,149.8319999999999,0.01426560003310442,bmm
,268,268x35x52x13,19.0,1005.0,80.0,149.8319999999999,0.062463998794555664,bmm
,459,459x43x41x54,19.0,1005.0,80.0,149.8319999999999,0.08326399773359298,bmm
,443,443x34x48x36,19.0,1005.0,80.0,149.8319999999999,0.0800383985042572,bmm
,275,275x56x35x36,19.0,1005.0,80.0,149.8319999999999,0.05119999870657921,bmm
,351,351x62x61x114,19.0,1005.0,80.0,149.8319999999999,0.0870399996638298,bmm
,441,441x41x59x121,10.0,1005.0,78.0,135.8899999999999,0.1013759970664978,bmm
,404,404x44x34x93,10.0,1005.0,78.0,135.8899999999999,0.06451199948787689,bmm
,291,291x64x54x218,10.0,1005.0,78.0,135.8899999999999,0.1198016032576561,bmm
,477,477x55x52x228,10.0,1005.0,78.0,135.8899999999999,0.1750784069299698,bmm
,315,315x34x62x209,10.0,1005.0,78.0,135.8899999999999,0.131071999669075,bmm
,301,301x56x34x289,10.0,1005.0,78.0,135.8899999999999,0.1394304007291794,bmm
,390,390x44x36x456,10.0,1005.0,78.0,135.8899999999999,0.22854399681091309,bmm
,409,409x61x38x257,10.0,1005.0,78.0,135.8899999999999,0.3532800078392029,bmm
,275,275x45x52x575,10.0,1005.0,78.0,135.8899999999999,0.48843519687652587,bmm
,265,265x37x64x727,40.0,495.0,78.0,134.982,0.6152191877365112,bmm
,512,512x45x49x618,40.0,495.0,78.0,134.982,0.8964096069335937,bmm
,313,313x45x76x19,40.0,495.0,78.0,134.982,0.16076800227165222,bmm
,339,339x61x126x25,40.0,495.0,78.0,134.982,0.2910080075263977,bmm
,319,319x35x116x29,40.0,495.0,78.0,134.982,0.22937600314617157,bmm
,342,342x54x121x55,40.0,495.0,78.0,134.982,0.30105599761009216,bmm
,370,370x54x68x44,40.0,495.0,78.0,134.982,0.19148799777030945,bmm
,508,508x54x82x43,36.48,492.6,77.64,133.05288000000002,0.3106815993785858,bmm
,411,411x56x91x110,18.0,480.0,75.0,122.92500000000004,0.28999680280685425,bmm
,449,449x52x74x126,18.0,480.0,75.0,122.92500000000004,0.25354239344596863,bmm
,336,336x46x76x129,18.0,480.0,75.0,122.92500000000004,0.36556801199913025,bmm
,451,451x65x87x204,18.0,480.0,75.0,122.92500000000004,0.4976640045642853,bmm
,349,349x60x126x199,18.0,480.0,75.0,122.92500000000004,0.5631999969482422,bmm
,473,473x54x78x214,18.0,480.0,75.0,122.92500000000004,0.5154816150665283,bmm
,396,396x46x94x409,23.6,472.8,74.68,120.77524000000001,0.9816064238548279,bmm
,338,338x36x93x300,53.0,435.0,73.0,109.48900000000002,0.6443008184432983,bmm
,463,463x49x97x315,53.0,435.0,73.0,109.48900000000002,0.7260159850120544,bmm
,410,410x53x80x638,53.0,435.0,73.0,109.48900000000002,0.8396672129631042,bmm
,425,425x65x92x984,53.0,435.0,73.0,109.48900000000002,1.6490496397018433,bmm
,275,275x40x84x880,53.0,435.0,73.0,109.48900000000002,0.8826879858970642,bmm
,440,440x61x133x14,38.0,540.0,73.0,111.30400000000004,0.2389824002981186,bmm
,401,401x51x148x12,38.0,540.0,73.0,111.30400000000004,0.22200319468975066,bmm
,328,328x58x198x14,38.0,540.0,73.0,111.30400000000004,0.23016319870948793,bmm
,509,509x35x142x60,38.0,540.0,73.0,111.30400000000004,0.289792001247406,bmm
,468,468x62x241x54,38.0,540.0,73.0,111.30400000000004,0.41265920996665956,bmm
,460,460x40x224x61,38.0,540.0,73.0,111.30400000000004,0.37171199917793274,bmm
,402,402x58x158x83,38.0,540.0,73.0,111.30400000000004,0.23449599742889404,bmm
,363,363x42x164x87,38.0,540.0,73.0,111.30400000000004,0.24268800020217896,bmm
,346,346x47x180x107,38.0,540.0,73.0,111.30400000000004,0.26419198513031006,bmm
,264,264x51x211x250,15.0,765.0,72.0,111.31599999999997,0.42188799381256104,bmm
,332,332x60x186x151,15.0,765.0,72.0,111.31599999999997,0.4798464000225067,bmm
,468,468x37x202x222,15.0,765.0,72.0,111.31599999999997,0.6840320229530334,bmm
,364,364x42x139x289,15.0,765.0,72.0,111.31599999999997,0.5670912265777588,bmm
,320,320x33x181x414,15.0,765.0,72.0,111.31599999999997,0.8085504174232483,bmm
,512,512x35x168x367,15.0,765.0,72.0,111.31599999999997,0.8785920143127441,bmm
,415,415x38x136x669,39.0,765.0,72.0,110.78400000000006,1.170636773109436,bmm
,496,496x60x235x602,39.0,765.0,72.0,110.78400000000006,1.5245312452316284,bmm
,281,281x34x167x865,39.0,765.0,72.0,110.78400000000006,0.8468480110168457,bmm
,415,415x59x269x24,39.0,765.0,72.0,110.78400000000006,0.342003208398819,bmm
,364,364x34x482x29,39.0,765.0,72.0,110.78400000000006,0.49459201097488403,bmm
,287,287x46x502x31,39.0,765.0,72.0,110.78400000000006,0.4116608023643494,bmm
,499,499x36x360x43,28.0,1005.0,74.0,117.837,0.5130239725112915,bmm
,434,434x53x488x51,28.0,1005.0,74.0,117.837,0.5931007862091064,bmm
,436,436x48x432x33,28.0,1005.0,74.0,117.837,0.5267392158508301,bmm
,452,452x55x429x116,28.0,1005.0,74.0,117.837,0.5351424217224121,bmm
,400,400x58x423x74,28.0,1005.0,74.0,117.837,0.43827199935913086,bmm
,487,487x61x295x118,28.0,1005.0,74.0,117.837,0.38092800974845886,bmm
,494,494x53x360x155,30.52,1005.0,73.64,118.58364000000002,0.9451519846916199,bmm
,299,299x47x432x138,35.0,1005.0,73.0,119.91100000000004,0.698355209827423,bmm
,479,479x52x349x157,35.0,1005.0,73.0,119.91100000000004,0.8581119775772095,bmm
,434,434x56x298x444,35.0,1005.0,73.0,119.91100000000004,1.3571903705596924,bmm
,497,497x51x406x369,35.0,1005.0,73.0,119.91100000000004,1.558527946472168,bmm
,316,316x52x263x508,35.0,1005.0,73.0,119.91100000000004,0.8679295897483825,bmm
,411,411x49x502x857,51.0,1005.0,76.0,124.98099999999991,3.6087616443634034,bmm
,505,505x40x414x902,51.0,1005.0,76.0,124.98099999999991,4.149990367889404,bmm
,336,336x41x503x575,50.44,1005.0,78.8,137.80275999999998,2.108147144317627,bmm
,341,341x48x766x8,50.0,1005.0,81.0,147.87699999999998,0.7639039754867554,bmm
,280,280x49x799x32,50.0,1005.0,81.0,147.87699999999998,0.638975977897644,bmm
,481,481x45x766x31,50.0,1005.0,81.0,147.87699999999998,0.9168640017509461,bmm
,487,487x49x651x42,50.0,1005.0,81.0,147.87699999999998,0.7895039916038513,bmm
,448,448x59x870x42,50.0,1005.0,81.0,147.87699999999998,1.0424063682556153,bmm
,307,307x51x916x48,48.88,1005.0,80.68,149.1306,0.7364416003227234,bmm
,463,463x55x840x128,43.0,1005.0,79.0,155.712,1.0098368406295777,bmm
,280,280x43x980x100,43.0,1005.0,79.0,155.712,0.7870463967323303,bmm
,333,333x59x649x117,43.0,1005.0,79.0,155.712,0.665395200252533,bmm
,329,329x40x981x243,43.0,1005.0,79.0,155.712,1.7489919662475586,bmm
,308,308x60x653x246,43.0,1005.0,79.0,155.712,1.052672028541565,bmm
,513,513x64x722x222,46.0,1005.0,79.0,144.07099999999994,1.8806464195251464,bmm
,281,281x55x986x365,46.0,1005.0,79.0,144.07099999999994,2.155065584182739,bmm
,335,335x35x968x324,46.0,1005.0,79.0,144.07099999999994,2.4755775928497314,bmm
,262,262x34x976x441,46.0,1005.0,79.0,144.07099999999994,2.4968639373779298,bmm
,259,259x63x525x1022,81.0,1005.0,81.0,153.11999999999992,2.732032060623169,bmm
,331,331x43x696x821,81.0,1005.0,81.0,153.11999999999992,3.9826624393463135,bmm
,283,283x52x736x718,81.6,1005.0,81.24,156.38759999999994,3.053567886352539,bmm
,342,342x121x14x21,86.0,1005.0,83.0,180.34999999999997,0.04197759926319122,bmm
,492,492x97x31x8,86.0,1005.0,83.0,180.34999999999997,0.06758400052785873,bmm
,280,280x71x12x11,86.0,1005.0,83.0,180.34999999999997,0.03379200026392937,bmm
,416,416x77x11x49,86.0,1005.0,83.0,180.34999999999997,0.048128001391887665,bmm
,390,390x109x11x54,86.0,1005.0,83.0,180.34999999999997,0.04257919937372208,bmm
,446,446x127x10x36,86.0,1005.0,83.0,180.34999999999997,0.04915200173854828,bmm
,267,267x118x8x81,86.0,1005.0,83.0,180.34999999999997,0.028672000393271446,bmm
,496,496x105x2x89,86.0,1005.0,83.0,180.34999999999997,0.0465599998831749,bmm
,284,284x94x30x128,86.0,1005.0,83.0,180.34999999999997,0.05254399999976158,bmm
,325,325x91x10x132,7.0,1005.0,80.0,166.42599999999996,0.06449919939041138,bmm
,481,481x101x26x248,7.0,1005.0,80.0,166.42599999999996,0.1382399946451187,bmm
,372,372x84x8x246,7.0,1005.0,80.0,166.42599999999996,0.06451199948787689,bmm
,320,320x122x10x507,7.0,1005.0,80.0,166.42599999999996,0.14315520226955414,bmm
,324,324x81x33x360,7.0,1005.0,80.0,166.42599999999996,0.14336000382900238,bmm
,409,409x89x3x467,7.0,1005.0,80.0,166.42599999999996,0.1264576017856598,bmm
,380,380x80x25x553,7.0,1005.0,80.0,166.42599999999996,0.24533119797706604,bmm
,337,337x80x7x549,7.0,1005.0,80.0,166.42599999999996,0.13086080253124238,bmm
,323,323x83x5x521,7.0,1005.0,80.0,166.42599999999996,0.12390399724245071,bmm
,390,390x107x65x3,10.0,1005.0,79.0,146.13200000000003,0.0942080020904541,bmm
,281,281x109x41x7,10.0,1005.0,79.0,146.13200000000003,0.05734400078654289,bmm
,455,455x124x61x4,10.0,1005.0,79.0,146.13200000000003,0.10239999741315842,bmm
,328,328x110x65x49,10.0,1005.0,79.0,146.13200000000003,0.07884799689054489,bmm
,415,415x109x33x42,10.0,1005.0,79.0,146.13200000000003,0.07680000364780426,bmm
,428,428x77x52x58,10.0,1005.0,79.0,146.13200000000003,0.0931520015001297,bmm
,338,338x74x61x108,10.0,1005.0,79.0,146.13200000000003,0.08703359961509705,bmm
,338,338x120x60x119,10.0,1005.0,79.0,146.13200000000003,0.09399680197238922,bmm
,438,438x89x38x65,10.0,1005.0,79.0,146.13200000000003,0.07778559923171997,bmm
,375,375x76x52x228,13.0,1005.0,78.0,136.88099999999997,0.147788804769516,bmm
,384,384x127x43x194,13.0,1005.0,78.0,136.88099999999997,0.13861119449138642,bmm
,333,333x122x49x223,13.0,1005.0,78.0,136.88099999999997,0.13715839982032776,bmm
,351,351x105x58x343,13.0,1005.0,78.0,136.88099999999997,0.21094399690628052,bmm
,418,418x113x42x473,13.0,1005.0,78.0,136.88099999999997,0.2754560112953186,bmm
,439,439x92x37x368,13.0,1005.0,78.0,136.88099999999997,0.33176319003105165,bmm
,504,504x104x37x693,13.0,1005.0,78.0,136.88099999999997,0.701644778251648,bmm
,319,319x87x62x868,29.2,771.0,77.44,135.32400000000004,0.7178239822387695,bmm
,398,398x123x37x909,40.0,615.0,77.0,134.28600000000003,0.7522240042686462,bmm
,513,513x118x103x30,40.0,615.0,77.0,134.28600000000003,0.27668479084968567,bmm
,381,381x74x91x31,40.0,615.0,77.0,134.28600000000003,0.1884160041809082,bmm
,443,443x82x102x4,40.0,615.0,77.0,134.28600000000003,0.23654399812221527,bmm
,365,365x129x75x54,40.0,615.0,77.0,134.28600000000003,0.2826240062713623,bmm
,388,388x129x115x55,40.0,615.0,77.0,134.28600000000003,0.4552704095840454,bmm
,413,413x101x90x51,40.0,615.0,77.0,134.28600000000003,0.23490560054779053,bmm
,436,436x116x74x117,32.0,585.0,75.0,125.14300000000001,0.21503999829292297,bmm
,498,498x94x67x122,32.0,585.0,75.0,125.14300000000001,0.2271232008934021,bmm
,500,500x102x112x115,32.0,585.0,75.0,125.14300000000001,0.3164159953594208,bmm
,489,489x90x73x216,32.0,585.0,75.0,125.14300000000001,0.40038400888442993,bmm
,303,303x115x101x256,32.0,585.0,75.0,125.14300000000001,0.34876800179481504,bmm
,478,478x78x121x217,32.0,585.0,75.0,125.14300000000001,0.6070271849632263,bmm
,350,350x120x118x471,32.0,585.0,75.0,125.14300000000001,0.8566784262657166,bmm
,472,472x129x74x321,42.0,600.0,74.0,113.96799999999998,1.0749695539474486,bmm
,337,337x92x97x439,42.0,600.0,74.0,113.96799999999998,0.6571903944015502,bmm
,359,359x71x69x779,42.0,600.0,74.0,113.96799999999998,0.8617984056472778,bmm
,316,316x103x99x651,42.0,600.0,74.0,113.96799999999998,0.8988671898841858,bmm
,470,470x125x68x636,42.0,600.0,74.0,113.96799999999998,0.8089472055435181,bmm
,460,460x111x129x7,47.0,660.0,74.0,114.87600000000006,0.27955201268196106,bmm
,378,378x67x222x2,47.0,660.0,74.0,114.87600000000006,0.36288639307022097,bmm
,411,411x91x208x20,47.0,660.0,74.0,114.87600000000006,0.40159358978271487,bmm
,262,262x79x252x57,47.0,660.0,74.0,114.87600000000006,0.33361920714378357,bmm
,315,315x93x183x36,47.0,660.0,74.0,114.87600000000006,0.2506687998771667,bmm
,288,288x109x169x63,47.0,660.0,74.0,114.87600000000006,0.24371199309825897,bmm
,384,384x104x160x71,47.0,660.0,74.0,114.87600000000006,0.2744320034980774,bmm
,322,322x82x142x127,47.0,660.0,74.0,114.87600000000006,0.20664319694042205,bmm
,400,400x109x225x72,17.0,660.0,72.0,112.94700000000006,0.3845952033996582,bmm
,357,357x84x196x168,17.0,660.0,72.0,112.94700000000006,0.5797888040542603,bmm
,257,257x98x239x147,17.0,660.0,72.0,112.94700000000006,0.5386239886283875,bmm
,511,511x71x167x166,17.0,660.0,72.0,112.94700000000006,0.7047168016433716,bmm
,319,319x95x194x291,17.0,660.0,72.0,112.94700000000006,0.7688192129135132,bmm
,493,493x74x182x277,17.0,660.0,72.0,112.94700000000006,1.1100159883499146,bmm
,274,274x124x223x333,40.56,660.0,72.0,112.09884,0.7905279994010925,bmm
,400,400x86x186x723,48.0,660.0,72.0,111.831,1.4335999488830566,bmm
,397,397x106x191x595,48.0,660.0,72.0,111.831,1.2093440294265747,bmm
,479,479x93x223x707,48.0,660.0,72.0,111.831,1.6711679697036743,bmm
,471,471x76x433x5,48.0,660.0,72.0,111.831,0.5393983840942382,bmm
,474,474x73x264x8,33.28,880.8,73.76,119.52124000000005,0.33153919577598573,bmm
,269,269x126x437x13,25.0,1005.0,76.0,123.84700000000007,0.3696640133857727,bmm
,325,325x96x350x50,25.0,1005.0,76.0,123.84700000000007,0.3020800054073334,bmm
,318,318x129x396x42,25.0,1005.0,76.0,123.84700000000007,0.652288019657135,bmm
,478,478x116x410x56,25.0,1005.0,76.0,123.84700000000007,0.5271552205085754,bmm
,307,307x127x346x79,25.0,1005.0,76.0,123.84700000000007,0.3171840012073517,bmm
,296,296x119x292x78,25.0,1005.0,76.0,123.84700000000007,0.26419198513031006,bmm
,275,275x95x318x103,25.0,1005.0,76.0,123.84700000000007,0.28015360832214353,bmm
,371,371x107x332x152,22.0,1005.0,74.0,126.45400000000004,0.6924288153648377,bmm
,301,301x98x492x236,22.0,1005.0,74.0,126.45400000000004,0.8181503891944886,bmm
,397,397x106x336x211,22.0,1005.0,74.0,126.45400000000004,0.7014399766921997,bmm
,334,334x95x402x347,22.0,1005.0,74.0,126.45400000000004,1.082368016242981,bmm
,309,309x128x406x307,22.0,1005.0,74.0,126.45400000000004,1.01703040599823,bmm
,298,298x97x377x448,22.0,1005.0,74.0,126.45400000000004,1.171020793914795,bmm
,257,257x76x335x902,50.0,1005.0,76.0,125.62800000000003,1.7643519639968872,bmm
,260,260x97x454x890,50.0,1005.0,76.0,125.62800000000003,2.1245759963989257,bmm
,424,424x82x348x539,50.0,1005.0,76.0,125.62800000000003,1.847494411468506,bmm
,351,351x70x820x15,50.0,1005.0,76.0,125.62800000000003,0.8209728002548218,bmm
,333,333x91x553x30,32.0,1005.0,79.0,143.14600000000007,0.5652480125427246,bmm
,421,421x105x765x21,32.0,1005.0,79.0,143.14600000000007,0.9201472043991089,bmm
,258,258x102x927x35,32.0,1005.0,79.0,143.14600000000007,0.7454336166381836,bmm
,424,424x110x530x33,32.0,1005.0,79.0,143.14600000000007,0.6512640118598938,bmm
,499,499x117x576x55,32.0,1005.0,79.0,143.14600000000007,0.8115711808204651,bmm
,284,284x80x795x87,32.0,1005.0,79.0,143.14600000000007,0.6440960168838501,bmm
,409,409x70x807x114,33.68,1005.0,79.84,153.23524000000006,0.809984028339386,bmm
,448,448x106x1017x122,34.0,1005.0,80.0,155.15700000000007,1.2267520427703857,bmm
,280,280x80x633x139,34.0,1005.0,80.0,155.15700000000007,0.9000959992408752,bmm
,359,359x90x603x239,34.0,1005.0,80.0,155.15700000000007,1.1126784086227417,bmm
,374,374x100x898x196,34.0,1005.0,80.0,155.15700000000007,1.8030912160873414,bmm
,335,335x67x549x361,58.0,1005.0,81.0,157.654,1.4374783754348754,bmm
,443,443x111x875x282,58.0,1005.0,81.0,157.654,2.964479923248291,bmm
,501,501x65x776x302,58.0,1005.0,81.0,157.654,2.9109439849853516,bmm
,447,447x84x1016x859,75.0,1005.0,83.0,166.14699999999996,7.787519931793213,bmm
,511,511x90x776x709,75.0,1005.0,83.0,166.14699999999996,5.821395301818848,bmm
,456,456x115x649x895,99.0,1005.0,86.0,198.6350000000001,5.0859456062316895,bmm
,386,386x167x5x17,99.0,1005.0,86.0,198.6350000000001,0.062463998794555664,bmm
,321,321x244x20x6,99.0,1005.0,86.0,198.6350000000001,0.07575040310621262,bmm
,336,336x256x4x19,99.0,1005.0,86.0,198.6350000000001,0.057228799909353256,bmm
,307,307x150x1x37,99.0,1005.0,86.0,198.6350000000001,0.01740800030529499,bmm
,375,375x166x16x56,99.0,1005.0,86.0,198.6350000000001,0.07511040270328521,bmm
,309,309x143x6x46,6.0,1005.0,83.0,202.39500000000007,0.05119999870657921,bmm
,481,481x199x22x100,6.0,1005.0,83.0,202.39500000000007,0.11446400135755538,bmm
,447,447x147x27x115,6.0,1005.0,83.0,202.39500000000007,0.11936000287532807,bmm
,504,504x169x12x81,6.0,1005.0,83.0,202.39500000000007,0.10035199671983719,bmm
,423,423x186x1x198,6.0,1005.0,83.0,202.39500000000007,0.08738559931516647,bmm
,296,296x214x29x195,6.0,1005.0,83.0,202.39500000000007,0.15967999696731566,bmm
,268,268x180x24x166,6.0,1005.0,83.0,202.39500000000007,0.12163839936256408,bmm
,451,451x254x32x359,6.0,1005.0,83.0,202.39500000000007,0.3528320014476776,bmm
,355,355x153x13x404,6.0,1005.0,83.0,202.39500000000007,0.261299192905426,bmm
,290,290x166x11x395,24.0,1005.0,81.0,170.81399999999996,0.2174591988325119,bmm
,473,473x165x11x667,24.0,1005.0,81.0,170.81399999999996,0.5166975975036621,bmm
,478,478x230x30x890,24.0,1005.0,81.0,170.81399999999996,0.8488960266113281,bmm
,259,259x231x9x779,24.0,1005.0,81.0,170.81399999999996,0.45977601408958435,bmm
,275,275x197x61x10,24.0,1005.0,81.0,170.81399999999996,0.1228799968957901,bmm
,402,402x192x38x3,24.0,1005.0,81.0,170.81399999999996,0.1253376007080078,bmm
,269,269x184x39x33,24.0,1005.0,81.0,170.81399999999996,0.0942080020904541,bmm
,509,509x220x58x56,11.0,1005.0,80.0,140.701,0.2240511953830719,bmm
,261,261x206x59x50,11.0,1005.0,80.0,140.701,0.12492799758911133,bmm
,299,299x146x60x35,11.0,1005.0,80.0,140.701,0.13556479811668395,bmm
,349,349x152x57x99,11.0,1005.0,80.0,140.701,0.15462400019168854,bmm
,439,439x205x33x109,11.0,1005.0,80.0,140.701,0.1914687991142273,bmm
,479,479x141x52x99,11.0,1005.0,80.0,140.701,0.18532480001449586,bmm
,294,294x194x42x152,11.0,1005.0,80.0,140.701,0.21729280054569244,bmm
,345,345x247x40x185,11.0,1005.0,80.0,140.701,0.2748416066169739,bmm
,271,271x200x65x221,11.96,1005.0,79.76,139.28259999999997,0.26951679587364197,bmm
,303,303x164x35x454,19.0,1005.0,77.0,128.88099999999997,0.40140798687934875,bmm
,510,510x225x58x482,19.0,1005.0,77.0,128.88099999999997,0.9625600099563598,bmm
,437,437x180x41x402,19.0,1005.0,77.0,128.88099999999997,0.5826303839683533,bmm
,355,355x237x56x590,19.0,1005.0,77.0,128.88099999999997,0.7964671850204468,bmm
,387,387x152x34x563,19.0,1005.0,77.0,128.88099999999997,0.5746559977531434,bmm
,346,346x167x35x853,28.0,1005.0,77.0,117.66400000000007,0.7979135990142823,bmm
,457,457x215x106x14,28.0,1005.0,77.0,117.66400000000007,0.3031040132045746,bmm
,293,293x202x99x8,28.0,1005.0,77.0,117.66400000000007,0.1945600062608719,bmm
,317,317x255x95x31,28.0,1005.0,77.0,117.66400000000007,0.19230720400810242,bmm
,311,311x167x80x45,28.0,1005.0,77.0,117.66400000000007,0.15769599378108978,bmm
,398,398x195x66x57,28.0,1005.0,77.0,117.66400000000007,0.18636800348758698,bmm
,288,288x136x126x51,28.0,1005.0,77.0,117.66400000000007,0.22937600314617157,bmm
,486,486x218x114x112,26.96,1005.0,77.0,117.67496000000004,0.3776512026786804,bmm
,362,362x139x72x126,15.0,1005.0,75.0,117.80099999999997,0.17918719351291656,bmm
,361,361x246x107x104,15.0,1005.0,75.0,117.80099999999997,0.295110410451889,bmm
,318,318x218x118x223,15.0,1005.0,75.0,117.80099999999997,0.44827519059181214,bmm
,429,429x256x85x168,15.0,1005.0,75.0,117.80099999999997,0.45955840945243837,bmm
,357,357x166x94x157,15.0,1005.0,75.0,117.80099999999997,0.3895296037197113,bmm
,441,441x175x125x416,15.0,1005.0,75.0,117.80099999999997,1.2136447429656982,bmm
,461,461x205x104x485,54.0,1005.0,74.0,117.04300000000008,1.1290624141693115,bmm
,498,498x165x110x325,54.0,1005.0,74.0,117.04300000000008,0.914035189151764,bmm
,413,413x207x121x896,54.0,1005.0,74.0,117.04300000000008,2.0451135635375977,bmm
,340,340x221x67x898,54.0,1005.0,74.0,117.04300000000008,1.171455979347229,bmm
,392,392x137x111x883,52.64,1005.0,76.72,126.61807999999994,1.6336064100265504,bmm
,438,438x210x209x19,52.0,1005.0,78.0,131.1239999999999,0.5046272277832031,bmm
,490,490x136x238x14,52.0,1005.0,78.0,131.1239999999999,0.5979648232460022,bmm
,468,468x161x147x23,52.0,1005.0,78.0,131.1239999999999,0.39423999190330505,bmm
,284,284x161x227x65,52.0,1005.0,78.0,131.1239999999999,0.34795519709587097,bmm
,320,320x243x169x62,52.0,1005.0,78.0,131.1239999999999,0.32561920285224916,bmm
,301,301x197x242x49,52.0,1005.0,78.0,131.1239999999999,0.42122238874435425,bmm
,311,311x153x212x107,52.0,1005.0,78.0,131.1239999999999,0.37415040731430055,bmm
,354,354x157x148x120,23.0,1005.0,77.0,134.451,0.3117055892944336,bmm
,453,453x248x132x72,23.0,1005.0,77.0,134.451,0.38236159086227417,bmm
,306,306x204x200x139,23.0,1005.0,77.0,134.451,0.6307647943496704,bmm
,337,337x168x203x149,23.0,1005.0,77.0,134.451,0.737062406539917,bmm
,361,361x233x257x211,23.0,1005.0,77.0,134.451,0.998803186416626,bmm
,349,349x191x193x388,23.0,1005.0,77.0,134.451,1.4489471673965455,bmm
,415,415x227x213x273,53.0,1005.0,77.0,131.35800000000006,1.3871103525161743,bmm
,313,313x140x201x492,53.0,1005.0,77.0,131.35800000000006,1.3332480192184448,bmm
,301,301x130x198x883,53.0,1005.0,77.0,131.35800000000006,2.146687936782837,bmm
,472,472x205x156x828,53.0,1005.0,77.0,131.35800000000006,2.784864044189453,bmm
,279,279x255x180x659,89.0,1005.0,79.0,139.96300000000008,1.5820480108261108,bmm
,420,420x185x363x22,89.0,1005.0,79.0,139.96300000000008,0.8202239871025085,bmm
,310,310x165x306x4,89.0,1005.0,79.0,139.96300000000008,0.5160575985908509,bmm
,501,501x192x324x24,89.0,1005.0,79.0,139.96300000000008,0.8704000115394592,bmm
,336,336x158x463x60,89.0,1005.0,79.0,139.96300000000008,0.8458240032196045,bmm
,258,258x232x426x65,89.0,1005.0,79.0,139.96300000000008,0.6318079829216003,bmm
,470,470x193x436x33,44.0,1005.0,80.0,153.56100000000006,1.0690560340881348,bmm
,506,506x143x284x72,44.0,1005.0,80.0,153.56100000000006,0.7702336192131043,bmm
,270,270x212x471x65,44.0,1005.0,80.0,153.56100000000006,0.682803213596344,bmm
,484,484x247x331x84,44.0,1005.0,80.0,153.56100000000006,0.881663978099823,bmm
,291,291x203x456x218,44.0,1005.0,80.0,153.56100000000006,1.3803520202636719,bmm
,287,287x239x380x250,51.6,1005.0,80.0,151.19511999999997,1.1364351511001587,bmm
,386,386x152x373x133,54.0,1005.0,80.0,150.44799999999995,1.4417920112609863,bmm
,341,341x201x258x400,54.0,1005.0,80.0,150.44799999999995,1.8329600095748901,bmm
,355,355x238x454x314,54.0,1005.0,80.0,150.44799999999995,2.398003101348877,bmm
,290,290x201x342x455,53.76,1005.0,80.24,150.53367999999995,2.016044855117798,bmm
,454,454x138x377x676,52.0,1005.0,82.0,151.16199999999992,5.153536033630371,bmm
,321,321x215x396x519,52.0,1005.0,82.0,151.16199999999992,3.209830379486084,bmm
,405,405x194x321x686,60.64,1005.0,84.88,173.91783999999998,3.970611238479614,bmm
,262,262x218x950x7,61.0,1005.0,85.0,174.866,1.321984052658081,bmm
,347,347x167x591x8,61.0,1005.0,85.0,174.866,1.0647552013397217,bmm
,266,266x168x929x33,61.0,1005.0,85.0,174.866,1.301849627494812,bmm
,275,275x246x930x64,61.0,1005.0,85.0,174.866,1.324031949043274,bmm
,271,271x166x554x64,53.0,1005.0,84.0,187.262,0.793388819694519,bmm
,439,439x225x939x39,53.0,1005.0,84.0,187.262,2.0688704013824464,bmm
,390,390x217x968x72,53.0,1005.0,84.0,187.262,1.9293824195861817,bmm
,319,319x141x1007x70,53.0,1005.0,84.0,187.262,1.6008320331573487,bmm
,348,348x221x536x103,53.0,1005.0,83.32,176.06312000000003,0.9985535740852356,bmm
,323,323x239x731x240,53.0,1005.0,83.0,171.70800000000003,2.3828351974487303,bmm
,356,356x205x519x245,53.0,1005.0,83.0,171.70800000000003,1.874739170074463,bmm
,473,473x186x611x257,53.0,1005.0,83.0,171.70800000000003,4.277657604217529,bmm
,299,299x140x968x429,97.0,1005.0,84.0,167.5100000000001,5.707327938079834,bmm
,341,341x231x745x412,97.0,1005.0,84.0,167.5100000000001,5.058732700347901,bmm
,313,313x198x686x328,96.0,1005.0,86.0,191.72999999999993,3.1401600360870363,bmm
,375,375x248x805x853,96.6,1005.0,86.2,195.09860000000003,10.384793853759765,bmm
,474,474x242x618x661,99.0,1005.0,87.0,208.57300000000004,8.672256469726562,bmm
,299,299x184x917x789,56.0,1005.0,87.0,221.537,9.411980819702148,bmm
,264,264x401x10x5,56.0,1005.0,87.0,221.537,0.09887360036373138,bmm
,273,273x509x3x32,56.0,1005.0,87.0,221.537,0.08499199897050858,bmm
,298,298x428x10x25,56.0,1005.0,87.0,221.537,0.11468800157308578,bmm
,404,404x513x1x56,10.0,1005.0,84.0,217.22699999999995,0.10956799983978271,bmm
,402,402x355x33x65,10.0,1005.0,84.0,217.22699999999995,0.22405119836330414,bmm
,495,495x418x7x44,10.0,1005.0,84.0,217.22699999999995,0.154406401515007,bmm
,375,375x343x6x95,10.0,1005.0,84.0,217.22699999999995,0.13124479949474335,bmm
,353,353x346x1x69,10.0,1005.0,84.0,217.22699999999995,0.07981439977884293,bmm
,319,319x353x27x97,10.0,1005.0,84.0,217.22699999999995,0.18083199858665466,bmm
,296,296x270x9x191,10.0,1005.0,84.0,217.22699999999995,0.18575359880924225,bmm
,308,308x394x6x229,10.0,1005.0,84.0,217.22699999999995,0.2734079957008362,bmm
,422,422x318x20x160,20.0,1005.0,80.0,155.5010000000001,0.3352575957775116,bmm
,297,297x406x8x257,20.0,1005.0,80.0,155.5010000000001,0.3059712052345276,bmm
,331,331x361x30x323,20.0,1005.0,80.0,155.5010000000001,0.517516803741455,bmm
,266,266x306x15x268,20.0,1005.0,80.0,155.5010000000001,0.2682815909385681,bmm
,480,480x316x12x575,20.0,1005.0,80.0,155.5010000000001,0.8531967997550964,bmm
,420,420x478x9x682,25.92,1005.0,79.76,149.18532000000002,1.2947455644607544,bmm
,411,411x493x7x1008,57.0,1005.0,78.0,116.02799999999993,1.874739170074463,bmm
,470,470x489x65x33,57.0,1005.0,78.0,116.02799999999993,0.40651519894599913,bmm
,389,389x387x36x22,57.0,1005.0,78.0,116.02799999999993,0.224959996342659,bmm
,400,400x420x56x18,57.0,1005.0,78.0,116.02799999999993,0.28467199206352234,bmm
,492,492x408x42x61,57.0,1005.0,78.0,116.02799999999993,0.341401606798172,bmm
,289,289x263x54x43,28.0,1005.0,77.0,121.53400000000006,0.16627199947834015,bmm
,371,371x475x47x33,28.0,1005.0,77.0,121.53400000000006,0.25779839754104616,bmm
,303,303x392x57x121,28.0,1005.0,77.0,121.53400000000006,0.3186048030853271,bmm
,470,470x458x53x124,28.0,1005.0,77.0,121.53400000000006,0.5130239963531494,bmm
,466,466x492x57x93,28.0,1005.0,77.0,121.53400000000006,0.5109568119049073,bmm
,362,362x511x51x242,28.0,1005.0,77.0,121.53400000000006,0.7301120042800904,bmm
,445,445x366x51x214,28.0,1005.0,77.0,121.53400000000006,0.6293440222740173,bmm
,260,260x446x61x229,47.0,1005.0,76.0,122.04100000000003,0.5042176246643066,bmm
,301,301x490x47x466,47.0,1005.0,76.0,122.04100000000003,1.0104767560958863,bmm
,448,448x485x59x295,47.0,1005.0,76.0,122.04100000000003,1.076806378364563,bmm
,387,387x387x54x486,47.0,1005.0,76.0,122.04100000000003,1.1501503944396974,bmm
,382,382x361x34x1015,48.68,1005.0,76.12,122.45139999999998,1.2859392166137695,bmm
,454,454x286x58x925,61.0,1005.0,77.0,125.46099999999993,2.050783967971802,bmm
,408,408x394x39x911,61.0,1005.0,77.0,125.46099999999993,2.0879359245300293,bmm
,267,267x260x105x31,61.0,1005.0,77.0,125.46099999999993,0.2529279887676239,bmm
,401,401x391x99x22,61.0,1005.0,77.0,125.46099999999993,0.4618239998817444,bmm
,462,462x474x94x28,61.0,1005.0,77.0,125.46099999999993,0.49723520278930666,bmm
,437,437x459x96x58,24.0,1005.0,80.0,145.67500000000007,0.4781760036945343,bmm
,464,464x351x80x48,24.0,1005.0,80.0,145.67500000000007,0.32335360050201417,bmm
,451,451x352x122x41,24.0,1005.0,80.0,145.67500000000007,0.4853376030921936,bmm
,264,264x454x70x120,24.0,1005.0,80.0,145.67500000000007,0.32722559571266174,bmm
,456,456x266x117x75,24.0,1005.0,80.0,145.67500000000007,0.4513792097568512,bmm
,482,482x374x70x76,24.0,1005.0,80.0,145.67500000000007,0.4052991926670074,bmm
,406,406x426x77x148,24.0,1005.0,80.0,145.67500000000007,0.7393280267715454,bmm
,504,504x476x116x161,43.0,1005.0,78.0,143.36999999999992,1.311737585067749,bmm
,265,265x342x112x244,43.0,1005.0,78.0,143.36999999999992,0.5408064007759095,bmm
,279,279x435x101x490,43.0,1005.0,78.0,143.36999999999992,1.3328447818756104,bmm
,271,271x386x88x502,43.0,1005.0,78.0,143.36999999999992,1.0928255796432496,bmm
,455,455x510x129x277,45.88,1005.0,78.72,140.2343999999999,2.0383552074432374,bmm
,389,389x424x87x612,51.0,1005.0,80.0,134.65999999999997,1.9191359758377076,bmm
,390,390x310x128x976,51.0,1005.0,80.0,134.65999999999997,3.1258623600006104,bmm
,509,509x469x108x751,61.08,1005.0,82.16,148.07864,3.6302847862243652,bmm
,476,476x299x220x18,65.0,1005.0,83.0,153.297,0.8314880132675171,bmm
,505,505x313x136x24,65.0,1005.0,83.0,153.297,0.5507712006568909,bmm
,418,418x307x155x28,65.0,1005.0,83.0,153.297,0.5416960120201111,bmm
,418,418x358x141x58,65.0,1005.0,83.0,153.297,0.49577599167823794,bmm
,494,494x401x183x56,65.0,1005.0,83.0,153.297,0.9576000094413757,bmm
,488,488x418x187x59,39.0,1005.0,82.0,172.41600000000005,0.9600319862365723,bmm
,283,283x306x205x104,39.0,1005.0,82.0,172.41600000000005,0.48230400681495667,bmm
,398,398x340x239x75,39.0,1005.0,82.0,172.41600000000005,0.7464960217475891,bmm
,321,321x334x219x116,39.0,1005.0,82.0,172.41600000000005,0.5650240063667298,bmm
,510,510x284x177x241,39.0,1005.0,82.0,172.41600000000005,1.4578880071640015,bmm
,304,304x309x250x147,39.0,1005.0,82.0,172.41600000000005,1.2052479982376099,bmm
,495,495x393x143x257,54.0,1005.0,83.0,174.8270000000001,2.2218751907348633,bmm
,279,279x479x213x478,54.0,1005.0,83.0,174.8270000000001,2.527027130126953,bmm
,345,345x368x249x356,54.0,1005.0,83.0,174.8270000000001,1.9974143505096436,bmm
,463,463x455x170x376,54.0,1005.0,85.0,169.47699999999998,2.497331142425537,bmm
,324,324x313x149x531,54.0,1005.0,85.0,169.47699999999998,1.919980764389038,bmm
,409,409x426x160x1023,54.0,1005.0,85.0,169.47699999999998,5.4159167289733885,bmm
,498,498x282x224x839,99.0,1005.0,85.0,183.10599999999988,5.869331169128418,bmm
,274,274x337x410x8,99.0,1005.0,85.0,183.10599999999988,0.9217535853385925,bmm
,417,417x412x432x32,99.0,1005.0,85.0,183.10599999999988,1.8167616128921509,bmm
,416,416x397x500x8,71.0,1005.0,84.0,194.94799999999998,2.111488103866577,bmm
,416,416x283x325x64,71.0,1005.0,84.0,194.94799999999998,1.06496000289917,bmm
,476,476x370x508x57,71.0,1005.0,84.0,194.94799999999998,1.8429951667785645,bmm
,424,424x309x427x50,71.0,1005.0,84.0,194.94799999999998,1.3967360258102417,bmm
,505,505x310x443x96,68.84,1005.0,84.0,193.44959999999992,1.7317311763763428,bmm
,422,422x289x472x103,53.0,1005.0,84.0,185.58300000000003,1.5250944375991822,bmm
,306,306x492x352x89,53.0,1005.0,84.0,185.58300000000003,1.1075583696365356,bmm
,341,341x268x465x203,53.0,1005.0,84.0,185.58300000000003,2.3668735027313232,bmm
,347,347x463x360x130,53.0,1005.0,84.0,185.58300000000003,2.4678399562835693,bmm
,346,346x351x433x248,80.0,1005.0,83.0,166.174,2.299660873413086,bmm
,292,292x302x311x351,80.0,1005.0,83.0,166.174,2.0848255157470703,bmm
,287,287x296x273x483,80.0,1005.0,83.0,166.174,2.3977535724639893,bmm
,289,289x422x268x412,62.72,1005.0,84.92,171.44312000000005,3.1536959648132323,bmm
,285,285x505x383x521,53.0,1005.0,86.0,174.40700000000004,5.4128642082214355,bmm
,510,510x419x466x578,84.08,1005.0,84.32,189.47323999999992,11.768582534790038,bmm
,438,438x350x374x710,92.56,1005.0,84.64,200.19484,7.3318400382995605,bmm
,308,308x447x871x29,98.0,1005.0,86.0,216.88000000000008,2.750207948684692,bmm
,274,274x402x689x3,98.0,1005.0,86.0,216.88000000000008,1.932256031036377,bmm
,316,316x476x513x4,98.0,1005.0,86.0,216.88000000000008,1.6678911685943603,bmm
,467,467x343x922x58,61.0,1005.0,84.0,216.24799999999993,3.2956416606903076,bmm
,493,493x493x995x62,61.0,1005.0,84.0,216.24799999999993,4.92372465133667,bmm
,498,498x493x682x48,57.88,1005.0,84.0,208.58892000000012,3.4084863662719727,bmm
,453,453x459x516x107,55.0,1005.0,84.0,201.51900000000012,2.393452835083008,bmm
,315,315x270x690x99,55.0,1005.0,84.0,201.51900000000012,1.6651904344558717,bmm
,316,316x339x850x80,55.0,1005.0,84.0,201.51900000000012,2.044108819961548,bmm
,318,318x433x900x220,58.0,1005.0,85.0,193.61999999999992,5.701183891296386,bmm
,274,274x330x623x210,58.0,1005.0,85.0,193.61999999999992,2.605440044403076,bmm
,265,265x270x959x248,62.96,1005.0,84.84,194.4249599999999,3.791225624084473,bmm
,373,373x425x982x293,89.0,1005.0,84.0,198.65099999999995,10.654047966003418,bmm
,296,296x324x876x431,57.0,1005.0,88.0,210.7359999999999,7.635968208312988,bmm
,397,397x288x700x428,67.08,1005.0,87.52,213.83007999999987,8.207155418395995,bmm
,474,474x360x678x575,99.0,1005.0,86.0,223.62799999999996,11.724275207519531,bmm
,325,325x391x968x930,99.0,1005.0,88.0,230.31315999999995,24.180736541748047,bmm
,297,297x320x834x1017,65.16,925.2,90.16,226.79839999999982,20.184460830688476,bmm
,444,444x769x3x19,99.0,720.0,88.0,219.9799999999999,0.22220799326896667,bmm
,339,339x819x29x28,99.0,720.0,88.0,219.9799999999999,0.2949120104312897,bmm
,338,338x975x28x32,99.0,720.0,88.0,219.9799999999999,0.33484798669815063,bmm
,510,510x723x28x63,99.0,720.0,88.0,219.9799999999999,0.3850240111351013,bmm
,337,337x980x26x35,77.44,799.8,86.8,211.1051199999999,0.33587199449539185,bmm
,366,366x690x18x64,22.0,1005.0,83.0,188.28400000000002,0.2385919988155365,bmm
,278,278x557x25x88,22.0,1005.0,83.0,188.28400000000002,0.17869440019130706,bmm
,410,410x632x20x88,22.0,1005.0,83.0,188.28400000000002,0.2322431981563568,bmm
,392,392x1015x16x74,22.0,1005.0,83.0,188.28400000000002,0.2834432125091553,bmm
,414,414x560x22x201,22.0,1005.0,83.0,188.28400000000002,0.4536319971084595,bmm
,269,269x812x16x212,22.0,1005.0,83.0,188.28400000000002,0.3388991951942444,bmm
,320,320x670x16x257,22.0,1005.0,83.0,188.28400000000002,0.4994943976402283,bmm
,506,506x906x3x366,38.0,1005.0,82.0,168.48300000000006,0.9103360176086426,bmm
,513,513x766x16x369,38.0,1005.0,82.0,168.48300000000006,1.4214975833892822,bmm
,413,413x791x5x490,38.0,1005.0,82.0,168.48300000000006,1.468230390548706,bmm
,339,339x653x33x746,45.28,1005.0,82.0,158.95684000000008,1.6905983924865722,bmm
,432,432x789x20x803,51.0,1005.0,82.0,151.4720000000001,2.9085439682006835,bmm
,437,437x893x29x737,51.0,1005.0,82.0,151.4720000000001,2.319155216217041,bmm
,450,450x968x55x29,73.0,1005.0,83.0,164.857,0.611296010017395,bmm
,429,429x530x40x14,73.0,1005.0,83.0,164.857,0.2971135973930359,bmm
,299,299x979x47x12,73.0,1005.0,83.0,164.857,0.3807232081890106,bmm
,488,488x833x60x39,73.0,1005.0,83.0,164.857,0.6509759902954102,bmm
,322,322x910x51x65,73.0,1005.0,83.0,164.857,0.450297600030899,bmm
,450,450x902x52x40,73.0,1005.0,83.0,164.857,0.6123520135879517,bmm
,283,283x528x33x101,73.0,1005.0,83.0,164.857,0.21196800470352173,bmm
,267,267x886x46x93,73.0,1005.0,83.0,164.857,0.30822399258613586,bmm
,332,332x724x43x73,16.0,1005.0,82.0,164.78200000000004,0.32399359345436096,bmm
,274,274x961x62x232,16.0,1005.0,82.0,164.78200000000004,0.8468480110168457,bmm
,341,341x997x38x195,16.0,1005.0,82.0,164.78200000000004,0.7669312000274658,bmm
,370,370x598x64x202,16.0,1005.0,82.0,164.78200000000004,0.7534591913223266,bmm
,418,418x1005x56x390,44.2,1005.0,82.0,162.2704,2.676531267166138,bmm
,375,375x857x60x326,63.0,1005.0,82.0,160.596,1.7790911674499512,bmm
,355,355x518x56x452,63.0,1005.0,82.0,160.596,1.1847679615020752,bmm
,320,320x541x52x753,63.0,1005.0,82.0,160.596,1.7037311792373657,bmm
,309,309x969x60x950,50.0,1005.0,84.0,161.39600000000007,3.7512319564819334,bmm
,338,338x997x62x817,50.0,1005.0,84.0,161.39600000000007,3.6229119300842285,bmm
,355,355x1015x114x33,50.0,1005.0,84.0,161.39600000000007,0.9059903979301452,bmm
,291,291x1017x72x22,46.0,1005.0,85.0,180.3069999999999,0.4792320132255554,bmm
,505,505x987x67x2,46.0,1005.0,85.0,180.3069999999999,0.8439487934112548,bmm
,505,505x638x80x36,46.0,1005.0,85.0,180.3069999999999,0.5609023928642273,bmm
,422,422x577x116x55,46.0,1005.0,85.0,180.3069999999999,0.6758400201797485,bmm
,377,377x973x121x64,46.0,1005.0,85.0,180.3069999999999,1.0158079862594604,bmm
,356,356x844x103x89,46.0,1005.0,85.0,180.3069999999999,0.8368128061294555,bmm
,497,497x756x115x118,40.0,1005.0,84.0,180.5970000000001,1.2007295846939088,bmm
,378,378x579x100x89,40.0,1005.0,84.0,180.5970000000001,0.5883904099464417,bmm
,485,485x824x78x195,40.0,1005.0,84.0,180.5970000000001,1.5711679935455323,bmm
,320,320x764x90x192,40.0,1005.0,84.0,180.5970000000001,1.076633596420288,bmm
,464,464x822x99x235,40.0,1005.0,84.0,180.5970000000001,1.8916608333587646,bmm
,271,271x946x67x307,64.0,1005.0,82.0,159.52700000000002,1.3731647729873657,bmm
,506,506x870x115x425,64.0,1005.0,82.0,159.52700000000002,4.73493127822876,bmm
,431,431x920x73x329,59.52,1005.0,82.64,159.05595999999997,2.3180992126464846,bmm
,312,312x794x87x668,50.0,1005.0,84.0,158.05499999999995,3.166803216934204,bmm
,429,429x552x70x650,50.0,1005.0,84.0,158.05499999999995,2.662400007247925,bmm
,457,457x685x113x728,59.0,1005.0,86.0,175.29500000000004,5.3059135437011715,bmm
,342,342x736x160x5,59.0,1005.0,86.0,175.29500000000004,0.8707776069641113,bmm
,450,450x549x209x15,59.0,1005.0,86.0,175.29500000000004,1.244921588897705,bmm
,298,298x782x244x27,59.0,1005.0,86.0,175.29500000000004,1.3178880214691162,bmm
,285,285x594x158x57,46.0,1005.0,84.0,183.25300000000004,0.6123520135879517,bmm
,266,266x954x236x55,46.0,1005.0,84.0,183.25300000000004,1.3039488315582275,bmm
,326,326x981x242x53,46.0,1005.0,84.0,183.25300000000004,1.6494272232055665,bmm
,283,283x538x204x100,46.0,1005.0,84.0,183.25300000000004,0.7958271861076355,bmm
,267,267x673x144x125,46.0,1005.0,84.0,183.25300000000004,0.6565887928009033,bmm
,374,374x941x209x74,50.0,1005.0,83.0,171.33600000000013,1.670143961906433,bmm
,317,317x881x148x140,50.0,1005.0,83.0,171.33600000000013,1.768447995185852,bmm
,300,300x571x152x171,50.0,1005.0,83.0,171.33600000000013,1.1919360160827637,bmm
,453,453x690x178x141,50.0,1005.0,83.0,171.33600000000013,2.5628671646118164,bmm
,372,372x732x238x351,88.0,1005.0,83.0,160.40099999999995,4.039647960662842,bmm
,476,476x967x208x350,88.0,1005.0,83.0,160.40099999999995,5.99486722946167,bmm
,398,398x975x193x261,92.0,1005.0,86.0,186.342,4.837376117706299,bmm
,327,327x705x137x587,92.0,1005.0,86.0,186.342,3.660799980163574,bmm
,285,285x576x206x554,61.4,1005.0,86.0,199.88896000000008,3.7375808715820313,bmm
,347,347x816x145x588,47.0,1005.0,86.0,206.2640000000001,4.763033485412597,bmm
,317,317x1010x346x5,47.0,1005.0,86.0,206.2640000000001,2.1964800357818604,bmm
,444,444x983x355x7,73.0,1005.0,85.0,214.51900000000012,3.1795198917388916,bmm
,362,362x680x313x24,73.0,1005.0,85.0,214.51900000000012,1.745919942855835,bmm
,409,409x547x497x41,73.0,1005.0,85.0,214.51900000000012,2.5139200687408447,bmm
,294,294x880x340x64,66.28,1005.0,85.0,208.8646000000001,1.824723196029663,bmm
,455,455x689x305x62,52.0,1005.0,85.0,196.84900000000005,2.1589312076568605,bmm
,291,291x902x345x116,52.0,1005.0,85.0,196.84900000000005,2.067456007003784,bmm
,327,327x975x294x82,52.0,1005.0,85.0,196.84900000000005,1.92913920879364,bmm
,330,330x954x506x118,52.0,1005.0,86.0,184.23700000000005,3.4277055740356444,bmm
,384,384x994x263x156,52.0,1005.0,86.0,184.23700000000005,4.032716941833496,bmm
,471,471x943x393x169,51.08,1005.0,84.16,181.39971999999995,7.3771007537841795,bmm
,354,354x730x508x238,51.0,1005.0,84.0,181.1529999999999,5.319660949707031,bmm
,431,431x653x505x394,57.0,1005.0,87.0,207.85000000000002,12.929843330383301,bmm
,453,453x769x317x374,56.0,1005.0,88.0,227.50100000000012,7.561606311798096,bmm
,283,283x590x390x264,56.0,1005.0,88.0,227.50100000000012,4.091404819488526,bmm
,268,268x856x407x727,62.0,1005.0,87.0,224.67900000000006,11.298809432983399,bmm
,439,439x1007x284x660,52.92,1005.0,88.16,225.03699999999992,15.023308753967285,bmm
,510,510x838x324x806,99.04,978.6,88.52,219.20759999999999,20.199622344970702,bmm
,306,306x824x635x26,100.0,345.0,89.0,211.893,3.4250752925872803,bmm
,327,327x668x950x22,98.92,424.2,88.4,210.85571999999996,4.502086448669433,bmm
,452,452x618x818x27,91.0,1005.0,84.0,203.2489999999999,4.548332691192627,bmm
,385,385x786x828x63,91.0,1005.0,84.0,203.2489999999999,5.415897560119629,bmm
,401,401x701x991x35,98.0,1005.0,86.0,185.79599999999994,5.857254219055176,bmm
,469,469x925x695x35,97.28,1005.0,85.76,190.67783999999992,6.328320026397705,bmm
,303,303x880x547x84,95.0,1005.0,85.0,206.137,2.866156721115112,bmm
,465,465x810x955x129,97.72,1005.0,85.68,211.71504000000007,15.105638313293458,bmm
,331,331x622x621x81,99.0,1005.0,86.0,214.34000000000006,2.6101760864257812,bmm
,425,425x701x934x217,72.0,1005.0,85.0,220.56300000000007,11.622169685363769,bmm
,348,348x765x847x240,56.0,1005.0,88.0,227.69300000000013,8.553183937072754,bmm
,454,454x550x563x256,64.2,1005.0,87.8,228.36280000000016,6.3257983207702635,bmm
,401,401x858x980x448,98.36,959.4,87.48,231.89804000000012,26.53427848815918,bmm
,285,285x751x612x443,92.92,503.4,86.96,220.28039999999987,10.276435089111327,bmm
,474,474x813x604x285,85.96,913.8,85.16,198.72203999999994,14.702182197570801,bmm
,360,360x777x720x802,93.04,832.8,87.2,219.50292000000005,30.711571502685548,bmm
,402,402x1015x896x573,99.56,826.8,85.92,208.7183200000001,34.796102905273436,bmm
,471,471x788x616x921,82.08,719.4,87.12,213.31795999999994,39.290463256835935,bmm
,907,907x12x30x10,100.0,435.0,91.0,222.5659999999999,0.021503999829292297,bmm
,709,709x28x32x16,100.0,435.0,91.0,222.5659999999999,0.10954879969358444,bmm
,994,994x13x24x24,100.0,435.0,91.0,222.5659999999999,0.026387199759483337,bmm
,900,900x29x20x53,100.0,435.0,91.0,222.5659999999999,0.12083200365304947,bmm
,716,716x8x10x37,100.0,435.0,91.0,222.5659999999999,0.016383999958634377,bmm
,773,773x28x17x44,11.0,840.0,83.0,193.00599999999997,0.10956799983978271,bmm
,680,680x32x33x89,11.0,840.0,83.0,193.00599999999997,0.130048006772995,bmm
,972,972x3x5x125,11.0,840.0,83.0,193.00599999999997,0.018432000651955605,bmm
,643,643x11x27x103,11.0,840.0,83.0,193.00599999999997,0.04730880111455917,bmm
,841,841x12x13x167,11.0,840.0,83.0,193.00599999999997,0.07761919796466828,bmm
,806,806x23x19x232,11.0,840.0,83.0,193.00599999999997,0.21340160071849823,bmm
,996,996x30x17x199,11.0,840.0,83.0,193.00599999999997,0.262963205575943,bmm
,942,942x9x23x303,11.0,840.0,83.0,193.00599999999997,0.14028799533843994,bmm
,968,968x19x31x295,11.0,840.0,83.0,193.00599999999997,0.43335679173469543,bmm
,767,767x25x10x331,20.0,840.0,79.0,139.2110000000001,0.25600001215934753,bmm
,565,565x30x14x666,20.0,840.0,79.0,139.2110000000001,0.37171199917793274,bmm
,927,927x27x10x975,20.0,840.0,79.0,139.2110000000001,0.7882751822471619,bmm
,662,662x31x9x832,20.0,840.0,79.0,139.2110000000001,0.49663999676704407,bmm
,962,962x30x33x13,20.0,840.0,79.0,139.2110000000001,0.1669120043516159,bmm
,703,703x13x54x31,20.0,840.0,79.0,139.2110000000001,0.03686400130391121,bmm
,832,832x20x37x18,20.0,840.0,79.0,139.2110000000001,0.1525759994983673,bmm
,962,962x25x51x51,20.0,840.0,79.0,139.2110000000001,0.20787200331687927,bmm
,565,565x30x45x63,11.0,840.0,77.0,110.017,0.11673600226640701,bmm
,714,714x9x65x55,11.0,840.0,77.0,110.017,0.04363519996404648,bmm
,956,956x3x51x124,11.0,840.0,77.0,110.017,0.07228160202503205,bmm
,771,771x26x57x91,11.0,840.0,77.0,110.017,0.19353599846363068,bmm
,646,646x15x37x117,11.0,840.0,77.0,110.017,0.07372800260782242,bmm
,1023,1023x12x36x137,11.0,840.0,77.0,110.017,0.1085439994931221,bmm
,663,663x3x33x179,11.0,840.0,77.0,110.017,0.05119999870657921,bmm
,1021,1021x5x59x195,11.0,840.0,77.0,110.017,0.1325055956840515,bmm
,702,702x24x58x380,11.0,840.0,77.0,110.017,0.48455679416656494,bmm
,586,586x30x64x308,14.0,840.0,74.0,107.01000000000005,0.40038400888442993,bmm
,910,910x12x40x397,14.0,840.0,74.0,107.01000000000005,0.25210880637168886,bmm
,833,833x4x41x578,14.0,840.0,74.0,107.01000000000005,0.20357120037078857,bmm
,519,519x2x49x578,14.0,840.0,74.0,107.01000000000005,0.14745600521564484,bmm
,753,753x12x47x686,14.0,840.0,74.0,107.01000000000005,0.40385920405387876,bmm
,1025,1025x6x85x8,14.0,840.0,74.0,107.01000000000005,0.0376832015812397,bmm
,829,829x5x78x12,14.0,840.0,74.0,107.01000000000005,0.026623999699950218,bmm
,538,538x13x101x13,14.0,840.0,74.0,107.01000000000005,0.03481600061058998,bmm
,1015,1015x29x78x53,9.0,585.0,73.0,104.75,0.4157312035560608,bmm
,514,514x13x85x57,9.0,585.0,73.0,104.75,0.04955520108342171,bmm
,584,584x29x91x40,9.0,585.0,73.0,104.75,0.3008511960506439,bmm
,707,707x7x114x122,9.0,585.0,73.0,104.75,0.11366400122642517,bmm
,958,958x30x108x125,9.0,585.0,73.0,104.75,0.5232639908790588,bmm
,752,752x27x71x120,9.0,585.0,73.0,104.75,0.30822399258613586,bmm
,584,584x24x93x129,9.0,585.0,73.0,104.75,0.5953472018241882,bmm
,978,978x1x119x249,9.0,585.0,73.0,104.75,0.2783232033252716,bmm
,859,859x29x117x160,34.0,540.0,72.0,105.16900000000001,1.0092544555664062,bmm
,721,721x30x85x487,34.0,540.0,72.0,105.16900000000001,1.2138495445251465,bmm
,612,612x31x73x275,34.0,540.0,72.0,105.16900000000001,0.7249919772148132,bmm
,804,804x4x92x391,34.0,540.0,72.0,105.16900000000001,0.27955201268196106,bmm
,566,566x27x82x706,34.0,540.0,72.0,105.16900000000001,1.3445119857788086,bmm
,847,847x11x108x582,45.76,606.0,72.0,107.83891999999997,0.6268928050994873,bmm
,566,566x3x118x758,48.0,615.0,72.0,108.20299999999999,0.47083520889282227,bmm
,945,945x14x179x30,48.0,615.0,72.0,108.20299999999999,0.10239999741315842,bmm
,1017,1017x30x134x22,48.0,615.0,72.0,108.20299999999999,0.6180863976478577,bmm
,1010,1010x19x147x1,48.0,615.0,72.0,108.20299999999999,0.043007999658584595,bmm
,594,594x21x255x43,48.0,615.0,72.0,108.20299999999999,0.6891520023345947,bmm
,813,813x32x202x44,48.0,615.0,72.0,108.20299999999999,0.707584023475647,bmm
,978,978x20x211x48,48.0,615.0,72.0,108.20299999999999,0.8759231925010681,bmm
,678,678x9x234x90,27.0,615.0,72.0,111.02700000000003,0.18042879700660705,bmm
,818,818x21x132x89,27.0,615.0,72.0,111.02700000000003,0.48025599122047424,bmm
,536,536x4x213x123,27.0,615.0,72.0,111.02700000000003,0.1443839967250824,bmm
,554,554x26x223x189,27.0,615.0,72.0,111.02700000000003,1.0567679405212402,bmm
,664,664x18x248x131,27.0,615.0,72.0,111.02700000000003,1.4028799533843994,bmm
,567,567x2x210x242,27.0,615.0,72.0,111.02700000000003,0.2744320034980774,bmm
,540,540x32x240x431,28.0,630.0,72.0,110.15999999999998,2.1061568737030028,bmm
,529,529x32x196x329,28.0,630.0,72.0,110.15999999999998,1.3209600448608398,bmm
,590,590x27x160x440,28.0,630.0,72.0,110.15999999999998,0.9707520008087158,bmm
,571,571x20x242x928,28.0,630.0,72.0,110.15999999999998,2.8209152221679688,bmm
,530,530x20x162x930,44.64,825.0,74.08,115.64600000000002,1.814527988433838,bmm
,716,716x32x236x659,60.0,1005.0,76.0,120.71000000000002,2.588172769546509,bmm
,747,747x24x272x28,60.0,1005.0,76.0,120.71000000000002,0.5539839863777161,bmm
,639,639x10x377x29,60.0,1005.0,76.0,120.71000000000002,0.10751999914646149,bmm
,807,807x7x269x25,60.0,1005.0,76.0,120.71000000000002,0.07369600236415863,bmm
,965,965x22x498x43,60.0,1005.0,76.0,120.71000000000002,1.2052479982376099,bmm
,619,619x31x410x53,48.0,1005.0,77.0,137.67999999999995,0.6717439889907837,bmm
,900,900x19x297x37,48.0,1005.0,77.0,137.67999999999995,0.6803135871887207,bmm
,590,590x28x507x83,48.0,1005.0,77.0,137.67999999999995,0.8211839914321899,bmm
,738,738x6x511x77,48.0,1005.0,77.0,137.67999999999995,0.2977728009223938,bmm
,716,716x2x426x121,48.0,1005.0,77.0,137.67999999999995,0.3366912007331848,bmm
,891,891x15x440x228,48.0,1005.0,77.0,137.67999999999995,1.038310432434082,bmm
,739,739x20x387x205,48.6,1005.0,77.0,138.15800000000002,1.4917376279830932,bmm
,1024,1024x21x479x232,51.0,1005.0,77.0,140.07000000000005,2.39102725982666,bmm
,689,689x28x412x500,51.0,1005.0,77.0,140.07000000000005,2.8243456363677977,bmm
,917,917x30x435x298,51.0,1005.0,77.0,140.07000000000005,2.9800320148468016,bmm
,635,635x12x259x390,90.0,1005.0,80.0,147.61900000000006,0.4247551918029785,bmm
,868,868x24x476x864,90.0,1005.0,80.0,147.61900000000006,7.143212795257568,bmm
,860,860x4x334x987,90.0,1005.0,80.0,147.61900000000006,1.360857605934143,bmm
,693,693x2x291x588,55.0,1005.0,83.0,173.415,0.5609279870986938,bmm
,863,863x19x1002x13,55.0,1005.0,83.0,173.415,2.174976110458374,bmm
,900,900x7x911x25,55.0,1005.0,83.0,173.415,0.2678528010845184,bmm
,601,601x3x993x29,55.0,1005.0,83.0,173.415,0.20459519624710082,bmm
,692,692x30x656x36,55.0,1005.0,83.0,173.415,1.1704319715499878,bmm
,999,999x23x983x35,54.12,1005.0,82.12,169.38812,2.511033630371094,bmm
,717,717x4x618x56,53.0,1005.0,81.0,164.26299999999995,0.24063999950885773,bmm
,832,832x7x780x98,53.0,1005.0,81.0,164.26299999999995,0.6256639957427979,bmm
,750,750x13x848x113,53.0,1005.0,81.0,164.26299999999995,0.7247871875762939,bmm
,978,978x13x989x111,53.0,1005.0,81.0,164.26299999999995,1.0786815881729126,bmm
,565,565x22x632x152,53.0,1005.0,81.0,164.26299999999995,1.7518336057662964,bmm
,867,867x9x898x173,53.0,1005.0,80.0,141.82000000000005,1.2633855819702149,bmm
,926,926x7x609x144,53.0,1005.0,80.0,141.82000000000005,0.7573503851890564,bmm
,596,596x31x732x318,53.0,1005.0,80.0,141.82000000000005,3.1946752071380615,bmm
,644,644x29x761x371,48.68,1005.0,80.48,140.99287999999993,3.6337279796600344,bmm
,947,947x25x741x265,44.0,1005.0,81.0,140.34299999999996,5.125695991516113,bmm
,569,569x27x534x713,44.0,1005.0,81.0,140.34299999999996,4.461753463745117,bmm
,965,965x23x596x857,90.0,1005.0,84.0,169.61900000000006,9.833267402648925,bmm
,529,529x16x620x758,75.0,1005.0,86.0,194.997,2.780953550338745,bmm
,553,553x33x8x12,75.0,1005.0,86.0,194.997,0.04403200000524521,bmm
,931,931x35x25x2,75.0,1005.0,86.0,194.997,0.12287359684705734,bmm
,957,957x61x32x10,75.0,1005.0,86.0,194.997,0.12185599654912949,bmm
,919,919x65x9x45,75.0,1005.0,86.0,194.997,0.09216000139713287,bmm
,974,974x53x25x55,75.0,1005.0,86.0,194.997,0.12697599828243256,bmm
,536,536x39x22x33,75.0,1005.0,86.0,194.997,0.06543999910354614,bmm
,854,854x49x6x112,7.0,1005.0,81.0,176.799,0.07555200308561325,bmm
,846,846x38x19x119,7.0,1005.0,81.0,176.799,0.10648959875106812,bmm
,877,877x41x9x129,7.0,1005.0,81.0,176.799,0.16383999586105347,bmm
,937,937x35x31x173,7.0,1005.0,81.0,176.799,0.23654399812221527,bmm
,637,637x62x6x240,7.0,1005.0,81.0,176.799,0.11918720304965973,bmm
,984,984x53x20x223,7.0,1005.0,81.0,176.799,0.22732800245285034,bmm
,736,736x37x15x334,7.0,1005.0,81.0,176.799,0.20582400262355804,bmm
,990,990x57x33x437,7.0,1005.0,81.0,176.799,0.5595136046409607,bmm
,1006,1006x41x17x338,21.0,1005.0,78.0,138.95499999999996,0.3272704005241394,bmm
,737,737x46x32x873,21.0,1005.0,78.0,138.95499999999996,0.6567935943603516,bmm
,699,699x52x30x929,21.0,1005.0,78.0,138.95499999999996,0.6975488066673279,bmm
,945,945x42x7x735,21.0,1005.0,78.0,138.95499999999996,0.42618879675865173,bmm
,1024,1024x53x37x7,21.0,1005.0,78.0,138.95499999999996,0.15189120471477507,bmm
,590,590x49x50x22,21.0,1005.0,78.0,138.95499999999996,0.11937280297279358,bmm
,846,846x48x56x9,21.0,1005.0,78.0,138.95499999999996,0.15667200088500977,bmm
,645,645x60x38x58,21.0,1005.0,78.0,138.95499999999996,0.10239999741315842,bmm
,569,569x59x64x48,12.0,1005.0,77.0,116.48700000000004,0.11664000153541565,bmm
,966,966x38x43x44,12.0,1005.0,77.0,116.48700000000004,0.159743994474411,bmm
,668,668x33x50x92,12.0,1005.0,77.0,116.48700000000004,0.13369599878787994,bmm
,676,676x50x41x124,12.0,1005.0,77.0,116.48700000000004,0.130867201089859,bmm
,561,561x56x49x124,12.0,1005.0,77.0,116.48700000000004,0.11977600306272507,bmm
,602,602x35x44x165,12.0,1005.0,77.0,116.48700000000004,0.19696640372276306,bmm
,862,862x50x35x233,12.0,1005.0,77.0,116.48700000000004,0.2586624026298523,bmm
,877,877x57x57x192,12.0,1005.0,77.0,116.48700000000004,0.3461120128631592,bmm
,574,574x61x61x276,24.0,720.0,75.0,114.43499999999996,0.4614143967628479,bmm
,585,585x41x37x388,24.0,720.0,75.0,114.43499999999996,0.4603648066520691,bmm
,569,569x44x33x349,24.0,720.0,75.0,114.43499999999996,0.337715208530426,bmm
,998,998x47x33x568,24.0,720.0,75.0,114.43499999999996,0.9748479723930359,bmm
,867,867x51x33x881,24.0,720.0,75.0,114.43499999999996,0.9893888235092163,bmm
,699,699x60x41x665,24.0,720.0,75.0,114.43499999999996,0.7688192129135132,bmm
,538,538x61x115x25,47.0,855.0,75.0,113.625,0.22382719814777374,bmm
,662,662x50x71x17,47.0,855.0,75.0,113.625,0.187391996383667,bmm
,758,758x62x78x4,47.0,855.0,75.0,113.625,0.22323200106620789,bmm
,588,588x62x129x33,47.0,855.0,75.0,113.625,0.28261120319366456,bmm
,641,641x60x95x46,47.0,855.0,75.0,113.625,0.21196800470352173,bmm
,630,630x52x124x57,47.0,855.0,75.0,113.625,0.2682879865169525,bmm
,587,587x40x98x118,47.0,855.0,75.0,113.625,0.2252800017595291,bmm
,1010,1010x42x70x120,47.0,855.0,75.0,113.625,0.2701312005519867,bmm
,1005,1005x52x75x103,47.0,855.0,75.0,113.625,0.291020804643631,bmm
,627,627x55x74x150,18.0,855.0,74.0,112.84999999999995,0.35123199224472046,bmm
,891,891x61x115x240,18.0,855.0,74.0,112.84999999999995,0.6758400201797485,bmm
,988,988x36x75x167,18.0,855.0,74.0,112.84999999999995,0.5412864089012146,bmm
,544,544x62x79x470,18.0,855.0,74.0,112.84999999999995,0.5877760052680969,bmm
,794,794x54x95x389,18.0,855.0,74.0,112.84999999999995,0.9697215914726257,bmm
,664,664x43x90x504,18.0,855.0,74.0,112.84999999999995,0.822272002696991,bmm
,609,609x38x109x542,51.0,855.0,75.0,114.279,1.0786815881729126,bmm
,705,705x60x67x554,51.0,855.0,75.0,114.279,0.7339967846870422,bmm
,579,579x39x114x715,51.0,855.0,75.0,114.279,1.1059199571609497,bmm
,545,545x34x182x22,51.0,855.0,75.0,114.279,0.2754560112953186,bmm
,704,704x49x165x15,51.0,855.0,75.0,114.279,0.3235839903354645,bmm
,851,851x65x180x16,51.0,855.0,75.0,114.279,0.4286463975906372,bmm
,525,525x65x155x40,51.0,855.0,75.0,114.279,0.2461631953716278,bmm
,817,817x47x245x35,30.0,1005.0,75.0,120.16400000000007,0.5150399923324585,bmm
,574,574x47x191x56,30.0,1005.0,75.0,120.16400000000007,0.28897279500961304,bmm
,641,641x60x129x86,30.0,1005.0,75.0,120.16400000000007,0.24573439359664917,bmm
,851,851x38x146x65,30.0,1005.0,75.0,120.16400000000007,0.3599935948848724,bmm
,551,551x47x170x83,30.0,1005.0,75.0,120.16400000000007,0.2682879865169525,bmm
,809,809x43x213x225,30.0,1005.0,75.0,120.16400000000007,0.894976019859314,bmm
,564,564x34x173x212,30.0,1005.0,75.0,120.16400000000007,0.52019202709198,bmm
,1018,1018x48x130x218,42.0,1005.0,74.0,120.61499999999992,0.7270335912704468,bmm
,763,763x61x227x505,42.0,1005.0,74.0,120.61499999999992,1.8083775520324707,bmm
,817,817x34x155x377,42.0,1005.0,74.0,120.61499999999992,1.0086400508880615,bmm
,521,521x44x214x333,42.0,1005.0,74.0,120.61499999999992,0.8919039964675903,bmm
,705,705x41x159x987,45.96,1005.0,75.32,121.75504000000002,2.303775930404663,bmm
,745,745x54x228x721,51.0,1005.0,77.0,123.20600000000002,2.606451225280762,bmm
,747,747x54x217x599,51.0,1005.0,77.0,123.20600000000002,2.1100032329559326,bmm
,835,835x47x462x4,51.0,1005.0,77.0,123.20600000000002,1.0219328165054322,bmm
,979,979x36x268x29,37.0,1005.0,80.0,148.22400000000005,0.6684608221054077,bmm
,614,614x51x410x20,37.0,1005.0,80.0,148.22400000000005,0.6731136083602905,bmm
,998,998x43x417x42,37.0,1005.0,80.0,148.22400000000005,1.1066879987716676,bmm
,973,973x63x435x54,37.0,1005.0,80.0,148.22400000000005,1.0639359951019287,bmm
,669,669x59x483x46,37.0,1005.0,80.0,148.22400000000005,0.8837119936943054,bmm
,671,671x34x503x104,37.0,1005.0,80.0,148.22400000000005,0.9115584254264831,bmm
,686,686x38x436x83,43.0,1005.0,79.0,145.67999999999995,0.7997440099716187,bmm
,583,583x36x355x97,43.0,1005.0,79.0,145.67999999999995,0.5888000130653381,bmm
,1006,1006x37x397x251,43.0,1005.0,79.0,145.67999999999995,2.007040023803711,bmm
,983,983x62x334x149,43.0,1005.0,79.0,145.67999999999995,1.6271103858947753,bmm
,687,687x35x404x133,43.0,1005.0,79.0,145.67999999999995,1.3895679712295532,bmm
,924,924x38x445x465,49.0,1005.0,81.0,136.94099999999992,4.103987026214599,bmm
,908,908x64x415x344,49.0,1005.0,81.0,136.94099999999992,2.829644870758057,bmm
,1013,1013x36x480x403,48.32,1005.0,82.36,151.38556,4.761939239501953,bmm
,585,585x65x428x514,48.0,1005.0,83.0,158.183,3.1057920455932617,bmm
,810,810x33x453x670,48.0,1005.0,83.0,158.183,5.439865589141846,bmm
,784,784x52x405x589,98.0,1005.0,85.0,188.8850000000001,3.9137279987335205,bmm
,1020,1020x63x558x19,98.0,1005.0,85.0,188.8850000000001,1.4476032257080078,bmm
,782,782x65x952x33,98.0,1005.0,85.0,188.8850000000001,1.8769919872283936,bmm
,654,654x40x904x23,82.0,1005.0,84.6,191.05939999999998,1.4254080057144165,bmm
,752,752x42x664x46,58.0,1005.0,84.0,194.32099999999994,1.316864013671875,bmm
,579,579x61x668x35,58.0,1005.0,84.0,194.32099999999994,1.0721280574798584,bmm
,647,647x33x553x58,58.0,1005.0,84.0,194.32099999999994,0.8960000276565552,bmm
,1019,1019x55x521x65,58.0,1005.0,84.0,194.32099999999994,1.3735615730285644,bmm
,892,892x45x822x106,57.6,1005.0,83.84,192.48515999999992,1.7991679906845093,bmm
,704,704x55x1002x80,53.0,1005.0,82.0,171.373,1.7950719594955444,bmm
,583,583x48x833x149,53.0,1005.0,82.0,171.373,2.4840192794799805,bmm
,925,925x54x658x185,53.0,1005.0,82.0,171.373,3.0213759899139405,bmm
,720,720x44x873x247,84.0,1005.0,83.0,159.11700000000008,3.122726392745972,bmm
,967,967x46x738x507,84.0,1005.0,83.0,159.11700000000008,7.039999961853027,bmm
,882,882x53x930x319,66.0,1005.0,86.0,183.64600000000007,6.070444774627686,bmm
,700,700x63x1007x359,66.0,1005.0,86.0,183.64600000000007,5.154604911804199,bmm
,684,684x54x842x980,87.0,1005.0,85.0,209.72699999999995,11.176287841796874,bmm
,887,887x47x718x771,51.0,1005.0,87.0,213.29,10.782866859436036,bmm
,585,585x34x646x584,52.12,1005.0,85.88,214.27727999999996,4.609216022491455,bmm
,593,593x121x31x33,53.0,1005.0,85.0,215.0529999999999,0.08843519985675811,bmm
,592,592x124x19x3,53.0,1005.0,85.0,215.0529999999999,0.07404800206422806,bmm
,902,902x106x9x31,53.0,1005.0,85.0,215.0529999999999,0.08703359961509705,bmm
,811,811x97x18x55,53.0,1005.0,85.0,215.0529999999999,0.10034559667110443,bmm
,558,558x82x30x51,53.0,1005.0,85.0,215.0529999999999,0.08294399827718735,bmm
,855,855x129x26x36,53.0,1005.0,85.0,215.0529999999999,0.21573120057582856,bmm
,802,802x108x11x79,53.0,1005.0,85.0,215.0529999999999,0.09888640195131301,bmm
,634,634x117x12x65,13.0,1005.0,81.0,178.924,0.07695360332727433,bmm
,529,529x125x2x92,13.0,1005.0,81.0,178.924,0.06448639929294586,bmm
,1009,1009x110x20x158,13.0,1005.0,81.0,178.924,0.2770943999290466,bmm
,925,925x74x7x242,13.0,1005.0,81.0,178.924,0.18121599555015563,bmm
,988,988x124x21x176,13.0,1005.0,81.0,178.924,0.30760960578918456,bmm
,837,837x112x16x495,13.0,1005.0,81.0,178.924,0.5048320293426514,bmm
,993,993x92x27x263,13.0,1005.0,81.0,178.924,0.4372479975223541,bmm
,730,730x106x15x406,13.0,1005.0,81.0,178.924,0.35409919619560243,bmm
,751,751x77x16x712,30.0,1005.0,79.0,135.7199999999999,0.5195647954940796,bmm
,950,950x110x9x927,30.0,1005.0,79.0,135.7199999999999,0.9727936148643493,bmm
,520,520x110x19x1017,30.0,1005.0,79.0,135.7199999999999,0.6958976030349732,bmm
,542,542x75x44x32,30.0,1005.0,79.0,135.7199999999999,0.1013759970664978,bmm
,777,777x104x39x23,30.0,1005.0,79.0,135.7199999999999,0.12800000607967377,bmm
,698,698x111x55x33,30.0,1005.0,79.0,135.7199999999999,0.1443967968225479,bmm
,555,555x98x60x56,30.0,1005.0,79.0,135.7199999999999,0.12513279914855957,bmm
,945,945x105x39x42,12.0,1005.0,77.0,118.84900000000003,0.1601535975933075,bmm
,662,662x84x61x60,12.0,1005.0,77.0,118.84900000000003,0.1529856026172638,bmm
,602,602x92x43x126,12.0,1005.0,77.0,118.84900000000003,0.15277439951896668,bmm
,786,786x78x62x89,12.0,1005.0,77.0,118.84900000000003,0.18424959778785704,bmm
,873,873x116x42x122,12.0,1005.0,77.0,118.84900000000003,0.2492415964603424,bmm
,547,547x103x34x203,12.0,1005.0,77.0,118.84900000000003,0.21606400310993196,bmm
,570,570x75x59x187,12.0,1005.0,77.0,118.84900000000003,0.22937600314617157,bmm
,906,906x71x58x197,24.0,1005.0,75.0,114.89600000000004,0.3641151964664459,bmm
,946,946x102x53x311,24.0,1005.0,75.0,114.89600000000004,0.5986303925514221,bmm
,990,990x92x44x302,24.0,1005.0,75.0,114.89600000000004,0.5631999969482422,bmm
,514,514x101x56x449,24.0,1005.0,75.0,114.89600000000004,0.4452351927757263,bmm
,597,597x91x58x699,24.0,1005.0,75.0,114.89600000000004,0.7548800110816956,bmm
,629,629x109x52x991,24.0,1005.0,75.0,114.89600000000004,1.1524095773696899,bmm
,741,741x120x55x672,66.0,1005.0,75.0,116.47299999999997,1.0395648241043092,bmm
,913,913x72x122x19,66.0,1005.0,75.0,116.47299999999997,0.33587199449539185,bmm
,810,810x88x99x9,66.0,1005.0,75.0,116.47299999999997,0.2385919988155365,bmm
,789,789x67x99x29,66.0,1005.0,75.0,116.47299999999997,0.23756800591945648,bmm
,566,566x128x77x63,66.0,1005.0,75.0,116.47299999999997,0.1841152012348175,bmm
,608,608x79x71x43,66.0,1005.0,75.0,116.47299999999997,0.14847999811172485,bmm
,771,771x83x121x59,66.0,1005.0,75.0,116.47299999999997,0.2886847972869873,bmm
,929,929x108x73x98,66.0,1005.0,75.0,116.47299999999997,0.3061504065990448,bmm
,640,640x88x105x100,17.0,1005.0,75.0,120.25199999999997,0.2283135950565338,bmm
,984,984x97x72x125,17.0,1005.0,75.0,120.25199999999997,0.3020800054073334,bmm
,574,574x65x81x174,17.0,1005.0,75.0,120.25199999999997,0.28483839631080626,bmm
,734,734x94x103x160,17.0,1005.0,75.0,120.25199999999997,0.4210239887237549,bmm
,579,579x113x78x177,17.0,1005.0,75.0,120.25199999999997,0.3116607964038849,bmm
,668,668x84x108x317,17.0,1005.0,75.0,120.25199999999997,0.6198912024497986,bmm
,872,872x99x87x274,17.0,1005.0,75.0,120.25199999999997,0.6688576221466065,bmm
,722,722x82x69x490,43.0,1005.0,75.0,119.808,0.661900794506073,bmm
,778,778x65x77x1011,43.0,1005.0,75.0,119.808,1.4221247911453248,bmm
,519,519x103x96x972,43.0,1005.0,75.0,119.808,1.1478848218917848,bmm
,550,550x70x109x986,43.0,1005.0,75.0,119.808,1.3205504417419434,bmm
,938,938x73x248x22,43.0,1005.0,75.0,119.808,0.6133760213851929,bmm
,821,821x128x207x26,51.0,1005.0,77.0,128.06100000000004,0.49233919382095337,bmm
,809,809x77x246x33,51.0,1005.0,77.0,128.06100000000004,0.5191680192947388,bmm
,637,637x72x206x39,51.0,1005.0,77.0,128.06100000000004,0.3553279936313629,bmm
,798,798x90x253x40,51.0,1005.0,77.0,128.06100000000004,0.5389696002006531,bmm
,539,539x94x248x58,51.0,1005.0,77.0,128.06100000000004,0.3704639971256256,bmm
,513,513x113x166x97,51.0,1005.0,77.0,128.06100000000004,0.289792001247406,bmm
,588,588x94x193x93,51.0,1005.0,77.0,128.06100000000004,0.35942399501800537,bmm
,1002,1002x86x238x86,30.0,1005.0,76.0,130.78400000000008,0.66211838722229,bmm
,752,752x115x202x139,30.0,1005.0,76.0,130.78400000000008,0.8330432057380677,bmm
,833,833x93x169x157,30.0,1005.0,76.0,130.78400000000008,0.7813119888305664,bmm
,736,736x88x194x132,30.0,1005.0,76.0,130.78400000000008,0.7536640167236328,bmm
,900,900x119x209x284,30.0,1005.0,76.0,130.78400000000008,1.4940160512924194,bmm
,564,564x66x164x360,30.0,1005.0,76.0,130.78400000000008,0.7464960217475891,bmm
,543,543x71x131x290,52.0,1005.0,76.0,129.712,0.5857279896736145,bmm
,929,929x86x257x955,52.0,1005.0,76.0,129.712,4.885011196136475,bmm
,925,925x69x221x981,60.32,1005.0,77.12,134.91487999999998,4.167673397064209,bmm
,780,780x112x254x753,78.0,1005.0,80.0,145.971,3.0371456146240234,bmm
,649,649x112x286x7,78.0,1005.0,80.0,145.971,0.4771456003189087,bmm
,660,660x115x362x11,78.0,1005.0,80.0,145.971,0.6733312010765076,bmm
,961,961x109x502x13,78.0,1005.0,80.0,145.971,1.2113920450210571,bmm
,761,761x121x277x40,51.0,1005.0,83.0,177.12199999999996,0.5990399718284607,bmm
,970,970x119x447x38,51.0,1005.0,83.0,177.12199999999996,1.1079487800598145,bmm
,931,931x76x270x55,51.0,1005.0,83.0,177.12199999999996,0.6764544248580933,bmm
,845,845x117x265x65,51.0,1005.0,83.0,177.12199999999996,0.6520832180976868,bmm
,535,535x77x300x94,51.0,1005.0,83.0,177.12199999999996,0.4505600035190582,bmm
,856,856x116x276x82,51.0,1005.0,83.0,177.12199999999996,0.6789119958877563,bmm
,659,659x100x391x184,40.0,1005.0,80.0,166.886,1.3528960466384887,bmm
,935,935x112x359x216,40.0,1005.0,80.0,166.886,1.7174527883529662,bmm
,839,839x86x264x142,40.0,1005.0,80.0,166.886,1.1335680484771729,bmm
,934,934x66x309x351,40.0,1005.0,80.0,166.886,2.209791898727417,bmm
,605,605x89x336x429,59.0,1005.0,81.0,148.01000000000008,2.0360511779785155,bmm
,916,916x119x266x343,59.0,1005.0,81.0,148.01000000000008,1.9343231916427612,bmm
,1004,1004x118x259x1012,59.0,1005.0,81.0,148.01000000000008,5.284832000732422,bmm
,926,926x103x509x941,98.0,1005.0,86.0,160.78499999999994,9.274975967407226,bmm
,637,637x129x498x526,41.0,1005.0,84.0,198.6239999999999,7.809638404846192,bmm
,814,814x90x761x17,41.0,1005.0,84.0,198.6239999999999,1.5226880311965942,bmm
,652,652x84x1003x28,41.0,1005.0,84.0,198.6239999999999,1.59334397315979,bmm
,947,947x116x754x8,58.0,1005.0,84.0,218.76299999999995,1.8083327770233155,bmm
,858,858x95x992x62,58.0,1005.0,84.0,218.76299999999995,2.1610496044158936,bmm
,810,810x103x762x46,58.0,1005.0,84.0,218.76299999999995,1.5419391632080077,bmm
,898,898x86x920x65,58.0,1005.0,84.0,218.76299999999995,2.012160062789917,bmm
,857,857x104x878x117,71.0,1005.0,83.0,185.3449999999999,1.9254719972610475,bmm
,687,687x84x876x73,71.0,1005.0,83.0,185.3449999999999,1.5800319910049438,bmm
,548,548x78x548x115,71.0,1005.0,83.0,185.3449999999999,0.7949887871742248,bmm
,1018,1018x118x652x209,71.0,1005.0,83.0,185.3449999999999,3.306086301803589,bmm
,959,959x125x982x255,90.0,1005.0,85.0,169.02100000000007,4.681062412261963,bmm
,619,619x89x905x226,90.0,1005.0,85.0,169.02100000000007,2.8847744464874268,bmm
,991,991x108x768x489,58.0,1005.0,84.0,186.65999999999994,7.4407552719116214,bmm
,857,857x103x566x484,58.0,1005.0,84.0,186.65999999999994,4.7472639083862305,bmm
,921,921x123x672x260,98.0,1005.0,87.0,213.27300000000005,4.531199932098389,bmm
,886,886x127x557x797,96.0,1005.0,87.0,215.14980000000006,8.480998611450195,bmm
,936,936x109x730x575,93.0,1005.0,87.0,217.96500000000006,8.440179252624512,bmm
,618,618x120x527x530,99.0,1005.0,87.0,231.5380000000001,4.00486421585083,bmm
,765,765x196x24x15,99.0,1005.0,87.0,231.5380000000001,0.16076800227165222,bmm
,573,573x204x16x4,99.0,1005.0,87.0,231.5380000000001,0.10342399775981903,bmm
,863,863x227x5x17,99.0,1005.0,87.0,231.5380000000001,0.13183999955654144,bmm
,665,665x168x2x53,99.0,1005.0,87.0,231.5380000000001,0.10239999741315842,bmm
,981,981x167x13x33,99.0,1005.0,87.0,231.5380000000001,0.1802240014076233,bmm
,882,882x203x30x58,78.36,1005.0,86.0,224.8695999999999,0.2508992046117783,bmm
,530,530x176x7x126,13.0,1005.0,82.0,203.753,0.12815360426902772,bmm
,870,870x213x2x80,13.0,1005.0,82.0,203.753,0.15564799308776855,bmm
,766,766x207x1x92,13.0,1005.0,82.0,203.753,0.1353599965572357,bmm
,686,686x140x11x193,13.0,1005.0,82.0,203.753,0.2713472068309784,bmm
,794,794x211x14x170,13.0,1005.0,82.0,203.753,0.36019200682640073,bmm
,943,943x154x5x202,13.0,1005.0,82.0,203.753,0.2979840040206909,bmm
,812,812x207x25x278,13.96,1005.0,81.76,197.69168000000005,0.7274495959281921,bmm
,914,914x222x17x277,21.0,1005.0,79.0,153.24200000000008,0.7143296122550964,bmm
,659,659x149x2x419,21.0,1005.0,79.0,153.24200000000008,0.3995136022567749,bmm
,969,969x224x33x844,21.0,1005.0,79.0,153.24200000000008,2.5331711769104004,bmm
,794,794x237x6x918,21.0,1005.0,79.0,153.24200000000008,0.9607167840003967,bmm
,774,774x134x30x954,55.0,1005.0,80.0,125.39300000000001,1.5202111959457398,bmm
,652,652x217x35x29,55.0,1005.0,80.0,125.39300000000001,0.187391996383667,bmm
,580,580x161x56x31,55.0,1005.0,80.0,125.39300000000001,0.21461760103702546,bmm
,628,628x156x36x8,55.0,1005.0,80.0,125.39300000000001,0.1892351984977722,bmm
,518,518x187x45x52,55.0,1005.0,80.0,125.39300000000001,0.18472959995269775,bmm
,883,883x257x39x38,55.0,1005.0,80.0,125.39300000000001,0.38092800974845886,bmm
,589,589x255x44x64,55.0,1005.0,80.0,125.39300000000001,0.26910719871520994,bmm
,700,700x172x39x98,47.08,1005.0,79.36,128.95807999999997,0.26357760429382326,bmm
,795,795x203x46x88,33.0,1005.0,78.0,135.29599999999994,0.33730560541152954,bmm
,763,763x224x39x70,33.0,1005.0,78.0,135.29599999999994,0.2875455915927887,bmm
,519,519x206x59x153,33.0,1005.0,78.0,135.29599999999994,0.4147200047969818,bmm
,918,918x177x51x138,33.0,1005.0,78.0,135.29599999999994,0.6307839751243591,bmm
,647,647x180x62x257,33.0,1005.0,78.0,135.29599999999994,0.7483199954032898,bmm
,695,695x187x43x259,33.0,1005.0,78.0,135.29599999999994,0.6649855971336365,bmm
,618,618x140x33x432,44.0,1005.0,78.0,130.866,0.6960960149765014,bmm
,524,524x232x42x301,44.0,1005.0,78.0,130.866,0.6289408206939697,bmm
,900,900x136x36x972,44.0,1005.0,78.0,130.866,1.994752049446106,bmm
,625,625x239x61x853,44.0,1005.0,78.0,130.866,1.933913564682007,bmm
,521,521x219x38x630,79.0,1005.0,80.0,129.569,1.0161919832229613,bmm
,662,662x145x124x18,79.0,1005.0,80.0,129.569,0.4679679870605469,bmm
,632,632x134x81x3,79.0,1005.0,80.0,129.569,0.319679993391037,bmm
,790,790x165x88x2,79.0,1005.0,80.0,129.569,0.39237120747566223,bmm
,910,910x142x121x42,79.0,1005.0,80.0,129.569,0.6318079829216003,bmm
,601,601x161x121x42,79.0,1005.0,80.0,129.569,0.41676801443099976,bmm
,557,557x196x86x64,79.0,1005.0,80.0,129.569,0.28467199206352234,bmm
,926,926x226x124x87,23.0,1005.0,80.0,141.741,0.6379392266273498,bmm
,571,571x217x94x85,23.0,1005.0,80.0,141.741,0.30798720121383666,bmm
,619,619x255x101x87,23.0,1005.0,80.0,141.741,0.37376001477241516,bmm
,898,898x156x96x187,23.0,1005.0,80.0,141.741,0.925491213798523,bmm
,1023,1023x207x95x225,23.0,1005.0,80.0,141.741,1.0656703948974608,bmm
,717,717x250x67x242,23.0,1005.0,80.0,141.741,0.7798399806022644,bmm
,595,595x250x121x471,40.0,1005.0,80.0,155.2510000000001,1.7268607854843139,bmm
,668,668x236x65x461,40.0,1005.0,80.0,155.2510000000001,1.2005376100540162,bmm
,741,741x200x109x462,40.0,1005.0,80.0,155.2510000000001,1.8622080326080321,bmm
,646,646x135x125x936,43.2,1005.0,80.24,155.33020000000008,3.4424384117126463,bmm
,831,831x150x118x946,80.0,1005.0,83.0,156.241,4.168691253662109,bmm
,922,922x145x98x632,80.0,1005.0,83.0,156.241,2.545664072036743,bmm
,855,855x152x155x11,80.0,1005.0,83.0,156.241,0.7069120049476624,bmm
,817,817x172x217x16,50.0,1005.0,83.0,173.06900000000002,0.9230015993118286,bmm
,837,837x168x164x8,50.0,1005.0,83.0,173.06900000000002,0.7438143968582154,bmm
,822,822x149x137x44,50.0,1005.0,83.0,173.06900000000002,0.6459391832351684,bmm
,687,687x168x190x50,50.0,1005.0,83.0,173.06900000000002,0.6887423992156982,bmm
,898,898x140x248x37,50.0,1005.0,83.0,173.06900000000002,1.117184042930603,bmm
,1010,1010x172x186x114,50.0,1005.0,83.0,173.06900000000002,1.0248000383377076,bmm
,562,562x246x206x105,46.0,1005.0,81.0,169.00300000000004,0.6991872072219849,bmm
,862,862x163x250x106,46.0,1005.0,81.0,169.00300000000004,1.1614208221435547,bmm
,880,880x176x147x204,46.0,1005.0,81.0,169.00300000000004,1.3823872327804565,bmm
,515,515x240x226x237,46.0,1005.0,81.0,169.00300000000004,1.2777151823043824,bmm
,987,987x170x245x201,48.16,1005.0,81.36,161.52004000000002,2.4821760654449463,bmm
,806,806x143x130x437,52.0,1005.0,82.0,148.21700000000007,2.2734463214874268,bmm
,582,582x249x224x299,52.0,1005.0,82.0,148.21700000000007,1.9845119714736938,bmm
,671,671x184x242x400,52.0,1005.0,82.0,148.21700000000007,3.3351039409637453,bmm
,643,643x129x245x551,89.0,1005.0,85.0,166.79300000000006,3.9860032558441163,bmm
,868,868x197x161x717,89.0,1005.0,85.0,166.79300000000006,4.481023788452148,bmm
,537,537x221x244x833,55.56,1005.0,84.12,194.24635999999987,4.664070415496826,bmm
,974,974x224x261x19,51.0,1005.0,84.0,197.9899999999999,1.2932863712310791,bmm
,1004,1004x203x269x21,51.0,1005.0,84.0,197.9899999999999,1.3903871774673462,bmm
,718,718x138x340x28,51.0,1005.0,84.0,197.9899999999999,1.2513279914855957,bmm
,866,866x159x433x39,46.2,1005.0,83.04,197.95159999999993,1.9390015840530395,bmm
,797,797x239x264x35,46.0,1005.0,83.0,197.94999999999993,1.0883071660995483,bmm
,616,616x166x385x34,46.0,1005.0,83.0,197.94999999999993,1.263820767402649,bmm
,685,685x242x309x123,46.0,1005.0,83.0,197.94999999999993,1.203609585762024,bmm
,1006,1006x186x431x109,46.6,1005.0,83.0,194.54619999999994,2.19585280418396,bmm
,713,713x194x441x99,51.0,1005.0,83.0,169.585,1.6443328142166138,bmm
,621,621x207x320x140,51.0,1005.0,83.0,169.585,2.0099072456359863,bmm
,707,707x256x433x208,51.0,1005.0,83.0,169.585,3.089913558959961,bmm
,705,705x253x393x243,71.0,1005.0,83.0,161.90099999999995,2.8784319877624513,bmm
,628,628x194x338x507,71.0,1005.0,83.0,161.90099999999995,4.297465515136719,bmm
,630,630x240x359x393,72.52,1005.0,83.24,163.81571999999997,4.497401523590088,bmm
,787,787x136x322x367,90.0,1005.0,86.0,185.835,3.835084867477417,bmm
,674,674x146x342x874,92.24,1005.0,86.0,192.07372000000004,8.010719871520996,bmm
,915,915x158x400x758,97.08,1005.0,86.04,205.74608000000003,10.71493091583252,bmm
,889,889x226x415x770,99.0,1005.0,87.08,216.64032,12.666259384155273,bmm
,1016,1016x190x671x1,99.0,1005.0,88.0,227.36200000000005,0.8298496007919312,bmm
,627,627x233x610x5,99.0,1005.0,88.0,227.36200000000005,1.9664703607559204,bmm
,758,758x131x682x27,99.0,1005.0,88.0,227.36200000000005,2.936627149581909,bmm
,675,675x182x586x61,74.0,885.0,84.0,203.44599999999994,2.008064031600952,bmm
,541,541x243x799x65,74.0,885.0,84.0,203.44599999999994,2.2302271842956545,bmm
,741,741x199x656x62,74.0,885.0,84.0,203.44599999999994,2.4688319683074953,bmm
,930,930x236x1005x96,59.0,1005.0,83.0,177.8270000000001,4.649971199035645,bmm
,890,890x156x884x73,59.0,1005.0,83.0,177.8270000000001,3.8542848110198973,bmm
,520,520x184x759x110,59.0,1005.0,83.0,177.8270000000001,1.965836763381958,bmm
,978,978x221x864x233,54.0,1005.0,85.0,180.48399999999998,8.189049530029298,bmm
,691,691x191x936x185,54.68,1005.0,85.0,193.55903999999995,6.263526344299317,bmm
,718,718x197x602x143,55.0,1005.0,85.0,199.7119999999999,4.3325439453125,bmm
,982,982x145x709x481,88.12,1005.0,85.0,202.57044000000005,13.500595092773438,bmm
,1025,1025x251x526x287,75.8,1005.0,85.0,210.8646000000001,7.890944004058838,bmm
,688,688x173x547x294,72.0,1005.0,85.0,212.87600000000012,5.590015888214111,bmm
,713,713x185x566x525,59.0,1005.0,84.0,223.13199999999995,9.806591796875,bmm
,823,823x232x557x535,88.4,1005.0,85.68,217.52752,11.242463684082031,bmm
,703,703x133x686x956,91.36,1005.0,86.0,219.98440000000005,18.730598831176756,bmm
,703,703x453x18x3,91.0,1005.0,86.0,220.46500000000006,0.30387200117111207,bmm
,912,912x418x20x22,72.0,1005.0,86.0,231.55400000000006,0.3891200125217438,bmm
,741,741x273x5x30,72.0,1005.0,86.0,231.55400000000006,0.16380159556865692,bmm
,1016,1016x360x33x33,72.0,1005.0,86.0,231.55400000000006,0.4306367993354797,bmm
,957,957x490x27x56,72.0,1005.0,86.0,231.55400000000006,0.47513601183891296,bmm
,551,551x368x1x38,72.0,1005.0,86.0,231.55400000000006,0.05667840018868446,bmm
,989,989x339x28x111,72.0,1005.0,86.0,231.55400000000006,0.38437760472297666,bmm
,822,822x338x12x71,72.0,1005.0,86.0,231.55400000000006,0.23134720027446748,bmm
,811,811x457x26x72,72.0,1005.0,86.0,231.55400000000006,0.4065151929855347,bmm
,957,957x288x29x135,31.0,1005.0,82.0,198.01299999999995,0.7104255795478821,bmm
,722,722x369x23x256,31.0,1005.0,82.0,198.01299999999995,0.5228351831436158,bmm
,741,741x494x7x217,31.0,1005.0,82.0,198.01299999999995,0.5859327971935272,bmm
,779,779x376x19x317,31.0,1005.0,82.0,198.01299999999995,1.0563519716262817,bmm
,601,601x350x29x267,31.0,1005.0,82.0,198.01299999999995,0.8302272081375122,bmm
,674,674x468x32x406,47.0,1005.0,81.0,155.10100000000008,1.6783168315887451,bmm
,766,766x314x21x739,47.0,1005.0,81.0,155.10100000000008,2.0026879787445067,bmm
,786,786x377x5x702,47.0,1005.0,81.0,155.10100000000008,1.9152896404266357,bmm
,915,915x258x8x782,89.0,1005.0,81.0,147.0680000000001,1.3385600566864013,bmm
,555,555x441x53x8,89.0,1005.0,81.0,147.0680000000001,0.3901439905166626,bmm
,766,766x493x39x14,89.0,1005.0,81.0,147.0680000000001,0.42905598878860474,bmm
,996,996x290x55x18,89.0,1005.0,81.0,147.0680000000001,0.5126016139984131,bmm
,898,898x310x54x45,89.0,1005.0,81.0,147.0680000000001,0.4628416061401367,bmm
,557,557x338x45x53,89.0,1005.0,81.0,147.0680000000001,0.27253758907318115,bmm
,793,793x290x42x40,89.0,1005.0,81.0,147.0680000000001,0.3770047962665558,bmm
,729,729x268x43x79,22.0,1005.0,81.0,147.37899999999993,0.3461120128631592,bmm
,600,600x352x49x100,22.0,1005.0,81.0,147.37899999999993,0.3180544078350067,bmm
,704,704x283x53x107,22.0,1005.0,81.0,147.37899999999993,0.37068799138069153,bmm
,919,919x358x34x135,22.0,1005.0,81.0,147.37899999999993,0.7673472046852112,bmm
,793,793x395x48x134,22.0,1005.0,81.0,147.37899999999993,0.954367995262146,bmm
,948,948x317x38x149,22.0,1005.0,81.0,147.37899999999993,0.8845311999320984,bmm
,992,992x501x42x499,28.0,1005.0,81.0,151.30499999999995,3.395584058761597,bmm
,733,733x286x61x401,28.0,1005.0,81.0,151.30499999999995,1.6651904344558717,bmm
,942,942x343x52x411,30.52,1005.0,81.24,151.71527999999998,1.917088007926941,bmm
,808,808x267x34x588,49.0,1005.0,83.0,154.72400000000005,1.9857407808303833,bmm
,544,544x407x53x982,49.0,1005.0,83.0,154.72400000000005,2.94519681930542,bmm
,873,873x372x35x781,51.56,1005.0,83.0,160.57808000000006,2.548902463912964,bmm
,991,991x382x95x32,53.0,1005.0,83.0,163.87100000000007,0.7843072056770325,bmm
,898,898x456x94x5,53.0,1005.0,83.0,163.87100000000007,0.9293183803558349,bmm
,914,914x273x122x6,53.0,1005.0,83.0,163.87100000000007,0.9267200231552124,bmm
,601,601x354x111x61,53.0,1005.0,83.0,163.87100000000007,0.542515218257904,bmm
,998,998x490x90x65,53.0,1005.0,83.0,163.87100000000007,1.04038405418396,bmm
,541,541x415x82x39,34.0,1005.0,83.0,177.78099999999998,0.5362880110740662,bmm
,1012,1012x368x92x88,34.0,1005.0,83.0,177.78099999999998,0.8069120049476624,bmm
,620,620x356x117x83,34.0,1005.0,83.0,177.78099999999998,0.6471487879753113,bmm
,590,590x427x115x82,34.0,1005.0,83.0,177.78099999999998,0.7778304219245911,bmm
,570,570x469x112x233,34.0,1005.0,83.0,177.78099999999998,1.4387200355529786,bmm
,911,911x287x126x254,71.0,1005.0,82.0,167.99200000000008,1.8367744207382202,bmm
,620,620x434x103x238,71.0,1005.0,82.0,167.99200000000008,1.3905919790267944,bmm
,967,967x389x129x286,71.0,1005.0,82.0,167.99200000000008,4.128358459472656,bmm
,988,988x447x69x284,58.12,1005.0,82.92,166.02044000000006,2.4465152263641357,bmm
,859,859x350x78x439,57.0,1005.0,83.0,165.84900000000005,2.3058175086975097,bmm
,725,725x406x110x892,65.16,1005.0,83.72,169.84572,5.991404819488525,bmm
,605,605x466x120x522,91.0,1005.0,86.0,182.502,3.7950464248657227,bmm
,719,719x357x108x947,91.0,1005.0,86.08,184.08984,5.115443134307862,bmm
,573,573x313x242x32,91.0,1005.0,87.0,202.35,1.0670080184936523,bmm
,572,572x463x165x2,91.0,1005.0,87.0,202.35,0.9944640040397644,bmm
,547,547x349x209x21,91.0,1005.0,87.0,202.35,0.9406016111373902,bmm
,593,593x286x159x34,91.0,1005.0,87.0,202.35,0.7485439777374268,bmm
,808,808x513x158x38,91.0,1005.0,87.0,202.35,1.6773120164871216,bmm
,628,628x340x256x45,51.0,1005.0,83.0,195.06499999999997,1.2120064496994019,bmm
,755,755x299x233x78,51.0,1005.0,83.0,195.06499999999997,1.3934272050857544,bmm
,1004,1004x329x257x83,51.0,1005.0,83.0,195.06499999999997,2.024998331069946,bmm
,924,924x428x144x72,51.0,1005.0,83.0,195.06499999999997,1.3996352434158326,bmm
,669,669x378x246x208,56.0,1005.0,83.0,170.299,2.4893438816070557,bmm
,698,698x311x206x149,56.0,1005.0,83.0,170.299,2.22860164642334,bmm
,818,818x405x253x234,56.0,1005.0,83.0,170.299,4.182399940490723,bmm
,835,835x388x221x343,98.0,1005.0,85.0,172.31900000000002,5.64587516784668,bmm
,602,602x423x207x262,98.0,1005.0,85.0,172.31900000000002,3.8051838874816895,bmm
,978,978x352x239x363,62.0,1005.0,84.0,199.35199999999995,5.3145599365234375,bmm
,653,653x424x135x788,62.0,1005.0,84.0,199.35199999999995,6.429004859924317,bmm
,584,584x382x164x911,99.0,1005.0,87.0,217.216,6.030515193939209,bmm
,685,685x298x132x773,99.0,1005.0,87.0,217.216,5.064703941345215,bmm
,580,580x295x264x27,89.0,1005.0,87.0,218.39699999999996,1.1806720495224,bmm
,533,533x413x398x28,89.0,1005.0,87.0,218.39699999999996,2.0917695999145507,bmm
,576,576x427x394x8,89.0,1005.0,87.0,218.39699999999996,2.325862455368042,bmm
,846,846x269x470x63,72.2,1005.0,84.76,209.03324000000003,2.921420860290527,bmm
,652,652x302x492x34,59.0,1005.0,83.0,201.67600000000002,2.375065565109253,bmm
,853,853x365x469x37,59.0,1005.0,83.0,201.67600000000002,3.028787136077881,bmm
,1005,1005x381x337x115,59.72,1005.0,83.0,186.3291999999999,2.5907199382781982,bmm
,837,837x469x491x113,60.0,1005.0,83.0,180.3609999999999,4.070400238037109,bmm
,661,661x412x328x119,60.0,1005.0,83.0,180.3609999999999,2.190335988998413,bmm
,947,947x395x278x203,59.0,1005.0,84.0,190.97899999999998,5.281126403808594,bmm
,584,584x370x263x249,59.0,1005.0,84.0,190.97899999999998,2.333196830749512,bmm
,714,714x384x434x198,62.72,1005.0,84.24,193.43407999999997,4.67510404586792,bmm
,833,833x502x375x446,90.36,1005.0,86.12,211.88264000000007,12.32445468902588,bmm
,727,727x405x464x369,99.0,1005.0,89.0,222.55400000000006,9.902079582214355,bmm
,927,927x283x479x375,69.0,1005.0,87.0,232.22800000000004,10.713216209411621,bmm
,838,838x316x295x950,60.28,981.6,85.24,225.59400000000005,17.346559906005858,bmm
,747,747x397x454x561,99.0,888.0,87.0,215.61400000000006,16.638329696655273,bmm
,551,551x409x495x592,99.0,1005.0,86.32,214.59988,13.32837791442871,bmm
,540,540x298x733x27,99.0,1005.0,86.0,215.701,2.9095168113708496,bmm
,699,699x426x877x25,54.0,1005.0,84.0,222.92100000000002,6.0565183639526365,bmm
,918,918x493x751x26,54.0,1005.0,84.0,222.92100000000002,6.673939228057861,bmm
,547,547x275x687x53,99.0,1005.0,86.0,220.9530000000001,2.8523839950561523,bmm
,618,618x499x666x65,99.0,1005.0,86.0,220.9530000000001,4.133203220367432,bmm
,569,569x473x885x55,76.64,1005.0,85.48,213.34591999999992,4.90307207107544,bmm
,541,541x274x602x87,56.0,1005.0,85.0,206.32399999999996,2.419302463531494,bmm
,890,890x327x844x115,56.0,1005.0,85.0,206.32399999999996,5.534105682373047,bmm
,695,695x512x846x65,91.0,1005.0,86.0,205.66399999999987,5.69934720993042,bmm
,713,713x418x785x196,87.2,1005.0,86.0,203.12712,10.943660926818847,bmm
,704,704x486x709x151,90.0,1005.0,86.4,209.7652,9.71386890411377,bmm
,652,652x300x953x214,96.0,1005.0,87.0,220.924,9.076326751708985,bmm
,940,940x425x1013x377,99.28,811.8,87.08,226.76468000000006,27.594322967529298,bmm
,736,736x459x685x425,70.12,961.8,85.44,210.13188000000005,19.604032135009767,bmm
,695,695x324x678x355,94.24,682.2,87.28,216.7602,14.95484790802002,bmm
,525,525x396x876x734,98.36,1005.0,85.72,210.94116000000002,26.70177307128906,bmm
,715,715x391x991x971,97.12,935.4,86.72,209.53896,55.01439361572265,bmm
,870,870x455x886x890,98.72,789.0,85.76,206.32700000000008,52.157222747802734,bmm
,731,731x623x33x12,100.0,1005.0,86.0,210.832,0.5062335848808288,bmm
,799,799x833x6x16,100.0,1005.0,86.0,210.832,0.40099839568138124,bmm
,841,841x796x21x15,100.0,1005.0,86.0,210.832,0.6236159801483154,bmm
,657,657x673x22x37,100.0,1005.0,86.0,210.832,0.4281984090805054,bmm
,893,893x989x18x34,35.0,1005.0,82.0,197.11,0.7618560194969177,bmm
,1024,1024x788x29x65,35.0,1005.0,82.0,197.11,1.0326015949249268,bmm
,836,836x651x3x99,35.0,1005.0,82.0,197.11,0.5150719881057739,bmm
,862,862x981x27x68,35.0,1005.0,82.0,197.11,1.0518208026885987,bmm
,770,770x936x23x87,35.0,1005.0,82.0,197.11,0.8665087819099426,bmm
,657,657x798x18x161,50.0,1005.0,81.0,165.482,1.1329344272613526,bmm
,581,581x758x20x164,50.0,1005.0,81.0,165.482,0.9406272172927856,bmm
,669,669x516x8x155,50.0,1005.0,81.0,165.482,0.5322559952735901,bmm
,640,640x620x33x423,50.0,1005.0,81.0,165.482,2.2968320846557617,bmm
,1016,1016x928x1x385,73.0,1005.0,80.0,134.31300000000007,1.9691519737243652,bmm
,729,729x886x8x365,73.0,1005.0,80.0,134.31300000000007,1.1986047983169557,bmm
,911,911x904x26x734,96.0,1005.0,80.0,145.81300000000007,5.4024128913879395,bmm
,953,953x699x28x741,96.0,1005.0,80.0,145.81300000000007,4.272947120666504,bmm
,784,784x695x8x828,98.0,1005.0,85.0,184.9859999999999,2.3411839962005616,bmm
,608,608x690x49x15,98.0,1005.0,85.0,184.9859999999999,0.6207488179206848,bmm
,711,711x827x56x9,98.0,1005.0,85.0,184.9859999999999,0.826367974281311,bmm
,890,890x927x53x11,98.0,1005.0,85.0,184.9859999999999,1.1919232130050659,bmm
,832,832x638x57x64,98.0,1005.0,85.0,184.9859999999999,0.7905151963233947,bmm
,872,872x526x41x40,48.0,1005.0,83.0,186.60399999999998,0.6762112140655517,bmm
,633,633x1008x42x62,48.0,1005.0,83.0,186.60399999999998,1.0100480318069458,bmm
,870,870x882x52x74,48.0,1005.0,83.0,186.60399999999998,1.3760511875152588,bmm
,542,542x689x46x122,48.0,1005.0,83.0,186.60399999999998,0.7923455953598022,bmm
,778,778x672x53x93,48.0,1005.0,83.0,186.60399999999998,1.064140796661377,bmm
,910,910x861x33x141,50.0,1005.0,82.0,171.90999999999997,1.9992575645446777,bmm
,728,728x663x46x213,50.0,1005.0,82.0,171.90999999999997,1.3522944450378418,bmm
,608,608x856x35x252,50.0,1005.0,82.0,171.90999999999997,1.1917184114456176,bmm
,739,739x644x35x375,54.2,1005.0,81.4,161.44899999999996,2.4219648838043213,bmm
,994,994x768x51x406,57.0,1005.0,81.0,154.47499999999994,4.042943859100342,bmm
,518,518x1018x38x386,57.0,1005.0,81.0,154.47499999999994,2.2959616661071776,bmm
,817,817x797x47x516,68.0,1005.0,85.0,172.23899999999998,4.3822784423828125,bmm
,875,875x813x43x765,85.48,1005.0,84.24,182.16536000000008,5.6589888572692875,bmm
,855,855x921x40x814,91.16,1005.0,84.48,187.62464000000003,6.399775981903076,bmm
,900,900x645x75x5,92.0,1005.0,87.0,199.829,1.197804832458496,bmm
,727,727x546x76x21,92.0,1005.0,87.0,199.829,0.8189951777458191,bmm
,643,643x793x100x1,92.0,1005.0,87.0,199.829,0.2541247963905334,bmm
,998,998x914x102x41,92.0,1005.0,87.0,199.829,2.205228805541992,bmm
,526,526x853x112x39,80.48,1005.0,84.12,199.30000000000007,1.0857920169830322,bmm
,771,771x975x129x44,80.0,1005.0,84.0,199.30000000000007,2.187775993347168,bmm
,728,728x574x89x127,80.0,1005.0,84.0,199.30000000000007,1.2758464097976685,bmm
,870,870x941x123x93,80.0,1005.0,84.0,199.30000000000007,2.344748830795288,bmm
,992,992x889x100x78,89.0,1005.0,84.0,191.7489999999999,1.9271680116653442,bmm
,767,767x846x94x199,89.0,1005.0,84.0,191.7489999999999,2.9875648975372315,bmm
,878,878x895x129x191,88.6,1005.0,84.2,189.54739999999995,4.338483142852783,bmm
,589,589x868x101x257,87.0,1005.0,85.0,180.741,3.4242560863494873,bmm
,803,803x532x113x423,87.0,1005.0,85.0,180.741,5.041152000427246,bmm
,801,801x732x125x368,91.0,1005.0,86.0,194.393,4.827743816375732,bmm
,1009,1009x627x90x268,91.0,1005.0,86.0,194.393,3.9004158973693848,bmm
,536,536x678x76x638,89.0,1005.0,86.0,210.81800000000013,3.597503995895386,bmm
,930,930x755x88x999,93.2,1005.0,84.32,203.74268000000006,10.691123008728027,bmm
,928,928x785x96x961,94.0,1005.0,85.68,211.27883999999992,13.327507400512696,bmm
,736,736x830x204x21,68.8,801.0,86.0,220.62859999999992,2.8618751525878907,bmm
,988,988x684x225x2,31.0,495.0,86.0,232.11499999999987,3.45882887840271,bmm
,708,708x787x255x15,31.0,495.0,86.0,232.11499999999987,3.1731200218200684,bmm
,669,669x928x253x49,90.0,1005.0,84.0,203.774,3.4373119831085206,bmm
,702,702x683x205x36,90.0,1005.0,84.0,203.774,2.225152015686035,bmm
,536,536x1006x177x34,90.0,1005.0,84.0,203.774,2.0221951007843018,bmm
,951,951x514x254x108,69.52,1005.0,83.36,187.14871999999997,3.0674943923950195,bmm
,737,737x674x155x107,58.0,1005.0,83.0,177.79699999999997,1.8237440586090088,bmm
,892,892x827x252x82,58.0,1005.0,83.0,177.79699999999997,4.014694309234619,bmm
,933,933x943x204x255,74.0,1005.0,84.0,194.07099999999994,7.8514176368713375,bmm
,532,532x542x168x251,74.0,1005.0,84.0,194.07099999999994,2.287616014480591,bmm
,636,636x643x165x148,71.12,1005.0,84.92,207.64827999999997,3.2845823764801025,bmm
,998,998x771x219x272,76.6,1005.0,85.4,209.3377999999999,11.726009941101074,bmm
,700,700x910x218x474,99.0,1005.0,87.24,213.98947999999996,12.586393928527832,bmm
,619,619x588x181x292,99.0,1005.0,88.0,214.485,4.350521659851074,bmm
,585,585x641x164x851,86.12,1005.0,84.32,222.96739999999994,10.527500915527344,bmm
,795,795x593x153x885,94.68,1005.0,84.88,221.81915999999993,11.429266929626465,bmm
,564,564x1024x142x988,99.0,240.0,84.0,216.89,13.504249572753906,bmm
,825,825x638x491x7,100.0,1005.0,91.0,235.02499999999992,5.029055881500244,bmm
,743,743x646x269x14,100.0,1005.0,91.0,235.02499999999992,3.0338751792907717,bmm
,732,732x634x401x8,83.68,1005.0,84.56,206.41700000000003,3.6710400581359863,bmm
,630,630x882x449x58,83.0,1005.0,84.0,205.22500000000002,4.9166335105896,bmm
,1017,1017x729x322x59,64.44,1005.0,84.0,198.72516000000005,4.955295848846435,bmm
,676,676x769x429x46,54.0,1005.0,84.0,195.06900000000005,5.001606369018555,bmm
,980,980x869x284x102,56.56,1005.0,84.0,199.43635999999998,4.920902347564697,bmm
,617,617x542x472x120,58.0,1005.0,84.0,201.893,3.5845760345458983,bmm
,725,725x887x343x79,58.0,1005.0,84.0,201.893,4.304895877838135,bmm
,662,662x826x339x234,90.0,1005.0,86.0,211.84599999999992,7.903584003448486,bmm
,638,638x1017x355x225,55.0,1005.0,84.0,214.375,9.08062686920166,bmm
,889,889x902x449x178,86.08,1005.0,85.68,218.73123999999996,15.826688194274903,bmm
,733,733x723x498x508,69.96,951.0,86.8,229.8155600000001,21.604524993896483,bmm
,943,943x764x511x449,99.36,805.2,86.52,207.63631999999996,28.193145751953125,bmm
,790,790x979x466x337,99.6,976.2,87.8,217.37167999999994,21.85850830078125,bmm
,819,819x988x448x829,88.36,570.0,85.6,205.65771999999993,50.18521575927734,bmm
,874,874x904x407x987,99.64,674.4,85.84,207.20459999999994,56.59095001220703,bmm
,623,623x942x319x746,99.6,901.8,86.96,208.2781600000001,23.634880447387694,bmm
,913,913x989x601x23,87.2,772.8,85.72,209.82064000000008,10.81978244781494,bmm
,609,609x625x628x12,80.0,1005.0,85.0,206.76100000000008,4.751359939575195,bmm
,838,838x853x527x13,98.0,1005.0,85.0,196.0380000000001,7.538835334777832,bmm
,1019,1019x942x830x42,98.92,1005.0,84.08,202.78896000000012,16.37885398864746,bmm
,555,555x997x869x64,78.0,1005.0,84.0,222.78099999999998,9.444761848449707,bmm
,553,553x831x567x59,69.64,1005.0,84.44,223.5382400000001,5.409791946411133,bmm
,790,790x956x764x85,67.0,1005.0,85.4,223.93060000000008,11.82679042816162,bmm
,582,582x583x746x68,99.0,1005.0,87.0,221.6450000000001,5.353664207458496,bmm
,639,639x710x882x104,47.48,1005.0,84.24,216.92631999999995,8.241472053527833,bmm
,518,518x816x556x147,62.2,1005.0,84.8,220.7148,9.891372680664062,bmm
,824,824x875x936x175,93.4,978.0,86.48,220.75920000000008,25.972531509399413,bmm
,836,836x955x718x244,65.48,862.2,85.4,210.60548000000006,23.362355422973632,bmm
,737,737x860x567x352,98.32,766.8,86.16,209.95308000000006,21.321081161499023,bmm
,813,813x776x658x286,98.48,960.6,85.56,208.36831999999998,27.438028717041014,bmm
,793,793x788x776x399,97.0,756.0,86.28,209.00068000000002,41.47425231933594,bmm
,849,849x670x772x826,95.2,844.8,85.44,210.92963999999992,67.6015625,bmm
,938,938x623x897x688,98.24,754.2,86.52,209.50475999999992,61.865990447998044,bmm
,568,568x699x684x1012,97.76,762.6,86.04,210.11319999999992,45.637376403808595,bmm
