gpu_type,coolant_type,coolant_key,time,gpu_power,z,initial_temperature,coolant_density,temperature,source_file
2060s,2100A,Novec_2100A,1.057,19.6,0.0,50.5,1601.0,51.0,2060s_2100A.txt
2060s,2100A,Novec_2100A,2.152,19.6,0.0,50.5,1601.0,51.5,2060s_2100A.txt
2060s,2100A,Novec_2100A,3.2560000000000002,20.0,0.0,50.5,1601.0,51.9,2060s_2100A.txt
2060s,2100A,Novec_2100A,4.36,11.8,0.0,50.5,1601.0,50.3,2060s_2100A.txt
2060s,2100A,Novec_2100A,5.45,10.1,0.0,50.5,1601.0,46.7,2060s_2100A.txt
2060s,2100A,Novec_2100A,6.554,10.0,0.0,50.5,1601.0,45.2,2060s_2100A.txt
2060s,2100A,Novec_2100A,7.645,9.6,0.0,50.5,1601.0,44.3,2060s_2100A.txt
2060s,2100A,Novec_2100A,8.749,10.3,0.0,50.5,1601.0,43.8,2060s_2100A.txt
2060s,2100A,Novec_2100A,9.852,10.0,0.0,50.5,1601.0,43.5,2060s_2100A.txt
2060s,2100A,Novec_2100A,10.935,10.2,0.0,50.5,1601.0,43.2,2060s_2100A.txt
2060s,2100A,Novec_2100A,12.041,10.8,0.0,50.5,1601.0,42.7,2060s_2100A.txt
2060s,2100A,Novec_2100A,13.131,12.6,0.0,50.5,1601.0,43.2,2060s_2100A.txt
2060s,2100A,Novec_2100A,14.21,13.9,0.0,50.5,1601.0,44.7,2060s_2100A.txt
2060s,2100A,Novec_2100A,1.114,9.3,0.0,45.5,1601.0,43.7,2060s_2100A.txt
2060s,2100A,Novec_2100A,2.209,9.7,0.0,45.5,1601.0,42.8,2060s_2100A.txt
2060s,2100A,Novec_2100A,3.423,9.4,0.0,45.5,1601.0,42.3,2060s_2100A.txt
2060s,2100A,Novec_2100A,4.5,9.6,0.0,45.5,1601.0,42.0,2060s_2100A.txt
2060s,2100A,Novec_2100A,5.58,10.2,0.0,45.5,1601.0,41.8,2060s_2100A.txt
2060s,2100A,Novec_2100A,6.671,10.1,0.0,45.5,1601.0,41.8,2060s_2100A.txt
2060s,2100A,Novec_2100A,7.79,9.3,0.0,45.5,1601.0,41.5,2060s_2100A.txt
2060s,2100A,Novec_2100A,8.899000000000001,10.0,0.0,45.5,1601.0,41.4,2060s_2100A.txt
2060s,2100A,Novec_2100A,9.972,10.2,0.0,45.5,1601.0,41.5,2060s_2100A.txt
2060s,2100A,Novec_2100A,11.162,9.8,0.0,45.5,1601.0,41.4,2060s_2100A.txt
2060s,2100A,Novec_2100A,12.267,9.6,0.0,45.5,1601.0,41.2,2060s_2100A.txt
2060s,2100A,Novec_2100A,13.364,10.2,0.0,45.5,1601.0,41.6,2060s_2100A.txt
2060s,2100A,Novec_2100A,14.458,19.4,0.0,45.5,1601.0,46.3,2060s_2100A.txt
2060s,2100A,Novec_2100A,1.069,9.8,0.0,46.7,1601.0,44.0,2060s_2100A.txt
2060s,2100A,Novec_2100A,2.162,9.4,0.0,46.7,1601.0,43.0,2060s_2100A.txt
2060s,2100A,Novec_2100A,3.246,9.9,0.0,46.7,1601.0,42.5,2060s_2100A.txt
2060s,2100A,Novec_2100A,4.339,9.4,0.0,46.7,1601.0,41.8,2060s_2100A.txt
2060s,2100A,Novec_2100A,5.44,9.4,0.0,46.7,1601.0,41.7,2060s_2100A.txt
2060s,2100A,Novec_2100A,6.545,10.0,0.0,46.7,1601.0,41.4,2060s_2100A.txt
2060s,2100A,Novec_2100A,7.75,9.1,0.0,46.7,1601.0,41.0,2060s_2100A.txt
2060s,2100A,Novec_2100A,8.829,18.0,0.0,46.7,1601.0,45.4,2060s_2100A.txt
2060s,2100A,Novec_2100A,9.967,18.6,0.0,46.7,1601.0,47.8,2060s_2100A.txt
2060s,2100A,Novec_2100A,11.135,19.5,0.0,46.7,1601.0,49.1,2060s_2100A.txt
2060s,2100A,Novec_2100A,12.265,9.4,0.0,46.7,1601.0,45.1,2060s_2100A.txt
2060s,2100A,Novec_2100A,13.564,10.5,0.0,46.7,1601.0,43.7,2060s_2100A.txt
2060s,2100A,Novec_2100A,1.1,11.5,0.0,43.0,1601.0,43.1,2060s_2100A.txt
2060s,2100A,Novec_2100A,2.213,9.7,0.0,43.0,1601.0,42.7,2060s_2100A.txt
2060s,2100A,Novec_2100A,3.291,9.7,0.0,43.0,1601.0,42.6,2060s_2100A.txt
2060s,2100A,Novec_2100A,4.383,13.2,0.0,43.0,1601.0,42.9,2060s_2100A.txt
2060s,2100A,Novec_2100A,5.493,12.1,0.0,43.0,1601.0,43.3,2060s_2100A.txt
2060s,2100A,Novec_2100A,6.605,9.6,0.0,43.0,1601.0,42.2,2060s_2100A.txt
2060s,2100A,Novec_2100A,7.68,9.8,0.0,43.0,1601.0,41.6,2060s_2100A.txt
2060s,2100A,Novec_2100A,8.781,9.9,0.0,43.0,1601.0,41.6,2060s_2100A.txt
2060s,2100A,Novec_2100A,9.892,9.7,0.0,43.0,1601.0,41.4,2060s_2100A.txt
2060s,2100A,Novec_2100A,10.978,9.2,0.0,43.0,1601.0,41.0,2060s_2100A.txt
2060s,2100A,Novec_2100A,12.095,9.5,0.0,43.0,1601.0,40.9,2060s_2100A.txt
2060s,2100A,Novec_2100A,13.164,11.3,0.0,43.0,1601.0,41.1,2060s_2100A.txt
2060s,2100A,Novec_2100A,14.285,9.7,0.0,43.0,1601.0,41.0,2060s_2100A.txt
2060s,2100A,Novec_2100A,1.105,9.4,0.0,40.9,1601.0,40.8,2060s_2100A.txt
2060s,2100A,Novec_2100A,2.205,18.0,0.0,40.9,1601.0,44.9,2060s_2100A.txt
2060s,2100A,Novec_2100A,3.329,19.9,0.0,40.9,1601.0,47.6,2060s_2100A.txt
2060s,2100A,Novec_2100A,4.406,19.5,0.0,40.9,1601.0,49.1,2060s_2100A.txt
2060s,2100A,Novec_2100A,5.518,11.8,0.0,40.9,1601.0,47.8,2060s_2100A.txt
2060s,2100A,Novec_2100A,6.615,10.8,0.0,40.9,1601.0,45.8,2060s_2100A.txt
2060s,2100A,Novec_2100A,7.7,10.0,0.0,40.9,1601.0,44.2,2060s_2100A.txt
2060s,2100A,Novec_2100A,8.8,12.9,0.0,40.9,1601.0,44.2,2060s_2100A.txt
2060s,2100A,Novec_2100A,9.89,16.0,0.0,40.9,1601.0,44.5,2060s_2100A.txt
2060s,2100A,Novec_2100A,10.988,19.6,0.0,40.9,1601.0,46.5,2060s_2100A.txt
2060s,2100A,Novec_2100A,12.061,14.0,0.0,40.9,1601.0,46.3,2060s_2100A.txt
2060s,2100A,Novec_2100A,13.183,10.8,0.0,40.9,1601.0,44.8,2060s_2100A.txt
2060s,2100A,Novec_2100A,1.137,9.6,0.0,43.3,1601.0,42.8,2060s_2100A.txt
2060s,2100A,Novec_2100A,2.348,10.5,0.0,43.3,1601.0,42.8,2060s_2100A.txt
2060s,2100A,Novec_2100A,3.435,9.7,0.0,43.3,1601.0,42.6,2060s_2100A.txt
2060s,2100A,Novec_2100A,4.543,10.0,0.0,43.3,1601.0,42.4,2060s_2100A.txt
2060s,2100A,Novec_2100A,5.734,10.6,0.0,43.3,1601.0,42.3,2060s_2100A.txt
2060s,2100A,Novec_2100A,6.9559999999999995,9.8,0.0,43.3,1601.0,42.4,2060s_2100A.txt
2060s,2100A,Novec_2100A,8.068,9.6,0.0,43.3,1601.0,41.9,2060s_2100A.txt
2060s,2100A,Novec_2100A,9.13,10.8,0.0,43.3,1601.0,42.0,2060s_2100A.txt
2060s,2100A,Novec_2100A,10.221,9.8,0.0,43.3,1601.0,41.8,2060s_2100A.txt
2060s,2100A,Novec_2100A,11.338,10.1,0.0,43.3,1601.0,42.3,2060s_2100A.txt
2060s,2100A,Novec_2100A,12.45,11.1,0.0,43.3,1601.0,41.9,2060s_2100A.txt
2060s,2100A,Novec_2100A,13.517,11.3,0.0,43.3,1601.0,41.9,2060s_2100A.txt
2060s,2100A,Novec_2100A,14.644,12.7,0.0,43.3,1601.0,42.8,2060s_2100A.txt
2060s,2100A,Novec_2100A,1.082,12.3,0.0,42.8,1601.0,42.5,2060s_2100A.txt
2060s,2100A,Novec_2100A,2.164,23.4,0.0,42.8,1601.0,46.7,2060s_2100A.txt
2060s,2100A,Novec_2100A,3.266,13.9,0.0,42.8,1601.0,47.8,2060s_2100A.txt
2060s,2100A,Novec_2100A,4.37,10.5,0.0,42.8,1601.0,46.4,2060s_2100A.txt
2060s,2100A,Novec_2100A,5.477,10.4,0.0,42.8,1601.0,44.8,2060s_2100A.txt
2060s,2100A,Novec_2100A,6.817,18.3,0.0,42.8,1601.0,46.5,2060s_2100A.txt
2060s,2100A,Novec_2100A,7.861,21.3,0.0,42.8,1601.0,49.4,2060s_2100A.txt
2060s,2100A,Novec_2100A,8.972,19.5,0.0,42.8,1601.0,50.6,2060s_2100A.txt
2060s,2100A,Novec_2100A,10.06,12.4,0.0,42.8,1601.0,47.4,2060s_2100A.txt
2060s,2100A,Novec_2100A,11.155,11.0,0.0,42.8,1601.0,45.7,2060s_2100A.txt
2060s,2100A,Novec_2100A,12.271,9.8,0.0,42.8,1601.0,44.3,2060s_2100A.txt
2060s,2100A,Novec_2100A,13.365,10.4,0.0,42.8,1601.0,43.8,2060s_2100A.txt
2060s,2100A,Novec_2100A,1.131,13.6,0.0,43.6,1601.0,44.7,2060s_2100A.txt
2060s,2100A,Novec_2100A,2.2359999999999998,10.7,0.0,43.6,1601.0,43.8,2060s_2100A.txt
2060s,2100A,Novec_2100A,3.3449999999999998,11.5,0.0,43.6,1601.0,43.9,2060s_2100A.txt
2060s,2100A,Novec_2100A,4.429,13.9,0.0,43.6,1601.0,44.4,2060s_2100A.txt
2060s,2100A,Novec_2100A,5.527,10.2,0.0,43.6,1601.0,44.3,2060s_2100A.txt
2060s,2100A,Novec_2100A,6.599,12.5,0.0,43.6,1601.0,44.0,2060s_2100A.txt
2060s,2100A,Novec_2100A,7.697,13.8,0.0,43.6,1601.0,44.4,2060s_2100A.txt
2060s,2100A,Novec_2100A,8.78,19.5,0.0,43.6,1601.0,48.8,2060s_2100A.txt
2060s,2100A,Novec_2100A,9.984,14.2,0.0,43.6,1601.0,49.0,2060s_2100A.txt
2060s,2100A,Novec_2100A,11.085,10.8,0.0,43.6,1601.0,46.2,2060s_2100A.txt
2060s,2100A,Novec_2100A,12.343,9.6,0.0,43.6,1601.0,44.4,2060s_2100A.txt
2060s,2100A,Novec_2100A,13.453,9.3,0.0,43.6,1601.0,43.3,2060s_2100A.txt
2060s,2100A,Novec_2100A,14.52,9.4,0.0,43.6,1601.0,42.8,2060s_2100A.txt
2060s,2100A,Novec_2100A,1.089,9.4,0.0,42.7,1601.0,42.1,2060s_2100A.txt
2060s,2100A,Novec_2100A,2.199,10.2,0.0,42.7,1601.0,42.0,2060s_2100A.txt
2060s,2100A,Novec_2100A,3.285,10.4,0.0,42.7,1601.0,41.9,2060s_2100A.txt
2060s,2100A,Novec_2100A,4.385,10.3,0.0,42.7,1601.0,42.0,2060s_2100A.txt
2060s,2100A,Novec_2100A,5.487,10.0,0.0,42.7,1601.0,41.8,2060s_2100A.txt
2060s,2100A,Novec_2100A,6.609,9.9,0.0,42.7,1601.0,41.6,2060s_2100A.txt
2060s,2100A,Novec_2100A,7.697,11.0,0.0,42.7,1601.0,41.8,2060s_2100A.txt
2060s,2100A,Novec_2100A,8.797,9.6,0.0,42.7,1601.0,42.0,2060s_2100A.txt
2060s,2100A,Novec_2100A,10.011,9.7,0.0,42.7,1601.0,41.8,2060s_2100A.txt
2060s,2100A,Novec_2100A,11.15,9.6,0.0,42.7,1601.0,41.6,2060s_2100A.txt
2060s,2100A,Novec_2100A,12.233,11.4,0.0,42.7,1601.0,41.9,2060s_2100A.txt
2060s,2100A,Novec_2100A,13.329,10.1,0.0,42.7,1601.0,41.9,2060s_2100A.txt
2060s,2100A,Novec_2100A,1.099,11.1,0.0,41.8,1601.0,41.8,2060s_2100A.txt
2060s,2100A,Novec_2100A,2.181,16.7,0.0,41.8,1601.0,45.2,2060s_2100A.txt
2060s,2100A,Novec_2100A,3.282,13.9,0.0,41.8,1601.0,45.3,2060s_2100A.txt
2060s,2100A,Novec_2100A,4.39,10.0,0.0,41.8,1601.0,43.9,2060s_2100A.txt
2060s,2100A,Novec_2100A,5.524,9.5,0.0,41.8,1601.0,42.8,2060s_2100A.txt
2060s,2100A,Novec_2100A,6.844,9.4,0.0,41.8,1601.0,42.1,2060s_2100A.txt
2060s,2100A,Novec_2100A,7.948,10.0,0.0,41.8,1601.0,42.1,2060s_2100A.txt
2060s,2100A,Novec_2100A,9.045,9.3,0.0,41.8,1601.0,41.5,2060s_2100A.txt
2060s,2100A,Novec_2100A,10.139,9.2,0.0,41.8,1601.0,41.5,2060s_2100A.txt
2060s,2100A,Novec_2100A,11.248,10.7,0.0,41.8,1601.0,41.6,2060s_2100A.txt
2060s,2100A,Novec_2100A,12.375,11.0,0.0,41.8,1601.0,41.8,2060s_2100A.txt
2060s,2100A,Novec_2100A,13.624,9.8,0.0,41.8,1601.0,41.5,2060s_2100A.txt
2060s,2100A,Novec_2100A,1.1400000000000001,10.2,0.0,41.5,1601.0,41.6,2060s_2100A.txt
2060s,2100A,Novec_2100A,2.207,10.0,0.0,41.5,1601.0,41.9,2060s_2100A.txt
2060s,2100A,Novec_2100A,3.328,10.1,0.0,41.5,1601.0,41.7,2060s_2100A.txt
2060s,2100A,Novec_2100A,4.436,10.3,0.0,41.5,1601.0,41.6,2060s_2100A.txt
2060s,2100A,Novec_2100A,5.496,12.1,0.0,41.5,1601.0,41.8,2060s_2100A.txt
2060s,2100A,Novec_2100A,6.586,9.8,0.0,41.5,1601.0,42.1,2060s_2100A.txt
2060s,2100A,Novec_2100A,7.684,10.3,0.0,41.5,1601.0,41.8,2060s_2100A.txt
2060s,2100A,Novec_2100A,8.797,11.0,0.0,41.5,1601.0,42.0,2060s_2100A.txt
2060s,2100A,Novec_2100A,9.88,13.1,0.0,41.5,1601.0,42.5,2060s_2100A.txt
2060s,2100A,Novec_2100A,10.979,13.8,0.0,41.5,1601.0,45.1,2060s_2100A.txt
2060s,2100A,Novec_2100A,12.08,10.4,0.0,41.5,1601.0,44.5,2060s_2100A.txt
2060s,2100A,Novec_2100A,13.317,9.7,0.0,41.5,1601.0,43.1,2060s_2100A.txt
2060s,2100A,Novec_2100A,14.423,9.7,0.0,41.5,1601.0,42.4,2060s_2100A.txt
2060s,2100A,Novec_2100A,1.092,11.4,0.0,42.2,1601.0,42.0,2060s_2100A.txt
2060s,2100A,Novec_2100A,2.197,9.6,0.0,42.2,1601.0,42.0,2060s_2100A.txt
2060s,2100A,Novec_2100A,3.298,9.6,0.0,42.2,1601.0,41.7,2060s_2100A.txt
2060s,2100A,Novec_2100A,4.389,9.8,0.0,42.2,1601.0,41.6,2060s_2100A.txt
2060s,2100A,Novec_2100A,5.462,11.8,0.0,42.2,1601.0,42.8,2060s_2100A.txt
2060s,2100A,Novec_2100A,6.587,14.3,0.0,42.2,1601.0,44.7,2060s_2100A.txt
2060s,2100A,Novec_2100A,7.6690000000000005,13.3,0.0,42.2,1601.0,44.7,2060s_2100A.txt
2060s,2100A,Novec_2100A,8.783,9.9,0.0,42.2,1601.0,43.7,2060s_2100A.txt
2060s,2100A,Novec_2100A,9.867,10.1,0.0,42.2,1601.0,43.0,2060s_2100A.txt
2060s,2100A,Novec_2100A,10.989,11.2,0.0,42.2,1601.0,43.1,2060s_2100A.txt
2060s,2100A,Novec_2100A,12.043,16.3,0.0,42.2,1601.0,44.3,2060s_2100A.txt
2060s,2100A,Novec_2100A,13.137,15.5,0.0,42.2,1601.0,46.2,2060s_2100A.txt
2060s,2100A,Novec_2100A,14.248,17.9,0.0,42.2,1601.0,47.6,2060s_2100A.txt
2060s,2100A,Novec_2100A,1.101,14.4,0.0,48.5,1601.0,47.7,2060s_2100A.txt
2060s,2100A,Novec_2100A,2.196,10.5,0.0,48.5,1601.0,46.0,2060s_2100A.txt
2060s,2100A,Novec_2100A,3.325,9.8,0.0,48.5,1601.0,44.6,2060s_2100A.txt
2060s,2100A,Novec_2100A,4.419,12.4,0.0,48.5,1601.0,44.2,2060s_2100A.txt
2060s,2100A,Novec_2100A,5.546,11.5,0.0,48.5,1601.0,43.8,2060s_2100A.txt
2060s,2100A,Novec_2100A,6.701,9.9,0.0,48.5,1601.0,43.3,2060s_2100A.txt
2060s,2100A,Novec_2100A,7.806,10.7,0.0,48.5,1601.0,43.1,2060s_2100A.txt
2060s,2100A,Novec_2100A,8.869,10.7,0.0,48.5,1601.0,43.0,2060s_2100A.txt
2060s,2100A,Novec_2100A,9.971,11.0,0.0,48.5,1601.0,43.3,2060s_2100A.txt
2060s,2100A,Novec_2100A,11.1,10.3,0.0,48.5,1601.0,42.9,2060s_2100A.txt
2060s,2100A,Novec_2100A,12.173,10.8,0.0,48.5,1601.0,42.7,2060s_2100A.txt
2060s,2100A,Novec_2100A,13.252,12.8,0.0,48.5,1601.0,43.4,2060s_2100A.txt
2060s,2100A,Novec_2100A,1.096,13.1,0.0,46.2,1601.0,45.5,2060s_2100A.txt
2060s,2100A,Novec_2100A,2.195,13.8,0.0,46.2,1601.0,44.8,2060s_2100A.txt
2060s,2100A,Novec_2100A,3.287,20.6,0.0,46.2,1601.0,50.0,2060s_2100A.txt
2060s,2100A,Novec_2100A,4.381,27.8,0.0,46.2,1601.0,51.9,2060s_2100A.txt
2060s,2100A,Novec_2100A,5.466,24.4,0.0,46.2,1601.0,51.9,2060s_2100A.txt
2060s,2100A,Novec_2100A,6.582,15.6,0.0,46.2,1601.0,51.5,2060s_2100A.txt
2060s,2100A,Novec_2100A,7.68,17.8,0.0,46.2,1601.0,51.3,2060s_2100A.txt
2060s,2100A,Novec_2100A,8.782,11.2,0.0,46.2,1601.0,47.6,2060s_2100A.txt
2060s,2100A,Novec_2100A,10.0,10.1,0.0,46.2,1601.0,45.8,2060s_2100A.txt
2060s,2100A,Novec_2100A,11.172,14.9,0.0,46.2,1601.0,46.0,2060s_2100A.txt
2060s,2100A,Novec_2100A,12.276,14.7,0.0,46.2,1601.0,47.5,2060s_2100A.txt
2060s,2100A,Novec_2100A,13.382,12.4,0.0,46.2,1601.0,46.7,2060s_2100A.txt
2060s,2100A,Novec_2100A,14.479,11.0,0.0,46.2,1601.0,45.9,2060s_2100A.txt
2060s,2100A,Novec_2100A,1.071,12.5,0.0,44.8,1601.0,44.7,2060s_2100A.txt
2060s,2100A,Novec_2100A,2.189,12.0,0.0,44.8,1601.0,44.9,2060s_2100A.txt
2060s,2100A,Novec_2100A,3.268,18.7,0.0,44.8,1601.0,46.4,2060s_2100A.txt
2060s,2100A,Novec_2100A,4.357,17.6,0.0,44.8,1601.0,47.9,2060s_2100A.txt
2060s,2100A,Novec_2100A,5.451,18.5,0.0,44.8,1601.0,49.4,2060s_2100A.txt
2060s,2100A,Novec_2100A,6.536,16.3,0.0,44.8,1601.0,50.5,2060s_2100A.txt
2060s,2100A,Novec_2100A,7.648,19.7,0.0,44.8,1601.0,51.8,2060s_2100A.txt
2060s,2100A,Novec_2100A,8.769,30.5,0.0,44.8,1601.0,56.7,2060s_2100A.txt
2060s,2100A,Novec_2100A,9.942,39.5,0.0,44.8,1601.0,61.5,2060s_2100A.txt
2060s,2100A,Novec_2100A,11.044,15.1,0.0,44.8,1601.0,55.2,2060s_2100A.txt
2060s,2100A,Novec_2100A,12.148,14.3,0.0,44.8,1601.0,52.0,2060s_2100A.txt
2060s,2100A,Novec_2100A,13.279,11.1,0.0,44.8,1601.0,48.4,2060s_2100A.txt
2060s,2100A,Novec_2100A,1.073,16.7,0.0,46.9,1601.0,47.5,2060s_2100A.txt
2060s,2100A,Novec_2100A,2.156,15.4,0.0,46.9,1601.0,48.2,2060s_2100A.txt
2060s,2100A,Novec_2100A,3.269,15.8,0.0,46.9,1601.0,47.8,2060s_2100A.txt
2060s,2100A,Novec_2100A,4.374,15.2,0.0,46.9,1601.0,49.0,2060s_2100A.txt
2060s,2100A,Novec_2100A,5.49,16.5,0.0,46.9,1601.0,48.8,2060s_2100A.txt
2060s,2100A,Novec_2100A,6.576,21.7,0.0,46.9,1601.0,51.9,2060s_2100A.txt
2060s,2100A,Novec_2100A,7.674,22.0,0.0,46.9,1601.0,52.1,2060s_2100A.txt
2060s,2100A,Novec_2100A,8.9,21.7,0.0,46.9,1601.0,51.7,2060s_2100A.txt
2060s,2100A,Novec_2100A,10.126,88.5,0.0,46.9,1601.0,69.2,2060s_2100A.txt
2060s,2100A,Novec_2100A,11.2,76.2,0.0,46.9,1601.0,68.6,2060s_2100A.txt
2060s,2100A,Novec_2100A,12.295,71.8,0.0,46.9,1601.0,71.4,2060s_2100A.txt
2060s,2100A,Novec_2100A,13.398,134.9,0.0,46.9,1601.0,76.0,2060s_2100A.txt
2060s,2100A,Novec_2100A,0.992,30.2,0.0,65.2,1601.0,61.0,2060s_2100A.txt
2060s,2100A,Novec_2100A,2.105,14.1,0.0,65.2,1601.0,53.0,2060s_2100A.txt
2060s,2100A,Novec_2100A,3.315,9.6,0.0,65.2,1601.0,48.6,2060s_2100A.txt
2060s,2100A,Novec_2100A,4.423,10.5,0.0,65.2,1601.0,46.8,2060s_2100A.txt
2060s,2100A,Novec_2100A,5.515,9.4,0.0,65.2,1601.0,45.3,2060s_2100A.txt
2060s,2100A,Novec_2100A,6.6129999999999995,10.2,0.0,65.2,1601.0,44.6,2060s_2100A.txt
2060s,2100A,Novec_2100A,7.724,10.8,0.0,65.2,1601.0,44.2,2060s_2100A.txt
2060s,2100A,Novec_2100A,8.82,10.5,0.0,65.2,1601.0,43.8,2060s_2100A.txt
2060s,2100A,Novec_2100A,9.925,9.7,0.0,65.2,1601.0,43.2,2060s_2100A.txt
2060s,2100A,Novec_2100A,11.132,10.4,0.0,65.2,1601.0,42.9,2060s_2100A.txt
2060s,2100A,Novec_2100A,12.232,11.6,0.0,65.2,1601.0,43.1,2060s_2100A.txt
2060s,2100A,Novec_2100A,13.29,14.1,0.0,65.2,1601.0,44.4,2060s_2100A.txt
2060s,2100A,Novec_2100A,14.389,14.4,0.0,65.2,1601.0,45.6,2060s_2100A.txt
2060s,2100A,Novec_2100A,1.113,9.8,0.0,44.8,1601.0,43.7,2060s_2100A.txt
2060s,2100A,Novec_2100A,2.23,10.4,0.0,44.8,1601.0,43.5,2060s_2100A.txt
2060s,2100A,Novec_2100A,3.367,10.8,0.0,44.8,1601.0,43.4,2060s_2100A.txt
2060s,2100A,Novec_2100A,4.42,17.1,0.0,44.8,1601.0,47.1,2060s_2100A.txt
2060s,2100A,Novec_2100A,5.52,14.0,0.0,44.8,1601.0,46.4,2060s_2100A.txt
2060s,2100A,Novec_2100A,6.615,13.8,0.0,44.8,1601.0,46.6,2060s_2100A.txt
2060s,2100A,Novec_2100A,7.731,10.7,0.0,44.8,1601.0,45.0,2060s_2100A.txt
2060s,2100A,Novec_2100A,8.814,10.2,0.0,44.8,1601.0,44.1,2060s_2100A.txt
2060s,2100A,Novec_2100A,9.942,9.6,0.0,44.8,1601.0,43.4,2060s_2100A.txt
2060s,2100A,Novec_2100A,11.035,9.9,0.0,44.8,1601.0,42.9,2060s_2100A.txt
2060s,2100A,Novec_2100A,12.136,10.7,0.0,44.8,1601.0,42.8,2060s_2100A.txt
2060s,2100A,Novec_2100A,13.222,10.4,0.0,44.8,1601.0,42.7,2060s_2100A.txt
2060s,2100A,Novec_2100A,14.302,10.2,0.0,44.8,1601.0,42.9,2060s_2100A.txt
2060s,2100A,Novec_2100A,1.188,11.0,0.0,42.8,1601.0,42.5,2060s_2100A.txt
2060s,2100A,Novec_2100A,2.306,13.1,0.0,42.8,1601.0,43.0,2060s_2100A.txt
2060s,2100A,Novec_2100A,3.5380000000000003,10.0,0.0,42.8,1601.0,42.5,2060s_2100A.txt
2060s,2100A,Novec_2100A,4.633,10.5,0.0,42.8,1601.0,42.3,2060s_2100A.txt
2060s,2100A,Novec_2100A,5.726,12.4,0.0,42.8,1601.0,42.8,2060s_2100A.txt
2060s,2100A,Novec_2100A,6.825,17.3,0.0,42.8,1601.0,44.8,2060s_2100A.txt
2060s,2100A,Novec_2100A,7.8870000000000005,16.0,0.0,42.8,1601.0,45.8,2060s_2100A.txt
2060s,2100A,Novec_2100A,8.997,18.7,0.0,42.8,1601.0,47.4,2060s_2100A.txt
2060s,2100A,Novec_2100A,10.087,18.0,0.0,42.8,1601.0,49.5,2060s_2100A.txt
2060s,2100A,Novec_2100A,11.193,14.2,0.0,42.8,1601.0,48.5,2060s_2100A.txt
2060s,2100A,Novec_2100A,12.301,14.0,0.0,42.8,1601.0,47.7,2060s_2100A.txt
2060s,2100A,Novec_2100A,13.417,10.8,0.0,42.8,1601.0,46.0,2060s_2100A.txt
2060s,2100A,Novec_2100A,1.108,10.0,0.0,44.9,1601.0,43.9,2060s_2100A.txt
2060s,2100A,Novec_2100A,2.176,10.8,0.0,44.9,1601.0,43.7,2060s_2100A.txt
2060s,2100A,Novec_2100A,3.324,11.3,0.0,44.9,1601.0,43.6,2060s_2100A.txt
2060s,2100A,Novec_2100A,4.409,9.7,0.0,44.9,1601.0,43.3,2060s_2100A.txt
2060s,2100A,Novec_2100A,5.5120000000000005,9.8,0.0,44.9,1601.0,43.1,2060s_2100A.txt
2060s,2100A,Novec_2100A,6.592,11.1,0.0,44.9,1601.0,43.3,2060s_2100A.txt
2060s,2100A,Novec_2100A,7.691,13.3,0.0,44.9,1601.0,43.5,2060s_2100A.txt
2060s,2100A,Novec_2100A,8.850999999999999,16.2,0.0,44.9,1601.0,44.3,2060s_2100A.txt
2060s,2100A,Novec_2100A,9.889,15.3,0.0,44.9,1601.0,45.9,2060s_2100A.txt
2060s,2100A,Novec_2100A,10.975,17.2,0.0,44.9,1601.0,46.7,2060s_2100A.txt
2060s,2100A,Novec_2100A,12.175,15.7,0.0,44.9,1601.0,48.9,2060s_2100A.txt
2060s,2100A,Novec_2100A,13.268,19.8,0.0,44.9,1601.0,50.4,2060s_2100A.txt
2060s,2100A,Novec_2100A,14.384,29.6,0.0,44.9,1601.0,53.5,2060s_2100A.txt
2060s,2100A,Novec_2100A,1.085,15.0,0.0,52.4,1601.0,51.0,2060s_2100A.txt
2060s,2100A,Novec_2100A,2.199,11.8,0.0,52.4,1601.0,47.9,2060s_2100A.txt
2060s,2100A,Novec_2100A,3.304,10.6,0.0,52.4,1601.0,45.9,2060s_2100A.txt
2060s,2100A,Novec_2100A,4.442,11.5,0.0,52.4,1601.0,45.5,2060s_2100A.txt
2060s,2100A,Novec_2100A,5.665,9.8,0.0,52.4,1601.0,44.7,2060s_2100A.txt
2060s,2100A,Novec_2100A,6.754,10.6,0.0,52.4,1601.0,44.3,2060s_2100A.txt
2060s,2100A,Novec_2100A,7.958,11.0,0.0,52.4,1601.0,44.0,2060s_2100A.txt
2060s,2100A,Novec_2100A,9.041,18.2,0.0,52.4,1601.0,46.2,2060s_2100A.txt
2060s,2100A,Novec_2100A,10.142,15.4,0.0,52.4,1601.0,47.2,2060s_2100A.txt
2060s,2100A,Novec_2100A,11.228,16.7,0.0,52.4,1601.0,46.8,2060s_2100A.txt
2060s,2100A,Novec_2100A,12.335,16.0,0.0,52.4,1601.0,48.4,2060s_2100A.txt
2060s,2100A,Novec_2100A,13.434,17.2,0.0,52.4,1601.0,49.4,2060s_2100A.txt
2060s,2100A,Novec_2100A,1.093,29.2,0.0,51.2,1601.0,55.0,2060s_2100A.txt
2060s,2100A,Novec_2100A,2.203,20.9,0.0,51.2,1601.0,54.2,2060s_2100A.txt
2060s,2100A,Novec_2100A,3.294,49.0,0.0,51.2,1601.0,60.6,2060s_2100A.txt
2060s,2100A,Novec_2100A,4.399,39.1,0.0,51.2,1601.0,61.6,2060s_2100A.txt
2060s,2100A,Novec_2100A,5.511,32.8,0.0,51.2,1601.0,58.8,2060s_2100A.txt
2060s,2100A,Novec_2100A,6.736,14.3,0.0,51.2,1601.0,52.1,2060s_2100A.txt
2060s,2100A,Novec_2100A,7.9190000000000005,12.3,0.0,51.2,1601.0,48.5,2060s_2100A.txt
2060s,2100A,Novec_2100A,9.025,12.7,0.0,51.2,1601.0,47.4,2060s_2100A.txt
2060s,2100A,Novec_2100A,10.114,15.1,0.0,51.2,1601.0,47.9,2060s_2100A.txt
2060s,2100A,Novec_2100A,11.238,16.6,0.0,51.2,1601.0,48.8,2060s_2100A.txt
2060s,2100A,Novec_2100A,12.333,21.6,0.0,51.2,1601.0,51.1,2060s_2100A.txt
2060s,2100A,Novec_2100A,13.425,17.0,0.0,51.2,1601.0,50.6,2060s_2100A.txt
2060s,2100A,Novec_2100A,1.107,33.0,0.0,51.0,1601.0,54.2,2060s_2100A.txt
2060s,2100A,Novec_2100A,2.187,28.8,0.0,51.0,1601.0,55.1,2060s_2100A.txt
2060s,2100A,Novec_2100A,3.296,34.5,0.0,51.0,1601.0,57.2,2060s_2100A.txt
2060s,2100A,Novec_2100A,4.394,117.0,0.0,51.0,1601.0,71.8,2060s_2100A.txt
2060s,2100A,Novec_2100A,5.4879999999999995,105.6,0.0,51.0,1601.0,70.0,2060s_2100A.txt
2060s,2100A,Novec_2100A,6.584,47.6,0.0,51.0,1601.0,66.3,2060s_2100A.txt
2060s,2100A,Novec_2100A,7.791,91.8,0.0,51.0,1601.0,76.0,2060s_2100A.txt
2060s,2100A,Novec_2100A,8.99,43.5,0.0,51.0,1601.0,65.8,2060s_2100A.txt
2060s,2100A,Novec_2100A,10.057,19.1,0.0,51.0,1601.0,60.3,2060s_2100A.txt
2060s,2100A,Novec_2100A,11.22,14.9,0.0,51.0,1601.0,54.0,2060s_2100A.txt
2060s,2100A,Novec_2100A,12.314,17.5,0.0,51.0,1601.0,52.3,2060s_2100A.txt
2060s,2100A,Novec_2100A,13.436,22.2,0.0,51.0,1601.0,52.8,2060s_2100A.txt
2060s,2100A,Novec_2100A,14.628,25.8,0.0,51.0,1601.0,54.4,2060s_2100A.txt
2060s,2100A,Novec_2100A,1.108,20.8,0.0,56.8,1601.0,54.5,2060s_2100A.txt
2060s,2100A,Novec_2100A,2.212,27.6,0.0,56.8,1601.0,55.1,2060s_2100A.txt
2060s,2100A,Novec_2100A,3.298,71.4,0.0,56.8,1601.0,64.5,2060s_2100A.txt
2060s,2100A,Novec_2100A,4.404,85.2,0.0,56.8,1601.0,67.4,2060s_2100A.txt
2060s,2100A,Novec_2100A,5.499,65.0,0.0,56.8,1601.0,70.7,2060s_2100A.txt
2060s,2100A,Novec_2100A,6.602,127.0,0.0,56.8,1601.0,76.2,2060s_2100A.txt
2060s,2100A,Novec_2100A,7.696,99.1,0.0,56.8,1601.0,73.2,2060s_2100A.txt
2060s,2100A,Novec_2100A,8.804,69.6,0.0,56.8,1601.0,73.8,2060s_2100A.txt
2060s,2100A,Novec_2100A,9.916,106.4,0.0,56.8,1601.0,77.0,2060s_2100A.txt
2060s,2100A,Novec_2100A,11.077,90.8,0.0,56.8,1601.0,78.9,2060s_2100A.txt
2060s,2100A,Novec_2100A,12.108,123.8,0.0,56.8,1601.0,83.0,2060s_2100A.txt
2060s,2100A,Novec_2100A,13.225,39.8,0.0,56.8,1601.0,65.9,2060s_2100A.txt
2060s,2100A,Novec_2100A,1.188,12.1,0.0,58.3,1601.0,51.4,2060s_2100A.txt
2060s,2100A,Novec_2100A,2.302,10.5,0.0,58.3,1601.0,48.6,2060s_2100A.txt
2060s,2100A,Novec_2100A,3.425,12.3,0.0,58.3,1601.0,47.4,2060s_2100A.txt
2060s,2100A,Novec_2100A,4.5120000000000005,10.2,0.0,58.3,1601.0,46.1,2060s_2100A.txt
2060s,2100A,Novec_2100A,5.75,10.3,0.0,58.3,1601.0,45.1,2060s_2100A.txt
2060s,2100A,Novec_2100A,6.818,10.9,0.0,58.3,1601.0,44.8,2060s_2100A.txt
2060s,2100A,Novec_2100A,7.926,9.7,0.0,58.3,1601.0,44.5,2060s_2100A.txt
2060s,2100A,Novec_2100A,9.023,10.1,0.0,58.3,1601.0,44.2,2060s_2100A.txt
2060s,2100A,Novec_2100A,10.137,10.6,0.0,58.3,1601.0,43.8,2060s_2100A.txt
2060s,2100A,Novec_2100A,11.23,11.2,0.0,58.3,1601.0,44.2,2060s_2100A.txt
2060s,2100A,Novec_2100A,12.313,14.3,0.0,58.3,1601.0,46.1,2060s_2100A.txt
2060s,2100A,Novec_2100A,13.41,16.2,0.0,58.3,1601.0,47.4,2060s_2100A.txt
2060s,2100A,Novec_2100A,14.504,19.7,0.0,58.3,1601.0,48.5,2060s_2100A.txt
2060s,2100A,Novec_2100A,1.1219999999999999,19.2,0.0,48.5,1601.0,49.3,2060s_2100A.txt
2060s,2100A,Novec_2100A,2.227,19.6,0.0,48.5,1601.0,52.1,2060s_2100A.txt
2060s,2100A,Novec_2100A,3.336,20.4,0.0,48.5,1601.0,51.8,2060s_2100A.txt
2060s,2100A,Novec_2100A,4.423,14.0,0.0,48.5,1601.0,49.1,2060s_2100A.txt
2060s,2100A,Novec_2100A,5.505,14.6,0.0,48.5,1601.0,48.8,2060s_2100A.txt
2060s,2100A,Novec_2100A,6.603,11.7,0.0,48.5,1601.0,47.2,2060s_2100A.txt
2060s,2100A,Novec_2100A,7.7,10.1,0.0,48.5,1601.0,45.6,2060s_2100A.txt
2060s,2100A,Novec_2100A,8.832,10.7,0.0,48.5,1601.0,44.8,2060s_2100A.txt
2060s,2100A,Novec_2100A,9.921,11.3,0.0,48.5,1601.0,44.6,2060s_2100A.txt
2060s,2100A,Novec_2100A,11.023,11.6,0.0,48.5,1601.0,45.1,2060s_2100A.txt
2060s,2100A,Novec_2100A,12.149,10.4,0.0,48.5,1601.0,44.2,2060s_2100A.txt
2060s,2100A,Novec_2100A,13.262,12.2,0.0,48.5,1601.0,44.1,2060s_2100A.txt
2060s,2100A,Novec_2100A,1.07,17.6,0.0,44.7,1601.0,46.7,2060s_2100A.txt
2060s,2100A,Novec_2100A,2.174,18.0,0.0,44.7,1601.0,47.5,2060s_2100A.txt
2060s,2100A,Novec_2100A,3.276,20.3,0.0,44.7,1601.0,49.6,2060s_2100A.txt
2060s,2100A,Novec_2100A,4.375,16.7,0.0,44.7,1601.0,50.3,2060s_2100A.txt
2060s,2100A,Novec_2100A,5.474,23.3,0.0,44.7,1601.0,51.8,2060s_2100A.txt
2060s,2100A,Novec_2100A,6.672,61.0,0.0,44.7,1601.0,58.7,2060s_2100A.txt
2060s,2100A,Novec_2100A,7.877,38.4,0.0,44.7,1601.0,59.3,2060s_2100A.txt
2060s,2100A,Novec_2100A,9.09,17.8,0.0,44.7,1601.0,53.5,2060s_2100A.txt
2060s,2100A,Novec_2100A,10.28,15.2,0.0,44.7,1601.0,50.8,2060s_2100A.txt
2060s,2100A,Novec_2100A,11.374,15.3,0.0,44.7,1601.0,49.0,2060s_2100A.txt
2060s,2100A,Novec_2100A,12.489,10.1,0.0,44.7,1601.0,47.0,2060s_2100A.txt
2060s,2100A,Novec_2100A,13.7,10.1,0.0,44.7,1601.0,45.8,2060s_2100A.txt
2060s,2100A,Novec_2100A,1.231,13.3,0.0,45.5,1601.0,45.8,2060s_2100A.txt
2060s,2100A,Novec_2100A,2.328,14.7,0.0,45.5,1601.0,48.1,2060s_2100A.txt
2060s,2100A,Novec_2100A,3.43,20.6,0.0,45.5,1601.0,50.4,2060s_2100A.txt
2060s,2100A,Novec_2100A,4.535,15.6,0.0,45.5,1601.0,50.0,2060s_2100A.txt
2060s,2100A,Novec_2100A,5.639,21.7,0.0,45.5,1601.0,50.3,2060s_2100A.txt
2060s,2100A,Novec_2100A,6.7379999999999995,24.9,0.0,45.5,1601.0,52.2,2060s_2100A.txt
2060s,2100A,Novec_2100A,7.84,25.3,0.0,45.5,1601.0,53.4,2060s_2100A.txt
2060s,2100A,Novec_2100A,8.945,20.5,0.0,45.5,1601.0,53.3,2060s_2100A.txt
2060s,2100A,Novec_2100A,10.049,60.7,0.0,45.5,1601.0,60.2,2060s_2100A.txt
2060s,2100A,Novec_2100A,11.259,38.9,0.0,45.5,1601.0,61.0,2060s_2100A.txt
2060s,2100A,Novec_2100A,12.346,19.7,0.0,45.5,1601.0,57.3,2060s_2100A.txt
2060s,2100A,Novec_2100A,13.469,14.7,0.0,45.5,1601.0,52.2,2060s_2100A.txt
2060s,2100A,Novec_2100A,14.591,12.3,0.0,45.5,1601.0,50.0,2060s_2100A.txt
2060s,2100A,Novec_2100A,1.094,16.5,0.0,49.9,1601.0,50.6,2060s_2100A.txt
2060s,2100A,Novec_2100A,2.187,21.0,0.0,49.9,1601.0,51.2,2060s_2100A.txt
2060s,2100A,Novec_2100A,3.293,16.3,0.0,49.9,1601.0,50.8,2060s_2100A.txt
2060s,2100A,Novec_2100A,4.404,16.9,0.0,49.9,1601.0,50.8,2060s_2100A.txt
2060s,2100A,Novec_2100A,5.485,42.1,0.0,49.9,1601.0,55.4,2060s_2100A.txt
2060s,2100A,Novec_2100A,6.704,30.0,0.0,49.9,1601.0,55.2,2060s_2100A.txt
2060s,2100A,Novec_2100A,7.793,27.1,0.0,49.9,1601.0,54.2,2060s_2100A.txt
2060s,2100A,Novec_2100A,8.974,60.0,0.0,49.9,1601.0,66.7,2060s_2100A.txt
2060s,2100A,Novec_2100A,9.982,59.1,0.0,49.9,1601.0,65.9,2060s_2100A.txt
2060s,2100A,Novec_2100A,11.113,93.3,0.0,49.9,1601.0,72.8,2060s_2100A.txt
2060s,2100A,Novec_2100A,12.196,123.3,0.0,49.9,1601.0,77.8,2060s_2100A.txt
2060s,2100A,Novec_2100A,13.301,43.6,0.0,49.9,1601.0,69.5,2060s_2100A.txt
2060s,2100A,Novec_2100A,1.21,15.5,0.0,65.6,1601.0,56.6,2060s_2100A.txt
2060s,2100A,Novec_2100A,2.314,16.4,0.0,65.6,1601.0,53.6,2060s_2100A.txt
2060s,2100A,Novec_2100A,3.408,23.6,0.0,65.6,1601.0,53.2,2060s_2100A.txt
2060s,2100A,Novec_2100A,4.6,14.5,0.0,65.6,1601.0,51.4,2060s_2100A.txt
2060s,2100A,Novec_2100A,5.701,21.6,0.0,65.6,1601.0,51.9,2060s_2100A.txt
2060s,2100A,Novec_2100A,6.84,28.9,0.0,65.6,1601.0,56.2,2060s_2100A.txt
2060s,2100A,Novec_2100A,7.888,36.5,0.0,65.6,1601.0,58.3,2060s_2100A.txt
2060s,2100A,Novec_2100A,9.007,37.3,0.0,65.6,1601.0,58.5,2060s_2100A.txt
2060s,2100A,Novec_2100A,10.116,37.5,0.0,65.6,1601.0,64.3,2060s_2100A.txt
2060s,2100A,Novec_2100A,11.192,53.4,0.0,65.6,1601.0,66.8,2060s_2100A.txt
2060s,2100A,Novec_2100A,12.316,130.2,0.0,65.6,1601.0,75.4,2060s_2100A.txt
2060s,2100A,Novec_2100A,13.4,87.4,0.0,65.6,1601.0,77.5,2060s_2100A.txt
2060s,2100A,Novec_2100A,14.507,68.2,0.0,65.6,1601.0,76.7,2060s_2100A.txt
2060s,2100A,Novec_2100A,1.078,102.2,0.0,75.8,1601.0,77.7,2060s_2100A.txt
2060s,2100A,Novec_2100A,2.191,117.4,0.0,75.8,1601.0,83.5,2060s_2100A.txt
2060s,2100A,Novec_2100A,3.295,128.4,0.0,75.8,1601.0,85.4,2060s_2100A.txt
2060s,2100A,Novec_2100A,4.416,49.6,0.0,75.8,1601.0,77.1,2060s_2100A.txt
2060s,2100A,Novec_2100A,5.497,46.8,0.0,75.8,1601.0,67.4,2060s_2100A.txt
2060s,2100A,Novec_2100A,6.822,18.8,0.0,75.8,1601.0,57.8,2060s_2100A.txt
2060s,2100A,Novec_2100A,7.918,14.4,0.0,75.8,1601.0,54.5,2060s_2100A.txt
2060s,2100A,Novec_2100A,9.047,18.0,0.0,75.8,1601.0,54.0,2060s_2100A.txt
2060s,2100A,Novec_2100A,10.166,38.8,0.0,75.8,1601.0,58.9,2060s_2100A.txt
2060s,2100A,Novec_2100A,11.267,51.6,0.0,75.8,1601.0,62.8,2060s_2100A.txt
2060s,2100A,Novec_2100A,12.379,61.1,0.0,75.8,1601.0,65.2,2060s_2100A.txt
2060s,2100A,Novec_2100A,13.484,53.7,0.0,75.8,1601.0,71.5,2060s_2100A.txt
2060s,2100A,Novec_2100A,1.091,137.3,0.0,71.3,1601.0,78.1,2060s_2100A.txt
2060s,2100A,Novec_2100A,2.29,110.3,0.0,71.3,1601.0,78.1,2060s_2100A.txt
2060s,2100A,Novec_2100A,3.379,98.6,0.0,71.3,1601.0,74.8,2060s_2100A.txt
2060s,2100A,Novec_2100A,4.484,133.7,0.0,71.3,1601.0,75.8,2060s_2100A.txt
2060s,2100A,Novec_2100A,5.678,57.2,0.0,71.3,1601.0,75.6,2060s_2100A.txt
2060s,2100A,Novec_2100A,6.787,129.7,0.0,71.3,1601.0,81.3,2060s_2100A.txt
2060s,2100A,Novec_2100A,8.096,86.9,0.0,71.3,1601.0,86.2,2060s_2100A.txt
2060s,2100A,Novec_2100A,9.311,77.7,0.0,71.3,1601.0,81.6,2060s_2100A.txt
2060s,2100A,Novec_2100A,10.404,58.2,0.0,71.3,1601.0,77.6,2060s_2100A.txt
2060s,2100A,Novec_2100A,11.535,137.1,0.0,71.3,1601.0,78.7,2060s_2100A.txt
2060s,2100A,Novec_2100A,12.609,141.2,0.0,71.3,1601.0,83.3,2060s_2100A.txt
2060s,2100A,Novec_2100A,13.884,71.6,0.0,71.3,1601.0,81.3,2060s_2100A.txt
2060s,2100A,Novec_2100A,1.12,80.6,0.0,86.5,1601.0,84.3,2060s_2100A.txt
2060s,2100A,Novec_2100A,2.199,91.2,0.0,86.5,1601.0,84.8,2060s_2100A.txt
2060s,2100A,Novec_2100A,3.283,81.8,0.0,86.5,1601.0,79.6,2060s_2100A.txt
2060s,2100A,Novec_2100A,4.492,38.9,0.0,86.5,1601.0,66.3,2060s_2100A.txt
2060s,2100A,Novec_2100A,5.712,15.8,0.0,86.5,1601.0,56.8,2060s_2100A.txt
2060s,2100A,Novec_2100A,6.818,12.2,0.0,86.5,1601.0,51.8,2060s_2100A.txt
2060s,2100A,Novec_2100A,7.941,11.2,0.0,86.5,1601.0,49.1,2060s_2100A.txt
2060s,2100A,Novec_2100A,9.039,12.6,0.0,86.5,1601.0,48.2,2060s_2100A.txt
2060s,2100A,Novec_2100A,10.135,10.2,0.0,86.5,1601.0,46.8,2060s_2100A.txt
2060s,2100A,Novec_2100A,11.2,11.1,0.0,86.5,1601.0,46.5,2060s_2100A.txt
2060s,2100A,Novec_2100A,12.331,12.5,0.0,86.5,1601.0,46.3,2060s_2100A.txt
2060s,2100A,Novec_2100A,13.402,14.3,0.0,86.5,1601.0,48.5,2060s_2100A.txt
2060s,2100A,Novec_2100A,14.492,12.8,0.0,86.5,1601.0,48.5,2060s_2100A.txt
2060s,2100A,Novec_2100A,1.098,15.4,0.0,51.2,1601.0,51.0,2060s_2100A.txt
2060s,2100A,Novec_2100A,2.194,23.5,0.0,51.2,1601.0,52.5,2060s_2100A.txt
2060s,2100A,Novec_2100A,3.298,16.7,0.0,51.2,1601.0,52.7,2060s_2100A.txt
2060s,2100A,Novec_2100A,4.396,18.4,0.0,51.2,1601.0,53.0,2060s_2100A.txt
2060s,2100A,Novec_2100A,5.496,63.6,0.0,51.2,1601.0,60.2,2060s_2100A.txt
2060s,2100A,Novec_2100A,6.5969999999999995,39.7,0.0,51.2,1601.0,63.9,2060s_2100A.txt
2060s,2100A,Novec_2100A,7.718,45.2,0.0,51.2,1601.0,60.8,2060s_2100A.txt
2060s,2100A,Novec_2100A,8.806000000000001,14.5,0.0,51.2,1601.0,53.4,2060s_2100A.txt
2060s,2100A,Novec_2100A,10.006,14.8,0.0,51.2,1601.0,51.4,2060s_2100A.txt
2060s,2100A,Novec_2100A,11.112,14.2,0.0,51.2,1601.0,51.0,2060s_2100A.txt
2060s,2100A,Novec_2100A,12.205,12.5,0.0,51.2,1601.0,49.1,2060s_2100A.txt
2060s,2100A,Novec_2100A,13.311,10.9,0.0,51.2,1601.0,48.1,2060s_2100A.txt
2060s,2100A,Novec_2100A,1.108,15.5,0.0,48.8,1601.0,49.7,2060s_2100A.txt
2060s,2100A,Novec_2100A,2.203,17.2,0.0,48.8,1601.0,50.8,2060s_2100A.txt
2060s,2100A,Novec_2100A,3.288,15.7,0.0,48.8,1601.0,50.7,2060s_2100A.txt
2060s,2100A,Novec_2100A,4.389,18.0,0.0,48.8,1601.0,51.5,2060s_2100A.txt
2060s,2100A,Novec_2100A,5.578,19.2,0.0,48.8,1601.0,53.9,2060s_2100A.txt
2060s,2100A,Novec_2100A,6.59,54.4,0.0,48.8,1601.0,62.3,2060s_2100A.txt
2060s,2100A,Novec_2100A,7.683,91.8,0.0,48.8,1601.0,69.3,2060s_2100A.txt
2060s,2100A,Novec_2100A,8.778,61.6,0.0,48.8,1601.0,65.1,2060s_2100A.txt
2060s,2100A,Novec_2100A,9.881,38.6,0.0,48.8,1601.0,64.5,2060s_2100A.txt
2060s,2100A,Novec_2100A,11.005,46.8,0.0,48.8,1601.0,63.7,2060s_2100A.txt
2060s,2100A,Novec_2100A,12.184,14.2,0.0,48.8,1601.0,54.0,2060s_2100A.txt
2060s,2100A,Novec_2100A,13.288,15.8,0.0,48.8,1601.0,52.3,2060s_2100A.txt
2060s,2100A,Novec_2100A,14.38,15.9,0.0,48.8,1601.0,52.3,2060s_2100A.txt
2060s,2100A,Novec_2100A,1.081,20.0,0.0,51.2,1601.0,52.3,2060s_2100A.txt
2060s,2100A,Novec_2100A,2.187,15.4,0.0,51.2,1601.0,51.8,2060s_2100A.txt
2060s,2100A,Novec_2100A,3.278,17.5,0.0,51.2,1601.0,51.5,2060s_2100A.txt
2060s,2100A,Novec_2100A,4.371,20.0,0.0,51.2,1601.0,53.0,2060s_2100A.txt
2060s,2100A,Novec_2100A,5.463,40.3,0.0,51.2,1601.0,59.8,2060s_2100A.txt
2060s,2100A,Novec_2100A,6.646,71.0,0.0,51.2,1601.0,64.3,2060s_2100A.txt
2060s,2100A,Novec_2100A,7.6690000000000005,81.3,0.0,51.2,1601.0,69.4,2060s_2100A.txt
2060s,2100A,Novec_2100A,8.768,61.2,0.0,51.2,1601.0,68.7,2060s_2100A.txt
2060s,2100A,Novec_2100A,9.854,71.9,0.0,51.2,1601.0,73.4,2060s_2100A.txt
2060s,2100A,Novec_2100A,11.063,128.8,0.0,51.2,1601.0,77.9,2060s_2100A.txt
2060s,2100A,Novec_2100A,12.175,132.7,0.0,51.2,1601.0,81.9,2060s_2100A.txt
2060s,2100A,Novec_2100A,13.386,32.0,0.0,51.2,1601.0,64.7,2060s_2100A.txt
2060s,2100A,Novec_2100A,1.217,18.4,0.0,60.8,1601.0,55.9,2060s_2100A.txt
2060s,2100A,Novec_2100A,2.331,24.2,0.0,60.8,1601.0,56.2,2060s_2100A.txt
2060s,2100A,Novec_2100A,3.433,15.4,0.0,60.8,1601.0,53.4,2060s_2100A.txt
2060s,2100A,Novec_2100A,4.511,19.6,0.0,60.8,1601.0,53.1,2060s_2100A.txt
2060s,2100A,Novec_2100A,5.615,53.9,0.0,60.8,1601.0,58.8,2060s_2100A.txt
2060s,2100A,Novec_2100A,6.718,54.9,0.0,60.8,1601.0,64.6,2060s_2100A.txt
2060s,2100A,Novec_2100A,7.8100000000000005,35.5,0.0,60.8,1601.0,63.0,2060s_2100A.txt
2060s,2100A,Novec_2100A,8.901,122.5,0.0,60.8,1601.0,70.5,2060s_2100A.txt
2060s,2100A,Novec_2100A,10.008,83.9,0.0,60.8,1601.0,70.3,2060s_2100A.txt
2060s,2100A,Novec_2100A,11.193,109.7,0.0,60.8,1601.0,72.4,2060s_2100A.txt
2060s,2100A,Novec_2100A,12.197,94.8,0.0,60.8,1601.0,80.7,2060s_2100A.txt
2060s,2100A,Novec_2100A,13.294,74.8,0.0,60.8,1601.0,76.4,2060s_2100A.txt
2060s,2100A,Novec_2100A,14.393,123.8,0.0,60.8,1601.0,78.0,2060s_2100A.txt
2060s,2100A,Novec_2100A,1.2389999999999999,129.5,0.0,80.7,1601.0,87.0,2060s_2100A.txt
2060s,2100A,Novec_2100A,2.32,95.9,0.0,80.7,1601.0,85.0,2060s_2100A.txt
2060s,2100A,Novec_2100A,3.502,43.9,0.0,80.7,1601.0,72.6,2060s_2100A.txt
2060s,2100A,Novec_2100A,4.63,51.3,0.0,80.7,1601.0,67.5,2060s_2100A.txt
2060s,2100A,Novec_2100A,5.7379999999999995,23.7,0.0,80.7,1601.0,58.5,2060s_2100A.txt
2060s,2100A,Novec_2100A,6.832,30.0,0.0,80.7,1601.0,58.6,2060s_2100A.txt
2060s,2100A,Novec_2100A,7.949,63.5,0.0,80.7,1601.0,62.4,2060s_2100A.txt
2060s,2100A,Novec_2100A,9.157,55.3,0.0,80.7,1601.0,67.6,2060s_2100A.txt
2060s,2100A,Novec_2100A,10.266,112.1,0.0,80.7,1601.0,70.7,2060s_2100A.txt
2060s,2100A,Novec_2100A,11.442,49.1,0.0,80.7,1601.0,71.0,2060s_2100A.txt
2060s,2100A,Novec_2100A,12.475999999999999,48.3,0.0,80.7,1601.0,69.2,2060s_2100A.txt
2060s,2100A,Novec_2100A,13.565,113.1,0.0,80.7,1601.0,72.5,2060s_2100A.txt
2060s,2100A,Novec_2100A,1.205,127.1,0.0,78.5,1601.0,81.1,2060s_2100A.txt
2060s,2100A,Novec_2100A,2.288,100.9,0.0,78.5,1601.0,75.9,2060s_2100A.txt
2060s,2100A,Novec_2100A,3.394,115.6,0.0,78.5,1601.0,77.1,2060s_2100A.txt
2060s,2100A,Novec_2100A,4.503,84.5,0.0,78.5,1601.0,81.2,2060s_2100A.txt
2060s,2100A,Novec_2100A,5.718,129.7,0.0,78.5,1601.0,85.7,2060s_2100A.txt
2060s,2100A,Novec_2100A,6.914,69.6,0.0,78.5,1601.0,77.5,2060s_2100A.txt
2060s,2100A,Novec_2100A,8.125,44.7,0.0,78.5,1601.0,75.0,2060s_2100A.txt
2060s,2100A,Novec_2100A,9.235,85.6,0.0,78.5,1601.0,76.8,2060s_2100A.txt
2060s,2100A,Novec_2100A,10.354,113.2,0.0,78.5,1601.0,79.1,2060s_2100A.txt
2060s,2100A,Novec_2100A,11.561,133.8,0.0,78.5,1601.0,85.1,2060s_2100A.txt
2060s,2100A,Novec_2100A,12.651,128.0,0.0,78.5,1601.0,87.6,2060s_2100A.txt
2060s,2100A,Novec_2100A,14.086,125.4,0.0,78.5,1601.0,85.7,2060s_2100A.txt
2060s,2100A,Novec_2100A,1.113,45.0,0.0,83.5,1601.0,78.1,2060s_2100A.txt
2060s,2100A,Novec_2100A,2.203,43.2,0.0,83.5,1601.0,66.4,2060s_2100A.txt
2060s,2100A,Novec_2100A,3.317,62.5,0.0,83.5,1601.0,71.7,2060s_2100A.txt
2060s,2100A,Novec_2100A,4.577,42.1,0.0,83.5,1601.0,68.4,2060s_2100A.txt
2060s,2100A,Novec_2100A,5.608,103.7,0.0,83.5,1601.0,73.3,2060s_2100A.txt
2060s,2100A,Novec_2100A,6.716,92.8,0.0,83.5,1601.0,78.3,2060s_2100A.txt
2060s,2100A,Novec_2100A,7.801,60.3,0.0,83.5,1601.0,73.1,2060s_2100A.txt
2060s,2100A,Novec_2100A,8.921,109.1,0.0,83.5,1601.0,76.9,2060s_2100A.txt
2060s,2100A,Novec_2100A,10.031,139.2,0.0,83.5,1601.0,79.3,2060s_2100A.txt
2060s,2100A,Novec_2100A,11.15,133.0,0.0,83.5,1601.0,81.8,2060s_2100A.txt
2060s,2100A,Novec_2100A,12.24,87.6,0.0,83.5,1601.0,73.3,2060s_2100A.txt
2060s,2100A,Novec_2100A,13.332,89.8,0.0,83.5,1601.0,75.5,2060s_2100A.txt
2060s,2100A,Novec_2100A,1.068,102.6,0.0,79.5,1601.0,82.9,2060s_2100A.txt
2060s,2100A,Novec_2100A,2.172,91.2,0.0,79.5,1601.0,78.3,2060s_2100A.txt
2060s,2100A,Novec_2100A,3.257,86.5,0.0,79.5,1601.0,79.5,2060s_2100A.txt
2060s,2100A,Novec_2100A,4.367,85.6,0.0,79.5,1601.0,81.7,2060s_2100A.txt
2060s,2100A,Novec_2100A,5.461,133.7,0.0,79.5,1601.0,81.4,2060s_2100A.txt
2060s,2100A,Novec_2100A,6.558,134.6,0.0,79.5,1601.0,86.4,2060s_2100A.txt
2060s,2100A,Novec_2100A,7.866,141.9,0.0,79.5,1601.0,82.2,2060s_2100A.txt
2060s,2100A,Novec_2100A,9.081,106.5,0.0,79.5,1601.0,87.4,2060s_2100A.txt
2060s,2100A,Novec_2100A,10.293,145.1,0.0,79.5,1601.0,86.9,2060s_2100A.txt
2060s,2100A,Novec_2100A,11.395,99.2,0.0,79.5,1601.0,86.1,2060s_2100A.txt
2060s,2100A,Novec_2100A,12.635,103.8,0.0,79.5,1601.0,81.8,2060s_2100A.txt
2060s,2100A,Novec_2100A,13.855,110.6,0.0,79.5,1601.0,81.4,2060s_2100A.txt
2060s,2100A,Novec_2100A,1.204,104.8,0.0,81.7,1601.0,82.4,2060s_2100A.txt
2060s,2100A,Novec_2100A,2.302,123.5,0.0,81.7,1601.0,87.5,2060s_2100A.txt
2060s,2100A,Novec_2100A,3.393,86.7,0.0,81.7,1601.0,85.0,2060s_2100A.txt
2060s,2100A,Novec_2100A,4.541,91.7,0.0,81.7,1601.0,86.2,2060s_2100A.txt
2060s,2100A,Novec_2100A,5.611,88.9,0.0,81.7,1601.0,86.0,2060s_2100A.txt
2060s,2100A,Novec_2100A,6.931,62.6,0.0,81.7,1601.0,79.8,2060s_2100A.txt
2060s,2100A,Novec_2100A,8.132,95.0,0.0,81.7,1601.0,84.3,2060s_2100A.txt
2060s,2100A,Novec_2100A,9.229,97.7,0.0,81.7,1601.0,85.8,2060s_2100A.txt
2060s,2100A,Novec_2100A,10.434,89.9,0.0,81.7,1601.0,84.1,2060s_2100A.txt
2060s,2100A,Novec_2100A,11.531,79.6,0.0,81.7,1601.0,83.9,2060s_2100A.txt
2060s,2100A,Novec_2100A,12.773,106.2,0.0,81.7,1601.0,86.5,2060s_2100A.txt
2060s,2100A,Novec_2100A,13.921,53.6,0.0,81.7,1601.0,85.3,2060s_2100A.txt
2060s,2100A,Novec_2100A,1.044,28.4,0.0,76.8,1601.0,63.8,2060s_2100A.txt
2060s,2100A,Novec_2100A,2.228,15.5,0.0,76.8,1601.0,57.8,2060s_2100A.txt
2060s,2100A,Novec_2100A,3.489,13.4,0.0,76.8,1601.0,52.5,2060s_2100A.txt
2060s,2100A,Novec_2100A,4.698,10.1,0.0,76.8,1601.0,50.0,2060s_2100A.txt
2060s,2100A,Novec_2100A,5.781,11.0,0.0,76.8,1601.0,49.4,2060s_2100A.txt
2060s,2100A,Novec_2100A,6.891,13.5,0.0,76.8,1601.0,48.8,2060s_2100A.txt
2060s,2100A,Novec_2100A,8.069,11.1,0.0,76.8,1601.0,48.2,2060s_2100A.txt
2060s,2100A,Novec_2100A,9.167,18.2,0.0,76.8,1601.0,50.3,2060s_2100A.txt
2060s,2100A,Novec_2100A,10.258,15.3,0.0,76.8,1601.0,51.5,2060s_2100A.txt
2060s,2100A,Novec_2100A,11.366,18.6,0.0,76.8,1601.0,51.5,2060s_2100A.txt
2060s,2100A,Novec_2100A,12.475,23.0,0.0,76.8,1601.0,53.2,2060s_2100A.txt
2060s,2100A,Novec_2100A,13.567,18.1,0.0,76.8,1601.0,53.9,2060s_2100A.txt
2060s,2100A,Novec_2100A,1.111,26.1,0.0,55.5,1601.0,57.9,2060s_2100A.txt
2060s,2100A,Novec_2100A,2.237,46.4,0.0,55.5,1601.0,65.4,2060s_2100A.txt
2060s,2100A,Novec_2100A,3.337,77.1,0.0,55.5,1601.0,69.3,2060s_2100A.txt
2060s,2100A,Novec_2100A,4.425,118.1,0.0,55.5,1601.0,71.5,2060s_2100A.txt
2060s,2100A,Novec_2100A,5.6530000000000005,40.9,0.0,55.5,1601.0,67.4,2060s_2100A.txt
2060s,2100A,Novec_2100A,6.753,45.8,0.0,55.5,1601.0,65.0,2060s_2100A.txt
2060s,2100A,Novec_2100A,7.944,14.8,0.0,55.5,1601.0,56.4,2060s_2100A.txt
2060s,2100A,Novec_2100A,9.074,16.4,0.0,55.5,1601.0,54.0,2060s_2100A.txt
2060s,2100A,Novec_2100A,10.166,20.6,0.0,55.5,1601.0,53.8,2060s_2100A.txt
2060s,2100A,Novec_2100A,11.276,15.4,0.0,55.5,1601.0,52.5,2060s_2100A.txt
2060s,2100A,Novec_2100A,12.377,18.2,0.0,55.5,1601.0,52.9,2060s_2100A.txt
2060s,2100A,Novec_2100A,13.481,15.3,0.0,55.5,1601.0,52.8,2060s_2100A.txt
2060s,2100A,Novec_2100A,14.57,15.9,0.0,55.5,1601.0,52.3,2060s_2100A.txt
2060s,2100A,Novec_2100A,1.106,34.8,0.0,54.5,1601.0,59.4,2060s_2100A.txt
2060s,2100A,Novec_2100A,2.218,50.2,0.0,54.5,1601.0,63.7,2060s_2100A.txt
2060s,2100A,Novec_2100A,3.311,73.1,0.0,54.5,1601.0,71.8,2060s_2100A.txt
2060s,2100A,Novec_2100A,4.426,70.7,0.0,54.5,1601.0,73.2,2060s_2100A.txt
2060s,2100A,Novec_2100A,5.509,82.9,0.0,54.5,1601.0,75.0,2060s_2100A.txt
2060s,2100A,Novec_2100A,6.619,67.1,0.0,54.5,1601.0,74.2,2060s_2100A.txt
2060s,2100A,Novec_2100A,7.708,134.9,0.0,54.5,1601.0,78.3,2060s_2100A.txt
2060s,2100A,Novec_2100A,8.809,87.0,0.0,54.5,1601.0,81.4,2060s_2100A.txt
2060s,2100A,Novec_2100A,9.903,39.9,0.0,54.5,1601.0,67.3,2060s_2100A.txt
2060s,2100A,Novec_2100A,11.081,16.4,0.0,54.5,1601.0,61.8,2060s_2100A.txt
2060s,2100A,Novec_2100A,12.217,15.5,0.0,54.5,1601.0,56.0,2060s_2100A.txt
2060s,2100A,Novec_2100A,13.427,16.8,0.0,54.5,1601.0,54.4,2060s_2100A.txt
2060s,2100A,Novec_2100A,1.093,18.3,0.0,55.6,1601.0,54.3,2060s_2100A.txt
2060s,2100A,Novec_2100A,2.2,18.8,0.0,55.6,1601.0,54.7,2060s_2100A.txt
2060s,2100A,Novec_2100A,3.309,32.8,0.0,55.6,1601.0,60.2,2060s_2100A.txt
2060s,2100A,Novec_2100A,4.391,54.0,0.0,55.6,1601.0,63.8,2060s_2100A.txt
2060s,2100A,Novec_2100A,5.497,45.6,0.0,55.6,1601.0,63.2,2060s_2100A.txt
2060s,2100A,Novec_2100A,6.698,133.9,0.0,55.6,1601.0,76.7,2060s_2100A.txt
2060s,2100A,Novec_2100A,7.899,87.5,0.0,55.6,1601.0,71.9,2060s_2100A.txt
2060s,2100A,Novec_2100A,9.006,123.2,0.0,55.6,1601.0,73.6,2060s_2100A.txt
2060s,2100A,Novec_2100A,10.131,134.2,0.0,55.6,1601.0,81.9,2060s_2100A.txt
2060s,2100A,Novec_2100A,11.309,139.0,0.0,55.6,1601.0,84.9,2060s_2100A.txt
2060s,2100A,Novec_2100A,12.425,120.1,0.0,55.6,1601.0,82.8,2060s_2100A.txt
2060s,2100A,Novec_2100A,13.53,117.5,0.0,55.6,1601.0,78.8,2060s_2100A.txt
2060s,2100A,Novec_2100A,1.203,104.4,0.0,79.7,1601.0,84.7,2060s_2100A.txt
2060s,2100A,Novec_2100A,2.323,128.4,0.0,79.7,1601.0,87.8,2060s_2100A.txt
2060s,2100A,Novec_2100A,3.408,43.9,0.0,79.7,1601.0,78.3,2060s_2100A.txt
2060s,2100A,Novec_2100A,4.615,45.9,0.0,79.7,1601.0,71.3,2060s_2100A.txt
2060s,2100A,Novec_2100A,5.836,54.1,0.0,79.7,1601.0,65.0,2060s_2100A.txt
2060s,2100A,Novec_2100A,7.046,40.0,0.0,79.7,1601.0,60.7,2060s_2100A.txt
2060s,2100A,Novec_2100A,8.159,42.1,0.0,79.7,1601.0,63.1,2060s_2100A.txt
2060s,2100A,Novec_2100A,9.251,55.3,0.0,79.7,1601.0,66.0,2060s_2100A.txt
2060s,2100A,Novec_2100A,10.34,50.2,0.0,79.7,1601.0,67.6,2060s_2100A.txt
2060s,2100A,Novec_2100A,11.441,126.2,0.0,79.7,1601.0,72.1,2060s_2100A.txt
2060s,2100A,Novec_2100A,12.577,102.8,0.0,79.7,1601.0,72.3,2060s_2100A.txt
2060s,2100A,Novec_2100A,13.653,59.8,0.0,79.7,1601.0,74.6,2060s_2100A.txt
2060s,2100A,Novec_2100A,14.735,80.8,0.0,79.7,1601.0,74.6,2060s_2100A.txt
2060s,2100A,Novec_2100A,1.103,83.1,0.0,75.3,1601.0,83.5,2060s_2100A.txt
2060s,2100A,Novec_2100A,2.234,63.5,0.0,75.3,1601.0,74.6,2060s_2100A.txt
2060s,2100A,Novec_2100A,3.31,113.8,0.0,75.3,1601.0,78.6,2060s_2100A.txt
2060s,2100A,Novec_2100A,4.473,63.8,0.0,75.3,1601.0,77.3,2060s_2100A.txt
2060s,2100A,Novec_2100A,5.501,108.2,0.0,75.3,1601.0,82.4,2060s_2100A.txt
2060s,2100A,Novec_2100A,6.826,135.9,0.0,75.3,1601.0,87.2,2060s_2100A.txt
2060s,2100A,Novec_2100A,8.207,107.6,0.0,75.3,1601.0,82.3,2060s_2100A.txt
2060s,2100A,Novec_2100A,9.377,108.3,0.0,75.3,1601.0,78.7,2060s_2100A.txt
2060s,2100A,Novec_2100A,10.477,90.9,0.0,75.3,1601.0,81.1,2060s_2100A.txt
2060s,2100A,Novec_2100A,11.566,102.4,0.0,75.3,1601.0,84.6,2060s_2100A.txt
2060s,2100A,Novec_2100A,12.683,122.8,0.0,75.3,1601.0,83.3,2060s_2100A.txt
2060s,2100A,Novec_2100A,13.891,85.0,0.0,75.3,1601.0,80.1,2060s_2100A.txt
2060s,2100A,Novec_2100A,1.1,91.7,0.0,86.7,1601.0,87.0,2060s_2100A.txt
2060s,2100A,Novec_2100A,2.203,95.4,0.0,86.7,1601.0,86.9,2060s_2100A.txt
2060s,2100A,Novec_2100A,3.309,43.9,0.0,86.7,1601.0,76.2,2060s_2100A.txt
2060s,2100A,Novec_2100A,4.4,67.9,0.0,86.7,1601.0,69.9,2060s_2100A.txt
2060s,2100A,Novec_2100A,5.602,39.9,0.0,86.7,1601.0,63.4,2060s_2100A.txt
2060s,2100A,Novec_2100A,6.705,55.7,0.0,86.7,1601.0,68.1,2060s_2100A.txt
2060s,2100A,Novec_2100A,7.835,90.2,0.0,86.7,1601.0,69.8,2060s_2100A.txt
2060s,2100A,Novec_2100A,8.933,77.5,0.0,86.7,1601.0,75.0,2060s_2100A.txt
2060s,2100A,Novec_2100A,10.025,70.5,0.0,86.7,1601.0,73.3,2060s_2100A.txt
2060s,2100A,Novec_2100A,11.142,86.8,0.0,86.7,1601.0,75.2,2060s_2100A.txt
2060s,2100A,Novec_2100A,12.349,121.5,0.0,86.7,1601.0,78.6,2060s_2100A.txt
2060s,2100A,Novec_2100A,13.446,127.1,0.0,86.7,1601.0,84.2,2060s_2100A.txt
2060s,2100A,Novec_2100A,1.08,120.1,0.0,76.1,1601.0,76.4,2060s_2100A.txt
2060s,2100A,Novec_2100A,2.179,80.7,0.0,76.1,1601.0,76.5,2060s_2100A.txt
2060s,2100A,Novec_2100A,3.371,81.9,0.0,76.1,1601.0,78.3,2060s_2100A.txt
2060s,2100A,Novec_2100A,4.375,135.1,0.0,76.1,1601.0,85.5,2060s_2100A.txt
2060s,2100A,Novec_2100A,5.491,91.7,0.0,76.1,1601.0,85.3,2060s_2100A.txt
2060s,2100A,Novec_2100A,6.586,111.8,0.0,76.1,1601.0,85.3,2060s_2100A.txt
2060s,2100A,Novec_2100A,7.7059999999999995,120.2,0.0,76.1,1601.0,86.6,2060s_2100A.txt
2060s,2100A,Novec_2100A,8.793,119.4,0.0,76.1,1601.0,83.9,2060s_2100A.txt
2060s,2100A,Novec_2100A,10.14,106.0,0.0,76.1,1601.0,82.7,2060s_2100A.txt
2060s,2100A,Novec_2100A,11.395,49.8,0.0,76.1,1601.0,83.7,2060s_2100A.txt
2060s,2100A,Novec_2100A,12.534,136.5,0.0,76.1,1601.0,84.2,2060s_2100A.txt
2060s,2100A,Novec_2100A,13.749,65.2,0.0,76.1,1601.0,84.6,2060s_2100A.txt
2060s,2100A,Novec_2100A,1.457,69.3,0.0,82.3,1601.0,83.3,2060s_2100A.txt
2060s,2100A,Novec_2100A,2.643,127.3,0.0,82.3,1601.0,86.2,2060s_2100A.txt
2060s,2100A,Novec_2100A,3.91,78.9,0.0,82.3,1601.0,78.3,2060s_2100A.txt
2060s,2100A,Novec_2100A,4.959,65.4,0.0,82.3,1601.0,85.2,2060s_2100A.txt
2060s,2100A,Novec_2100A,6.06,110.3,0.0,82.3,1601.0,85.4,2060s_2100A.txt
2060s,2100A,Novec_2100A,7.268,80.8,0.0,82.3,1601.0,84.8,2060s_2100A.txt
2060s,2100A,Novec_2100A,8.701,66.8,0.0,82.3,1601.0,87.2,2060s_2100A.txt
2060s,2100A,Novec_2100A,9.802,90.7,0.0,82.3,1601.0,85.4,2060s_2100A.txt
2060s,2100A,Novec_2100A,10.914,89.4,0.0,82.3,1601.0,85.1,2060s_2100A.txt
2060s,2100A,Novec_2100A,12.06,106.6,0.0,82.3,1601.0,83.6,2060s_2100A.txt
2060s,2100A,Novec_2100A,13.341,34.9,0.0,82.3,1601.0,81.9,2060s_2100A.txt
2060s,2100A,Novec_2100A,14.435,124.4,0.0,82.3,1601.0,87.0,2060s_2100A.txt
2060s,2100A,Novec_2100A,1.107,39.2,0.0,74.4,1601.0,69.6,2060s_2100A.txt
2060s,2100A,Novec_2100A,2.197,61.8,0.0,74.4,1601.0,70.5,2060s_2100A.txt
2060s,2100A,Novec_2100A,3.3449999999999998,69.0,0.0,74.4,1601.0,77.4,2060s_2100A.txt
2060s,2100A,Novec_2100A,4.499,63.7,0.0,74.4,1601.0,72.0,2060s_2100A.txt
2060s,2100A,Novec_2100A,5.61,109.4,0.0,74.4,1601.0,77.2,2060s_2100A.txt
2060s,2100A,Novec_2100A,6.913,96.7,0.0,74.4,1601.0,78.2,2060s_2100A.txt
2060s,2100A,Novec_2100A,8.013,85.4,0.0,74.4,1601.0,76.8,2060s_2100A.txt
2060s,2100A,Novec_2100A,9.219,51.8,0.0,74.4,1601.0,71.2,2060s_2100A.txt
2060s,2100A,Novec_2100A,10.318,122.8,0.0,74.4,1601.0,75.4,2060s_2100A.txt
2060s,2100A,Novec_2100A,11.438,105.0,0.0,74.4,1601.0,80.7,2060s_2100A.txt
2060s,2100A,Novec_2100A,12.533,138.9,0.0,74.4,1601.0,85.1,2060s_2100A.txt
2060s,2100A,Novec_2100A,13.742,86.5,0.0,74.4,1601.0,80.8,2060s_2100A.txt
2060s,2100A,Novec_2100A,1.196,79.8,0.0,84.1,1601.0,78.3,2060s_2100A.txt
2060s,2100A,Novec_2100A,2.295,107.4,0.0,84.1,1601.0,83.4,2060s_2100A.txt
2060s,2100A,Novec_2100A,3.386,106.1,0.0,84.1,1601.0,84.5,2060s_2100A.txt
2060s,2100A,Novec_2100A,4.49,113.8,0.0,84.1,1601.0,87.6,2060s_2100A.txt
2060s,2100A,Novec_2100A,5.694,76.8,0.0,84.1,1601.0,82.0,2060s_2100A.txt
2060s,2100A,Novec_2100A,6.924,130.8,0.0,84.1,1601.0,87.8,2060s_2100A.txt
2060s,2100A,Novec_2100A,8.248,75.2,0.0,84.1,1601.0,84.8,2060s_2100A.txt
2060s,2100A,Novec_2100A,9.539,37.9,0.0,84.1,1601.0,82.0,2060s_2100A.txt
2060s,2100A,Novec_2100A,10.741,96.9,0.0,84.1,1601.0,79.6,2060s_2100A.txt
2060s,2100A,Novec_2100A,11.958,69.1,0.0,84.1,1601.0,76.6,2060s_2100A.txt
2060s,2100A,Novec_2100A,13.044,76.6,0.0,84.1,1601.0,82.5,2060s_2100A.txt
2060s,2100A,Novec_2100A,14.14,106.1,0.0,84.1,1601.0,84.8,2060s_2100A.txt
2060s,2100A,Novec_2100A,1.23,38.2,0.0,78.8,1601.0,82.1,2060s_2100A.txt
2060s,2100A,Novec_2100A,2.417,120.2,0.0,78.8,1601.0,87.6,2060s_2100A.txt
2060s,2100A,Novec_2100A,3.539,87.8,0.0,78.8,1601.0,86.0,2060s_2100A.txt
2060s,2100A,Novec_2100A,4.624,121.3,0.0,78.8,1601.0,88.0,2060s_2100A.txt
2060s,2100A,Novec_2100A,5.7059999999999995,88.3,0.0,78.8,1601.0,86.2,2060s_2100A.txt
2060s,2100A,Novec_2100A,6.827,125.5,0.0,78.8,1601.0,88.4,2060s_2100A.txt
2060s,2100A,Novec_2100A,7.8870000000000005,89.9,0.0,78.8,1601.0,85.0,2060s_2100A.txt
2060s,2100A,Novec_2100A,8.993,94.9,0.0,78.8,1601.0,85.5,2060s_2100A.txt
2060s,2100A,Novec_2100A,10.089,96.1,0.0,78.8,1601.0,87.1,2060s_2100A.txt
2060s,2100A,Novec_2100A,11.194,65.6,0.0,78.8,1601.0,81.9,2060s_2100A.txt
2060s,2100A,Novec_2100A,12.294,112.5,0.0,78.8,1601.0,88.1,2060s_2100A.txt
2060s,2100A,Novec_2100A,13.395,120.6,0.0,78.8,1601.0,88.5,2060s_2100A.txt
2060s,2100A,Novec_2100A,1.1179999999999999,98.3,0.0,86.7,1601.0,86.0,2060s_2100A.txt
2060s,2100A,Novec_2100A,2.187,58.0,0.0,86.7,1601.0,83.1,2060s_2100A.txt
2060s,2100A,Novec_2100A,3.301,44.9,0.0,86.7,1601.0,83.3,2060s_2100A.txt
2060s,2100A,Novec_2100A,4.397,88.9,0.0,86.7,1601.0,86.5,2060s_2100A.txt
2060s,2100A,Novec_2100A,5.483,85.2,0.0,86.7,1601.0,88.3,2060s_2100A.txt
2060s,2100A,Novec_2100A,6.586,80.8,0.0,86.7,1601.0,85.9,2060s_2100A.txt
2060s,2100A,Novec_2100A,7.665,134.0,0.0,86.7,1601.0,87.3,2060s_2100A.txt
2060s,2100A,Novec_2100A,8.752,90.6,0.0,86.7,1601.0,86.4,2060s_2100A.txt
2060s,2100A,Novec_2100A,9.867,75.9,0.0,86.7,1601.0,84.1,2060s_2100A.txt
2060s,2100A,Novec_2100A,11.062,73.8,0.0,86.7,1601.0,84.5,2060s_2100A.txt
2060s,2100A,Novec_2100A,12.216,49.5,0.0,86.7,1601.0,75.8,2060s_2100A.txt
2060s,2100A,Novec_2100A,13.26,39.6,0.0,86.7,1601.0,67.3,2060s_2100A.txt
2060s,2100A,Novec_2100A,14.379,14.1,0.0,86.7,1601.0,59.4,2060s_2100A.txt
2060s,2100A,Novec_2100A,1.12,11.1,0.0,54.3,1601.0,52.8,2060s_2100A.txt
2060s,2100A,Novec_2100A,2.354,10.1,0.0,54.3,1601.0,50.8,2060s_2100A.txt
2060s,2100A,Novec_2100A,3.42,10.3,0.0,54.3,1601.0,50.1,2060s_2100A.txt
2060s,2100A,Novec_2100A,4.513,13.0,0.0,54.3,1601.0,50.2,2060s_2100A.txt
2060s,2100A,Novec_2100A,5.589,18.0,0.0,54.3,1601.0,51.6,2060s_2100A.txt
2060s,2100A,Novec_2100A,6.692,14.2,0.0,54.3,1601.0,53.3,2060s_2100A.txt
2060s,2100A,Novec_2100A,7.798,13.8,0.0,54.3,1601.0,52.0,2060s_2100A.txt
2060s,2100A,Novec_2100A,8.894,11.3,0.0,54.3,1601.0,50.8,2060s_2100A.txt
2060s,2100A,Novec_2100A,9.988,16.3,0.0,54.3,1601.0,51.5,2060s_2100A.txt
2060s,2100A,Novec_2100A,11.122,29.5,0.0,54.3,1601.0,56.9,2060s_2100A.txt
2060s,2100A,Novec_2100A,12.23,20.5,0.0,54.3,1601.0,56.0,2060s_2100A.txt
2060s,2100A,Novec_2100A,13.321,17.2,0.0,54.3,1601.0,55.5,2060s_2100A.txt
2060s,2100A,Novec_2100A,1.102,83.5,0.0,58.7,1601.0,70.8,2060s_2100A.txt
2060s,2100A,Novec_2100A,2.205,57.1,0.0,58.7,1601.0,66.0,2060s_2100A.txt
2060s,2100A,Novec_2100A,3.4050000000000002,23.8,0.0,58.7,1601.0,61.1,2060s_2100A.txt
2060s,2100A,Novec_2100A,4.499,80.5,0.0,58.7,1601.0,68.9,2060s_2100A.txt
2060s,2100A,Novec_2100A,5.601,84.5,0.0,58.7,1601.0,73.2,2060s_2100A.txt
2060s,2100A,Novec_2100A,6.746,46.3,0.0,58.7,1601.0,69.9,2060s_2100A.txt
2060s,2100A,Novec_2100A,7.782,54.3,0.0,58.7,1601.0,68.8,2060s_2100A.txt
2060s,2100A,Novec_2100A,8.882,31.0,0.0,58.7,1601.0,63.9,2060s_2100A.txt
2060s,2100A,Novec_2100A,9.979,126.0,0.0,58.7,1601.0,75.5,2060s_2100A.txt
2060s,2100A,Novec_2100A,11.175,122.9,0.0,58.7,1601.0,78.6,2060s_2100A.txt
2060s,2100A,Novec_2100A,12.403,124.5,0.0,58.7,1601.0,83.7,2060s_2100A.txt
2060s,2100A,Novec_2100A,13.725,37.6,0.0,58.7,1601.0,74.8,2060s_2100A.txt
2060s,2100A,Novec_2100A,1.134,14.7,0.0,67.3,1601.0,59.3,2060s_2100A.txt
2060s,2100A,Novec_2100A,2.201,16.4,0.0,67.3,1601.0,56.7,2060s_2100A.txt
2060s,2100A,Novec_2100A,3.313,14.1,0.0,67.3,1601.0,56.3,2060s_2100A.txt
2060s,2100A,Novec_2100A,4.402,15.6,0.0,67.3,1601.0,55.1,2060s_2100A.txt
2060s,2100A,Novec_2100A,5.486,16.9,0.0,67.3,1601.0,54.8,2060s_2100A.txt
2060s,2100A,Novec_2100A,6.596,20.4,0.0,67.3,1601.0,56.0,2060s_2100A.txt
2060s,2100A,Novec_2100A,7.709,26.3,0.0,67.3,1601.0,59.8,2060s_2100A.txt
2060s,2100A,Novec_2100A,8.821,28.0,0.0,67.3,1601.0,59.1,2060s_2100A.txt
2060s,2100A,Novec_2100A,9.912,20.6,0.0,67.3,1601.0,57.0,2060s_2100A.txt
2060s,2100A,Novec_2100A,11.015,79.2,0.0,67.3,1601.0,68.8,2060s_2100A.txt
2060s,2100A,Novec_2100A,12.122,128.9,0.0,67.3,1601.0,78.3,2060s_2100A.txt
2060s,2100A,Novec_2100A,13.321,48.3,0.0,67.3,1601.0,67.3,2060s_2100A.txt
2060s,2100A,Novec_2100A,14.433,21.6,0.0,67.3,1601.0,62.1,2060s_2100A.txt
2060s,2100A,Novec_2100A,1.165,86.2,0.0,68.0,1601.0,73.7,2060s_2100A.txt
2060s,2100A,Novec_2100A,2.221,101.2,0.0,68.0,1601.0,84.4,2060s_2100A.txt
2060s,2100A,Novec_2100A,3.452,53.7,0.0,68.0,1601.0,70.0,2060s_2100A.txt
2060s,2100A,Novec_2100A,4.545,46.9,0.0,68.0,1601.0,71.1,2060s_2100A.txt
2060s,2100A,Novec_2100A,5.654,115.2,0.0,68.0,1601.0,78.8,2060s_2100A.txt
2060s,2100A,Novec_2100A,6.743,110.8,0.0,68.0,1601.0,83.8,2060s_2100A.txt
2060s,2100A,Novec_2100A,8.068,63.4,0.0,68.0,1601.0,81.3,2060s_2100A.txt
2060s,2100A,Novec_2100A,9.35,87.0,0.0,68.0,1601.0,81.8,2060s_2100A.txt
2060s,2100A,Novec_2100A,10.43,120.3,0.0,68.0,1601.0,88.2,2060s_2100A.txt
2060s,2100A,Novec_2100A,11.481,27.8,0.0,68.0,1601.0,68.8,2060s_2100A.txt
2060s,2100A,Novec_2100A,12.597,44.5,0.0,68.0,1601.0,66.3,2060s_2100A.txt
2060s,2100A,Novec_2100A,13.706,86.4,0.0,68.0,1601.0,71.5,2060s_2100A.txt
2060s,2100A,Novec_2100A,1.104,125.6,0.0,79.8,1601.0,86.8,2060s_2100A.txt
2060s,2100A,Novec_2100A,2.305,85.2,0.0,79.8,1601.0,87.8,2060s_2100A.txt
2060s,2100A,Novec_2100A,3.425,89.6,0.0,79.8,1601.0,86.0,2060s_2100A.txt
2060s,2100A,Novec_2100A,4.523,116.7,0.0,79.8,1601.0,87.7,2060s_2100A.txt
2060s,2100A,Novec_2100A,5.601,94.8,0.0,79.8,1601.0,86.7,2060s_2100A.txt
2060s,2100A,Novec_2100A,6.83,95.9,0.0,79.8,1601.0,81.3,2060s_2100A.txt
2060s,2100A,Novec_2100A,8.006,69.0,0.0,79.8,1601.0,85.5,2060s_2100A.txt
2060s,2100A,Novec_2100A,9.116,103.7,0.0,79.8,1601.0,86.7,2060s_2100A.txt
2060s,2100A,Novec_2100A,10.324,42.7,0.0,79.8,1601.0,68.7,2060s_2100A.txt
2060s,2100A,Novec_2100A,11.537,19.5,0.0,79.8,1601.0,60.7,2060s_2100A.txt
2060s,2100A,Novec_2100A,12.649000000000001,20.9,0.0,79.8,1601.0,58.7,2060s_2100A.txt
2060s,2100A,Novec_2100A,13.739,22.1,0.0,79.8,1601.0,60.6,2060s_2100A.txt
2060s,2100A,Novec_2100A,1.214,23.7,0.0,58.8,1601.0,57.2,2060s_2100A.txt
2060s,2100A,Novec_2100A,2.38,54.5,0.0,58.8,1601.0,61.9,2060s_2100A.txt
2060s,2100A,Novec_2100A,3.396,121.4,0.0,58.8,1601.0,76.9,2060s_2100A.txt
2060s,2100A,Novec_2100A,4.496,50.9,0.0,58.8,1601.0,66.9,2060s_2100A.txt
2060s,2100A,Novec_2100A,5.604,24.0,0.0,58.8,1601.0,63.2,2060s_2100A.txt
2060s,2100A,Novec_2100A,6.696,33.1,0.0,58.8,1601.0,62.2,2060s_2100A.txt
2060s,2100A,Novec_2100A,7.921,109.8,0.0,58.8,1601.0,76.6,2060s_2100A.txt
2060s,2100A,Novec_2100A,9.019,47.9,0.0,58.8,1601.0,73.7,2060s_2100A.txt
2060s,2100A,Novec_2100A,10.226,59.2,0.0,58.8,1601.0,68.4,2060s_2100A.txt
2060s,2100A,Novec_2100A,11.312,35.6,0.0,58.8,1601.0,64.1,2060s_2100A.txt
2060s,2100A,Novec_2100A,12.42,105.8,0.0,58.8,1601.0,73.0,2060s_2100A.txt
2060s,2100A,Novec_2100A,13.512,121.7,0.0,58.8,1601.0,78.9,2060s_2100A.txt
2060s,2100A,Novec_2100A,1.097,117.6,0.0,86.6,1601.0,86.8,2060s_2100A.txt
2060s,2100A,Novec_2100A,2.2,77.7,0.0,86.6,1601.0,86.2,2060s_2100A.txt
2060s,2100A,Novec_2100A,3.384,57.3,0.0,86.6,1601.0,72.1,2060s_2100A.txt
2060s,2100A,Novec_2100A,4.484,30.7,0.0,86.6,1601.0,67.6,2060s_2100A.txt
2060s,2100A,Novec_2100A,5.641,136.3,0.0,86.6,1601.0,75.9,2060s_2100A.txt
2060s,2100A,Novec_2100A,6.784,122.6,0.0,86.6,1601.0,85.0,2060s_2100A.txt
2060s,2100A,Novec_2100A,8.136,94.4,0.0,86.6,1601.0,82.5,2060s_2100A.txt
2060s,2100A,Novec_2100A,9.315,102.1,0.0,86.6,1601.0,87.2,2060s_2100A.txt
2060s,2100A,Novec_2100A,10.438,76.1,0.0,86.6,1601.0,85.4,2060s_2100A.txt
2060s,2100A,Novec_2100A,11.63,92.6,0.0,86.6,1601.0,86.5,2060s_2100A.txt
2060s,2100A,Novec_2100A,12.825,117.0,0.0,86.6,1601.0,86.6,2060s_2100A.txt
2060s,2100A,Novec_2100A,14.37,107.8,0.0,86.6,1601.0,87.7,2060s_2100A.txt
2060s,2100A,Novec_2100A,1.312,94.6,0.0,85.0,1601.0,86.4,2060s_2100A.txt
2060s,2100A,Novec_2100A,2.501,63.9,0.0,85.0,1601.0,74.7,2060s_2100A.txt
2060s,2100A,Novec_2100A,3.521,123.9,0.0,85.0,1601.0,80.4,2060s_2100A.txt
2060s,2100A,Novec_2100A,4.627,114.8,0.0,85.0,1601.0,84.7,2060s_2100A.txt
2060s,2100A,Novec_2100A,5.838,132.5,0.0,85.0,1601.0,88.3,2060s_2100A.txt
2060s,2100A,Novec_2100A,7.214,85.3,0.0,85.0,1601.0,81.3,2060s_2100A.txt
2060s,2100A,Novec_2100A,8.251,99.8,0.0,85.0,1601.0,87.9,2060s_2100A.txt
2060s,2100A,Novec_2100A,9.349,87.4,0.0,85.0,1601.0,87.5,2060s_2100A.txt
2060s,2100A,Novec_2100A,10.46,64.5,0.0,85.0,1601.0,84.9,2060s_2100A.txt
2060s,2100A,Novec_2100A,11.773,83.5,0.0,85.0,1601.0,85.5,2060s_2100A.txt
2060s,2100A,Novec_2100A,12.93,64.2,0.0,85.0,1601.0,79.9,2060s_2100A.txt
2060s,2100A,Novec_2100A,14.171,132.8,0.0,85.0,1601.0,87.5,2060s_2100A.txt
2060s,2100A,Novec_2100A,1.131,86.4,0.0,81.1,1601.0,87.5,2060s_2100A.txt
2060s,2100A,Novec_2100A,2.214,89.8,0.0,81.1,1601.0,87.8,2060s_2100A.txt
2060s,2100A,Novec_2100A,3.303,87.8,0.0,81.1,1601.0,88.3,2060s_2100A.txt
2060s,2100A,Novec_2100A,4.416,96.6,0.0,81.1,1601.0,87.3,2060s_2100A.txt
2060s,2100A,Novec_2100A,5.542,98.9,0.0,81.1,1601.0,88.2,2060s_2100A.txt
2060s,2100A,Novec_2100A,6.742,112.3,0.0,81.1,1601.0,87.8,2060s_2100A.txt
2060s,2100A,Novec_2100A,7.852,81.7,0.0,81.1,1601.0,85.7,2060s_2100A.txt
2060s,2100A,Novec_2100A,8.965,81.1,0.0,81.1,1601.0,85.2,2060s_2100A.txt
2060s,2100A,Novec_2100A,10.074,44.2,0.0,81.1,1601.0,70.2,2060s_2100A.txt
2060s,2100A,Novec_2100A,11.212,15.2,0.0,81.1,1601.0,62.1,2060s_2100A.txt
2060s,2100A,Novec_2100A,12.274000000000001,18.7,0.0,81.1,1601.0,58.9,2060s_2100A.txt
2060s,2100A,Novec_2100A,13.372,33.0,0.0,81.1,1601.0,60.0,2060s_2100A.txt
2060s,2100A,Novec_2100A,1.097,50.7,0.0,68.0,1601.0,66.3,2060s_2100A.txt
2060s,2100A,Novec_2100A,2.295,22.2,0.0,68.0,1601.0,59.3,2060s_2100A.txt
2060s,2100A,Novec_2100A,3.396,38.8,0.0,68.0,1601.0,62.0,2060s_2100A.txt
2060s,2100A,Novec_2100A,4.491,84.5,0.0,68.0,1601.0,72.4,2060s_2100A.txt
2060s,2100A,Novec_2100A,5.585,130.5,0.0,68.0,1601.0,84.0,2060s_2100A.txt
2060s,2100A,Novec_2100A,6.691,53.5,0.0,68.0,1601.0,68.7,2060s_2100A.txt
2060s,2100A,Novec_2100A,7.803,34.2,0.0,68.0,1601.0,66.7,2060s_2100A.txt
2060s,2100A,Novec_2100A,8.887,70.5,0.0,68.0,1601.0,67.5,2060s_2100A.txt
2060s,2100A,Novec_2100A,10.096,119.0,0.0,68.0,1601.0,79.1,2060s_2100A.txt
2060s,2100A,Novec_2100A,11.337,85.6,0.0,68.0,1601.0,85.8,2060s_2100A.txt
2060s,2100A,Novec_2100A,12.885,121.0,0.0,68.0,1601.0,86.3,2060s_2100A.txt
2060s,2100A,Novec_2100A,13.968,85.9,0.0,68.0,1601.0,86.9,2060s_2100A.txt
2060s,2100A,Novec_2100A,1.1280000000000001,92.0,0.0,74.4,1601.0,75.9,2060s_2100A.txt
2060s,2100A,Novec_2100A,2.226,101.1,0.0,74.4,1601.0,80.8,2060s_2100A.txt
2060s,2100A,Novec_2100A,3.356,113.5,0.0,74.4,1601.0,86.0,2060s_2100A.txt
2060s,2100A,Novec_2100A,4.646,93.6,0.0,74.4,1601.0,82.4,2060s_2100A.txt
2060s,2100A,Novec_2100A,6.274,55.3,0.0,74.4,1601.0,82.4,2060s_2100A.txt
2060s,2100A,Novec_2100A,7.503,125.7,0.0,74.4,1601.0,87.8,2060s_2100A.txt
2060s,2100A,Novec_2100A,8.604,104.5,0.0,74.4,1601.0,88.7,2060s_2100A.txt
2060s,2100A,Novec_2100A,10.042,42.2,0.0,74.4,1601.0,84.5,2060s_2100A.txt
2060s,2100A,Novec_2100A,11.13,108.0,0.0,74.4,1601.0,85.1,2060s_2100A.txt
2060s,2100A,Novec_2100A,12.492,104.2,0.0,74.4,1601.0,86.3,2060s_2100A.txt
2060s,2100A,Novec_2100A,13.82,46.3,0.0,74.4,1601.0,68.7,2060s_2100A.txt
2060s,2100A,Novec_2100A,1.105,64.7,0.0,74.8,1601.0,80.0,2060s_2100A.txt
2060s,2100A,Novec_2100A,2.354,77.1,0.0,74.8,1601.0,81.0,2060s_2100A.txt
2060s,2100A,Novec_2100A,3.423,91.0,0.0,74.8,1601.0,85.5,2060s_2100A.txt
2060s,2100A,Novec_2100A,4.507,70.6,0.0,74.8,1601.0,85.8,2060s_2100A.txt
2060s,2100A,Novec_2100A,5.607,74.5,0.0,74.8,1601.0,84.2,2060s_2100A.txt
2060s,2100A,Novec_2100A,6.701,98.4,0.0,74.8,1601.0,85.2,2060s_2100A.txt
2060s,2100A,Novec_2100A,7.793,63.2,0.0,74.8,1601.0,83.6,2060s_2100A.txt
2060s,2100A,Novec_2100A,8.886,87.0,0.0,74.8,1601.0,85.8,2060s_2100A.txt
2060s,2100A,Novec_2100A,10.009,86.7,0.0,74.8,1601.0,86.3,2060s_2100A.txt
2060s,2100A,Novec_2100A,11.406,122.6,0.0,74.8,1601.0,84.6,2060s_2100A.txt
2060s,2100A,Novec_2100A,12.642,126.6,0.0,74.8,1601.0,86.7,2060s_2100A.txt
2060s,2100A,Novec_2100A,13.723,105.3,0.0,74.8,1601.0,87.7,2060s_2100A.txt
2060s,2100A,Novec_2100A,1.038,107.7,0.0,79.9,1601.0,87.1,2060s_2100A.txt
2060s,2100A,Novec_2100A,2.127,96.9,0.0,79.9,1601.0,86.5,2060s_2100A.txt
2060s,2100A,Novec_2100A,3.221,79.4,0.0,79.9,1601.0,86.2,2060s_2100A.txt
2060s,2100A,Novec_2100A,4.322,86.5,0.0,79.9,1601.0,77.2,2060s_2100A.txt
2060s,2100A,Novec_2100A,5.532,101.4,0.0,79.9,1601.0,77.8,2060s_2100A.txt
2060s,2100A,Novec_2100A,6.6370000000000005,101.3,0.0,79.9,1601.0,84.8,2060s_2100A.txt
2060s,2100A,Novec_2100A,7.856,108.7,0.0,79.9,1601.0,87.9,2060s_2100A.txt
2060s,2100A,Novec_2100A,8.951,88.0,0.0,79.9,1601.0,88.0,2060s_2100A.txt
2060s,2100A,Novec_2100A,10.141,76.8,0.0,79.9,1601.0,85.5,2060s_2100A.txt
2060s,2100A,Novec_2100A,11.45,114.0,0.0,79.9,1601.0,88.3,2060s_2100A.txt
2060s,2100A,Novec_2100A,12.584,93.5,0.0,79.9,1601.0,88.2,2060s_2100A.txt
2060s,2100A,Novec_2100A,13.676,82.7,0.0,79.9,1601.0,87.3,2060s_2100A.txt
2060s,2100A,Novec_2100A,1.102,48.8,0.0,87.1,1601.0,84.3,2060s_2100A.txt
2060s,2100A,Novec_2100A,2.195,87.1,0.0,87.1,1601.0,88.3,2060s_2100A.txt
2060s,2100A,Novec_2100A,3.275,77.1,0.0,87.1,1601.0,85.6,2060s_2100A.txt
2060s,2100A,Novec_2100A,4.386,91.5,0.0,87.1,1601.0,87.1,2060s_2100A.txt
2060s,2100A,Novec_2100A,5.501,90.6,0.0,87.1,1601.0,88.7,2060s_2100A.txt
2060s,2100A,Novec_2100A,6.829,125.1,0.0,87.1,1601.0,84.6,2060s_2100A.txt
2060s,2100A,Novec_2100A,8.127,96.7,0.0,87.1,1601.0,88.7,2060s_2100A.txt
2060s,2100A,Novec_2100A,9.217,89.1,0.0,87.1,1601.0,88.0,2060s_2100A.txt
2060s,2100A,Novec_2100A,10.323,89.3,0.0,87.1,1601.0,89.1,2060s_2100A.txt
2060s,2100A,Novec_2100A,11.417,85.9,0.0,87.1,1601.0,88.0,2060s_2100A.txt
2060s,2100A,Novec_2100A,12.497,89.2,0.0,87.1,1601.0,89.3,2060s_2100A.txt
2060s,2100A,Novec_2100A,13.717,81.5,0.0,87.1,1601.0,88.1,2060s_2100A.txt
2060s,2100A,Novec_2100A,1.11,89.3,0.0,86.5,1601.0,87.8,2060s_2100A.txt
2060s,2100A,Novec_2100A,2.221,80.2,0.0,86.5,1601.0,87.4,2060s_2100A.txt
2060s,2100A,Novec_2100A,3.316,85.8,0.0,86.5,1601.0,87.1,2060s_2100A.txt
2060s,2100A,Novec_2100A,4.626,47.9,0.0,86.5,1601.0,86.1,2060s_2100A.txt
2060s,2100A,Novec_2100A,5.736,68.5,0.0,86.5,1601.0,84.4,2060s_2100A.txt
2060s,2100A,Novec_2100A,7.049,118.1,0.0,86.5,1601.0,87.9,2060s_2100A.txt
2060s,2100A,Novec_2100A,8.27,94.1,0.0,86.5,1601.0,89.7,2060s_2100A.txt
2060s,2100A,Novec_2100A,9.634,128.5,0.0,86.5,1601.0,90.6,2060s_2100A.txt
2060s,2100A,Novec_2100A,10.896,109.0,0.0,86.5,1601.0,86.1,2060s_2100A.txt
2060s,2100A,Novec_2100A,12.018,52.9,0.0,86.5,1601.0,84.9,2060s_2100A.txt
2060s,2100A,Novec_2100A,13.127,50.0,0.0,86.5,1601.0,78.1,2060s_2100A.txt
2060s,2100A,Novec_2100A,14.216,42.9,0.0,86.5,1601.0,69.0,2060s_2100A.txt
2060s,2100A,Novec_2100A,1.084,71.2,0.0,61.7,1601.0,66.5,2060s_2100A.txt
2060s,2100A,Novec_2100A,2.311,119.4,0.0,61.7,1601.0,78.2,2060s_2100A.txt
2060s,2100A,Novec_2100A,3.491,123.2,0.0,61.7,1601.0,84.4,2060s_2100A.txt
2060s,2100A,Novec_2100A,4.708,64.4,0.0,61.7,1601.0,69.8,2060s_2100A.txt
2060s,2100A,Novec_2100A,5.857,28.1,0.0,61.7,1601.0,63.7,2060s_2100A.txt
2060s,2100A,Novec_2100A,6.914,91.0,0.0,61.7,1601.0,75.8,2060s_2100A.txt
2060s,2100A,Novec_2100A,8.021,127.6,0.0,61.7,1601.0,81.6,2060s_2100A.txt
2060s,2100A,Novec_2100A,9.145,107.3,0.0,61.7,1601.0,85.5,2060s_2100A.txt
2060s,2100A,Novec_2100A,10.207,133.8,0.0,61.7,1601.0,88.8,2060s_2100A.txt
2060s,2100A,Novec_2100A,11.522,106.1,0.0,61.7,1601.0,88.7,2060s_2100A.txt
2060s,2100A,Novec_2100A,12.636,74.8,0.0,61.7,1601.0,85.8,2060s_2100A.txt
2060s,2100A,Novec_2100A,13.958,45.8,0.0,61.7,1601.0,72.8,2060s_2100A.txt
2060s,2100A,Novec_2100A,1.12,133.8,0.0,75.5,1601.0,81.2,2060s_2100A.txt
2060s,2100A,Novec_2100A,2.326,114.6,0.0,75.5,1601.0,85.3,2060s_2100A.txt
2060s,2100A,Novec_2100A,3.6470000000000002,83.6,0.0,75.5,1601.0,86.3,2060s_2100A.txt
2060s,2100A,Novec_2100A,4.747,87.5,0.0,75.5,1601.0,86.7,2060s_2100A.txt
2060s,2100A,Novec_2100A,5.868,87.9,0.0,75.5,1601.0,87.0,2060s_2100A.txt
2060s,2100A,Novec_2100A,6.946,96.1,0.0,75.5,1601.0,88.0,2060s_2100A.txt
2060s,2100A,Novec_2100A,8.075,80.0,0.0,75.5,1601.0,86.7,2060s_2100A.txt
2060s,2100A,Novec_2100A,9.208,53.3,0.0,75.5,1601.0,81.5,2060s_2100A.txt
2060s,2100A,Novec_2100A,10.462,66.0,0.0,75.5,1601.0,72.6,2060s_2100A.txt
2060s,2100A,Novec_2100A,11.646,71.6,0.0,75.5,1601.0,75.9,2060s_2100A.txt
2060s,2100A,Novec_2100A,12.684,130.4,0.0,75.5,1601.0,84.4,2060s_2100A.txt
2060s,2100A,Novec_2100A,13.781,82.4,0.0,75.5,1601.0,84.9,2060s_2100A.txt
2060s,2100A,Novec_2100A,1.103,77.1,0.0,86.0,1601.0,83.8,2060s_2100A.txt
2060s,2100A,Novec_2100A,2.3970000000000002,80.2,0.0,86.0,1601.0,78.8,2060s_2100A.txt
2060s,2100A,Novec_2100A,3.476,100.5,0.0,86.0,1601.0,79.6,2060s_2100A.txt
2060s,2100A,Novec_2100A,4.635,88.4,0.0,86.0,1601.0,87.4,2060s_2100A.txt
2060s,2100A,Novec_2100A,5.698,80.7,0.0,86.0,1601.0,86.9,2060s_2100A.txt
2060s,2100A,Novec_2100A,6.942,125.1,0.0,86.0,1601.0,85.2,2060s_2100A.txt
2060s,2100A,Novec_2100A,8.033,125.8,0.0,86.0,1601.0,89.3,2060s_2100A.txt
2060s,2100A,Novec_2100A,9.165,89.6,0.0,86.0,1601.0,88.3,2060s_2100A.txt
2060s,2100A,Novec_2100A,10.245,91.9,0.0,86.0,1601.0,87.7,2060s_2100A.txt
2060s,2100A,Novec_2100A,11.369,64.0,0.0,86.0,1601.0,86.6,2060s_2100A.txt
2060s,2100A,Novec_2100A,12.463,84.7,0.0,86.0,1601.0,86.6,2060s_2100A.txt
2060s,2100A,Novec_2100A,13.556000000000001,92.9,0.0,86.0,1601.0,88.2,2060s_2100A.txt
2060s,2100A,Novec_2100A,1.432,117.9,0.0,85.2,1601.0,89.4,2060s_2100A.txt
2060s,2100A,Novec_2100A,3.07,59.6,0.0,85.2,1601.0,80.1,2060s_2100A.txt
2060s,2100A,Novec_2100A,4.192,75.9,0.0,85.2,1601.0,79.6,2060s_2100A.txt
2060s,2100A,Novec_2100A,5.398,99.1,0.0,85.2,1601.0,82.5,2060s_2100A.txt
2060s,2100A,Novec_2100A,6.5120000000000005,101.5,0.0,85.2,1601.0,83.3,2060s_2100A.txt
2060s,2100A,Novec_2100A,7.619,74.5,0.0,85.2,1601.0,85.8,2060s_2100A.txt
2060s,2100A,Novec_2100A,8.8,84.4,0.0,85.2,1601.0,85.2,2060s_2100A.txt
2060s,2100A,Novec_2100A,10.025,67.6,0.0,85.2,1601.0,88.5,2060s_2100A.txt
2060s,2100A,Novec_2100A,11.077,68.2,0.0,85.2,1601.0,88.9,2060s_2100A.txt
2060s,2100A,Novec_2100A,12.196,92.4,0.0,85.2,1601.0,87.6,2060s_2100A.txt
2060s,2100A,Novec_2100A,13.303,44.3,0.0,85.2,1601.0,83.5,2060s_2100A.txt
2060s,2100A,Novec_2100A,1.111,91.8,0.0,89.4,1601.0,87.8,2060s_2100A.txt
2060s,2100A,Novec_2100A,2.424,119.8,0.0,89.4,1601.0,89.3,2060s_2100A.txt
2060s,2100A,Novec_2100A,3.6310000000000002,89.7,0.0,89.4,1601.0,89.0,2060s_2100A.txt
2060s,2100A,Novec_2100A,4.725,99.4,0.0,89.4,1601.0,89.6,2060s_2100A.txt
2060s,2100A,Novec_2100A,5.823,79.4,0.0,89.4,1601.0,87.5,2060s_2100A.txt
2060s,2100A,Novec_2100A,7.121,124.2,0.0,89.4,1601.0,88.2,2060s_2100A.txt
2060s,2100A,Novec_2100A,8.146,104.2,0.0,89.4,1601.0,89.3,2060s_2100A.txt
2060s,2100A,Novec_2100A,9.455,83.4,0.0,89.4,1601.0,89.8,2060s_2100A.txt
2060s,2100A,Novec_2100A,10.566,118.3,0.0,89.4,1601.0,89.8,2060s_2100A.txt
2060s,2100A,Novec_2100A,11.688,62.2,0.0,89.4,1601.0,85.8,2060s_2100A.txt
2060s,2100A,Novec_2100A,12.746,108.9,0.0,89.4,1601.0,88.7,2060s_2100A.txt
2060s,2100A,Novec_2100A,14.069,64.3,0.0,89.4,1601.0,81.1,2060s_2100A.txt
2060s,2100A,Novec_2100A,1.201,57.5,0.0,85.1,1601.0,81.2,2060s_2100A.txt
2060s,2100A,Novec_2100A,2.667,111.3,0.0,85.1,1601.0,89.4,2060s_2100A.txt
2060s,2100A,Novec_2100A,3.768,88.6,0.0,85.1,1601.0,84.3,2060s_2100A.txt
2060s,2100A,Novec_2100A,5.062,93.3,0.0,85.1,1601.0,85.2,2060s_2100A.txt
2060s,2100A,Novec_2100A,6.162,79.5,0.0,85.1,1601.0,86.1,2060s_2100A.txt
2060s,2100A,Novec_2100A,7.379,99.8,0.0,85.1,1601.0,90.1,2060s_2100A.txt
2060s,2100A,Novec_2100A,8.56,124.3,0.0,85.1,1601.0,85.5,2060s_2100A.txt
2060s,2100A,Novec_2100A,9.697,55.7,0.0,85.1,1601.0,81.3,2060s_2100A.txt
2060s,2100A,Novec_2100A,10.78,62.4,0.0,85.1,1601.0,85.8,2060s_2100A.txt
2060s,2100A,Novec_2100A,11.977,132.0,0.0,85.1,1601.0,86.9,2060s_2100A.txt
2060s,2100A,Novec_2100A,13.121,59.6,0.0,85.1,1601.0,83.5,2060s_2100A.txt
2060s,2100A,Novec_2100A,14.31,71.9,0.0,85.1,1601.0,85.0,2060s_2100A.txt
2060s,2100A,Novec_2100A,1.1,68.8,0.0,86.1,1601.0,85.7,2060s_2100A.txt
2060s,2100A,Novec_2100A,2.202,78.6,0.0,86.1,1601.0,85.8,2060s_2100A.txt
2060s,2100A,Novec_2100A,3.31,119.5,0.0,86.1,1601.0,90.2,2060s_2100A.txt
2060s,2100A,Novec_2100A,4.405,85.5,0.0,86.1,1601.0,87.8,2060s_2100A.txt
2060s,2100A,Novec_2100A,5.496,107.5,0.0,86.1,1601.0,91.0,2060s_2100A.txt
2060s,2100A,Novec_2100A,6.596,92.3,0.0,86.1,1601.0,91.1,2060s_2100A.txt
2060s,2100A,Novec_2100A,7.703,90.4,0.0,86.1,1601.0,89.3,2060s_2100A.txt
2060s,2100A,Novec_2100A,8.814,64.4,0.0,86.1,1601.0,86.8,2060s_2100A.txt
2060s,2100A,Novec_2100A,9.917,88.2,0.0,86.1,1601.0,89.3,2060s_2100A.txt
2060s,2100A,Novec_2100A,11.167,106.9,0.0,86.1,1601.0,90.4,2060s_2100A.txt
2060s,2100A,Novec_2100A,12.348,104.7,0.0,86.1,1601.0,90.8,2060s_2100A.txt
2060s,2100A,Novec_2100A,13.889,113.2,0.0,86.1,1601.0,88.2,2060s_2100A.txt
2060s,2100A,Novec_2100A,1.101,95.5,0.0,89.3,1601.0,88.7,2060s_2100A.txt
2060s,2100A,Novec_2100A,2.194,89.2,0.0,89.3,1601.0,89.1,2060s_2100A.txt
2060s,2100A,Novec_2100A,3.284,100.9,0.0,89.3,1601.0,90.8,2060s_2100A.txt
2060s,2100A,Novec_2100A,4.409,84.0,0.0,89.3,1601.0,85.8,2060s_2100A.txt
2060s,2100A,Novec_2100A,5.5,102.2,0.0,89.3,1601.0,91.1,2060s_2100A.txt
2060s,2100A,Novec_2100A,6.592,89.2,0.0,89.3,1601.0,89.3,2060s_2100A.txt
2060s,2100A,Novec_2100A,7.694,75.5,0.0,89.3,1601.0,86.5,2060s_2100A.txt
2060s,2100A,Novec_2100A,8.795,64.8,0.0,89.3,1601.0,86.3,2060s_2100A.txt
2060s,2100A,Novec_2100A,9.902,78.0,0.0,89.3,1601.0,84.6,2060s_2100A.txt
2060s,2100A,Novec_2100A,10.993,90.3,0.0,89.3,1601.0,87.7,2060s_2100A.txt
2060s,2100A,Novec_2100A,12.113,118.7,0.0,89.3,1601.0,89.3,2060s_2100A.txt
2060s,2100A,Novec_2100A,13.297,43.6,0.0,89.3,1601.0,83.8,2060s_2100A.txt
2060s,2100A,Novec_2100A,1.38,74.9,0.0,88.5,1601.0,82.0,2060s_2100A.txt
2060s,2100A,Novec_2100A,2.479,87.6,0.0,88.5,1601.0,88.5,2060s_2100A.txt
2060s,2100A,Novec_2100A,3.7039999999999997,82.6,0.0,88.5,1601.0,87.6,2060s_2100A.txt
2060s,2100A,Novec_2100A,4.8,80.9,0.0,88.5,1601.0,86.8,2060s_2100A.txt
2060s,2100A,Novec_2100A,5.8870000000000005,75.3,0.0,88.5,1601.0,86.4,2060s_2100A.txt
2060s,2100A,Novec_2100A,6.977,70.0,0.0,88.5,1601.0,84.2,2060s_2100A.txt
2060s,2100A,Novec_2100A,8.109,49.7,0.0,88.5,1601.0,79.3,2060s_2100A.txt
2060s,2100A,Novec_2100A,9.187,87.2,0.0,88.5,1601.0,88.5,2060s_2100A.txt
2060s,2100A,Novec_2100A,10.279,81.8,0.0,88.5,1601.0,86.8,2060s_2100A.txt
2060s,2100A,Novec_2100A,11.395,79.1,0.0,88.5,1601.0,87.0,2060s_2100A.txt
2060s,2100A,Novec_2100A,12.485,75.0,0.0,88.5,1601.0,87.5,2060s_2100A.txt
2060s,2100A,Novec_2100A,13.8,113.0,0.0,88.5,1601.0,88.9,2060s_2100A.txt
2060s,2100A,Novec_2100A,1.206,87.7,0.0,85.7,1601.0,88.3,2060s_2100A.txt
2060s,2100A,Novec_2100A,2.411,98.9,0.0,85.7,1601.0,91.6,2060s_2100A.txt
2060s,2100A,Novec_2100A,3.6189999999999998,93.2,0.0,85.7,1601.0,89.9,2060s_2100A.txt
2060s,2100A,Novec_2100A,5.03,76.0,0.0,85.7,1601.0,88.0,2060s_2100A.txt
2060s,2100A,Novec_2100A,6.14,80.9,0.0,85.7,1601.0,87.5,2060s_2100A.txt
2060s,2100A,Novec_2100A,7.354,56.0,0.0,85.7,1601.0,83.1,2060s_2100A.txt
2060s,2100A,Novec_2100A,8.555,44.1,0.0,85.7,1601.0,85.0,2060s_2100A.txt
2060s,2100A,Novec_2100A,9.675,80.2,0.0,85.7,1601.0,87.6,2060s_2100A.txt
2060s,2100A,Novec_2100A,10.773,86.9,0.0,85.7,1601.0,88.2,2060s_2100A.txt
2060s,2100A,Novec_2100A,11.878,85.3,0.0,85.7,1601.0,88.1,2060s_2100A.txt
2060s,2100A,Novec_2100A,13.194,119.5,0.0,85.7,1601.0,90.6,2060s_2100A.txt
2060s,2100A,Novec_2100A,1.318,69.7,0.0,86.5,1601.0,87.1,2060s_2100A.txt
2060s,2100A,Novec_2100A,2.748,86.0,0.0,86.5,1601.0,85.3,2060s_2100A.txt
2060s,2100A,Novec_2100A,4.049,82.4,0.0,86.5,1601.0,90.7,2060s_2100A.txt
2060s,2100A,Novec_2100A,5.258,71.3,0.0,86.5,1601.0,86.9,2060s_2100A.txt
2060s,2100A,Novec_2100A,6.659,128.5,0.0,86.5,1601.0,88.8,2060s_2100A.txt
2060s,2100A,Novec_2100A,7.889,118.4,0.0,86.5,1601.0,91.0,2060s_2100A.txt
2060s,2100A,Novec_2100A,9.109,93.8,0.0,86.5,1601.0,91.3,2060s_2100A.txt
2060s,2100A,Novec_2100A,10.287,43.5,0.0,86.5,1601.0,70.5,2060s_2100A.txt
2060s,2100A,Novec_2100A,11.397,33.3,0.0,86.5,1601.0,66.6,2060s_2100A.txt
2060s,2100A,Novec_2100A,12.622,59.1,0.0,86.5,1601.0,67.2,2060s_2100A.txt
2060s,2100A,Novec_2100A,13.709,75.2,0.0,86.5,1601.0,74.6,2060s_2100A.txt
2060s,2100A,Novec_2100A,14.935,120.1,0.0,86.5,1601.0,80.5,2060s_2100A.txt
2060s,2100A,Novec_2100A,1.095,99.1,0.0,86.6,1601.0,89.5,2060s_2100A.txt
2060s,2100A,Novec_2100A,2.2800000000000002,38.2,0.0,86.6,1601.0,75.7,2060s_2100A.txt
2060s,2100A,Novec_2100A,3.388,72.2,0.0,86.6,1601.0,74.4,2060s_2100A.txt
2060s,2100A,Novec_2100A,4.481,125.9,0.0,86.6,1601.0,82.5,2060s_2100A.txt
2060s,2100A,Novec_2100A,5.791,71.5,0.0,86.6,1601.0,83.8,2060s_2100A.txt
2060s,2100A,Novec_2100A,6.898,68.8,0.0,86.6,1601.0,85.0,2060s_2100A.txt
2060s,2100A,Novec_2100A,7.981,127.0,0.0,86.6,1601.0,88.0,2060s_2100A.txt
2060s,2100A,Novec_2100A,9.438,67.0,0.0,86.6,1601.0,84.0,2060s_2100A.txt
2060s,2100A,Novec_2100A,10.692,62.8,0.0,86.6,1601.0,81.1,2060s_2100A.txt
2060s,2100A,Novec_2100A,11.834,112.9,0.0,86.6,1601.0,89.1,2060s_2100A.txt
2060s,2100A,Novec_2100A,12.928,90.1,0.0,86.6,1601.0,87.2,2060s_2100A.txt
2060s,2100A,Novec_2100A,1.113,80.8,0.0,71.8,1601.0,71.7,2060s_2100A.txt
2060s,2100A,Novec_2100A,2.312,101.3,0.0,71.8,1601.0,80.0,2060s_2100A.txt
2060s,2100A,Novec_2100A,3.537,118.2,0.0,71.8,1601.0,87.6,2060s_2100A.txt
2060s,2100A,Novec_2100A,4.65,80.1,0.0,71.8,1601.0,87.1,2060s_2100A.txt
2060s,2100A,Novec_2100A,5.768,87.4,0.0,71.8,1601.0,85.9,2060s_2100A.txt
2060s,2100A,Novec_2100A,6.85,118.9,0.0,71.8,1601.0,85.9,2060s_2100A.txt
2060s,2100A,Novec_2100A,7.936,89.3,0.0,71.8,1601.0,88.4,2060s_2100A.txt
2060s,2100A,Novec_2100A,9.137,87.4,0.0,71.8,1601.0,87.8,2060s_2100A.txt
2060s,2100A,Novec_2100A,10.568999999999999,60.5,0.0,71.8,1601.0,83.4,2060s_2100A.txt
2060s,2100A,Novec_2100A,11.683,119.2,0.0,71.8,1601.0,83.5,2060s_2100A.txt
2060s,2100A,Novec_2100A,12.754,125.2,0.0,71.8,1601.0,90.0,2060s_2100A.txt
2060s,2100A,Novec_2100A,13.855,120.8,0.0,71.8,1601.0,89.9,2060s_2100A.txt
2060s,2100A,Novec_2100A,1.088,86.6,0.0,89.5,1601.0,88.0,2060s_2100A.txt
2060s,2100A,Novec_2100A,2.172,84.3,0.0,89.5,1601.0,88.2,2060s_2100A.txt
2060s,2100A,Novec_2100A,3.2800000000000002,55.8,0.0,89.5,1601.0,85.5,2060s_2100A.txt
2060s,2100A,Novec_2100A,4.385,92.6,0.0,89.5,1601.0,83.5,2060s_2100A.txt
2060s,2100A,Novec_2100A,5.513,75.7,0.0,89.5,1601.0,85.7,2060s_2100A.txt
2060s,2100A,Novec_2100A,6.5809999999999995,90.6,0.0,89.5,1601.0,84.9,2060s_2100A.txt
2060s,2100A,Novec_2100A,7.676,88.3,0.0,89.5,1601.0,88.0,2060s_2100A.txt
2060s,2100A,Novec_2100A,8.782,76.3,0.0,89.5,1601.0,86.6,2060s_2100A.txt
2060s,2100A,Novec_2100A,9.893,64.7,0.0,89.5,1601.0,85.4,2060s_2100A.txt
2060s,2100A,Novec_2100A,10.975999999999999,91.9,0.0,89.5,1601.0,86.5,2060s_2100A.txt
2060s,2100A,Novec_2100A,12.067,94.3,0.0,89.5,1601.0,88.6,2060s_2100A.txt
2060s,2100A,Novec_2100A,13.19,128.0,0.0,89.5,1601.0,89.6,2060s_2100A.txt
2060s,2100A,Novec_2100A,14.491,86.6,0.0,89.5,1601.0,86.2,2060s_2100A.txt
2060s,2100A,Novec_2100A,1.067,85.0,0.0,85.1,1601.0,88.2,2060s_2100A.txt
2060s,2100A,Novec_2100A,2.184,79.2,0.0,85.1,1601.0,87.3,2060s_2100A.txt
2060s,2100A,Novec_2100A,3.263,85.0,0.0,85.1,1601.0,88.1,2060s_2100A.txt
2060s,2100A,Novec_2100A,4.357,84.9,0.0,85.1,1601.0,88.1,2060s_2100A.txt
2060s,2100A,Novec_2100A,5.46,121.1,0.0,85.1,1601.0,87.5,2060s_2100A.txt
2060s,2100A,Novec_2100A,6.665,88.8,0.0,85.1,1601.0,88.7,2060s_2100A.txt
2060s,2100A,Novec_2100A,7.763,80.6,0.0,85.1,1601.0,86.3,2060s_2100A.txt
2060s,2100A,Novec_2100A,8.936,40.0,0.0,85.1,1601.0,82.0,2060s_2100A.txt
2060s,2100A,Novec_2100A,10.021,37.6,0.0,85.1,1601.0,78.6,2060s_2100A.txt
2060s,2100A,Novec_2100A,11.064,78.6,0.0,85.1,1601.0,87.8,2060s_2100A.txt
2060s,2100A,Novec_2100A,12.356,78.1,0.0,85.1,1601.0,87.8,2060s_2100A.txt
2060s,2100A,Novec_2100A,13.454,72.8,0.0,85.1,1601.0,86.8,2060s_2100A.txt
2060s,2100A,Novec_2100A,1.116,82.3,0.0,87.5,1601.0,86.6,2060s_2100A.txt
2060s,2100A,Novec_2100A,2.212,83.1,0.0,87.5,1601.0,87.6,2060s_2100A.txt
2060s,2100A,Novec_2100A,3.314,70.5,0.0,87.5,1601.0,85.0,2060s_2100A.txt
2060s,2100A,Novec_2100A,4.411,75.8,0.0,87.5,1601.0,88.1,2060s_2100A.txt
2060s,2100A,Novec_2100A,5.517,87.2,0.0,87.5,1601.0,87.7,2060s_2100A.txt
2060s,2100A,Novec_2100A,6.618,89.0,0.0,87.5,1601.0,88.2,2060s_2100A.txt
2060s,2100A,Novec_2100A,7.704,84.6,0.0,87.5,1601.0,87.8,2060s_2100A.txt
2060s,2100A,Novec_2100A,8.807,81.5,0.0,87.5,1601.0,86.9,2060s_2100A.txt
2060s,2100A,Novec_2100A,10.006,110.6,0.0,87.5,1601.0,88.6,2060s_2100A.txt
2060s,2100A,Novec_2100A,11.095,77.3,0.0,87.5,1601.0,86.3,2060s_2100A.txt
2060s,2100A,Novec_2100A,12.321,76.0,0.0,87.5,1601.0,88.4,2060s_2100A.txt
2060s,2100A,Novec_2100A,13.518,85.3,0.0,87.5,1601.0,83.7,2060s_2100A.txt
2060s,2100A,Novec_2100A,1.246,80.2,0.0,86.5,1601.0,84.8,2060s_2100A.txt
2060s,2100A,Novec_2100A,2.532,112.4,0.0,86.5,1601.0,88.9,2060s_2100A.txt
2060s,2100A,Novec_2100A,3.6310000000000002,119.0,0.0,86.5,1601.0,89.2,2060s_2100A.txt
2060s,2100A,Novec_2100A,4.856,113.3,0.0,86.5,1601.0,88.0,2060s_2100A.txt
2060s,2100A,Novec_2100A,5.951,26.7,0.0,86.5,1601.0,81.6,2060s_2100A.txt
2060s,2100A,Novec_2100A,7.37,67.5,0.0,86.5,1601.0,88.2,2060s_2100A.txt
2060s,2100A,Novec_2100A,8.783,41.4,0.0,86.5,1601.0,76.1,2060s_2100A.txt
2060s,2100A,Novec_2100A,10.221,98.7,0.0,86.5,1601.0,89.0,2060s_2100A.txt
2060s,2100A,Novec_2100A,11.639,48.6,0.0,86.5,1601.0,84.6,2060s_2100A.txt
2060s,2100A,Novec_2100A,13.105,72.8,0.0,86.5,1601.0,85.7,2060s_2100A.txt
2060s,2100A,Novec_2100A,14.185,92.1,0.0,86.5,1601.0,89.2,2060s_2100A.txt
2060s,2100A,Novec_2100A,1.397,107.9,0.0,88.0,1601.0,83.6,2060s_2100A.txt
2060s,2100A,Novec_2100A,2.814,41.5,0.0,88.0,1601.0,74.4,2060s_2100A.txt
2060s,2100A,Novec_2100A,3.841,104.1,0.0,88.0,1601.0,88.1,2060s_2100A.txt
2060s,2100A,Novec_2100A,4.951,62.1,0.0,88.0,1601.0,85.8,2060s_2100A.txt
2060s,2100A,Novec_2100A,6.065,125.3,0.0,88.0,1601.0,88.8,2060s_2100A.txt
2060s,2100A,Novec_2100A,7.163,83.4,0.0,88.0,1601.0,88.3,2060s_2100A.txt
2060s,2100A,Novec_2100A,8.254,81.5,0.0,88.0,1601.0,87.8,2060s_2100A.txt
2060s,2100A,Novec_2100A,9.373,92.5,0.0,88.0,1601.0,88.0,2060s_2100A.txt
2060s,2100A,Novec_2100A,10.475,91.3,0.0,88.0,1601.0,90.3,2060s_2100A.txt
2060s,2100A,Novec_2100A,11.562,75.6,0.0,88.0,1601.0,88.4,2060s_2100A.txt
2060s,2100A,Novec_2100A,12.664,106.7,0.0,88.0,1601.0,88.6,2060s_2100A.txt
2060s,2100A,Novec_2100A,13.781,73.2,0.0,88.0,1601.0,87.6,2060s_2100A.txt
2060s,2100A,Novec_2100A,1.077,64.6,0.0,88.2,1601.0,86.4,2060s_2100A.txt
2060s,2100A,Novec_2100A,2.192,86.3,0.0,88.2,1601.0,87.5,2060s_2100A.txt
2060s,2100A,Novec_2100A,3.274,76.0,0.0,88.2,1601.0,86.4,2060s_2100A.txt
2060s,2100A,Novec_2100A,4.372,94.1,0.0,88.2,1601.0,87.1,2060s_2100A.txt
2060s,2100A,Novec_2100A,5.464,93.6,0.0,88.2,1601.0,89.7,2060s_2100A.txt
2060s,2100A,Novec_2100A,6.572,97.2,0.0,88.2,1601.0,90.1,2060s_2100A.txt
2060s,2100A,Novec_2100A,7.652,57.7,0.0,88.2,1601.0,86.7,2060s_2100A.txt
2060s,2100A,Novec_2100A,8.749,85.4,0.0,88.2,1601.0,86.7,2060s_2100A.txt
2060s,2100A,Novec_2100A,9.838,69.9,0.0,88.2,1601.0,86.1,2060s_2100A.txt
2060s,2100A,Novec_2100A,10.929,124.5,0.0,88.2,1601.0,90.1,2060s_2100A.txt
2060s,2100A,Novec_2100A,12.05,84.4,0.0,88.2,1601.0,87.9,2060s_2100A.txt
2060s,2100A,Novec_2100A,13.142,89.6,0.0,88.2,1601.0,88.8,2060s_2100A.txt
2060s,2100A,Novec_2100A,14.242,93.2,0.0,88.2,1601.0,88.4,2060s_2100A.txt
2060s,2100A,Novec_2100A,1.117,68.7,0.0,88.3,1601.0,86.3,2060s_2100A.txt
2060s,2100A,Novec_2100A,2.194,78.3,0.0,88.3,1601.0,88.1,2060s_2100A.txt
2060s,2100A,Novec_2100A,3.292,68.3,0.0,88.3,1601.0,87.2,2060s_2100A.txt
2060s,2100A,Novec_2100A,4.397,67.0,0.0,88.3,1601.0,87.4,2060s_2100A.txt
2060s,2100A,Novec_2100A,5.497,69.9,0.0,88.3,1601.0,85.7,2060s_2100A.txt
2060s,2100A,Novec_2100A,6.616,71.1,0.0,88.3,1601.0,86.9,2060s_2100A.txt
2060s,2100A,Novec_2100A,7.713,93.8,0.0,88.3,1601.0,89.5,2060s_2100A.txt
2060s,2100A,Novec_2100A,8.809,86.9,0.0,88.3,1601.0,89.2,2060s_2100A.txt
2060s,2100A,Novec_2100A,9.914,55.0,0.0,88.3,1601.0,86.3,2060s_2100A.txt
2060s,2100A,Novec_2100A,11.003,93.3,0.0,88.3,1601.0,87.3,2060s_2100A.txt
2060s,2100A,Novec_2100A,12.109,91.4,0.0,88.3,1601.0,88.5,2060s_2100A.txt
2060s,2100A,Novec_2100A,13.247,82.7,0.0,88.3,1601.0,88.8,2060s_2100A.txt
2060s,2100A,Novec_2100A,1.086,76.7,0.0,87.3,1601.0,86.8,2060s_2100A.txt
2060s,2100A,Novec_2100A,2.193,122.5,0.0,87.3,1601.0,90.4,2060s_2100A.txt
2060s,2100A,Novec_2100A,3.278,65.9,0.0,87.3,1601.0,85.9,2060s_2100A.txt
2060s,2100A,Novec_2100A,4.395,123.7,0.0,87.3,1601.0,89.9,2060s_2100A.txt
2060s,2100A,Novec_2100A,5.516,85.5,0.0,87.3,1601.0,88.5,2060s_2100A.txt
2060s,2100A,Novec_2100A,6.601,71.6,0.0,87.3,1601.0,85.0,2060s_2100A.txt
2060s,2100A,Novec_2100A,7.715,76.3,0.0,87.3,1601.0,84.5,2060s_2100A.txt
2060s,2100A,Novec_2100A,8.807,74.0,0.0,87.3,1601.0,86.1,2060s_2100A.txt
2060s,2100A,Novec_2100A,9.91,110.5,0.0,87.3,1601.0,86.6,2060s_2100A.txt
2060s,2100A,Novec_2100A,11.009,86.3,0.0,87.3,1601.0,85.1,2060s_2100A.txt
2060s,2100A,Novec_2100A,12.116,85.3,0.0,87.3,1601.0,86.7,2060s_2100A.txt
2060s,2100A,Novec_2100A,13.224,79.2,0.0,87.3,1601.0,86.8,2060s_2100A.txt
2060s,2100A,Novec_2100A,14.319,84.5,0.0,87.3,1601.0,87.1,2060s_2100A.txt
2060s,2100A,Novec_2100A,1.095,74.9,0.0,87.0,1601.0,86.5,2060s_2100A.txt
2060s,2100A,Novec_2100A,2.196,69.6,0.0,87.0,1601.0,86.0,2060s_2100A.txt
2060s,2100A,Novec_2100A,3.292,85.0,0.0,87.0,1601.0,87.6,2060s_2100A.txt
2060s,2100A,Novec_2100A,4.413,109.0,0.0,87.0,1601.0,90.4,2060s_2100A.txt
2060s,2100A,Novec_2100A,5.48,69.5,0.0,87.0,1601.0,87.0,2060s_2100A.txt
2060s,2100A,Novec_2100A,6.577,80.1,0.0,87.0,1601.0,87.7,2060s_2100A.txt
2060s,2100A,Novec_2100A,7.681,106.2,0.0,87.0,1601.0,89.7,2060s_2100A.txt
2060s,2100A,Novec_2100A,8.803,66.4,0.0,87.0,1601.0,84.8,2060s_2100A.txt
2060s,2100A,Novec_2100A,9.897,72.3,0.0,87.0,1601.0,83.9,2060s_2100A.txt
2060s,2100A,Novec_2100A,10.989,127.9,0.0,87.0,1601.0,88.4,2060s_2100A.txt
2060s,2100A,Novec_2100A,12.088,81.6,0.0,87.0,1601.0,87.3,2060s_2100A.txt
2060s,2100A,Novec_2100A,13.194,81.2,0.0,87.0,1601.0,88.9,2060s_2100A.txt
2060s,2100A,Novec_2100A,14.454,88.7,0.0,87.0,1601.0,85.5,2060s_2100A.txt
2060s,2100A,Novec_2100A,1.092,71.4,0.0,89.6,1601.0,85.3,2060s_2100A.txt
2060s,2100A,Novec_2100A,2.18,85.5,0.0,89.6,1601.0,88.3,2060s_2100A.txt
2060s,2100A,Novec_2100A,3.278,66.4,0.0,89.6,1601.0,86.0,2060s_2100A.txt
2060s,2100A,Novec_2100A,4.394,77.6,0.0,89.6,1601.0,88.9,2060s_2100A.txt
2060s,2100A,Novec_2100A,5.491,70.3,0.0,89.6,1601.0,86.6,2060s_2100A.txt
2060s,2100A,Novec_2100A,6.573,83.5,0.0,89.6,1601.0,88.2,2060s_2100A.txt
2060s,2100A,Novec_2100A,7.678,83.1,0.0,89.6,1601.0,88.6,2060s_2100A.txt
2060s,2100A,Novec_2100A,8.779,100.2,0.0,89.6,1601.0,88.5,2060s_2100A.txt
2060s,2100A,Novec_2100A,9.869,70.7,0.0,89.6,1601.0,86.5,2060s_2100A.txt
2060s,2100A,Novec_2100A,10.961,77.6,0.0,89.6,1601.0,89.9,2060s_2100A.txt
2060s,2100A,Novec_2100A,12.057,74.8,0.0,89.6,1601.0,87.3,2060s_2100A.txt
2060s,2100A,Novec_2100A,13.136,84.0,0.0,89.6,1601.0,87.5,2060s_2100A.txt
2060s,2100A,Novec_2100A,1.112,79.6,0.0,87.1,1601.0,87.4,2060s_2100A.txt
2060s,2100A,Novec_2100A,2.204,78.5,0.0,87.1,1601.0,87.5,2060s_2100A.txt
2060s,2100A,Novec_2100A,3.305,79.4,0.0,87.1,1601.0,87.4,2060s_2100A.txt
2060s,2100A,Novec_2100A,4.414,83.9,0.0,87.1,1601.0,88.0,2060s_2100A.txt
2060s,2100A,Novec_2100A,5.508,82.8,0.0,87.1,1601.0,87.3,2060s_2100A.txt
2060s,2100A,Novec_2100A,6.612,79.8,0.0,87.1,1601.0,87.8,2060s_2100A.txt
2060s,2100A,Novec_2100A,7.691,84.4,0.0,87.1,1601.0,87.8,2060s_2100A.txt
2060s,2100A,Novec_2100A,8.784,76.6,0.0,87.1,1601.0,87.1,2060s_2100A.txt
2060s,2100A,Novec_2100A,9.874,82.6,0.0,87.1,1601.0,87.5,2060s_2100A.txt
2060s,2100A,Novec_2100A,11.001,80.1,0.0,87.1,1601.0,87.3,2060s_2100A.txt
2060s,2100A,Novec_2100A,12.144,76.4,0.0,87.1,1601.0,87.4,2060s_2100A.txt
2060s,2100A,Novec_2100A,13.232,92.9,0.0,87.1,1601.0,89.4,2060s_2100A.txt
2060s,2100A,Novec_2100A,14.339,88.5,0.0,87.1,1601.0,89.3,2060s_2100A.txt
2060s,2100A,Novec_2100A,1.095,85.7,0.0,88.8,1601.0,88.8,2060s_2100A.txt
2060s,2100A,Novec_2100A,2.199,82.4,0.0,88.8,1601.0,88.7,2060s_2100A.txt
2060s,2100A,Novec_2100A,3.293,83.2,0.0,88.8,1601.0,88.8,2060s_2100A.txt
2060s,2100A,Novec_2100A,4.412,82.0,0.0,88.8,1601.0,88.1,2060s_2100A.txt
2060s,2100A,Novec_2100A,5.5120000000000005,82.0,0.0,88.8,1601.0,88.4,2060s_2100A.txt
2060s,2100A,Novec_2100A,6.589,82.9,0.0,88.8,1601.0,87.9,2060s_2100A.txt
2060s,2100A,Novec_2100A,7.686,67.7,0.0,88.8,1601.0,85.8,2060s_2100A.txt
2060s,2100A,Novec_2100A,8.783,75.8,0.0,88.8,1601.0,86.1,2060s_2100A.txt
2060s,2100A,Novec_2100A,9.859,63.9,0.0,88.8,1601.0,86.6,2060s_2100A.txt
2060s,2100A,Novec_2100A,10.97,98.3,0.0,88.8,1601.0,89.1,2060s_2100A.txt
2060s,2100A,Novec_2100A,12.08,53.2,0.0,88.8,1601.0,85.3,2060s_2100A.txt
2060s,2100A,Novec_2100A,13.271,64.8,0.0,88.8,1601.0,86.1,2060s_2100A.txt
2060s,2100A,Novec_2100A,14.378,81.9,0.0,88.8,1601.0,87.8,2060s_2100A.txt
2060s,2100A,Novec_2100A,1.092,79.4,0.0,86.3,1601.0,88.8,2060s_2100A.txt
2060s,2100A,Novec_2100A,2.18,77.9,0.0,86.3,1601.0,88.1,2060s_2100A.txt
2060s,2100A,Novec_2100A,3.297,86.6,0.0,86.3,1601.0,88.3,2060s_2100A.txt
2060s,2100A,Novec_2100A,4.412,87.2,0.0,86.3,1601.0,88.8,2060s_2100A.txt
2060s,2100A,Novec_2100A,5.521,77.7,0.0,86.3,1601.0,87.8,2060s_2100A.txt
2060s,2100A,Novec_2100A,6.649,123.4,0.0,86.3,1601.0,90.3,2060s_2100A.txt
2060s,2100A,Novec_2100A,7.759,84.2,0.0,86.3,1601.0,88.5,2060s_2100A.txt
2060s,2100A,Novec_2100A,8.846,93.4,0.0,86.3,1601.0,89.5,2060s_2100A.txt
2060s,2100A,Novec_2100A,9.938,84.4,0.0,86.3,1601.0,88.5,2060s_2100A.txt
2060s,2100A,Novec_2100A,11.038,72.7,0.0,86.3,1601.0,86.6,2060s_2100A.txt
2060s,2100A,Novec_2100A,12.132,64.7,0.0,86.3,1601.0,87.0,2060s_2100A.txt
2060s,2100A,Novec_2100A,13.251,74.1,0.0,86.3,1601.0,86.5,2060s_2100A.txt
2060s,2100A,Novec_2100A,1.112,70.2,0.0,87.1,1601.0,86.9,2060s_2100A.txt
2060s,2100A,Novec_2100A,2.19,71.4,0.0,87.1,1601.0,87.9,2060s_2100A.txt
2060s,2100A,Novec_2100A,3.292,71.6,0.0,87.1,1601.0,86.2,2060s_2100A.txt
2060s,2100A,Novec_2100A,4.394,69.8,0.0,87.1,1601.0,87.6,2060s_2100A.txt
2060s,2100A,Novec_2100A,5.507,83.1,0.0,87.1,1601.0,84.5,2060s_2100A.txt
2060s,2100A,Novec_2100A,6.569,78.1,0.0,87.1,1601.0,88.6,2060s_2100A.txt
2060s,2100A,Novec_2100A,7.677,60.1,0.0,87.1,1601.0,88.0,2060s_2100A.txt
2060s,2100A,Novec_2100A,8.833,65.6,0.0,87.1,1601.0,86.5,2060s_2100A.txt
2060s,2100A,Novec_2100A,9.912,77.2,0.0,87.1,1601.0,87.6,2060s_2100A.txt
2060s,2100A,Novec_2100A,11.015,75.5,0.0,87.1,1601.0,86.1,2060s_2100A.txt
2060s,2100A,Novec_2100A,12.114,116.1,0.0,87.1,1601.0,89.9,2060s_2100A.txt
2060s,2100A,Novec_2100A,13.209,66.0,0.0,87.1,1601.0,88.4,2060s_2100A.txt
2060s,2100A,Novec_2100A,14.319,91.3,0.0,87.1,1601.0,89.1,2060s_2100A.txt
2060s,2100A,Novec_2100A,1.085,111.1,0.0,87.6,1601.0,89.2,2060s_2100A.txt
2060s,2100A,Novec_2100A,2.2,84.5,0.0,87.6,1601.0,87.3,2060s_2100A.txt
2060s,2100A,Novec_2100A,3.281,81.0,0.0,87.6,1601.0,88.3,2060s_2100A.txt
2060s,2100A,Novec_2100A,4.369,101.8,0.0,87.6,1601.0,91.1,2060s_2100A.txt
2060s,2100A,Novec_2100A,5.592,41.4,0.0,87.6,1601.0,85.3,2060s_2100A.txt
2060s,2100A,Novec_2100A,6.987,60.6,0.0,87.6,1601.0,80.7,2060s_2100A.txt
2060s,2100A,Novec_2100A,8.012,83.8,0.0,87.6,1601.0,88.1,2060s_2100A.txt
2060s,2100A,Novec_2100A,9.12,84.5,0.0,87.6,1601.0,87.9,2060s_2100A.txt
2060s,2100A,Novec_2100A,10.308,87.9,0.0,87.6,1601.0,89.1,2060s_2100A.txt
2060s,2100A,Novec_2100A,11.427,53.5,0.0,87.6,1601.0,85.3,2060s_2100A.txt
2060s,2100A,Novec_2100A,12.905,31.4,0.0,87.6,1601.0,75.9,2060s_2100A.txt
2060s,2100A,Novec_2100A,14.051,88.4,0.0,87.6,1601.0,88.9,2060s_2100A.txt
2060s,2100A,Novec_2100A,1.205,88.8,0.0,85.3,1601.0,88.3,2060s_2100A.txt
2060s,2100A,Novec_2100A,2.301,74.9,0.0,85.3,1601.0,87.1,2060s_2100A.txt
2060s,2100A,Novec_2100A,3.467,55.5,0.0,85.3,1601.0,84.8,2060s_2100A.txt
2060s,2100A,Novec_2100A,4.599,82.6,0.0,85.3,1601.0,87.9,2060s_2100A.txt
2060s,2100A,Novec_2100A,5.689,81.8,0.0,85.3,1601.0,87.3,2060s_2100A.txt
2060s,2100A,Novec_2100A,6.8100000000000005,88.7,0.0,85.3,1601.0,88.8,2060s_2100A.txt
2060s,2100A,Novec_2100A,7.9030000000000005,90.8,0.0,85.3,1601.0,88.8,2060s_2100A.txt
2060s,2100A,Novec_2100A,9.005,78.2,0.0,85.3,1601.0,88.1,2060s_2100A.txt
2060s,2100A,Novec_2100A,10.122,91.2,0.0,85.3,1601.0,90.3,2060s_2100A.txt
2060s,2100A,Novec_2100A,11.206,79.6,0.0,85.3,1601.0,87.8,2060s_2100A.txt
2060s,2100A,Novec_2100A,12.311,84.5,0.0,85.3,1601.0,88.7,2060s_2100A.txt
2060s,2100A,Novec_2100A,13.411,83.2,0.0,85.3,1601.0,88.7,2060s_2100A.txt
2060s,2100A,Novec_2100A,1.096,61.0,0.0,88.8,1601.0,87.5,2060s_2100A.txt
2060s,2100A,Novec_2100A,2.186,117.2,0.0,88.8,1601.0,89.2,2060s_2100A.txt
2060s,2100A,Novec_2100A,3.303,83.8,0.0,88.8,1601.0,87.4,2060s_2100A.txt
2060s,2100A,Novec_2100A,4.419,117.6,0.0,88.8,1601.0,90.1,2060s_2100A.txt
2060s,2100A,Novec_2100A,5.639,60.8,0.0,88.8,1601.0,87.3,2060s_2100A.txt
2060s,2100A,Novec_2100A,6.732,72.3,0.0,88.8,1601.0,85.9,2060s_2100A.txt
2060s,2100A,Novec_2100A,7.8149999999999995,81.7,0.0,88.8,1601.0,88.4,2060s_2100A.txt
2060s,2100A,Novec_2100A,8.918,73.7,0.0,88.8,1601.0,85.4,2060s_2100A.txt
2060s,2100A,Novec_2100A,10.021,84.7,0.0,88.8,1601.0,87.3,2060s_2100A.txt
2060s,2100A,Novec_2100A,11.126,86.7,0.0,88.8,1601.0,87.8,2060s_2100A.txt
2060s,2100A,Novec_2100A,12.338,72.0,0.0,88.8,1601.0,86.8,2060s_2100A.txt
2060s,2100A,Novec_2100A,13.549,49.3,0.0,88.8,1601.0,71.7,2060s_2100A.txt
2060s,2100A,Novec_2100A,1.144,89.6,0.0,69.5,1601.0,75.3,2060s_2100A.txt
2060s,2100A,Novec_2100A,2.205,76.6,0.0,69.5,1601.0,71.6,2060s_2100A.txt
2060s,2100A,Novec_2100A,3.313,97.8,0.0,69.5,1601.0,80.1,2060s_2100A.txt
2060s,2100A,Novec_2100A,4.644,91.3,0.0,69.5,1601.0,77.5,2060s_2100A.txt
2060s,2100A,Novec_2100A,5.727,42.7,0.0,69.5,1601.0,71.8,2060s_2100A.txt
2060s,2100A,Novec_2100A,6.918,94.4,0.0,69.5,1601.0,77.4,2060s_2100A.txt
2060s,2100A,Novec_2100A,8.036,95.5,0.0,69.5,1601.0,84.4,2060s_2100A.txt
2060s,2100A,Novec_2100A,9.12,83.2,0.0,69.5,1601.0,87.0,2060s_2100A.txt
2060s,2100A,Novec_2100A,10.217,80.6,0.0,69.5,1601.0,86.8,2060s_2100A.txt
2060s,2100A,Novec_2100A,11.307,78.8,0.0,69.5,1601.0,85.8,2060s_2100A.txt
2060s,2100A,Novec_2100A,12.403,72.9,0.0,69.5,1601.0,75.8,2060s_2100A.txt
2060s,2100A,Novec_2100A,13.516,67.1,0.0,69.5,1601.0,76.4,2060s_2100A.txt
2060s,2100A,Novec_2100A,14.618,130.4,0.0,69.5,1601.0,84.5,2060s_2100A.txt
2060s,2100A,Novec_2100A,1.227,71.7,0.0,85.0,1601.0,84.5,2060s_2100A.txt
2060s,2100A,Novec_2100A,2.438,91.5,0.0,85.0,1601.0,78.1,2060s_2100A.txt
2060s,2100A,Novec_2100A,3.643,113.9,0.0,85.0,1601.0,83.9,2060s_2100A.txt
2060s,2100A,Novec_2100A,4.859,41.2,0.0,85.0,1601.0,83.0,2060s_2100A.txt
2060s,2100A,Novec_2100A,6.271,101.3,0.0,85.0,1601.0,88.1,2060s_2100A.txt
2060s,2100A,Novec_2100A,7.378,79.8,0.0,85.0,1601.0,87.8,2060s_2100A.txt
2060s,2100A,Novec_2100A,8.468,85.3,0.0,85.0,1601.0,88.1,2060s_2100A.txt
2060s,2100A,Novec_2100A,9.600999999999999,69.4,0.0,85.0,1601.0,88.7,2060s_2100A.txt
2060s,2100A,Novec_2100A,10.733,36.8,0.0,85.0,1601.0,68.8,2060s_2100A.txt
2060s,2100A,Novec_2100A,11.83,92.3,0.0,85.0,1601.0,73.8,2060s_2100A.txt
2060s,2100A,Novec_2100A,12.896,112.3,0.0,85.0,1601.0,84.8,2060s_2100A.txt
2060s,2100A,Novec_2100A,13.995,98.6,0.0,85.0,1601.0,87.2,2060s_2100A.txt
2060s,2100A,Novec_2100A,1.107,86.3,0.0,85.6,1601.0,87.2,2060s_2100A.txt
2060s,2100A,Novec_2100A,2.193,84.9,0.0,85.6,1601.0,88.9,2060s_2100A.txt
2060s,2100A,Novec_2100A,3.306,84.9,0.0,85.6,1601.0,88.2,2060s_2100A.txt
2060s,2100A,Novec_2100A,4.417,79.8,0.0,85.6,1601.0,88.8,2060s_2100A.txt
2060s,2100A,Novec_2100A,5.516,78.8,0.0,85.6,1601.0,87.9,2060s_2100A.txt
2060s,2100A,Novec_2100A,6.608,84.2,0.0,85.6,1601.0,88.4,2060s_2100A.txt
2060s,2100A,Novec_2100A,7.8309999999999995,60.8,0.0,85.6,1601.0,78.2,2060s_2100A.txt
2060s,2100A,Novec_2100A,8.929,88.3,0.0,85.6,1601.0,82.6,2060s_2100A.txt
2060s,2100A,Novec_2100A,10.044,93.2,0.0,85.6,1601.0,88.0,2060s_2100A.txt
2060s,2100A,Novec_2100A,11.498,109.2,0.0,85.6,1601.0,83.3,2060s_2100A.txt
2060s,2100A,Novec_2100A,12.683,72.0,0.0,85.6,1601.0,84.4,2060s_2100A.txt
2060s,2100A,Novec_2100A,13.79,78.7,0.0,85.6,1601.0,85.2,2060s_2100A.txt
2060s,2100A,Novec_2100A,1.075,101.4,0.0,88.2,1601.0,86.4,2060s_2100A.txt
2060s,2100A,Novec_2100A,2.185,65.4,0.0,88.2,1601.0,83.7,2060s_2100A.txt
2060s,2100A,Novec_2100A,3.278,96.4,0.0,88.2,1601.0,89.0,2060s_2100A.txt
2060s,2100A,Novec_2100A,4.448,85.6,0.0,88.2,1601.0,87.2,2060s_2100A.txt
2060s,2100A,Novec_2100A,5.481,74.9,0.0,88.2,1601.0,85.6,2060s_2100A.txt
2060s,2100A,Novec_2100A,6.6,84.3,0.0,88.2,1601.0,87.9,2060s_2100A.txt
2060s,2100A,Novec_2100A,7.7,83.6,0.0,88.2,1601.0,87.9,2060s_2100A.txt
2060s,2100A,Novec_2100A,8.806000000000001,69.6,0.0,88.2,1601.0,86.8,2060s_2100A.txt
2060s,2100A,Novec_2100A,9.898,71.5,0.0,88.2,1601.0,88.4,2060s_2100A.txt
2060s,2100A,Novec_2100A,10.992,67.4,0.0,88.2,1601.0,85.6,2060s_2100A.txt
2060s,2100A,Novec_2100A,12.09,85.7,0.0,88.2,1601.0,87.6,2060s_2100A.txt
2060s,2100A,Novec_2100A,13.195,77.9,0.0,88.2,1601.0,87.5,2060s_2100A.txt
2060s,2100A,Novec_2100A,1.117,89.2,0.0,88.5,1601.0,88.3,2060s_2100A.txt
2060s,2100A,Novec_2100A,2.186,56.3,0.0,88.5,1601.0,83.6,2060s_2100A.txt
2060s,2100A,Novec_2100A,3.281,94.2,0.0,88.5,1601.0,87.7,2060s_2100A.txt
2060s,2100A,Novec_2100A,4.364,88.1,0.0,88.5,1601.0,87.3,2060s_2100A.txt
2060s,2100A,Novec_2100A,5.486,105.5,0.0,88.5,1601.0,89.4,2060s_2100A.txt
2060s,2100A,Novec_2100A,6.586,78.2,0.0,88.5,1601.0,88.5,2060s_2100A.txt
2060s,2100A,Novec_2100A,7.694,97.1,0.0,88.5,1601.0,88.3,2060s_2100A.txt
2060s,2100A,Novec_2100A,8.79,83.6,0.0,88.5,1601.0,87.3,2060s_2100A.txt
2060s,2100A,Novec_2100A,9.869,80.0,0.0,88.5,1601.0,86.3,2060s_2100A.txt
2060s,2100A,Novec_2100A,10.975,87.5,0.0,88.5,1601.0,87.5,2060s_2100A.txt
2060s,2100A,Novec_2100A,12.067,76.7,0.0,88.5,1601.0,87.9,2060s_2100A.txt
2060s,2100A,Novec_2100A,13.162,70.7,0.0,88.5,1601.0,85.7,2060s_2100A.txt
2060s,2100A,Novec_2100A,14.255,62.8,0.0,88.5,1601.0,83.6,2060s_2100A.txt
2060s,2100A,Novec_2100A,1.079,66.4,0.0,87.5,1601.0,87.4,2060s_2100A.txt
2060s,2100A,Novec_2100A,2.207,118.2,0.0,87.5,1601.0,90.3,2060s_2100A.txt
2060s,2100A,Novec_2100A,3.281,71.1,0.0,87.5,1601.0,86.8,2060s_2100A.txt
2060s,2100A,Novec_2100A,4.562,54.7,0.0,87.5,1601.0,75.8,2060s_2100A.txt
2060s,2100A,Novec_2100A,5.628,115.7,0.0,87.5,1601.0,86.3,2060s_2100A.txt
2060s,2100A,Novec_2100A,6.72,92.8,0.0,87.5,1601.0,86.9,2060s_2100A.txt
2060s,2100A,Novec_2100A,7.807,67.1,0.0,87.5,1601.0,84.3,2060s_2100A.txt
2060s,2100A,Novec_2100A,9.033,121.6,0.0,87.5,1601.0,87.8,2060s_2100A.txt
2060s,2100A,Novec_2100A,10.229,68.7,0.0,87.5,1601.0,85.0,2060s_2100A.txt
2060s,2100A,Novec_2100A,11.555,61.3,0.0,87.5,1601.0,77.8,2060s_2100A.txt
2060s,2100A,Novec_2100A,12.993,111.0,0.0,87.5,1601.0,79.4,2060s_2100A.txt
2060s,2100A,Novec_2100A,1.121,83.5,0.0,86.3,1601.0,88.3,2060s_2100A.txt
2060s,2100A,Novec_2100A,2.539,112.5,0.0,86.3,1601.0,89.7,2060s_2100A.txt
2060s,2100A,Novec_2100A,3.763,40.9,0.0,86.3,1601.0,84.3,2060s_2100A.txt
2060s,2100A,Novec_2100A,5.044,57.3,0.0,86.3,1601.0,80.3,2060s_2100A.txt
2060s,2100A,Novec_2100A,6.145,82.0,0.0,86.3,1601.0,87.7,2060s_2100A.txt
2060s,2100A,Novec_2100A,7.369,70.5,0.0,86.3,1601.0,84.8,2060s_2100A.txt
2060s,2100A,Novec_2100A,8.516,49.6,0.0,86.3,1601.0,79.3,2060s_2100A.txt
2060s,2100A,Novec_2100A,9.669,86.0,0.0,86.3,1601.0,87.3,2060s_2100A.txt
2060s,2100A,Novec_2100A,10.753,99.6,0.0,86.3,1601.0,88.6,2060s_2100A.txt
2060s,2100A,Novec_2100A,11.868,83.2,0.0,86.3,1601.0,88.3,2060s_2100A.txt
2060s,2100A,Novec_2100A,12.975999999999999,74.4,0.0,86.3,1601.0,86.6,2060s_2100A.txt
2060s,2100A,Novec_2100A,14.09,74.3,0.0,86.3,1601.0,85.4,2060s_2100A.txt
2060s,2100A,Novec_2100A,1.538,97.4,0.0,90.1,1601.0,82.1,2060s_2100A.txt
2060s,2100A,Novec_2100A,2.742,76.0,0.0,90.1,1601.0,84.3,2060s_2100A.txt
2060s,2100A,Novec_2100A,3.831,97.1,0.0,90.1,1601.0,88.8,2060s_2100A.txt
2060s,2100A,Novec_2100A,4.944,87.8,0.0,90.1,1601.0,89.5,2060s_2100A.txt
2060s,2100A,Novec_2100A,6.044,67.8,0.0,90.1,1601.0,83.9,2060s_2100A.txt
2060s,2100A,Novec_2100A,7.152,44.6,0.0,90.1,1601.0,79.8,2060s_2100A.txt
2060s,2100A,Novec_2100A,8.371,74.5,0.0,90.1,1601.0,83.1,2060s_2100A.txt
2060s,2100A,Novec_2100A,9.611,83.9,0.0,90.1,1601.0,81.2,2060s_2100A.txt
2060s,2100A,Novec_2100A,10.699,116.6,0.0,90.1,1601.0,88.6,2060s_2100A.txt
2060s,2100A,Novec_2100A,11.792,112.6,0.0,90.1,1601.0,88.3,2060s_2100A.txt
2060s,2100A,Novec_2100A,13.231,111.0,0.0,90.1,1601.0,89.3,2060s_2100A.txt
2060s,2100A,Novec_2100A,14.298,82.0,0.0,90.1,1601.0,87.2,2060s_2100A.txt
2060s,2100A,Novec_2100A,1.331,80.5,0.0,88.7,1601.0,86.0,2060s_2100A.txt
2060s,2100A,Novec_2100A,2.433,115.8,0.0,88.7,1601.0,87.0,2060s_2100A.txt
2060s,2100A,Novec_2100A,3.518,108.9,0.0,88.7,1601.0,90.5,2060s_2100A.txt
2060s,2100A,Novec_2100A,4.735,121.7,0.0,88.7,1601.0,86.0,2060s_2100A.txt
2060s,2100A,Novec_2100A,5.835,84.7,0.0,88.7,1601.0,88.7,2060s_2100A.txt
2060s,2100A,Novec_2100A,6.93,88.5,0.0,88.7,1601.0,88.3,2060s_2100A.txt
2060s,2100A,Novec_2100A,8.026,79.8,0.0,88.7,1601.0,87.8,2060s_2100A.txt
2060s,2100A,Novec_2100A,9.111,79.6,0.0,88.7,1601.0,87.2,2060s_2100A.txt
2060s,2100A,Novec_2100A,10.221,73.3,0.0,88.7,1601.0,87.4,2060s_2100A.txt
2060s,2100A,Novec_2100A,11.345,70.2,0.0,88.7,1601.0,87.5,2060s_2100A.txt
2060s,2100A,Novec_2100A,12.443,86.9,0.0,88.7,1601.0,88.0,2060s_2100A.txt
2060s,2100A,Novec_2100A,13.751,113.7,0.0,88.7,1601.0,86.9,2060s_2100A.txt
2060s,2100A,Novec_2100A,1.203,61.1,0.0,90.1,1601.0,84.1,2060s_2100A.txt
2060s,2100A,Novec_2100A,2.319,90.0,0.0,90.1,1601.0,89.4,2060s_2100A.txt
2060s,2100A,Novec_2100A,3.413,87.6,0.0,90.1,1601.0,89.3,2060s_2100A.txt
2060s,2100A,Novec_2100A,4.502,144.8,0.0,90.1,1601.0,90.6,2060s_2100A.txt
2060s,2100A,Novec_2100A,5.71,94.4,0.0,90.1,1601.0,90.3,2060s_2100A.txt
2060s,2100A,Novec_2100A,6.941,70.3,0.0,90.1,1601.0,88.6,2060s_2100A.txt
2060s,2100A,Novec_2100A,8.043,87.8,0.0,90.1,1601.0,88.9,2060s_2100A.txt
2060s,2100A,Novec_2100A,9.144,81.8,0.0,90.1,1601.0,88.6,2060s_2100A.txt
2060s,2100A,Novec_2100A,10.244,86.0,0.0,90.1,1601.0,89.2,2060s_2100A.txt
2060s,2100A,Novec_2100A,11.35,71.4,0.0,90.1,1601.0,87.2,2060s_2100A.txt
2060s,2100A,Novec_2100A,12.477,77.9,0.0,90.1,1601.0,88.7,2060s_2100A.txt
2060s,2100A,Novec_2100A,13.572,81.4,0.0,90.1,1601.0,87.8,2060s_2100A.txt
2060s,2100A,Novec_2100A,1.102,77.0,0.0,88.4,1601.0,88.4,2060s_2100A.txt
2060s,2100A,Novec_2100A,2.197,62.2,0.0,88.4,1601.0,86.7,2060s_2100A.txt
2060s,2100A,Novec_2100A,3.398,83.3,0.0,88.4,1601.0,88.4,2060s_2100A.txt
2060s,2100A,Novec_2100A,4.518,94.2,0.0,88.4,1601.0,90.7,2060s_2100A.txt
2060s,2100A,Novec_2100A,5.601,84.5,0.0,88.4,1601.0,88.3,2060s_2100A.txt
2060s,2100A,Novec_2100A,6.6850000000000005,105.1,0.0,88.4,1601.0,90.8,2060s_2100A.txt
2060s,2100A,Novec_2100A,8.106,91.8,0.0,88.4,1601.0,89.8,2060s_2100A.txt
2060s,2100A,Novec_2100A,9.119,125.6,0.0,88.4,1601.0,87.1,2060s_2100A.txt
2060s,2100A,Novec_2100A,10.331,83.7,0.0,88.4,1601.0,85.2,2060s_2100A.txt
2060s,2100A,Novec_2100A,11.435,43.4,0.0,88.4,1601.0,81.3,2060s_2100A.txt
2060s,2100A,Novec_2100A,12.519,56.3,0.0,88.4,1601.0,83.4,2060s_2100A.txt
2060s,2100A,Novec_2100A,13.607,100.2,0.0,88.4,1601.0,81.2,2060s_2100A.txt
2060s,2100A,Novec_2100A,1.224,82.1,0.0,68.9,1601.0,83.7,2060s_2100A.txt
2060s,2100A,Novec_2100A,2.583,124.3,0.0,68.9,1601.0,88.5,2060s_2100A.txt
2060s,2100A,Novec_2100A,3.807,76.6,0.0,68.9,1601.0,85.4,2060s_2100A.txt
2060s,2100A,Novec_2100A,5.127,52.2,0.0,68.9,1601.0,82.7,2060s_2100A.txt
2060s,2100A,Novec_2100A,6.328,128.7,0.0,68.9,1601.0,86.9,2060s_2100A.txt
2060s,2100A,Novec_2100A,7.562,78.4,0.0,68.9,1601.0,85.4,2060s_2100A.txt
2060s,2100A,Novec_2100A,8.732,85.9,0.0,68.9,1601.0,89.3,2060s_2100A.txt
2060s,2100A,Novec_2100A,9.933,100.3,0.0,68.9,1601.0,88.5,2060s_2100A.txt
2060s,2100A,Novec_2100A,11.018,72.3,0.0,68.9,1601.0,87.7,2060s_2100A.txt
2060s,2100A,Novec_2100A,12.141,76.2,0.0,68.9,1601.0,87.1,2060s_2100A.txt
2060s,2100A,Novec_2100A,13.23,78.8,0.0,68.9,1601.0,87.2,2060s_2100A.txt
2060s,2100A,Novec_2100A,14.333,81.0,0.0,68.9,1601.0,87.6,2060s_2100A.txt
2060s,2100A,Novec_2100A,1.106,86.2,0.0,86.6,1601.0,88.2,2060s_2100A.txt
2060s,2100A,Novec_2100A,2.321,98.8,0.0,86.6,1601.0,86.8,2060s_2100A.txt
2060s,2100A,Novec_2100A,3.561,47.2,0.0,86.6,1601.0,81.1,2060s_2100A.txt
2060s,2100A,Novec_2100A,4.626,93.4,0.0,86.6,1601.0,87.6,2060s_2100A.txt
2060s,2100A,Novec_2100A,5.742,76.3,0.0,86.6,1601.0,86.8,2060s_2100A.txt
2060s,2100A,Novec_2100A,7.083,34.3,0.0,86.6,1601.0,76.2,2060s_2100A.txt
2060s,2100A,Novec_2100A,8.298,63.1,0.0,86.6,1601.0,83.0,2060s_2100A.txt
2060s,2100A,Novec_2100A,9.356,118.6,0.0,86.6,1601.0,77.9,2060s_2100A.txt
2060s,2100A,Novec_2100A,10.559,78.6,0.0,86.6,1601.0,84.0,2060s_2100A.txt
2060s,2100A,Novec_2100A,11.756,42.0,0.0,86.6,1601.0,76.8,2060s_2100A.txt
2060s,2100A,Novec_2100A,12.857,89.4,0.0,86.6,1601.0,87.8,2060s_2100A.txt
2060s,2100A,Novec_2100A,13.958,74.2,0.0,86.6,1601.0,87.5,2060s_2100A.txt
2060s,2100A,Novec_2100A,1.084,76.9,0.0,87.4,1601.0,87.8,2060s_2100A.txt
2060s,2100A,Novec_2100A,2.196,70.2,0.0,87.4,1601.0,85.6,2060s_2100A.txt
2060s,2100A,Novec_2100A,3.281,87.7,0.0,87.4,1601.0,88.7,2060s_2100A.txt
2060s,2100A,Novec_2100A,4.366,77.9,0.0,87.4,1601.0,87.8,2060s_2100A.txt
2060s,2100A,Novec_2100A,5.461,66.4,0.0,87.4,1601.0,86.0,2060s_2100A.txt
2060s,2100A,Novec_2100A,6.579,89.4,0.0,87.4,1601.0,88.6,2060s_2100A.txt
2060s,2100A,Novec_2100A,7.645,94.2,0.0,87.4,1601.0,88.4,2060s_2100A.txt
2060s,2100A,Novec_2100A,9.09,114.4,0.0,87.4,1601.0,88.4,2060s_2100A.txt
2060s,2100A,Novec_2100A,10.18,80.3,0.0,87.4,1601.0,88.0,2060s_2100A.txt
2060s,2100A,Novec_2100A,11.267,89.8,0.0,87.4,1601.0,89.3,2060s_2100A.txt
2060s,2100A,Novec_2100A,12.367,82.8,0.0,87.4,1601.0,86.6,2060s_2100A.txt
2060s,2100A,Novec_2100A,13.465,72.0,0.0,87.4,1601.0,87.4,2060s_2100A.txt
2060s,2100A,Novec_2100A,1.078,84.1,0.0,87.3,1601.0,88.9,2060s_2100A.txt
2060s,2100A,Novec_2100A,2.262,94.7,0.0,87.3,1601.0,91.3,2060s_2100A.txt
2060s,2100A,Novec_2100A,3.301,64.0,0.0,87.3,1601.0,87.9,2060s_2100A.txt
2060s,2100A,Novec_2100A,4.508,78.9,0.0,87.3,1601.0,87.8,2060s_2100A.txt
2060s,2100A,Novec_2100A,5.628,71.4,0.0,87.3,1601.0,85.7,2060s_2100A.txt
2060s,2100A,Novec_2100A,6.828,77.1,0.0,87.3,1601.0,87.7,2060s_2100A.txt
2060s,2100A,Novec_2100A,7.947,73.3,0.0,87.3,1601.0,86.1,2060s_2100A.txt
2060s,2100A,Novec_2100A,9.023,79.6,0.0,87.3,1601.0,88.3,2060s_2100A.txt
2060s,2100A,Novec_2100A,10.125,75.3,0.0,87.3,1601.0,86.9,2060s_2100A.txt
2060s,2100A,Novec_2100A,11.515,29.5,0.0,87.3,1601.0,80.3,2060s_2100A.txt
2060s,2100A,Novec_2100A,12.868,72.8,0.0,87.3,1601.0,77.8,2060s_2100A.txt
2060s,2100A,Novec_2100A,13.887,83.6,0.0,87.3,1601.0,86.9,2060s_2100A.txt
2060s,2100A,Novec_2100A,1.198,85.3,0.0,83.5,1601.0,88.0,2060s_2100A.txt
2060s,2100A,Novec_2100A,2.418,41.0,0.0,83.5,1601.0,83.0,2060s_2100A.txt
2060s,2100A,Novec_2100A,3.615,114.5,0.0,83.5,1601.0,87.7,2060s_2100A.txt
2060s,2100A,Novec_2100A,4.8100000000000005,110.2,0.0,83.5,1601.0,87.4,2060s_2100A.txt
2060s,2100A,Novec_2100A,6.368,90.4,0.0,83.5,1601.0,85.0,2060s_2100A.txt
2060s,2100A,Novec_2100A,7.479,82.6,0.0,83.5,1601.0,88.2,2060s_2100A.txt
2060s,2100A,Novec_2100A,8.578,91.7,0.0,83.5,1601.0,85.9,2060s_2100A.txt
2060s,2100A,Novec_2100A,9.734,83.1,0.0,83.5,1601.0,86.9,2060s_2100A.txt
2060s,2100A,Novec_2100A,11.412,70.7,0.0,83.5,1601.0,82.8,2060s_2100A.txt
2060s,2100A,Novec_2100A,12.456,79.6,0.0,83.5,1601.0,86.8,2060s_2100A.txt
2060s,2100A,Novec_2100A,13.538,84.5,0.0,83.5,1601.0,88.5,2060s_2100A.txt
2060s,2100A,Novec_2100A,1.097,83.2,0.0,88.5,1601.0,89.0,2060s_2100A.txt
2060s,2100A,Novec_2100A,2.233,65.5,0.0,88.5,1601.0,86.4,2060s_2100A.txt
2060s,2100A,Novec_2100A,3.406,75.2,0.0,88.5,1601.0,88.1,2060s_2100A.txt
2060s,2100A,Novec_2100A,4.648,73.6,0.0,88.5,1601.0,87.5,2060s_2100A.txt
2060s,2100A,Novec_2100A,5.728,83.7,0.0,88.5,1601.0,89.2,2060s_2100A.txt
2060s,2100A,Novec_2100A,7.222,121.9,0.0,88.5,1601.0,89.5,2060s_2100A.txt
2060s,2100A,Novec_2100A,8.51,68.3,0.0,88.5,1601.0,86.9,2060s_2100A.txt
2060s,2100A,Novec_2100A,9.804,117.9,0.0,88.5,1601.0,88.0,2060s_2100A.txt
2060s,2100A,Novec_2100A,11.454,121.7,0.0,88.5,1601.0,90.1,2060s_2100A.txt
2060s,2100A,Novec_2100A,12.669,89.4,0.0,88.5,1601.0,88.4,2060s_2100A.txt
2060s,2100A,Novec_2100A,13.81,88.3,0.0,88.5,1601.0,87.8,2060s_2100A.txt
2060s,2100A,Novec_2100A,1.081,90.3,0.0,90.2,1601.0,88.8,2060s_2100A.txt
2060s,2100A,Novec_2100A,2.174,89.6,0.0,90.2,1601.0,87.9,2060s_2100A.txt
2060s,2100A,Novec_2100A,3.283,81.4,0.0,90.2,1601.0,87.2,2060s_2100A.txt
2060s,2100A,Novec_2100A,4.388,83.0,0.0,90.2,1601.0,87.2,2060s_2100A.txt
2060s,2100A,Novec_2100A,5.48,78.0,0.0,90.2,1601.0,86.8,2060s_2100A.txt
2060s,2100A,Novec_2100A,6.585,78.2,0.0,90.2,1601.0,87.1,2060s_2100A.txt
2060s,2100A,Novec_2100A,7.703,79.2,0.0,90.2,1601.0,86.8,2060s_2100A.txt
2060s,2100A,Novec_2100A,8.793,78.1,0.0,90.2,1601.0,88.1,2060s_2100A.txt
2060s,2100A,Novec_2100A,9.889,111.9,0.0,90.2,1601.0,90.3,2060s_2100A.txt
2060s,2100A,Novec_2100A,10.977,84.9,0.0,90.2,1601.0,87.8,2060s_2100A.txt
2060s,2100A,Novec_2100A,12.093,94.1,0.0,90.2,1601.0,83.6,2060s_2100A.txt
2060s,2100A,Novec_2100A,13.312,78.8,0.0,90.2,1601.0,88.8,2060s_2100A.txt
2060s,2100A,Novec_2100A,14.41,74.8,0.0,90.2,1601.0,87.6,2060s_2100A.txt
2060s,2100A,Novec_2100A,1.085,63.1,0.0,89.3,1601.0,85.6,2060s_2100A.txt
2060s,2100A,Novec_2100A,2.382,94.8,0.0,89.3,1601.0,86.0,2060s_2100A.txt
2060s,2100A,Novec_2100A,3.401,87.6,0.0,89.3,1601.0,89.3,2060s_2100A.txt
2060s,2100A,Novec_2100A,4.491,77.8,0.0,89.3,1601.0,89.9,2060s_2100A.txt
2060s,2100A,Novec_2100A,5.619,83.7,0.0,89.3,1601.0,89.9,2060s_2100A.txt
2060s,2100A,Novec_2100A,6.896,30.8,0.0,89.3,1601.0,81.2,2060s_2100A.txt
2060s,2100A,Novec_2100A,7.992,80.4,0.0,89.3,1601.0,88.1,2060s_2100A.txt
2060s,2100A,Novec_2100A,9.112,77.7,0.0,89.3,1601.0,87.8,2060s_2100A.txt
2060s,2100A,Novec_2100A,10.354,43.5,0.0,89.3,1601.0,80.5,2060s_2100A.txt
2060s,2100A,Novec_2100A,11.773,89.3,0.0,89.3,1601.0,75.8,2060s_2100A.txt
2060s,2100A,Novec_2100A,12.875,101.1,0.0,89.3,1601.0,90.1,2060s_2100A.txt
2060s,2100A,Novec_2100A,14.076,113.0,0.0,89.3,1601.0,86.1,2060s_2100A.txt
2060s,2100A,Novec_2100A,1.098,72.2,0.0,89.3,1601.0,87.5,2060s_2100A.txt
2060s,2100A,Novec_2100A,2.211,62.9,0.0,89.3,1601.0,84.7,2060s_2100A.txt
2060s,2100A,Novec_2100A,3.308,68.6,0.0,89.3,1601.0,84.5,2060s_2100A.txt
2060s,2100A,Novec_2100A,4.424,80.6,0.0,89.3,1601.0,88.0,2060s_2100A.txt
2060s,2100A,Novec_2100A,5.523,115.9,0.0,89.3,1601.0,90.9,2060s_2100A.txt
2060s,2100A,Novec_2100A,6.599,65.9,0.0,89.3,1601.0,87.1,2060s_2100A.txt
2060s,2100A,Novec_2100A,7.716,88.9,0.0,89.3,1601.0,89.5,2060s_2100A.txt
2060s,2100A,Novec_2100A,8.829,74.2,0.0,89.3,1601.0,88.3,2060s_2100A.txt
2060s,2100A,Novec_2100A,9.911,67.4,0.0,89.3,1601.0,85.8,2060s_2100A.txt
2060s,2100A,Novec_2100A,11.075,65.2,0.0,89.3,1601.0,80.8,2060s_2100A.txt
2060s,2100A,Novec_2100A,12.327,54.4,0.0,89.3,1601.0,78.8,2060s_2100A.txt
2060s,2100A,Novec_2100A,13.356,75.0,0.0,89.3,1601.0,86.0,2060s_2100A.txt
2060s,2100A,Novec_2100A,1.1,82.9,0.0,86.6,1601.0,88.1,2060s_2100A.txt
2060s,2100A,Novec_2100A,2.205,63.5,0.0,86.6,1601.0,82.8,2060s_2100A.txt
2060s,2100A,Novec_2100A,3.437,50.3,0.0,86.6,1601.0,75.4,2060s_2100A.txt
2060s,2100A,Novec_2100A,4.624,126.8,0.0,86.6,1601.0,89.0,2060s_2100A.txt
2060s,2100A,Novec_2100A,5.729,77.2,0.0,86.6,1601.0,86.8,2060s_2100A.txt
2060s,2100A,Novec_2100A,6.793,89.1,0.0,86.6,1601.0,87.8,2060s_2100A.txt
2060s,2100A,Novec_2100A,7.905,73.1,0.0,86.6,1601.0,85.8,2060s_2100A.txt
2060s,2100A,Novec_2100A,9.007,62.7,0.0,86.6,1601.0,84.1,2060s_2100A.txt
2060s,2100A,Novec_2100A,10.096,76.1,0.0,86.6,1601.0,83.7,2060s_2100A.txt
2060s,2100A,Novec_2100A,11.367,139.9,0.0,86.6,1601.0,87.9,2060s_2100A.txt
2060s,2100A,Novec_2100A,12.372,86.2,0.0,86.6,1601.0,88.0,2060s_2100A.txt
2060s,2100A,Novec_2100A,13.479,88.6,0.0,86.6,1601.0,87.9,2060s_2100A.txt
2060s,2100A,Novec_2100A,14.697,77.9,0.0,86.6,1601.0,87.9,2060s_2100A.txt
2060s,2100A,Novec_2100A,1.086,91.1,0.0,88.8,1601.0,88.9,2060s_2100A.txt
2060s,2100A,Novec_2100A,2.187,89.3,0.0,88.8,1601.0,88.9,2060s_2100A.txt
2060s,2100A,Novec_2100A,3.517,54.6,0.0,88.8,1601.0,88.4,2060s_2100A.txt
2060s,2100A,Novec_2100A,4.618,78.4,0.0,88.8,1601.0,87.1,2060s_2100A.txt
2060s,2100A,Novec_2100A,5.828,84.8,0.0,88.8,1601.0,84.9,2060s_2100A.txt
2060s,2100A,Novec_2100A,7.066,76.3,0.0,88.8,1601.0,86.8,2060s_2100A.txt
2060s,2100A,Novec_2100A,8.172,76.4,0.0,88.8,1601.0,86.6,2060s_2100A.txt
2060s,2100A,Novec_2100A,9.267,78.0,0.0,88.8,1601.0,87.1,2060s_2100A.txt
2060s,2100A,Novec_2100A,10.35,86.3,0.0,88.8,1601.0,86.9,2060s_2100A.txt
2060s,2100A,Novec_2100A,11.459,83.6,0.0,88.8,1601.0,88.0,2060s_2100A.txt
2060s,2100A,Novec_2100A,12.552,74.8,0.0,88.8,1601.0,87.4,2060s_2100A.txt
2060s,2100A,Novec_2100A,13.646,77.4,0.0,88.8,1601.0,87.0,2060s_2100A.txt
2060s,2100A,Novec_2100A,1.106,81.9,0.0,87.3,1601.0,87.4,2060s_2100A.txt
2060s,2100A,Novec_2100A,2.21,79.6,0.0,87.3,1601.0,87.7,2060s_2100A.txt
2060s,2100A,Novec_2100A,3.301,82.7,0.0,87.3,1601.0,87.8,2060s_2100A.txt
2060s,2100A,Novec_2100A,4.612,107.1,0.0,87.3,1601.0,89.9,2060s_2100A.txt
2060s,2100A,Novec_2100A,5.72,78.5,0.0,87.3,1601.0,87.3,2060s_2100A.txt
2060s,2100A,Novec_2100A,6.814,91.7,0.0,87.3,1601.0,88.3,2060s_2100A.txt
2060s,2100A,Novec_2100A,7.932,69.4,0.0,87.3,1601.0,86.2,2060s_2100A.txt
2060s,2100A,Novec_2100A,9.033,82.7,0.0,87.3,1601.0,87.5,2060s_2100A.txt
2060s,2100A,Novec_2100A,10.287,44.9,0.0,87.3,1601.0,82.5,2060s_2100A.txt
2060s,2100A,Novec_2100A,11.439,87.0,0.0,87.3,1601.0,84.2,2060s_2100A.txt
2060s,2100A,Novec_2100A,12.526,118.9,0.0,87.3,1601.0,90.0,2060s_2100A.txt
2060s,2100A,Novec_2100A,13.744,56.9,0.0,87.3,1601.0,85.9,2060s_2100A.txt
2060s,2100A,Novec_2100A,1.211,106.6,0.0,86.7,1601.0,89.0,2060s_2100A.txt
2060s,2100A,Novec_2100A,2.52,45.4,0.0,86.7,1601.0,84.5,2060s_2100A.txt
2060s,2100A,Novec_2100A,3.645,106.9,0.0,86.7,1601.0,88.6,2060s_2100A.txt
2060s,2100A,Novec_2100A,4.744,71.2,0.0,86.7,1601.0,86.3,2060s_2100A.txt
2060s,2100A,Novec_2100A,5.84,88.0,0.0,86.7,1601.0,89.2,2060s_2100A.txt
2060s,2100A,Novec_2100A,7.088,52.1,0.0,86.7,1601.0,84.7,2060s_2100A.txt
2060s,2100A,Novec_2100A,8.24,70.0,0.0,86.7,1601.0,89.0,2060s_2100A.txt
2060s,2100A,Novec_2100A,9.352,93.1,0.0,86.7,1601.0,89.6,2060s_2100A.txt
2060s,2100A,Novec_2100A,10.43,87.4,0.0,86.7,1601.0,89.3,2060s_2100A.txt
2060s,2100A,Novec_2100A,11.546,93.8,0.0,86.7,1601.0,88.5,2060s_2100A.txt
2060s,2100A,Novec_2100A,12.63,90.5,0.0,86.7,1601.0,88.8,2060s_2100A.txt
2060s,2100A,Novec_2100A,13.836,97.9,0.0,86.7,1601.0,91.5,2060s_2100A.txt
2060s,2100A,Novec_2100A,1.37,98.0,0.0,87.8,1601.0,91.2,2060s_2100A.txt
2060s,2100A,Novec_2100A,2.558,71.5,0.0,87.8,1601.0,87.4,2060s_2100A.txt
2060s,2100A,Novec_2100A,3.656,91.1,0.0,87.8,1601.0,90.0,2060s_2100A.txt
2060s,2100A,Novec_2100A,5.09,66.2,0.0,87.8,1601.0,85.9,2060s_2100A.txt
2060s,2100A,Novec_2100A,6.438,93.2,0.0,87.8,1601.0,89.6,2060s_2100A.txt
2060s,2100A,Novec_2100A,7.845,66.0,0.0,87.8,1601.0,87.7,2060s_2100A.txt
2060s,2100A,Novec_2100A,9.175,118.2,0.0,87.8,1601.0,89.4,2060s_2100A.txt
2060s,2100A,Novec_2100A,10.607,116.6,0.0,87.8,1601.0,84.9,2060s_2100A.txt
2060s,2100A,Novec_2100A,11.706,82.3,0.0,87.8,1601.0,88.5,2060s_2100A.txt
2060s,2100A,Novec_2100A,12.817,80.4,0.0,87.8,1601.0,87.4,2060s_2100A.txt
2060s,2100A,Novec_2100A,1.12,76.4,0.0,86.7,1601.0,86.8,2060s_2100A.txt
2060s,2100A,Novec_2100A,2.205,73.5,0.0,86.7,1601.0,87.4,2060s_2100A.txt
2060s,2100A,Novec_2100A,3.322,79.9,0.0,86.7,1601.0,87.6,2060s_2100A.txt
2060s,2100A,Novec_2100A,4.42,67.0,0.0,86.7,1601.0,85.9,2060s_2100A.txt
2060s,2100A,Novec_2100A,5.689,73.0,0.0,86.7,1601.0,84.1,2060s_2100A.txt
2060s,2100A,Novec_2100A,7.105,45.9,0.0,86.7,1601.0,80.3,2060s_2100A.txt
2060s,2100A,Novec_2100A,8.383,90.6,0.0,86.7,1601.0,88.2,2060s_2100A.txt
2060s,2100A,Novec_2100A,9.488,81.5,0.0,86.7,1601.0,87.9,2060s_2100A.txt
2060s,2100A,Novec_2100A,10.583,108.0,0.0,86.7,1601.0,89.9,2060s_2100A.txt
2060s,2100A,Novec_2100A,11.684,75.5,0.0,86.7,1601.0,90.5,2060s_2100A.txt
2060s,2100A,Novec_2100A,12.965,72.0,0.0,86.7,1601.0,86.2,2060s_2100A.txt
2060s,2100A,Novec_2100A,14.231,115.8,0.0,86.7,1601.0,88.9,2060s_2100A.txt
2060s,2100A,Novec_2100A,1.071,74.7,0.0,85.4,1601.0,89.7,2060s_2100A.txt
2060s,2100A,Novec_2100A,2.156,90.0,0.0,85.4,1601.0,89.1,2060s_2100A.txt
2060s,2100A,Novec_2100A,3.259,65.8,0.0,85.4,1601.0,87.4,2060s_2100A.txt
2060s,2100A,Novec_2100A,4.352,84.4,0.0,85.4,1601.0,88.9,2060s_2100A.txt
2060s,2100A,Novec_2100A,5.453,78.3,0.0,85.4,1601.0,88.3,2060s_2100A.txt
2060s,2100A,Novec_2100A,6.547,62.5,0.0,85.4,1601.0,86.1,2060s_2100A.txt
2060s,2100A,Novec_2100A,7.774,83.2,0.0,85.4,1601.0,88.3,2060s_2100A.txt
2060s,2100A,Novec_2100A,8.878,71.5,0.0,85.4,1601.0,87.0,2060s_2100A.txt
2060s,2100A,Novec_2100A,9.967,90.3,0.0,85.4,1601.0,89.9,2060s_2100A.txt
2060s,2100A,Novec_2100A,11.389,44.3,0.0,85.4,1601.0,84.5,2060s_2100A.txt
2060s,2100A,Novec_2100A,12.498,107.5,0.0,85.4,1601.0,90.7,2060s_2100A.txt
2060s,2100A,Novec_2100A,13.691,90.4,0.0,85.4,1601.0,91.3,2060s_2100A.txt
2060s,2100A,Novec_2100A,1.116,88.9,0.0,88.5,1601.0,89.3,2060s_2100A.txt
2060s,2100A,Novec_2100A,2.218,87.1,0.0,88.5,1601.0,88.9,2060s_2100A.txt
2060s,2100A,Novec_2100A,3.327,81.3,0.0,88.5,1601.0,86.1,2060s_2100A.txt
2060s,2100A,Novec_2100A,4.452,84.1,0.0,88.5,1601.0,86.9,2060s_2100A.txt
2060s,2100A,Novec_2100A,5.525,84.8,0.0,88.5,1601.0,88.4,2060s_2100A.txt
2060s,2100A,Novec_2100A,6.632,60.2,0.0,88.5,1601.0,86.1,2060s_2100A.txt
2060s,2100A,Novec_2100A,7.824,109.2,0.0,88.5,1601.0,90.8,2060s_2100A.txt
2060s,2100A,Novec_2100A,8.926,88.1,0.0,88.5,1601.0,88.8,2060s_2100A.txt
2060s,2100A,Novec_2100A,10.029,86.9,0.0,88.5,1601.0,89.1,2060s_2100A.txt
2060s,2100A,Novec_2100A,11.114,88.8,0.0,88.5,1601.0,89.1,2060s_2100A.txt
2060s,2100A,Novec_2100A,12.216,69.3,0.0,88.5,1601.0,87.6,2060s_2100A.txt
2060s,2100A,Novec_2100A,13.313,77.4,0.0,88.5,1601.0,87.2,2060s_2100A.txt
2060s,2100A,Novec_2100A,14.599,45.9,0.0,88.5,1601.0,82.6,2060s_2100A.txt
2060s,2100A,Novec_2100A,1.311,72.2,0.0,82.6,1601.0,80.3,2060s_2100A.txt
2060s,2100A,Novec_2100A,2.543,104.5,0.0,82.6,1601.0,81.7,2060s_2100A.txt
2060s,2100A,Novec_2100A,3.751,99.2,0.0,82.6,1601.0,89.2,2060s_2100A.txt
2060s,2100A,Novec_2100A,4.86,93.0,0.0,82.6,1601.0,87.6,2060s_2100A.txt
2060s,2100A,Novec_2100A,5.965,81.5,0.0,82.6,1601.0,87.9,2060s_2100A.txt
2060s,2100A,Novec_2100A,7.076,103.0,0.0,82.6,1601.0,87.8,2060s_2100A.txt
2060s,2100A,Novec_2100A,8.176,86.7,0.0,82.6,1601.0,87.6,2060s_2100A.txt
2060s,2100A,Novec_2100A,9.27,81.8,0.0,82.6,1601.0,86.9,2060s_2100A.txt
2060s,2100A,Novec_2100A,10.393,116.6,0.0,82.6,1601.0,91.1,2060s_2100A.txt
2060s,2100A,Novec_2100A,11.811,55.0,0.0,82.6,1601.0,83.7,2060s_2100A.txt
2060s,2100A,Novec_2100A,13.145,67.7,0.0,82.6,1601.0,86.1,2060s_2100A.txt
2060s,2100A,Novec_2100A,1.1280000000000001,83.6,0.0,86.5,1601.0,87.0,2060s_2100A.txt
2060s,2100A,Novec_2100A,2.203,116.2,0.0,86.5,1601.0,90.9,2060s_2100A.txt
2060s,2100A,Novec_2100A,3.309,86.7,0.0,86.5,1601.0,88.5,2060s_2100A.txt
2060s,2100A,Novec_2100A,4.423,51.9,0.0,86.5,1601.0,85.6,2060s_2100A.txt
2060s,2100A,Novec_2100A,5.51,85.1,0.0,86.5,1601.0,87.1,2060s_2100A.txt
2060s,2100A,Novec_2100A,6.614,81.2,0.0,86.5,1601.0,87.1,2060s_2100A.txt
2060s,2100A,Novec_2100A,7.725,115.6,0.0,86.5,1601.0,90.1,2060s_2100A.txt
2060s,2100A,Novec_2100A,8.931000000000001,92.6,0.0,86.5,1601.0,88.5,2060s_2100A.txt
2060s,2100A,Novec_2100A,10.202,129.9,0.0,86.5,1601.0,86.3,2060s_2100A.txt
2060s,2100A,Novec_2100A,11.463,43.1,0.0,86.5,1601.0,84.5,2060s_2100A.txt
2060s,2100A,Novec_2100A,12.562,92.2,0.0,86.5,1601.0,90.3,2060s_2100A.txt
2060s,2100A,Novec_2100A,13.669,89.4,0.0,86.5,1601.0,89.1,2060s_2100A.txt
2060s,2100A,Novec_2100A,1.205,110.7,0.0,91.4,1601.0,85.9,2060s_2100A.txt
2060s,2100A,Novec_2100A,2.308,113.0,0.0,91.4,1601.0,90.7,2060s_2100A.txt
2060s,2100A,Novec_2100A,3.445,82.7,0.0,91.4,1601.0,88.4,2060s_2100A.txt
2060s,2100A,Novec_2100A,4.521,90.1,0.0,91.4,1601.0,89.7,2060s_2100A.txt
2060s,2100A,Novec_2100A,5.617,91.2,0.0,91.4,1601.0,88.8,2060s_2100A.txt
2060s,2100A,Novec_2100A,6.714,89.5,0.0,91.4,1601.0,88.3,2060s_2100A.txt
2060s,2100A,Novec_2100A,7.833,85.7,0.0,91.4,1601.0,87.6,2060s_2100A.txt
2060s,2100A,Novec_2100A,8.927,84.8,0.0,91.4,1601.0,87.2,2060s_2100A.txt
2060s,2100A,Novec_2100A,10.033,82.4,0.0,91.4,1601.0,88.1,2060s_2100A.txt
2060s,2100A,Novec_2100A,11.137,78.6,0.0,91.4,1601.0,87.5,2060s_2100A.txt
2060s,2100A,Novec_2100A,12.247,87.6,0.0,91.4,1601.0,87.9,2060s_2100A.txt
2060s,2100A,Novec_2100A,13.329,67.6,0.0,91.4,1601.0,86.5,2060s_2100A.txt
2060s,2100A,Novec_2100A,14.445,75.9,0.0,91.4,1601.0,86.6,2060s_2100A.txt
2060s,2100A,Novec_2100A,1.099,82.9,0.0,87.8,1601.0,89.3,2060s_2100A.txt
2060s,2100A,Novec_2100A,2.193,89.8,0.0,87.8,1601.0,89.1,2060s_2100A.txt
2060s,2100A,Novec_2100A,3.504,132.6,0.0,87.8,1601.0,90.2,2060s_2100A.txt
2060s,2100A,Novec_2100A,4.826,98.2,0.0,87.8,1601.0,87.8,2060s_2100A.txt
2060s,2100A,Novec_2100A,6.19,33.2,0.0,87.8,1601.0,76.5,2060s_2100A.txt
2060s,2100A,Novec_2100A,7.442,186.0,0.0,87.8,1601.0,92.8,2060s_2100A.txt
2060s,2100A,Novec_2100A,8.672,78.4,0.0,87.8,1601.0,89.7,2060s_2100A.txt
2060s,2100A,Novec_2100A,9.77,91.3,0.0,87.8,1601.0,89.0,2060s_2100A.txt
2060s,2100A,Novec_2100A,10.874,89.4,0.0,87.8,1601.0,88.2,2060s_2100A.txt
2060s,2100A,Novec_2100A,12.083,91.5,0.0,87.8,1601.0,89.1,2060s_2100A.txt
2060s,2100A,Novec_2100A,13.283,86.1,0.0,87.8,1601.0,89.3,2060s_2100A.txt
2060s,2100A,Novec_2100A,1.091,65.7,0.0,88.0,1601.0,86.7,2060s_2100A.txt
2060s,2100A,Novec_2100A,2.401,84.9,0.0,88.0,1601.0,85.3,2060s_2100A.txt
2060s,2100A,Novec_2100A,3.4939999999999998,81.1,0.0,88.0,1601.0,86.7,2060s_2100A.txt
2060s,2100A,Novec_2100A,4.61,70.6,0.0,88.0,1601.0,87.8,2060s_2100A.txt
2060s,2100A,Novec_2100A,5.712,91.1,0.0,88.0,1601.0,89.5,2060s_2100A.txt
2060s,2100A,Novec_2100A,6.786,64.1,0.0,88.0,1601.0,85.9,2060s_2100A.txt
2060s,2100A,Novec_2100A,7.89,74.2,0.0,88.0,1601.0,87.2,2060s_2100A.txt
2060s,2100A,Novec_2100A,8.975999999999999,66.9,0.0,88.0,1601.0,86.5,2060s_2100A.txt
2060s,2100A,Novec_2100A,10.313,74.1,0.0,88.0,1601.0,86.1,2060s_2100A.txt
2060s,2100A,Novec_2100A,11.628,80.3,0.0,88.0,1601.0,85.4,2060s_2100A.txt
2060s,2100A,Novec_2100A,12.73,72.9,0.0,88.0,1601.0,87.5,2060s_2100A.txt
2060s,2100A,Novec_2100A,13.822,98.9,0.0,88.0,1601.0,91.2,2060s_2100A.txt
2060s,2100A,Novec_2100A,14.903,78.6,0.0,88.0,1601.0,89.1,2060s_2100A.txt
2060s,2100A,Novec_2100A,1.109,83.8,0.0,86.5,1601.0,87.8,2060s_2100A.txt
2060s,2100A,Novec_2100A,2.191,84.9,0.0,86.5,1601.0,88.3,2060s_2100A.txt
2060s,2100A,Novec_2100A,3.282,72.4,0.0,86.5,1601.0,86.3,2060s_2100A.txt
2060s,2100A,Novec_2100A,4.383,72.4,0.0,86.5,1601.0,87.8,2060s_2100A.txt
2060s,2100A,Novec_2100A,5.479,74.2,0.0,86.5,1601.0,87.6,2060s_2100A.txt
2060s,2100A,Novec_2100A,6.576,79.0,0.0,86.5,1601.0,88.0,2060s_2100A.txt
2060s,2100A,Novec_2100A,7.682,87.3,0.0,86.5,1601.0,89.2,2060s_2100A.txt
2060s,2100A,Novec_2100A,8.778,88.9,0.0,86.5,1601.0,88.2,2060s_2100A.txt
2060s,2100A,Novec_2100A,9.865,96.3,0.0,86.5,1601.0,88.5,2060s_2100A.txt
2060s,2100A,Novec_2100A,10.955,81.1,0.0,86.5,1601.0,86.3,2060s_2100A.txt
2060s,2100A,Novec_2100A,12.075,78.1,0.0,86.5,1601.0,86.7,2060s_2100A.txt
2060s,2100A,Novec_2100A,13.207,70.8,0.0,86.5,1601.0,85.7,2060s_2100A.txt
2060s,2100A,Novec_2100A,1.338,73.2,0.0,91.4,1601.0,90.6,2060s_2100A.txt
2060s,2100A,Novec_2100A,2.644,116.9,0.0,91.4,1601.0,90.8,2060s_2100A.txt
2060s,2100A,Novec_2100A,3.916,91.8,0.0,91.4,1601.0,90.5,2060s_2100A.txt
2060s,2100A,Novec_2100A,5.056,95.5,0.0,91.4,1601.0,90.3,2060s_2100A.txt
2060s,2100A,Novec_2100A,6.144,64.6,0.0,91.4,1601.0,87.5,2060s_2100A.txt
2060s,2100A,Novec_2100A,7.244,87.6,0.0,91.4,1601.0,87.8,2060s_2100A.txt
2060s,2100A,Novec_2100A,8.34,80.0,0.0,91.4,1601.0,87.2,2060s_2100A.txt
2060s,2100A,Novec_2100A,9.439,67.7,0.0,91.4,1601.0,86.1,2060s_2100A.txt
2060s,2100A,Novec_2100A,10.554,81.1,0.0,91.4,1601.0,86.2,2060s_2100A.txt
2060s,2100A,Novec_2100A,11.895,91.9,0.0,91.4,1601.0,89.4,2060s_2100A.txt
2060s,2100A,Novec_2100A,13.006,83.2,0.0,91.4,1601.0,88.9,2060s_2100A.txt
2060s,2100A,Novec_2100A,14.1,87.3,0.0,91.4,1601.0,87.9,2060s_2100A.txt
2060s,2100A,Novec_2100A,1.046,73.4,0.0,91.0,1601.0,88.4,2060s_2100A.txt
2060s,2100A,Novec_2100A,2.132,93.0,0.0,91.0,1601.0,89.1,2060s_2100A.txt
2060s,2100A,Novec_2100A,3.239,108.6,0.0,91.0,1601.0,91.1,2060s_2100A.txt
2060s,2100A,Novec_2100A,4.346,86.1,0.0,91.0,1601.0,88.5,2060s_2100A.txt
2060s,2100A,Novec_2100A,5.458,86.8,0.0,91.0,1601.0,88.9,2060s_2100A.txt
2060s,2100A,Novec_2100A,6.556,86.6,0.0,91.0,1601.0,88.8,2060s_2100A.txt
2060s,2100A,Novec_2100A,7.647,86.8,0.0,91.0,1601.0,88.4,2060s_2100A.txt
2060s,2100A,Novec_2100A,8.768,84.6,0.0,91.0,1601.0,87.9,2060s_2100A.txt
2060s,2100A,Novec_2100A,9.901,87.1,0.0,91.0,1601.0,87.9,2060s_2100A.txt
2060s,2100A,Novec_2100A,10.996,76.9,0.0,91.0,1601.0,87.2,2060s_2100A.txt
2060s,2100A,Novec_2100A,12.107,83.8,0.0,91.0,1601.0,87.6,2060s_2100A.txt
2060s,2100A,Novec_2100A,13.33,84.0,0.0,91.0,1601.0,86.7,2060s_2100A.txt
2060s,2100A,Novec_2100A,1.207,14.2,0.0,69.4,1601.0,61.4,2060s_2100A.txt
2060s,2100A,Novec_2100A,2.201,14.1,0.0,69.4,1601.0,58.5,2060s_2100A.txt
2060s,2100A,Novec_2100A,3.31,14.1,0.0,69.4,1601.0,57.2,2060s_2100A.txt
2060s,2100A,Novec_2100A,4.406,10.0,0.0,69.4,1601.0,54.8,2060s_2100A.txt
2060s,2100A,Novec_2100A,5.5440000000000005,10.1,0.0,69.4,1601.0,53.8,2060s_2100A.txt
2060s,2100A,Novec_2100A,6.643,10.3,0.0,69.4,1601.0,53.2,2060s_2100A.txt
2060s,2100A,Novec_2100A,7.752,10.5,0.0,69.4,1601.0,52.7,2060s_2100A.txt
2060s,2100A,Novec_2100A,8.844,10.0,0.0,69.4,1601.0,52.4,2060s_2100A.txt
2060s,2100A,Novec_2100A,9.91,10.3,0.0,69.4,1601.0,52.4,2060s_2100A.txt
2060s,2100A,Novec_2100A,11.055,10.8,0.0,69.4,1601.0,52.3,2060s_2100A.txt
2060s,2100A,Novec_2100A,12.139,10.0,0.0,69.4,1601.0,52.4,2060s_2100A.txt
2060s,2100A,Novec_2100A,13.227,10.1,0.0,69.4,1601.0,52.2,2060s_2100A.txt
2060s,2100A,Novec_2100A,14.354,9.7,0.0,69.4,1601.0,51.9,2060s_2100A.txt
2060s,2100A,Novec_2100A,1.102,10.0,0.0,51.9,1601.0,51.9,2060s_2100A.txt
2060s,2100A,Novec_2100A,2.24,10.5,0.0,51.9,1601.0,52.2,2060s_2100A.txt
2060s,2100A,Novec_2100A,3.303,10.7,0.0,51.9,1601.0,52.1,2060s_2100A.txt
2060s,2100A,Novec_2100A,4.506,10.7,0.0,51.9,1601.0,52.5,2060s_2100A.txt
2060s,2100A,Novec_2100A,5.623,10.2,0.0,51.9,1601.0,52.5,2060s_2100A.txt
2060s,2100A,Novec_2100A,6.707,10.7,0.0,51.9,1601.0,52.4,2060s_2100A.txt
2060s,2100A,Novec_2100A,7.84,10.1,0.0,51.9,1601.0,52.3,2060s_2100A.txt
2060s,2100A,Novec_2100A,8.928,9.9,0.0,51.9,1601.0,52.1,2060s_2100A.txt
2060s,2100A,Novec_2100A,10.01,11.0,0.0,51.9,1601.0,52.1,2060s_2100A.txt
2060s,2100A,Novec_2100A,11.14,10.6,0.0,51.9,1601.0,52.2,2060s_2100A.txt
2060s,2100A,Novec_2100A,12.219,10.4,0.0,51.9,1601.0,52.1,2060s_2100A.txt
2060s,2100A,Novec_2100A,13.315,11.0,0.0,51.9,1601.0,52.4,2060s_2100A.txt
2060s,2100A,Novec_2100A,14.397,10.4,0.0,51.9,1601.0,52.4,2060s_2100A.txt
2060s,2100A,Novec_2100A,1.087,11.6,0.0,52.7,1601.0,52.7,2060s_2100A.txt
2060s,2100A,Novec_2100A,2.178,10.1,0.0,52.7,1601.0,52.6,2060s_2100A.txt
2060s,2100A,Novec_2100A,3.285,11.0,0.0,52.7,1601.0,52.5,2060s_2100A.txt
2060s,2100A,Novec_2100A,4.381,11.9,0.0,52.7,1601.0,52.4,2060s_2100A.txt
2060s,2100A,Novec_2100A,5.498,10.8,0.0,52.7,1601.0,52.4,2060s_2100A.txt
2060s,2100A,Novec_2100A,6.6899999999999995,10.0,0.0,52.7,1601.0,52.4,2060s_2100A.txt
2060s,2100A,Novec_2100A,7.807,10.9,0.0,52.7,1601.0,52.7,2060s_2100A.txt
2060s,2100A,Novec_2100A,8.883,14.8,0.0,52.7,1601.0,54.6,2060s_2100A.txt
2060s,2100A,Novec_2100A,9.978,15.3,0.0,52.7,1601.0,55.7,2060s_2100A.txt
2060s,2100A,Novec_2100A,11.059,14.5,0.0,52.7,1601.0,55.7,2060s_2100A.txt
2060s,2100A,Novec_2100A,12.18,13.3,0.0,52.7,1601.0,54.5,2060s_2100A.txt
2060s,2100A,Novec_2100A,13.272,11.0,0.0,52.7,1601.0,53.7,2060s_2100A.txt
2060s,2100A,Novec_2100A,1.067,15.3,0.0,53.3,1601.0,55.0,2060s_2100A.txt
2060s,2100A,Novec_2100A,2.164,15.4,0.0,53.3,1601.0,55.9,2060s_2100A.txt
2060s,2100A,Novec_2100A,3.292,15.4,0.0,53.3,1601.0,56.2,2060s_2100A.txt
2060s,2100A,Novec_2100A,4.384,14.9,0.0,53.3,1601.0,56.3,2060s_2100A.txt
2060s,2100A,Novec_2100A,5.4879999999999995,14.9,0.0,53.3,1601.0,56.3,2060s_2100A.txt
2060s,2100A,Novec_2100A,6.598,15.0,0.0,53.3,1601.0,56.5,2060s_2100A.txt
2060s,2100A,Novec_2100A,7.702,15.5,0.0,53.3,1601.0,56.7,2060s_2100A.txt
2060s,2100A,Novec_2100A,8.799,16.2,0.0,53.3,1601.0,57.3,2060s_2100A.txt
2060s,2100A,Novec_2100A,9.897,14.1,0.0,53.3,1601.0,56.4,2060s_2100A.txt
2060s,2100A,Novec_2100A,10.997,14.1,0.0,53.3,1601.0,56.1,2060s_2100A.txt
2060s,2100A,Novec_2100A,12.085,14.1,0.0,53.3,1601.0,55.8,2060s_2100A.txt
2060s,2100A,Novec_2100A,13.182,12.8,0.0,53.3,1601.0,54.3,2060s_2100A.txt
2060s,2100A,Novec_2100A,14.312,9.7,0.0,53.3,1601.0,53.3,2060s_2100A.txt
2060s,2100A,Novec_2100A,1.102,10.4,0.0,52.7,1601.0,52.5,2060s_2100A.txt
2060s,2100A,Novec_2100A,2.223,9.7,0.0,52.7,1601.0,52.1,2060s_2100A.txt
2060s,2100A,Novec_2100A,3.288,9.9,0.0,52.7,1601.0,52.0,2060s_2100A.txt
2060s,2100A,Novec_2100A,4.379,9.6,0.0,52.7,1601.0,51.8,2060s_2100A.txt
2060s,2100A,Novec_2100A,5.487,9.8,0.0,52.7,1601.0,51.9,2060s_2100A.txt
2060s,2100A,Novec_2100A,6.584,10.3,0.0,52.7,1601.0,51.9,2060s_2100A.txt
2060s,2100A,Novec_2100A,7.799,9.9,0.0,52.7,1601.0,52.0,2060s_2100A.txt
2060s,2100A,Novec_2100A,8.903,9.8,0.0,52.7,1601.0,52.1,2060s_2100A.txt
2060s,2100A,Novec_2100A,9.99,11.0,0.0,52.7,1601.0,52.2,2060s_2100A.txt
2060s,2100A,Novec_2100A,11.079,10.4,0.0,52.7,1601.0,52.0,2060s_2100A.txt
2060s,2100A,Novec_2100A,12.211,10.0,0.0,52.7,1601.0,52.1,2060s_2100A.txt
2060s,2100A,Novec_2100A,13.332,9.7,0.0,52.7,1601.0,51.9,2060s_2100A.txt
2060s,2100A,Novec_2100A,1.093,10.2,0.0,52.0,1601.0,51.9,2060s_2100A.txt
2060s,2100A,Novec_2100A,2.18,10.1,0.0,52.0,1601.0,51.9,2060s_2100A.txt
2060s,2100A,Novec_2100A,3.311,9.9,0.0,52.0,1601.0,52.0,2060s_2100A.txt
2060s,2100A,Novec_2100A,4.412,10.1,0.0,52.0,1601.0,52.1,2060s_2100A.txt
2060s,2100A,Novec_2100A,5.519,11.0,0.0,52.0,1601.0,52.3,2060s_2100A.txt
2060s,2100A,Novec_2100A,6.601,11.4,0.0,52.0,1601.0,52.3,2060s_2100A.txt
2060s,2100A,Novec_2100A,7.804,10.8,0.0,52.0,1601.0,52.3,2060s_2100A.txt
2060s,2100A,Novec_2100A,8.907,10.5,0.0,52.0,1601.0,52.5,2060s_2100A.txt
2060s,2100A,Novec_2100A,10.002,9.7,0.0,52.0,1601.0,52.1,2060s_2100A.txt
2060s,2100A,Novec_2100A,11.091,10.3,0.0,52.0,1601.0,52.0,2060s_2100A.txt
2060s,2100A,Novec_2100A,12.211,10.0,0.0,52.0,1601.0,51.8,2060s_2100A.txt
2060s,2100A,Novec_2100A,13.293,9.7,0.0,52.0,1601.0,52.0,2060s_2100A.txt
2060s,2100A,Novec_2100A,14.375,10.4,0.0,52.0,1601.0,52.1,2060s_2100A.txt
2060s,2100A,Novec_2100A,1.071,10.3,0.0,52.1,1601.0,52.5,2060s_2100A.txt
2060s,2100A,Novec_2100A,2.196,10.2,0.0,52.1,1601.0,52.4,2060s_2100A.txt
2060s,2100A,Novec_2100A,3.289,10.2,0.0,52.1,1601.0,52.4,2060s_2100A.txt
2060s,2100A,Novec_2100A,4.389,10.4,0.0,52.1,1601.0,52.7,2060s_2100A.txt
2060s,2100A,Novec_2100A,5.51,11.1,0.0,52.1,1601.0,52.7,2060s_2100A.txt
2060s,2100A,Novec_2100A,6.599,9.7,0.0,52.1,1601.0,52.3,2060s_2100A.txt
2060s,2100A,Novec_2100A,7.693,9.7,0.0,52.1,1601.0,52.1,2060s_2100A.txt
2060s,2100A,Novec_2100A,8.768,10.8,0.0,52.1,1601.0,52.3,2060s_2100A.txt
2060s,2100A,Novec_2100A,9.895,10.5,0.0,52.1,1601.0,52.2,2060s_2100A.txt
2060s,2100A,Novec_2100A,11.019,11.2,0.0,52.1,1601.0,52.3,2060s_2100A.txt
2060s,2100A,Novec_2100A,12.124,10.2,0.0,52.1,1601.0,52.5,2060s_2100A.txt
2060s,2100A,Novec_2100A,13.235,11.1,0.0,52.1,1601.0,52.5,2060s_2100A.txt
2060s,2100A,Novec_2100A,14.311,10.3,0.0,52.1,1601.0,52.7,2060s_2100A.txt
2060s,2100A,Novec_2100A,1.093,11.1,0.0,52.8,1601.0,53.0,2060s_2100A.txt
2060s,2100A,Novec_2100A,2.201,10.6,0.0,52.8,1601.0,53.2,2060s_2100A.txt
2060s,2100A,Novec_2100A,3.304,9.9,0.0,52.8,1601.0,52.9,2060s_2100A.txt
2060s,2100A,Novec_2100A,4.435,10.0,0.0,52.8,1601.0,52.5,2060s_2100A.txt
2060s,2100A,Novec_2100A,5.522,10.7,0.0,52.8,1601.0,52.4,2060s_2100A.txt
2060s,2100A,Novec_2100A,6.623,10.1,0.0,52.8,1601.0,52.3,2060s_2100A.txt
2060s,2100A,Novec_2100A,7.701,11.5,0.0,52.8,1601.0,52.4,2060s_2100A.txt
2060s,2100A,Novec_2100A,8.801,11.0,0.0,52.8,1601.0,52.8,2060s_2100A.txt
2060s,2100A,Novec_2100A,9.899000000000001,11.8,0.0,52.8,1601.0,52.9,2060s_2100A.txt
2060s,2100A,Novec_2100A,10.993,12.0,0.0,52.8,1601.0,53.2,2060s_2100A.txt
2060s,2100A,Novec_2100A,12.079,11.3,0.0,52.8,1601.0,53.1,2060s_2100A.txt
2060s,2100A,Novec_2100A,13.185,15.2,0.0,52.8,1601.0,55.6,2060s_2100A.txt
2060s,2100A,Novec_2100A,1.101,14.3,0.0,56.9,1601.0,56.0,2060s_2100A.txt
2060s,2100A,Novec_2100A,2.211,14.5,0.0,56.9,1601.0,55.9,2060s_2100A.txt
2060s,2100A,Novec_2100A,3.3,14.9,0.0,56.9,1601.0,56.1,2060s_2100A.txt
2060s,2100A,Novec_2100A,4.392,15.5,0.0,56.9,1601.0,56.4,2060s_2100A.txt
2060s,2100A,Novec_2100A,5.479,15.4,0.0,56.9,1601.0,56.8,2060s_2100A.txt
2060s,2100A,Novec_2100A,6.589,16.3,0.0,56.9,1601.0,57.5,2060s_2100A.txt
2060s,2100A,Novec_2100A,7.678,14.1,0.0,56.9,1601.0,57.4,2060s_2100A.txt
2060s,2100A,Novec_2100A,8.773,14.1,0.0,56.9,1601.0,57.1,2060s_2100A.txt
2060s,2100A,Novec_2100A,9.862,14.1,0.0,56.9,1601.0,56.2,2060s_2100A.txt
2060s,2100A,Novec_2100A,10.975,10.9,0.0,56.9,1601.0,54.0,2060s_2100A.txt
2060s,2100A,Novec_2100A,12.335,9.7,0.0,56.9,1601.0,52.9,2060s_2100A.txt
2060s,2100A,Novec_2100A,13.411,9.8,0.0,56.9,1601.0,52.5,2060s_2100A.txt
2060s,2100A,Novec_2100A,14.464,10.3,0.0,56.9,1601.0,52.3,2060s_2100A.txt
2060s,2100A,Novec_2100A,1.068,10.0,0.0,51.9,1601.0,51.9,2060s_2100A.txt
2060s,2100A,Novec_2100A,2.169,9.6,0.0,51.9,1601.0,51.9,2060s_2100A.txt
2060s,2100A,Novec_2100A,3.2560000000000002,9.9,0.0,51.9,1601.0,52.0,2060s_2100A.txt
2060s,2100A,Novec_2100A,4.494,9.5,0.0,51.9,1601.0,52.1,2060s_2100A.txt
2060s,2100A,Novec_2100A,5.584,10.7,0.0,51.9,1601.0,52.1,2060s_2100A.txt
2060s,2100A,Novec_2100A,6.677,10.4,0.0,51.9,1601.0,52.1,2060s_2100A.txt
2060s,2100A,Novec_2100A,7.779,10.0,0.0,51.9,1601.0,52.1,2060s_2100A.txt
2060s,2100A,Novec_2100A,8.864,10.3,0.0,51.9,1601.0,52.3,2060s_2100A.txt
2060s,2100A,Novec_2100A,10.024,10.2,0.0,51.9,1601.0,52.3,2060s_2100A.txt
2060s,2100A,Novec_2100A,11.077,10.1,0.0,51.9,1601.0,52.1,2060s_2100A.txt
2060s,2100A,Novec_2100A,12.195,9.7,0.0,51.9,1601.0,51.9,2060s_2100A.txt
2060s,2100A,Novec_2100A,13.28,10.1,0.0,51.9,1601.0,52.1,2060s_2100A.txt
2060s,2100A,Novec_2100A,1.113,10.4,0.0,52.0,1601.0,52.1,2060s_2100A.txt
2060s,2100A,Novec_2100A,2.231,10.2,0.0,52.0,1601.0,52.0,2060s_2100A.txt
2060s,2100A,Novec_2100A,3.362,9.9,0.0,52.0,1601.0,52.1,2060s_2100A.txt
2060s,2100A,Novec_2100A,4.442,10.7,0.0,52.0,1601.0,52.2,2060s_2100A.txt
2060s,2100A,Novec_2100A,5.556,11.9,0.0,52.0,1601.0,52.4,2060s_2100A.txt
2060s,2100A,Novec_2100A,6.61,10.5,0.0,52.0,1601.0,52.2,2060s_2100A.txt
2060s,2100A,Novec_2100A,7.753,11.4,0.0,52.0,1601.0,52.4,2060s_2100A.txt
2060s,2100A,Novec_2100A,8.861,9.8,0.0,52.0,1601.0,52.3,2060s_2100A.txt
2060s,2100A,Novec_2100A,10.064,9.8,0.0,52.0,1601.0,52.0,2060s_2100A.txt
2060s,2100A,Novec_2100A,11.148,10.4,0.0,52.0,1601.0,52.0,2060s_2100A.txt
2060s,2100A,Novec_2100A,12.22,10.1,0.0,52.0,1601.0,52.0,2060s_2100A.txt
2060s,2100A,Novec_2100A,13.382,10.0,0.0,52.0,1601.0,52.1,2060s_2100A.txt
2060s,2100A,Novec_2100A,14.444,10.6,0.0,52.0,1601.0,52.3,2060s_2100A.txt
2060s,2100A,Novec_2100A,1.125,10.5,0.0,52.5,1601.0,52.7,2060s_2100A.txt
2060s,2100A,Novec_2100A,2.2560000000000002,11.7,0.0,52.5,1601.0,52.8,2060s_2100A.txt
2060s,2100A,Novec_2100A,3.3449999999999998,10.6,0.0,52.5,1601.0,53.0,2060s_2100A.txt
2060s,2100A,Novec_2100A,4.442,11.1,0.0,52.5,1601.0,52.9,2060s_2100A.txt
2060s,2100A,Novec_2100A,5.5280000000000005,10.0,0.0,52.5,1601.0,52.9,2060s_2100A.txt
2060s,2100A,Novec_2100A,6.604,9.7,0.0,52.5,1601.0,52.7,2060s_2100A.txt
2060s,2100A,Novec_2100A,7.715,11.1,0.0,52.5,1601.0,52.4,2060s_2100A.txt
2060s,2100A,Novec_2100A,8.803,9.9,0.0,52.5,1601.0,52.3,2060s_2100A.txt
2060s,2100A,Novec_2100A,9.94,10.8,0.0,52.5,1601.0,52.4,2060s_2100A.txt
2060s,2100A,Novec_2100A,11.018,11.2,0.0,52.5,1601.0,52.4,2060s_2100A.txt
2060s,2100A,Novec_2100A,12.129,10.1,0.0,52.5,1601.0,52.5,2060s_2100A.txt
2060s,2100A,Novec_2100A,13.239,11.4,0.0,52.5,1601.0,52.9,2060s_2100A.txt
2060s,2100A,Novec_2100A,1.111,11.4,0.0,52.8,1601.0,52.9,2060s_2100A.txt
2060s,2100A,Novec_2100A,2.169,14.9,0.0,52.8,1601.0,55.0,2060s_2100A.txt
2060s,2100A,Novec_2100A,3.298,14.1,0.0,52.8,1601.0,55.4,2060s_2100A.txt
2060s,2100A,Novec_2100A,4.421,10.7,0.0,52.8,1601.0,53.9,2060s_2100A.txt
2060s,2100A,Novec_2100A,5.536,10.3,0.0,52.8,1601.0,53.2,2060s_2100A.txt
2060s,2100A,Novec_2100A,6.635,10.7,0.0,52.8,1601.0,53.1,2060s_2100A.txt
2060s,2100A,Novec_2100A,7.757,11.3,0.0,52.8,1601.0,53.0,2060s_2100A.txt
2060s,2100A,Novec_2100A,8.865,11.2,0.0,52.8,1601.0,53.0,2060s_2100A.txt
2060s,2100A,Novec_2100A,9.932,14.5,0.0,52.8,1601.0,55.1,2060s_2100A.txt
2060s,2100A,Novec_2100A,11.034,14.7,0.0,52.8,1601.0,55.9,2060s_2100A.txt
2060s,2100A,Novec_2100A,12.145,14.1,0.0,52.8,1601.0,55.9,2060s_2100A.txt
2060s,2100A,Novec_2100A,13.238,14.2,0.0,52.8,1601.0,55.8,2060s_2100A.txt
2060s,2100A,Novec_2100A,14.328,14.2,0.0,52.8,1601.0,55.8,2060s_2100A.txt
2060s,2100A,Novec_2100A,1.103,14.9,0.0,56.0,1601.0,56.2,2060s_2100A.txt
2060s,2100A,Novec_2100A,2.194,16.2,0.0,56.0,1601.0,56.6,2060s_2100A.txt
2060s,2100A,Novec_2100A,3.297,15.8,0.0,56.0,1601.0,56.8,2060s_2100A.txt
2060s,2100A,Novec_2100A,4.402,14.2,0.0,56.0,1601.0,56.0,2060s_2100A.txt
2060s,2100A,Novec_2100A,5.539,14.1,0.0,56.0,1601.0,55.9,2060s_2100A.txt
2060s,2100A,Novec_2100A,6.609,14.1,0.0,56.0,1601.0,55.8,2060s_2100A.txt
2060s,2100A,Novec_2100A,7.713,12.7,0.0,56.0,1601.0,54.6,2060s_2100A.txt
2060s,2100A,Novec_2100A,8.847,10.0,0.0,56.0,1601.0,53.5,2060s_2100A.txt
2060s,2100A,Novec_2100A,9.928,10.8,0.0,56.0,1601.0,52.9,2060s_2100A.txt
2060s,2100A,Novec_2100A,11.041,10.2,0.0,56.0,1601.0,52.5,2060s_2100A.txt
2060s,2100A,Novec_2100A,12.164,9.8,0.0,56.0,1601.0,52.3,2060s_2100A.txt
2060s,2100A,Novec_2100A,13.239,9.8,0.0,56.0,1601.0,52.1,2060s_2100A.txt
2060s,2100A,Novec_2100A,14.355,9.7,0.0,56.0,1601.0,52.0,2060s_2100A.txt
2060s,2100A,Novec_2100A,1.102,10.0,0.0,52.0,1601.0,52.1,2060s_2100A.txt
2060s,2100A,Novec_2100A,2.216,9.7,0.0,52.0,1601.0,52.0,2060s_2100A.txt
2060s,2100A,Novec_2100A,3.297,10.8,0.0,52.0,1601.0,52.1,2060s_2100A.txt
2060s,2100A,Novec_2100A,4.517,10.9,0.0,52.0,1601.0,52.0,2060s_2100A.txt
2060s,2100A,Novec_2100A,5.628,10.8,0.0,52.0,1601.0,52.1,2060s_2100A.txt
2060s,2100A,Novec_2100A,6.708,10.6,0.0,52.0,1601.0,52.3,2060s_2100A.txt
2060s,2100A,Novec_2100A,7.811,9.7,0.0,52.0,1601.0,52.2,2060s_2100A.txt
2060s,2100A,Novec_2100A,8.886,9.8,0.0,52.0,1601.0,52.0,2060s_2100A.txt
2060s,2100A,Novec_2100A,9.991,9.7,0.0,52.0,1601.0,52.0,2060s_2100A.txt
2060s,2100A,Novec_2100A,11.126,9.8,0.0,52.0,1601.0,51.9,2060s_2100A.txt
2060s,2100A,Novec_2100A,12.192,9.9,0.0,52.0,1601.0,52.0,2060s_2100A.txt
2060s,2100A,Novec_2100A,13.311,10.4,0.0,52.0,1601.0,52.0,2060s_2100A.txt
2060s,2100A,Novec_2100A,1.094,10.4,0.0,52.3,1601.0,52.3,2060s_2100A.txt
2060s,2100A,Novec_2100A,2.183,10.3,0.0,52.3,1601.0,52.3,2060s_2100A.txt
2060s,2100A,Novec_2100A,3.285,11.2,0.0,52.3,1601.0,52.4,2060s_2100A.txt
2060s,2100A,Novec_2100A,4.407,9.9,0.0,52.3,1601.0,52.5,2060s_2100A.txt
2060s,2100A,Novec_2100A,5.497,10.0,0.0,52.3,1601.0,52.4,2060s_2100A.txt
2060s,2100A,Novec_2100A,6.598,9.9,0.0,52.3,1601.0,52.1,2060s_2100A.txt
2060s,2100A,Novec_2100A,7.716,10.5,0.0,52.3,1601.0,52.0,2060s_2100A.txt
2060s,2100A,Novec_2100A,8.792,10.2,0.0,52.3,1601.0,52.0,2060s_2100A.txt
2060s,2100A,Novec_2100A,9.882,10.2,0.0,52.3,1601.0,52.1,2060s_2100A.txt
2060s,2100A,Novec_2100A,11.007,10.3,0.0,52.3,1601.0,52.1,2060s_2100A.txt
2060s,2100A,Novec_2100A,12.104,10.9,0.0,52.3,1601.0,52.4,2060s_2100A.txt
2060s,2100A,Novec_2100A,13.196,10.9,0.0,52.3,1601.0,52.4,2060s_2100A.txt
2060s,2100A,Novec_2100A,14.3,10.8,0.0,52.3,1601.0,52.6,2060s_2100A.txt
2060s,2100A,Novec_2100A,1.124,10.5,0.0,52.8,1601.0,52.9,2060s_2100A.txt
2060s,2100A,Novec_2100A,2.391,9.7,0.0,52.8,1601.0,52.7,2060s_2100A.txt
2060s,2100A,Novec_2100A,3.42,10.2,0.0,52.8,1601.0,52.5,2060s_2100A.txt
2060s,2100A,Novec_2100A,4.49,10.3,0.0,52.8,1601.0,52.3,2060s_2100A.txt
2060s,2100A,Novec_2100A,5.701,10.2,0.0,52.8,1601.0,52.3,2060s_2100A.txt
2060s,2100A,Novec_2100A,6.8149999999999995,11.5,0.0,52.8,1601.0,52.4,2060s_2100A.txt
2060s,2100A,Novec_2100A,7.93,10.2,0.0,52.8,1601.0,52.5,2060s_2100A.txt
2060s,2100A,Novec_2100A,9.128,10.6,0.0,52.8,1601.0,52.8,2060s_2100A.txt
2060s,2100A,Novec_2100A,10.204,11.1,0.0,52.8,1601.0,52.6,2060s_2100A.txt
2060s,2100A,Novec_2100A,11.329,10.6,0.0,52.8,1601.0,52.7,2060s_2100A.txt
2060s,2100A,Novec_2100A,12.424,11.8,0.0,52.8,1601.0,53.1,2060s_2100A.txt
2060s,2100A,Novec_2100A,13.529,11.5,0.0,52.8,1601.0,53.2,2060s_2100A.txt
2060s,2100A,Novec_2100A,1.11,14.1,0.0,53.2,1601.0,55.1,2060s_2100A.txt
2060s,2100A,Novec_2100A,2.322,13.2,0.0,53.2,1601.0,54.3,2060s_2100A.txt
2060s,2100A,Novec_2100A,3.452,10.8,0.0,53.2,1601.0,53.4,2060s_2100A.txt
2060s,2100A,Novec_2100A,4.559,10.7,0.0,53.2,1601.0,53.2,2060s_2100A.txt
2060s,2100A,Novec_2100A,5.67,11.5,0.0,53.2,1601.0,53.3,2060s_2100A.txt
2060s,2100A,Novec_2100A,6.747,14.6,0.0,53.2,1601.0,55.3,2060s_2100A.txt
2060s,2100A,Novec_2100A,7.845,15.4,0.0,53.2,1601.0,56.2,2060s_2100A.txt
2060s,2100A,Novec_2100A,8.934,14.1,0.0,53.2,1601.0,55.7,2060s_2100A.txt
2060s,2100A,Novec_2100A,10.034,14.2,0.0,53.2,1601.0,55.8,2060s_2100A.txt
2060s,2100A,Novec_2100A,11.117,14.5,0.0,53.2,1601.0,55.8,2060s_2100A.txt
2060s,2100A,Novec_2100A,12.223,14.5,0.0,53.2,1601.0,55.9,2060s_2100A.txt
2060s,2100A,Novec_2100A,13.311,14.6,0.0,53.2,1601.0,56.2,2060s_2100A.txt
2060s,2100A,Novec_2100A,14.423,15.8,0.0,53.2,1601.0,56.6,2060s_2100A.txt
2060s,2100A,Novec_2100A,1.089,14.1,0.0,56.6,1601.0,56.1,2060s_2100A.txt
2060s,2100A,Novec_2100A,2.186,14.1,0.0,56.6,1601.0,55.7,2060s_2100A.txt
2060s,2100A,Novec_2100A,3.289,14.1,0.0,56.6,1601.0,55.6,2060s_2100A.txt
2060s,2100A,Novec_2100A,4.408,11.0,0.0,56.6,1601.0,53.9,2060s_2100A.txt
2060s,2100A,Novec_2100A,5.529,9.8,0.0,56.6,1601.0,53.0,2060s_2100A.txt
2060s,2100A,Novec_2100A,6.636,9.9,0.0,56.6,1601.0,52.6,2060s_2100A.txt
2060s,2100A,Novec_2100A,7.719,9.6,0.0,56.6,1601.0,52.3,2060s_2100A.txt
2060s,2100A,Novec_2100A,8.828,9.7,0.0,56.6,1601.0,51.9,2060s_2100A.txt
2060s,2100A,Novec_2100A,9.937,10.0,0.0,56.6,1601.0,52.0,2060s_2100A.txt
2060s,2100A,Novec_2100A,10.997,10.3,0.0,56.6,1601.0,52.0,2060s_2100A.txt
2060s,2100A,Novec_2100A,12.093,10.0,0.0,56.6,1601.0,52.0,2060s_2100A.txt
2060s,2100A,Novec_2100A,13.188,10.1,0.0,56.6,1601.0,52.0,2060s_2100A.txt
2060s,2100A,Novec_2100A,1.101,10.6,0.0,51.9,1601.0,52.2,2060s_2100A.txt
2060s,2100A,Novec_2100A,2.193,10.7,0.0,51.9,1601.0,52.2,2060s_2100A.txt
2060s,2100A,Novec_2100A,3.31,10.9,0.0,51.9,1601.0,52.3,2060s_2100A.txt
2060s,2100A,Novec_2100A,4.3870000000000005,10.1,0.0,51.9,1601.0,52.1,2060s_2100A.txt
2060s,2100A,Novec_2100A,5.516,9.5,0.0,51.9,1601.0,51.9,2060s_2100A.txt
2060s,2100A,Novec_2100A,6.595,10.2,0.0,51.9,1601.0,52.0,2060s_2100A.txt
2060s,2100A,Novec_2100A,7.727,9.9,0.0,51.9,1601.0,51.9,2060s_2100A.txt
2060s,2100A,Novec_2100A,8.812,9.8,0.0,51.9,1601.0,52.0,2060s_2100A.txt
2060s,2100A,Novec_2100A,9.883,10.1,0.0,51.9,1601.0,52.0,2060s_2100A.txt
2060s,2100A,Novec_2100A,11.021,10.8,0.0,51.9,1601.0,52.3,2060s_2100A.txt
2060s,2100A,Novec_2100A,12.112,10.7,0.0,51.9,1601.0,52.3,2060s_2100A.txt
2060s,2100A,Novec_2100A,13.326,11.6,0.0,51.9,1601.0,52.4,2060s_2100A.txt
2060s,2100A,Novec_2100A,14.426,10.5,0.0,51.9,1601.0,52.6,2060s_2100A.txt
2060s,2100A,Novec_2100A,1.078,10.0,0.0,52.5,1601.0,52.3,2060s_2100A.txt
2060s,2100A,Novec_2100A,2.175,9.7,0.0,52.5,1601.0,52.0,2060s_2100A.txt
2060s,2100A,Novec_2100A,3.265,10.3,0.0,52.5,1601.0,52.2,2060s_2100A.txt
2060s,2100A,Novec_2100A,4.372,10.2,0.0,52.5,1601.0,51.9,2060s_2100A.txt
2060s,2100A,Novec_2100A,5.457,10.5,0.0,52.5,1601.0,52.3,2060s_2100A.txt
2060s,2100A,Novec_2100A,6.563,10.1,0.0,52.5,1601.0,52.1,2060s_2100A.txt
2060s,2100A,Novec_2100A,7.654,11.5,0.0,52.5,1601.0,52.3,2060s_2100A.txt
2060s,2100A,Novec_2100A,8.758,12.0,0.0,52.5,1601.0,52.7,2060s_2100A.txt
2060s,2100A,Novec_2100A,9.994,13.1,0.0,52.5,1601.0,52.7,2060s_2100A.txt
2060s,2100A,Novec_2100A,11.089,11.1,0.0,52.5,1601.0,52.9,2060s_2100A.txt
2060s,2100A,Novec_2100A,12.225,12.0,0.0,52.5,1601.0,52.9,2060s_2100A.txt
2060s,2100A,Novec_2100A,13.275,14.2,0.0,52.5,1601.0,54.8,2060s_2100A.txt
2060s,2100A,Novec_2100A,1.171,10.6,0.0,55.4,1601.0,53.7,2060s_2100A.txt
2060s,2100A,Novec_2100A,2.197,10.5,0.0,55.4,1601.0,53.1,2060s_2100A.txt
2060s,2100A,Novec_2100A,3.312,10.6,0.0,55.4,1601.0,53.0,2060s_2100A.txt
2060s,2100A,Novec_2100A,4.414,11.0,0.0,55.4,1601.0,53.1,2060s_2100A.txt
2060s,2100A,Novec_2100A,5.668,12.9,0.0,55.4,1601.0,52.9,2060s_2100A.txt
2060s,2100A,Novec_2100A,6.745,11.2,0.0,55.4,1601.0,53.3,2060s_2100A.txt
2060s,2100A,Novec_2100A,7.878,16.1,0.0,55.4,1601.0,55.3,2060s_2100A.txt
2060s,2100A,Novec_2100A,8.926,14.1,0.0,55.4,1601.0,55.4,2060s_2100A.txt
2060s,2100A,Novec_2100A,10.024,14.4,0.0,55.4,1601.0,55.6,2060s_2100A.txt
2060s,2100A,Novec_2100A,11.142,10.4,0.0,55.4,1601.0,54.0,2060s_2100A.txt
2060s,2100A,Novec_2100A,12.221,10.6,0.0,55.4,1601.0,53.5,2060s_2100A.txt
2060s,2100A,Novec_2100A,13.350999999999999,12.9,0.0,55.4,1601.0,53.3,2060s_2100A.txt
2060s,2100A,Novec_2100A,14.41,15.1,0.0,55.4,1601.0,55.2,2060s_2100A.txt
2060s,2100A,Novec_2100A,1.104,17.4,0.0,56.3,1601.0,56.6,2060s_2100A.txt
2060s,2100A,Novec_2100A,2.192,14.3,0.0,56.3,1601.0,56.0,2060s_2100A.txt
2060s,2100A,Novec_2100A,3.312,14.7,0.0,56.3,1601.0,56.0,2060s_2100A.txt
2060s,2100A,Novec_2100A,4.414,15.3,0.0,56.3,1601.0,56.3,2060s_2100A.txt
2060s,2100A,Novec_2100A,5.503,15.9,0.0,56.3,1601.0,56.7,2060s_2100A.txt
2060s,2100A,Novec_2100A,6.607,15.5,0.0,56.3,1601.0,56.9,2060s_2100A.txt
2060s,2100A,Novec_2100A,7.684,16.3,0.0,56.3,1601.0,57.3,2060s_2100A.txt
2060s,2100A,Novec_2100A,8.771,17.9,0.0,56.3,1601.0,58.0,2060s_2100A.txt
2060s,2100A,Novec_2100A,9.876,14.0,0.0,56.3,1601.0,57.0,2060s_2100A.txt
2060s,2100A,Novec_2100A,10.975,14.1,0.0,56.3,1601.0,56.2,2060s_2100A.txt
2060s,2100A,Novec_2100A,12.075,14.1,0.0,56.3,1601.0,56.0,2060s_2100A.txt
2060s,2100A,Novec_2100A,13.179,12.8,0.0,56.3,1601.0,54.3,2060s_2100A.txt
2060s,2100A,Novec_2100A,1.109,9.8,0.0,53.2,1601.0,52.7,2060s_2100A.txt
2060s,2100A,Novec_2100A,2.221,9.8,0.0,53.2,1601.0,52.4,2060s_2100A.txt
2060s,2100A,Novec_2100A,3.325,9.8,0.0,53.2,1601.0,52.2,2060s_2100A.txt
2060s,2100A,Novec_2100A,4.411,9.8,0.0,53.2,1601.0,52.1,2060s_2100A.txt
2060s,2100A,Novec_2100A,5.52,9.6,0.0,53.2,1601.0,52.0,2060s_2100A.txt
2060s,2100A,Novec_2100A,6.627,10.3,0.0,53.2,1601.0,52.0,2060s_2100A.txt
2060s,2100A,Novec_2100A,7.721,10.0,0.0,53.2,1601.0,52.0,2060s_2100A.txt
2060s,2100A,Novec_2100A,8.832,10.2,0.0,53.2,1601.0,52.2,2060s_2100A.txt
2060s,2100A,Novec_2100A,9.918,10.6,0.0,53.2,1601.0,52.3,2060s_2100A.txt
2060s,2100A,Novec_2100A,11.021,10.4,0.0,53.2,1601.0,52.3,2060s_2100A.txt
2060s,2100A,Novec_2100A,12.125,10.6,0.0,53.2,1601.0,52.3,2060s_2100A.txt
2060s,2100A,Novec_2100A,13.217,10.1,0.0,53.2,1601.0,52.2,2060s_2100A.txt
2060s,2100A,Novec_2100A,14.32,10.1,0.0,53.2,1601.0,52.1,2060s_2100A.txt
2060s,2100A,Novec_2100A,1.094,9.9,0.0,52.1,1601.0,52.0,2060s_2100A.txt
2060s,2100A,Novec_2100A,2.205,10.1,0.0,52.1,1601.0,52.1,2060s_2100A.txt
2060s,2100A,Novec_2100A,3.279,10.1,0.0,52.1,1601.0,52.1,2060s_2100A.txt
2060s,2100A,Novec_2100A,4.44,10.3,0.0,52.1,1601.0,52.2,2060s_2100A.txt
2060s,2100A,Novec_2100A,5.585,10.3,0.0,52.1,1601.0,52.3,2060s_2100A.txt
2060s,2100A,Novec_2100A,6.712,11.5,0.0,52.1,1601.0,52.4,2060s_2100A.txt
2060s,2100A,Novec_2100A,7.804,10.8,0.0,52.1,1601.0,52.5,2060s_2100A.txt
2060s,2100A,Novec_2100A,8.884,10.8,0.0,52.1,1601.0,52.6,2060s_2100A.txt
2060s,2100A,Novec_2100A,10.008,9.5,0.0,52.1,1601.0,52.3,2060s_2100A.txt
2060s,2100A,Novec_2100A,11.084,10.2,0.0,52.1,1601.0,52.3,2060s_2100A.txt
2060s,2100A,Novec_2100A,12.184,9.9,0.0,52.1,1601.0,52.3,2060s_2100A.txt
2060s,2100A,Novec_2100A,13.29,10.2,0.0,52.1,1601.0,52.2,2060s_2100A.txt
2060s,2100A,Novec_2100A,14.375,10.6,0.0,52.1,1601.0,52.3,2060s_2100A.txt
2060s,2100A,Novec_2100A,1.142,11.5,0.0,52.3,1601.0,52.6,2060s_2100A.txt
2060s,2100A,Novec_2100A,2.213,11.6,0.0,52.3,1601.0,52.5,2060s_2100A.txt
2060s,2100A,Novec_2100A,3.339,11.9,0.0,52.3,1601.0,52.9,2060s_2100A.txt
2060s,2100A,Novec_2100A,4.617,11.3,0.0,52.3,1601.0,52.9,2060s_2100A.txt
2060s,2100A,Novec_2100A,5.75,10.5,0.0,52.3,1601.0,53.1,2060s_2100A.txt
2060s,2100A,Novec_2100A,6.836,10.2,0.0,52.3,1601.0,52.7,2060s_2100A.txt
2060s,2100A,Novec_2100A,7.902,10.5,0.0,52.3,1601.0,52.7,2060s_2100A.txt
2060s,2100A,Novec_2100A,9.019,10.5,0.0,52.3,1601.0,52.6,2060s_2100A.txt
2060s,2100A,Novec_2100A,10.275,10.6,0.0,52.3,1601.0,52.4,2060s_2100A.txt
2060s,2100A,Novec_2100A,11.347,12.0,0.0,52.3,1601.0,52.8,2060s_2100A.txt
2060s,2100A,Novec_2100A,12.513,11.0,0.0,52.3,1601.0,52.8,2060s_2100A.txt
2060s,2100A,Novec_2100A,13.65,10.6,0.0,52.3,1601.0,52.7,2060s_2100A.txt
2060s,2100A,Novec_2100A,1.103,10.6,0.0,53.1,1601.0,53.1,2060s_2100A.txt
2060s,2100A,Novec_2100A,2.189,11.4,0.0,53.1,1601.0,53.4,2060s_2100A.txt
2060s,2100A,Novec_2100A,3.2720000000000002,11.3,0.0,53.1,1601.0,53.1,2060s_2100A.txt
2060s,2100A,Novec_2100A,4.365,14.3,0.0,53.1,1601.0,55.1,2060s_2100A.txt
2060s,2100A,Novec_2100A,5.454,14.2,0.0,53.1,1601.0,55.5,2060s_2100A.txt
2060s,2100A,Novec_2100A,6.591,9.8,0.0,53.1,1601.0,53.8,2060s_2100A.txt
2060s,2100A,Novec_2100A,7.783,10.0,0.0,53.1,1601.0,53.3,2060s_2100A.txt
2060s,2100A,Novec_2100A,8.988,10.8,0.0,53.1,1601.0,53.2,2060s_2100A.txt
2060s,2100A,Novec_2100A,10.075,11.5,0.0,53.1,1601.0,53.3,2060s_2100A.txt
2060s,2100A,Novec_2100A,11.142,15.1,0.0,53.1,1601.0,54.8,2060s_2100A.txt
2060s,2100A,Novec_2100A,12.247,15.1,0.0,53.1,1601.0,56.0,2060s_2100A.txt
2060s,2100A,Novec_2100A,13.356,15.7,0.0,53.1,1601.0,56.3,2060s_2100A.txt
2060s,2100A,Novec_2100A,1.11,14.6,0.0,55.8,1601.0,56.0,2060s_2100A.txt
2060s,2100A,Novec_2100A,2.206,14.7,0.0,55.8,1601.0,56.0,2060s_2100A.txt
2060s,2100A,Novec_2100A,3.283,15.3,0.0,55.8,1601.0,56.4,2060s_2100A.txt
2060s,2100A,Novec_2100A,4.372,14.8,0.0,55.8,1601.0,56.5,2060s_2100A.txt
2060s,2100A,Novec_2100A,5.48,16.9,0.0,55.8,1601.0,57.1,2060s_2100A.txt
2060s,2100A,Novec_2100A,6.58,14.1,0.0,55.8,1601.0,56.3,2060s_2100A.txt
2060s,2100A,Novec_2100A,7.678,14.1,0.0,55.8,1601.0,56.0,2060s_2100A.txt
2060s,2100A,Novec_2100A,8.778,14.1,0.0,55.8,1601.0,55.8,2060s_2100A.txt
2060s,2100A,Novec_2100A,9.871,12.8,0.0,55.8,1601.0,55.0,2060s_2100A.txt
2060s,2100A,Novec_2100A,10.992,10.2,0.0,55.8,1601.0,53.6,2060s_2100A.txt
2060s,2100A,Novec_2100A,12.089,10.3,0.0,55.8,1601.0,52.9,2060s_2100A.txt
2060s,2100A,Novec_2100A,13.195,9.7,0.0,55.8,1601.0,52.5,2060s_2100A.txt
2060s,2100A,Novec_2100A,14.271,9.9,0.0,55.8,1601.0,52.3,2060s_2100A.txt
2060s,2100A,Novec_2100A,1.137,9.6,0.0,52.1,1601.0,52.1,2060s_2100A.txt
2060s,2100A,Novec_2100A,2.2359999999999998,9.9,0.0,52.1,1601.0,52.1,2060s_2100A.txt
2060s,2100A,Novec_2100A,3.294,9.9,0.0,52.1,1601.0,52.1,2060s_2100A.txt
2060s,2100A,Novec_2100A,4.491,9.9,0.0,52.1,1601.0,52.0,2060s_2100A.txt
2060s,2100A,Novec_2100A,5.732,9.9,0.0,52.1,1601.0,52.1,2060s_2100A.txt
2060s,2100A,Novec_2100A,6.804,10.3,0.0,52.1,1601.0,52.3,2060s_2100A.txt
2060s,2100A,Novec_2100A,7.889,10.5,0.0,52.1,1601.0,52.0,2060s_2100A.txt
2060s,2100A,Novec_2100A,9.029,10.4,0.0,52.1,1601.0,52.3,2060s_2100A.txt
2060s,2100A,Novec_2100A,10.107,10.4,0.0,52.1,1601.0,52.2,2060s_2100A.txt
2060s,2100A,Novec_2100A,11.2,9.9,0.0,52.1,1601.0,52.2,2060s_2100A.txt
2060s,2100A,Novec_2100A,12.309,10.2,0.0,52.1,1601.0,52.2,2060s_2100A.txt
2060s,2100A,Novec_2100A,13.424,10.4,0.0,52.1,1601.0,52.2,2060s_2100A.txt
2060s,2100A,Novec_2100A,1.106,9.7,0.0,52.1,1601.0,52.1,2060s_2100A.txt
2060s,2100A,Novec_2100A,2.195,10.2,0.0,52.1,1601.0,52.3,2060s_2100A.txt
2060s,2100A,Novec_2100A,3.323,10.2,0.0,52.1,1601.0,52.1,2060s_2100A.txt
2060s,2100A,Novec_2100A,4.391,9.9,0.0,52.1,1601.0,52.3,2060s_2100A.txt
2060s,2100A,Novec_2100A,5.476,10.8,0.0,52.1,1601.0,52.4,2060s_2100A.txt
2060s,2100A,Novec_2100A,6.617,10.1,0.0,52.1,1601.0,52.4,2060s_2100A.txt
2060s,2100A,Novec_2100A,7.714,10.2,0.0,52.1,1601.0,52.2,2060s_2100A.txt
2060s,2100A,Novec_2100A,8.821,10.1,0.0,52.1,1601.0,52.1,2060s_2100A.txt
2060s,2100A,Novec_2100A,9.924,9.8,0.0,52.1,1601.0,52.2,2060s_2100A.txt
2060s,2100A,Novec_2100A,11.015,10.5,0.0,52.1,1601.0,52.1,2060s_2100A.txt
2060s,2100A,Novec_2100A,12.105,10.3,0.0,52.1,1601.0,52.2,2060s_2100A.txt
2060s,2100A,Novec_2100A,13.314,10.4,0.0,52.1,1601.0,52.3,2060s_2100A.txt
2060s,2100A,Novec_2100A,14.446,11.1,0.0,52.1,1601.0,52.5,2060s_2100A.txt
2060s,2100A,Novec_2100A,1.13,11.0,0.0,52.5,1601.0,52.6,2060s_2100A.txt
2060s,2100A,Novec_2100A,2.209,11.6,0.0,52.5,1601.0,52.6,2060s_2100A.txt
2060s,2100A,Novec_2100A,3.413,11.3,0.0,52.5,1601.0,52.7,2060s_2100A.txt
2060s,2100A,Novec_2100A,4.476,14.1,0.0,52.5,1601.0,54.1,2060s_2100A.txt
2060s,2100A,Novec_2100A,5.576,14.1,0.0,52.5,1601.0,55.2,2060s_2100A.txt
2060s,2100A,Novec_2100A,6.661,13.1,0.0,52.5,1601.0,54.1,2060s_2100A.txt
2060s,2100A,Novec_2100A,7.784,11.3,0.0,52.5,1601.0,53.2,2060s_2100A.txt
2060s,2100A,Novec_2100A,8.878,10.9,0.0,52.5,1601.0,52.9,2060s_2100A.txt
2060s,2100A,Novec_2100A,9.985,11.7,0.0,52.5,1601.0,52.9,2060s_2100A.txt
2060s,2100A,Novec_2100A,11.064,10.1,0.0,52.5,1601.0,53.0,2060s_2100A.txt
2060s,2100A,Novec_2100A,12.345,14.4,0.0,52.5,1601.0,54.4,2060s_2100A.txt
2060s,2100A,Novec_2100A,13.452,14.1,0.0,52.5,1601.0,55.5,2060s_2100A.txt
2060s,2100A,Novec_2100A,1.12,10.2,0.0,54.2,1601.0,53.1,2060s_2100A.txt
2060s,2100A,Novec_2100A,2.278,12.6,0.0,54.2,1601.0,53.1,2060s_2100A.txt
2060s,2100A,Novec_2100A,3.354,11.8,0.0,54.2,1601.0,52.9,2060s_2100A.txt
2060s,2100A,Novec_2100A,4.452,11.1,0.0,54.2,1601.0,52.7,2060s_2100A.txt
2060s,2100A,Novec_2100A,5.525,11.7,0.0,54.2,1601.0,53.0,2060s_2100A.txt
2060s,2100A,Novec_2100A,6.646,11.2,0.0,54.2,1601.0,52.8,2060s_2100A.txt
2060s,2100A,Novec_2100A,7.728,13.2,0.0,54.2,1601.0,53.8,2060s_2100A.txt
2060s,2100A,Novec_2100A,8.82,14.7,0.0,54.2,1601.0,55.7,2060s_2100A.txt
2060s,2100A,Novec_2100A,9.918,14.1,0.0,54.2,1601.0,55.8,2060s_2100A.txt
2060s,2100A,Novec_2100A,11.024,14.2,0.0,54.2,1601.0,55.8,2060s_2100A.txt
2060s,2100A,Novec_2100A,12.123,13.5,0.0,54.2,1601.0,54.9,2060s_2100A.txt
2060s,2100A,Novec_2100A,13.223,12.2,0.0,54.2,1601.0,54.0,2060s_2100A.txt
2060s,2100A,Novec_2100A,14.317,13.3,0.0,54.2,1601.0,54.6,2060s_2100A.txt
2060s,2100A,Novec_2100A,1.114,16.1,0.0,56.1,1601.0,56.5,2060s_2100A.txt
2060s,2100A,Novec_2100A,2.22,14.1,0.0,56.1,1601.0,56.2,2060s_2100A.txt
2060s,2100A,Novec_2100A,3.322,14.1,0.0,56.1,1601.0,55.9,2060s_2100A.txt
2060s,2100A,Novec_2100A,4.417,13.4,0.0,56.1,1601.0,55.3,2060s_2100A.txt
2060s,2100A,Novec_2100A,5.548,10.1,0.0,56.1,1601.0,53.8,2060s_2100A.txt
2060s,2100A,Novec_2100A,6.641,10.2,0.0,56.1,1601.0,53.0,2060s_2100A.txt
2060s,2100A,Novec_2100A,7.732,10.0,0.0,56.1,1601.0,52.4,2060s_2100A.txt
2060s,2100A,Novec_2100A,8.841,10.0,0.0,56.1,1601.0,52.2,2060s_2100A.txt
2060s,2100A,Novec_2100A,9.943999999999999,9.6,0.0,56.1,1601.0,52.1,2060s_2100A.txt
2060s,2100A,Novec_2100A,11.019,9.9,0.0,56.1,1601.0,52.1,2060s_2100A.txt
2060s,2100A,Novec_2100A,12.123,9.5,0.0,56.1,1601.0,51.9,2060s_2100A.txt
2060s,2100A,Novec_2100A,13.212,10.0,0.0,56.1,1601.0,52.1,2060s_2100A.txt
2060s,2100A,Novec_2100A,14.328,9.7,0.0,56.1,1601.0,51.8,2060s_2100A.txt
2060s,2100A,Novec_2100A,1.1,9.6,0.0,52.0,1601.0,52.0,2060s_2100A.txt
2060s,2100A,Novec_2100A,2.173,10.1,0.0,52.0,1601.0,52.2,2060s_2100A.txt
2060s,2100A,Novec_2100A,3.278,11.1,0.0,52.0,1601.0,52.3,2060s_2100A.txt
2060s,2100A,Novec_2100A,4.394,10.2,0.0,52.0,1601.0,52.2,2060s_2100A.txt
2060s,2100A,Novec_2100A,5.523,9.6,0.0,52.0,1601.0,52.1,2060s_2100A.txt
2060s,2100A,Novec_2100A,6.6,9.8,0.0,52.0,1601.0,52.0,2060s_2100A.txt
2060s,2100A,Novec_2100A,7.711,10.0,0.0,52.0,1601.0,52.1,2060s_2100A.txt
2060s,2100A,Novec_2100A,8.815,9.8,0.0,52.0,1601.0,51.8,2060s_2100A.txt
2060s,2100A,Novec_2100A,9.913,10.2,0.0,52.0,1601.0,52.0,2060s_2100A.txt
2060s,2100A,Novec_2100A,10.975999999999999,10.3,0.0,52.0,1601.0,52.0,2060s_2100A.txt
2060s,2100A,Novec_2100A,12.082,10.2,0.0,52.0,1601.0,52.1,2060s_2100A.txt
2060s,2100A,Novec_2100A,13.154,10.6,0.0,52.0,1601.0,52.3,2060s_2100A.txt
2060s,2100A,Novec_2100A,1.141,10.5,0.0,52.3,1601.0,52.4,2060s_2100A.txt
2060s,2100A,Novec_2100A,2.237,9.8,0.0,52.3,1601.0,52.1,2060s_2100A.txt
2060s,2100A,Novec_2100A,3.33,9.7,0.0,52.3,1601.0,52.0,2060s_2100A.txt
2060s,2100A,Novec_2100A,4.421,10.6,0.0,52.3,1601.0,52.1,2060s_2100A.txt
2060s,2100A,Novec_2100A,5.517,11.0,0.0,52.3,1601.0,52.2,2060s_2100A.txt
2060s,2100A,Novec_2100A,6.635,9.9,0.0,52.3,1601.0,52.3,2060s_2100A.txt
2060s,2100A,Novec_2100A,7.718,9.9,0.0,52.3,1601.0,52.1,2060s_2100A.txt
2060s,2100A,Novec_2100A,8.83,11.0,0.0,52.3,1601.0,52.5,2060s_2100A.txt
2060s,2100A,Novec_2100A,9.915,11.5,0.0,52.3,1601.0,52.6,2060s_2100A.txt
2060s,2100A,Novec_2100A,10.995,11.3,0.0,52.3,1601.0,52.7,2060s_2100A.txt
2060s,2100A,Novec_2100A,12.235,11.3,0.0,52.3,1601.0,52.7,2060s_2100A.txt
2060s,2100A,Novec_2100A,13.298,10.6,0.0,52.3,1601.0,52.9,2060s_2100A.txt
2060s,2100A,Novec_2100A,14.4,10.2,0.0,52.3,1601.0,52.6,2060s_2100A.txt
2060s,2100A,Novec_2100A,1.094,10.5,0.0,52.3,1601.0,52.2,2060s_2100A.txt
2060s,2100A,Novec_2100A,2.224,10.7,0.0,52.3,1601.0,52.3,2060s_2100A.txt
2060s,2100A,Novec_2100A,3.306,11.1,0.0,52.3,1601.0,52.4,2060s_2100A.txt
2060s,2100A,Novec_2100A,4.449,10.7,0.0,52.3,1601.0,52.6,2060s_2100A.txt
2060s,2100A,Novec_2100A,5.507,11.6,0.0,52.3,1601.0,52.6,2060s_2100A.txt
2060s,2100A,Novec_2100A,6.598,10.6,0.0,52.3,1601.0,52.7,2060s_2100A.txt
2060s,2100A,Novec_2100A,7.674,11.3,0.0,52.3,1601.0,52.9,2060s_2100A.txt
2060s,2100A,Novec_2100A,8.775,10.9,0.0,52.3,1601.0,52.9,2060s_2100A.txt
2060s,2100A,Novec_2100A,9.884,10.6,0.0,52.3,1601.0,53.0,2060s_2100A.txt
2060s,2100A,Novec_2100A,10.956,9.7,0.0,52.3,1601.0,52.8,2060s_2100A.txt
2060s,2100A,Novec_2100A,12.093,9.8,0.0,52.3,1601.0,52.6,2060s_2100A.txt
2060s,2100A,Novec_2100A,13.171,9.9,0.0,52.3,1601.0,52.3,2060s_2100A.txt
2060s,2100A,Novec_2100A,1.104,11.5,0.0,52.6,1601.0,52.5,2060s_2100A.txt
2060s,2100A,Novec_2100A,2.229,10.2,0.0,52.6,1601.0,52.5,2060s_2100A.txt
2060s,2100A,Novec_2100A,3.329,10.4,0.0,52.6,1601.0,52.7,2060s_2100A.txt
2060s,2100A,Novec_2100A,4.4030000000000005,11.7,0.0,52.6,1601.0,53.0,2060s_2100A.txt
2060s,2100A,Novec_2100A,5.5,14.6,0.0,52.6,1601.0,55.4,2060s_2100A.txt
2060s,2100A,Novec_2100A,6.606,14.8,0.0,52.6,1601.0,55.9,2060s_2100A.txt
2060s,2100A,Novec_2100A,7.701,14.1,0.0,52.6,1601.0,55.7,2060s_2100A.txt
2060s,2100A,Novec_2100A,8.795,14.1,0.0,52.6,1601.0,55.8,2060s_2100A.txt
2060s,2100A,Novec_2100A,9.916,11.2,0.0,52.6,1601.0,54.1,2060s_2100A.txt
2060s,2100A,Novec_2100A,11.001,11.8,0.0,52.6,1601.0,53.6,2060s_2100A.txt
2060s,2100A,Novec_2100A,12.071,10.9,0.0,52.6,1601.0,53.3,2060s_2100A.txt
2060s,2100A,Novec_2100A,13.183,13.8,0.0,52.6,1601.0,54.3,2060s_2100A.txt
2060s,2100A,Novec_2100A,14.272,15.1,0.0,52.6,1601.0,55.9,2060s_2100A.txt
2060s,2100A,Novec_2100A,1.115,14.1,0.0,56.4,1601.0,55.9,2060s_2100A.txt
2060s,2100A,Novec_2100A,2.211,14.1,0.0,56.4,1601.0,55.8,2060s_2100A.txt
2060s,2100A,Novec_2100A,3.329,14.1,0.0,56.4,1601.0,55.8,2060s_2100A.txt
2060s,2100A,Novec_2100A,4.459,9.8,0.0,56.4,1601.0,53.6,2060s_2100A.txt
2060s,2100A,Novec_2100A,5.552,10.2,0.0,56.4,1601.0,53.1,2060s_2100A.txt
2060s,2100A,Novec_2100A,6.642,10.1,0.0,56.4,1601.0,52.7,2060s_2100A.txt
2060s,2100A,Novec_2100A,7.76,10.2,0.0,56.4,1601.0,52.3,2060s_2100A.txt
2060s,2100A,Novec_2100A,8.855,10.1,0.0,56.4,1601.0,52.1,2060s_2100A.txt
2060s,2100A,Novec_2100A,9.937,10.2,0.0,56.4,1601.0,52.1,2060s_2100A.txt
2060s,2100A,Novec_2100A,11.061,9.8,0.0,56.4,1601.0,52.0,2060s_2100A.txt
2060s,2100A,Novec_2100A,12.141,10.1,0.0,56.4,1601.0,52.0,2060s_2100A.txt
2060s,2100A,Novec_2100A,13.257,9.7,0.0,56.4,1601.0,51.9,2060s_2100A.txt
2060s,2100A,Novec_2100A,14.373,10.0,0.0,56.4,1601.0,51.9,2060s_2100A.txt
2060s,2100A,Novec_2100A,1.103,10.2,0.0,51.9,1601.0,52.2,2060s_2100A.txt
2060s,2100A,Novec_2100A,2.221,9.9,0.0,51.9,1601.0,52.2,2060s_2100A.txt
2060s,2100A,Novec_2100A,3.324,9.6,0.0,51.9,1601.0,52.1,2060s_2100A.txt
2060s,2100A,Novec_2100A,4.412,9.7,0.0,51.9,1601.0,51.9,2060s_2100A.txt
2060s,2100A,Novec_2100A,5.5,10.3,0.0,51.9,1601.0,52.0,2060s_2100A.txt
2060s,2100A,Novec_2100A,6.61,10.0,0.0,51.9,1601.0,52.0,2060s_2100A.txt
2060s,2100A,Novec_2100A,7.708,10.3,0.0,51.9,1601.0,52.1,2060s_2100A.txt
2060s,2100A,Novec_2100A,8.78,10.5,0.0,51.9,1601.0,52.0,2060s_2100A.txt
2060s,2100A,Novec_2100A,9.991,10.3,0.0,51.9,1601.0,52.0,2060s_2100A.txt
2060s,2100A,Novec_2100A,11.033,10.0,0.0,51.9,1601.0,52.2,2060s_2100A.txt
2060s,2100A,Novec_2100A,12.147,11.0,0.0,51.9,1601.0,52.3,2060s_2100A.txt
2060s,2100A,Novec_2100A,13.229,11.1,0.0,51.9,1601.0,52.3,2060s_2100A.txt
2060s,2100A,Novec_2100A,1.095,10.4,0.0,52.5,1601.0,52.4,2060s_2100A.txt
2060s,2100A,Novec_2100A,2.179,10.1,0.0,52.5,1601.0,52.2,2060s_2100A.txt
2060s,2100A,Novec_2100A,3.291,9.7,0.0,52.5,1601.0,52.0,2060s_2100A.txt
2060s,2100A,Novec_2100A,4.442,10.5,0.0,52.5,1601.0,52.0,2060s_2100A.txt
2060s,2100A,Novec_2100A,5.623,10.2,0.0,52.5,1601.0,52.2,2060s_2100A.txt
2060s,2100A,Novec_2100A,6.694,10.2,0.0,52.5,1601.0,52.1,2060s_2100A.txt
2060s,2100A,Novec_2100A,7.817,12.3,0.0,52.5,1601.0,52.5,2060s_2100A.txt
2060s,2100A,Novec_2100A,8.943,11.4,0.0,52.5,1601.0,52.5,2060s_2100A.txt
2060s,2100A,Novec_2100A,10.0,10.4,0.0,52.5,1601.0,52.5,2060s_2100A.txt
2060s,2100A,Novec_2100A,11.117,11.3,0.0,52.5,1601.0,52.8,2060s_2100A.txt
2060s,2100A,Novec_2100A,12.231,10.2,0.0,52.5,1601.0,52.6,2060s_2100A.txt
2060s,2100A,Novec_2100A,13.317,10.0,0.0,52.5,1601.0,52.3,2060s_2100A.txt
2060s,2100A,Novec_2100A,14.419,10.4,0.0,52.5,1601.0,52.3,2060s_2100A.txt
2060s,2100A,Novec_2100A,1.104,10.5,0.0,52.2,1601.0,52.3,2060s_2100A.txt
2060s,2100A,Novec_2100A,2.174,10.7,0.0,52.2,1601.0,52.4,2060s_2100A.txt
2060s,2100A,Novec_2100A,3.325,11.2,0.0,52.2,1601.0,52.5,2060s_2100A.txt
2060s,2100A,Novec_2100A,4.417,10.7,0.0,52.2,1601.0,52.7,2060s_2100A.txt
2060s,2100A,Novec_2100A,5.5,10.0,0.0,52.2,1601.0,52.7,2060s_2100A.txt
2060s,2100A,Novec_2100A,6.558,11.3,0.0,52.2,1601.0,53.0,2060s_2100A.txt
2060s,2100A,Novec_2100A,7.656,15.6,0.0,52.2,1601.0,54.3,2060s_2100A.txt
2060s,2100A,Novec_2100A,8.755,14.3,0.0,52.2,1601.0,55.5,2060s_2100A.txt
2060s,2100A,Novec_2100A,9.861,13.3,0.0,52.2,1601.0,54.5,2060s_2100A.txt
2060s,2100A,Novec_2100A,10.974,10.4,0.0,52.2,1601.0,53.4,2060s_2100A.txt
2060s,2100A,Novec_2100A,12.058,11.7,0.0,52.2,1601.0,53.1,2060s_2100A.txt
2060s,2100A,Novec_2100A,13.159,10.9,0.0,52.2,1601.0,52.8,2060s_2100A.txt
2060s,2100A,Novec_2100A,14.236,10.9,0.0,52.2,1601.0,53.0,2060s_2100A.txt
2060s,2100A,Novec_2100A,1.103,11.7,0.0,53.3,1601.0,53.5,2060s_2100A.txt
2060s,2100A,Novec_2100A,2.181,12.1,0.0,53.3,1601.0,53.5,2060s_2100A.txt
2060s,2100A,Novec_2100A,3.293,16.4,0.0,53.3,1601.0,55.9,2060s_2100A.txt
2060s,2100A,Novec_2100A,4.389,14.2,0.0,53.3,1601.0,55.9,2060s_2100A.txt
2060s,2100A,Novec_2100A,5.468,14.4,0.0,53.3,1601.0,56.0,2060s_2100A.txt
2060s,2100A,Novec_2100A,6.571,13.8,0.0,53.3,1601.0,55.1,2060s_2100A.txt
2060s,2100A,Novec_2100A,7.678,11.4,0.0,53.3,1601.0,54.2,2060s_2100A.txt
2060s,2100A,Novec_2100A,8.804,11.9,0.0,53.3,1601.0,53.8,2060s_2100A.txt
2060s,2100A,Novec_2100A,9.850999999999999,16.6,0.0,53.3,1601.0,56.5,2060s_2100A.txt
2060s,2100A,Novec_2100A,11.07,17.1,0.0,53.3,1601.0,57.5,2060s_2100A.txt
2060s,2100A,Novec_2100A,12.161,20.0,0.0,53.3,1601.0,57.5,2060s_2100A.txt
2060s,2100A,Novec_2100A,13.256,14.1,0.0,53.3,1601.0,56.3,2060s_2100A.txt
2060s,2100A,Novec_2100A,1.101,12.8,0.0,56.0,1601.0,54.4,2060s_2100A.txt
2060s,2100A,Novec_2100A,2.228,9.9,0.0,56.0,1601.0,53.4,2060s_2100A.txt
2060s,2100A,Novec_2100A,3.348,10.0,0.0,56.0,1601.0,52.8,2060s_2100A.txt
2060s,2100A,Novec_2100A,4.424,9.7,0.0,56.0,1601.0,52.3,2060s_2100A.txt
2060s,2100A,Novec_2100A,5.504,10.0,0.0,56.0,1601.0,52.3,2060s_2100A.txt
2060s,2100A,Novec_2100A,6.635,9.7,0.0,56.0,1601.0,52.0,2060s_2100A.txt
2060s,2100A,Novec_2100A,7.712,10.1,0.0,56.0,1601.0,52.1,2060s_2100A.txt
2060s,2100A,Novec_2100A,8.822,9.8,0.0,56.0,1601.0,52.0,2060s_2100A.txt
2060s,2100A,Novec_2100A,9.903,9.8,0.0,56.0,1601.0,52.0,2060s_2100A.txt
2060s,2100A,Novec_2100A,10.999,9.6,0.0,56.0,1601.0,51.9,2060s_2100A.txt
2060s,2100A,Novec_2100A,12.073,10.1,0.0,56.0,1601.0,51.9,2060s_2100A.txt
2060s,2100A,Novec_2100A,13.178,10.0,0.0,56.0,1601.0,52.0,2060s_2100A.txt
2060s,2100A,Novec_2100A,14.296,10.6,0.0,56.0,1601.0,52.2,2060s_2100A.txt
2060s,2100A,Novec_2100A,1.121,9.6,0.0,52.2,1601.0,51.9,2060s_2100A.txt
2060s,2100A,Novec_2100A,2.208,9.8,0.0,52.2,1601.0,52.1,2060s_2100A.txt
2060s,2100A,Novec_2100A,3.322,10.1,0.0,52.2,1601.0,51.8,2060s_2100A.txt
2060s,2100A,Novec_2100A,4.407,9.9,0.0,52.2,1601.0,52.0,2060s_2100A.txt
2060s,2100A,Novec_2100A,5.508,9.8,0.0,52.2,1601.0,51.8,2060s_2100A.txt
2060s,2100A,Novec_2100A,6.589,9.7,0.0,52.2,1601.0,51.9,2060s_2100A.txt
2060s,2100A,Novec_2100A,7.693,10.4,0.0,52.2,1601.0,52.1,2060s_2100A.txt
2060s,2100A,Novec_2100A,8.816,10.1,0.0,52.2,1601.0,52.1,2060s_2100A.txt
2060s,2100A,Novec_2100A,9.922,10.8,0.0,52.2,1601.0,52.2,2060s_2100A.txt
2060s,2100A,Novec_2100A,11.036,10.4,0.0,52.2,1601.0,52.3,2060s_2100A.txt
2060s,2100A,Novec_2100A,12.09,10.7,0.0,52.2,1601.0,52.3,2060s_2100A.txt
2060s,2100A,Novec_2100A,13.222,9.6,0.0,52.2,1601.0,52.0,2060s_2100A.txt
2060s,2100A,Novec_2100A,1.107,10.8,0.0,52.0,1601.0,52.1,2060s_2100A.txt
2060s,2100A,Novec_2100A,2.196,10.3,0.0,52.0,1601.0,52.2,2060s_2100A.txt
2060s,2100A,Novec_2100A,3.307,10.4,0.0,52.0,1601.0,52.2,2060s_2100A.txt
2060s,2100A,Novec_2100A,4.388,10.5,0.0,52.0,1601.0,52.3,2060s_2100A.txt
2060s,2100A,Novec_2100A,5.514,11.5,0.0,52.0,1601.0,52.4,2060s_2100A.txt
2060s,2100A,Novec_2100A,6.629,12.0,0.0,52.0,1601.0,52.5,2060s_2100A.txt
2060s,2100A,Novec_2100A,7.701,11.3,0.0,52.0,1601.0,52.5,2060s_2100A.txt
2060s,2100A,Novec_2100A,8.824,10.5,0.0,52.0,1601.0,52.5,2060s_2100A.txt
2060s,2100A,Novec_2100A,9.906,10.8,0.0,52.0,1601.0,52.6,2060s_2100A.txt
2060s,2100A,Novec_2100A,11.001,9.9,0.0,52.0,1601.0,52.8,2060s_2100A.txt
2060s,2100A,Novec_2100A,12.111,10.1,0.0,52.0,1601.0,52.6,2060s_2100A.txt
2060s,2100A,Novec_2100A,13.222,11.0,0.0,52.0,1601.0,52.4,2060s_2100A.txt
2060s,2100A,Novec_2100A,14.3,10.1,0.0,52.0,1601.0,52.2,2060s_2100A.txt
2060s,2100A,Novec_2100A,1.116,11.1,0.0,52.4,1601.0,52.6,2060s_2100A.txt
2060s,2100A,Novec_2100A,2.189,10.9,0.0,52.4,1601.0,52.6,2060s_2100A.txt
2060s,2100A,Novec_2100A,3.263,10.3,0.0,52.4,1601.0,52.5,2060s_2100A.txt
2060s,2100A,Novec_2100A,4.408,11.2,0.0,52.4,1601.0,52.7,2060s_2100A.txt
2060s,2100A,Novec_2100A,5.485,10.7,0.0,52.4,1601.0,52.8,2060s_2100A.txt
2060s,2100A,Novec_2100A,6.55,11.7,0.0,52.4,1601.0,53.2,2060s_2100A.txt
2060s,2100A,Novec_2100A,7.659,11.5,0.0,52.4,1601.0,53.1,2060s_2100A.txt
2060s,2100A,Novec_2100A,8.791,10.0,0.0,52.4,1601.0,52.5,2060s_2100A.txt
2060s,2100A,Novec_2100A,9.87,9.8,0.0,52.4,1601.0,52.4,2060s_2100A.txt
2060s,2100A,Novec_2100A,11.08,10.4,0.0,52.4,1601.0,52.2,2060s_2100A.txt
2060s,2100A,Novec_2100A,12.167,10.5,0.0,52.4,1601.0,52.3,2060s_2100A.txt
2060s,2100A,Novec_2100A,13.336,10.4,0.0,52.4,1601.0,52.3,2060s_2100A.txt
2060s,2100A,Novec_2100A,14.407,12.2,0.0,52.4,1601.0,52.6,2060s_2100A.txt
2060s,2100A,Novec_2100A,1.129,11.2,0.0,52.6,1601.0,52.9,2060s_2100A.txt
2060s,2100A,Novec_2100A,2.16,12.3,0.0,52.6,1601.0,53.2,2060s_2100A.txt
2060s,2100A,Novec_2100A,3.2560000000000002,14.6,0.0,52.6,1601.0,55.5,2060s_2100A.txt
2060s,2100A,Novec_2100A,4.355,14.1,0.0,52.6,1601.0,55.8,2060s_2100A.txt
2060s,2100A,Novec_2100A,5.449,14.2,0.0,52.6,1601.0,55.8,2060s_2100A.txt
2060s,2100A,Novec_2100A,6.548,13.3,0.0,52.6,1601.0,54.8,2060s_2100A.txt
2060s,2100A,Novec_2100A,7.655,10.9,0.0,52.6,1601.0,54.0,2060s_2100A.txt
2060s,2100A,Novec_2100A,8.752,11.9,0.0,52.6,1601.0,53.6,2060s_2100A.txt
2060s,2100A,Novec_2100A,9.841,12.2,0.0,52.6,1601.0,53.4,2060s_2100A.txt
2060s,2100A,Novec_2100A,11.07,14.6,0.0,52.6,1601.0,55.4,2060s_2100A.txt
2060s,2100A,Novec_2100A,12.185,15.6,0.0,52.6,1601.0,56.3,2060s_2100A.txt
2060s,2100A,Novec_2100A,13.265,14.1,0.0,52.6,1601.0,56.1,2060s_2100A.txt
2060s,2100A,Novec_2100A,1.1,14.1,0.0,55.8,1601.0,55.7,2060s_2100A.txt
2060s,2100A,Novec_2100A,2.237,9.7,0.0,55.8,1601.0,53.7,2060s_2100A.txt
2060s,2100A,Novec_2100A,3.3609999999999998,9.7,0.0,55.8,1601.0,53.0,2060s_2100A.txt
2060s,2100A,Novec_2100A,4.44,9.7,0.0,55.8,1601.0,52.6,2060s_2100A.txt
2060s,2100A,Novec_2100A,5.682,10.2,0.0,55.8,1601.0,52.3,2060s_2100A.txt
2060s,2100A,Novec_2100A,6.781,9.8,0.0,55.8,1601.0,52.2,2060s_2100A.txt
2060s,2100A,Novec_2100A,7.861,9.9,0.0,55.8,1601.0,52.0,2060s_2100A.txt
2060s,2100A,Novec_2100A,8.977,9.5,0.0,55.8,1601.0,52.0,2060s_2100A.txt
2060s,2100A,Novec_2100A,10.056,9.6,0.0,55.8,1601.0,52.2,2060s_2100A.txt
2060s,2100A,Novec_2100A,11.139,10.3,0.0,55.8,1601.0,52.1,2060s_2100A.txt
2060s,2100A,Novec_2100A,12.253,10.1,0.0,55.8,1601.0,52.1,2060s_2100A.txt
2060s,2100A,Novec_2100A,13.377,10.1,0.0,55.8,1601.0,52.0,2060s_2100A.txt
2060s,2100A,Novec_2100A,14.457,10.0,0.0,55.8,1601.0,52.0,2060s_2100A.txt
2060s,2100A,Novec_2100A,1.107,10.0,0.0,52.1,1601.0,52.3,2060s_2100A.txt
2060s,2100A,Novec_2100A,2.214,10.0,0.0,52.1,1601.0,52.1,2060s_2100A.txt
2060s,2100A,Novec_2100A,3.269,10.0,0.0,52.1,1601.0,52.0,2060s_2100A.txt
2060s,2100A,Novec_2100A,4.395,10.0,0.0,52.1,1601.0,52.0,2060s_2100A.txt
2060s,2100A,Novec_2100A,5.514,9.7,0.0,52.1,1601.0,52.0,2060s_2100A.txt
2060s,2100A,Novec_2100A,6.626,10.2,0.0,52.1,1601.0,52.1,2060s_2100A.txt
2060s,2100A,Novec_2100A,7.721,10.1,0.0,52.1,1601.0,51.9,2060s_2100A.txt
2060s,2100A,Novec_2100A,8.818,10.6,0.0,52.1,1601.0,52.2,2060s_2100A.txt
2060s,2100A,Novec_2100A,9.945,10.6,0.0,52.1,1601.0,52.2,2060s_2100A.txt
2060s,2100A,Novec_2100A,11.055,10.7,0.0,52.1,1601.0,52.3,2060s_2100A.txt
2060s,2100A,Novec_2100A,12.145,11.0,0.0,52.1,1601.0,52.4,2060s_2100A.txt
2060s,2100A,Novec_2100A,13.253,10.0,0.0,52.1,1601.0,52.2,2060s_2100A.txt
2060s,2100A,Novec_2100A,1.1179999999999999,10.0,0.0,52.0,1601.0,52.2,2060s_2100A.txt
2060s,2100A,Novec_2100A,2.206,10.2,0.0,52.0,1601.0,52.1,2060s_2100A.txt
2060s,2100A,Novec_2100A,3.302,9.8,0.0,52.0,1601.0,52.1,2060s_2100A.txt
2060s,2100A,Novec_2100A,4.373,10.5,0.0,52.0,1601.0,52.3,2060s_2100A.txt
2060s,2100A,Novec_2100A,5.496,10.3,0.0,52.0,1601.0,52.3,2060s_2100A.txt
2060s,2100A,Novec_2100A,6.588,10.1,0.0,52.0,1601.0,52.2,2060s_2100A.txt
2060s,2100A,Novec_2100A,7.6899999999999995,11.6,0.0,52.0,1601.0,52.6,2060s_2100A.txt
2060s,2100A,Novec_2100A,8.754,11.0,0.0,52.0,1601.0,52.6,2060s_2100A.txt
2060s,2100A,Novec_2100A,9.869,12.5,0.0,52.0,1601.0,52.8,2060s_2100A.txt
2060s,2100A,Novec_2100A,10.993,10.0,0.0,52.0,1601.0,52.8,2060s_2100A.txt
2060s,2100A,Novec_2100A,12.206,10.5,0.0,52.0,1601.0,52.5,2060s_2100A.txt
2060s,2100A,Novec_2100A,13.309,10.6,0.0,52.0,1601.0,52.4,2060s_2100A.txt
2060s,2100A,Novec_2100A,14.523,9.8,0.0,52.0,1601.0,52.2,2060s_2100A.txt
2060s,2100A,Novec_2100A,1.124,10.8,0.0,52.6,1601.0,52.6,2060s_2100A.txt
2060s,2100A,Novec_2100A,2.231,10.7,0.0,52.6,1601.0,52.6,2060s_2100A.txt
2060s,2100A,Novec_2100A,3.317,11.1,0.0,52.6,1601.0,52.7,2060s_2100A.txt
2060s,2100A,Novec_2100A,4.433,12.5,0.0,52.6,1601.0,52.9,2060s_2100A.txt
2060s,2100A,Novec_2100A,5.508,11.5,0.0,52.6,1601.0,53.2,2060s_2100A.txt
2060s,2100A,Novec_2100A,6.643,11.2,0.0,52.6,1601.0,53.3,2060s_2100A.txt
2060s,2100A,Novec_2100A,7.714,14.1,0.0,52.6,1601.0,55.3,2060s_2100A.txt
2060s,2100A,Novec_2100A,8.823,13.3,0.0,52.6,1601.0,54.8,2060s_2100A.txt
2060s,2100A,Novec_2100A,9.917,11.0,0.0,52.6,1601.0,54.0,2060s_2100A.txt
2060s,2100A,Novec_2100A,11.054,12.2,0.0,52.6,1601.0,53.5,2060s_2100A.txt
2060s,2100A,Novec_2100A,12.158,10.8,0.0,52.6,1601.0,53.2,2060s_2100A.txt
2060s,2100A,Novec_2100A,13.249,12.0,0.0,52.6,1601.0,53.4,2060s_2100A.txt
2060s,2100A,Novec_2100A,1.075,12.2,0.0,53.3,1601.0,53.6,2060s_2100A.txt
2060s,2100A,Novec_2100A,2.142,14.7,0.0,53.3,1601.0,55.6,2060s_2100A.txt
2060s,2100A,Novec_2100A,3.237,14.1,0.0,53.3,1601.0,55.7,2060s_2100A.txt
2060s,2100A,Novec_2100A,4.343,14.1,0.0,53.3,1601.0,55.8,2060s_2100A.txt
2060s,2100A,Novec_2100A,5.441,14.5,0.0,53.3,1601.0,56.0,2060s_2100A.txt
2060s,2100A,Novec_2100A,6.536,13.7,0.0,53.3,1601.0,54.7,2060s_2100A.txt
2060s,2100A,Novec_2100A,7.612,14.6,0.0,53.3,1601.0,55.9,2060s_2100A.txt
2060s,2100A,Novec_2100A,8.82,14.8,0.0,53.3,1601.0,56.4,2060s_2100A.txt
2060s,2100A,Novec_2100A,9.906,14.4,0.0,53.3,1601.0,56.3,2060s_2100A.txt
2060s,2100A,Novec_2100A,11.017,14.1,0.0,53.3,1601.0,56.1,2060s_2100A.txt
2060s,2100A,Novec_2100A,12.111,14.1,0.0,53.3,1601.0,55.9,2060s_2100A.txt
2060s,2100A,Novec_2100A,13.221,12.9,0.0,53.3,1601.0,54.5,2060s_2100A.txt
2060s,2100A,Novec_2100A,14.382,9.9,0.0,53.3,1601.0,53.4,2060s_2100A.txt
2060s,2100A,Novec_2100A,1.111,10.4,0.0,52.8,1601.0,52.5,2060s_2100A.txt
2060s,2100A,Novec_2100A,2.181,10.1,0.0,52.8,1601.0,52.2,2060s_2100A.txt
2060s,2100A,Novec_2100A,3.306,10.1,0.0,52.8,1601.0,52.2,2060s_2100A.txt
2060s,2100A,Novec_2100A,4.434,9.7,0.0,52.8,1601.0,51.9,2060s_2100A.txt
2060s,2100A,Novec_2100A,5.631,9.8,0.0,52.8,1601.0,51.9,2060s_2100A.txt
2060s,2100A,Novec_2100A,6.729,10.2,0.0,52.8,1601.0,52.1,2060s_2100A.txt
2060s,2100A,Novec_2100A,7.79,10.4,0.0,52.8,1601.0,51.9,2060s_2100A.txt
2060s,2100A,Novec_2100A,8.937,9.8,0.0,52.8,1601.0,51.9,2060s_2100A.txt
2060s,2100A,Novec_2100A,9.991,11.1,0.0,52.8,1601.0,52.1,2060s_2100A.txt
2060s,2100A,Novec_2100A,11.108,10.6,0.0,52.8,1601.0,52.2,2060s_2100A.txt
2060s,2100A,Novec_2100A,12.226,10.1,0.0,52.8,1601.0,52.3,2060s_2100A.txt
2060s,2100A,Novec_2100A,13.314,10.1,0.0,52.8,1601.0,52.1,2060s_2100A.txt
2060s,2100A,Novec_2100A,1.07,9.8,0.0,52.0,1601.0,51.9,2060s_2100A.txt
2060s,2100A,Novec_2100A,2.181,10.0,0.0,52.0,1601.0,52.0,2060s_2100A.txt
2060s,2100A,Novec_2100A,3.2800000000000002,10.1,0.0,52.0,1601.0,52.0,2060s_2100A.txt
2060s,2100A,Novec_2100A,4.368,10.5,0.0,52.0,1601.0,52.1,2060s_2100A.txt
2060s,2100A,Novec_2100A,5.483,9.9,0.0,52.0,1601.0,52.2,2060s_2100A.txt
2060s,2100A,Novec_2100A,6.577,10.6,0.0,52.0,1601.0,52.5,2060s_2100A.txt
2060s,2100A,Novec_2100A,7.677,10.0,0.0,52.0,1601.0,52.3,2060s_2100A.txt
2060s,2100A,Novec_2100A,8.806000000000001,10.5,0.0,52.0,1601.0,52.6,2060s_2100A.txt
2060s,2100A,Novec_2100A,9.907,9.8,0.0,52.0,1601.0,52.3,2060s_2100A.txt
2060s,2100A,Novec_2100A,10.978,9.9,0.0,52.0,1601.0,52.2,2060s_2100A.txt
2060s,2100A,Novec_2100A,12.09,10.3,0.0,52.0,1601.0,52.1,2060s_2100A.txt
2060s,2100A,Novec_2100A,13.173,10.0,0.0,52.0,1601.0,52.1,2060s_2100A.txt
2060s,2100A,Novec_2100A,14.288,9.9,0.0,52.0,1601.0,52.2,2060s_2100A.txt
2060s,2100A,Novec_2100A,1.095,10.7,0.0,52.1,1601.0,52.3,2060s_2100A.txt
2060s,2100A,Novec_2100A,2.215,10.1,0.0,52.1,1601.0,52.3,2060s_2100A.txt
2060s,2100A,Novec_2100A,3.297,11.3,0.0,52.1,1601.0,52.4,2060s_2100A.txt
2060s,2100A,Novec_2100A,4.402,11.2,0.0,52.1,1601.0,52.5,2060s_2100A.txt
2060s,2100A,Novec_2100A,5.612,10.9,0.0,52.1,1601.0,52.7,2060s_2100A.txt
2060s,2100A,Novec_2100A,6.716,10.0,0.0,52.1,1601.0,52.8,2060s_2100A.txt
2060s,2100A,Novec_2100A,7.812,10.2,0.0,52.1,1601.0,52.4,2060s_2100A.txt
2060s,2100A,Novec_2100A,8.889,10.1,0.0,52.1,1601.0,52.2,2060s_2100A.txt
2060s,2100A,Novec_2100A,10.02,10.4,0.0,52.1,1601.0,52.3,2060s_2100A.txt
2060s,2100A,Novec_2100A,11.118,12.2,0.0,52.1,1601.0,52.6,2060s_2100A.txt
2060s,2100A,Novec_2100A,12.207,10.8,0.0,52.1,1601.0,52.6,2060s_2100A.txt
2060s,2100A,Novec_2100A,13.286,10.8,0.0,52.1,1601.0,52.8,2060s_2100A.txt
2060s,2100A,Novec_2100A,1.107,11.3,0.0,52.7,1601.0,52.9,2060s_2100A.txt
2060s,2100A,Novec_2100A,2.216,10.8,0.0,52.7,1601.0,53.0,2060s_2100A.txt
2060s,2100A,Novec_2100A,3.276,14.6,0.0,52.7,1601.0,54.0,2060s_2100A.txt
2060s,2100A,Novec_2100A,4.376,14.1,0.0,52.7,1601.0,55.4,2060s_2100A.txt
2060s,2100A,Novec_2100A,5.481,12.8,0.0,52.7,1601.0,54.5,2060s_2100A.txt
2060s,2100A,Novec_2100A,6.599,11.6,0.0,52.7,1601.0,53.6,2060s_2100A.txt
2060s,2100A,Novec_2100A,7.676,11.3,0.0,52.7,1601.0,53.4,2060s_2100A.txt
2060s,2100A,Novec_2100A,8.793,11.1,0.0,52.7,1601.0,53.1,2060s_2100A.txt
2060s,2100A,Novec_2100A,9.876,14.5,0.0,52.7,1601.0,55.5,2060s_2100A.txt
2060s,2100A,Novec_2100A,11.096,14.6,0.0,52.7,1601.0,56.7,2060s_2100A.txt
2060s,2100A,Novec_2100A,12.229,14.2,0.0,52.7,1601.0,56.2,2060s_2100A.txt
2060s,2100A,Novec_2100A,13.307,14.2,0.0,52.7,1601.0,56.1,2060s_2100A.txt
2060s,2100A,Novec_2100A,14.403,14.0,0.0,52.7,1601.0,55.5,2060s_2100A.txt
2060s,2100A,Novec_2100A,1.111,11.4,0.0,54.2,1601.0,53.8,2060s_2100A.txt
2060s,2100A,Novec_2100A,2.2,15.0,0.0,54.2,1601.0,54.7,2060s_2100A.txt
2060s,2100A,Novec_2100A,3.424,16.7,0.0,54.2,1601.0,56.5,2060s_2100A.txt
2060s,2100A,Novec_2100A,4.542,16.2,0.0,54.2,1601.0,56.5,2060s_2100A.txt
2060s,2100A,Novec_2100A,5.674,14.1,0.0,54.2,1601.0,56.1,2060s_2100A.txt
2060s,2100A,Novec_2100A,6.763,14.1,0.0,54.2,1601.0,55.8,2060s_2100A.txt
2060s,2100A,Novec_2100A,7.868,13.1,0.0,54.2,1601.0,54.5,2060s_2100A.txt
2060s,2100A,Novec_2100A,8.98,9.8,0.0,54.2,1601.0,53.5,2060s_2100A.txt
2060s,2100A,Novec_2100A,10.081,9.9,0.0,54.2,1601.0,52.7,2060s_2100A.txt
2060s,2100A,Novec_2100A,11.16,10.4,0.0,54.2,1601.0,52.4,2060s_2100A.txt
2060s,2100A,Novec_2100A,12.252,10.0,0.0,54.2,1601.0,52.2,2060s_2100A.txt
2060s,2100A,Novec_2100A,13.373,9.8,0.0,54.2,1601.0,52.1,2060s_2100A.txt
2060s,2100A,Novec_2100A,14.444,10.0,0.0,54.2,1601.0,52.0,2060s_2100A.txt
2060s,2100A,Novec_2100A,1.076,9.9,0.0,51.9,1601.0,51.9,2060s_2100A.txt
2060s,2100A,Novec_2100A,2.212,9.9,0.0,51.9,1601.0,51.8,2060s_2100A.txt
2060s,2100A,Novec_2100A,3.299,10.1,0.0,51.9,1601.0,52.1,2060s_2100A.txt
2060s,2100A,Novec_2100A,4.391,10.4,0.0,51.9,1601.0,52.1,2060s_2100A.txt
2060s,2100A,Novec_2100A,5.486,10.1,0.0,51.9,1601.0,52.2,2060s_2100A.txt
2060s,2100A,Novec_2100A,6.599,10.1,0.0,51.9,1601.0,52.1,2060s_2100A.txt
2060s,2100A,Novec_2100A,7.688,10.2,0.0,51.9,1601.0,52.0,2060s_2100A.txt
2060s,2100A,Novec_2100A,8.803,9.9,0.0,51.9,1601.0,52.0,2060s_2100A.txt
2060s,2100A,Novec_2100A,9.898,9.6,0.0,51.9,1601.0,52.0,2060s_2100A.txt
2060s,2100A,Novec_2100A,10.981,9.7,0.0,51.9,1601.0,51.9,2060s_2100A.txt
2060s,2100A,Novec_2100A,12.069,10.3,0.0,51.9,1601.0,52.1,2060s_2100A.txt
2060s,2100A,Novec_2100A,13.186,9.9,0.0,51.9,1601.0,52.0,2060s_2100A.txt
2060s,2100A,Novec_2100A,1.112,10.1,0.0,52.3,1601.0,52.1,2060s_2100A.txt
2060s,2100A,Novec_2100A,2.185,10.4,0.0,52.3,1601.0,52.3,2060s_2100A.txt
2060s,2100A,Novec_2100A,3.284,10.4,0.0,52.3,1601.0,52.5,2060s_2100A.txt
2060s,2100A,Novec_2100A,4.393,10.0,0.0,52.3,1601.0,52.3,2060s_2100A.txt
2060s,2100A,Novec_2100A,5.498,9.9,0.0,52.3,1601.0,52.2,2060s_2100A.txt
2060s,2100A,Novec_2100A,6.557,10.2,0.0,52.3,1601.0,52.1,2060s_2100A.txt
2060s,2100A,Novec_2100A,7.656,10.3,0.0,52.3,1601.0,52.0,2060s_2100A.txt
2060s,2100A,Novec_2100A,8.773,10.6,0.0,52.3,1601.0,52.2,2060s_2100A.txt
2060s,2100A,Novec_2100A,9.877,10.4,0.0,52.3,1601.0,52.0,2060s_2100A.txt
2060s,2100A,Novec_2100A,10.943999999999999,10.3,0.0,52.3,1601.0,52.1,2060s_2100A.txt
2060s,2100A,Novec_2100A,12.072,11.2,0.0,52.3,1601.0,52.3,2060s_2100A.txt
2060s,2100A,Novec_2100A,13.152,11.4,0.0,52.3,1601.0,52.4,2060s_2100A.txt
2060s,2100A,Novec_2100A,14.252,10.5,0.0,52.3,1601.0,52.5,2060s_2100A.txt
2060s,2100A,Novec_2100A,1.109,11.8,0.0,52.5,1601.0,52.7,2060s_2100A.txt
2060s,2100A,Novec_2100A,2.175,9.8,0.0,52.5,1601.0,52.6,2060s_2100A.txt
2060s,2100A,Novec_2100A,3.391,10.0,0.0,52.5,1601.0,52.4,2060s_2100A.txt
2060s,2100A,Novec_2100A,4.497,10.3,0.0,52.5,1601.0,52.3,2060s_2100A.txt
2060s,2100A,Novec_2100A,5.569,10.1,0.0,52.5,1601.0,52.3,2060s_2100A.txt
2060s,2100A,Novec_2100A,6.705,10.5,0.0,52.5,1601.0,52.5,2060s_2100A.txt
2060s,2100A,Novec_2100A,7.773,10.6,0.0,52.5,1601.0,52.5,2060s_2100A.txt
2060s,2100A,Novec_2100A,8.896,11.0,0.0,52.5,1601.0,52.5,2060s_2100A.txt
2060s,2100A,Novec_2100A,9.995,9.9,0.0,52.5,1601.0,52.7,2060s_2100A.txt
2060s,2100A,Novec_2100A,11.085,10.9,0.0,52.5,1601.0,52.9,2060s_2100A.txt
2060s,2100A,Novec_2100A,12.198,11.3,0.0,52.5,1601.0,53.0,2060s_2100A.txt
2060s,2100A,Novec_2100A,13.287,11.5,0.0,52.5,1601.0,53.2,2060s_2100A.txt
2060s,2100A,Novec_2100A,1.103,9.7,0.0,52.8,1601.0,52.5,2060s_2100A.txt
2060s,2100A,Novec_2100A,2.195,9.9,0.0,52.8,1601.0,52.3,2060s_2100A.txt
2060s,2100A,Novec_2100A,3.408,11.3,0.0,52.8,1601.0,52.4,2060s_2100A.txt
2060s,2100A,Novec_2100A,4.511,12.1,0.0,52.8,1601.0,52.6,2060s_2100A.txt
2060s,2100A,Novec_2100A,5.7,10.8,0.0,52.8,1601.0,52.6,2060s_2100A.txt
2060s,2100A,Novec_2100A,6.8,11.4,0.0,52.8,1601.0,52.7,2060s_2100A.txt
2060s,2100A,Novec_2100A,7.937,10.8,0.0,52.8,1601.0,53.1,2060s_2100A.txt
2060s,2100A,Novec_2100A,9.016,14.5,0.0,52.8,1601.0,55.6,2060s_2100A.txt
2060s,2100A,Novec_2100A,10.112,14.8,0.0,52.8,1601.0,56.2,2060s_2100A.txt
2060s,2100A,Novec_2100A,11.215,14.1,0.0,52.8,1601.0,56.1,2060s_2100A.txt
2060s,2100A,Novec_2100A,12.298,14.2,0.0,52.8,1601.0,56.1,2060s_2100A.txt
2060s,2100A,Novec_2100A,13.386,13.6,0.0,52.8,1601.0,55.0,2060s_2100A.txt
2060s,2100A,Novec_2100A,14.523,11.3,0.0,52.8,1601.0,54.2,2060s_2100A.txt
2060s,2100A,Novec_2100A,1.086,15.4,0.0,53.8,1601.0,55.8,2060s_2100A.txt
2060s,2100A,Novec_2100A,2.192,15.3,0.0,53.8,1601.0,56.6,2060s_2100A.txt
2060s,2100A,Novec_2100A,3.408,25.0,0.0,53.8,1601.0,57.6,2060s_2100A.txt
2060s,2100A,Novec_2100A,4.5809999999999995,115.6,0.0,53.8,1601.0,73.4,2060s_2100A.txt
2060s,2100A,Novec_2100A,5.8,48.5,0.0,53.8,1601.0,72.6,2060s_2100A.txt
2060s,2100A,Novec_2100A,6.888,126.2,0.0,53.8,1601.0,82.7,2060s_2100A.txt
2060s,2100A,Novec_2100A,7.989,77.5,0.0,53.8,1601.0,83.2,2060s_2100A.txt
2060s,2100A,Novec_2100A,9.19,65.1,0.0,53.8,1601.0,83.7,2060s_2100A.txt
2060s,2100A,Novec_2100A,10.31,65.5,0.0,53.8,1601.0,85.9,2060s_2100A.txt
2060s,2100A,Novec_2100A,11.385,85.9,0.0,53.8,1601.0,83.0,2060s_2100A.txt
2060s,2100A,Novec_2100A,12.761,122.9,0.0,53.8,1601.0,84.8,2060s_2100A.txt
2060s,2100A,Novec_2100A,13.816,82.1,0.0,53.8,1601.0,84.8,2060s_2100A.txt
2060s,2100A,Novec_2100A,1.109,86.9,0.0,88.7,1601.0,85.1,2060s_2100A.txt
2060s,2100A,Novec_2100A,2.33,57.9,0.0,88.7,1601.0,83.8,2060s_2100A.txt
2060s,2100A,Novec_2100A,3.551,82.6,0.0,88.7,1601.0,84.2,2060s_2100A.txt
2060s,2100A,Novec_2100A,4.625,134.2,0.0,88.7,1601.0,83.1,2060s_2100A.txt
2060s,2100A,Novec_2100A,5.835,63.3,0.0,88.7,1601.0,81.4,2060s_2100A.txt
2060s,2100A,Novec_2100A,6.937,78.7,0.0,88.7,1601.0,83.8,2060s_2100A.txt
2060s,2100A,Novec_2100A,8.261,117.1,0.0,88.7,1601.0,88.9,2060s_2100A.txt
2060s,2100A,Novec_2100A,9.583,63.0,0.0,88.7,1601.0,73.5,2060s_2100A.txt
2060s,2100A,Novec_2100A,10.688,46.1,0.0,88.7,1601.0,73.5,2060s_2100A.txt
2060s,2100A,Novec_2100A,11.892,82.5,0.0,88.7,1601.0,81.3,2060s_2100A.txt
2060s,2100A,Novec_2100A,13.224,69.6,0.0,88.7,1601.0,85.8,2060s_2100A.txt
2060s,2100A,Novec_2100A,1.11,61.1,0.0,72.2,1601.0,72.3,2060s_2100A.txt
2060s,2100A,Novec_2100A,2.292,97.2,0.0,72.2,1601.0,79.8,2060s_2100A.txt
2060s,2100A,Novec_2100A,3.402,131.7,0.0,72.2,1601.0,85.8,2060s_2100A.txt
2060s,2100A,Novec_2100A,4.496,92.6,0.0,72.2,1601.0,87.3,2060s_2100A.txt
2060s,2100A,Novec_2100A,5.588,109.6,0.0,72.2,1601.0,85.5,2060s_2100A.txt
2060s,2100A,Novec_2100A,6.9030000000000005,93.9,0.0,72.2,1601.0,89.2,2060s_2100A.txt
2060s,2100A,Novec_2100A,8.107,120.4,0.0,72.2,1601.0,88.1,2060s_2100A.txt
2060s,2100A,Novec_2100A,9.654,96.0,0.0,72.2,1601.0,89.8,2060s_2100A.txt
2060s,2100A,Novec_2100A,10.755,121.5,0.0,72.2,1601.0,83.9,2060s_2100A.txt
2060s,2100A,Novec_2100A,11.926,58.0,0.0,72.2,1601.0,82.1,2060s_2100A.txt
2060s,2100A,Novec_2100A,12.993,83.2,0.0,72.2,1601.0,85.8,2060s_2100A.txt
2060s,2100A,Novec_2100A,14.399000000000001,88.9,0.0,72.2,1601.0,83.8,2060s_2100A.txt
2060s,2100A,Novec_2100A,1.518,77.1,0.0,78.1,1601.0,76.2,2060s_2100A.txt
2060s,2100A,Novec_2100A,2.818,81.3,0.0,78.1,1601.0,75.2,2060s_2100A.txt
2060s,2100A,Novec_2100A,4.684,79.9,0.0,78.1,1601.0,74.9,2060s_2100A.txt
2060s,2100A,Novec_2100A,6.204,98.4,0.0,78.1,1601.0,75.0,2060s_2100A.txt
2060s,2100A,Novec_2100A,7.53,79.9,0.0,78.1,1601.0,77.3,2060s_2100A.txt
2060s,2100A,Novec_2100A,8.647,67.8,0.0,78.1,1601.0,82.0,2060s_2100A.txt
2060s,2100A,Novec_2100A,9.841,87.5,0.0,78.1,1601.0,88.7,2060s_2100A.txt
2060s,2100A,Novec_2100A,10.941,109.8,0.0,78.1,1601.0,89.3,2060s_2100A.txt
2060s,2100A,Novec_2100A,12.032,81.2,0.0,78.1,1601.0,84.8,2060s_2100A.txt
2060s,2100A,Novec_2100A,13.248,86.5,0.0,78.1,1601.0,86.1,2060s_2100A.txt
2060s,2100A,Novec_2100A,1.188,60.4,0.0,80.3,1601.0,85.2,2060s_2100A.txt
2060s,2100A,Novec_2100A,2.549,53.3,0.0,80.3,1601.0,81.8,2060s_2100A.txt
2060s,2100A,Novec_2100A,3.791,92.0,0.0,80.3,1601.0,83.4,2060s_2100A.txt
2060s,2100A,Novec_2100A,4.8100000000000005,76.1,0.0,80.3,1601.0,85.6,2060s_2100A.txt
2060s,2100A,Novec_2100A,5.912,104.6,0.0,80.3,1601.0,89.1,2060s_2100A.txt
2060s,2100A,Novec_2100A,7.007,97.4,0.0,80.3,1601.0,89.9,2060s_2100A.txt
2060s,2100A,Novec_2100A,8.101,89.5,0.0,80.3,1601.0,88.5,2060s_2100A.txt
2060s,2100A,Novec_2100A,9.322,116.6,0.0,80.3,1601.0,88.3,2060s_2100A.txt
2060s,2100A,Novec_2100A,10.705,47.1,0.0,80.3,1601.0,77.6,2060s_2100A.txt
2060s,2100A,Novec_2100A,11.82,98.0,0.0,80.3,1601.0,88.9,2060s_2100A.txt
2060s,2100A,Novec_2100A,12.955,71.6,0.0,80.3,1601.0,86.7,2060s_2100A.txt
2060s,2100A,Novec_2100A,14.144,48.0,0.0,80.3,1601.0,83.6,2060s_2100A.txt
2060s,2100A,Novec_2100A,1.093,122.5,0.0,86.9,1601.0,89.2,2060s_2100A.txt
2060s,2100A,Novec_2100A,2.197,115.2,0.0,86.9,1601.0,88.3,2060s_2100A.txt
2060s,2100A,Novec_2100A,3.301,71.0,0.0,86.9,1601.0,87.9,2060s_2100A.txt
2060s,2100A,Novec_2100A,4.382,79.9,0.0,86.9,1601.0,88.3,2060s_2100A.txt
2060s,2100A,Novec_2100A,5.51,74.0,0.0,86.9,1601.0,81.6,2060s_2100A.txt
2060s,2100A,Novec_2100A,6.735,54.7,0.0,86.9,1601.0,76.1,2060s_2100A.txt
2060s,2100A,Novec_2100A,7.894,95.6,0.0,86.9,1601.0,88.6,2060s_2100A.txt
2060s,2100A,Novec_2100A,9.003,55.6,0.0,86.9,1601.0,78.1,2060s_2100A.txt
2060s,2100A,Novec_2100A,10.096,127.2,0.0,86.9,1601.0,88.9,2060s_2100A.txt
2060s,2100A,Novec_2100A,11.293,91.0,0.0,86.9,1601.0,83.7,2060s_2100A.txt
2060s,2100A,Novec_2100A,12.494,113.4,0.0,86.9,1601.0,88.3,2060s_2100A.txt
2060s,2100A,Novec_2100A,13.606,115.0,0.0,86.9,1601.0,85.3,2060s_2100A.txt
2060s,2100A,Novec_2100A,1.106,107.2,0.0,83.2,1601.0,85.4,2060s_2100A.txt
2060s,2100A,Novec_2100A,2.301,134.4,0.0,83.2,1601.0,87.2,2060s_2100A.txt
2060s,2100A,Novec_2100A,3.502,130.0,0.0,83.2,1601.0,88.2,2060s_2100A.txt
2060s,2100A,Novec_2100A,4.713,73.2,0.0,83.2,1601.0,77.0,2060s_2100A.txt
2060s,2100A,Novec_2100A,5.83,66.1,0.0,83.2,1601.0,77.4,2060s_2100A.txt
2060s,2100A,Novec_2100A,6.915,112.9,0.0,83.2,1601.0,82.0,2060s_2100A.txt
2060s,2100A,Novec_2100A,8.221,81.1,0.0,83.2,1601.0,84.3,2060s_2100A.txt
2060s,2100A,Novec_2100A,9.437,79.3,0.0,83.2,1601.0,77.5,2060s_2100A.txt
2060s,2100A,Novec_2100A,10.535,52.8,0.0,83.2,1601.0,83.1,2060s_2100A.txt
2060s,2100A,Novec_2100A,12.329,79.9,0.0,83.2,1601.0,75.6,2060s_2100A.txt
2060s,2100A,Novec_2100A,13.434,77.0,0.0,83.2,1601.0,74.8,2060s_2100A.txt
2060s,2100A,Novec_2100A,1.328,74.9,0.0,75.9,1601.0,73.9,2060s_2100A.txt
2060s,2100A,Novec_2100A,2.51,76.5,0.0,75.9,1601.0,73.8,2060s_2100A.txt
2060s,2100A,Novec_2100A,3.854,77.5,0.0,75.9,1601.0,73.9,2060s_2100A.txt
2060s,2100A,Novec_2100A,5.045,77.6,0.0,75.9,1601.0,74.1,2060s_2100A.txt
2060s,2100A,Novec_2100A,6.398,88.0,0.0,75.9,1601.0,74.2,2060s_2100A.txt
2060s,2100A,Novec_2100A,7.58,72.7,0.0,75.9,1601.0,74.0,2060s_2100A.txt
2060s,2100A,Novec_2100A,8.692,74.3,0.0,75.9,1601.0,74.0,2060s_2100A.txt
2060s,2100A,Novec_2100A,9.793,73.9,0.0,75.9,1601.0,73.9,2060s_2100A.txt
2060s,2100A,Novec_2100A,10.984,75.0,0.0,75.9,1601.0,76.2,2060s_2100A.txt
2060s,2100A,Novec_2100A,12.19,71.1,0.0,75.9,1601.0,81.9,2060s_2100A.txt
2060s,2100A,Novec_2100A,13.412,54.5,0.0,75.9,1601.0,80.4,2060s_2100A.txt
2060s,2100A,Novec_2100A,1.234,51.1,0.0,83.0,1601.0,85.5,2060s_2100A.txt
2060s,2100A,Novec_2100A,2.331,84.7,0.0,83.0,1601.0,87.7,2060s_2100A.txt
2060s,2100A,Novec_2100A,3.557,101.2,0.0,83.0,1601.0,87.3,2060s_2100A.txt
2060s,2100A,Novec_2100A,4.872,53.0,0.0,83.0,1601.0,78.3,2060s_2100A.txt
2060s,2100A,Novec_2100A,6.097,84.8,0.0,83.0,1601.0,80.7,2060s_2100A.txt
2060s,2100A,Novec_2100A,7.377,107.8,0.0,83.0,1601.0,89.7,2060s_2100A.txt
2060s,2100A,Novec_2100A,8.919,94.9,0.0,83.0,1601.0,84.1,2060s_2100A.txt
2060s,2100A,Novec_2100A,10.205,54.3,0.0,83.0,1601.0,80.4,2060s_2100A.txt
2060s,2100A,Novec_2100A,11.355,57.3,0.0,83.0,1601.0,79.4,2060s_2100A.txt
2060s,2100A,Novec_2100A,12.46,99.5,0.0,83.0,1601.0,82.8,2060s_2100A.txt
2060s,2100A,Novec_2100A,13.665,128.0,0.0,83.0,1601.0,86.5,2060s_2100A.txt
2060s,2100A,Novec_2100A,14.975,64.5,0.0,83.0,1601.0,83.5,2060s_2100A.txt
2060s,2100A,Novec_2100A,1.103,71.0,0.0,86.8,1601.0,86.4,2060s_2100A.txt
2060s,2100A,Novec_2100A,2.22,52.1,0.0,86.8,1601.0,78.7,2060s_2100A.txt
2060s,2100A,Novec_2100A,3.33,76.2,0.0,86.8,1601.0,81.2,2060s_2100A.txt
2060s,2100A,Novec_2100A,4.413,114.4,0.0,86.8,1601.0,87.8,2060s_2100A.txt
2060s,2100A,Novec_2100A,5.68,77.7,0.0,86.8,1601.0,75.9,2060s_2100A.txt
2060s,2100A,Novec_2100A,6.717,119.8,0.0,86.8,1601.0,81.6,2060s_2100A.txt
2060s,2100A,Novec_2100A,8.084,83.5,0.0,86.8,1601.0,82.4,2060s_2100A.txt
2060s,2100A,Novec_2100A,9.155,43.0,0.0,86.8,1601.0,74.9,2060s_2100A.txt
2060s,2100A,Novec_2100A,10.393,62.3,0.0,86.8,1601.0,79.0,2060s_2100A.txt
2060s,2100A,Novec_2100A,11.46,100.5,0.0,86.8,1601.0,77.4,2060s_2100A.txt
2060s,2100A,Novec_2100A,12.635,70.5,0.0,86.8,1601.0,78.3,2060s_2100A.txt
2060s,2100A,Novec_2100A,13.772,119.5,0.0,86.8,1601.0,83.0,2060s_2100A.txt
2060s,2100A,Novec_2100A,1.24,67.7,0.0,86.7,1601.0,80.5,2060s_2100A.txt
2060s,2100A,Novec_2100A,2.341,63.3,0.0,86.7,1601.0,79.5,2060s_2100A.txt
2060s,2100A,Novec_2100A,3.551,111.2,0.0,86.7,1601.0,85.7,2060s_2100A.txt
2060s,2100A,Novec_2100A,4.769,62.6,0.0,86.7,1601.0,80.0,2060s_2100A.txt
2060s,2100A,Novec_2100A,5.861,113.7,0.0,86.7,1601.0,88.9,2060s_2100A.txt
2060s,2100A,Novec_2100A,6.958,69.8,0.0,86.7,1601.0,77.9,2060s_2100A.txt
2060s,2100A,Novec_2100A,8.222,66.2,0.0,86.7,1601.0,83.5,2060s_2100A.txt
2060s,2100A,Novec_2100A,9.58,53.7,0.0,86.7,1601.0,73.2,2060s_2100A.txt
2060s,2100A,Novec_2100A,10.683,117.2,0.0,86.7,1601.0,84.6,2060s_2100A.txt
2060s,2100A,Novec_2100A,11.78,48.4,0.0,86.7,1601.0,78.7,2060s_2100A.txt
2060s,2100A,Novec_2100A,12.908,122.2,0.0,86.7,1601.0,84.6,2060s_2100A.txt
2060s,2100A,Novec_2100A,1.37,60.7,0.0,81.7,1601.0,74.3,2060s_2100A.txt
2060s,2100A,Novec_2100A,2.407,131.0,0.0,81.7,1601.0,79.6,2060s_2100A.txt
2060s,2100A,Novec_2100A,3.52,112.7,0.0,81.7,1601.0,82.8,2060s_2100A.txt
2060s,2100A,Novec_2100A,4.618,46.6,0.0,81.7,1601.0,77.3,2060s_2100A.txt
2060s,2100A,Novec_2100A,5.798,102.2,0.0,81.7,1601.0,82.8,2060s_2100A.txt
2060s,2100A,Novec_2100A,6.904,102.1,0.0,81.7,1601.0,90.9,2060s_2100A.txt
2060s,2100A,Novec_2100A,8.002,91.5,0.0,81.7,1601.0,89.0,2060s_2100A.txt
2060s,2100A,Novec_2100A,9.143,120.3,0.0,81.7,1601.0,87.6,2060s_2100A.txt
2060s,2100A,Novec_2100A,10.438,89.0,0.0,81.7,1601.0,90.4,2060s_2100A.txt
2060s,2100A,Novec_2100A,11.854,124.3,0.0,81.7,1601.0,91.0,2060s_2100A.txt
2060s,2100A,Novec_2100A,13.093,62.9,0.0,81.7,1601.0,84.7,2060s_2100A.txt
2060s,2100A,Novec_2100A,14.311,78.6,0.0,81.7,1601.0,85.6,2060s_2100A.txt
2060s,2100A,Novec_2100A,1.085,94.0,0.0,91.0,1601.0,89.8,2060s_2100A.txt
2060s,2100A,Novec_2100A,2.191,91.1,0.0,91.0,1601.0,88.7,2060s_2100A.txt
2060s,2100A,Novec_2100A,3.309,89.1,0.0,91.0,1601.0,89.1,2060s_2100A.txt
2060s,2100A,Novec_2100A,4.392,89.4,0.0,91.0,1601.0,89.3,2060s_2100A.txt
2060s,2100A,Novec_2100A,5.505,87.2,0.0,91.0,1601.0,88.8,2060s_2100A.txt
2060s,2100A,Novec_2100A,6.585,89.3,0.0,91.0,1601.0,88.3,2060s_2100A.txt
2060s,2100A,Novec_2100A,7.719,103.5,0.0,91.0,1601.0,89.0,2060s_2100A.txt
2060s,2100A,Novec_2100A,8.78,77.8,0.0,91.0,1601.0,88.4,2060s_2100A.txt
2060s,2100A,Novec_2100A,9.886,77.2,0.0,91.0,1601.0,88.1,2060s_2100A.txt
2060s,2100A,Novec_2100A,10.978,87.8,0.0,91.0,1601.0,89.1,2060s_2100A.txt
2060s,2100A,Novec_2100A,12.074,86.9,0.0,91.0,1601.0,86.9,2060s_2100A.txt
2060s,2100A,Novec_2100A,13.199,76.7,0.0,91.0,1601.0,85.9,2060s_2100A.txt
2060s,2100A,Novec_2100A,1.09,117.6,0.0,87.9,1601.0,90.3,2060s_2100A.txt
2060s,2100A,Novec_2100A,2.21,122.5,0.0,87.9,1601.0,90.6,2060s_2100A.txt
2060s,2100A,Novec_2100A,3.286,81.2,0.0,87.9,1601.0,88.6,2060s_2100A.txt
2060s,2100A,Novec_2100A,4.371,56.8,0.0,87.9,1601.0,86.4,2060s_2100A.txt
2060s,2100A,Novec_2100A,5.473,57.2,0.0,87.9,1601.0,81.0,2060s_2100A.txt
2060s,2100A,Novec_2100A,6.563,87.1,0.0,87.9,1601.0,88.1,2060s_2100A.txt
2060s,2100A,Novec_2100A,7.865,122.7,0.0,87.9,1601.0,90.4,2060s_2100A.txt
2060s,2100A,Novec_2100A,8.964,78.5,0.0,87.9,1601.0,85.3,2060s_2100A.txt
2060s,2100A,Novec_2100A,10.069,105.6,0.0,87.9,1601.0,86.8,2060s_2100A.txt
2060s,2100A,Novec_2100A,11.174,61.0,0.0,87.9,1601.0,85.3,2060s_2100A.txt
2060s,2100A,Novec_2100A,12.296,105.6,0.0,87.9,1601.0,90.4,2060s_2100A.txt
2060s,2100A,Novec_2100A,13.485,85.7,0.0,87.9,1601.0,88.5,2060s_2100A.txt
2060s,2100A,Novec_2100A,14.584,102.7,0.0,87.9,1601.0,90.3,2060s_2100A.txt
2060s,2100A,Novec_2100A,1.099,89.9,0.0,88.7,1601.0,88.2,2060s_2100A.txt
2060s,2100A,Novec_2100A,2.193,79.9,0.0,88.7,1601.0,88.0,2060s_2100A.txt
2060s,2100A,Novec_2100A,3.304,87.4,0.0,88.7,1601.0,88.8,2060s_2100A.txt
2060s,2100A,Novec_2100A,4.4,90.9,0.0,88.7,1601.0,88.9,2060s_2100A.txt
2060s,2100A,Novec_2100A,5.482,82.7,0.0,88.7,1601.0,86.8,2060s_2100A.txt
2060s,2100A,Novec_2100A,6.576,94.5,0.0,88.7,1601.0,88.7,2060s_2100A.txt
2060s,2100A,Novec_2100A,7.678,82.6,0.0,88.7,1601.0,87.7,2060s_2100A.txt
2060s,2100A,Novec_2100A,8.773,81.9,0.0,88.7,1601.0,88.6,2060s_2100A.txt
2060s,2100A,Novec_2100A,9.89,89.5,0.0,88.7,1601.0,88.0,2060s_2100A.txt
2060s,2100A,Novec_2100A,11.309,95.5,0.0,88.7,1601.0,91.2,2060s_2100A.txt
2060s,2100A,Novec_2100A,12.643,83.9,0.0,88.7,1601.0,87.4,2060s_2100A.txt
2060s,2100A,Novec_2100A,13.742,45.2,0.0,88.7,1601.0,85.0,2060s_2100A.txt
2060s,2100A,Novec_2100A,1.069,72.5,0.0,87.1,1601.0,86.4,2060s_2100A.txt
2060s,2100A,Novec_2100A,2.191,84.3,0.0,87.1,1601.0,88.0,2060s_2100A.txt
2060s,2100A,Novec_2100A,3.275,76.3,0.0,87.1,1601.0,86.4,2060s_2100A.txt
2060s,2100A,Novec_2100A,4.394,74.9,0.0,87.1,1601.0,87.6,2060s_2100A.txt
2060s,2100A,Novec_2100A,5.48,84.5,0.0,87.1,1601.0,88.0,2060s_2100A.txt
2060s,2100A,Novec_2100A,6.601,38.2,0.0,87.1,1601.0,81.8,2060s_2100A.txt
2060s,2100A,Novec_2100A,7.711,61.5,0.0,87.1,1601.0,86.3,2060s_2100A.txt
2060s,2100A,Novec_2100A,8.822,119.4,0.0,87.1,1601.0,90.3,2060s_2100A.txt
2060s,2100A,Novec_2100A,9.918,65.7,0.0,87.1,1601.0,86.8,2060s_2100A.txt
2060s,2100A,Novec_2100A,11.232,67.8,0.0,87.1,1601.0,86.6,2060s_2100A.txt
2060s,2100A,Novec_2100A,12.562,82.3,0.0,87.1,1601.0,87.1,2060s_2100A.txt
2060s,2100A,Novec_2100A,13.875,103.7,0.0,87.1,1601.0,88.6,2060s_2100A.txt
2060s,2100A,Novec_2100A,1.07,84.6,0.0,88.7,1601.0,88.0,2060s_2100A.txt
2060s,2100A,Novec_2100A,2.181,89.6,0.0,88.7,1601.0,89.6,2060s_2100A.txt
2060s,2100A,Novec_2100A,3.297,91.7,0.0,88.7,1601.0,88.6,2060s_2100A.txt
2060s,2100A,Novec_2100A,4.4,66.7,0.0,88.7,1601.0,85.9,2060s_2100A.txt
2060s,2100A,Novec_2100A,5.511,92.9,0.0,88.7,1601.0,88.6,2060s_2100A.txt
2060s,2100A,Novec_2100A,6.599,83.6,0.0,88.7,1601.0,88.7,2060s_2100A.txt
2060s,2100A,Novec_2100A,7.715,78.5,0.0,88.7,1601.0,88.4,2060s_2100A.txt
2060s,2100A,Novec_2100A,8.849,85.1,0.0,88.7,1601.0,87.9,2060s_2100A.txt
2060s,2100A,Novec_2100A,9.912,83.4,0.0,88.7,1601.0,88.6,2060s_2100A.txt
2060s,2100A,Novec_2100A,11.002,69.8,0.0,88.7,1601.0,85.6,2060s_2100A.txt
2060s,2100A,Novec_2100A,12.337,85.6,0.0,88.7,1601.0,86.5,2060s_2100A.txt
2060s,2100A,Novec_2100A,13.455,80.5,0.0,88.7,1601.0,87.6,2060s_2100A.txt
2060s,2100A,Novec_2100A,1.124,107.3,0.0,87.7,1601.0,90.3,2060s_2100A.txt
2060s,2100A,Novec_2100A,2.5220000000000002,41.9,0.0,87.7,1601.0,83.0,2060s_2100A.txt
2060s,2100A,Novec_2100A,3.75,60.5,0.0,87.7,1601.0,77.2,2060s_2100A.txt
2060s,2100A,Novec_2100A,4.955,75.5,0.0,87.7,1601.0,86.5,2060s_2100A.txt
2060s,2100A,Novec_2100A,6.261,53.5,0.0,87.7,1601.0,85.8,2060s_2100A.txt
2060s,2100A,Novec_2100A,7.417,51.1,0.0,87.7,1601.0,78.3,2060s_2100A.txt
2060s,2100A,Novec_2100A,8.908,71.7,0.0,87.7,1601.0,83.4,2060s_2100A.txt
2060s,2100A,Novec_2100A,10.223,69.6,0.0,87.7,1601.0,82.5,2060s_2100A.txt
2060s,2100A,Novec_2100A,11.551,105.1,0.0,87.7,1601.0,90.9,2060s_2100A.txt
2060s,2100A,Novec_2100A,12.757,108.5,0.0,87.7,1601.0,91.0,2060s_2100A.txt
2060s,2100A,Novec_2100A,13.969,92.1,0.0,87.7,1601.0,90.1,2060s_2100A.txt
2060s,2100A,Novec_2100A,1.308,97.2,0.0,87.5,1601.0,88.9,2060s_2100A.txt
2060s,2100A,Novec_2100A,2.407,91.7,0.0,87.5,1601.0,89.6,2060s_2100A.txt
2060s,2100A,Novec_2100A,3.507,89.3,0.0,87.5,1601.0,89.5,2060s_2100A.txt
2060s,2100A,Novec_2100A,4.589,94.4,0.0,87.5,1601.0,88.3,2060s_2100A.txt
2060s,2100A,Novec_2100A,5.686,76.6,0.0,87.5,1601.0,86.1,2060s_2100A.txt
2060s,2100A,Novec_2100A,6.99,67.6,0.0,87.5,1601.0,85.0,2060s_2100A.txt
2060s,2100A,Novec_2100A,8.207,67.3,0.0,87.5,1601.0,85.7,2060s_2100A.txt
2060s,2100A,Novec_2100A,9.325,57.1,0.0,87.5,1601.0,83.8,2060s_2100A.txt
2060s,2100A,Novec_2100A,10.533,97.6,0.0,87.5,1601.0,88.2,2060s_2100A.txt
2060s,2100A,Novec_2100A,11.74,112.6,0.0,87.5,1601.0,90.6,2060s_2100A.txt
2060s,2100A,Novec_2100A,12.877,111.9,0.0,87.5,1601.0,91.2,2060s_2100A.txt
2060s,2100A,Novec_2100A,13.97,75.5,0.0,87.5,1601.0,87.6,2060s_2100A.txt
2060s,2100A,Novec_2100A,1.226,52.2,0.0,86.6,1601.0,83.2,2060s_2100A.txt
2060s,2100A,Novec_2100A,2.42,80.7,0.0,86.6,1601.0,85.7,2060s_2100A.txt
2060s,2100A,Novec_2100A,3.967,75.5,0.0,86.6,1601.0,89.0,2060s_2100A.txt
2060s,2100A,Novec_2100A,5.073,67.6,0.0,86.6,1601.0,87.7,2060s_2100A.txt
2060s,2100A,Novec_2100A,6.189,67.5,0.0,86.6,1601.0,89.8,2060s_2100A.txt
2060s,2100A,Novec_2100A,7.603,73.9,0.0,86.6,1601.0,86.1,2060s_2100A.txt
2060s,2100A,Novec_2100A,8.687,78.5,0.0,86.6,1601.0,87.1,2060s_2100A.txt
2060s,2100A,Novec_2100A,9.783,76.2,0.0,86.6,1601.0,86.9,2060s_2100A.txt
2060s,2100A,Novec_2100A,10.879,80.2,0.0,86.6,1601.0,87.6,2060s_2100A.txt
2060s,2100A,Novec_2100A,11.999,88.6,0.0,86.6,1601.0,86.9,2060s_2100A.txt
2060s,2100A,Novec_2100A,13.094,89.2,0.0,86.6,1601.0,88.6,2060s_2100A.txt
2060s,2100A,Novec_2100A,1.104,78.3,0.0,86.4,1601.0,86.6,2060s_2100A.txt
2060s,2100A,Novec_2100A,2.196,79.7,0.0,86.4,1601.0,85.8,2060s_2100A.txt
2060s,2100A,Novec_2100A,3.305,117.2,0.0,86.4,1601.0,90.8,2060s_2100A.txt
2060s,2100A,Novec_2100A,4.367,98.0,0.0,86.4,1601.0,87.5,2060s_2100A.txt
2060s,2100A,Novec_2100A,5.496,75.8,0.0,86.4,1601.0,87.8,2060s_2100A.txt
2060s,2100A,Novec_2100A,6.601,72.6,0.0,86.4,1601.0,87.2,2060s_2100A.txt
2060s,2100A,Novec_2100A,7.718,85.9,0.0,86.4,1601.0,88.5,2060s_2100A.txt
2060s,2100A,Novec_2100A,8.791,61.5,0.0,86.4,1601.0,86.7,2060s_2100A.txt
2060s,2100A,Novec_2100A,9.894,61.2,0.0,86.4,1601.0,87.0,2060s_2100A.txt
2060s,2100A,Novec_2100A,11.001,83.6,0.0,86.4,1601.0,87.7,2060s_2100A.txt
2060s,2100A,Novec_2100A,12.191,96.6,0.0,86.4,1601.0,86.9,2060s_2100A.txt
2060s,2100A,Novec_2100A,13.286,71.7,0.0,86.4,1601.0,83.8,2060s_2100A.txt
2060s,2100A,Novec_2100A,14.384,65.7,0.0,86.4,1601.0,81.2,2060s_2100A.txt
2060s,2100A,Novec_2100A,1.098,89.6,0.0,85.6,1601.0,88.0,2060s_2100A.txt
2060s,2100A,Novec_2100A,2.208,88.4,0.0,85.6,1601.0,88.4,2060s_2100A.txt
2060s,2100A,Novec_2100A,3.315,114.6,0.0,85.6,1601.0,86.0,2060s_2100A.txt
2060s,2100A,Novec_2100A,4.421,97.2,0.0,85.6,1601.0,89.7,2060s_2100A.txt
2060s,2100A,Novec_2100A,5.52,123.4,0.0,85.6,1601.0,89.7,2060s_2100A.txt
2060s,2100A,Novec_2100A,6.621,60.7,0.0,85.6,1601.0,86.4,2060s_2100A.txt
2060s,2100A,Novec_2100A,7.731,118.5,0.0,85.6,1601.0,90.2,2060s_2100A.txt
2060s,2100A,Novec_2100A,8.832,71.0,0.0,85.6,1601.0,85.9,2060s_2100A.txt
2060s,2100A,Novec_2100A,9.924,73.1,0.0,85.6,1601.0,87.3,2060s_2100A.txt
2060s,2100A,Novec_2100A,11.039,67.0,0.0,85.6,1601.0,85.9,2060s_2100A.txt
2060s,2100A,Novec_2100A,12.11,63.0,0.0,85.6,1601.0,84.6,2060s_2100A.txt
2060s,2100A,Novec_2100A,13.234,76.6,0.0,85.6,1601.0,87.3,2060s_2100A.txt
2060s,2100A,Novec_2100A,14.313,91.5,0.0,85.6,1601.0,89.9,2060s_2100A.txt
2060s,2100A,Novec_2100A,1.126,56.3,0.0,87.6,1601.0,86.3,2060s_2100A.txt
2060s,2100A,Novec_2100A,2.22,75.6,0.0,87.6,1601.0,87.6,2060s_2100A.txt
2060s,2100A,Novec_2100A,3.33,105.6,0.0,87.6,1601.0,90.1,2060s_2100A.txt
2060s,2100A,Novec_2100A,4.457,89.5,0.0,87.6,1601.0,84.0,2060s_2100A.txt
2060s,2100A,Novec_2100A,5.912,92.5,0.0,87.6,1601.0,87.3,2060s_2100A.txt
2060s,2100A,Novec_2100A,6.933,64.4,0.0,87.6,1601.0,88.0,2060s_2100A.txt
2060s,2100A,Novec_2100A,8.044,71.1,0.0,87.6,1601.0,86.8,2060s_2100A.txt
2060s,2100A,Novec_2100A,9.125,75.1,0.0,87.6,1601.0,87.5,2060s_2100A.txt
2060s,2100A,Novec_2100A,10.236,75.9,0.0,87.6,1601.0,87.2,2060s_2100A.txt
2060s,2100A,Novec_2100A,11.342,116.3,0.0,87.6,1601.0,88.8,2060s_2100A.txt
2060s,2100A,Novec_2100A,12.439,83.1,0.0,87.6,1601.0,87.2,2060s_2100A.txt
2060s,2100A,Novec_2100A,13.533,84.9,0.0,87.6,1601.0,88.1,2060s_2100A.txt
2060s,2100A,Novec_2100A,1.11,75.8,0.0,86.7,1601.0,87.8,2060s_2100A.txt
2060s,2100A,Novec_2100A,2.197,83.1,0.0,86.7,1601.0,87.2,2060s_2100A.txt
2060s,2100A,Novec_2100A,3.296,74.9,0.0,86.7,1601.0,86.3,2060s_2100A.txt
2060s,2100A,Novec_2100A,4.396,72.3,0.0,86.7,1601.0,85.8,2060s_2100A.txt
2060s,2100A,Novec_2100A,5.519,88.7,0.0,86.7,1601.0,86.2,2060s_2100A.txt
2060s,2100A,Novec_2100A,6.607,101.4,0.0,86.7,1601.0,89.3,2060s_2100A.txt
2060s,2100A,Novec_2100A,7.721,86.3,0.0,86.7,1601.0,88.2,2060s_2100A.txt
2060s,2100A,Novec_2100A,8.799,85.4,0.0,86.7,1601.0,89.3,2060s_2100A.txt
2060s,2100A,Novec_2100A,9.903,91.4,0.0,86.7,1601.0,88.7,2060s_2100A.txt
2060s,2100A,Novec_2100A,11.016,83.7,0.0,86.7,1601.0,89.2,2060s_2100A.txt
2060s,2100A,Novec_2100A,12.266,67.1,0.0,86.7,1601.0,84.8,2060s_2100A.txt
2060s,2100A,Novec_2100A,13.456,55.4,0.0,86.7,1601.0,80.6,2060s_2100A.txt
2060s,2100A,Novec_2100A,1.044,67.3,0.0,89.4,1601.0,86.1,2060s_2100A.txt
2060s,2100A,Novec_2100A,2.152,77.7,0.0,89.4,1601.0,87.7,2060s_2100A.txt
2060s,2100A,Novec_2100A,3.242,77.4,0.0,89.4,1601.0,87.6,2060s_2100A.txt
2060s,2100A,Novec_2100A,4.354,80.6,0.0,89.4,1601.0,86.8,2060s_2100A.txt
2060s,2100A,Novec_2100A,5.453,88.4,0.0,89.4,1601.0,88.5,2060s_2100A.txt
2060s,2100A,Novec_2100A,6.548,64.7,0.0,89.4,1601.0,86.8,2060s_2100A.txt
2060s,2100A,Novec_2100A,7.874,107.3,0.0,89.4,1601.0,88.6,2060s_2100A.txt
2060s,2100A,Novec_2100A,9.295,63.1,0.0,89.4,1601.0,87.8,2060s_2100A.txt
2060s,2100A,Novec_2100A,10.59,57.6,0.0,89.4,1601.0,83.9,2060s_2100A.txt
2060s,2100A,Novec_2100A,12.061,34.1,0.0,89.4,1601.0,88.7,2060s_2100A.txt
2060s,2100A,Novec_2100A,13.356,48.7,0.0,89.4,1601.0,83.3,2060s_2100A.txt
2060s,2100A,Novec_2100A,14.461,73.9,0.0,89.4,1601.0,88.5,2060s_2100A.txt
2060s,2100A,Novec_2100A,1.106,86.9,0.0,85.9,1601.0,88.1,2060s_2100A.txt
2060s,2100A,Novec_2100A,2.194,73.5,0.0,85.9,1601.0,88.1,2060s_2100A.txt
2060s,2100A,Novec_2100A,3.308,82.1,0.0,85.9,1601.0,87.3,2060s_2100A.txt
2060s,2100A,Novec_2100A,4.445,67.2,0.0,85.9,1601.0,86.1,2060s_2100A.txt
2060s,2100A,Novec_2100A,5.698,42.7,0.0,85.9,1601.0,82.1,2060s_2100A.txt
2060s,2100A,Novec_2100A,6.861,67.8,0.0,85.9,1601.0,86.7,2060s_2100A.txt
2060s,2100A,Novec_2100A,8.315,109.5,0.0,85.9,1601.0,87.7,2060s_2100A.txt
2060s,2100A,Novec_2100A,9.337,104.9,0.0,85.9,1601.0,90.3,2060s_2100A.txt
2060s,2100A,Novec_2100A,10.552,79.5,0.0,85.9,1601.0,89.4,2060s_2100A.txt
2060s,2100A,Novec_2100A,11.75,68.6,0.0,85.9,1601.0,86.3,2060s_2100A.txt
2060s,2100A,Novec_2100A,12.992,72.8,0.0,85.9,1601.0,85.4,2060s_2100A.txt
2060s,2100A,Novec_2100A,1.229,90.9,0.0,91.7,1601.0,90.7,2060s_2100A.txt
2060s,2100A,Novec_2100A,2.241,66.2,0.0,91.7,1601.0,87.6,2060s_2100A.txt
2060s,2100A,Novec_2100A,3.454,92.8,0.0,91.7,1601.0,90.0,2060s_2100A.txt
2060s,2100A,Novec_2100A,4.5440000000000005,91.6,0.0,91.7,1601.0,89.2,2060s_2100A.txt
2060s,2100A,Novec_2100A,5.652,68.5,0.0,91.7,1601.0,85.9,2060s_2100A.txt
2060s,2100A,Novec_2100A,6.849,60.4,0.0,91.7,1601.0,87.2,2060s_2100A.txt
2060s,2100A,Novec_2100A,8.168,88.5,0.0,91.7,1601.0,87.7,2060s_2100A.txt
2060s,2100A,Novec_2100A,9.288,88.3,0.0,91.7,1601.0,87.6,2060s_2100A.txt
2060s,2100A,Novec_2100A,10.497,66.8,0.0,91.7,1601.0,89.3,2060s_2100A.txt
2060s,2100A,Novec_2100A,11.88,93.1,0.0,91.7,1601.0,86.3,2060s_2100A.txt
2060s,2100A,Novec_2100A,12.905,60.4,0.0,91.7,1601.0,84.9,2060s_2100A.txt
2060s,2100A,Novec_2100A,14.155,58.9,0.0,91.7,1601.0,80.3,2060s_2100A.txt
2060s,2100A,Novec_2100A,1.08,42.9,0.0,77.8,1601.0,82.9,2060s_2100A.txt
2060s,2100A,Novec_2100A,2.099,84.7,0.0,77.8,1601.0,87.3,2060s_2100A.txt
2060s,2100A,Novec_2100A,3.188,96.8,0.0,77.8,1601.0,90.3,2060s_2100A.txt
2060s,2100A,Novec_2100A,4.29,87.8,0.0,77.8,1601.0,87.4,2060s_2100A.txt
2060s,2100A,Novec_2100A,5.3870000000000005,60.3,0.0,77.8,1601.0,85.8,2060s_2100A.txt
2060s,2100A,Novec_2100A,6.83,130.0,0.0,77.8,1601.0,87.4,2060s_2100A.txt
2060s,2100A,Novec_2100A,8.019,98.0,0.0,77.8,1601.0,84.3,2060s_2100A.txt
2060s,2100A,Novec_2100A,9.248,29.1,0.0,77.8,1601.0,78.6,2060s_2100A.txt
2060s,2100A,Novec_2100A,10.325,127.6,0.0,77.8,1601.0,86.6,2060s_2100A.txt
2060s,2100A,Novec_2100A,11.455,69.9,0.0,77.8,1601.0,86.7,2060s_2100A.txt
2060s,2100A,Novec_2100A,12.641,74.9,0.0,77.8,1601.0,88.2,2060s_2100A.txt
2060s,2100A,Novec_2100A,13.736,80.9,0.0,77.8,1601.0,88.3,2060s_2100A.txt
2060s,2100A,Novec_2100A,1.101,83.2,0.0,90.7,1601.0,89.3,2060s_2100A.txt
2060s,2100A,Novec_2100A,2.232,93.6,0.0,90.7,1601.0,87.6,2060s_2100A.txt
2060s,2100A,Novec_2100A,3.332,103.6,0.0,90.7,1601.0,89.9,2060s_2100A.txt
2060s,2100A,Novec_2100A,4.678,91.5,0.0,90.7,1601.0,85.1,2060s_2100A.txt
2060s,2100A,Novec_2100A,5.757,72.2,0.0,90.7,1601.0,87.0,2060s_2100A.txt
2060s,2100A,Novec_2100A,6.878,57.3,0.0,90.7,1601.0,85.6,2060s_2100A.txt
2060s,2100A,Novec_2100A,8.195,86.2,0.0,90.7,1601.0,87.7,2060s_2100A.txt
2060s,2100A,Novec_2100A,9.506,31.9,0.0,90.7,1601.0,82.5,2060s_2100A.txt
2060s,2100A,Novec_2100A,10.832,84.3,0.0,90.7,1601.0,88.1,2060s_2100A.txt
2060s,2100A,Novec_2100A,11.939,93.2,0.0,90.7,1601.0,88.4,2060s_2100A.txt
2060s,2100A,Novec_2100A,13.032,89.8,0.0,90.7,1601.0,88.7,2060s_2100A.txt
2060s,2100A,Novec_2100A,1.103,73.8,0.0,89.1,1601.0,87.6,2060s_2100A.txt
2060s,2100A,Novec_2100A,2.204,83.8,0.0,89.1,1601.0,88.9,2060s_2100A.txt
2060s,2100A,Novec_2100A,3.624,91.1,0.0,89.1,1601.0,89.7,2060s_2100A.txt
2060s,2100A,Novec_2100A,4.979,91.8,0.0,89.1,1601.0,90.3,2060s_2100A.txt
2060s,2100A,Novec_2100A,6.228,43.4,0.0,89.1,1601.0,79.5,2060s_2100A.txt
2060s,2100A,Novec_2100A,7.377,64.4,0.0,89.1,1601.0,85.3,2060s_2100A.txt
2060s,2100A,Novec_2100A,8.691,75.3,0.0,89.1,1601.0,85.8,2060s_2100A.txt
2060s,2100A,Novec_2100A,10.126,97.4,0.0,89.1,1601.0,89.6,2060s_2100A.txt
2060s,2100A,Novec_2100A,11.336,48.9,0.0,89.1,1601.0,85.4,2060s_2100A.txt
2060s,2100A,Novec_2100A,12.775,122.5,0.0,89.1,1601.0,86.1,2060s_2100A.txt
2060s,2100A,Novec_2100A,13.986,128.7,0.0,89.1,1601.0,89.9,2060s_2100A.txt
2060s,2100A,Novec_2100A,1.009,71.2,0.0,84.7,1601.0,85.5,2060s_2100A.txt
2060s,2100A,Novec_2100A,2.428,94.7,0.0,84.7,1601.0,87.3,2060s_2100A.txt
2060s,2100A,Novec_2100A,3.762,120.6,0.0,84.7,1601.0,89.8,2060s_2100A.txt
2060s,2100A,Novec_2100A,4.977,86.2,0.0,84.7,1601.0,86.2,2060s_2100A.txt
2060s,2100A,Novec_2100A,6.38,132.8,0.0,84.7,1601.0,90.5,2060s_2100A.txt
2060s,2100A,Novec_2100A,7.594,99.7,0.0,84.7,1601.0,88.8,2060s_2100A.txt
2060s,2100A,Novec_2100A,8.696,78.5,0.0,84.7,1601.0,88.8,2060s_2100A.txt
2060s,2100A,Novec_2100A,9.792,86.0,0.0,84.7,1601.0,88.8,2060s_2100A.txt
2060s,2100A,Novec_2100A,10.89,55.4,0.0,84.7,1601.0,85.9,2060s_2100A.txt
2060s,2100A,Novec_2100A,12.022,89.7,0.0,84.7,1601.0,88.1,2060s_2100A.txt
2060s,2100A,Novec_2100A,13.318,67.9,0.0,84.7,1601.0,87.9,2060s_2100A.txt
2060s,2100A,Novec_2100A,14.431,120.3,0.0,84.7,1601.0,90.2,2060s_2100A.txt
2060s,2100A,Novec_2100A,1.121,73.3,0.0,87.9,1601.0,85.8,2060s_2100A.txt
2060s,2100A,Novec_2100A,2.221,76.2,0.0,87.9,1601.0,86.6,2060s_2100A.txt
2060s,2100A,Novec_2100A,3.315,90.0,0.0,87.9,1601.0,89.2,2060s_2100A.txt
2060s,2100A,Novec_2100A,4.419,89.2,0.0,87.9,1601.0,89.1,2060s_2100A.txt
2060s,2100A,Novec_2100A,5.573,78.7,0.0,87.9,1601.0,87.8,2060s_2100A.txt
2060s,2100A,Novec_2100A,6.6690000000000005,63.4,0.0,87.9,1601.0,86.2,2060s_2100A.txt
2060s,2100A,Novec_2100A,7.9,70.4,0.0,87.9,1601.0,85.8,2060s_2100A.txt
2060s,2100A,Novec_2100A,9.064,94.3,0.0,87.9,1601.0,85.8,2060s_2100A.txt
2060s,2100A,Novec_2100A,10.282,87.6,0.0,87.9,1601.0,89.3,2060s_2100A.txt
2060s,2100A,Novec_2100A,11.398,89.4,0.0,87.9,1601.0,89.2,2060s_2100A.txt
2060s,2100A,Novec_2100A,12.474,76.0,0.0,87.9,1601.0,88.9,2060s_2100A.txt
2060s,2100A,Novec_2100A,13.592,78.0,0.0,87.9,1601.0,87.6,2060s_2100A.txt
2060s,2100A,Novec_2100A,1.11,77.4,0.0,87.9,1601.0,86.2,2060s_2100A.txt
2060s,2100A,Novec_2100A,2.207,88.1,0.0,87.9,1601.0,88.3,2060s_2100A.txt
2060s,2100A,Novec_2100A,3.312,85.8,0.0,87.9,1601.0,88.5,2060s_2100A.txt
2060s,2100A,Novec_2100A,4.519,31.8,0.0,87.9,1601.0,82.8,2060s_2100A.txt
2060s,2100A,Novec_2100A,5.883,30.2,0.0,87.9,1601.0,84.1,2060s_2100A.txt
2060s,2100A,Novec_2100A,7.166,113.9,0.0,87.9,1601.0,84.6,2060s_2100A.txt
2060s,2100A,Novec_2100A,8.612,95.6,0.0,87.9,1601.0,89.8,2060s_2100A.txt
2060s,2100A,Novec_2100A,9.698,81.8,0.0,87.9,1601.0,87.7,2060s_2100A.txt
2060s,2100A,Novec_2100A,11.02,76.3,0.0,87.9,1601.0,86.9,2060s_2100A.txt
2060s,2100A,Novec_2100A,12.113,78.2,0.0,87.9,1601.0,88.0,2060s_2100A.txt
2060s,2100A,Novec_2100A,13.233,84.8,0.0,87.9,1601.0,87.6,2060s_2100A.txt
2060s,2100A,Novec_2100A,1.096,72.8,0.0,90.5,1601.0,87.4,2060s_2100A.txt
2060s,2100A,Novec_2100A,2.192,75.7,0.0,90.5,1601.0,86.0,2060s_2100A.txt
2060s,2100A,Novec_2100A,3.412,67.9,0.0,90.5,1601.0,88.4,2060s_2100A.txt
2060s,2100A,Novec_2100A,4.524,73.9,0.0,90.5,1601.0,87.3,2060s_2100A.txt
2060s,2100A,Novec_2100A,5.603,65.5,0.0,90.5,1601.0,86.0,2060s_2100A.txt
2060s,2100A,Novec_2100A,6.918,77.3,0.0,90.5,1601.0,87.7,2060s_2100A.txt
2060s,2100A,Novec_2100A,8.032,86.3,0.0,90.5,1601.0,88.7,2060s_2100A.txt
2060s,2100A,Novec_2100A,9.135,64.3,0.0,90.5,1601.0,85.3,2060s_2100A.txt
2060s,2100A,Novec_2100A,10.239,81.8,0.0,90.5,1601.0,86.9,2060s_2100A.txt
2060s,2100A,Novec_2100A,11.356,74.7,0.0,90.5,1601.0,86.6,2060s_2100A.txt
2060s,2100A,Novec_2100A,12.472,116.6,0.0,90.5,1601.0,90.7,2060s_2100A.txt
2060s,2100A,Novec_2100A,13.582,86.5,0.0,90.5,1601.0,88.2,2060s_2100A.txt
2060s,2100A,Novec_2100A,14.708,74.9,0.0,90.5,1601.0,86.6,2060s_2100A.txt
2060s,2100A,Novec_2100A,1.101,72.2,0.0,87.1,1601.0,85.0,2060s_2100A.txt
2060s,2100A,Novec_2100A,2.219,85.0,0.0,87.1,1601.0,87.1,2060s_2100A.txt
2060s,2100A,Novec_2100A,3.29,87.5,0.0,87.1,1601.0,87.2,2060s_2100A.txt
2060s,2100A,Novec_2100A,4.394,123.6,0.0,87.1,1601.0,89.7,2060s_2100A.txt
2060s,2100A,Novec_2100A,5.489,78.5,0.0,87.1,1601.0,87.3,2060s_2100A.txt
2060s,2100A,Novec_2100A,6.595,75.8,0.0,87.1,1601.0,87.8,2060s_2100A.txt
2060s,2100A,Novec_2100A,7.681,85.0,0.0,87.1,1601.0,88.6,2060s_2100A.txt
2060s,2100A,Novec_2100A,8.775,73.7,0.0,87.1,1601.0,88.2,2060s_2100A.txt
2060s,2100A,Novec_2100A,9.91,77.9,0.0,87.1,1601.0,87.9,2060s_2100A.txt
2060s,2100A,Novec_2100A,10.991,78.2,0.0,87.1,1601.0,87.3,2060s_2100A.txt
2060s,2100A,Novec_2100A,12.078,77.6,0.0,87.1,1601.0,87.9,2060s_2100A.txt
2060s,2100A,Novec_2100A,13.181,77.8,0.0,87.1,1601.0,86.5,2060s_2100A.txt
2060s,2100A,Novec_2100A,1.095,70.6,0.0,86.2,1601.0,87.5,2060s_2100A.txt
2060s,2100A,Novec_2100A,2.192,76.9,0.0,86.2,1601.0,87.0,2060s_2100A.txt
2060s,2100A,Novec_2100A,3.31,79.0,0.0,86.2,1601.0,86.6,2060s_2100A.txt
2060s,2100A,Novec_2100A,4.407,47.1,0.0,86.2,1601.0,85.7,2060s_2100A.txt
2060s,2100A,Novec_2100A,5.839,57.5,0.0,86.2,1601.0,82.8,2060s_2100A.txt
2060s,2100A,Novec_2100A,6.923,95.6,0.0,86.2,1601.0,89.2,2060s_2100A.txt
2060s,2100A,Novec_2100A,8.054,94.2,0.0,86.2,1601.0,90.8,2060s_2100A.txt
2060s,2100A,Novec_2100A,9.24,96.6,0.0,86.2,1601.0,89.8,2060s_2100A.txt
2060s,2100A,Novec_2100A,10.438,114.7,0.0,86.2,1601.0,88.3,2060s_2100A.txt
2060s,2100A,Novec_2100A,11.535,88.7,0.0,86.2,1601.0,89.8,2060s_2100A.txt
2060s,2100A,Novec_2100A,12.753,46.0,0.0,86.2,1601.0,84.8,2060s_2100A.txt
2060s,2100A,Novec_2100A,13.846,78.0,0.0,86.2,1601.0,88.3,2060s_2100A.txt
2060s,2100A,Novec_2100A,1.081,84.7,0.0,88.9,1601.0,89.6,2060s_2100A.txt
2060s,2100A,Novec_2100A,2.303,78.8,0.0,88.9,1601.0,89.6,2060s_2100A.txt
2060s,2100A,Novec_2100A,3.401,80.9,0.0,88.9,1601.0,89.9,2060s_2100A.txt
2060s,2100A,Novec_2100A,4.82,36.7,0.0,88.9,1601.0,88.2,2060s_2100A.txt
2060s,2100A,Novec_2100A,6.265,100.9,0.0,88.9,1601.0,89.8,2060s_2100A.txt
2060s,2100A,Novec_2100A,7.57,95.7,0.0,88.9,1601.0,86.5,2060s_2100A.txt
2060s,2100A,Novec_2100A,8.644,95.4,0.0,88.9,1601.0,88.1,2060s_2100A.txt
2060s,2100A,Novec_2100A,9.743,98.7,0.0,88.9,1601.0,87.6,2060s_2100A.txt
2060s,2100A,Novec_2100A,10.842,59.4,0.0,88.9,1601.0,87.3,2060s_2100A.txt
2060s,2100A,Novec_2100A,11.955,52.7,0.0,88.9,1601.0,82.8,2060s_2100A.txt
2060s,2100A,Novec_2100A,13.152,86.8,0.0,88.9,1601.0,85.7,2060s_2100A.txt
2060s,2100A,Novec_2100A,14.583,112.3,0.0,88.9,1601.0,89.0,2060s_2100A.txt
2060s,2100A,Novec_2100A,1.096,76.9,0.0,87.4,1601.0,86.8,2060s_2100A.txt
2060s,2100A,Novec_2100A,2.385,106.2,0.0,87.4,1601.0,91.9,2060s_2100A.txt
2060s,2100A,Novec_2100A,3.385,85.9,0.0,87.4,1601.0,91.2,2060s_2100A.txt
2060s,2100A,Novec_2100A,4.594,66.3,0.0,87.4,1601.0,88.7,2060s_2100A.txt
2060s,2100A,Novec_2100A,6.032,122.1,0.0,87.4,1601.0,86.3,2060s_2100A.txt
2060s,2100A,Novec_2100A,7.253,118.4,0.0,87.4,1601.0,90.4,2060s_2100A.txt
2060s,2100A,Novec_2100A,8.487,64.7,0.0,87.4,1601.0,87.2,2060s_2100A.txt
2060s,2100A,Novec_2100A,9.687,122.6,0.0,87.4,1601.0,91.3,2060s_2100A.txt
2060s,2100A,Novec_2100A,10.984,112.2,0.0,87.4,1601.0,90.4,2060s_2100A.txt
2060s,2100A,Novec_2100A,12.105,87.0,0.0,87.4,1601.0,89.3,2060s_2100A.txt
2060s,2100A,Novec_2100A,13.182,95.4,0.0,87.4,1601.0,88.9,2060s_2100A.txt
2060s,2100A,Novec_2100A,1.078,73.4,0.0,90.5,1601.0,89.3,2060s_2100A.txt
2060s,2100A,Novec_2100A,2.185,57.7,0.0,90.5,1601.0,84.8,2060s_2100A.txt
2060s,2100A,Novec_2100A,3.289,70.4,0.0,90.5,1601.0,85.4,2060s_2100A.txt
2060s,2100A,Novec_2100A,4.388,100.2,0.0,90.5,1601.0,86.3,2060s_2100A.txt
2060s,2100A,Novec_2100A,5.712,118.6,0.0,90.5,1601.0,84.2,2060s_2100A.txt
2060s,2100A,Novec_2100A,6.916,80.8,0.0,90.5,1601.0,85.9,2060s_2100A.txt
2060s,2100A,Novec_2100A,8.018,68.2,0.0,90.5,1601.0,87.4,2060s_2100A.txt
2060s,2100A,Novec_2100A,9.458,81.6,0.0,90.5,1601.0,89.2,2060s_2100A.txt
2060s,2100A,Novec_2100A,10.557,88.3,0.0,90.5,1601.0,89.5,2060s_2100A.txt
2060s,2100A,Novec_2100A,11.656,109.0,0.0,90.5,1601.0,88.9,2060s_2100A.txt
2060s,2100A,Novec_2100A,12.75,81.8,0.0,90.5,1601.0,87.7,2060s_2100A.txt
2060s,2100A,Novec_2100A,13.833,84.5,0.0,90.5,1601.0,88.2,2060s_2100A.txt
2060s,2100A,Novec_2100A,1.091,79.8,0.0,86.9,1601.0,86.8,2060s_2100A.txt
2060s,2100A,Novec_2100A,2.182,90.5,0.0,86.9,1601.0,88.0,2060s_2100A.txt
2060s,2100A,Novec_2100A,3.268,86.5,0.0,86.9,1601.0,88.3,2060s_2100A.txt
2060s,2100A,Novec_2100A,4.369,84.8,0.0,86.9,1601.0,88.7,2060s_2100A.txt
2060s,2100A,Novec_2100A,5.461,63.0,0.0,86.9,1601.0,85.3,2060s_2100A.txt
2060s,2100A,Novec_2100A,6.567,82.3,0.0,86.9,1601.0,86.8,2060s_2100A.txt
2060s,2100A,Novec_2100A,7.675,65.5,0.0,86.9,1601.0,85.6,2060s_2100A.txt
2060s,2100A,Novec_2100A,8.882,84.5,0.0,86.9,1601.0,87.7,2060s_2100A.txt
2060s,2100A,Novec_2100A,10.186,116.0,0.0,86.9,1601.0,90.1,2060s_2100A.txt
2060s,2100A,Novec_2100A,11.447,32.0,0.0,86.9,1601.0,75.3,2060s_2100A.txt
2060s,2100A,Novec_2100A,12.682,37.7,0.0,86.9,1601.0,82.9,2060s_2100A.txt
2060s,2100A,Novec_2100A,13.942,103.0,0.0,86.9,1601.0,85.9,2060s_2100A.txt
2060s,2100A,Novec_2100A,1.237,92.7,0.0,82.3,1601.0,89.4,2060s_2100A.txt
2060s,2100A,Novec_2100A,2.32,89.3,0.0,82.3,1601.0,88.8,2060s_2100A.txt
2060s,2100A,Novec_2100A,3.445,93.0,0.0,82.3,1601.0,87.0,2060s_2100A.txt
2060s,2100A,Novec_2100A,4.641,85.4,0.0,82.3,1601.0,87.2,2060s_2100A.txt
2060s,2100A,Novec_2100A,5.724,119.6,0.0,82.3,1601.0,87.0,2060s_2100A.txt
2060s,2100A,Novec_2100A,6.954,75.6,0.0,82.3,1601.0,86.3,2060s_2100A.txt
2060s,2100A,Novec_2100A,8.034,83.8,0.0,82.3,1601.0,89.1,2060s_2100A.txt
2060s,2100A,Novec_2100A,9.235,74.7,0.0,82.3,1601.0,87.3,2060s_2100A.txt
2060s,2100A,Novec_2100A,10.336,105.2,0.0,82.3,1601.0,87.8,2060s_2100A.txt
2060s,2100A,Novec_2100A,11.583,37.7,0.0,82.3,1601.0,77.9,2060s_2100A.txt
2060s,2100A,Novec_2100A,12.634,109.9,0.0,82.3,1601.0,87.6,2060s_2100A.txt
2060s,2100A,Novec_2100A,13.734,87.7,0.0,82.3,1601.0,87.7,2060s_2100A.txt
2060s,2100A,Novec_2100A,14.84,87.1,0.0,82.3,1601.0,88.3,2060s_2100A.txt
2060s,2100A,Novec_2100A,1.086,85.4,0.0,88.4,1601.0,88.4,2060s_2100A.txt
2060s,2100A,Novec_2100A,2.222,84.3,0.0,88.4,1601.0,87.8,2060s_2100A.txt
2060s,2100A,Novec_2100A,3.287,88.5,0.0,88.4,1601.0,88.3,2060s_2100A.txt
2060s,2100A,Novec_2100A,4.385,89.7,0.0,88.4,1601.0,88.7,2060s_2100A.txt
2060s,2100A,Novec_2100A,5.469,84.7,0.0,88.4,1601.0,87.4,2060s_2100A.txt
2060s,2100A,Novec_2100A,6.583,90.8,0.0,88.4,1601.0,87.9,2060s_2100A.txt
2060s,2100A,Novec_2100A,7.664,81.1,0.0,88.4,1601.0,88.1,2060s_2100A.txt
2060s,2100A,Novec_2100A,8.764,74.4,0.0,88.4,1601.0,87.2,2060s_2100A.txt
2060s,2100A,Novec_2100A,9.849,79.9,0.0,88.4,1601.0,87.3,2060s_2100A.txt
2060s,2100A,Novec_2100A,10.948,108.6,0.0,88.4,1601.0,90.3,2060s_2100A.txt
2060s,2100A,Novec_2100A,12.041,75.4,0.0,88.4,1601.0,87.6,2060s_2100A.txt
2060s,2100A,Novec_2100A,13.143,85.1,0.0,88.4,1601.0,89.2,2060s_2100A.txt
2060s,2100A,Novec_2100A,1.135,79.8,0.0,87.1,1601.0,87.4,2060s_2100A.txt
2060s,2100A,Novec_2100A,2.322,41.2,0.0,87.1,1601.0,77.7,2060s_2100A.txt
2060s,2100A,Novec_2100A,3.434,87.2,0.0,87.1,1601.0,89.0,2060s_2100A.txt
2060s,2100A,Novec_2100A,4.526,85.9,0.0,87.1,1601.0,88.7,2060s_2100A.txt
2060s,2100A,Novec_2100A,5.63,118.8,0.0,87.1,1601.0,90.7,2060s_2100A.txt
2060s,2100A,Novec_2100A,6.853,76.7,0.0,87.1,1601.0,86.2,2060s_2100A.txt
2060s,2100A,Novec_2100A,8.428,82.1,0.0,87.1,1601.0,76.9,2060s_2100A.txt
2060s,2100A,Novec_2100A,9.742,57.5,0.0,87.1,1601.0,83.8,2060s_2100A.txt
2060s,2100A,Novec_2100A,11.092,77.4,0.0,87.1,1601.0,86.0,2060s_2100A.txt
2060s,2100A,Novec_2100A,12.256,78.8,0.0,87.1,1601.0,87.3,2060s_2100A.txt
2060s,2100A,Novec_2100A,13.392,81.7,0.0,87.1,1601.0,87.2,2060s_2100A.txt
2060s,2100A,Novec_2100A,14.695,98.6,0.0,87.1,1601.0,90.3,2060s_2100A.txt
2060s,2100A,Novec_2100A,1.245,78.5,0.0,85.8,1601.0,86.7,2060s_2100A.txt
2060s,2100A,Novec_2100A,2.307,85.5,0.0,85.8,1601.0,85.3,2060s_2100A.txt
2060s,2100A,Novec_2100A,3.504,122.4,0.0,85.8,1601.0,86.3,2060s_2100A.txt
2060s,2100A,Novec_2100A,4.726,85.9,0.0,85.8,1601.0,88.4,2060s_2100A.txt
2060s,2100A,Novec_2100A,5.825,62.6,0.0,85.8,1601.0,86.4,2060s_2100A.txt
2060s,2100A,Novec_2100A,7.054,89.4,0.0,85.8,1601.0,91.1,2060s_2100A.txt
2060s,2100A,Novec_2100A,8.441,62.5,0.0,85.8,1601.0,84.1,2060s_2100A.txt
2060s,2100A,Novec_2100A,9.677,92.5,0.0,85.8,1601.0,91.2,2060s_2100A.txt
2060s,2100A,Novec_2100A,10.897,83.2,0.0,85.8,1601.0,88.8,2060s_2100A.txt
2060s,2100A,Novec_2100A,11.992,85.2,0.0,85.8,1601.0,89.1,2060s_2100A.txt
2060s,2100A,Novec_2100A,13.088,91.6,0.0,85.8,1601.0,89.3,2060s_2100A.txt
2060s,2100A,Novec_2100A,1.085,87.6,0.0,88.3,1601.0,87.6,2060s_2100A.txt
2060s,2100A,Novec_2100A,2.19,91.1,0.0,88.3,1601.0,87.4,2060s_2100A.txt
2060s,2100A,Novec_2100A,3.402,75.1,0.0,88.3,1601.0,84.9,2060s_2100A.txt
2060s,2100A,Novec_2100A,4.553,82.1,0.0,88.3,1601.0,85.3,2060s_2100A.txt
2060s,2100A,Novec_2100A,5.561,72.3,0.0,88.3,1601.0,87.9,2060s_2100A.txt
2060s,2100A,Novec_2100A,6.66,87.6,0.0,88.3,1601.0,89.0,2060s_2100A.txt
2060s,2100A,Novec_2100A,7.758,93.1,0.0,88.3,1601.0,89.2,2060s_2100A.txt
2060s,2100A,Novec_2100A,8.842,95.0,0.0,88.3,1601.0,89.3,2060s_2100A.txt
2060s,2100A,Novec_2100A,9.971,88.6,0.0,88.3,1601.0,88.6,2060s_2100A.txt
2060s,2100A,Novec_2100A,11.046,90.2,0.0,88.3,1601.0,89.4,2060s_2100A.txt
2060s,2100A,Novec_2100A,12.148,89.1,0.0,88.3,1601.0,88.6,2060s_2100A.txt
2060s,2100A,Novec_2100A,13.227,112.0,0.0,88.3,1601.0,90.2,2060s_2100A.txt
2060s,2100A,Novec_2100A,14.322,87.9,0.0,88.3,1601.0,87.8,2060s_2100A.txt
2060s,2100A,Novec_2100A,1.115,104.7,0.0,86.6,1601.0,89.2,2060s_2100A.txt
2060s,2100A,Novec_2100A,2.316,89.1,0.0,86.6,1601.0,88.5,2060s_2100A.txt
2060s,2100A,Novec_2100A,3.434,26.9,0.0,86.6,1601.0,78.0,2060s_2100A.txt
2060s,2100A,Novec_2100A,4.691,63.7,0.0,86.6,1601.0,82.5,2060s_2100A.txt
2060s,2100A,Novec_2100A,5.731,80.1,0.0,86.6,1601.0,90.0,2060s_2100A.txt
2060s,2100A,Novec_2100A,6.928,76.5,0.0,86.6,1601.0,89.2,2060s_2100A.txt
2060s,2100A,Novec_2100A,8.013,89.8,0.0,86.6,1601.0,87.4,2060s_2100A.txt
2060s,2100A,Novec_2100A,9.136,84.0,0.0,86.6,1601.0,88.5,2060s_2100A.txt
2060s,2100A,Novec_2100A,10.245,78.1,0.0,86.6,1601.0,86.6,2060s_2100A.txt
2060s,2100A,Novec_2100A,11.338,76.0,0.0,86.6,1601.0,86.3,2060s_2100A.txt
2060s,2100A,Novec_2100A,12.442,106.1,0.0,86.6,1601.0,89.4,2060s_2100A.txt
2060s,2100A,Novec_2100A,13.542,97.7,0.0,86.6,1601.0,92.0,2060s_2100A.txt
2060s,2100A,Novec_2100A,1.1,78.0,0.0,87.8,1601.0,86.4,2060s_2100A.txt
2060s,2100A,Novec_2100A,2.206,71.5,0.0,87.8,1601.0,86.2,2060s_2100A.txt
2060s,2100A,Novec_2100A,3.298,86.9,0.0,87.8,1601.0,88.8,2060s_2100A.txt
2060s,2100A,Novec_2100A,4.402,88.7,0.0,87.8,1601.0,89.1,2060s_2100A.txt
2060s,2100A,Novec_2100A,5.507,114.8,0.0,87.8,1601.0,89.2,2060s_2100A.txt
2060s,2100A,Novec_2100A,6.624,84.3,0.0,87.8,1601.0,86.0,2060s_2100A.txt
2060s,2100A,Novec_2100A,7.726,68.1,0.0,87.8,1601.0,83.5,2060s_2100A.txt
2060s,2100A,Novec_2100A,8.804,84.5,0.0,87.8,1601.0,87.1,2060s_2100A.txt
2060s,2100A,Novec_2100A,9.902,81.0,0.0,87.8,1601.0,88.4,2060s_2100A.txt
2060s,2100A,Novec_2100A,11.018,86.4,0.0,87.8,1601.0,89.1,2060s_2100A.txt
2060s,2100A,Novec_2100A,12.101,91.6,0.0,87.8,1601.0,89.2,2060s_2100A.txt
2060s,2100A,Novec_2100A,13.198,83.2,0.0,87.8,1601.0,88.9,2060s_2100A.txt
2060s,2100A,Novec_2100A,14.302,72.0,0.0,87.8,1601.0,87.1,2060s_2100A.txt
2060s,2100A,Novec_2100A,1.101,128.4,0.0,86.2,1601.0,90.4,2060s_2100A.txt
2060s,2100A,Novec_2100A,2.198,60.3,0.0,86.2,1601.0,84.4,2060s_2100A.txt
2060s,2100A,Novec_2100A,3.321,54.8,0.0,86.2,1601.0,86.0,2060s_2100A.txt
2060s,2100A,Novec_2100A,4.409,120.7,0.0,86.2,1601.0,90.7,2060s_2100A.txt
2060s,2100A,Novec_2100A,5.493,70.5,0.0,86.2,1601.0,86.4,2060s_2100A.txt
2060s,2100A,Novec_2100A,6.59,81.5,0.0,86.2,1601.0,87.8,2060s_2100A.txt
2060s,2100A,Novec_2100A,7.688,79.9,0.0,86.2,1601.0,86.3,2060s_2100A.txt
2060s,2100A,Novec_2100A,8.779,66.6,0.0,86.2,1601.0,85.5,2060s_2100A.txt
2060s,2100A,Novec_2100A,9.99,67.2,0.0,86.2,1601.0,70.3,2060s_2100A.txt
2060s,2100A,Novec_2100A,11.086,49.2,0.0,86.2,1601.0,69.3,2060s_2100A.txt
2060s,2100A,Novec_2100A,12.221,62.7,0.0,86.2,1601.0,71.3,2060s_2100A.txt
2060s,2100A,Novec_2100A,13.286,71.0,0.0,86.2,1601.0,73.9,2060s_2100A.txt
2060s,2100A,Novec_2100A,1.107,61.6,0.0,67.2,1601.0,69.7,2060s_2100A.txt
2060s,2100A,Novec_2100A,2.221,61.6,0.0,67.2,1601.0,69.4,2060s_2100A.txt
2060s,2100A,Novec_2100A,3.323,103.2,0.0,67.2,1601.0,73.9,2060s_2100A.txt
2060s,2100A,Novec_2100A,4.44,78.5,0.0,67.2,1601.0,74.1,2060s_2100A.txt
2060s,2100A,Novec_2100A,5.6530000000000005,41.9,0.0,67.2,1601.0,67.2,2060s_2100A.txt
2060s,2100A,Novec_2100A,6.748,62.3,0.0,67.2,1601.0,70.9,2060s_2100A.txt
2060s,2100A,Novec_2100A,7.854,46.0,0.0,67.2,1601.0,67.8,2060s_2100A.txt
2060s,2100A,Novec_2100A,8.943999999999999,70.7,0.0,67.2,1601.0,71.1,2060s_2100A.txt
2060s,2100A,Novec_2100A,10.043,42.3,0.0,67.2,1601.0,66.7,2060s_2100A.txt
2060s,2100A,Novec_2100A,11.138,47.9,0.0,67.2,1601.0,67.9,2060s_2100A.txt
2060s,2100A,Novec_2100A,12.241,46.9,0.0,67.2,1601.0,69.2,2060s_2100A.txt
2060s,2100A,Novec_2100A,13.352,43.1,0.0,67.2,1601.0,66.4,2060s_2100A.txt
2060s,2100A,Novec_2100A,14.44,44.3,0.0,67.2,1601.0,67.8,2060s_2100A.txt
2060s,2100A,Novec_2100A,1.095,58.4,0.0,67.9,1601.0,70.3,2060s_2100A.txt
2060s,2100A,Novec_2100A,2.181,50.3,0.0,67.9,1601.0,68.3,2060s_2100A.txt
2060s,2100A,Novec_2100A,3.288,76.1,0.0,67.9,1601.0,71.1,2060s_2100A.txt
2060s,2100A,Novec_2100A,4.41,44.1,0.0,67.9,1601.0,67.4,2060s_2100A.txt
2060s,2100A,Novec_2100A,5.497,59.3,0.0,67.9,1601.0,69.2,2060s_2100A.txt
2060s,2100A,Novec_2100A,6.5969999999999995,48.3,0.0,67.9,1601.0,70.5,2060s_2100A.txt
2060s,2100A,Novec_2100A,7.691,49.1,0.0,67.9,1601.0,67.2,2060s_2100A.txt
2060s,2100A,Novec_2100A,8.791,58.7,0.0,67.9,1601.0,69.6,2060s_2100A.txt
2060s,2100A,Novec_2100A,9.878,48.6,0.0,67.9,1601.0,68.0,2060s_2100A.txt
2060s,2100A,Novec_2100A,10.977,49.5,0.0,67.9,1601.0,68.2,2060s_2100A.txt
2060s,2100A,Novec_2100A,12.083,44.8,0.0,67.9,1601.0,66.7,2060s_2100A.txt
2060s,2100A,Novec_2100A,13.182,47.5,0.0,67.9,1601.0,68.8,2060s_2100A.txt
2060s,2100A,Novec_2100A,1.092,42.6,0.0,67.3,1601.0,67.6,2060s_2100A.txt
2060s,2100A,Novec_2100A,2.193,50.9,0.0,67.3,1601.0,68.1,2060s_2100A.txt
2060s,2100A,Novec_2100A,3.303,44.9,0.0,67.3,1601.0,67.5,2060s_2100A.txt
2060s,2100A,Novec_2100A,4.393,74.9,0.0,67.3,1601.0,72.1,2060s_2100A.txt
2060s,2100A,Novec_2100A,5.502,42.8,0.0,67.3,1601.0,66.4,2060s_2100A.txt
2060s,2100A,Novec_2100A,6.605,43.0,0.0,67.3,1601.0,69.3,2060s_2100A.txt
2060s,2100A,Novec_2100A,7.71,44.0,0.0,67.3,1601.0,67.9,2060s_2100A.txt
2060s,2100A,Novec_2100A,8.81,51.7,0.0,67.3,1601.0,70.3,2060s_2100A.txt
2060s,2100A,Novec_2100A,9.912,56.1,0.0,67.3,1601.0,72.2,2060s_2100A.txt
2060s,2100A,Novec_2100A,11.132,63.8,0.0,67.3,1601.0,71.7,2060s_2100A.txt
2060s,2100A,Novec_2100A,12.242,57.0,0.0,67.3,1601.0,68.5,2060s_2100A.txt
2060s,2100A,Novec_2100A,13.333,46.6,0.0,67.3,1601.0,66.9,2060s_2100A.txt
2060s,2100A,Novec_2100A,14.431,50.7,0.0,67.3,1601.0,68.6,2060s_2100A.txt
2060s,2100A,Novec_2100A,1.059,51.7,0.0,66.6,1601.0,67.5,2060s_2100A.txt
2060s,2100A,Novec_2100A,2.141,42.4,0.0,66.6,1601.0,67.0,2060s_2100A.txt
2060s,2100A,Novec_2100A,3.248,70.8,0.0,66.6,1601.0,68.7,2060s_2100A.txt
2060s,2100A,Novec_2100A,4.367,61.8,0.0,66.6,1601.0,69.0,2060s_2100A.txt
2060s,2100A,Novec_2100A,5.468,46.9,0.0,66.6,1601.0,68.4,2060s_2100A.txt
2060s,2100A,Novec_2100A,6.571,69.5,0.0,66.6,1601.0,68.7,2060s_2100A.txt
2060s,2100A,Novec_2100A,7.681,50.1,0.0,66.6,1601.0,66.8,2060s_2100A.txt
2060s,2100A,Novec_2100A,8.759,47.0,0.0,66.6,1601.0,69.1,2060s_2100A.txt
2060s,2100A,Novec_2100A,9.974,40.9,0.0,66.6,1601.0,66.8,2060s_2100A.txt
2060s,2100A,Novec_2100A,11.076,49.2,0.0,66.6,1601.0,68.6,2060s_2100A.txt
2060s,2100A,Novec_2100A,12.167,51.8,0.0,66.6,1601.0,68.1,2060s_2100A.txt
2060s,2100A,Novec_2100A,13.26,74.4,0.0,66.6,1601.0,70.5,2060s_2100A.txt
2060s,7100,Novec_7100,1.053,10.6,0.0,62.2,1372.0,59.9,2060s_7100.txt
2060s,7100,Novec_7100,2.162,10.1,0.0,62.2,1372.0,58.3,2060s_7100.txt
2060s,7100,Novec_7100,3.331,9.9,0.0,62.2,1372.0,57.1,2060s_7100.txt
2060s,7100,Novec_7100,4.453,9.7,0.0,62.2,1372.0,56.5,2060s_7100.txt
2060s,7100,Novec_7100,5.557,25.9,0.0,62.2,1372.0,62.1,2060s_7100.txt
2060s,7100,Novec_7100,6.755,24.6,0.0,62.2,1372.0,65.4,2060s_7100.txt
2060s,7100,Novec_7100,7.987,28.9,0.0,62.2,1372.0,67.8,2060s_7100.txt
2060s,7100,Novec_7100,9.075,13.6,0.0,62.2,1372.0,65.5,2060s_7100.txt
2060s,7100,Novec_7100,10.269,10.3,0.0,62.2,1372.0,61.1,2060s_7100.txt
2060s,7100,Novec_7100,11.389,9.6,0.0,62.2,1372.0,58.9,2060s_7100.txt
2060s,7100,Novec_7100,12.600999999999999,9.7,0.0,62.2,1372.0,57.4,2060s_7100.txt
2060s,7100,Novec_7100,13.691,10.0,0.0,62.2,1372.0,56.5,2060s_7100.txt
2060s,7100,Novec_7100,14.774000000000001,9.6,0.0,62.2,1372.0,56.0,2060s_7100.txt
2060s,7100,Novec_7100,1.081,9.7,0.0,55.7,1372.0,55.8,2060s_7100.txt
2060s,7100,Novec_7100,2.156,9.9,0.0,55.7,1372.0,55.3,2060s_7100.txt
2060s,7100,Novec_7100,3.375,20.0,0.0,55.7,1372.0,59.1,2060s_7100.txt
2060s,7100,Novec_7100,4.474,21.2,0.0,55.7,1372.0,62.8,2060s_7100.txt
2060s,7100,Novec_7100,5.579,24.6,0.0,55.7,1372.0,65.3,2060s_7100.txt
2060s,7100,Novec_7100,6.68,25.2,0.0,55.7,1372.0,67.2,2060s_7100.txt
2060s,7100,Novec_7100,7.8,10.8,0.0,55.7,1372.0,62.5,2060s_7100.txt
2060s,7100,Novec_7100,8.881,10.1,0.0,55.7,1372.0,60.1,2060s_7100.txt
2060s,7100,Novec_7100,10.117,9.3,0.0,55.7,1372.0,57.8,2060s_7100.txt
2060s,7100,Novec_7100,11.231,10.1,0.0,55.7,1372.0,57.0,2060s_7100.txt
2060s,7100,Novec_7100,12.31,20.8,0.0,55.7,1372.0,62.7,2060s_7100.txt
2060s,7100,Novec_7100,13.407,23.4,0.0,55.7,1372.0,65.1,2060s_7100.txt
2060s,7100,Novec_7100,1.1179999999999999,14.0,0.0,66.9,1372.0,63.1,2060s_7100.txt
2060s,7100,Novec_7100,2.341,9.9,0.0,66.9,1372.0,59.8,2060s_7100.txt
2060s,7100,Novec_7100,3.419,9.6,0.0,66.9,1372.0,58.2,2060s_7100.txt
2060s,7100,Novec_7100,4.523,10.0,0.0,66.9,1372.0,57.5,2060s_7100.txt
2060s,7100,Novec_7100,5.648,10.1,0.0,66.9,1372.0,56.9,2060s_7100.txt
2060s,7100,Novec_7100,6.74,10.0,0.0,66.9,1372.0,56.2,2060s_7100.txt
2060s,7100,Novec_7100,7.862,10.5,0.0,66.9,1372.0,56.2,2060s_7100.txt
2060s,7100,Novec_7100,8.968,11.4,0.0,66.9,1372.0,56.3,2060s_7100.txt
2060s,7100,Novec_7100,10.066,10.4,0.0,66.9,1372.0,56.1,2060s_7100.txt
2060s,7100,Novec_7100,11.179,11.2,0.0,66.9,1372.0,56.2,2060s_7100.txt
2060s,7100,Novec_7100,12.251,17.8,0.0,66.9,1372.0,58.3,2060s_7100.txt
2060s,7100,Novec_7100,13.354,13.9,0.0,66.9,1372.0,59.9,2060s_7100.txt
2060s,7100,Novec_7100,14.456,13.8,0.0,66.9,1372.0,58.8,2060s_7100.txt
2060s,7100,Novec_7100,1.086,9.8,0.0,57.4,1372.0,56.4,2060s_7100.txt
2060s,7100,Novec_7100,2.206,9.6,0.0,57.4,1372.0,56.1,2060s_7100.txt
2060s,7100,Novec_7100,3.307,9.4,0.0,57.4,1372.0,55.7,2060s_7100.txt
2060s,7100,Novec_7100,4.636,11.2,0.0,57.4,1372.0,55.8,2060s_7100.txt
2060s,7100,Novec_7100,5.73,10.9,0.0,57.4,1372.0,55.5,2060s_7100.txt
2060s,7100,Novec_7100,6.818,10.4,0.0,57.4,1372.0,55.8,2060s_7100.txt
2060s,7100,Novec_7100,7.918,11.0,0.0,57.4,1372.0,55.7,2060s_7100.txt
2060s,7100,Novec_7100,9.026,11.5,0.0,57.4,1372.0,55.8,2060s_7100.txt
2060s,7100,Novec_7100,10.132,10.6,0.0,57.4,1372.0,55.9,2060s_7100.txt
2060s,7100,Novec_7100,11.241,11.2,0.0,57.4,1372.0,56.1,2060s_7100.txt
2060s,7100,Novec_7100,12.328,12.9,0.0,57.4,1372.0,56.1,2060s_7100.txt
2060s,7100,Novec_7100,13.424,14.2,0.0,57.4,1372.0,58.9,2060s_7100.txt
2060s,7100,Novec_7100,1.1179999999999999,16.4,0.0,60.6,1372.0,59.8,2060s_7100.txt
2060s,7100,Novec_7100,2.326,10.5,0.0,60.6,1372.0,57.9,2060s_7100.txt
2060s,7100,Novec_7100,3.431,9.6,0.0,60.6,1372.0,56.5,2060s_7100.txt
2060s,7100,Novec_7100,4.5,10.2,0.0,60.6,1372.0,56.1,2060s_7100.txt
2060s,7100,Novec_7100,5.634,9.4,0.0,60.6,1372.0,55.6,2060s_7100.txt
2060s,7100,Novec_7100,6.724,9.3,0.0,60.6,1372.0,55.3,2060s_7100.txt
2060s,7100,Novec_7100,7.816,9.1,0.0,60.6,1372.0,55.0,2060s_7100.txt
2060s,7100,Novec_7100,8.896,11.6,0.0,60.6,1372.0,55.5,2060s_7100.txt
2060s,7100,Novec_7100,10.018,10.2,0.0,60.6,1372.0,55.6,2060s_7100.txt
2060s,7100,Novec_7100,11.123,10.5,0.0,60.6,1372.0,55.3,2060s_7100.txt
2060s,7100,Novec_7100,12.224,9.5,0.0,60.6,1372.0,55.3,2060s_7100.txt
2060s,7100,Novec_7100,13.305,11.6,0.0,60.6,1372.0,55.4,2060s_7100.txt
2060s,7100,Novec_7100,14.416,10.1,0.0,60.6,1372.0,55.4,2060s_7100.txt
2060s,7100,Novec_7100,1.093,10.4,0.0,55.4,1372.0,55.4,2060s_7100.txt
2060s,7100,Novec_7100,2.195,16.2,0.0,55.4,1372.0,57.3,2060s_7100.txt
2060s,7100,Novec_7100,3.306,13.4,0.0,55.4,1372.0,59.2,2060s_7100.txt
2060s,7100,Novec_7100,4.411,17.6,0.0,55.4,1372.0,59.8,2060s_7100.txt
2060s,7100,Novec_7100,5.521,10.5,0.0,55.4,1372.0,58.0,2060s_7100.txt
2060s,7100,Novec_7100,6.609,10.9,0.0,55.4,1372.0,57.5,2060s_7100.txt
2060s,7100,Novec_7100,7.698,27.4,0.0,55.4,1372.0,62.8,2060s_7100.txt
2060s,7100,Novec_7100,8.789,18.4,0.0,55.4,1372.0,64.3,2060s_7100.txt
2060s,7100,Novec_7100,9.893,14.0,0.0,55.4,1372.0,62.7,2060s_7100.txt
2060s,7100,Novec_7100,11.124,9.4,0.0,55.4,1372.0,59.6,2060s_7100.txt
2060s,7100,Novec_7100,12.326,9.8,0.0,55.4,1372.0,57.6,2060s_7100.txt
2060s,7100,Novec_7100,13.425,10.9,0.0,55.4,1372.0,56.9,2060s_7100.txt
2060s,7100,Novec_7100,1.088,10.9,0.0,57.1,1372.0,56.9,2060s_7100.txt
2060s,7100,Novec_7100,2.188,9.4,0.0,57.1,1372.0,56.1,2060s_7100.txt
2060s,7100,Novec_7100,3.285,11.3,0.0,57.1,1372.0,56.2,2060s_7100.txt
2060s,7100,Novec_7100,4.398,13.2,0.0,57.1,1372.0,56.3,2060s_7100.txt
2060s,7100,Novec_7100,5.487,14.3,0.0,57.1,1372.0,59.4,2060s_7100.txt
2060s,7100,Novec_7100,6.591,13.9,0.0,57.1,1372.0,59.9,2060s_7100.txt
2060s,7100,Novec_7100,7.684,11.1,0.0,57.1,1372.0,59.4,2060s_7100.txt
2060s,7100,Novec_7100,8.779,10.3,0.0,57.1,1372.0,57.8,2060s_7100.txt
2060s,7100,Novec_7100,9.889,12.8,0.0,57.1,1372.0,57.4,2060s_7100.txt
2060s,7100,Novec_7100,10.967,21.3,0.0,57.1,1372.0,62.5,2060s_7100.txt
2060s,7100,Novec_7100,12.058,14.0,0.0,57.1,1372.0,61.4,2060s_7100.txt
2060s,7100,Novec_7100,13.183,16.2,0.0,57.1,1372.0,60.7,2060s_7100.txt
2060s,7100,Novec_7100,14.249,22.8,0.0,57.1,1372.0,65.3,2060s_7100.txt
2060s,7100,Novec_7100,1.123,11.6,0.0,65.8,1372.0,62.0,2060s_7100.txt
2060s,7100,Novec_7100,2.423,9.6,0.0,65.8,1372.0,59.0,2060s_7100.txt
2060s,7100,Novec_7100,3.534,9.9,0.0,65.8,1372.0,57.6,2060s_7100.txt
2060s,7100,Novec_7100,4.664,9.5,0.0,65.8,1372.0,56.6,2060s_7100.txt
2060s,7100,Novec_7100,5.754,10.3,0.0,65.8,1372.0,56.5,2060s_7100.txt
2060s,7100,Novec_7100,6.839,9.8,0.0,65.8,1372.0,55.8,2060s_7100.txt
2060s,7100,Novec_7100,7.926,9.3,0.0,65.8,1372.0,55.6,2060s_7100.txt
2060s,7100,Novec_7100,9.032,9.3,0.0,65.8,1372.0,55.6,2060s_7100.txt
2060s,7100,Novec_7100,10.11,10.3,0.0,65.8,1372.0,55.5,2060s_7100.txt
2060s,7100,Novec_7100,11.212,9.1,0.0,65.8,1372.0,55.1,2060s_7100.txt
2060s,7100,Novec_7100,12.437,9.2,0.0,65.8,1372.0,54.8,2060s_7100.txt
2060s,7100,Novec_7100,13.534,10.1,0.0,65.8,1372.0,55.2,2060s_7100.txt
2060s,7100,Novec_7100,1.121,9.8,0.0,55.6,1372.0,55.3,2060s_7100.txt
2060s,7100,Novec_7100,2.318,10.5,0.0,55.6,1372.0,55.2,2060s_7100.txt
2060s,7100,Novec_7100,3.427,11.2,0.0,55.6,1372.0,55.4,2060s_7100.txt
2060s,7100,Novec_7100,4.51,11.4,0.0,55.6,1372.0,55.9,2060s_7100.txt
2060s,7100,Novec_7100,5.6129999999999995,10.0,0.0,55.6,1372.0,55.5,2060s_7100.txt
2060s,7100,Novec_7100,6.707,10.4,0.0,55.6,1372.0,55.3,2060s_7100.txt
2060s,7100,Novec_7100,7.801,12.3,0.0,55.6,1372.0,55.8,2060s_7100.txt
2060s,7100,Novec_7100,8.888,17.3,0.0,55.6,1372.0,58.4,2060s_7100.txt
2060s,7100,Novec_7100,9.964,13.3,0.0,55.6,1372.0,59.4,2060s_7100.txt
2060s,7100,Novec_7100,11.079,13.5,0.0,55.6,1372.0,58.3,2060s_7100.txt
2060s,7100,Novec_7100,12.182,9.4,0.0,55.6,1372.0,56.6,2060s_7100.txt
2060s,7100,Novec_7100,13.303,10.2,0.0,55.6,1372.0,56.0,2060s_7100.txt
2060s,7100,Novec_7100,14.394,9.9,0.0,55.6,1372.0,55.8,2060s_7100.txt
2060s,7100,Novec_7100,1.089,9.4,0.0,55.4,1372.0,55.0,2060s_7100.txt
2060s,7100,Novec_7100,2.208,10.7,0.0,55.4,1372.0,55.4,2060s_7100.txt
2060s,7100,Novec_7100,3.287,16.3,0.0,55.4,1372.0,57.7,2060s_7100.txt
2060s,7100,Novec_7100,4.396,15.6,0.0,55.4,1372.0,60.3,2060s_7100.txt
2060s,7100,Novec_7100,5.507,11.9,0.0,55.4,1372.0,59.0,2060s_7100.txt
2060s,7100,Novec_7100,6.611,10.4,0.0,55.4,1372.0,57.1,2060s_7100.txt
2060s,7100,Novec_7100,7.698,10.4,0.0,55.4,1372.0,56.6,2060s_7100.txt
2060s,7100,Novec_7100,8.891,11.1,0.0,55.4,1372.0,56.3,2060s_7100.txt
2060s,7100,Novec_7100,10.007,13.4,0.0,55.4,1372.0,56.9,2060s_7100.txt
2060s,7100,Novec_7100,11.093,10.8,0.0,55.4,1372.0,56.3,2060s_7100.txt
2060s,7100,Novec_7100,12.322,10.4,0.0,55.4,1372.0,55.9,2060s_7100.txt
2060s,7100,Novec_7100,13.434,10.6,0.0,55.4,1372.0,55.8,2060s_7100.txt
2060s,7100,Novec_7100,1.092,18.2,0.0,56.6,1372.0,61.2,2060s_7100.txt
2060s,7100,Novec_7100,2.188,16.8,0.0,56.6,1372.0,61.8,2060s_7100.txt
2060s,7100,Novec_7100,3.312,9.7,0.0,56.6,1372.0,58.8,2060s_7100.txt
2060s,7100,Novec_7100,4.401,10.2,0.0,56.6,1372.0,57.4,2060s_7100.txt
2060s,7100,Novec_7100,5.489,9.7,0.0,56.6,1372.0,56.7,2060s_7100.txt
2060s,7100,Novec_7100,6.62,9.9,0.0,56.6,1372.0,56.1,2060s_7100.txt
2060s,7100,Novec_7100,7.701,9.6,0.0,56.6,1372.0,55.9,2060s_7100.txt
2060s,7100,Novec_7100,8.79,10.5,0.0,56.6,1372.0,55.6,2060s_7100.txt
2060s,7100,Novec_7100,9.879,9.7,0.0,56.6,1372.0,55.6,2060s_7100.txt
2060s,7100,Novec_7100,11.121,11.0,0.0,56.6,1372.0,56.0,2060s_7100.txt
2060s,7100,Novec_7100,12.184,10.2,0.0,56.6,1372.0,55.8,2060s_7100.txt
2060s,7100,Novec_7100,13.318,11.3,0.0,56.6,1372.0,55.7,2060s_7100.txt
2060s,7100,Novec_7100,1.053,11.8,0.0,55.6,1372.0,56.4,2060s_7100.txt
2060s,7100,Novec_7100,2.152,11.4,0.0,55.6,1372.0,55.8,2060s_7100.txt
2060s,7100,Novec_7100,3.248,10.3,0.0,55.6,1372.0,55.6,2060s_7100.txt
2060s,7100,Novec_7100,4.333,11.9,0.0,55.6,1372.0,56.0,2060s_7100.txt
2060s,7100,Novec_7100,5.45,20.8,0.0,55.6,1372.0,59.2,2060s_7100.txt
2060s,7100,Novec_7100,6.554,15.9,0.0,55.6,1372.0,60.9,2060s_7100.txt
2060s,7100,Novec_7100,7.659,13.9,0.0,55.6,1372.0,59.9,2060s_7100.txt
2060s,7100,Novec_7100,8.762,18.2,0.0,55.6,1372.0,63.3,2060s_7100.txt
2060s,7100,Novec_7100,9.857,18.3,0.0,55.6,1372.0,64.2,2060s_7100.txt
2060s,7100,Novec_7100,10.961,14.6,0.0,55.6,1372.0,63.5,2060s_7100.txt
2060s,7100,Novec_7100,12.066,13.8,0.0,55.6,1372.0,62.1,2060s_7100.txt
2060s,7100,Novec_7100,13.207,11.1,0.0,55.6,1372.0,60.1,2060s_7100.txt
2060s,7100,Novec_7100,14.286,9.9,0.0,55.6,1372.0,58.5,2060s_7100.txt
2060s,7100,Novec_7100,1.11,11.9,0.0,57.6,1372.0,57.2,2060s_7100.txt
2060s,7100,Novec_7100,2.225,12.1,0.0,57.6,1372.0,57.3,2060s_7100.txt
2060s,7100,Novec_7100,3.335,10.2,0.0,57.6,1372.0,56.7,2060s_7100.txt
2060s,7100,Novec_7100,4.521,10.6,0.0,57.6,1372.0,56.1,2060s_7100.txt
2060s,7100,Novec_7100,5.6129999999999995,11.4,0.0,57.6,1372.0,56.4,2060s_7100.txt
2060s,7100,Novec_7100,6.7059999999999995,16.4,0.0,57.6,1372.0,61.0,2060s_7100.txt
2060s,7100,Novec_7100,7.813,15.8,0.0,57.6,1372.0,61.2,2060s_7100.txt
2060s,7100,Novec_7100,8.934,13.3,0.0,57.6,1372.0,59.9,2060s_7100.txt
2060s,7100,Novec_7100,10.002,16.8,0.0,57.6,1372.0,62.4,2060s_7100.txt
2060s,7100,Novec_7100,11.098,18.9,0.0,57.6,1372.0,64.0,2060s_7100.txt
2060s,7100,Novec_7100,12.409,30.4,0.0,57.6,1372.0,67.8,2060s_7100.txt
2060s,7100,Novec_7100,13.528,22.9,0.0,57.6,1372.0,68.2,2060s_7100.txt
2060s,7100,Novec_7100,14.62,18.2,0.0,57.6,1372.0,67.9,2060s_7100.txt
2060s,7100,Novec_7100,1.1320000000000001,13.2,0.0,65.0,1372.0,62.2,2060s_7100.txt
2060s,7100,Novec_7100,2.332,10.8,0.0,65.0,1372.0,60.3,2060s_7100.txt
2060s,7100,Novec_7100,3.525,10.3,0.0,65.0,1372.0,58.7,2060s_7100.txt
2060s,7100,Novec_7100,4.6850000000000005,12.9,0.0,65.0,1372.0,58.0,2060s_7100.txt
2060s,7100,Novec_7100,5.742,12.2,0.0,65.0,1372.0,57.7,2060s_7100.txt
2060s,7100,Novec_7100,6.853,12.6,0.0,65.0,1372.0,58.2,2060s_7100.txt
2060s,7100,Novec_7100,7.966,12.5,0.0,65.0,1372.0,57.8,2060s_7100.txt
2060s,7100,Novec_7100,9.068,13.0,0.0,65.0,1372.0,57.7,2060s_7100.txt
2060s,7100,Novec_7100,10.172,16.4,0.0,65.0,1372.0,58.4,2060s_7100.txt
2060s,7100,Novec_7100,11.268,17.5,0.0,65.0,1372.0,61.9,2060s_7100.txt
2060s,7100,Novec_7100,12.357,20.5,0.0,65.0,1372.0,64.5,2060s_7100.txt
2060s,7100,Novec_7100,13.546,27.6,0.0,65.0,1372.0,67.2,2060s_7100.txt
2060s,7100,Novec_7100,1.193,40.2,0.0,68.3,1372.0,71.8,2060s_7100.txt
2060s,7100,Novec_7100,2.198,88.4,0.0,68.3,1372.0,82.8,2060s_7100.txt
2060s,7100,Novec_7100,3.316,49.9,0.0,68.3,1372.0,82.3,2060s_7100.txt
2060s,7100,Novec_7100,4.429,20.2,0.0,68.3,1372.0,78.2,2060s_7100.txt
2060s,7100,Novec_7100,5.612,17.8,0.0,68.3,1372.0,70.8,2060s_7100.txt
2060s,7100,Novec_7100,6.7219999999999995,12.6,0.0,68.3,1372.0,66.0,2060s_7100.txt
2060s,7100,Novec_7100,7.833,13.9,0.0,68.3,1372.0,62.8,2060s_7100.txt
2060s,7100,Novec_7100,8.926,11.8,0.0,68.3,1372.0,61.2,2060s_7100.txt
2060s,7100,Novec_7100,10.235,11.3,0.0,68.3,1372.0,59.2,2060s_7100.txt
2060s,7100,Novec_7100,11.471,13.0,0.0,68.3,1372.0,58.3,2060s_7100.txt
2060s,7100,Novec_7100,12.543,12.2,0.0,68.3,1372.0,58.4,2060s_7100.txt
2060s,7100,Novec_7100,13.615,18.1,0.0,68.3,1372.0,62.1,2060s_7100.txt
2060s,7100,Novec_7100,1.089,19.7,0.0,64.0,1372.0,65.0,2060s_7100.txt
2060s,7100,Novec_7100,2.208,21.2,0.0,64.0,1372.0,66.7,2060s_7100.txt
2060s,7100,Novec_7100,3.316,25.2,0.0,64.0,1372.0,69.3,2060s_7100.txt
2060s,7100,Novec_7100,4.517,79.8,0.0,64.0,1372.0,83.2,2060s_7100.txt
2060s,7100,Novec_7100,5.631,48.6,0.0,64.0,1372.0,83.3,2060s_7100.txt
2060s,7100,Novec_7100,6.753,66.9,0.0,64.0,1372.0,85.2,2060s_7100.txt
2060s,7100,Novec_7100,7.839,67.0,0.0,64.0,1372.0,87.4,2060s_7100.txt
2060s,7100,Novec_7100,8.941,39.4,0.0,64.0,1372.0,84.1,2060s_7100.txt
2060s,7100,Novec_7100,10.137,41.7,0.0,64.0,1372.0,82.6,2060s_7100.txt
2060s,7100,Novec_7100,11.263,18.0,0.0,64.0,1372.0,73.9,2060s_7100.txt
2060s,7100,Novec_7100,12.446,14.0,0.0,64.0,1372.0,68.2,2060s_7100.txt
2060s,7100,Novec_7100,13.546,11.7,0.0,64.0,1372.0,63.5,2060s_7100.txt
2060s,7100,Novec_7100,1.131,10.3,0.0,60.3,1372.0,58.6,2060s_7100.txt
2060s,7100,Novec_7100,2.193,13.2,0.0,60.3,1372.0,57.9,2060s_7100.txt
2060s,7100,Novec_7100,3.419,11.0,0.0,60.3,1372.0,56.8,2060s_7100.txt
2060s,7100,Novec_7100,4.483,10.0,0.0,60.3,1372.0,56.2,2060s_7100.txt
2060s,7100,Novec_7100,5.609,9.7,0.0,60.3,1372.0,55.7,2060s_7100.txt
2060s,7100,Novec_7100,6.819,10.3,0.0,60.3,1372.0,55.6,2060s_7100.txt
2060s,7100,Novec_7100,8.036,10.2,0.0,60.3,1372.0,55.8,2060s_7100.txt
2060s,7100,Novec_7100,9.11,10.7,0.0,60.3,1372.0,55.6,2060s_7100.txt
2060s,7100,Novec_7100,10.235,9.8,0.0,60.3,1372.0,55.3,2060s_7100.txt
2060s,7100,Novec_7100,11.309,14.7,0.0,60.3,1372.0,57.1,2060s_7100.txt
2060s,7100,Novec_7100,12.416,13.9,0.0,60.3,1372.0,59.3,2060s_7100.txt
2060s,7100,Novec_7100,13.623,18.4,0.0,60.3,1372.0,60.9,2060s_7100.txt
2060s,7100,Novec_7100,14.716,13.6,0.0,60.3,1372.0,62.1,2060s_7100.txt
2060s,7100,Novec_7100,1.111,13.5,0.0,61.7,1372.0,61.4,2060s_7100.txt
2060s,7100,Novec_7100,2.228,9.9,0.0,61.7,1372.0,58.9,2060s_7100.txt
2060s,7100,Novec_7100,3.311,11.1,0.0,61.7,1372.0,57.6,2060s_7100.txt
2060s,7100,Novec_7100,4.503,11.4,0.0,61.7,1372.0,57.2,2060s_7100.txt
2060s,7100,Novec_7100,5.6129999999999995,10.6,0.0,61.7,1372.0,56.4,2060s_7100.txt
2060s,7100,Novec_7100,6.74,9.0,0.0,61.7,1372.0,55.7,2060s_7100.txt
2060s,7100,Novec_7100,7.849,10.3,0.0,61.7,1372.0,55.6,2060s_7100.txt
2060s,7100,Novec_7100,8.917,13.6,0.0,61.7,1372.0,56.2,2060s_7100.txt
2060s,7100,Novec_7100,10.027,17.3,0.0,61.7,1372.0,60.3,2060s_7100.txt
2060s,7100,Novec_7100,11.108,15.6,0.0,61.7,1372.0,61.0,2060s_7100.txt
2060s,7100,Novec_7100,12.22,13.8,0.0,61.7,1372.0,59.6,2060s_7100.txt
2060s,7100,Novec_7100,13.322,11.0,0.0,61.7,1372.0,58.2,2060s_7100.txt
2060s,7100,Novec_7100,1.105,14.4,0.0,58.0,1372.0,60.0,2060s_7100.txt
2060s,7100,Novec_7100,2.225,19.7,0.0,58.0,1372.0,61.8,2060s_7100.txt
2060s,7100,Novec_7100,3.324,24.5,0.0,58.0,1372.0,64.2,2060s_7100.txt
2060s,7100,Novec_7100,4.436,14.9,0.0,58.0,1372.0,63.4,2060s_7100.txt
2060s,7100,Novec_7100,5.523,15.1,0.0,58.0,1372.0,62.4,2060s_7100.txt
2060s,7100,Novec_7100,6.643,10.0,0.0,58.0,1372.0,59.5,2060s_7100.txt
2060s,7100,Novec_7100,7.734,10.7,0.0,58.0,1372.0,57.9,2060s_7100.txt
2060s,7100,Novec_7100,8.955,11.0,0.0,58.0,1372.0,57.3,2060s_7100.txt
2060s,7100,Novec_7100,10.016,12.2,0.0,58.0,1372.0,57.0,2060s_7100.txt
2060s,7100,Novec_7100,11.114,10.9,0.0,58.0,1372.0,56.6,2060s_7100.txt
2060s,7100,Novec_7100,12.207,22.9,0.0,58.0,1372.0,61.3,2060s_7100.txt
2060s,7100,Novec_7100,13.333,23.4,0.0,58.0,1372.0,65.0,2060s_7100.txt
2060s,7100,Novec_7100,14.431,16.1,0.0,58.0,1372.0,63.8,2060s_7100.txt
2060s,7100,Novec_7100,1.109,12.7,0.0,62.8,1372.0,60.0,2060s_7100.txt
2060s,7100,Novec_7100,2.26,11.9,0.0,62.8,1372.0,58.9,2060s_7100.txt
2060s,7100,Novec_7100,3.409,18.5,0.0,62.8,1372.0,61.1,2060s_7100.txt
2060s,7100,Novec_7100,4.523,19.8,0.0,62.8,1372.0,63.9,2060s_7100.txt
2060s,7100,Novec_7100,5.626,22.0,0.0,62.8,1372.0,65.9,2060s_7100.txt
2060s,7100,Novec_7100,6.719,34.0,0.0,62.8,1372.0,70.1,2060s_7100.txt
2060s,7100,Novec_7100,7.833,21.9,0.0,62.8,1372.0,69.0,2060s_7100.txt
2060s,7100,Novec_7100,8.924,17.4,0.0,62.8,1372.0,66.9,2060s_7100.txt
2060s,7100,Novec_7100,10.02,15.6,0.0,62.8,1372.0,65.4,2060s_7100.txt
2060s,7100,Novec_7100,11.133,11.4,0.0,62.8,1372.0,62.0,2060s_7100.txt
2060s,7100,Novec_7100,12.334,13.0,0.0,62.8,1372.0,60.2,2060s_7100.txt
2060s,7100,Novec_7100,13.451,9.9,0.0,62.8,1372.0,58.5,2060s_7100.txt
2060s,7100,Novec_7100,1.113,14.1,0.0,57.6,1372.0,58.7,2060s_7100.txt
2060s,7100,Novec_7100,2.22,18.0,0.0,57.6,1372.0,61.8,2060s_7100.txt
2060s,7100,Novec_7100,3.3529999999999998,15.0,0.0,57.6,1372.0,60.4,2060s_7100.txt
2060s,7100,Novec_7100,4.431,15.2,0.0,57.6,1372.0,59.8,2060s_7100.txt
2060s,7100,Novec_7100,5.527,19.6,0.0,57.6,1372.0,61.0,2060s_7100.txt
2060s,7100,Novec_7100,6.633,18.5,0.0,57.6,1372.0,62.4,2060s_7100.txt
2060s,7100,Novec_7100,7.71,21.2,0.0,57.6,1372.0,63.3,2060s_7100.txt
2060s,7100,Novec_7100,8.938,33.1,0.0,57.6,1372.0,71.9,2060s_7100.txt
2060s,7100,Novec_7100,10.055,37.4,0.0,57.6,1372.0,73.9,2060s_7100.txt
2060s,7100,Novec_7100,11.158,31.2,0.0,57.6,1372.0,74.2,2060s_7100.txt
2060s,7100,Novec_7100,12.253,39.7,0.0,57.6,1372.0,81.9,2060s_7100.txt
2060s,7100,Novec_7100,13.342,43.7,0.0,57.6,1372.0,81.9,2060s_7100.txt
2060s,7100,Novec_7100,1.106,16.1,0.0,73.7,1372.0,68.6,2060s_7100.txt
2060s,7100,Novec_7100,2.351,15.7,0.0,73.7,1372.0,64.5,2060s_7100.txt
2060s,7100,Novec_7100,3.434,16.0,0.0,73.7,1372.0,64.5,2060s_7100.txt
2060s,7100,Novec_7100,4.542,18.4,0.0,73.7,1372.0,64.9,2060s_7100.txt
2060s,7100,Novec_7100,5.631,21.0,0.0,73.7,1372.0,66.4,2060s_7100.txt
2060s,7100,Novec_7100,6.724,20.6,0.0,73.7,1372.0,66.5,2060s_7100.txt
2060s,7100,Novec_7100,7.823,27.1,0.0,73.7,1372.0,68.4,2060s_7100.txt
2060s,7100,Novec_7100,8.905,26.9,0.0,73.7,1372.0,72.0,2060s_7100.txt
2060s,7100,Novec_7100,10.01,40.2,0.0,73.7,1372.0,74.3,2060s_7100.txt
2060s,7100,Novec_7100,11.138,83.3,0.0,73.7,1372.0,85.4,2060s_7100.txt
2060s,7100,Novec_7100,12.328,42.1,0.0,73.7,1372.0,82.4,2060s_7100.txt
2060s,7100,Novec_7100,13.426,65.8,0.0,73.7,1372.0,84.6,2060s_7100.txt
2060s,7100,Novec_7100,14.561,88.8,0.0,73.7,1372.0,87.9,2060s_7100.txt
2060s,7100,Novec_7100,1.093,46.1,0.0,88.3,1372.0,82.1,2060s_7100.txt
2060s,7100,Novec_7100,2.198,27.3,0.0,88.3,1372.0,78.9,2060s_7100.txt
2060s,7100,Novec_7100,3.303,19.1,0.0,88.3,1372.0,71.8,2060s_7100.txt
2060s,7100,Novec_7100,4.405,20.8,0.0,88.3,1372.0,70.1,2060s_7100.txt
2060s,7100,Novec_7100,5.516,40.7,0.0,88.3,1372.0,74.7,2060s_7100.txt
2060s,7100,Novec_7100,6.605,44.4,0.0,88.3,1372.0,77.9,2060s_7100.txt
2060s,7100,Novec_7100,7.71,38.2,0.0,88.3,1372.0,78.9,2060s_7100.txt
2060s,7100,Novec_7100,8.915,31.3,0.0,88.3,1372.0,75.8,2060s_7100.txt
2060s,7100,Novec_7100,10.021,97.0,0.0,88.3,1372.0,83.3,2060s_7100.txt
2060s,7100,Novec_7100,11.11,72.9,0.0,88.3,1372.0,86.5,2060s_7100.txt
2060s,7100,Novec_7100,12.215,51.0,0.0,88.3,1372.0,83.3,2060s_7100.txt
2060s,7100,Novec_7100,13.423,102.5,0.0,88.3,1372.0,89.1,2060s_7100.txt
2060s,7100,Novec_7100,1.123,59.5,0.0,86.8,1372.0,85.7,2060s_7100.txt
2060s,7100,Novec_7100,2.23,84.8,0.0,86.8,1372.0,88.8,2060s_7100.txt
2060s,7100,Novec_7100,3.335,87.7,0.0,86.8,1372.0,88.0,2060s_7100.txt
2060s,7100,Novec_7100,4.434,87.7,0.0,86.8,1372.0,88.3,2060s_7100.txt
2060s,7100,Novec_7100,5.546,45.6,0.0,86.8,1372.0,84.8,2060s_7100.txt
2060s,7100,Novec_7100,6.648,50.0,0.0,86.8,1372.0,83.3,2060s_7100.txt
2060s,7100,Novec_7100,7.86,18.2,0.0,86.8,1372.0,74.1,2060s_7100.txt
2060s,7100,Novec_7100,9.136,10.9,0.0,86.8,1372.0,66.1,2060s_7100.txt
2060s,7100,Novec_7100,10.209,12.6,0.0,86.8,1372.0,62.7,2060s_7100.txt
2060s,7100,Novec_7100,11.273,17.0,0.0,86.8,1372.0,63.2,2060s_7100.txt
2060s,7100,Novec_7100,12.368,16.7,0.0,86.8,1372.0,64.0,2060s_7100.txt
2060s,7100,Novec_7100,13.478,11.1,0.0,86.8,1372.0,61.6,2060s_7100.txt
2060s,7100,Novec_7100,14.69,10.3,0.0,86.8,1372.0,59.0,2060s_7100.txt
2060s,7100,Novec_7100,1.113,10.6,0.0,57.9,1372.0,57.4,2060s_7100.txt
2060s,7100,Novec_7100,2.166,12.5,0.0,57.9,1372.0,57.4,2060s_7100.txt
2060s,7100,Novec_7100,3.273,14.8,0.0,57.9,1372.0,60.4,2060s_7100.txt
2060s,7100,Novec_7100,4.389,16.6,0.0,57.9,1372.0,62.3,2060s_7100.txt
2060s,7100,Novec_7100,5.4719999999999995,14.8,0.0,57.9,1372.0,63.3,2060s_7100.txt
2060s,7100,Novec_7100,6.574,16.6,0.0,57.9,1372.0,63.8,2060s_7100.txt
2060s,7100,Novec_7100,7.79,17.6,0.0,57.9,1372.0,64.9,2060s_7100.txt
2060s,7100,Novec_7100,8.897,19.6,0.0,57.9,1372.0,67.3,2060s_7100.txt
2060s,7100,Novec_7100,9.987,20.0,0.0,57.9,1372.0,67.4,2060s_7100.txt
2060s,7100,Novec_7100,11.089,14.3,0.0,57.9,1372.0,64.8,2060s_7100.txt
2060s,7100,Novec_7100,12.198,15.0,0.0,57.9,1372.0,64.5,2060s_7100.txt
2060s,7100,Novec_7100,13.298,13.8,0.0,57.9,1372.0,63.3,2060s_7100.txt
2060s,7100,Novec_7100,1.306,11.9,0.0,60.6,1372.0,59.0,2060s_7100.txt
2060s,7100,Novec_7100,2.39,23.0,0.0,60.6,1372.0,63.9,2060s_7100.txt
2060s,7100,Novec_7100,3.476,30.7,0.0,60.6,1372.0,67.0,2060s_7100.txt
2060s,7100,Novec_7100,4.564,16.2,0.0,60.6,1372.0,65.3,2060s_7100.txt
2060s,7100,Novec_7100,5.664,17.5,0.0,60.6,1372.0,65.0,2060s_7100.txt
2060s,7100,Novec_7100,6.812,16.7,0.0,60.6,1372.0,63.3,2060s_7100.txt
2060s,7100,Novec_7100,7.862,20.9,0.0,60.6,1372.0,67.3,2060s_7100.txt
2060s,7100,Novec_7100,8.957,24.3,0.0,60.6,1372.0,69.3,2060s_7100.txt
2060s,7100,Novec_7100,10.074,57.4,0.0,60.6,1372.0,75.4,2060s_7100.txt
2060s,7100,Novec_7100,11.151,45.4,0.0,60.6,1372.0,80.0,2060s_7100.txt
2060s,7100,Novec_7100,12.267,18.6,0.0,60.6,1372.0,74.8,2060s_7100.txt
2060s,7100,Novec_7100,13.356,17.1,0.0,60.6,1372.0,69.7,2060s_7100.txt
2060s,7100,Novec_7100,14.487,14.3,0.0,60.6,1372.0,66.4,2060s_7100.txt
2060s,7100,Novec_7100,1.137,11.4,0.0,63.6,1372.0,61.1,2060s_7100.txt
2060s,7100,Novec_7100,2.225,12.4,0.0,63.6,1372.0,59.7,2060s_7100.txt
2060s,7100,Novec_7100,3.315,15.5,0.0,63.6,1372.0,61.3,2060s_7100.txt
2060s,7100,Novec_7100,4.43,18.9,0.0,63.6,1372.0,63.1,2060s_7100.txt
2060s,7100,Novec_7100,5.509,22.7,0.0,63.6,1372.0,64.9,2060s_7100.txt
2060s,7100,Novec_7100,6.61,27.0,0.0,63.6,1372.0,67.5,2060s_7100.txt
2060s,7100,Novec_7100,7.707,20.7,0.0,63.6,1372.0,67.2,2060s_7100.txt
2060s,7100,Novec_7100,8.798,22.5,0.0,63.6,1372.0,68.8,2060s_7100.txt
2060s,7100,Novec_7100,9.998,29.1,0.0,63.6,1372.0,72.5,2060s_7100.txt
2060s,7100,Novec_7100,11.097,32.4,0.0,63.6,1372.0,72.9,2060s_7100.txt
2060s,7100,Novec_7100,12.196,39.1,0.0,63.6,1372.0,77.9,2060s_7100.txt
2060s,7100,Novec_7100,13.308,35.9,0.0,63.6,1372.0,79.7,2060s_7100.txt
2060s,7100,Novec_7100,1.193,21.1,0.0,73.3,1372.0,70.0,2060s_7100.txt
2060s,7100,Novec_7100,2.421,13.6,0.0,73.3,1372.0,65.8,2060s_7100.txt
2060s,7100,Novec_7100,3.646,12.7,0.0,73.3,1372.0,62.5,2060s_7100.txt
2060s,7100,Novec_7100,4.743,17.8,0.0,73.3,1372.0,61.8,2060s_7100.txt
2060s,7100,Novec_7100,5.816,20.9,0.0,73.3,1372.0,65.1,2060s_7100.txt
2060s,7100,Novec_7100,6.929,23.2,0.0,73.3,1372.0,66.7,2060s_7100.txt
2060s,7100,Novec_7100,8.045,20.7,0.0,73.3,1372.0,67.1,2060s_7100.txt
2060s,7100,Novec_7100,9.13,24.6,0.0,73.3,1372.0,67.9,2060s_7100.txt
2060s,7100,Novec_7100,10.332,30.4,0.0,73.3,1372.0,71.4,2060s_7100.txt
2060s,7100,Novec_7100,11.419,41.0,0.0,73.3,1372.0,73.1,2060s_7100.txt
2060s,7100,Novec_7100,12.535,35.2,0.0,73.3,1372.0,74.4,2060s_7100.txt
2060s,7100,Novec_7100,13.621,46.2,0.0,73.3,1372.0,81.6,2060s_7100.txt
2060s,7100,Novec_7100,1.099,66.1,0.0,83.4,1372.0,83.4,2060s_7100.txt
2060s,7100,Novec_7100,2.308,97.3,0.0,83.4,1372.0,89.4,2060s_7100.txt
2060s,7100,Novec_7100,3.441,39.5,0.0,83.4,1372.0,84.3,2060s_7100.txt
2060s,7100,Novec_7100,4.496,48.5,0.0,83.4,1372.0,83.2,2060s_7100.txt
2060s,7100,Novec_7100,5.71,22.9,0.0,83.4,1372.0,77.0,2060s_7100.txt
2060s,7100,Novec_7100,6.824,19.2,0.0,83.4,1372.0,71.4,2060s_7100.txt
2060s,7100,Novec_7100,7.923,21.5,0.0,83.4,1372.0,69.9,2060s_7100.txt
2060s,7100,Novec_7100,9.038,20.4,0.0,83.4,1372.0,69.6,2060s_7100.txt
2060s,7100,Novec_7100,10.15,25.1,0.0,83.4,1372.0,69.9,2060s_7100.txt
2060s,7100,Novec_7100,11.24,51.9,0.0,83.4,1372.0,73.7,2060s_7100.txt
2060s,7100,Novec_7100,12.344,35.0,0.0,83.4,1372.0,75.0,2060s_7100.txt
2060s,7100,Novec_7100,13.44,45.7,0.0,83.4,1372.0,75.9,2060s_7100.txt
2060s,7100,Novec_7100,14.782,98.8,0.0,83.4,1372.0,85.0,2060s_7100.txt
2060s,7100,Novec_7100,1.097,88.1,0.0,83.7,1372.0,88.2,2060s_7100.txt
2060s,7100,Novec_7100,2.279,38.3,0.0,83.7,1372.0,84.8,2060s_7100.txt
2060s,7100,Novec_7100,3.306,54.0,0.0,83.7,1372.0,86.3,2060s_7100.txt
2060s,7100,Novec_7100,4.395,49.1,0.0,83.7,1372.0,85.3,2060s_7100.txt
2060s,7100,Novec_7100,5.5,77.9,0.0,83.7,1372.0,88.2,2060s_7100.txt
2060s,7100,Novec_7100,6.583,83.0,0.0,83.7,1372.0,88.3,2060s_7100.txt
2060s,7100,Novec_7100,7.745,80.8,0.0,83.7,1372.0,87.7,2060s_7100.txt
2060s,7100,Novec_7100,8.787,65.3,0.0,83.7,1372.0,88.4,2060s_7100.txt
2060s,7100,Novec_7100,9.898,51.2,0.0,83.7,1372.0,83.8,2060s_7100.txt
2060s,7100,Novec_7100,11.003,71.8,0.0,83.7,1372.0,84.8,2060s_7100.txt
2060s,7100,Novec_7100,12.111,21.6,0.0,83.7,1372.0,75.9,2060s_7100.txt
2060s,7100,Novec_7100,13.199,20.9,0.0,83.7,1372.0,71.6,2060s_7100.txt
2060s,7100,Novec_7100,1.098,104.9,0.0,70.8,1372.0,82.8,2060s_7100.txt
2060s,7100,Novec_7100,2.195,54.1,0.0,70.8,1372.0,81.8,2060s_7100.txt
2060s,7100,Novec_7100,3.273,44.2,0.0,70.8,1372.0,81.8,2060s_7100.txt
2060s,7100,Novec_7100,4.495,49.0,0.0,70.8,1372.0,84.9,2060s_7100.txt
2060s,7100,Novec_7100,5.596,64.2,0.0,70.8,1372.0,85.6,2060s_7100.txt
2060s,7100,Novec_7100,6.709,45.1,0.0,70.8,1372.0,86.4,2060s_7100.txt
2060s,7100,Novec_7100,7.812,59.6,0.0,70.8,1372.0,88.0,2060s_7100.txt
2060s,7100,Novec_7100,8.919,48.8,0.0,70.8,1372.0,85.5,2060s_7100.txt
2060s,7100,Novec_7100,10.019,61.8,0.0,70.8,1372.0,86.1,2060s_7100.txt
2060s,7100,Novec_7100,11.108,84.2,0.0,70.8,1372.0,88.1,2060s_7100.txt
2060s,7100,Novec_7100,12.198,78.5,0.0,70.8,1372.0,89.0,2060s_7100.txt
2060s,7100,Novec_7100,13.417,78.5,0.0,70.8,1372.0,88.2,2060s_7100.txt
2060s,7100,Novec_7100,14.633,58.3,0.0,70.8,1372.0,84.9,2060s_7100.txt
2060s,7100,Novec_7100,1.1,98.9,0.0,85.5,1372.0,88.6,2060s_7100.txt
2060s,7100,Novec_7100,2.206,66.6,0.0,85.5,1372.0,86.5,2060s_7100.txt
2060s,7100,Novec_7100,3.297,87.1,0.0,85.5,1372.0,88.3,2060s_7100.txt
2060s,7100,Novec_7100,4.425,83.6,0.0,85.5,1372.0,87.9,2060s_7100.txt
2060s,7100,Novec_7100,5.527,76.7,0.0,85.5,1372.0,87.8,2060s_7100.txt
2060s,7100,Novec_7100,6.625,91.6,0.0,85.5,1372.0,88.7,2060s_7100.txt
2060s,7100,Novec_7100,7.728,73.6,0.0,85.5,1372.0,87.9,2060s_7100.txt
2060s,7100,Novec_7100,8.848,47.5,0.0,85.5,1372.0,85.3,2060s_7100.txt
2060s,7100,Novec_7100,9.933,49.7,0.0,85.5,1372.0,82.9,2060s_7100.txt
2060s,7100,Novec_7100,11.03,18.0,0.0,85.5,1372.0,74.2,2060s_7100.txt
2060s,7100,Novec_7100,12.262,15.0,0.0,85.5,1372.0,68.3,2060s_7100.txt
2060s,7100,Novec_7100,13.464,11.4,0.0,85.5,1372.0,64.3,2060s_7100.txt
2060s,7100,Novec_7100,1.101,10.7,0.0,61.1,1372.0,59.6,2060s_7100.txt
2060s,7100,Novec_7100,2.198,12.4,0.0,61.1,1372.0,58.8,2060s_7100.txt
2060s,7100,Novec_7100,3.331,11.0,0.0,61.1,1372.0,58.8,2060s_7100.txt
2060s,7100,Novec_7100,4.41,15.5,0.0,61.1,1372.0,61.3,2060s_7100.txt
2060s,7100,Novec_7100,5.527,16.7,0.0,61.1,1372.0,62.8,2060s_7100.txt
2060s,7100,Novec_7100,6.608,19.1,0.0,61.1,1372.0,64.6,2060s_7100.txt
2060s,7100,Novec_7100,7.704,17.4,0.0,61.1,1372.0,64.3,2060s_7100.txt
2060s,7100,Novec_7100,8.812,21.5,0.0,61.1,1372.0,66.1,2060s_7100.txt
2060s,7100,Novec_7100,9.917,19.4,0.0,61.1,1372.0,67.1,2060s_7100.txt
2060s,7100,Novec_7100,11.023,19.5,0.0,61.1,1372.0,68.1,2060s_7100.txt
2060s,7100,Novec_7100,12.143,33.3,0.0,61.1,1372.0,73.5,2060s_7100.txt
2060s,7100,Novec_7100,13.392,49.8,0.0,61.1,1372.0,81.7,2060s_7100.txt
2060s,7100,Novec_7100,1.096,18.0,0.0,82.8,1372.0,72.5,2060s_7100.txt
2060s,7100,Novec_7100,2.311,17.7,0.0,82.8,1372.0,68.4,2060s_7100.txt
2060s,7100,Novec_7100,3.421,19.1,0.0,82.8,1372.0,67.3,2060s_7100.txt
2060s,7100,Novec_7100,4.628,14.3,0.0,82.8,1372.0,63.6,2060s_7100.txt
2060s,7100,Novec_7100,5.723,12.6,0.0,82.8,1372.0,61.5,2060s_7100.txt
2060s,7100,Novec_7100,6.85,14.2,0.0,82.8,1372.0,60.5,2060s_7100.txt
2060s,7100,Novec_7100,7.949,19.6,0.0,82.8,1372.0,64.1,2060s_7100.txt
2060s,7100,Novec_7100,9.059,21.8,0.0,82.8,1372.0,66.2,2060s_7100.txt
2060s,7100,Novec_7100,10.135,19.3,0.0,82.8,1372.0,66.6,2060s_7100.txt
2060s,7100,Novec_7100,11.23,23.9,0.0,82.8,1372.0,67.6,2060s_7100.txt
2060s,7100,Novec_7100,12.461,34.2,0.0,82.8,1372.0,71.0,2060s_7100.txt
2060s,7100,Novec_7100,13.54,48.2,0.0,82.8,1372.0,78.9,2060s_7100.txt
2060s,7100,Novec_7100,14.644,38.6,0.0,82.8,1372.0,80.3,2060s_7100.txt
2060s,7100,Novec_7100,1.052,50.5,0.0,83.2,1372.0,83.0,2060s_7100.txt
2060s,7100,Novec_7100,2.156,54.7,0.0,83.2,1372.0,83.2,2060s_7100.txt
2060s,7100,Novec_7100,3.27,18.3,0.0,83.2,1372.0,71.7,2060s_7100.txt
2060s,7100,Novec_7100,4.459,18.6,0.0,83.2,1372.0,69.0,2060s_7100.txt
2060s,7100,Novec_7100,5.548,21.3,0.0,83.2,1372.0,68.2,2060s_7100.txt
2060s,7100,Novec_7100,6.661,17.3,0.0,83.2,1372.0,66.7,2060s_7100.txt
2060s,7100,Novec_7100,7.768,23.8,0.0,83.2,1372.0,67.0,2060s_7100.txt
2060s,7100,Novec_7100,8.855,22.6,0.0,83.2,1372.0,67.2,2060s_7100.txt
2060s,7100,Novec_7100,9.949,19.1,0.0,83.2,1372.0,66.3,2060s_7100.txt
2060s,7100,Novec_7100,11.043,23.4,0.0,83.2,1372.0,67.4,2060s_7100.txt
2060s,7100,Novec_7100,12.13,32.9,0.0,83.2,1372.0,73.4,2060s_7100.txt
2060s,7100,Novec_7100,13.285,39.6,0.0,83.2,1372.0,74.8,2060s_7100.txt
2060s,7100,Novec_7100,1.09,50.8,0.0,81.4,1372.0,83.1,2060s_7100.txt
2060s,7100,Novec_7100,2.189,64.9,0.0,81.4,1372.0,85.5,2060s_7100.txt
2060s,7100,Novec_7100,3.283,49.1,0.0,81.4,1372.0,86.1,2060s_7100.txt
2060s,7100,Novec_7100,4.374,81.7,0.0,81.4,1372.0,88.3,2060s_7100.txt
2060s,7100,Novec_7100,5.474,81.7,0.0,81.4,1372.0,87.8,2060s_7100.txt
2060s,7100,Novec_7100,6.607,49.1,0.0,81.4,1372.0,83.5,2060s_7100.txt
2060s,7100,Novec_7100,7.792,18.1,0.0,81.4,1372.0,78.1,2060s_7100.txt
2060s,7100,Novec_7100,8.816,18.3,0.0,81.4,1372.0,72.1,2060s_7100.txt
2060s,7100,Novec_7100,10.002,18.4,0.0,81.4,1372.0,69.0,2060s_7100.txt
2060s,7100,Novec_7100,11.094,20.9,0.0,81.4,1372.0,68.8,2060s_7100.txt
2060s,7100,Novec_7100,12.208,18.9,0.0,81.4,1372.0,67.5,2060s_7100.txt
2060s,7100,Novec_7100,13.283,19.2,0.0,81.4,1372.0,67.4,2060s_7100.txt
2060s,7100,Novec_7100,14.386,70.0,0.0,81.4,1372.0,76.3,2060s_7100.txt
2060s,7100,Novec_7100,1.101,43.9,0.0,82.3,1372.0,79.3,2060s_7100.txt
2060s,7100,Novec_7100,2.197,36.2,0.0,82.3,1372.0,84.6,2060s_7100.txt
2060s,7100,Novec_7100,3.317,75.5,0.0,82.3,1372.0,86.5,2060s_7100.txt
2060s,7100,Novec_7100,4.383,60.6,0.0,82.3,1372.0,85.4,2060s_7100.txt
2060s,7100,Novec_7100,5.481,88.4,0.0,82.3,1372.0,87.0,2060s_7100.txt
2060s,7100,Novec_7100,6.569,101.6,0.0,82.3,1372.0,86.3,2060s_7100.txt
2060s,7100,Novec_7100,7.677,59.8,0.0,82.3,1372.0,86.1,2060s_7100.txt
2060s,7100,Novec_7100,8.773,71.6,0.0,82.3,1372.0,86.9,2060s_7100.txt
2060s,7100,Novec_7100,9.875,66.6,0.0,82.3,1372.0,87.5,2060s_7100.txt
2060s,7100,Novec_7100,10.983,90.9,0.0,82.3,1372.0,89.1,2060s_7100.txt
2060s,7100,Novec_7100,12.065,71.0,0.0,82.3,1372.0,86.9,2060s_7100.txt
2060s,7100,Novec_7100,13.179,53.5,0.0,82.3,1372.0,84.1,2060s_7100.txt
2060s,7100,Novec_7100,1.195,33.6,0.0,83.9,1372.0,76.5,2060s_7100.txt
2060s,7100,Novec_7100,2.289,36.4,0.0,83.9,1372.0,76.7,2060s_7100.txt
2060s,7100,Novec_7100,3.408,61.3,0.0,83.9,1372.0,79.8,2060s_7100.txt
2060s,7100,Novec_7100,4.503,67.8,0.0,83.9,1372.0,84.8,2060s_7100.txt
2060s,7100,Novec_7100,5.61,54.9,0.0,83.9,1372.0,83.3,2060s_7100.txt
2060s,7100,Novec_7100,6.704,77.1,0.0,83.9,1372.0,86.7,2060s_7100.txt
2060s,7100,Novec_7100,7.882,48.3,0.0,83.9,1372.0,82.8,2060s_7100.txt
2060s,7100,Novec_7100,9.002,83.5,0.0,83.9,1372.0,85.1,2060s_7100.txt
2060s,7100,Novec_7100,10.11,64.0,0.0,83.9,1372.0,88.8,2060s_7100.txt
2060s,7100,Novec_7100,11.324,81.6,0.0,83.9,1372.0,87.9,2060s_7100.txt
2060s,7100,Novec_7100,12.415,65.9,0.0,83.9,1372.0,85.5,2060s_7100.txt
2060s,7100,Novec_7100,13.511,88.3,0.0,83.9,1372.0,87.4,2060s_7100.txt
2060s,7100,Novec_7100,14.62,85.3,0.0,83.9,1372.0,85.8,2060s_7100.txt
2060s,7100,Novec_7100,1.087,87.1,0.0,89.6,1372.0,88.3,2060s_7100.txt
2060s,7100,Novec_7100,2.188,81.9,0.0,89.6,1372.0,88.3,2060s_7100.txt
2060s,7100,Novec_7100,3.295,78.7,0.0,89.6,1372.0,85.4,2060s_7100.txt
2060s,7100,Novec_7100,4.416,72.8,0.0,89.6,1372.0,87.3,2060s_7100.txt
2060s,7100,Novec_7100,5.728,106.2,0.0,89.6,1372.0,90.7,2060s_7100.txt
2060s,7100,Novec_7100,6.937,64.2,0.0,89.6,1372.0,85.2,2060s_7100.txt
2060s,7100,Novec_7100,8.051,114.1,0.0,89.6,1372.0,90.1,2060s_7100.txt
2060s,7100,Novec_7100,9.148,89.2,0.0,89.6,1372.0,87.7,2060s_7100.txt
2060s,7100,Novec_7100,10.275,89.7,0.0,89.6,1372.0,88.4,2060s_7100.txt
2060s,7100,Novec_7100,11.388,30.0,0.0,89.6,1372.0,78.5,2060s_7100.txt
2060s,7100,Novec_7100,12.47,55.2,0.0,89.6,1372.0,82.2,2060s_7100.txt
2060s,7100,Novec_7100,13.676,89.2,0.0,89.6,1372.0,85.0,2060s_7100.txt
2060s,7100,Novec_7100,1.068,61.8,0.0,81.9,1372.0,83.1,2060s_7100.txt
2060s,7100,Novec_7100,2.332,58.1,0.0,81.9,1372.0,85.0,2060s_7100.txt
2060s,7100,Novec_7100,3.418,48.7,0.0,81.9,1372.0,83.3,2060s_7100.txt
2060s,7100,Novec_7100,4.523,83.9,0.0,81.9,1372.0,86.1,2060s_7100.txt
2060s,7100,Novec_7100,5.71,112.1,0.0,81.9,1372.0,88.3,2060s_7100.txt
2060s,7100,Novec_7100,6.802,73.3,0.0,81.9,1372.0,85.1,2060s_7100.txt
2060s,7100,Novec_7100,7.905,49.9,0.0,81.9,1372.0,84.1,2060s_7100.txt
2060s,7100,Novec_7100,9.016,65.7,0.0,81.9,1372.0,86.1,2060s_7100.txt
2060s,7100,Novec_7100,10.235,88.1,0.0,81.9,1372.0,87.0,2060s_7100.txt
2060s,7100,Novec_7100,11.323,74.8,0.0,81.9,1372.0,88.1,2060s_7100.txt
2060s,7100,Novec_7100,12.431,72.2,0.0,81.9,1372.0,85.6,2060s_7100.txt
2060s,7100,Novec_7100,13.553,61.8,0.0,81.9,1372.0,86.1,2060s_7100.txt
2060s,7100,Novec_7100,1.205,76.3,0.0,88.3,1372.0,87.3,2060s_7100.txt
2060s,7100,Novec_7100,2.303,67.0,0.0,88.3,1372.0,86.3,2060s_7100.txt
2060s,7100,Novec_7100,3.409,60.9,0.0,88.3,1372.0,86.5,2060s_7100.txt
2060s,7100,Novec_7100,4.501,82.6,0.0,88.3,1372.0,88.6,2060s_7100.txt
2060s,7100,Novec_7100,5.6129999999999995,92.2,0.0,88.3,1372.0,86.7,2060s_7100.txt
2060s,7100,Novec_7100,6.712,90.4,0.0,88.3,1372.0,88.5,2060s_7100.txt
2060s,7100,Novec_7100,7.8100000000000005,86.2,0.0,88.3,1372.0,88.3,2060s_7100.txt
2060s,7100,Novec_7100,8.907,52.1,0.0,88.3,1372.0,86.6,2060s_7100.txt
2060s,7100,Novec_7100,10.007,102.1,0.0,88.3,1372.0,88.7,2060s_7100.txt
2060s,7100,Novec_7100,11.162,67.1,0.0,88.3,1372.0,86.0,2060s_7100.txt
2060s,7100,Novec_7100,12.21,96.2,0.0,88.3,1372.0,88.8,2060s_7100.txt
2060s,7100,Novec_7100,13.319,94.8,0.0,88.3,1372.0,88.7,2060s_7100.txt
2060s,7100,Novec_7100,14.42,94.2,0.0,88.3,1372.0,88.8,2060s_7100.txt
2060s,7100,Novec_7100,1.098,93.0,0.0,88.1,1372.0,88.6,2060s_7100.txt
2060s,7100,Novec_7100,2.18,88.5,0.0,88.1,1372.0,88.5,2060s_7100.txt
2060s,7100,Novec_7100,3.271,96.5,0.0,88.1,1372.0,88.5,2060s_7100.txt
2060s,7100,Novec_7100,4.382,87.2,0.0,88.1,1372.0,87.9,2060s_7100.txt
2060s,7100,Novec_7100,5.48,92.7,0.0,88.1,1372.0,88.2,2060s_7100.txt
2060s,7100,Novec_7100,6.569,90.6,0.0,88.1,1372.0,88.3,2060s_7100.txt
2060s,7100,Novec_7100,7.683,88.2,0.0,88.1,1372.0,88.2,2060s_7100.txt
2060s,7100,Novec_7100,8.801,40.2,0.0,88.1,1372.0,82.4,2060s_7100.txt
2060s,7100,Novec_7100,9.896,46.4,0.0,88.1,1372.0,82.2,2060s_7100.txt
2060s,7100,Novec_7100,11.116,18.2,0.0,88.1,1372.0,72.7,2060s_7100.txt
2060s,7100,Novec_7100,12.349,14.6,0.0,88.1,1372.0,67.4,2060s_7100.txt
2060s,7100,Novec_7100,13.456,12.9,0.0,88.1,1372.0,63.7,2060s_7100.txt
2060s,7100,Novec_7100,1.12,13.2,0.0,61.2,1372.0,60.1,2060s_7100.txt
2060s,7100,Novec_7100,2.216,13.2,0.0,61.2,1372.0,59.8,2060s_7100.txt
2060s,7100,Novec_7100,3.311,16.9,0.0,61.2,1372.0,62.7,2060s_7100.txt
2060s,7100,Novec_7100,4.418,14.8,0.0,61.2,1372.0,63.1,2060s_7100.txt
2060s,7100,Novec_7100,5.517,21.5,0.0,61.2,1372.0,64.9,2060s_7100.txt
2060s,7100,Novec_7100,6.7219999999999995,20.7,0.0,61.2,1372.0,66.8,2060s_7100.txt
2060s,7100,Novec_7100,7.822,33.2,0.0,61.2,1372.0,69.7,2060s_7100.txt
2060s,7100,Novec_7100,8.918,34.7,0.0,61.2,1372.0,72.3,2060s_7100.txt
2060s,7100,Novec_7100,10.047,42.6,0.0,61.2,1372.0,81.4,2060s_7100.txt
2060s,7100,Novec_7100,11.157,57.2,0.0,61.2,1372.0,83.5,2060s_7100.txt
2060s,7100,Novec_7100,12.253,56.3,0.0,61.2,1372.0,81.0,2060s_7100.txt
2060s,7100,Novec_7100,13.389,59.0,0.0,61.2,1372.0,87.4,2060s_7100.txt
2060s,7100,Novec_7100,14.492,42.9,0.0,61.2,1372.0,81.7,2060s_7100.txt
2060s,7100,Novec_7100,1.107,18.1,0.0,76.7,1372.0,70.2,2060s_7100.txt
2060s,7100,Novec_7100,2.216,17.1,0.0,76.7,1372.0,67.7,2060s_7100.txt
2060s,7100,Novec_7100,3.306,17.1,0.0,76.7,1372.0,66.8,2060s_7100.txt
2060s,7100,Novec_7100,4.405,17.8,0.0,76.7,1372.0,65.9,2060s_7100.txt
2060s,7100,Novec_7100,5.507,19.8,0.0,76.7,1372.0,66.5,2060s_7100.txt
2060s,7100,Novec_7100,6.6,18.5,0.0,76.7,1372.0,65.8,2060s_7100.txt
2060s,7100,Novec_7100,7.694,20.4,0.0,76.7,1372.0,66.3,2060s_7100.txt
2060s,7100,Novec_7100,8.778,47.2,0.0,76.7,1372.0,72.2,2060s_7100.txt
2060s,7100,Novec_7100,9.884,32.2,0.0,76.7,1372.0,72.6,2060s_7100.txt
2060s,7100,Novec_7100,11.087,64.7,0.0,76.7,1372.0,84.4,2060s_7100.txt
2060s,7100,Novec_7100,12.2,79.7,0.0,76.7,1372.0,88.1,2060s_7100.txt
2060s,7100,Novec_7100,13.309,48.9,0.0,76.7,1372.0,83.8,2060s_7100.txt
2060s,7100,Novec_7100,1.086,67.3,0.0,85.5,1372.0,87.1,2060s_7100.txt
2060s,7100,Novec_7100,2.185,108.9,0.0,85.5,1372.0,88.0,2060s_7100.txt
2060s,7100,Novec_7100,3.287,49.1,0.0,85.5,1372.0,82.9,2060s_7100.txt
2060s,7100,Novec_7100,4.38,79.2,0.0,85.5,1372.0,85.0,2060s_7100.txt
2060s,7100,Novec_7100,5.593,18.6,0.0,85.5,1372.0,73.7,2060s_7100.txt
2060s,7100,Novec_7100,6.704,18.8,0.0,85.5,1372.0,70.4,2060s_7100.txt
2060s,7100,Novec_7100,7.803,24.9,0.0,85.5,1372.0,69.7,2060s_7100.txt
2060s,7100,Novec_7100,8.901,19.5,0.0,85.5,1372.0,69.2,2060s_7100.txt
2060s,7100,Novec_7100,9.987,24.3,0.0,85.5,1372.0,69.6,2060s_7100.txt
2060s,7100,Novec_7100,11.106,67.3,0.0,85.5,1372.0,75.0,2060s_7100.txt
2060s,7100,Novec_7100,12.211,46.8,0.0,85.5,1372.0,78.4,2060s_7100.txt
2060s,7100,Novec_7100,13.331,43.2,0.0,85.5,1372.0,79.2,2060s_7100.txt
2060s,7100,Novec_7100,14.44,112.6,0.0,85.5,1372.0,89.7,2060s_7100.txt
2060s,7100,Novec_7100,1.09,68.1,0.0,83.1,1372.0,86.4,2060s_7100.txt
2060s,7100,Novec_7100,2.241,80.8,0.0,83.1,1372.0,86.5,2060s_7100.txt
2060s,7100,Novec_7100,3.294,72.7,0.0,83.1,1372.0,86.8,2060s_7100.txt
2060s,7100,Novec_7100,4.409,70.8,0.0,83.1,1372.0,86.2,2060s_7100.txt
2060s,7100,Novec_7100,5.503,93.4,0.0,83.1,1372.0,86.7,2060s_7100.txt
2060s,7100,Novec_7100,6.585,57.9,0.0,83.1,1372.0,86.1,2060s_7100.txt
2060s,7100,Novec_7100,7.6899999999999995,90.6,0.0,83.1,1372.0,88.0,2060s_7100.txt
2060s,7100,Novec_7100,8.782,110.5,0.0,83.1,1372.0,89.0,2060s_7100.txt
2060s,7100,Novec_7100,9.871,117.9,0.0,83.1,1372.0,90.5,2060s_7100.txt
2060s,7100,Novec_7100,10.975999999999999,48.9,0.0,83.1,1372.0,84.4,2060s_7100.txt
2060s,7100,Novec_7100,12.078,55.2,0.0,83.1,1372.0,83.0,2060s_7100.txt
2060s,7100,Novec_7100,13.183,45.4,0.0,83.1,1372.0,80.5,2060s_7100.txt
2060s,7100,Novec_7100,1.1,42.3,0.0,77.3,1372.0,78.7,2060s_7100.txt
2060s,7100,Novec_7100,2.311,49.4,0.0,77.3,1372.0,82.5,2060s_7100.txt
2060s,7100,Novec_7100,3.383,65.6,0.0,77.3,1372.0,85.5,2060s_7100.txt
2060s,7100,Novec_7100,4.489,94.2,0.0,77.3,1372.0,85.6,2060s_7100.txt
2060s,7100,Novec_7100,5.781,62.5,0.0,77.3,1372.0,84.7,2060s_7100.txt
2060s,7100,Novec_7100,6.946,59.4,0.0,77.3,1372.0,85.3,2060s_7100.txt
2060s,7100,Novec_7100,8.051,76.2,0.0,77.3,1372.0,87.7,2060s_7100.txt
2060s,7100,Novec_7100,9.148,119.7,0.0,77.3,1372.0,90.2,2060s_7100.txt
2060s,7100,Novec_7100,10.357,66.8,0.0,77.3,1372.0,84.9,2060s_7100.txt
2060s,7100,Novec_7100,11.474,70.6,0.0,77.3,1372.0,86.1,2060s_7100.txt
2060s,7100,Novec_7100,12.549,85.4,0.0,77.3,1372.0,86.2,2060s_7100.txt
2060s,7100,Novec_7100,13.655,109.5,0.0,77.3,1372.0,89.4,2060s_7100.txt
2060s,7100,Novec_7100,1.102,95.4,0.0,90.3,1372.0,89.0,2060s_7100.txt
2060s,7100,Novec_7100,2.215,62.0,0.0,90.3,1372.0,85.3,2060s_7100.txt
2060s,7100,Novec_7100,3.335,58.8,0.0,90.3,1372.0,87.1,2060s_7100.txt
2060s,7100,Novec_7100,4.41,89.5,0.0,90.3,1372.0,88.6,2060s_7100.txt
2060s,7100,Novec_7100,5.509,90.0,0.0,90.3,1372.0,88.3,2060s_7100.txt
2060s,7100,Novec_7100,6.621,113.8,0.0,90.3,1372.0,90.2,2060s_7100.txt
2060s,7100,Novec_7100,7.728,86.7,0.0,90.3,1372.0,88.6,2060s_7100.txt
2060s,7100,Novec_7100,8.825,88.1,0.0,90.3,1372.0,88.6,2060s_7100.txt
2060s,7100,Novec_7100,9.919,95.2,0.0,90.3,1372.0,89.2,2060s_7100.txt
2060s,7100,Novec_7100,11.021,39.6,0.0,90.3,1372.0,83.0,2060s_7100.txt
2060s,7100,Novec_7100,12.117,64.8,0.0,90.3,1372.0,84.5,2060s_7100.txt
2060s,7100,Novec_7100,13.311,47.3,0.0,90.3,1372.0,82.0,2060s_7100.txt
2060s,7100,Novec_7100,14.416,79.5,0.0,90.3,1372.0,86.6,2060s_7100.txt
2060s,7100,Novec_7100,1.205,58.4,0.0,85.8,1372.0,84.6,2060s_7100.txt
2060s,7100,Novec_7100,2.283,77.4,0.0,85.8,1372.0,87.2,2060s_7100.txt
2060s,7100,Novec_7100,3.383,89.2,0.0,85.8,1372.0,88.3,2060s_7100.txt
2060s,7100,Novec_7100,4.643,36.3,0.0,85.8,1372.0,84.1,2060s_7100.txt
2060s,7100,Novec_7100,5.708,87.2,0.0,85.8,1372.0,87.8,2060s_7100.txt
2060s,7100,Novec_7100,6.906,68.4,0.0,85.8,1372.0,83.6,2060s_7100.txt
2060s,7100,Novec_7100,8.121,84.5,0.0,85.8,1372.0,87.6,2060s_7100.txt
2060s,7100,Novec_7100,9.213,61.7,0.0,85.8,1372.0,86.6,2060s_7100.txt
2060s,7100,Novec_7100,10.329,70.4,0.0,85.8,1372.0,88.1,2060s_7100.txt
2060s,7100,Novec_7100,11.412,70.9,0.0,85.8,1372.0,89.1,2060s_7100.txt
2060s,7100,Novec_7100,12.629,63.7,0.0,85.8,1372.0,85.8,2060s_7100.txt
2060s,7100,Novec_7100,13.74,85.6,0.0,85.8,1372.0,88.2,2060s_7100.txt
2060s,7100,Novec_7100,1.078,90.8,0.0,89.8,1372.0,88.4,2060s_7100.txt
2060s,7100,Novec_7100,2.203,55.0,0.0,89.8,1372.0,86.1,2060s_7100.txt
2060s,7100,Novec_7100,3.298,71.0,0.0,89.8,1372.0,87.3,2060s_7100.txt
2060s,7100,Novec_7100,4.407,72.6,0.0,89.8,1372.0,87.0,2060s_7100.txt
2060s,7100,Novec_7100,5.489,107.1,0.0,89.8,1372.0,89.2,2060s_7100.txt
2060s,7100,Novec_7100,6.612,90.0,0.0,89.8,1372.0,88.4,2060s_7100.txt
2060s,7100,Novec_7100,7.718,104.4,0.0,89.8,1372.0,88.6,2060s_7100.txt
2060s,7100,Novec_7100,8.818,90.7,0.0,89.8,1372.0,87.8,2060s_7100.txt
2060s,7100,Novec_7100,9.936,89.7,0.0,89.8,1372.0,88.3,2060s_7100.txt
2060s,7100,Novec_7100,11.019,92.3,0.0,89.8,1372.0,89.0,2060s_7100.txt
2060s,7100,Novec_7100,12.12,90.3,0.0,89.8,1372.0,88.9,2060s_7100.txt
2060s,7100,Novec_7100,13.225,91.3,0.0,89.8,1372.0,88.6,2060s_7100.txt
2060s,7100,Novec_7100,14.322,86.5,0.0,89.8,1372.0,88.3,2060s_7100.txt
2060s,7100,Novec_7100,1.085,92.8,0.0,90.5,1372.0,89.0,2060s_7100.txt
2060s,7100,Novec_7100,2.188,85.7,0.0,90.5,1372.0,88.4,2060s_7100.txt
2060s,7100,Novec_7100,3.301,57.9,0.0,90.5,1372.0,83.9,2060s_7100.txt
2060s,7100,Novec_7100,4.435,58.6,0.0,90.5,1372.0,81.8,2060s_7100.txt
2060s,7100,Novec_7100,5.525,78.8,0.0,90.5,1372.0,87.2,2060s_7100.txt
2060s,7100,Novec_7100,6.619,61.9,0.0,90.5,1372.0,85.3,2060s_7100.txt
2060s,7100,Novec_7100,7.708,61.5,0.0,90.5,1372.0,84.2,2060s_7100.txt
2060s,7100,Novec_7100,8.797,59.6,0.0,90.5,1372.0,86.5,2060s_7100.txt
2060s,7100,Novec_7100,10.014,96.2,0.0,90.5,1372.0,86.4,2060s_7100.txt
2060s,7100,Novec_7100,11.129,100.3,0.0,90.5,1372.0,89.1,2060s_7100.txt
2060s,7100,Novec_7100,12.227,75.4,0.0,90.5,1372.0,87.1,2060s_7100.txt
2060s,7100,Novec_7100,13.317,61.4,0.0,90.5,1372.0,85.9,2060s_7100.txt
2060s,7100,Novec_7100,1.215,61.4,0.0,86.5,1372.0,89.8,2060s_7100.txt
2060s,7100,Novec_7100,2.333,84.4,0.0,86.5,1372.0,88.5,2060s_7100.txt
2060s,7100,Novec_7100,3.517,75.6,0.0,86.5,1372.0,84.9,2060s_7100.txt
2060s,7100,Novec_7100,4.518,68.4,0.0,86.5,1372.0,87.2,2060s_7100.txt
2060s,7100,Novec_7100,5.636,105.2,0.0,86.5,1372.0,89.0,2060s_7100.txt
2060s,7100,Novec_7100,6.747,88.1,0.0,86.5,1372.0,87.6,2060s_7100.txt
2060s,7100,Novec_7100,7.861,96.1,0.0,86.5,1372.0,90.7,2060s_7100.txt
2060s,7100,Novec_7100,9.068,108.9,0.0,86.5,1372.0,90.0,2060s_7100.txt
2060s,7100,Novec_7100,10.145,91.9,0.0,86.5,1372.0,88.9,2060s_7100.txt
2060s,7100,Novec_7100,11.341,120.3,0.0,86.5,1372.0,89.5,2060s_7100.txt
2060s,7100,Novec_7100,12.548,70.7,0.0,86.5,1372.0,87.5,2060s_7100.txt
2060s,7100,Novec_7100,13.663,84.3,0.0,86.5,1372.0,85.8,2060s_7100.txt
2060s,7100,Novec_7100,1.076,56.5,0.0,89.6,1372.0,86.7,2060s_7100.txt
2060s,7100,Novec_7100,2.191,90.1,0.0,89.6,1372.0,88.5,2060s_7100.txt
2060s,7100,Novec_7100,3.285,70.4,0.0,89.6,1372.0,86.4,2060s_7100.txt
2060s,7100,Novec_7100,4.373,82.4,0.0,89.6,1372.0,87.9,2060s_7100.txt
2060s,7100,Novec_7100,5.486,97.4,0.0,89.6,1372.0,89.8,2060s_7100.txt
2060s,7100,Novec_7100,6.57,88.8,0.0,89.6,1372.0,88.5,2060s_7100.txt
2060s,7100,Novec_7100,7.672,106.2,0.0,89.6,1372.0,87.8,2060s_7100.txt
2060s,7100,Novec_7100,8.766,88.6,0.0,89.6,1372.0,88.5,2060s_7100.txt
2060s,7100,Novec_7100,9.891,94.6,0.0,89.6,1372.0,88.9,2060s_7100.txt
2060s,7100,Novec_7100,10.956,48.3,0.0,89.6,1372.0,85.2,2060s_7100.txt
2060s,7100,Novec_7100,12.05,51.2,0.0,89.6,1372.0,86.3,2060s_7100.txt
2060s,7100,Novec_7100,13.155,87.8,0.0,89.6,1372.0,88.5,2060s_7100.txt
2060s,7100,Novec_7100,14.251,83.9,0.0,89.6,1372.0,87.5,2060s_7100.txt
2060s,7100,Novec_7100,1.098,87.5,0.0,86.8,1372.0,88.5,2060s_7100.txt
2060s,7100,Novec_7100,2.189,105.8,0.0,86.8,1372.0,89.8,2060s_7100.txt
2060s,7100,Novec_7100,3.421,92.1,0.0,86.8,1372.0,86.1,2060s_7100.txt
2060s,7100,Novec_7100,4.498,87.0,0.0,86.8,1372.0,88.1,2060s_7100.txt
2060s,7100,Novec_7100,5.626,104.8,0.0,86.8,1372.0,88.7,2060s_7100.txt
2060s,7100,Novec_7100,6.724,84.2,0.0,86.8,1372.0,88.2,2060s_7100.txt
2060s,7100,Novec_7100,7.808,93.9,0.0,86.8,1372.0,89.1,2060s_7100.txt
2060s,7100,Novec_7100,8.918,111.1,0.0,86.8,1372.0,88.9,2060s_7100.txt
2060s,7100,Novec_7100,10.01,71.2,0.0,86.8,1372.0,86.3,2060s_7100.txt
2060s,7100,Novec_7100,11.114,89.4,0.0,86.8,1372.0,88.3,2060s_7100.txt
2060s,7100,Novec_7100,12.226,49.6,0.0,86.8,1372.0,82.8,2060s_7100.txt
2060s,7100,Novec_7100,13.335,18.3,0.0,86.8,1372.0,77.7,2060s_7100.txt
2060s,7100,Novec_7100,1.098,11.1,0.0,68.6,1372.0,64.3,2060s_7100.txt
2060s,7100,Novec_7100,2.195,9.8,0.0,68.6,1372.0,61.3,2060s_7100.txt
2060s,7100,Novec_7100,3.48,10.8,0.0,68.6,1372.0,59.5,2060s_7100.txt
2060s,7100,Novec_7100,4.605,12.6,0.0,68.6,1372.0,59.0,2060s_7100.txt
2060s,7100,Novec_7100,5.702,11.0,0.0,68.6,1372.0,58.8,2060s_7100.txt
2060s,7100,Novec_7100,6.802,26.8,0.0,68.6,1372.0,64.1,2060s_7100.txt
2060s,7100,Novec_7100,7.915,18.2,0.0,68.6,1372.0,64.2,2060s_7100.txt
2060s,7100,Novec_7100,9.025,16.0,0.0,68.6,1372.0,63.8,2060s_7100.txt
2060s,7100,Novec_7100,10.121,21.0,0.0,68.6,1372.0,65.3,2060s_7100.txt
2060s,7100,Novec_7100,11.352,24.4,0.0,68.6,1372.0,69.7,2060s_7100.txt
2060s,7100,Novec_7100,12.486,27.1,0.0,68.6,1372.0,69.9,2060s_7100.txt
2060s,7100,Novec_7100,13.541,22.3,0.0,68.6,1372.0,68.3,2060s_7100.txt
2060s,7100,Novec_7100,14.682,43.4,0.0,68.6,1372.0,73.6,2060s_7100.txt
2060s,7100,Novec_7100,1.105,68.9,0.0,80.3,1372.0,84.2,2060s_7100.txt
2060s,7100,Novec_7100,2.431,21.0,0.0,80.3,1372.0,72.7,2060s_7100.txt
2060s,7100,Novec_7100,3.564,72.9,0.0,80.3,1372.0,83.7,2060s_7100.txt
2060s,7100,Novec_7100,4.626,69.6,0.0,80.3,1372.0,86.0,2060s_7100.txt
2060s,7100,Novec_7100,5.853,55.8,0.0,80.3,1372.0,83.5,2060s_7100.txt
2060s,7100,Novec_7100,6.951,54.6,0.0,80.3,1372.0,84.1,2060s_7100.txt
2060s,7100,Novec_7100,8.141,61.6,0.0,80.3,1372.0,80.8,2060s_7100.txt
2060s,7100,Novec_7100,9.337,90.8,0.0,80.3,1372.0,89.2,2060s_7100.txt
2060s,7100,Novec_7100,10.468,87.5,0.0,80.3,1372.0,88.6,2060s_7100.txt
2060s,7100,Novec_7100,11.584,48.2,0.0,80.3,1372.0,83.4,2060s_7100.txt
2060s,7100,Novec_7100,12.746,49.3,0.0,80.3,1372.0,82.4,2060s_7100.txt
2060s,7100,Novec_7100,13.773,51.7,0.0,80.3,1372.0,82.9,2060s_7100.txt
2060s,7100,Novec_7100,1.092,28.8,0.0,71.8,1372.0,70.8,2060s_7100.txt
2060s,7100,Novec_7100,2.208,18.5,0.0,71.8,1372.0,67.5,2060s_7100.txt
2060s,7100,Novec_7100,3.305,17.4,0.0,71.8,1372.0,66.2,2060s_7100.txt
2060s,7100,Novec_7100,4.426,14.1,0.0,71.8,1372.0,63.5,2060s_7100.txt
2060s,7100,Novec_7100,5.504,24.7,0.0,71.8,1372.0,67.6,2060s_7100.txt
2060s,7100,Novec_7100,6.589,24.9,0.0,71.8,1372.0,70.4,2060s_7100.txt
2060s,7100,Novec_7100,7.681,27.6,0.0,71.8,1372.0,70.3,2060s_7100.txt
2060s,7100,Novec_7100,8.771,23.6,0.0,71.8,1372.0,68.8,2060s_7100.txt
2060s,7100,Novec_7100,9.984,68.1,0.0,71.8,1372.0,84.8,2060s_7100.txt
2060s,7100,Novec_7100,11.094,80.3,0.0,71.8,1372.0,85.0,2060s_7100.txt
2060s,7100,Novec_7100,12.166,53.7,0.0,71.8,1372.0,82.2,2060s_7100.txt
2060s,7100,Novec_7100,13.375,31.4,0.0,71.8,1372.0,76.8,2060s_7100.txt
2060s,7100,Novec_7100,1.092,101.0,0.0,79.7,1372.0,89.4,2060s_7100.txt
2060s,7100,Novec_7100,2.186,88.7,0.0,79.7,1372.0,88.5,2060s_7100.txt
2060s,7100,Novec_7100,3.27,47.4,0.0,79.7,1372.0,83.8,2060s_7100.txt
2060s,7100,Novec_7100,4.386,43.1,0.0,79.7,1372.0,83.0,2060s_7100.txt
2060s,7100,Novec_7100,5.474,81.1,0.0,79.7,1372.0,87.8,2060s_7100.txt
2060s,7100,Novec_7100,6.574,62.9,0.0,79.7,1372.0,86.3,2060s_7100.txt
2060s,7100,Novec_7100,7.66,78.6,0.0,79.7,1372.0,88.5,2060s_7100.txt
2060s,7100,Novec_7100,8.783,85.4,0.0,79.7,1372.0,88.0,2060s_7100.txt
2060s,7100,Novec_7100,9.876,92.3,0.0,79.7,1372.0,89.1,2060s_7100.txt
2060s,7100,Novec_7100,10.994,49.1,0.0,79.7,1372.0,83.0,2060s_7100.txt
2060s,7100,Novec_7100,12.09,56.1,0.0,79.7,1372.0,84.3,2060s_7100.txt
2060s,7100,Novec_7100,13.18,75.1,0.0,79.7,1372.0,88.1,2060s_7100.txt
2060s,7100,Novec_7100,14.277,90.8,0.0,79.7,1372.0,88.7,2060s_7100.txt
2060s,7100,Novec_7100,1.138,85.3,0.0,87.5,1372.0,88.3,2060s_7100.txt
2060s,7100,Novec_7100,2.203,94.0,0.0,87.5,1372.0,88.6,2060s_7100.txt
2060s,7100,Novec_7100,3.323,82.5,0.0,87.5,1372.0,87.8,2060s_7100.txt
2060s,7100,Novec_7100,4.412,88.8,0.0,87.5,1372.0,88.8,2060s_7100.txt
2060s,7100,Novec_7100,5.527,80.2,0.0,87.5,1372.0,87.4,2060s_7100.txt
2060s,7100,Novec_7100,6.611,88.5,0.0,87.5,1372.0,88.3,2060s_7100.txt
2060s,7100,Novec_7100,7.711,48.8,0.0,87.5,1372.0,82.8,2060s_7100.txt
2060s,7100,Novec_7100,8.808,38.9,0.0,87.5,1372.0,79.6,2060s_7100.txt
2060s,7100,Novec_7100,9.996,28.2,0.0,87.5,1372.0,72.0,2060s_7100.txt
2060s,7100,Novec_7100,11.094,50.0,0.0,87.5,1372.0,75.8,2060s_7100.txt
2060s,7100,Novec_7100,12.207,25.2,0.0,87.5,1372.0,71.1,2060s_7100.txt
2060s,7100,Novec_7100,13.305,21.6,0.0,87.5,1372.0,69.2,2060s_7100.txt
2060s,7100,Novec_7100,1.225,92.3,0.0,73.4,1372.0,86.3,2060s_7100.txt
2060s,7100,Novec_7100,2.424,36.1,0.0,73.4,1372.0,77.8,2060s_7100.txt
2060s,7100,Novec_7100,3.6390000000000002,24.0,0.0,73.4,1372.0,73.7,2060s_7100.txt
2060s,7100,Novec_7100,4.726,43.2,0.0,73.4,1372.0,76.4,2060s_7100.txt
2060s,7100,Novec_7100,5.96,109.3,0.0,73.4,1372.0,87.6,2060s_7100.txt
2060s,7100,Novec_7100,7.051,91.0,0.0,73.4,1372.0,87.8,2060s_7100.txt
2060s,7100,Novec_7100,8.15,56.3,0.0,73.4,1372.0,84.1,2060s_7100.txt
2060s,7100,Novec_7100,9.356,32.7,0.0,73.4,1372.0,78.3,2060s_7100.txt
2060s,7100,Novec_7100,10.576,75.1,0.0,73.4,1372.0,83.1,2060s_7100.txt
2060s,7100,Novec_7100,11.695,82.1,0.0,73.4,1372.0,87.4,2060s_7100.txt
2060s,7100,Novec_7100,12.803,90.8,0.0,73.4,1372.0,89.0,2060s_7100.txt
2060s,7100,Novec_7100,13.897,78.4,0.0,73.4,1372.0,88.0,2060s_7100.txt
2060s,7100,Novec_7100,1.113,48.3,0.0,88.8,1372.0,82.6,2060s_7100.txt
2060s,7100,Novec_7100,2.231,56.5,0.0,88.8,1372.0,84.7,2060s_7100.txt
2060s,7100,Novec_7100,3.347,80.3,0.0,88.8,1372.0,84.5,2060s_7100.txt
2060s,7100,Novec_7100,4.416,90.7,0.0,88.8,1372.0,88.9,2060s_7100.txt
2060s,7100,Novec_7100,5.534,93.7,0.0,88.8,1372.0,88.8,2060s_7100.txt
2060s,7100,Novec_7100,6.612,83.3,0.0,88.8,1372.0,87.8,2060s_7100.txt
2060s,7100,Novec_7100,7.697,101.1,0.0,88.8,1372.0,88.7,2060s_7100.txt
2060s,7100,Novec_7100,8.795,91.5,0.0,88.8,1372.0,88.8,2060s_7100.txt
2060s,7100,Novec_7100,9.919,91.8,0.0,88.8,1372.0,89.2,2060s_7100.txt
2060s,7100,Novec_7100,11.029,83.5,0.0,88.8,1372.0,85.4,2060s_7100.txt
2060s,7100,Novec_7100,12.122,90.5,0.0,88.8,1372.0,88.7,2060s_7100.txt
2060s,7100,Novec_7100,13.23,38.1,0.0,88.8,1372.0,83.5,2060s_7100.txt
2060s,7100,Novec_7100,14.317,66.6,0.0,88.8,1372.0,85.8,2060s_7100.txt
2060s,7100,Novec_7100,1.113,81.0,0.0,86.5,1372.0,87.2,2060s_7100.txt
2060s,7100,Novec_7100,2.199,84.6,0.0,86.5,1372.0,86.5,2060s_7100.txt
2060s,7100,Novec_7100,3.3,106.5,0.0,86.5,1372.0,89.9,2060s_7100.txt
2060s,7100,Novec_7100,4.402,81.5,0.0,86.5,1372.0,87.9,2060s_7100.txt
2060s,7100,Novec_7100,5.481,102.2,0.0,86.5,1372.0,88.1,2060s_7100.txt
2060s,7100,Novec_7100,6.602,80.4,0.0,86.5,1372.0,87.7,2060s_7100.txt
2060s,7100,Novec_7100,7.696,85.1,0.0,86.5,1372.0,88.9,2060s_7100.txt
2060s,7100,Novec_7100,8.813,86.2,0.0,86.5,1372.0,88.6,2060s_7100.txt
2060s,7100,Novec_7100,9.928,75.4,0.0,86.5,1372.0,87.4,2060s_7100.txt
2060s,7100,Novec_7100,11.03,82.6,0.0,86.5,1372.0,88.6,2060s_7100.txt
2060s,7100,Novec_7100,12.122,82.0,0.0,86.5,1372.0,88.2,2060s_7100.txt
2060s,7100,Novec_7100,13.233,84.5,0.0,86.5,1372.0,88.7,2060s_7100.txt
2060s,7100,Novec_7100,14.329,89.9,0.0,86.5,1372.0,88.4,2060s_7100.txt
2060s,7100,Novec_7100,1.1,74.6,0.0,86.4,1372.0,87.7,2060s_7100.txt
2060s,7100,Novec_7100,2.21,88.2,0.0,86.4,1372.0,88.0,2060s_7100.txt
2060s,7100,Novec_7100,3.324,47.8,0.0,86.4,1372.0,82.6,2060s_7100.txt
2060s,7100,Novec_7100,4.418,44.1,0.0,86.4,1372.0,81.7,2060s_7100.txt
2060s,7100,Novec_7100,5.5120000000000005,21.2,0.0,86.4,1372.0,73.5,2060s_7100.txt
2060s,7100,Novec_7100,6.635,48.5,0.0,86.4,1372.0,75.7,2060s_7100.txt
2060s,7100,Novec_7100,7.724,47.2,0.0,86.4,1372.0,81.5,2060s_7100.txt
2060s,7100,Novec_7100,8.793,71.1,0.0,86.4,1372.0,84.3,2060s_7100.txt
2060s,7100,Novec_7100,9.988,23.6,0.0,86.4,1372.0,75.0,2060s_7100.txt
2060s,7100,Novec_7100,11.017,58.1,0.0,86.4,1372.0,79.6,2060s_7100.txt
2060s,7100,Novec_7100,12.306,90.1,0.0,86.4,1372.0,87.6,2060s_7100.txt
2060s,7100,Novec_7100,13.436,45.9,0.0,86.4,1372.0,82.2,2060s_7100.txt
2060s,7100,Novec_7100,1.129,51.1,0.0,84.6,1372.0,82.6,2060s_7100.txt
2060s,7100,Novec_7100,2.232,98.8,0.0,84.6,1372.0,89.1,2060s_7100.txt
2060s,7100,Novec_7100,3.355,99.6,0.0,84.6,1372.0,88.7,2060s_7100.txt
2060s,7100,Novec_7100,4.442,70.4,0.0,84.6,1372.0,86.5,2060s_7100.txt
2060s,7100,Novec_7100,5.553,95.9,0.0,84.6,1372.0,88.5,2060s_7100.txt
2060s,7100,Novec_7100,6.628,48.2,0.0,84.6,1372.0,84.3,2060s_7100.txt
2060s,7100,Novec_7100,7.746,73.2,0.0,84.6,1372.0,86.4,2060s_7100.txt
2060s,7100,Novec_7100,8.842,58.0,0.0,84.6,1372.0,82.9,2060s_7100.txt
2060s,7100,Novec_7100,10.047,84.9,0.0,84.6,1372.0,87.2,2060s_7100.txt
2060s,7100,Novec_7100,11.255,95.3,0.0,84.6,1372.0,87.1,2060s_7100.txt
2060s,7100,Novec_7100,12.572,101.8,0.0,84.6,1372.0,87.0,2060s_7100.txt
2060s,7100,Novec_7100,13.671,82.0,0.0,84.6,1372.0,87.8,2060s_7100.txt
2060s,7100,Novec_7100,1.06,68.8,0.0,85.7,1372.0,89.2,2060s_7100.txt
2060s,7100,Novec_7100,2.27,76.6,0.0,85.7,1372.0,87.2,2060s_7100.txt
2060s,7100,Novec_7100,3.3689999999999998,93.0,0.0,85.7,1372.0,89.0,2060s_7100.txt
2060s,7100,Novec_7100,4.454,57.1,0.0,85.7,1372.0,84.0,2060s_7100.txt
2060s,7100,Novec_7100,5.546,60.5,0.0,85.7,1372.0,84.7,2060s_7100.txt
2060s,7100,Novec_7100,6.774,88.0,0.0,85.7,1372.0,87.2,2060s_7100.txt
2060s,7100,Novec_7100,7.852,89.1,0.0,85.7,1372.0,87.9,2060s_7100.txt
2060s,7100,Novec_7100,9.06,77.4,0.0,85.7,1372.0,87.8,2060s_7100.txt
2060s,7100,Novec_7100,10.255,93.1,0.0,85.7,1372.0,88.4,2060s_7100.txt
2060s,7100,Novec_7100,11.349,92.2,0.0,85.7,1372.0,88.8,2060s_7100.txt
2060s,7100,Novec_7100,12.457,87.5,0.0,85.7,1372.0,88.3,2060s_7100.txt
2060s,7100,Novec_7100,13.557,87.4,0.0,85.7,1372.0,88.5,2060s_7100.txt
2060s,7100,Novec_7100,1.102,97.2,0.0,88.2,1372.0,89.6,2060s_7100.txt
2060s,7100,Novec_7100,2.2,87.2,0.0,88.2,1372.0,88.7,2060s_7100.txt
2060s,7100,Novec_7100,3.34,71.3,0.0,88.2,1372.0,86.4,2060s_7100.txt
2060s,7100,Novec_7100,4.408,108.2,0.0,88.2,1372.0,88.8,2060s_7100.txt
2060s,7100,Novec_7100,5.501,92.6,0.0,88.2,1372.0,88.7,2060s_7100.txt
2060s,7100,Novec_7100,6.61,87.6,0.0,88.2,1372.0,88.3,2060s_7100.txt
2060s,7100,Novec_7100,7.718,87.6,0.0,88.2,1372.0,88.4,2060s_7100.txt
2060s,7100,Novec_7100,8.814,63.1,0.0,88.2,1372.0,84.8,2060s_7100.txt
2060s,7100,Novec_7100,9.949,89.8,0.0,88.2,1372.0,86.4,2060s_7100.txt
2060s,7100,Novec_7100,11.157,99.2,0.0,88.2,1372.0,88.6,2060s_7100.txt
2060s,7100,Novec_7100,12.235,91.1,0.0,88.2,1372.0,88.2,2060s_7100.txt
2060s,7100,Novec_7100,13.332,80.9,0.0,88.2,1372.0,88.0,2060s_7100.txt
2060s,7100,Novec_7100,14.43,79.9,0.0,88.2,1372.0,88.1,2060s_7100.txt
2060s,7100,Novec_7100,1.113,93.2,0.0,88.4,1372.0,88.9,2060s_7100.txt
2060s,7100,Novec_7100,2.194,86.1,0.0,88.4,1372.0,86.8,2060s_7100.txt
2060s,7100,Novec_7100,3.295,87.9,0.0,88.4,1372.0,88.7,2060s_7100.txt
2060s,7100,Novec_7100,4.398,82.1,0.0,88.4,1372.0,88.1,2060s_7100.txt
2060s,7100,Novec_7100,5.511,82.9,0.0,88.4,1372.0,88.0,2060s_7100.txt
2060s,7100,Novec_7100,6.601,82.7,0.0,88.4,1372.0,88.3,2060s_7100.txt
2060s,7100,Novec_7100,7.734,82.4,0.0,88.4,1372.0,88.2,2060s_7100.txt
2060s,7100,Novec_7100,8.817,83.6,0.0,88.4,1372.0,89.0,2060s_7100.txt
2060s,7100,Novec_7100,9.914,86.2,0.0,88.4,1372.0,88.4,2060s_7100.txt
2060s,7100,Novec_7100,11.008,80.3,0.0,88.4,1372.0,88.4,2060s_7100.txt
2060s,7100,Novec_7100,12.126,81.2,0.0,88.4,1372.0,88.0,2060s_7100.txt
2060s,7100,Novec_7100,13.246,84.2,0.0,88.4,1372.0,88.6,2060s_7100.txt
2060s,7100,Novec_7100,14.341,79.0,0.0,88.4,1372.0,88.3,2060s_7100.txt
2060s,7100,Novec_7100,1.2349999999999999,75.3,0.0,88.0,1372.0,88.0,2060s_7100.txt
2060s,7100,Novec_7100,2.321,94.3,0.0,88.0,1372.0,89.2,2060s_7100.txt
2060s,7100,Novec_7100,3.404,91.3,0.0,88.0,1372.0,88.4,2060s_7100.txt
2060s,7100,Novec_7100,4.502,80.0,0.0,88.0,1372.0,88.3,2060s_7100.txt
2060s,7100,Novec_7100,5.624,120.3,0.0,88.0,1372.0,91.3,2060s_7100.txt
2060s,7100,Novec_7100,6.724,80.6,0.0,88.0,1372.0,87.7,2060s_7100.txt
2060s,7100,Novec_7100,7.819,86.4,0.0,88.0,1372.0,88.4,2060s_7100.txt
2060s,7100,Novec_7100,8.92,93.1,0.0,88.0,1372.0,88.5,2060s_7100.txt
2060s,7100,Novec_7100,10.03,85.7,0.0,88.0,1372.0,88.9,2060s_7100.txt
2060s,7100,Novec_7100,11.134,93.6,0.0,88.0,1372.0,89.3,2060s_7100.txt
2060s,7100,Novec_7100,12.233,94.4,0.0,88.0,1372.0,88.9,2060s_7100.txt
2060s,7100,Novec_7100,13.333,90.8,0.0,88.0,1372.0,87.2,2060s_7100.txt
2060s,7100,Novec_7100,1.161,20.3,0.0,77.7,1372.0,73.3,2060s_7100.txt
2060s,7100,Novec_7100,2.173,31.3,0.0,77.7,1372.0,73.4,2060s_7100.txt
2060s,7100,Novec_7100,3.289,57.7,0.0,77.7,1372.0,85.1,2060s_7100.txt
2060s,7100,Novec_7100,4.495,88.4,0.0,77.7,1372.0,89.2,2060s_7100.txt
2060s,7100,Novec_7100,5.624,49.9,0.0,77.7,1372.0,82.0,2060s_7100.txt
2060s,7100,Novec_7100,6.661,72.7,0.0,77.7,1372.0,84.4,2060s_7100.txt
2060s,7100,Novec_7100,7.774,36.3,0.0,77.7,1372.0,78.2,2060s_7100.txt
2060s,7100,Novec_7100,9.075,78.3,0.0,77.7,1372.0,86.6,2060s_7100.txt
2060s,7100,Novec_7100,10.175,68.6,0.0,77.7,1372.0,87.4,2060s_7100.txt
2060s,7100,Novec_7100,11.268,89.2,0.0,77.7,1372.0,88.6,2060s_7100.txt
2060s,7100,Novec_7100,12.356,71.7,0.0,77.7,1372.0,86.2,2060s_7100.txt
2060s,7100,Novec_7100,13.474,112.1,0.0,77.7,1372.0,88.7,2060s_7100.txt
2060s,7100,Novec_7100,14.554,81.1,0.0,77.7,1372.0,88.2,2060s_7100.txt
2060s,7100,Novec_7100,1.103,71.3,0.0,83.4,1372.0,86.0,2060s_7100.txt
2060s,7100,Novec_7100,2.232,105.1,0.0,83.4,1372.0,87.5,2060s_7100.txt
2060s,7100,Novec_7100,3.442,77.8,0.0,83.4,1372.0,88.2,2060s_7100.txt
2060s,7100,Novec_7100,4.567,59.4,0.0,83.4,1372.0,86.3,2060s_7100.txt
2060s,7100,Novec_7100,5.6690000000000005,87.2,0.0,83.4,1372.0,88.3,2060s_7100.txt
2060s,7100,Novec_7100,6.763,83.9,0.0,83.4,1372.0,87.9,2060s_7100.txt
2060s,7100,Novec_7100,7.85,95.1,0.0,83.4,1372.0,89.1,2060s_7100.txt
2060s,7100,Novec_7100,8.955,74.7,0.0,83.4,1372.0,86.5,2060s_7100.txt
2060s,7100,Novec_7100,10.068,93.6,0.0,83.4,1372.0,88.1,2060s_7100.txt
2060s,7100,Novec_7100,11.166,83.2,0.0,83.4,1372.0,84.0,2060s_7100.txt
2060s,7100,Novec_7100,12.25,93.4,0.0,83.4,1372.0,87.5,2060s_7100.txt
2060s,7100,Novec_7100,13.46,92.0,0.0,83.4,1372.0,87.8,2060s_7100.txt
2060s,7100,Novec_7100,1.099,68.8,0.0,88.0,1372.0,87.2,2060s_7100.txt
2060s,7100,Novec_7100,2.218,67.3,0.0,88.0,1372.0,88.5,2060s_7100.txt
2060s,7100,Novec_7100,3.328,85.6,0.0,88.0,1372.0,88.7,2060s_7100.txt
2060s,7100,Novec_7100,4.42,74.6,0.0,88.0,1372.0,87.5,2060s_7100.txt
2060s,7100,Novec_7100,5.52,84.1,0.0,88.0,1372.0,88.2,2060s_7100.txt
2060s,7100,Novec_7100,6.748,83.3,0.0,88.0,1372.0,88.5,2060s_7100.txt
2060s,7100,Novec_7100,7.832,89.6,0.0,88.0,1372.0,89.2,2060s_7100.txt
2060s,7100,Novec_7100,8.932,89.1,0.0,88.0,1372.0,88.8,2060s_7100.txt
2060s,7100,Novec_7100,10.025,95.3,0.0,88.0,1372.0,92.5,2060s_7100.txt
2060s,7100,Novec_7100,11.109,95.2,0.0,88.0,1372.0,89.7,2060s_7100.txt
2060s,7100,Novec_7100,12.206,82.7,0.0,88.0,1372.0,88.1,2060s_7100.txt
2060s,7100,Novec_7100,13.306,87.2,0.0,88.0,1372.0,88.8,2060s_7100.txt
2060s,7100,Novec_7100,1.098,85.9,0.0,90.4,1372.0,89.0,2060s_7100.txt
2060s,7100,Novec_7100,2.215,86.5,0.0,90.4,1372.0,86.5,2060s_7100.txt
2060s,7100,Novec_7100,3.313,67.5,0.0,90.4,1372.0,85.3,2060s_7100.txt
2060s,7100,Novec_7100,4.422,95.1,0.0,90.4,1372.0,88.0,2060s_7100.txt
2060s,7100,Novec_7100,5.533,84.6,0.0,90.4,1372.0,87.5,2060s_7100.txt
2060s,7100,Novec_7100,6.617,69.4,0.0,90.4,1372.0,87.7,2060s_7100.txt
2060s,7100,Novec_7100,7.7059999999999995,82.8,0.0,90.4,1372.0,88.1,2060s_7100.txt
2060s,7100,Novec_7100,8.836,86.5,0.0,90.4,1372.0,88.1,2060s_7100.txt
2060s,7100,Novec_7100,9.94,77.6,0.0,90.4,1372.0,89.3,2060s_7100.txt
2060s,7100,Novec_7100,11.058,73.7,0.0,90.4,1372.0,86.0,2060s_7100.txt
2060s,7100,Novec_7100,12.169,83.8,0.0,90.4,1372.0,88.3,2060s_7100.txt
2060s,7100,Novec_7100,13.263,85.7,0.0,90.4,1372.0,88.8,2060s_7100.txt
2060s,7100,Novec_7100,14.387,93.2,0.0,90.4,1372.0,88.8,2060s_7100.txt
2060s,7100,Novec_7100,1.098,91.2,0.0,88.3,1372.0,89.1,2060s_7100.txt
2060s,7100,Novec_7100,2.183,92.4,0.0,88.3,1372.0,88.4,2060s_7100.txt
2060s,7100,Novec_7100,3.294,87.6,0.0,88.3,1372.0,89.1,2060s_7100.txt
2060s,7100,Novec_7100,4.429,90.1,0.0,88.3,1372.0,89.0,2060s_7100.txt
2060s,7100,Novec_7100,5.5,64.8,0.0,88.3,1372.0,86.8,2060s_7100.txt
2060s,7100,Novec_7100,6.591,92.8,0.0,88.3,1372.0,88.9,2060s_7100.txt
2060s,7100,Novec_7100,7.691,84.6,0.0,88.3,1372.0,88.4,2060s_7100.txt
2060s,7100,Novec_7100,8.774000000000001,83.2,0.0,88.3,1372.0,88.8,2060s_7100.txt
2060s,7100,Novec_7100,9.886,94.3,0.0,88.3,1372.0,89.9,2060s_7100.txt
2060s,7100,Novec_7100,10.989,85.0,0.0,88.3,1372.0,88.2,2060s_7100.txt
2060s,7100,Novec_7100,12.07,84.7,0.0,88.3,1372.0,88.7,2060s_7100.txt
2060s,7100,Novec_7100,13.166,86.3,0.0,88.3,1372.0,88.5,2060s_7100.txt
2060s,7100,Novec_7100,14.279,89.4,0.0,88.3,1372.0,89.1,2060s_7100.txt
2060s,7100,Novec_7100,1.08,84.1,0.0,88.0,1372.0,88.3,2060s_7100.txt
2060s,7100,Novec_7100,2.182,65.3,0.0,88.0,1372.0,85.8,2060s_7100.txt
2060s,7100,Novec_7100,3.292,77.3,0.0,88.0,1372.0,87.4,2060s_7100.txt
2060s,7100,Novec_7100,4.406,70.1,0.0,88.0,1372.0,86.3,2060s_7100.txt
2060s,7100,Novec_7100,5.493,88.8,0.0,88.0,1372.0,89.3,2060s_7100.txt
2060s,7100,Novec_7100,6.579,81.1,0.0,88.0,1372.0,88.5,2060s_7100.txt
2060s,7100,Novec_7100,7.679,96.1,0.0,88.0,1372.0,88.8,2060s_7100.txt
2060s,7100,Novec_7100,8.783,82.0,0.0,88.0,1372.0,88.5,2060s_7100.txt
2060s,7100,Novec_7100,9.91,83.0,0.0,88.0,1372.0,88.3,2060s_7100.txt
2060s,7100,Novec_7100,11.015,81.2,0.0,88.0,1372.0,88.6,2060s_7100.txt
2060s,7100,Novec_7100,12.122,68.9,0.0,88.0,1372.0,88.8,2060s_7100.txt
2060s,7100,Novec_7100,13.215,85.7,0.0,88.0,1372.0,88.1,2060s_7100.txt
2060s,7100,Novec_7100,1.099,86.5,0.0,87.7,1372.0,88.5,2060s_7100.txt
2060s,7100,Novec_7100,2.215,52.9,0.0,87.7,1372.0,86.7,2060s_7100.txt
2060s,7100,Novec_7100,3.32,83.0,0.0,87.7,1372.0,88.7,2060s_7100.txt
2060s,7100,Novec_7100,4.417,87.7,0.0,87.7,1372.0,88.6,2060s_7100.txt
2060s,7100,Novec_7100,5.517,84.5,0.0,87.7,1372.0,88.9,2060s_7100.txt
2060s,7100,Novec_7100,6.617,84.0,0.0,87.7,1372.0,87.7,2060s_7100.txt
2060s,7100,Novec_7100,7.719,83.5,0.0,87.7,1372.0,88.8,2060s_7100.txt
2060s,7100,Novec_7100,8.816,91.4,0.0,87.7,1372.0,88.3,2060s_7100.txt
2060s,7100,Novec_7100,9.912,80.7,0.0,87.7,1372.0,87.2,2060s_7100.txt
2060s,7100,Novec_7100,11.027,88.5,0.0,87.7,1372.0,89.1,2060s_7100.txt
2060s,7100,Novec_7100,12.116,82.6,0.0,87.7,1372.0,88.4,2060s_7100.txt
2060s,7100,Novec_7100,13.213,85.6,0.0,87.7,1372.0,88.4,2060s_7100.txt
2060s,7100,Novec_7100,14.307,80.7,0.0,87.7,1372.0,88.0,2060s_7100.txt
2060s,7100,Novec_7100,1.106,89.8,0.0,87.2,1372.0,88.3,2060s_7100.txt
2060s,7100,Novec_7100,2.197,74.5,0.0,87.2,1372.0,87.9,2060s_7100.txt
2060s,7100,Novec_7100,3.315,90.4,0.0,87.2,1372.0,88.8,2060s_7100.txt
2060s,7100,Novec_7100,4.428,85.4,0.0,87.2,1372.0,88.0,2060s_7100.txt
2060s,7100,Novec_7100,5.541,75.1,0.0,87.2,1372.0,88.0,2060s_7100.txt
2060s,7100,Novec_7100,6.659,65.0,0.0,87.2,1372.0,87.1,2060s_7100.txt
2060s,7100,Novec_7100,7.766,85.4,0.0,87.2,1372.0,88.3,2060s_7100.txt
2060s,7100,Novec_7100,8.872,85.0,0.0,87.2,1372.0,88.7,2060s_7100.txt
2060s,7100,Novec_7100,9.98,83.8,0.0,87.2,1372.0,88.3,2060s_7100.txt
2060s,7100,Novec_7100,11.087,82.4,0.0,87.2,1372.0,88.6,2060s_7100.txt
2060s,7100,Novec_7100,12.182,86.5,0.0,87.2,1372.0,88.8,2060s_7100.txt
2060s,7100,Novec_7100,13.279,82.9,0.0,87.2,1372.0,88.2,2060s_7100.txt
2060s,7100,Novec_7100,1.103,74.7,0.0,88.3,1372.0,87.5,2060s_7100.txt
2060s,7100,Novec_7100,2.195,86.9,0.0,88.3,1372.0,88.2,2060s_7100.txt
2060s,7100,Novec_7100,3.304,64.2,0.0,88.3,1372.0,86.3,2060s_7100.txt
2060s,7100,Novec_7100,4.42,88.2,0.0,88.3,1372.0,88.7,2060s_7100.txt
2060s,7100,Novec_7100,5.537,91.3,0.0,88.3,1372.0,89.1,2060s_7100.txt
2060s,7100,Novec_7100,6.63,94.0,0.0,88.3,1372.0,88.2,2060s_7100.txt
2060s,7100,Novec_7100,7.73,88.2,0.0,88.3,1372.0,89.1,2060s_7100.txt
2060s,7100,Novec_7100,8.821,89.5,0.0,88.3,1372.0,88.8,2060s_7100.txt
2060s,7100,Novec_7100,9.916,83.2,0.0,88.3,1372.0,88.2,2060s_7100.txt
2060s,7100,Novec_7100,11.033,87.2,0.0,88.3,1372.0,88.4,2060s_7100.txt
2060s,7100,Novec_7100,12.13,79.3,0.0,88.3,1372.0,88.1,2060s_7100.txt
2060s,7100,Novec_7100,13.219,78.5,0.0,88.3,1372.0,88.5,2060s_7100.txt
2060s,7100,Novec_7100,14.32,89.7,0.0,88.3,1372.0,89.0,2060s_7100.txt
2060s,7100,Novec_7100,1.101,84.0,0.0,88.8,1372.0,88.8,2060s_7100.txt
2060s,7100,Novec_7100,2.191,87.0,0.0,88.8,1372.0,88.8,2060s_7100.txt
2060s,7100,Novec_7100,3.283,85.4,0.0,88.8,1372.0,88.7,2060s_7100.txt
2060s,7100,Novec_7100,4.393,74.7,0.0,88.8,1372.0,88.0,2060s_7100.txt
2060s,7100,Novec_7100,5.491,87.0,0.0,88.8,1372.0,88.8,2060s_7100.txt
2060s,7100,Novec_7100,6.5969999999999995,84.6,0.0,88.8,1372.0,89.0,2060s_7100.txt
2060s,7100,Novec_7100,7.692,71.6,0.0,88.8,1372.0,87.8,2060s_7100.txt
2060s,7100,Novec_7100,8.795,87.8,0.0,88.8,1372.0,88.6,2060s_7100.txt
2060s,7100,Novec_7100,9.891,79.9,0.0,88.8,1372.0,88.5,2060s_7100.txt
2060s,7100,Novec_7100,11.004,86.7,0.0,88.8,1372.0,85.7,2060s_7100.txt
2060s,7100,Novec_7100,12.068,53.9,0.0,88.8,1372.0,82.7,2060s_7100.txt
2060s,7100,Novec_7100,13.293,46.1,0.0,88.8,1372.0,79.0,2060s_7100.txt
2060s,7100,Novec_7100,14.387,87.2,0.0,88.8,1372.0,86.1,2060s_7100.txt
2060s,7100,Novec_7100,1.121,98.7,0.0,89.8,1372.0,88.9,2060s_7100.txt
2060s,7100,Novec_7100,2.199,87.7,0.0,89.8,1372.0,88.6,2060s_7100.txt
2060s,7100,Novec_7100,3.321,83.4,0.0,89.8,1372.0,88.3,2060s_7100.txt
2060s,7100,Novec_7100,4.393,62.9,0.0,89.8,1372.0,83.3,2060s_7100.txt
2060s,7100,Novec_7100,5.495,60.7,0.0,89.8,1372.0,84.9,2060s_7100.txt
2060s,7100,Novec_7100,6.821,72.4,0.0,89.8,1372.0,86.6,2060s_7100.txt
2060s,7100,Novec_7100,7.915,76.8,0.0,89.8,1372.0,87.3,2060s_7100.txt
2060s,7100,Novec_7100,9.037,78.0,0.0,89.8,1372.0,87.0,2060s_7100.txt
2060s,7100,Novec_7100,10.123,87.9,0.0,89.8,1372.0,88.6,2060s_7100.txt
2060s,7100,Novec_7100,11.26,89.3,0.0,89.8,1372.0,90.1,2060s_7100.txt
2060s,7100,Novec_7100,12.443,73.6,0.0,89.8,1372.0,89.3,2060s_7100.txt
2060s,7100,Novec_7100,13.761,113.1,0.0,89.8,1372.0,88.2,2060s_7100.txt
2060s,7100,Novec_7100,1.113,54.9,0.0,87.8,1372.0,82.7,2060s_7100.txt
2060s,7100,Novec_7100,2.32,26.0,0.0,87.8,1372.0,81.0,2060s_7100.txt
2060s,7100,Novec_7100,3.5300000000000002,106.9,0.0,87.8,1372.0,89.5,2060s_7100.txt
2060s,7100,Novec_7100,4.633,74.6,0.0,87.8,1372.0,87.5,2060s_7100.txt
2060s,7100,Novec_7100,5.732,73.8,0.0,87.8,1372.0,87.7,2060s_7100.txt
2060s,7100,Novec_7100,6.828,52.8,0.0,87.8,1372.0,87.1,2060s_7100.txt
2060s,7100,Novec_7100,7.914,79.3,0.0,87.8,1372.0,88.0,2060s_7100.txt
2060s,7100,Novec_7100,9.015,87.2,0.0,87.8,1372.0,88.8,2060s_7100.txt
2060s,7100,Novec_7100,10.116,58.7,0.0,87.8,1372.0,87.3,2060s_7100.txt
2060s,7100,Novec_7100,11.214,79.6,0.0,87.8,1372.0,88.5,2060s_7100.txt
2060s,7100,Novec_7100,12.3,71.7,0.0,87.8,1372.0,87.6,2060s_7100.txt
2060s,7100,Novec_7100,13.442,84.1,0.0,87.8,1372.0,87.9,2060s_7100.txt
2060s,7100,Novec_7100,1.084,84.2,0.0,88.3,1372.0,88.6,2060s_7100.txt
2060s,7100,Novec_7100,2.223,86.2,0.0,88.3,1372.0,88.7,2060s_7100.txt
2060s,7100,Novec_7100,3.312,83.6,0.0,88.3,1372.0,88.6,2060s_7100.txt
2060s,7100,Novec_7100,4.5280000000000005,90.7,0.0,88.3,1372.0,86.8,2060s_7100.txt
2060s,7100,Novec_7100,5.743,81.5,0.0,88.3,1372.0,87.4,2060s_7100.txt
2060s,7100,Novec_7100,6.832,96.1,0.0,88.3,1372.0,88.3,2060s_7100.txt
2060s,7100,Novec_7100,7.932,94.5,0.0,88.3,1372.0,89.9,2060s_7100.txt
2060s,7100,Novec_7100,9.043,87.0,0.0,88.3,1372.0,88.5,2060s_7100.txt
2060s,7100,Novec_7100,10.133,84.9,0.0,88.3,1372.0,88.7,2060s_7100.txt
2060s,7100,Novec_7100,11.244,79.1,0.0,88.3,1372.0,87.7,2060s_7100.txt
2060s,7100,Novec_7100,12.336,91.9,0.0,88.3,1372.0,88.5,2060s_7100.txt
2060s,7100,Novec_7100,13.456,86.8,0.0,88.3,1372.0,89.1,2060s_7100.txt
2060s,7100,Novec_7100,14.532,89.1,0.0,88.3,1372.0,88.4,2060s_7100.txt
2060s,7100,Novec_7100,1.101,56.5,0.0,88.5,1372.0,89.4,2060s_7100.txt
2060s,7100,Novec_7100,2.184,79.8,0.0,88.5,1372.0,88.0,2060s_7100.txt
2060s,7100,Novec_7100,3.283,86.2,0.0,88.5,1372.0,88.9,2060s_7100.txt
2060s,7100,Novec_7100,4.377,89.0,0.0,88.5,1372.0,89.0,2060s_7100.txt
2060s,7100,Novec_7100,5.478,82.5,0.0,88.5,1372.0,88.1,2060s_7100.txt
2060s,7100,Novec_7100,6.602,86.6,0.0,88.5,1372.0,86.8,2060s_7100.txt
2060s,7100,Novec_7100,7.677,84.0,0.0,88.5,1372.0,88.4,2060s_7100.txt
2060s,7100,Novec_7100,8.772,72.8,0.0,88.5,1372.0,87.4,2060s_7100.txt
2060s,7100,Novec_7100,9.933,98.9,0.0,88.5,1372.0,89.2,2060s_7100.txt
2060s,7100,Novec_7100,10.993,84.1,0.0,88.5,1372.0,88.2,2060s_7100.txt
2060s,7100,Novec_7100,12.089,82.0,0.0,88.5,1372.0,88.4,2060s_7100.txt
2060s,7100,Novec_7100,13.203,79.9,0.0,88.5,1372.0,88.7,2060s_7100.txt
2060s,7100,Novec_7100,1.108,84.7,0.0,88.5,1372.0,88.3,2060s_7100.txt
2060s,7100,Novec_7100,2.207,89.9,0.0,88.5,1372.0,88.7,2060s_7100.txt
2060s,7100,Novec_7100,3.311,83.9,0.0,88.5,1372.0,88.1,2060s_7100.txt
2060s,7100,Novec_7100,4.421,86.1,0.0,88.5,1372.0,88.4,2060s_7100.txt
2060s,7100,Novec_7100,5.519,82.8,0.0,88.5,1372.0,88.2,2060s_7100.txt
2060s,7100,Novec_7100,6.622,84.4,0.0,88.5,1372.0,88.3,2060s_7100.txt
2060s,7100,Novec_7100,7.732,86.9,0.0,88.5,1372.0,88.4,2060s_7100.txt
2060s,7100,Novec_7100,8.832,84.4,0.0,88.5,1372.0,88.1,2060s_7100.txt
2060s,7100,Novec_7100,9.939,51.1,0.0,88.5,1372.0,84.6,2060s_7100.txt
2060s,7100,Novec_7100,11.047,107.8,0.0,88.5,1372.0,87.6,2060s_7100.txt
2060s,7100,Novec_7100,12.134,95.0,0.0,88.5,1372.0,89.1,2060s_7100.txt
2060s,7100,Novec_7100,13.242,88.6,0.0,88.5,1372.0,87.8,2060s_7100.txt
2060s,7100,Novec_7100,14.329,77.2,0.0,88.5,1372.0,88.1,2060s_7100.txt
2060s,7100,Novec_7100,1.101,83.2,0.0,88.1,1372.0,88.5,2060s_7100.txt
2060s,7100,Novec_7100,2.183,77.3,0.0,88.1,1372.0,87.6,2060s_7100.txt
2060s,7100,Novec_7100,3.302,90.7,0.0,88.1,1372.0,89.2,2060s_7100.txt
2060s,7100,Novec_7100,4.394,86.0,0.0,88.1,1372.0,88.7,2060s_7100.txt
2060s,7100,Novec_7100,5.484,74.1,0.0,88.1,1372.0,87.6,2060s_7100.txt
2060s,7100,Novec_7100,6.577,90.9,0.0,88.1,1372.0,88.8,2060s_7100.txt
2060s,7100,Novec_7100,7.686,91.7,0.0,88.1,1372.0,86.6,2060s_7100.txt
2060s,7100,Novec_7100,8.781,71.0,0.0,88.1,1372.0,86.7,2060s_7100.txt
2060s,7100,Novec_7100,9.863,74.0,0.0,88.1,1372.0,87.6,2060s_7100.txt
2060s,7100,Novec_7100,10.984,88.3,0.0,88.1,1372.0,88.4,2060s_7100.txt
2060s,7100,Novec_7100,12.079,89.1,0.0,88.1,1372.0,89.1,2060s_7100.txt
2060s,7100,Novec_7100,13.179,89.5,0.0,88.1,1372.0,88.8,2060s_7100.txt
2060s,7100,Novec_7100,14.295,80.2,0.0,88.1,1372.0,88.5,2060s_7100.txt
2060s,7100,Novec_7100,1.088,88.4,0.0,89.5,1372.0,89.0,2060s_7100.txt
2060s,7100,Novec_7100,2.185,82.3,0.0,89.5,1372.0,87.7,2060s_7100.txt
2060s,7100,Novec_7100,3.299,89.3,0.0,89.5,1372.0,88.2,2060s_7100.txt
2060s,7100,Novec_7100,4.396,81.3,0.0,89.5,1372.0,88.3,2060s_7100.txt
2060s,7100,Novec_7100,5.496,96.9,0.0,89.5,1372.0,88.7,2060s_7100.txt
2060s,7100,Novec_7100,6.593,84.0,0.0,89.5,1372.0,88.5,2060s_7100.txt
2060s,7100,Novec_7100,7.707,92.2,0.0,89.5,1372.0,88.8,2060s_7100.txt
2060s,7100,Novec_7100,8.823,82.2,0.0,89.5,1372.0,87.9,2060s_7100.txt
2060s,7100,Novec_7100,9.925,84.3,0.0,89.5,1372.0,88.6,2060s_7100.txt
2060s,7100,Novec_7100,11.021,86.4,0.0,89.5,1372.0,88.9,2060s_7100.txt
2060s,7100,Novec_7100,12.118,94.2,0.0,89.5,1372.0,88.8,2060s_7100.txt
2060s,7100,Novec_7100,13.237,88.9,0.0,89.5,1372.0,88.2,2060s_7100.txt
2060s,7100,Novec_7100,1.098,88.2,0.0,88.8,1372.0,89.1,2060s_7100.txt
2060s,7100,Novec_7100,2.19,87.1,0.0,88.8,1372.0,88.7,2060s_7100.txt
2060s,7100,Novec_7100,3.287,83.0,0.0,88.8,1372.0,88.8,2060s_7100.txt
2060s,7100,Novec_7100,4.382,88.8,0.0,88.8,1372.0,88.8,2060s_7100.txt
2060s,7100,Novec_7100,5.474,85.5,0.0,88.8,1372.0,88.6,2060s_7100.txt
2060s,7100,Novec_7100,6.594,85.6,0.0,88.8,1372.0,88.6,2060s_7100.txt
2060s,7100,Novec_7100,7.697,89.9,0.0,88.8,1372.0,89.2,2060s_7100.txt
2060s,7100,Novec_7100,8.818,81.1,0.0,88.8,1372.0,87.5,2060s_7100.txt
2060s,7100,Novec_7100,9.927,59.6,0.0,88.8,1372.0,85.9,2060s_7100.txt
2060s,7100,Novec_7100,10.996,80.8,0.0,88.8,1372.0,88.1,2060s_7100.txt
2060s,7100,Novec_7100,12.12,87.6,0.0,88.8,1372.0,88.8,2060s_7100.txt
2060s,7100,Novec_7100,13.225,77.2,0.0,88.8,1372.0,87.3,2060s_7100.txt
2060s,7100,Novec_7100,14.315,88.6,0.0,88.8,1372.0,88.5,2060s_7100.txt
2060s,7100,Novec_7100,1.097,90.7,0.0,88.9,1372.0,88.8,2060s_7100.txt
2060s,7100,Novec_7100,2.212,50.4,0.0,88.9,1372.0,88.5,2060s_7100.txt
2060s,7100,Novec_7100,3.312,94.7,0.0,88.9,1372.0,89.1,2060s_7100.txt
2060s,7100,Novec_7100,4.404,85.3,0.0,88.9,1372.0,87.9,2060s_7100.txt
2060s,7100,Novec_7100,5.506,86.9,0.0,88.9,1372.0,89.0,2060s_7100.txt
2060s,7100,Novec_7100,6.616,76.0,0.0,88.9,1372.0,87.5,2060s_7100.txt
2060s,7100,Novec_7100,7.705,90.3,0.0,88.9,1372.0,88.9,2060s_7100.txt
2060s,7100,Novec_7100,8.805,74.8,0.0,88.9,1372.0,87.1,2060s_7100.txt
2060s,7100,Novec_7100,9.91,77.8,0.0,88.9,1372.0,85.9,2060s_7100.txt
2060s,7100,Novec_7100,10.996,61.6,0.0,88.9,1372.0,86.8,2060s_7100.txt
2060s,7100,Novec_7100,12.11,83.5,0.0,88.9,1372.0,87.9,2060s_7100.txt
2060s,7100,Novec_7100,13.218,90.9,0.0,88.9,1372.0,91.2,2060s_7100.txt
2060s,7100,Novec_7100,1.104,85.7,0.0,91.0,1372.0,88.6,2060s_7100.txt
2060s,7100,Novec_7100,2.223,85.3,0.0,91.0,1372.0,88.2,2060s_7100.txt
2060s,7100,Novec_7100,3.364,75.8,0.0,91.0,1372.0,86.9,2060s_7100.txt
2060s,7100,Novec_7100,4.422,82.6,0.0,91.0,1372.0,88.5,2060s_7100.txt
2060s,7100,Novec_7100,5.523,86.7,0.0,91.0,1372.0,88.7,2060s_7100.txt
2060s,7100,Novec_7100,6.621,89.9,0.0,91.0,1372.0,88.3,2060s_7100.txt
2060s,7100,Novec_7100,7.752,88.3,0.0,91.0,1372.0,88.4,2060s_7100.txt
2060s,7100,Novec_7100,8.822,91.0,0.0,91.0,1372.0,88.7,2060s_7100.txt
2060s,7100,Novec_7100,9.941,88.3,0.0,91.0,1372.0,89.1,2060s_7100.txt
2060s,7100,Novec_7100,11.033,93.3,0.0,91.0,1372.0,88.8,2060s_7100.txt
2060s,7100,Novec_7100,12.134,88.3,0.0,91.0,1372.0,88.8,2060s_7100.txt
2060s,7100,Novec_7100,13.233,85.6,0.0,91.0,1372.0,88.3,2060s_7100.txt
2060s,7100,Novec_7100,14.325,78.5,0.0,91.0,1372.0,88.4,2060s_7100.txt
2060s,7100,Novec_7100,1.106,80.9,0.0,89.3,1372.0,89.2,2060s_7100.txt
2060s,7100,Novec_7100,2.202,76.0,0.0,89.3,1372.0,87.8,2060s_7100.txt
2060s,7100,Novec_7100,3.297,85.5,0.0,89.3,1372.0,88.6,2060s_7100.txt
2060s,7100,Novec_7100,4.407,82.5,0.0,89.3,1372.0,87.0,2060s_7100.txt
2060s,7100,Novec_7100,5.508,75.4,0.0,89.3,1372.0,88.1,2060s_7100.txt
2060s,7100,Novec_7100,6.598,80.9,0.0,89.3,1372.0,88.7,2060s_7100.txt
2060s,7100,Novec_7100,7.705,79.2,0.0,89.3,1372.0,89.0,2060s_7100.txt
2060s,7100,Novec_7100,8.811,82.4,0.0,89.3,1372.0,89.0,2060s_7100.txt
2060s,7100,Novec_7100,9.907,70.9,0.0,89.3,1372.0,86.7,2060s_7100.txt
2060s,7100,Novec_7100,10.999,78.0,0.0,89.3,1372.0,88.6,2060s_7100.txt
2060s,7100,Novec_7100,12.108,83.4,0.0,89.3,1372.0,89.0,2060s_7100.txt
2060s,7100,Novec_7100,13.207,77.1,0.0,89.3,1372.0,88.7,2060s_7100.txt
2060s,7100,Novec_7100,14.297,77.9,0.0,89.3,1372.0,88.0,2060s_7100.txt
2060s,7100,Novec_7100,1.089,76.9,0.0,87.8,1372.0,88.0,2060s_7100.txt
2060s,7100,Novec_7100,2.182,79.0,0.0,87.8,1372.0,87.9,2060s_7100.txt
2060s,7100,Novec_7100,3.276,71.0,0.0,87.8,1372.0,87.2,2060s_7100.txt
2060s,7100,Novec_7100,4.383,71.9,0.0,87.8,1372.0,87.8,2060s_7100.txt
2060s,7100,Novec_7100,5.48,77.2,0.0,87.8,1372.0,87.8,2060s_7100.txt
2060s,7100,Novec_7100,6.572,77.6,0.0,87.8,1372.0,87.7,2060s_7100.txt
2060s,7100,Novec_7100,7.681,76.1,0.0,87.8,1372.0,87.8,2060s_7100.txt
2060s,7100,Novec_7100,8.792,75.8,0.0,87.8,1372.0,87.8,2060s_7100.txt
2060s,7100,Novec_7100,9.889,79.0,0.0,87.8,1372.0,88.3,2060s_7100.txt
2060s,7100,Novec_7100,10.977,76.0,0.0,87.8,1372.0,87.8,2060s_7100.txt
2060s,7100,Novec_7100,12.085,75.4,0.0,87.8,1372.0,87.7,2060s_7100.txt
2060s,7100,Novec_7100,13.181,73.4,0.0,87.8,1372.0,87.8,2060s_7100.txt
2060s,7100,Novec_7100,1.112,82.4,0.0,88.5,1372.0,88.3,2060s_7100.txt
2060s,7100,Novec_7100,2.205,78.7,0.0,88.5,1372.0,87.9,2060s_7100.txt
2060s,7100,Novec_7100,3.303,86.4,0.0,88.5,1372.0,88.3,2060s_7100.txt
2060s,7100,Novec_7100,4.393,89.3,0.0,88.5,1372.0,89.0,2060s_7100.txt
2060s,7100,Novec_7100,5.499,85.4,0.0,88.5,1372.0,88.2,2060s_7100.txt
2060s,7100,Novec_7100,6.629,85.7,0.0,88.5,1372.0,88.4,2060s_7100.txt
2060s,7100,Novec_7100,7.707,85.2,0.0,88.5,1372.0,88.7,2060s_7100.txt
2060s,7100,Novec_7100,8.812,86.1,0.0,88.5,1372.0,88.7,2060s_7100.txt
2060s,7100,Novec_7100,9.909,87.6,0.0,88.5,1372.0,88.3,2060s_7100.txt
2060s,7100,Novec_7100,11.007,83.4,0.0,88.5,1372.0,88.5,2060s_7100.txt
2060s,7100,Novec_7100,12.107,84.2,0.0,88.5,1372.0,88.7,2060s_7100.txt
2060s,7100,Novec_7100,13.199,84.2,0.0,88.5,1372.0,88.8,2060s_7100.txt
2060s,7100,Novec_7100,14.288,71.4,0.0,88.5,1372.0,87.2,2060s_7100.txt
2060s,7100,Novec_7100,1.1,84.8,0.0,88.4,1372.0,88.3,2060s_7100.txt
2060s,7100,Novec_7100,2.203,83.2,0.0,88.4,1372.0,88.3,2060s_7100.txt
2060s,7100,Novec_7100,3.314,83.9,0.0,88.4,1372.0,88.7,2060s_7100.txt
2060s,7100,Novec_7100,4.426,77.3,0.0,88.4,1372.0,88.3,2060s_7100.txt
2060s,7100,Novec_7100,5.5120000000000005,91.6,0.0,88.4,1372.0,89.0,2060s_7100.txt
2060s,7100,Novec_7100,6.627,85.3,0.0,88.4,1372.0,88.2,2060s_7100.txt
2060s,7100,Novec_7100,7.716,83.7,0.0,88.4,1372.0,88.4,2060s_7100.txt
2060s,7100,Novec_7100,8.828,80.7,0.0,88.4,1372.0,88.0,2060s_7100.txt
2060s,7100,Novec_7100,9.953,94.6,0.0,88.4,1372.0,89.3,2060s_7100.txt
2060s,7100,Novec_7100,11.062,87.7,0.0,88.4,1372.0,88.8,2060s_7100.txt
2060s,7100,Novec_7100,12.137,90.6,0.0,88.4,1372.0,88.7,2060s_7100.txt
2060s,7100,Novec_7100,13.236,80.8,0.0,88.4,1372.0,87.7,2060s_7100.txt
2060s,7100,Novec_7100,14.33,85.3,0.0,88.4,1372.0,89.0,2060s_7100.txt
2060s,7100,Novec_7100,1.112,88.8,0.0,87.8,1372.0,88.7,2060s_7100.txt
2060s,7100,Novec_7100,2.219,79.3,0.0,87.8,1372.0,87.7,2060s_7100.txt
2060s,7100,Novec_7100,3.313,89.9,0.0,87.8,1372.0,88.8,2060s_7100.txt
2060s,7100,Novec_7100,4.4030000000000005,83.2,0.0,87.8,1372.0,88.4,2060s_7100.txt
2060s,7100,Novec_7100,5.614,85.5,0.0,87.8,1372.0,88.4,2060s_7100.txt
2060s,7100,Novec_7100,6.726,82.3,0.0,87.8,1372.0,88.4,2060s_7100.txt
2060s,7100,Novec_7100,7.848,71.0,0.0,87.8,1372.0,87.3,2060s_7100.txt
2060s,7100,Novec_7100,8.921,82.8,0.0,87.8,1372.0,88.2,2060s_7100.txt
2060s,7100,Novec_7100,10.018,87.7,0.0,87.8,1372.0,88.7,2060s_7100.txt
2060s,7100,Novec_7100,11.126,90.2,0.0,87.8,1372.0,88.3,2060s_7100.txt
2060s,7100,Novec_7100,12.224,71.5,0.0,87.8,1372.0,87.3,2060s_7100.txt
2060s,7100,Novec_7100,13.301,88.8,0.0,87.8,1372.0,88.1,2060s_7100.txt
2060s,7100,Novec_7100,1.193,89.8,0.0,87.8,1372.0,89.4,2060s_7100.txt
2060s,7100,Novec_7100,2.313,80.9,0.0,87.8,1372.0,88.8,2060s_7100.txt
2060s,7100,Novec_7100,3.4050000000000002,79.7,0.0,87.8,1372.0,87.7,2060s_7100.txt
2060s,7100,Novec_7100,4.505,73.9,0.0,87.8,1372.0,86.9,2060s_7100.txt
2060s,7100,Novec_7100,5.6,81.3,0.0,87.8,1372.0,88.4,2060s_7100.txt
2060s,7100,Novec_7100,6.731,87.0,0.0,87.8,1372.0,88.2,2060s_7100.txt
2060s,7100,Novec_7100,8.129,69.2,0.0,87.8,1372.0,86.3,2060s_7100.txt
2060s,7100,Novec_7100,9.224,88.1,0.0,87.8,1372.0,89.1,2060s_7100.txt
2060s,7100,Novec_7100,10.34,82.0,0.0,87.8,1372.0,87.9,2060s_7100.txt
2060s,7100,Novec_7100,11.434,88.9,0.0,87.8,1372.0,89.0,2060s_7100.txt
2060s,7100,Novec_7100,12.545,86.0,0.0,87.8,1372.0,88.7,2060s_7100.txt
2060s,7100,Novec_7100,13.634,87.1,0.0,87.8,1372.0,89.4,2060s_7100.txt
2060s,7100,Novec_7100,1.119,86.9,0.0,88.3,1372.0,88.3,2060s_7100.txt
2060s,7100,Novec_7100,2.204,84.5,0.0,88.3,1372.0,88.8,2060s_7100.txt
2060s,7100,Novec_7100,3.298,83.3,0.0,88.3,1372.0,88.7,2060s_7100.txt
2060s,7100,Novec_7100,4.394,73.0,0.0,88.3,1372.0,88.2,2060s_7100.txt
2060s,7100,Novec_7100,5.494,88.2,0.0,88.3,1372.0,89.0,2060s_7100.txt
2060s,7100,Novec_7100,6.588,83.1,0.0,88.3,1372.0,88.2,2060s_7100.txt
2060s,7100,Novec_7100,7.679,87.3,0.0,88.3,1372.0,89.1,2060s_7100.txt
2060s,7100,Novec_7100,8.792,87.5,0.0,88.3,1372.0,89.0,2060s_7100.txt
2060s,7100,Novec_7100,9.892,88.8,0.0,88.3,1372.0,89.0,2060s_7100.txt
2060s,7100,Novec_7100,10.975999999999999,73.4,0.0,88.3,1372.0,87.5,2060s_7100.txt
2060s,7100,Novec_7100,12.069,90.2,0.0,88.3,1372.0,88.8,2060s_7100.txt
2060s,7100,Novec_7100,13.182,88.2,0.0,88.3,1372.0,89.1,2060s_7100.txt
2060s,7100,Novec_7100,14.263,77.2,0.0,88.3,1372.0,87.2,2060s_7100.txt
2060s,7100,Novec_7100,1.103,86.8,0.0,87.3,1372.0,88.8,2060s_7100.txt
2060s,7100,Novec_7100,2.175,83.1,0.0,87.3,1372.0,88.1,2060s_7100.txt
2060s,7100,Novec_7100,3.283,83.6,0.0,87.3,1372.0,87.8,2060s_7100.txt
2060s,7100,Novec_7100,4.393,84.8,0.0,87.3,1372.0,88.5,2060s_7100.txt
2060s,7100,Novec_7100,5.476,81.3,0.0,87.3,1372.0,88.3,2060s_7100.txt
2060s,7100,Novec_7100,6.577,83.4,0.0,87.3,1372.0,88.4,2060s_7100.txt
2060s,7100,Novec_7100,7.68,88.4,0.0,87.3,1372.0,87.6,2060s_7100.txt
2060s,7100,Novec_7100,8.879,37.7,0.0,87.3,1372.0,81.1,2060s_7100.txt
2060s,7100,Novec_7100,9.991,44.1,0.0,87.3,1372.0,82.2,2060s_7100.txt
2060s,7100,Novec_7100,11.197,109.5,0.0,87.3,1372.0,86.2,2060s_7100.txt
2060s,7100,Novec_7100,12.314,57.7,0.0,87.3,1372.0,83.0,2060s_7100.txt
2060s,7100,Novec_7100,13.507,81.7,0.0,87.3,1372.0,85.6,2060s_7100.txt
2060s,7100,Novec_7100,1.078,82.6,0.0,87.7,1372.0,85.9,2060s_7100.txt
2060s,7100,Novec_7100,2.154,65.7,0.0,87.7,1372.0,84.4,2060s_7100.txt
2060s,7100,Novec_7100,3.259,89.2,0.0,87.7,1372.0,85.8,2060s_7100.txt
2060s,7100,Novec_7100,4.359,81.8,0.0,87.7,1372.0,88.1,2060s_7100.txt
2060s,7100,Novec_7100,5.482,86.2,0.0,87.7,1372.0,89.0,2060s_7100.txt
2060s,7100,Novec_7100,6.553,81.0,0.0,87.7,1372.0,86.1,2060s_7100.txt
2060s,7100,Novec_7100,7.675,66.2,0.0,87.7,1372.0,85.2,2060s_7100.txt
2060s,7100,Novec_7100,8.878,61.0,0.0,87.7,1372.0,85.5,2060s_7100.txt
2060s,7100,Novec_7100,10.016,82.6,0.0,87.7,1372.0,85.9,2060s_7100.txt
2060s,7100,Novec_7100,11.078,72.9,0.0,87.7,1372.0,87.3,2060s_7100.txt
2060s,7100,Novec_7100,12.154,97.0,0.0,87.7,1372.0,89.2,2060s_7100.txt
2060s,7100,Novec_7100,13.373,52.1,0.0,87.7,1372.0,83.7,2060s_7100.txt
2060s,7100,Novec_7100,14.461,68.4,0.0,87.7,1372.0,85.4,2060s_7100.txt
2060s,7100,Novec_7100,1.205,99.9,0.0,87.1,1372.0,90.0,2060s_7100.txt
2060s,7100,Novec_7100,2.327,83.9,0.0,87.1,1372.0,86.6,2060s_7100.txt
2060s,7100,Novec_7100,3.398,80.5,0.0,87.1,1372.0,88.4,2060s_7100.txt
2060s,7100,Novec_7100,4.508,75.0,0.0,87.1,1372.0,87.2,2060s_7100.txt
2060s,7100,Novec_7100,5.598,52.8,0.0,87.1,1372.0,84.8,2060s_7100.txt
2060s,7100,Novec_7100,6.699,81.8,0.0,87.1,1372.0,87.2,2060s_7100.txt
2060s,7100,Novec_7100,7.801,87.9,0.0,87.1,1372.0,88.6,2060s_7100.txt
2060s,7100,Novec_7100,8.894,61.4,0.0,87.1,1372.0,86.8,2060s_7100.txt
2060s,7100,Novec_7100,10.007,79.2,0.0,87.1,1372.0,88.0,2060s_7100.txt
2060s,7100,Novec_7100,11.096,77.8,0.0,87.1,1372.0,88.4,2060s_7100.txt
2060s,7100,Novec_7100,12.186,92.4,0.0,87.1,1372.0,90.9,2060s_7100.txt
2060s,7100,Novec_7100,13.284,63.1,0.0,87.1,1372.0,85.3,2060s_7100.txt
2060s,7100,Novec_7100,1.12,74.4,0.0,88.8,1372.0,88.3,2060s_7100.txt
2060s,7100,Novec_7100,2.189,77.6,0.0,88.8,1372.0,88.0,2060s_7100.txt
2060s,7100,Novec_7100,3.303,52.9,0.0,88.8,1372.0,84.4,2060s_7100.txt
2060s,7100,Novec_7100,4.419,81.3,0.0,88.8,1372.0,86.1,2060s_7100.txt
2060s,7100,Novec_7100,5.5440000000000005,58.5,0.0,88.8,1372.0,84.1,2060s_7100.txt
2060s,7100,Novec_7100,6.612,82.4,0.0,88.8,1372.0,86.6,2060s_7100.txt
2060s,7100,Novec_7100,7.732,111.4,0.0,88.8,1372.0,90.4,2060s_7100.txt
2060s,7100,Novec_7100,8.927,92.5,0.0,88.8,1372.0,89.1,2060s_7100.txt
2060s,7100,Novec_7100,10.026,77.9,0.0,88.8,1372.0,88.7,2060s_7100.txt
2060s,7100,Novec_7100,11.11,54.5,0.0,88.8,1372.0,82.8,2060s_7100.txt
2060s,7100,Novec_7100,12.313,77.5,0.0,88.8,1372.0,87.7,2060s_7100.txt
2060s,7100,Novec_7100,13.414,80.6,0.0,88.8,1372.0,87.8,2060s_7100.txt
2060s,7100,Novec_7100,14.517,66.4,0.0,88.8,1372.0,87.3,2060s_7100.txt
2060s,7100,Novec_7100,1.096,60.6,0.0,88.9,1372.0,86.4,2060s_7100.txt
2060s,7100,Novec_7100,2.196,80.1,0.0,88.9,1372.0,88.4,2060s_7100.txt
2060s,7100,Novec_7100,3.275,81.8,0.0,88.9,1372.0,88.4,2060s_7100.txt
2060s,7100,Novec_7100,4.37,60.3,0.0,88.9,1372.0,86.1,2060s_7100.txt
2060s,7100,Novec_7100,5.482,81.9,0.0,88.9,1372.0,88.1,2060s_7100.txt
2060s,7100,Novec_7100,6.585,85.3,0.0,88.9,1372.0,88.8,2060s_7100.txt
2060s,7100,Novec_7100,7.682,86.0,0.0,88.9,1372.0,88.3,2060s_7100.txt
2060s,7100,Novec_7100,8.781,82.4,0.0,88.9,1372.0,88.7,2060s_7100.txt
2060s,7100,Novec_7100,9.89,85.7,0.0,88.9,1372.0,86.6,2060s_7100.txt
2060s,7100,Novec_7100,10.986,65.4,0.0,88.9,1372.0,87.1,2060s_7100.txt
2060s,7100,Novec_7100,12.106,88.7,0.0,88.9,1372.0,88.4,2060s_7100.txt
2060s,7100,Novec_7100,13.214,67.4,0.0,88.9,1372.0,88.0,2060s_7100.txt
2060s,7100,Novec_7100,1.099,86.5,0.0,89.5,1372.0,88.7,2060s_7100.txt
2060s,7100,Novec_7100,2.201,89.1,0.0,89.5,1372.0,88.5,2060s_7100.txt
2060s,7100,Novec_7100,3.336,95.7,0.0,89.5,1372.0,87.8,2060s_7100.txt
2060s,7100,Novec_7100,4.422,76.2,0.0,89.5,1372.0,88.2,2060s_7100.txt
2060s,7100,Novec_7100,5.522,83.9,0.0,89.5,1372.0,88.1,2060s_7100.txt
2060s,7100,Novec_7100,6.632,78.6,0.0,89.5,1372.0,87.9,2060s_7100.txt
2060s,7100,Novec_7100,7.741,72.6,0.0,89.5,1372.0,87.8,2060s_7100.txt
2060s,7100,Novec_7100,8.852,89.2,0.0,89.5,1372.0,89.1,2060s_7100.txt
2060s,7100,Novec_7100,9.926,81.1,0.0,89.5,1372.0,88.4,2060s_7100.txt
2060s,7100,Novec_7100,11.042,69.8,0.0,89.5,1372.0,86.7,2060s_7100.txt
2060s,7100,Novec_7100,12.155,86.2,0.0,89.5,1372.0,88.0,2060s_7100.txt
2060s,7100,Novec_7100,13.246,49.3,0.0,89.5,1372.0,85.8,2060s_7100.txt
2060s,7100,Novec_7100,14.342,92.8,0.0,89.5,1372.0,87.1,2060s_7100.txt
2060s,7100,Novec_7100,1.107,110.0,0.0,88.7,1372.0,88.4,2060s_7100.txt
2060s,7100,Novec_7100,2.185,88.1,0.0,88.7,1372.0,87.6,2060s_7100.txt
2060s,7100,Novec_7100,3.261,76.5,0.0,88.7,1372.0,87.6,2060s_7100.txt
2060s,7100,Novec_7100,4.457,61.5,0.0,88.7,1372.0,87.3,2060s_7100.txt
2060s,7100,Novec_7100,5.671,90.4,0.0,88.7,1372.0,89.3,2060s_7100.txt
2060s,7100,Novec_7100,6.782,83.8,0.0,88.7,1372.0,88.6,2060s_7100.txt
2060s,7100,Novec_7100,7.901,82.2,0.0,88.7,1372.0,88.6,2060s_7100.txt
2060s,7100,Novec_7100,8.999,81.2,0.0,88.7,1372.0,87.6,2060s_7100.txt
2060s,7100,Novec_7100,10.098,55.3,0.0,88.7,1372.0,83.6,2060s_7100.txt
2060s,7100,Novec_7100,11.186,78.3,0.0,88.7,1372.0,87.5,2060s_7100.txt
2060s,7100,Novec_7100,12.301,86.8,0.0,88.7,1372.0,88.0,2060s_7100.txt
2060s,7100,Novec_7100,13.434,78.2,0.0,88.7,1372.0,87.0,2060s_7100.txt
2060s,7100,Novec_7100,1.082,88.9,0.0,88.8,1372.0,87.6,2060s_7100.txt
2060s,7100,Novec_7100,2.163,80.8,0.0,88.8,1372.0,88.6,2060s_7100.txt
2060s,7100,Novec_7100,3.275,90.9,0.0,88.8,1372.0,88.6,2060s_7100.txt
2060s,7100,Novec_7100,4.362,78.8,0.0,88.8,1372.0,88.1,2060s_7100.txt
2060s,7100,Novec_7100,5.485,85.2,0.0,88.8,1372.0,88.3,2060s_7100.txt
2060s,7100,Novec_7100,6.562,82.4,0.0,88.8,1372.0,88.2,2060s_7100.txt
2060s,7100,Novec_7100,7.662,64.4,0.0,88.8,1372.0,88.2,2060s_7100.txt
2060s,7100,Novec_7100,8.747,83.0,0.0,88.8,1372.0,89.4,2060s_7100.txt
2060s,7100,Novec_7100,9.845,85.0,0.0,88.8,1372.0,89.0,2060s_7100.txt
2060s,7100,Novec_7100,10.946,79.1,0.0,88.8,1372.0,87.7,2060s_7100.txt
2060s,7100,Novec_7100,12.056,71.7,0.0,88.8,1372.0,85.4,2060s_7100.txt
2060s,7100,Novec_7100,13.149,60.4,0.0,88.8,1372.0,87.1,2060s_7100.txt
2060s,7100,Novec_7100,14.267,42.4,0.0,88.8,1372.0,85.0,2060s_7100.txt
2060s,7100,Novec_7100,1.061,81.7,0.0,88.2,1372.0,88.4,2060s_7100.txt
2060s,7100,Novec_7100,2.161,112.7,0.0,88.2,1372.0,90.1,2060s_7100.txt
2060s,7100,Novec_7100,3.252,85.4,0.0,88.2,1372.0,89.0,2060s_7100.txt
2060s,7100,Novec_7100,4.35,82.7,0.0,88.2,1372.0,88.1,2060s_7100.txt
2060s,7100,Novec_7100,5.452,78.5,0.0,88.2,1372.0,87.6,2060s_7100.txt
2060s,7100,Novec_7100,6.548,79.5,0.0,88.2,1372.0,89.0,2060s_7100.txt
2060s,7100,Novec_7100,7.658,86.2,0.0,88.2,1372.0,88.7,2060s_7100.txt
2060s,7100,Novec_7100,8.762,88.5,0.0,88.2,1372.0,89.0,2060s_7100.txt
2060s,7100,Novec_7100,9.856,82.7,0.0,88.2,1372.0,88.3,2060s_7100.txt
2060s,7100,Novec_7100,10.977,82.8,0.0,88.2,1372.0,89.0,2060s_7100.txt
2060s,7100,Novec_7100,12.075,82.9,0.0,88.2,1372.0,88.2,2060s_7100.txt
2060s,7100,Novec_7100,13.181,76.7,0.0,88.2,1372.0,87.7,2060s_7100.txt
2060s,7100,Novec_7100,14.279,81.4,0.0,88.2,1372.0,88.4,2060s_7100.txt
2060s,7100,Novec_7100,1.101,85.4,0.0,88.3,1372.0,89.0,2060s_7100.txt
2060s,7100,Novec_7100,2.217,90.9,0.0,88.3,1372.0,89.2,2060s_7100.txt
2060s,7100,Novec_7100,3.314,87.7,0.0,88.3,1372.0,88.9,2060s_7100.txt
2060s,7100,Novec_7100,4.413,64.2,0.0,88.3,1372.0,87.4,2060s_7100.txt
2060s,7100,Novec_7100,5.5120000000000005,88.8,0.0,88.3,1372.0,89.1,2060s_7100.txt
2060s,7100,Novec_7100,6.624,74.9,0.0,88.3,1372.0,88.2,2060s_7100.txt
2060s,7100,Novec_7100,7.726,84.8,0.0,88.3,1372.0,88.8,2060s_7100.txt
2060s,7100,Novec_7100,8.818999999999999,73.2,0.0,88.3,1372.0,87.7,2060s_7100.txt
2060s,7100,Novec_7100,9.936,84.2,0.0,88.3,1372.0,88.9,2060s_7100.txt
2060s,7100,Novec_7100,11.036,83.2,0.0,88.3,1372.0,88.5,2060s_7100.txt
2060s,7100,Novec_7100,12.147,74.0,0.0,88.3,1372.0,87.7,2060s_7100.txt
2060s,7100,Novec_7100,13.261,89.2,0.0,88.3,1372.0,89.2,2060s_7100.txt
2060s,7100,Novec_7100,1.096,81.8,0.0,88.7,1372.0,89.0,2060s_7100.txt
2060s,7100,Novec_7100,2.195,71.3,0.0,88.7,1372.0,86.5,2060s_7100.txt
2060s,7100,Novec_7100,3.308,78.8,0.0,88.7,1372.0,87.9,2060s_7100.txt
2060s,7100,Novec_7100,4.393,85.7,0.0,88.7,1372.0,88.6,2060s_7100.txt
2060s,7100,Novec_7100,5.495,76.8,0.0,88.7,1372.0,88.6,2060s_7100.txt
2060s,7100,Novec_7100,6.599,82.0,0.0,88.7,1372.0,88.2,2060s_7100.txt
2060s,7100,Novec_7100,7.719,75.7,0.0,88.7,1372.0,87.6,2060s_7100.txt
2060s,7100,Novec_7100,8.837,77.4,0.0,88.7,1372.0,87.1,2060s_7100.txt
2060s,7100,Novec_7100,9.949,79.8,0.0,88.7,1372.0,86.9,2060s_7100.txt
2060s,7100,Novec_7100,11.018,72.7,0.0,88.7,1372.0,87.5,2060s_7100.txt
2060s,7100,Novec_7100,12.103,69.8,0.0,88.7,1372.0,87.7,2060s_7100.txt
2060s,7100,Novec_7100,13.189,80.9,0.0,88.7,1372.0,86.8,2060s_7100.txt
2060s,7100,Novec_7100,14.292,95.3,0.0,88.7,1372.0,87.9,2060s_7100.txt
2060s,7100,Novec_7100,1.088,85.6,0.0,88.2,1372.0,89.2,2060s_7100.txt
2060s,7100,Novec_7100,2.208,84.6,0.0,88.2,1372.0,88.8,2060s_7100.txt
2060s,7100,Novec_7100,3.285,89.1,0.0,88.2,1372.0,88.7,2060s_7100.txt
2060s,7100,Novec_7100,4.398,80.2,0.0,88.2,1372.0,88.5,2060s_7100.txt
2060s,7100,Novec_7100,5.484,85.3,0.0,88.2,1372.0,88.8,2060s_7100.txt
2060s,7100,Novec_7100,6.569,85.8,0.0,88.2,1372.0,88.5,2060s_7100.txt
2060s,7100,Novec_7100,7.674,79.0,0.0,88.2,1372.0,88.2,2060s_7100.txt
2060s,7100,Novec_7100,8.77,71.1,0.0,88.2,1372.0,87.6,2060s_7100.txt
2060s,7100,Novec_7100,9.889,74.1,0.0,88.2,1372.0,87.7,2060s_7100.txt
2060s,7100,Novec_7100,10.974,74.2,0.0,88.2,1372.0,87.8,2060s_7100.txt
2060s,7100,Novec_7100,12.075,69.8,0.0,88.2,1372.0,87.4,2060s_7100.txt
2060s,7100,Novec_7100,13.214,98.1,0.0,88.2,1372.0,88.2,2060s_7100.txt
2060s,7100,Novec_7100,14.313,75.5,0.0,88.2,1372.0,87.5,2060s_7100.txt
2060s,7100,Novec_7100,1.083,68.5,0.0,88.8,1372.0,87.0,2060s_7100.txt
2060s,7100,Novec_7100,2.187,84.4,0.0,88.8,1372.0,88.1,2060s_7100.txt
2060s,7100,Novec_7100,3.27,84.7,0.0,88.8,1372.0,87.3,2060s_7100.txt
2060s,7100,Novec_7100,4.386,80.2,0.0,88.8,1372.0,87.6,2060s_7100.txt
2060s,7100,Novec_7100,5.477,87.9,0.0,88.8,1372.0,89.4,2060s_7100.txt
2060s,7100,Novec_7100,6.57,83.8,0.0,88.8,1372.0,88.8,2060s_7100.txt
2060s,7100,Novec_7100,7.682,92.1,0.0,88.8,1372.0,88.9,2060s_7100.txt
2060s,7100,Novec_7100,8.772,72.9,0.0,88.8,1372.0,87.6,2060s_7100.txt
2060s,7100,Novec_7100,9.881,72.0,0.0,88.8,1372.0,87.7,2060s_7100.txt
2060s,7100,Novec_7100,10.957,80.9,0.0,88.8,1372.0,88.4,2060s_7100.txt
2060s,7100,Novec_7100,12.068,83.3,0.0,88.8,1372.0,88.4,2060s_7100.txt
2060s,7100,Novec_7100,13.174,81.5,0.0,88.8,1372.0,88.8,2060s_7100.txt
2060s,7100,Novec_7100,1.086,90.3,0.0,88.8,1372.0,88.8,2060s_7100.txt
2060s,7100,Novec_7100,2.203,74.7,0.0,88.8,1372.0,86.3,2060s_7100.txt
2060s,7100,Novec_7100,3.283,87.6,0.0,88.8,1372.0,89.1,2060s_7100.txt
2060s,7100,Novec_7100,4.364,83.7,0.0,88.8,1372.0,88.6,2060s_7100.txt
2060s,7100,Novec_7100,5.458,87.3,0.0,88.8,1372.0,88.6,2060s_7100.txt
2060s,7100,Novec_7100,6.573,84.0,0.0,88.8,1372.0,89.0,2060s_7100.txt
2060s,7100,Novec_7100,7.777,69.5,0.0,88.8,1372.0,87.6,2060s_7100.txt
2060s,7100,Novec_7100,8.889,77.6,0.0,88.8,1372.0,88.0,2060s_7100.txt
2060s,7100,Novec_7100,9.973,81.3,0.0,88.8,1372.0,88.1,2060s_7100.txt
2060s,7100,Novec_7100,11.067,78.3,0.0,88.8,1372.0,87.8,2060s_7100.txt
2060s,7100,Novec_7100,12.168,87.6,0.0,88.8,1372.0,88.7,2060s_7100.txt
2060s,7100,Novec_7100,13.28,86.0,0.0,88.8,1372.0,88.6,2060s_7100.txt
2060s,7100,Novec_7100,14.383,87.0,0.0,88.8,1372.0,89.0,2060s_7100.txt
2060s,7100,Novec_7100,1.085,89.6,0.0,88.8,1372.0,88.4,2060s_7100.txt
2060s,7100,Novec_7100,2.201,90.3,0.0,88.8,1372.0,89.0,2060s_7100.txt
2060s,7100,Novec_7100,3.329,84.9,0.0,88.8,1372.0,88.4,2060s_7100.txt
2060s,7100,Novec_7100,4.419,70.0,0.0,88.8,1372.0,87.1,2060s_7100.txt
2060s,7100,Novec_7100,5.531,77.0,0.0,88.8,1372.0,88.3,2060s_7100.txt
2060s,7100,Novec_7100,6.648,74.5,0.0,88.8,1372.0,87.3,2060s_7100.txt
2060s,7100,Novec_7100,7.774,90.5,0.0,88.8,1372.0,88.8,2060s_7100.txt
2060s,7100,Novec_7100,8.862,70.7,0.0,88.8,1372.0,87.1,2060s_7100.txt
2060s,7100,Novec_7100,9.964,86.3,0.0,88.8,1372.0,88.6,2060s_7100.txt
2060s,7100,Novec_7100,11.047,83.2,0.0,88.8,1372.0,89.1,2060s_7100.txt
2060s,7100,Novec_7100,12.144,73.1,0.0,88.8,1372.0,87.8,2060s_7100.txt
2060s,7100,Novec_7100,13.239,80.0,0.0,88.8,1372.0,88.3,2060s_7100.txt
2060s,7100,Novec_7100,1.082,81.0,0.0,88.5,1372.0,88.4,2060s_7100.txt
2060s,7100,Novec_7100,2.176,57.3,0.0,88.5,1372.0,85.7,2060s_7100.txt
2060s,7100,Novec_7100,3.276,115.6,0.0,88.5,1372.0,89.5,2060s_7100.txt
2060s,7100,Novec_7100,4.362,82.8,0.0,88.5,1372.0,88.3,2060s_7100.txt
2060s,7100,Novec_7100,5.471,72.9,0.0,88.5,1372.0,88.2,2060s_7100.txt
2060s,7100,Novec_7100,6.564,87.7,0.0,88.5,1372.0,88.9,2060s_7100.txt
2060s,7100,Novec_7100,7.68,81.7,0.0,88.5,1372.0,88.5,2060s_7100.txt
2060s,7100,Novec_7100,8.796,86.8,0.0,88.5,1372.0,88.7,2060s_7100.txt
2060s,7100,Novec_7100,9.916,82.9,0.0,88.5,1372.0,88.1,2060s_7100.txt
2060s,7100,Novec_7100,11.008,84.7,0.0,88.5,1372.0,88.8,2060s_7100.txt
2060s,7100,Novec_7100,12.105,87.0,0.0,88.5,1372.0,89.0,2060s_7100.txt
2060s,7100,Novec_7100,13.224,80.2,0.0,88.5,1372.0,88.5,2060s_7100.txt
2060s,7100,Novec_7100,14.344,83.1,0.0,88.5,1372.0,88.6,2060s_7100.txt
2060s,7100,Novec_7100,1.117,84.2,0.0,88.6,1372.0,88.9,2060s_7100.txt
2060s,7100,Novec_7100,2.218,77.9,0.0,88.6,1372.0,87.9,2060s_7100.txt
2060s,7100,Novec_7100,3.314,82.9,0.0,88.6,1372.0,88.7,2060s_7100.txt
2060s,7100,Novec_7100,4.42,82.9,0.0,88.6,1372.0,88.8,2060s_7100.txt
2060s,7100,Novec_7100,5.516,83.6,0.0,88.6,1372.0,88.6,2060s_7100.txt
2060s,7100,Novec_7100,6.643,82.1,0.0,88.6,1372.0,88.4,2060s_7100.txt
2060s,7100,Novec_7100,7.723,82.6,0.0,88.6,1372.0,89.1,2060s_7100.txt
2060s,7100,Novec_7100,8.818,85.4,0.0,88.6,1372.0,88.7,2060s_7100.txt
2060s,7100,Novec_7100,9.931000000000001,67.6,0.0,88.6,1372.0,87.3,2060s_7100.txt
2060s,7100,Novec_7100,11.028,82.0,0.0,88.6,1372.0,88.5,2060s_7100.txt
2060s,7100,Novec_7100,12.138,82.3,0.0,88.6,1372.0,88.5,2060s_7100.txt
2060s,7100,Novec_7100,13.223,81.4,0.0,88.6,1372.0,88.9,2060s_7100.txt
2060s,7100,Novec_7100,14.34,77.2,0.0,88.6,1372.0,88.6,2060s_7100.txt
2060s,7100,Novec_7100,1.095,80.0,0.0,88.8,1372.0,88.5,2060s_7100.txt
2060s,7100,Novec_7100,2.201,81.4,0.0,88.8,1372.0,88.6,2060s_7100.txt
2060s,7100,Novec_7100,3.318,83.4,0.0,88.8,1372.0,88.5,2060s_7100.txt
2060s,7100,Novec_7100,4.411,77.5,0.0,88.8,1372.0,88.4,2060s_7100.txt
2060s,7100,Novec_7100,5.504,87.5,0.0,88.8,1372.0,90.2,2060s_7100.txt
2060s,7100,Novec_7100,6.593,86.2,0.0,88.8,1372.0,88.5,2060s_7100.txt
2060s,7100,Novec_7100,7.682,70.7,0.0,88.8,1372.0,88.2,2060s_7100.txt
2060s,7100,Novec_7100,8.777,65.3,0.0,88.8,1372.0,87.2,2060s_7100.txt
2060s,7100,Novec_7100,9.872,85.3,0.0,88.8,1372.0,88.8,2060s_7100.txt
2060s,7100,Novec_7100,10.991,83.1,0.0,88.8,1372.0,88.9,2060s_7100.txt
2060s,7100,Novec_7100,12.09,83.6,0.0,88.8,1372.0,88.4,2060s_7100.txt
2060s,7100,Novec_7100,13.199,83.5,0.0,88.8,1372.0,88.8,2060s_7100.txt
2060s,7100,Novec_7100,1.092,80.5,0.0,88.6,1372.0,89.1,2060s_7100.txt
2060s,7100,Novec_7100,2.178,84.7,0.0,88.6,1372.0,88.4,2060s_7100.txt
2060s,7100,Novec_7100,3.295,80.7,0.0,88.6,1372.0,88.8,2060s_7100.txt
2060s,7100,Novec_7100,4.389,68.9,0.0,88.6,1372.0,87.8,2060s_7100.txt
2060s,7100,Novec_7100,5.482,70.9,0.0,88.6,1372.0,88.3,2060s_7100.txt
2060s,7100,Novec_7100,6.577,84.7,0.0,88.6,1372.0,88.6,2060s_7100.txt
2060s,7100,Novec_7100,7.675,85.8,0.0,88.6,1372.0,88.7,2060s_7100.txt
2060s,7100,Novec_7100,8.788,82.6,0.0,88.6,1372.0,88.7,2060s_7100.txt
2060s,7100,Novec_7100,9.874,83.3,0.0,88.6,1372.0,88.9,2060s_7100.txt
2060s,7100,Novec_7100,10.967,83.6,0.0,88.6,1372.0,88.8,2060s_7100.txt
2060s,7100,Novec_7100,12.071,82.2,0.0,88.6,1372.0,88.7,2060s_7100.txt
2060s,7100,Novec_7100,13.166,78.8,0.0,88.6,1372.0,88.6,2060s_7100.txt
2060s,7100,Novec_7100,14.257,68.2,0.0,88.6,1372.0,87.2,2060s_7100.txt
2060s,7100,Novec_7100,1.127,101.2,0.0,88.4,1372.0,90.0,2060s_7100.txt
2060s,7100,Novec_7100,2.201,82.8,0.0,88.4,1372.0,88.0,2060s_7100.txt
2060s,7100,Novec_7100,3.308,88.1,0.0,88.4,1372.0,88.6,2060s_7100.txt
2060s,7100,Novec_7100,4.413,78.7,0.0,88.4,1372.0,88.2,2060s_7100.txt
2060s,7100,Novec_7100,5.49,78.4,0.0,88.4,1372.0,88.4,2060s_7100.txt
2060s,7100,Novec_7100,6.61,78.4,0.0,88.4,1372.0,87.5,2060s_7100.txt
2060s,7100,Novec_7100,7.694,84.9,0.0,88.4,1372.0,89.0,2060s_7100.txt
2060s,7100,Novec_7100,8.792,72.0,0.0,88.4,1372.0,88.2,2060s_7100.txt
2060s,7100,Novec_7100,9.898,72.9,0.0,88.4,1372.0,88.3,2060s_7100.txt
2060s,7100,Novec_7100,11.007,78.8,0.0,88.4,1372.0,88.9,2060s_7100.txt
2060s,7100,Novec_7100,12.109,77.6,0.0,88.4,1372.0,88.2,2060s_7100.txt
2060s,7100,Novec_7100,13.207,69.7,0.0,88.4,1372.0,87.3,2060s_7100.txt
2060s,7100,Novec_7100,14.321,72.9,0.0,88.4,1372.0,88.3,2060s_7100.txt
2060s,7100,Novec_7100,1.053,80.8,0.0,90.7,1372.0,88.2,2060s_7100.txt
2060s,7100,Novec_7100,2.163,77.2,0.0,90.7,1372.0,87.5,2060s_7100.txt
2060s,7100,Novec_7100,3.279,72.7,0.0,90.7,1372.0,87.6,2060s_7100.txt
2060s,7100,Novec_7100,4.367,88.5,0.0,90.7,1372.0,89.0,2060s_7100.txt
2060s,7100,Novec_7100,5.483,82.4,0.0,90.7,1372.0,88.7,2060s_7100.txt
2060s,7100,Novec_7100,6.54,69.5,0.0,90.7,1372.0,87.5,2060s_7100.txt
2060s,7100,Novec_7100,7.647,85.0,0.0,90.7,1372.0,88.3,2060s_7100.txt
2060s,7100,Novec_7100,8.74,84.1,0.0,90.7,1372.0,89.1,2060s_7100.txt
2060s,7100,Novec_7100,9.822,74.3,0.0,90.7,1372.0,87.8,2060s_7100.txt
2060s,7100,Novec_7100,10.915,70.0,0.0,90.7,1372.0,87.4,2060s_7100.txt
2060s,7100,Novec_7100,12.026,72.0,0.0,90.7,1372.0,87.9,2060s_7100.txt
2060s,7100,Novec_7100,13.116,73.1,0.0,90.7,1372.0,88.0,2060s_7100.txt
2060s,7100,Novec_7100,1.094,73.0,0.0,87.7,1372.0,87.5,2060s_7100.txt
2060s,7100,Novec_7100,2.198,74.1,0.0,87.7,1372.0,87.9,2060s_7100.txt
2060s,7100,Novec_7100,3.297,72.4,0.0,87.7,1372.0,88.0,2060s_7100.txt
2060s,7100,Novec_7100,4.384,83.9,0.0,87.7,1372.0,89.4,2060s_7100.txt
2060s,7100,Novec_7100,5.502,75.1,0.0,87.7,1372.0,86.8,2060s_7100.txt
2060s,7100,Novec_7100,6.64,86.0,0.0,87.7,1372.0,88.4,2060s_7100.txt
2060s,7100,Novec_7100,7.721,46.6,0.0,87.7,1372.0,85.3,2060s_7100.txt
2060s,7100,Novec_7100,8.948,86.3,0.0,87.7,1372.0,88.5,2060s_7100.txt
2060s,7100,Novec_7100,10.031,93.0,0.0,87.7,1372.0,90.4,2060s_7100.txt
2060s,7100,Novec_7100,11.151,80.0,0.0,87.7,1372.0,87.2,2060s_7100.txt
2060s,7100,Novec_7100,12.222,60.8,0.0,87.7,1372.0,86.3,2060s_7100.txt
2060s,7100,Novec_7100,13.336,76.0,0.0,87.7,1372.0,88.0,2060s_7100.txt
2060s,7100,Novec_7100,14.425,83.9,0.0,87.7,1372.0,88.7,2060s_7100.txt
2060s,7100,Novec_7100,1.105,77.1,0.0,88.5,1372.0,88.0,2060s_7100.txt
2060s,7100,Novec_7100,2.204,82.6,0.0,88.5,1372.0,89.0,2060s_7100.txt
2060s,7100,Novec_7100,3.327,68.0,0.0,88.5,1372.0,87.0,2060s_7100.txt
2060s,7100,Novec_7100,4.405,74.4,0.0,88.5,1372.0,87.6,2060s_7100.txt
2060s,7100,Novec_7100,5.501,88.3,0.0,88.5,1372.0,88.9,2060s_7100.txt
2060s,7100,Novec_7100,6.578,78.8,0.0,88.5,1372.0,87.9,2060s_7100.txt
2060s,7100,Novec_7100,7.677,83.7,0.0,88.5,1372.0,88.8,2060s_7100.txt
2060s,7100,Novec_7100,8.814,78.3,0.0,88.5,1372.0,88.1,2060s_7100.txt
2060s,7100,Novec_7100,9.902,83.0,0.0,88.5,1372.0,89.1,2060s_7100.txt
2060s,7100,Novec_7100,10.988,69.5,0.0,88.5,1372.0,87.1,2060s_7100.txt
2060s,7100,Novec_7100,12.082,64.9,0.0,88.5,1372.0,86.9,2060s_7100.txt
2060s,7100,Novec_7100,13.202,88.9,0.0,88.5,1372.0,89.4,2060s_7100.txt
2060s,7100,Novec_7100,1.097,76.5,0.0,88.5,1372.0,88.7,2060s_7100.txt
2060s,7100,Novec_7100,2.211,87.8,0.0,88.5,1372.0,88.7,2060s_7100.txt
2060s,7100,Novec_7100,3.295,74.7,0.0,88.5,1372.0,88.2,2060s_7100.txt
2060s,7100,Novec_7100,4.415,55.1,0.0,88.5,1372.0,88.7,2060s_7100.txt
2060s,7100,Novec_7100,5.508,75.3,0.0,88.5,1372.0,87.7,2060s_7100.txt
2060s,7100,Novec_7100,6.636,68.1,0.0,88.5,1372.0,87.2,2060s_7100.txt
2060s,7100,Novec_7100,7.718,81.6,0.0,88.5,1372.0,88.7,2060s_7100.txt
2060s,7100,Novec_7100,8.828,74.8,0.0,88.5,1372.0,87.4,2060s_7100.txt
2060s,7100,Novec_7100,9.914,83.4,0.0,88.5,1372.0,88.9,2060s_7100.txt
2060s,7100,Novec_7100,11.009,79.2,0.0,88.5,1372.0,88.7,2060s_7100.txt
2060s,7100,Novec_7100,12.122,86.8,0.0,88.5,1372.0,88.5,2060s_7100.txt
2060s,7100,Novec_7100,13.212,78.7,0.0,88.5,1372.0,88.6,2060s_7100.txt
2060s,7100,Novec_7100,14.299,81.2,0.0,88.5,1372.0,88.8,2060s_7100.txt
2060s,7100,Novec_7100,1.107,87.9,0.0,86.6,1372.0,89.0,2060s_7100.txt
2060s,7100,Novec_7100,2.259,81.8,0.0,86.6,1372.0,88.6,2060s_7100.txt
2060s,7100,Novec_7100,3.303,81.9,0.0,86.6,1372.0,89.0,2060s_7100.txt
2060s,7100,Novec_7100,4.394,83.6,0.0,86.6,1372.0,88.5,2060s_7100.txt
2060s,7100,Novec_7100,5.485,80.6,0.0,86.6,1372.0,88.7,2060s_7100.txt
2060s,7100,Novec_7100,6.5809999999999995,84.4,0.0,86.6,1372.0,88.4,2060s_7100.txt
2060s,7100,Novec_7100,7.716,84.7,0.0,86.6,1372.0,88.9,2060s_7100.txt
2060s,7100,Novec_7100,8.83,90.0,0.0,86.6,1372.0,88.0,2060s_7100.txt
2060s,7100,Novec_7100,9.928,83.9,0.0,86.6,1372.0,88.7,2060s_7100.txt
2060s,7100,Novec_7100,11.017,72.0,0.0,86.6,1372.0,87.4,2060s_7100.txt
2060s,7100,Novec_7100,12.118,82.5,0.0,86.6,1372.0,88.8,2060s_7100.txt
2060s,7100,Novec_7100,13.216,70.9,0.0,86.6,1372.0,87.3,2060s_7100.txt
2060s,7100,Novec_7100,14.33,83.7,0.0,86.6,1372.0,88.4,2060s_7100.txt
2060s,7100,Novec_7100,1.116,78.2,0.0,88.9,1372.0,88.0,2060s_7100.txt
2060s,7100,Novec_7100,2.238,74.8,0.0,88.9,1372.0,87.5,2060s_7100.txt
2060s,7100,Novec_7100,3.331,91.3,0.0,88.9,1372.0,89.6,2060s_7100.txt
2060s,7100,Novec_7100,4.419,83.1,0.0,88.9,1372.0,88.9,2060s_7100.txt
2060s,7100,Novec_7100,5.507,81.4,0.0,88.9,1372.0,88.7,2060s_7100.txt
2060s,7100,Novec_7100,6.603,68.9,0.0,88.9,1372.0,86.9,2060s_7100.txt
2060s,7100,Novec_7100,7.721,81.1,0.0,88.9,1372.0,88.0,2060s_7100.txt
2060s,7100,Novec_7100,8.811,68.7,0.0,88.9,1372.0,86.9,2060s_7100.txt
2060s,7100,Novec_7100,9.874,80.4,0.0,88.9,1372.0,88.4,2060s_7100.txt
2060s,7100,Novec_7100,10.989,80.6,0.0,88.9,1372.0,88.1,2060s_7100.txt
2060s,7100,Novec_7100,12.088,74.8,0.0,88.9,1372.0,87.0,2060s_7100.txt
2060s,7100,Novec_7100,13.282,54.9,0.0,88.9,1372.0,86.7,2060s_7100.txt
2060s,7100,Novec_7100,1.083,84.4,0.0,88.3,1372.0,88.8,2060s_7100.txt
2060s,7100,Novec_7100,2.187,81.7,0.0,88.3,1372.0,88.9,2060s_7100.txt
2060s,7100,Novec_7100,3.288,83.8,0.0,88.3,1372.0,88.8,2060s_7100.txt
2060s,7100,Novec_7100,4.381,81.4,0.0,88.3,1372.0,88.2,2060s_7100.txt
2060s,7100,Novec_7100,5.48,83.5,0.0,88.3,1372.0,88.7,2060s_7100.txt
2060s,7100,Novec_7100,6.574,84.1,0.0,88.3,1372.0,89.2,2060s_7100.txt
2060s,7100,Novec_7100,7.701,63.2,0.0,88.3,1372.0,87.8,2060s_7100.txt
2060s,7100,Novec_7100,8.781,96.5,0.0,88.3,1372.0,89.0,2060s_7100.txt
2060s,7100,Novec_7100,9.92,100.3,0.0,88.3,1372.0,90.4,2060s_7100.txt
2060s,7100,Novec_7100,10.996,80.1,0.0,88.3,1372.0,87.9,2060s_7100.txt
2060s,7100,Novec_7100,12.11,81.5,0.0,88.3,1372.0,87.9,2060s_7100.txt
2060s,7100,Novec_7100,13.172,80.8,0.0,88.3,1372.0,88.4,2060s_7100.txt
2060s,7100,Novec_7100,14.272,82.1,0.0,88.3,1372.0,89.1,2060s_7100.txt
2060s,7100,Novec_7100,1.098,82.2,0.0,88.5,1372.0,88.9,2060s_7100.txt
2060s,7100,Novec_7100,2.199,78.9,0.0,88.5,1372.0,88.5,2060s_7100.txt
2060s,7100,Novec_7100,3.305,57.8,0.0,88.5,1372.0,88.6,2060s_7100.txt
2060s,7100,Novec_7100,4.422,113.3,0.0,88.5,1372.0,89.9,2060s_7100.txt
2060s,7100,Novec_7100,5.63,65.2,0.0,88.5,1372.0,86.3,2060s_7100.txt
2060s,7100,Novec_7100,6.71,91.7,0.0,88.5,1372.0,89.1,2060s_7100.txt
2060s,7100,Novec_7100,7.825,75.6,0.0,88.5,1372.0,87.5,2060s_7100.txt
2060s,7100,Novec_7100,8.932,73.4,0.0,88.5,1372.0,87.6,2060s_7100.txt
2060s,7100,Novec_7100,10.144,84.1,0.0,88.5,1372.0,89.0,2060s_7100.txt
2060s,7100,Novec_7100,11.246,76.8,0.0,88.5,1372.0,88.0,2060s_7100.txt
2060s,7100,Novec_7100,12.323,87.3,0.0,88.5,1372.0,88.8,2060s_7100.txt
2060s,7100,Novec_7100,13.434,78.5,0.0,88.5,1372.0,87.9,2060s_7100.txt
2060s,7100,Novec_7100,1.099,79.6,0.0,85.8,1372.0,88.7,2060s_7100.txt
2060s,7100,Novec_7100,2.217,67.6,0.0,85.8,1372.0,86.6,2060s_7100.txt
2060s,7100,Novec_7100,3.279,83.9,0.0,85.8,1372.0,88.7,2060s_7100.txt
2060s,7100,Novec_7100,4.592,49.8,0.0,85.8,1372.0,86.9,2060s_7100.txt
2060s,7100,Novec_7100,5.819,77.0,0.0,85.8,1372.0,88.2,2060s_7100.txt
2060s,7100,Novec_7100,6.902,82.0,0.0,85.8,1372.0,88.6,2060s_7100.txt
2060s,7100,Novec_7100,8.016,80.2,0.0,85.8,1372.0,88.8,2060s_7100.txt
2060s,7100,Novec_7100,9.127,71.7,0.0,85.8,1372.0,87.7,2060s_7100.txt
2060s,7100,Novec_7100,10.229,80.7,0.0,85.8,1372.0,89.0,2060s_7100.txt
2060s,7100,Novec_7100,11.336,77.5,0.0,85.8,1372.0,88.7,2060s_7100.txt
2060s,7100,Novec_7100,12.435,82.9,0.0,85.8,1372.0,88.6,2060s_7100.txt
2060s,7100,Novec_7100,13.539,79.8,0.0,85.8,1372.0,88.8,2060s_7100.txt
2060s,7100,Novec_7100,14.631,71.4,0.0,85.8,1372.0,87.6,2060s_7100.txt
2060s,7100,Novec_7100,1.1179999999999999,70.3,0.0,89.0,1372.0,87.6,2060s_7100.txt
2060s,7100,Novec_7100,2.225,87.4,0.0,89.0,1372.0,88.8,2060s_7100.txt
2060s,7100,Novec_7100,3.326,74.9,0.0,89.0,1372.0,87.6,2060s_7100.txt
2060s,7100,Novec_7100,4.438,82.4,0.0,89.0,1372.0,89.1,2060s_7100.txt
2060s,7100,Novec_7100,5.541,65.2,0.0,89.0,1372.0,87.3,2060s_7100.txt
2060s,7100,Novec_7100,6.651,75.1,0.0,89.0,1372.0,89.7,2060s_7100.txt
2060s,7100,Novec_7100,7.766,78.6,0.0,89.0,1372.0,88.2,2060s_7100.txt
2060s,7100,Novec_7100,8.872,77.7,0.0,89.0,1372.0,88.1,2060s_7100.txt
2060s,7100,Novec_7100,9.989,118.5,0.0,89.0,1372.0,90.3,2060s_7100.txt
2060s,7100,Novec_7100,11.084,79.5,0.0,89.0,1372.0,88.3,2060s_7100.txt
2060s,7100,Novec_7100,12.181,81.9,0.0,89.0,1372.0,88.7,2060s_7100.txt
2060s,7100,Novec_7100,13.275,78.8,0.0,89.0,1372.0,88.4,2060s_7100.txt
2060s,7100,Novec_7100,1.092,78.4,0.0,88.2,1372.0,88.4,2060s_7100.txt
2060s,7100,Novec_7100,2.186,84.0,0.0,88.2,1372.0,88.3,2060s_7100.txt
2060s,7100,Novec_7100,3.31,79.3,0.0,88.2,1372.0,88.4,2060s_7100.txt
2060s,7100,Novec_7100,4.422,80.1,0.0,88.2,1372.0,88.6,2060s_7100.txt
2060s,7100,Novec_7100,5.539,82.0,0.0,88.2,1372.0,86.4,2060s_7100.txt
2060s,7100,Novec_7100,6.65,86.6,0.0,88.2,1372.0,89.7,2060s_7100.txt
2060s,7100,Novec_7100,7.747,82.7,0.0,88.2,1372.0,89.0,2060s_7100.txt
2060s,7100,Novec_7100,8.846,74.6,0.0,88.2,1372.0,88.3,2060s_7100.txt
2060s,7100,Novec_7100,9.936,75.2,0.0,88.2,1372.0,87.3,2060s_7100.txt
2060s,7100,Novec_7100,11.038,81.6,0.0,88.2,1372.0,88.9,2060s_7100.txt
2060s,7100,Novec_7100,12.155,55.7,0.0,88.2,1372.0,86.7,2060s_7100.txt
2060s,7100,Novec_7100,13.262,86.4,0.0,88.2,1372.0,88.9,2060s_7100.txt
2060s,7100,Novec_7100,14.358,81.6,0.0,88.2,1372.0,88.8,2060s_7100.txt
2060s,7100,Novec_7100,1.153,82.2,0.0,85.1,1372.0,89.0,2060s_7100.txt
2060s,7100,Novec_7100,2.265,83.2,0.0,85.1,1372.0,88.3,2060s_7100.txt
2060s,7100,Novec_7100,3.362,59.0,0.0,85.1,1372.0,86.2,2060s_7100.txt
2060s,7100,Novec_7100,4.461,86.0,0.0,85.1,1372.0,89.0,2060s_7100.txt
2060s,7100,Novec_7100,5.558,81.3,0.0,85.1,1372.0,89.1,2060s_7100.txt
2060s,7100,Novec_7100,6.648,85.4,0.0,85.1,1372.0,89.1,2060s_7100.txt
2060s,7100,Novec_7100,7.765,79.8,0.0,85.1,1372.0,88.8,2060s_7100.txt
2060s,7100,Novec_7100,8.866,84.5,0.0,85.1,1372.0,88.8,2060s_7100.txt
2060s,7100,Novec_7100,9.977,74.2,0.0,85.1,1372.0,87.7,2060s_7100.txt
2060s,7100,Novec_7100,11.057,71.9,0.0,85.1,1372.0,87.7,2060s_7100.txt
2060s,7100,Novec_7100,12.148,85.2,0.0,85.1,1372.0,89.0,2060s_7100.txt
2060s,7100,Novec_7100,13.26,78.7,0.0,85.1,1372.0,88.3,2060s_7100.txt
2060s,7100,Novec_7100,1.09,78.5,0.0,89.0,1372.0,88.7,2060s_7100.txt
2060s,7100,Novec_7100,2.187,79.9,0.0,89.0,1372.0,88.8,2060s_7100.txt
2060s,7100,Novec_7100,3.303,78.6,0.0,89.0,1372.0,88.5,2060s_7100.txt
2060s,7100,Novec_7100,4.409,85.8,0.0,89.0,1372.0,88.2,2060s_7100.txt
2060s,7100,Novec_7100,5.509,78.8,0.0,89.0,1372.0,88.3,2060s_7100.txt
2060s,7100,Novec_7100,6.626,79.2,0.0,89.0,1372.0,88.2,2060s_7100.txt
2060s,7100,Novec_7100,7.72,77.7,0.0,89.0,1372.0,88.6,2060s_7100.txt
2060s,7100,Novec_7100,8.816,79.3,0.0,89.0,1372.0,88.7,2060s_7100.txt
2060s,7100,Novec_7100,9.914,78.0,0.0,89.0,1372.0,88.1,2060s_7100.txt
2060s,7100,Novec_7100,10.996,77.9,0.0,89.0,1372.0,88.5,2060s_7100.txt
2060s,7100,Novec_7100,12.103,71.2,0.0,89.0,1372.0,87.7,2060s_7100.txt
2060s,7100,Novec_7100,13.224,76.2,0.0,89.0,1372.0,87.8,2060s_7100.txt
2060s,7100,Novec_7100,14.316,79.9,0.0,89.0,1372.0,88.2,2060s_7100.txt
2060s,7100,Novec_7100,1.109,79.0,0.0,87.9,1372.0,88.0,2060s_7100.txt
2060s,7100,Novec_7100,2.212,73.2,0.0,87.9,1372.0,87.6,2060s_7100.txt
2060s,7100,Novec_7100,3.329,82.8,0.0,87.9,1372.0,89.1,2060s_7100.txt
2060s,7100,Novec_7100,4.535,73.3,0.0,87.9,1372.0,87.8,2060s_7100.txt
2060s,7100,Novec_7100,5.63,81.8,0.0,87.9,1372.0,88.9,2060s_7100.txt
2060s,7100,Novec_7100,6.739,73.1,0.0,87.9,1372.0,87.8,2060s_7100.txt
2060s,7100,Novec_7100,7.812,64.7,0.0,87.9,1372.0,87.3,2060s_7100.txt
2060s,7100,Novec_7100,8.912,81.8,0.0,87.9,1372.0,89.1,2060s_7100.txt
2060s,7100,Novec_7100,10.02,82.9,0.0,87.9,1372.0,89.1,2060s_7100.txt
2060s,7100,Novec_7100,11.123,74.0,0.0,87.9,1372.0,87.5,2060s_7100.txt
2060s,7100,Novec_7100,12.211,80.7,0.0,87.9,1372.0,88.1,2060s_7100.txt
2060s,7100,Novec_7100,13.312,85.0,0.0,87.9,1372.0,89.3,2060s_7100.txt
2060s,7100,Novec_7100,14.417,45.0,0.0,87.9,1372.0,84.2,2060s_7100.txt
2060s,7100,Novec_7100,1.099,18.1,0.0,82.6,1372.0,75.5,2060s_7100.txt
2060s,7100,Novec_7100,2.21,17.2,0.0,82.6,1372.0,70.9,2060s_7100.txt
2060s,7100,Novec_7100,3.409,15.9,0.0,82.6,1372.0,68.6,2060s_7100.txt
2060s,7100,Novec_7100,4.555,10.4,0.0,82.6,1372.0,64.7,2060s_7100.txt
2060s,7100,Novec_7100,5.784,10.1,0.0,82.6,1372.0,62.7,2060s_7100.txt
2060s,7100,Novec_7100,6.854,10.5,0.0,82.6,1372.0,61.6,2060s_7100.txt
2060s,7100,Novec_7100,7.959,9.7,0.0,82.6,1372.0,60.8,2060s_7100.txt
2060s,7100,Novec_7100,9.029,10.0,0.0,82.6,1372.0,60.4,2060s_7100.txt
2060s,7100,Novec_7100,10.166,10.5,0.0,82.6,1372.0,60.1,2060s_7100.txt
2060s,7100,Novec_7100,11.272,10.4,0.0,82.6,1372.0,60.1,2060s_7100.txt
2060s,7100,Novec_7100,12.357,11.6,0.0,82.6,1372.0,60.0,2060s_7100.txt
2060s,7100,Novec_7100,13.456,9.1,0.0,82.6,1372.0,59.4,2060s_7100.txt
2060s,7100,Novec_7100,1.104,9.7,0.0,59.4,1372.0,59.1,2060s_7100.txt
2060s,7100,Novec_7100,2.194,9.9,0.0,59.4,1372.0,59.2,2060s_7100.txt
2060s,7100,Novec_7100,3.325,11.2,0.0,59.4,1372.0,59.3,2060s_7100.txt
2060s,7100,Novec_7100,4.423,11.4,0.0,59.4,1372.0,59.3,2060s_7100.txt
2060s,7100,Novec_7100,5.529,11.2,0.0,59.4,1372.0,59.6,2060s_7100.txt
2060s,7100,Novec_7100,6.614,10.6,0.0,59.4,1372.0,59.5,2060s_7100.txt
2060s,7100,Novec_7100,7.84,10.2,0.0,59.4,1372.0,59.3,2060s_7100.txt
2060s,7100,Novec_7100,8.936,10.5,0.0,59.4,1372.0,59.0,2060s_7100.txt
2060s,7100,Novec_7100,10.029,21.6,0.0,59.4,1372.0,63.6,2060s_7100.txt
2060s,7100,Novec_7100,11.14,23.9,0.0,59.4,1372.0,66.8,2060s_7100.txt
2060s,7100,Novec_7100,12.246,25.0,0.0,59.4,1372.0,68.6,2060s_7100.txt
2060s,7100,Novec_7100,13.352,24.5,0.0,59.4,1372.0,69.7,2060s_7100.txt
2060s,7100,Novec_7100,1.092,10.4,0.0,64.6,1372.0,62.6,2060s_7100.txt
2060s,7100,Novec_7100,2.281,10.7,0.0,64.6,1372.0,61.2,2060s_7100.txt
2060s,7100,Novec_7100,3.3890000000000002,11.0,0.0,64.6,1372.0,61.1,2060s_7100.txt
2060s,7100,Novec_7100,4.621,11.8,0.0,64.6,1372.0,60.5,2060s_7100.txt
2060s,7100,Novec_7100,5.699,12.9,0.0,64.6,1372.0,60.7,2060s_7100.txt
2060s,7100,Novec_7100,6.788,15.5,0.0,64.6,1372.0,63.3,2060s_7100.txt
2060s,7100,Novec_7100,7.892,14.3,0.0,64.6,1372.0,63.7,2060s_7100.txt
2060s,7100,Novec_7100,9.007,11.4,0.0,64.6,1372.0,61.8,2060s_7100.txt
2060s,7100,Novec_7100,10.132,10.3,0.0,64.6,1372.0,60.7,2060s_7100.txt
2060s,7100,Novec_7100,11.31,11.9,0.0,64.6,1372.0,60.4,2060s_7100.txt
2060s,7100,Novec_7100,12.422,26.4,0.0,64.6,1372.0,67.0,2060s_7100.txt
2060s,7100,Novec_7100,13.519,21.0,0.0,64.6,1372.0,68.8,2060s_7100.txt
2060s,7100,Novec_7100,14.62,16.7,0.0,64.6,1372.0,66.7,2060s_7100.txt
2060s,7100,Novec_7100,1.129,16.8,0.0,66.7,1372.0,66.3,2060s_7100.txt
2060s,7100,Novec_7100,2.242,16.4,0.0,66.7,1372.0,66.5,2060s_7100.txt
2060s,7100,Novec_7100,3.351,19.0,0.0,66.7,1372.0,67.3,2060s_7100.txt
2060s,7100,Novec_7100,4.462,18.5,0.0,66.7,1372.0,67.3,2060s_7100.txt
2060s,7100,Novec_7100,5.551,15.0,0.0,66.7,1372.0,66.0,2060s_7100.txt
2060s,7100,Novec_7100,6.642,14.5,0.0,66.7,1372.0,65.7,2060s_7100.txt
2060s,7100,Novec_7100,7.748,13.5,0.0,66.7,1372.0,64.5,2060s_7100.txt
2060s,7100,Novec_7100,8.881,11.0,0.0,66.7,1372.0,62.4,2060s_7100.txt
2060s,7100,Novec_7100,9.999,10.1,0.0,66.7,1372.0,61.0,2060s_7100.txt
2060s,7100,Novec_7100,11.088,9.8,0.0,66.7,1372.0,60.2,2060s_7100.txt
2060s,7100,Novec_7100,12.32,9.0,0.0,66.7,1372.0,59.4,2060s_7100.txt
2060s,7100,Novec_7100,13.529,9.6,0.0,66.7,1372.0,59.1,2060s_7100.txt
2060s,7100,Novec_7100,1.133,9.9,0.0,59.2,1372.0,58.9,2060s_7100.txt
2060s,7100,Novec_7100,2.212,9.4,0.0,59.2,1372.0,58.8,2060s_7100.txt
2060s,7100,Novec_7100,3.325,9.3,0.0,59.2,1372.0,58.8,2060s_7100.txt
2060s,7100,Novec_7100,4.468,9.1,0.0,59.2,1372.0,58.6,2060s_7100.txt
2060s,7100,Novec_7100,5.567,10.4,0.0,59.2,1372.0,58.9,2060s_7100.txt
2060s,7100,Novec_7100,6.688,10.2,0.0,59.2,1372.0,58.8,2060s_7100.txt
2060s,7100,Novec_7100,7.793,11.0,0.0,59.2,1372.0,58.8,2060s_7100.txt
2060s,7100,Novec_7100,8.897,9.5,0.0,59.2,1372.0,58.4,2060s_7100.txt
2060s,7100,Novec_7100,9.97,9.3,0.0,59.2,1372.0,58.5,2060s_7100.txt
2060s,7100,Novec_7100,11.1,10.1,0.0,59.2,1372.0,58.5,2060s_7100.txt
2060s,7100,Novec_7100,12.294,10.0,0.0,59.2,1372.0,58.3,2060s_7100.txt
2060s,7100,Novec_7100,13.387,9.9,0.0,59.2,1372.0,58.3,2060s_7100.txt
2060s,7100,Novec_7100,14.51,10.6,0.0,59.2,1372.0,58.6,2060s_7100.txt
2060s,7100,Novec_7100,1.125,10.7,0.0,58.4,1372.0,58.6,2060s_7100.txt
2060s,7100,Novec_7100,2.221,10.7,0.0,58.4,1372.0,58.7,2060s_7100.txt
2060s,7100,Novec_7100,3.314,10.2,0.0,58.4,1372.0,58.8,2060s_7100.txt
2060s,7100,Novec_7100,4.44,9.7,0.0,58.4,1372.0,58.6,2060s_7100.txt
2060s,7100,Novec_7100,5.547,9.4,0.0,58.4,1372.0,58.4,2060s_7100.txt
2060s,7100,Novec_7100,6.6370000000000005,9.3,0.0,58.4,1372.0,58.3,2060s_7100.txt
2060s,7100,Novec_7100,7.729,9.9,0.0,58.4,1372.0,58.3,2060s_7100.txt
2060s,7100,Novec_7100,8.841,9.9,0.0,58.4,1372.0,58.4,2060s_7100.txt
2060s,7100,Novec_7100,9.932,9.4,0.0,58.4,1372.0,58.5,2060s_7100.txt
2060s,7100,Novec_7100,11.123,11.1,0.0,58.4,1372.0,58.8,2060s_7100.txt
2060s,7100,Novec_7100,12.339,10.7,0.0,58.4,1372.0,59.0,2060s_7100.txt
2060s,7100,Novec_7100,13.441,10.8,0.0,58.4,1372.0,59.0,2060s_7100.txt
2060s,7100,Novec_7100,1.076,10.2,0.0,59.1,1372.0,59.1,2060s_7100.txt
2060s,7100,Novec_7100,2.205,10.3,0.0,59.1,1372.0,58.8,2060s_7100.txt
2060s,7100,Novec_7100,3.312,10.2,0.0,59.1,1372.0,58.7,2060s_7100.txt
2060s,7100,Novec_7100,4.392,9.2,0.0,59.1,1372.0,58.6,2060s_7100.txt
2060s,7100,Novec_7100,5.616,10.5,0.0,59.1,1372.0,58.8,2060s_7100.txt
2060s,7100,Novec_7100,6.71,10.4,0.0,59.1,1372.0,58.7,2060s_7100.txt
2060s,7100,Novec_7100,7.768,10.4,0.0,59.1,1372.0,58.7,2060s_7100.txt
2060s,7100,Novec_7100,8.892,12.1,0.0,59.1,1372.0,59.1,2060s_7100.txt
2060s,7100,Novec_7100,9.965,12.4,0.0,59.1,1372.0,59.3,2060s_7100.txt
2060s,7100,Novec_7100,11.074,13.1,0.0,59.1,1372.0,59.7,2060s_7100.txt
2060s,7100,Novec_7100,12.176,13.5,0.0,59.1,1372.0,59.7,2060s_7100.txt
2060s,7100,Novec_7100,13.252,11.1,0.0,59.1,1372.0,59.6,2060s_7100.txt
2060s,7100,Novec_7100,14.386,9.4,0.0,59.1,1372.0,59.0,2060s_7100.txt
2060s,7100,Novec_7100,1.08,10.4,0.0,58.7,1372.0,59.0,2060s_7100.txt
2060s,7100,Novec_7100,2.21,9.7,0.0,58.7,1372.0,58.8,2060s_7100.txt
2060s,7100,Novec_7100,3.304,10.2,0.0,58.7,1372.0,59.1,2060s_7100.txt
2060s,7100,Novec_7100,4.379,11.7,0.0,58.7,1372.0,59.3,2060s_7100.txt
2060s,7100,Novec_7100,5.501,13.9,0.0,58.7,1372.0,59.6,2060s_7100.txt
2060s,7100,Novec_7100,6.589,16.0,0.0,58.7,1372.0,62.0,2060s_7100.txt
2060s,7100,Novec_7100,7.701,16.8,0.0,58.7,1372.0,64.2,2060s_7100.txt
2060s,7100,Novec_7100,8.785,15.0,0.0,58.7,1372.0,64.5,2060s_7100.txt
2060s,7100,Novec_7100,9.894,15.3,0.0,58.7,1372.0,64.5,2060s_7100.txt
2060s,7100,Novec_7100,10.989,13.9,0.0,58.7,1372.0,63.5,2060s_7100.txt
2060s,7100,Novec_7100,12.128,10.7,0.0,58.7,1372.0,61.9,2060s_7100.txt
2060s,7100,Novec_7100,13.193,10.8,0.0,58.7,1372.0,61.1,2060s_7100.txt
2060s,7100,Novec_7100,1.09,19.2,0.0,63.3,1372.0,65.3,2060s_7100.txt
2060s,7100,Novec_7100,2.301,21.6,0.0,63.3,1372.0,67.3,2060s_7100.txt
2060s,7100,Novec_7100,3.404,18.2,0.0,63.3,1372.0,67.6,2060s_7100.txt
2060s,7100,Novec_7100,4.518,15.3,0.0,63.3,1372.0,66.5,2060s_7100.txt
2060s,7100,Novec_7100,5.61,14.6,0.0,63.3,1372.0,65.7,2060s_7100.txt
2060s,7100,Novec_7100,6.703,13.5,0.0,63.3,1372.0,63.8,2060s_7100.txt
2060s,7100,Novec_7100,7.905,10.4,0.0,63.3,1372.0,61.8,2060s_7100.txt
2060s,7100,Novec_7100,9.021,10.2,0.0,63.3,1372.0,60.7,2060s_7100.txt
2060s,7100,Novec_7100,10.12,9.8,0.0,63.3,1372.0,59.8,2060s_7100.txt
2060s,7100,Novec_7100,11.217,9.6,0.0,63.3,1372.0,59.4,2060s_7100.txt
2060s,7100,Novec_7100,12.31,9.1,0.0,63.3,1372.0,59.0,2060s_7100.txt
2060s,7100,Novec_7100,13.413,9.1,0.0,63.3,1372.0,58.8,2060s_7100.txt
2060s,7100,Novec_7100,14.505,9.9,0.0,63.3,1372.0,58.6,2060s_7100.txt
2060s,7100,Novec_7100,1.109,9.6,0.0,58.7,1372.0,58.6,2060s_7100.txt
2060s,7100,Novec_7100,2.213,10.1,0.0,58.7,1372.0,58.6,2060s_7100.txt
2060s,7100,Novec_7100,3.287,10.1,0.0,58.7,1372.0,58.6,2060s_7100.txt
2060s,7100,Novec_7100,4.399,10.8,0.0,58.7,1372.0,58.8,2060s_7100.txt
2060s,7100,Novec_7100,5.498,9.0,0.0,58.7,1372.0,58.5,2060s_7100.txt
2060s,7100,Novec_7100,6.608,9.3,0.0,58.7,1372.0,58.3,2060s_7100.txt
2060s,7100,Novec_7100,7.699,9.9,0.0,58.7,1372.0,58.4,2060s_7100.txt
2060s,7100,Novec_7100,8.807,10.0,0.0,58.7,1372.0,58.3,2060s_7100.txt
2060s,7100,Novec_7100,9.89,9.7,0.0,58.7,1372.0,58.1,2060s_7100.txt
2060s,7100,Novec_7100,10.972,9.6,0.0,58.7,1372.0,58.2,2060s_7100.txt
2060s,7100,Novec_7100,12.092,11.0,0.0,58.7,1372.0,58.4,2060s_7100.txt
2060s,7100,Novec_7100,13.204,9.8,0.0,58.7,1372.0,58.3,2060s_7100.txt
2060s,7100,Novec_7100,1.082,10.3,0.0,58.5,1372.0,58.6,2060s_7100.txt
2060s,7100,Novec_7100,2.204,11.0,0.0,58.5,1372.0,58.8,2060s_7100.txt
2060s,7100,Novec_7100,3.273,9.6,0.0,58.5,1372.0,58.6,2060s_7100.txt
2060s,7100,Novec_7100,4.404,9.6,0.0,58.5,1372.0,58.4,2060s_7100.txt
2060s,7100,Novec_7100,5.498,10.0,0.0,58.5,1372.0,58.4,2060s_7100.txt
2060s,7100,Novec_7100,6.615,9.4,0.0,58.5,1372.0,58.2,2060s_7100.txt
2060s,7100,Novec_7100,7.824,9.5,0.0,58.5,1372.0,58.2,2060s_7100.txt
2060s,7100,Novec_7100,8.914,11.6,0.0,58.5,1372.0,58.4,2060s_7100.txt
2060s,7100,Novec_7100,10.04,11.0,0.0,58.5,1372.0,58.4,2060s_7100.txt
2060s,7100,Novec_7100,11.125,11.0,0.0,58.5,1372.0,58.7,2060s_7100.txt
2060s,7100,Novec_7100,12.306,10.3,0.0,58.5,1372.0,58.8,2060s_7100.txt
2060s,7100,Novec_7100,13.391,12.1,0.0,58.5,1372.0,59.1,2060s_7100.txt
2060s,7100,Novec_7100,14.491,12.1,0.0,58.5,1372.0,59.4,2060s_7100.txt
2060s,7100,Novec_7100,1.113,9.8,0.0,59.1,1372.0,58.8,2060s_7100.txt
2060s,7100,Novec_7100,2.21,9.3,0.0,59.1,1372.0,58.6,2060s_7100.txt
2060s,7100,Novec_7100,3.39,10.2,0.0,59.1,1372.0,58.4,2060s_7100.txt
2060s,7100,Novec_7100,4.499,11.3,0.0,59.1,1372.0,58.7,2060s_7100.txt
2060s,7100,Novec_7100,5.723,11.2,0.0,59.1,1372.0,58.8,2060s_7100.txt
2060s,7100,Novec_7100,6.796,10.4,0.0,59.1,1372.0,58.8,2060s_7100.txt
2060s,7100,Novec_7100,7.893,11.3,0.0,59.1,1372.0,59.2,2060s_7100.txt
2060s,7100,Novec_7100,8.989,11.1,0.0,59.1,1372.0,59.4,2060s_7100.txt
2060s,7100,Novec_7100,10.085,11.3,0.0,59.1,1372.0,59.7,2060s_7100.txt
2060s,7100,Novec_7100,11.192,11.0,0.0,59.1,1372.0,59.6,2060s_7100.txt
2060s,7100,Novec_7100,12.264,11.7,0.0,59.1,1372.0,59.9,2060s_7100.txt
2060s,7100,Novec_7100,13.355,11.2,0.0,59.1,1372.0,59.4,2060s_7100.txt
2060s,7100,Novec_7100,1.144,10.1,0.0,58.8,1372.0,59.0,2060s_7100.txt
2060s,7100,Novec_7100,2.237,10.6,0.0,58.8,1372.0,58.8,2060s_7100.txt
2060s,7100,Novec_7100,3.302,10.3,0.0,58.8,1372.0,58.9,2060s_7100.txt
2060s,7100,Novec_7100,4.407,11.2,0.0,58.8,1372.0,59.1,2060s_7100.txt
2060s,7100,Novec_7100,5.524,10.8,0.0,58.8,1372.0,59.3,2060s_7100.txt
2060s,7100,Novec_7100,6.5969999999999995,14.7,0.0,58.8,1372.0,61.3,2060s_7100.txt
2060s,7100,Novec_7100,7.694,15.3,0.0,58.8,1372.0,63.2,2060s_7100.txt
2060s,7100,Novec_7100,8.799,15.6,0.0,58.8,1372.0,64.3,2060s_7100.txt
2060s,7100,Novec_7100,9.901,14.6,0.0,58.8,1372.0,64.2,2060s_7100.txt
2060s,7100,Novec_7100,10.999,14.6,0.0,58.8,1372.0,64.5,2060s_7100.txt
2060s,7100,Novec_7100,12.09,14.6,0.0,58.8,1372.0,64.8,2060s_7100.txt
2060s,7100,Novec_7100,13.187,14.8,0.0,58.8,1372.0,65.2,2060s_7100.txt
2060s,7100,Novec_7100,14.269,15.0,0.0,58.8,1372.0,65.3,2060s_7100.txt
2060s,7100,Novec_7100,1.097,17.1,0.0,65.8,1372.0,66.3,2060s_7100.txt
2060s,7100,Novec_7100,2.2,15.0,0.0,65.8,1372.0,65.6,2060s_7100.txt
2060s,7100,Novec_7100,3.283,14.5,0.0,65.8,1372.0,65.3,2060s_7100.txt
2060s,7100,Novec_7100,4.377,14.1,0.0,65.8,1372.0,65.3,2060s_7100.txt
2060s,7100,Novec_7100,5.502,10.5,0.0,65.8,1372.0,62.6,2060s_7100.txt
2060s,7100,Novec_7100,6.594,10.8,0.0,65.8,1372.0,61.3,2060s_7100.txt
2060s,7100,Novec_7100,7.707,10.1,0.0,65.8,1372.0,60.3,2060s_7100.txt
2060s,7100,Novec_7100,8.913,9.7,0.0,65.8,1372.0,59.6,2060s_7100.txt
2060s,7100,Novec_7100,10.04,9.4,0.0,65.8,1372.0,59.3,2060s_7100.txt
2060s,7100,Novec_7100,11.113,10.1,0.0,65.8,1372.0,59.0,2060s_7100.txt
2060s,7100,Novec_7100,12.21,9.8,0.0,65.8,1372.0,58.8,2060s_7100.txt
2060s,7100,Novec_7100,13.32,10.6,0.0,65.8,1372.0,58.9,2060s_7100.txt
2060s,7100,Novec_7100,14.419,11.0,0.0,65.8,1372.0,58.7,2060s_7100.txt
2060s,7100,Novec_7100,1.097,9.9,0.0,58.6,1372.0,58.6,2060s_7100.txt
2060s,7100,Novec_7100,2.206,10.4,0.0,58.6,1372.0,58.6,2060s_7100.txt
2060s,7100,Novec_7100,3.31,10.2,0.0,58.6,1372.0,58.8,2060s_7100.txt
2060s,7100,Novec_7100,4.392,10.4,0.0,58.6,1372.0,58.7,2060s_7100.txt
2060s,7100,Novec_7100,5.513,9.7,0.0,58.6,1372.0,58.5,2060s_7100.txt
2060s,7100,Novec_7100,6.622,9.6,0.0,58.6,1372.0,58.2,2060s_7100.txt
2060s,7100,Novec_7100,7.693,9.2,0.0,58.6,1372.0,58.2,2060s_7100.txt
2060s,7100,Novec_7100,8.828,9.3,0.0,58.6,1372.0,58.2,2060s_7100.txt
2060s,7100,Novec_7100,9.895,9.7,0.0,58.6,1372.0,58.2,2060s_7100.txt
2060s,7100,Novec_7100,11.068,10.0,0.0,58.6,1372.0,58.2,2060s_7100.txt
2060s,7100,Novec_7100,12.105,11.1,0.0,58.6,1372.0,58.3,2060s_7100.txt
2060s,7100,Novec_7100,13.224,11.3,0.0,58.6,1372.0,58.6,2060s_7100.txt
2060s,7100,Novec_7100,1.11,10.6,0.0,58.6,1372.0,58.8,2060s_7100.txt
2060s,7100,Novec_7100,2.195,10.3,0.0,58.6,1372.0,58.9,2060s_7100.txt
2060s,7100,Novec_7100,3.296,9.2,0.0,58.6,1372.0,58.5,2060s_7100.txt
2060s,7100,Novec_7100,4.422,9.2,0.0,58.6,1372.0,58.2,2060s_7100.txt
2060s,7100,Novec_7100,5.513,9.5,0.0,58.6,1372.0,58.3,2060s_7100.txt
2060s,7100,Novec_7100,6.606,9.1,0.0,58.6,1372.0,58.2,2060s_7100.txt
2060s,7100,Novec_7100,7.717,9.7,0.0,58.6,1372.0,58.5,2060s_7100.txt
2060s,7100,Novec_7100,8.787,10.3,0.0,58.6,1372.0,58.6,2060s_7100.txt
2060s,7100,Novec_7100,9.904,10.6,0.0,58.6,1372.0,58.6,2060s_7100.txt
2060s,7100,Novec_7100,10.991,10.7,0.0,58.6,1372.0,58.9,2060s_7100.txt
2060s,7100,Novec_7100,12.078,11.5,0.0,58.6,1372.0,59.3,2060s_7100.txt
2060s,7100,Novec_7100,13.178,10.7,0.0,58.6,1372.0,59.4,2060s_7100.txt
2060s,7100,Novec_7100,14.271,11.9,0.0,58.6,1372.0,59.6,2060s_7100.txt
2060s,7100,Novec_7100,1.097,9.5,0.0,59.0,1372.0,58.8,2060s_7100.txt
2060s,7100,Novec_7100,2.222,9.6,0.0,59.0,1372.0,58.5,2060s_7100.txt
2060s,7100,Novec_7100,3.298,9.2,0.0,59.0,1372.0,58.5,2060s_7100.txt
2060s,7100,Novec_7100,4.414,10.5,0.0,59.0,1372.0,58.8,2060s_7100.txt
2060s,7100,Novec_7100,5.471,11.2,0.0,59.0,1372.0,58.8,2060s_7100.txt
2060s,7100,Novec_7100,6.567,9.8,0.0,59.0,1372.0,59.0,2060s_7100.txt
2060s,7100,Novec_7100,7.664,10.2,0.0,59.0,1372.0,59.3,2060s_7100.txt
2060s,7100,Novec_7100,8.742,11.8,0.0,59.0,1372.0,59.5,2060s_7100.txt
2060s,7100,Novec_7100,9.855,11.7,0.0,59.0,1372.0,59.6,2060s_7100.txt
2060s,7100,Novec_7100,10.975,12.8,0.0,59.0,1372.0,60.2,2060s_7100.txt
2060s,7100,Novec_7100,12.077,17.1,0.0,59.0,1372.0,63.7,2060s_7100.txt
2060s,7100,Novec_7100,13.168,13.6,0.0,59.0,1372.0,62.9,2060s_7100.txt
2060s,7100,Novec_7100,1.073,11.0,0.0,61.5,1372.0,60.8,2060s_7100.txt
2060s,7100,Novec_7100,2.179,11.4,0.0,61.5,1372.0,60.2,2060s_7100.txt
2060s,7100,Novec_7100,3.261,14.6,0.0,61.5,1372.0,62.2,2060s_7100.txt
2060s,7100,Novec_7100,4.356,15.4,0.0,61.5,1372.0,63.9,2060s_7100.txt
2060s,7100,Novec_7100,5.473,15.7,0.0,61.5,1372.0,64.9,2060s_7100.txt
2060s,7100,Novec_7100,6.5649999999999995,14.3,0.0,61.5,1372.0,64.6,2060s_7100.txt
2060s,7100,Novec_7100,7.641,14.3,0.0,61.5,1372.0,64.8,2060s_7100.txt
2060s,7100,Novec_7100,8.747,14.9,0.0,61.5,1372.0,65.2,2060s_7100.txt
2060s,7100,Novec_7100,9.836,15.1,0.0,61.5,1372.0,65.4,2060s_7100.txt
2060s,7100,Novec_7100,10.936,15.8,0.0,61.5,1372.0,65.6,2060s_7100.txt
2060s,7100,Novec_7100,12.031,17.6,0.0,61.5,1372.0,66.5,2060s_7100.txt
2060s,7100,Novec_7100,13.11,17.4,0.0,61.5,1372.0,66.4,2060s_7100.txt
2060s,7100,Novec_7100,14.216,15.5,0.0,61.5,1372.0,65.8,2060s_7100.txt
2060s,7100,Novec_7100,1.107,14.3,0.0,65.6,1372.0,65.3,2060s_7100.txt
2060s,7100,Novec_7100,2.225,10.3,0.0,65.6,1372.0,62.4,2060s_7100.txt
2060s,7100,Novec_7100,3.323,9.4,0.0,65.6,1372.0,60.9,2060s_7100.txt
2060s,7100,Novec_7100,4.534,10.9,0.0,65.6,1372.0,60.3,2060s_7100.txt
2060s,7100,Novec_7100,5.639,9.4,0.0,65.6,1372.0,59.6,2060s_7100.txt
2060s,7100,Novec_7100,6.717,9.9,0.0,65.6,1372.0,59.3,2060s_7100.txt
2060s,7100,Novec_7100,7.807,9.2,0.0,65.6,1372.0,59.0,2060s_7100.txt
2060s,7100,Novec_7100,9.028,10.0,0.0,65.6,1372.0,58.8,2060s_7100.txt
2060s,7100,Novec_7100,10.128,9.3,0.0,65.6,1372.0,58.6,2060s_7100.txt
2060s,7100,Novec_7100,11.241,9.6,0.0,65.6,1372.0,58.4,2060s_7100.txt
2060s,7100,Novec_7100,12.350999999999999,9.3,0.0,65.6,1372.0,58.6,2060s_7100.txt
2060s,7100,Novec_7100,13.452,9.7,0.0,65.6,1372.0,58.5,2060s_7100.txt
2060s,7100,Novec_7100,14.551,9.8,0.0,65.6,1372.0,58.8,2060s_7100.txt
2060s,7100,Novec_7100,1.105,9.8,0.0,58.9,1372.0,58.7,2060s_7100.txt
2060s,7100,Novec_7100,2.218,9.2,0.0,58.9,1372.0,58.4,2060s_7100.txt
2060s,7100,Novec_7100,3.331,10.3,0.0,58.9,1372.0,58.5,2060s_7100.txt
2060s,7100,Novec_7100,4.431,9.8,0.0,58.9,1372.0,58.3,2060s_7100.txt
2060s,7100,Novec_7100,5.545,9.2,0.0,58.9,1372.0,58.3,2060s_7100.txt
2060s,7100,Novec_7100,6.644,9.9,0.0,58.9,1372.0,58.3,2060s_7100.txt
2060s,7100,Novec_7100,7.726,11.0,0.0,58.9,1372.0,58.6,2060s_7100.txt
2060s,7100,Novec_7100,8.82,10.5,0.0,58.9,1372.0,58.8,2060s_7100.txt
2060s,7100,Novec_7100,9.919,10.0,0.0,58.9,1372.0,59.0,2060s_7100.txt
2060s,7100,Novec_7100,11.137,10.9,0.0,58.9,1372.0,59.1,2060s_7100.txt
2060s,7100,Novec_7100,12.226,10.1,0.0,58.9,1372.0,58.9,2060s_7100.txt
2060s,7100,Novec_7100,13.319,10.1,0.0,58.9,1372.0,58.8,2060s_7100.txt
2060s,7100,Novec_7100,1.09,9.6,0.0,58.8,1372.0,58.5,2060s_7100.txt
2060s,7100,Novec_7100,2.184,9.6,0.0,58.8,1372.0,58.5,2060s_7100.txt
2060s,7100,Novec_7100,3.287,10.7,0.0,58.8,1372.0,58.7,2060s_7100.txt
2060s,7100,Novec_7100,4.407,11.3,0.0,58.8,1372.0,58.9,2060s_7100.txt
2060s,7100,Novec_7100,5.496,12.2,0.0,58.8,1372.0,59.2,2060s_7100.txt
2060s,7100,Novec_7100,6.575,11.8,0.0,58.8,1372.0,59.3,2060s_7100.txt
2060s,7100,Novec_7100,7.68,11.2,0.0,58.8,1372.0,59.5,2060s_7100.txt
2060s,7100,Novec_7100,8.775,11.2,0.0,58.8,1372.0,59.5,2060s_7100.txt
2060s,7100,Novec_7100,9.855,9.9,0.0,58.8,1372.0,59.0,2060s_7100.txt
2060s,7100,Novec_7100,10.942,9.6,0.0,58.8,1372.0,58.8,2060s_7100.txt
2060s,7100,Novec_7100,12.054,11.4,0.0,58.8,1372.0,58.7,2060s_7100.txt
2060s,7100,Novec_7100,13.146,10.1,0.0,58.8,1372.0,58.7,2060s_7100.txt
2060s,7100,Novec_7100,14.265,11.0,0.0,58.8,1372.0,59.0,2060s_7100.txt
2060s,7100,Novec_7100,1.1280000000000001,9.7,0.0,59.0,1372.0,58.9,2060s_7100.txt
2060s,7100,Novec_7100,2.224,12.0,0.0,59.0,1372.0,59.3,2060s_7100.txt
2060s,7100,Novec_7100,3.301,11.5,0.0,59.0,1372.0,59.3,2060s_7100.txt
2060s,7100,Novec_7100,4.404,12.2,0.0,59.0,1372.0,59.6,2060s_7100.txt
2060s,7100,Novec_7100,5.541,13.7,0.0,59.0,1372.0,60.1,2060s_7100.txt
2060s,7100,Novec_7100,6.635,15.4,0.0,59.0,1372.0,62.4,2060s_7100.txt
2060s,7100,Novec_7100,7.755,14.7,0.0,59.0,1372.0,63.5,2060s_7100.txt
2060s,7100,Novec_7100,8.85,13.6,0.0,59.0,1372.0,62.4,2060s_7100.txt
2060s,7100,Novec_7100,9.943,10.2,0.0,59.0,1372.0,60.9,2060s_7100.txt
2060s,7100,Novec_7100,11.069,10.7,0.0,59.0,1372.0,60.6,2060s_7100.txt
2060s,7100,Novec_7100,12.164,12.0,0.0,59.0,1372.0,60.4,2060s_7100.txt
2060s,7100,Novec_7100,13.252,16.4,0.0,59.0,1372.0,63.4,2060s_7100.txt
2060s,7100,Novec_7100,1.116,15.3,0.0,64.7,1372.0,65.3,2060s_7100.txt
2060s,7100,Novec_7100,2.217,15.4,0.0,64.7,1372.0,65.2,2060s_7100.txt
2060s,7100,Novec_7100,3.322,15.3,0.0,64.7,1372.0,65.4,2060s_7100.txt
2060s,7100,Novec_7100,4.521,15.6,0.0,64.7,1372.0,65.9,2060s_7100.txt
2060s,7100,Novec_7100,5.625,16.6,0.0,64.7,1372.0,66.7,2060s_7100.txt
2060s,7100,Novec_7100,6.71,17.0,0.0,64.7,1372.0,66.8,2060s_7100.txt
2060s,7100,Novec_7100,7.807,21.1,0.0,64.7,1372.0,67.8,2060s_7100.txt
2060s,7100,Novec_7100,8.898,18.0,0.0,64.7,1372.0,68.3,2060s_7100.txt
2060s,7100,Novec_7100,9.985,15.9,0.0,64.7,1372.0,67.4,2060s_7100.txt
2060s,7100,Novec_7100,11.1,15.3,0.0,64.7,1372.0,66.6,2060s_7100.txt
2060s,7100,Novec_7100,12.184,14.8,0.0,64.7,1372.0,66.2,2060s_7100.txt
2060s,7100,Novec_7100,13.32,10.2,0.0,64.7,1372.0,63.6,2060s_7100.txt
2060s,7100,Novec_7100,14.491,10.4,0.0,64.7,1372.0,61.6,2060s_7100.txt
2060s,7100,Novec_7100,1.169,9.1,0.0,60.6,1372.0,59.8,2060s_7100.txt
2060s,7100,Novec_7100,2.22,9.5,0.0,60.6,1372.0,59.4,2060s_7100.txt
2060s,7100,Novec_7100,3.385,9.2,0.0,60.6,1372.0,59.1,2060s_7100.txt
2060s,7100,Novec_7100,4.517,10.2,0.0,60.6,1372.0,59.0,2060s_7100.txt
2060s,7100,Novec_7100,5.616,9.6,0.0,60.6,1372.0,58.8,2060s_7100.txt
2060s,7100,Novec_7100,6.714,10.2,0.0,60.6,1372.0,58.8,2060s_7100.txt
2060s,7100,Novec_7100,7.828,10.3,0.0,60.6,1372.0,58.8,2060s_7100.txt
2060s,7100,Novec_7100,8.943,9.7,0.0,60.6,1372.0,58.8,2060s_7100.txt
2060s,7100,Novec_7100,10.02,10.2,0.0,60.6,1372.0,58.9,2060s_7100.txt
2060s,7100,Novec_7100,11.102,9.1,0.0,60.6,1372.0,58.7,2060s_7100.txt
2060s,7100,Novec_7100,12.197,9.1,0.0,60.6,1372.0,58.5,2060s_7100.txt
2060s,7100,Novec_7100,13.279,9.6,0.0,60.6,1372.0,58.5,2060s_7100.txt
2060s,7100,Novec_7100,1.097,10.0,0.0,58.6,1372.0,58.6,2060s_7100.txt
2060s,7100,Novec_7100,2.172,9.9,0.0,58.6,1372.0,58.4,2060s_7100.txt
2060s,7100,Novec_7100,3.295,9.4,0.0,58.6,1372.0,58.5,2060s_7100.txt
2060s,7100,Novec_7100,4.389,9.8,0.0,58.6,1372.0,58.8,2060s_7100.txt
2060s,7100,Novec_7100,5.501,10.1,0.0,58.6,1372.0,58.7,2060s_7100.txt
2060s,7100,Novec_7100,6.715,10.6,0.0,58.6,1372.0,59.2,2060s_7100.txt
2060s,7100,Novec_7100,7.79,10.6,0.0,58.6,1372.0,59.0,2060s_7100.txt
2060s,7100,Novec_7100,8.914,8.9,0.0,58.6,1372.0,58.7,2060s_7100.txt
2060s,7100,Novec_7100,10.012,10.3,0.0,58.6,1372.0,58.7,2060s_7100.txt
2060s,7100,Novec_7100,11.109,9.8,0.0,58.6,1372.0,58.4,2060s_7100.txt
2060s,7100,Novec_7100,12.17,9.9,0.0,58.6,1372.0,58.6,2060s_7100.txt
2060s,7100,Novec_7100,13.297,9.9,0.0,58.6,1372.0,58.7,2060s_7100.txt
2060s,7100,Novec_7100,14.427,12.1,0.0,58.6,1372.0,58.8,2060s_7100.txt
2060s,7100,Novec_7100,1.104,11.2,0.0,58.9,1372.0,59.5,2060s_7100.txt
2060s,7100,Novec_7100,2.294,11.7,0.0,58.9,1372.0,59.7,2060s_7100.txt
2060s,7100,Novec_7100,3.3810000000000002,12.8,0.0,58.9,1372.0,60.5,2060s_7100.txt
2060s,7100,Novec_7100,4.505,14.1,0.0,58.9,1372.0,62.7,2060s_7100.txt
2060s,7100,Novec_7100,5.616,13.5,0.0,58.9,1372.0,62.0,2060s_7100.txt
2060s,7100,Novec_7100,6.711,10.3,0.0,58.9,1372.0,60.9,2060s_7100.txt
2060s,7100,Novec_7100,7.856,11.8,0.0,58.9,1372.0,60.3,2060s_7100.txt
2060s,7100,Novec_7100,8.933,11.7,0.0,58.9,1372.0,60.2,2060s_7100.txt
2060s,7100,Novec_7100,10.05,12.1,0.0,58.9,1372.0,60.1,2060s_7100.txt
2060s,7100,Novec_7100,11.148,12.1,0.0,58.9,1372.0,60.3,2060s_7100.txt
2060s,7100,Novec_7100,12.244,12.5,0.0,58.9,1372.0,60.5,2060s_7100.txt
2060s,7100,Novec_7100,13.315,14.7,0.0,58.9,1372.0,63.0,2060s_7100.txt
2060s,7100,Novec_7100,1.081,10.6,0.0,62.9,1372.0,61.4,2060s_7100.txt
2060s,7100,Novec_7100,2.184,10.7,0.0,62.9,1372.0,60.9,2060s_7100.txt
2060s,7100,Novec_7100,3.282,10.8,0.0,62.9,1372.0,60.3,2060s_7100.txt
2060s,7100,Novec_7100,4.3870000000000005,15.6,0.0,62.9,1372.0,63.4,2060s_7100.txt
2060s,7100,Novec_7100,5.47,15.8,0.0,62.9,1372.0,64.6,2060s_7100.txt
2060s,7100,Novec_7100,6.579,16.3,0.0,62.9,1372.0,65.6,2060s_7100.txt
2060s,7100,Novec_7100,7.688,14.7,0.0,62.9,1372.0,65.3,2060s_7100.txt
2060s,7100,Novec_7100,8.812,14.8,0.0,62.9,1372.0,65.3,2060s_7100.txt
2060s,7100,Novec_7100,9.913,15.2,0.0,62.9,1372.0,65.7,2060s_7100.txt
2060s,7100,Novec_7100,11.042,16.2,0.0,62.9,1372.0,66.0,2060s_7100.txt
2060s,7100,Novec_7100,12.155,16.3,0.0,62.9,1372.0,66.4,2060s_7100.txt
2060s,7100,Novec_7100,13.247,17.7,0.0,62.9,1372.0,67.0,2060s_7100.txt
2060s,7100,Novec_7100,14.364,18.7,0.0,62.9,1372.0,67.4,2060s_7100.txt
2060s,7100,Novec_7100,1.098,15.0,0.0,66.3,1372.0,66.0,2060s_7100.txt
2060s,7100,Novec_7100,2.227,14.7,0.0,66.3,1372.0,65.7,2060s_7100.txt
2060s,7100,Novec_7100,3.307,10.7,0.0,66.3,1372.0,62.8,2060s_7100.txt
2060s,7100,Novec_7100,4.409,9.8,0.0,66.3,1372.0,61.3,2060s_7100.txt
2060s,7100,Novec_7100,5.534,9.4,0.0,66.3,1372.0,60.3,2060s_7100.txt
2060s,7100,Novec_7100,6.712,10.1,0.0,66.3,1372.0,59.8,2060s_7100.txt
2060s,7100,Novec_7100,7.8309999999999995,9.2,0.0,66.3,1372.0,59.3,2060s_7100.txt
2060s,7100,Novec_7100,8.902,9.7,0.0,66.3,1372.0,59.1,2060s_7100.txt
2060s,7100,Novec_7100,10.023,9.4,0.0,66.3,1372.0,59.0,2060s_7100.txt
2060s,7100,Novec_7100,11.126,9.8,0.0,66.3,1372.0,58.6,2060s_7100.txt
2060s,7100,Novec_7100,12.221,10.0,0.0,66.3,1372.0,58.6,2060s_7100.txt
2060s,7100,Novec_7100,13.328,9.4,0.0,66.3,1372.0,58.7,2060s_7100.txt
2060s,7100,Novec_7100,1.203,9.6,0.0,58.4,1372.0,58.6,2060s_7100.txt
2060s,7100,Novec_7100,2.432,9.5,0.0,58.4,1372.0,58.6,2060s_7100.txt
2060s,7100,Novec_7100,3.519,10.3,0.0,58.4,1372.0,58.4,2060s_7100.txt
2060s,7100,Novec_7100,4.631,9.9,0.0,58.4,1372.0,58.4,2060s_7100.txt
2060s,7100,Novec_7100,5.728,9.6,0.0,58.4,1372.0,58.4,2060s_7100.txt
2060s,7100,Novec_7100,6.845,9.1,0.0,58.4,1372.0,58.2,2060s_7100.txt
2060s,7100,Novec_7100,7.936,9.7,0.0,58.4,1372.0,58.2,2060s_7100.txt
2060s,7100,Novec_7100,9.043,10.0,0.0,58.4,1372.0,58.4,2060s_7100.txt
2060s,7100,Novec_7100,10.12,9.7,0.0,58.4,1372.0,58.4,2060s_7100.txt
2060s,7100,Novec_7100,11.219,11.1,0.0,58.4,1372.0,58.6,2060s_7100.txt
2060s,7100,Novec_7100,12.417,9.7,0.0,58.4,1372.0,58.5,2060s_7100.txt
2060s,7100,Novec_7100,13.543,10.0,0.0,58.4,1372.0,58.6,2060s_7100.txt
2060s,7100,Novec_7100,14.633,9.8,0.0,58.4,1372.0,58.3,2060s_7100.txt
2060s,7100,Novec_7100,1.097,9.4,0.0,58.3,1372.0,58.3,2060s_7100.txt
2060s,7100,Novec_7100,2.173,10.4,0.0,58.3,1372.0,58.5,2060s_7100.txt
2060s,7100,Novec_7100,3.271,10.1,0.0,58.3,1372.0,58.3,2060s_7100.txt
2060s,7100,Novec_7100,4.399,11.1,0.0,58.3,1372.0,58.8,2060s_7100.txt
2060s,7100,Novec_7100,5.492,11.4,0.0,58.3,1372.0,58.9,2060s_7100.txt
2060s,7100,Novec_7100,6.678,10.7,0.0,58.3,1372.0,59.1,2060s_7100.txt
2060s,7100,Novec_7100,7.771,10.8,0.0,58.3,1372.0,59.1,2060s_7100.txt
2060s,7100,Novec_7100,8.912,10.8,0.0,58.3,1372.0,59.3,2060s_7100.txt
2060s,7100,Novec_7100,9.985,10.1,0.0,58.3,1372.0,59.3,2060s_7100.txt
2060s,7100,Novec_7100,11.088,10.1,0.0,58.3,1372.0,59.1,2060s_7100.txt
2060s,7100,Novec_7100,12.193,9.5,0.0,58.3,1372.0,58.8,2060s_7100.txt
2060s,7100,Novec_7100,13.285,9.5,0.0,58.3,1372.0,58.6,2060s_7100.txt
2060s,7100,Novec_7100,1.103,10.7,0.0,58.9,1372.0,59.0,2060s_7100.txt
2060s,7100,Novec_7100,2.211,10.6,0.0,58.9,1372.0,59.0,2060s_7100.txt
2060s,7100,Novec_7100,3.319,10.5,0.0,58.9,1372.0,59.2,2060s_7100.txt
2060s,7100,Novec_7100,4.411,11.1,0.0,58.9,1372.0,59.2,2060s_7100.txt
2060s,7100,Novec_7100,5.5440000000000005,10.5,0.0,58.9,1372.0,59.4,2060s_7100.txt
2060s,7100,Novec_7100,6.616,10.7,0.0,58.9,1372.0,59.6,2060s_7100.txt
2060s,7100,Novec_7100,7.823,10.0,0.0,58.9,1372.0,59.4,2060s_7100.txt
2060s,7100,Novec_7100,8.922,9.1,0.0,58.9,1372.0,59.0,2060s_7100.txt
2060s,7100,Novec_7100,10.008,10.3,0.0,58.9,1372.0,58.8,2060s_7100.txt
2060s,7100,Novec_7100,11.131,11.2,0.0,58.9,1372.0,58.9,2060s_7100.txt
2060s,7100,Novec_7100,12.204,10.5,0.0,58.9,1372.0,58.8,2060s_7100.txt
2060s,7100,Novec_7100,13.356,10.6,0.0,58.9,1372.0,59.0,2060s_7100.txt
2060s,7100,Novec_7100,14.434,10.1,0.0,58.9,1372.0,59.1,2060s_7100.txt
2060s,7100,Novec_7100,1.139,10.6,0.0,59.5,1372.0,59.6,2060s_7100.txt
2060s,7100,Novec_7100,2.235,12.5,0.0,59.5,1372.0,59.9,2060s_7100.txt
2060s,7100,Novec_7100,3.314,14.7,0.0,59.5,1372.0,62.2,2060s_7100.txt
2060s,7100,Novec_7100,4.413,14.9,0.0,59.5,1372.0,63.5,2060s_7100.txt
2060s,7100,Novec_7100,5.503,14.8,0.0,59.5,1372.0,64.2,2060s_7100.txt
2060s,7100,Novec_7100,6.63,14.1,0.0,59.5,1372.0,64.2,2060s_7100.txt
2060s,7100,Novec_7100,7.718,11.5,0.0,59.5,1372.0,62.4,2060s_7100.txt
2060s,7100,Novec_7100,8.785,12.0,0.0,59.5,1372.0,61.7,2060s_7100.txt
2060s,7100,Novec_7100,9.882,15.9,0.0,59.5,1372.0,64.3,2060s_7100.txt
2060s,7100,Novec_7100,11.096,16.0,0.0,59.5,1372.0,65.4,2060s_7100.txt
2060s,7100,Novec_7100,12.193,15.7,0.0,59.5,1372.0,65.7,2060s_7100.txt
2060s,7100,Novec_7100,13.303,14.6,0.0,59.5,1372.0,65.4,2060s_7100.txt
2060s,7100,Novec_7100,1.12,13.5,0.0,65.3,1372.0,63.2,2060s_7100.txt
2060s,7100,Novec_7100,2.246,10.3,0.0,65.3,1372.0,61.3,2060s_7100.txt
2060s,7100,Novec_7100,3.308,10.2,0.0,65.3,1372.0,60.3,2060s_7100.txt
2060s,7100,Novec_7100,4.438,9.3,0.0,65.3,1372.0,60.0,2060s_7100.txt
2060s,7100,Novec_7100,5.655,9.6,0.0,65.3,1372.0,59.4,2060s_7100.txt
2060s,7100,Novec_7100,6.734,10.2,0.0,65.3,1372.0,59.2,2060s_7100.txt
2060s,7100,Novec_7100,7.855,9.4,0.0,65.3,1372.0,59.1,2060s_7100.txt
2060s,7100,Novec_7100,8.954,9.5,0.0,65.3,1372.0,59.0,2060s_7100.txt
2060s,7100,Novec_7100,10.028,10.4,0.0,65.3,1372.0,59.0,2060s_7100.txt
2060s,7100,Novec_7100,11.136,9.9,0.0,65.3,1372.0,58.9,2060s_7100.txt
2060s,7100,Novec_7100,12.218,10.4,0.0,65.3,1372.0,58.9,2060s_7100.txt
2060s,7100,Novec_7100,13.309,10.1,0.0,65.3,1372.0,58.9,2060s_7100.txt
2060s,7100,Novec_7100,14.407,9.5,0.0,65.3,1372.0,58.7,2060s_7100.txt
2060s,7100,Novec_7100,1.1320000000000001,10.0,0.0,58.7,1372.0,58.6,2060s_7100.txt
2060s,7100,Novec_7100,2.2359999999999998,9.7,0.0,58.7,1372.0,58.7,2060s_7100.txt
2060s,7100,Novec_7100,3.319,9.6,0.0,58.7,1372.0,58.5,2060s_7100.txt
2060s,7100,Novec_7100,4.433,10.0,0.0,58.7,1372.0,58.6,2060s_7100.txt
2060s,7100,Novec_7100,5.526,9.6,0.0,58.7,1372.0,58.7,2060s_7100.txt
2060s,7100,Novec_7100,6.721,10.1,0.0,58.7,1372.0,58.8,2060s_7100.txt
2060s,7100,Novec_7100,7.813,10.0,0.0,58.7,1372.0,59.0,2060s_7100.txt
2060s,7100,Novec_7100,8.914,9.6,0.0,58.7,1372.0,58.6,2060s_7100.txt
2060s,7100,Novec_7100,10.011,9.2,0.0,58.7,1372.0,58.2,2060s_7100.txt
2060s,7100,Novec_7100,11.117,10.0,0.0,58.7,1372.0,58.3,2060s_7100.txt
2060s,7100,Novec_7100,12.337,9.6,0.0,58.7,1372.0,58.2,2060s_7100.txt
2060s,7100,Novec_7100,13.445,10.0,0.0,58.7,1372.0,58.1,2060s_7100.txt
2060s,7100,Novec_7100,1.119,10.5,0.0,58.3,1372.0,58.6,2060s_7100.txt
2060s,7100,Novec_7100,2.183,10.2,0.0,58.3,1372.0,58.4,2060s_7100.txt
2060s,7100,Novec_7100,3.335,11.3,0.0,58.3,1372.0,58.8,2060s_7100.txt
2060s,7100,Novec_7100,4.555,10.4,0.0,58.3,1372.0,58.8,2060s_7100.txt
2060s,7100,Novec_7100,5.6129999999999995,10.7,0.0,58.3,1372.0,59.0,2060s_7100.txt
2060s,7100,Novec_7100,6.713,10.5,0.0,58.3,1372.0,59.0,2060s_7100.txt
2060s,7100,Novec_7100,7.818,9.9,0.0,58.3,1372.0,58.7,2060s_7100.txt
2060s,7100,Novec_7100,8.909,9.4,0.0,58.3,1372.0,58.5,2060s_7100.txt
2060s,7100,Novec_7100,9.988,10.0,0.0,58.3,1372.0,58.5,2060s_7100.txt
2060s,7100,Novec_7100,11.076,10.4,0.0,58.3,1372.0,58.5,2060s_7100.txt
2060s,7100,Novec_7100,12.208,9.7,0.0,58.3,1372.0,58.6,2060s_7100.txt
2060s,7100,Novec_7100,13.307,10.4,0.0,58.3,1372.0,58.6,2060s_7100.txt
2060s,7100,Novec_7100,14.408,9.6,0.0,58.3,1372.0,58.8,2060s_7100.txt
2060s,7100,Novec_7100,1.072,11.1,0.0,59.0,1372.0,59.3,2060s_7100.txt
2060s,7100,Novec_7100,2.169,11.7,0.0,59.0,1372.0,59.6,2060s_7100.txt
2060s,7100,Novec_7100,3.2800000000000002,10.9,0.0,59.0,1372.0,59.7,2060s_7100.txt
2060s,7100,Novec_7100,4.381,11.0,0.0,59.0,1372.0,59.3,2060s_7100.txt
2060s,7100,Novec_7100,5.492,10.2,0.0,59.0,1372.0,58.8,2060s_7100.txt
2060s,7100,Novec_7100,6.589,9.8,0.0,59.0,1372.0,58.8,2060s_7100.txt
2060s,7100,Novec_7100,7.699,12.2,0.0,59.0,1372.0,58.9,2060s_7100.txt
2060s,7100,Novec_7100,8.768,11.1,0.0,59.0,1372.0,58.9,2060s_7100.txt
2060s,7100,Novec_7100,9.848,11.0,0.0,59.0,1372.0,59.3,2060s_7100.txt
2060s,7100,Novec_7100,10.957,11.1,0.0,59.0,1372.0,59.5,2060s_7100.txt
2060s,7100,Novec_7100,12.041,11.6,0.0,59.0,1372.0,59.7,2060s_7100.txt
2060s,7100,Novec_7100,13.15,11.7,0.0,59.0,1372.0,60.1,2060s_7100.txt
2060s,7100,Novec_7100,14.223,16.3,0.0,59.0,1372.0,63.1,2060s_7100.txt
2060s,7100,Novec_7100,1.114,14.5,0.0,63.9,1372.0,64.3,2060s_7100.txt
2060s,7100,Novec_7100,2.219,13.6,0.0,63.9,1372.0,62.8,2060s_7100.txt
2060s,7100,Novec_7100,3.337,11.5,0.0,63.9,1372.0,61.6,2060s_7100.txt
2060s,7100,Novec_7100,4.427,11.4,0.0,63.9,1372.0,61.0,2060s_7100.txt
2060s,7100,Novec_7100,5.541,11.1,0.0,63.9,1372.0,60.8,2060s_7100.txt
2060s,7100,Novec_7100,6.64,17.5,0.0,63.9,1372.0,64.0,2060s_7100.txt
2060s,7100,Novec_7100,7.733,18.4,0.0,63.9,1372.0,66.0,2060s_7100.txt
2060s,7100,Novec_7100,8.86,15.1,0.0,63.9,1372.0,65.4,2060s_7100.txt
2060s,7100,Novec_7100,9.939,14.5,0.0,63.9,1372.0,65.3,2060s_7100.txt
2060s,7100,Novec_7100,11.028,14.5,0.0,63.9,1372.0,65.3,2060s_7100.txt
2060s,7100,Novec_7100,12.16,10.0,0.0,63.9,1372.0,62.8,2060s_7100.txt
2060s,7100,Novec_7100,13.354,9.3,0.0,63.9,1372.0,61.1,2060s_7100.txt
2060s,7100,Novec_7100,1.139,10.1,0.0,60.0,1372.0,59.5,2060s_7100.txt
2060s,7100,Novec_7100,2.336,9.7,0.0,60.0,1372.0,59.0,2060s_7100.txt
2060s,7100,Novec_7100,3.434,10.0,0.0,60.0,1372.0,58.9,2060s_7100.txt
2060s,7100,Novec_7100,4.534,9.3,0.0,60.0,1372.0,58.7,2060s_7100.txt
2060s,7100,Novec_7100,5.607,9.7,0.0,60.0,1372.0,58.7,2060s_7100.txt
2060s,7100,Novec_7100,6.829,9.3,0.0,60.0,1372.0,58.5,2060s_7100.txt
2060s,7100,Novec_7100,7.939,9.3,0.0,60.0,1372.0,58.5,2060s_7100.txt
2060s,7100,Novec_7100,9.044,10.1,0.0,60.0,1372.0,58.5,2060s_7100.txt
2060s,7100,Novec_7100,10.232,9.3,0.0,60.0,1372.0,58.6,2060s_7100.txt
2060s,7100,Novec_7100,11.357,9.9,0.0,60.0,1372.0,58.6,2060s_7100.txt
2060s,7100,Novec_7100,12.458,10.0,0.0,60.0,1372.0,58.3,2060s_7100.txt
2060s,7100,Novec_7100,13.579,10.0,0.0,60.0,1372.0,58.4,2060s_7100.txt
2060s,7100,Novec_7100,1.077,10.0,0.0,58.3,1372.0,58.3,2060s_7100.txt
2060s,7100,Novec_7100,2.2,9.2,0.0,58.3,1372.0,58.2,2060s_7100.txt
2060s,7100,Novec_7100,3.31,9.7,0.0,58.3,1372.0,58.2,2060s_7100.txt
2060s,7100,Novec_7100,4.406,9.9,0.0,58.3,1372.0,58.2,2060s_7100.txt
2060s,7100,Novec_7100,5.5280000000000005,10.4,0.0,58.3,1372.0,58.5,2060s_7100.txt
2060s,7100,Novec_7100,6.598,10.1,0.0,58.3,1372.0,58.4,2060s_7100.txt
2060s,7100,Novec_7100,7.7219999999999995,10.4,0.0,58.3,1372.0,58.7,2060s_7100.txt
2060s,7100,Novec_7100,8.855,9.1,0.0,58.3,1372.0,58.4,2060s_7100.txt
2060s,7100,Novec_7100,9.975,9.9,0.0,58.3,1372.0,58.2,2060s_7100.txt
2060s,7100,Novec_7100,11.065,9.4,0.0,58.3,1372.0,58.1,2060s_7100.txt
2060s,7100,Novec_7100,12.194,9.8,0.0,58.3,1372.0,58.1,2060s_7100.txt
2060s,7100,Novec_7100,13.304,9.2,0.0,58.3,1372.0,58.2,2060s_7100.txt
2060s,7100,Novec_7100,14.377,10.3,0.0,58.3,1372.0,58.2,2060s_7100.txt
2060s,7100,Novec_7100,1.12,11.4,0.0,58.5,1372.0,58.8,2060s_7100.txt
2060s,7100,Novec_7100,2.202,10.6,0.0,58.5,1372.0,59.1,2060s_7100.txt
2060s,7100,Novec_7100,3.275,11.1,0.0,58.5,1372.0,59.3,2060s_7100.txt
2060s,7100,Novec_7100,4.405,10.9,0.0,58.5,1372.0,59.2,2060s_7100.txt
2060s,7100,Novec_7100,5.476,9.7,0.0,58.5,1372.0,58.9,2060s_7100.txt
2060s,7100,Novec_7100,6.621,9.5,0.0,58.5,1372.0,58.7,2060s_7100.txt
2060s,7100,Novec_7100,7.678,10.3,0.0,58.5,1372.0,58.5,2060s_7100.txt
2060s,7100,Novec_7100,8.82,10.4,0.0,58.5,1372.0,58.7,2060s_7100.txt
2060s,7100,Novec_7100,9.886,10.6,0.0,58.5,1372.0,58.9,2060s_7100.txt
2060s,7100,Novec_7100,10.996,10.6,0.0,58.5,1372.0,58.9,2060s_7100.txt
2060s,7100,Novec_7100,12.091,10.7,0.0,58.5,1372.0,59.0,2060s_7100.txt
2060s,7100,Novec_7100,13.191,10.5,0.0,58.5,1372.0,59.3,2060s_7100.txt
2060s,7100,Novec_7100,1.086,14.9,0.0,59.6,1372.0,61.3,2060s_7100.txt
2060s,7100,Novec_7100,2.178,14.9,0.0,59.6,1372.0,63.2,2060s_7100.txt
2060s,7100,Novec_7100,3.314,13.9,0.0,59.6,1372.0,62.3,2060s_7100.txt
2060s,7100,Novec_7100,4.41,11.2,0.0,59.6,1372.0,60.7,2060s_7100.txt
2060s,7100,Novec_7100,5.624,10.0,0.0,59.6,1372.0,60.2,2060s_7100.txt
2060s,7100,Novec_7100,6.724,12.2,0.0,59.6,1372.0,60.2,2060s_7100.txt
2060s,7100,Novec_7100,7.822,13.4,0.0,59.6,1372.0,60.5,2060s_7100.txt
2060s,7100,Novec_7100,8.919,16.3,0.0,59.6,1372.0,63.4,2060s_7100.txt
2060s,7100,Novec_7100,10.038,15.2,0.0,59.6,1372.0,64.9,2060s_7100.txt
2060s,7100,Novec_7100,11.133,14.5,0.0,59.6,1372.0,65.2,2060s_7100.txt
2060s,7100,Novec_7100,12.237,15.4,0.0,59.6,1372.0,64.9,2060s_7100.txt
2060s,7100,Novec_7100,13.344,11.7,0.0,59.6,1372.0,62.6,2060s_7100.txt
2060s,7100,Novec_7100,14.442,12.0,0.0,59.6,1372.0,61.8,2060s_7100.txt
2060s,7100,Novec_7100,1.076,15.1,0.0,61.3,1372.0,62.1,2060s_7100.txt
2060s,7100,Novec_7100,2.199,18.0,0.0,61.3,1372.0,64.6,2060s_7100.txt
2060s,7100,Novec_7100,3.284,20.9,0.0,61.3,1372.0,66.5,2060s_7100.txt
2060s,7100,Novec_7100,4.404,16.1,0.0,61.3,1372.0,66.5,2060s_7100.txt
2060s,7100,Novec_7100,5.504,14.9,0.0,61.3,1372.0,65.8,2060s_7100.txt
2060s,7100,Novec_7100,6.6,14.5,0.0,61.3,1372.0,65.2,2060s_7100.txt
2060s,7100,Novec_7100,7.728,11.2,0.0,61.3,1372.0,63.1,2060s_7100.txt
2060s,7100,Novec_7100,8.957,9.2,0.0,61.3,1372.0,61.2,2060s_7100.txt
2060s,7100,Novec_7100,10.151,10.3,0.0,61.3,1372.0,60.3,2060s_7100.txt
2060s,7100,Novec_7100,11.25,9.7,0.0,61.3,1372.0,59.5,2060s_7100.txt
2060s,7100,Novec_7100,12.327,9.9,0.0,61.3,1372.0,59.2,2060s_7100.txt
2060s,7100,Novec_7100,13.454,9.3,0.0,61.3,1372.0,58.9,2060s_7100.txt
2060s,7100,Novec_7100,1.087,9.7,0.0,58.6,1372.0,58.6,2060s_7100.txt
2060s,7100,Novec_7100,2.206,9.3,0.0,58.6,1372.0,58.4,2060s_7100.txt
2060s,7100,Novec_7100,3.33,9.8,0.0,58.6,1372.0,58.4,2060s_7100.txt
2060s,7100,Novec_7100,4.439,9.8,0.0,58.6,1372.0,58.4,2060s_7100.txt
2060s,7100,Novec_7100,5.516,10.3,0.0,58.6,1372.0,58.4,2060s_7100.txt
2060s,7100,Novec_7100,6.6370000000000005,9.8,0.0,58.6,1372.0,58.5,2060s_7100.txt
2060s,7100,Novec_7100,7.72,9.7,0.0,58.6,1372.0,58.4,2060s_7100.txt
2060s,7100,Novec_7100,8.841,9.6,0.0,58.6,1372.0,58.3,2060s_7100.txt
2060s,7100,Novec_7100,9.929,9.8,0.0,58.6,1372.0,58.3,2060s_7100.txt
2060s,7100,Novec_7100,11.04,9.0,0.0,58.6,1372.0,58.0,2060s_7100.txt
2060s,7100,Novec_7100,12.232,9.3,0.0,58.6,1372.0,58.1,2060s_7100.txt
2060s,7100,Novec_7100,13.32,9.9,0.0,58.6,1372.0,58.0,2060s_7100.txt
2060s,7100,Novec_7100,14.438,9.9,0.0,58.6,1372.0,58.2,2060s_7100.txt
2060s,7100,Novec_7100,1.1219999999999999,9.7,0.0,58.3,1372.0,58.5,2060s_7100.txt
2060s,7100,Novec_7100,2.23,9.8,0.0,58.3,1372.0,58.5,2060s_7100.txt
2060s,7100,Novec_7100,3.315,9.5,0.0,58.3,1372.0,58.6,2060s_7100.txt
2060s,7100,Novec_7100,4.441,9.5,0.0,58.3,1372.0,58.3,2060s_7100.txt
2060s,7100,Novec_7100,5.502,9.3,0.0,58.3,1372.0,58.1,2060s_7100.txt
2060s,7100,Novec_7100,6.6129999999999995,9.0,0.0,58.3,1372.0,58.0,2060s_7100.txt
2060s,7100,Novec_7100,7.693,10.3,0.0,58.3,1372.0,58.2,2060s_7100.txt
2060s,7100,Novec_7100,8.776,10.6,0.0,58.3,1372.0,58.3,2060s_7100.txt
2060s,7100,Novec_7100,9.863,9.8,0.0,58.3,1372.0,58.4,2060s_7100.txt
2060s,7100,Novec_7100,10.946,10.4,0.0,58.3,1372.0,58.5,2060s_7100.txt
2060s,7100,Novec_7100,12.085,10.1,0.0,58.3,1372.0,58.6,2060s_7100.txt
2060s,7100,Novec_7100,13.148,10.8,0.0,58.3,1372.0,58.8,2060s_7100.txt
2060s,7100,Novec_7100,1.095,9.2,0.0,59.0,1372.0,58.5,2060s_7100.txt
2060s,7100,Novec_7100,2.195,9.5,0.0,59.0,1372.0,58.3,2060s_7100.txt
2060s,7100,Novec_7100,3.265,9.4,0.0,59.0,1372.0,58.3,2060s_7100.txt
2060s,7100,Novec_7100,4.36,10.1,0.0,59.0,1372.0,58.3,2060s_7100.txt
2060s,7100,Novec_7100,5.509,10.8,0.0,59.0,1372.0,58.6,2060s_7100.txt
2060s,7100,Novec_7100,6.598,10.4,0.0,59.0,1372.0,58.5,2060s_7100.txt
2060s,7100,Novec_7100,7.696,9.8,0.0,59.0,1372.0,58.6,2060s_7100.txt
2060s,7100,Novec_7100,8.803,12.4,0.0,59.0,1372.0,59.0,2060s_7100.txt
2060s,7100,Novec_7100,9.9,11.3,0.0,59.0,1372.0,59.0,2060s_7100.txt
2060s,7100,Novec_7100,10.987,11.0,0.0,59.0,1372.0,59.3,2060s_7100.txt
2060s,7100,Novec_7100,12.067,13.4,0.0,59.0,1372.0,60.2,2060s_7100.txt
2060s,7100,Novec_7100,13.177,14.5,0.0,59.0,1372.0,62.8,2060s_7100.txt
2060s,7100,Novec_7100,14.291,13.5,0.0,59.0,1372.0,62.2,2060s_7100.txt
2060s,7100,Novec_7100,1.099,11.1,0.0,61.0,1372.0,60.3,2060s_7100.txt
2060s,7100,Novec_7100,2.208,10.3,0.0,61.0,1372.0,60.1,2060s_7100.txt
2060s,7100,Novec_7100,3.292,13.1,0.0,61.0,1372.0,60.4,2060s_7100.txt
2060s,7100,Novec_7100,4.401,11.7,0.0,61.0,1372.0,60.2,2060s_7100.txt
2060s,7100,Novec_7100,5.474,14.9,0.0,61.0,1372.0,62.4,2060s_7100.txt
2060s,7100,Novec_7100,6.548,14.9,0.0,61.0,1372.0,63.8,2060s_7100.txt
2060s,7100,Novec_7100,7.649,14.6,0.0,61.0,1372.0,64.4,2060s_7100.txt
2060s,7100,Novec_7100,8.768,14.8,0.0,61.0,1372.0,64.7,2060s_7100.txt
2060s,7100,Novec_7100,9.864,11.6,0.0,61.0,1372.0,62.7,2060s_7100.txt
2060s,7100,Novec_7100,10.961,11.1,0.0,61.0,1372.0,61.8,2060s_7100.txt
2060s,7100,Novec_7100,12.044,12.6,0.0,61.0,1372.0,61.8,2060s_7100.txt
2060s,7100,Novec_7100,13.161,17.2,0.0,61.0,1372.0,64.6,2060s_7100.txt
2060s,7100,Novec_7100,14.371,17.0,0.0,61.0,1372.0,65.9,2060s_7100.txt
2060s,7100,Novec_7100,1.087,14.8,0.0,66.3,1372.0,66.0,2060s_7100.txt
2060s,7100,Novec_7100,2.198,14.6,0.0,66.3,1372.0,65.9,2060s_7100.txt
2060s,7100,Novec_7100,3.308,13.5,0.0,66.3,1372.0,63.8,2060s_7100.txt
2060s,7100,Novec_7100,4.487,10.1,0.0,66.3,1372.0,62.0,2060s_7100.txt
2060s,7100,Novec_7100,5.521,9.3,0.0,66.3,1372.0,60.7,2060s_7100.txt
2060s,7100,Novec_7100,6.603,9.7,0.0,66.3,1372.0,60.0,2060s_7100.txt
2060s,7100,Novec_7100,7.819,9.4,0.0,66.3,1372.0,59.4,2060s_7100.txt
2060s,7100,Novec_7100,8.929,9.8,0.0,66.3,1372.0,59.1,2060s_7100.txt
2060s,7100,Novec_7100,10.039,9.3,0.0,66.3,1372.0,58.9,2060s_7100.txt
2060s,7100,Novec_7100,11.123,9.7,0.0,66.3,1372.0,58.7,2060s_7100.txt
2060s,7100,Novec_7100,12.224,9.4,0.0,66.3,1372.0,58.8,2060s_7100.txt
2060s,7100,Novec_7100,13.344,9.8,0.0,66.3,1372.0,58.7,2060s_7100.txt
2060s,7100,Novec_7100,1.063,10.1,0.0,58.6,1372.0,58.6,2060s_7100.txt
2060s,7100,Novec_7100,2.15,9.8,0.0,58.6,1372.0,58.7,2060s_7100.txt
2060s,7100,Novec_7100,3.278,9.9,0.0,58.6,1372.0,58.7,2060s_7100.txt
2060s,7100,Novec_7100,4.411,9.9,0.0,58.6,1372.0,58.3,2060s_7100.txt
2060s,7100,Novec_7100,5.496,9.0,0.0,58.6,1372.0,58.2,2060s_7100.txt
2060s,7100,Novec_7100,6.583,9.4,0.0,58.6,1372.0,58.3,2060s_7100.txt
2060s,7100,Novec_7100,7.682,10.0,0.0,58.6,1372.0,58.3,2060s_7100.txt
2060s,7100,Novec_7100,8.793,9.5,0.0,58.6,1372.0,58.4,2060s_7100.txt
2060s,7100,Novec_7100,9.888,9.6,0.0,58.6,1372.0,58.5,2060s_7100.txt
2060s,7100,Novec_7100,10.967,9.6,0.0,58.6,1372.0,58.3,2060s_7100.txt
2060s,7100,Novec_7100,12.086,9.8,0.0,58.6,1372.0,58.5,2060s_7100.txt
2060s,7100,Novec_7100,13.196,10.3,0.0,58.6,1372.0,58.7,2060s_7100.txt
2060s,7100,Novec_7100,14.307,9.2,0.0,58.6,1372.0,58.6,2060s_7100.txt
2060s,7100,Novec_7100,1.126,9.8,0.0,58.2,1372.0,58.3,2060s_7100.txt
2060s,7100,Novec_7100,2.21,9.6,0.0,58.2,1372.0,58.1,2060s_7100.txt
2060s,7100,Novec_7100,3.318,10.1,0.0,58.2,1372.0,58.3,2060s_7100.txt
2060s,7100,Novec_7100,4.416,9.5,0.0,58.2,1372.0,58.3,2060s_7100.txt
2060s,7100,Novec_7100,5.522,10.3,0.0,58.2,1372.0,58.5,2060s_7100.txt
2060s,7100,Novec_7100,6.643,10.1,0.0,58.2,1372.0,58.6,2060s_7100.txt
2060s,7100,Novec_7100,7.731,10.5,0.0,58.2,1372.0,58.7,2060s_7100.txt
2060s,7100,Novec_7100,8.837,10.5,0.0,58.2,1372.0,59.0,2060s_7100.txt
2060s,7100,Novec_7100,9.94,11.1,0.0,58.2,1372.0,59.3,2060s_7100.txt
2060s,7100,Novec_7100,11.034,10.2,0.0,58.2,1372.0,58.9,2060s_7100.txt
2060s,7100,Novec_7100,12.134,9.9,0.0,58.2,1372.0,58.5,2060s_7100.txt
2060s,7100,Novec_7100,13.237,10.1,0.0,58.2,1372.0,58.5,2060s_7100.txt
2060s,7100,Novec_7100,1.091,9.7,0.0,58.3,1372.0,58.4,2060s_7100.txt
2060s,7100,Novec_7100,2.189,10.4,0.0,58.3,1372.0,58.7,2060s_7100.txt
2060s,7100,Novec_7100,3.321,11.1,0.0,58.3,1372.0,58.8,2060s_7100.txt
2060s,7100,Novec_7100,4.398,10.8,0.0,58.3,1372.0,59.0,2060s_7100.txt
2060s,7100,Novec_7100,5.498,10.6,0.0,58.3,1372.0,59.3,2060s_7100.txt
2060s,7100,Novec_7100,6.592,11.2,0.0,58.3,1372.0,59.5,2060s_7100.txt
2060s,7100,Novec_7100,7.686,11.5,0.0,58.3,1372.0,59.8,2060s_7100.txt
2060s,7100,Novec_7100,8.792,10.6,0.0,58.3,1372.0,59.7,2060s_7100.txt
2060s,7100,Novec_7100,9.908,9.4,0.0,58.3,1372.0,59.1,2060s_7100.txt
2060s,7100,Novec_7100,10.991,10.2,0.0,58.3,1372.0,59.0,2060s_7100.txt
2060s,7100,Novec_7100,12.087,10.0,0.0,58.3,1372.0,58.9,2060s_7100.txt
2060s,7100,Novec_7100,13.289,10.8,0.0,58.3,1372.0,58.9,2060s_7100.txt
2060s,7100,Novec_7100,14.397,9.9,0.0,58.3,1372.0,58.8,2060s_7100.txt
2060s,7100,Novec_7100,1.076,10.7,0.0,59.0,1372.0,59.3,2060s_7100.txt
2060s,7100,Novec_7100,2.2,14.3,0.0,59.0,1372.0,62.1,2060s_7100.txt
2060s,7100,Novec_7100,3.308,15.6,0.0,59.0,1372.0,63.9,2060s_7100.txt
2060s,7100,Novec_7100,4.408,14.7,0.0,59.0,1372.0,64.5,2060s_7100.txt
2060s,7100,Novec_7100,5.5120000000000005,15.0,0.0,59.0,1372.0,64.8,2060s_7100.txt
2060s,7100,Novec_7100,6.655,13.5,0.0,59.0,1372.0,63.5,2060s_7100.txt
2060s,7100,Novec_7100,7.769,10.5,0.0,59.0,1372.0,62.0,2060s_7100.txt
2060s,7100,Novec_7100,8.86,11.6,0.0,59.0,1372.0,61.3,2060s_7100.txt
2060s,7100,Novec_7100,9.943999999999999,12.3,0.0,59.0,1372.0,61.3,2060s_7100.txt
2060s,7100,Novec_7100,11.033,15.5,0.0,59.0,1372.0,63.8,2060s_7100.txt
2060s,7100,Novec_7100,12.144,17.4,0.0,59.0,1372.0,65.3,2060s_7100.txt
2060s,7100,Novec_7100,13.23,14.8,0.0,59.0,1372.0,65.5,2060s_7100.txt
2060s,7100,Novec_7100,1.1,14.3,0.0,65.4,1372.0,65.5,2060s_7100.txt
2060s,7100,Novec_7100,2.191,13.5,0.0,65.4,1372.0,63.9,2060s_7100.txt
2060s,7100,Novec_7100,3.323,9.9,0.0,65.4,1372.0,62.0,2060s_7100.txt
2060s,7100,Novec_7100,4.412,10.1,0.0,65.4,1372.0,60.8,2060s_7100.txt
2060s,7100,Novec_7100,5.527,9.1,0.0,65.4,1372.0,59.9,2060s_7100.txt
2060s,7100,Novec_7100,6.6129999999999995,9.5,0.0,65.4,1372.0,59.5,2060s_7100.txt
2060s,7100,Novec_7100,7.724,9.0,0.0,65.4,1372.0,59.1,2060s_7100.txt
2060s,7100,Novec_7100,8.786,9.4,0.0,65.4,1372.0,59.0,2060s_7100.txt
2060s,7100,Novec_7100,9.864,9.8,0.0,65.4,1372.0,58.9,2060s_7100.txt
2060s,7100,Novec_7100,11.002,9.1,0.0,65.4,1372.0,58.6,2060s_7100.txt
2060s,7100,Novec_7100,12.084,9.4,0.0,65.4,1372.0,58.5,2060s_7100.txt
2060s,7100,Novec_7100,13.195,9.1,0.0,65.4,1372.0,58.5,2060s_7100.txt
2060s,7100,Novec_7100,14.258,10.6,0.0,65.4,1372.0,58.6,2060s_7100.txt
2060s,7100,Novec_7100,1.099,10.1,0.0,58.6,1372.0,58.5,2060s_7100.txt
2060s,7100,Novec_7100,2.208,9.6,0.0,58.6,1372.0,58.3,2060s_7100.txt
2060s,7100,Novec_7100,3.285,9.3,0.0,58.6,1372.0,58.4,2060s_7100.txt
2060s,7100,Novec_7100,4.377,9.3,0.0,58.6,1372.0,58.3,2060s_7100.txt
2060s,7100,Novec_7100,5.493,9.4,0.0,58.6,1372.0,58.1,2060s_7100.txt
2060s,7100,Novec_7100,6.586,9.7,0.0,58.6,1372.0,58.4,2060s_7100.txt
2060s,7100,Novec_7100,7.673,9.8,0.0,58.6,1372.0,58.3,2060s_7100.txt
2060s,7100,Novec_7100,8.78,9.9,0.0,58.6,1372.0,58.5,2060s_7100.txt
2060s,7100,Novec_7100,9.86,10.7,0.0,58.6,1372.0,58.6,2060s_7100.txt
2060s,7100,Novec_7100,10.968,10.0,0.0,58.6,1372.0,58.7,2060s_7100.txt
2060s,7100,Novec_7100,12.088,9.2,0.0,58.6,1372.0,58.5,2060s_7100.txt
2060s,7100,Novec_7100,13.221,9.2,0.0,58.6,1372.0,58.3,2060s_7100.txt
2060s,7100,Novec_7100,14.282,9.6,0.0,58.6,1372.0,58.3,2060s_7100.txt
2060s,7100,Novec_7100,1.093,9.5,0.0,58.3,1372.0,58.3,2060s_7100.txt
2060s,7100,Novec_7100,2.182,9.8,0.0,58.3,1372.0,58.3,2060s_7100.txt
2060s,7100,Novec_7100,3.311,10.9,0.0,58.3,1372.0,58.6,2060s_7100.txt
2060s,7100,Novec_7100,4.402,9.9,0.0,58.3,1372.0,58.6,2060s_7100.txt
2060s,7100,Novec_7100,5.631,10.4,0.0,58.3,1372.0,58.9,2060s_7100.txt
2060s,7100,Novec_7100,6.726,11.1,0.0,58.3,1372.0,59.2,2060s_7100.txt
2060s,7100,Novec_7100,7.817,10.5,0.0,58.3,1372.0,59.4,2060s_7100.txt
2060s,7100,Novec_7100,8.937,9.7,0.0,58.3,1372.0,59.2,2060s_7100.txt
2060s,7100,Novec_7100,10.062,10.0,0.0,58.3,1372.0,58.8,2060s_7100.txt
2060s,7100,Novec_7100,11.154,9.7,0.0,58.3,1372.0,58.6,2060s_7100.txt
2060s,7100,Novec_7100,12.274000000000001,9.8,0.0,58.3,1372.0,58.6,2060s_7100.txt
2060s,7100,Novec_7100,13.466,11.1,0.0,58.3,1372.0,58.9,2060s_7100.txt
2060s,7100,Novec_7100,1.073,10.3,0.0,58.8,1372.0,58.9,2060s_7100.txt
2060s,7100,Novec_7100,2.301,10.8,0.0,58.8,1372.0,59.2,2060s_7100.txt
2060s,7100,Novec_7100,3.406,10.3,0.0,58.8,1372.0,59.5,2060s_7100.txt
2060s,7100,Novec_7100,4.483,11.8,0.0,58.8,1372.0,59.7,2060s_7100.txt
2060s,7100,Novec_7100,5.587,12.1,0.0,58.8,1372.0,59.9,2060s_7100.txt
2060s,7100,Novec_7100,6.691,10.8,0.0,58.8,1372.0,59.5,2060s_7100.txt
2060s,7100,Novec_7100,7.801,9.2,0.0,58.8,1372.0,59.1,2060s_7100.txt
2060s,7100,Novec_7100,8.913,10.5,0.0,58.8,1372.0,59.0,2060s_7100.txt
2060s,7100,Novec_7100,10.001,12.3,0.0,58.8,1372.0,59.1,2060s_7100.txt
2060s,7100,Novec_7100,11.107,10.5,0.0,58.8,1372.0,59.1,2060s_7100.txt
2060s,7100,Novec_7100,12.177,10.4,0.0,58.8,1372.0,59.0,2060s_7100.txt
2060s,7100,Novec_7100,13.287,11.2,0.0,58.8,1372.0,59.4,2060s_7100.txt
2060s,7100,Novec_7100,14.394,11.8,0.0,58.8,1372.0,59.6,2060s_7100.txt
2060s,7100,Novec_7100,1.101,11.9,0.0,59.8,1372.0,59.9,2060s_7100.txt
2060s,7100,Novec_7100,2.194,16.3,0.0,59.8,1372.0,63.0,2060s_7100.txt
2060s,7100,Novec_7100,3.288,15.3,0.0,59.8,1372.0,64.1,2060s_7100.txt
2060s,7100,Novec_7100,4.392,14.9,0.0,59.8,1372.0,64.7,2060s_7100.txt
2060s,7100,Novec_7100,5.593,13.7,0.0,59.8,1372.0,64.1,2060s_7100.txt
2060s,7100,Novec_7100,6.721,11.8,0.0,59.8,1372.0,62.5,2060s_7100.txt
2060s,7100,Novec_7100,7.846,12.4,0.0,59.8,1372.0,61.8,2060s_7100.txt
2060s,7100,Novec_7100,8.915,16.2,0.0,59.8,1372.0,64.7,2060s_7100.txt
2060s,7100,Novec_7100,10.006,18.2,0.0,59.8,1372.0,66.1,2060s_7100.txt
2060s,7100,Novec_7100,11.096,15.2,0.0,59.8,1372.0,66.1,2060s_7100.txt
2060s,7100,Novec_7100,12.187,14.9,0.0,59.8,1372.0,65.8,2060s_7100.txt
2060s,7100,Novec_7100,13.285,14.6,0.0,59.8,1372.0,65.8,2060s_7100.txt
2060s,7100,Novec_7100,1.123,10.3,0.0,63.6,1372.0,61.7,2060s_7100.txt
2060s,7100,Novec_7100,2.205,9.8,0.0,63.6,1372.0,60.5,2060s_7100.txt
2060s,7100,Novec_7100,3.282,9.2,0.0,63.6,1372.0,59.9,2060s_7100.txt
2060s,7100,Novec_7100,4.522,9.4,0.0,63.6,1372.0,59.4,2060s_7100.txt
2060s,7100,Novec_7100,5.588,9.0,0.0,63.6,1372.0,59.0,2060s_7100.txt
2060s,7100,Novec_7100,6.682,9.2,0.0,63.6,1372.0,58.9,2060s_7100.txt
2060s,7100,Novec_7100,7.805,9.3,0.0,63.6,1372.0,58.7,2060s_7100.txt
2060s,7100,Novec_7100,8.9,10.0,0.0,63.6,1372.0,58.7,2060s_7100.txt
2060s,7100,Novec_7100,9.995,10.0,0.0,63.6,1372.0,58.6,2060s_7100.txt
2060s,7100,Novec_7100,11.096,9.4,0.0,63.6,1372.0,58.6,2060s_7100.txt
2060s,7100,Novec_7100,12.178,10.3,0.0,63.6,1372.0,58.8,2060s_7100.txt
2060s,7100,Novec_7100,13.293,9.6,0.0,63.6,1372.0,58.6,2060s_7100.txt
2060s,7100,Novec_7100,14.384,9.5,0.0,63.6,1372.0,58.5,2060s_7100.txt
2060s,7100,Novec_7100,1.108,9.8,0.0,58.3,1372.0,58.3,2060s_7100.txt
2060s,7100,Novec_7100,2.194,9.6,0.0,58.3,1372.0,58.3,2060s_7100.txt
2060s,7100,Novec_7100,3.307,9.3,0.0,58.3,1372.0,58.2,2060s_7100.txt
2060s,7100,Novec_7100,4.409,10.0,0.0,58.3,1372.0,58.3,2060s_7100.txt
2060s,7100,Novec_7100,5.51,10.1,0.0,58.3,1372.0,58.6,2060s_7100.txt
2060s,7100,Novec_7100,6.614,9.5,0.0,58.3,1372.0,58.4,2060s_7100.txt
2060s,7100,Novec_7100,7.708,10.4,0.0,58.3,1372.0,58.8,2060s_7100.txt
2060s,7100,Novec_7100,8.82,10.3,0.0,58.3,1372.0,58.8,2060s_7100.txt
2060s,7100,Novec_7100,9.905,11.2,0.0,58.3,1372.0,59.0,2060s_7100.txt
2060s,7100,Novec_7100,10.984,9.5,0.0,58.3,1372.0,58.5,2060s_7100.txt
2060s,7100,Novec_7100,12.116,9.2,0.0,58.3,1372.0,58.4,2060s_7100.txt
2060s,7100,Novec_7100,13.208,10.0,0.0,58.3,1372.0,58.5,2060s_7100.txt
2060s,7100,Novec_7100,1.102,9.8,0.0,58.3,1372.0,58.3,2060s_7100.txt
2060s,7100,Novec_7100,2.211,11.3,0.0,58.3,1372.0,58.7,2060s_7100.txt
2060s,7100,Novec_7100,3.315,9.6,0.0,58.3,1372.0,58.7,2060s_7100.txt
2060s,7100,Novec_7100,4.397,10.3,0.0,58.3,1372.0,58.7,2060s_7100.txt
2060s,7100,Novec_7100,5.532,10.3,0.0,58.3,1372.0,59.0,2060s_7100.txt
2060s,7100,Novec_7100,6.625,10.4,0.0,58.3,1372.0,59.2,2060s_7100.txt
2060s,7100,Novec_7100,7.707,10.3,0.0,58.3,1372.0,59.2,2060s_7100.txt
2060s,7100,Novec_7100,8.805,8.9,0.0,58.3,1372.0,58.9,2060s_7100.txt
2060s,7100,Novec_7100,9.921,10.2,0.0,58.3,1372.0,58.7,2060s_7100.txt
2060s,7100,Novec_7100,11.024,9.5,0.0,58.3,1372.0,58.8,2060s_7100.txt
2060s,7100,Novec_7100,12.144,10.5,0.0,58.3,1372.0,58.7,2060s_7100.txt
2060s,7100,Novec_7100,13.239,11.3,0.0,58.3,1372.0,59.0,2060s_7100.txt
2060s,7100,Novec_7100,14.338,10.2,0.0,58.3,1372.0,59.0,2060s_7100.txt
2060s,7100,Novec_7100,1.112,10.7,0.0,59.2,1372.0,59.4,2060s_7100.txt
2060s,7100,Novec_7100,2.185,12.0,0.0,59.2,1372.0,59.8,2060s_7100.txt
2060s,7100,Novec_7100,3.312,12.2,0.0,59.2,1372.0,60.1,2060s_7100.txt
2060s,7100,Novec_7100,4.506,9.8,0.0,59.2,1372.0,59.8,2060s_7100.txt
2060s,7100,Novec_7100,5.667,9.3,0.0,59.2,1372.0,59.1,2060s_7100.txt
2060s,7100,Novec_7100,6.73,10.0,0.0,59.2,1372.0,59.0,2060s_7100.txt
2060s,7100,Novec_7100,7.84,10.6,0.0,59.2,1372.0,59.0,2060s_7100.txt
2060s,7100,Novec_7100,8.947,11.1,0.0,59.2,1372.0,59.0,2060s_7100.txt
2060s,7100,Novec_7100,10.005,10.8,0.0,59.2,1372.0,59.1,2060s_7100.txt
2060s,7100,Novec_7100,11.126,10.6,0.0,59.2,1372.0,59.1,2060s_7100.txt
2060s,7100,Novec_7100,12.215,11.8,0.0,59.2,1372.0,59.6,2060s_7100.txt
2060s,7100,Novec_7100,13.288,11.9,0.0,59.2,1372.0,59.9,2060s_7100.txt
2060s,7100,Novec_7100,1.082,15.7,0.0,60.2,1372.0,63.5,2060s_7100.txt
2060s,7100,Novec_7100,2.178,14.3,0.0,60.2,1372.0,64.2,2060s_7100.txt
2060s,7100,Novec_7100,3.276,14.9,0.0,60.2,1372.0,65.0,2060s_7100.txt
2060s,7100,Novec_7100,4.366,14.8,0.0,60.2,1372.0,65.4,2060s_7100.txt
2060s,7100,Novec_7100,5.47,13.8,0.0,60.2,1372.0,63.3,2060s_7100.txt
2060s,7100,Novec_7100,6.552,18.4,0.0,60.2,1372.0,65.3,2060s_7100.txt
2060s,7100,Novec_7100,7.656,19.9,0.0,60.2,1372.0,67.5,2060s_7100.txt
2060s,7100,Novec_7100,8.761,17.9,0.0,60.2,1372.0,67.2,2060s_7100.txt
2060s,7100,Novec_7100,9.949,45.2,0.0,60.2,1372.0,78.5,2060s_7100.txt
2060s,7100,Novec_7100,11.183,68.1,0.0,60.2,1372.0,86.3,2060s_7100.txt
2060s,7100,Novec_7100,12.372,62.1,0.0,60.2,1372.0,86.5,2060s_7100.txt
2060s,7100,Novec_7100,13.455,71.1,0.0,60.2,1372.0,87.8,2060s_7100.txt
2060s,7100,Novec_7100,14.565,92.7,0.0,60.2,1372.0,89.2,2060s_7100.txt
2060s,7100,Novec_7100,1.205,66.7,0.0,88.7,1372.0,88.2,2060s_7100.txt
2060s,7100,Novec_7100,2.297,60.5,0.0,88.7,1372.0,86.8,2060s_7100.txt
2060s,7100,Novec_7100,3.391,85.8,0.0,88.7,1372.0,86.9,2060s_7100.txt
2060s,7100,Novec_7100,4.513,96.6,0.0,88.7,1372.0,89.9,2060s_7100.txt
2060s,7100,Novec_7100,5.591,58.4,0.0,88.7,1372.0,87.3,2060s_7100.txt
2060s,7100,Novec_7100,6.675,70.7,0.0,88.7,1372.0,89.2,2060s_7100.txt
2060s,7100,Novec_7100,7.7780000000000005,118.9,0.0,88.7,1372.0,91.8,2060s_7100.txt
2060s,7100,Novec_7100,8.887,103.8,0.0,88.7,1372.0,90.1,2060s_7100.txt
2060s,7100,Novec_7100,10.046,34.5,0.0,88.7,1372.0,82.7,2060s_7100.txt
2060s,7100,Novec_7100,11.101,46.2,0.0,88.7,1372.0,85.2,2060s_7100.txt
2060s,7100,Novec_7100,12.197,65.1,0.0,88.7,1372.0,84.9,2060s_7100.txt
2060s,7100,Novec_7100,13.307,61.4,0.0,88.7,1372.0,83.8,2060s_7100.txt
2060s,7100,Novec_7100,1.225,97.8,0.0,91.1,1372.0,88.8,2060s_7100.txt
2060s,7100,Novec_7100,2.437,105.0,0.0,91.1,1372.0,89.1,2060s_7100.txt
2060s,7100,Novec_7100,3.653,74.2,0.0,91.1,1372.0,87.0,2060s_7100.txt
2060s,7100,Novec_7100,4.874,85.6,0.0,91.1,1372.0,87.3,2060s_7100.txt
2060s,7100,Novec_7100,5.966,52.6,0.0,91.1,1372.0,86.9,2060s_7100.txt
2060s,7100,Novec_7100,7.158,80.8,0.0,91.1,1372.0,85.2,2060s_7100.txt
2060s,7100,Novec_7100,8.226,110.1,0.0,91.1,1372.0,90.2,2060s_7100.txt
2060s,7100,Novec_7100,9.283,49.5,0.0,91.1,1372.0,88.6,2060s_7100.txt
2060s,7100,Novec_7100,10.371,93.4,0.0,91.1,1372.0,90.1,2060s_7100.txt
2060s,7100,Novec_7100,11.475999999999999,81.6,0.0,91.1,1372.0,87.1,2060s_7100.txt
2060s,7100,Novec_7100,12.562,60.8,0.0,91.1,1372.0,86.8,2060s_7100.txt
2060s,7100,Novec_7100,13.766,71.1,0.0,91.1,1372.0,88.1,2060s_7100.txt
2060s,7100,Novec_7100,1.143,76.5,0.0,85.8,1372.0,86.8,2060s_7100.txt
2060s,7100,Novec_7100,2.247,83.2,0.0,85.8,1372.0,87.2,2060s_7100.txt
2060s,7100,Novec_7100,3.459,39.4,0.0,85.8,1372.0,83.3,2060s_7100.txt
2060s,7100,Novec_7100,4.701,43.9,0.0,85.8,1372.0,85.7,2060s_7100.txt
2060s,7100,Novec_7100,5.782,76.0,0.0,85.8,1372.0,88.5,2060s_7100.txt
2060s,7100,Novec_7100,6.879,91.1,0.0,85.8,1372.0,88.9,2060s_7100.txt
2060s,7100,Novec_7100,8.015,91.7,0.0,85.8,1372.0,88.8,2060s_7100.txt
2060s,7100,Novec_7100,9.101,71.3,0.0,85.8,1372.0,88.0,2060s_7100.txt
2060s,7100,Novec_7100,10.39,77.1,0.0,85.8,1372.0,85.6,2060s_7100.txt
2060s,7100,Novec_7100,11.688,24.0,0.0,85.8,1372.0,81.8,2060s_7100.txt
2060s,7100,Novec_7100,12.964,50.7,0.0,85.8,1372.0,88.1,2060s_7100.txt
2060s,7100,Novec_7100,14.057,117.2,0.0,85.8,1372.0,93.4,2060s_7100.txt
2060s,7100,Novec_7100,1.099,67.7,0.0,85.4,1372.0,88.5,2060s_7100.txt
2060s,7100,Novec_7100,2.183,108.3,0.0,85.4,1372.0,90.9,2060s_7100.txt
2060s,7100,Novec_7100,3.3890000000000002,73.4,0.0,85.4,1372.0,88.4,2060s_7100.txt
2060s,7100,Novec_7100,4.533,73.4,0.0,85.4,1372.0,88.6,2060s_7100.txt
2060s,7100,Novec_7100,5.601,41.0,0.0,85.4,1372.0,85.1,2060s_7100.txt
2060s,7100,Novec_7100,6.72,75.1,0.0,85.4,1372.0,88.0,2060s_7100.txt
2060s,7100,Novec_7100,7.827,80.0,0.0,85.4,1372.0,89.5,2060s_7100.txt
2060s,7100,Novec_7100,9.16,47.3,0.0,85.4,1372.0,89.4,2060s_7100.txt
2060s,7100,Novec_7100,10.457,51.9,0.0,85.4,1372.0,87.8,2060s_7100.txt
2060s,7100,Novec_7100,11.664,54.1,0.0,85.4,1372.0,86.2,2060s_7100.txt
2060s,7100,Novec_7100,12.764,70.4,0.0,85.4,1372.0,87.6,2060s_7100.txt
2060s,7100,Novec_7100,13.992,61.2,0.0,85.4,1372.0,85.9,2060s_7100.txt
2060s,7100,Novec_7100,1.204,90.7,0.0,86.3,1372.0,90.5,2060s_7100.txt
2060s,7100,Novec_7100,2.426,116.8,0.0,86.3,1372.0,90.1,2060s_7100.txt
2060s,7100,Novec_7100,3.624,30.3,0.0,86.3,1372.0,82.5,2060s_7100.txt
2060s,7100,Novec_7100,4.723,86.6,0.0,86.3,1372.0,88.9,2060s_7100.txt
2060s,7100,Novec_7100,5.83,63.3,0.0,86.3,1372.0,88.8,2060s_7100.txt
2060s,7100,Novec_7100,7.177,85.3,0.0,86.3,1372.0,87.9,2060s_7100.txt
2060s,7100,Novec_7100,8.296,49.5,0.0,86.3,1372.0,84.6,2060s_7100.txt
2060s,7100,Novec_7100,9.449,88.3,0.0,86.3,1372.0,91.2,2060s_7100.txt
2060s,7100,Novec_7100,10.72,84.7,0.0,86.3,1372.0,89.1,2060s_7100.txt
2060s,7100,Novec_7100,11.842,75.2,0.0,86.3,1372.0,88.1,2060s_7100.txt
2060s,7100,Novec_7100,12.916,51.0,0.0,86.3,1372.0,86.5,2060s_7100.txt
2060s,7100,Novec_7100,1.073,53.7,0.0,85.7,1372.0,83.3,2060s_7100.txt
2060s,7100,Novec_7100,2.184,72.8,0.0,85.7,1372.0,89.6,2060s_7100.txt
2060s,7100,Novec_7100,3.277,66.5,0.0,85.7,1372.0,90.3,2060s_7100.txt
2060s,7100,Novec_7100,4.598,73.8,0.0,85.7,1372.0,89.6,2060s_7100.txt
2060s,7100,Novec_7100,5.712,53.8,0.0,85.7,1372.0,85.9,2060s_7100.txt
2060s,7100,Novec_7100,6.929,43.0,0.0,85.7,1372.0,86.0,2060s_7100.txt
2060s,7100,Novec_7100,8.039,67.6,0.0,85.7,1372.0,86.4,2060s_7100.txt
2060s,7100,Novec_7100,9.14,63.0,0.0,85.7,1372.0,85.9,2060s_7100.txt
2060s,7100,Novec_7100,10.237,66.5,0.0,85.7,1372.0,86.2,2060s_7100.txt
2060s,7100,Novec_7100,11.328,56.8,0.0,85.7,1372.0,84.1,2060s_7100.txt
2060s,7100,Novec_7100,12.542,49.1,0.0,85.7,1372.0,91.6,2060s_7100.txt
2060s,7100,Novec_7100,13.764,86.1,0.0,85.7,1372.0,90.5,2060s_7100.txt
2060s,7100,Novec_7100,14.852,84.6,0.0,85.7,1372.0,89.5,2060s_7100.txt
2060s,7100,Novec_7100,1.06,39.2,0.0,90.5,1372.0,85.2,2060s_7100.txt
2060s,7100,Novec_7100,2.394,72.0,0.0,90.5,1372.0,88.0,2060s_7100.txt
2060s,7100,Novec_7100,3.5789999999999997,112.2,0.0,90.5,1372.0,89.0,2060s_7100.txt
2060s,7100,Novec_7100,4.6690000000000005,98.9,0.0,90.5,1372.0,89.4,2060s_7100.txt
2060s,7100,Novec_7100,5.783,76.6,0.0,90.5,1372.0,87.9,2060s_7100.txt
2060s,7100,Novec_7100,6.878,60.9,0.0,90.5,1372.0,85.2,2060s_7100.txt
2060s,7100,Novec_7100,7.969,78.7,0.0,90.5,1372.0,88.4,2060s_7100.txt
2060s,7100,Novec_7100,9.098,87.9,0.0,90.5,1372.0,88.9,2060s_7100.txt
2060s,7100,Novec_7100,10.433,36.0,0.0,90.5,1372.0,85.8,2060s_7100.txt
2060s,7100,Novec_7100,11.491,68.9,0.0,90.5,1372.0,86.8,2060s_7100.txt
2060s,7100,Novec_7100,12.683,42.9,0.0,90.5,1372.0,89.0,2060s_7100.txt
2060s,7100,Novec_7100,1.222,54.1,0.0,89.9,1372.0,85.0,2060s_7100.txt
2060s,7100,Novec_7100,2.444,107.7,0.0,89.9,1372.0,90.9,2060s_7100.txt
2060s,7100,Novec_7100,3.649,69.3,0.0,89.9,1372.0,87.4,2060s_7100.txt
2060s,7100,Novec_7100,4.885,67.3,0.0,89.9,1372.0,84.8,2060s_7100.txt
2060s,7100,Novec_7100,6.146,35.6,0.0,89.9,1372.0,83.1,2060s_7100.txt
2060s,7100,Novec_7100,7.218,48.9,0.0,89.9,1372.0,87.2,2060s_7100.txt
2060s,7100,Novec_7100,8.312,76.7,0.0,89.9,1372.0,90.6,2060s_7100.txt
2060s,7100,Novec_7100,9.421,58.9,0.0,89.9,1372.0,87.7,2060s_7100.txt
2060s,7100,Novec_7100,10.531,85.3,0.0,89.9,1372.0,89.6,2060s_7100.txt
2060s,7100,Novec_7100,11.609,107.0,0.0,89.9,1372.0,90.5,2060s_7100.txt
2060s,7100,Novec_7100,12.721,52.2,0.0,89.9,1372.0,86.8,2060s_7100.txt
2060s,7100,Novec_7100,13.824,74.3,0.0,89.9,1372.0,86.7,2060s_7100.txt
2060s,7100,Novec_7100,1.201,64.0,0.0,81.6,1372.0,86.5,2060s_7100.txt
2060s,7100,Novec_7100,2.298,69.4,0.0,81.6,1372.0,86.4,2060s_7100.txt
2060s,7100,Novec_7100,3.412,79.3,0.0,81.6,1372.0,88.0,2060s_7100.txt
2060s,7100,Novec_7100,4.731,100.6,0.0,81.6,1372.0,88.9,2060s_7100.txt
2060s,7100,Novec_7100,6.412,34.1,0.0,81.6,1372.0,82.6,2060s_7100.txt
2060s,7100,Novec_7100,7.57,77.2,0.0,81.6,1372.0,84.0,2060s_7100.txt
2060s,7100,Novec_7100,8.716,43.9,0.0,81.6,1372.0,83.3,2060s_7100.txt
2060s,7100,Novec_7100,9.801,64.5,0.0,81.6,1372.0,87.8,2060s_7100.txt
2060s,7100,Novec_7100,10.908,64.0,0.0,81.6,1372.0,86.5,2060s_7100.txt
2060s,7100,Novec_7100,12.157,68.7,0.0,81.6,1372.0,84.9,2060s_7100.txt
2060s,7100,Novec_7100,13.227,67.5,0.0,81.6,1372.0,87.6,2060s_7100.txt
2060s,7100,Novec_7100,14.455,70.4,0.0,81.6,1372.0,87.0,2060s_7100.txt
2060s,7100,Novec_7100,1.094,69.1,0.0,85.6,1372.0,88.5,2060s_7100.txt
2060s,7100,Novec_7100,2.209,36.1,0.0,85.6,1372.0,84.9,2060s_7100.txt
2060s,7100,Novec_7100,3.29,99.5,0.0,85.6,1372.0,89.2,2060s_7100.txt
2060s,7100,Novec_7100,4.592,52.5,0.0,85.6,1372.0,88.9,2060s_7100.txt
2060s,7100,Novec_7100,5.726,99.7,0.0,85.6,1372.0,90.4,2060s_7100.txt
2060s,7100,Novec_7100,6.802,101.1,0.0,85.6,1372.0,91.0,2060s_7100.txt
2060s,7100,Novec_7100,8.157,68.0,0.0,85.6,1372.0,86.0,2060s_7100.txt
2060s,7100,Novec_7100,9.239,78.0,0.0,85.6,1372.0,88.6,2060s_7100.txt
2060s,7100,Novec_7100,10.34,66.8,0.0,85.6,1372.0,88.3,2060s_7100.txt
2060s,7100,Novec_7100,11.444,76.6,0.0,85.6,1372.0,88.9,2060s_7100.txt
2060s,7100,Novec_7100,12.563,78.5,0.0,85.6,1372.0,88.0,2060s_7100.txt
2060s,7100,Novec_7100,13.668,69.2,0.0,85.6,1372.0,87.1,2060s_7100.txt
2060s,7100,Novec_7100,1.105,60.7,0.0,87.7,1372.0,87.2,2060s_7100.txt
2060s,7100,Novec_7100,2.202,81.5,0.0,87.7,1372.0,89.5,2060s_7100.txt
2060s,7100,Novec_7100,3.319,80.4,0.0,87.7,1372.0,89.1,2060s_7100.txt
2060s,7100,Novec_7100,4.524,94.7,0.0,87.7,1372.0,90.8,2060s_7100.txt
2060s,7100,Novec_7100,5.641,80.1,0.0,87.7,1372.0,88.8,2060s_7100.txt
2060s,7100,Novec_7100,6.729,66.5,0.0,87.7,1372.0,87.6,2060s_7100.txt
2060s,7100,Novec_7100,7.855,64.2,0.0,87.7,1372.0,86.3,2060s_7100.txt
2060s,7100,Novec_7100,8.931000000000001,68.3,0.0,87.7,1372.0,87.8,2060s_7100.txt
2060s,7100,Novec_7100,10.038,47.7,0.0,87.7,1372.0,86.2,2060s_7100.txt
2060s,7100,Novec_7100,11.135,61.3,0.0,87.7,1372.0,86.2,2060s_7100.txt
2060s,7100,Novec_7100,12.235,77.3,0.0,87.7,1372.0,89.2,2060s_7100.txt
2060s,7100,Novec_7100,13.323,71.3,0.0,87.7,1372.0,88.3,2060s_7100.txt
2060s,7100,Novec_7100,1.097,46.7,0.0,88.0,1372.0,85.7,2060s_7100.txt
2060s,7100,Novec_7100,2.308,73.5,0.0,88.0,1372.0,88.0,2060s_7100.txt
2060s,7100,Novec_7100,3.407,75.9,0.0,88.0,1372.0,87.9,2060s_7100.txt
2060s,7100,Novec_7100,4.505,72.7,0.0,88.0,1372.0,88.9,2060s_7100.txt
2060s,7100,Novec_7100,5.6,66.5,0.0,88.0,1372.0,88.1,2060s_7100.txt
2060s,7100,Novec_7100,6.688,70.6,0.0,88.0,1372.0,88.5,2060s_7100.txt
2060s,7100,Novec_7100,7.774,77.5,0.0,88.0,1372.0,88.4,2060s_7100.txt
2060s,7100,Novec_7100,8.881,64.3,0.0,88.0,1372.0,87.8,2060s_7100.txt
2060s,7100,Novec_7100,9.965,43.1,0.0,88.0,1372.0,85.6,2060s_7100.txt
2060s,7100,Novec_7100,11.293,69.7,0.0,88.0,1372.0,86.2,2060s_7100.txt
2060s,7100,Novec_7100,12.381,72.9,0.0,88.0,1372.0,88.1,2060s_7100.txt
2060s,7100,Novec_7100,13.503,57.4,0.0,88.0,1372.0,86.4,2060s_7100.txt
2060s,7100,Novec_7100,14.747,101.4,0.0,88.0,1372.0,89.2,2060s_7100.txt
2060s,7100,Novec_7100,1.078,61.3,0.0,89.1,1372.0,87.2,2060s_7100.txt
2060s,7100,Novec_7100,2.184,70.5,0.0,89.1,1372.0,88.9,2060s_7100.txt
2060s,7100,Novec_7100,3.252,74.9,0.0,89.1,1372.0,88.9,2060s_7100.txt
2060s,7100,Novec_7100,4.352,74.1,0.0,89.1,1372.0,88.7,2060s_7100.txt
2060s,7100,Novec_7100,5.471,73.7,0.0,89.1,1372.0,89.0,2060s_7100.txt
2060s,7100,Novec_7100,6.573,71.7,0.0,89.1,1372.0,87.1,2060s_7100.txt
2060s,7100,Novec_7100,7.703,70.5,0.0,89.1,1372.0,86.2,2060s_7100.txt
2060s,7100,Novec_7100,9.126,100.8,0.0,89.1,1372.0,90.5,2060s_7100.txt
2060s,7100,Novec_7100,10.225,70.4,0.0,89.1,1372.0,88.0,2060s_7100.txt
2060s,7100,Novec_7100,11.34,65.2,0.0,89.1,1372.0,87.7,2060s_7100.txt
2060s,7100,Novec_7100,12.439,54.4,0.0,89.1,1372.0,87.5,2060s_7100.txt
2060s,7100,Novec_7100,13.536,71.7,0.0,89.1,1372.0,88.7,2060s_7100.txt
2060s,7100,Novec_7100,1.338,25.2,0.0,87.8,1372.0,83.9,2060s_7100.txt
2060s,7100,Novec_7100,2.668,73.3,0.0,87.8,1372.0,90.1,2060s_7100.txt
2060s,7100,Novec_7100,3.781,73.8,0.0,87.8,1372.0,89.0,2060s_7100.txt
2060s,7100,Novec_7100,4.875,74.4,0.0,87.8,1372.0,88.8,2060s_7100.txt
2060s,7100,Novec_7100,5.962,77.1,0.0,87.8,1372.0,88.8,2060s_7100.txt
2060s,7100,Novec_7100,7.056,68.9,0.0,87.8,1372.0,87.9,2060s_7100.txt
2060s,7100,Novec_7100,8.148,74.5,0.0,87.8,1372.0,88.7,2060s_7100.txt
2060s,7100,Novec_7100,9.25,63.5,0.0,87.8,1372.0,87.3,2060s_7100.txt
2060s,7100,Novec_7100,10.345,73.8,0.0,87.8,1372.0,88.8,2060s_7100.txt
2060s,7100,Novec_7100,11.48,73.5,0.0,87.8,1372.0,88.1,2060s_7100.txt
2060s,7100,Novec_7100,12.555,70.9,0.0,87.8,1372.0,88.9,2060s_7100.txt
2060s,7100,Novec_7100,13.647,70.5,0.0,87.8,1372.0,87.8,2060s_7100.txt
2060s,7100,Novec_7100,1.119,89.2,0.0,87.3,1372.0,90.3,2060s_7100.txt
2060s,7100,Novec_7100,2.224,80.4,0.0,87.3,1372.0,88.7,2060s_7100.txt
2060s,7100,Novec_7100,3.568,57.3,0.0,87.3,1372.0,86.2,2060s_7100.txt
2060s,7100,Novec_7100,4.666,73.1,0.0,87.3,1372.0,88.2,2060s_7100.txt
2060s,7100,Novec_7100,5.766,72.4,0.0,87.3,1372.0,88.1,2060s_7100.txt
2060s,7100,Novec_7100,6.87,53.1,0.0,87.3,1372.0,87.1,2060s_7100.txt
2060s,7100,Novec_7100,7.957,72.9,0.0,87.3,1372.0,88.7,2060s_7100.txt
2060s,7100,Novec_7100,9.049,71.1,0.0,87.3,1372.0,88.6,2060s_7100.txt
2060s,7100,Novec_7100,10.169,61.9,0.0,87.3,1372.0,88.3,2060s_7100.txt
2060s,7100,Novec_7100,11.246,71.4,0.0,87.3,1372.0,89.1,2060s_7100.txt
2060s,7100,Novec_7100,12.343,70.8,0.0,87.3,1372.0,88.5,2060s_7100.txt
2060s,7100,Novec_7100,13.451,67.5,0.0,87.3,1372.0,87.9,2060s_7100.txt
2060s,7100,Novec_7100,14.532,64.1,0.0,87.3,1372.0,87.4,2060s_7100.txt
2060s,7100,Novec_7100,1.1,73.8,0.0,86.2,1372.0,89.0,2060s_7100.txt
2060s,7100,Novec_7100,2.282,70.9,0.0,86.2,1372.0,88.3,2060s_7100.txt
2060s,7100,Novec_7100,3.376,71.1,0.0,86.2,1372.0,88.6,2060s_7100.txt
2060s,7100,Novec_7100,4.495,69.4,0.0,86.2,1372.0,88.9,2060s_7100.txt
2060s,7100,Novec_7100,5.579,57.3,0.0,86.2,1372.0,86.7,2060s_7100.txt
2060s,7100,Novec_7100,6.667,70.2,0.0,86.2,1372.0,88.8,2060s_7100.txt
2060s,7100,Novec_7100,7.77,70.7,0.0,86.2,1372.0,88.9,2060s_7100.txt
2060s,7100,Novec_7100,8.884,70.0,0.0,86.2,1372.0,89.2,2060s_7100.txt
2060s,7100,Novec_7100,9.981,64.6,0.0,86.2,1372.0,87.9,2060s_7100.txt
2060s,7100,Novec_7100,11.091,62.6,0.0,86.2,1372.0,87.5,2060s_7100.txt
2060s,7100,Novec_7100,12.203,59.3,0.0,86.2,1372.0,87.0,2060s_7100.txt
2060s,7100,Novec_7100,13.312,62.0,0.0,86.2,1372.0,87.6,2060s_7100.txt
2060s,7100,Novec_7100,1.117,69.5,0.0,88.6,1372.0,88.9,2060s_7100.txt
2060s,7100,Novec_7100,2.223,58.3,0.0,88.6,1372.0,87.7,2060s_7100.txt
2060s,7100,Novec_7100,3.309,58.9,0.0,88.6,1372.0,87.7,2060s_7100.txt
2060s,7100,Novec_7100,4.406,69.2,0.0,88.6,1372.0,89.1,2060s_7100.txt
2060s,7100,Novec_7100,5.508,68.6,0.0,88.6,1372.0,88.7,2060s_7100.txt
2060s,7100,Novec_7100,6.603,70.0,0.0,88.6,1372.0,89.2,2060s_7100.txt
2060s,7100,Novec_7100,7.702,56.0,0.0,88.6,1372.0,87.7,2060s_7100.txt
2060s,7100,Novec_7100,8.801,69.7,0.0,88.6,1372.0,88.6,2060s_7100.txt
2060s,7100,Novec_7100,9.915,53.7,0.0,88.6,1372.0,87.6,2060s_7100.txt
2060s,7100,Novec_7100,11.004,72.7,0.0,88.6,1372.0,89.0,2060s_7100.txt
2060s,7100,Novec_7100,12.097,70.2,0.0,88.6,1372.0,88.2,2060s_7100.txt
2060s,7100,Novec_7100,13.194,46.7,0.0,88.6,1372.0,85.0,2060s_7100.txt
2060s,7100,Novec_7100,14.328,57.2,0.0,88.6,1372.0,86.8,2060s_7100.txt
2060s,7100,Novec_7100,1.123,61.4,0.0,86.6,1372.0,87.4,2060s_7100.txt
2060s,7100,Novec_7100,2.217,59.1,0.0,86.6,1372.0,86.7,2060s_7100.txt
2060s,7100,Novec_7100,3.335,64.4,0.0,86.6,1372.0,87.7,2060s_7100.txt
2060s,7100,Novec_7100,4.441,54.4,0.0,86.6,1372.0,86.5,2060s_7100.txt
2060s,7100,Novec_7100,5.55,70.5,0.0,86.6,1372.0,88.8,2060s_7100.txt
2060s,7100,Novec_7100,6.632,56.1,0.0,86.6,1372.0,86.7,2060s_7100.txt
2060s,7100,Novec_7100,7.731,66.8,0.0,86.6,1372.0,88.6,2060s_7100.txt
2060s,7100,Novec_7100,8.817,68.9,0.0,86.6,1372.0,88.2,2060s_7100.txt
2060s,7100,Novec_7100,9.93,68.3,0.0,86.6,1372.0,88.8,2060s_7100.txt
2060s,7100,Novec_7100,11.045,69.8,0.0,86.6,1372.0,88.4,2060s_7100.txt
2060s,7100,Novec_7100,12.145,45.6,0.0,86.6,1372.0,86.4,2060s_7100.txt
2060s,7100,Novec_7100,13.246,59.3,0.0,86.6,1372.0,87.6,2060s_7100.txt
2060s,7100,Novec_7100,1.087,82.6,0.0,87.1,1372.0,89.3,2060s_7100.txt
2060s,7100,Novec_7100,2.189,69.5,0.0,87.1,1372.0,88.3,2060s_7100.txt
2060s,7100,Novec_7100,3.27,57.3,0.0,87.1,1372.0,87.2,2060s_7100.txt
2060s,7100,Novec_7100,4.367,50.3,0.0,87.1,1372.0,86.9,2060s_7100.txt
2060s,7100,Novec_7100,5.481,57.5,0.0,87.1,1372.0,87.1,2060s_7100.txt
2060s,7100,Novec_7100,6.584,50.5,0.0,87.1,1372.0,86.4,2060s_7100.txt
2060s,7100,Novec_7100,7.689,67.0,0.0,87.1,1372.0,88.7,2060s_7100.txt
2060s,7100,Novec_7100,8.788,63.3,0.0,87.1,1372.0,87.4,2060s_7100.txt
2060s,7100,Novec_7100,9.899000000000001,73.4,0.0,87.1,1372.0,88.9,2060s_7100.txt
2060s,7100,Novec_7100,10.979,65.9,0.0,87.1,1372.0,87.7,2060s_7100.txt
2060s,7100,Novec_7100,12.082,63.4,0.0,87.1,1372.0,88.2,2060s_7100.txt
2060s,7100,Novec_7100,13.184,66.5,0.0,87.1,1372.0,88.5,2060s_7100.txt
2060s,7100,Novec_7100,14.282,72.3,0.0,87.1,1372.0,89.1,2060s_7100.txt
2060s,7100,Novec_7100,1.133,83.8,0.0,88.4,1372.0,89.6,2060s_7100.txt
2060s,7100,Novec_7100,2.211,71.0,0.0,88.4,1372.0,88.4,2060s_7100.txt
2060s,7100,Novec_7100,3.292,67.8,0.0,88.4,1372.0,87.0,2060s_7100.txt
2060s,7100,Novec_7100,4.392,67.7,0.0,88.4,1372.0,87.7,2060s_7100.txt
2060s,7100,Novec_7100,5.51,65.5,0.0,88.4,1372.0,88.4,2060s_7100.txt
2060s,7100,Novec_7100,6.612,73.2,0.0,88.4,1372.0,88.8,2060s_7100.txt
2060s,7100,Novec_7100,7.746,58.1,0.0,88.4,1372.0,88.0,2060s_7100.txt
2060s,7100,Novec_7100,8.814,69.9,0.0,88.4,1372.0,88.8,2060s_7100.txt
2060s,7100,Novec_7100,9.936,61.0,0.0,88.4,1372.0,88.1,2060s_7100.txt
2060s,7100,Novec_7100,11.018,55.8,0.0,88.4,1372.0,86.2,2060s_7100.txt
2060s,7100,Novec_7100,12.106,70.4,0.0,88.4,1372.0,88.5,2060s_7100.txt
2060s,7100,Novec_7100,13.2,75.0,0.0,88.4,1372.0,88.5,2060s_7100.txt
2060s,7100,Novec_7100,14.302,64.7,0.0,88.4,1372.0,87.6,2060s_7100.txt
2060s,7100,Novec_7100,1.101,64.7,0.0,87.3,1372.0,89.4,2060s_7100.txt
2060s,7100,Novec_7100,2.206,58.9,0.0,87.3,1372.0,86.2,2060s_7100.txt
2060s,7100,Novec_7100,3.294,60.2,0.0,87.3,1372.0,87.6,2060s_7100.txt
2060s,7100,Novec_7100,4.396,67.9,0.0,87.3,1372.0,88.3,2060s_7100.txt
2060s,7100,Novec_7100,5.507,63.4,0.0,87.3,1372.0,87.8,2060s_7100.txt
2060s,7100,Novec_7100,6.609,66.5,0.0,87.3,1372.0,87.8,2060s_7100.txt
2060s,7100,Novec_7100,7.7,65.4,0.0,87.3,1372.0,88.1,2060s_7100.txt
2060s,7100,Novec_7100,8.812,46.3,0.0,87.3,1372.0,86.0,2060s_7100.txt
2060s,7100,Novec_7100,9.907,37.0,0.0,87.3,1372.0,85.3,2060s_7100.txt
2060s,7100,Novec_7100,11.025,53.3,0.0,87.3,1372.0,86.1,2060s_7100.txt
2060s,7100,Novec_7100,12.122,55.2,0.0,87.3,1372.0,86.3,2060s_7100.txt
2060s,7100,Novec_7100,13.211,59.7,0.0,87.3,1372.0,87.0,2060s_7100.txt
2060s,7100,Novec_7100,1.129,62.8,0.0,87.8,1372.0,87.4,2060s_7100.txt
2060s,7100,Novec_7100,2.229,61.9,0.0,87.8,1372.0,87.5,2060s_7100.txt
2060s,7100,Novec_7100,3.318,35.3,0.0,87.8,1372.0,85.0,2060s_7100.txt
2060s,7100,Novec_7100,4.419,48.9,0.0,87.8,1372.0,85.3,2060s_7100.txt
2060s,7100,Novec_7100,5.532,57.6,0.0,87.8,1372.0,85.6,2060s_7100.txt
2060s,7100,Novec_7100,6.641,51.9,0.0,87.8,1372.0,85.3,2060s_7100.txt
2060s,7100,Novec_7100,7.733,53.9,0.0,87.8,1372.0,85.3,2060s_7100.txt
2060s,7100,Novec_7100,8.812,62.2,0.0,87.8,1372.0,87.1,2060s_7100.txt
2060s,7100,Novec_7100,9.914,60.9,0.0,87.8,1372.0,87.3,2060s_7100.txt
2060s,7100,Novec_7100,11.018,60.9,0.0,87.8,1372.0,87.3,2060s_7100.txt
2060s,7100,Novec_7100,12.1,61.9,0.0,87.8,1372.0,88.0,2060s_7100.txt
2060s,7100,Novec_7100,13.205,60.4,0.0,87.8,1372.0,86.7,2060s_7100.txt
2060s,7100,Novec_7100,14.301,41.6,0.0,87.8,1372.0,84.8,2060s_7100.txt
2060s,7100,Novec_7100,1.124,37.6,0.0,85.3,1372.0,83.4,2060s_7100.txt
2060s,7100,Novec_7100,2.219,45.2,0.0,85.3,1372.0,84.4,2060s_7100.txt
2060s,7100,Novec_7100,3.429,36.8,0.0,85.3,1372.0,83.9,2060s_7100.txt
2060s,7100,Novec_7100,4.555,38.6,0.0,85.3,1372.0,83.5,2060s_7100.txt
2060s,7100,Novec_7100,5.646,22.9,0.0,85.3,1372.0,80.8,2060s_7100.txt
2060s,7100,Novec_7100,6.747,39.4,0.0,85.3,1372.0,82.9,2060s_7100.txt
2060s,7100,Novec_7100,7.845,46.9,0.0,85.3,1372.0,84.9,2060s_7100.txt
2060s,7100,Novec_7100,8.962,37.7,0.0,85.3,1372.0,84.1,2060s_7100.txt
2060s,7100,Novec_7100,10.146,52.4,0.0,85.3,1372.0,83.9,2060s_7100.txt
2060s,7100,Novec_7100,11.18,42.4,0.0,85.3,1372.0,83.2,2060s_7100.txt
2060s,7100,Novec_7100,12.312,42.4,0.0,85.3,1372.0,82.7,2060s_7100.txt
2060s,7100,Novec_7100,13.393,46.5,0.0,85.3,1372.0,84.3,2060s_7100.txt
2060s,7100,Novec_7100,1.084,52.5,0.0,84.4,1372.0,85.6,2060s_7100.txt
2060s,7100,Novec_7100,2.177,47.4,0.0,84.4,1372.0,84.9,2060s_7100.txt
2060s,7100,Novec_7100,3.279,41.5,0.0,84.4,1372.0,84.2,2060s_7100.txt
2060s,7100,Novec_7100,4.385,54.5,0.0,84.4,1372.0,85.6,2060s_7100.txt
2060s,7100,Novec_7100,5.5,57.5,0.0,84.4,1372.0,86.5,2060s_7100.txt
2060s,7100,Novec_7100,6.586,45.9,0.0,84.4,1372.0,85.7,2060s_7100.txt
2060s,7100,Novec_7100,7.698,52.7,0.0,84.4,1372.0,86.1,2060s_7100.txt
2060s,7100,Novec_7100,8.776,64.2,0.0,84.4,1372.0,86.6,2060s_7100.txt
2060s,7100,Novec_7100,9.879,65.5,0.0,84.4,1372.0,87.7,2060s_7100.txt
2060s,7100,Novec_7100,10.985,57.8,0.0,84.4,1372.0,86.4,2060s_7100.txt
2060s,7100,Novec_7100,12.085,48.1,0.0,84.4,1372.0,85.5,2060s_7100.txt
2060s,7100,Novec_7100,13.179,57.4,0.0,84.4,1372.0,86.2,2060s_7100.txt
2060s,7100,Novec_7100,14.28,48.5,0.0,84.4,1372.0,85.7,2060s_7100.txt
2060s,7100,Novec_7100,1.089,53.5,0.0,85.8,1372.0,85.9,2060s_7100.txt
2060s,7100,Novec_7100,2.177,45.9,0.0,85.8,1372.0,84.8,2060s_7100.txt
2060s,7100,Novec_7100,3.258,48.1,0.0,85.8,1372.0,84.8,2060s_7100.txt
2060s,7100,Novec_7100,4.371,55.0,0.0,85.8,1372.0,85.8,2060s_7100.txt
2060s,7100,Novec_7100,5.467,43.9,0.0,85.8,1372.0,84.8,2060s_7100.txt
2060s,7100,Novec_7100,6.566,47.1,0.0,85.8,1372.0,85.2,2060s_7100.txt
2060s,7100,Novec_7100,7.688,38.6,0.0,85.8,1372.0,84.1,2060s_7100.txt
2060s,7100,Novec_7100,8.755,47.1,0.0,85.8,1372.0,85.0,2060s_7100.txt
2060s,7100,Novec_7100,9.854,45.0,0.0,85.8,1372.0,84.0,2060s_7100.txt
2060s,7100,Novec_7100,10.974,38.6,0.0,85.8,1372.0,83.8,2060s_7100.txt
2060s,7100,Novec_7100,12.063,36.6,0.0,85.8,1372.0,83.4,2060s_7100.txt
2060s,7100,Novec_7100,13.257,27.3,0.0,85.8,1372.0,81.3,2060s_7100.txt
2060s,7100,Novec_7100,14.379,49.2,0.0,85.8,1372.0,82.1,2060s_7100.txt
2060s,7100,Novec_7100,1.097,21.6,0.0,84.9,1372.0,80.6,2060s_7100.txt
2060s,7100,Novec_7100,2.189,38.5,0.0,84.9,1372.0,83.1,2060s_7100.txt
2060s,7100,Novec_7100,3.305,62.5,0.0,84.9,1372.0,84.2,2060s_7100.txt
2060s,7100,Novec_7100,4.398,34.2,0.0,84.9,1372.0,82.8,2060s_7100.txt
2060s,7100,Novec_7100,5.485,35.2,0.0,84.9,1372.0,82.6,2060s_7100.txt
2060s,7100,Novec_7100,6.604,34.9,0.0,84.9,1372.0,82.9,2060s_7100.txt
2060s,7100,Novec_7100,7.723,35.3,0.0,84.9,1372.0,82.5,2060s_7100.txt
2060s,7100,Novec_7100,8.812,34.8,0.0,84.9,1372.0,82.7,2060s_7100.txt
2060s,7100,Novec_7100,9.902,35.4,0.0,84.9,1372.0,82.5,2060s_7100.txt
2060s,7100,Novec_7100,10.994,35.3,0.0,84.9,1372.0,82.4,2060s_7100.txt
2060s,7100,Novec_7100,12.1,34.8,0.0,84.9,1372.0,82.7,2060s_7100.txt
2060s,7100,Novec_7100,13.185,23.2,0.0,84.9,1372.0,80.4,2060s_7100.txt
2060s,7100,Novec_7100,1.09,40.8,0.0,82.8,1372.0,82.5,2060s_7100.txt
2060s,7100,Novec_7100,2.194,23.0,0.0,82.8,1372.0,80.9,2060s_7100.txt
2060s,7100,Novec_7100,3.282,46.8,0.0,82.8,1372.0,84.1,2060s_7100.txt
2060s,7100,Novec_7100,4.362,31.2,0.0,82.8,1372.0,82.4,2060s_7100.txt
2060s,7100,Novec_7100,5.466,35.3,0.0,82.8,1372.0,82.4,2060s_7100.txt
2060s,7100,Novec_7100,6.554,35.0,0.0,82.8,1372.0,82.3,2060s_7100.txt
2060s,7100,Novec_7100,7.6530000000000005,40.4,0.0,82.8,1372.0,82.8,2060s_7100.txt
2060s,7100,Novec_7100,8.753,37.5,0.0,82.8,1372.0,82.8,2060s_7100.txt
2060s,7100,Novec_7100,9.850999999999999,22.8,0.0,82.8,1372.0,81.8,2060s_7100.txt
2060s,7100,Novec_7100,10.968,23.7,0.0,82.8,1372.0,79.7,2060s_7100.txt
2060s,7100,Novec_7100,12.039,37.6,0.0,82.8,1372.0,82.7,2060s_7100.txt
2060s,7100,Novec_7100,13.136,37.0,0.0,82.8,1372.0,82.3,2060s_7100.txt
2060s,7100,Novec_7100,14.238,36.8,0.0,82.8,1372.0,82.7,2060s_7100.txt
2060s,7100,Novec_7100,1.104,43.5,0.0,83.7,1372.0,84.8,2060s_7100.txt
2060s,7100,Novec_7100,2.172,43.6,0.0,83.7,1372.0,83.5,2060s_7100.txt
2060s,7100,Novec_7100,3.269,40.9,0.0,83.7,1372.0,83.4,2060s_7100.txt
2060s,7100,Novec_7100,4.369,39.0,0.0,83.7,1372.0,84.6,2060s_7100.txt
2060s,7100,Novec_7100,5.46,30.7,0.0,83.7,1372.0,83.1,2060s_7100.txt
2060s,7100,Novec_7100,6.557,37.4,0.0,83.7,1372.0,82.2,2060s_7100.txt
2060s,7100,Novec_7100,7.663,30.3,0.0,83.7,1372.0,81.8,2060s_7100.txt
2060s,7100,Novec_7100,8.769,34.2,0.0,83.7,1372.0,82.3,2060s_7100.txt
2060s,7100,Novec_7100,9.864,34.4,0.0,83.7,1372.0,82.3,2060s_7100.txt
2060s,7100,Novec_7100,10.987,35.2,0.0,83.7,1372.0,82.4,2060s_7100.txt
2060s,7100,Novec_7100,12.189,35.1,0.0,83.7,1372.0,82.4,2060s_7100.txt
2060s,7100,Novec_7100,13.288,39.1,0.0,83.7,1372.0,82.4,2060s_7100.txt
2060s,7100,Novec_7100,1.091,39.4,0.0,82.8,1372.0,83.3,2060s_7100.txt
2060s,7100,Novec_7100,2.179,22.8,0.0,82.8,1372.0,80.7,2060s_7100.txt
2060s,7100,Novec_7100,3.288,23.9,0.0,82.8,1372.0,79.8,2060s_7100.txt
2060s,7100,Novec_7100,4.365,23.2,0.0,82.8,1372.0,81.5,2060s_7100.txt
2060s,7100,Novec_7100,5.457,28.4,0.0,82.8,1372.0,81.7,2060s_7100.txt
2060s,7100,Novec_7100,6.576,51.1,0.0,82.8,1372.0,85.3,2060s_7100.txt
2060s,7100,Novec_7100,7.655,29.2,0.0,82.8,1372.0,83.5,2060s_7100.txt
2060s,7100,Novec_7100,8.742,35.9,0.0,82.8,1372.0,82.1,2060s_7100.txt
2060s,7100,Novec_7100,9.837,33.0,0.0,82.8,1372.0,82.5,2060s_7100.txt
2060s,7100,Novec_7100,10.949,43.5,0.0,82.8,1372.0,83.9,2060s_7100.txt
2060s,7100,Novec_7100,12.046,42.7,0.0,82.8,1372.0,83.2,2060s_7100.txt
2060s,7100,Novec_7100,13.145,40.9,0.0,82.8,1372.0,83.1,2060s_7100.txt
2060s,7100,Novec_7100,14.221,22.9,0.0,82.8,1372.0,80.4,2060s_7100.txt
2060s,7100,Novec_7100,1.099,38.7,0.0,82.1,1372.0,82.8,2060s_7100.txt
2060s,7100,Novec_7100,2.212,34.8,0.0,82.1,1372.0,82.8,2060s_7100.txt
2060s,7100,Novec_7100,3.305,40.3,0.0,82.1,1372.0,83.5,2060s_7100.txt
2060s,7100,Novec_7100,4.396,44.1,0.0,82.1,1372.0,83.3,2060s_7100.txt
2060s,7100,Novec_7100,5.487,39.1,0.0,82.1,1372.0,83.1,2060s_7100.txt
2060s,7100,Novec_7100,6.591,41.6,0.0,82.1,1372.0,83.8,2060s_7100.txt
2060s,7100,Novec_7100,7.713,30.6,0.0,82.1,1372.0,82.5,2060s_7100.txt
2060s,7100,Novec_7100,8.801,35.0,0.0,82.1,1372.0,82.6,2060s_7100.txt
2060s,7100,Novec_7100,9.928,36.8,0.0,82.1,1372.0,82.9,2060s_7100.txt
2060s,7100,Novec_7100,11.042,36.4,0.0,82.1,1372.0,82.8,2060s_7100.txt
2060s,7100,Novec_7100,12.139,22.6,0.0,82.1,1372.0,81.1,2060s_7100.txt
2060s,7100,Novec_7100,13.258,25.2,0.0,82.1,1372.0,81.0,2060s_7100.txt
2060s,7100,Novec_7100,14.384,47.1,0.0,82.1,1372.0,85.3,2060s_7100.txt
2060s,7100,Novec_7100,1.127,55.2,0.0,84.6,1372.0,84.8,2060s_7100.txt
2060s,7100,Novec_7100,2.21,40.3,0.0,84.6,1372.0,84.2,2060s_7100.txt
2060s,7100,Novec_7100,3.304,23.9,0.0,84.6,1372.0,82.5,2060s_7100.txt
2060s,7100,Novec_7100,4.386,24.2,0.0,84.6,1372.0,81.8,2060s_7100.txt
2060s,7100,Novec_7100,5.492,23.1,0.0,84.6,1372.0,81.2,2060s_7100.txt
2060s,7100,Novec_7100,6.574,22.5,0.0,84.6,1372.0,80.7,2060s_7100.txt
2060s,7100,Novec_7100,7.676,23.3,0.0,84.6,1372.0,81.4,2060s_7100.txt
2060s,7100,Novec_7100,8.793,23.3,0.0,84.6,1372.0,81.3,2060s_7100.txt
2060s,7100,Novec_7100,9.909,23.1,0.0,84.6,1372.0,81.9,2060s_7100.txt
2060s,7100,Novec_7100,11.026,23.2,0.0,84.6,1372.0,81.1,2060s_7100.txt
2060s,7100,Novec_7100,12.125,23.8,0.0,84.6,1372.0,80.9,2060s_7100.txt
2060s,7100,Novec_7100,13.233,30.2,0.0,84.6,1372.0,82.3,2060s_7100.txt
2060s,7100,Novec_7100,1.121,39.2,0.0,82.8,1372.0,83.3,2060s_7100.txt
2060s,7100,Novec_7100,2.219,40.7,0.0,82.8,1372.0,81.7,2060s_7100.txt
2060s,7100,Novec_7100,3.323,37.2,0.0,82.8,1372.0,82.9,2060s_7100.txt
2060s,7100,Novec_7100,4.43,24.3,0.0,82.8,1372.0,82.2,2060s_7100.txt
2060s,7100,Novec_7100,5.525,31.7,0.0,82.8,1372.0,82.4,2060s_7100.txt
2060s,7100,Novec_7100,6.604,37.2,0.0,82.8,1372.0,82.5,2060s_7100.txt
2060s,7100,Novec_7100,7.702,23.2,0.0,82.8,1372.0,80.9,2060s_7100.txt
2060s,7100,Novec_7100,8.8,23.1,0.0,82.8,1372.0,80.2,2060s_7100.txt
2060s,7100,Novec_7100,9.896,32.2,0.0,82.8,1372.0,82.0,2060s_7100.txt
2060s,7100,Novec_7100,11.02,73.4,0.0,82.8,1372.0,85.3,2060s_7100.txt
2060s,7100,Novec_7100,12.101,50.9,0.0,82.8,1372.0,83.9,2060s_7100.txt
2060s,7100,Novec_7100,13.181,32.8,0.0,82.8,1372.0,81.8,2060s_7100.txt
2060s,7100,Novec_7100,14.285,37.7,0.0,82.8,1372.0,82.7,2060s_7100.txt
2060s,7100,Novec_7100,1.097,51.7,0.0,82.8,1372.0,83.6,2060s_7100.txt
2060s,7100,Novec_7100,2.19,30.2,0.0,82.8,1372.0,82.9,2060s_7100.txt
2060s,7100,Novec_7100,3.313,39.0,0.0,82.8,1372.0,83.1,2060s_7100.txt
2060s,7100,Novec_7100,4.418,40.1,0.0,82.8,1372.0,83.4,2060s_7100.txt
2060s,7100,Novec_7100,5.495,40.3,0.0,82.8,1372.0,83.6,2060s_7100.txt
2060s,7100,Novec_7100,6.6129999999999995,34.2,0.0,82.8,1372.0,83.9,2060s_7100.txt
2060s,7100,Novec_7100,7.77,40.6,0.0,82.8,1372.0,83.1,2060s_7100.txt
2060s,7100,Novec_7100,8.814,39.1,0.0,82.8,1372.0,82.0,2060s_7100.txt
2060s,7100,Novec_7100,9.911,37.6,0.0,82.8,1372.0,82.7,2060s_7100.txt
2060s,7100,Novec_7100,11.01,37.9,0.0,82.8,1372.0,82.8,2060s_7100.txt
2060s,7100,Novec_7100,12.1,37.2,0.0,82.8,1372.0,82.9,2060s_7100.txt
2060s,7100,Novec_7100,13.197,22.5,0.0,82.8,1372.0,80.7,2060s_7100.txt
2060s,7100,Novec_7100,14.312,23.0,0.0,82.8,1372.0,80.3,2060s_7100.txt
2060s,7100,Novec_7100,1.093,33.5,0.0,80.5,1372.0,82.2,2060s_7100.txt
2060s,7100,Novec_7100,2.203,34.2,0.0,80.5,1372.0,82.4,2060s_7100.txt
2060s,7100,Novec_7100,3.288,36.5,0.0,80.5,1372.0,82.9,2060s_7100.txt
2060s,7100,Novec_7100,4.429,37.4,0.0,80.5,1372.0,83.1,2060s_7100.txt
2060s,7100,Novec_7100,5.505,36.7,0.0,80.5,1372.0,82.9,2060s_7100.txt
2060s,7100,Novec_7100,6.599,36.4,0.0,80.5,1372.0,83.0,2060s_7100.txt
2060s,7100,Novec_7100,7.713,35.9,0.0,80.5,1372.0,82.8,2060s_7100.txt
2060s,7100,Novec_7100,8.813,37.1,0.0,80.5,1372.0,82.8,2060s_7100.txt
2060s,7100,Novec_7100,9.893,36.7,0.0,80.5,1372.0,82.8,2060s_7100.txt
2060s,7100,Novec_7100,11.002,33.6,0.0,80.5,1372.0,82.8,2060s_7100.txt
2060s,7100,Novec_7100,12.081,37.4,0.0,80.5,1372.0,82.9,2060s_7100.txt
2060s,7100,Novec_7100,13.184,36.5,0.0,80.5,1372.0,83.3,2060s_7100.txt
2060s,7100,Novec_7100,1.09,36.9,0.0,83.0,1372.0,82.9,2060s_7100.txt
2060s,7100,Novec_7100,2.229,42.2,0.0,83.0,1372.0,83.2,2060s_7100.txt
2060s,7100,Novec_7100,3.303,23.3,0.0,83.0,1372.0,80.4,2060s_7100.txt
2060s,7100,Novec_7100,4.412,23.3,0.0,83.0,1372.0,80.3,2060s_7100.txt
2060s,7100,Novec_7100,5.51,22.8,0.0,83.0,1372.0,80.3,2060s_7100.txt
2060s,7100,Novec_7100,6.609,25.1,0.0,83.0,1372.0,82.3,2060s_7100.txt
2060s,7100,Novec_7100,7.728,31.1,0.0,83.0,1372.0,81.8,2060s_7100.txt
2060s,7100,Novec_7100,8.858,38.4,0.0,83.0,1372.0,82.8,2060s_7100.txt
2060s,7100,Novec_7100,9.956,70.8,0.0,83.0,1372.0,84.5,2060s_7100.txt
2060s,7100,Novec_7100,11.042,22.1,0.0,83.0,1372.0,80.2,2060s_7100.txt
2060s,7100,Novec_7100,12.152,35.3,0.0,83.0,1372.0,82.8,2060s_7100.txt
2060s,7100,Novec_7100,13.256,31.8,0.0,83.0,1372.0,81.2,2060s_7100.txt
2060s,7100,Novec_7100,14.362,35.3,0.0,83.0,1372.0,81.6,2060s_7100.txt
2060s,7100,Novec_7100,1.099,28.5,0.0,81.8,1372.0,81.9,2060s_7100.txt
2060s,7100,Novec_7100,2.196,37.3,0.0,81.8,1372.0,82.9,2060s_7100.txt
2060s,7100,Novec_7100,3.268,44.1,0.0,81.8,1372.0,82.8,2060s_7100.txt
2060s,7100,Novec_7100,4.385,54.7,0.0,81.8,1372.0,83.4,2060s_7100.txt
2060s,7100,Novec_7100,5.463,41.5,0.0,81.8,1372.0,81.5,2060s_7100.txt
2060s,7100,Novec_7100,6.5649999999999995,40.3,0.0,81.8,1372.0,82.2,2060s_7100.txt
2060s,7100,Novec_7100,7.665,34.5,0.0,81.8,1372.0,82.2,2060s_7100.txt
2060s,7100,Novec_7100,8.763,34.9,0.0,81.8,1372.0,82.5,2060s_7100.txt
2060s,7100,Novec_7100,9.858,23.3,0.0,81.8,1372.0,79.7,2060s_7100.txt
2060s,7100,Novec_7100,10.951,22.9,0.0,81.8,1372.0,80.0,2060s_7100.txt
2060s,7100,Novec_7100,12.051,22.7,0.0,81.8,1372.0,80.1,2060s_7100.txt
2060s,7100,Novec_7100,13.151,31.4,0.0,81.8,1372.0,82.1,2060s_7100.txt
2060s,7100,Novec_7100,14.27,35.8,0.0,81.8,1372.0,82.3,2060s_7100.txt
2060s,7100,Novec_7100,1.098,38.5,0.0,82.6,1372.0,82.8,2060s_7100.txt
2060s,7100,Novec_7100,2.198,22.3,0.0,82.6,1372.0,79.5,2060s_7100.txt
2060s,7100,Novec_7100,3.307,22.8,0.0,82.6,1372.0,79.8,2060s_7100.txt
2060s,7100,Novec_7100,4.402,23.3,0.0,82.6,1372.0,80.5,2060s_7100.txt
2060s,7100,Novec_7100,5.485,30.4,0.0,82.6,1372.0,81.7,2060s_7100.txt
2060s,7100,Novec_7100,6.579,22.8,0.0,82.6,1372.0,80.8,2060s_7100.txt
2060s,7100,Novec_7100,7.671,22.9,0.0,82.6,1372.0,81.1,2060s_7100.txt
2060s,7100,Novec_7100,8.757,26.6,0.0,82.6,1372.0,82.0,2060s_7100.txt
2060s,7100,Novec_7100,9.850999999999999,23.0,0.0,82.6,1372.0,81.9,2060s_7100.txt
2060s,7100,Novec_7100,10.964,22.7,0.0,82.6,1372.0,81.1,2060s_7100.txt
2060s,7100,Novec_7100,12.082,18.5,0.0,82.6,1372.0,80.8,2060s_7100.txt
2060s,7100,Novec_7100,13.179,35.3,0.0,82.6,1372.0,82.4,2060s_7100.txt
2060s,7100,Novec_7100,1.101,23.2,0.0,81.1,1372.0,79.8,2060s_7100.txt
2060s,7100,Novec_7100,2.174,34.5,0.0,81.1,1372.0,81.7,2060s_7100.txt
2060s,7100,Novec_7100,3.27,27.2,0.0,81.1,1372.0,81.2,2060s_7100.txt
2060s,7100,Novec_7100,4.375,23.2,0.0,81.1,1372.0,80.9,2060s_7100.txt
2060s,7100,Novec_7100,5.4719999999999995,33.7,0.0,81.1,1372.0,82.3,2060s_7100.txt
2060s,7100,Novec_7100,6.574,32.8,0.0,81.1,1372.0,81.1,2060s_7100.txt
2060s,7100,Novec_7100,7.6690000000000005,22.9,0.0,81.1,1372.0,81.1,2060s_7100.txt
2060s,7100,Novec_7100,8.774000000000001,22.8,0.0,81.1,1372.0,80.8,2060s_7100.txt
2060s,7100,Novec_7100,9.879,23.5,0.0,81.1,1372.0,80.4,2060s_7100.txt
2060s,7100,Novec_7100,10.993,22.4,0.0,81.1,1372.0,79.9,2060s_7100.txt
2060s,7100,Novec_7100,12.095,23.3,0.0,81.1,1372.0,80.0,2060s_7100.txt
2060s,7100,Novec_7100,13.185,22.4,0.0,81.1,1372.0,80.0,2060s_7100.txt
2060s,7100,Novec_7100,14.278,23.1,0.0,81.1,1372.0,79.6,2060s_7100.txt
2060s,7100,Novec_7100,1.092,22.7,0.0,79.9,1372.0,79.8,2060s_7100.txt
2060s,7100,Novec_7100,2.183,23.3,0.0,79.9,1372.0,79.6,2060s_7100.txt
2060s,7100,Novec_7100,3.301,31.5,0.0,79.9,1372.0,81.8,2060s_7100.txt
2060s,7100,Novec_7100,4.419,23.7,0.0,79.9,1372.0,80.6,2060s_7100.txt
2060s,7100,Novec_7100,5.519,26.9,0.0,79.9,1372.0,80.8,2060s_7100.txt
2060s,7100,Novec_7100,6.61,22.6,0.0,79.9,1372.0,79.3,2060s_7100.txt
2060s,7100,Novec_7100,7.711,26.6,0.0,79.9,1372.0,80.2,2060s_7100.txt
2060s,7100,Novec_7100,8.814,31.1,0.0,79.9,1372.0,81.5,2060s_7100.txt
2060s,7100,Novec_7100,9.899000000000001,22.6,0.0,79.9,1372.0,80.5,2060s_7100.txt
2060s,7100,Novec_7100,10.994,33.1,0.0,79.9,1372.0,81.0,2060s_7100.txt
2060s,7100,Novec_7100,12.1,23.0,0.0,79.9,1372.0,81.0,2060s_7100.txt
2060s,7100,Novec_7100,13.212,33.6,0.0,79.9,1372.0,80.9,2060s_7100.txt
2060s,7100,Novec_7100,1.12,25.8,0.0,81.9,1372.0,80.1,2060s_7100.txt
2060s,7100,Novec_7100,2.215,28.3,0.0,81.9,1372.0,81.7,2060s_7100.txt
2060s,7100,Novec_7100,3.297,23.3,0.0,81.9,1372.0,79.6,2060s_7100.txt
2060s,7100,Novec_7100,4.409,22.5,0.0,81.9,1372.0,79.9,2060s_7100.txt
2060s,7100,Novec_7100,5.519,23.3,0.0,81.9,1372.0,80.2,2060s_7100.txt
2060s,7100,Novec_7100,6.618,22.7,0.0,81.9,1372.0,79.8,2060s_7100.txt
2060s,7100,Novec_7100,7.7219999999999995,24.3,0.0,81.9,1372.0,80.1,2060s_7100.txt
2060s,7100,Novec_7100,8.824,23.3,0.0,81.9,1372.0,79.9,2060s_7100.txt
2060s,7100,Novec_7100,9.916,36.5,0.0,81.9,1372.0,81.3,2060s_7100.txt
2060s,7100,Novec_7100,11.03,27.8,0.0,81.9,1372.0,81.7,2060s_7100.txt
2060s,7100,Novec_7100,12.146,22.8,0.0,81.9,1372.0,80.8,2060s_7100.txt
2060s,7100,Novec_7100,13.242,23.1,0.0,81.9,1372.0,81.0,2060s_7100.txt
2060s,7100,Novec_7100,14.354,23.3,0.0,81.9,1372.0,80.1,2060s_7100.txt
2060s,7100,Novec_7100,1.093,40.0,0.0,80.2,1372.0,81.7,2060s_7100.txt
2060s,7100,Novec_7100,2.188,22.7,0.0,80.2,1372.0,81.3,2060s_7100.txt
2060s,7100,Novec_7100,3.283,24.9,0.0,80.2,1372.0,80.9,2060s_7100.txt
2060s,7100,Novec_7100,4.3870000000000005,23.1,0.0,80.2,1372.0,80.8,2060s_7100.txt
2060s,7100,Novec_7100,5.487,30.3,0.0,80.2,1372.0,80.7,2060s_7100.txt
2060s,7100,Novec_7100,6.593,34.6,0.0,80.2,1372.0,81.6,2060s_7100.txt
2060s,7100,Novec_7100,7.693,23.3,0.0,80.2,1372.0,79.7,2060s_7100.txt
2060s,7100,Novec_7100,8.795,39.9,0.0,80.2,1372.0,82.4,2060s_7100.txt
2060s,7100,Novec_7100,9.892,35.6,0.0,80.2,1372.0,82.1,2060s_7100.txt
2060s,7100,Novec_7100,10.995,23.3,0.0,80.2,1372.0,80.0,2060s_7100.txt
2060s,7100,Novec_7100,12.108,29.4,0.0,80.2,1372.0,81.5,2060s_7100.txt
2060s,7100,Novec_7100,13.212,22.3,0.0,80.2,1372.0,79.6,2060s_7100.txt
2060s,7100,Novec_7100,14.301,29.4,0.0,80.2,1372.0,81.6,2060s_7100.txt
2060s,7100,Novec_7100,1.104,21.7,0.0,81.7,1372.0,79.4,2060s_7100.txt
2060s,7100,Novec_7100,2.194,31.7,0.0,81.7,1372.0,81.8,2060s_7100.txt
2060s,7100,Novec_7100,3.292,33.8,0.0,81.7,1372.0,82.2,2060s_7100.txt
2060s,7100,Novec_7100,4.394,24.0,0.0,81.7,1372.0,80.3,2060s_7100.txt
2060s,7100,Novec_7100,5.4879999999999995,27.2,0.0,81.7,1372.0,81.1,2060s_7100.txt
2060s,7100,Novec_7100,6.571,40.8,0.0,81.7,1372.0,82.0,2060s_7100.txt
2060s,7100,Novec_7100,7.668,38.7,0.0,81.7,1372.0,82.6,2060s_7100.txt
2060s,7100,Novec_7100,8.771,29.8,0.0,81.7,1372.0,81.5,2060s_7100.txt
2060s,7100,Novec_7100,9.871,29.4,0.0,81.7,1372.0,81.7,2060s_7100.txt
2060s,7100,Novec_7100,10.962,30.0,0.0,81.7,1372.0,81.5,2060s_7100.txt
2060s,7100,Novec_7100,12.052,34.7,0.0,81.7,1372.0,82.0,2060s_7100.txt
2060s,7100,Novec_7100,13.147,34.8,0.0,81.7,1372.0,82.1,2060s_7100.txt
2060s,7100,Novec_7100,1.111,34.9,0.0,81.9,1372.0,81.9,2060s_7100.txt
2060s,7100,Novec_7100,2.19,42.0,0.0,81.9,1372.0,82.6,2060s_7100.txt
2060s,7100,Novec_7100,3.285,32.1,0.0,81.9,1372.0,81.5,2060s_7100.txt
2060s,7100,Novec_7100,4.406,35.5,0.0,81.9,1372.0,82.5,2060s_7100.txt
2060s,7100,Novec_7100,5.48,39.5,0.0,81.9,1372.0,82.1,2060s_7100.txt
2060s,7100,Novec_7100,6.609,61.1,0.0,81.9,1372.0,84.8,2060s_7100.txt
2060s,7100,Novec_7100,7.704,23.0,0.0,81.9,1372.0,80.1,2060s_7100.txt
2060s,7100,Novec_7100,8.808,36.1,0.0,81.9,1372.0,82.5,2060s_7100.txt
2060s,7100,Novec_7100,9.898,38.7,0.0,81.9,1372.0,81.9,2060s_7100.txt
2060s,7100,Novec_7100,10.987,39.8,0.0,81.9,1372.0,81.7,2060s_7100.txt
2060s,7100,Novec_7100,12.098,34.7,0.0,81.9,1372.0,81.8,2060s_7100.txt
2060s,7100,Novec_7100,13.212,34.6,0.0,81.9,1372.0,82.2,2060s_7100.txt
2060s,7100,Novec_7100,14.304,34.5,0.0,81.9,1372.0,82.2,2060s_7100.txt
2060s,7100,Novec_7100,1.103,22.4,0.0,82.2,1372.0,79.8,2060s_7100.txt
2060s,7100,Novec_7100,2.183,23.3,0.0,82.2,1372.0,80.2,2060s_7100.txt
2060s,7100,Novec_7100,3.283,24.7,0.0,82.2,1372.0,79.6,2060s_7100.txt
2060s,7100,Novec_7100,4.3870000000000005,22.7,0.0,82.2,1372.0,80.4,2060s_7100.txt
2060s,7100,Novec_7100,5.492,31.2,0.0,82.2,1372.0,81.3,2060s_7100.txt
2060s,7100,Novec_7100,6.594,32.7,0.0,82.2,1372.0,81.8,2060s_7100.txt
2060s,7100,Novec_7100,7.696,33.4,0.0,82.2,1372.0,81.9,2060s_7100.txt
2060s,7100,Novec_7100,8.781,33.0,0.0,82.2,1372.0,82.0,2060s_7100.txt
2060s,7100,Novec_7100,9.897,32.4,0.0,82.2,1372.0,82.1,2060s_7100.txt
2060s,7100,Novec_7100,10.993,32.6,0.0,82.2,1372.0,82.1,2060s_7100.txt
2060s,7100,Novec_7100,12.109,33.0,0.0,82.2,1372.0,82.1,2060s_7100.txt
2060s,7100,Novec_7100,13.198,33.1,0.0,82.2,1372.0,82.0,2060s_7100.txt
2060s,7100,Novec_7100,14.303,33.0,0.0,82.2,1372.0,82.1,2060s_7100.txt
2060s,7100,Novec_7100,1.093,32.9,0.0,82.2,1372.0,82.1,2060s_7100.txt
2060s,7100,Novec_7100,2.193,32.8,0.0,82.2,1372.0,82.2,2060s_7100.txt
2060s,7100,Novec_7100,3.306,39.7,0.0,82.2,1372.0,82.1,2060s_7100.txt
2060s,7100,Novec_7100,4.422,30.0,0.0,82.2,1372.0,81.7,2060s_7100.txt
2060s,7100,Novec_7100,5.52,30.1,0.0,82.2,1372.0,81.4,2060s_7100.txt
2060s,7100,Novec_7100,6.621,34.3,0.0,82.2,1372.0,82.3,2060s_7100.txt
2060s,7100,Novec_7100,7.716,23.3,0.0,82.2,1372.0,80.3,2060s_7100.txt
2060s,7100,Novec_7100,8.818,22.6,0.0,82.2,1372.0,80.0,2060s_7100.txt
2060s,7100,Novec_7100,9.917,29.8,0.0,82.2,1372.0,81.8,2060s_7100.txt
2060s,7100,Novec_7100,11.016,34.4,0.0,82.2,1372.0,81.8,2060s_7100.txt
2060s,7100,Novec_7100,12.13,34.7,0.0,82.2,1372.0,82.4,2060s_7100.txt
2060s,7100,Novec_7100,13.21,27.3,0.0,82.2,1372.0,80.1,2060s_7100.txt
2060s,7100,Novec_7100,1.099,25.1,0.0,79.9,1372.0,80.3,2060s_7100.txt
2060s,7100,Novec_7100,2.183,23.0,0.0,79.9,1372.0,79.7,2060s_7100.txt
2060s,7100,Novec_7100,3.289,29.7,0.0,79.9,1372.0,81.7,2060s_7100.txt
2060s,7100,Novec_7100,4.407,30.7,0.0,79.9,1372.0,81.6,2060s_7100.txt
2060s,7100,Novec_7100,5.511,30.3,0.0,79.9,1372.0,81.5,2060s_7100.txt
2060s,7100,Novec_7100,6.591,30.5,0.0,79.9,1372.0,81.5,2060s_7100.txt
2060s,7100,Novec_7100,7.684,23.3,0.0,79.9,1372.0,80.3,2060s_7100.txt
2060s,7100,Novec_7100,8.8,30.4,0.0,79.9,1372.0,81.7,2060s_7100.txt
2060s,7100,Novec_7100,9.892,30.4,0.0,79.9,1372.0,81.7,2060s_7100.txt
2060s,7100,Novec_7100,11.005,37.5,0.0,79.9,1372.0,82.1,2060s_7100.txt
2060s,7100,Novec_7100,12.079,22.4,0.0,79.9,1372.0,79.4,2060s_7100.txt
2060s,7100,Novec_7100,13.213,33.4,0.0,79.9,1372.0,81.1,2060s_7100.txt
2060s,7100,Novec_7100,14.292,32.2,0.0,79.9,1372.0,80.9,2060s_7100.txt
2060s,7100,Novec_7100,1.099,23.3,0.0,79.9,1372.0,80.1,2060s_7100.txt
2060s,7100,Novec_7100,2.196,23.2,0.0,79.9,1372.0,80.2,2060s_7100.txt
2060s,7100,Novec_7100,3.31,22.9,0.0,79.9,1372.0,80.4,2060s_7100.txt
2060s,7100,Novec_7100,4.418,23.2,0.0,79.9,1372.0,79.4,2060s_7100.txt
2060s,7100,Novec_7100,5.52,23.0,0.0,79.9,1372.0,80.3,2060s_7100.txt
2060s,7100,Novec_7100,6.624,39.2,0.0,79.9,1372.0,82.6,2060s_7100.txt
2060s,7100,Novec_7100,7.709,40.6,0.0,79.9,1372.0,81.5,2060s_7100.txt
2060s,7100,Novec_7100,8.808,54.7,0.0,79.9,1372.0,84.2,2060s_7100.txt
2060s,7100,Novec_7100,9.92,23.2,0.0,79.9,1372.0,79.3,2060s_7100.txt
2060s,7100,Novec_7100,11.023,23.7,0.0,79.9,1372.0,79.8,2060s_7100.txt
2060s,7100,Novec_7100,12.104,23.0,0.0,79.9,1372.0,81.0,2060s_7100.txt
2060s,7100,Novec_7100,13.223,24.1,0.0,79.9,1372.0,80.6,2060s_7100.txt
2060s,7100,Novec_7100,14.309,22.7,0.0,79.9,1372.0,80.8,2060s_7100.txt
2060s,7100,Novec_7100,1.1179999999999999,29.0,0.0,82.8,1372.0,80.0,2060s_7100.txt
2060s,7100,Novec_7100,2.211,41.7,0.0,82.8,1372.0,82.3,2060s_7100.txt
2060s,7100,Novec_7100,3.314,35.3,0.0,82.8,1372.0,81.9,2060s_7100.txt
2060s,7100,Novec_7100,4.405,22.4,0.0,82.8,1372.0,79.9,2060s_7100.txt
2060s,7100,Novec_7100,5.519,23.3,0.0,82.8,1372.0,79.8,2060s_7100.txt
2060s,7100,Novec_7100,6.717,22.6,0.0,82.8,1372.0,80.2,2060s_7100.txt
2060s,7100,Novec_7100,7.82,22.9,0.0,82.8,1372.0,80.3,2060s_7100.txt
2060s,7100,Novec_7100,8.909,22.8,0.0,82.8,1372.0,81.6,2060s_7100.txt
2060s,7100,Novec_7100,10.033,38.8,0.0,82.8,1372.0,81.1,2060s_7100.txt
2060s,7100,Novec_7100,11.116,23.4,0.0,82.8,1372.0,79.7,2060s_7100.txt
2060s,7100,Novec_7100,12.209,22.9,0.0,82.8,1372.0,80.6,2060s_7100.txt
2060s,7100,Novec_7100,13.304,36.1,0.0,82.8,1372.0,82.8,2060s_7100.txt
2060s,7100,Novec_7100,1.105,22.2,0.0,79.2,1372.0,80.0,2060s_7100.txt
2060s,7100,Novec_7100,2.199,30.2,0.0,79.2,1372.0,81.6,2060s_7100.txt
2060s,7100,Novec_7100,3.301,29.9,0.0,79.2,1372.0,81.8,2060s_7100.txt
2060s,7100,Novec_7100,4.411,22.9,0.0,79.2,1372.0,79.4,2060s_7100.txt
2060s,7100,Novec_7100,5.52,23.0,0.0,79.2,1372.0,80.4,2060s_7100.txt
2060s,7100,Novec_7100,6.614,41.5,0.0,79.2,1372.0,81.9,2060s_7100.txt
2060s,7100,Novec_7100,7.72,36.2,0.0,79.2,1372.0,81.4,2060s_7100.txt
2060s,7100,Novec_7100,8.812,30.3,0.0,79.2,1372.0,81.8,2060s_7100.txt
2060s,7100,Novec_7100,9.913,30.2,0.0,79.2,1372.0,81.8,2060s_7100.txt
2060s,7100,Novec_7100,10.998,30.4,0.0,79.2,1372.0,82.0,2060s_7100.txt
2060s,7100,Novec_7100,12.107,30.3,0.0,79.2,1372.0,80.8,2060s_7100.txt
2060s,7100,Novec_7100,13.211,23.2,0.0,79.2,1372.0,80.1,2060s_7100.txt
2060s,7100,Novec_7100,14.285,23.0,0.0,79.2,1372.0,79.3,2060s_7100.txt
2060s,7100,Novec_7100,1.075,30.4,0.0,81.8,1372.0,82.0,2060s_7100.txt
2060s,7100,Novec_7100,2.19,23.3,0.0,81.8,1372.0,79.7,2060s_7100.txt
2060s,7100,Novec_7100,3.282,25.6,0.0,81.8,1372.0,79.8,2060s_7100.txt
2060s,7100,Novec_7100,4.375,23.0,0.0,81.8,1372.0,80.2,2060s_7100.txt
2060s,7100,Novec_7100,5.46,32.3,0.0,81.8,1372.0,81.1,2060s_7100.txt
2060s,7100,Novec_7100,6.553,36.3,0.0,81.8,1372.0,82.0,2060s_7100.txt
2060s,7100,Novec_7100,7.646,23.1,0.0,81.8,1372.0,80.6,2060s_7100.txt
2060s,7100,Novec_7100,8.741,22.7,0.0,81.8,1372.0,79.8,2060s_7100.txt
2060s,7100,Novec_7100,9.837,23.3,0.0,81.8,1372.0,80.1,2060s_7100.txt
2060s,7100,Novec_7100,10.951,22.4,0.0,81.8,1372.0,80.2,2060s_7100.txt
2060s,7100,Novec_7100,12.054,22.7,0.0,81.8,1372.0,80.8,2060s_7100.txt
2060s,7100,Novec_7100,13.152,39.9,0.0,81.8,1372.0,82.7,2060s_7100.txt
2060s,7100,Novec_7100,1.127,37.2,0.0,80.4,1372.0,82.1,2060s_7100.txt
2060s,7100,Novec_7100,2.216,23.3,0.0,80.4,1372.0,79.8,2060s_7100.txt
2060s,7100,Novec_7100,3.323,23.3,0.0,80.4,1372.0,79.9,2060s_7100.txt
2060s,7100,Novec_7100,4.43,23.1,0.0,80.4,1372.0,80.2,2060s_7100.txt
2060s,7100,Novec_7100,5.537,29.0,0.0,80.4,1372.0,81.3,2060s_7100.txt
2060s,7100,Novec_7100,6.658,23.3,0.0,80.4,1372.0,80.9,2060s_7100.txt
2060s,7100,Novec_7100,7.743,22.8,0.0,80.4,1372.0,80.3,2060s_7100.txt
2060s,7100,Novec_7100,8.848,23.1,0.0,80.4,1372.0,80.2,2060s_7100.txt
2060s,7100,Novec_7100,9.943,34.8,0.0,80.4,1372.0,81.6,2060s_7100.txt
2060s,7100,Novec_7100,11.046,22.8,0.0,80.4,1372.0,81.0,2060s_7100.txt
2060s,7100,Novec_7100,12.158,35.1,0.0,80.4,1372.0,81.3,2060s_7100.txt
2060s,7100,Novec_7100,13.279,24.7,0.0,80.4,1372.0,80.6,2060s_7100.txt
2060s,7100,Novec_7100,14.354,26.6,0.0,80.4,1372.0,81.3,2060s_7100.txt
2060s,7100,Novec_7100,1.092,35.6,0.0,81.8,1372.0,82.0,2060s_7100.txt
2060s,7100,Novec_7100,2.185,22.8,0.0,81.8,1372.0,79.8,2060s_7100.txt
2060s,7100,Novec_7100,3.282,22.9,0.0,81.8,1372.0,79.8,2060s_7100.txt
2060s,7100,Novec_7100,4.386,27.1,0.0,81.8,1372.0,80.1,2060s_7100.txt
2060s,7100,Novec_7100,5.483,22.9,0.0,81.8,1372.0,80.2,2060s_7100.txt
2060s,7100,Novec_7100,6.575,22.8,0.0,81.8,1372.0,80.0,2060s_7100.txt
2060s,7100,Novec_7100,7.6850000000000005,22.9,0.0,81.8,1372.0,79.9,2060s_7100.txt
2060s,7100,Novec_7100,8.779,22.8,0.0,81.8,1372.0,80.5,2060s_7100.txt
2060s,7100,Novec_7100,9.877,30.6,0.0,81.8,1372.0,81.3,2060s_7100.txt
2060s,7100,Novec_7100,10.984,23.1,0.0,81.8,1372.0,81.0,2060s_7100.txt
2060s,7100,Novec_7100,12.066,36.1,0.0,81.8,1372.0,82.4,2060s_7100.txt
2060s,7100,Novec_7100,13.165,23.4,0.0,81.8,1372.0,80.1,2060s_7100.txt
2060s,7100,Novec_7100,14.26,22.8,0.0,81.8,1372.0,80.6,2060s_7100.txt
2060s,7100,Novec_7100,1.098,22.7,0.0,80.7,1372.0,80.9,2060s_7100.txt
2060s,7100,Novec_7100,2.188,22.8,0.0,80.7,1372.0,79.8,2060s_7100.txt
2060s,7100,Novec_7100,3.292,23.2,0.0,80.7,1372.0,80.3,2060s_7100.txt
2060s,7100,Novec_7100,4.524,39.7,0.0,80.7,1372.0,82.6,2060s_7100.txt
2060s,7100,Novec_7100,5.601,22.8,0.0,80.7,1372.0,80.2,2060s_7100.txt
2060s,7100,Novec_7100,6.7,22.6,0.0,80.7,1372.0,80.8,2060s_7100.txt
2060s,7100,Novec_7100,7.786,23.3,0.0,80.7,1372.0,79.7,2060s_7100.txt
2060s,7100,Novec_7100,8.903,22.9,0.0,80.7,1372.0,80.3,2060s_7100.txt
2060s,7100,Novec_7100,9.997,23.3,0.0,80.7,1372.0,80.5,2060s_7100.txt
2060s,7100,Novec_7100,11.092,22.8,0.0,80.7,1372.0,80.7,2060s_7100.txt
2060s,7100,Novec_7100,12.195,23.3,0.0,80.7,1372.0,79.7,2060s_7100.txt
2060s,7100,Novec_7100,13.308,23.3,0.0,80.7,1372.0,80.0,2060s_7100.txt
2060s,7100,Novec_7100,1.088,22.7,0.0,79.7,1372.0,80.2,2060s_7100.txt
2060s,7100,Novec_7100,2.188,36.3,0.0,79.7,1372.0,82.0,2060s_7100.txt
2060s,7100,Novec_7100,3.296,22.7,0.0,79.7,1372.0,79.8,2060s_7100.txt
2060s,7100,Novec_7100,4.426,34.4,0.0,79.7,1372.0,82.1,2060s_7100.txt
2060s,7100,Novec_7100,5.516,44.2,0.0,79.7,1372.0,82.8,2060s_7100.txt
2060s,7100,Novec_7100,6.614,23.1,0.0,79.7,1372.0,79.4,2060s_7100.txt
2060s,7100,Novec_7100,7.807,23.7,0.0,79.7,1372.0,79.7,2060s_7100.txt
2060s,7100,Novec_7100,8.903,27.5,0.0,79.7,1372.0,81.1,2060s_7100.txt
2060s,7100,Novec_7100,10.009,23.3,0.0,79.7,1372.0,80.6,2060s_7100.txt
2060s,7100,Novec_7100,11.103,23.6,0.0,79.7,1372.0,81.4,2060s_7100.txt
2060s,7100,Novec_7100,12.218,22.9,0.0,79.7,1372.0,79.1,2060s_7100.txt
2060s,7100,Novec_7100,13.329,23.9,0.0,79.7,1372.0,80.2,2060s_7100.txt
2060s,7100,Novec_7100,14.551,35.0,0.0,79.7,1372.0,81.8,2060s_7100.txt
2060s,7100,Novec_7100,1.082,38.1,0.0,82.7,1372.0,82.4,2060s_7100.txt
2060s,7100,Novec_7100,2.167,22.9,0.0,82.7,1372.0,81.3,2060s_7100.txt
2060s,7100,Novec_7100,3.287,42.2,0.0,82.7,1372.0,82.5,2060s_7100.txt
2060s,7100,Novec_7100,4.384,20.1,0.0,82.7,1372.0,80.4,2060s_7100.txt
2060s,7100,Novec_7100,5.511,21.5,0.0,82.7,1372.0,81.0,2060s_7100.txt
2060s,7100,Novec_7100,6.611,21.8,0.0,82.7,1372.0,80.0,2060s_7100.txt
2060s,7100,Novec_7100,7.702,22.4,0.0,82.7,1372.0,80.4,2060s_7100.txt
2060s,7100,Novec_7100,8.795,23.3,0.0,82.7,1372.0,80.7,2060s_7100.txt
2060s,7100,Novec_7100,9.895,22.0,0.0,82.7,1372.0,80.6,2060s_7100.txt
2060s,7100,Novec_7100,11.01,40.8,0.0,82.7,1372.0,82.1,2060s_7100.txt
2060s,7100,Novec_7100,12.077,22.9,0.0,82.7,1372.0,80.1,2060s_7100.txt
2060s,7100,Novec_7100,13.201,23.3,0.0,82.7,1372.0,80.7,2060s_7100.txt
2060s,7100,Novec_7100,1.099,23.3,0.0,81.7,1372.0,80.3,2060s_7100.txt
2060s,7100,Novec_7100,2.208,23.9,0.0,81.7,1372.0,81.3,2060s_7100.txt
2060s,7100,Novec_7100,3.303,33.8,0.0,81.7,1372.0,81.7,2060s_7100.txt
2060s,7100,Novec_7100,4.397,23.1,0.0,81.7,1372.0,80.3,2060s_7100.txt
2060s,7100,Novec_7100,5.51,23.5,0.0,81.7,1372.0,80.7,2060s_7100.txt
2060s,7100,Novec_7100,6.603,25.2,0.0,81.7,1372.0,80.4,2060s_7100.txt
2060s,7100,Novec_7100,7.696,32.6,0.0,81.7,1372.0,81.8,2060s_7100.txt
2060s,7100,Novec_7100,8.794,22.5,0.0,81.7,1372.0,79.4,2060s_7100.txt
2060s,7100,Novec_7100,9.903,35.0,0.0,81.7,1372.0,81.6,2060s_7100.txt
2060s,7100,Novec_7100,11.001,22.2,0.0,81.7,1372.0,79.3,2060s_7100.txt
2060s,7100,Novec_7100,12.104,23.2,0.0,81.7,1372.0,80.8,2060s_7100.txt
2060s,7100,Novec_7100,13.2,32.6,0.0,81.7,1372.0,81.6,2060s_7100.txt
2060s,7100,Novec_7100,14.316,27.4,0.0,81.7,1372.0,80.3,2060s_7100.txt
2060s,7100,Novec_7100,1.098,23.0,0.0,81.1,1372.0,79.8,2060s_7100.txt
2060s,7100,Novec_7100,2.197,22.9,0.0,81.1,1372.0,79.7,2060s_7100.txt
2060s,7100,Novec_7100,3.299,35.9,0.0,81.1,1372.0,81.7,2060s_7100.txt
2060s,7100,Novec_7100,4.416,22.8,0.0,81.1,1372.0,79.7,2060s_7100.txt
2060s,7100,Novec_7100,5.508,23.3,0.0,81.1,1372.0,80.6,2060s_7100.txt
2060s,7100,Novec_7100,6.599,37.3,0.0,81.1,1372.0,81.6,2060s_7100.txt
2060s,7100,Novec_7100,7.701,35.2,0.0,81.1,1372.0,81.3,2060s_7100.txt
2060s,7100,Novec_7100,8.791,25.3,0.0,81.1,1372.0,80.8,2060s_7100.txt
2060s,7100,Novec_7100,9.909,28.1,0.0,81.1,1372.0,81.3,2060s_7100.txt
2060s,7100,Novec_7100,11.013,30.7,0.0,81.1,1372.0,81.2,2060s_7100.txt
2060s,7100,Novec_7100,12.11,39.1,0.0,81.1,1372.0,81.9,2060s_7100.txt
2060s,7100,Novec_7100,13.209,25.8,0.0,81.1,1372.0,81.4,2060s_7100.txt
2060s,7100,Novec_7100,1.1,22.6,0.0,79.3,1372.0,79.8,2060s_7100.txt
2060s,7100,Novec_7100,2.211,23.0,0.0,79.3,1372.0,80.3,2060s_7100.txt
2060s,7100,Novec_7100,3.316,23.2,0.0,79.3,1372.0,80.4,2060s_7100.txt
2060s,7100,Novec_7100,4.434,40.5,0.0,79.3,1372.0,82.5,2060s_7100.txt
2060s,7100,Novec_7100,5.508,22.3,0.0,79.3,1372.0,79.6,2060s_7100.txt
2060s,7100,Novec_7100,6.608,35.1,0.0,79.3,1372.0,81.9,2060s_7100.txt
2060s,7100,Novec_7100,7.701,22.4,0.0,79.3,1372.0,80.0,2060s_7100.txt
2060s,7100,Novec_7100,8.813,21.5,0.0,79.3,1372.0,80.0,2060s_7100.txt
2060s,7100,Novec_7100,9.905,22.4,0.0,79.3,1372.0,80.7,2060s_7100.txt
2060s,7100,Novec_7100,10.999,36.7,0.0,79.3,1372.0,82.4,2060s_7100.txt
2060s,7100,Novec_7100,12.094,23.5,0.0,79.3,1372.0,79.8,2060s_7100.txt
2060s,7100,Novec_7100,13.195,22.9,0.0,79.3,1372.0,80.2,2060s_7100.txt
2060s,7100,Novec_7100,14.299,23.1,0.0,79.3,1372.0,80.3,2060s_7100.txt
2060s,7100,Novec_7100,1.097,22.9,0.0,81.1,1372.0,79.9,2060s_7100.txt
2060s,7100,Novec_7100,2.192,23.0,0.0,81.1,1372.0,80.2,2060s_7100.txt
2060s,7100,Novec_7100,3.287,23.3,0.0,81.1,1372.0,80.4,2060s_7100.txt
2060s,7100,Novec_7100,4.395,22.8,0.0,81.1,1372.0,80.7,2060s_7100.txt
2060s,7100,Novec_7100,5.495,36.0,0.0,81.1,1372.0,81.8,2060s_7100.txt
2060s,7100,Novec_7100,6.588,22.8,0.0,81.1,1372.0,79.9,2060s_7100.txt
2060s,7100,Novec_7100,7.6850000000000005,23.2,0.0,81.1,1372.0,80.0,2060s_7100.txt
2060s,7100,Novec_7100,8.795,23.3,0.0,81.1,1372.0,79.6,2060s_7100.txt
2060s,7100,Novec_7100,9.899000000000001,23.7,0.0,81.1,1372.0,79.7,2060s_7100.txt
2060s,7100,Novec_7100,11.001,23.8,0.0,81.1,1372.0,80.7,2060s_7100.txt
2060s,7100,Novec_7100,12.1,34.1,0.0,81.1,1372.0,82.0,2060s_7100.txt
2060s,7100,Novec_7100,13.211,34.1,0.0,81.1,1372.0,81.3,2060s_7100.txt
2060s,7100,Novec_7100,14.318,23.4,0.0,81.1,1372.0,81.2,2060s_7100.txt
2060s,7100,Novec_7100,1.089,23.0,0.0,79.9,1372.0,80.2,2060s_7100.txt
2060s,7100,Novec_7100,2.193,23.0,0.0,79.9,1372.0,80.0,2060s_7100.txt
2060s,7100,Novec_7100,3.29,23.3,0.0,79.9,1372.0,80.3,2060s_7100.txt
2060s,7100,Novec_7100,4.377,29.8,0.0,79.9,1372.0,81.5,2060s_7100.txt
2060s,7100,Novec_7100,5.486,35.1,0.0,79.9,1372.0,81.4,2060s_7100.txt
2060s,7100,Novec_7100,6.576,29.2,0.0,79.9,1372.0,80.8,2060s_7100.txt
2060s,7100,Novec_7100,7.694,23.3,0.0,79.9,1372.0,79.7,2060s_7100.txt
2060s,7100,Novec_7100,8.798,34.8,0.0,79.9,1372.0,81.4,2060s_7100.txt
2060s,7100,Novec_7100,9.895,24.0,0.0,79.9,1372.0,81.3,2060s_7100.txt
2060s,7100,Novec_7100,11.016,23.3,0.0,79.9,1372.0,80.8,2060s_7100.txt
2060s,7100,Novec_7100,12.095,31.8,0.0,79.9,1372.0,81.3,2060s_7100.txt
2060s,7100,Novec_7100,13.214,32.2,0.0,79.9,1372.0,82.2,2060s_7100.txt
2060s,7100,Novec_7100,1.109,23.0,0.0,81.6,1372.0,80.6,2060s_7100.txt
2060s,7100,Novec_7100,2.2,23.3,0.0,81.6,1372.0,80.8,2060s_7100.txt
2060s,7100,Novec_7100,3.298,28.6,0.0,81.6,1372.0,81.2,2060s_7100.txt
2060s,7100,Novec_7100,4.392,38.2,0.0,81.6,1372.0,81.9,2060s_7100.txt
2060s,7100,Novec_7100,5.486,23.3,0.0,81.6,1372.0,79.9,2060s_7100.txt
2060s,7100,Novec_7100,6.578,23.3,0.0,81.6,1372.0,80.3,2060s_7100.txt
2060s,7100,Novec_7100,7.675,22.9,0.0,81.6,1372.0,80.4,2060s_7100.txt
2060s,7100,Novec_7100,8.768,35.6,0.0,81.6,1372.0,82.2,2060s_7100.txt
2060s,7100,Novec_7100,9.855,29.7,0.0,81.6,1372.0,81.4,2060s_7100.txt
2060s,7100,Novec_7100,10.954,39.4,0.0,81.6,1372.0,82.2,2060s_7100.txt
2060s,7100,Novec_7100,12.052,22.8,0.0,81.6,1372.0,80.2,2060s_7100.txt
2060s,7100,Novec_7100,13.153,36.6,0.0,81.6,1372.0,82.3,2060s_7100.txt
2060s,7100,Novec_7100,14.259,22.7,0.0,81.6,1372.0,79.8,2060s_7100.txt
2060s,7100,Novec_7100,1.095,22.7,0.0,80.8,1372.0,79.8,2060s_7100.txt
2060s,7100,Novec_7100,2.189,23.3,0.0,80.8,1372.0,80.3,2060s_7100.txt
2060s,7100,Novec_7100,3.311,22.5,0.0,80.8,1372.0,79.3,2060s_7100.txt
2060s,7100,Novec_7100,4.394,22.6,0.0,80.8,1372.0,80.5,2060s_7100.txt
2060s,7100,Novec_7100,5.49,35.6,0.0,80.8,1372.0,81.5,2060s_7100.txt
2060s,7100,Novec_7100,6.595,23.2,0.0,80.8,1372.0,80.4,2060s_7100.txt
2060s,7100,Novec_7100,7.702,22.5,0.0,80.8,1372.0,79.9,2060s_7100.txt
2060s,7100,Novec_7100,8.809,23.7,0.0,80.8,1372.0,79.7,2060s_7100.txt
2060s,7100,Novec_7100,9.907,23.3,0.0,80.8,1372.0,80.4,2060s_7100.txt
2060s,7100,Novec_7100,11.021,23.2,0.0,80.8,1372.0,79.6,2060s_7100.txt
2060s,7100,Novec_7100,12.14,23.2,0.0,80.8,1372.0,80.0,2060s_7100.txt
2060s,7100,Novec_7100,13.227,22.7,0.0,80.8,1372.0,80.6,2060s_7100.txt
2060s,7100,Novec_7100,14.326,38.2,0.0,80.8,1372.0,81.3,2060s_7100.txt
2060s,7100,Novec_7100,1.096,22.9,0.0,80.3,1372.0,80.3,2060s_7100.txt
2060s,7100,Novec_7100,2.212,23.0,0.0,80.3,1372.0,81.0,2060s_7100.txt
2060s,7100,Novec_7100,3.319,22.7,0.0,80.3,1372.0,79.9,2060s_7100.txt
2060s,7100,Novec_7100,4.426,36.1,0.0,80.3,1372.0,81.8,2060s_7100.txt
2060s,7100,Novec_7100,5.515,23.3,0.0,80.3,1372.0,80.0,2060s_7100.txt
2060s,7100,Novec_7100,6.608,22.8,0.0,80.3,1372.0,80.1,2060s_7100.txt
2060s,7100,Novec_7100,7.708,22.7,0.0,80.3,1372.0,80.2,2060s_7100.txt
2060s,7100,Novec_7100,8.8,23.4,0.0,80.3,1372.0,80.8,2060s_7100.txt
2060s,7100,Novec_7100,9.907,20.7,0.0,80.3,1372.0,79.5,2060s_7100.txt
2060s,7100,Novec_7100,11.017,23.2,0.0,80.3,1372.0,80.8,2060s_7100.txt
2060s,7100,Novec_7100,12.134,27.0,0.0,80.3,1372.0,80.6,2060s_7100.txt
2060s,7100,Novec_7100,13.219,22.7,0.0,80.3,1372.0,80.3,2060s_7100.txt
2060s,7100,Novec_7100,1.117,22.9,0.0,80.1,1372.0,80.7,2060s_7100.txt
2060s,7100,Novec_7100,2.201,37.6,0.0,80.1,1372.0,81.5,2060s_7100.txt
2060s,7100,Novec_7100,3.302,23.3,0.0,80.1,1372.0,80.3,2060s_7100.txt
2060s,7100,Novec_7100,4.396,22.6,0.0,80.1,1372.0,80.3,2060s_7100.txt
2060s,7100,Novec_7100,5.51,23.3,0.0,80.1,1372.0,79.9,2060s_7100.txt
2060s,7100,Novec_7100,6.62,22.8,0.0,80.1,1372.0,80.6,2060s_7100.txt
2060s,7100,Novec_7100,7.711,22.9,0.0,80.1,1372.0,79.4,2060s_7100.txt
2060s,7100,Novec_7100,8.825,23.1,0.0,80.1,1372.0,80.6,2060s_7100.txt
2060s,7100,Novec_7100,9.919,23.4,0.0,80.1,1372.0,81.1,2060s_7100.txt
2060s,7100,Novec_7100,11.029,22.8,0.0,80.1,1372.0,80.3,2060s_7100.txt
2060s,7100,Novec_7100,12.144,25.1,0.0,80.1,1372.0,81.5,2060s_7100.txt
2060s,7100,Novec_7100,13.271,21.5,0.0,80.1,1372.0,79.3,2060s_7100.txt
2060s,7100,Novec_7100,14.362,22.9,0.0,80.1,1372.0,81.2,2060s_7100.txt
2060s,7100,Novec_7100,1.091,23.2,0.0,79.6,1372.0,80.7,2060s_7100.txt
2060s,7100,Novec_7100,2.19,33.1,0.0,79.6,1372.0,81.2,2060s_7100.txt
2060s,7100,Novec_7100,3.301,23.2,0.0,79.6,1372.0,80.1,2060s_7100.txt
2060s,7100,Novec_7100,4.421,21.4,0.0,79.6,1372.0,79.7,2060s_7100.txt
2060s,7100,Novec_7100,5.498,23.1,0.0,79.6,1372.0,80.5,2060s_7100.txt
2060s,7100,Novec_7100,6.614,22.3,0.0,79.6,1372.0,80.8,2060s_7100.txt
2060s,7100,Novec_7100,7.709,37.1,0.0,79.6,1372.0,82.5,2060s_7100.txt
2060s,7100,Novec_7100,8.808,34.4,0.0,79.6,1372.0,81.8,2060s_7100.txt
2060s,7100,Novec_7100,9.916,22.9,0.0,79.6,1372.0,80.2,2060s_7100.txt
2060s,7100,Novec_7100,11.007,23.1,0.0,79.6,1372.0,80.5,2060s_7100.txt
2060s,7100,Novec_7100,12.116,36.8,0.0,79.6,1372.0,81.6,2060s_7100.txt
2060s,7100,Novec_7100,13.219,23.3,0.0,79.6,1372.0,79.9,2060s_7100.txt
2060s,7100,Novec_7100,1.117,28.8,0.0,79.9,1372.0,80.8,2060s_7100.txt
2060s,7100,Novec_7100,2.23,22.9,0.0,79.9,1372.0,79.8,2060s_7100.txt
2060s,7100,Novec_7100,3.318,23.5,0.0,79.9,1372.0,80.1,2060s_7100.txt
2060s,7100,Novec_7100,4.41,31.7,0.0,79.9,1372.0,81.8,2060s_7100.txt
2060s,7100,Novec_7100,5.509,23.3,0.0,79.9,1372.0,79.8,2060s_7100.txt
2060s,7100,Novec_7100,6.608,22.8,0.0,79.9,1372.0,81.0,2060s_7100.txt
2060s,7100,Novec_7100,7.687,41.5,0.0,79.9,1372.0,82.0,2060s_7100.txt
2060s,7100,Novec_7100,8.804,22.9,0.0,79.9,1372.0,79.9,2060s_7100.txt
2060s,7100,Novec_7100,9.9,23.8,0.0,79.9,1372.0,80.7,2060s_7100.txt
2060s,7100,Novec_7100,10.991,29.2,0.0,79.9,1372.0,81.6,2060s_7100.txt
2060s,7100,Novec_7100,12.105,23.5,0.0,79.9,1372.0,80.5,2060s_7100.txt
2060s,7100,Novec_7100,13.201,22.9,0.0,79.9,1372.0,80.6,2060s_7100.txt
2060s,7100,Novec_7100,14.305,26.8,0.0,79.9,1372.0,80.7,2060s_7100.txt
2060s,7100,Novec_7100,1.096,35.6,0.0,80.3,1372.0,81.7,2060s_7100.txt
2060s,7100,Novec_7100,2.195,23.4,0.0,80.3,1372.0,80.1,2060s_7100.txt
2060s,7100,Novec_7100,3.283,23.0,0.0,80.3,1372.0,80.3,2060s_7100.txt
2060s,7100,Novec_7100,4.374,22.8,0.0,80.3,1372.0,81.1,2060s_7100.txt
2060s,7100,Novec_7100,5.466,23.2,0.0,80.3,1372.0,79.9,2060s_7100.txt
2060s,7100,Novec_7100,6.5809999999999995,22.3,0.0,80.3,1372.0,80.7,2060s_7100.txt
2060s,7100,Novec_7100,7.686,22.6,0.0,80.3,1372.0,79.8,2060s_7100.txt
2060s,7100,Novec_7100,8.771,23.6,0.0,80.3,1372.0,79.8,2060s_7100.txt
2060s,7100,Novec_7100,9.879,23.9,0.0,80.3,1372.0,80.7,2060s_7100.txt
2060s,7100,Novec_7100,10.975,23.4,0.0,80.3,1372.0,80.2,2060s_7100.txt
2060s,7100,Novec_7100,12.062,22.9,0.0,80.3,1372.0,81.2,2060s_7100.txt
2060s,7100,Novec_7100,13.163,28.8,0.0,80.3,1372.0,80.5,2060s_7100.txt
2060s,7100,Novec_7100,14.278,27.9,0.0,80.3,1372.0,80.5,2060s_7100.txt
2060s,7100,Novec_7100,1.105,23.3,0.0,80.2,1372.0,81.1,2060s_7100.txt
2060s,7100,Novec_7100,2.188,23.1,0.0,80.2,1372.0,79.6,2060s_7100.txt
2060s,7100,Novec_7100,3.301,23.2,0.0,80.2,1372.0,80.3,2060s_7100.txt
2060s,7100,Novec_7100,4.4,30.8,0.0,80.2,1372.0,81.7,2060s_7100.txt
2060s,7100,Novec_7100,5.491,22.6,0.0,80.2,1372.0,80.1,2060s_7100.txt
2060s,7100,Novec_7100,6.602,23.4,0.0,80.2,1372.0,80.5,2060s_7100.txt
2060s,7100,Novec_7100,7.695,23.7,0.0,80.2,1372.0,79.8,2060s_7100.txt
2060s,7100,Novec_7100,8.787,22.5,0.0,80.2,1372.0,80.6,2060s_7100.txt
2060s,7100,Novec_7100,9.88,34.6,0.0,80.2,1372.0,81.5,2060s_7100.txt
2060s,7100,Novec_7100,10.99,23.4,0.0,80.2,1372.0,80.0,2060s_7100.txt
2060s,7100,Novec_7100,12.087,23.0,0.0,80.2,1372.0,80.3,2060s_7100.txt
2060s,7100,Novec_7100,13.198,23.3,0.0,80.2,1372.0,80.7,2060s_7100.txt
2060s,7100,Novec_7100,1.097,23.1,0.0,81.3,1372.0,80.3,2060s_7100.txt
2060s,7100,Novec_7100,2.188,25.2,0.0,81.3,1372.0,80.9,2060s_7100.txt
2060s,7100,Novec_7100,3.285,25.2,0.0,81.3,1372.0,80.9,2060s_7100.txt
2060s,7100,Novec_7100,4.374,23.4,0.0,81.3,1372.0,80.5,2060s_7100.txt
2060s,7100,Novec_7100,5.483,23.4,0.0,81.3,1372.0,79.5,2060s_7100.txt
2060s,7100,Novec_7100,6.593,22.8,0.0,81.3,1372.0,80.6,2060s_7100.txt
2060s,7100,Novec_7100,7.687,36.2,0.0,81.3,1372.0,81.8,2060s_7100.txt
2060s,7100,Novec_7100,8.782,23.0,0.0,81.3,1372.0,80.2,2060s_7100.txt
2060s,7100,Novec_7100,9.878,37.1,0.0,81.3,1372.0,82.1,2060s_7100.txt
2060s,7100,Novec_7100,10.969,23.3,0.0,81.3,1372.0,80.2,2060s_7100.txt
2060s,7100,Novec_7100,12.083,23.2,0.0,81.3,1372.0,80.3,2060s_7100.txt
2060s,7100,Novec_7100,13.199,22.9,0.0,81.3,1372.0,80.1,2060s_7100.txt
2060s,7100,Novec_7100,14.314,23.4,0.0,81.3,1372.0,80.1,2060s_7100.txt
2060s,7100,Novec_7100,1.102,23.4,0.0,80.2,1372.0,80.7,2060s_7100.txt
2060s,7100,Novec_7100,2.215,23.1,0.0,80.2,1372.0,80.1,2060s_7100.txt
2060s,7100,Novec_7100,3.294,23.4,0.0,80.2,1372.0,80.0,2060s_7100.txt
2060s,7100,Novec_7100,4.409,23.3,0.0,80.2,1372.0,80.7,2060s_7100.txt
2060s,7100,Novec_7100,5.497,23.8,0.0,80.2,1372.0,79.9,2060s_7100.txt
2060s,7100,Novec_7100,6.605,22.9,0.0,80.2,1372.0,80.6,2060s_7100.txt
2060s,7100,Novec_7100,7.7219999999999995,22.8,0.0,80.2,1372.0,80.1,2060s_7100.txt
2060s,7100,Novec_7100,8.796,22.3,0.0,80.2,1372.0,80.3,2060s_7100.txt
2060s,7100,Novec_7100,9.887,35.6,0.0,80.2,1372.0,81.9,2060s_7100.txt
2060s,7100,Novec_7100,10.998,23.4,0.0,80.2,1372.0,80.1,2060s_7100.txt
2060s,7100,Novec_7100,12.1,22.9,0.0,80.2,1372.0,80.7,2060s_7100.txt
2060s,7100,Novec_7100,13.217,23.4,0.0,80.2,1372.0,80.0,2060s_7100.txt
2060s,7100,Novec_7100,14.315,22.8,0.0,80.2,1372.0,80.3,2060s_7100.txt
2060s,7100,Novec_7100,1.114,23.2,0.0,80.2,1372.0,80.3,2060s_7100.txt
2060s,7100,Novec_7100,2.224,22.7,0.0,80.2,1372.0,80.6,2060s_7100.txt
2060s,7100,Novec_7100,3.343,23.4,0.0,80.2,1372.0,80.2,2060s_7100.txt
2060s,7100,Novec_7100,4.445,23.5,0.0,80.2,1372.0,81.0,2060s_7100.txt
2060s,7100,Novec_7100,5.555,22.9,0.0,80.2,1372.0,80.2,2060s_7100.txt
2060s,7100,Novec_7100,6.668,23.3,0.0,80.2,1372.0,80.7,2060s_7100.txt
2060s,7100,Novec_7100,7.766,23.0,0.0,80.2,1372.0,80.3,2060s_7100.txt
2060s,7100,Novec_7100,8.862,32.5,0.0,80.2,1372.0,81.9,2060s_7100.txt
2060s,7100,Novec_7100,9.968,23.3,0.0,80.2,1372.0,80.4,2060s_7100.txt
2060s,7100,Novec_7100,11.065,22.7,0.0,80.2,1372.0,80.0,2060s_7100.txt
2060s,7100,Novec_7100,12.175,23.3,0.0,80.2,1372.0,81.3,2060s_7100.txt
2060s,7100,Novec_7100,13.271,22.9,0.0,80.2,1372.0,80.3,2060s_7100.txt
2060s,7100,Novec_7100,1.108,22.9,0.0,80.8,1372.0,80.1,2060s_7100.txt
2060s,7100,Novec_7100,2.221,23.0,0.0,80.8,1372.0,80.7,2060s_7100.txt
2060s,7100,Novec_7100,3.319,23.1,0.0,80.8,1372.0,81.3,2060s_7100.txt
2060s,7100,Novec_7100,4.416,40.0,0.0,80.8,1372.0,82.3,2060s_7100.txt
2060s,7100,Novec_7100,5.506,22.6,0.0,80.8,1372.0,80.2,2060s_7100.txt
2060s,7100,Novec_7100,6.602,36.5,0.0,80.8,1372.0,82.1,2060s_7100.txt
2060s,7100,Novec_7100,7.713,23.2,0.0,80.8,1372.0,80.5,2060s_7100.txt
2060s,7100,Novec_7100,8.803,23.4,0.0,80.8,1372.0,80.3,2060s_7100.txt
2060s,7100,Novec_7100,9.918,23.5,0.0,80.8,1372.0,81.1,2060s_7100.txt
2060s,7100,Novec_7100,11.041,20.0,0.0,80.8,1372.0,79.5,2060s_7100.txt
2060s,7100,Novec_7100,12.126,23.5,0.0,80.8,1372.0,81.8,2060s_7100.txt
2060s,7100,Novec_7100,13.237,22.2,0.0,80.8,1372.0,80.8,2060s_7100.txt
2060s,7100,Novec_7100,14.33,22.9,0.0,80.8,1372.0,80.4,2060s_7100.txt
2060s,7100,Novec_7100,1.1,22.3,0.0,81.4,1372.0,80.2,2060s_7100.txt
2060s,7100,Novec_7100,2.197,23.4,0.0,81.4,1372.0,81.5,2060s_7100.txt
2060s,7100,Novec_7100,3.288,23.1,0.0,81.4,1372.0,80.2,2060s_7100.txt
2060s,7100,Novec_7100,4.384,22.4,0.0,81.4,1372.0,80.4,2060s_7100.txt
2060s,7100,Novec_7100,5.484,22.1,0.0,81.4,1372.0,81.1,2060s_7100.txt
2060s,7100,Novec_7100,6.598,22.9,0.0,81.4,1372.0,80.5,2060s_7100.txt
2060s,7100,Novec_7100,7.696,23.6,0.0,81.4,1372.0,81.0,2060s_7100.txt
2060s,7100,Novec_7100,8.783,21.6,0.0,81.4,1372.0,80.6,2060s_7100.txt
2060s,7100,Novec_7100,9.903,22.5,0.0,81.4,1372.0,80.1,2060s_7100.txt
2060s,7100,Novec_7100,11.015,23.0,0.0,81.4,1372.0,80.6,2060s_7100.txt
2060s,7100,Novec_7100,12.105,23.4,0.0,81.4,1372.0,80.6,2060s_7100.txt
2060s,7100,Novec_7100,13.2,26.9,0.0,81.4,1372.0,81.7,2060s_7100.txt
2060s,7100,Novec_7100,1.1,23.7,0.0,80.2,1372.0,81.1,2060s_7100.txt
2060s,7100,Novec_7100,2.199,22.5,0.0,80.2,1372.0,80.3,2060s_7100.txt
2060s,7100,Novec_7100,3.292,23.4,0.0,80.2,1372.0,80.2,2060s_7100.txt
2060s,7100,Novec_7100,4.381,23.3,0.0,80.2,1372.0,80.7,2060s_7100.txt
2060s,7100,Novec_7100,5.476,22.6,0.0,80.2,1372.0,80.2,2060s_7100.txt
2060s,7100,Novec_7100,6.601,37.9,0.0,80.2,1372.0,82.3,2060s_7100.txt
2060s,7100,Novec_7100,7.68,23.4,0.0,80.2,1372.0,80.6,2060s_7100.txt
2060s,7100,Novec_7100,8.782,22.3,0.0,80.2,1372.0,80.2,2060s_7100.txt
2060s,7100,Novec_7100,9.925,27.2,0.0,80.2,1372.0,80.6,2060s_7100.txt
2060s,7100,Novec_7100,10.995,23.0,0.0,80.2,1372.0,80.5,2060s_7100.txt
2060s,7100,Novec_7100,12.087,23.4,0.0,80.2,1372.0,80.3,2060s_7100.txt
2060s,7100,Novec_7100,13.174,22.9,0.0,80.2,1372.0,80.7,2060s_7100.txt
2060s,7100,Novec_7100,14.268,22.6,0.0,80.2,1372.0,80.3,2060s_7100.txt
2060s,7100,Novec_7100,1.11,23.2,0.0,81.8,1372.0,80.3,2060s_7100.txt
2060s,7100,Novec_7100,2.205,28.3,0.0,81.8,1372.0,82.0,2060s_7100.txt
2060s,7100,Novec_7100,3.302,23.4,0.0,81.8,1372.0,80.8,2060s_7100.txt
2060s,7100,Novec_7100,4.398,23.1,0.0,81.8,1372.0,80.4,2060s_7100.txt
2060s,7100,Novec_7100,5.511,20.7,0.0,81.8,1372.0,80.2,2060s_7100.txt
2060s,7100,Novec_7100,6.623,22.9,0.0,81.8,1372.0,80.4,2060s_7100.txt
2060s,7100,Novec_7100,7.733,22.5,0.0,81.8,1372.0,80.6,2060s_7100.txt
2060s,7100,Novec_7100,8.825,23.3,0.0,81.8,1372.0,80.8,2060s_7100.txt
2060s,7100,Novec_7100,9.919,22.2,0.0,81.8,1372.0,80.7,2060s_7100.txt
2060s,7100,Novec_7100,11.021,23.1,0.0,81.8,1372.0,80.8,2060s_7100.txt
2060s,7100,Novec_7100,12.123,23.6,0.0,81.8,1372.0,80.8,2060s_7100.txt
2060s,7100,Novec_7100,13.218,23.4,0.0,81.8,1372.0,80.8,2060s_7100.txt
2060s,7100,Novec_7100,14.309,22.4,0.0,81.8,1372.0,80.9,2060s_7100.txt
2060s,7100,Novec_7100,1.103,22.6,0.0,80.9,1372.0,81.1,2060s_7100.txt
2060s,7100,Novec_7100,2.192,23.3,0.0,80.9,1372.0,81.1,2060s_7100.txt
2060s,7100,Novec_7100,3.29,23.5,0.0,80.9,1372.0,81.0,2060s_7100.txt
2060s,7100,Novec_7100,4.392,23.0,0.0,80.9,1372.0,80.5,2060s_7100.txt
2060s,7100,Novec_7100,5.506,22.4,0.0,80.9,1372.0,80.2,2060s_7100.txt
2060s,7100,Novec_7100,6.584,23.2,0.0,80.9,1372.0,82.2,2060s_7100.txt
2060s,7100,Novec_7100,7.694,22.7,0.0,80.9,1372.0,81.1,2060s_7100.txt
2060s,7100,Novec_7100,8.815,23.4,0.0,80.9,1372.0,80.5,2060s_7100.txt
2060s,7100,Novec_7100,9.923,22.4,0.0,80.9,1372.0,80.3,2060s_7100.txt
2060s,7100,Novec_7100,11.003,23.1,0.0,80.9,1372.0,80.3,2060s_7100.txt
2060s,7100,Novec_7100,12.098,27.9,0.0,80.9,1372.0,81.4,2060s_7100.txt
2060s,7100,Novec_7100,13.214,23.4,0.0,80.9,1372.0,80.8,2060s_7100.txt
2060s,7100,Novec_7100,1.091,23.0,0.0,80.6,1372.0,80.4,2060s_7100.txt
2060s,7100,Novec_7100,2.207,22.7,0.0,80.6,1372.0,80.3,2060s_7100.txt
2060s,7100,Novec_7100,3.32,23.4,0.0,80.6,1372.0,80.0,2060s_7100.txt
2060s,7100,Novec_7100,4.439,33.2,0.0,80.6,1372.0,82.3,2060s_7100.txt
2060s,7100,Novec_7100,5.506,20.5,0.0,80.6,1372.0,80.5,2060s_7100.txt
2060s,7100,Novec_7100,6.612,22.8,0.0,80.6,1372.0,80.2,2060s_7100.txt
2060s,7100,Novec_7100,7.714,28.7,0.0,80.6,1372.0,81.5,2060s_7100.txt
2060s,7100,Novec_7100,8.825,23.2,0.0,80.6,1372.0,80.6,2060s_7100.txt
2060s,7100,Novec_7100,9.929,22.7,0.0,80.6,1372.0,80.1,2060s_7100.txt
2060s,7100,Novec_7100,11.036,22.4,0.0,80.6,1372.0,81.0,2060s_7100.txt
2060s,7100,Novec_7100,12.145,31.4,0.0,80.6,1372.0,81.8,2060s_7100.txt
2060s,7100,Novec_7100,13.22,22.3,0.0,80.6,1372.0,80.8,2060s_7100.txt
2060s,7100,Novec_7100,14.33,23.4,0.0,80.6,1372.0,80.6,2060s_7100.txt
2060s,7100,Novec_7100,1.101,23.4,0.0,80.7,1372.0,80.6,2060s_7100.txt
2060s,7100,Novec_7100,2.21,22.4,0.0,80.7,1372.0,80.3,2060s_7100.txt
2060s,7100,Novec_7100,3.321,23.4,0.0,80.7,1372.0,80.3,2060s_7100.txt
2060s,7100,Novec_7100,4.424,22.7,0.0,80.7,1372.0,80.7,2060s_7100.txt
2060s,7100,Novec_7100,5.538,23.4,0.0,80.7,1372.0,80.2,2060s_7100.txt
2060s,7100,Novec_7100,6.646,23.2,0.0,80.7,1372.0,80.4,2060s_7100.txt
2060s,7100,Novec_7100,7.725,22.4,0.0,80.7,1372.0,80.6,2060s_7100.txt
2060s,7100,Novec_7100,8.82,22.8,0.0,80.7,1372.0,81.0,2060s_7100.txt
2060s,7100,Novec_7100,9.92,22.8,0.0,80.7,1372.0,80.8,2060s_7100.txt
2060s,7100,Novec_7100,11.025,29.6,0.0,80.7,1372.0,82.0,2060s_7100.txt
2060s,7100,Novec_7100,12.123,23.5,0.0,80.7,1372.0,80.9,2060s_7100.txt
2060s,7100,Novec_7100,13.241,23.2,0.0,80.7,1372.0,80.8,2060s_7100.txt
2060s,7100,Novec_7100,14.334,22.7,0.0,80.7,1372.0,80.8,2060s_7100.txt
2060s,7100,Novec_7100,1.102,22.8,0.0,82.1,1372.0,81.6,2060s_7100.txt
2060s,7100,Novec_7100,2.181,22.7,0.0,82.1,1372.0,80.9,2060s_7100.txt
2060s,7100,Novec_7100,3.284,22.6,0.0,82.1,1372.0,80.5,2060s_7100.txt
2060s,7100,Novec_7100,4.398,23.3,0.0,82.1,1372.0,80.5,2060s_7100.txt
2060s,7100,Novec_7100,5.492,22.4,0.0,82.1,1372.0,80.3,2060s_7100.txt
2060s,7100,Novec_7100,6.598,22.9,0.0,82.1,1372.0,80.3,2060s_7100.txt
2060s,7100,Novec_7100,7.698,23.2,0.0,82.1,1372.0,80.5,2060s_7100.txt
2060s,7100,Novec_7100,8.773,23.3,0.0,82.1,1372.0,80.3,2060s_7100.txt
2060s,7100,Novec_7100,9.872,22.8,0.0,82.1,1372.0,81.4,2060s_7100.txt
2060s,7100,Novec_7100,10.975999999999999,23.0,0.0,82.1,1372.0,80.5,2060s_7100.txt
2060s,7100,Novec_7100,12.055,22.8,0.0,82.1,1372.0,80.5,2060s_7100.txt
2060s,7100,Novec_7100,13.178,23.1,0.0,82.1,1372.0,80.3,2060s_7100.txt
2060s,7100,Novec_7100,1.104,23.7,0.0,81.8,1372.0,80.4,2060s_7100.txt
2060s,7100,Novec_7100,2.205,22.5,0.0,81.8,1372.0,80.4,2060s_7100.txt
2060s,7100,Novec_7100,3.309,23.4,0.0,81.8,1372.0,81.4,2060s_7100.txt
2060s,7100,Novec_7100,4.415,22.7,0.0,81.8,1372.0,80.8,2060s_7100.txt
2060s,7100,Novec_7100,5.515,23.3,0.0,81.8,1372.0,80.6,2060s_7100.txt
2060s,7100,Novec_7100,6.602,22.7,0.0,81.8,1372.0,80.4,2060s_7100.txt
2060s,7100,Novec_7100,7.691,18.7,0.0,81.8,1372.0,80.1,2060s_7100.txt
2060s,7100,Novec_7100,8.801,36.1,0.0,81.8,1372.0,82.0,2060s_7100.txt
2060s,7100,Novec_7100,9.904,23.4,0.0,81.8,1372.0,80.9,2060s_7100.txt
2060s,7100,Novec_7100,10.987,22.7,0.0,81.8,1372.0,80.6,2060s_7100.txt
2060s,7100,Novec_7100,12.104,23.3,0.0,81.8,1372.0,80.4,2060s_7100.txt
2060s,7100,Novec_7100,13.189,22.9,0.0,81.8,1372.0,80.2,2060s_7100.txt
2060s,7100,Novec_7100,14.289,23.4,0.0,81.8,1372.0,80.9,2060s_7100.txt
2060s,7100,Novec_7100,1.096,22.5,0.0,80.7,1372.0,80.6,2060s_7100.txt
2060s,7100,Novec_7100,2.199,22.9,0.0,80.7,1372.0,80.4,2060s_7100.txt
2060s,7100,Novec_7100,3.296,22.7,0.0,80.7,1372.0,80.4,2060s_7100.txt
2060s,7100,Novec_7100,4.39,23.2,0.0,80.7,1372.0,80.9,2060s_7100.txt
2060s,7100,Novec_7100,5.469,23.2,0.0,80.7,1372.0,80.6,2060s_7100.txt
2060s,7100,Novec_7100,6.589,22.9,0.0,80.7,1372.0,80.3,2060s_7100.txt
2060s,7100,Novec_7100,7.686,22.7,0.0,80.7,1372.0,80.3,2060s_7100.txt
2060s,7100,Novec_7100,8.795,34.1,0.0,80.7,1372.0,82.0,2060s_7100.txt
2060s,7100,Novec_7100,9.891,22.9,0.0,80.7,1372.0,80.9,2060s_7100.txt
2060s,7100,Novec_7100,10.986,23.4,0.0,80.7,1372.0,80.6,2060s_7100.txt
2060s,7100,Novec_7100,12.108,22.7,0.0,80.7,1372.0,80.7,2060s_7100.txt
2060s,7100,Novec_7100,13.188,23.1,0.0,80.7,1372.0,80.3,2060s_7100.txt
2060s,7100,Novec_7100,14.287,22.3,0.0,80.7,1372.0,80.4,2060s_7100.txt
2060s,7100,Novec_7100,1.1,23.0,0.0,82.8,1372.0,81.5,2060s_7100.txt
2060s,7100,Novec_7100,2.204,23.0,0.0,82.8,1372.0,80.8,2060s_7100.txt
2060s,7100,Novec_7100,3.317,23.4,0.0,82.8,1372.0,80.7,2060s_7100.txt
2060s,7100,Novec_7100,4.408,20.7,0.0,82.8,1372.0,80.6,2060s_7100.txt
2060s,7100,Novec_7100,5.499,22.9,0.0,82.8,1372.0,80.6,2060s_7100.txt
2060s,7100,Novec_7100,6.614,23.0,0.0,82.8,1372.0,80.5,2060s_7100.txt
2060s,7100,Novec_7100,7.73,23.0,0.0,82.8,1372.0,80.5,2060s_7100.txt
2060s,7100,Novec_7100,8.81,23.4,0.0,82.8,1372.0,80.5,2060s_7100.txt
2060s,7100,Novec_7100,9.914,22.8,0.0,82.8,1372.0,80.6,2060s_7100.txt
2060s,7100,Novec_7100,10.998,23.2,0.0,82.8,1372.0,80.7,2060s_7100.txt
2060s,7100,Novec_7100,12.106,23.6,0.0,82.8,1372.0,80.8,2060s_7100.txt
2060s,7100,Novec_7100,13.207,23.0,0.0,82.8,1372.0,80.7,2060s_7100.txt
2060s,7100,Novec_7100,1.094,23.4,0.0,80.8,1372.0,80.8,2060s_7100.txt
2060s,7100,Novec_7100,2.192,22.4,0.0,80.8,1372.0,80.8,2060s_7100.txt
2060s,7100,Novec_7100,3.288,23.4,0.0,80.8,1372.0,80.8,2060s_7100.txt
2060s,7100,Novec_7100,4.389,22.8,0.0,80.8,1372.0,80.7,2060s_7100.txt
2060s,7100,Novec_7100,5.475,22.8,0.0,80.8,1372.0,80.6,2060s_7100.txt
2060s,7100,Novec_7100,6.577,23.2,0.0,80.8,1372.0,80.7,2060s_7100.txt
2060s,7100,Novec_7100,7.6850000000000005,22.8,0.0,80.8,1372.0,80.8,2060s_7100.txt
2060s,7100,Novec_7100,8.785,23.2,0.0,80.8,1372.0,80.8,2060s_7100.txt
2060s,7100,Novec_7100,9.877,22.1,0.0,80.8,1372.0,80.7,2060s_7100.txt
2060s,7100,Novec_7100,10.987,23.2,0.0,80.8,1372.0,80.7,2060s_7100.txt
2060s,7100,Novec_7100,12.095,23.4,0.0,80.8,1372.0,80.8,2060s_7100.txt
2060s,7100,Novec_7100,13.184,22.3,0.0,80.8,1372.0,80.9,2060s_7100.txt
2060s,7100,Novec_7100,14.287,23.4,0.0,80.8,1372.0,80.8,2060s_7100.txt
2060s,7100,Novec_7100,1.105,21.0,0.0,81.0,1372.0,79.8,2060s_7100.txt
2060s,7100,Novec_7100,2.185,15.9,0.0,81.0,1372.0,77.0,2060s_7100.txt
2060s,7100,Novec_7100,3.293,11.0,0.0,81.0,1372.0,72.4,2060s_7100.txt
2060s,7100,Novec_7100,4.376,11.1,0.0,81.0,1372.0,70.2,2060s_7100.txt
2060s,7100,Novec_7100,5.493,11.4,0.0,81.0,1372.0,68.8,2060s_7100.txt
2060s,7100,Novec_7100,6.567,9.7,0.0,81.0,1372.0,67.8,2060s_7100.txt
2060s,7100,Novec_7100,7.6690000000000005,9.8,0.0,81.0,1372.0,66.7,2060s_7100.txt
2060s,7100,Novec_7100,8.766,9.9,0.0,81.0,1372.0,65.9,2060s_7100.txt
2060s,7100,Novec_7100,9.854,9.6,0.0,81.0,1372.0,65.5,2060s_7100.txt
2060s,7100,Novec_7100,10.952,9.5,0.0,81.0,1372.0,65.1,2060s_7100.txt
2060s,7100,Novec_7100,12.053,9.3,0.0,81.0,1372.0,64.7,2060s_7100.txt
2060s,7100,Novec_7100,13.152,10.2,0.0,81.0,1372.0,64.4,2060s_7100.txt
2060s,7100,Novec_7100,14.236,9.6,0.0,81.0,1372.0,64.0,2060s_7100.txt
2060s,7100,Novec_7100,1.092,10.1,0.0,63.8,1372.0,63.7,2060s_7100.txt
2060s,7100,Novec_7100,2.183,8.9,0.0,63.8,1372.0,63.4,2060s_7100.txt
2060s,7100,Novec_7100,3.268,9.2,0.0,63.8,1372.0,63.3,2060s_7100.txt
2060s,7100,Novec_7100,4.384,9.2,0.0,63.8,1372.0,63.3,2060s_7100.txt
2060s,7100,Novec_7100,5.465,10.9,0.0,63.8,1372.0,63.1,2060s_7100.txt
2060s,7100,Novec_7100,6.555,9.4,0.0,63.8,1372.0,63.3,2060s_7100.txt
2060s,7100,Novec_7100,7.647,10.5,0.0,63.8,1372.0,63.3,2060s_7100.txt
2060s,7100,Novec_7100,8.744,9.2,0.0,63.8,1372.0,63.0,2060s_7100.txt
2060s,7100,Novec_7100,9.852,9.9,0.0,63.8,1372.0,63.0,2060s_7100.txt
2060s,7100,Novec_7100,10.94,24.0,0.0,63.8,1372.0,70.3,2060s_7100.txt
2060s,7100,Novec_7100,12.021,24.2,0.0,63.8,1372.0,73.6,2060s_7100.txt
2060s,7100,Novec_7100,13.118,24.2,0.0,63.8,1372.0,75.8,2060s_7100.txt
2060s,7100,Novec_7100,1.084,10.5,0.0,74.2,1372.0,70.1,2060s_7100.txt
2060s,7100,Novec_7100,2.198,10.7,0.0,74.2,1372.0,68.0,2060s_7100.txt
2060s,7100,Novec_7100,3.284,9.8,0.0,74.2,1372.0,66.7,2060s_7100.txt
2060s,7100,Novec_7100,4.386,9.5,0.0,74.2,1372.0,65.7,2060s_7100.txt
2060s,7100,Novec_7100,5.482,9.2,0.0,74.2,1372.0,65.0,2060s_7100.txt
2060s,7100,Novec_7100,6.566,9.3,0.0,74.2,1372.0,64.6,2060s_7100.txt
2060s,7100,Novec_7100,7.6899999999999995,12.3,0.0,74.2,1372.0,64.3,2060s_7100.txt
2060s,7100,Novec_7100,8.745,24.1,0.0,74.2,1372.0,71.8,2060s_7100.txt
2060s,7100,Novec_7100,9.845,24.1,0.0,74.2,1372.0,74.7,2060s_7100.txt
2060s,7100,Novec_7100,10.952,13.5,0.0,74.2,1372.0,73.6,2060s_7100.txt
2060s,7100,Novec_7100,12.054,10.3,0.0,74.2,1372.0,69.1,2060s_7100.txt
2060s,7100,Novec_7100,13.148,9.7,0.0,74.2,1372.0,67.1,2060s_7100.txt
2060s,7100,Novec_7100,14.24,9.6,0.0,74.2,1372.0,66.0,2060s_7100.txt
2060s,7100,Novec_7100,1.095,10.3,0.0,65.1,1372.0,64.6,2060s_7100.txt
2060s,7100,Novec_7100,2.202,10.6,0.0,65.1,1372.0,64.5,2060s_7100.txt
2060s,7100,Novec_7100,3.284,10.2,0.0,65.1,1372.0,64.3,2060s_7100.txt
3090,2100A,Novec_2100A,1.102,11.6,0.0,58.2,1601.0,54.0,3090_2100A.txt
3090,2100A,Novec_2100A,2.289,12.1,0.0,58.2,1601.0,51.0,3090_2100A.txt
3090,2100A,Novec_2100A,3.386,14.9,0.0,58.2,1601.0,50.2,3090_2100A.txt
3090,2100A,Novec_2100A,4.487,18.6,0.0,58.2,1601.0,50.0,3090_2100A.txt
3090,2100A,Novec_2100A,5.576,12.8,0.0,58.2,1601.0,48.6,3090_2100A.txt
3090,2100A,Novec_2100A,6.782,10.5,0.0,58.2,1601.0,47.7,3090_2100A.txt
3090,2100A,Novec_2100A,7.925,14.2,0.0,58.2,1601.0,47.9,3090_2100A.txt
3090,2100A,Novec_2100A,9.012,13.5,0.0,58.2,1601.0,47.7,3090_2100A.txt
3090,2100A,Novec_2100A,10.099,13.4,0.0,58.2,1601.0,47.9,3090_2100A.txt
3090,2100A,Novec_2100A,11.181,15.5,0.0,58.2,1601.0,48.3,3090_2100A.txt
3090,2100A,Novec_2100A,12.284,12.7,0.0,58.2,1601.0,48.0,3090_2100A.txt
3090,2100A,Novec_2100A,13.505,12.3,0.0,58.2,1601.0,47.6,3090_2100A.txt
3090,2100A,Novec_2100A,14.619,11.4,0.0,58.2,1601.0,47.2,3090_2100A.txt
3090,2100A,Novec_2100A,1.082,17.3,0.0,47.5,1601.0,48.1,3090_2100A.txt
3090,2100A,Novec_2100A,2.183,16.2,0.0,47.5,1601.0,48.9,3090_2100A.txt
3090,2100A,Novec_2100A,3.262,12.8,0.0,47.5,1601.0,49.4,3090_2100A.txt
3090,2100A,Novec_2100A,4.37,12.9,0.0,47.5,1601.0,48.4,3090_2100A.txt
3090,2100A,Novec_2100A,5.484,12.9,0.0,47.5,1601.0,48.0,3090_2100A.txt
3090,2100A,Novec_2100A,6.588,12.8,0.0,47.5,1601.0,48.0,3090_2100A.txt
3090,2100A,Novec_2100A,7.693,14.5,0.0,47.5,1601.0,48.7,3090_2100A.txt
3090,2100A,Novec_2100A,8.788,24.7,0.0,47.5,1601.0,50.5,3090_2100A.txt
3090,2100A,Novec_2100A,9.884,29.2,0.0,47.5,1601.0,52.0,3090_2100A.txt
3090,2100A,Novec_2100A,10.986,16.8,0.0,47.5,1601.0,56.3,3090_2100A.txt
3090,2100A,Novec_2100A,12.081,16.6,0.0,47.5,1601.0,56.5,3090_2100A.txt
3090,2100A,Novec_2100A,13.223,19.7,0.0,47.5,1601.0,55.1,3090_2100A.txt
3090,2100A,Novec_2100A,14.274000000000001,14.5,0.0,47.5,1601.0,52.6,3090_2100A.txt
3090,2100A,Novec_2100A,1.112,23.0,0.0,52.1,1601.0,53.1,3090_2100A.txt
3090,2100A,Novec_2100A,2.211,32.3,0.0,52.1,1601.0,59.9,3090_2100A.txt
3090,2100A,Novec_2100A,3.316,17.2,0.0,52.1,1601.0,59.6,3090_2100A.txt
3090,2100A,Novec_2100A,4.421,14.5,0.0,52.1,1601.0,59.4,3090_2100A.txt
3090,2100A,Novec_2100A,5.517,13.5,0.0,52.1,1601.0,53.5,3090_2100A.txt
3090,2100A,Novec_2100A,6.626,13.3,0.0,52.1,1601.0,51.4,3090_2100A.txt
3090,2100A,Novec_2100A,7.717,14.2,0.0,52.1,1601.0,50.8,3090_2100A.txt
3090,2100A,Novec_2100A,8.832,19.7,0.0,52.1,1601.0,53.8,3090_2100A.txt
3090,2100A,Novec_2100A,9.931000000000001,16.4,0.0,52.1,1601.0,56.8,3090_2100A.txt
3090,2100A,Novec_2100A,11.041,14.0,0.0,52.1,1601.0,53.7,3090_2100A.txt
3090,2100A,Novec_2100A,12.134,14.6,0.0,52.1,1601.0,51.4,3090_2100A.txt
3090,2100A,Novec_2100A,13.252,14.8,0.0,52.1,1601.0,50.4,3090_2100A.txt
3090,2100A,Novec_2100A,1.097,27.8,0.0,50.4,1601.0,52.6,3090_2100A.txt
3090,2100A,Novec_2100A,2.201,18.6,0.0,50.4,1601.0,57.1,3090_2100A.txt
3090,2100A,Novec_2100A,3.308,15.1,0.0,50.4,1601.0,58.4,3090_2100A.txt
3090,2100A,Novec_2100A,4.422,14.9,0.0,50.4,1601.0,55.6,3090_2100A.txt
3090,2100A,Novec_2100A,5.497,15.8,0.0,50.4,1601.0,53.1,3090_2100A.txt
3090,2100A,Novec_2100A,6.605,23.9,0.0,50.4,1601.0,52.3,3090_2100A.txt
3090,2100A,Novec_2100A,7.717,19.8,0.0,50.4,1601.0,52.0,3090_2100A.txt
3090,2100A,Novec_2100A,8.82,20.3,0.0,50.4,1601.0,59.0,3090_2100A.txt
3090,2100A,Novec_2100A,9.935,23.1,0.0,50.4,1601.0,64.1,3090_2100A.txt
3090,2100A,Novec_2100A,11.043,18.1,0.0,50.4,1601.0,62.8,3090_2100A.txt
3090,2100A,Novec_2100A,12.145,21.5,0.0,50.4,1601.0,62.7,3090_2100A.txt
3090,2100A,Novec_2100A,13.252,23.7,0.0,50.4,1601.0,63.3,3090_2100A.txt
3090,2100A,Novec_2100A,14.34,20.0,0.0,50.4,1601.0,64.5,3090_2100A.txt
3090,2100A,Novec_2100A,1.1,18.7,0.0,65.9,1601.0,64.2,3090_2100A.txt
3090,2100A,Novec_2100A,2.22,18.0,0.0,65.9,1601.0,62.7,3090_2100A.txt
3090,2100A,Novec_2100A,3.341,19.9,0.0,65.9,1601.0,63.3,3090_2100A.txt
3090,2100A,Novec_2100A,4.433,21.1,0.0,65.9,1601.0,64.8,3090_2100A.txt
3090,2100A,Novec_2100A,5.631,41.3,0.0,65.9,1601.0,63.4,3090_2100A.txt
3090,2100A,Novec_2100A,6.728,62.8,0.0,65.9,1601.0,69.2,3090_2100A.txt
3090,2100A,Novec_2100A,7.817,31.6,0.0,65.9,1601.0,73.4,3090_2100A.txt
3090,2100A,Novec_2100A,8.931000000000001,27.2,0.0,65.9,1601.0,72.7,3090_2100A.txt
3090,2100A,Novec_2100A,10.039,30.0,0.0,65.9,1601.0,69.4,3090_2100A.txt
3090,2100A,Novec_2100A,11.138,24.9,0.0,65.9,1601.0,67.9,3090_2100A.txt
3090,2100A,Novec_2100A,12.247,31.1,0.0,65.9,1601.0,69.2,3090_2100A.txt
3090,2100A,Novec_2100A,13.355,97.6,0.0,65.9,1601.0,81.1,3090_2100A.txt
3090,2100A,Novec_2100A,1.094,31.0,0.0,85.2,1601.0,79.4,3090_2100A.txt
3090,2100A,Novec_2100A,2.197,30.6,0.0,85.2,1601.0,76.4,3090_2100A.txt
3090,2100A,Novec_2100A,3.289,18.9,0.0,85.2,1601.0,69.2,3090_2100A.txt
3090,2100A,Novec_2100A,4.406,20.0,0.0,85.2,1601.0,63.0,3090_2100A.txt
3090,2100A,Novec_2100A,5.496,20.8,0.0,85.2,1601.0,58.3,3090_2100A.txt
3090,2100A,Novec_2100A,6.656,19.3,0.0,85.2,1601.0,55.9,3090_2100A.txt
3090,2100A,Novec_2100A,7.71,17.4,0.0,85.2,1601.0,59.6,3090_2100A.txt
3090,2100A,Novec_2100A,8.81,16.9,0.0,85.2,1601.0,60.4,3090_2100A.txt
3090,2100A,Novec_2100A,9.923,17.3,0.0,85.2,1601.0,56.9,3090_2100A.txt
3090,2100A,Novec_2100A,11.032,16.6,0.0,85.2,1601.0,53.9,3090_2100A.txt
3090,2100A,Novec_2100A,12.114,15.6,0.0,85.2,1601.0,52.6,3090_2100A.txt
3090,2100A,Novec_2100A,13.217,22.0,0.0,85.2,1601.0,57.3,3090_2100A.txt
3090,2100A,Novec_2100A,14.317,19.7,0.0,85.2,1601.0,63.1,3090_2100A.txt
3090,2100A,Novec_2100A,1.091,17.1,0.0,62.3,1601.0,61.8,3090_2100A.txt
3090,2100A,Novec_2100A,2.19,17.5,0.0,62.3,1601.0,61.9,3090_2100A.txt
3090,2100A,Novec_2100A,3.298,17.6,0.0,62.3,1601.0,57.4,3090_2100A.txt
3090,2100A,Novec_2100A,4.38,26.4,0.0,62.3,1601.0,57.2,3090_2100A.txt
3090,2100A,Novec_2100A,5.479,49.1,0.0,62.3,1601.0,65.6,3090_2100A.txt
3090,2100A,Novec_2100A,6.575,27.1,0.0,62.3,1601.0,68.2,3090_2100A.txt
3090,2100A,Novec_2100A,7.67,25.0,0.0,62.3,1601.0,67.9,3090_2100A.txt
3090,2100A,Novec_2100A,8.759,27.7,0.0,62.3,1601.0,66.0,3090_2100A.txt
3090,2100A,Novec_2100A,9.868,26.2,0.0,62.3,1601.0,65.3,3090_2100A.txt
3090,2100A,Novec_2100A,10.946,25.5,0.0,62.3,1601.0,65.6,3090_2100A.txt
3090,2100A,Novec_2100A,12.086,26.7,0.0,62.3,1601.0,68.5,3090_2100A.txt
3090,2100A,Novec_2100A,13.167,30.5,0.0,62.3,1601.0,74.6,3090_2100A.txt
3090,2100A,Novec_2100A,14.257,29.2,0.0,62.3,1601.0,73.7,3090_2100A.txt
3090,2100A,Novec_2100A,1.097,24.4,0.0,70.6,1601.0,69.4,3090_2100A.txt
3090,2100A,Novec_2100A,2.201,44.9,0.0,70.6,1601.0,71.1,3090_2100A.txt
3090,2100A,Novec_2100A,3.279,63.7,0.0,70.6,1601.0,73.7,3090_2100A.txt
3090,2100A,Novec_2100A,4.371,59.3,0.0,70.6,1601.0,82.1,3090_2100A.txt
3090,2100A,Novec_2100A,5.462,34.6,0.0,70.6,1601.0,81.8,3090_2100A.txt
3090,2100A,Novec_2100A,6.562,36.2,0.0,70.6,1601.0,79.8,3090_2100A.txt
3090,2100A,Novec_2100A,7.655,34.2,0.0,70.6,1601.0,77.5,3090_2100A.txt
3090,2100A,Novec_2100A,8.782,49.2,0.0,70.6,1601.0,76.5,3090_2100A.txt
3090,2100A,Novec_2100A,9.859,55.5,0.0,70.6,1601.0,82.5,3090_2100A.txt
3090,2100A,Novec_2100A,10.955,87.9,0.0,70.6,1601.0,84.2,3090_2100A.txt
3090,2100A,Novec_2100A,12.059,70.8,0.0,70.6,1601.0,84.9,3090_2100A.txt
3090,2100A,Novec_2100A,13.159,90.3,0.0,70.6,1601.0,86.6,3090_2100A.txt
3090,2100A,Novec_2100A,1.095,31.4,0.0,83.4,1601.0,78.4,3090_2100A.txt
3090,2100A,Novec_2100A,2.19,31.1,0.0,83.4,1601.0,76.3,3090_2100A.txt
3090,2100A,Novec_2100A,3.292,36.4,0.0,83.4,1601.0,74.0,3090_2100A.txt
3090,2100A,Novec_2100A,4.378,31.7,0.0,83.4,1601.0,70.3,3090_2100A.txt
3090,2100A,Novec_2100A,5.508,30.8,0.0,83.4,1601.0,69.7,3090_2100A.txt
3090,2100A,Novec_2100A,6.593,27.9,0.0,83.4,1601.0,73.5,3090_2100A.txt
3090,2100A,Novec_2100A,7.696,27.5,0.0,83.4,1601.0,72.5,3090_2100A.txt
3090,2100A,Novec_2100A,8.798,22.9,0.0,83.4,1601.0,69.2,3090_2100A.txt
3090,2100A,Novec_2100A,9.892,20.6,0.0,83.4,1601.0,66.8,3090_2100A.txt
3090,2100A,Novec_2100A,10.984,19.5,0.0,83.4,1601.0,66.8,3090_2100A.txt
3090,2100A,Novec_2100A,12.087,54.1,0.0,83.4,1601.0,69.6,3090_2100A.txt
3090,2100A,Novec_2100A,13.178,49.2,0.0,83.4,1601.0,71.4,3090_2100A.txt
3090,2100A,Novec_2100A,14.27,28.8,0.0,83.4,1601.0,75.3,3090_2100A.txt
3090,2100A,Novec_2100A,1.133,25.1,0.0,74.0,1601.0,69.6,3090_2100A.txt
3090,2100A,Novec_2100A,2.205,21.3,0.0,74.0,1601.0,67.8,3090_2100A.txt
3090,2100A,Novec_2100A,3.299,24.8,0.0,74.0,1601.0,67.9,3090_2100A.txt
3090,2100A,Novec_2100A,4.418,33.4,0.0,74.0,1601.0,70.7,3090_2100A.txt
3090,2100A,Novec_2100A,5.526,73.7,0.0,74.0,1601.0,76.3,3090_2100A.txt
3090,2100A,Novec_2100A,6.608,36.1,0.0,74.0,1601.0,74.5,3090_2100A.txt
3090,2100A,Novec_2100A,7.72,28.1,0.0,74.0,1601.0,72.6,3090_2100A.txt
3090,2100A,Novec_2100A,8.943,39.5,0.0,74.0,1601.0,71.5,3090_2100A.txt
3090,2100A,Novec_2100A,10.039,72.8,0.0,74.0,1601.0,72.8,3090_2100A.txt
3090,2100A,Novec_2100A,11.13,48.3,0.0,74.0,1601.0,73.0,3090_2100A.txt
3090,2100A,Novec_2100A,12.227,68.2,0.0,74.0,1601.0,81.3,3090_2100A.txt
3090,2100A,Novec_2100A,13.337,100.3,0.0,74.0,1601.0,85.3,3090_2100A.txt
3090,2100A,Novec_2100A,1.093,44.2,0.0,80.6,1601.0,77.5,3090_2100A.txt
3090,2100A,Novec_2100A,2.202,55.9,0.0,80.6,1601.0,75.2,3090_2100A.txt
3090,2100A,Novec_2100A,3.292,76.9,0.0,80.6,1601.0,81.0,3090_2100A.txt
3090,2100A,Novec_2100A,4.382,65.6,0.0,80.6,1601.0,83.1,3090_2100A.txt
3090,2100A,Novec_2100A,5.479,76.8,0.0,80.6,1601.0,86.2,3090_2100A.txt
3090,2100A,Novec_2100A,6.588,79.8,0.0,80.6,1601.0,85.8,3090_2100A.txt
3090,2100A,Novec_2100A,7.681,80.2,0.0,80.6,1601.0,87.5,3090_2100A.txt
3090,2100A,Novec_2100A,3.262,18.0,0.0,71.1,1601.0,63.1,3090_2100A.txt
3090,2100A,Novec_2100A,4.352,13.1,0.0,71.1,1601.0,57.0,3090_2100A.txt
3090,2100A,Novec_2100A,5.435,8.6,0.0,71.1,1601.0,53.0,3090_2100A.txt
3090,2100A,Novec_2100A,6.566,11.1,0.0,71.1,1601.0,51.0,3090_2100A.txt
3090,2100A,Novec_2100A,7.627,9.4,0.0,71.1,1601.0,49.5,3090_2100A.txt
3090,2100A,Novec_2100A,8.723,8.0,0.0,71.1,1601.0,48.5,3090_2100A.txt
3090,2100A,Novec_2100A,9.828,8.4,0.0,71.1,1601.0,48.1,3090_2100A.txt
3090,2100A,Novec_2100A,1.107,8.9,0.0,47.7,1601.0,47.3,3090_2100A.txt
3090,2100A,Novec_2100A,2.192,10.1,0.0,47.7,1601.0,47.5,3090_2100A.txt
3090,2100A,Novec_2100A,3.294,7.0,0.0,47.7,1601.0,47.0,3090_2100A.txt
3090,2100A,Novec_2100A,4.396,9.4,0.0,47.7,1601.0,47.5,3090_2100A.txt
3090,2100A,Novec_2100A,5.485,8.7,0.0,47.7,1601.0,47.2,3090_2100A.txt
3090,2100A,Novec_2100A,6.588,6.2,0.0,47.7,1601.0,46.8,3090_2100A.txt
3090,2100A,Novec_2100A,7.682,9.4,0.0,47.7,1601.0,47.2,3090_2100A.txt
3090,2100A,Novec_2100A,8.781,8.9,0.0,47.7,1601.0,47.0,3090_2100A.txt
3090,2100A,Novec_2100A,9.88,8.8,0.0,47.7,1601.0,46.8,3090_2100A.txt
3090,2100A,Novec_2100A,10.97,7.7,0.0,47.7,1601.0,46.8,3090_2100A.txt
3090,2100A,Novec_2100A,12.059,8.0,0.0,47.7,1601.0,46.8,3090_2100A.txt
3090,2100A,Novec_2100A,13.164,9.5,0.0,47.7,1601.0,46.6,3090_2100A.txt
3090,2100A,Novec_2100A,14.27,8.3,0.0,47.7,1601.0,46.4,3090_2100A.txt
3090,2100A,Novec_2100A,1.107,7.4,0.0,46.4,1601.0,46.4,3090_2100A.txt
3090,2100A,Novec_2100A,2.198,7.4,0.0,46.4,1601.0,46.5,3090_2100A.txt
3090,2100A,Novec_2100A,3.285,9.1,0.0,46.4,1601.0,46.6,3090_2100A.txt
3090,2100A,Novec_2100A,4.377,9.6,0.0,46.4,1601.0,46.9,3090_2100A.txt
3090,2100A,Novec_2100A,5.475,9.5,0.0,46.4,1601.0,46.7,3090_2100A.txt
3090,2100A,Novec_2100A,6.572,10.3,0.0,46.4,1601.0,46.9,3090_2100A.txt
3090,2100A,Novec_2100A,7.688,9.0,0.0,46.4,1601.0,47.1,3090_2100A.txt
3090,2100A,Novec_2100A,8.783,10.8,0.0,46.4,1601.0,47.3,3090_2100A.txt
3090,2100A,Novec_2100A,9.881,11.1,0.0,46.4,1601.0,47.5,3090_2100A.txt
3090,2100A,Novec_2100A,10.978,7.4,0.0,46.4,1601.0,46.9,3090_2100A.txt
3090,2100A,Novec_2100A,12.058,8.3,0.0,46.4,1601.0,46.7,3090_2100A.txt
3090,2100A,Novec_2100A,13.16,9.9,0.0,46.4,1601.0,46.8,3090_2100A.txt
3090,2100A,Novec_2100A,14.248,8.3,0.0,46.4,1601.0,46.7,3090_2100A.txt
3090,2100A,Novec_2100A,1.077,8.3,0.0,46.6,1601.0,46.5,3090_2100A.txt
3090,2100A,Novec_2100A,2.174,8.7,0.0,46.6,1601.0,46.5,3090_2100A.txt
3090,2100A,Novec_2100A,3.267,9.2,0.0,46.6,1601.0,46.3,3090_2100A.txt
3090,2100A,Novec_2100A,4.374,7.6,0.0,46.6,1601.0,46.4,3090_2100A.txt
3090,2100A,Novec_2100A,5.48,6.9,0.0,46.6,1601.0,46.3,3090_2100A.txt
3090,2100A,Novec_2100A,6.562,7.7,0.0,46.6,1601.0,46.2,3090_2100A.txt
3090,2100A,Novec_2100A,7.67,8.1,0.0,46.6,1601.0,46.2,3090_2100A.txt
3090,2100A,Novec_2100A,8.739,8.3,0.0,46.6,1601.0,46.3,3090_2100A.txt
3090,2100A,Novec_2100A,9.847,7.4,0.0,46.6,1601.0,46.3,3090_2100A.txt
3090,2100A,Novec_2100A,10.943,7.6,0.0,46.6,1601.0,46.3,3090_2100A.txt
3090,2100A,Novec_2100A,12.031,7.7,0.0,46.6,1601.0,46.3,3090_2100A.txt
3090,2100A,Novec_2100A,13.137,7.7,0.0,46.6,1601.0,46.0,3090_2100A.txt
3090,2100A,Novec_2100A,1.083,8.8,0.0,46.2,1601.0,46.3,3090_2100A.txt
3090,2100A,Novec_2100A,2.177,7.8,0.0,46.2,1601.0,46.4,3090_2100A.txt
3090,2100A,Novec_2100A,3.273,8.3,0.0,46.2,1601.0,46.4,3090_2100A.txt
3090,2100A,Novec_2100A,4.383,8.8,0.0,46.2,1601.0,46.5,3090_2100A.txt
3090,2100A,Novec_2100A,5.515,10.5,0.0,46.2,1601.0,46.8,3090_2100A.txt
3090,2100A,Novec_2100A,6.5809999999999995,9.2,0.0,46.2,1601.0,46.9,3090_2100A.txt
3090,2100A,Novec_2100A,7.644,10.8,0.0,46.2,1601.0,47.2,3090_2100A.txt
3090,2100A,Novec_2100A,8.741,7.7,0.0,46.2,1601.0,46.7,3090_2100A.txt
3090,2100A,Novec_2100A,9.844,8.0,0.0,46.2,1601.0,46.5,3090_2100A.txt
3090,2100A,Novec_2100A,10.927,8.7,0.0,46.2,1601.0,46.5,3090_2100A.txt
3090,2100A,Novec_2100A,12.032,6.9,0.0,46.2,1601.0,46.5,3090_2100A.txt
3090,2100A,Novec_2100A,13.117,7.6,0.0,46.2,1601.0,46.6,3090_2100A.txt
3090,2100A,Novec_2100A,14.224,7.8,0.0,46.2,1601.0,46.3,3090_2100A.txt
3090,2100A,Novec_2100A,1.097,7.2,0.0,46.3,1601.0,46.3,3090_2100A.txt
3090,2100A,Novec_2100A,2.185,8.3,0.0,46.3,1601.0,46.4,3090_2100A.txt
3090,2100A,Novec_2100A,3.307,9.7,0.0,46.3,1601.0,46.8,3090_2100A.txt
3090,2100A,Novec_2100A,4.407,10.3,0.0,46.3,1601.0,46.8,3090_2100A.txt
3090,2100A,Novec_2100A,5.494,7.8,0.0,46.3,1601.0,46.8,3090_2100A.txt
3090,2100A,Novec_2100A,6.592,8.1,0.0,46.3,1601.0,46.5,3090_2100A.txt
3090,2100A,Novec_2100A,7.683,8.4,0.0,46.3,1601.0,46.4,3090_2100A.txt
3090,2100A,Novec_2100A,8.788,9.1,0.0,46.3,1601.0,46.4,3090_2100A.txt
3090,2100A,Novec_2100A,9.878,8.4,0.0,46.3,1601.0,46.4,3090_2100A.txt
3090,2100A,Novec_2100A,10.986,10.0,0.0,46.3,1601.0,46.8,3090_2100A.txt
3090,2100A,Novec_2100A,12.084,9.6,0.0,46.3,1601.0,46.8,3090_2100A.txt
3090,2100A,Novec_2100A,13.181,9.4,0.0,46.3,1601.0,46.8,3090_2100A.txt
3090,2100A,Novec_2100A,14.273,8.1,0.0,46.3,1601.0,46.6,3090_2100A.txt
3090,2100A,Novec_2100A,1.091,8.6,0.0,46.8,1601.0,46.8,3090_2100A.txt
3090,2100A,Novec_2100A,2.176,8.4,0.0,46.8,1601.0,46.6,3090_2100A.txt
3090,2100A,Novec_2100A,3.285,8.9,0.0,46.8,1601.0,46.5,3090_2100A.txt
3090,2100A,Novec_2100A,4.366,8.3,0.0,46.8,1601.0,46.4,3090_2100A.txt
3090,2100A,Novec_2100A,5.456,7.8,0.0,46.8,1601.0,46.4,3090_2100A.txt
3090,2100A,Novec_2100A,6.586,10.5,0.0,46.8,1601.0,47.1,3090_2100A.txt
3090,2100A,Novec_2100A,7.678,8.0,0.0,46.8,1601.0,46.8,3090_2100A.txt
3090,2100A,Novec_2100A,8.775,7.8,0.0,46.8,1601.0,46.8,3090_2100A.txt
3090,2100A,Novec_2100A,9.873,8.0,0.0,46.8,1601.0,46.6,3090_2100A.txt
3090,2100A,Novec_2100A,10.967,7.8,0.0,46.8,1601.0,46.4,3090_2100A.txt
3090,2100A,Novec_2100A,12.054,6.8,0.0,46.8,1601.0,46.3,3090_2100A.txt
3090,2100A,Novec_2100A,13.144,7.2,0.0,46.8,1601.0,46.4,3090_2100A.txt
3090,2100A,Novec_2100A,14.252,8.4,0.0,46.8,1601.0,47.0,3090_2100A.txt
3090,2100A,Novec_2100A,1.08,8.2,0.0,47.1,1601.0,46.6,3090_2100A.txt
3090,2100A,Novec_2100A,2.195,7.7,0.0,47.1,1601.0,46.7,3090_2100A.txt
3090,2100A,Novec_2100A,3.281,9.3,0.0,47.1,1601.0,46.6,3090_2100A.txt
3090,2100A,Novec_2100A,4.379,8.6,0.0,47.1,1601.0,46.6,3090_2100A.txt
3090,2100A,Novec_2100A,5.493,16.7,0.0,47.1,1601.0,54.5,3090_2100A.txt
3090,2100A,Novec_2100A,6.582,18.4,0.0,47.1,1601.0,61.4,3090_2100A.txt
3090,2100A,Novec_2100A,7.6690000000000005,20.6,0.0,47.1,1601.0,65.5,3090_2100A.txt
3090,2100A,Novec_2100A,8.778,18.6,0.0,47.1,1601.0,63.5,3090_2100A.txt
3090,2100A,Novec_2100A,9.878,13.8,0.0,47.1,1601.0,57.5,3090_2100A.txt
3090,2100A,Novec_2100A,10.952,11.0,0.0,47.1,1601.0,53.4,3090_2100A.txt
3090,2100A,Novec_2100A,12.058,11.0,0.0,47.1,1601.0,51.2,3090_2100A.txt
3090,2100A,Novec_2100A,13.148,7.8,0.0,47.1,1601.0,49.4,3090_2100A.txt
3090,2100A,Novec_2100A,1.087,8.2,0.0,48.4,1601.0,48.1,3090_2100A.txt
3090,2100A,Novec_2100A,2.201,10.0,0.0,48.4,1601.0,47.9,3090_2100A.txt
3090,2100A,Novec_2100A,3.297,9.8,0.0,48.4,1601.0,47.8,3090_2100A.txt
3090,2100A,Novec_2100A,4.378,16.7,0.0,48.4,1601.0,55.6,3090_2100A.txt
3090,2100A,Novec_2100A,5.495,19.3,0.0,48.4,1601.0,62.3,3090_2100A.txt
3090,2100A,Novec_2100A,6.585,17.7,0.0,48.4,1601.0,61.3,3090_2100A.txt
3090,2100A,Novec_2100A,7.68,10.7,0.0,48.4,1601.0,55.7,3090_2100A.txt
3090,2100A,Novec_2100A,8.829,10.1,0.0,48.4,1601.0,52.0,3090_2100A.txt
3090,2100A,Novec_2100A,9.865,9.0,0.0,48.4,1601.0,50.0,3090_2100A.txt
3090,2100A,Novec_2100A,10.962,8.8,0.0,48.4,1601.0,48.8,3090_2100A.txt
3090,2100A,Novec_2100A,12.073,8.1,0.0,48.4,1601.0,48.0,3090_2100A.txt
3090,2100A,Novec_2100A,13.157,7.8,0.0,48.4,1601.0,47.6,3090_2100A.txt
3090,2100A,Novec_2100A,14.264,7.8,0.0,48.4,1601.0,47.3,3090_2100A.txt
3090,2100A,Novec_2100A,1.195,9.0,0.0,47.1,1601.0,47.0,3090_2100A.txt
3090,2100A,Novec_2100A,2.297,7.6,0.0,47.1,1601.0,46.9,3090_2100A.txt
3090,2100A,Novec_2100A,3.407,7.7,0.0,47.1,1601.0,46.8,3090_2100A.txt
3090,2100A,Novec_2100A,4.495,8.6,0.0,47.1,1601.0,47.1,3090_2100A.txt
3090,2100A,Novec_2100A,5.6,9.9,0.0,47.1,1601.0,47.2,3090_2100A.txt
3090,2100A,Novec_2100A,6.676,9.3,0.0,47.1,1601.0,47.3,3090_2100A.txt
3090,2100A,Novec_2100A,7.769,9.6,0.0,47.1,1601.0,47.5,3090_2100A.txt
3090,2100A,Novec_2100A,8.864,9.7,0.0,47.1,1601.0,47.3,3090_2100A.txt
3090,2100A,Novec_2100A,9.989,7.4,0.0,47.1,1601.0,47.0,3090_2100A.txt
3090,2100A,Novec_2100A,11.073,17.0,0.0,47.1,1601.0,56.6,3090_2100A.txt
3090,2100A,Novec_2100A,12.207,19.6,0.0,47.1,1601.0,62.6,3090_2100A.txt
3090,2100A,Novec_2100A,13.269,20.9,0.0,47.1,1601.0,66.6,3090_2100A.txt
3090,2100A,Novec_2100A,1.071,13.2,0.0,62.4,1601.0,56.5,3090_2100A.txt
3090,2100A,Novec_2100A,2.165,8.6,0.0,62.4,1601.0,52.3,3090_2100A.txt
3090,2100A,Novec_2100A,3.261,10.4,0.0,62.4,1601.0,50.3,3090_2100A.txt
3090,2100A,Novec_2100A,4.364,8.3,0.0,62.4,1601.0,48.8,3090_2100A.txt
3090,2100A,Novec_2100A,5.468,8.6,0.0,62.4,1601.0,48.1,3090_2100A.txt
3090,2100A,Novec_2100A,6.575,9.7,0.0,62.4,1601.0,47.8,3090_2100A.txt
3090,2100A,Novec_2100A,7.678,10.2,0.0,62.4,1601.0,47.8,3090_2100A.txt
3090,2100A,Novec_2100A,8.773,9.5,0.0,62.4,1601.0,47.6,3090_2100A.txt
3090,2100A,Novec_2100A,9.858,11.9,0.0,62.4,1601.0,50.1,3090_2100A.txt
3090,2100A,Novec_2100A,10.967,18.7,0.0,62.4,1601.0,60.2,3090_2100A.txt
3090,2100A,Novec_2100A,12.052,20.5,0.0,62.4,1601.0,65.0,3090_2100A.txt
3090,2100A,Novec_2100A,13.153,21.6,0.0,62.4,1601.0,68.2,3090_2100A.txt
3090,2100A,Novec_2100A,14.256,17.4,0.0,62.4,1601.0,61.5,3090_2100A.txt
3090,2100A,Novec_2100A,1.144,12.5,0.0,55.2,1601.0,52.3,3090_2100A.txt
3090,2100A,Novec_2100A,2.186,10.4,0.0,55.2,1601.0,50.8,3090_2100A.txt
3090,2100A,Novec_2100A,3.249,9.3,0.0,55.2,1601.0,49.5,3090_2100A.txt
3090,2100A,Novec_2100A,4.359,9.9,0.0,55.2,1601.0,48.6,3090_2100A.txt
3090,2100A,Novec_2100A,5.481,10.6,0.0,55.2,1601.0,48.2,3090_2100A.txt
3090,2100A,Novec_2100A,6.5809999999999995,8.3,0.0,55.2,1601.0,47.8,3090_2100A.txt
3090,2100A,Novec_2100A,7.677,7.9,0.0,55.2,1601.0,47.4,3090_2100A.txt
3090,2100A,Novec_2100A,8.781,7.7,0.0,55.2,1601.0,47.3,3090_2100A.txt
3090,2100A,Novec_2100A,9.87,18.0,0.0,55.2,1601.0,58.0,3090_2100A.txt
3090,2100A,Novec_2100A,10.973,19.9,0.0,55.2,1601.0,63.2,3090_2100A.txt
3090,2100A,Novec_2100A,12.08,21.7,0.0,55.2,1601.0,66.8,3090_2100A.txt
3090,2100A,Novec_2100A,13.208,23.2,0.0,55.2,1601.0,69.2,3090_2100A.txt
3090,2100A,Novec_2100A,14.27,26.2,0.0,55.2,1601.0,71.0,3090_2100A.txt
3090,2100A,Novec_2100A,1.103,19.6,0.0,69.7,1601.0,67.3,3090_2100A.txt
3090,2100A,Novec_2100A,2.189,16.8,0.0,69.7,1601.0,65.5,3090_2100A.txt
3090,2100A,Novec_2100A,3.282,16.3,0.0,69.7,1601.0,60.7,3090_2100A.txt
3090,2100A,Novec_2100A,4.402,14.9,0.0,69.7,1601.0,56.6,3090_2100A.txt
3090,2100A,Novec_2100A,5.591,17.4,0.0,69.7,1601.0,54.6,3090_2100A.txt
3090,2100A,Novec_2100A,6.712,18.6,0.0,69.7,1601.0,53.9,3090_2100A.txt
3090,2100A,Novec_2100A,7.803,14.5,0.0,69.7,1601.0,52.1,3090_2100A.txt
3090,2100A,Novec_2100A,8.916,13.2,0.0,69.7,1601.0,50.9,3090_2100A.txt
3090,2100A,Novec_2100A,10.011,13.3,0.0,69.7,1601.0,50.6,3090_2100A.txt
3090,2100A,Novec_2100A,11.137,13.5,0.0,69.7,1601.0,50.3,3090_2100A.txt
3090,2100A,Novec_2100A,12.21,13.5,0.0,69.7,1601.0,50.3,3090_2100A.txt
3090,2100A,Novec_2100A,13.328,17.2,0.0,69.7,1601.0,50.5,3090_2100A.txt
3090,2100A,Novec_2100A,1.1179999999999999,14.0,0.0,50.6,1601.0,50.2,3090_2100A.txt
3090,2100A,Novec_2100A,2.19,13.9,0.0,50.6,1601.0,50.0,3090_2100A.txt
3090,2100A,Novec_2100A,3.285,16.4,0.0,50.6,1601.0,50.3,3090_2100A.txt
3090,2100A,Novec_2100A,4.397,17.7,0.0,50.6,1601.0,50.8,3090_2100A.txt
3090,2100A,Novec_2100A,5.492,19.6,0.0,50.6,1601.0,51.5,3090_2100A.txt
3090,2100A,Novec_2100A,6.6,14.8,0.0,50.6,1601.0,52.2,3090_2100A.txt
3090,2100A,Novec_2100A,7.713,15.1,0.0,50.6,1601.0,51.4,3090_2100A.txt
3090,2100A,Novec_2100A,8.806000000000001,15.1,0.0,50.6,1601.0,51.3,3090_2100A.txt
3090,2100A,Novec_2100A,9.93,15.0,0.0,50.6,1601.0,51.1,3090_2100A.txt
3090,2100A,Novec_2100A,11.016,15.4,0.0,50.6,1601.0,51.4,3090_2100A.txt
3090,2100A,Novec_2100A,12.104,19.4,0.0,50.6,1601.0,52.9,3090_2100A.txt
3090,2100A,Novec_2100A,13.195,29.4,0.0,50.6,1601.0,59.1,3090_2100A.txt
3090,2100A,Novec_2100A,14.287,18.2,0.0,50.6,1601.0,60.3,3090_2100A.txt
3090,2100A,Novec_2100A,1.1280000000000001,18.3,0.0,57.3,1601.0,55.1,3090_2100A.txt
3090,2100A,Novec_2100A,2.198,17.6,0.0,57.3,1601.0,54.9,3090_2100A.txt
3090,2100A,Novec_2100A,3.285,23.0,0.0,57.3,1601.0,60.3,3090_2100A.txt
3090,2100A,Novec_2100A,4.388,24.5,0.0,57.3,1601.0,62.0,3090_2100A.txt
3090,2100A,Novec_2100A,5.475,18.1,0.0,57.3,1601.0,64.6,3090_2100A.txt
3090,2100A,Novec_2100A,6.569,17.8,0.0,57.3,1601.0,63.4,3090_2100A.txt
3090,2100A,Novec_2100A,7.696,15.7,0.0,57.3,1601.0,57.5,3090_2100A.txt
3090,2100A,Novec_2100A,8.793,17.2,0.0,57.3,1601.0,55.1,3090_2100A.txt
3090,2100A,Novec_2100A,9.895,17.6,0.0,57.3,1601.0,53.6,3090_2100A.txt
3090,2100A,Novec_2100A,10.993,16.6,0.0,57.3,1601.0,53.1,3090_2100A.txt
3090,2100A,Novec_2100A,12.141,16.2,0.0,57.3,1601.0,58.4,3090_2100A.txt
3090,2100A,Novec_2100A,13.207,16.1,0.0,57.3,1601.0,59.4,3090_2100A.txt
3090,2100A,Novec_2100A,1.054,15.9,0.0,54.9,1601.0,53.4,3090_2100A.txt
3090,2100A,Novec_2100A,2.1390000000000002,15.9,0.0,54.9,1601.0,52.8,3090_2100A.txt
3090,2100A,Novec_2100A,3.25,16.9,0.0,54.9,1601.0,53.2,3090_2100A.txt
3090,2100A,Novec_2100A,4.351,18.8,0.0,54.9,1601.0,58.3,3090_2100A.txt
3090,2100A,Novec_2100A,5.447,17.2,0.0,54.9,1601.0,60.1,3090_2100A.txt
3090,2100A,Novec_2100A,6.566,15.6,0.0,54.9,1601.0,57.1,3090_2100A.txt
3090,2100A,Novec_2100A,7.657,14.6,0.0,54.9,1601.0,54.7,3090_2100A.txt
3090,2100A,Novec_2100A,8.773,16.6,0.0,54.9,1601.0,53.9,3090_2100A.txt
3090,2100A,Novec_2100A,9.856,24.5,0.0,54.9,1601.0,55.6,3090_2100A.txt
3090,2100A,Novec_2100A,10.963,40.8,0.0,54.9,1601.0,62.1,3090_2100A.txt
3090,2100A,Novec_2100A,12.054,18.8,0.0,54.9,1601.0,62.6,3090_2100A.txt
3090,2100A,Novec_2100A,13.15,18.8,0.0,54.9,1601.0,59.3,3090_2100A.txt
3090,2100A,Novec_2100A,14.246,20.9,0.0,54.9,1601.0,56.6,3090_2100A.txt
3090,2100A,Novec_2100A,1.095,22.3,0.0,55.0,1601.0,54.9,3090_2100A.txt
3090,2100A,Novec_2100A,2.184,23.7,0.0,55.0,1601.0,61.1,3090_2100A.txt
3090,2100A,Novec_2100A,3.289,19.0,0.0,55.0,1601.0,65.0,3090_2100A.txt
3090,2100A,Novec_2100A,4.408,19.3,0.0,55.0,1601.0,64.7,3090_2100A.txt
3090,2100A,Novec_2100A,5.489,19.5,0.0,55.0,1601.0,63.8,3090_2100A.txt
3090,2100A,Novec_2100A,6.584,21.1,0.0,55.0,1601.0,65.5,3090_2100A.txt
3090,2100A,Novec_2100A,7.686,25.2,0.0,55.0,1601.0,67.3,3090_2100A.txt
3090,2100A,Novec_2100A,8.781,35.1,0.0,55.0,1601.0,70.2,3090_2100A.txt
3090,2100A,Novec_2100A,9.868,60.5,0.0,55.0,1601.0,75.2,3090_2100A.txt
3090,2100A,Novec_2100A,10.978,25.3,0.0,55.0,1601.0,71.2,3090_2100A.txt
3090,2100A,Novec_2100A,12.081,35.6,0.0,55.0,1601.0,69.8,3090_2100A.txt
3090,2100A,Novec_2100A,13.19,25.5,0.0,55.0,1601.0,69.0,3090_2100A.txt
3090,2100A,Novec_2100A,14.286,33.8,0.0,55.0,1601.0,70.6,3090_2100A.txt
3090,2100A,Novec_2100A,1.087,43.9,0.0,72.5,1601.0,79.3,3090_2100A.txt
3090,2100A,Novec_2100A,2.194,81.7,0.0,72.5,1601.0,81.8,3090_2100A.txt
3090,2100A,Novec_2100A,3.292,27.9,0.0,72.5,1601.0,78.9,3090_2100A.txt
3090,2100A,Novec_2100A,4.404,26.8,0.0,72.5,1601.0,76.1,3090_2100A.txt
3090,2100A,Novec_2100A,5.482,21.7,0.0,72.5,1601.0,70.5,3090_2100A.txt
3090,2100A,Novec_2100A,6.707,20.9,0.0,72.5,1601.0,62.7,3090_2100A.txt
3090,2100A,Novec_2100A,7.8149999999999995,19.6,0.0,72.5,1601.0,58.9,3090_2100A.txt
3090,2100A,Novec_2100A,8.912,23.4,0.0,72.5,1601.0,61.5,3090_2100A.txt
3090,2100A,Novec_2100A,10.003,18.2,0.0,72.5,1601.0,63.9,3090_2100A.txt
3090,2100A,Novec_2100A,11.113,17.6,0.0,72.5,1601.0,63.9,3090_2100A.txt
3090,2100A,Novec_2100A,12.22,18.2,0.0,72.5,1601.0,61.1,3090_2100A.txt
3090,2100A,Novec_2100A,13.3,19.1,0.0,72.5,1601.0,57.7,3090_2100A.txt
3090,2100A,Novec_2100A,1.098,26.3,0.0,56.3,1601.0,61.5,3090_2100A.txt
3090,2100A,Novec_2100A,2.202,43.1,0.0,56.3,1601.0,70.2,3090_2100A.txt
3090,2100A,Novec_2100A,3.305,19.0,0.0,56.3,1601.0,66.6,3090_2100A.txt
3090,2100A,Novec_2100A,4.406,17.3,0.0,56.3,1601.0,65.8,3090_2100A.txt
3090,2100A,Novec_2100A,5.492,17.8,0.0,56.3,1601.0,65.4,3090_2100A.txt
3090,2100A,Novec_2100A,6.619,28.5,0.0,56.3,1601.0,61.6,3090_2100A.txt
3090,2100A,Novec_2100A,7.697,28.2,0.0,56.3,1601.0,60.5,3090_2100A.txt
3090,2100A,Novec_2100A,8.811,35.5,0.0,56.3,1601.0,66.1,3090_2100A.txt
3090,2100A,Novec_2100A,9.893,19.9,0.0,56.3,1601.0,67.4,3090_2100A.txt
3090,2100A,Novec_2100A,10.992,19.7,0.0,56.3,1601.0,66.4,3090_2100A.txt
3090,2100A,Novec_2100A,12.088,20.2,0.0,56.3,1601.0,66.1,3090_2100A.txt
3090,2100A,Novec_2100A,13.175,19.3,0.0,56.3,1601.0,66.5,3090_2100A.txt
3090,2100A,Novec_2100A,14.288,27.2,0.0,56.3,1601.0,68.1,3090_2100A.txt
3090,2100A,Novec_2100A,1.109,71.4,0.0,71.9,1601.0,76.3,3090_2100A.txt
3090,2100A,Novec_2100A,2.201,26.9,0.0,71.9,1601.0,72.9,3090_2100A.txt
3090,2100A,Novec_2100A,3.311,34.0,0.0,71.9,1601.0,70.8,3090_2100A.txt
3090,2100A,Novec_2100A,4.414,34.8,0.0,71.9,1601.0,70.1,3090_2100A.txt
3090,2100A,Novec_2100A,5.51,34.0,0.0,71.9,1601.0,70.2,3090_2100A.txt
3090,2100A,Novec_2100A,6.609,38.7,0.0,71.9,1601.0,72.3,3090_2100A.txt
3090,2100A,Novec_2100A,7.7059999999999995,63.0,0.0,71.9,1601.0,81.8,3090_2100A.txt
3090,2100A,Novec_2100A,8.821,62.0,0.0,71.9,1601.0,79.9,3090_2100A.txt
3090,2100A,Novec_2100A,9.934,29.8,0.0,71.9,1601.0,79.4,3090_2100A.txt
3090,2100A,Novec_2100A,11.004,26.2,0.0,71.9,1601.0,75.1,3090_2100A.txt
3090,2100A,Novec_2100A,12.096,29.3,0.0,71.9,1601.0,75.1,3090_2100A.txt
3090,2100A,Novec_2100A,13.218,43.3,0.0,71.9,1601.0,75.1,3090_2100A.txt
3090,2100A,Novec_2100A,14.315,65.6,0.0,71.9,1601.0,77.8,3090_2100A.txt
3090,2100A,Novec_2100A,1.103,44.3,0.0,77.8,1601.0,83.0,3090_2100A.txt
3090,2100A,Novec_2100A,2.201,109.8,0.0,77.8,1601.0,82.8,3090_2100A.txt
3090,2100A,Novec_2100A,3.289,105.1,0.0,77.8,1601.0,85.6,3090_2100A.txt
3090,2100A,Novec_2100A,4.4030000000000005,29.0,0.0,77.8,1601.0,79.9,3090_2100A.txt
3090,2100A,Novec_2100A,5.508,28.8,0.0,77.8,1601.0,77.0,3090_2100A.txt
3090,2100A,Novec_2100A,6.602,22.4,0.0,77.8,1601.0,71.8,3090_2100A.txt
3090,2100A,Novec_2100A,7.697,19.6,0.0,77.8,1601.0,69.3,3090_2100A.txt
3090,2100A,Novec_2100A,8.815,27.9,0.0,77.8,1601.0,68.8,3090_2100A.txt
3090,2100A,Novec_2100A,9.902,27.3,0.0,77.8,1601.0,69.5,3090_2100A.txt
3090,2100A,Novec_2100A,10.994,25.5,0.0,77.8,1601.0,73.8,3090_2100A.txt
3090,2100A,Novec_2100A,12.083,24.8,0.0,77.8,1601.0,73.1,3090_2100A.txt
3090,2100A,Novec_2100A,13.22,23.6,0.0,77.8,1601.0,70.7,3090_2100A.txt
3090,2100A,Novec_2100A,1.11,23.2,0.0,68.8,1601.0,69.0,3090_2100A.txt
3090,2100A,Novec_2100A,2.227,54.0,0.0,68.8,1601.0,71.7,3090_2100A.txt
3090,2100A,Novec_2100A,3.357,52.0,0.0,68.8,1601.0,73.5,3090_2100A.txt
3090,2100A,Novec_2100A,4.429,27.1,0.0,68.8,1601.0,76.2,3090_2100A.txt
3090,2100A,Novec_2100A,5.517,27.0,0.0,68.8,1601.0,75.2,3090_2100A.txt
3090,2100A,Novec_2100A,6.639,22.1,0.0,68.8,1601.0,71.2,3090_2100A.txt
3090,2100A,Novec_2100A,7.754,20.6,0.0,68.8,1601.0,69.4,3090_2100A.txt
3090,2100A,Novec_2100A,8.852,23.6,0.0,68.8,1601.0,70.1,3090_2100A.txt
3090,2100A,Novec_2100A,9.949,44.1,0.0,68.8,1601.0,73.7,3090_2100A.txt
3090,2100A,Novec_2100A,11.044,59.0,0.0,68.8,1601.0,74.7,3090_2100A.txt
3090,2100A,Novec_2100A,12.143,26.8,0.0,68.8,1601.0,73.2,3090_2100A.txt
3090,2100A,Novec_2100A,13.249,26.7,0.0,68.8,1601.0,70.9,3090_2100A.txt
3090,2100A,Novec_2100A,14.343,24.3,0.0,68.8,1601.0,69.9,3090_2100A.txt
3090,2100A,Novec_2100A,1.108,29.0,0.0,70.4,1601.0,73.5,3090_2100A.txt
3090,2100A,Novec_2100A,2.204,62.0,0.0,70.4,1601.0,77.7,3090_2100A.txt
3090,2100A,Novec_2100A,3.305,55.4,0.0,70.4,1601.0,77.8,3090_2100A.txt
3090,2100A,Novec_2100A,4.423,33.5,0.0,70.4,1601.0,82.9,3090_2100A.txt
3090,2100A,Novec_2100A,5.524,33.7,0.0,70.4,1601.0,80.0,3090_2100A.txt
3090,2100A,Novec_2100A,6.624,45.1,0.0,70.4,1601.0,77.3,3090_2100A.txt
3090,2100A,Novec_2100A,7.727,49.3,0.0,70.4,1601.0,75.5,3090_2100A.txt
3090,2100A,Novec_2100A,8.826,46.6,0.0,70.4,1601.0,75.5,3090_2100A.txt
3090,2100A,Novec_2100A,9.92,46.8,0.0,70.4,1601.0,80.7,3090_2100A.txt
3090,2100A,Novec_2100A,11.036,89.6,0.0,70.4,1601.0,83.4,3090_2100A.txt
3090,2100A,Novec_2100A,12.132,55.7,0.0,70.4,1601.0,83.8,3090_2100A.txt
3090,2100A,Novec_2100A,13.239,76.0,0.0,70.4,1601.0,83.1,3090_2100A.txt
3090,2100A,Novec_2100A,1.106,33.2,0.0,86.6,1601.0,81.8,3090_2100A.txt
3090,2100A,Novec_2100A,2.203,36.5,0.0,86.6,1601.0,78.6,3090_2100A.txt
3090,2100A,Novec_2100A,3.313,61.7,0.0,86.6,1601.0,80.9,3090_2100A.txt
3090,2100A,Novec_2100A,4.427,41.0,0.0,86.6,1601.0,78.7,3090_2100A.txt
3090,2100A,Novec_2100A,5.542,45.3,0.0,86.6,1601.0,80.0,3090_2100A.txt
3090,2100A,Novec_2100A,6.65,63.4,0.0,86.6,1601.0,83.6,3090_2100A.txt
3090,2100A,Novec_2100A,7.781,58.5,0.0,86.6,1601.0,83.3,3090_2100A.txt
3090,2100A,Novec_2100A,8.897,80.5,0.0,86.6,1601.0,85.5,3090_2100A.txt
3090,2100A,Novec_2100A,9.983,76.1,0.0,86.6,1601.0,88.5,3090_2100A.txt
3090,2100A,Novec_2100A,11.101,72.7,0.0,86.6,1601.0,85.8,3090_2100A.txt
3090,2100A,Novec_2100A,12.188,56.8,0.0,86.6,1601.0,85.2,3090_2100A.txt
3090,2100A,Novec_2100A,13.299,129.6,0.0,86.6,1601.0,90.2,3090_2100A.txt
3090,2100A,Novec_2100A,14.398,97.9,0.0,86.6,1601.0,90.7,3090_2100A.txt
3090,2100A,Novec_2100A,1.081,29.2,0.0,83.8,1601.0,79.4,3090_2100A.txt
3090,2100A,Novec_2100A,2.183,25.2,0.0,83.8,1601.0,74.9,3090_2100A.txt
3090,2100A,Novec_2100A,3.276,20.6,0.0,83.8,1601.0,72.0,3090_2100A.txt
3090,2100A,Novec_2100A,4.3870000000000005,41.6,0.0,83.8,1601.0,75.2,3090_2100A.txt
3090,2100A,Novec_2100A,5.494,68.0,0.0,83.8,1601.0,79.6,3090_2100A.txt
3090,2100A,Novec_2100A,6.584,49.5,0.0,83.8,1601.0,80.2,3090_2100A.txt
3090,2100A,Novec_2100A,7.681,47.0,0.0,83.8,1601.0,83.7,3090_2100A.txt
3090,2100A,Novec_2100A,8.777,30.5,0.0,83.8,1601.0,79.3,3090_2100A.txt
3090,2100A,Novec_2100A,9.876,33.3,0.0,83.8,1601.0,76.4,3090_2100A.txt
3090,2100A,Novec_2100A,10.973,30.3,0.0,83.8,1601.0,73.2,3090_2100A.txt
3090,2100A,Novec_2100A,12.08,34.4,0.0,83.8,1601.0,72.4,3090_2100A.txt
3090,2100A,Novec_2100A,13.17,30.9,0.0,83.8,1601.0,73.1,3090_2100A.txt
3090,2100A,Novec_2100A,14.259,63.6,0.0,83.8,1601.0,81.1,3090_2100A.txt
3090,2100A,Novec_2100A,1.083,29.9,0.0,79.4,1601.0,81.0,3090_2100A.txt
3090,2100A,Novec_2100A,2.178,29.4,0.0,79.4,1601.0,77.9,3090_2100A.txt
3090,2100A,Novec_2100A,3.271,29.7,0.0,79.4,1601.0,75.1,3090_2100A.txt
3090,2100A,Novec_2100A,4.386,27.3,0.0,79.4,1601.0,73.4,3090_2100A.txt
3090,2100A,Novec_2100A,5.477,34.3,0.0,79.4,1601.0,74.3,3090_2100A.txt
3090,2100A,Novec_2100A,6.583,41.1,0.0,79.4,1601.0,74.4,3090_2100A.txt
3090,2100A,Novec_2100A,7.661,41.9,0.0,79.4,1601.0,79.0,3090_2100A.txt
3090,2100A,Novec_2100A,8.769,85.6,0.0,79.4,1601.0,82.0,3090_2100A.txt
3090,2100A,Novec_2100A,9.861,30.8,0.0,79.4,1601.0,81.9,3090_2100A.txt
3090,2100A,Novec_2100A,10.969,32.0,0.0,79.4,1601.0,78.1,3090_2100A.txt
3090,2100A,Novec_2100A,12.1,30.9,0.0,79.4,1601.0,75.7,3090_2100A.txt
3090,2100A,Novec_2100A,13.185,40.5,0.0,79.4,1601.0,77.6,3090_2100A.txt
3090,2100A,Novec_2100A,1.095,48.1,0.0,77.2,1601.0,79.6,3090_2100A.txt
3090,2100A,Novec_2100A,2.184,61.1,0.0,77.2,1601.0,83.5,3090_2100A.txt
3090,2100A,Novec_2100A,3.31,54.8,0.0,77.2,1601.0,82.3,3090_2100A.txt
3090,2100A,Novec_2100A,4.404,72.3,0.0,77.2,1601.0,85.3,3090_2100A.txt
3090,2100A,Novec_2100A,5.5,62.4,0.0,77.2,1601.0,86.0,3090_2100A.txt
3090,2100A,Novec_2100A,6.594,30.9,0.0,77.2,1601.0,78.8,3090_2100A.txt
3090,2100A,Novec_2100A,7.693,26.6,0.0,77.2,1601.0,75.8,3090_2100A.txt
3090,2100A,Novec_2100A,8.778,74.5,0.0,77.2,1601.0,80.1,3090_2100A.txt
3090,2100A,Novec_2100A,9.875,48.1,0.0,77.2,1601.0,78.8,3090_2100A.txt
3090,2100A,Novec_2100A,10.969,50.0,0.0,77.2,1601.0,82.2,3090_2100A.txt
3090,2100A,Novec_2100A,12.073,67.6,0.0,77.2,1601.0,84.1,3090_2100A.txt
3090,2100A,Novec_2100A,13.168,62.6,0.0,77.2,1601.0,83.4,3090_2100A.txt
3090,2100A,Novec_2100A,14.276,83.1,0.0,77.2,1601.0,85.2,3090_2100A.txt
3090,2100A,Novec_2100A,1.081,101.5,0.0,85.3,1601.0,83.8,3090_2100A.txt
3090,2100A,Novec_2100A,2.178,86.3,0.0,85.3,1601.0,85.2,3090_2100A.txt
3090,2100A,Novec_2100A,3.294,49.4,0.0,85.3,1601.0,84.8,3090_2100A.txt
3090,2100A,Novec_2100A,4.423,112.6,0.0,85.3,1601.0,92.2,3090_2100A.txt
3090,2100A,Novec_2100A,5.4879999999999995,35.4,0.0,85.3,1601.0,83.9,3090_2100A.txt
3090,2100A,Novec_2100A,6.594,33.1,0.0,85.3,1601.0,81.5,3090_2100A.txt
3090,2100A,Novec_2100A,7.705,43.4,0.0,85.3,1601.0,82.3,3090_2100A.txt
3090,2100A,Novec_2100A,8.796,106.6,0.0,85.3,1601.0,85.1,3090_2100A.txt
3090,2100A,Novec_2100A,9.904,67.9,0.0,85.3,1601.0,83.1,3090_2100A.txt
3090,2100A,Novec_2100A,10.997,59.3,0.0,85.3,1601.0,84.3,3090_2100A.txt
3090,2100A,Novec_2100A,12.109,54.8,0.0,85.3,1601.0,82.7,3090_2100A.txt
3090,2100A,Novec_2100A,13.182,122.8,0.0,85.3,1601.0,84.8,3090_2100A.txt
3090,2100A,Novec_2100A,14.285,60.4,0.0,85.3,1601.0,85.5,3090_2100A.txt
3090,2100A,Novec_2100A,1.094,121.7,0.0,84.8,1601.0,87.4,3090_2100A.txt
3090,2100A,Novec_2100A,2.198,131.4,0.0,84.8,1601.0,86.8,3090_2100A.txt
3090,2100A,Novec_2100A,3.402,131.7,0.0,84.8,1601.0,89.8,3090_2100A.txt
3090,2100A,Novec_2100A,4.499,70.2,0.0,84.8,1601.0,86.2,3090_2100A.txt
3090,2100A,Novec_2100A,5.612,60.2,0.0,84.8,1601.0,84.8,3090_2100A.txt
3090,2100A,Novec_2100A,6.715,79.5,0.0,84.8,1601.0,86.1,3090_2100A.txt
3090,2100A,Novec_2100A,7.808,132.8,0.0,84.8,1601.0,89.5,3090_2100A.txt
3090,2100A,Novec_2100A,8.912,76.5,0.0,84.8,1601.0,85.2,3090_2100A.txt
3090,2100A,Novec_2100A,10.012,118.9,0.0,84.8,1601.0,87.4,3090_2100A.txt
3090,2100A,Novec_2100A,11.112,68.2,0.0,84.8,1601.0,85.3,3090_2100A.txt
3090,2100A,Novec_2100A,12.205,75.4,0.0,84.8,1601.0,86.2,3090_2100A.txt
3090,2100A,Novec_2100A,13.309,132.1,0.0,84.8,1601.0,90.7,3090_2100A.txt
3090,2100A,Novec_2100A,1.096,28.1,0.0,88.1,1601.0,78.0,3090_2100A.txt
3090,2100A,Novec_2100A,2.205,24.9,0.0,88.1,1601.0,73.8,3090_2100A.txt
3090,2100A,Novec_2100A,3.294,22.6,0.0,88.1,1601.0,72.9,3090_2100A.txt
3090,2100A,Novec_2100A,4.395,25.3,0.0,88.1,1601.0,72.2,3090_2100A.txt
3090,2100A,Novec_2100A,5.475,37.6,0.0,88.1,1601.0,77.0,3090_2100A.txt
3090,2100A,Novec_2100A,6.566,44.5,0.0,88.1,1601.0,82.4,3090_2100A.txt
3090,2100A,Novec_2100A,7.663,39.2,0.0,88.1,1601.0,79.8,3090_2100A.txt
3090,2100A,Novec_2100A,8.755,51.4,0.0,88.1,1601.0,83.7,3090_2100A.txt
3090,2100A,Novec_2100A,9.895,30.4,0.0,88.1,1601.0,79.8,3090_2100A.txt
3090,2100A,Novec_2100A,11.003,24.8,0.0,88.1,1601.0,75.7,3090_2100A.txt
3090,2100A,Novec_2100A,12.079,26.4,0.0,88.1,1601.0,74.0,3090_2100A.txt
3090,2100A,Novec_2100A,13.171,44.1,0.0,88.1,1601.0,75.2,3090_2100A.txt
3090,2100A,Novec_2100A,14.27,45.0,0.0,88.1,1601.0,76.6,3090_2100A.txt
3090,2100A,Novec_2100A,1.096,90.2,0.0,78.9,1601.0,84.6,3090_2100A.txt
3090,2100A,Novec_2100A,2.197,51.9,0.0,78.9,1601.0,82.5,3090_2100A.txt
3090,2100A,Novec_2100A,3.308,57.0,0.0,78.9,1601.0,85.0,3090_2100A.txt
3090,2100A,Novec_2100A,4.41,110.4,0.0,78.9,1601.0,86.4,3090_2100A.txt
3090,2100A,Novec_2100A,5.532,33.0,0.0,78.9,1601.0,80.1,3090_2100A.txt
3090,2100A,Novec_2100A,6.675,27.3,0.0,78.9,1601.0,76.0,3090_2100A.txt
3090,2100A,Novec_2100A,7.707,27.9,0.0,78.9,1601.0,75.5,3090_2100A.txt
3090,2100A,Novec_2100A,8.846,50.4,0.0,78.9,1601.0,76.6,3090_2100A.txt
3090,2100A,Novec_2100A,9.956,60.8,0.0,78.9,1601.0,77.2,3090_2100A.txt
3090,2100A,Novec_2100A,11.054,47.6,0.0,78.9,1601.0,81.8,3090_2100A.txt
3090,2100A,Novec_2100A,12.157,54.6,0.0,78.9,1601.0,81.1,3090_2100A.txt
3090,2100A,Novec_2100A,13.275,91.5,0.0,78.9,1601.0,84.5,3090_2100A.txt
3090,2100A,Novec_2100A,1.094,112.7,0.0,82.2,1601.0,86.9,3090_2100A.txt
3090,2100A,Novec_2100A,2.19,50.8,0.0,82.2,1601.0,85.2,3090_2100A.txt
3090,2100A,Novec_2100A,3.305,36.0,0.0,82.2,1601.0,79.0,3090_2100A.txt
3090,2100A,Novec_2100A,4.394,35.7,0.0,82.2,1601.0,78.2,3090_2100A.txt
3090,2100A,Novec_2100A,5.508,42.5,0.0,82.2,1601.0,79.8,3090_2100A.txt
3090,2100A,Novec_2100A,6.606,57.6,0.0,82.2,1601.0,83.8,3090_2100A.txt
3090,2100A,Novec_2100A,7.703,55.1,0.0,82.2,1601.0,81.0,3090_2100A.txt
3090,2100A,Novec_2100A,8.808,102.1,0.0,82.2,1601.0,84.3,3090_2100A.txt
3090,2100A,Novec_2100A,9.903,57.8,0.0,82.2,1601.0,82.5,3090_2100A.txt
3090,2100A,Novec_2100A,10.99,84.2,0.0,82.2,1601.0,84.0,3090_2100A.txt
3090,2100A,Novec_2100A,12.102,116.6,0.0,82.2,1601.0,86.9,3090_2100A.txt
3090,2100A,Novec_2100A,13.183,50.9,0.0,82.2,1601.0,82.6,3090_2100A.txt
3090,2100A,Novec_2100A,14.279,74.8,0.0,82.2,1601.0,84.5,3090_2100A.txt
3090,2100A,Novec_2100A,1.103,81.1,0.0,87.0,1601.0,84.4,3090_2100A.txt
3090,2100A,Novec_2100A,2.199,94.7,0.0,87.0,1601.0,86.5,3090_2100A.txt
3090,2100A,Novec_2100A,3.306,42.5,0.0,87.0,1601.0,80.5,3090_2100A.txt
3090,2100A,Novec_2100A,4.39,38.6,0.0,87.0,1601.0,80.8,3090_2100A.txt
3090,2100A,Novec_2100A,5.483,36.3,0.0,87.0,1601.0,81.7,3090_2100A.txt
3090,2100A,Novec_2100A,6.578,47.6,0.0,87.0,1601.0,81.9,3090_2100A.txt
3090,2100A,Novec_2100A,7.665,91.2,0.0,87.0,1601.0,84.3,3090_2100A.txt
3090,2100A,Novec_2100A,8.766,48.7,0.0,87.0,1601.0,82.7,3090_2100A.txt
3090,2100A,Novec_2100A,9.864,98.3,0.0,87.0,1601.0,85.6,3090_2100A.txt
3090,2100A,Novec_2100A,10.963,77.1,0.0,87.0,1601.0,86.8,3090_2100A.txt
3090,2100A,Novec_2100A,12.049,71.3,0.0,87.0,1601.0,84.0,3090_2100A.txt
3090,2100A,Novec_2100A,13.15,75.7,0.0,87.0,1601.0,84.3,3090_2100A.txt
3090,2100A,Novec_2100A,14.244,92.5,0.0,87.0,1601.0,86.1,3090_2100A.txt
3090,2100A,Novec_2100A,1.078,124.1,0.0,85.3,1601.0,88.4,3090_2100A.txt
3090,2100A,Novec_2100A,2.177,51.8,0.0,85.3,1601.0,85.7,3090_2100A.txt
3090,2100A,Novec_2100A,3.267,74.2,0.0,85.3,1601.0,83.8,3090_2100A.txt
3090,2100A,Novec_2100A,4.384,120.7,0.0,85.3,1601.0,87.3,3090_2100A.txt
3090,2100A,Novec_2100A,5.585,55.2,0.0,85.3,1601.0,84.6,3090_2100A.txt
3090,2100A,Novec_2100A,6.697,63.1,0.0,85.3,1601.0,85.9,3090_2100A.txt
3090,2100A,Novec_2100A,7.793,125.4,0.0,85.3,1601.0,88.6,3090_2100A.txt
3090,2100A,Novec_2100A,8.884,108.9,0.0,85.3,1601.0,86.1,3090_2100A.txt
3090,2100A,Novec_2100A,9.971,122.8,0.0,85.3,1601.0,87.1,3090_2100A.txt
3090,2100A,Novec_2100A,11.077,64.0,0.0,85.3,1601.0,83.8,3090_2100A.txt
3090,2100A,Novec_2100A,12.245,60.9,0.0,85.3,1601.0,85.5,3090_2100A.txt
3090,2100A,Novec_2100A,13.282,61.1,0.0,85.3,1601.0,85.1,3090_2100A.txt
3090,2100A,Novec_2100A,1.059,35.9,0.0,80.5,1601.0,83.0,3090_2100A.txt
3090,2100A,Novec_2100A,2.16,49.1,0.0,80.5,1601.0,82.2,3090_2100A.txt
3090,2100A,Novec_2100A,3.251,66.5,0.0,80.5,1601.0,85.6,3090_2100A.txt
3090,2100A,Novec_2100A,4.364,36.3,0.0,80.5,1601.0,85.3,3090_2100A.txt
3090,2100A,Novec_2100A,5.47,70.9,0.0,80.5,1601.0,83.2,3090_2100A.txt
3090,2100A,Novec_2100A,6.562,85.7,0.0,80.5,1601.0,83.3,3090_2100A.txt
3090,2100A,Novec_2100A,7.678,132.5,0.0,80.5,1601.0,88.3,3090_2100A.txt
3090,2100A,Novec_2100A,8.801,79.6,0.0,80.5,1601.0,83.9,3090_2100A.txt
3090,2100A,Novec_2100A,9.868,63.2,0.0,80.5,1601.0,85.9,3090_2100A.txt
3090,2100A,Novec_2100A,10.967,119.3,0.0,80.5,1601.0,87.0,3090_2100A.txt
3090,2100A,Novec_2100A,12.05,86.6,0.0,80.5,1601.0,86.4,3090_2100A.txt
3090,2100A,Novec_2100A,13.148,89.0,0.0,80.5,1601.0,86.8,3090_2100A.txt
3090,2100A,Novec_2100A,14.246,57.8,0.0,80.5,1601.0,85.6,3090_2100A.txt
3090,2100A,Novec_2100A,1.104,60.8,0.0,84.0,1601.0,86.0,3090_2100A.txt
3090,2100A,Novec_2100A,2.202,77.9,0.0,84.0,1601.0,88.7,3090_2100A.txt
3090,2100A,Novec_2100A,3.3449999999999998,100.9,0.0,84.0,1601.0,90.6,3090_2100A.txt
3090,2100A,Novec_2100A,4.386,113.5,0.0,84.0,1601.0,86.3,3090_2100A.txt
3090,2100A,Novec_2100A,5.504,68.2,0.0,84.0,1601.0,83.6,3090_2100A.txt
3090,2100A,Novec_2100A,6.61,73.1,0.0,84.0,1601.0,84.8,3090_2100A.txt
3090,2100A,Novec_2100A,7.724,72.9,0.0,84.0,1601.0,85.3,3090_2100A.txt
3090,2100A,Novec_2100A,8.837,71.7,0.0,84.0,1601.0,87.2,3090_2100A.txt
3090,2100A,Novec_2100A,9.932,57.4,0.0,84.0,1601.0,85.7,3090_2100A.txt
3090,2100A,Novec_2100A,11.02,128.4,0.0,84.0,1601.0,87.2,3090_2100A.txt
3090,2100A,Novec_2100A,12.122,74.7,0.0,84.0,1601.0,85.0,3090_2100A.txt
3090,2100A,Novec_2100A,13.213,94.7,0.0,84.0,1601.0,85.6,3090_2100A.txt
3090,2100A,Novec_2100A,1.096,112.1,0.0,83.3,1601.0,84.5,3090_2100A.txt
3090,2100A,Novec_2100A,2.206,130.8,0.0,83.3,1601.0,90.8,3090_2100A.txt
3090,2100A,Novec_2100A,3.296,127.1,0.0,83.3,1601.0,88.5,3090_2100A.txt
3090,2100A,Novec_2100A,4.393,131.5,0.0,83.3,1601.0,88.1,3090_2100A.txt
3090,2100A,Novec_2100A,5.486,118.0,0.0,83.3,1601.0,86.2,3090_2100A.txt
3090,2100A,Novec_2100A,6.5969999999999995,38.5,0.0,83.3,1601.0,84.3,3090_2100A.txt
3090,2100A,Novec_2100A,7.718,64.7,0.0,83.3,1601.0,85.3,3090_2100A.txt
3090,2100A,Novec_2100A,8.804,119.5,0.0,83.3,1601.0,86.7,3090_2100A.txt
3090,2100A,Novec_2100A,9.895,111.1,0.0,83.3,1601.0,86.5,3090_2100A.txt
3090,2100A,Novec_2100A,10.994,126.7,0.0,83.3,1601.0,87.1,3090_2100A.txt
3090,2100A,Novec_2100A,12.096,121.6,0.0,83.3,1601.0,89.0,3090_2100A.txt
3090,2100A,Novec_2100A,13.203,53.0,0.0,83.3,1601.0,86.0,3090_2100A.txt
3090,2100A,Novec_2100A,14.292,62.9,0.0,83.3,1601.0,84.6,3090_2100A.txt
3090,2100A,Novec_2100A,1.1179999999999999,64.8,0.0,86.0,1601.0,84.4,3090_2100A.txt
3090,2100A,Novec_2100A,2.223,27.5,0.0,86.0,1601.0,76.4,3090_2100A.txt
3090,2100A,Novec_2100A,3.32,21.2,0.0,86.0,1601.0,71.9,3090_2100A.txt
3090,2100A,Novec_2100A,4.411,32.6,0.0,86.0,1601.0,72.2,3090_2100A.txt
3090,2100A,Novec_2100A,5.506,26.9,0.0,86.0,1601.0,70.5,3090_2100A.txt
3090,2100A,Novec_2100A,6.5969999999999995,22.5,0.0,86.0,1601.0,71.4,3090_2100A.txt
3090,2100A,Novec_2100A,7.695,52.7,0.0,86.0,1601.0,74.7,3090_2100A.txt
3090,2100A,Novec_2100A,8.799,33.8,0.0,86.0,1601.0,73.8,3090_2100A.txt
3090,2100A,Novec_2100A,9.893,55.5,0.0,86.0,1601.0,81.6,3090_2100A.txt
3090,2100A,Novec_2100A,10.983,31.7,0.0,86.0,1601.0,79.9,3090_2100A.txt
3090,2100A,Novec_2100A,12.073,42.8,0.0,86.0,1601.0,82.8,3090_2100A.txt
3090,2100A,Novec_2100A,13.17,112.2,0.0,86.0,1601.0,86.0,3090_2100A.txt
3090,2100A,Novec_2100A,14.263,29.7,0.0,86.0,1601.0,79.8,3090_2100A.txt
3090,2100A,Novec_2100A,1.115,46.6,0.0,78.4,1601.0,76.2,3090_2100A.txt
3090,2100A,Novec_2100A,2.2,23.4,0.0,78.4,1601.0,73.3,3090_2100A.txt
3090,2100A,Novec_2100A,3.293,68.4,0.0,78.4,1601.0,81.4,3090_2100A.txt
3090,2100A,Novec_2100A,4.412,40.0,0.0,78.4,1601.0,76.3,3090_2100A.txt
3090,2100A,Novec_2100A,5.515,123.3,0.0,78.4,1601.0,85.5,3090_2100A.txt
3090,2100A,Novec_2100A,6.583,41.3,0.0,78.4,1601.0,81.1,3090_2100A.txt
3090,2100A,Novec_2100A,7.698,71.6,0.0,78.4,1601.0,83.0,3090_2100A.txt
3090,2100A,Novec_2100A,8.791,78.3,0.0,78.4,1601.0,88.4,3090_2100A.txt
3090,2100A,Novec_2100A,9.881,38.7,0.0,78.4,1601.0,84.9,3090_2100A.txt
3090,2100A,Novec_2100A,10.991,74.2,0.0,78.4,1601.0,83.2,3090_2100A.txt
3090,2100A,Novec_2100A,12.074,65.8,0.0,78.4,1601.0,84.5,3090_2100A.txt
3090,2100A,Novec_2100A,13.231,75.3,0.0,78.4,1601.0,85.4,3090_2100A.txt
3090,2100A,Novec_2100A,1.094,123.9,0.0,91.1,1601.0,88.0,3090_2100A.txt
3090,2100A,Novec_2100A,2.197,108.4,0.0,91.1,1601.0,90.0,3090_2100A.txt
3090,2100A,Novec_2100A,3.285,36.7,0.0,91.1,1601.0,79.7,3090_2100A.txt
3090,2100A,Novec_2100A,4.431,29.8,0.0,91.1,1601.0,77.6,3090_2100A.txt
3090,2100A,Novec_2100A,5.498,66.0,0.0,91.1,1601.0,79.4,3090_2100A.txt
3090,2100A,Novec_2100A,6.645,35.5,0.0,91.1,1601.0,77.6,3090_2100A.txt
3090,2100A,Novec_2100A,7.698,70.9,0.0,91.1,1601.0,83.1,3090_2100A.txt
3090,2100A,Novec_2100A,8.806000000000001,36.1,0.0,91.1,1601.0,78.5,3090_2100A.txt
3090,2100A,Novec_2100A,9.903,75.2,0.0,91.1,1601.0,84.4,3090_2100A.txt
3090,2100A,Novec_2100A,11.024,128.3,0.0,91.1,1601.0,91.3,3090_2100A.txt
3090,2100A,Novec_2100A,12.114,69.3,0.0,91.1,1601.0,89.5,3090_2100A.txt
3090,2100A,Novec_2100A,13.324,52.1,0.0,91.1,1601.0,80.9,3090_2100A.txt
3090,2100A,Novec_2100A,14.415,109.6,0.0,91.1,1601.0,87.8,3090_2100A.txt
3090,2100A,Novec_2100A,1.093,133.8,0.0,85.2,1601.0,88.1,3090_2100A.txt
3090,2100A,Novec_2100A,2.209,128.8,0.0,85.2,1601.0,87.9,3090_2100A.txt
3090,2100A,Novec_2100A,3.312,58.1,0.0,85.2,1601.0,85.3,3090_2100A.txt
3090,2100A,Novec_2100A,4.424,103.3,0.0,85.2,1601.0,87.5,3090_2100A.txt
3090,2100A,Novec_2100A,5.5120000000000005,69.7,0.0,85.2,1601.0,84.4,3090_2100A.txt
3090,2100A,Novec_2100A,6.627,118.9,0.0,85.2,1601.0,86.3,3090_2100A.txt
3090,2100A,Novec_2100A,7.723,124.5,0.0,85.2,1601.0,90.8,3090_2100A.txt
3090,2100A,Novec_2100A,8.839,133.7,0.0,85.2,1601.0,89.9,3090_2100A.txt
3090,2100A,Novec_2100A,9.986,143.8,0.0,85.2,1601.0,89.7,3090_2100A.txt
3090,2100A,Novec_2100A,11.044,80.1,0.0,85.2,1601.0,88.3,3090_2100A.txt
3090,2100A,Novec_2100A,12.123,60.6,0.0,85.2,1601.0,85.5,3090_2100A.txt
3090,2100A,Novec_2100A,13.23,75.9,0.0,85.2,1601.0,86.9,3090_2100A.txt
3090,2100A,Novec_2100A,14.338,70.9,0.0,85.2,1601.0,84.8,3090_2100A.txt
3090,2100A,Novec_2100A,1.114,62.3,0.0,86.1,1601.0,85.1,3090_2100A.txt
3090,2100A,Novec_2100A,2.206,41.6,0.0,86.1,1601.0,77.7,3090_2100A.txt
3090,2100A,Novec_2100A,3.317,31.2,0.0,86.1,1601.0,79.9,3090_2100A.txt
3090,2100A,Novec_2100A,4.417,52.7,0.0,86.1,1601.0,79.1,3090_2100A.txt
3090,2100A,Novec_2100A,5.524,97.8,0.0,86.1,1601.0,85.9,3090_2100A.txt
3090,2100A,Novec_2100A,6.631,58.7,0.0,86.1,1601.0,82.3,3090_2100A.txt
3090,2100A,Novec_2100A,7.72,56.3,0.0,86.1,1601.0,84.6,3090_2100A.txt
3090,2100A,Novec_2100A,8.803,123.9,0.0,86.1,1601.0,89.6,3090_2100A.txt
3090,2100A,Novec_2100A,9.919,38.1,0.0,86.1,1601.0,81.6,3090_2100A.txt
3090,2100A,Novec_2100A,11.035,97.8,0.0,86.1,1601.0,83.7,3090_2100A.txt
3090,2100A,Novec_2100A,12.151,102.2,0.0,86.1,1601.0,90.5,3090_2100A.txt
3090,2100A,Novec_2100A,13.232,76.4,0.0,86.1,1601.0,88.9,3090_2100A.txt
3090,2100A,Novec_2100A,1.092,126.1,0.0,87.8,1601.0,87.6,3090_2100A.txt
3090,2100A,Novec_2100A,2.191,47.3,0.0,87.8,1601.0,82.2,3090_2100A.txt
3090,2100A,Novec_2100A,3.299,91.9,0.0,87.8,1601.0,84.6,3090_2100A.txt
3090,2100A,Novec_2100A,4.402,53.8,0.0,87.8,1601.0,87.5,3090_2100A.txt
3090,2100A,Novec_2100A,5.504,61.2,0.0,87.8,1601.0,86.2,3090_2100A.txt
3090,2100A,Novec_2100A,6.604,61.4,0.0,87.8,1601.0,84.8,3090_2100A.txt
3090,2100A,Novec_2100A,7.72,61.9,0.0,87.8,1601.0,84.8,3090_2100A.txt
3090,2100A,Novec_2100A,8.809,62.1,0.0,87.8,1601.0,85.4,3090_2100A.txt
3090,2100A,Novec_2100A,9.938,72.0,0.0,87.8,1601.0,85.2,3090_2100A.txt
3090,2100A,Novec_2100A,11.028,52.7,0.0,87.8,1601.0,85.4,3090_2100A.txt
3090,2100A,Novec_2100A,12.183,53.9,0.0,87.8,1601.0,84.2,3090_2100A.txt
3090,2100A,Novec_2100A,13.255,79.6,0.0,87.8,1601.0,84.6,3090_2100A.txt
3090,2100A,Novec_2100A,14.359,62.0,0.0,87.8,1601.0,82.3,3090_2100A.txt
3090,2100A,Novec_2100A,1.1360000000000001,143.4,0.0,87.5,1601.0,91.8,3090_2100A.txt
3090,2100A,Novec_2100A,2.188,71.4,0.0,87.5,1601.0,84.6,3090_2100A.txt
3090,2100A,Novec_2100A,3.324,64.4,0.0,87.5,1601.0,85.5,3090_2100A.txt
3090,2100A,Novec_2100A,4.386,77.4,0.0,87.5,1601.0,88.1,3090_2100A.txt
3090,2100A,Novec_2100A,5.487,62.9,0.0,87.5,1601.0,86.4,3090_2100A.txt
3090,2100A,Novec_2100A,6.578,71.7,0.0,87.5,1601.0,85.4,3090_2100A.txt
3090,2100A,Novec_2100A,7.696,80.2,0.0,87.5,1601.0,88.3,3090_2100A.txt
3090,2100A,Novec_2100A,8.792,93.8,0.0,87.5,1601.0,86.0,3090_2100A.txt
3090,2100A,Novec_2100A,9.909,102.8,0.0,87.5,1601.0,85.7,3090_2100A.txt
3090,2100A,Novec_2100A,11.018,52.7,0.0,87.5,1601.0,85.5,3090_2100A.txt
3090,2100A,Novec_2100A,12.13,66.4,0.0,87.5,1601.0,84.7,3090_2100A.txt
3090,2100A,Novec_2100A,13.217,108.4,0.0,87.5,1601.0,86.3,3090_2100A.txt
3090,2100A,Novec_2100A,1.09,80.2,0.0,90.0,1601.0,89.5,3090_2100A.txt
3090,2100A,Novec_2100A,2.191,135.5,0.0,90.0,1601.0,89.5,3090_2100A.txt
3090,2100A,Novec_2100A,3.29,118.1,0.0,90.0,1601.0,86.2,3090_2100A.txt
3090,2100A,Novec_2100A,4.39,79.1,0.0,90.0,1601.0,85.3,3090_2100A.txt
3090,2100A,Novec_2100A,5.493,31.8,0.0,90.0,1601.0,81.7,3090_2100A.txt
3090,2100A,Novec_2100A,6.579,45.1,0.0,90.0,1601.0,82.3,3090_2100A.txt
3090,2100A,Novec_2100A,7.7,104.4,0.0,90.0,1601.0,85.9,3090_2100A.txt
3090,2100A,Novec_2100A,8.795,48.5,0.0,90.0,1601.0,82.3,3090_2100A.txt
3090,2100A,Novec_2100A,9.879,102.1,0.0,90.0,1601.0,85.4,3090_2100A.txt
3090,2100A,Novec_2100A,10.986,114.2,0.0,90.0,1601.0,91.3,3090_2100A.txt
3090,2100A,Novec_2100A,12.105,78.1,0.0,90.0,1601.0,85.9,3090_2100A.txt
3090,2100A,Novec_2100A,13.232,33.4,0.0,90.0,1601.0,81.4,3090_2100A.txt
3090,2100A,Novec_2100A,14.297,95.0,0.0,90.0,1601.0,83.2,3090_2100A.txt
3090,2100A,Novec_2100A,1.099,69.1,0.0,85.4,1601.0,86.8,3090_2100A.txt
3090,2100A,Novec_2100A,2.213,59.7,0.0,85.4,1601.0,86.8,3090_2100A.txt
3090,2100A,Novec_2100A,3.334,104.2,0.0,85.4,1601.0,89.3,3090_2100A.txt
3090,2100A,Novec_2100A,4.439,76.9,0.0,85.4,1601.0,83.7,3090_2100A.txt
3090,2100A,Novec_2100A,5.533,131.0,0.0,85.4,1601.0,88.3,3090_2100A.txt
3090,2100A,Novec_2100A,6.628,109.8,0.0,85.4,1601.0,85.9,3090_2100A.txt
3090,2100A,Novec_2100A,7.728,80.1,0.0,85.4,1601.0,85.5,3090_2100A.txt
3090,2100A,Novec_2100A,8.836,68.5,0.0,85.4,1601.0,85.1,3090_2100A.txt
3090,2100A,Novec_2100A,9.937,66.9,0.0,85.4,1601.0,84.3,3090_2100A.txt
3090,2100A,Novec_2100A,11.06,64.6,0.0,85.4,1601.0,84.9,3090_2100A.txt
3090,2100A,Novec_2100A,12.118,59.7,0.0,85.4,1601.0,85.1,3090_2100A.txt
3090,2100A,Novec_2100A,13.215,111.5,0.0,85.4,1601.0,86.7,3090_2100A.txt
3090,2100A,Novec_2100A,14.33,132.8,0.0,85.4,1601.0,87.8,3090_2100A.txt
3090,2100A,Novec_2100A,1.091,79.7,0.0,85.6,1601.0,85.6,3090_2100A.txt
3090,2100A,Novec_2100A,2.197,56.3,0.0,85.6,1601.0,82.9,3090_2100A.txt
3090,2100A,Novec_2100A,3.309,138.8,0.0,85.6,1601.0,87.6,3090_2100A.txt
3090,2100A,Novec_2100A,4.412,84.5,0.0,85.6,1601.0,86.2,3090_2100A.txt
3090,2100A,Novec_2100A,5.537,62.7,0.0,85.6,1601.0,85.8,3090_2100A.txt
3090,2100A,Novec_2100A,6.634,45.3,0.0,85.6,1601.0,83.4,3090_2100A.txt
3090,2100A,Novec_2100A,7.754,89.2,0.0,85.6,1601.0,85.0,3090_2100A.txt
3090,2100A,Novec_2100A,8.871,52.8,0.0,85.6,1601.0,84.8,3090_2100A.txt
3090,2100A,Novec_2100A,9.969,61.1,0.0,85.6,1601.0,84.1,3090_2100A.txt
3090,2100A,Novec_2100A,11.056,48.8,0.0,85.6,1601.0,83.5,3090_2100A.txt
3090,2100A,Novec_2100A,12.15,51.5,0.0,85.6,1601.0,87.5,3090_2100A.txt
3090,2100A,Novec_2100A,13.256,78.7,0.0,85.6,1601.0,85.0,3090_2100A.txt
3090,2100A,Novec_2100A,1.097,102.4,0.0,85.4,1601.0,87.1,3090_2100A.txt
3090,2100A,Novec_2100A,2.198,129.6,0.0,85.4,1601.0,86.7,3090_2100A.txt
3090,2100A,Novec_2100A,3.297,135.6,0.0,85.4,1601.0,89.0,3090_2100A.txt
3090,2100A,Novec_2100A,4.401,65.7,0.0,85.4,1601.0,87.6,3090_2100A.txt
3090,2100A,Novec_2100A,5.541,89.2,0.0,85.4,1601.0,92.5,3090_2100A.txt
3090,2100A,Novec_2100A,6.616,56.0,0.0,85.4,1601.0,88.7,3090_2100A.txt
3090,2100A,Novec_2100A,7.742,52.5,0.0,85.4,1601.0,84.3,3090_2100A.txt
3090,2100A,Novec_2100A,8.801,122.2,0.0,85.4,1601.0,85.0,3090_2100A.txt
3090,2100A,Novec_2100A,9.893,130.5,0.0,85.4,1601.0,88.6,3090_2100A.txt
3090,2100A,Novec_2100A,10.987,137.3,0.0,85.4,1601.0,87.1,3090_2100A.txt
3090,2100A,Novec_2100A,12.077,44.5,0.0,85.4,1601.0,83.5,3090_2100A.txt
3090,2100A,Novec_2100A,13.175,61.9,0.0,85.4,1601.0,83.8,3090_2100A.txt
3090,2100A,Novec_2100A,14.275,69.1,0.0,85.4,1601.0,86.9,3090_2100A.txt
3090,2100A,Novec_2100A,1.098,55.1,0.0,87.3,1601.0,87.7,3090_2100A.txt
3090,2100A,Novec_2100A,2.188,66.7,0.0,87.3,1601.0,85.3,3090_2100A.txt
3090,2100A,Novec_2100A,3.301,83.3,0.0,87.3,1601.0,85.9,3090_2100A.txt
3090,2100A,Novec_2100A,4.396,67.7,0.0,87.3,1601.0,84.0,3090_2100A.txt
3090,2100A,Novec_2100A,5.487,73.6,0.0,87.3,1601.0,84.2,3090_2100A.txt
3090,2100A,Novec_2100A,6.579,67.6,0.0,87.3,1601.0,84.3,3090_2100A.txt
3090,2100A,Novec_2100A,7.676,61.0,0.0,87.3,1601.0,83.7,3090_2100A.txt
3090,2100A,Novec_2100A,8.803,67.5,0.0,87.3,1601.0,84.0,3090_2100A.txt
3090,2100A,Novec_2100A,9.872,66.6,0.0,87.3,1601.0,88.3,3090_2100A.txt
3090,2100A,Novec_2100A,10.966,52.7,0.0,87.3,1601.0,88.1,3090_2100A.txt
3090,2100A,Novec_2100A,12.083,122.7,0.0,87.3,1601.0,91.0,3090_2100A.txt
3090,2100A,Novec_2100A,13.162,147.8,0.0,87.3,1601.0,91.4,3090_2100A.txt
3090,2100A,Novec_2100A,14.28,144.8,0.0,87.3,1601.0,88.9,3090_2100A.txt
3090,2100A,Novec_2100A,1.092,51.8,0.0,89.7,1601.0,86.8,3090_2100A.txt
3090,2100A,Novec_2100A,2.224,57.5,0.0,89.7,1601.0,85.1,3090_2100A.txt
3090,2100A,Novec_2100A,3.282,60.6,0.0,89.7,1601.0,83.9,3090_2100A.txt
3090,2100A,Novec_2100A,4.401,78.6,0.0,89.7,1601.0,86.4,3090_2100A.txt
3090,2100A,Novec_2100A,5.501,63.2,0.0,89.7,1601.0,85.4,3090_2100A.txt
3090,2100A,Novec_2100A,6.583,72.6,0.0,89.7,1601.0,84.4,3090_2100A.txt
3090,2100A,Novec_2100A,7.684,83.7,0.0,89.7,1601.0,90.1,3090_2100A.txt
3090,2100A,Novec_2100A,8.779,92.0,0.0,89.7,1601.0,85.2,3090_2100A.txt
3090,2100A,Novec_2100A,9.893,102.7,0.0,89.7,1601.0,88.3,3090_2100A.txt
3090,2100A,Novec_2100A,10.993,134.2,0.0,89.7,1601.0,90.1,3090_2100A.txt
3090,2100A,Novec_2100A,12.091,121.6,0.0,89.7,1601.0,89.4,3090_2100A.txt
3090,2100A,Novec_2100A,13.181,82.7,0.0,89.7,1601.0,84.6,3090_2100A.txt
3090,2100A,Novec_2100A,1.098,74.0,0.0,85.5,1601.0,84.4,3090_2100A.txt
3090,2100A,Novec_2100A,2.196,62.9,0.0,85.5,1601.0,83.3,3090_2100A.txt
3090,2100A,Novec_2100A,3.293,65.9,0.0,85.5,1601.0,83.9,3090_2100A.txt
3090,2100A,Novec_2100A,4.396,61.6,0.0,85.5,1601.0,85.7,3090_2100A.txt
3090,2100A,Novec_2100A,5.53,64.1,0.0,85.5,1601.0,84.9,3090_2100A.txt
3090,2100A,Novec_2100A,6.632,56.3,0.0,85.5,1601.0,85.5,3090_2100A.txt
3090,2100A,Novec_2100A,7.699,67.1,0.0,85.5,1601.0,86.2,3090_2100A.txt
3090,2100A,Novec_2100A,8.808,34.3,0.0,85.5,1601.0,83.0,3090_2100A.txt
3090,2100A,Novec_2100A,9.9,43.7,0.0,85.5,1601.0,79.9,3090_2100A.txt
3090,2100A,Novec_2100A,10.996,111.2,0.0,85.5,1601.0,84.4,3090_2100A.txt
3090,2100A,Novec_2100A,12.11,83.2,0.0,85.5,1601.0,90.0,3090_2100A.txt
3090,2100A,Novec_2100A,13.219,47.0,0.0,85.5,1601.0,82.7,3090_2100A.txt
3090,2100A,Novec_2100A,14.33,71.8,0.0,85.5,1601.0,82.8,3090_2100A.txt
3090,2100A,Novec_2100A,1.098,55.2,0.0,86.0,1601.0,87.0,3090_2100A.txt
3090,2100A,Novec_2100A,2.186,82.6,0.0,86.0,1601.0,88.4,3090_2100A.txt
3090,2100A,Novec_2100A,3.288,128.8,0.0,86.0,1601.0,86.7,3090_2100A.txt
3090,2100A,Novec_2100A,4.388,89.2,0.0,86.0,1601.0,82.4,3090_2100A.txt
3090,2100A,Novec_2100A,5.483,139.8,0.0,86.0,1601.0,88.6,3090_2100A.txt
3090,2100A,Novec_2100A,6.579,53.6,0.0,86.0,1601.0,83.3,3090_2100A.txt
3090,2100A,Novec_2100A,7.683,65.0,0.0,86.0,1601.0,86.3,3090_2100A.txt
3090,2100A,Novec_2100A,8.763,143.4,0.0,86.0,1601.0,90.2,3090_2100A.txt
3090,2100A,Novec_2100A,9.874,74.8,0.0,86.0,1601.0,88.1,3090_2100A.txt
3090,2100A,Novec_2100A,10.965,130.3,0.0,86.0,1601.0,88.4,3090_2100A.txt
3090,2100A,Novec_2100A,12.072,91.1,0.0,86.0,1601.0,88.4,3090_2100A.txt
3090,2100A,Novec_2100A,13.153,111.0,0.0,86.0,1601.0,89.1,3090_2100A.txt
3090,2100A,Novec_2100A,1.116,127.4,0.0,81.8,1601.0,85.2,3090_2100A.txt
3090,2100A,Novec_2100A,2.219,84.3,0.0,81.8,1601.0,89.5,3090_2100A.txt
3090,2100A,Novec_2100A,3.309,122.7,0.0,81.8,1601.0,90.3,3090_2100A.txt
3090,2100A,Novec_2100A,4.413,133.8,0.0,81.8,1601.0,89.7,3090_2100A.txt
3090,2100A,Novec_2100A,5.527,130.8,0.0,81.8,1601.0,87.5,3090_2100A.txt
3090,2100A,Novec_2100A,6.608,82.9,0.0,81.8,1601.0,85.9,3090_2100A.txt
3090,2100A,Novec_2100A,7.747,83.2,0.0,81.8,1601.0,85.6,3090_2100A.txt
3090,2100A,Novec_2100A,8.807,103.5,0.0,81.8,1601.0,88.3,3090_2100A.txt
3090,2100A,Novec_2100A,9.893,54.9,0.0,81.8,1601.0,85.9,3090_2100A.txt
3090,2100A,Novec_2100A,10.992,98.4,0.0,81.8,1601.0,86.7,3090_2100A.txt
3090,2100A,Novec_2100A,12.086,81.0,0.0,81.8,1601.0,85.2,3090_2100A.txt
3090,2100A,Novec_2100A,13.17,111.5,0.0,81.8,1601.0,86.2,3090_2100A.txt
3090,2100A,Novec_2100A,14.277,132.2,0.0,81.8,1601.0,87.2,3090_2100A.txt
3090,2100A,Novec_2100A,1.108,135.1,0.0,87.9,1601.0,89.6,3090_2100A.txt
3090,2100A,Novec_2100A,2.336,133.6,0.0,87.9,1601.0,91.2,3090_2100A.txt
3090,2100A,Novec_2100A,3.392,127.2,0.0,87.9,1601.0,89.1,3090_2100A.txt
3090,2100A,Novec_2100A,4.491,113.0,0.0,87.9,1601.0,88.6,3090_2100A.txt
3090,2100A,Novec_2100A,5.591,125.9,0.0,87.9,1601.0,88.5,3090_2100A.txt
3090,2100A,Novec_2100A,6.673,128.5,0.0,87.9,1601.0,88.0,3090_2100A.txt
3090,2100A,Novec_2100A,7.772,58.8,0.0,87.9,1601.0,82.2,3090_2100A.txt
3090,2100A,Novec_2100A,8.863,98.8,0.0,87.9,1601.0,85.2,3090_2100A.txt
3090,2100A,Novec_2100A,9.973,98.1,0.0,87.9,1601.0,90.0,3090_2100A.txt
3090,2100A,Novec_2100A,11.086,62.3,0.0,87.9,1601.0,85.9,3090_2100A.txt
3090,2100A,Novec_2100A,12.177,82.3,0.0,87.9,1601.0,87.9,3090_2100A.txt
3090,2100A,Novec_2100A,13.307,138.1,0.0,87.9,1601.0,90.8,3090_2100A.txt
3090,2100A,Novec_2100A,14.358,139.5,0.0,87.9,1601.0,88.9,3090_2100A.txt
3090,2100A,Novec_2100A,1.073,80.3,0.0,90.8,1601.0,88.8,3090_2100A.txt
3090,2100A,Novec_2100A,2.166,83.1,0.0,90.8,1601.0,91.6,3090_2100A.txt
3090,2100A,Novec_2100A,3.273,125.0,0.0,90.8,1601.0,87.6,3090_2100A.txt
3090,2100A,Novec_2100A,4.349,97.9,0.0,90.8,1601.0,86.0,3090_2100A.txt
3090,2100A,Novec_2100A,5.448,131.2,0.0,90.8,1601.0,90.9,3090_2100A.txt
3090,2100A,Novec_2100A,6.559,59.1,0.0,90.8,1601.0,83.7,3090_2100A.txt
3090,2100A,Novec_2100A,7.675,55.0,0.0,90.8,1601.0,85.3,3090_2100A.txt
3090,2100A,Novec_2100A,8.728,132.7,0.0,90.8,1601.0,88.5,3090_2100A.txt
3090,2100A,Novec_2100A,9.825,77.6,0.0,90.8,1601.0,83.7,3090_2100A.txt
3090,2100A,Novec_2100A,10.916,120.6,0.0,90.8,1601.0,86.5,3090_2100A.txt
3090,2100A,Novec_2100A,12.025,133.3,0.0,90.8,1601.0,87.2,3090_2100A.txt
3090,2100A,Novec_2100A,13.123,68.5,0.0,90.8,1601.0,88.2,3090_2100A.txt
3090,2100A,Novec_2100A,1.099,82.5,0.0,90.5,1601.0,88.2,3090_2100A.txt
3090,2100A,Novec_2100A,2.199,60.7,0.0,90.5,1601.0,85.8,3090_2100A.txt
3090,2100A,Novec_2100A,3.284,66.6,0.0,90.5,1601.0,85.8,3090_2100A.txt
3090,2100A,Novec_2100A,4.398,57.3,0.0,90.5,1601.0,85.3,3090_2100A.txt
3090,2100A,Novec_2100A,5.493,67.1,0.0,90.5,1601.0,85.3,3090_2100A.txt
3090,2100A,Novec_2100A,6.589,148.2,0.0,90.5,1601.0,88.7,3090_2100A.txt
3090,2100A,Novec_2100A,7.677,148.1,0.0,90.5,1601.0,90.4,3090_2100A.txt
3090,2100A,Novec_2100A,8.771,146.2,0.0,90.5,1601.0,87.5,3090_2100A.txt
3090,2100A,Novec_2100A,9.882,91.2,0.0,90.5,1601.0,84.1,3090_2100A.txt
3090,2100A,Novec_2100A,10.957,54.8,0.0,90.5,1601.0,85.3,3090_2100A.txt
3090,2100A,Novec_2100A,12.066,74.1,0.0,90.5,1601.0,85.8,3090_2100A.txt
3090,2100A,Novec_2100A,13.161,65.2,0.0,90.5,1601.0,84.6,3090_2100A.txt
3090,2100A,Novec_2100A,14.246,59.0,0.0,90.5,1601.0,85.2,3090_2100A.txt
3090,2100A,Novec_2100A,1.083,67.5,0.0,85.1,1601.0,88.6,3090_2100A.txt
3090,2100A,Novec_2100A,2.18,67.2,0.0,85.1,1601.0,86.0,3090_2100A.txt
3090,2100A,Novec_2100A,3.27,59.5,0.0,85.1,1601.0,87.2,3090_2100A.txt
3090,2100A,Novec_2100A,4.39,88.8,0.0,85.1,1601.0,90.6,3090_2100A.txt
3090,2100A,Novec_2100A,5.481,64.8,0.0,85.1,1601.0,86.8,3090_2100A.txt
3090,2100A,Novec_2100A,6.569,73.0,0.0,85.1,1601.0,85.6,3090_2100A.txt
3090,2100A,Novec_2100A,7.668,122.2,0.0,85.1,1601.0,86.6,3090_2100A.txt
3090,2100A,Novec_2100A,8.768,74.1,0.0,85.1,1601.0,86.3,3090_2100A.txt
3090,2100A,Novec_2100A,9.862,60.6,0.0,85.1,1601.0,85.5,3090_2100A.txt
3090,2100A,Novec_2100A,10.951,70.6,0.0,85.1,1601.0,89.1,3090_2100A.txt
3090,2100A,Novec_2100A,12.046,65.8,0.0,85.1,1601.0,87.8,3090_2100A.txt
3090,2100A,Novec_2100A,13.183,59.4,0.0,85.1,1601.0,85.3,3090_2100A.txt
3090,2100A,Novec_2100A,14.242,74.4,0.0,85.1,1601.0,89.9,3090_2100A.txt
3090,2100A,Novec_2100A,1.123,76.8,0.0,87.3,1601.0,90.3,3090_2100A.txt
3090,2100A,Novec_2100A,2.213,65.4,0.0,87.3,1601.0,86.1,3090_2100A.txt
3090,2100A,Novec_2100A,3.343,60.9,0.0,87.3,1601.0,88.0,3090_2100A.txt
3090,2100A,Novec_2100A,4.432,61.2,0.0,87.3,1601.0,88.9,3090_2100A.txt
3090,2100A,Novec_2100A,5.561,77.8,0.0,87.3,1601.0,90.4,3090_2100A.txt
3090,2100A,Novec_2100A,6.65,126.3,0.0,87.3,1601.0,91.5,3090_2100A.txt
3090,2100A,Novec_2100A,7.743,146.2,0.0,87.3,1601.0,91.7,3090_2100A.txt
3090,2100A,Novec_2100A,8.858,125.2,0.0,87.3,1601.0,86.3,3090_2100A.txt
3090,2100A,Novec_2100A,9.95,64.4,0.0,87.3,1601.0,83.8,3090_2100A.txt
3090,2100A,Novec_2100A,11.058,61.5,0.0,87.3,1601.0,84.1,3090_2100A.txt
3090,2100A,Novec_2100A,12.176,62.7,0.0,87.3,1601.0,83.5,3090_2100A.txt
3090,2100A,Novec_2100A,13.267,49.4,0.0,87.3,1601.0,84.7,3090_2100A.txt
3090,2100A,Novec_2100A,1.088,51.7,0.0,84.5,1601.0,83.3,3090_2100A.txt
3090,2100A,Novec_2100A,2.187,135.4,0.0,84.5,1601.0,90.0,3090_2100A.txt
3090,2100A,Novec_2100A,3.328,137.9,0.0,84.5,1601.0,91.3,3090_2100A.txt
3090,2100A,Novec_2100A,4.442,138.0,0.0,84.5,1601.0,91.8,3090_2100A.txt
3090,2100A,Novec_2100A,5.491,101.7,0.0,84.5,1601.0,89.8,3090_2100A.txt
3090,2100A,Novec_2100A,6.611,82.3,0.0,84.5,1601.0,89.6,3090_2100A.txt
3090,2100A,Novec_2100A,7.717,67.2,0.0,84.5,1601.0,85.7,3090_2100A.txt
3090,2100A,Novec_2100A,8.808,80.5,0.0,84.5,1601.0,82.4,3090_2100A.txt
3090,2100A,Novec_2100A,9.906,65.6,0.0,84.5,1601.0,85.3,3090_2100A.txt
3090,2100A,Novec_2100A,11.008,66.2,0.0,84.5,1601.0,85.0,3090_2100A.txt
3090,2100A,Novec_2100A,12.095,107.4,0.0,84.5,1601.0,86.8,3090_2100A.txt
3090,2100A,Novec_2100A,13.191,134.7,0.0,84.5,1601.0,87.5,3090_2100A.txt
3090,2100A,Novec_2100A,14.307,54.3,0.0,84.5,1601.0,88.9,3090_2100A.txt
3090,2100A,Novec_2100A,1.096,129.3,0.0,90.9,1601.0,91.4,3090_2100A.txt
3090,2100A,Novec_2100A,2.187,127.8,0.0,90.9,1601.0,88.5,3090_2100A.txt
3090,2100A,Novec_2100A,3.287,135.8,0.0,90.9,1601.0,91.1,3090_2100A.txt
3090,2100A,Novec_2100A,4.394,137.1,0.0,90.9,1601.0,92.0,3090_2100A.txt
3090,2100A,Novec_2100A,5.496,136.0,0.0,90.9,1601.0,90.4,3090_2100A.txt
3090,2100A,Novec_2100A,6.612,78.6,0.0,90.9,1601.0,89.8,3090_2100A.txt
3090,2100A,Novec_2100A,7.714,56.0,0.0,90.9,1601.0,87.7,3090_2100A.txt
3090,2100A,Novec_2100A,8.813,68.0,0.0,90.9,1601.0,85.5,3090_2100A.txt
3090,2100A,Novec_2100A,9.916,87.8,0.0,90.9,1601.0,90.4,3090_2100A.txt
3090,2100A,Novec_2100A,11.012,135.7,0.0,90.9,1601.0,89.7,3090_2100A.txt
3090,2100A,Novec_2100A,12.103,134.8,0.0,90.9,1601.0,88.1,3090_2100A.txt
3090,2100A,Novec_2100A,13.21,134.2,0.0,90.9,1601.0,87.3,3090_2100A.txt
3090,2100A,Novec_2100A,14.299,92.6,0.0,90.9,1601.0,90.8,3090_2100A.txt
3090,2100A,Novec_2100A,1.078,137.0,0.0,90.8,1601.0,87.8,3090_2100A.txt
3090,2100A,Novec_2100A,2.186,133.3,0.0,90.8,1601.0,86.9,3090_2100A.txt
3090,2100A,Novec_2100A,3.288,86.9,0.0,90.8,1601.0,84.5,3090_2100A.txt
3090,2100A,Novec_2100A,4.386,133.0,0.0,90.8,1601.0,86.4,3090_2100A.txt
3090,2100A,Novec_2100A,5.502,35.0,0.0,90.8,1601.0,82.3,3090_2100A.txt
3090,2100A,Novec_2100A,6.628,56.9,0.0,90.8,1601.0,85.5,3090_2100A.txt
3090,2100A,Novec_2100A,7.696,64.7,0.0,90.8,1601.0,84.1,3090_2100A.txt
3090,2100A,Novec_2100A,8.771,69.2,0.0,90.8,1601.0,83.8,3090_2100A.txt
3090,2100A,Novec_2100A,9.862,87.5,0.0,90.8,1601.0,83.7,3090_2100A.txt
3090,2100A,Novec_2100A,10.974,57.1,0.0,90.8,1601.0,82.4,3090_2100A.txt
3090,2100A,Novec_2100A,12.096,78.3,0.0,90.8,1601.0,86.3,3090_2100A.txt
3090,2100A,Novec_2100A,13.179,144.8,0.0,90.8,1601.0,87.8,3090_2100A.txt
3090,2100A,Novec_2100A,1.092,70.2,0.0,89.9,1601.0,88.6,3090_2100A.txt
3090,2100A,Novec_2100A,2.182,55.5,0.0,89.9,1601.0,85.5,3090_2100A.txt
3090,2100A,Novec_2100A,3.2800000000000002,145.1,0.0,89.9,1601.0,89.5,3090_2100A.txt
3090,2100A,Novec_2100A,4.372,88.4,0.0,89.9,1601.0,89.6,3090_2100A.txt
3090,2100A,Novec_2100A,5.481,49.6,0.0,89.9,1601.0,87.4,3090_2100A.txt
3090,2100A,Novec_2100A,6.614,62.4,0.0,89.9,1601.0,85.8,3090_2100A.txt
3090,2100A,Novec_2100A,7.668,76.4,0.0,89.9,1601.0,89.3,3090_2100A.txt
3090,2100A,Novec_2100A,8.76,57.2,0.0,89.9,1601.0,87.3,3090_2100A.txt
3090,2100A,Novec_2100A,9.891,72.9,0.0,89.9,1601.0,86.0,3090_2100A.txt
3090,2100A,Novec_2100A,10.952,58.4,0.0,89.9,1601.0,84.3,3090_2100A.txt
3090,2100A,Novec_2100A,12.071,75.6,0.0,89.9,1601.0,86.0,3090_2100A.txt
3090,2100A,Novec_2100A,13.136,147.3,0.0,89.9,1601.0,89.6,3090_2100A.txt
3090,2100A,Novec_2100A,14.232,106.2,0.0,89.9,1601.0,87.5,3090_2100A.txt
3090,2100A,Novec_2100A,1.102,66.6,0.0,88.1,1601.0,80.9,3090_2100A.txt
3090,2100A,Novec_2100A,2.212,62.4,0.0,88.1,1601.0,78.4,3090_2100A.txt
3090,2100A,Novec_2100A,3.302,66.9,0.0,88.1,1601.0,81.1,3090_2100A.txt
3090,2100A,Novec_2100A,4.413,62.7,0.0,88.1,1601.0,81.5,3090_2100A.txt
3090,2100A,Novec_2100A,5.525,90.7,0.0,88.1,1601.0,82.1,3090_2100A.txt
3090,2100A,Novec_2100A,6.619,42.4,0.0,88.1,1601.0,80.6,3090_2100A.txt
3090,2100A,Novec_2100A,7.727,63.7,0.0,88.1,1601.0,82.0,3090_2100A.txt
3090,2100A,Novec_2100A,8.821,46.1,0.0,88.1,1601.0,81.8,3090_2100A.txt
3090,2100A,Novec_2100A,9.909,86.5,0.0,88.1,1601.0,82.4,3090_2100A.txt
3090,2100A,Novec_2100A,11.006,103.6,0.0,88.1,1601.0,85.1,3090_2100A.txt
3090,2100A,Novec_2100A,12.1,41.5,0.0,88.1,1601.0,82.3,3090_2100A.txt
3090,2100A,Novec_2100A,13.189,88.9,0.0,88.1,1601.0,83.3,3090_2100A.txt
3090,2100A,Novec_2100A,14.281,64.1,0.0,88.1,1601.0,84.2,3090_2100A.txt
3090,2100A,Novec_2100A,1.092,95.1,0.0,86.6,1601.0,84.3,3090_2100A.txt
3090,2100A,Novec_2100A,2.2,63.5,0.0,86.6,1601.0,81.8,3090_2100A.txt
3090,2100A,Novec_2100A,3.315,91.4,0.0,86.6,1601.0,82.8,3090_2100A.txt
3090,2100A,Novec_2100A,4.383,90.7,0.0,86.6,1601.0,89.3,3090_2100A.txt
3090,2100A,Novec_2100A,5.483,69.3,0.0,86.6,1601.0,81.4,3090_2100A.txt
3090,2100A,Novec_2100A,6.589,61.6,0.0,86.6,1601.0,83.7,3090_2100A.txt
3090,2100A,Novec_2100A,7.679,67.0,0.0,86.6,1601.0,84.6,3090_2100A.txt
3090,2100A,Novec_2100A,8.78,116.2,0.0,86.6,1601.0,87.5,3090_2100A.txt
3090,2100A,Novec_2100A,9.86,58.2,0.0,86.6,1601.0,86.5,3090_2100A.txt
3090,2100A,Novec_2100A,10.959,77.4,0.0,86.6,1601.0,89.7,3090_2100A.txt
3090,2100A,Novec_2100A,12.069,76.2,0.0,86.6,1601.0,82.4,3090_2100A.txt
3090,2100A,Novec_2100A,13.161,59.9,0.0,86.6,1601.0,82.9,3090_2100A.txt
3090,2100A,Novec_2100A,1.081,102.5,0.0,83.2,1601.0,85.2,3090_2100A.txt
3090,2100A,Novec_2100A,2.192,114.7,0.0,83.2,1601.0,85.3,3090_2100A.txt
3090,2100A,Novec_2100A,3.292,90.4,0.0,83.2,1601.0,90.0,3090_2100A.txt
3090,2100A,Novec_2100A,4.38,69.6,0.0,83.2,1601.0,84.2,3090_2100A.txt
3090,2100A,Novec_2100A,5.482,122.9,0.0,83.2,1601.0,89.7,3090_2100A.txt
3090,2100A,Novec_2100A,6.5809999999999995,53.5,0.0,83.2,1601.0,82.3,3090_2100A.txt
3090,2100A,Novec_2100A,7.698,70.5,0.0,83.2,1601.0,83.6,3090_2100A.txt
3090,2100A,Novec_2100A,8.768,92.1,0.0,83.2,1601.0,85.0,3090_2100A.txt
3090,2100A,Novec_2100A,9.875,113.9,0.0,83.2,1601.0,87.0,3090_2100A.txt
3090,2100A,Novec_2100A,10.961,127.7,0.0,83.2,1601.0,86.0,3090_2100A.txt
3090,2100A,Novec_2100A,12.06,71.6,0.0,83.2,1601.0,85.8,3090_2100A.txt
3090,2100A,Novec_2100A,13.172,83.5,0.0,83.2,1601.0,83.6,3090_2100A.txt
3090,2100A,Novec_2100A,14.26,83.6,0.0,83.2,1601.0,85.4,3090_2100A.txt
3090,2100A,Novec_2100A,1.114,82.6,0.0,85.9,1601.0,87.8,3090_2100A.txt
3090,2100A,Novec_2100A,2.203,131.5,0.0,85.9,1601.0,87.1,3090_2100A.txt
3090,2100A,Novec_2100A,3.306,95.2,0.0,85.9,1601.0,85.4,3090_2100A.txt
3090,2100A,Novec_2100A,4.412,124.3,0.0,85.9,1601.0,86.9,3090_2100A.txt
3090,2100A,Novec_2100A,5.497,116.5,0.0,85.9,1601.0,85.3,3090_2100A.txt
3090,2100A,Novec_2100A,6.5969999999999995,118.3,0.0,85.9,1601.0,84.0,3090_2100A.txt
3090,2100A,Novec_2100A,7.691,62.5,0.0,85.9,1601.0,83.8,3090_2100A.txt
3090,2100A,Novec_2100A,8.831,97.7,0.0,85.9,1601.0,82.2,3090_2100A.txt
3090,2100A,Novec_2100A,9.895,95.4,0.0,85.9,1601.0,84.3,3090_2100A.txt
3090,2100A,Novec_2100A,11.014,122.4,0.0,85.9,1601.0,88.3,3090_2100A.txt
3090,2100A,Novec_2100A,12.096,90.4,0.0,85.9,1601.0,89.7,3090_2100A.txt
3090,2100A,Novec_2100A,13.2,122.4,0.0,85.9,1601.0,88.9,3090_2100A.txt
3090,2100A,Novec_2100A,1.1,89.5,0.0,87.3,1601.0,85.0,3090_2100A.txt
3090,2100A,Novec_2100A,2.199,98.3,0.0,87.3,1601.0,85.0,3090_2100A.txt
3090,2100A,Novec_2100A,3.316,99.0,0.0,87.3,1601.0,85.0,3090_2100A.txt
3090,2100A,Novec_2100A,4.4030000000000005,96.6,0.0,87.3,1601.0,84.5,3090_2100A.txt
3090,2100A,Novec_2100A,5.494,94.2,0.0,87.3,1601.0,84.6,3090_2100A.txt
3090,2100A,Novec_2100A,6.596,98.2,0.0,87.3,1601.0,84.7,3090_2100A.txt
3090,2100A,Novec_2100A,7.701,95.0,0.0,87.3,1601.0,84.6,3090_2100A.txt
3090,2100A,Novec_2100A,8.808,31.5,0.0,87.3,1601.0,81.6,3090_2100A.txt
3090,2100A,Novec_2100A,9.9,93.3,0.0,87.3,1601.0,84.2,3090_2100A.txt
3090,2100A,Novec_2100A,10.999,94.6,0.0,87.3,1601.0,84.3,3090_2100A.txt
3090,2100A,Novec_2100A,12.113,98.2,0.0,87.3,1601.0,84.5,3090_2100A.txt
3090,2100A,Novec_2100A,13.257,79.9,0.0,87.3,1601.0,81.4,3090_2100A.txt
3090,2100A,Novec_2100A,14.326,126.5,0.0,87.3,1601.0,86.0,3090_2100A.txt
3090,2100A,Novec_2100A,1.114,137.2,0.0,87.2,1601.0,91.1,3090_2100A.txt
3090,2100A,Novec_2100A,2.201,132.6,0.0,87.2,1601.0,89.3,3090_2100A.txt
3090,2100A,Novec_2100A,3.3,127.2,0.0,87.2,1601.0,87.0,3090_2100A.txt
3090,2100A,Novec_2100A,4.412,68.3,0.0,87.2,1601.0,84.8,3090_2100A.txt
3090,2100A,Novec_2100A,5.552,132.6,0.0,87.2,1601.0,91.1,3090_2100A.txt
3090,2100A,Novec_2100A,6.612,112.5,0.0,87.2,1601.0,85.2,3090_2100A.txt
3090,2100A,Novec_2100A,7.748,63.5,0.0,87.2,1601.0,83.9,3090_2100A.txt
3090,2100A,Novec_2100A,8.798,102.6,0.0,87.2,1601.0,85.1,3090_2100A.txt
3090,2100A,Novec_2100A,9.893,119.8,0.0,87.2,1601.0,86.4,3090_2100A.txt
3090,2100A,Novec_2100A,10.988,98.3,0.0,87.2,1601.0,85.4,3090_2100A.txt
3090,2100A,Novec_2100A,12.072,68.4,0.0,87.2,1601.0,85.1,3090_2100A.txt
3090,2100A,Novec_2100A,13.159,105.4,0.0,87.2,1601.0,85.4,3090_2100A.txt
3090,2100A,Novec_2100A,14.291,121.1,0.0,87.2,1601.0,91.8,3090_2100A.txt
3090,2100A,Novec_2100A,1.114,48.4,0.0,89.8,1601.0,85.8,3090_2100A.txt
3090,2100A,Novec_2100A,2.221,106.8,0.0,89.8,1601.0,85.8,3090_2100A.txt
3090,2100A,Novec_2100A,3.33,105.4,0.0,89.8,1601.0,85.8,3090_2100A.txt
3090,2100A,Novec_2100A,4.441,115.8,0.0,89.8,1601.0,87.3,3090_2100A.txt
3090,2100A,Novec_2100A,5.539,81.0,0.0,89.8,1601.0,87.0,3090_2100A.txt
3090,2100A,Novec_2100A,6.643,118.4,0.0,89.8,1601.0,88.7,3090_2100A.txt
3090,2100A,Novec_2100A,7.741,112.3,0.0,89.8,1601.0,87.4,3090_2100A.txt
3090,2100A,Novec_2100A,8.836,106.3,0.0,89.8,1601.0,87.7,3090_2100A.txt
3090,2100A,Novec_2100A,9.929,88.4,0.0,89.8,1601.0,86.0,3090_2100A.txt
3090,2100A,Novec_2100A,11.014,130.6,0.0,89.8,1601.0,87.8,3090_2100A.txt
3090,2100A,Novec_2100A,12.113,76.3,0.0,89.8,1601.0,84.9,3090_2100A.txt
3090,2100A,Novec_2100A,13.219,98.7,0.0,89.8,1601.0,85.5,3090_2100A.txt
3090,2100A,Novec_2100A,1.098,98.7,0.0,89.9,1601.0,85.7,3090_2100A.txt
3090,2100A,Novec_2100A,2.179,99.5,0.0,89.9,1601.0,85.0,3090_2100A.txt
3090,2100A,Novec_2100A,3.281,64.6,0.0,89.9,1601.0,82.9,3090_2100A.txt
3090,2100A,Novec_2100A,4.381,72.4,0.0,89.9,1601.0,89.5,3090_2100A.txt
3090,2100A,Novec_2100A,5.477,68.8,0.0,89.9,1601.0,86.4,3090_2100A.txt
3090,2100A,Novec_2100A,6.568,84.6,0.0,89.9,1601.0,87.8,3090_2100A.txt
3090,2100A,Novec_2100A,7.659,88.7,0.0,89.9,1601.0,84.9,3090_2100A.txt
3090,2100A,Novec_2100A,8.767,99.9,0.0,89.9,1601.0,85.2,3090_2100A.txt
3090,2100A,Novec_2100A,9.876,98.8,0.0,89.9,1601.0,85.1,3090_2100A.txt
3090,2100A,Novec_2100A,10.97,98.4,0.0,89.9,1601.0,84.8,3090_2100A.txt
3090,2100A,Novec_2100A,12.063,98.9,0.0,89.9,1601.0,84.9,3090_2100A.txt
3090,2100A,Novec_2100A,13.156,97.7,0.0,89.9,1601.0,85.0,3090_2100A.txt
3090,2100A,Novec_2100A,14.237,121.4,0.0,89.9,1601.0,88.2,3090_2100A.txt
3090,2100A,Novec_2100A,1.092,93.9,0.0,87.0,1601.0,85.8,3090_2100A.txt
3090,2100A,Novec_2100A,2.208,120.1,0.0,87.0,1601.0,86.6,3090_2100A.txt
3090,2100A,Novec_2100A,3.324,76.1,0.0,87.0,1601.0,87.5,3090_2100A.txt
3090,2100A,Novec_2100A,4.405,100.8,0.0,87.0,1601.0,85.5,3090_2100A.txt
3090,2100A,Novec_2100A,5.5120000000000005,104.8,0.0,87.0,1601.0,85.6,3090_2100A.txt
3090,2100A,Novec_2100A,6.61,101.8,0.0,87.0,1601.0,84.9,3090_2100A.txt
3090,2100A,Novec_2100A,7.728,103.8,0.0,87.0,1601.0,85.2,3090_2100A.txt
3090,2100A,Novec_2100A,8.821,100.3,0.0,87.0,1601.0,85.1,3090_2100A.txt
3090,2100A,Novec_2100A,9.912,99.9,0.0,87.0,1601.0,85.3,3090_2100A.txt
3090,2100A,Novec_2100A,11.009,100.6,0.0,87.0,1601.0,85.3,3090_2100A.txt
3090,2100A,Novec_2100A,12.102,97.8,0.0,87.0,1601.0,84.3,3090_2100A.txt
3090,2100A,Novec_2100A,13.198,98.5,0.0,87.0,1601.0,85.0,3090_2100A.txt
3090,2100A,Novec_2100A,14.296,101.6,0.0,87.0,1601.0,85.0,3090_2100A.txt
3090,2100A,Novec_2100A,1.097,100.1,0.0,85.0,1601.0,85.0,3090_2100A.txt
3090,2100A,Novec_2100A,2.204,89.6,0.0,85.0,1601.0,82.9,3090_2100A.txt
3090,2100A,Novec_2100A,3.307,68.2,0.0,85.0,1601.0,85.8,3090_2100A.txt
3090,2100A,Novec_2100A,4.438,92.0,0.0,85.0,1601.0,89.6,3090_2100A.txt
3090,2100A,Novec_2100A,5.522,67.9,0.0,85.0,1601.0,86.8,3090_2100A.txt
3090,2100A,Novec_2100A,6.618,110.3,0.0,85.0,1601.0,89.8,3090_2100A.txt
3090,2100A,Novec_2100A,7.755,49.0,0.0,85.0,1601.0,82.5,3090_2100A.txt
3090,2100A,Novec_2100A,8.813,82.9,0.0,85.0,1601.0,89.7,3090_2100A.txt
3090,2100A,Novec_2100A,9.906,94.1,0.0,85.0,1601.0,89.0,3090_2100A.txt
3090,2100A,Novec_2100A,10.999,97.7,0.0,85.0,1601.0,88.2,3090_2100A.txt
3090,2100A,Novec_2100A,12.085,66.5,0.0,85.0,1601.0,84.4,3090_2100A.txt
3090,2100A,Novec_2100A,13.204,136.7,0.0,85.0,1601.0,89.2,3090_2100A.txt
3090,2100A,Novec_2100A,1.086,132.8,0.0,89.0,1601.0,88.4,3090_2100A.txt
3090,2100A,Novec_2100A,2.189,103.6,0.0,89.0,1601.0,85.0,3090_2100A.txt
3090,2100A,Novec_2100A,3.287,115.2,0.0,89.0,1601.0,85.5,3090_2100A.txt
3090,2100A,Novec_2100A,4.394,128.1,0.0,89.0,1601.0,87.3,3090_2100A.txt
3090,2100A,Novec_2100A,5.4879999999999995,131.2,0.0,89.0,1601.0,90.8,3090_2100A.txt
3090,2100A,Novec_2100A,6.601,61.0,0.0,89.0,1601.0,86.0,3090_2100A.txt
3090,2100A,Novec_2100A,7.763,77.2,0.0,89.0,1601.0,85.1,3090_2100A.txt
3090,2100A,Novec_2100A,8.803,70.6,0.0,89.0,1601.0,84.2,3090_2100A.txt
3090,2100A,Novec_2100A,9.904,98.7,0.0,89.0,1601.0,84.8,3090_2100A.txt
3090,2100A,Novec_2100A,10.999,107.1,0.0,89.0,1601.0,85.3,3090_2100A.txt
3090,2100A,Novec_2100A,12.085,106.9,0.0,89.0,1601.0,85.6,3090_2100A.txt
3090,2100A,Novec_2100A,13.182,105.6,0.0,89.0,1601.0,85.4,3090_2100A.txt
3090,2100A,Novec_2100A,14.275,107.6,0.0,89.0,1601.0,85.8,3090_2100A.txt
3090,2100A,Novec_2100A,1.093,74.1,0.0,85.8,1601.0,89.8,3090_2100A.txt
3090,2100A,Novec_2100A,2.311,85.4,0.0,85.8,1601.0,89.4,3090_2100A.txt
3090,2100A,Novec_2100A,3.39,85.5,0.0,85.8,1601.0,85.4,3090_2100A.txt
3090,2100A,Novec_2100A,4.487,107.1,0.0,85.8,1601.0,85.9,3090_2100A.txt
3090,2100A,Novec_2100A,5.5809999999999995,104.2,0.0,85.8,1601.0,85.5,3090_2100A.txt
3090,2100A,Novec_2100A,6.6850000000000005,106.9,0.0,85.8,1601.0,85.8,3090_2100A.txt
3090,2100A,Novec_2100A,7.784,104.6,0.0,85.8,1601.0,85.5,3090_2100A.txt
3090,2100A,Novec_2100A,8.883,106.9,0.0,85.8,1601.0,85.6,3090_2100A.txt
3090,2100A,Novec_2100A,9.975,104.4,0.0,85.8,1601.0,85.6,3090_2100A.txt
3090,2100A,Novec_2100A,11.077,57.4,0.0,85.8,1601.0,83.0,3090_2100A.txt
3090,2100A,Novec_2100A,12.176,100.3,0.0,85.8,1601.0,84.7,3090_2100A.txt
3090,2100A,Novec_2100A,13.266,100.4,0.0,85.8,1601.0,84.7,3090_2100A.txt
3090,2100A,Novec_2100A,14.364,97.9,0.0,85.8,1601.0,84.8,3090_2100A.txt
3090,2100A,Novec_2100A,1.112,99.2,0.0,85.1,1601.0,85.0,3090_2100A.txt
3090,2100A,Novec_2100A,2.207,127.5,0.0,85.1,1601.0,88.1,3090_2100A.txt
3090,2100A,Novec_2100A,3.309,127.0,0.0,85.1,1601.0,87.0,3090_2100A.txt
3090,2100A,Novec_2100A,4.411,86.0,0.0,85.1,1601.0,84.4,3090_2100A.txt
3090,2100A,Novec_2100A,5.509,96.6,0.0,85.1,1601.0,88.3,3090_2100A.txt
3090,2100A,Novec_2100A,6.62,64.1,0.0,85.1,1601.0,85.3,3090_2100A.txt
3090,2100A,Novec_2100A,7.771,129.7,0.0,85.1,1601.0,88.5,3090_2100A.txt
3090,2100A,Novec_2100A,8.827,52.0,0.0,85.1,1601.0,85.9,3090_2100A.txt
3090,2100A,Novec_2100A,9.939,69.9,0.0,85.1,1601.0,85.4,3090_2100A.txt
3090,2100A,Novec_2100A,11.052,130.4,0.0,85.1,1601.0,88.7,3090_2100A.txt
3090,2100A,Novec_2100A,12.14,45.7,0.0,85.1,1601.0,82.9,3090_2100A.txt
3090,2100A,Novec_2100A,13.238,121.9,0.0,85.1,1601.0,86.4,3090_2100A.txt
3090,2100A,Novec_2100A,1.08,97.4,0.0,90.6,1601.0,85.0,3090_2100A.txt
3090,2100A,Novec_2100A,2.17,128.4,0.0,90.6,1601.0,86.6,3090_2100A.txt
3090,2100A,Novec_2100A,3.3810000000000002,92.6,0.0,90.6,1601.0,83.8,3090_2100A.txt
3090,2100A,Novec_2100A,4.486,97.1,0.0,90.6,1601.0,83.7,3090_2100A.txt
3090,2100A,Novec_2100A,5.595,98.5,0.0,90.6,1601.0,84.5,3090_2100A.txt
3090,2100A,Novec_2100A,6.6850000000000005,100.6,0.0,90.6,1601.0,85.2,3090_2100A.txt
3090,2100A,Novec_2100A,7.782,104.1,0.0,90.6,1601.0,85.4,3090_2100A.txt
3090,2100A,Novec_2100A,8.876,104.8,0.0,90.6,1601.0,85.2,3090_2100A.txt
3090,2100A,Novec_2100A,9.965,102.9,0.0,90.6,1601.0,85.3,3090_2100A.txt
3090,2100A,Novec_2100A,11.076,100.9,0.0,90.6,1601.0,84.9,3090_2100A.txt
3090,2100A,Novec_2100A,12.167,100.5,0.0,90.6,1601.0,84.6,3090_2100A.txt
3090,2100A,Novec_2100A,13.261,100.3,0.0,90.6,1601.0,85.0,3090_2100A.txt
3090,2100A,Novec_2100A,14.394,102.0,0.0,90.6,1601.0,85.0,3090_2100A.txt
3090,2100A,Novec_2100A,1.117,100.4,0.0,85.1,1601.0,84.5,3090_2100A.txt
3090,2100A,Novec_2100A,2.223,99.1,0.0,85.1,1601.0,84.9,3090_2100A.txt
3090,2100A,Novec_2100A,3.323,98.6,0.0,85.1,1601.0,84.8,3090_2100A.txt
3090,2100A,Novec_2100A,4.421,105.5,0.0,85.1,1601.0,85.1,3090_2100A.txt
3090,2100A,Novec_2100A,5.534,103.6,0.0,85.1,1601.0,84.6,3090_2100A.txt
3090,2100A,Novec_2100A,6.645,103.8,0.0,85.1,1601.0,85.0,3090_2100A.txt
3090,2100A,Novec_2100A,7.742,104.1,0.0,85.1,1601.0,85.1,3090_2100A.txt
3090,2100A,Novec_2100A,8.824,101.9,0.0,85.1,1601.0,85.2,3090_2100A.txt
3090,2100A,Novec_2100A,9.936,104.1,0.0,85.1,1601.0,85.1,3090_2100A.txt
3090,2100A,Novec_2100A,11.035,104.4,0.0,85.1,1601.0,85.0,3090_2100A.txt
3090,2100A,Novec_2100A,12.126,103.1,0.0,85.1,1601.0,84.6,3090_2100A.txt
3090,2100A,Novec_2100A,13.226,100.2,0.0,85.1,1601.0,84.9,3090_2100A.txt
3090,2100A,Novec_2100A,1.092,105.1,0.0,85.1,1601.0,84.5,3090_2100A.txt
3090,2100A,Novec_2100A,2.189,107.3,0.0,85.1,1601.0,85.7,3090_2100A.txt
3090,2100A,Novec_2100A,3.29,107.2,0.0,85.1,1601.0,85.6,3090_2100A.txt
3090,2100A,Novec_2100A,4.402,107.4,0.0,85.1,1601.0,85.6,3090_2100A.txt
3090,2100A,Novec_2100A,5.498,108.3,0.0,85.1,1601.0,85.8,3090_2100A.txt
3090,2100A,Novec_2100A,6.6,106.7,0.0,85.1,1601.0,85.8,3090_2100A.txt
3090,2100A,Novec_2100A,7.682,106.6,0.0,85.1,1601.0,85.8,3090_2100A.txt
3090,2100A,Novec_2100A,8.787,107.4,0.0,85.1,1601.0,85.9,3090_2100A.txt
3090,2100A,Novec_2100A,9.904,97.6,0.0,85.1,1601.0,84.0,3090_2100A.txt
3090,2100A,Novec_2100A,11.004,97.2,0.0,85.1,1601.0,84.5,3090_2100A.txt
3090,2100A,Novec_2100A,12.098,99.0,0.0,85.1,1601.0,84.7,3090_2100A.txt
3090,2100A,Novec_2100A,13.181,97.8,0.0,85.1,1601.0,84.4,3090_2100A.txt
3090,2100A,Novec_2100A,14.297,97.5,0.0,85.1,1601.0,84.4,3090_2100A.txt
3090,2100A,Novec_2100A,1.1,94.8,0.0,84.2,1601.0,84.1,3090_2100A.txt
3090,2100A,Novec_2100A,2.213,96.3,0.0,84.2,1601.0,83.9,3090_2100A.txt
3090,2100A,Novec_2100A,3.306,96.5,0.0,84.2,1601.0,83.8,3090_2100A.txt
3090,2100A,Novec_2100A,4.402,28.0,0.0,84.2,1601.0,78.1,3090_2100A.txt
3090,2100A,Novec_2100A,5.499,25.2,0.0,84.2,1601.0,73.9,3090_2100A.txt
3090,2100A,Novec_2100A,6.6,19.0,0.0,84.2,1601.0,69.0,3090_2100A.txt
3090,2100A,Novec_2100A,7.729,16.7,0.0,84.2,1601.0,66.1,3090_2100A.txt
3090,2100A,Novec_2100A,8.85,16.5,0.0,84.2,1601.0,64.0,3090_2100A.txt
3090,2100A,Novec_2100A,9.94,15.5,0.0,84.2,1601.0,59.3,3090_2100A.txt
3090,2100A,Novec_2100A,11.035,14.8,0.0,84.2,1601.0,57.3,3090_2100A.txt
3090,2100A,Novec_2100A,12.147,15.2,0.0,84.2,1601.0,56.1,3090_2100A.txt
3090,2100A,Novec_2100A,13.217,16.7,0.0,84.2,1601.0,56.2,3090_2100A.txt
3090,2100A,Novec_2100A,14.323,16.4,0.0,84.2,1601.0,55.6,3090_2100A.txt
3090,2100A,Novec_2100A,1.115,18.7,0.0,56.3,1601.0,60.9,3090_2100A.txt
3090,2100A,Novec_2100A,2.206,17.6,0.0,56.3,1601.0,62.6,3090_2100A.txt
3090,2100A,Novec_2100A,3.314,19.6,0.0,56.3,1601.0,64.3,3090_2100A.txt
3090,2100A,Novec_2100A,4.424,20.9,0.0,56.3,1601.0,64.4,3090_2100A.txt
3090,2100A,Novec_2100A,5.534,20.4,0.0,56.3,1601.0,65.2,3090_2100A.txt
3090,2100A,Novec_2100A,6.641,23.7,0.0,56.3,1601.0,66.6,3090_2100A.txt
3090,2100A,Novec_2100A,7.752,18.3,0.0,56.3,1601.0,64.8,3090_2100A.txt
3090,2100A,Novec_2100A,8.857,16.3,0.0,56.3,1601.0,63.8,3090_2100A.txt
3090,2100A,Novec_2100A,9.957,15.8,0.0,56.3,1601.0,63.3,3090_2100A.txt
3090,2100A,Novec_2100A,11.184,15.6,0.0,56.3,1601.0,58.6,3090_2100A.txt
3090,2100A,Novec_2100A,12.287,14.2,0.0,56.3,1601.0,56.6,3090_2100A.txt
3090,2100A,Novec_2100A,13.375,13.1,0.0,56.3,1601.0,55.1,3090_2100A.txt
3090,2100A,Novec_2100A,1.114,21.7,0.0,62.6,1601.0,65.2,3090_2100A.txt
3090,2100A,Novec_2100A,2.234,17.5,0.0,62.6,1601.0,59.7,3090_2100A.txt
3090,2100A,Novec_2100A,3.337,17.3,0.0,62.6,1601.0,58.4,3090_2100A.txt
3090,2100A,Novec_2100A,4.445,16.0,0.0,62.6,1601.0,56.4,3090_2100A.txt
3090,2100A,Novec_2100A,5.515,17.9,0.0,62.6,1601.0,56.4,3090_2100A.txt
3090,2100A,Novec_2100A,6.63,20.1,0.0,62.6,1601.0,60.2,3090_2100A.txt
3090,2100A,Novec_2100A,7.7219999999999995,17.7,0.0,62.6,1601.0,62.0,3090_2100A.txt
3090,2100A,Novec_2100A,8.833,18.1,0.0,62.6,1601.0,63.2,3090_2100A.txt
3090,2100A,Novec_2100A,9.922,20.2,0.0,62.6,1601.0,64.4,3090_2100A.txt
3090,2100A,Novec_2100A,11.018,16.8,0.0,62.6,1601.0,64.1,3090_2100A.txt
3090,2100A,Novec_2100A,12.156,19.6,0.0,62.6,1601.0,64.8,3090_2100A.txt
3090,2100A,Novec_2100A,13.257,24.4,0.0,62.6,1601.0,66.3,3090_2100A.txt
3090,2100A,Novec_2100A,14.329,18.0,0.0,62.6,1601.0,64.9,3090_2100A.txt
3090,2100A,Novec_2100A,1.1,15.9,0.0,64.4,1601.0,63.8,3090_2100A.txt
3090,2100A,Novec_2100A,2.231,14.9,0.0,64.4,1601.0,58.8,3090_2100A.txt
3090,2100A,Novec_2100A,3.333,14.9,0.0,64.4,1601.0,57.0,3090_2100A.txt
3090,2100A,Novec_2100A,4.42,12.7,0.0,64.4,1601.0,55.3,3090_2100A.txt
3090,2100A,Novec_2100A,5.568,15.0,0.0,64.4,1601.0,54.9,3090_2100A.txt
3090,2100A,Novec_2100A,6.673,15.1,0.0,64.4,1601.0,55.0,3090_2100A.txt
3090,2100A,Novec_2100A,7.769,14.8,0.0,64.4,1601.0,54.5,3090_2100A.txt
3090,2100A,Novec_2100A,8.855,15.6,0.0,64.4,1601.0,55.0,3090_2100A.txt
3090,2100A,Novec_2100A,9.971,17.0,0.0,64.4,1601.0,55.3,3090_2100A.txt
3090,2100A,Novec_2100A,11.067,15.8,0.0,64.4,1601.0,54.9,3090_2100A.txt
3090,2100A,Novec_2100A,12.171,17.3,0.0,64.4,1601.0,55.4,3090_2100A.txt
3090,2100A,Novec_2100A,13.256,18.1,0.0,64.4,1601.0,58.9,3090_2100A.txt
3090,2100A,Novec_2100A,1.085,17.2,0.0,61.6,1601.0,62.9,3090_2100A.txt
3090,2100A,Novec_2100A,2.231,18.1,0.0,61.6,1601.0,63.8,3090_2100A.txt
3090,2100A,Novec_2100A,3.319,16.7,0.0,61.6,1601.0,63.7,3090_2100A.txt
3090,2100A,Novec_2100A,4.424,18.3,0.0,61.6,1601.0,64.2,3090_2100A.txt
3090,2100A,Novec_2100A,5.525,19.3,0.0,61.6,1601.0,64.9,3090_2100A.txt
3090,2100A,Novec_2100A,6.63,18.1,0.0,61.6,1601.0,64.8,3090_2100A.txt
3090,2100A,Novec_2100A,7.724,18.0,0.0,61.6,1601.0,64.6,3090_2100A.txt
3090,2100A,Novec_2100A,8.824,16.1,0.0,61.6,1601.0,63.9,3090_2100A.txt
3090,2100A,Novec_2100A,9.943,16.0,0.0,61.6,1601.0,61.3,3090_2100A.txt
3090,2100A,Novec_2100A,11.022,14.9,0.0,61.6,1601.0,58.2,3090_2100A.txt
3090,2100A,Novec_2100A,12.13,14.3,0.0,61.6,1601.0,56.4,3090_2100A.txt
3090,2100A,Novec_2100A,13.243,14.7,0.0,61.6,1601.0,55.4,3090_2100A.txt
3090,2100A,Novec_2100A,14.350999999999999,15.5,0.0,61.6,1601.0,55.4,3090_2100A.txt
3090,2100A,Novec_2100A,1.134,18.3,0.0,54.7,1601.0,59.1,3090_2100A.txt
3090,2100A,Novec_2100A,2.184,21.1,0.0,54.7,1601.0,64.7,3090_2100A.txt
3090,2100A,Novec_2100A,3.35,21.8,0.0,54.7,1601.0,67.2,3090_2100A.txt
3090,2100A,Novec_2100A,4.391,20.7,0.0,54.7,1601.0,66.6,3090_2100A.txt
3090,2100A,Novec_2100A,5.492,16.7,0.0,54.7,1601.0,64.8,3090_2100A.txt
3090,2100A,Novec_2100A,6.592,17.5,0.0,54.7,1601.0,64.2,3090_2100A.txt
3090,2100A,Novec_2100A,7.676,17.1,0.0,54.7,1601.0,64.4,3090_2100A.txt
3090,2100A,Novec_2100A,8.784,17.0,0.0,54.7,1601.0,63.9,3090_2100A.txt
3090,2100A,Novec_2100A,9.871,17.5,0.0,54.7,1601.0,64.1,3090_2100A.txt
3090,2100A,Novec_2100A,10.975999999999999,20.8,0.0,54.7,1601.0,64.8,3090_2100A.txt
3090,2100A,Novec_2100A,12.067,18.3,0.0,54.7,1601.0,65.3,3090_2100A.txt
3090,2100A,Novec_2100A,13.153,18.1,0.0,54.7,1601.0,64.6,3090_2100A.txt
3090,2100A,Novec_2100A,14.274000000000001,16.2,0.0,54.7,1601.0,63.9,3090_2100A.txt
3090,2100A,Novec_2100A,1.093,16.0,0.0,63.5,1601.0,59.6,3090_2100A.txt
3090,2100A,Novec_2100A,2.248,14.5,0.0,63.5,1601.0,57.0,3090_2100A.txt
3090,2100A,Novec_2100A,3.328,14.7,0.0,63.5,1601.0,55.9,3090_2100A.txt
3090,2100A,Novec_2100A,4.412,15.6,0.0,63.5,1601.0,55.6,3090_2100A.txt
3090,2100A,Novec_2100A,5.514,14.6,0.0,63.5,1601.0,55.0,3090_2100A.txt
3090,2100A,Novec_2100A,6.626,14.8,0.0,63.5,1601.0,55.0,3090_2100A.txt
3090,2100A,Novec_2100A,7.711,16.8,0.0,63.5,1601.0,55.5,3090_2100A.txt
3090,2100A,Novec_2100A,8.804,15.0,0.0,63.5,1601.0,55.1,3090_2100A.txt
3090,2100A,Novec_2100A,9.925,17.8,0.0,63.5,1601.0,55.6,3090_2100A.txt
3090,2100A,Novec_2100A,11.03,19.8,0.0,63.5,1601.0,56.3,3090_2100A.txt
3090,2100A,Novec_2100A,12.116,17.9,0.0,63.5,1601.0,61.1,3090_2100A.txt
3090,2100A,Novec_2100A,13.183,17.6,0.0,63.5,1601.0,62.6,3090_2100A.txt
3090,2100A,Novec_2100A,1.112,17.3,0.0,64.1,1601.0,64.2,3090_2100A.txt
3090,2100A,Novec_2100A,2.212,18.5,0.0,64.1,1601.0,64.7,3090_2100A.txt
3090,2100A,Novec_2100A,3.298,24.5,0.0,64.1,1601.0,66.1,3090_2100A.txt
3090,2100A,Novec_2100A,4.411,19.0,0.0,64.1,1601.0,67.2,3090_2100A.txt
3090,2100A,Novec_2100A,5.505,18.2,0.0,64.1,1601.0,65.2,3090_2100A.txt
3090,2100A,Novec_2100A,6.624,16.3,0.0,64.1,1601.0,64.2,3090_2100A.txt
3090,2100A,Novec_2100A,7.7219999999999995,15.9,0.0,64.1,1601.0,63.6,3090_2100A.txt
3090,2100A,Novec_2100A,8.924,15.2,0.0,64.1,1601.0,58.4,3090_2100A.txt
3090,2100A,Novec_2100A,10.015,14.2,0.0,64.1,1601.0,56.6,3090_2100A.txt
3090,2100A,Novec_2100A,11.146,14.5,0.0,64.1,1601.0,55.2,3090_2100A.txt
3090,2100A,Novec_2100A,12.23,15.8,0.0,64.1,1601.0,55.3,3090_2100A.txt
3090,2100A,Novec_2100A,13.316,14.6,0.0,64.1,1601.0,54.8,3090_2100A.txt
3090,2100A,Novec_2100A,14.458,14.0,0.0,64.1,1601.0,54.8,3090_2100A.txt
3090,2100A,Novec_2100A,1.099,15.6,0.0,55.4,1601.0,55.3,3090_2100A.txt
3090,2100A,Novec_2100A,2.197,16.3,0.0,55.4,1601.0,55.6,3090_2100A.txt
3090,2100A,Novec_2100A,3.293,18.5,0.0,55.4,1601.0,57.5,3090_2100A.txt
3090,2100A,Novec_2100A,4.4,18.0,0.0,55.4,1601.0,61.4,3090_2100A.txt
3090,2100A,Novec_2100A,5.489,17.2,0.0,55.4,1601.0,62.6,3090_2100A.txt
3090,2100A,Novec_2100A,6.58,19.6,0.0,55.4,1601.0,63.8,3090_2100A.txt
3090,2100A,Novec_2100A,7.675,17.3,0.0,55.4,1601.0,64.0,3090_2100A.txt
3090,2100A,Novec_2100A,8.776,18.0,0.0,55.4,1601.0,64.5,3090_2100A.txt
3090,2100A,Novec_2100A,9.86,19.4,0.0,55.4,1601.0,65.2,3090_2100A.txt
3090,2100A,Novec_2100A,10.969,18.5,0.0,55.4,1601.0,66.0,3090_2100A.txt
3090,2100A,Novec_2100A,12.066,18.1,0.0,55.4,1601.0,64.9,3090_2100A.txt
3090,2100A,Novec_2100A,13.179,16.1,0.0,55.4,1601.0,64.2,3090_2100A.txt
3090,2100A,Novec_2100A,1.084,15.3,0.0,63.6,1601.0,58.7,3090_2100A.txt
3090,2100A,Novec_2100A,2.203,13.2,0.0,63.6,1601.0,56.6,3090_2100A.txt
3090,2100A,Novec_2100A,3.386,14.3,0.0,63.6,1601.0,55.5,3090_2100A.txt
3090,2100A,Novec_2100A,4.486,14.9,0.0,63.6,1601.0,55.2,3090_2100A.txt
3090,2100A,Novec_2100A,5.583,13.8,0.0,63.6,1601.0,54.7,3090_2100A.txt
3090,2100A,Novec_2100A,6.662,15.3,0.0,63.6,1601.0,55.0,3090_2100A.txt
3090,2100A,Novec_2100A,7.776,15.2,0.0,63.6,1601.0,55.1,3090_2100A.txt
3090,2100A,Novec_2100A,8.861,14.6,0.0,63.6,1601.0,54.6,3090_2100A.txt
3090,2100A,Novec_2100A,9.978,14.8,0.0,63.6,1601.0,54.8,3090_2100A.txt
3090,2100A,Novec_2100A,11.081,17.5,0.0,63.6,1601.0,55.5,3090_2100A.txt
3090,2100A,Novec_2100A,12.167,17.0,0.0,63.6,1601.0,60.1,3090_2100A.txt
3090,2100A,Novec_2100A,13.291,18.3,0.0,63.6,1601.0,61.3,3090_2100A.txt
3090,2100A,Novec_2100A,14.385,18.6,0.0,63.6,1601.0,62.7,3090_2100A.txt
3090,2100A,Novec_2100A,1.068,18.1,0.0,63.5,1601.0,64.1,3090_2100A.txt
3090,2100A,Novec_2100A,2.159,18.8,0.0,63.5,1601.0,64.9,3090_2100A.txt
3090,2100A,Novec_2100A,3.266,18.1,0.0,63.5,1601.0,64.7,3090_2100A.txt
3090,2100A,Novec_2100A,4.354,18.3,0.0,63.5,1601.0,64.5,3090_2100A.txt
3090,2100A,Novec_2100A,5.473,16.1,0.0,63.5,1601.0,63.9,3090_2100A.txt
3090,2100A,Novec_2100A,6.576,15.6,0.0,63.5,1601.0,60.2,3090_2100A.txt
3090,2100A,Novec_2100A,7.679,15.2,0.0,63.5,1601.0,57.7,3090_2100A.txt
3090,2100A,Novec_2100A,8.915,12.8,0.0,63.5,1601.0,55.6,3090_2100A.txt
3090,2100A,Novec_2100A,10.015,12.7,0.0,63.5,1601.0,55.0,3090_2100A.txt
3090,2100A,Novec_2100A,11.093,14.7,0.0,63.5,1601.0,55.2,3090_2100A.txt
3090,2100A,Novec_2100A,12.183,14.5,0.0,63.5,1601.0,54.6,3090_2100A.txt
3090,2100A,Novec_2100A,13.285,19.3,0.0,63.5,1601.0,60.6,3090_2100A.txt
3090,2100A,Novec_2100A,1.1,19.1,0.0,65.5,1601.0,64.8,3090_2100A.txt
3090,2100A,Novec_2100A,2.201,16.7,0.0,65.5,1601.0,64.2,3090_2100A.txt
3090,2100A,Novec_2100A,3.292,16.2,0.0,65.5,1601.0,63.9,3090_2100A.txt
3090,2100A,Novec_2100A,4.502,18.9,0.0,65.5,1601.0,60.1,3090_2100A.txt
3090,2100A,Novec_2100A,5.58,20.1,0.0,65.5,1601.0,63.4,3090_2100A.txt
3090,2100A,Novec_2100A,6.686,18.6,0.0,65.5,1601.0,63.9,3090_2100A.txt
3090,2100A,Novec_2100A,7.774,17.4,0.0,65.5,1601.0,64.4,3090_2100A.txt
3090,2100A,Novec_2100A,8.871,19.1,0.0,65.5,1601.0,65.2,3090_2100A.txt
3090,2100A,Novec_2100A,9.955,17.8,0.0,65.5,1601.0,64.5,3090_2100A.txt
3090,2100A,Novec_2100A,11.091,16.4,0.0,65.5,1601.0,64.1,3090_2100A.txt
3090,2100A,Novec_2100A,12.252,16.3,0.0,65.5,1601.0,62.2,3090_2100A.txt
3090,2100A,Novec_2100A,13.298,15.0,0.0,65.5,1601.0,58.2,3090_2100A.txt
3090,2100A,Novec_2100A,14.406,15.4,0.0,65.5,1601.0,56.7,3090_2100A.txt
3090,2100A,Novec_2100A,1.093,13.4,0.0,55.5,1601.0,54.9,3090_2100A.txt
3090,2100A,Novec_2100A,2.166,13.0,0.0,55.5,1601.0,54.8,3090_2100A.txt
3090,2100A,Novec_2100A,3.4,13.3,0.0,55.5,1601.0,54.5,3090_2100A.txt
3090,2100A,Novec_2100A,4.5,15.6,0.0,55.5,1601.0,55.1,3090_2100A.txt
3090,2100A,Novec_2100A,5.577,15.3,0.0,55.5,1601.0,55.1,3090_2100A.txt
3090,2100A,Novec_2100A,6.68,16.2,0.0,55.5,1601.0,55.1,3090_2100A.txt
3090,2100A,Novec_2100A,7.776,17.1,0.0,55.5,1601.0,55.5,3090_2100A.txt
3090,2100A,Novec_2100A,8.864,17.4,0.0,55.5,1601.0,60.5,3090_2100A.txt
3090,2100A,Novec_2100A,9.966,18.5,0.0,55.5,1601.0,62.6,3090_2100A.txt
3090,2100A,Novec_2100A,11.071,18.3,0.0,55.5,1601.0,64.1,3090_2100A.txt
3090,2100A,Novec_2100A,12.156,17.0,0.0,55.5,1601.0,64.2,3090_2100A.txt
3090,2100A,Novec_2100A,13.293,19.8,0.0,55.5,1601.0,64.7,3090_2100A.txt
3090,2100A,Novec_2100A,1.073,18.2,0.0,66.1,1601.0,66.0,3090_2100A.txt
3090,2100A,Novec_2100A,2.169,17.9,0.0,66.1,1601.0,65.0,3090_2100A.txt
3090,2100A,Novec_2100A,3.318,16.0,0.0,66.1,1601.0,64.2,3090_2100A.txt
3090,2100A,Novec_2100A,4.414,15.1,0.0,66.1,1601.0,59.7,3090_2100A.txt
3090,2100A,Novec_2100A,5.5280000000000005,14.6,0.0,66.1,1601.0,57.4,3090_2100A.txt
3090,2100A,Novec_2100A,6.709,12.7,0.0,66.1,1601.0,55.8,3090_2100A.txt
3090,2100A,Novec_2100A,7.806,14.0,0.0,66.1,1601.0,55.2,3090_2100A.txt
3090,2100A,Novec_2100A,8.935,13.1,0.0,66.1,1601.0,54.9,3090_2100A.txt
3090,2100A,Novec_2100A,10.007,13.2,0.0,66.1,1601.0,54.2,3090_2100A.txt
3090,2100A,Novec_2100A,11.113,13.2,0.0,66.1,1601.0,54.5,3090_2100A.txt
3090,2100A,Novec_2100A,12.197,15.1,0.0,66.1,1601.0,55.0,3090_2100A.txt
3090,2100A,Novec_2100A,13.32,13.9,0.0,66.1,1601.0,54.5,3090_2100A.txt
3090,2100A,Novec_2100A,14.401,14.7,0.0,66.1,1601.0,54.7,3090_2100A.txt
3090,2100A,Novec_2100A,1.074,16.7,0.0,55.4,1601.0,60.1,3090_2100A.txt
3090,2100A,Novec_2100A,2.172,17.2,0.0,55.4,1601.0,60.6,3090_2100A.txt
3090,2100A,Novec_2100A,3.391,18.7,0.0,55.4,1601.0,62.3,3090_2100A.txt
3090,2100A,Novec_2100A,4.482,18.0,0.0,55.4,1601.0,63.4,3090_2100A.txt
3090,2100A,Novec_2100A,5.605,17.8,0.0,55.4,1601.0,64.1,3090_2100A.txt
3090,2100A,Novec_2100A,6.701,18.8,0.0,55.4,1601.0,65.2,3090_2100A.txt
3090,2100A,Novec_2100A,7.791,17.7,0.0,55.4,1601.0,64.9,3090_2100A.txt
3090,2100A,Novec_2100A,8.882,17.6,0.0,55.4,1601.0,64.6,3090_2100A.txt
3090,2100A,Novec_2100A,9.975999999999999,16.1,0.0,55.4,1601.0,63.9,3090_2100A.txt
3090,2100A,Novec_2100A,11.08,15.1,0.0,55.4,1601.0,59.5,3090_2100A.txt
3090,2100A,Novec_2100A,12.179,15.0,0.0,55.4,1601.0,57.3,3090_2100A.txt
3090,2100A,Novec_2100A,13.417,12.6,0.0,55.4,1601.0,55.6,3090_2100A.txt
3090,2100A,Novec_2100A,1.107,15.0,0.0,55.0,1601.0,55.3,3090_2100A.txt
3090,2100A,Novec_2100A,2.18,14.2,0.0,55.0,1601.0,54.7,3090_2100A.txt
3090,2100A,Novec_2100A,3.285,15.2,0.0,55.0,1601.0,54.9,3090_2100A.txt
3090,2100A,Novec_2100A,4.417,15.4,0.0,55.0,1601.0,55.1,3090_2100A.txt
3090,2100A,Novec_2100A,5.49,14.5,0.0,55.0,1601.0,54.6,3090_2100A.txt
3090,2100A,Novec_2100A,6.6,16.5,0.0,55.0,1601.0,55.2,3090_2100A.txt
3090,2100A,Novec_2100A,7.699,19.3,0.0,55.0,1601.0,56.3,3090_2100A.txt
3090,2100A,Novec_2100A,8.785,17.0,0.0,55.0,1601.0,61.0,3090_2100A.txt
3090,2100A,Novec_2100A,9.878,16.6,0.0,55.0,1601.0,62.7,3090_2100A.txt
3090,2100A,Novec_2100A,10.988,17.3,0.0,55.0,1601.0,63.7,3090_2100A.txt
3090,2100A,Novec_2100A,12.095,16.1,0.0,55.0,1601.0,63.5,3090_2100A.txt
3090,2100A,Novec_2100A,13.168,17.5,0.0,55.0,1601.0,64.1,3090_2100A.txt
3090,2100A,Novec_2100A,14.286,19.1,0.0,55.0,1601.0,65.3,3090_2100A.txt
3090,2100A,Novec_2100A,1.1280000000000001,16.2,0.0,64.3,1601.0,63.9,3090_2100A.txt
3090,2100A,Novec_2100A,2.222,16.4,0.0,64.3,1601.0,62.7,3090_2100A.txt
3090,2100A,Novec_2100A,3.366,15.0,0.0,64.3,1601.0,58.2,3090_2100A.txt
3090,2100A,Novec_2100A,4.41,12.9,0.0,64.3,1601.0,56.4,3090_2100A.txt
3090,2100A,Novec_2100A,5.525,12.8,0.0,64.3,1601.0,55.3,3090_2100A.txt
3090,2100A,Novec_2100A,6.645,13.7,0.0,64.3,1601.0,55.0,3090_2100A.txt
3090,2100A,Novec_2100A,7.724,12.6,0.0,64.3,1601.0,54.7,3090_2100A.txt
3090,2100A,Novec_2100A,8.807,12.9,0.0,64.3,1601.0,54.3,3090_2100A.txt
3090,2100A,Novec_2100A,10.004,16.1,0.0,64.3,1601.0,55.0,3090_2100A.txt
3090,2100A,Novec_2100A,11.083,15.4,0.0,64.3,1601.0,55.0,3090_2100A.txt
3090,2100A,Novec_2100A,12.202,15.0,0.0,64.3,1601.0,54.9,3090_2100A.txt
3090,2100A,Novec_2100A,13.279,16.8,0.0,64.3,1601.0,55.3,3090_2100A.txt
3090,2100A,Novec_2100A,14.367,16.9,0.0,64.3,1601.0,59.3,3090_2100A.txt
3090,2100A,Novec_2100A,1.096,18.5,0.0,62.0,1601.0,63.3,3090_2100A.txt
3090,2100A,Novec_2100A,2.207,16.5,0.0,62.0,1601.0,63.8,3090_2100A.txt
3090,2100A,Novec_2100A,3.334,16.7,0.0,62.0,1601.0,64.1,3090_2100A.txt
3090,2100A,Novec_2100A,4.419,19.4,0.0,62.0,1601.0,64.8,3090_2100A.txt
3090,2100A,Novec_2100A,5.524,17.1,0.0,62.0,1601.0,64.7,3090_2100A.txt
3090,2100A,Novec_2100A,6.615,17.1,0.0,62.0,1601.0,64.4,3090_2100A.txt
3090,2100A,Novec_2100A,7.714,16.2,0.0,62.0,1601.0,64.0,3090_2100A.txt
3090,2100A,Novec_2100A,8.824,15.3,0.0,62.0,1601.0,60.0,3090_2100A.txt
3090,2100A,Novec_2100A,9.909,14.9,0.0,62.0,1601.0,57.5,3090_2100A.txt
3090,2100A,Novec_2100A,11.018,14.6,0.0,62.0,1601.0,55.8,3090_2100A.txt
3090,2100A,Novec_2100A,12.116,14.0,0.0,62.0,1601.0,55.2,3090_2100A.txt
3090,2100A,Novec_2100A,13.214,14.4,0.0,62.0,1601.0,55.2,3090_2100A.txt
3090,2100A,Novec_2100A,1.1179999999999999,14.0,0.0,54.4,1601.0,54.6,3090_2100A.txt
3090,2100A,Novec_2100A,2.173,20.5,0.0,54.4,1601.0,62.8,3090_2100A.txt
3090,2100A,Novec_2100A,3.266,20.2,0.0,54.4,1601.0,65.4,3090_2100A.txt
3090,2100A,Novec_2100A,4.366,17.1,0.0,54.4,1601.0,64.7,3090_2100A.txt
3090,2100A,Novec_2100A,5.464,16.1,0.0,54.4,1601.0,64.1,3090_2100A.txt
3090,2100A,Novec_2100A,6.577,16.4,0.0,54.4,1601.0,63.7,3090_2100A.txt
3090,2100A,Novec_2100A,7.663,19.3,0.0,54.4,1601.0,61.3,3090_2100A.txt
3090,2100A,Novec_2100A,8.754,18.2,0.0,54.4,1601.0,63.7,3090_2100A.txt
3090,2100A,Novec_2100A,9.872,17.4,0.0,54.4,1601.0,64.2,3090_2100A.txt
3090,2100A,Novec_2100A,10.973,19.1,0.0,54.4,1601.0,64.9,3090_2100A.txt
3090,2100A,Novec_2100A,12.148,73.8,0.0,54.4,1601.0,68.8,3090_2100A.txt
3090,2100A,Novec_2100A,13.182,57.0,0.0,54.4,1601.0,79.0,3090_2100A.txt
3090,2100A,Novec_2100A,14.268,26.2,0.0,54.4,1601.0,75.2,3090_2100A.txt
3090,2100A,Novec_2100A,1.1,120.5,0.0,77.8,1601.0,82.4,3090_2100A.txt
3090,2100A,Novec_2100A,2.203,45.5,0.0,77.8,1601.0,82.3,3090_2100A.txt
3090,2100A,Novec_2100A,3.317,115.9,0.0,77.8,1601.0,83.1,3090_2100A.txt
3090,2100A,Novec_2100A,4.4030000000000005,52.5,0.0,77.8,1601.0,81.5,3090_2100A.txt
3090,2100A,Novec_2100A,5.535,94.6,0.0,77.8,1601.0,84.0,3090_2100A.txt
3090,2100A,Novec_2100A,6.623,75.0,0.0,77.8,1601.0,82.0,3090_2100A.txt
3090,2100A,Novec_2100A,7.728,65.6,0.0,77.8,1601.0,83.8,3090_2100A.txt
3090,2100A,Novec_2100A,8.86,60.3,0.0,77.8,1601.0,84.8,3090_2100A.txt
3090,2100A,Novec_2100A,9.939,27.8,0.0,77.8,1601.0,79.8,3090_2100A.txt
3090,2100A,Novec_2100A,11.05,119.3,0.0,77.8,1601.0,89.7,3090_2100A.txt
3090,2100A,Novec_2100A,12.107,29.7,0.0,77.8,1601.0,80.4,3090_2100A.txt
3090,2100A,Novec_2100A,13.215,127.1,0.0,77.8,1601.0,87.2,3090_2100A.txt
3090,2100A,Novec_2100A,1.096,44.6,0.0,89.0,1601.0,81.5,3090_2100A.txt
3090,2100A,Novec_2100A,2.201,92.5,0.0,89.0,1601.0,81.5,3090_2100A.txt
3090,2100A,Novec_2100A,3.296,38.5,0.0,89.0,1601.0,82.8,3090_2100A.txt
3090,2100A,Novec_2100A,4.412,118.9,0.0,89.0,1601.0,85.0,3090_2100A.txt
3090,2100A,Novec_2100A,5.511,107.1,0.0,89.0,1601.0,85.1,3090_2100A.txt
3090,2100A,Novec_2100A,6.617,39.6,0.0,89.0,1601.0,82.3,3090_2100A.txt
3090,2100A,Novec_2100A,7.693,26.5,0.0,89.0,1601.0,79.2,3090_2100A.txt
3090,2100A,Novec_2100A,8.809,101.9,0.0,89.0,1601.0,91.4,3090_2100A.txt
3090,2100A,Novec_2100A,9.892,134.8,0.0,89.0,1601.0,90.0,3090_2100A.txt
3090,2100A,Novec_2100A,10.975,29.0,0.0,89.0,1601.0,79.1,3090_2100A.txt
3090,2100A,Novec_2100A,12.076,68.6,0.0,89.0,1601.0,86.7,3090_2100A.txt
3090,2100A,Novec_2100A,13.169,57.5,0.0,89.0,1601.0,84.4,3090_2100A.txt
3090,2100A,Novec_2100A,14.274000000000001,117.6,0.0,89.0,1601.0,85.3,3090_2100A.txt
3090,2100A,Novec_2100A,1.111,28.8,0.0,82.2,1601.0,80.0,3090_2100A.txt
3090,2100A,Novec_2100A,2.201,121.0,0.0,82.2,1601.0,87.5,3090_2100A.txt
3090,2100A,Novec_2100A,3.302,31.5,0.0,82.2,1601.0,82.3,3090_2100A.txt
3090,2100A,Novec_2100A,4.415,55.8,0.0,82.2,1601.0,82.7,3090_2100A.txt
3090,2100A,Novec_2100A,5.52,100.5,0.0,82.2,1601.0,81.8,3090_2100A.txt
3090,2100A,Novec_2100A,6.639,51.3,0.0,82.2,1601.0,84.5,3090_2100A.txt
3090,2100A,Novec_2100A,7.735,118.2,0.0,82.2,1601.0,83.1,3090_2100A.txt
3090,2100A,Novec_2100A,8.863,64.4,0.0,82.2,1601.0,86.0,3090_2100A.txt
3090,2100A,Novec_2100A,9.938,104.3,0.0,82.2,1601.0,83.5,3090_2100A.txt
3090,2100A,Novec_2100A,11.046,28.2,0.0,82.2,1601.0,80.1,3090_2100A.txt
3090,2100A,Novec_2100A,12.129,58.6,0.0,82.2,1601.0,83.3,3090_2100A.txt
3090,2100A,Novec_2100A,13.248,95.3,0.0,82.2,1601.0,90.5,3090_2100A.txt
3090,2100A,Novec_2100A,14.354,57.7,0.0,82.2,1601.0,82.4,3090_2100A.txt
3090,2100A,Novec_2100A,1.102,37.3,0.0,84.9,1601.0,80.6,3090_2100A.txt
3090,2100A,Novec_2100A,2.2,29.2,0.0,84.9,1601.0,81.1,3090_2100A.txt
3090,2100A,Novec_2100A,3.36,50.9,0.0,84.9,1601.0,79.5,3090_2100A.txt
3090,2100A,Novec_2100A,4.422,131.9,0.0,84.9,1601.0,86.3,3090_2100A.txt
3090,2100A,Novec_2100A,5.51,128.0,0.0,84.9,1601.0,86.7,3090_2100A.txt
3090,2100A,Novec_2100A,6.603,123.8,0.0,84.9,1601.0,88.6,3090_2100A.txt
3090,2100A,Novec_2100A,7.704,68.7,0.0,84.9,1601.0,81.5,3090_2100A.txt
3090,2100A,Novec_2100A,8.792,120.8,0.0,84.9,1601.0,83.8,3090_2100A.txt
3090,2100A,Novec_2100A,9.913,90.9,0.0,84.9,1601.0,84.7,3090_2100A.txt
3090,2100A,Novec_2100A,10.988,130.0,0.0,84.9,1601.0,85.7,3090_2100A.txt
3090,2100A,Novec_2100A,12.088,73.3,0.0,84.9,1601.0,85.3,3090_2100A.txt
3090,2100A,Novec_2100A,13.201,117.9,0.0,84.9,1601.0,86.3,3090_2100A.txt
3090,2100A,Novec_2100A,1.115,88.1,0.0,84.9,1601.0,83.3,3090_2100A.txt
3090,2100A,Novec_2100A,2.201,30.2,0.0,84.9,1601.0,79.7,3090_2100A.txt
3090,2100A,Novec_2100A,3.287,108.6,0.0,84.9,1601.0,83.1,3090_2100A.txt
3090,2100A,Novec_2100A,4.381,60.8,0.0,84.9,1601.0,86.8,3090_2100A.txt
3090,2100A,Novec_2100A,5.496,121.1,0.0,84.9,1601.0,85.4,3090_2100A.txt
3090,2100A,Novec_2100A,6.5969999999999995,107.2,0.0,84.9,1601.0,84.7,3090_2100A.txt
3090,2100A,Novec_2100A,7.709,56.0,0.0,84.9,1601.0,81.9,3090_2100A.txt
3090,2100A,Novec_2100A,8.775,43.6,0.0,84.9,1601.0,79.8,3090_2100A.txt
3090,2100A,Novec_2100A,9.89,31.6,0.0,84.9,1601.0,81.9,3090_2100A.txt
3090,2100A,Novec_2100A,11.004,33.0,0.0,84.9,1601.0,80.8,3090_2100A.txt
3090,2100A,Novec_2100A,12.106,72.6,0.0,84.9,1601.0,83.5,3090_2100A.txt
3090,2100A,Novec_2100A,13.202,122.1,0.0,84.9,1601.0,86.9,3090_2100A.txt
3090,2100A,Novec_2100A,14.297,27.8,0.0,84.9,1601.0,79.1,3090_2100A.txt
3090,2100A,Novec_2100A,1.102,123.8,0.0,84.9,1601.0,84.3,3090_2100A.txt
3090,2100A,Novec_2100A,2.191,60.4,0.0,84.9,1601.0,83.9,3090_2100A.txt
3090,2100A,Novec_2100A,3.328,57.9,0.0,84.9,1601.0,84.1,3090_2100A.txt
3090,2100A,Novec_2100A,4.39,130.3,0.0,84.9,1601.0,85.2,3090_2100A.txt
3090,2100A,Novec_2100A,5.491,31.4,0.0,84.9,1601.0,80.4,3090_2100A.txt
3090,2100A,Novec_2100A,6.6,97.1,0.0,84.9,1601.0,91.3,3090_2100A.txt
3090,2100A,Novec_2100A,7.711,65.2,0.0,84.9,1601.0,80.2,3090_2100A.txt
3090,2100A,Novec_2100A,8.842,36.1,0.0,84.9,1601.0,77.4,3090_2100A.txt
3090,2100A,Novec_2100A,9.96,36.6,0.0,84.9,1601.0,78.8,3090_2100A.txt
3090,2100A,Novec_2100A,11.035,37.2,0.0,84.9,1601.0,79.0,3090_2100A.txt
3090,2100A,Novec_2100A,12.137,36.9,0.0,84.9,1601.0,78.8,3090_2100A.txt
3090,2100A,Novec_2100A,13.238,36.9,0.0,84.9,1601.0,79.0,3090_2100A.txt
3090,2100A,Novec_2100A,14.338,36.6,0.0,84.9,1601.0,79.7,3090_2100A.txt
3090,2100A,Novec_2100A,1.117,48.0,0.0,81.4,1601.0,80.0,3090_2100A.txt
3090,2100A,Novec_2100A,2.203,37.8,0.0,81.4,1601.0,79.7,3090_2100A.txt
3090,2100A,Novec_2100A,3.293,82.7,0.0,81.4,1601.0,80.2,3090_2100A.txt
3090,2100A,Novec_2100A,4.398,70.7,0.0,81.4,1601.0,88.9,3090_2100A.txt
3090,2100A,Novec_2100A,5.494,43.3,0.0,81.4,1601.0,78.8,3090_2100A.txt
3090,2100A,Novec_2100A,6.608,71.4,0.0,81.4,1601.0,89.2,3090_2100A.txt
3090,2100A,Novec_2100A,7.696,72.1,0.0,81.4,1601.0,90.4,3090_2100A.txt
3090,2100A,Novec_2100A,8.799,60.9,0.0,81.4,1601.0,85.3,3090_2100A.txt
3090,2100A,Novec_2100A,9.898,48.0,0.0,81.4,1601.0,86.1,3090_2100A.txt
3090,2100A,Novec_2100A,11.036,30.6,0.0,81.4,1601.0,81.6,3090_2100A.txt
3090,2100A,Novec_2100A,12.1,44.4,0.0,81.4,1601.0,87.3,3090_2100A.txt
3090,2100A,Novec_2100A,13.2,64.5,0.0,81.4,1601.0,83.3,3090_2100A.txt
3090,2100A,Novec_2100A,1.091,120.0,0.0,78.9,1601.0,86.5,3090_2100A.txt
3090,2100A,Novec_2100A,2.207,48.1,0.0,78.9,1601.0,81.7,3090_2100A.txt
3090,2100A,Novec_2100A,3.266,128.9,0.0,78.9,1601.0,85.9,3090_2100A.txt
3090,2100A,Novec_2100A,4.391,113.2,0.0,78.9,1601.0,86.6,3090_2100A.txt
3090,2100A,Novec_2100A,5.503,93.6,0.0,78.9,1601.0,82.8,3090_2100A.txt
3090,2100A,Novec_2100A,6.599,54.9,0.0,78.9,1601.0,88.0,3090_2100A.txt
3090,2100A,Novec_2100A,7.696,69.2,0.0,78.9,1601.0,86.0,3090_2100A.txt
3090,2100A,Novec_2100A,8.811,94.1,0.0,78.9,1601.0,84.5,3090_2100A.txt
3090,2100A,Novec_2100A,9.906,134.0,0.0,78.9,1601.0,88.5,3090_2100A.txt
3090,2100A,Novec_2100A,11.006,27.2,0.0,78.9,1601.0,77.4,3090_2100A.txt
3090,2100A,Novec_2100A,12.154,131.0,0.0,78.9,1601.0,91.3,3090_2100A.txt
3090,2100A,Novec_2100A,13.215,28.6,0.0,78.9,1601.0,80.0,3090_2100A.txt
3090,2100A,Novec_2100A,14.325,123.9,0.0,78.9,1601.0,87.4,3090_2100A.txt
3090,2100A,Novec_2100A,1.116,88.9,0.0,80.3,1601.0,87.5,3090_2100A.txt
3090,2100A,Novec_2100A,2.216,79.3,0.0,80.3,1601.0,81.6,3090_2100A.txt
3090,2100A,Novec_2100A,3.313,41.7,0.0,80.3,1601.0,79.9,3090_2100A.txt
3090,2100A,Novec_2100A,4.424,84.0,0.0,80.3,1601.0,81.6,3090_2100A.txt
3090,2100A,Novec_2100A,5.516,139.8,0.0,80.3,1601.0,91.8,3090_2100A.txt
3090,2100A,Novec_2100A,6.632,121.3,0.0,80.3,1601.0,85.3,3090_2100A.txt
3090,2100A,Novec_2100A,7.715,117.6,0.0,80.3,1601.0,84.9,3090_2100A.txt
3090,2100A,Novec_2100A,8.83,32.3,0.0,80.3,1601.0,82.3,3090_2100A.txt
3090,2100A,Novec_2100A,9.932,53.1,0.0,80.3,1601.0,81.2,3090_2100A.txt
3090,2100A,Novec_2100A,11.067,106.4,0.0,80.3,1601.0,84.8,3090_2100A.txt
3090,2100A,Novec_2100A,12.164,123.9,0.0,80.3,1601.0,84.6,3090_2100A.txt
3090,2100A,Novec_2100A,13.263,67.5,0.0,80.3,1601.0,88.2,3090_2100A.txt
3090,2100A,Novec_2100A,1.091,133.5,0.0,83.8,1601.0,88.6,3090_2100A.txt
3090,2100A,Novec_2100A,2.218,53.8,0.0,83.8,1601.0,83.3,3090_2100A.txt
3090,2100A,Novec_2100A,3.284,76.7,0.0,83.8,1601.0,82.1,3090_2100A.txt
3090,2100A,Novec_2100A,4.371,133.3,0.0,83.8,1601.0,90.0,3090_2100A.txt
3090,2100A,Novec_2100A,5.467,40.1,0.0,83.8,1601.0,80.6,3090_2100A.txt
3090,2100A,Novec_2100A,6.5600000000000005,127.4,0.0,83.8,1601.0,81.7,3090_2100A.txt
3090,2100A,Novec_2100A,7.652,25.4,0.0,83.8,1601.0,74.9,3090_2100A.txt
3090,2100A,Novec_2100A,8.76,44.0,0.0,83.8,1601.0,79.9,3090_2100A.txt
3090,2100A,Novec_2100A,9.869,43.3,0.0,83.8,1601.0,82.4,3090_2100A.txt
3090,2100A,Novec_2100A,10.964,67.0,0.0,83.8,1601.0,83.6,3090_2100A.txt
3090,2100A,Novec_2100A,12.077,109.7,0.0,83.8,1601.0,82.3,3090_2100A.txt
3090,2100A,Novec_2100A,13.16,101.3,0.0,83.8,1601.0,81.5,3090_2100A.txt
3090,2100A,Novec_2100A,14.275,51.6,0.0,83.8,1601.0,80.7,3090_2100A.txt
3090,2100A,Novec_2100A,1.089,43.5,0.0,80.2,1601.0,81.8,3090_2100A.txt
3090,2100A,Novec_2100A,2.2,35.8,0.0,80.2,1601.0,79.6,3090_2100A.txt
3090,2100A,Novec_2100A,3.293,130.5,0.0,80.2,1601.0,85.2,3090_2100A.txt
3090,2100A,Novec_2100A,4.389,75.7,0.0,80.2,1601.0,83.5,3090_2100A.txt
3090,2100A,Novec_2100A,5.489,71.1,0.0,80.2,1601.0,88.5,3090_2100A.txt
3090,2100A,Novec_2100A,6.602,56.8,0.0,80.2,1601.0,81.2,3090_2100A.txt
3090,2100A,Novec_2100A,7.733,67.4,0.0,80.2,1601.0,80.5,3090_2100A.txt
3090,2100A,Novec_2100A,8.768,73.4,0.0,80.2,1601.0,84.0,3090_2100A.txt
3090,2100A,Novec_2100A,9.911,28.4,0.0,80.2,1601.0,78.1,3090_2100A.txt
3090,2100A,Novec_2100A,11.014,119.4,0.0,80.2,1601.0,91.3,3090_2100A.txt
3090,2100A,Novec_2100A,12.068,88.1,0.0,80.2,1601.0,86.2,3090_2100A.txt
3090,2100A,Novec_2100A,13.165,36.0,0.0,80.2,1601.0,80.1,3090_2100A.txt
3090,2100A,Novec_2100A,14.278,130.8,0.0,80.2,1601.0,84.7,3090_2100A.txt
3090,2100A,Novec_2100A,1.098,127.6,0.0,79.4,1601.0,86.5,3090_2100A.txt
3090,2100A,Novec_2100A,2.184,41.4,0.0,79.4,1601.0,80.8,3090_2100A.txt
3090,2100A,Novec_2100A,3.288,69.0,0.0,79.4,1601.0,77.9,3090_2100A.txt
3090,2100A,Novec_2100A,4.3870000000000005,24.9,0.0,79.4,1601.0,73.3,3090_2100A.txt
3090,2100A,Novec_2100A,5.519,55.9,0.0,79.4,1601.0,76.8,3090_2100A.txt
3090,2100A,Novec_2100A,6.599,32.8,0.0,79.4,1601.0,76.6,3090_2100A.txt
3090,2100A,Novec_2100A,7.708,32.6,0.0,79.4,1601.0,77.8,3090_2100A.txt
3090,2100A,Novec_2100A,8.805,33.1,0.0,79.4,1601.0,76.8,3090_2100A.txt
3090,2100A,Novec_2100A,9.897,32.7,0.0,79.4,1601.0,76.3,3090_2100A.txt
3090,2100A,Novec_2100A,11.007,56.5,0.0,79.4,1601.0,77.2,3090_2100A.txt
3090,2100A,Novec_2100A,12.119,32.7,0.0,79.4,1601.0,76.5,3090_2100A.txt
3090,2100A,Novec_2100A,13.236,33.6,0.0,79.4,1601.0,77.6,3090_2100A.txt
3090,2100A,Novec_2100A,1.129,56.5,0.0,76.5,1601.0,77.8,3090_2100A.txt
3090,2100A,Novec_2100A,2.197,26.1,0.0,76.5,1601.0,74.8,3090_2100A.txt
3090,2100A,Novec_2100A,3.304,46.8,0.0,76.5,1601.0,77.2,3090_2100A.txt
3090,2100A,Novec_2100A,4.416,111.3,0.0,76.5,1601.0,86.0,3090_2100A.txt
3090,2100A,Novec_2100A,5.533,103.1,0.0,76.5,1601.0,83.6,3090_2100A.txt
3090,2100A,Novec_2100A,6.651,120.5,0.0,76.5,1601.0,85.2,3090_2100A.txt
3090,2100A,Novec_2100A,7.774,28.1,0.0,76.5,1601.0,79.9,3090_2100A.txt
3090,2100A,Novec_2100A,8.884,91.1,0.0,76.5,1601.0,82.7,3090_2100A.txt
3090,2100A,Novec_2100A,9.988,57.3,0.0,76.5,1601.0,86.1,3090_2100A.txt
3090,2100A,Novec_2100A,11.091,130.5,0.0,76.5,1601.0,86.7,3090_2100A.txt
3090,2100A,Novec_2100A,12.237,118.0,0.0,76.5,1601.0,85.2,3090_2100A.txt
3090,2100A,Novec_2100A,13.361,128.1,0.0,76.5,1601.0,85.2,3090_2100A.txt
3090,2100A,Novec_2100A,14.428,72.7,0.0,76.5,1601.0,87.6,3090_2100A.txt
3090,2100A,Novec_2100A,1.101,134.2,0.0,83.2,1601.0,86.4,3090_2100A.txt
3090,2100A,Novec_2100A,2.21,96.6,0.0,83.2,1601.0,83.1,3090_2100A.txt
3090,2100A,Novec_2100A,3.316,115.9,0.0,83.2,1601.0,90.5,3090_2100A.txt
3090,2100A,Novec_2100A,4.401,90.4,0.0,83.2,1601.0,82.2,3090_2100A.txt
3090,2100A,Novec_2100A,5.49,80.9,0.0,83.2,1601.0,82.8,3090_2100A.txt
3090,2100A,Novec_2100A,6.589,27.5,0.0,83.2,1601.0,78.3,3090_2100A.txt
3090,2100A,Novec_2100A,7.692,86.0,0.0,83.2,1601.0,89.4,3090_2100A.txt
3090,2100A,Novec_2100A,8.791,60.3,0.0,83.2,1601.0,88.1,3090_2100A.txt
3090,2100A,Novec_2100A,9.891,125.0,0.0,83.2,1601.0,85.5,3090_2100A.txt
3090,2100A,Novec_2100A,10.988,126.1,0.0,83.2,1601.0,85.9,3090_2100A.txt
3090,2100A,Novec_2100A,12.099,132.4,0.0,83.2,1601.0,86.9,3090_2100A.txt
3090,2100A,Novec_2100A,13.206,34.3,0.0,83.2,1601.0,81.3,3090_2100A.txt
3090,2100A,Novec_2100A,1.084,135.5,0.0,84.5,1601.0,87.9,3090_2100A.txt
3090,2100A,Novec_2100A,2.179,123.2,0.0,84.5,1601.0,85.3,3090_2100A.txt
3090,2100A,Novec_2100A,3.348,83.5,0.0,84.5,1601.0,82.0,3090_2100A.txt
3090,2100A,Novec_2100A,4.377,88.1,0.0,84.5,1601.0,89.4,3090_2100A.txt
3090,2100A,Novec_2100A,5.475,71.9,0.0,84.5,1601.0,87.8,3090_2100A.txt
3090,2100A,Novec_2100A,6.583,130.3,0.0,84.5,1601.0,85.7,3090_2100A.txt
3090,2100A,Novec_2100A,7.717,91.1,0.0,84.5,1601.0,82.7,3090_2100A.txt
3090,2100A,Novec_2100A,8.783,112.1,0.0,84.5,1601.0,83.2,3090_2100A.txt
3090,2100A,Novec_2100A,9.885,59.2,0.0,84.5,1601.0,87.2,3090_2100A.txt
3090,2100A,Novec_2100A,11.013,59.3,0.0,84.5,1601.0,84.4,3090_2100A.txt
3090,2100A,Novec_2100A,12.077,58.4,0.0,84.5,1601.0,82.6,3090_2100A.txt
3090,2100A,Novec_2100A,13.183,89.2,0.0,84.5,1601.0,82.9,3090_2100A.txt
3090,2100A,Novec_2100A,14.272,117.4,0.0,84.5,1601.0,84.4,3090_2100A.txt
3090,2100A,Novec_2100A,1.098,34.5,0.0,82.5,1601.0,77.9,3090_2100A.txt
3090,2100A,Novec_2100A,2.198,82.5,0.0,82.5,1601.0,82.8,3090_2100A.txt
3090,2100A,Novec_2100A,3.292,134.5,0.0,82.5,1601.0,87.8,3090_2100A.txt
3090,2100A,Novec_2100A,4.397,98.7,0.0,82.5,1601.0,82.7,3090_2100A.txt
3090,2100A,Novec_2100A,5.497,59.2,0.0,82.5,1601.0,85.5,3090_2100A.txt
3090,2100A,Novec_2100A,6.617,58.6,0.0,82.5,1601.0,83.1,3090_2100A.txt
3090,2100A,Novec_2100A,7.696,27.2,0.0,82.5,1601.0,77.7,3090_2100A.txt
3090,2100A,Novec_2100A,8.812,121.1,0.0,82.5,1601.0,86.5,3090_2100A.txt
3090,2100A,Novec_2100A,9.913,47.9,0.0,82.5,1601.0,83.9,3090_2100A.txt
3090,2100A,Novec_2100A,11.011,131.8,0.0,82.5,1601.0,85.8,3090_2100A.txt
3090,2100A,Novec_2100A,12.102,95.3,0.0,82.5,1601.0,84.5,3090_2100A.txt
3090,2100A,Novec_2100A,13.207,89.1,0.0,82.5,1601.0,80.9,3090_2100A.txt
3090,2100A,Novec_2100A,14.342,129.5,0.0,82.5,1601.0,86.0,3090_2100A.txt
3090,2100A,Novec_2100A,1.081,105.1,0.0,81.2,1601.0,84.5,3090_2100A.txt
3090,2100A,Novec_2100A,2.171,29.3,0.0,81.2,1601.0,81.5,3090_2100A.txt
3090,2100A,Novec_2100A,3.267,82.9,0.0,81.2,1601.0,80.5,3090_2100A.txt
3090,2100A,Novec_2100A,4.364,31.5,0.0,81.2,1601.0,81.0,3090_2100A.txt
3090,2100A,Novec_2100A,5.498,131.4,0.0,81.2,1601.0,85.9,3090_2100A.txt
3090,2100A,Novec_2100A,6.62,67.3,0.0,81.2,1601.0,87.1,3090_2100A.txt
3090,2100A,Novec_2100A,7.73,76.8,0.0,81.2,1601.0,89.0,3090_2100A.txt
3090,2100A,Novec_2100A,8.823,132.7,0.0,81.2,1601.0,88.8,3090_2100A.txt
3090,2100A,Novec_2100A,9.936,132.2,0.0,81.2,1601.0,87.8,3090_2100A.txt
3090,2100A,Novec_2100A,11.029,52.8,0.0,81.2,1601.0,81.3,3090_2100A.txt
3090,2100A,Novec_2100A,12.135,50.5,0.0,81.2,1601.0,79.5,3090_2100A.txt
3090,2100A,Novec_2100A,13.248,133.0,0.0,81.2,1601.0,86.0,3090_2100A.txt
3090,2100A,Novec_2100A,1.052,107.1,0.0,85.6,1601.0,84.8,3090_2100A.txt
3090,2100A,Novec_2100A,2.148,33.3,0.0,85.6,1601.0,78.7,3090_2100A.txt
3090,2100A,Novec_2100A,3.26,72.7,0.0,85.6,1601.0,85.7,3090_2100A.txt
3090,2100A,Novec_2100A,4.37,93.9,0.0,85.6,1601.0,83.3,3090_2100A.txt
3090,2100A,Novec_2100A,5.48,91.5,0.0,85.6,1601.0,83.4,3090_2100A.txt
3090,2100A,Novec_2100A,6.568,132.6,0.0,85.6,1601.0,89.2,3090_2100A.txt
3090,2100A,Novec_2100A,7.687,55.1,0.0,85.6,1601.0,87.2,3090_2100A.txt
3090,2100A,Novec_2100A,8.8,51.7,0.0,85.6,1601.0,83.3,3090_2100A.txt
3090,2100A,Novec_2100A,9.934,58.7,0.0,85.6,1601.0,84.5,3090_2100A.txt
3090,2100A,Novec_2100A,10.983,126.0,0.0,85.6,1601.0,86.8,3090_2100A.txt
3090,2100A,Novec_2100A,12.099,60.3,0.0,85.6,1601.0,86.2,3090_2100A.txt
3090,2100A,Novec_2100A,13.189,55.3,0.0,85.6,1601.0,83.9,3090_2100A.txt
3090,2100A,Novec_2100A,14.289,95.4,0.0,85.6,1601.0,83.2,3090_2100A.txt
3090,2100A,Novec_2100A,1.121,129.1,0.0,89.1,1601.0,88.2,3090_2100A.txt
3090,2100A,Novec_2100A,2.198,131.7,0.0,89.1,1601.0,87.7,3090_2100A.txt
3090,2100A,Novec_2100A,3.309,105.4,0.0,89.1,1601.0,90.7,3090_2100A.txt
3090,2100A,Novec_2100A,4.421,62.3,0.0,89.1,1601.0,85.3,3090_2100A.txt
3090,2100A,Novec_2100A,5.515,108.8,0.0,89.1,1601.0,85.4,3090_2100A.txt
3090,2100A,Novec_2100A,6.608,134.5,0.0,89.1,1601.0,87.3,3090_2100A.txt
3090,2100A,Novec_2100A,7.712,103.6,0.0,89.1,1601.0,87.6,3090_2100A.txt
3090,2100A,Novec_2100A,8.8,134.7,0.0,89.1,1601.0,90.8,3090_2100A.txt
3090,2100A,Novec_2100A,9.913,128.6,0.0,89.1,1601.0,86.9,3090_2100A.txt
3090,2100A,Novec_2100A,11.01,103.6,0.0,89.1,1601.0,84.2,3090_2100A.txt
3090,2100A,Novec_2100A,12.095,104.4,0.0,89.1,1601.0,84.6,3090_2100A.txt
3090,2100A,Novec_2100A,13.194,101.4,0.0,89.1,1601.0,85.0,3090_2100A.txt
3090,2100A,Novec_2100A,14.29,102.1,0.0,89.1,1601.0,84.7,3090_2100A.txt
3090,2100A,Novec_2100A,1.1,101.0,0.0,84.8,1601.0,84.7,3090_2100A.txt
3090,2100A,Novec_2100A,2.194,102.4,0.0,84.8,1601.0,84.8,3090_2100A.txt
3090,2100A,Novec_2100A,3.297,103.5,0.0,84.8,1601.0,84.8,3090_2100A.txt
3090,2100A,Novec_2100A,4.397,101.8,0.0,84.8,1601.0,84.7,3090_2100A.txt
3090,2100A,Novec_2100A,5.489,130.4,0.0,84.8,1601.0,87.5,3090_2100A.txt
3090,2100A,Novec_2100A,6.583,118.5,0.0,84.8,1601.0,88.9,3090_2100A.txt
3090,2100A,Novec_2100A,7.68,126.5,0.0,84.8,1601.0,87.0,3090_2100A.txt
3090,2100A,Novec_2100A,8.77,86.2,0.0,84.8,1601.0,84.8,3090_2100A.txt
3090,2100A,Novec_2100A,9.873,126.4,0.0,84.8,1601.0,87.1,3090_2100A.txt
3090,2100A,Novec_2100A,10.973,129.4,0.0,84.8,1601.0,89.6,3090_2100A.txt
3090,2100A,Novec_2100A,12.055,129.8,0.0,84.8,1601.0,87.7,3090_2100A.txt
3090,2100A,Novec_2100A,13.139,117.6,0.0,84.8,1601.0,85.1,3090_2100A.txt
3090,2100A,Novec_2100A,1.098,66.8,0.0,84.7,1601.0,85.0,3090_2100A.txt
3090,2100A,Novec_2100A,2.193,64.9,0.0,84.7,1601.0,85.4,3090_2100A.txt
3090,2100A,Novec_2100A,3.295,91.1,0.0,84.7,1601.0,83.4,3090_2100A.txt
3090,2100A,Novec_2100A,4.393,97.9,0.0,84.7,1601.0,90.4,3090_2100A.txt
3090,2100A,Novec_2100A,5.492,118.4,0.0,84.7,1601.0,87.4,3090_2100A.txt
3090,2100A,Novec_2100A,6.587,134.5,0.0,84.7,1601.0,89.9,3090_2100A.txt
3090,2100A,Novec_2100A,7.726,30.1,0.0,84.7,1601.0,82.3,3090_2100A.txt
3090,2100A,Novec_2100A,8.778,60.6,0.0,84.7,1601.0,86.8,3090_2100A.txt
3090,2100A,Novec_2100A,9.879,83.4,0.0,84.7,1601.0,87.1,3090_2100A.txt
3090,2100A,Novec_2100A,10.958,67.8,0.0,84.7,1601.0,86.2,3090_2100A.txt
3090,2100A,Novec_2100A,12.065,132.5,0.0,84.7,1601.0,90.6,3090_2100A.txt
3090,2100A,Novec_2100A,13.176,73.9,0.0,84.7,1601.0,85.8,3090_2100A.txt
3090,2100A,Novec_2100A,14.274000000000001,51.1,0.0,84.7,1601.0,85.5,3090_2100A.txt
3090,2100A,Novec_2100A,1.146,61.3,0.0,82.8,1601.0,83.8,3090_2100A.txt
3090,2100A,Novec_2100A,2.205,133.8,0.0,82.8,1601.0,86.8,3090_2100A.txt
3090,2100A,Novec_2100A,3.309,135.0,0.0,82.8,1601.0,87.0,3090_2100A.txt
3090,2100A,Novec_2100A,4.427,136.3,0.0,82.8,1601.0,90.1,3090_2100A.txt
3090,2100A,Novec_2100A,5.507,107.0,0.0,82.8,1601.0,89.9,3090_2100A.txt
3090,2100A,Novec_2100A,6.64,115.6,0.0,82.8,1601.0,91.1,3090_2100A.txt
3090,2100A,Novec_2100A,7.72,98.3,0.0,82.8,1601.0,84.3,3090_2100A.txt
3090,2100A,Novec_2100A,8.818,133.6,0.0,82.8,1601.0,87.3,3090_2100A.txt
3090,2100A,Novec_2100A,9.923,81.7,0.0,82.8,1601.0,90.3,3090_2100A.txt
3090,2100A,Novec_2100A,11.038,56.6,0.0,82.8,1601.0,83.5,3090_2100A.txt
3090,2100A,Novec_2100A,12.159,135.8,0.0,82.8,1601.0,89.1,3090_2100A.txt
3090,2100A,Novec_2100A,13.255,75.8,0.0,82.8,1601.0,88.3,3090_2100A.txt
3090,2100A,Novec_2100A,1.11,50.0,0.0,87.7,1601.0,84.7,3090_2100A.txt
3090,2100A,Novec_2100A,2.208,68.1,0.0,87.7,1601.0,86.2,3090_2100A.txt
3090,2100A,Novec_2100A,3.299,73.6,0.0,87.7,1601.0,86.8,3090_2100A.txt
3090,2100A,Novec_2100A,4.411,60.7,0.0,87.7,1601.0,87.0,3090_2100A.txt
3090,2100A,Novec_2100A,5.511,49.9,0.0,87.7,1601.0,82.4,3090_2100A.txt
3090,2100A,Novec_2100A,6.596,107.0,0.0,87.7,1601.0,84.8,3090_2100A.txt
3090,2100A,Novec_2100A,7.697,131.6,0.0,87.7,1601.0,86.1,3090_2100A.txt
3090,2100A,Novec_2100A,8.776,134.0,0.0,87.7,1601.0,86.8,3090_2100A.txt
3090,2100A,Novec_2100A,9.897,134.3,0.0,87.7,1601.0,88.9,3090_2100A.txt
3090,2100A,Novec_2100A,10.998,81.2,0.0,87.7,1601.0,87.6,3090_2100A.txt
3090,2100A,Novec_2100A,12.096,67.5,0.0,87.7,1601.0,86.7,3090_2100A.txt
3090,2100A,Novec_2100A,13.193,49.0,0.0,87.7,1601.0,85.3,3090_2100A.txt
3090,2100A,Novec_2100A,14.289,61.3,0.0,87.7,1601.0,84.1,3090_2100A.txt
3090,2100A,Novec_2100A,1.108,49.6,0.0,83.1,1601.0,82.5,3090_2100A.txt
3090,2100A,Novec_2100A,2.2,63.6,0.0,83.1,1601.0,84.9,3090_2100A.txt
3090,2100A,Novec_2100A,3.352,130.9,0.0,83.1,1601.0,89.0,3090_2100A.txt
3090,2100A,Novec_2100A,4.431,136.7,0.0,83.1,1601.0,89.3,3090_2100A.txt
3090,2100A,Novec_2100A,5.573,124.4,0.0,83.1,1601.0,91.8,3090_2100A.txt
3090,2100A,Novec_2100A,6.639,138.7,0.0,83.1,1601.0,89.8,3090_2100A.txt
3090,2100A,Novec_2100A,7.756,97.7,0.0,83.1,1601.0,83.0,3090_2100A.txt
3090,2100A,Novec_2100A,8.850999999999999,101.6,0.0,83.1,1601.0,84.5,3090_2100A.txt
3090,2100A,Novec_2100A,9.952,102.4,0.0,83.1,1601.0,84.9,3090_2100A.txt
3090,2100A,Novec_2100A,11.055,99.4,0.0,83.1,1601.0,84.2,3090_2100A.txt
3090,2100A,Novec_2100A,12.155,102.0,0.0,83.1,1601.0,84.8,3090_2100A.txt
3090,2100A,Novec_2100A,13.259,101.9,0.0,83.1,1601.0,84.4,3090_2100A.txt
3090,2100A,Novec_2100A,14.357,98.9,0.0,83.1,1601.0,84.1,3090_2100A.txt
3090,2100A,Novec_2100A,1.082,57.7,0.0,91.0,1601.0,86.2,3090_2100A.txt
3090,2100A,Novec_2100A,2.175,48.7,0.0,91.0,1601.0,82.0,3090_2100A.txt
3090,2100A,Novec_2100A,3.292,65.5,0.0,91.0,1601.0,83.2,3090_2100A.txt
3090,2100A,Novec_2100A,4.395,137.9,0.0,91.0,1601.0,89.6,3090_2100A.txt
3090,2100A,Novec_2100A,5.495,67.9,0.0,91.0,1601.0,88.2,3090_2100A.txt
3090,2100A,Novec_2100A,6.596,65.0,0.0,91.0,1601.0,89.0,3090_2100A.txt
3090,2100A,Novec_2100A,7.697,50.2,0.0,91.0,1601.0,85.7,3090_2100A.txt
3090,2100A,Novec_2100A,8.801,52.1,0.0,91.0,1601.0,82.5,3090_2100A.txt
3090,2100A,Novec_2100A,9.897,135.2,0.0,91.0,1601.0,87.3,3090_2100A.txt
3090,2100A,Novec_2100A,10.997,131.9,0.0,91.0,1601.0,88.3,3090_2100A.txt
3090,2100A,Novec_2100A,12.089,138.9,0.0,91.0,1601.0,90.5,3090_2100A.txt
3090,2100A,Novec_2100A,13.192,91.4,0.0,91.0,1601.0,89.7,3090_2100A.txt
3090,2100A,Novec_2100A,1.1,78.9,0.0,89.7,1601.0,88.9,3090_2100A.txt
3090,2100A,Novec_2100A,2.185,53.7,0.0,89.7,1601.0,86.0,3090_2100A.txt
3090,2100A,Novec_2100A,3.285,58.8,0.0,89.7,1601.0,85.9,3090_2100A.txt
3090,2100A,Novec_2100A,4.386,69.8,0.0,89.7,1601.0,83.3,3090_2100A.txt
3090,2100A,Novec_2100A,5.526,108.7,0.0,89.7,1601.0,87.9,3090_2100A.txt
3090,2100A,Novec_2100A,6.579,66.0,0.0,89.7,1601.0,85.9,3090_2100A.txt
3090,2100A,Novec_2100A,7.6850000000000005,107.1,0.0,89.7,1601.0,84.8,3090_2100A.txt
3090,2100A,Novec_2100A,8.78,131.9,0.0,89.7,1601.0,85.6,3090_2100A.txt
3090,2100A,Novec_2100A,9.877,134.7,0.0,89.7,1601.0,86.6,3090_2100A.txt
3090,2100A,Novec_2100A,10.98,134.6,0.0,89.7,1601.0,87.7,3090_2100A.txt
3090,2100A,Novec_2100A,12.08,137.6,0.0,89.7,1601.0,88.8,3090_2100A.txt
3090,2100A,Novec_2100A,13.192,84.6,0.0,89.7,1601.0,89.8,3090_2100A.txt
3090,2100A,Novec_2100A,14.281,132.5,0.0,89.7,1601.0,87.4,3090_2100A.txt
3090,2100A,Novec_2100A,1.092,79.2,0.0,87.1,1601.0,88.6,3090_2100A.txt
3090,2100A,Novec_2100A,2.198,104.8,0.0,87.1,1601.0,86.0,3090_2100A.txt
3090,2100A,Novec_2100A,3.282,101.2,0.0,87.1,1601.0,84.0,3090_2100A.txt
3090,2100A,Novec_2100A,4.382,97.9,0.0,87.1,1601.0,84.1,3090_2100A.txt
3090,2100A,Novec_2100A,5.479,100.6,0.0,87.1,1601.0,84.7,3090_2100A.txt
3090,2100A,Novec_2100A,6.5600000000000005,101.2,0.0,87.1,1601.0,84.5,3090_2100A.txt
3090,2100A,Novec_2100A,7.664,101.7,0.0,87.1,1601.0,84.6,3090_2100A.txt
3090,2100A,Novec_2100A,8.764,100.4,0.0,87.1,1601.0,84.4,3090_2100A.txt
3090,2100A,Novec_2100A,9.866,101.5,0.0,87.1,1601.0,84.4,3090_2100A.txt
3090,2100A,Novec_2100A,10.983,101.0,0.0,87.1,1601.0,84.3,3090_2100A.txt
3090,2100A,Novec_2100A,12.082,101.2,0.0,87.1,1601.0,84.3,3090_2100A.txt
3090,2100A,Novec_2100A,13.176,101.6,0.0,87.1,1601.0,84.3,3090_2100A.txt
3090,2100A,Novec_2100A,14.266,100.5,0.0,87.1,1601.0,84.5,3090_2100A.txt
3090,2100A,Novec_2100A,1.111,101.7,0.0,84.5,1601.0,84.4,3090_2100A.txt
3090,2100A,Novec_2100A,2.213,100.2,0.0,84.5,1601.0,84.3,3090_2100A.txt
3090,2100A,Novec_2100A,3.323,100.4,0.0,84.5,1601.0,84.4,3090_2100A.txt
3090,2100A,Novec_2100A,4.437,101.3,0.0,84.5,1601.0,84.5,3090_2100A.txt
3090,2100A,Novec_2100A,5.531,101.1,0.0,84.5,1601.0,84.2,3090_2100A.txt
3090,2100A,Novec_2100A,6.622,100.1,0.0,84.5,1601.0,84.4,3090_2100A.txt
3090,2100A,Novec_2100A,7.736,101.4,0.0,84.5,1601.0,84.2,3090_2100A.txt
3090,2100A,Novec_2100A,8.842,100.7,0.0,84.5,1601.0,84.1,3090_2100A.txt
3090,2100A,Novec_2100A,9.939,100.4,0.0,84.5,1601.0,84.3,3090_2100A.txt
3090,2100A,Novec_2100A,11.039,101.1,0.0,84.5,1601.0,84.0,3090_2100A.txt
3090,2100A,Novec_2100A,12.138,99.8,0.0,84.5,1601.0,84.1,3090_2100A.txt
3090,2100A,Novec_2100A,13.238,101.2,0.0,84.5,1601.0,84.1,3090_2100A.txt
3090,2100A,Novec_2100A,1.115,100.2,0.0,84.0,1601.0,84.1,3090_2100A.txt
3090,2100A,Novec_2100A,2.239,101.4,0.0,84.0,1601.0,84.2,3090_2100A.txt
3090,2100A,Novec_2100A,3.337,99.9,0.0,84.0,1601.0,84.1,3090_2100A.txt
3090,2100A,Novec_2100A,4.431,100.8,0.0,84.0,1601.0,84.2,3090_2100A.txt
3090,2100A,Novec_2100A,5.516,101.4,0.0,84.0,1601.0,84.5,3090_2100A.txt
3090,2100A,Novec_2100A,6.618,100.3,0.0,84.0,1601.0,84.3,3090_2100A.txt
3090,2100A,Novec_2100A,7.729,121.0,0.0,84.0,1601.0,84.5,3090_2100A.txt
3090,2100A,Novec_2100A,8.818999999999999,142.3,0.0,84.0,1601.0,86.4,3090_2100A.txt
3090,2100A,Novec_2100A,9.916,102.3,0.0,84.0,1601.0,83.8,3090_2100A.txt
3090,2100A,Novec_2100A,11.015,103.9,0.0,84.0,1601.0,84.6,3090_2100A.txt
3090,2100A,Novec_2100A,12.131,104.0,0.0,84.0,1601.0,84.6,3090_2100A.txt
3090,2100A,Novec_2100A,13.235,102.5,0.0,84.0,1601.0,84.7,3090_2100A.txt
3090,2100A,Novec_2100A,14.334,103.5,0.0,84.0,1601.0,84.4,3090_2100A.txt
3090,2100A,Novec_2100A,1.098,103.8,0.0,84.3,1601.0,84.5,3090_2100A.txt
3090,2100A,Novec_2100A,2.181,103.8,0.0,84.3,1601.0,84.5,3090_2100A.txt
3090,2100A,Novec_2100A,3.287,102.9,0.0,84.3,1601.0,84.8,3090_2100A.txt
3090,2100A,Novec_2100A,4.378,103.8,0.0,84.3,1601.0,84.6,3090_2100A.txt
3090,2100A,Novec_2100A,5.495,99.8,0.0,84.3,1601.0,84.5,3090_2100A.txt
3090,2100A,Novec_2100A,6.591,102.7,0.0,84.3,1601.0,84.5,3090_2100A.txt
3090,2100A,Novec_2100A,7.703,103.7,0.0,84.3,1601.0,84.4,3090_2100A.txt
3090,2100A,Novec_2100A,8.817,103.9,0.0,84.3,1601.0,84.8,3090_2100A.txt
3090,2100A,Novec_2100A,9.918,102.7,0.0,84.3,1601.0,84.8,3090_2100A.txt
3090,2100A,Novec_2100A,11.091,140.9,0.0,84.3,1601.0,87.5,3090_2100A.txt
3090,2100A,Novec_2100A,12.134,62.7,0.0,84.3,1601.0,88.2,3090_2100A.txt
3090,2100A,Novec_2100A,13.236,132.5,0.0,84.3,1601.0,85.9,3090_2100A.txt
3090,2100A,Novec_2100A,1.107,130.6,0.0,85.0,1601.0,85.8,3090_2100A.txt
3090,2100A,Novec_2100A,2.198,63.6,0.0,85.0,1601.0,81.9,3090_2100A.txt
3090,2100A,Novec_2100A,3.305,60.3,0.0,85.0,1601.0,87.4,3090_2100A.txt
3090,2100A,Novec_2100A,4.433,125.7,0.0,85.0,1601.0,90.7,3090_2100A.txt
3090,2100A,Novec_2100A,5.508,66.2,0.0,85.0,1601.0,86.0,3090_2100A.txt
3090,2100A,Novec_2100A,6.612,60.0,0.0,85.0,1601.0,82.6,3090_2100A.txt
3090,2100A,Novec_2100A,7.718,116.0,0.0,85.0,1601.0,83.9,3090_2100A.txt
3090,2100A,Novec_2100A,8.818,104.2,0.0,85.0,1601.0,84.7,3090_2100A.txt
3090,2100A,Novec_2100A,9.931000000000001,87.9,0.0,85.0,1601.0,88.9,3090_2100A.txt
3090,2100A,Novec_2100A,11.038,109.3,0.0,85.0,1601.0,89.3,3090_2100A.txt
3090,2100A,Novec_2100A,12.146,61.8,0.0,85.0,1601.0,88.3,3090_2100A.txt
3090,2100A,Novec_2100A,13.227,86.9,0.0,85.0,1601.0,90.9,3090_2100A.txt
3090,2100A,Novec_2100A,14.333,101.5,0.0,85.0,1601.0,83.6,3090_2100A.txt
3090,2100A,Novec_2100A,1.101,110.7,0.0,85.1,1601.0,85.4,3090_2100A.txt
3090,2100A,Novec_2100A,2.213,107.4,0.0,85.1,1601.0,85.3,3090_2100A.txt
3090,2100A,Novec_2100A,3.298,92.7,0.0,85.1,1601.0,83.6,3090_2100A.txt
3090,2100A,Novec_2100A,4.413,91.6,0.0,85.1,1601.0,83.2,3090_2100A.txt
3090,2100A,Novec_2100A,5.509,101.5,0.0,85.1,1601.0,83.4,3090_2100A.txt
3090,2100A,Novec_2100A,6.601,107.4,0.0,85.1,1601.0,84.9,3090_2100A.txt
3090,2100A,Novec_2100A,7.694,107.2,0.0,85.1,1601.0,85.3,3090_2100A.txt
3090,2100A,Novec_2100A,8.784,107.8,0.0,85.1,1601.0,85.4,3090_2100A.txt
3090,2100A,Novec_2100A,9.879,107.9,0.0,85.1,1601.0,85.6,3090_2100A.txt
3090,2100A,Novec_2100A,10.961,106.4,0.0,85.1,1601.0,85.3,3090_2100A.txt
3090,2100A,Novec_2100A,12.062,96.3,0.0,85.1,1601.0,83.6,3090_2100A.txt
3090,2100A,Novec_2100A,13.167,106.4,0.0,85.1,1601.0,84.9,3090_2100A.txt
3090,2100A,Novec_2100A,14.276,105.4,0.0,85.1,1601.0,85.3,3090_2100A.txt
3090,2100A,Novec_2100A,1.087,110.8,0.0,85.3,1601.0,85.6,3090_2100A.txt
3090,2100A,Novec_2100A,2.181,109.5,0.0,85.3,1601.0,85.3,3090_2100A.txt
3090,2100A,Novec_2100A,3.281,110.7,0.0,85.3,1601.0,85.3,3090_2100A.txt
3090,2100A,Novec_2100A,4.383,128.8,0.0,85.3,1601.0,85.5,3090_2100A.txt
3090,2100A,Novec_2100A,5.476,63.9,0.0,85.3,1601.0,85.3,3090_2100A.txt
3090,2100A,Novec_2100A,6.566,123.1,0.0,85.3,1601.0,86.7,3090_2100A.txt
3090,2100A,Novec_2100A,7.662,67.9,0.0,85.3,1601.0,83.0,3090_2100A.txt
3090,2100A,Novec_2100A,8.756,55.4,0.0,85.3,1601.0,82.3,3090_2100A.txt
3090,2100A,Novec_2100A,9.844,132.1,0.0,85.3,1601.0,86.1,3090_2100A.txt
3090,2100A,Novec_2100A,10.943,134.1,0.0,85.3,1601.0,88.3,3090_2100A.txt
3090,2100A,Novec_2100A,12.055,110.8,0.0,85.3,1601.0,88.5,3090_2100A.txt
3090,2100A,Novec_2100A,13.152,81.4,0.0,85.3,1601.0,88.8,3090_2100A.txt
3090,2100A,Novec_2100A,1.112,63.2,0.0,86.9,1601.0,86.0,3090_2100A.txt
3090,2100A,Novec_2100A,2.234,83.2,0.0,86.9,1601.0,87.0,3090_2100A.txt
3090,2100A,Novec_2100A,3.321,103.4,0.0,86.9,1601.0,84.4,3090_2100A.txt
3090,2100A,Novec_2100A,4.418,104.0,0.0,86.9,1601.0,84.9,3090_2100A.txt
3090,2100A,Novec_2100A,5.5280000000000005,102.1,0.0,86.9,1601.0,84.7,3090_2100A.txt
3090,2100A,Novec_2100A,6.618,103.5,0.0,86.9,1601.0,84.7,3090_2100A.txt
3090,2100A,Novec_2100A,7.716,104.6,0.0,86.9,1601.0,84.7,3090_2100A.txt
3090,2100A,Novec_2100A,8.824,101.2,0.0,86.9,1601.0,84.5,3090_2100A.txt
3090,2100A,Novec_2100A,9.918,103.2,0.0,86.9,1601.0,84.7,3090_2100A.txt
3090,2100A,Novec_2100A,11.019,78.0,0.0,86.9,1601.0,83.8,3090_2100A.txt
3090,2100A,Novec_2100A,12.108,119.5,0.0,86.9,1601.0,87.1,3090_2100A.txt
3090,2100A,Novec_2100A,13.196,125.2,0.0,86.9,1601.0,86.8,3090_2100A.txt
3090,2100A,Novec_2100A,14.296,133.5,0.0,86.9,1601.0,86.4,3090_2100A.txt
3090,2100A,Novec_2100A,1.092,131.6,0.0,84.0,1601.0,86.4,3090_2100A.txt
3090,2100A,Novec_2100A,2.231,137.6,0.0,84.0,1601.0,90.8,3090_2100A.txt
3090,2100A,Novec_2100A,3.277,132.4,0.0,84.0,1601.0,85.1,3090_2100A.txt
3090,2100A,Novec_2100A,4.407,126.4,0.0,84.0,1601.0,84.6,3090_2100A.txt
3090,2100A,Novec_2100A,5.462,70.0,0.0,84.0,1601.0,84.6,3090_2100A.txt
3090,2100A,Novec_2100A,6.563,91.9,0.0,84.0,1601.0,83.8,3090_2100A.txt
3090,2100A,Novec_2100A,7.657,141.0,0.0,84.0,1601.0,87.8,3090_2100A.txt
3090,2100A,Novec_2100A,8.772,71.7,0.0,84.0,1601.0,84.3,3090_2100A.txt
3090,2100A,Novec_2100A,9.875,54.6,0.0,84.0,1601.0,82.7,3090_2100A.txt
3090,2100A,Novec_2100A,10.989,59.8,0.0,84.0,1601.0,83.2,3090_2100A.txt
3090,2100A,Novec_2100A,12.086,63.3,0.0,84.0,1601.0,84.0,3090_2100A.txt
3090,2100A,Novec_2100A,13.187,104.6,0.0,84.0,1601.0,85.0,3090_2100A.txt
3090,2100A,Novec_2100A,14.285,98.0,0.0,84.0,1601.0,84.1,3090_2100A.txt
3090,2100A,Novec_2100A,1.091,109.5,0.0,84.6,1601.0,85.1,3090_2100A.txt
3090,2100A,Novec_2100A,2.206,108.6,0.0,84.6,1601.0,85.4,3090_2100A.txt
3090,2100A,Novec_2100A,3.3,40.7,0.0,84.6,1601.0,82.6,3090_2100A.txt
3090,2100A,Novec_2100A,4.386,64.4,0.0,84.6,1601.0,86.5,3090_2100A.txt
3090,2100A,Novec_2100A,5.482,70.8,0.0,84.6,1601.0,85.4,3090_2100A.txt
3090,2100A,Novec_2100A,6.578,135.8,0.0,84.6,1601.0,89.4,3090_2100A.txt
3090,2100A,Novec_2100A,7.676,135.9,0.0,84.6,1601.0,89.7,3090_2100A.txt
3090,2100A,Novec_2100A,8.76,132.7,0.0,84.6,1601.0,90.7,3090_2100A.txt
3090,2100A,Novec_2100A,9.863,103.8,0.0,84.6,1601.0,83.4,3090_2100A.txt
3090,2100A,Novec_2100A,10.947,92.4,0.0,84.6,1601.0,84.2,3090_2100A.txt
3090,2100A,Novec_2100A,12.043,105.2,0.0,84.6,1601.0,85.0,3090_2100A.txt
3090,2100A,Novec_2100A,13.143,105.5,0.0,84.6,1601.0,85.0,3090_2100A.txt
3090,2100A,Novec_2100A,1.115,105.7,0.0,85.1,1601.0,85.0,3090_2100A.txt
3090,2100A,Novec_2100A,2.214,105.4,0.0,85.1,1601.0,84.9,3090_2100A.txt
3090,2100A,Novec_2100A,3.31,104.3,0.0,85.1,1601.0,85.2,3090_2100A.txt
3090,2100A,Novec_2100A,4.41,105.2,0.0,85.1,1601.0,85.1,3090_2100A.txt
3090,2100A,Novec_2100A,5.53,101.1,0.0,85.1,1601.0,84.7,3090_2100A.txt
3090,2100A,Novec_2100A,6.6370000000000005,105.4,0.0,85.1,1601.0,85.0,3090_2100A.txt
3090,2100A,Novec_2100A,7.716,105.4,0.0,85.1,1601.0,85.2,3090_2100A.txt
3090,2100A,Novec_2100A,8.815,104.5,0.0,85.1,1601.0,85.1,3090_2100A.txt
3090,2100A,Novec_2100A,9.911,105.6,0.0,85.1,1601.0,84.9,3090_2100A.txt
3090,2100A,Novec_2100A,11.005,104.9,0.0,85.1,1601.0,84.8,3090_2100A.txt
3090,2100A,Novec_2100A,12.102,100.3,0.0,85.1,1601.0,83.4,3090_2100A.txt
3090,2100A,Novec_2100A,13.214,101.0,0.0,85.1,1601.0,83.9,3090_2100A.txt
3090,2100A,Novec_2100A,14.307,99.5,0.0,85.1,1601.0,83.7,3090_2100A.txt
3090,2100A,Novec_2100A,1.092,101.0,0.0,84.2,1601.0,84.1,3090_2100A.txt
3090,2100A,Novec_2100A,2.189,101.0,0.0,84.2,1601.0,84.2,3090_2100A.txt
3090,2100A,Novec_2100A,3.29,100.7,0.0,84.2,1601.0,84.1,3090_2100A.txt
3090,2100A,Novec_2100A,4.404,100.4,0.0,84.2,1601.0,83.6,3090_2100A.txt
3090,2100A,Novec_2100A,5.511,99.7,0.0,84.2,1601.0,84.0,3090_2100A.txt
3090,2100A,Novec_2100A,6.629,101.1,0.0,84.2,1601.0,84.1,3090_2100A.txt
3090,2100A,Novec_2100A,7.741,101.0,0.0,84.2,1601.0,84.1,3090_2100A.txt
3090,2100A,Novec_2100A,8.85,99.8,0.0,84.2,1601.0,84.1,3090_2100A.txt
3090,2100A,Novec_2100A,9.948,95.6,0.0,84.2,1601.0,83.7,3090_2100A.txt
3090,2100A,Novec_2100A,11.05,101.1,0.0,84.2,1601.0,84.0,3090_2100A.txt
3090,2100A,Novec_2100A,12.13,100.0,0.0,84.2,1601.0,83.9,3090_2100A.txt
3090,2100A,Novec_2100A,13.249,100.9,0.0,84.2,1601.0,83.9,3090_2100A.txt
3090,2100A,Novec_2100A,14.327,101.2,0.0,84.2,1601.0,84.2,3090_2100A.txt
3090,2100A,Novec_2100A,1.117,100.9,0.0,84.0,1601.0,83.8,3090_2100A.txt
3090,2100A,Novec_2100A,2.212,100.0,0.0,84.0,1601.0,83.9,3090_2100A.txt
3090,2100A,Novec_2100A,3.302,135.6,0.0,84.0,1601.0,87.0,3090_2100A.txt
3090,2100A,Novec_2100A,4.402,74.3,0.0,84.0,1601.0,88.8,3090_2100A.txt
3090,2100A,Novec_2100A,5.498,54.0,0.0,84.0,1601.0,86.7,3090_2100A.txt
3090,2100A,Novec_2100A,6.592,48.5,0.0,84.0,1601.0,85.4,3090_2100A.txt
3090,2100A,Novec_2100A,7.701,61.1,0.0,84.0,1601.0,84.0,3090_2100A.txt
3090,2100A,Novec_2100A,8.796,116.6,0.0,84.0,1601.0,84.1,3090_2100A.txt
3090,2100A,Novec_2100A,9.913,55.6,0.0,84.0,1601.0,84.5,3090_2100A.txt
3090,2100A,Novec_2100A,11.001,59.0,0.0,84.0,1601.0,85.0,3090_2100A.txt
3090,2100A,Novec_2100A,12.208,132.9,0.0,84.0,1601.0,87.1,3090_2100A.txt
3090,2100A,Novec_2100A,13.306,132.0,0.0,84.0,1601.0,88.0,3090_2100A.txt
3090,2100A,Novec_2100A,1.099,112.6,0.0,89.7,1601.0,88.8,3090_2100A.txt
3090,2100A,Novec_2100A,2.191,101.6,0.0,89.7,1601.0,89.6,3090_2100A.txt
3090,2100A,Novec_2100A,3.288,84.9,0.0,89.7,1601.0,87.3,3090_2100A.txt
3090,2100A,Novec_2100A,4.388,124.2,0.0,89.7,1601.0,88.2,3090_2100A.txt
3090,2100A,Novec_2100A,5.506,143.1,0.0,89.7,1601.0,88.0,3090_2100A.txt
3090,2100A,Novec_2100A,6.6370000000000005,49.4,0.0,89.7,1601.0,82.2,3090_2100A.txt
3090,2100A,Novec_2100A,7.6899999999999995,61.5,0.0,89.7,1601.0,86.8,3090_2100A.txt
3090,2100A,Novec_2100A,8.805,69.6,0.0,89.7,1601.0,85.5,3090_2100A.txt
3090,2100A,Novec_2100A,9.898,135.5,0.0,89.7,1601.0,86.2,3090_2100A.txt
3090,2100A,Novec_2100A,10.989,101.9,0.0,89.7,1601.0,84.7,3090_2100A.txt
3090,2100A,Novec_2100A,12.088,120.3,0.0,89.7,1601.0,83.8,3090_2100A.txt
3090,2100A,Novec_2100A,13.197,78.1,0.0,89.7,1601.0,86.8,3090_2100A.txt
3090,2100A,Novec_2100A,14.281,133.2,0.0,89.7,1601.0,87.1,3090_2100A.txt
3090,2100A,Novec_2100A,1.117,109.0,0.0,86.0,1601.0,84.8,3090_2100A.txt
3090,2100A,Novec_2100A,2.211,68.3,0.0,86.0,1601.0,83.0,3090_2100A.txt
3090,2100A,Novec_2100A,3.298,66.6,0.0,86.0,1601.0,83.5,3090_2100A.txt
3090,2100A,Novec_2100A,4.416,89.7,0.0,86.0,1601.0,81.7,3090_2100A.txt
3090,2100A,Novec_2100A,5.531,109.3,0.0,86.0,1601.0,84.3,3090_2100A.txt
3090,2100A,Novec_2100A,6.628,109.8,0.0,86.0,1601.0,85.7,3090_2100A.txt
3090,2100A,Novec_2100A,7.731,109.3,0.0,86.0,1601.0,85.6,3090_2100A.txt
3090,2100A,Novec_2100A,8.838,109.4,0.0,86.0,1601.0,85.7,3090_2100A.txt
3090,2100A,Novec_2100A,9.937,108.2,0.0,86.0,1601.0,85.6,3090_2100A.txt
3090,2100A,Novec_2100A,11.036,111.6,0.0,86.0,1601.0,85.6,3090_2100A.txt
3090,2100A,Novec_2100A,12.134,110.3,0.0,86.0,1601.0,85.8,3090_2100A.txt
3090,2100A,Novec_2100A,13.223,82.0,0.0,86.0,1601.0,84.9,3090_2100A.txt
3090,2100A,Novec_2100A,1.12,65.1,0.0,89.9,1601.0,86.8,3090_2100A.txt
3090,2100A,Novec_2100A,2.201,51.1,0.0,89.9,1601.0,83.5,3090_2100A.txt
3090,2100A,Novec_2100A,3.318,66.7,0.0,89.9,1601.0,84.8,3090_2100A.txt
3090,2100A,Novec_2100A,4.438,133.2,0.0,89.9,1601.0,85.9,3090_2100A.txt
3090,2100A,Novec_2100A,5.518,136.4,0.0,89.9,1601.0,90.0,3090_2100A.txt
3090,2100A,Novec_2100A,6.645,71.8,0.0,89.9,1601.0,88.1,3090_2100A.txt
3090,2100A,Novec_2100A,7.749,73.0,0.0,89.9,1601.0,87.7,3090_2100A.txt
3090,2100A,Novec_2100A,8.846,71.7,0.0,89.9,1601.0,88.3,3090_2100A.txt
3090,2100A,Novec_2100A,9.954,48.1,0.0,89.9,1601.0,86.4,3090_2100A.txt
3090,2100A,Novec_2100A,11.055,64.2,0.0,89.9,1601.0,85.5,3090_2100A.txt
3090,2100A,Novec_2100A,12.167,90.8,0.0,89.9,1601.0,84.5,3090_2100A.txt
3090,2100A,Novec_2100A,13.258,129.9,0.0,89.9,1601.0,84.6,3090_2100A.txt
3090,2100A,Novec_2100A,14.35,72.7,0.0,89.9,1601.0,89.6,3090_2100A.txt
3090,2100A,Novec_2100A,1.119,58.9,0.0,85.3,1601.0,84.9,3090_2100A.txt
3090,2100A,Novec_2100A,2.231,82.5,0.0,85.3,1601.0,85.1,3090_2100A.txt
3090,2100A,Novec_2100A,3.327,136.8,0.0,85.3,1601.0,88.8,3090_2100A.txt
3090,2100A,Novec_2100A,4.448,135.1,0.0,85.3,1601.0,89.9,3090_2100A.txt
3090,2100A,Novec_2100A,5.551,99.4,0.0,85.3,1601.0,87.7,3090_2100A.txt
3090,2100A,Novec_2100A,6.6690000000000005,83.8,0.0,85.3,1601.0,84.9,3090_2100A.txt
3090,2100A,Novec_2100A,7.775,72.6,0.0,85.3,1601.0,87.2,3090_2100A.txt
3090,2100A,Novec_2100A,8.867,137.3,0.0,85.3,1601.0,91.2,3090_2100A.txt
3090,2100A,Novec_2100A,9.975999999999999,138.3,0.0,85.3,1601.0,90.8,3090_2100A.txt
3090,2100A,Novec_2100A,11.091,80.0,0.0,85.3,1601.0,88.3,3090_2100A.txt
3090,2100A,Novec_2100A,12.175,84.0,0.0,85.3,1601.0,89.3,3090_2100A.txt
3090,2100A,Novec_2100A,13.275,138.1,0.0,85.3,1601.0,90.3,3090_2100A.txt
3090,2100A,Novec_2100A,14.383,134.4,0.0,85.3,1601.0,87.8,3090_2100A.txt
3090,2100A,Novec_2100A,1.111,109.6,0.0,84.3,1601.0,91.3,3090_2100A.txt
3090,2100A,Novec_2100A,2.222,137.1,0.0,84.3,1601.0,89.0,3090_2100A.txt
3090,2100A,Novec_2100A,3.335,134.8,0.0,84.3,1601.0,90.7,3090_2100A.txt
3090,2100A,Novec_2100A,4.465,125.4,0.0,84.3,1601.0,90.9,3090_2100A.txt
3090,2100A,Novec_2100A,5.521,134.7,0.0,84.3,1601.0,88.0,3090_2100A.txt
3090,2100A,Novec_2100A,6.638,68.2,0.0,84.3,1601.0,86.9,3090_2100A.txt
3090,2100A,Novec_2100A,7.731,58.0,0.0,84.3,1601.0,82.3,3090_2100A.txt
3090,2100A,Novec_2100A,8.859,69.2,0.0,84.3,1601.0,83.6,3090_2100A.txt
3090,2100A,Novec_2100A,9.934,101.3,0.0,84.3,1601.0,84.3,3090_2100A.txt
3090,2100A,Novec_2100A,11.033,133.4,0.0,84.3,1601.0,85.8,3090_2100A.txt
3090,2100A,Novec_2100A,12.133,77.3,0.0,84.3,1601.0,83.0,3090_2100A.txt
3090,2100A,Novec_2100A,13.25,68.0,0.0,84.3,1601.0,82.5,3090_2100A.txt
3090,2100A,Novec_2100A,1.089,64.7,0.0,83.4,1601.0,85.1,3090_2100A.txt
3090,2100A,Novec_2100A,2.201,72.8,0.0,83.4,1601.0,82.6,3090_2100A.txt
3090,2100A,Novec_2100A,3.287,61.4,0.0,83.4,1601.0,83.2,3090_2100A.txt
3090,2100A,Novec_2100A,4.439,65.5,0.0,83.4,1601.0,85.2,3090_2100A.txt
3090,2100A,Novec_2100A,5.489,57.3,0.0,83.4,1601.0,86.1,3090_2100A.txt
3090,2100A,Novec_2100A,6.587,60.0,0.0,83.4,1601.0,83.8,3090_2100A.txt
3090,2100A,Novec_2100A,7.687,68.9,0.0,83.4,1601.0,83.2,3090_2100A.txt
3090,2100A,Novec_2100A,8.787,103.5,0.0,83.4,1601.0,84.4,3090_2100A.txt
3090,2100A,Novec_2100A,9.884,103.2,0.0,83.4,1601.0,84.5,3090_2100A.txt
3090,2100A,Novec_2100A,10.98,104.3,0.0,83.4,1601.0,84.4,3090_2100A.txt
3090,2100A,Novec_2100A,12.086,103.0,0.0,83.4,1601.0,84.2,3090_2100A.txt
3090,2100A,Novec_2100A,13.186,97.8,0.0,83.4,1601.0,84.3,3090_2100A.txt
3090,2100A,Novec_2100A,14.266,104.5,0.0,83.4,1601.0,84.4,3090_2100A.txt
3090,2100A,Novec_2100A,1.117,104.0,0.0,84.5,1601.0,84.3,3090_2100A.txt
3090,2100A,Novec_2100A,2.196,104.3,0.0,84.5,1601.0,84.4,3090_2100A.txt
3090,2100A,Novec_2100A,3.301,52.0,0.0,84.5,1601.0,82.0,3090_2100A.txt
3090,2100A,Novec_2100A,4.396,94.1,0.0,84.5,1601.0,82.8,3090_2100A.txt
3090,2100A,Novec_2100A,5.5,93.7,0.0,84.5,1601.0,83.0,3090_2100A.txt
3090,2100A,Novec_2100A,6.594,94.3,0.0,84.5,1601.0,83.1,3090_2100A.txt
3090,2100A,Novec_2100A,7.691,94.5,0.0,84.5,1601.0,83.0,3090_2100A.txt
3090,2100A,Novec_2100A,8.792,93.5,0.0,84.5,1601.0,83.2,3090_2100A.txt
3090,2100A,Novec_2100A,9.898,94.6,0.0,84.5,1601.0,83.2,3090_2100A.txt
3090,2100A,Novec_2100A,10.983,93.5,0.0,84.5,1601.0,83.3,3090_2100A.txt
3090,2100A,Novec_2100A,12.087,93.5,0.0,84.5,1601.0,83.1,3090_2100A.txt
3090,2100A,Novec_2100A,13.178,95.5,0.0,84.5,1601.0,83.2,3090_2100A.txt
3090,2100A,Novec_2100A,14.281,78.8,0.0,84.5,1601.0,82.3,3090_2100A.txt
3090,2100A,Novec_2100A,1.099,80.4,0.0,82.4,1601.0,82.6,3090_2100A.txt
3090,2100A,Novec_2100A,2.198,92.9,0.0,82.4,1601.0,82.8,3090_2100A.txt
3090,2100A,Novec_2100A,3.295,72.1,0.0,82.4,1601.0,81.6,3090_2100A.txt
3090,2100A,Novec_2100A,4.396,120.0,0.0,82.4,1601.0,85.7,3090_2100A.txt
3090,2100A,Novec_2100A,5.496,82.7,0.0,82.4,1601.0,83.6,3090_2100A.txt
3090,2100A,Novec_2100A,6.596,122.1,0.0,82.4,1601.0,84.8,3090_2100A.txt
3090,2100A,Novec_2100A,7.696,129.6,0.0,82.4,1601.0,85.8,3090_2100A.txt
3090,2100A,Novec_2100A,8.779,130.4,0.0,82.4,1601.0,86.3,3090_2100A.txt
3090,2100A,Novec_2100A,9.872,131.8,0.0,82.4,1601.0,87.1,3090_2100A.txt
3090,2100A,Novec_2100A,10.985,133.4,0.0,82.4,1601.0,88.1,3090_2100A.txt
3090,2100A,Novec_2100A,12.113,135.3,0.0,82.4,1601.0,90.7,3090_2100A.txt
3090,2100A,Novec_2100A,13.19,123.7,0.0,82.4,1601.0,88.9,3090_2100A.txt
3090,2100A,Novec_2100A,1.11,107.1,0.0,88.2,1601.0,84.4,3090_2100A.txt
3090,2100A,Novec_2100A,2.182,70.7,0.0,88.2,1601.0,81.8,3090_2100A.txt
3090,2100A,Novec_2100A,3.287,41.8,0.0,88.2,1601.0,81.7,3090_2100A.txt
3090,2100A,Novec_2100A,4.382,101.4,0.0,88.2,1601.0,83.5,3090_2100A.txt
3090,2100A,Novec_2100A,5.499,102.5,0.0,88.2,1601.0,83.9,3090_2100A.txt
3090,2100A,Novec_2100A,6.599,101.2,0.0,88.2,1601.0,84.0,3090_2100A.txt
3090,2100A,Novec_2100A,7.689,102.8,0.0,88.2,1601.0,84.4,3090_2100A.txt
3090,2100A,Novec_2100A,8.786,101.7,0.0,88.2,1601.0,84.4,3090_2100A.txt
3090,2100A,Novec_2100A,9.89,97.0,0.0,88.2,1601.0,83.8,3090_2100A.txt
3090,2100A,Novec_2100A,10.987,101.0,0.0,88.2,1601.0,83.9,3090_2100A.txt
3090,2100A,Novec_2100A,12.081,99.8,0.0,88.2,1601.0,84.0,3090_2100A.txt
3090,2100A,Novec_2100A,13.167,100.0,0.0,88.2,1601.0,83.9,3090_2100A.txt
3090,2100A,Novec_2100A,14.266,100.8,0.0,88.2,1601.0,83.9,3090_2100A.txt
3090,2100A,Novec_2100A,1.098,99.9,0.0,83.8,1601.0,83.8,3090_2100A.txt
3090,2100A,Novec_2100A,2.195,100.9,0.0,83.8,1601.0,83.8,3090_2100A.txt
3090,2100A,Novec_2100A,3.287,99.9,0.0,83.8,1601.0,83.8,3090_2100A.txt
3090,2100A,Novec_2100A,4.378,101.8,0.0,83.8,1601.0,84.3,3090_2100A.txt
3090,2100A,Novec_2100A,5.476,102.4,0.0,83.8,1601.0,84.2,3090_2100A.txt
3090,2100A,Novec_2100A,6.571,101.5,0.0,83.8,1601.0,84.1,3090_2100A.txt
3090,2100A,Novec_2100A,7.676,102.5,0.0,83.8,1601.0,84.1,3090_2100A.txt
3090,2100A,Novec_2100A,8.773,101.9,0.0,83.8,1601.0,83.7,3090_2100A.txt
3090,2100A,Novec_2100A,9.873,95.9,0.0,83.8,1601.0,83.7,3090_2100A.txt
3090,2100A,Novec_2100A,10.966,100.7,0.0,83.8,1601.0,83.7,3090_2100A.txt
3090,2100A,Novec_2100A,12.076,100.8,0.0,83.8,1601.0,83.8,3090_2100A.txt
3090,2100A,Novec_2100A,13.173,99.6,0.0,83.8,1601.0,83.7,3090_2100A.txt
3090,2100A,Novec_2100A,14.274000000000001,100.7,0.0,83.8,1601.0,83.8,3090_2100A.txt
3090,2100A,Novec_2100A,1.097,27.0,0.0,83.7,1601.0,78.2,3090_2100A.txt
3090,2100A,Novec_2100A,2.19,121.6,0.0,83.7,1601.0,85.9,3090_2100A.txt
3090,2100A,Novec_2100A,3.293,75.8,0.0,83.7,1601.0,87.6,3090_2100A.txt
3090,2100A,Novec_2100A,4.396,64.1,0.0,83.7,1601.0,86.0,3090_2100A.txt
3090,2100A,Novec_2100A,5.481,105.2,0.0,83.7,1601.0,84.6,3090_2100A.txt
3090,2100A,Novec_2100A,6.568,120.2,0.0,83.7,1601.0,86.8,3090_2100A.txt
3090,2100A,Novec_2100A,7.67,96.1,0.0,83.7,1601.0,84.1,3090_2100A.txt
3090,2100A,Novec_2100A,8.779,57.5,0.0,83.7,1601.0,82.2,3090_2100A.txt
3090,2100A,Novec_2100A,9.859,103.4,0.0,83.7,1601.0,90.1,3090_2100A.txt
3090,2100A,Novec_2100A,10.965,118.3,0.0,83.7,1601.0,85.2,3090_2100A.txt
3090,2100A,Novec_2100A,12.058,108.1,0.0,83.7,1601.0,84.8,3090_2100A.txt
3090,2100A,Novec_2100A,13.173,93.6,0.0,83.7,1601.0,83.1,3090_2100A.txt
3090,2100A,Novec_2100A,1.108,94.5,0.0,83.3,1601.0,83.1,3090_2100A.txt
3090,2100A,Novec_2100A,2.203,84.4,0.0,83.3,1601.0,82.7,3090_2100A.txt
3090,2100A,Novec_2100A,3.31,94.6,0.0,83.3,1601.0,83.3,3090_2100A.txt
3090,2100A,Novec_2100A,4.4030000000000005,94.6,0.0,83.3,1601.0,83.2,3090_2100A.txt
3090,2100A,Novec_2100A,5.518,92.3,0.0,83.3,1601.0,82.9,3090_2100A.txt
3090,2100A,Novec_2100A,6.615,85.3,0.0,83.3,1601.0,82.6,3090_2100A.txt
3090,2100A,Novec_2100A,7.699,93.7,0.0,83.3,1601.0,83.2,3090_2100A.txt
3090,2100A,Novec_2100A,8.816,94.5,0.0,83.3,1601.0,83.2,3090_2100A.txt
3090,2100A,Novec_2100A,9.918,94.3,0.0,83.3,1601.0,82.9,3090_2100A.txt
3090,2100A,Novec_2100A,11.015,83.8,0.0,83.3,1601.0,82.5,3090_2100A.txt
3090,2100A,Novec_2100A,12.115,93.9,0.0,83.3,1601.0,83.0,3090_2100A.txt
3090,2100A,Novec_2100A,13.208,94.3,0.0,83.3,1601.0,83.0,3090_2100A.txt
3090,2100A,Novec_2100A,14.291,93.2,0.0,83.3,1601.0,82.9,3090_2100A.txt
3090,2100A,Novec_2100A,1.112,69.4,0.0,80.5,1601.0,83.6,3090_2100A.txt
3090,2100A,Novec_2100A,2.218,30.7,0.0,80.5,1601.0,80.3,3090_2100A.txt
3090,2100A,Novec_2100A,3.317,81.9,0.0,80.5,1601.0,90.9,3090_2100A.txt
3090,2100A,Novec_2100A,4.413,49.7,0.0,80.5,1601.0,82.4,3090_2100A.txt
3090,2100A,Novec_2100A,5.506,56.3,0.0,80.5,1601.0,82.9,3090_2100A.txt
3090,2100A,Novec_2100A,6.599,56.8,0.0,80.5,1601.0,82.8,3090_2100A.txt
3090,2100A,Novec_2100A,7.7059999999999995,122.9,0.0,80.5,1601.0,85.2,3090_2100A.txt
3090,2100A,Novec_2100A,8.817,133.8,0.0,80.5,1601.0,85.9,3090_2100A.txt
3090,2100A,Novec_2100A,9.898,81.5,0.0,80.5,1601.0,87.2,3090_2100A.txt
3090,2100A,Novec_2100A,11.013,63.0,0.0,80.5,1601.0,83.0,3090_2100A.txt
3090,2100A,Novec_2100A,12.105,50.8,0.0,80.5,1601.0,81.6,3090_2100A.txt
3090,2100A,Novec_2100A,13.196,96.7,0.0,80.5,1601.0,84.6,3090_2100A.txt
3090,2100A,Novec_2100A,1.099,83.7,0.0,89.0,1601.0,86.7,3090_2100A.txt
3090,2100A,Novec_2100A,2.195,101.4,0.0,89.0,1601.0,83.2,3090_2100A.txt
3090,2100A,Novec_2100A,3.281,131.5,0.0,89.0,1601.0,84.9,3090_2100A.txt
3090,2100A,Novec_2100A,4.379,82.6,0.0,89.0,1601.0,83.4,3090_2100A.txt
3090,2100A,Novec_2100A,5.513,67.1,0.0,89.0,1601.0,83.3,3090_2100A.txt
3090,2100A,Novec_2100A,6.562,63.1,0.0,89.0,1601.0,82.6,3090_2100A.txt
3090,2100A,Novec_2100A,7.654,89.7,0.0,89.0,1601.0,90.4,3090_2100A.txt
3090,2100A,Novec_2100A,8.747,69.7,0.0,89.0,1601.0,85.6,3090_2100A.txt
3090,2100A,Novec_2100A,9.848,70.4,0.0,89.0,1601.0,88.3,3090_2100A.txt
3090,2100A,Novec_2100A,10.969,136.4,0.0,89.0,1601.0,89.9,3090_2100A.txt
3090,2100A,Novec_2100A,12.06,136.9,0.0,89.0,1601.0,90.8,3090_2100A.txt
3090,2100A,Novec_2100A,13.127,85.8,0.0,89.0,1601.0,84.4,3090_2100A.txt
3090,2100A,Novec_2100A,14.227,133.1,0.0,89.0,1601.0,88.0,3090_2100A.txt
3090,2100A,Novec_2100A,1.1,131.9,0.0,88.7,1601.0,86.7,3090_2100A.txt
3090,2100A,Novec_2100A,2.259,80.0,0.0,88.7,1601.0,80.9,3090_2100A.txt
3090,2100A,Novec_2100A,3.319,56.8,0.0,88.7,1601.0,87.5,3090_2100A.txt
3090,2100A,Novec_2100A,4.419,102.3,0.0,88.7,1601.0,89.5,3090_2100A.txt
3090,2100A,Novec_2100A,5.576,133.5,0.0,88.7,1601.0,90.4,3090_2100A.txt
3090,2100A,Novec_2100A,6.615,134.4,0.0,88.7,1601.0,88.1,3090_2100A.txt
3090,2100A,Novec_2100A,7.73,130.3,0.0,88.7,1601.0,85.6,3090_2100A.txt
3090,2100A,Novec_2100A,8.854,131.9,0.0,88.7,1601.0,85.3,3090_2100A.txt
3090,2100A,Novec_2100A,9.945,68.9,0.0,88.7,1601.0,82.4,3090_2100A.txt
3090,2100A,Novec_2100A,11.036,134.1,0.0,88.7,1601.0,90.3,3090_2100A.txt
3090,2100A,Novec_2100A,12.137,56.4,0.0,88.7,1601.0,85.2,3090_2100A.txt
3090,2100A,Novec_2100A,13.231,62.1,0.0,88.7,1601.0,84.7,3090_2100A.txt
3090,2100A,Novec_2100A,14.324,63.1,0.0,88.7,1601.0,83.1,3090_2100A.txt
3090,2100A,Novec_2100A,1.113,28.6,0.0,86.8,1601.0,79.2,3090_2100A.txt
3090,2100A,Novec_2100A,2.232,131.4,0.0,86.8,1601.0,87.0,3090_2100A.txt
3090,2100A,Novec_2100A,3.34,133.0,0.0,86.8,1601.0,86.4,3090_2100A.txt
3090,2100A,Novec_2100A,4.429,136.4,0.0,86.8,1601.0,87.3,3090_2100A.txt
3090,2100A,Novec_2100A,5.52,131.8,0.0,86.8,1601.0,87.7,3090_2100A.txt
3090,2100A,Novec_2100A,6.63,71.1,0.0,86.8,1601.0,87.4,3090_2100A.txt
3090,2100A,Novec_2100A,7.712,74.8,0.0,86.8,1601.0,85.0,3090_2100A.txt
3090,2100A,Novec_2100A,8.831,75.4,0.0,86.8,1601.0,84.3,3090_2100A.txt
3090,2100A,Novec_2100A,9.962,62.0,0.0,86.8,1601.0,84.0,3090_2100A.txt
3090,2100A,Novec_2100A,11.03,129.0,0.0,86.8,1601.0,85.1,3090_2100A.txt
3090,2100A,Novec_2100A,12.14,78.0,0.0,86.8,1601.0,83.8,3090_2100A.txt
3090,2100A,Novec_2100A,13.244,61.9,0.0,86.8,1601.0,82.8,3090_2100A.txt
3090,2100A,Novec_2100A,1.098,79.6,0.0,82.5,1601.0,83.6,3090_2100A.txt
3090,2100A,Novec_2100A,2.203,129.4,0.0,82.5,1601.0,85.7,3090_2100A.txt
3090,2100A,Novec_2100A,3.303,110.3,0.0,82.5,1601.0,84.5,3090_2100A.txt
3090,2100A,Novec_2100A,4.397,136.1,0.0,82.5,1601.0,88.5,3090_2100A.txt
3090,2100A,Novec_2100A,5.493,65.1,0.0,82.5,1601.0,87.7,3090_2100A.txt
3090,2100A,Novec_2100A,6.614,68.6,0.0,82.5,1601.0,83.0,3090_2100A.txt
3090,2100A,Novec_2100A,7.696,106.1,0.0,82.5,1601.0,84.1,3090_2100A.txt
3090,2100A,Novec_2100A,8.812,66.3,0.0,82.5,1601.0,82.1,3090_2100A.txt
3090,2100A,Novec_2100A,9.95,55.8,0.0,82.5,1601.0,82.9,3090_2100A.txt
3090,2100A,Novec_2100A,11.012,63.0,0.0,82.5,1601.0,84.1,3090_2100A.txt
3090,2100A,Novec_2100A,12.231,95.6,0.0,82.5,1601.0,83.5,3090_2100A.txt
3090,2100A,Novec_2100A,13.325,95.0,0.0,82.5,1601.0,83.3,3090_2100A.txt
3090,2100A,Novec_2100A,14.418,100.5,0.0,82.5,1601.0,83.1,3090_2100A.txt
3090,2100A,Novec_2100A,1.1,139.2,0.0,83.2,1601.0,85.3,3090_2100A.txt
3090,2100A,Novec_2100A,2.212,65.7,0.0,83.2,1601.0,86.2,3090_2100A.txt
3090,2100A,Novec_2100A,3.3,124.9,0.0,83.2,1601.0,84.8,3090_2100A.txt
3090,2100A,Novec_2100A,4.399,99.2,0.0,83.2,1601.0,83.4,3090_2100A.txt
3090,2100A,Novec_2100A,5.493,95.0,0.0,83.2,1601.0,83.3,3090_2100A.txt
3090,2100A,Novec_2100A,6.588,92.1,0.0,83.2,1601.0,82.8,3090_2100A.txt
3090,2100A,Novec_2100A,7.694,117.4,0.0,83.2,1601.0,84.3,3090_2100A.txt
3090,2100A,Novec_2100A,8.791,137.4,0.0,83.2,1601.0,90.0,3090_2100A.txt
3090,2100A,Novec_2100A,9.879,135.8,0.0,83.2,1601.0,88.8,3090_2100A.txt
3090,2100A,Novec_2100A,10.975999999999999,130.9,0.0,83.2,1601.0,86.3,3090_2100A.txt
3090,2100A,Novec_2100A,12.09,135.6,0.0,83.2,1601.0,89.3,3090_2100A.txt
3090,2100A,Novec_2100A,13.18,61.5,0.0,83.2,1601.0,83.0,3090_2100A.txt
3090,2100A,Novec_2100A,14.279,103.6,0.0,83.2,1601.0,84.8,3090_2100A.txt
3090,2100A,Novec_2100A,1.113,105.2,0.0,84.7,1601.0,84.7,3090_2100A.txt
3090,2100A,Novec_2100A,2.211,104.3,0.0,84.7,1601.0,84.5,3090_2100A.txt
3090,2100A,Novec_2100A,3.312,29.9,0.0,84.7,1601.0,76.3,3090_2100A.txt
3090,2100A,Novec_2100A,4.391,24.4,0.0,84.7,1601.0,72.7,3090_2100A.txt
3090,2100A,Novec_2100A,5.49,26.9,0.0,84.7,1601.0,74.9,3090_2100A.txt
3090,2100A,Novec_2100A,6.58,54.1,0.0,84.7,1601.0,76.3,3090_2100A.txt
3090,2100A,Novec_2100A,7.676,30.1,0.0,84.7,1601.0,74.3,3090_2100A.txt
3090,2100A,Novec_2100A,8.816,31.9,0.0,84.7,1601.0,75.9,3090_2100A.txt
3090,2100A,Novec_2100A,9.858,25.4,0.0,84.7,1601.0,72.8,3090_2100A.txt
3090,2100A,Novec_2100A,10.974,26.9,0.0,84.7,1601.0,75.2,3090_2100A.txt
3090,2100A,Novec_2100A,12.063,52.4,0.0,84.7,1601.0,76.6,3090_2100A.txt
3090,2100A,Novec_2100A,13.27,50.0,0.0,84.7,1601.0,75.3,3090_2100A.txt
3090,2100A,Novec_2100A,1.097,24.4,0.0,74.3,1601.0,72.5,3090_2100A.txt
3090,2100A,Novec_2100A,2.187,30.7,0.0,74.3,1601.0,72.9,3090_2100A.txt
3090,2100A,Novec_2100A,3.273,23.5,0.0,74.3,1601.0,72.1,3090_2100A.txt
3090,2100A,Novec_2100A,4.366,24.5,0.0,74.3,1601.0,73.0,3090_2100A.txt
3090,2100A,Novec_2100A,5.484,24.0,0.0,74.3,1601.0,71.3,3090_2100A.txt
3090,2100A,Novec_2100A,6.599,31.7,0.0,74.3,1601.0,74.0,3090_2100A.txt
3090,2100A,Novec_2100A,7.714,24.4,0.0,74.3,1601.0,71.3,3090_2100A.txt
3090,2100A,Novec_2100A,8.812,30.5,0.0,74.3,1601.0,73.1,3090_2100A.txt
3090,2100A,Novec_2100A,9.917,29.3,0.0,74.3,1601.0,72.4,3090_2100A.txt
3090,2100A,Novec_2100A,11.014,66.8,0.0,74.3,1601.0,76.4,3090_2100A.txt
3090,2100A,Novec_2100A,12.124,23.4,0.0,74.3,1601.0,70.3,3090_2100A.txt
3090,2100A,Novec_2100A,13.221,31.1,0.0,74.3,1601.0,75.1,3090_2100A.txt
3090,2100A,Novec_2100A,14.31,26.0,0.0,74.3,1601.0,72.7,3090_2100A.txt
3090,2100A,Novec_2100A,1.097,23.5,0.0,72.7,1601.0,71.4,3090_2100A.txt
3090,2100A,Novec_2100A,2.195,26.9,0.0,72.7,1601.0,73.9,3090_2100A.txt
3090,2100A,Novec_2100A,3.309,24.7,0.0,72.7,1601.0,71.5,3090_2100A.txt
3090,2100A,Novec_2100A,4.408,24.2,0.0,72.7,1601.0,72.3,3090_2100A.txt
3090,2100A,Novec_2100A,5.494,36.8,0.0,72.7,1601.0,74.1,3090_2100A.txt
3090,2100A,Novec_2100A,6.608,36.1,0.0,72.7,1601.0,74.3,3090_2100A.txt
3090,2100A,Novec_2100A,7.714,24.6,0.0,72.7,1601.0,72.8,3090_2100A.txt
3090,2100A,Novec_2100A,8.809,27.7,0.0,72.7,1601.0,71.8,3090_2100A.txt
3090,2100A,Novec_2100A,9.905,23.2,0.0,72.7,1601.0,70.8,3090_2100A.txt
3090,2100A,Novec_2100A,10.996,24.8,0.0,72.7,1601.0,72.4,3090_2100A.txt
3090,2100A,Novec_2100A,12.091,37.0,0.0,72.7,1601.0,73.7,3090_2100A.txt
3090,2100A,Novec_2100A,13.186,25.0,0.0,72.7,1601.0,72.1,3090_2100A.txt
3090,2100A,Novec_2100A,1.124,92.4,0.0,74.2,1601.0,80.7,3090_2100A.txt
3090,2100A,Novec_2100A,2.22,93.6,0.0,74.2,1601.0,81.0,3090_2100A.txt
3090,2100A,Novec_2100A,3.279,26.2,0.0,74.2,1601.0,74.4,3090_2100A.txt
3090,2100A,Novec_2100A,4.39,24.0,0.0,74.2,1601.0,72.3,3090_2100A.txt
3090,2100A,Novec_2100A,5.504,23.2,0.0,74.2,1601.0,71.1,3090_2100A.txt
3090,2100A,Novec_2100A,6.6,23.8,0.0,74.2,1601.0,72.2,3090_2100A.txt
3090,2100A,Novec_2100A,7.703,24.4,0.0,74.2,1601.0,72.4,3090_2100A.txt
3090,2100A,Novec_2100A,8.803,24.0,0.0,74.2,1601.0,71.2,3090_2100A.txt
3090,2100A,Novec_2100A,9.896,23.8,0.0,74.2,1601.0,71.4,3090_2100A.txt
3090,2100A,Novec_2100A,10.99,38.6,0.0,74.2,1601.0,75.3,3090_2100A.txt
3090,2100A,Novec_2100A,12.088,36.8,0.0,74.2,1601.0,75.2,3090_2100A.txt
3090,2100A,Novec_2100A,13.196,26.9,0.0,74.2,1601.0,72.2,3090_2100A.txt
3090,2100A,Novec_2100A,14.295,23.7,0.0,74.2,1601.0,71.5,3090_2100A.txt
3090,2100A,Novec_2100A,1.103,24.1,0.0,70.0,1601.0,72.9,3090_2100A.txt
3090,2100A,Novec_2100A,2.231,27.3,0.0,70.0,1601.0,73.4,3090_2100A.txt
3090,2100A,Novec_2100A,3.285,25.3,0.0,70.0,1601.0,71.3,3090_2100A.txt
3090,2100A,Novec_2100A,4.399,24.0,0.0,70.0,1601.0,71.8,3090_2100A.txt
3090,2100A,Novec_2100A,5.496,43.2,0.0,70.0,1601.0,76.1,3090_2100A.txt
3090,2100A,Novec_2100A,6.589,42.9,0.0,70.0,1601.0,76.2,3090_2100A.txt
3090,7100,Novec_7100,1.242,13.5,0.0,57.4,1372.0,54.2,3090_7100.txt
3090,7100,Novec_7100,2.367,12.9,0.0,57.4,1372.0,52.4,3090_7100.txt
3090,7100,Novec_7100,3.64,13.9,0.0,57.4,1372.0,51.5,3090_7100.txt
3090,7100,Novec_7100,4.718,19.0,0.0,57.4,1372.0,58.9,3090_7100.txt
3090,7100,Novec_7100,5.811,21.0,0.0,57.4,1372.0,64.1,3090_7100.txt
3090,7100,Novec_7100,6.91,19.8,0.0,57.4,1372.0,62.1,3090_7100.txt
3090,7100,Novec_7100,8.137,15.1,0.0,57.4,1372.0,56.8,3090_7100.txt
3090,7100,Novec_7100,9.321,16.1,0.0,57.4,1372.0,54.1,3090_7100.txt
3090,7100,Novec_7100,10.532,16.4,0.0,57.4,1372.0,52.9,3090_7100.txt
3090,7100,Novec_7100,11.626,19.4,0.0,57.4,1372.0,52.8,3090_7100.txt
3090,7100,Novec_7100,12.73,14.5,0.0,57.4,1372.0,52.6,3090_7100.txt
3090,7100,Novec_7100,13.812,15.8,0.0,57.4,1372.0,51.7,3090_7100.txt
3090,7100,Novec_7100,14.923,14.2,0.0,57.4,1372.0,51.0,3090_7100.txt
3090,7100,Novec_7100,1.216,15.3,0.0,50.8,1372.0,50.8,3090_7100.txt
3090,7100,Novec_7100,2.307,18.5,0.0,50.8,1372.0,52.0,3090_7100.txt
3090,7100,Novec_7100,3.403,28.1,0.0,50.8,1372.0,54.2,3090_7100.txt
3090,7100,Novec_7100,4.527,17.4,0.0,50.8,1372.0,52.3,3090_7100.txt
3090,7100,Novec_7100,5.621,25.1,0.0,50.8,1372.0,52.4,3090_7100.txt
3090,7100,Novec_7100,6.833,17.2,0.0,50.8,1372.0,52.2,3090_7100.txt
3090,7100,Novec_7100,7.955,28.8,0.0,50.8,1372.0,52.7,3090_7100.txt
3090,7100,Novec_7100,9.04,18.9,0.0,50.8,1372.0,52.7,3090_7100.txt
3090,7100,Novec_7100,10.135,24.3,0.0,50.8,1372.0,57.5,3090_7100.txt
3090,7100,Novec_7100,11.248,17.8,0.0,50.8,1372.0,62.3,3090_7100.txt
3090,7100,Novec_7100,12.445,14.8,0.0,50.8,1372.0,55.9,3090_7100.txt
3090,7100,Novec_7100,13.782,14.3,0.0,50.8,1372.0,53.0,3090_7100.txt
3090,7100,Novec_7100,1.1219999999999999,13.8,0.0,51.8,1372.0,51.2,3090_7100.txt
3090,7100,Novec_7100,2.207,18.1,0.0,51.8,1372.0,51.4,3090_7100.txt
3090,7100,Novec_7100,3.319,16.0,0.0,51.8,1372.0,54.9,3090_7100.txt
3090,7100,Novec_7100,4.395,17.0,0.0,51.8,1372.0,58.3,3090_7100.txt
3090,7100,Novec_7100,5.493,14.2,0.0,51.8,1372.0,56.0,3090_7100.txt
3090,7100,Novec_7100,6.687,14.3,0.0,51.8,1372.0,53.4,3090_7100.txt
3090,7100,Novec_7100,7.821,15.4,0.0,51.8,1372.0,52.3,3090_7100.txt
3090,7100,Novec_7100,9.011,16.1,0.0,51.8,1372.0,52.2,3090_7100.txt
3090,7100,Novec_7100,10.099,34.2,0.0,51.8,1372.0,53.9,3090_7100.txt
3090,7100,Novec_7100,11.18,19.7,0.0,51.8,1372.0,61.9,3090_7100.txt
3090,7100,Novec_7100,12.266,19.8,0.0,51.8,1372.0,64.1,3090_7100.txt
3090,7100,Novec_7100,13.384,16.6,0.0,51.8,1372.0,63.5,3090_7100.txt
3090,7100,Novec_7100,1.224,21.9,0.0,63.8,1372.0,59.0,3090_7100.txt
3090,7100,Novec_7100,2.427,22.8,0.0,63.8,1372.0,56.8,3090_7100.txt
3090,7100,Novec_7100,3.52,18.0,0.0,63.8,1372.0,60.7,3090_7100.txt
3090,7100,Novec_7100,4.643,17.7,0.0,63.8,1372.0,62.1,3090_7100.txt
3090,7100,Novec_7100,5.72,18.9,0.0,63.8,1372.0,60.8,3090_7100.txt
3090,7100,Novec_7100,6.797,19.8,0.0,63.8,1372.0,57.2,3090_7100.txt
3090,7100,Novec_7100,7.937,19.2,0.0,63.8,1372.0,55.7,3090_7100.txt
3090,7100,Novec_7100,9.037,20.5,0.0,63.8,1372.0,57.8,3090_7100.txt
3090,7100,Novec_7100,10.138,51.6,0.0,63.8,1372.0,65.7,3090_7100.txt
3090,7100,Novec_7100,11.224,19.0,0.0,63.8,1372.0,64.2,3090_7100.txt
3090,7100,Novec_7100,12.452,17.8,0.0,63.8,1372.0,64.4,3090_7100.txt
3090,7100,Novec_7100,13.538,24.3,0.0,63.8,1372.0,60.3,3090_7100.txt
3090,7100,Novec_7100,1.085,24.9,0.0,58.4,1372.0,62.7,3090_7100.txt
3090,7100,Novec_7100,2.184,28.7,0.0,58.4,1372.0,67.0,3090_7100.txt
3090,7100,Novec_7100,3.274,30.2,0.0,58.4,1372.0,75.1,3090_7100.txt
3090,7100,Novec_7100,4.372,26.5,0.0,58.4,1372.0,74.1,3090_7100.txt
3090,7100,Novec_7100,5.48,24.5,0.0,58.4,1372.0,72.6,3090_7100.txt
3090,7100,Novec_7100,6.579,33.4,0.0,58.4,1372.0,71.3,3090_7100.txt
3090,7100,Novec_7100,7.693,40.7,0.0,58.4,1372.0,71.7,3090_7100.txt
3090,7100,Novec_7100,8.81,39.6,0.0,58.4,1372.0,72.6,3090_7100.txt
3090,7100,Novec_7100,9.915,51.5,0.0,58.4,1372.0,79.6,3090_7100.txt
3090,7100,Novec_7100,11.028,66.0,0.0,58.4,1372.0,83.8,3090_7100.txt
3090,7100,Novec_7100,12.109,29.2,0.0,58.4,1372.0,80.2,3090_7100.txt
3090,7100,Novec_7100,13.234,26.3,0.0,58.4,1372.0,76.8,3090_7100.txt
3090,7100,Novec_7100,14.329,17.8,0.0,58.4,1372.0,71.3,3090_7100.txt
3090,7100,Novec_7100,1.224,20.8,0.0,62.9,1372.0,59.5,3090_7100.txt
3090,7100,Novec_7100,2.474,25.3,0.0,62.9,1372.0,58.5,3090_7100.txt
3090,7100,Novec_7100,3.516,22.3,0.0,62.9,1372.0,65.9,3090_7100.txt
3090,7100,Novec_7100,4.638,22.2,0.0,62.9,1372.0,67.2,3090_7100.txt
3090,7100,Novec_7100,5.742,19.1,0.0,62.9,1372.0,66.0,3090_7100.txt
3090,7100,Novec_7100,6.843,20.5,0.0,62.9,1372.0,65.4,3090_7100.txt
3090,7100,Novec_7100,8.067,25.7,0.0,62.9,1372.0,61.7,3090_7100.txt
3090,7100,Novec_7100,9.155,35.5,0.0,62.9,1372.0,70.5,3090_7100.txt
3090,7100,Novec_7100,10.256,25.1,0.0,62.9,1372.0,73.8,3090_7100.txt
3090,7100,Novec_7100,11.328,25.1,0.0,62.9,1372.0,71.4,3090_7100.txt
3090,7100,Novec_7100,12.464,20.8,0.0,62.9,1372.0,68.6,3090_7100.txt
3090,7100,Novec_7100,13.657,23.0,0.0,62.9,1372.0,66.4,3090_7100.txt
3090,7100,Novec_7100,1.059,43.8,0.0,60.5,1372.0,62.7,3090_7100.txt
3090,7100,Novec_7100,2.163,46.1,0.0,60.5,1372.0,68.9,3090_7100.txt
3090,7100,Novec_7100,3.277,23.0,0.0,60.5,1372.0,67.2,3090_7100.txt
3090,7100,Novec_7100,4.381,25.1,0.0,60.5,1372.0,66.9,3090_7100.txt
3090,7100,Novec_7100,5.4719999999999995,27.8,0.0,60.5,1372.0,66.7,3090_7100.txt
3090,7100,Novec_7100,6.6370000000000005,23.9,0.0,60.5,1372.0,65.8,3090_7100.txt
3090,7100,Novec_7100,7.818,24.4,0.0,60.5,1372.0,65.5,3090_7100.txt
3090,7100,Novec_7100,8.891,31.1,0.0,60.5,1372.0,70.3,3090_7100.txt
3090,7100,Novec_7100,9.96,54.5,0.0,60.5,1372.0,75.3,3090_7100.txt
3090,7100,Novec_7100,11.07,29.3,0.0,60.5,1372.0,71.3,3090_7100.txt
3090,7100,Novec_7100,12.161,29.4,0.0,60.5,1372.0,70.1,3090_7100.txt
3090,7100,Novec_7100,13.271,29.2,0.0,60.5,1372.0,69.6,3090_7100.txt
3090,7100,Novec_7100,14.358,33.6,0.0,60.5,1372.0,70.0,3090_7100.txt
3090,7100,Novec_7100,1.095,76.6,0.0,72.3,1372.0,80.5,3090_7100.txt
3090,7100,Novec_7100,2.205,55.1,0.0,72.3,1372.0,79.1,3090_7100.txt
3090,7100,Novec_7100,3.296,31.9,0.0,72.3,1372.0,81.3,3090_7100.txt
3090,7100,Novec_7100,4.423,27.8,0.0,72.3,1372.0,76.6,3090_7100.txt
3090,7100,Novec_7100,5.534,54.4,0.0,72.3,1372.0,76.4,3090_7100.txt
3090,7100,Novec_7100,6.626,48.8,0.0,72.3,1372.0,75.6,3090_7100.txt
3090,7100,Novec_7100,7.741,35.4,0.0,72.3,1372.0,75.2,3090_7100.txt
3090,7100,Novec_7100,8.843,50.4,0.0,72.3,1372.0,79.0,3090_7100.txt
3090,7100,Novec_7100,9.955,63.2,0.0,72.3,1372.0,84.9,3090_7100.txt
3090,7100,Novec_7100,11.053,61.0,0.0,72.3,1372.0,83.3,3090_7100.txt
3090,7100,Novec_7100,12.148,63.5,0.0,72.3,1372.0,88.3,3090_7100.txt
3090,7100,Novec_7100,13.246,31.5,0.0,72.3,1372.0,83.1,3090_7100.txt
3090,7100,Novec_7100,1.087,23.3,0.0,79.5,1372.0,74.4,3090_7100.txt
3090,7100,Novec_7100,2.199,23.9,0.0,79.5,1372.0,71.2,3090_7100.txt
3090,7100,Novec_7100,3.447,30.7,0.0,79.5,1372.0,70.7,3090_7100.txt
3090,7100,Novec_7100,4.527,29.9,0.0,79.5,1372.0,71.4,3090_7100.txt
3090,7100,Novec_7100,5.602,41.6,0.0,79.5,1372.0,74.3,3090_7100.txt
3090,7100,Novec_7100,6.721,21.1,0.0,79.5,1372.0,69.5,3090_7100.txt
3090,7100,Novec_7100,7.837,19.4,0.0,79.5,1372.0,68.4,3090_7100.txt
3090,7100,Novec_7100,8.919,28.9,0.0,79.5,1372.0,68.2,3090_7100.txt
3090,7100,Novec_7100,10.017,18.3,0.0,79.5,1372.0,68.6,3090_7100.txt
3090,7100,Novec_7100,11.101,31.1,0.0,79.5,1372.0,69.5,3090_7100.txt
3090,7100,Novec_7100,12.212,34.4,0.0,79.5,1372.0,72.0,3090_7100.txt
3090,7100,Novec_7100,13.294,56.1,0.0,79.5,1372.0,79.7,3090_7100.txt
3090,7100,Novec_7100,14.392,27.8,0.0,79.5,1372.0,76.5,3090_7100.txt
3090,7100,Novec_7100,1.1219999999999999,22.0,0.0,74.1,1372.0,71.5,3090_7100.txt
3090,7100,Novec_7100,2.237,33.3,0.0,74.1,1372.0,72.3,3090_7100.txt
3090,7100,Novec_7100,3.336,39.4,0.0,74.1,1372.0,73.3,3090_7100.txt
3090,7100,Novec_7100,4.451,42.1,0.0,74.1,1372.0,73.9,3090_7100.txt
3090,7100,Novec_7100,5.533,22.9,0.0,74.1,1372.0,74.5,3090_7100.txt
3090,7100,Novec_7100,6.634,23.1,0.0,74.1,1372.0,71.5,3090_7100.txt
3090,7100,Novec_7100,7.748,24.1,0.0,74.1,1372.0,70.7,3090_7100.txt
3090,7100,Novec_7100,8.850999999999999,39.1,0.0,74.1,1372.0,72.5,3090_7100.txt
3090,7100,Novec_7100,9.958,39.1,0.0,74.1,1372.0,73.2,3090_7100.txt
3090,7100,Novec_7100,11.079,43.6,0.0,74.1,1372.0,74.6,3090_7100.txt
3090,7100,Novec_7100,12.266,41.1,0.0,74.1,1372.0,77.6,3090_7100.txt
3090,7100,Novec_7100,13.343,50.8,0.0,74.1,1372.0,82.2,3090_7100.txt
3090,7100,Novec_7100,1.124,35.7,0.0,81.7,1372.0,80.0,3090_7100.txt
3090,7100,Novec_7100,2.219,35.4,0.0,81.7,1372.0,76.8,3090_7100.txt
3090,7100,Novec_7100,3.325,36.2,0.0,81.7,1372.0,77.4,3090_7100.txt
3090,7100,Novec_7100,4.4,66.8,0.0,81.7,1372.0,79.8,3090_7100.txt
3090,7100,Novec_7100,5.494,84.4,0.0,81.7,1372.0,82.6,3090_7100.txt
3090,7100,Novec_7100,6.596,56.4,0.0,81.7,1372.0,87.1,3090_7100.txt
3090,7100,Novec_7100,7.693,52.6,0.0,81.7,1372.0,84.9,3090_7100.txt
3090,7100,Novec_7100,8.804,113.5,0.0,81.7,1372.0,86.8,3090_7100.txt
3090,7100,Novec_7100,9.9,117.7,0.0,81.7,1372.0,87.2,3090_7100.txt
3090,7100,Novec_7100,10.977,41.7,0.0,81.7,1372.0,83.8,3090_7100.txt
3090,7100,Novec_7100,12.09,46.9,0.0,81.7,1372.0,80.1,3090_7100.txt
3090,7100,Novec_7100,13.2,37.3,0.0,81.7,1372.0,77.6,3090_7100.txt
3090,7100,Novec_7100,14.279,38.6,0.0,81.7,1372.0,81.5,3090_7100.txt
3090,7100,Novec_7100,1.076,93.5,0.0,82.4,1372.0,88.4,3090_7100.txt
3090,7100,Novec_7100,2.197,84.1,0.0,82.4,1372.0,84.7,3090_7100.txt
3090,7100,Novec_7100,3.299,126.3,0.0,82.4,1372.0,88.3,3090_7100.txt
3090,7100,Novec_7100,4.386,73.5,0.0,82.4,1372.0,86.7,3090_7100.txt
3090,7100,Novec_7100,5.476,75.2,0.0,82.4,1372.0,87.4,3090_7100.txt
3090,7100,Novec_7100,6.58,124.2,0.0,82.4,1372.0,88.8,3090_7100.txt
3090,7100,Novec_7100,7.67,46.3,0.0,82.4,1372.0,87.3,3090_7100.txt
3090,7100,Novec_7100,8.756,115.8,0.0,82.4,1372.0,88.8,3090_7100.txt
3090,7100,Novec_7100,9.859,31.1,0.0,82.4,1372.0,81.9,3090_7100.txt
3090,7100,Novec_7100,10.943999999999999,32.1,0.0,82.4,1372.0,78.8,3090_7100.txt
3090,7100,Novec_7100,12.058,21.4,0.0,82.4,1372.0,73.9,3090_7100.txt
3090,7100,Novec_7100,13.144,21.8,0.0,82.4,1372.0,72.2,3090_7100.txt
3090,7100,Novec_7100,1.13,31.6,0.0,73.1,1372.0,75.9,3090_7100.txt
3090,7100,Novec_7100,2.216,49.1,0.0,73.1,1372.0,79.6,3090_7100.txt
3090,7100,Novec_7100,3.301,31.3,0.0,73.1,1372.0,82.1,3090_7100.txt
3090,7100,Novec_7100,4.417,29.9,0.0,73.1,1372.0,78.8,3090_7100.txt
3090,7100,Novec_7100,5.521,27.0,0.0,73.1,1372.0,75.2,3090_7100.txt
3090,7100,Novec_7100,6.632,24.7,0.0,73.1,1372.0,73.4,3090_7100.txt
3090,7100,Novec_7100,7.74,45.1,0.0,73.1,1372.0,75.3,3090_7100.txt
3090,7100,Novec_7100,8.831,47.2,0.0,73.1,1372.0,75.5,3090_7100.txt
3090,7100,Novec_7100,9.915,47.1,0.0,73.1,1372.0,79.6,3090_7100.txt
3090,7100,Novec_7100,11.038,49.3,0.0,73.1,1372.0,82.3,3090_7100.txt
3090,7100,Novec_7100,12.129,32.4,0.0,73.1,1372.0,80.4,3090_7100.txt
3090,7100,Novec_7100,13.269,35.0,0.0,73.1,1372.0,78.3,3090_7100.txt
3090,7100,Novec_7100,14.333,24.9,0.0,73.1,1372.0,74.1,3090_7100.txt
3090,7100,Novec_7100,1.103,61.1,0.0,72.7,1372.0,75.9,3090_7100.txt
3090,7100,Novec_7100,2.199,51.0,0.0,72.7,1372.0,75.9,3090_7100.txt
3090,7100,Novec_7100,3.284,47.1,0.0,72.7,1372.0,79.0,3090_7100.txt
3090,7100,Novec_7100,4.4030000000000005,107.3,0.0,72.7,1372.0,84.9,3090_7100.txt
3090,7100,Novec_7100,5.527,34.1,0.0,72.7,1372.0,82.3,3090_7100.txt
3090,7100,Novec_7100,6.599,33.2,0.0,72.7,1372.0,80.1,3090_7100.txt
3090,7100,Novec_7100,7.825,29.1,0.0,72.7,1372.0,76.2,3090_7100.txt
3090,7100,Novec_7100,8.933,53.1,0.0,72.7,1372.0,79.2,3090_7100.txt
3090,7100,Novec_7100,10.019,55.3,0.0,72.7,1372.0,77.9,3090_7100.txt
3090,7100,Novec_7100,11.138,50.1,0.0,72.7,1372.0,81.1,3090_7100.txt
3090,7100,Novec_7100,12.213,70.0,0.0,72.7,1372.0,83.6,3090_7100.txt
3090,7100,Novec_7100,13.317,75.2,0.0,72.7,1372.0,84.1,3090_7100.txt
3090,7100,Novec_7100,14.419,62.5,0.0,72.7,1372.0,86.1,3090_7100.txt
3090,7100,Novec_7100,1.112,34.8,0.0,89.1,1372.0,80.3,3090_7100.txt
3090,7100,Novec_7100,2.188,33.7,0.0,89.1,1372.0,79.4,3090_7100.txt
3090,7100,Novec_7100,3.293,77.5,0.0,89.1,1372.0,81.5,3090_7100.txt
3090,7100,Novec_7100,4.379,47.0,0.0,89.1,1372.0,79.3,3090_7100.txt
3090,7100,Novec_7100,5.469,43.0,0.0,89.1,1372.0,82.8,3090_7100.txt
3090,7100,Novec_7100,6.5649999999999995,82.4,0.0,89.1,1372.0,84.8,3090_7100.txt
3090,7100,Novec_7100,7.6850000000000005,65.8,0.0,89.1,1372.0,85.9,3090_7100.txt
3090,7100,Novec_7100,8.759,67.2,0.0,89.1,1372.0,85.9,3090_7100.txt
3090,7100,Novec_7100,9.846,124.0,0.0,89.1,1372.0,88.7,3090_7100.txt
3090,7100,Novec_7100,10.947,66.9,0.0,89.1,1372.0,85.3,3090_7100.txt
3090,7100,Novec_7100,12.028,56.6,0.0,89.1,1372.0,87.3,3090_7100.txt
3090,7100,Novec_7100,13.157,60.4,0.0,89.1,1372.0,88.1,3090_7100.txt
3090,7100,Novec_7100,1.098,40.8,0.0,88.8,1372.0,85.8,3090_7100.txt
3090,7100,Novec_7100,2.189,43.5,0.0,88.8,1372.0,81.3,3090_7100.txt
3090,7100,Novec_7100,3.289,34.7,0.0,88.8,1372.0,81.1,3090_7100.txt
3090,7100,Novec_7100,4.4030000000000005,34.2,0.0,88.8,1372.0,82.3,3090_7100.txt
3090,7100,Novec_7100,5.486,55.8,0.0,88.8,1372.0,82.4,3090_7100.txt
3090,7100,Novec_7100,6.639,49.2,0.0,88.8,1372.0,86.1,3090_7100.txt
3090,7100,Novec_7100,7.697,47.2,0.0,88.8,1372.0,84.0,3090_7100.txt
3090,7100,Novec_7100,8.796,55.3,0.0,88.8,1372.0,86.8,3090_7100.txt
3090,7100,Novec_7100,9.896,55.0,0.0,88.8,1372.0,87.5,3090_7100.txt
3090,7100,Novec_7100,10.977,78.1,0.0,88.8,1372.0,85.2,3090_7100.txt
3090,7100,Novec_7100,12.079,84.4,0.0,88.8,1372.0,88.2,3090_7100.txt
3090,7100,Novec_7100,13.175,127.6,0.0,88.8,1372.0,88.7,3090_7100.txt
3090,7100,Novec_7100,14.302,114.5,0.0,88.8,1372.0,89.0,3090_7100.txt
3090,7100,Novec_7100,1.139,87.2,0.0,87.0,1372.0,87.0,3090_7100.txt
3090,7100,Novec_7100,2.231,52.4,0.0,87.0,1372.0,86.9,3090_7100.txt
3090,7100,Novec_7100,3.346,133.5,0.0,87.0,1372.0,89.9,3090_7100.txt
3090,7100,Novec_7100,4.448,118.1,0.0,87.0,1372.0,88.5,3090_7100.txt
3090,7100,Novec_7100,5.584,130.4,0.0,87.0,1372.0,92.3,3090_7100.txt
3090,7100,Novec_7100,6.659,104.9,0.0,87.0,1372.0,92.0,3090_7100.txt
3090,7100,Novec_7100,7.77,101.8,0.0,87.0,1372.0,88.3,3090_7100.txt
3090,7100,Novec_7100,8.857,127.2,0.0,87.0,1372.0,89.7,3090_7100.txt
3090,7100,Novec_7100,9.952,35.3,0.0,87.0,1372.0,81.7,3090_7100.txt
3090,7100,Novec_7100,11.057,27.9,0.0,87.0,1372.0,77.6,3090_7100.txt
3090,7100,Novec_7100,12.167,25.1,0.0,87.0,1372.0,74.4,3090_7100.txt
3090,7100,Novec_7100,13.245,25.5,0.0,87.0,1372.0,73.4,3090_7100.txt
3090,7100,Novec_7100,1.1,39.9,0.0,79.3,1372.0,81.0,3090_7100.txt
3090,7100,Novec_7100,2.212,40.5,0.0,79.3,1372.0,80.9,3090_7100.txt
3090,7100,Novec_7100,3.3,84.5,0.0,79.3,1372.0,84.3,3090_7100.txt
3090,7100,Novec_7100,4.443,34.0,0.0,79.3,1372.0,82.7,3090_7100.txt
3090,7100,Novec_7100,5.598,25.6,0.0,79.3,1372.0,76.6,3090_7100.txt
3090,7100,Novec_7100,6.741,26.5,0.0,79.3,1372.0,74.4,3090_7100.txt
3090,7100,Novec_7100,7.823,39.5,0.0,79.3,1372.0,74.5,3090_7100.txt
3090,7100,Novec_7100,8.936,42.9,0.0,79.3,1372.0,76.4,3090_7100.txt
3090,7100,Novec_7100,10.059,48.3,0.0,79.3,1372.0,79.1,3090_7100.txt
3090,7100,Novec_7100,11.135,51.3,0.0,79.3,1372.0,83.3,3090_7100.txt
3090,7100,Novec_7100,12.26,56.4,0.0,79.3,1372.0,85.2,3090_7100.txt
3090,7100,Novec_7100,13.362,72.1,0.0,79.3,1372.0,84.6,3090_7100.txt
3090,7100,Novec_7100,14.454,62.6,0.0,79.3,1372.0,86.8,3090_7100.txt
3090,7100,Novec_7100,1.106,36.0,0.0,83.9,1372.0,81.0,3090_7100.txt
3090,7100,Novec_7100,2.22,48.1,0.0,83.9,1372.0,78.8,3090_7100.txt
3090,7100,Novec_7100,3.3,39.4,0.0,83.9,1372.0,76.2,3090_7100.txt
3090,7100,Novec_7100,4.418,37.5,0.0,83.9,1372.0,76.8,3090_7100.txt
3090,7100,Novec_7100,5.526,61.4,0.0,83.9,1372.0,86.0,3090_7100.txt
3090,7100,Novec_7100,6.622,68.2,0.0,83.9,1372.0,81.8,3090_7100.txt
3090,7100,Novec_7100,7.715,125.4,0.0,83.9,1372.0,87.6,3090_7100.txt
3090,7100,Novec_7100,8.858,53.8,0.0,83.9,1372.0,84.8,3090_7100.txt
3090,7100,Novec_7100,9.93,101.5,0.0,83.9,1372.0,87.5,3090_7100.txt
3090,7100,Novec_7100,11.052,33.7,0.0,83.9,1372.0,86.2,3090_7100.txt
3090,7100,Novec_7100,12.128,35.0,0.0,83.9,1372.0,82.4,3090_7100.txt
3090,7100,Novec_7100,13.227,35.6,0.0,83.9,1372.0,81.9,3090_7100.txt
3090,7100,Novec_7100,1.088,40.6,0.0,83.5,1372.0,81.3,3090_7100.txt
3090,7100,Novec_7100,2.215,44.9,0.0,83.5,1372.0,82.9,3090_7100.txt
3090,7100,Novec_7100,3.304,59.4,0.0,83.5,1372.0,83.7,3090_7100.txt
3090,7100,Novec_7100,4.426,59.8,0.0,83.5,1372.0,86.2,3090_7100.txt
3090,7100,Novec_7100,5.504,101.6,0.0,83.5,1372.0,86.7,3090_7100.txt
3090,7100,Novec_7100,6.589,116.8,0.0,83.5,1372.0,88.1,3090_7100.txt
3090,7100,Novec_7100,7.702,39.5,0.0,83.5,1372.0,86.4,3090_7100.txt
3090,7100,Novec_7100,8.807,97.7,0.0,83.5,1372.0,87.5,3090_7100.txt
3090,7100,Novec_7100,9.906,37.2,0.0,83.5,1372.0,85.3,3090_7100.txt
3090,7100,Novec_7100,11.0,43.3,0.0,83.5,1372.0,85.8,3090_7100.txt
3090,7100,Novec_7100,12.098,113.1,0.0,83.5,1372.0,87.9,3090_7100.txt
3090,7100,Novec_7100,13.258,46.6,0.0,83.5,1372.0,83.2,3090_7100.txt
3090,7100,Novec_7100,14.311,39.5,0.0,83.5,1372.0,81.3,3090_7100.txt
3090,7100,Novec_7100,1.094,54.8,0.0,79.9,1372.0,83.3,3090_7100.txt
3090,7100,Novec_7100,2.193,47.7,0.0,79.9,1372.0,85.2,3090_7100.txt
3090,7100,Novec_7100,3.314,110.0,0.0,79.9,1372.0,87.8,3090_7100.txt
3090,7100,Novec_7100,4.45,53.7,0.0,79.9,1372.0,84.9,3090_7100.txt
3090,7100,Novec_7100,5.51,123.6,0.0,79.9,1372.0,88.3,3090_7100.txt
3090,7100,Novec_7100,6.611,76.0,0.0,79.9,1372.0,86.8,3090_7100.txt
3090,7100,Novec_7100,7.694,57.0,0.0,79.9,1372.0,85.5,3090_7100.txt
3090,7100,Novec_7100,8.81,131.8,0.0,79.9,1372.0,88.7,3090_7100.txt
3090,7100,Novec_7100,9.908,68.3,0.0,79.9,1372.0,86.0,3090_7100.txt
3090,7100,Novec_7100,11.012,36.5,0.0,79.9,1372.0,86.2,3090_7100.txt
3090,7100,Novec_7100,12.125,108.3,0.0,79.9,1372.0,87.7,3090_7100.txt
3090,7100,Novec_7100,13.228,120.7,0.0,79.9,1372.0,86.9,3090_7100.txt
3090,7100,Novec_7100,14.327,122.0,0.0,79.9,1372.0,88.1,3090_7100.txt
3090,7100,Novec_7100,1.213,84.0,0.0,90.6,1372.0,89.7,3090_7100.txt
3090,7100,Novec_7100,2.313,127.6,0.0,90.6,1372.0,89.9,3090_7100.txt
3090,7100,Novec_7100,3.409,120.2,0.0,90.6,1372.0,88.0,3090_7100.txt
3090,7100,Novec_7100,4.5120000000000005,125.3,0.0,90.6,1372.0,88.8,3090_7100.txt
3090,7100,Novec_7100,5.6129999999999995,53.9,0.0,90.6,1372.0,85.1,3090_7100.txt
3090,7100,Novec_7100,6.723,69.2,0.0,90.6,1372.0,87.8,3090_7100.txt
3090,7100,Novec_7100,7.814,64.0,0.0,90.6,1372.0,86.9,3090_7100.txt
3090,7100,Novec_7100,9.012,46.3,0.0,90.6,1372.0,80.8,3090_7100.txt
3090,7100,Novec_7100,10.113,94.2,0.0,90.6,1372.0,84.9,3090_7100.txt
3090,7100,Novec_7100,11.232,54.9,0.0,90.6,1372.0,82.5,3090_7100.txt
3090,7100,Novec_7100,12.322,68.5,0.0,90.6,1372.0,84.8,3090_7100.txt
3090,7100,Novec_7100,13.437,112.1,0.0,90.6,1372.0,88.7,3090_7100.txt
3090,7100,Novec_7100,1.094,42.2,0.0,85.9,1372.0,86.0,3090_7100.txt
3090,7100,Novec_7100,2.222,135.7,0.0,85.9,1372.0,89.6,3090_7100.txt
3090,7100,Novec_7100,3.323,74.3,0.0,85.9,1372.0,87.1,3090_7100.txt
3090,7100,Novec_7100,4.425,81.3,0.0,85.9,1372.0,85.5,3090_7100.txt
3090,7100,Novec_7100,5.505,123.0,0.0,85.9,1372.0,87.7,3090_7100.txt
3090,7100,Novec_7100,6.609,126.6,0.0,85.9,1372.0,88.9,3090_7100.txt
3090,7100,Novec_7100,7.71,128.5,0.0,85.9,1372.0,88.9,3090_7100.txt
3090,7100,Novec_7100,8.847,102.5,0.0,85.9,1372.0,85.8,3090_7100.txt
3090,7100,Novec_7100,9.897,87.5,0.0,85.9,1372.0,88.4,3090_7100.txt
3090,7100,Novec_7100,11.003,120.2,0.0,85.9,1372.0,88.4,3090_7100.txt
3090,7100,Novec_7100,12.107,54.6,0.0,85.9,1372.0,89.6,3090_7100.txt
3090,7100,Novec_7100,13.18,115.8,0.0,85.9,1372.0,92.8,3090_7100.txt
3090,7100,Novec_7100,14.27,129.8,0.0,85.9,1372.0,88.8,3090_7100.txt
3090,7100,Novec_7100,1.116,68.9,0.0,88.4,1372.0,87.0,3090_7100.txt
3090,7100,Novec_7100,2.204,32.7,0.0,88.4,1372.0,84.7,3090_7100.txt
3090,7100,Novec_7100,3.322,58.3,0.0,88.4,1372.0,88.8,3090_7100.txt
3090,7100,Novec_7100,4.449,83.2,0.0,88.4,1372.0,89.4,3090_7100.txt
3090,7100,Novec_7100,5.572,137.0,0.0,88.4,1372.0,91.7,3090_7100.txt
3090,7100,Novec_7100,6.673,71.5,0.0,88.4,1372.0,86.1,3090_7100.txt
3090,7100,Novec_7100,7.756,115.7,0.0,88.4,1372.0,88.5,3090_7100.txt
3090,7100,Novec_7100,8.839,124.4,0.0,88.4,1372.0,88.8,3090_7100.txt
3090,7100,Novec_7100,9.969,117.7,0.0,88.4,1372.0,88.5,3090_7100.txt
3090,7100,Novec_7100,11.052,63.0,0.0,88.4,1372.0,88.6,3090_7100.txt
3090,7100,Novec_7100,12.178,71.1,0.0,88.4,1372.0,87.1,3090_7100.txt
3090,7100,Novec_7100,13.251,71.4,0.0,88.4,1372.0,88.0,3090_7100.txt
3090,7100,Novec_7100,1.098,126.8,0.0,87.9,1372.0,90.8,3090_7100.txt
3090,7100,Novec_7100,2.208,31.7,0.0,87.9,1372.0,85.0,3090_7100.txt
3090,7100,Novec_7100,3.31,77.8,0.0,87.9,1372.0,88.1,3090_7100.txt
3090,7100,Novec_7100,4.409,68.3,0.0,87.9,1372.0,87.0,3090_7100.txt
3090,7100,Novec_7100,5.489,118.7,0.0,87.9,1372.0,89.1,3090_7100.txt
3090,7100,Novec_7100,6.623,96.0,0.0,87.9,1372.0,91.6,3090_7100.txt
3090,7100,Novec_7100,7.721,68.3,0.0,87.9,1372.0,87.0,3090_7100.txt
3090,7100,Novec_7100,8.818999999999999,95.4,0.0,87.9,1372.0,92.2,3090_7100.txt
3090,7100,Novec_7100,9.922,64.3,0.0,87.9,1372.0,88.8,3090_7100.txt
3090,7100,Novec_7100,11.123,26.8,0.0,87.9,1372.0,77.5,3090_7100.txt
3090,7100,Novec_7100,12.203,21.4,0.0,87.9,1372.0,73.1,3090_7100.txt
3090,7100,Novec_7100,13.308,32.6,0.0,87.9,1372.0,72.3,3090_7100.txt
3090,7100,Novec_7100,14.428,21.8,0.0,87.9,1372.0,70.1,3090_7100.txt
3090,7100,Novec_7100,1.08,50.3,0.0,75.2,1372.0,73.5,3090_7100.txt
3090,7100,Novec_7100,2.175,28.0,0.0,75.2,1372.0,77.2,3090_7100.txt
3090,7100,Novec_7100,3.357,119.9,0.0,75.2,1372.0,83.2,3090_7100.txt
3090,7100,Novec_7100,4.399,33.8,0.0,75.2,1372.0,84.8,3090_7100.txt
3090,7100,Novec_7100,5.478,54.0,0.0,75.2,1372.0,86.2,3090_7100.txt
3090,7100,Novec_7100,6.567,90.5,0.0,75.2,1372.0,87.1,3090_7100.txt
3090,7100,Novec_7100,7.678,33.2,0.0,75.2,1372.0,84.3,3090_7100.txt
3090,7100,Novec_7100,8.777,41.2,0.0,75.2,1372.0,81.0,3090_7100.txt
3090,7100,Novec_7100,9.858,32.4,0.0,75.2,1372.0,76.7,3090_7100.txt
3090,7100,Novec_7100,10.961,24.9,0.0,75.2,1372.0,76.8,3090_7100.txt
3090,7100,Novec_7100,12.039,58.1,0.0,75.2,1372.0,77.0,3090_7100.txt
3090,7100,Novec_7100,13.136,32.8,0.0,75.2,1372.0,80.7,3090_7100.txt
3090,7100,Novec_7100,14.258,49.7,0.0,75.2,1372.0,84.0,3090_7100.txt
3090,7100,Novec_7100,1.049,75.9,0.0,88.8,1372.0,84.8,3090_7100.txt
3090,7100,Novec_7100,2.16,112.7,0.0,88.8,1372.0,86.8,3090_7100.txt
3090,7100,Novec_7100,3.262,102.0,0.0,88.8,1372.0,90.0,3090_7100.txt
3090,7100,Novec_7100,4.36,47.7,0.0,88.8,1372.0,83.8,3090_7100.txt
3090,7100,Novec_7100,5.46,111.7,0.0,88.8,1372.0,87.0,3090_7100.txt
3090,7100,Novec_7100,6.558,134.0,0.0,88.8,1372.0,91.1,3090_7100.txt
3090,7100,Novec_7100,7.659,70.5,0.0,88.8,1372.0,86.9,3090_7100.txt
3090,7100,Novec_7100,8.836,69.5,0.0,88.8,1372.0,87.8,3090_7100.txt
3090,7100,Novec_7100,9.882,82.9,0.0,88.8,1372.0,92.2,3090_7100.txt
3090,7100,Novec_7100,11.01,32.5,0.0,88.8,1372.0,84.1,3090_7100.txt
3090,7100,Novec_7100,12.081,50.8,0.0,88.8,1372.0,82.5,3090_7100.txt
3090,7100,Novec_7100,13.179,32.2,0.0,88.8,1372.0,77.1,3090_7100.txt
3090,7100,Novec_7100,1.073,45.9,0.0,84.3,1372.0,81.7,3090_7100.txt
3090,7100,Novec_7100,2.168,92.3,0.0,84.3,1372.0,85.9,3090_7100.txt
3090,7100,Novec_7100,3.266,68.8,0.0,84.3,1372.0,83.3,3090_7100.txt
3090,7100,Novec_7100,4.35,131.2,0.0,84.3,1372.0,88.9,3090_7100.txt
3090,7100,Novec_7100,5.448,56.8,0.0,84.3,1372.0,88.7,3090_7100.txt
3090,7100,Novec_7100,6.572,57.3,0.0,84.3,1372.0,86.6,3090_7100.txt
3090,7100,Novec_7100,7.6129999999999995,81.1,0.0,84.3,1372.0,86.2,3090_7100.txt
3090,7100,Novec_7100,8.719,84.5,0.0,84.3,1372.0,86.7,3090_7100.txt
3090,7100,Novec_7100,9.829,74.9,0.0,84.3,1372.0,87.5,3090_7100.txt
3090,7100,Novec_7100,10.92,53.7,0.0,84.3,1372.0,86.5,3090_7100.txt
3090,7100,Novec_7100,12.028,81.5,0.0,84.3,1372.0,91.2,3090_7100.txt
3090,7100,Novec_7100,13.14,118.1,0.0,84.3,1372.0,93.0,3090_7100.txt
3090,7100,Novec_7100,14.221,47.6,0.0,84.3,1372.0,86.2,3090_7100.txt
3090,7100,Novec_7100,1.123,145.3,0.0,86.7,1372.0,94.0,3090_7100.txt
3090,7100,Novec_7100,2.19,86.4,0.0,86.7,1372.0,87.6,3090_7100.txt
3090,7100,Novec_7100,3.332,51.1,0.0,86.7,1372.0,86.3,3090_7100.txt
3090,7100,Novec_7100,4.395,62.4,0.0,86.7,1372.0,86.6,3090_7100.txt
3090,7100,Novec_7100,5.49,71.6,0.0,86.7,1372.0,91.3,3090_7100.txt
3090,7100,Novec_7100,6.608,52.7,0.0,86.7,1372.0,86.6,3090_7100.txt
3090,7100,Novec_7100,7.692,51.4,0.0,86.7,1372.0,85.8,3090_7100.txt
3090,7100,Novec_7100,8.792,69.9,0.0,86.7,1372.0,86.8,3090_7100.txt
3090,7100,Novec_7100,9.953,61.5,0.0,86.7,1372.0,86.5,3090_7100.txt
3090,7100,Novec_7100,11.037,32.8,0.0,86.7,1372.0,83.9,3090_7100.txt
3090,7100,Novec_7100,12.102,43.2,0.0,86.7,1372.0,81.8,3090_7100.txt
3090,7100,Novec_7100,13.213,32.5,0.0,86.7,1372.0,81.1,3090_7100.txt
3090,7100,Novec_7100,14.318,98.9,0.0,86.7,1372.0,86.1,3090_7100.txt
3090,7100,Novec_7100,1.089,120.3,0.0,82.2,1372.0,84.1,3090_7100.txt
3090,7100,Novec_7100,2.192,133.6,0.0,82.2,1372.0,90.5,3090_7100.txt
3090,7100,Novec_7100,3.267,136.3,0.0,82.2,1372.0,89.4,3090_7100.txt
3090,7100,Novec_7100,4.384,63.3,0.0,82.2,1372.0,84.7,3090_7100.txt
3090,7100,Novec_7100,5.514,116.7,0.0,82.2,1372.0,86.5,3090_7100.txt
3090,7100,Novec_7100,6.609,78.0,0.0,82.2,1372.0,88.9,3090_7100.txt
3090,7100,Novec_7100,7.7,121.2,0.0,82.2,1372.0,89.8,3090_7100.txt
3090,7100,Novec_7100,8.811,114.0,0.0,82.2,1372.0,89.2,3090_7100.txt
3090,7100,Novec_7100,9.93,119.2,0.0,82.2,1372.0,92.1,3090_7100.txt
3090,7100,Novec_7100,11.023,52.7,0.0,82.2,1372.0,85.3,3090_7100.txt
3090,7100,Novec_7100,12.111,93.0,0.0,82.2,1372.0,87.4,3090_7100.txt
3090,7100,Novec_7100,13.201,74.8,0.0,82.2,1372.0,88.8,3090_7100.txt
3090,7100,Novec_7100,1.108,132.8,0.0,89.3,1372.0,90.4,3090_7100.txt
3090,7100,Novec_7100,2.19,139.5,0.0,89.3,1372.0,91.6,3090_7100.txt
3090,7100,Novec_7100,3.3,150.2,0.0,89.3,1372.0,93.0,3090_7100.txt
3090,7100,Novec_7100,4.377,120.1,0.0,89.3,1372.0,92.4,3090_7100.txt
3090,7100,Novec_7100,5.487,93.2,0.0,89.3,1372.0,87.4,3090_7100.txt
3090,7100,Novec_7100,6.579,54.0,0.0,89.3,1372.0,87.5,3090_7100.txt
3090,7100,Novec_7100,7.704,83.8,0.0,89.3,1372.0,87.6,3090_7100.txt
3090,7100,Novec_7100,8.804,76.8,0.0,89.3,1372.0,85.4,3090_7100.txt
3090,7100,Novec_7100,9.923,126.0,0.0,89.3,1372.0,93.8,3090_7100.txt
3090,7100,Novec_7100,11.023,148.4,0.0,89.3,1372.0,93.5,3090_7100.txt
3090,7100,Novec_7100,12.095,77.7,0.0,89.3,1372.0,88.8,3090_7100.txt
3090,7100,Novec_7100,13.215,78.8,0.0,89.3,1372.0,89.4,3090_7100.txt
3090,7100,Novec_7100,14.284,129.4,0.0,89.3,1372.0,90.6,3090_7100.txt
3090,7100,Novec_7100,1.08,144.5,0.0,91.9,1372.0,92.0,3090_7100.txt
3090,7100,Novec_7100,2.174,52.4,0.0,91.9,1372.0,88.4,3090_7100.txt
3090,7100,Novec_7100,3.273,67.9,0.0,91.9,1372.0,87.9,3090_7100.txt
3090,7100,Novec_7100,4.391,69.9,0.0,91.9,1372.0,89.2,3090_7100.txt
3090,7100,Novec_7100,5.462,120.3,0.0,91.9,1372.0,89.6,3090_7100.txt
3090,7100,Novec_7100,6.582,134.6,0.0,91.9,1372.0,89.3,3090_7100.txt
3090,7100,Novec_7100,7.647,107.3,0.0,91.9,1372.0,91.0,3090_7100.txt
3090,7100,Novec_7100,8.746,121.7,0.0,91.9,1372.0,89.3,3090_7100.txt
3090,7100,Novec_7100,9.879,82.8,0.0,91.9,1372.0,90.8,3090_7100.txt
3090,7100,Novec_7100,10.939,70.7,0.0,91.9,1372.0,87.1,3090_7100.txt
3090,7100,Novec_7100,12.03,110.6,0.0,91.9,1372.0,88.8,3090_7100.txt
3090,7100,Novec_7100,13.131,67.0,0.0,91.9,1372.0,87.1,3090_7100.txt
3090,7100,Novec_7100,14.219,32.7,0.0,91.9,1372.0,84.3,3090_7100.txt
3090,7100,Novec_7100,1.127,118.3,0.0,83.3,1372.0,89.0,3090_7100.txt
3090,7100,Novec_7100,2.201,57.6,0.0,83.3,1372.0,81.7,3090_7100.txt
3090,7100,Novec_7100,3.299,104.7,0.0,83.3,1372.0,86.5,3090_7100.txt
3090,7100,Novec_7100,4.374,57.2,0.0,83.3,1372.0,86.7,3090_7100.txt
3090,7100,Novec_7100,5.585,53.1,0.0,83.3,1372.0,85.5,3090_7100.txt
3090,7100,Novec_7100,6.68,43.3,0.0,83.3,1372.0,84.1,3090_7100.txt
3090,7100,Novec_7100,7.7940000000000005,100.4,0.0,83.3,1372.0,85.0,3090_7100.txt
3090,7100,Novec_7100,8.955,141.2,0.0,83.3,1372.0,91.5,3090_7100.txt
3090,7100,Novec_7100,9.975,72.9,0.0,83.3,1372.0,89.3,3090_7100.txt
3090,7100,Novec_7100,11.109,72.3,0.0,83.3,1372.0,91.2,3090_7100.txt
3090,7100,Novec_7100,12.226,69.6,0.0,83.3,1372.0,88.0,3090_7100.txt
3090,7100,Novec_7100,13.304,91.2,0.0,83.3,1372.0,86.3,3090_7100.txt
3090,7100,Novec_7100,1.133,138.1,0.0,90.5,1372.0,89.6,3090_7100.txt
3090,7100,Novec_7100,2.257,62.8,0.0,90.5,1372.0,85.4,3090_7100.txt
3090,7100,Novec_7100,3.323,133.8,0.0,90.5,1372.0,90.5,3090_7100.txt
3090,7100,Novec_7100,4.442,73.1,0.0,90.5,1372.0,90.5,3090_7100.txt
3090,7100,Novec_7100,5.568,87.6,0.0,90.5,1372.0,92.0,3090_7100.txt
3090,7100,Novec_7100,6.652,106.4,0.0,90.5,1372.0,88.7,3090_7100.txt
3090,7100,Novec_7100,7.753,132.0,0.0,90.5,1372.0,89.5,3090_7100.txt
3090,7100,Novec_7100,8.871,89.2,0.0,90.5,1372.0,91.5,3090_7100.txt
3090,7100,Novec_7100,9.948,86.7,0.0,90.5,1372.0,90.2,3090_7100.txt
3090,7100,Novec_7100,11.058,48.0,0.0,90.5,1372.0,88.9,3090_7100.txt
3090,7100,Novec_7100,12.163,72.9,0.0,90.5,1372.0,83.8,3090_7100.txt
3090,7100,Novec_7100,13.284,88.7,0.0,90.5,1372.0,87.5,3090_7100.txt
3090,7100,Novec_7100,14.405,58.9,0.0,90.5,1372.0,86.6,3090_7100.txt
3090,7100,Novec_7100,1.149,104.0,0.0,89.2,1372.0,90.9,3090_7100.txt
3090,7100,Novec_7100,2.183,72.4,0.0,89.2,1372.0,87.5,3090_7100.txt
3090,7100,Novec_7100,3.285,69.4,0.0,89.2,1372.0,88.3,3090_7100.txt
3090,7100,Novec_7100,4.402,59.5,0.0,89.2,1372.0,86.7,3090_7100.txt
3090,7100,Novec_7100,5.485,67.7,0.0,89.2,1372.0,86.6,3090_7100.txt
3090,7100,Novec_7100,6.598,55.6,0.0,89.2,1372.0,88.5,3090_7100.txt
3090,7100,Novec_7100,7.694,44.9,0.0,89.2,1372.0,87.1,3090_7100.txt
3090,7100,Novec_7100,8.761,71.0,0.0,89.2,1372.0,88.4,3090_7100.txt
3090,7100,Novec_7100,9.894,51.8,0.0,89.2,1372.0,86.1,3090_7100.txt
3090,7100,Novec_7100,10.972,60.3,0.0,89.2,1372.0,86.3,3090_7100.txt
3090,7100,Novec_7100,12.121,53.6,0.0,89.2,1372.0,86.1,3090_7100.txt
3090,7100,Novec_7100,13.182,74.8,0.0,89.2,1372.0,87.1,3090_7100.txt
3090,7100,Novec_7100,1.093,144.8,0.0,89.8,1372.0,89.6,3090_7100.txt
3090,7100,Novec_7100,2.165,86.3,0.0,89.8,1372.0,88.3,3090_7100.txt
3090,7100,Novec_7100,3.298,94.9,0.0,89.8,1372.0,86.4,3090_7100.txt
3090,7100,Novec_7100,4.41,89.9,0.0,89.8,1372.0,87.4,3090_7100.txt
3090,7100,Novec_7100,5.502,60.7,0.0,89.8,1372.0,86.5,3090_7100.txt
3090,7100,Novec_7100,6.621,108.5,0.0,89.8,1372.0,88.6,3090_7100.txt
3090,7100,Novec_7100,7.726,134.4,0.0,89.8,1372.0,90.0,3090_7100.txt
3090,7100,Novec_7100,8.831,123.9,0.0,89.8,1372.0,91.9,3090_7100.txt
3090,7100,Novec_7100,9.943999999999999,68.6,0.0,89.8,1372.0,88.9,3090_7100.txt
3090,7100,Novec_7100,11.057,66.9,0.0,89.8,1372.0,87.7,3090_7100.txt
3090,7100,Novec_7100,12.157,58.6,0.0,89.8,1372.0,88.4,3090_7100.txt
3090,7100,Novec_7100,13.282,74.1,0.0,89.8,1372.0,88.1,3090_7100.txt
3090,7100,Novec_7100,14.36,123.5,0.0,89.8,1372.0,88.7,3090_7100.txt
3090,7100,Novec_7100,1.111,93.7,0.0,87.7,1372.0,88.4,3090_7100.txt
3090,7100,Novec_7100,2.175,135.6,0.0,87.7,1372.0,92.1,3090_7100.txt
3090,7100,Novec_7100,3.259,63.3,0.0,87.7,1372.0,87.3,3090_7100.txt
3090,7100,Novec_7100,4.375,64.3,0.0,87.7,1372.0,90.0,3090_7100.txt
3090,7100,Novec_7100,5.468,53.5,0.0,87.7,1372.0,85.9,3090_7100.txt
3090,7100,Novec_7100,6.5600000000000005,61.1,0.0,87.7,1372.0,86.3,3090_7100.txt
3090,7100,Novec_7100,7.686,70.4,0.0,87.7,1372.0,87.0,3090_7100.txt
3090,7100,Novec_7100,8.756,59.5,0.0,87.7,1372.0,85.9,3090_7100.txt
3090,7100,Novec_7100,9.855,47.2,0.0,87.7,1372.0,85.1,3090_7100.txt
3090,7100,Novec_7100,10.97,58.4,0.0,87.7,1372.0,85.9,3090_7100.txt
3090,7100,Novec_7100,12.087,58.1,0.0,87.7,1372.0,86.3,3090_7100.txt
3090,7100,Novec_7100,13.211,139.3,0.0,87.7,1372.0,91.8,3090_7100.txt
3090,7100,Novec_7100,1.116,70.7,0.0,87.7,1372.0,87.2,3090_7100.txt
3090,7100,Novec_7100,2.231,104.7,0.0,87.7,1372.0,89.1,3090_7100.txt
3090,7100,Novec_7100,3.326,126.6,0.0,87.7,1372.0,87.2,3090_7100.txt
3090,7100,Novec_7100,4.456,131.3,0.0,87.7,1372.0,88.8,3090_7100.txt
3090,7100,Novec_7100,5.588,133.9,0.0,87.7,1372.0,89.2,3090_7100.txt
3090,7100,Novec_7100,6.649,58.3,0.0,87.7,1372.0,87.9,3090_7100.txt
3090,7100,Novec_7100,7.785,51.0,0.0,87.7,1372.0,85.7,3090_7100.txt
3090,7100,Novec_7100,8.891,131.1,0.0,87.7,1372.0,90.1,3090_7100.txt
3090,7100,Novec_7100,10.0,127.6,0.0,87.7,1372.0,90.2,3090_7100.txt
3090,7100,Novec_7100,11.111,104.7,0.0,87.7,1372.0,90.1,3090_7100.txt
3090,7100,Novec_7100,12.195,61.2,0.0,87.7,1372.0,86.2,3090_7100.txt
3090,7100,Novec_7100,13.29,119.2,0.0,87.7,1372.0,88.8,3090_7100.txt
3090,7100,Novec_7100,14.417,105.0,0.0,87.7,1372.0,89.6,3090_7100.txt
3090,7100,Novec_7100,1.211,62.3,0.0,90.6,1372.0,86.6,3090_7100.txt
3090,7100,Novec_7100,2.292,128.8,0.0,90.6,1372.0,88.6,3090_7100.txt
3090,7100,Novec_7100,3.413,136.7,0.0,90.6,1372.0,90.0,3090_7100.txt
3090,7100,Novec_7100,4.509,40.3,0.0,90.6,1372.0,82.0,3090_7100.txt
3090,7100,Novec_7100,5.641,115.7,0.0,90.6,1372.0,84.5,3090_7100.txt
3090,7100,Novec_7100,6.757,98.6,0.0,90.6,1372.0,89.0,3090_7100.txt
3090,7100,Novec_7100,7.846,141.2,0.0,90.6,1372.0,91.7,3090_7100.txt
3090,7100,Novec_7100,8.974,42.4,0.0,90.6,1372.0,81.5,3090_7100.txt
3090,7100,Novec_7100,10.1,116.0,0.0,90.6,1372.0,85.8,3090_7100.txt
3090,7100,Novec_7100,11.141,128.5,0.0,90.6,1372.0,88.2,3090_7100.txt
3090,7100,Novec_7100,12.254,86.5,0.0,90.6,1372.0,88.0,3090_7100.txt
3090,7100,Novec_7100,13.401,52.5,0.0,90.6,1372.0,86.3,3090_7100.txt
3090,7100,Novec_7100,1.096,134.1,0.0,83.6,1372.0,88.4,3090_7100.txt
3090,7100,Novec_7100,2.189,84.4,0.0,83.6,1372.0,91.0,3090_7100.txt
3090,7100,Novec_7100,3.276,98.5,0.0,83.6,1372.0,88.8,3090_7100.txt
3090,7100,Novec_7100,4.417,131.6,0.0,83.6,1372.0,90.5,3090_7100.txt
3090,7100,Novec_7100,5.552,38.9,0.0,83.6,1372.0,85.3,3090_7100.txt
3090,7100,Novec_7100,6.603,61.4,0.0,83.6,1372.0,87.3,3090_7100.txt
3090,7100,Novec_7100,7.716,66.3,0.0,83.6,1372.0,85.6,3090_7100.txt
3090,7100,Novec_7100,8.787,57.0,0.0,83.6,1372.0,86.3,3090_7100.txt
3090,7100,Novec_7100,9.899000000000001,53.7,0.0,83.6,1372.0,86.0,3090_7100.txt
3090,7100,Novec_7100,10.984,85.3,0.0,83.6,1372.0,85.2,3090_7100.txt
3090,7100,Novec_7100,12.085,135.7,0.0,83.6,1372.0,89.1,3090_7100.txt
3090,7100,Novec_7100,13.232,145.9,0.0,83.6,1372.0,93.5,3090_7100.txt
3090,7100,Novec_7100,14.321,134.7,0.0,83.6,1372.0,90.6,3090_7100.txt
3090,7100,Novec_7100,1.083,125.7,0.0,91.1,1372.0,87.8,3090_7100.txt
3090,7100,Novec_7100,2.183,64.1,0.0,91.1,1372.0,86.3,3090_7100.txt
3090,7100,Novec_7100,3.283,73.1,0.0,91.1,1372.0,89.1,3090_7100.txt
3090,7100,Novec_7100,4.405,126.0,0.0,91.1,1372.0,92.3,3090_7100.txt
3090,7100,Novec_7100,5.532,52.4,0.0,91.1,1372.0,86.7,3090_7100.txt
3090,7100,Novec_7100,6.594,60.5,0.0,91.1,1372.0,86.2,3090_7100.txt
3090,7100,Novec_7100,7.695,59.5,0.0,91.1,1372.0,87.7,3090_7100.txt
3090,7100,Novec_7100,8.784,63.3,0.0,91.1,1372.0,86.2,3090_7100.txt
3090,7100,Novec_7100,9.897,53.4,0.0,91.1,1372.0,87.7,3090_7100.txt
3090,7100,Novec_7100,10.968,66.2,0.0,91.1,1372.0,87.8,3090_7100.txt
3090,7100,Novec_7100,12.083,60.0,0.0,91.1,1372.0,86.3,3090_7100.txt
3090,7100,Novec_7100,13.193,133.6,0.0,91.1,1372.0,87.8,3090_7100.txt
3090,7100,Novec_7100,14.291,71.2,0.0,91.1,1372.0,88.4,3090_7100.txt
3090,7100,Novec_7100,1.097,71.3,0.0,86.2,1372.0,86.3,3090_7100.txt
3090,7100,Novec_7100,2.22,72.0,0.0,86.2,1372.0,86.8,3090_7100.txt
3090,7100,Novec_7100,3.297,130.9,0.0,86.2,1372.0,89.2,3090_7100.txt
3090,7100,Novec_7100,4.454,73.2,0.0,86.2,1372.0,85.4,3090_7100.txt
3090,7100,Novec_7100,5.514,132.3,0.0,86.2,1372.0,87.3,3090_7100.txt
3090,7100,Novec_7100,6.616,69.6,0.0,86.2,1372.0,86.2,3090_7100.txt
3090,7100,Novec_7100,7.7219999999999995,76.0,0.0,86.2,1372.0,87.6,3090_7100.txt
3090,7100,Novec_7100,8.812,49.8,0.0,86.2,1372.0,85.5,3090_7100.txt
3090,7100,Novec_7100,9.903,71.2,0.0,86.2,1372.0,90.7,3090_7100.txt
3090,7100,Novec_7100,11.003,61.7,0.0,86.2,1372.0,90.2,3090_7100.txt
3090,7100,Novec_7100,12.092,64.2,0.0,86.2,1372.0,88.5,3090_7100.txt
3090,7100,Novec_7100,13.206,62.1,0.0,86.2,1372.0,87.8,3090_7100.txt
3090,7100,Novec_7100,1.1,56.0,0.0,88.1,1372.0,89.8,3090_7100.txt
3090,7100,Novec_7100,2.212,72.2,0.0,88.1,1372.0,88.3,3090_7100.txt
3090,7100,Novec_7100,3.29,128.6,0.0,88.1,1372.0,93.0,3090_7100.txt
3090,7100,Novec_7100,4.4,67.3,0.0,88.1,1372.0,88.9,3090_7100.txt
3090,7100,Novec_7100,5.507,59.2,0.0,88.1,1372.0,87.8,3090_7100.txt
3090,7100,Novec_7100,6.591,135.0,0.0,88.1,1372.0,92.4,3090_7100.txt
3090,7100,Novec_7100,7.697,113.1,0.0,88.1,1372.0,90.5,3090_7100.txt
3090,7100,Novec_7100,8.813,104.6,0.0,88.1,1372.0,92.1,3090_7100.txt
3090,7100,Novec_7100,9.906,55.3,0.0,88.1,1372.0,89.0,3090_7100.txt
3090,7100,Novec_7100,10.984,64.5,0.0,88.1,1372.0,87.9,3090_7100.txt
3090,7100,Novec_7100,12.117,67.4,0.0,88.1,1372.0,86.5,3090_7100.txt
3090,7100,Novec_7100,13.187,78.9,0.0,88.1,1372.0,90.9,3090_7100.txt
3090,7100,Novec_7100,14.295,74.7,0.0,88.1,1372.0,91.2,3090_7100.txt
3090,7100,Novec_7100,1.12,66.1,0.0,90.8,1372.0,90.5,3090_7100.txt
3090,7100,Novec_7100,2.218,61.9,0.0,90.8,1372.0,87.4,3090_7100.txt
3090,7100,Novec_7100,3.32,65.8,0.0,90.8,1372.0,87.8,3090_7100.txt
3090,7100,Novec_7100,4.436,69.1,0.0,90.8,1372.0,86.9,3090_7100.txt
3090,7100,Novec_7100,5.54,60.0,0.0,90.8,1372.0,86.8,3090_7100.txt
3090,7100,Novec_7100,6.667,67.2,0.0,90.8,1372.0,86.8,3090_7100.txt
3090,7100,Novec_7100,7.755,62.7,0.0,90.8,1372.0,88.0,3090_7100.txt
3090,7100,Novec_7100,8.857,97.6,0.0,90.8,1372.0,91.5,3090_7100.txt
3090,7100,Novec_7100,9.943,78.7,0.0,90.8,1372.0,90.4,3090_7100.txt
3090,7100,Novec_7100,11.03,68.4,0.0,90.8,1372.0,87.8,3090_7100.txt
3090,7100,Novec_7100,12.134,62.4,0.0,90.8,1372.0,86.8,3090_7100.txt
3090,7100,Novec_7100,13.197,137.9,0.0,90.8,1372.0,92.1,3090_7100.txt
3090,7100,Novec_7100,14.316,88.4,0.0,90.8,1372.0,91.7,3090_7100.txt
3090,7100,Novec_7100,1.11,132.6,0.0,92.1,1372.0,89.8,3090_7100.txt
3090,7100,Novec_7100,2.247,137.8,0.0,92.1,1372.0,92.6,3090_7100.txt
3090,7100,Novec_7100,3.334,104.9,0.0,92.1,1372.0,86.0,3090_7100.txt
3090,7100,Novec_7100,4.436,106.1,0.0,92.1,1372.0,87.4,3090_7100.txt
3090,7100,Novec_7100,5.552,56.5,0.0,92.1,1372.0,89.7,3090_7100.txt
3090,7100,Novec_7100,6.63,65.9,0.0,92.1,1372.0,88.7,3090_7100.txt
3090,7100,Novec_7100,7.779,58.6,0.0,92.1,1372.0,86.8,3090_7100.txt
3090,7100,Novec_7100,8.88,55.1,0.0,92.1,1372.0,87.1,3090_7100.txt
3090,7100,Novec_7100,9.949,58.0,0.0,92.1,1372.0,87.5,3090_7100.txt
3090,7100,Novec_7100,11.021,88.7,0.0,92.1,1372.0,88.3,3090_7100.txt
3090,7100,Novec_7100,12.122,69.4,0.0,92.1,1372.0,87.1,3090_7100.txt
3090,7100,Novec_7100,13.204,72.5,0.0,92.1,1372.0,86.0,3090_7100.txt
3090,7100,Novec_7100,1.072,67.7,0.0,86.5,1372.0,85.9,3090_7100.txt
3090,7100,Novec_7100,2.179,64.4,0.0,86.5,1372.0,86.8,3090_7100.txt
3090,7100,Novec_7100,3.288,54.6,0.0,86.5,1372.0,85.9,3090_7100.txt
3090,7100,Novec_7100,4.4,75.5,0.0,86.5,1372.0,90.3,3090_7100.txt
3090,7100,Novec_7100,5.491,71.0,0.0,86.5,1372.0,91.4,3090_7100.txt
3090,7100,Novec_7100,6.6,118.6,0.0,86.5,1372.0,92.8,3090_7100.txt
3090,7100,Novec_7100,7.717,136.6,0.0,86.5,1372.0,91.1,3090_7100.txt
3090,7100,Novec_7100,8.818,136.9,0.0,86.5,1372.0,91.0,3090_7100.txt
3090,7100,Novec_7100,9.897,132.9,0.0,86.5,1372.0,92.5,3090_7100.txt
3090,7100,Novec_7100,11.01,69.9,0.0,86.5,1372.0,88.0,3090_7100.txt
3090,7100,Novec_7100,12.117,52.8,0.0,86.5,1372.0,85.4,3090_7100.txt
3090,7100,Novec_7100,13.248,58.9,0.0,86.5,1372.0,86.2,3090_7100.txt
3090,7100,Novec_7100,14.350999999999999,53.2,0.0,86.5,1372.0,85.6,3090_7100.txt
3090,7100,Novec_7100,1.084,134.7,0.0,85.9,1372.0,90.7,3090_7100.txt
3090,7100,Novec_7100,2.259,133.8,0.0,85.9,1372.0,92.2,3090_7100.txt
3090,7100,Novec_7100,3.314,87.5,0.0,85.9,1372.0,92.3,3090_7100.txt
3090,7100,Novec_7100,4.459,54.2,0.0,85.9,1372.0,86.9,3090_7100.txt
3090,7100,Novec_7100,5.536,55.1,0.0,85.9,1372.0,88.1,3090_7100.txt
3090,7100,Novec_7100,6.658,36.2,0.0,85.9,1372.0,87.6,3090_7100.txt
3090,7100,Novec_7100,7.734,55.1,0.0,85.9,1372.0,85.4,3090_7100.txt
3090,7100,Novec_7100,8.826,50.9,0.0,85.9,1372.0,85.1,3090_7100.txt
3090,7100,Novec_7100,9.939,57.3,0.0,85.9,1372.0,85.8,3090_7100.txt
3090,7100,Novec_7100,11.054,58.5,0.0,85.9,1372.0,85.7,3090_7100.txt
3090,7100,Novec_7100,12.135,70.6,0.0,85.9,1372.0,86.9,3090_7100.txt
3090,7100,Novec_7100,13.217,76.1,0.0,85.9,1372.0,86.6,3090_7100.txt
3090,7100,Novec_7100,1.053,133.0,0.0,87.2,1372.0,90.0,3090_7100.txt
3090,7100,Novec_7100,2.176,125.2,0.0,87.2,1372.0,92.3,3090_7100.txt
3090,7100,Novec_7100,3.251,65.5,0.0,87.2,1372.0,88.4,3090_7100.txt
3090,7100,Novec_7100,4.35,46.7,0.0,87.2,1372.0,89.3,3090_7100.txt
3090,7100,Novec_7100,5.496,59.2,0.0,87.2,1372.0,86.7,3090_7100.txt
3090,7100,Novec_7100,6.555,68.9,0.0,87.2,1372.0,87.5,3090_7100.txt
3090,7100,Novec_7100,7.678,69.4,0.0,87.2,1372.0,87.0,3090_7100.txt
3090,7100,Novec_7100,8.769,137.4,0.0,87.2,1372.0,89.6,3090_7100.txt
3090,7100,Novec_7100,9.883,136.7,0.0,87.2,1372.0,91.3,3090_7100.txt
3090,7100,Novec_7100,10.969,50.3,0.0,87.2,1372.0,88.9,3090_7100.txt
3090,7100,Novec_7100,12.077,55.5,0.0,87.2,1372.0,86.3,3090_7100.txt
3090,7100,Novec_7100,13.177,95.9,0.0,87.2,1372.0,88.0,3090_7100.txt
3090,7100,Novec_7100,14.255,134.6,0.0,87.2,1372.0,88.5,3090_7100.txt
3090,7100,Novec_7100,1.094,139.2,0.0,90.4,1372.0,90.7,3090_7100.txt
3090,7100,Novec_7100,2.197,69.3,0.0,90.4,1372.0,89.3,3090_7100.txt
3090,7100,Novec_7100,3.29,67.3,0.0,90.4,1372.0,88.0,3090_7100.txt
3090,7100,Novec_7100,4.396,65.6,0.0,90.4,1372.0,86.4,3090_7100.txt
3090,7100,Novec_7100,5.496,70.3,0.0,90.4,1372.0,89.4,3090_7100.txt
3090,7100,Novec_7100,6.577,74.7,0.0,90.4,1372.0,89.2,3090_7100.txt
3090,7100,Novec_7100,7.687,64.8,0.0,90.4,1372.0,89.9,3090_7100.txt
3090,7100,Novec_7100,8.781,71.5,0.0,90.4,1372.0,89.1,3090_7100.txt
3090,7100,Novec_7100,9.899000000000001,69.3,0.0,90.4,1372.0,87.2,3090_7100.txt
3090,7100,Novec_7100,10.984,79.9,0.0,90.4,1372.0,89.7,3090_7100.txt
3090,7100,Novec_7100,12.138,88.9,0.0,90.4,1372.0,91.5,3090_7100.txt
3090,7100,Novec_7100,13.212,53.9,0.0,90.4,1372.0,90.4,3090_7100.txt
3090,7100,Novec_7100,14.422,67.9,0.0,90.4,1372.0,91.3,3090_7100.txt
3090,7100,Novec_7100,1.086,69.3,0.0,92.6,1372.0,91.3,3090_7100.txt
3090,7100,Novec_7100,2.234,57.1,0.0,92.6,1372.0,87.1,3090_7100.txt
3090,7100,Novec_7100,3.289,65.3,0.0,92.6,1372.0,86.3,3090_7100.txt
3090,7100,Novec_7100,4.407,91.9,0.0,92.6,1372.0,88.6,3090_7100.txt
3090,7100,Novec_7100,5.47,145.4,0.0,92.6,1372.0,89.9,3090_7100.txt
3090,7100,Novec_7100,6.585,77.3,0.0,92.6,1372.0,91.5,3090_7100.txt
3090,7100,Novec_7100,7.671,68.8,0.0,92.6,1372.0,89.7,3090_7100.txt
3090,7100,Novec_7100,8.768,62.6,0.0,92.6,1372.0,87.4,3090_7100.txt
3090,7100,Novec_7100,9.862,62.2,0.0,92.6,1372.0,86.5,3090_7100.txt
3090,7100,Novec_7100,10.962,115.4,0.0,92.6,1372.0,88.7,3090_7100.txt
3090,7100,Novec_7100,12.063,81.2,0.0,92.6,1372.0,92.2,3090_7100.txt
3090,7100,Novec_7100,13.175,64.9,0.0,92.6,1372.0,87.8,3090_7100.txt
3090,7100,Novec_7100,1.064,70.4,0.0,84.6,1372.0,85.3,3090_7100.txt
3090,7100,Novec_7100,2.175,67.1,0.0,84.6,1372.0,81.0,3090_7100.txt
3090,7100,Novec_7100,3.231,38.5,0.0,84.6,1372.0,83.0,3090_7100.txt
3090,7100,Novec_7100,4.328,56.1,0.0,84.6,1372.0,82.7,3090_7100.txt
3090,7100,Novec_7100,5.441,95.0,0.0,84.6,1372.0,86.5,3090_7100.txt
3090,7100,Novec_7100,6.539,50.8,0.0,84.6,1372.0,83.5,3090_7100.txt
3090,7100,Novec_7100,7.648,123.2,0.0,84.6,1372.0,87.6,3090_7100.txt
3090,7100,Novec_7100,8.733,56.3,0.0,84.6,1372.0,83.4,3090_7100.txt
3090,7100,Novec_7100,9.849,116.0,0.0,84.6,1372.0,87.2,3090_7100.txt
3090,7100,Novec_7100,10.926,122.2,0.0,84.6,1372.0,88.8,3090_7100.txt
3090,7100,Novec_7100,12.13,66.4,0.0,84.6,1372.0,83.3,3090_7100.txt
3090,7100,Novec_7100,13.255,79.1,0.0,84.6,1372.0,86.0,3090_7100.txt
3090,7100,Novec_7100,14.361,57.5,0.0,84.6,1372.0,86.0,3090_7100.txt
3090,7100,Novec_7100,1.104,117.6,0.0,86.7,1372.0,88.3,3090_7100.txt
3090,7100,Novec_7100,2.241,71.7,0.0,86.7,1372.0,84.8,3090_7100.txt
3090,7100,Novec_7100,3.309,124.2,0.0,86.7,1372.0,87.2,3090_7100.txt
3090,7100,Novec_7100,4.408,69.0,0.0,86.7,1372.0,86.4,3090_7100.txt
3090,7100,Novec_7100,5.484,113.8,0.0,86.7,1372.0,86.6,3090_7100.txt
3090,7100,Novec_7100,6.593,114.2,0.0,86.7,1372.0,88.3,3090_7100.txt
3090,7100,Novec_7100,7.699,67.4,0.0,86.7,1372.0,86.5,3090_7100.txt
3090,7100,Novec_7100,8.795,130.6,0.0,86.7,1372.0,88.8,3090_7100.txt
3090,7100,Novec_7100,9.876,119.2,0.0,86.7,1372.0,88.6,3090_7100.txt
3090,7100,Novec_7100,10.981,73.1,0.0,86.7,1372.0,87.2,3090_7100.txt
3090,7100,Novec_7100,12.058,106.6,0.0,86.7,1372.0,88.2,3090_7100.txt
3090,7100,Novec_7100,13.166,60.9,0.0,86.7,1372.0,86.4,3090_7100.txt
3090,7100,Novec_7100,14.252,120.0,0.0,86.7,1372.0,89.1,3090_7100.txt
3090,7100,Novec_7100,1.084,123.8,0.0,87.2,1372.0,89.5,3090_7100.txt
3090,7100,Novec_7100,2.165,110.4,0.0,87.2,1372.0,88.0,3090_7100.txt
3090,7100,Novec_7100,3.301,122.3,0.0,87.2,1372.0,89.3,3090_7100.txt
3090,7100,Novec_7100,4.384,36.8,0.0,87.2,1372.0,84.0,3090_7100.txt
3090,7100,Novec_7100,5.479,115.8,0.0,87.2,1372.0,86.1,3090_7100.txt
3090,7100,Novec_7100,6.577,86.5,0.0,87.2,1372.0,87.6,3090_7100.txt
3090,7100,Novec_7100,7.752,65.4,0.0,87.2,1372.0,87.3,3090_7100.txt
3090,7100,Novec_7100,8.856,69.5,0.0,87.2,1372.0,88.2,3090_7100.txt
3090,7100,Novec_7100,9.904,70.3,0.0,87.2,1372.0,87.4,3090_7100.txt
3090,7100,Novec_7100,10.986,67.7,0.0,87.2,1372.0,87.3,3090_7100.txt
3090,7100,Novec_7100,12.098,116.4,0.0,87.2,1372.0,88.5,3090_7100.txt
3090,7100,Novec_7100,13.197,129.0,0.0,87.2,1372.0,89.0,3090_7100.txt
3090,7100,Novec_7100,1.117,130.6,0.0,88.9,1372.0,90.9,3090_7100.txt
3090,7100,Novec_7100,2.183,107.9,0.0,88.9,1372.0,87.9,3090_7100.txt
3090,7100,Novec_7100,3.299,132.0,0.0,88.9,1372.0,89.6,3090_7100.txt
3090,7100,Novec_7100,4.416,82.1,0.0,88.9,1372.0,86.8,3090_7100.txt
3090,7100,Novec_7100,5.539,61.3,0.0,88.9,1372.0,87.2,3090_7100.txt
3090,7100,Novec_7100,6.634,103.8,0.0,88.9,1372.0,87.4,3090_7100.txt
3090,7100,Novec_7100,7.711,66.9,0.0,88.9,1372.0,86.1,3090_7100.txt
3090,7100,Novec_7100,8.823,62.2,0.0,88.9,1372.0,85.7,3090_7100.txt
3090,7100,Novec_7100,9.92,126.8,0.0,88.9,1372.0,91.6,3090_7100.txt
3090,7100,Novec_7100,11.012,127.1,0.0,88.9,1372.0,91.1,3090_7100.txt
3090,7100,Novec_7100,12.143,72.9,0.0,88.9,1372.0,87.6,3090_7100.txt
3090,7100,Novec_7100,13.255,84.7,0.0,88.9,1372.0,88.3,3090_7100.txt
3090,7100,Novec_7100,14.356,95.1,0.0,88.9,1372.0,86.6,3090_7100.txt
3090,7100,Novec_7100,1.105,98.4,0.0,87.4,1372.0,87.2,3090_7100.txt
3090,7100,Novec_7100,2.216,97.6,0.0,87.4,1372.0,87.2,3090_7100.txt
3090,7100,Novec_7100,3.319,98.3,0.0,87.4,1372.0,87.3,3090_7100.txt
3090,7100,Novec_7100,4.404,98.9,0.0,87.4,1372.0,87.3,3090_7100.txt
3090,7100,Novec_7100,5.492,96.5,0.0,87.4,1372.0,87.3,3090_7100.txt
3090,7100,Novec_7100,6.587,61.2,0.0,87.4,1372.0,86.6,3090_7100.txt
3090,7100,Novec_7100,7.692,102.1,0.0,87.4,1372.0,86.9,3090_7100.txt
3090,7100,Novec_7100,8.78,97.0,0.0,87.4,1372.0,87.2,3090_7100.txt
3090,7100,Novec_7100,9.888,97.7,0.0,87.4,1372.0,87.0,3090_7100.txt
3090,7100,Novec_7100,10.972,71.6,0.0,87.4,1372.0,85.5,3090_7100.txt
3090,7100,Novec_7100,12.077,133.0,0.0,87.4,1372.0,88.7,3090_7100.txt
3090,7100,Novec_7100,13.163,137.0,0.0,87.4,1372.0,90.1,3090_7100.txt
3090,7100,Novec_7100,14.246,117.9,0.0,87.4,1372.0,91.5,3090_7100.txt
3090,7100,Novec_7100,1.179,108.3,0.0,90.8,1372.0,92.7,3090_7100.txt
3090,7100,Novec_7100,2.224,63.1,0.0,90.8,1372.0,88.1,3090_7100.txt
3090,7100,Novec_7100,3.324,58.8,0.0,90.8,1372.0,86.6,3090_7100.txt
3090,7100,Novec_7100,4.43,57.6,0.0,90.8,1372.0,88.9,3090_7100.txt
3090,7100,Novec_7100,5.517,53.5,0.0,90.8,1372.0,85.9,3090_7100.txt
3090,7100,Novec_7100,6.615,106.1,0.0,90.8,1372.0,86.2,3090_7100.txt
3090,7100,Novec_7100,7.699,119.5,0.0,90.8,1372.0,88.7,3090_7100.txt
3090,7100,Novec_7100,8.797,104.8,0.0,90.8,1372.0,87.5,3090_7100.txt
3090,7100,Novec_7100,9.902,128.4,0.0,90.8,1372.0,89.6,3090_7100.txt
3090,7100,Novec_7100,10.994,106.6,0.0,90.8,1372.0,88.0,3090_7100.txt
3090,7100,Novec_7100,12.063,65.0,0.0,90.8,1372.0,88.2,3090_7100.txt
3090,7100,Novec_7100,13.181,61.5,0.0,90.8,1372.0,89.9,3090_7100.txt
3090,7100,Novec_7100,1.107,108.3,0.0,87.8,1372.0,87.8,3090_7100.txt
3090,7100,Novec_7100,2.213,110.1,0.0,87.8,1372.0,88.0,3090_7100.txt
3090,7100,Novec_7100,3.292,117.6,0.0,87.8,1372.0,89.7,3090_7100.txt
3090,7100,Novec_7100,4.409,90.3,0.0,87.8,1372.0,90.7,3090_7100.txt
3090,7100,Novec_7100,5.51,96.9,0.0,87.8,1372.0,90.5,3090_7100.txt
3090,7100,Novec_7100,6.605,59.2,0.0,87.8,1372.0,87.1,3090_7100.txt
3090,7100,Novec_7100,7.727,81.4,0.0,87.8,1372.0,91.3,3090_7100.txt
3090,7100,Novec_7100,8.883,71.7,0.0,87.8,1372.0,86.8,3090_7100.txt
3090,7100,Novec_7100,9.916,62.3,0.0,87.8,1372.0,89.9,3090_7100.txt
3090,7100,Novec_7100,11.037,103.6,0.0,87.8,1372.0,87.7,3090_7100.txt
3090,7100,Novec_7100,12.107,102.8,0.0,87.8,1372.0,87.7,3090_7100.txt
3090,7100,Novec_7100,13.208,66.8,0.0,87.8,1372.0,88.8,3090_7100.txt
3090,7100,Novec_7100,14.325,103.5,0.0,87.8,1372.0,87.7,3090_7100.txt
3090,7100,Novec_7100,1.084,119.1,0.0,87.5,1372.0,88.2,3090_7100.txt
3090,7100,Novec_7100,2.203,76.8,0.0,87.5,1372.0,87.3,3090_7100.txt
3090,7100,Novec_7100,3.294,82.4,0.0,87.5,1372.0,87.3,3090_7100.txt
3090,7100,Novec_7100,4.446,65.8,0.0,87.5,1372.0,90.0,3090_7100.txt
3090,7100,Novec_7100,5.497,103.1,0.0,87.5,1372.0,87.9,3090_7100.txt
3090,7100,Novec_7100,6.6129999999999995,100.8,0.0,87.5,1372.0,87.7,3090_7100.txt
3090,7100,Novec_7100,7.698,102.6,0.0,87.5,1372.0,87.8,3090_7100.txt
3090,7100,Novec_7100,8.781,101.0,0.0,87.5,1372.0,87.8,3090_7100.txt
3090,7100,Novec_7100,9.888,99.3,0.0,87.5,1372.0,87.7,3090_7100.txt
3090,7100,Novec_7100,10.989,114.9,0.0,87.5,1372.0,88.2,3090_7100.txt
3090,7100,Novec_7100,12.073,49.4,0.0,87.5,1372.0,87.0,3090_7100.txt
3090,7100,Novec_7100,13.24,125.3,0.0,87.5,1372.0,91.3,3090_7100.txt
3090,7100,Novec_7100,1.084,123.4,0.0,90.1,1372.0,89.1,3090_7100.txt
3090,7100,Novec_7100,2.154,99.0,0.0,90.1,1372.0,87.7,3090_7100.txt
3090,7100,Novec_7100,3.267,106.5,0.0,90.1,1372.0,88.3,3090_7100.txt
3090,7100,Novec_7100,4.352,48.6,0.0,90.1,1372.0,85.4,3090_7100.txt
3090,7100,Novec_7100,5.439,106.6,0.0,90.1,1372.0,87.9,3090_7100.txt
3090,7100,Novec_7100,6.553,103.3,0.0,90.1,1372.0,87.9,3090_7100.txt
3090,7100,Novec_7100,7.627,101.9,0.0,90.1,1372.0,87.8,3090_7100.txt
3090,7100,Novec_7100,8.745,102.7,0.0,90.1,1372.0,87.6,3090_7100.txt
3090,7100,Novec_7100,9.861,101.5,0.0,90.1,1372.0,87.7,3090_7100.txt
3090,7100,Novec_7100,10.979,101.1,0.0,90.1,1372.0,87.5,3090_7100.txt
3090,7100,Novec_7100,12.064,105.1,0.0,90.1,1372.0,87.5,3090_7100.txt
3090,7100,Novec_7100,13.178,101.8,0.0,90.1,1372.0,87.6,3090_7100.txt
3090,7100,Novec_7100,14.247,102.3,0.0,90.1,1372.0,87.7,3090_7100.txt
3090,7100,Novec_7100,1.08,126.5,0.0,85.9,1372.0,88.3,3090_7100.txt
3090,7100,Novec_7100,2.172,67.0,0.0,85.9,1372.0,87.6,3090_7100.txt
3090,7100,Novec_7100,3.457,66.5,0.0,85.9,1372.0,86.9,3090_7100.txt
3090,7100,Novec_7100,4.558,104.0,0.0,85.9,1372.0,92.2,3090_7100.txt
3090,7100,Novec_7100,5.602,67.6,0.0,85.9,1372.0,88.7,3090_7100.txt
3090,7100,Novec_7100,6.756,92.7,0.0,85.9,1372.0,91.0,3090_7100.txt
3090,7100,Novec_7100,7.822,103.0,0.0,85.9,1372.0,90.6,3090_7100.txt
3090,7100,Novec_7100,8.9,126.1,0.0,85.9,1372.0,93.1,3090_7100.txt
3090,7100,Novec_7100,10.003,54.1,0.0,85.9,1372.0,86.7,3090_7100.txt
3090,7100,Novec_7100,11.102,66.9,0.0,85.9,1372.0,87.1,3090_7100.txt
3090,7100,Novec_7100,12.209,131.5,0.0,85.9,1372.0,89.3,3090_7100.txt
3090,7100,Novec_7100,13.341,67.4,0.0,85.9,1372.0,91.2,3090_7100.txt
3090,7100,Novec_7100,14.438,132.5,0.0,85.9,1372.0,88.3,3090_7100.txt
3090,7100,Novec_7100,1.112,112.0,0.0,86.5,1372.0,87.9,3090_7100.txt
3090,7100,Novec_7100,2.202,70.4,0.0,86.5,1372.0,90.5,3090_7100.txt
3090,7100,Novec_7100,3.303,119.7,0.0,86.5,1372.0,91.0,3090_7100.txt
3090,7100,Novec_7100,4.443,102.7,0.0,86.5,1372.0,87.9,3090_7100.txt
3090,7100,Novec_7100,5.504,92.4,0.0,86.5,1372.0,88.9,3090_7100.txt
3090,7100,Novec_7100,6.587,131.5,0.0,86.5,1372.0,86.4,3090_7100.txt
3090,7100,Novec_7100,7.691,102.1,0.0,86.5,1372.0,87.4,3090_7100.txt
3090,7100,Novec_7100,8.818999999999999,107.7,0.0,86.5,1372.0,87.9,3090_7100.txt
3090,7100,Novec_7100,9.925,108.7,0.0,86.5,1372.0,88.1,3090_7100.txt
3090,7100,Novec_7100,11.031,108.5,0.0,86.5,1372.0,88.0,3090_7100.txt
3090,7100,Novec_7100,12.124,109.7,0.0,86.5,1372.0,87.9,3090_7100.txt
3090,7100,Novec_7100,13.231,65.7,0.0,86.5,1372.0,87.5,3090_7100.txt
3090,7100,Novec_7100,1.065,96.7,0.0,88.1,1372.0,87.8,3090_7100.txt
3090,7100,Novec_7100,2.1390000000000002,109.3,0.0,88.1,1372.0,88.3,3090_7100.txt
3090,7100,Novec_7100,3.251,107.8,0.0,88.1,1372.0,88.1,3090_7100.txt
3090,7100,Novec_7100,4.377,108.0,0.0,88.1,1372.0,88.2,3090_7100.txt
3090,7100,Novec_7100,5.481,108.8,0.0,88.1,1372.0,88.0,3090_7100.txt
3090,7100,Novec_7100,6.567,107.8,0.0,88.1,1372.0,87.9,3090_7100.txt
3090,7100,Novec_7100,7.673,111.0,0.0,88.1,1372.0,88.1,3090_7100.txt
3090,7100,Novec_7100,8.805,107.4,0.0,88.1,1372.0,88.0,3090_7100.txt
3090,7100,Novec_7100,9.924,94.4,0.0,88.1,1372.0,87.2,3090_7100.txt
3090,7100,Novec_7100,11.014,101.5,0.0,88.1,1372.0,87.4,3090_7100.txt
3090,7100,Novec_7100,12.133,102.6,0.0,88.1,1372.0,87.6,3090_7100.txt
3090,7100,Novec_7100,13.23,102.6,0.0,88.1,1372.0,87.6,3090_7100.txt
3090,7100,Novec_7100,14.355,101.5,0.0,88.1,1372.0,87.4,3090_7100.txt
3090,7100,Novec_7100,1.131,71.5,0.0,85.8,1372.0,90.5,3090_7100.txt
3090,7100,Novec_7100,2.217,75.1,0.0,85.8,1372.0,91.0,3090_7100.txt
3090,7100,Novec_7100,3.33,77.1,0.0,85.8,1372.0,90.6,3090_7100.txt
3090,7100,Novec_7100,4.429,71.0,0.0,85.8,1372.0,87.1,3090_7100.txt
3090,7100,Novec_7100,5.555,79.8,0.0,85.8,1372.0,87.3,3090_7100.txt
3090,7100,Novec_7100,6.671,59.5,0.0,85.8,1372.0,87.4,3090_7100.txt
3090,7100,Novec_7100,7.786,53.3,0.0,85.8,1372.0,91.3,3090_7100.txt
3090,7100,Novec_7100,8.848,133.9,0.0,85.8,1372.0,91.2,3090_7100.txt
3090,7100,Novec_7100,9.965,61.9,0.0,85.8,1372.0,86.6,3090_7100.txt
3090,7100,Novec_7100,11.073,89.6,0.0,85.8,1372.0,86.6,3090_7100.txt
3090,7100,Novec_7100,12.182,125.1,0.0,85.8,1372.0,89.3,3090_7100.txt
3090,7100,Novec_7100,13.275,58.7,0.0,85.8,1372.0,91.3,3090_7100.txt
3090,7100,Novec_7100,1.111,129.9,0.0,87.6,1372.0,89.5,3090_7100.txt
3090,7100,Novec_7100,2.189,45.0,0.0,87.6,1372.0,87.0,3090_7100.txt
3090,7100,Novec_7100,3.308,103.5,0.0,87.6,1372.0,87.8,3090_7100.txt
3090,7100,Novec_7100,4.407,98.7,0.0,87.6,1372.0,87.3,3090_7100.txt
3090,7100,Novec_7100,5.525,106.2,0.0,87.6,1372.0,87.7,3090_7100.txt
3090,7100,Novec_7100,6.627,105.1,0.0,87.6,1372.0,87.9,3090_7100.txt
3090,7100,Novec_7100,7.729,105.3,0.0,87.6,1372.0,87.6,3090_7100.txt
3090,7100,Novec_7100,8.833,107.4,0.0,87.6,1372.0,87.9,3090_7100.txt
3090,7100,Novec_7100,9.966,103.0,0.0,87.6,1372.0,87.6,3090_7100.txt
3090,7100,Novec_7100,11.038,103.0,0.0,87.6,1372.0,87.6,3090_7100.txt
3090,7100,Novec_7100,12.145,99.4,0.0,87.6,1372.0,87.6,3090_7100.txt
3090,7100,Novec_7100,13.249,98.8,0.0,87.6,1372.0,87.4,3090_7100.txt
3090,7100,Novec_7100,14.333,97.7,0.0,87.6,1372.0,87.3,3090_7100.txt
3090,7100,Novec_7100,1.092,94.1,0.0,87.2,1372.0,86.8,3090_7100.txt
3090,7100,Novec_7100,2.197,96.2,0.0,87.2,1372.0,87.0,3090_7100.txt
3090,7100,Novec_7100,3.391,106.0,0.0,87.2,1372.0,87.3,3090_7100.txt
3090,7100,Novec_7100,4.522,107.0,0.0,87.2,1372.0,87.6,3090_7100.txt
3090,7100,Novec_7100,5.636,105.5,0.0,87.2,1372.0,87.7,3090_7100.txt
3090,7100,Novec_7100,6.719,106.7,0.0,87.2,1372.0,87.8,3090_7100.txt
3090,7100,Novec_7100,7.817,105.7,0.0,87.2,1372.0,87.8,3090_7100.txt
3090,7100,Novec_7100,8.91,103.7,0.0,87.2,1372.0,87.6,3090_7100.txt
3090,7100,Novec_7100,10.022,104.6,0.0,87.2,1372.0,87.6,3090_7100.txt
3090,7100,Novec_7100,11.147,107.1,0.0,87.2,1372.0,87.9,3090_7100.txt
3090,7100,Novec_7100,12.22,107.2,0.0,87.2,1372.0,87.7,3090_7100.txt
3090,7100,Novec_7100,13.32,108.2,0.0,87.2,1372.0,87.4,3090_7100.txt
3090,7100,Novec_7100,1.075,103.5,0.0,87.7,1372.0,87.4,3090_7100.txt
3090,7100,Novec_7100,2.185,108.8,0.0,87.7,1372.0,87.8,3090_7100.txt
3090,7100,Novec_7100,3.301,108.3,0.0,87.7,1372.0,88.1,3090_7100.txt
3090,7100,Novec_7100,4.417,109.1,0.0,87.7,1372.0,88.0,3090_7100.txt
3090,7100,Novec_7100,5.504,109.7,0.0,87.7,1372.0,88.1,3090_7100.txt
3090,7100,Novec_7100,6.603,111.4,0.0,87.7,1372.0,88.2,3090_7100.txt
3090,7100,Novec_7100,7.699,108.9,0.0,87.7,1372.0,87.9,3090_7100.txt
3090,7100,Novec_7100,8.777,56.6,0.0,87.7,1372.0,86.2,3090_7100.txt
3090,7100,Novec_7100,9.878,95.8,0.0,87.7,1372.0,87.0,3090_7100.txt
3090,7100,Novec_7100,10.974,100.1,0.0,87.7,1372.0,87.1,3090_7100.txt
3090,7100,Novec_7100,12.111,100.6,0.0,87.7,1372.0,87.3,3090_7100.txt
3090,7100,Novec_7100,13.209,100.0,0.0,87.7,1372.0,87.3,3090_7100.txt
3090,7100,Novec_7100,14.305,102.0,0.0,87.7,1372.0,87.2,3090_7100.txt
3090,7100,Novec_7100,1.098,101.1,0.0,87.2,1372.0,87.1,3090_7100.txt
3090,7100,Novec_7100,2.186,100.2,0.0,87.2,1372.0,87.0,3090_7100.txt
3090,7100,Novec_7100,3.281,102.2,0.0,87.2,1372.0,86.9,3090_7100.txt
3090,7100,Novec_7100,4.389,27.4,0.0,87.2,1372.0,76.2,3090_7100.txt
3090,7100,Novec_7100,5.603,19.3,0.0,87.2,1372.0,70.7,3090_7100.txt
3090,7100,Novec_7100,6.703,17.3,0.0,87.2,1372.0,68.0,3090_7100.txt
3090,7100,Novec_7100,7.788,17.2,0.0,87.2,1372.0,67.0,3090_7100.txt
3090,7100,Novec_7100,9.131,16.6,0.0,87.2,1372.0,61.3,3090_7100.txt
3090,7100,Novec_7100,10.232,16.2,0.0,87.2,1372.0,59.9,3090_7100.txt
3090,7100,Novec_7100,11.338,15.4,0.0,87.2,1372.0,58.5,3090_7100.txt
3090,7100,Novec_7100,12.684,17.9,0.0,87.2,1372.0,58.1,3090_7100.txt
3090,7100,Novec_7100,13.723,19.3,0.0,87.2,1372.0,61.7,3090_7100.txt
3090,7100,Novec_7100,1.119,18.8,0.0,64.5,1372.0,65.4,3090_7100.txt
3090,7100,Novec_7100,2.227,17.8,0.0,64.5,1372.0,65.9,3090_7100.txt
3090,7100,Novec_7100,3.359,19.9,0.0,64.5,1372.0,67.2,3090_7100.txt
3090,7100,Novec_7100,4.443,19.4,0.0,64.5,1372.0,67.1,3090_7100.txt
3090,7100,Novec_7100,5.538,20.5,0.0,64.5,1372.0,67.6,3090_7100.txt
3090,7100,Novec_7100,6.6530000000000005,24.2,0.0,64.5,1372.0,68.9,3090_7100.txt
3090,7100,Novec_7100,7.748,19.2,0.0,64.5,1372.0,67.5,3090_7100.txt
3090,7100,Novec_7100,8.848,17.3,0.0,64.5,1372.0,66.8,3090_7100.txt
3090,7100,Novec_7100,9.939,16.9,0.0,64.5,1372.0,66.2,3090_7100.txt
3090,7100,Novec_7100,11.125,16.4,0.0,64.5,1372.0,62.6,3090_7100.txt
3090,7100,Novec_7100,12.37,15.7,0.0,64.5,1372.0,59.6,3090_7100.txt
3090,7100,Novec_7100,13.686,13.8,0.0,64.5,1372.0,57.8,3090_7100.txt
3090,7100,Novec_7100,1.08,15.9,0.0,57.9,1372.0,57.4,3090_7100.txt
3090,7100,Novec_7100,2.205,16.8,0.0,57.9,1372.0,57.3,3090_7100.txt
3090,7100,Novec_7100,3.322,18.3,0.0,57.9,1372.0,57.8,3090_7100.txt
3090,7100,Novec_7100,4.4879999999999995,18.3,0.0,57.9,1372.0,61.9,3090_7100.txt
3090,7100,Novec_7100,5.603,20.0,0.0,57.9,1372.0,64.3,3090_7100.txt
3090,7100,Novec_7100,6.704,21.1,0.0,57.9,1372.0,62.3,3090_7100.txt
3090,7100,Novec_7100,7.787,19.6,0.0,57.9,1372.0,65.1,3090_7100.txt
3090,7100,Novec_7100,8.898,20.0,0.0,57.9,1372.0,66.3,3090_7100.txt
3090,7100,Novec_7100,10.046,21.9,0.0,57.9,1372.0,67.2,3090_7100.txt
3090,7100,Novec_7100,11.09,18.3,0.0,57.9,1372.0,66.6,3090_7100.txt
3090,7100,Novec_7100,12.18,18.9,0.0,57.9,1372.0,66.8,3090_7100.txt
3090,7100,Novec_7100,13.296,26.3,0.0,57.9,1372.0,68.0,3090_7100.txt
3090,7100,Novec_7100,14.371,20.8,0.0,57.9,1372.0,68.4,3090_7100.txt
3090,7100,Novec_7100,1.12,16.9,0.0,67.4,1372.0,66.6,3090_7100.txt
3090,7100,Novec_7100,2.289,16.6,0.0,67.4,1372.0,63.3,3090_7100.txt
3090,7100,Novec_7100,3.424,16.2,0.0,67.4,1372.0,60.3,3090_7100.txt
3090,7100,Novec_7100,4.645,14.3,0.0,67.4,1372.0,58.4,3090_7100.txt
3090,7100,Novec_7100,5.783,14.4,0.0,67.4,1372.0,57.4,3090_7100.txt
3090,7100,Novec_7100,6.965,15.8,0.0,67.4,1372.0,57.5,3090_7100.txt
3090,7100,Novec_7100,8.025,15.1,0.0,67.4,1372.0,56.9,3090_7100.txt
3090,7100,Novec_7100,9.204,15.2,0.0,67.4,1372.0,56.9,3090_7100.txt
3090,7100,Novec_7100,10.258,18.3,0.0,67.4,1372.0,57.8,3090_7100.txt
3090,7100,Novec_7100,11.34,16.4,0.0,67.4,1372.0,57.8,3090_7100.txt
3090,7100,Novec_7100,12.449,17.6,0.0,67.4,1372.0,57.9,3090_7100.txt
3090,7100,Novec_7100,13.556000000000001,19.1,0.0,67.4,1372.0,61.4,3090_7100.txt
3090,7100,Novec_7100,1.114,17.2,0.0,64.1,1372.0,65.1,3090_7100.txt
3090,7100,Novec_7100,2.215,19.2,0.0,64.1,1372.0,66.2,3090_7100.txt
3090,7100,Novec_7100,3.33,17.6,0.0,64.1,1372.0,66.2,3090_7100.txt
3090,7100,Novec_7100,4.437,18.0,0.0,64.1,1372.0,66.8,3090_7100.txt
3090,7100,Novec_7100,5.546,20.1,0.0,64.1,1372.0,67.6,3090_7100.txt
3090,7100,Novec_7100,6.626,22.1,0.0,64.1,1372.0,68.4,3090_7100.txt
3090,7100,Novec_7100,7.731,19.4,0.0,64.1,1372.0,67.5,3090_7100.txt
3090,7100,Novec_7100,8.845,17.0,0.0,64.1,1372.0,66.7,3090_7100.txt
3090,7100,Novec_7100,9.943999999999999,16.8,0.0,64.1,1372.0,66.4,3090_7100.txt
3090,7100,Novec_7100,11.19,16.5,0.0,64.1,1372.0,62.8,3090_7100.txt
3090,7100,Novec_7100,12.348,15.6,0.0,64.1,1372.0,60.2,3090_7100.txt
3090,7100,Novec_7100,13.475999999999999,13.9,0.0,64.1,1372.0,58.7,3090_7100.txt
3090,7100,Novec_7100,1.02,15.4,0.0,58.2,1372.0,57.7,3090_7100.txt
3090,7100,Novec_7100,2.177,15.3,0.0,58.2,1372.0,57.5,3090_7100.txt
3090,7100,Novec_7100,3.3609999999999998,16.9,0.0,58.2,1372.0,57.8,3090_7100.txt
3090,7100,Novec_7100,4.445,15.8,0.0,58.2,1372.0,57.7,3090_7100.txt
3090,7100,Novec_7100,5.527,17.5,0.0,58.2,1372.0,58.1,3090_7100.txt
3090,7100,Novec_7100,6.647,17.6,0.0,58.2,1372.0,58.3,3090_7100.txt
3090,7100,Novec_7100,7.715,18.3,0.0,58.2,1372.0,62.9,3090_7100.txt
3090,7100,Novec_7100,8.81,18.1,0.0,58.2,1372.0,64.9,3090_7100.txt
3090,7100,Novec_7100,9.928,17.3,0.0,58.2,1372.0,65.8,3090_7100.txt
3090,7100,Novec_7100,11.013,17.2,0.0,58.2,1372.0,66.7,3090_7100.txt
3090,7100,Novec_7100,12.14,18.6,0.0,58.2,1372.0,66.7,3090_7100.txt
3090,7100,Novec_7100,13.227,18.1,0.0,58.2,1372.0,67.2,3090_7100.txt
3090,7100,Novec_7100,14.347,22.2,0.0,58.2,1372.0,68.3,3090_7100.txt
3090,7100,Novec_7100,1.113,17.3,0.0,67.8,1372.0,67.3,3090_7100.txt
3090,7100,Novec_7100,2.206,16.9,0.0,67.8,1372.0,66.8,3090_7100.txt
3090,7100,Novec_7100,3.531,16.2,0.0,67.8,1372.0,62.0,3090_7100.txt
3090,7100,Novec_7100,4.604,16.2,0.0,67.8,1372.0,60.3,3090_7100.txt
3090,7100,Novec_7100,5.836,14.3,0.0,67.8,1372.0,58.4,3090_7100.txt
3090,7100,Novec_7100,6.964,15.8,0.0,67.8,1372.0,58.0,3090_7100.txt
3090,7100,Novec_7100,8.038,16.8,0.0,67.8,1372.0,58.3,3090_7100.txt
3090,7100,Novec_7100,9.257,15.6,0.0,67.8,1372.0,57.5,3090_7100.txt
3090,7100,Novec_7100,10.43,16.9,0.0,67.8,1372.0,58.0,3090_7100.txt
3090,7100,Novec_7100,11.634,18.5,0.0,67.8,1372.0,58.6,3090_7100.txt
3090,7100,Novec_7100,12.738,17.5,0.0,67.8,1372.0,58.1,3090_7100.txt
3090,7100,Novec_7100,13.85,18.4,0.0,67.8,1372.0,58.7,3090_7100.txt
3090,7100,Novec_7100,1.073,19.5,0.0,61.2,1372.0,64.3,3090_7100.txt
3090,7100,Novec_7100,2.17,20.2,0.0,61.2,1372.0,65.8,3090_7100.txt
3090,7100,Novec_7100,3.2640000000000002,20.5,0.0,61.2,1372.0,67.6,3090_7100.txt
3090,7100,Novec_7100,4.364,18.3,0.0,61.2,1372.0,67.3,3090_7100.txt
3090,7100,Novec_7100,5.486,19.8,0.0,61.2,1372.0,67.9,3090_7100.txt
3090,7100,Novec_7100,6.571,18.8,0.0,61.2,1372.0,69.1,3090_7100.txt
3090,7100,Novec_7100,7.779,20.4,0.0,61.2,1372.0,69.3,3090_7100.txt
3090,7100,Novec_7100,8.886,19.8,0.0,61.2,1372.0,68.3,3090_7100.txt
3090,7100,Novec_7100,9.986,17.0,0.0,61.2,1372.0,67.4,3090_7100.txt
3090,7100,Novec_7100,11.096,16.7,0.0,61.2,1372.0,66.9,3090_7100.txt
3090,7100,Novec_7100,12.443,16.2,0.0,61.2,1372.0,61.2,3090_7100.txt
3090,7100,Novec_7100,13.537,15.4,0.0,61.2,1372.0,59.4,3090_7100.txt
3090,7100,Novec_7100,1.126,17.1,0.0,58.3,1372.0,58.2,3090_7100.txt
3090,7100,Novec_7100,2.211,16.3,0.0,58.3,1372.0,57.8,3090_7100.txt
3090,7100,Novec_7100,3.341,16.2,0.0,58.3,1372.0,57.9,3090_7100.txt
3090,7100,Novec_7100,4.397,18.7,0.0,58.3,1372.0,58.3,3090_7100.txt
3090,7100,Novec_7100,5.481,17.5,0.0,58.3,1372.0,61.4,3090_7100.txt
3090,7100,Novec_7100,6.583,19.5,0.0,58.3,1372.0,64.5,3090_7100.txt
3090,7100,Novec_7100,7.651,19.0,0.0,58.3,1372.0,64.4,3090_7100.txt
3090,7100,Novec_7100,8.751,17.0,0.0,58.3,1372.0,65.7,3090_7100.txt
3090,7100,Novec_7100,9.88,17.2,0.0,58.3,1372.0,66.3,3090_7100.txt
3090,7100,Novec_7100,10.971,19.0,0.0,58.3,1372.0,67.2,3090_7100.txt
3090,7100,Novec_7100,12.08,17.4,0.0,58.3,1372.0,67.0,3090_7100.txt
3090,7100,Novec_7100,13.19,18.4,0.0,58.3,1372.0,67.4,3090_7100.txt
3090,7100,Novec_7100,14.311,21.6,0.0,58.3,1372.0,68.1,3090_7100.txt
3090,7100,Novec_7100,1.094,19.4,0.0,69.2,1372.0,68.2,3090_7100.txt
3090,7100,Novec_7100,2.193,17.1,0.0,69.2,1372.0,67.4,3090_7100.txt
3090,7100,Novec_7100,3.273,16.8,0.0,69.2,1372.0,66.9,3090_7100.txt
3090,7100,Novec_7100,4.378,16.4,0.0,69.2,1372.0,63.3,3090_7100.txt
3090,7100,Novec_7100,5.594,15.6,0.0,69.2,1372.0,60.4,3090_7100.txt
3090,7100,Novec_7100,6.717,14.2,0.0,69.2,1372.0,58.8,3090_7100.txt
3090,7100,Novec_7100,7.826,14.9,0.0,69.2,1372.0,58.3,3090_7100.txt
3090,7100,Novec_7100,9.039,14.4,0.0,69.2,1372.0,57.6,3090_7100.txt
3090,7100,Novec_7100,10.163,16.4,0.0,69.2,1372.0,57.7,3090_7100.txt
3090,7100,Novec_7100,11.33,16.4,0.0,69.2,1372.0,57.8,3090_7100.txt
3090,7100,Novec_7100,12.433,16.9,0.0,69.2,1372.0,57.7,3090_7100.txt
3090,7100,Novec_7100,13.54,17.0,0.0,69.2,1372.0,57.7,3090_7100.txt
3090,7100,Novec_7100,1.1,18.2,0.0,58.5,1372.0,62.6,3090_7100.txt
3090,7100,Novec_7100,2.216,19.4,0.0,58.5,1372.0,65.3,3090_7100.txt
3090,7100,Novec_7100,3.288,18.8,0.0,58.5,1372.0,66.2,3090_7100.txt
3090,7100,Novec_7100,4.4,17.2,0.0,58.5,1372.0,66.3,3090_7100.txt
3090,7100,Novec_7100,5.506,17.5,0.0,58.5,1372.0,66.9,3090_7100.txt
3090,7100,Novec_7100,6.599,18.1,0.0,58.5,1372.0,67.8,3090_7100.txt
3090,7100,Novec_7100,7.697,17.6,0.0,58.5,1372.0,67.4,3090_7100.txt
3090,7100,Novec_7100,8.805,17.0,0.0,58.5,1372.0,67.1,3090_7100.txt
3090,7100,Novec_7100,9.895,16.7,0.0,58.5,1372.0,66.7,3090_7100.txt
3090,7100,Novec_7100,11.023,16.2,0.0,58.5,1372.0,62.1,3090_7100.txt
3090,7100,Novec_7100,12.108,16.1,0.0,58.5,1372.0,59.9,3090_7100.txt
3090,7100,Novec_7100,13.24,13.9,0.0,58.5,1372.0,58.3,3090_7100.txt
3090,7100,Novec_7100,14.431,14.4,0.0,58.5,1372.0,57.8,3090_7100.txt
3090,7100,Novec_7100,1.091,14.5,0.0,57.7,1372.0,57.2,3090_7100.txt
3090,7100,Novec_7100,2.219,16.4,0.0,57.7,1372.0,57.5,3090_7100.txt
3090,7100,Novec_7100,3.289,17.0,0.0,57.7,1372.0,57.7,3090_7100.txt
3090,7100,Novec_7100,4.406,14.6,0.0,57.7,1372.0,57.2,3090_7100.txt
3090,7100,Novec_7100,5.489,16.3,0.0,57.7,1372.0,57.4,3090_7100.txt
3090,7100,Novec_7100,6.585,18.5,0.0,57.7,1372.0,58.4,3090_7100.txt
3090,7100,Novec_7100,7.661,19.2,0.0,57.7,1372.0,63.3,3090_7100.txt
3090,7100,Novec_7100,8.763,17.5,0.0,57.7,1372.0,65.2,3090_7100.txt
3090,7100,Novec_7100,9.864,18.1,0.0,57.7,1372.0,66.1,3090_7100.txt
3090,7100,Novec_7100,10.975999999999999,17.2,0.0,57.7,1372.0,66.3,3090_7100.txt
3090,7100,Novec_7100,12.092,17.8,0.0,57.7,1372.0,66.8,3090_7100.txt
3090,7100,Novec_7100,13.192,18.9,0.0,57.7,1372.0,67.7,3090_7100.txt
3090,7100,Novec_7100,1.106,17.9,0.0,67.3,1372.0,67.3,3090_7100.txt
3090,7100,Novec_7100,2.193,16.6,0.0,67.3,1372.0,66.9,3090_7100.txt
3090,7100,Novec_7100,3.339,16.6,0.0,67.3,1372.0,62.2,3090_7100.txt
3090,7100,Novec_7100,4.475,15.8,0.0,67.3,1372.0,60.1,3090_7100.txt
3090,7100,Novec_7100,5.5600000000000005,15.0,0.0,67.3,1372.0,58.6,3090_7100.txt
3090,7100,Novec_7100,6.743,15.6,0.0,67.3,1372.0,58.1,3090_7100.txt
3090,7100,Novec_7100,7.8100000000000005,16.5,0.0,67.3,1372.0,58.0,3090_7100.txt
3090,7100,Novec_7100,9.055,16.2,0.0,67.3,1372.0,57.5,3090_7100.txt
3090,7100,Novec_7100,10.216,17.1,0.0,67.3,1372.0,57.7,3090_7100.txt
3090,7100,Novec_7100,11.339,15.9,0.0,67.3,1372.0,57.9,3090_7100.txt
3090,7100,Novec_7100,12.436,16.5,0.0,67.3,1372.0,57.6,3090_7100.txt
3090,7100,Novec_7100,13.542,17.5,0.0,67.3,1372.0,58.0,3090_7100.txt
3090,7100,Novec_7100,14.617,19.9,0.0,67.3,1372.0,61.7,3090_7100.txt
3090,7100,Novec_7100,1.11,20.3,0.0,64.6,1372.0,66.2,3090_7100.txt
3090,7100,Novec_7100,2.213,22.7,0.0,64.6,1372.0,67.8,3090_7100.txt
3090,7100,Novec_7100,3.302,19.9,0.0,64.6,1372.0,67.4,3090_7100.txt
3090,7100,Novec_7100,4.395,22.0,0.0,64.6,1372.0,68.3,3090_7100.txt
3090,7100,Novec_7100,5.504,27.6,0.0,64.6,1372.0,70.0,3090_7100.txt
3090,7100,Novec_7100,6.607,18.1,0.0,64.6,1372.0,68.1,3090_7100.txt
3090,7100,Novec_7100,7.7,17.3,0.0,64.6,1372.0,67.6,3090_7100.txt
3090,7100,Novec_7100,8.813,16.9,0.0,64.6,1372.0,66.9,3090_7100.txt
3090,7100,Novec_7100,10.107,15.9,0.0,64.6,1372.0,61.3,3090_7100.txt
3090,7100,Novec_7100,11.327,14.4,0.0,64.6,1372.0,59.3,3090_7100.txt
3090,7100,Novec_7100,12.475,14.3,0.0,64.6,1372.0,58.0,3090_7100.txt
3090,7100,Novec_7100,13.725,14.9,0.0,64.6,1372.0,57.8,3090_7100.txt
3090,7100,Novec_7100,1.095,15.5,0.0,57.1,1372.0,57.1,3090_7100.txt
3090,7100,Novec_7100,2.418,16.8,0.0,57.1,1372.0,57.6,3090_7100.txt
3090,7100,Novec_7100,3.5,16.1,0.0,57.1,1372.0,57.5,3090_7100.txt
3090,7100,Novec_7100,4.567,16.2,0.0,57.1,1372.0,57.6,3090_7100.txt
3090,7100,Novec_7100,5.708,17.7,0.0,57.1,1372.0,57.9,3090_7100.txt
3090,7100,Novec_7100,6.783,18.6,0.0,57.1,1372.0,61.8,3090_7100.txt
3090,7100,Novec_7100,7.93,19.7,0.0,57.1,1372.0,64.8,3090_7100.txt
3090,7100,Novec_7100,8.982,17.6,0.0,57.1,1372.0,65.8,3090_7100.txt
3090,7100,Novec_7100,10.091,17.3,0.0,57.1,1372.0,66.4,3090_7100.txt
3090,7100,Novec_7100,11.19,18.1,0.0,57.1,1372.0,66.7,3090_7100.txt
3090,7100,Novec_7100,12.268,18.7,0.0,57.1,1372.0,67.4,3090_7100.txt
3090,7100,Novec_7100,13.374,18.1,0.0,57.1,1372.0,67.7,3090_7100.txt
3090,7100,Novec_7100,1.08,16.8,0.0,67.4,1372.0,66.9,3090_7100.txt
3090,7100,Novec_7100,2.44,16.0,0.0,67.4,1372.0,62.3,3090_7100.txt
3090,7100,Novec_7100,3.5460000000000003,15.8,0.0,67.4,1372.0,60.1,3090_7100.txt
3090,7100,Novec_7100,4.654,14.4,0.0,67.4,1372.0,58.5,3090_7100.txt
3090,7100,Novec_7100,5.862,15.1,0.0,67.4,1372.0,57.8,3090_7100.txt
3090,7100,Novec_7100,7.077,15.1,0.0,67.4,1372.0,57.5,3090_7100.txt
3090,7100,Novec_7100,8.163,13.8,0.0,67.4,1372.0,56.9,3090_7100.txt
3090,7100,Novec_7100,9.39,16.1,0.0,67.4,1372.0,57.2,3090_7100.txt
3090,7100,Novec_7100,10.497,17.5,0.0,67.4,1372.0,57.8,3090_7100.txt
3090,7100,Novec_7100,11.582,16.3,0.0,67.4,1372.0,57.5,3090_7100.txt
3090,7100,Novec_7100,12.706,16.9,0.0,67.4,1372.0,57.7,3090_7100.txt
3090,7100,Novec_7100,13.769,18.0,0.0,67.4,1372.0,58.6,3090_7100.txt
3090,7100,Novec_7100,1.081,18.1,0.0,63.3,1372.0,65.4,3090_7100.txt
3090,7100,Novec_7100,2.178,18.3,0.0,63.3,1372.0,66.6,3090_7100.txt
3090,7100,Novec_7100,3.298,17.3,0.0,63.3,1372.0,66.6,3090_7100.txt
3090,7100,Novec_7100,4.376,18.4,0.0,63.3,1372.0,67.3,3090_7100.txt
3090,7100,Novec_7100,5.498,19.9,0.0,63.3,1372.0,67.9,3090_7100.txt
3090,7100,Novec_7100,6.5969999999999995,17.7,0.0,63.3,1372.0,67.7,3090_7100.txt
3090,7100,Novec_7100,7.663,17.9,0.0,63.3,1372.0,67.3,3090_7100.txt
3090,7100,Novec_7100,8.775,16.9,0.0,63.3,1372.0,67.0,3090_7100.txt
3090,7100,Novec_7100,10.101,15.7,0.0,63.3,1372.0,61.3,3090_7100.txt
3090,7100,Novec_7100,11.178,15.2,0.0,63.3,1372.0,59.7,3090_7100.txt
3090,7100,Novec_7100,12.325,13.7,0.0,63.3,1372.0,58.3,3090_7100.txt
3090,7100,Novec_7100,13.541,14.0,0.0,63.3,1372.0,57.9,3090_7100.txt
3090,7100,Novec_7100,14.623,14.4,0.0,63.3,1372.0,57.8,3090_7100.txt
3090,7100,Novec_7100,1.212,16.6,0.0,57.0,1372.0,57.6,3090_7100.txt
3090,7100,Novec_7100,2.402,16.2,0.0,57.0,1372.0,57.8,3090_7100.txt
3090,7100,Novec_7100,3.511,16.9,0.0,57.0,1372.0,57.7,3090_7100.txt
3090,7100,Novec_7100,4.63,17.4,0.0,57.0,1372.0,58.0,3090_7100.txt
3090,7100,Novec_7100,5.695,18.8,0.0,57.0,1372.0,61.3,3090_7100.txt
3090,7100,Novec_7100,6.785,19.6,0.0,57.0,1372.0,64.3,3090_7100.txt
3090,7100,Novec_7100,7.865,18.8,0.0,57.0,1372.0,66.0,3090_7100.txt
3090,7100,Novec_7100,8.982,17.4,0.0,57.0,1372.0,66.8,3090_7100.txt
3090,7100,Novec_7100,10.059,18.1,0.0,57.0,1372.0,67.2,3090_7100.txt
3090,7100,Novec_7100,11.162,18.0,0.0,57.0,1372.0,67.7,3090_7100.txt
3090,7100,Novec_7100,12.241,22.0,0.0,57.0,1372.0,68.6,3090_7100.txt
3090,7100,Novec_7100,13.350999999999999,17.9,0.0,57.0,1372.0,67.6,3090_7100.txt
3090,7100,Novec_7100,1.191,16.5,0.0,67.2,1372.0,63.6,3090_7100.txt
3090,7100,Novec_7100,2.407,15.8,0.0,67.2,1372.0,60.6,3090_7100.txt
3090,7100,Novec_7100,3.531,13.4,0.0,67.2,1372.0,58.9,3090_7100.txt
3090,7100,Novec_7100,4.791,14.1,0.0,67.2,1372.0,57.8,3090_7100.txt
3090,7100,Novec_7100,6.075,16.4,0.0,67.2,1372.0,57.9,3090_7100.txt
3090,7100,Novec_7100,7.148,14.5,0.0,67.2,1372.0,57.3,3090_7100.txt
3090,7100,Novec_7100,8.367,14.9,0.0,67.2,1372.0,57.4,3090_7100.txt
3090,7100,Novec_7100,9.454,17.3,0.0,67.2,1372.0,57.9,3090_7100.txt
3090,7100,Novec_7100,10.557,16.1,0.0,67.2,1372.0,57.6,3090_7100.txt
3090,7100,Novec_7100,11.652,15.9,0.0,67.2,1372.0,57.7,3090_7100.txt
3090,7100,Novec_7100,12.762,18.6,0.0,67.2,1372.0,58.6,3090_7100.txt
3090,7100,Novec_7100,13.86,18.0,0.0,67.2,1372.0,62.9,3090_7100.txt
3090,7100,Novec_7100,1.11,17.9,0.0,65.4,1372.0,66.4,3090_7100.txt
3090,7100,Novec_7100,2.214,17.3,0.0,65.4,1372.0,66.6,3090_7100.txt
3090,7100,Novec_7100,3.327,17.3,0.0,65.4,1372.0,67.1,3090_7100.txt
3090,7100,Novec_7100,4.418,20.0,0.0,65.4,1372.0,68.1,3090_7100.txt
3090,7100,Novec_7100,5.587,65.9,0.0,65.4,1372.0,73.3,3090_7100.txt
3090,7100,Novec_7100,6.639,64.5,0.0,65.4,1372.0,82.4,3090_7100.txt
3090,7100,Novec_7100,7.797,27.0,0.0,65.4,1372.0,76.6,3090_7100.txt
3090,7100,Novec_7100,8.967,83.4,0.0,65.4,1372.0,84.2,3090_7100.txt
3090,7100,Novec_7100,10.066,47.6,0.0,65.4,1372.0,85.0,3090_7100.txt
3090,7100,Novec_7100,11.31,64.5,0.0,65.4,1372.0,85.8,3090_7100.txt
3090,7100,Novec_7100,12.384,68.9,0.0,65.4,1372.0,86.7,3090_7100.txt
3090,7100,Novec_7100,13.528,118.5,0.0,65.4,1372.0,86.7,3090_7100.txt
3090,7100,Novec_7100,1.086,61.8,0.0,85.7,1372.0,83.8,3090_7100.txt
3090,7100,Novec_7100,2.193,133.5,0.0,85.7,1372.0,88.7,3090_7100.txt
3090,7100,Novec_7100,3.284,51.3,0.0,85.7,1372.0,85.8,3090_7100.txt
3090,7100,Novec_7100,4.497,32.3,0.0,85.7,1372.0,84.0,3090_7100.txt
3090,7100,Novec_7100,5.642,55.3,0.0,85.7,1372.0,87.2,3090_7100.txt
3090,7100,Novec_7100,6.691,33.8,0.0,85.7,1372.0,84.7,3090_7100.txt
3090,7100,Novec_7100,7.789,130.1,0.0,85.7,1372.0,91.5,3090_7100.txt
3090,7100,Novec_7100,8.912,104.7,0.0,85.7,1372.0,89.1,3090_7100.txt
3090,7100,Novec_7100,10.012,81.4,0.0,85.7,1372.0,89.6,3090_7100.txt
3090,7100,Novec_7100,11.129,36.4,0.0,85.7,1372.0,87.2,3090_7100.txt
3090,7100,Novec_7100,12.209,128.7,0.0,85.7,1372.0,89.6,3090_7100.txt
3090,7100,Novec_7100,13.324,138.9,0.0,85.7,1372.0,89.2,3090_7100.txt
3090,7100,Novec_7100,14.408,124.5,0.0,85.7,1372.0,88.2,3090_7100.txt
3090,7100,Novec_7100,1.098,55.4,0.0,86.1,1372.0,86.3,3090_7100.txt
3090,7100,Novec_7100,2.222,88.2,0.0,86.1,1372.0,87.0,3090_7100.txt
3090,7100,Novec_7100,3.452,70.0,0.0,86.1,1372.0,87.0,3090_7100.txt
3090,7100,Novec_7100,4.579,60.1,0.0,86.1,1372.0,86.8,3090_7100.txt
3090,7100,Novec_7100,5.64,133.6,0.0,86.1,1372.0,89.0,3090_7100.txt
3090,7100,Novec_7100,6.737,76.4,0.0,86.1,1372.0,87.2,3090_7100.txt
3090,7100,Novec_7100,7.839,59.6,0.0,86.1,1372.0,86.0,3090_7100.txt
3090,7100,Novec_7100,8.923,116.3,0.0,86.1,1372.0,87.3,3090_7100.txt
3090,7100,Novec_7100,10.15,98.2,0.0,86.1,1372.0,88.8,3090_7100.txt
3090,7100,Novec_7100,11.244,57.1,0.0,86.1,1372.0,86.0,3090_7100.txt
3090,7100,Novec_7100,12.339,124.1,0.0,86.1,1372.0,90.0,3090_7100.txt
3090,7100,Novec_7100,13.441,34.4,0.0,86.1,1372.0,84.0,3090_7100.txt
3090,7100,Novec_7100,1.106,123.1,0.0,89.1,1372.0,90.3,3090_7100.txt
3090,7100,Novec_7100,2.209,123.0,0.0,89.1,1372.0,88.7,3090_7100.txt
3090,7100,Novec_7100,3.409,85.4,0.0,89.1,1372.0,87.3,3090_7100.txt
3090,7100,Novec_7100,4.507,135.6,0.0,89.1,1372.0,89.5,3090_7100.txt
3090,7100,Novec_7100,5.5969999999999995,55.2,0.0,89.1,1372.0,86.0,3090_7100.txt
3090,7100,Novec_7100,6.693,107.4,0.0,89.1,1372.0,88.1,3090_7100.txt
3090,7100,Novec_7100,7.776,32.5,0.0,89.1,1372.0,84.1,3090_7100.txt
3090,7100,Novec_7100,8.883,78.4,0.0,89.1,1372.0,86.6,3090_7100.txt
3090,7100,Novec_7100,9.989,48.6,0.0,89.1,1372.0,91.8,3090_7100.txt
3090,7100,Novec_7100,11.104,86.7,0.0,89.1,1372.0,84.6,3090_7100.txt
3090,7100,Novec_7100,12.185,52.0,0.0,89.1,1372.0,84.1,3090_7100.txt
3090,7100,Novec_7100,13.33,33.8,0.0,89.1,1372.0,83.1,3090_7100.txt
3090,7100,Novec_7100,14.386,100.0,0.0,89.1,1372.0,88.8,3090_7100.txt
3090,7100,Novec_7100,1.111,32.3,0.0,88.4,1372.0,85.3,3090_7100.txt
3090,7100,Novec_7100,2.185,100.4,0.0,88.4,1372.0,87.6,3090_7100.txt
3090,7100,Novec_7100,3.305,66.0,0.0,88.4,1372.0,88.4,3090_7100.txt
3090,7100,Novec_7100,4.399,83.6,0.0,88.4,1372.0,93.4,3090_7100.txt
3090,7100,Novec_7100,5.543,35.4,0.0,88.4,1372.0,83.9,3090_7100.txt
3090,7100,Novec_7100,6.65,136.3,0.0,88.4,1372.0,90.1,3090_7100.txt
3090,7100,Novec_7100,7.732,135.9,0.0,88.4,1372.0,92.5,3090_7100.txt
3090,7100,Novec_7100,8.837,120.5,0.0,88.4,1372.0,88.9,3090_7100.txt
3090,7100,Novec_7100,9.965,140.2,0.0,88.4,1372.0,91.4,3090_7100.txt
3090,7100,Novec_7100,11.016,121.9,0.0,88.4,1372.0,89.6,3090_7100.txt
3090,7100,Novec_7100,12.132,64.4,0.0,88.4,1372.0,86.0,3090_7100.txt
3090,7100,Novec_7100,13.215,55.8,0.0,88.4,1372.0,87.3,3090_7100.txt
3090,7100,Novec_7100,14.311,95.4,0.0,88.4,1372.0,87.7,3090_7100.txt
3090,7100,Novec_7100,1.184,121.8,0.0,89.4,1372.0,94.5,3090_7100.txt
3090,7100,Novec_7100,2.31,74.2,0.0,89.4,1372.0,87.4,3090_7100.txt
3090,7100,Novec_7100,3.409,126.3,0.0,89.4,1372.0,89.8,3090_7100.txt
3090,7100,Novec_7100,4.497,96.9,0.0,89.4,1372.0,87.9,3090_7100.txt
3090,7100,Novec_7100,5.657,43.4,0.0,89.4,1372.0,85.3,3090_7100.txt
3090,7100,Novec_7100,6.712,33.8,0.0,89.4,1372.0,85.2,3090_7100.txt
3090,7100,Novec_7100,7.796,114.0,0.0,89.4,1372.0,89.7,3090_7100.txt
3090,7100,Novec_7100,8.895,122.1,0.0,89.4,1372.0,87.9,3090_7100.txt
3090,7100,Novec_7100,9.98,129.7,0.0,89.4,1372.0,89.3,3090_7100.txt
3090,7100,Novec_7100,11.091,125.4,0.0,89.4,1372.0,90.5,3090_7100.txt
3090,7100,Novec_7100,12.207,34.2,0.0,89.4,1372.0,85.3,3090_7100.txt
3090,7100,Novec_7100,13.266,80.1,0.0,89.4,1372.0,84.9,3090_7100.txt
3090,7100,Novec_7100,1.095,87.2,0.0,87.8,1372.0,93.1,3090_7100.txt
3090,7100,Novec_7100,2.197,63.8,0.0,87.8,1372.0,89.7,3090_7100.txt
3090,7100,Novec_7100,3.275,59.9,0.0,87.8,1372.0,86.3,3090_7100.txt
3090,7100,Novec_7100,4.367,39.7,0.0,87.8,1372.0,85.3,3090_7100.txt
3090,7100,Novec_7100,5.481,129.4,0.0,87.8,1372.0,90.1,3090_7100.txt
3090,7100,Novec_7100,6.582,63.2,0.0,87.8,1372.0,86.8,3090_7100.txt
3090,7100,Novec_7100,7.693,30.7,0.0,87.8,1372.0,81.3,3090_7100.txt
3090,7100,Novec_7100,8.852,36.1,0.0,87.8,1372.0,77.6,3090_7100.txt
3090,7100,Novec_7100,9.993,38.4,0.0,87.8,1372.0,81.5,3090_7100.txt
3090,7100,Novec_7100,11.12,49.2,0.0,87.8,1372.0,83.4,3090_7100.txt
3090,7100,Novec_7100,12.232,80.5,0.0,87.8,1372.0,85.1,3090_7100.txt
3090,7100,Novec_7100,13.309,82.5,0.0,87.8,1372.0,84.9,3090_7100.txt
3090,7100,Novec_7100,1.068,40.0,0.0,83.5,1372.0,83.6,3090_7100.txt
3090,7100,Novec_7100,2.172,39.8,0.0,83.5,1372.0,83.3,3090_7100.txt
3090,7100,Novec_7100,3.266,38.9,0.0,83.5,1372.0,82.9,3090_7100.txt
3090,7100,Novec_7100,4.367,132.6,0.0,83.5,1372.0,88.8,3090_7100.txt
3090,7100,Novec_7100,5.473,132.7,0.0,83.5,1372.0,89.3,3090_7100.txt
3090,7100,Novec_7100,6.577,128.1,0.0,83.5,1372.0,87.1,3090_7100.txt
3090,7100,Novec_7100,7.677,71.8,0.0,83.5,1372.0,89.4,3090_7100.txt
3090,7100,Novec_7100,8.76,52.3,0.0,83.5,1372.0,91.6,3090_7100.txt
3090,7100,Novec_7100,9.861,63.4,0.0,83.5,1372.0,90.3,3090_7100.txt
3090,7100,Novec_7100,10.942,134.2,0.0,83.5,1372.0,91.0,3090_7100.txt
3090,7100,Novec_7100,12.037,135.1,0.0,83.5,1372.0,89.8,3090_7100.txt
3090,7100,Novec_7100,13.153,72.7,0.0,83.5,1372.0,91.5,3090_7100.txt
3090,7100,Novec_7100,14.251,103.7,0.0,83.5,1372.0,87.6,3090_7100.txt
3090,7100,Novec_7100,1.079,60.2,0.0,86.1,1372.0,83.0,3090_7100.txt
3090,7100,Novec_7100,2.183,81.4,0.0,86.1,1372.0,92.5,3090_7100.txt
3090,7100,Novec_7100,3.283,47.5,0.0,86.1,1372.0,85.6,3090_7100.txt
3090,7100,Novec_7100,4.386,130.4,0.0,86.1,1372.0,89.3,3090_7100.txt
3090,7100,Novec_7100,5.493,134.4,0.0,86.1,1372.0,89.4,3090_7100.txt
3090,7100,Novec_7100,6.754,31.9,0.0,86.1,1372.0,83.9,3090_7100.txt
3090,7100,Novec_7100,7.849,138.2,0.0,86.1,1372.0,91.8,3090_7100.txt
3090,7100,Novec_7100,8.906,103.2,0.0,86.1,1372.0,88.4,3090_7100.txt
3090,7100,Novec_7100,9.994,80.4,0.0,86.1,1372.0,87.2,3090_7100.txt
3090,7100,Novec_7100,11.099,66.7,0.0,86.1,1372.0,87.5,3090_7100.txt
3090,7100,Novec_7100,12.18,68.1,0.0,86.1,1372.0,90.6,3090_7100.txt
3090,7100,Novec_7100,13.307,29.7,0.0,86.1,1372.0,81.6,3090_7100.txt
3090,7100,Novec_7100,14.394,67.3,0.0,86.1,1372.0,91.1,3090_7100.txt
3090,7100,Novec_7100,1.097,128.5,0.0,87.4,1372.0,91.0,3090_7100.txt
3090,7100,Novec_7100,2.185,129.0,0.0,87.4,1372.0,89.5,3090_7100.txt
3090,7100,Novec_7100,3.511,56.3,0.0,87.4,1372.0,87.3,3090_7100.txt
3090,7100,Novec_7100,4.672,37.1,0.0,87.4,1372.0,85.6,3090_7100.txt
3090,7100,Novec_7100,5.719,52.7,0.0,87.4,1372.0,86.4,3090_7100.txt
3090,7100,Novec_7100,6.801,114.3,0.0,87.4,1372.0,88.3,3090_7100.txt
3090,7100,Novec_7100,7.902,102.5,0.0,87.4,1372.0,94.2,3090_7100.txt
3090,7100,Novec_7100,9.071,59.8,0.0,87.4,1372.0,86.2,3090_7100.txt
3090,7100,Novec_7100,10.109,32.7,0.0,87.4,1372.0,83.8,3090_7100.txt
3090,7100,Novec_7100,11.214,117.9,0.0,87.4,1372.0,90.6,3090_7100.txt
3090,7100,Novec_7100,12.301,109.6,0.0,87.4,1372.0,87.1,3090_7100.txt
3090,7100,Novec_7100,13.41,50.8,0.0,87.4,1372.0,84.2,3090_7100.txt
3090,7100,Novec_7100,1.123,132.1,0.0,88.9,1372.0,89.5,3090_7100.txt
3090,7100,Novec_7100,2.214,129.8,0.0,88.9,1372.0,90.3,3090_7100.txt
3090,7100,Novec_7100,3.32,35.0,0.0,88.9,1372.0,84.0,3090_7100.txt
3090,7100,Novec_7100,4.474,140.2,0.0,88.9,1372.0,93.7,3090_7100.txt
3090,7100,Novec_7100,5.5280000000000005,77.3,0.0,88.9,1372.0,87.5,3090_7100.txt
3090,7100,Novec_7100,6.642,67.3,0.0,88.9,1372.0,86.2,3090_7100.txt
3090,7100,Novec_7100,7.771,133.3,0.0,88.9,1372.0,88.9,3090_7100.txt
3090,7100,Novec_7100,8.875,32.8,0.0,88.9,1372.0,83.4,3090_7100.txt
3090,7100,Novec_7100,9.942,40.2,0.0,88.9,1372.0,81.8,3090_7100.txt
3090,7100,Novec_7100,11.036,51.2,0.0,88.9,1372.0,84.2,3090_7100.txt
3090,7100,Novec_7100,12.137,27.1,0.0,88.9,1372.0,76.4,3090_7100.txt
3090,7100,Novec_7100,13.243,47.7,0.0,88.9,1372.0,84.5,3090_7100.txt
3090,7100,Novec_7100,14.342,47.5,0.0,88.9,1372.0,84.8,3090_7100.txt
3090,7100,Novec_7100,1.114,46.3,0.0,84.7,1372.0,84.7,3090_7100.txt
3090,7100,Novec_7100,2.242,74.5,0.0,84.7,1372.0,87.0,3090_7100.txt
3090,7100,Novec_7100,3.338,112.0,0.0,84.7,1372.0,87.7,3090_7100.txt
3090,7100,Novec_7100,4.395,110.6,0.0,84.7,1372.0,87.8,3090_7100.txt
3090,7100,Novec_7100,5.48,73.8,0.0,84.7,1372.0,86.3,3090_7100.txt
3090,7100,Novec_7100,6.582,52.3,0.0,84.7,1372.0,83.2,3090_7100.txt
3090,7100,Novec_7100,7.73,127.3,0.0,84.7,1372.0,88.4,3090_7100.txt
3090,7100,Novec_7100,8.791,100.6,0.0,84.7,1372.0,92.4,3090_7100.txt
3090,7100,Novec_7100,9.891,135.0,0.0,84.7,1372.0,89.3,3090_7100.txt
3090,7100,Novec_7100,10.992,78.1,0.0,84.7,1372.0,87.4,3090_7100.txt
3090,7100,Novec_7100,12.104,115.3,0.0,84.7,1372.0,88.6,3090_7100.txt
3090,7100,Novec_7100,13.201,57.3,0.0,84.7,1372.0,85.9,3090_7100.txt
3090,7100,Novec_7100,1.102,67.7,0.0,86.0,1372.0,85.1,3090_7100.txt
3090,7100,Novec_7100,2.213,99.2,0.0,86.0,1372.0,94.0,3090_7100.txt
3090,7100,Novec_7100,3.312,136.2,0.0,86.0,1372.0,91.0,3090_7100.txt
3090,7100,Novec_7100,4.373,62.4,0.0,86.0,1372.0,84.6,3090_7100.txt
3090,7100,Novec_7100,5.461,112.4,0.0,86.0,1372.0,88.7,3090_7100.txt
3090,7100,Novec_7100,6.602,139.7,0.0,86.0,1372.0,91.8,3090_7100.txt
3090,7100,Novec_7100,7.672,32.2,0.0,86.0,1372.0,83.5,3090_7100.txt
3090,7100,Novec_7100,8.782,135.6,0.0,86.0,1372.0,89.4,3090_7100.txt
3090,7100,Novec_7100,9.993,75.0,0.0,86.0,1372.0,87.5,3090_7100.txt
3090,7100,Novec_7100,11.079,29.9,0.0,86.0,1372.0,80.9,3090_7100.txt
3090,7100,Novec_7100,12.178,27.5,0.0,86.0,1372.0,78.0,3090_7100.txt
3090,7100,Novec_7100,13.272,33.9,0.0,86.0,1372.0,79.5,3090_7100.txt
3090,7100,Novec_7100,14.431,34.7,0.0,86.0,1372.0,80.8,3090_7100.txt
3090,7100,Novec_7100,1.099,35.4,0.0,80.6,1372.0,81.6,3090_7100.txt
3090,7100,Novec_7100,2.187,34.8,0.0,80.6,1372.0,81.2,3090_7100.txt
3090,7100,Novec_7100,3.299,59.2,0.0,80.6,1372.0,82.2,3090_7100.txt
3090,7100,Novec_7100,4.521,34.8,0.0,80.6,1372.0,80.9,3090_7100.txt
3090,7100,Novec_7100,5.642,36.1,0.0,80.6,1372.0,81.9,3090_7100.txt
3090,7100,Novec_7100,6.758,35.1,0.0,80.6,1372.0,81.3,3090_7100.txt
3090,7100,Novec_7100,7.842,59.4,0.0,80.6,1372.0,82.3,3090_7100.txt
3090,7100,Novec_7100,8.926,28.2,0.0,80.6,1372.0,78.7,3090_7100.txt
3090,7100,Novec_7100,10.072,38.1,0.0,80.6,1372.0,81.5,3090_7100.txt
3090,7100,Novec_7100,11.217,78.4,0.0,80.6,1372.0,87.4,3090_7100.txt
3090,7100,Novec_7100,12.323,31.4,0.0,80.6,1372.0,83.3,3090_7100.txt
3090,7100,Novec_7100,13.436,32.6,0.0,80.6,1372.0,85.3,3090_7100.txt
3090,7100,Novec_7100,1.231,105.5,0.0,86.8,1372.0,87.7,3090_7100.txt
3090,7100,Novec_7100,2.359,133.8,0.0,86.8,1372.0,91.8,3090_7100.txt
3090,7100,Novec_7100,3.433,90.5,0.0,86.8,1372.0,89.1,3090_7100.txt
3090,7100,Novec_7100,4.566,115.5,0.0,86.8,1372.0,92.7,3090_7100.txt
3090,7100,Novec_7100,5.5969999999999995,43.4,0.0,86.8,1372.0,84.2,3090_7100.txt
3090,7100,Novec_7100,6.714,30.6,0.0,86.8,1372.0,81.3,3090_7100.txt
3090,7100,Novec_7100,7.798,72.8,0.0,86.8,1372.0,92.6,3090_7100.txt
3090,7100,Novec_7100,8.921,137.9,0.0,86.8,1372.0,93.7,3090_7100.txt
3090,7100,Novec_7100,10.01,58.4,0.0,86.8,1372.0,83.9,3090_7100.txt
3090,7100,Novec_7100,11.092,95.5,0.0,86.8,1372.0,89.0,3090_7100.txt
3090,7100,Novec_7100,12.173,35.5,0.0,86.8,1372.0,82.7,3090_7100.txt
3090,7100,Novec_7100,13.269,67.2,0.0,86.8,1372.0,89.6,3090_7100.txt
3090,7100,Novec_7100,14.386,127.5,0.0,86.8,1372.0,89.2,3090_7100.txt
3090,7100,Novec_7100,1.264,32.1,0.0,82.3,1372.0,84.1,3090_7100.txt
3090,7100,Novec_7100,2.29,137.3,0.0,82.3,1372.0,90.5,3090_7100.txt
3090,7100,Novec_7100,3.4,77.4,0.0,82.3,1372.0,87.5,3090_7100.txt
3090,7100,Novec_7100,4.5,52.4,0.0,82.3,1372.0,85.9,3090_7100.txt
3090,7100,Novec_7100,5.604,128.2,0.0,82.3,1372.0,88.2,3090_7100.txt
3090,7100,Novec_7100,6.6850000000000005,137.4,0.0,82.3,1372.0,90.9,3090_7100.txt
3090,7100,Novec_7100,7.809,94.7,0.0,82.3,1372.0,88.5,3090_7100.txt
3090,7100,Novec_7100,8.905,52.3,0.0,82.3,1372.0,86.7,3090_7100.txt
3090,7100,Novec_7100,10.044,62.6,0.0,82.3,1372.0,82.9,3090_7100.txt
3090,7100,Novec_7100,11.137,32.1,0.0,82.3,1372.0,83.9,3090_7100.txt
3090,7100,Novec_7100,12.232,51.8,0.0,82.3,1372.0,86.6,3090_7100.txt
3090,7100,Novec_7100,13.337,129.2,0.0,82.3,1372.0,89.4,3090_7100.txt
3090,7100,Novec_7100,1.078,85.6,0.0,82.1,1372.0,90.3,3090_7100.txt
3090,7100,Novec_7100,2.202,58.0,0.0,82.1,1372.0,89.0,3090_7100.txt
3090,7100,Novec_7100,3.271,31.2,0.0,82.1,1372.0,85.2,3090_7100.txt
3090,7100,Novec_7100,4.385,65.2,0.0,82.1,1372.0,87.3,3090_7100.txt
3090,7100,Novec_7100,5.485,30.1,0.0,82.1,1372.0,81.7,3090_7100.txt
3090,7100,Novec_7100,6.605,137.5,0.0,82.1,1372.0,91.6,3090_7100.txt
3090,7100,Novec_7100,7.695,103.6,0.0,82.1,1372.0,88.0,3090_7100.txt
3090,7100,Novec_7100,8.787,50.2,0.0,82.1,1372.0,86.3,3090_7100.txt
3090,7100,Novec_7100,9.894,51.9,0.0,82.1,1372.0,87.7,3090_7100.txt
3090,7100,Novec_7100,10.979,36.6,0.0,82.1,1372.0,83.0,3090_7100.txt
3090,7100,Novec_7100,12.196,31.2,0.0,82.1,1372.0,84.8,3090_7100.txt
3090,7100,Novec_7100,13.306,84.4,0.0,82.1,1372.0,87.9,3090_7100.txt
3090,7100,Novec_7100,14.415,57.1,0.0,82.1,1372.0,85.9,3090_7100.txt
3090,7100,Novec_7100,1.121,65.2,0.0,84.0,1372.0,86.3,3090_7100.txt
3090,7100,Novec_7100,2.202,60.3,0.0,84.0,1372.0,87.8,3090_7100.txt
3090,7100,Novec_7100,3.281,33.4,0.0,84.0,1372.0,84.0,3090_7100.txt
3090,7100,Novec_7100,4.386,51.5,0.0,84.0,1372.0,88.8,3090_7100.txt
3090,7100,Novec_7100,5.496,116.6,0.0,84.0,1372.0,93.6,3090_7100.txt
3090,7100,Novec_7100,6.5969999999999995,92.8,0.0,84.0,1372.0,89.4,3090_7100.txt
3090,7100,Novec_7100,7.672,94.2,0.0,84.0,1372.0,87.3,3090_7100.txt
3090,7100,Novec_7100,8.765,58.9,0.0,84.0,1372.0,86.9,3090_7100.txt
3090,7100,Novec_7100,9.89,90.2,0.0,84.0,1372.0,88.6,3090_7100.txt
3090,7100,Novec_7100,10.996,134.1,0.0,84.0,1372.0,90.5,3090_7100.txt
3090,7100,Novec_7100,12.1,115.7,0.0,84.0,1372.0,90.1,3090_7100.txt
3090,7100,Novec_7100,13.31,35.6,0.0,84.0,1372.0,85.6,3090_7100.txt
3090,7100,Novec_7100,14.408,99.7,0.0,84.0,1372.0,88.5,3090_7100.txt
3090,7100,Novec_7100,1.072,94.1,0.0,86.9,1372.0,85.5,3090_7100.txt
3090,7100,Novec_7100,2.192,94.1,0.0,86.9,1372.0,88.4,3090_7100.txt
3090,7100,Novec_7100,3.32,80.8,0.0,86.9,1372.0,88.6,3090_7100.txt
3090,7100,Novec_7100,4.4,114.1,0.0,86.9,1372.0,88.7,3090_7100.txt
3090,7100,Novec_7100,5.516,29.5,0.0,86.9,1372.0,81.5,3090_7100.txt
3090,7100,Novec_7100,6.612,59.8,0.0,86.9,1372.0,91.3,3090_7100.txt
3090,7100,Novec_7100,7.693,80.9,0.0,86.9,1372.0,92.8,3090_7100.txt
3090,7100,Novec_7100,8.897,122.2,0.0,86.9,1372.0,94.0,3090_7100.txt
3090,7100,Novec_7100,10.053,119.5,0.0,86.9,1372.0,93.7,3090_7100.txt
3090,7100,Novec_7100,11.116,130.9,0.0,86.9,1372.0,89.9,3090_7100.txt
3090,7100,Novec_7100,12.232,77.0,0.0,86.9,1372.0,87.5,3090_7100.txt
3090,7100,Novec_7100,13.31,43.0,0.0,86.9,1372.0,85.0,3090_7100.txt
3090,7100,Novec_7100,1.07,118.2,0.0,83.2,1372.0,88.4,3090_7100.txt
3090,7100,Novec_7100,2.154,98.9,0.0,83.2,1372.0,86.1,3090_7100.txt
3090,7100,Novec_7100,3.2560000000000002,44.0,0.0,83.2,1372.0,87.0,3090_7100.txt
3090,7100,Novec_7100,4.374,115.1,0.0,83.2,1372.0,89.2,3090_7100.txt
3090,7100,Novec_7100,5.475,30.0,0.0,83.2,1372.0,81.8,3090_7100.txt
3090,7100,Novec_7100,6.578,71.1,0.0,83.2,1372.0,87.2,3090_7100.txt
3090,7100,Novec_7100,7.659,33.8,0.0,83.2,1372.0,86.3,3090_7100.txt
3090,7100,Novec_7100,8.767,100.3,0.0,83.2,1372.0,88.2,3090_7100.txt
3090,7100,Novec_7100,9.862,138.1,0.0,83.2,1372.0,91.3,3090_7100.txt
3090,7100,Novec_7100,11.111,130.1,0.0,83.2,1372.0,89.8,3090_7100.txt
3090,7100,Novec_7100,12.192,73.9,0.0,83.2,1372.0,89.6,3090_7100.txt
3090,7100,Novec_7100,13.285,55.0,0.0,83.2,1372.0,87.4,3090_7100.txt
3090,7100,Novec_7100,14.405,130.8,0.0,83.2,1372.0,89.6,3090_7100.txt
3090,7100,Novec_7100,1.112,64.2,0.0,89.9,1372.0,87.3,3090_7100.txt
3090,7100,Novec_7100,2.193,127.6,0.0,89.9,1372.0,89.5,3090_7100.txt
3090,7100,Novec_7100,3.291,75.9,0.0,89.9,1372.0,89.4,3090_7100.txt
3090,7100,Novec_7100,4.401,132.4,0.0,89.9,1372.0,90.0,3090_7100.txt
3090,7100,Novec_7100,5.53,80.3,0.0,89.9,1372.0,88.0,3090_7100.txt
3090,7100,Novec_7100,6.617,64.8,0.0,89.9,1372.0,87.3,3090_7100.txt
3090,7100,Novec_7100,7.763,104.5,0.0,89.9,1372.0,94.0,3090_7100.txt
3090,7100,Novec_7100,8.817,132.9,0.0,89.9,1372.0,91.3,3090_7100.txt
3090,7100,Novec_7100,9.918,91.5,0.0,89.9,1372.0,89.0,3090_7100.txt
3090,7100,Novec_7100,11.017,87.9,0.0,89.9,1372.0,89.0,3090_7100.txt
3090,7100,Novec_7100,12.118,112.7,0.0,89.9,1372.0,89.9,3090_7100.txt
3090,7100,Novec_7100,13.251,143.4,0.0,89.9,1372.0,92.8,3090_7100.txt
3090,7100,Novec_7100,1.1,137.7,0.0,90.7,1372.0,92.0,3090_7100.txt
3090,7100,Novec_7100,2.185,133.5,0.0,90.7,1372.0,92.2,3090_7100.txt
3090,7100,Novec_7100,3.275,134.5,0.0,90.7,1372.0,91.3,3090_7100.txt
3090,7100,Novec_7100,4.483,107.7,0.0,90.7,1372.0,89.2,3090_7100.txt
3090,7100,Novec_7100,5.576,74.5,0.0,90.7,1372.0,87.4,3090_7100.txt
3090,7100,Novec_7100,6.686,83.4,0.0,90.7,1372.0,88.5,3090_7100.txt
3090,7100,Novec_7100,7.773,99.0,0.0,90.7,1372.0,88.5,3090_7100.txt
3090,7100,Novec_7100,8.892,106.8,0.0,90.7,1372.0,88.9,3090_7100.txt
3090,7100,Novec_7100,10.013,84.7,0.0,90.7,1372.0,88.1,3090_7100.txt
3090,7100,Novec_7100,11.11,105.9,0.0,90.7,1372.0,88.9,3090_7100.txt
3090,7100,Novec_7100,12.234,88.4,0.0,90.7,1372.0,88.0,3090_7100.txt
3090,7100,Novec_7100,13.331,104.9,0.0,90.7,1372.0,89.1,3090_7100.txt
3090,7100,Novec_7100,14.441,105.4,0.0,90.7,1372.0,88.5,3090_7100.txt
3090,7100,Novec_7100,1.063,69.7,0.0,88.1,1372.0,87.3,3090_7100.txt
3090,7100,Novec_7100,2.164,134.1,0.0,88.1,1372.0,89.8,3090_7100.txt
3090,7100,Novec_7100,3.294,132.4,0.0,88.1,1372.0,91.5,3090_7100.txt
3090,7100,Novec_7100,4.396,57.0,0.0,88.1,1372.0,87.7,3090_7100.txt
3090,7100,Novec_7100,5.493,74.4,0.0,88.1,1372.0,89.0,3090_7100.txt
3090,7100,Novec_7100,6.621,53.0,0.0,88.1,1372.0,87.7,3090_7100.txt
3090,7100,Novec_7100,7.742,132.1,0.0,88.1,1372.0,92.0,3090_7100.txt
3090,7100,Novec_7100,8.926,132.2,0.0,88.1,1372.0,90.1,3090_7100.txt
3090,7100,Novec_7100,10.03,59.8,0.0,88.1,1372.0,88.0,3090_7100.txt
3090,7100,Novec_7100,11.132,81.5,0.0,88.1,1372.0,87.9,3090_7100.txt
3090,7100,Novec_7100,12.25,57.5,0.0,88.1,1372.0,87.0,3090_7100.txt
3090,7100,Novec_7100,13.331,68.6,0.0,88.1,1372.0,87.4,3090_7100.txt
3090,7100,Novec_7100,1.093,70.0,0.0,89.8,1372.0,87.2,3090_7100.txt
3090,7100,Novec_7100,2.192,56.0,0.0,89.8,1372.0,88.2,3090_7100.txt
3090,7100,Novec_7100,3.355,39.6,0.0,89.8,1372.0,90.3,3090_7100.txt
3090,7100,Novec_7100,4.392,54.3,0.0,89.8,1372.0,88.0,3090_7100.txt
3090,7100,Novec_7100,5.498,65.7,0.0,89.8,1372.0,86.8,3090_7100.txt
3090,7100,Novec_7100,6.576,142.1,0.0,89.8,1372.0,91.9,3090_7100.txt
3090,7100,Novec_7100,7.699,132.9,0.0,89.8,1372.0,90.3,3090_7100.txt
3090,7100,Novec_7100,8.788,132.2,0.0,89.8,1372.0,89.8,3090_7100.txt
3090,7100,Novec_7100,9.883,72.5,0.0,89.8,1372.0,87.3,3090_7100.txt
3090,7100,Novec_7100,11.013,51.8,0.0,89.8,1372.0,86.1,3090_7100.txt
3090,7100,Novec_7100,12.101,68.4,0.0,89.8,1372.0,87.0,3090_7100.txt
3090,7100,Novec_7100,13.22,86.2,0.0,89.8,1372.0,88.0,3090_7100.txt
3090,7100,Novec_7100,14.301,118.3,0.0,89.8,1372.0,89.4,3090_7100.txt
3090,7100,Novec_7100,1.099,89.7,0.0,89.3,1372.0,88.6,3090_7100.txt
3090,7100,Novec_7100,2.198,78.4,0.0,89.3,1372.0,87.7,3090_7100.txt
3090,7100,Novec_7100,3.316,53.6,0.0,89.3,1372.0,86.2,3090_7100.txt
3090,7100,Novec_7100,4.405,97.4,0.0,89.3,1372.0,89.7,3090_7100.txt
3090,7100,Novec_7100,5.509,79.7,0.0,89.3,1372.0,89.3,3090_7100.txt
3090,7100,Novec_7100,6.696,46.6,0.0,89.3,1372.0,87.2,3090_7100.txt
3090,7100,Novec_7100,7.8149999999999995,60.3,0.0,89.3,1372.0,87.3,3090_7100.txt
3090,7100,Novec_7100,8.935,61.2,0.0,89.3,1372.0,87.0,3090_7100.txt
3090,7100,Novec_7100,10.009,74.0,0.0,89.3,1372.0,88.7,3090_7100.txt
3090,7100,Novec_7100,11.111,94.2,0.0,89.3,1372.0,88.3,3090_7100.txt
3090,7100,Novec_7100,12.235,130.9,0.0,89.3,1372.0,89.9,3090_7100.txt
3090,7100,Novec_7100,13.339,60.1,0.0,89.3,1372.0,84.4,3090_7100.txt
3090,7100,Novec_7100,1.115,72.4,0.0,88.9,1372.0,87.4,3090_7100.txt
3090,7100,Novec_7100,2.21,72.2,0.0,88.9,1372.0,87.3,3090_7100.txt
3090,7100,Novec_7100,3.329,61.1,0.0,88.9,1372.0,86.3,3090_7100.txt
3090,7100,Novec_7100,4.422,79.0,0.0,88.9,1372.0,87.7,3090_7100.txt
3090,7100,Novec_7100,5.527,90.6,0.0,88.9,1372.0,89.2,3090_7100.txt
3090,7100,Novec_7100,6.616,131.1,0.0,88.9,1372.0,89.4,3090_7100.txt
3090,7100,Novec_7100,7.701,129.3,0.0,88.9,1372.0,89.7,3090_7100.txt
3090,7100,Novec_7100,8.843,134.8,0.0,88.9,1372.0,90.3,3090_7100.txt
3090,7100,Novec_7100,9.887,71.6,0.0,88.9,1372.0,86.8,3090_7100.txt
3090,7100,Novec_7100,11.008,55.4,0.0,88.9,1372.0,86.7,3090_7100.txt
3090,7100,Novec_7100,12.108,64.1,0.0,88.9,1372.0,86.8,3090_7100.txt
3090,7100,Novec_7100,13.195,67.7,0.0,88.9,1372.0,86.8,3090_7100.txt
3090,7100,Novec_7100,14.292,71.5,0.0,88.9,1372.0,87.3,3090_7100.txt
3090,7100,Novec_7100,1.109,74.9,0.0,85.7,1372.0,87.1,3090_7100.txt
3090,7100,Novec_7100,2.208,73.5,0.0,85.7,1372.0,87.2,3090_7100.txt
3090,7100,Novec_7100,3.308,69.1,0.0,85.7,1372.0,86.8,3090_7100.txt
3090,7100,Novec_7100,4.402,90.5,0.0,85.7,1372.0,87.6,3090_7100.txt
3090,7100,Novec_7100,5.515,75.2,0.0,85.7,1372.0,89.5,3090_7100.txt
3090,7100,Novec_7100,6.626,66.4,0.0,85.7,1372.0,87.4,3090_7100.txt
3090,7100,Novec_7100,7.721,67.2,0.0,85.7,1372.0,87.4,3090_7100.txt
3090,7100,Novec_7100,8.808,132.6,0.0,85.7,1372.0,89.9,3090_7100.txt
3090,7100,Novec_7100,9.929,70.6,0.0,85.7,1372.0,87.4,3090_7100.txt
3090,7100,Novec_7100,11.027,95.5,0.0,85.7,1372.0,88.5,3090_7100.txt
3090,7100,Novec_7100,12.168,81.9,0.0,85.7,1372.0,87.6,3090_7100.txt
3090,7100,Novec_7100,13.291,65.1,0.0,85.7,1372.0,86.9,3090_7100.txt
3090,7100,Novec_7100,1.11,63.9,0.0,85.1,1372.0,86.7,3090_7100.txt
3090,7100,Novec_7100,2.2,97.6,0.0,85.1,1372.0,88.9,3090_7100.txt
3090,7100,Novec_7100,3.372,42.7,0.0,85.1,1372.0,82.3,3090_7100.txt
3090,7100,Novec_7100,4.404,102.6,0.0,85.1,1372.0,89.1,3090_7100.txt
3090,7100,Novec_7100,5.518,91.7,0.0,85.1,1372.0,88.1,3090_7100.txt
3090,7100,Novec_7100,6.635,81.5,0.0,85.1,1372.0,88.1,3090_7100.txt
3090,7100,Novec_7100,7.731,101.3,0.0,85.1,1372.0,89.1,3090_7100.txt
3090,7100,Novec_7100,8.826,103.5,0.0,85.1,1372.0,88.0,3090_7100.txt
3090,7100,Novec_7100,9.92,85.5,0.0,85.1,1372.0,87.7,3090_7100.txt
3090,7100,Novec_7100,11.012,100.2,0.0,85.1,1372.0,88.8,3090_7100.txt
3090,7100,Novec_7100,12.115,31.8,0.0,85.1,1372.0,83.2,3090_7100.txt
3090,7100,Novec_7100,13.228,78.0,0.0,85.1,1372.0,87.5,3090_7100.txt
3090,7100,Novec_7100,14.329,51.3,0.0,85.1,1372.0,85.5,3090_7100.txt
3090,7100,Novec_7100,1.075,66.5,0.0,91.0,1372.0,86.8,3090_7100.txt
3090,7100,Novec_7100,2.166,67.1,0.0,91.0,1372.0,86.8,3090_7100.txt
3090,7100,Novec_7100,3.275,65.8,0.0,91.0,1372.0,87.0,3090_7100.txt
3090,7100,Novec_7100,4.404,78.8,0.0,91.0,1372.0,89.4,3090_7100.txt
3090,7100,Novec_7100,5.465,131.9,0.0,91.0,1372.0,90.1,3090_7100.txt
3090,7100,Novec_7100,6.605,133.5,0.0,91.0,1372.0,90.4,3090_7100.txt
3090,7100,Novec_7100,7.67,74.8,0.0,91.0,1372.0,87.3,3090_7100.txt
3090,7100,Novec_7100,8.746,62.4,0.0,91.0,1372.0,86.3,3090_7100.txt
3090,7100,Novec_7100,9.897,64.5,0.0,91.0,1372.0,86.6,3090_7100.txt
3090,7100,Novec_7100,10.963,62.4,0.0,91.0,1372.0,86.7,3090_7100.txt
3090,7100,Novec_7100,12.064,68.6,0.0,91.0,1372.0,87.2,3090_7100.txt
3090,7100,Novec_7100,13.147,83.4,0.0,91.0,1372.0,87.6,3090_7100.txt
3090,7100,Novec_7100,14.271,79.7,0.0,91.0,1372.0,87.3,3090_7100.txt
3090,7100,Novec_7100,1.1280000000000001,74.6,0.0,87.2,1372.0,87.2,3090_7100.txt
3090,7100,Novec_7100,2.222,58.2,0.0,87.2,1372.0,85.9,3090_7100.txt
3090,7100,Novec_7100,3.332,60.8,0.0,87.2,1372.0,86.3,3090_7100.txt
3090,7100,Novec_7100,4.462,65.5,0.0,87.2,1372.0,86.9,3090_7100.txt
3090,7100,Novec_7100,5.557,88.8,0.0,87.2,1372.0,88.1,3090_7100.txt
3090,7100,Novec_7100,6.648,50.3,0.0,87.2,1372.0,85.3,3090_7100.txt
3090,7100,Novec_7100,7.876,65.0,0.0,87.2,1372.0,86.8,3090_7100.txt
3090,7100,Novec_7100,9.122,66.6,0.0,87.2,1372.0,87.2,3090_7100.txt
3090,7100,Novec_7100,10.157,79.6,0.0,87.2,1372.0,87.7,3090_7100.txt
3090,7100,Novec_7100,11.266,68.5,0.0,87.2,1372.0,87.4,3090_7100.txt
3090,7100,Novec_7100,12.36,89.3,0.0,87.2,1372.0,87.9,3090_7100.txt
3090,7100,Novec_7100,13.475999999999999,65.7,0.0,87.2,1372.0,87.0,3090_7100.txt
3090,7100,Novec_7100,1.117,136.5,0.0,88.1,1372.0,89.9,3090_7100.txt
3090,7100,Novec_7100,2.188,68.8,0.0,88.1,1372.0,89.1,3090_7100.txt
3090,7100,Novec_7100,3.288,58.8,0.0,88.1,1372.0,86.8,3090_7100.txt
3090,7100,Novec_7100,4.419,42.7,0.0,88.1,1372.0,87.9,3090_7100.txt
3090,7100,Novec_7100,5.506,121.7,0.0,88.1,1372.0,89.5,3090_7100.txt
3090,7100,Novec_7100,6.634,59.5,0.0,88.1,1372.0,86.3,3090_7100.txt
3090,7100,Novec_7100,7.736,85.2,0.0,88.1,1372.0,87.6,3090_7100.txt
3090,7100,Novec_7100,8.854,50.9,0.0,88.1,1372.0,90.1,3090_7100.txt
3090,7100,Novec_7100,9.934,75.5,0.0,88.1,1372.0,87.8,3090_7100.txt
3090,7100,Novec_7100,11.036,71.6,0.0,88.1,1372.0,86.8,3090_7100.txt
3090,7100,Novec_7100,12.142,74.3,0.0,88.1,1372.0,87.5,3090_7100.txt
3090,7100,Novec_7100,13.256,88.1,0.0,88.1,1372.0,87.9,3090_7100.txt
3090,7100,Novec_7100,14.34,66.4,0.0,88.1,1372.0,86.9,3090_7100.txt
3090,7100,Novec_7100,1.104,101.3,0.0,87.8,1372.0,88.4,3090_7100.txt
3090,7100,Novec_7100,2.215,66.9,0.0,87.8,1372.0,86.9,3090_7100.txt
3090,7100,Novec_7100,3.316,69.9,0.0,87.8,1372.0,88.1,3090_7100.txt
3090,7100,Novec_7100,4.447,81.7,0.0,87.8,1372.0,87.7,3090_7100.txt
3090,7100,Novec_7100,5.55,76.2,0.0,87.8,1372.0,87.8,3090_7100.txt
3090,7100,Novec_7100,6.631,101.5,0.0,87.8,1372.0,88.4,3090_7100.txt
3090,7100,Novec_7100,7.728,63.2,0.0,87.8,1372.0,86.5,3090_7100.txt
3090,7100,Novec_7100,8.825,104.0,0.0,87.8,1372.0,89.4,3090_7100.txt
3090,7100,Novec_7100,9.947,72.2,0.0,87.8,1372.0,86.9,3090_7100.txt
3090,7100,Novec_7100,11.023,72.3,0.0,87.8,1372.0,87.2,3090_7100.txt
3090,7100,Novec_7100,12.153,103.2,0.0,87.8,1372.0,89.0,3090_7100.txt
3090,7100,Novec_7100,13.255,103.1,0.0,87.8,1372.0,88.9,3090_7100.txt
3090,7100,Novec_7100,1.103,66.2,0.0,87.6,1372.0,86.8,3090_7100.txt
3090,7100,Novec_7100,2.202,75.6,0.0,87.6,1372.0,87.4,3090_7100.txt
3090,7100,Novec_7100,3.324,85.6,0.0,87.6,1372.0,87.4,3090_7100.txt
3090,7100,Novec_7100,4.405,72.3,0.0,87.6,1372.0,87.2,3090_7100.txt
3090,7100,Novec_7100,5.522,97.0,0.0,87.6,1372.0,88.3,3090_7100.txt
3090,7100,Novec_7100,6.6370000000000005,78.5,0.0,87.6,1372.0,86.9,3090_7100.txt
3090,7100,Novec_7100,7.725,74.7,0.0,87.6,1372.0,87.4,3090_7100.txt
3090,7100,Novec_7100,8.846,88.3,0.0,87.6,1372.0,88.3,3090_7100.txt
3090,7100,Novec_7100,9.961,86.2,0.0,87.6,1372.0,88.0,3090_7100.txt
3090,7100,Novec_7100,11.045,73.0,0.0,87.6,1372.0,87.1,3090_7100.txt
3090,7100,Novec_7100,12.161,89.0,0.0,87.6,1372.0,88.2,3090_7100.txt
3090,7100,Novec_7100,13.28,104.0,0.0,87.6,1372.0,88.6,3090_7100.txt
3090,7100,Novec_7100,14.373,74.0,0.0,87.6,1372.0,86.7,3090_7100.txt
3090,7100,Novec_7100,1.112,76.3,0.0,88.6,1372.0,87.3,3090_7100.txt
3090,7100,Novec_7100,2.218,82.0,0.0,88.6,1372.0,87.5,3090_7100.txt
3090,7100,Novec_7100,3.297,80.5,0.0,88.6,1372.0,87.3,3090_7100.txt
3090,7100,Novec_7100,4.412,83.6,0.0,88.6,1372.0,87.8,3090_7100.txt
3090,7100,Novec_7100,5.478,90.4,0.0,88.6,1372.0,87.8,3090_7100.txt
3090,7100,Novec_7100,6.596,60.4,0.0,88.6,1372.0,86.0,3090_7100.txt
3090,7100,Novec_7100,7.686,68.5,0.0,88.6,1372.0,87.0,3090_7100.txt
3090,7100,Novec_7100,8.787,84.3,0.0,88.6,1372.0,87.3,3090_7100.txt
3090,7100,Novec_7100,9.884,74.0,0.0,88.6,1372.0,87.9,3090_7100.txt
3090,7100,Novec_7100,10.983,70.3,0.0,88.6,1372.0,88.3,3090_7100.txt
3090,7100,Novec_7100,12.066,74.1,0.0,88.6,1372.0,87.2,3090_7100.txt
3090,7100,Novec_7100,13.173,91.6,0.0,88.6,1372.0,88.3,3090_7100.txt
