Kernel Name,Batch Size,Dimension,GPU Utilization Rate (%),GPU Core Frequency (MHz),GPU Temperature (C),GPU Power (W),Latency (ms),OPName
,8,8x2x18x16,12.0,1470.0,60.0,47.339879999999994,0.004691199958324432,bmm
,18,18x1x11x28,12.0,1470.0,60.0,47.76000000000002,0.004537599999457598,bmm
,6,6x19x24x13,12.0,1470.0,60.0,48.27420000000001,0.00618240013718605,bmm
,5,5x11x16x43,12.0,1470.0,60.0,48.400799999999975,0.004672000091522932,bmm
,26,26x30x10x49,12.0,1470.0,61.04,48.48040000000002,0.008473599888384342,bmm
,5,5x25x25x62,12.0,1470.0,62.0,48.54872,0.010239999741315842,bmm
,20,20x33x13x84,7.32,1470.0,62.0,48.44295999999999,0.010239999741315842,bmm
,9,9x9x31x86,3.0,1470.0,62.0,48.586000000000006,0.005747200082987547,bmm
,15,15x1x5x72,3.0,1470.0,62.72,49.13915999999999,0.004313599970191717,bmm
,7,7x7x28x219,3.0,1470.0,63.0,49.35535999999999,0.006144000217318535,bmm
,18,18x30x16x148,3.0,1470.0,63.0,49.74615999999998,0.010214399732649326,bmm
,25,25x17x30x202,3.0,1470.0,63.32,50.23784,0.010547199845314026,bmm
,12,12x5x5x377,3.0,1470.0,64.0,50.40792,0.004921599943190813,bmm
,21,21x5x1x491,3.0,1470.0,64.0,50.62039999999999,0.005535999871790409,bmm
,9,9x17x8x311,3.0,1470.0,64.0,50.88084,0.008217599987983704,bmm
,9,9x17x11x965,3.88,1470.0,64.0,50.914039999999986,0.01060480009764433,bmm
,16,16x7x23x929,4.0,1470.0,65.0,50.87963999999999,0.013043199852108955,bmm
,15,15x13x30x871,4.0,1470.0,65.0,50.93896000000001,0.01839360035955906,bmm
,12,12x17x35x7,4.0,1470.0,65.0,51.12992000000001,0.010739199817180634,bmm
,22,22x21x40x20,4.0,1470.0,65.0,51.261199999999974,0.010553599894046783,bmm
,14,14x28x53x30,4.0,1470.0,65.0,51.31448,0.01228800043463707,bmm
,2,2x3x48x63,4.0,1470.0,65.0,51.845479999999995,0.004800000041723251,bmm
,16,16x8x62x41,4.0,1470.0,65.0,52.05916000000002,0.00540799992159009,bmm
,5,5x19x48x50,4.0,1470.0,65.0,51.85436000000001,0.010918400064110757,bmm
,14,14x27x57x67,4.0,1470.0,65.0,51.927080000000025,0.01305599994957447,bmm
,26,26x11x62x81,5.0,1470.0,66.0,52.00131999999999,0.008076800219714641,bmm
,25,25x18x59x97,5.0,1470.0,66.0,52.00108000000002,0.01895040012896061,bmm
,8,8x14x62x194,5.0,1470.0,66.0,52.015000000000015,0.007359999977052212,bmm
,3,3x23x60x223,5.0,1470.0,66.0,51.71052000000002,0.01283199992030859,bmm
,28,28x18x53x191,5.0,1470.0,66.16,51.61139999999997,0.018457600474357606,bmm
,18,18x18x33x354,5.0,1470.0,67.0,51.66424000000002,0.012294400297105313,bmm
,31,31x23x60x426,5.0,1470.0,67.0,51.87919999999999,0.027039999887347222,bmm
,7,7x13x51x373,5.0,1470.0,67.0,52.11260000000002,0.007705599907785654,bmm
,29,29x22x44x565,5.0,1470.0,67.0,52.001800000000024,0.02731520012021065,bmm
,25,25x29x61x817,5.0,1470.0,67.0,52.27984000000002,0.0390079990029335,bmm
,31,31x19x35x750,5.0,1470.0,67.0,52.5094,0.02884479984641075,bmm
,20,20x19x121x8,5.0,1470.0,67.0,52.59099999999998,0.019065600261092185,bmm
,18,18x3x87x31,5.0,1470.0,67.0,52.005000000000024,0.0055935999378561975,bmm
,19,19x26x69x30,5.0,1470.0,67.0,51.855599999999974,0.014208000153303146,bmm
,18,18x9x101x61,5.0,1470.0,67.0,51.85159999999998,0.006687999982386827,bmm
,33,33x18x118x63,5.0,1470.0,67.0,51.72527999999998,0.018502400442957877,bmm
,32,32x10x122x63,5.0,1470.0,67.0,51.80352,0.008294399827718735,bmm
,32,32x3x81x129,5.0,1470.0,67.56,51.759840000000004,0.007142399996519088,bmm
,25,25x21x127x69,5.0,1470.0,68.0,51.706199999999974,0.030719999223947525,bmm
,23,23x24x120x83,4.2,1470.0,68.0,51.7842,0.02868480049073696,bmm
,30,30x19x85x147,4.0,1470.0,68.0,51.66248000000002,0.02458240054547787,bmm
,2,2x26x100x131,4.0,1470.0,68.0,51.897999999999996,0.016460799798369407,bmm
,6,6x19x106x235,4.0,1470.0,68.0,51.769,0.01770880036056042,bmm
,26,26x24x76x459,4.0,1470.0,68.0,51.81400000000001,0.030105600506067275,bmm
,20,20x27x79x328,4.0,1470.0,68.0,52.210000000000015,0.018348800018429756,bmm
,27,27x18x69x446,4.0,1470.0,68.0,52.035,0.02746879979968071,bmm
,2,2x4x107x762,4.0,1470.0,68.0,52.21399999999997,0.0066304000094532965,bmm
,9,9x1x110x756,4.0,1470.0,68.0,51.79700000000002,0.00984320007264614,bmm
,3,3x20x123x544,4.0,445.2,68.0,45.75260000000001,0.05934720113873482,bmm
,19,19x30x239x7,4.0,435.0,68.0,28.025000000000006,0.09571200162172318,bmm
,10,10x31x146x6,4.0,408.6,66.0,27.957160000000012,0.0704704001545906,bmm
,7,7x33x183x10,4.0,405.0,66.0,27.865320000000008,0.04730240032076836,bmm
,23,23x1x175x42,4.0,375.0,66.0,27.82371999999999,0.046092800050973895,bmm
,10,10x11x141x38,4.0,375.0,66.0,27.692999999999994,0.01921280026435852,bmm
,3,3x15x230x36,4.0,375.0,64.0,27.668000000000003,0.022265600040555,bmm
,33,33x23x147x115,4.0,375.0,64.0,27.670080000000006,0.13102080225944518,bmm
,24,24x6x240x78,10.08,375.0,62.48,24.51864,0.03618559911847115,bmm
,10,10x16x155x83,12.0,375.0,62.0,24.176600000000004,0.030329599976539612,bmm
,20,20x18x143x219,12.0,375.0,61.92,24.11748000000001,0.15395839810371398,bmm
,21,21x31x257x167,12.0,375.0,60.0,24.383680000000005,0.4291711986064911,bmm
,27,27x22x142x214,12.0,375.0,60.0,24.39908000000001,0.3359488010406494,bmm
,25,25x22x161x304,21.2,375.0,60.0,24.58039999999999,0.5068863987922668,bmm
,7,7x33x138x429,22.0,375.0,60.0,24.134079999999997,0.13222399950027466,bmm
,20,20x31x178x445,22.0,375.0,59.36,24.906400000000016,0.6182719945907593,bmm
,6,6x11x198x973,22.0,375.0,59.0,24.447479999999995,0.4342208027839661,bmm
,15,15x2x210x614,22.0,375.0,58.68,24.440200000000004,0.5559296011924744,bmm
,8,8x19x189x821,26.0,375.0,58.0,24.243599999999997,0.45045759677886965,bmm
,16,16x27x352x6,27.0,375.0,58.0,23.922479999999986,0.15099520087242127,bmm
,9,9x3x437x22,27.0,375.0,58.0,23.568640000000002,0.03068160079419613,bmm
,26,26x31x386x3,27.0,375.0,58.0,23.483640000000005,0.167289599776268,bmm
,24,24x18x299x60,27.0,375.0,57.08,23.54724,0.16762880086898804,bmm
,3,3x23x479x50,19.0,375.0,57.0,23.56584000000001,0.10583040118217468,bmm
,3,3x10x487x56,19.0,375.0,57.0,23.381039999999995,0.03479680046439171,bmm
,17,17x29x366x101,19.0,375.0,57.0,23.995519999999996,0.2948288023471832,bmm
,24,24x33x371x80,19.0,375.0,56.52,24.057320000000015,0.43321600556373596,bmm
,5,5x9x419x74,19.0,375.0,56.0,23.716799999999992,0.033350399881601336,bmm
,23,23x19x297x193,20.92,375.0,56.0,24.064200000000007,0.5061568021774292,bmm
,27,27x2x511x203,23.0,427.8,56.0,25.98168,0.7471743941307067,bmm
,21,21x21x433x231,23.0,435.0,56.0,24.197839999999996,0.6860992074012756,bmm
,16,16x11x424x417,23.0,642.0,56.0,25.256559999999993,0.20303359478712082,bmm
,19,19x32x497x403,45.0,1560.0,58.0,43.236000000000004,0.09841919839382171,bmm
,33,33x29x400x317,45.0,1560.0,58.0,52.28400000000002,0.08452480286359787,bmm
,31,31x30x333x656,45.0,1560.0,58.0,53.244,0.137363201379776,bmm
,31,31x17x373x565,45.0,1560.0,58.0,54.88300000000002,0.12499839663505555,bmm
,33,33x31x288x654,45.0,1560.0,60.64,54.59867999999999,0.12101120054721833,bmm
,20,20x19x725x32,45.0,1560.0,61.0,53.36316,0.07164160162210464,bmm
,17,17x31x732x13,45.0,1560.0,62.52,52.00800000000001,0.0723583996295929,bmm
,1,1x11x929x31,5.0,1560.0,63.0,51.767759999999974,0.010239999741315842,bmm
,19,19x3x522x52,5.0,1560.0,63.0,51.97,0.01063039992004633,bmm
,22,22x19x710x44,5.0,1560.0,63.0,52.15719999999998,0.07068159878253936,bmm
,18,18x22x822x33,5.0,1560.0,63.16,52.21920000000003,0.0799487978219986,bmm
,9,9x31x669x123,5.0,1560.0,64.0,52.2548,0.067603200674057,bmm
,29,29x8x723x127,5.0,1560.0,64.0,52.46687999999998,0.042982399463653564,bmm
,5,5x3x946x109,5.0,1560.0,64.0,52.53159999999998,0.01637119986116886,bmm
,9,9x23x634x174,5.0,1560.0,64.0,52.39356000000001,0.0659264013171196,bmm
,8,8x3x942x133,5.0,1477.2,65.0,52.16439999999998,0.020076799765229227,bmm
,19,19x15x839x211,5.0,1470.0,65.0,51.69696,0.09002240002155304,bmm
,27,27x10x820x449,4.0,1470.0,65.0,53.087799999999994,0.14535680413246155,bmm
,6,6x29x892x304,4.0,1470.0,65.0,53.98527999999998,0.09499520063400269,bmm
,31,31x16x722x460,4.0,1470.0,65.8,53.569120000000005,0.22920960187911987,bmm
,24,24x21x936x559,4.0,1470.0,66.0,53.74099999999999,0.24546559751033784,bmm
,32,32x30x685x873,4.0,1470.0,66.12,57.11487999999998,0.3284800052642822,bmm
,33,33x30x895x574,4.0,1470.0,67.0,53.227000000000004,0.3131456017494202,bmm
,13,13x49x23x18,4.0,1470.0,67.0,59.21800000000001,0.00897279977798462,bmm
,1,1x43x6x32,4.64,1470.0,67.0,51.47000000000002,0.006041600089520216,bmm
,10,10x58x5x20,8.0,1470.0,67.0,51.48299999999997,0.008115199953317642,bmm
,21,21x34x18x61,8.0,1470.0,67.0,51.423,0.009184000082314014,bmm
,25,25x53x24x39,8.0,1470.0,67.0,51.52800000000001,0.009158399887382984,bmm
,6,6x55x6x53,8.0,1470.0,67.0,51.53600000000003,0.0081088000908494,bmm
,5,5x43x28x100,8.0,1470.0,67.0,51.47600000000002,0.010239999741315842,bmm
,25,25x54x29x107,8.0,1470.0,67.36,51.628,0.013113599829375744,bmm
,26,26x56x8x90,8.0,540.0,68.0,48.65879999999999,0.02101760022342205,bmm
,5,5x61x31x231,8.0,529.8,68.0,32.625040000000006,0.0268800001591444,bmm
,17,17x47x33x185,8.0,525.0,68.0,27.972559999999984,0.039078399538993835,bmm
,20,20x54x30x181,6.0,480.0,65.12,27.975679999999993,0.0384383998811245,bmm
,12,12x43x22x475,6.0,478.8,64.0,27.974000000000004,0.0350271999835968,bmm
,5,5x39x12x444,6.0,450.0,64.0,28.000159999999987,0.028748800233006477,bmm
,9,9x53x8x379,6.0,427.2,63.2,26.0952,0.025247999653220176,bmm
,19,19x41x12x835,6.0,390.0,63.0,24.716040000000007,0.07177600115537644,bmm
,6,6x34x15x812,6.0,378.6,62.84,25.019719999999996,0.03745279982686043,bmm
,16,16x52x3x973,11.88,375.0,61.0,24.8146,0.08648319840431214,bmm
,11,11x53x51x19,13.0,375.0,61.0,24.683559999999996,0.04504320025444031,bmm
,18,18x59x57x29,13.0,375.0,60.44,24.370479999999997,0.04779520034790039,bmm
,28,28x46x64x18,13.0,375.0,60.0,24.62520000000001,0.04707840085029602,bmm
,28,28x45x41x52,13.0,375.0,60.0,24.148960000000002,0.04297599941492081,bmm
,14,14x63x37x41,13.0,375.0,59.2,24.37136,0.03941119909286499,bmm
,24,24x52x41x57,17.0,375.0,59.0,23.737919999999995,0.04300159960985184,bmm
,25,25x55x60x105,18.0,375.0,58.8,23.815399999999997,0.07063679844141006,bmm
,25,25x40x48x128,18.0,375.0,58.0,23.466240000000006,0.05744640007615089,bmm
,3,3x36x58x129,18.0,375.0,58.0,23.57619999999999,0.047673600167036055,bmm
,20,20x60x48x143,18.0,375.0,58.0,24.064999999999994,0.057529599964618684,bmm
,11,11x56x41x197,18.0,375.0,58.0,23.525120000000005,0.059379201382398605,bmm
,11,11x49x39x158,18.0,375.0,57.32,23.298920000000003,0.04003840014338493,bmm
,16,16x59x53x395,18.0,375.0,57.0,23.76095999999999,0.07702399939298629,bmm
,24,24x45x51x412,18.0,375.0,57.0,23.639200000000002,0.18748160153627397,bmm
,20,20x39x46x378,18.0,375.0,57.0,23.84332,0.06924799978733062,bmm
,5,5x36x60x646,18.0,375.0,57.0,23.640479999999997,0.0702015995979309,bmm
,11,11x61x62x834,18.92,375.0,56.48,23.630560000000006,0.28328959345817567,bmm
,6,6x48x55x918,19.0,375.0,56.0,23.777839999999998,0.06942080110311508,bmm
,15,15x41x90x26,19.0,375.0,56.0,23.710799999999995,0.05937280133366585,bmm
,28,28x58x128x2,19.0,375.0,56.0,23.288640000000015,0.06983680129051209,bmm
,4,4x38x100x25,19.0,375.0,56.0,23.392160000000004,0.03704960122704506,bmm
,21,21x47x68x50,19.0,375.0,56.0,23.737680000000008,0.051263999193906784,bmm
,21,21x55x68x55,21.0,375.0,56.0,23.516039999999997,0.05166720077395439,bmm
,9,9x54x87x53,21.0,375.0,56.0,23.37419999999999,0.057312000542879105,bmm
,32,32x53x87x110,21.0,375.0,56.0,23.5874,0.0939392015337944,bmm
,22,22x37x95x109,21.0,375.0,56.0,23.285999999999994,0.09320319890975952,bmm
,29,29x59x86x117,21.0,375.0,56.0,23.178479999999986,0.09313280135393143,bmm
,5,5x54x86x225,20.96,375.0,55.0,23.344040000000003,0.057657599449157715,bmm
,17,17x51x103x189,20.0,375.0,55.0,23.42908,0.10234879851341247,bmm
,11,11x51x75x250,20.0,375.0,55.0,23.236079999999994,0.08191999793052673,bmm
,29,29x62x98x372,20.0,375.0,55.0,23.87708,0.5238016068935394,bmm
,26,26x35x129x332,20.0,375.0,55.0,24.327679999999987,0.5365312099456787,bmm
,6,6x57x115x423,20.0,375.0,55.0,23.547199999999993,0.11047039926052094,bmm
,32,32x63x69x689,23.0,450.6,55.0,25.276680000000002,0.8725759863853455,bmm
,18,18x64x77x746,23.0,585.0,55.0,24.917600000000007,0.5282879948616028,bmm
,20,20x65x116x651,23.0,585.0,55.0,24.771319999999996,0.7305536150932312,bmm
,8,8x34x190x24,23.0,585.0,55.0,24.004680000000008,0.036851201206445694,bmm
,15,15x46x197x27,24.6,585.0,55.0,22.893000000000015,0.06429439783096313,bmm
,14,14x62x206x26,33.0,585.0,55.0,23.808400000000002,0.06721919924020767,bmm
,16,16x36x232x53,33.0,585.0,55.0,23.01995999999999,0.07166080176830292,bmm
,12,12x51x153x63,33.0,585.0,55.0,23.696480000000005,0.05567360073328018,bmm
,31,31x36x147x63,33.0,585.0,55.0,23.053120000000003,0.07807999849319458,bmm
,6,6x64x214x87,33.0,585.0,55.0,23.610959999999995,0.06867199987173081,bmm
,25,25x33x138x90,33.0,585.0,55.0,23.229439999999997,0.08417920023202896,bmm
,5,5x35x205x102,19.4,425.4,55.0,23.474159999999998,0.08062719851732254,bmm
,33,33x43x160x222,16.0,769.2,55.0,27.23839999999999,0.044179200381040576,bmm
,14,14x33x206x236,16.0,1470.0,55.0,43.72539999999999,0.04567679986357689,bmm
,27,27x51x170x139,16.0,1470.0,55.0,47.07052000000002,0.041523199528455734,bmm
,15,15x62x204x392,16.0,1470.0,55.0,47.22572,0.05127039924263954,bmm
,23,23x61x197x304,16.0,1470.0,55.64,47.63212000000001,0.05152000039815903,bmm
,7,7x59x252x481,16.0,1470.0,59.0,47.9574,0.055296000093221664,bmm
,22,22x39x239x767,25.0,1470.0,59.0,48.09500000000002,0.10455039888620377,bmm
,4,4x65x186x900,25.0,1470.0,59.0,49.52099999999999,0.047231999784708024,bmm
,3,3x33x152x824,25.0,1470.0,59.0,48.45900000000003,0.0349311999976635,bmm
,22,22x55x406x24,25.0,1470.0,61.0,47.90599999999998,0.045606400817632675,bmm
,7,7x59x280x8,25.0,1470.0,61.0,48.321000000000005,0.018572800606489182,bmm
,25,25x59x384x18,25.0,1470.0,61.0,48.25004000000002,0.04344320073723793,bmm
,12,12x65x422x40,25.0,1470.0,61.0,48.774080000000005,0.04751360043883324,bmm
,17,17x42x288x51,25.0,1470.0,61.64,48.74779999999997,0.034598398953676224,bmm
,1,1x49x360x61,20.8,1470.0,62.0,48.37599999999998,0.012678399868309497,bmm
,9,9x43x387x65,4.0,1470.0,62.0,49.003,0.0442560002207756,bmm
,11,11x59x463x76,4.0,1470.0,62.0,49.599000000000004,0.05134719982743263,bmm
,21,21x57x315x114,4.0,1470.0,63.0,49.68639999999998,0.06750079989433289,bmm
,1,1x37x364x183,4.0,1470.0,63.0,49.99192000000001,0.013145600259304047,bmm
,15,15x49x465x228,4.0,1470.0,63.0,50.68599999999998,0.0942528024315834,bmm
,6,6x51x481x226,4.0,1470.0,63.0,51.25488,0.0539840005338192,bmm
,26,26x38x413x364,4.0,1470.0,63.48,51.348319999999994,0.12833920121192932,bmm
,17,17x39x358x506,4.0,1470.0,64.0,52.70872,0.0822272002696991,bmm
,28,28x43x259x417,4.0,1470.0,64.0,52.74351999999997,0.10986239761114121,bmm
,18,18x41x357x782,5.0,1470.0,64.0,53.04064,0.1472768008708954,bmm
,33,33x65x303x919,5.0,1470.0,64.0,55.42819999999997,0.49117439389228823,bmm
,15,15x37x392x891,5.0,1470.0,66.0,57.65887999999996,0.15455360114574432,bmm
,24,24x37x770x25,5.0,1470.0,66.0,53.967440000000025,0.08430720120668411,bmm
,10,10x44x674x24,5.0,1470.0,66.0,52.17739999999997,0.07066880017518998,bmm
,9,9x65x553x10,5.0,1470.0,66.0,51.61159999999998,0.0334016002714634,bmm
,12,12x65x783x43,5.0,1470.0,66.0,51.68200000000002,0.08789760023355483,bmm
,33,33x40x608x63,5.0,1470.0,66.0,51.89687999999999,0.06983680129051209,bmm
,15,15x38x803x59,5.0,1470.0,66.0,52.21299999999999,0.08638720065355301,bmm
,28,28x56x795x115,5.08,1470.0,66.0,51.917,0.15564799308776855,bmm
,14,14x65x923x108,7.0,1470.0,66.2,53.47199999999999,0.17677440345287324,bmm
,26,26x51x571x87,7.0,1470.0,67.0,53.23600000000002,0.11318399906158447,bmm
,26,26x55x917x232,7.0,655.8,67.0,46.18959999999999,0.3939839988946915,bmm
,33,33x39x587x257,7.0,570.0,67.0,30.89104000000001,0.6538624048233033,bmm
,5,5x57x738x187,7.0,558.0,64.0,29.952400000000015,0.2008767992258072,bmm
,18,18x44x707x512,7.0,540.0,64.0,28.782279999999982,0.7871104001998901,bmm
,31,31x56x835x509,9.4,522.6,63.76,30.66119999999999,1.5027135848999023,bmm
,30,30x53x521x263,19.0,504.6,63.0,25.795359999999988,0.625766396522522,bmm
,14,14x59x894x886,19.0,485.4,61.8,26.839000000000002,1.2179647922515868,bmm
,12,12x59x1024x650,19.0,467.4,61.0,26.499479999999995,0.8866943955421448,bmm
,24,24x56x776x865,20.28,451.8,60.12,27.946799999999993,1.8329408168792725,bmm
,10,10x86x22x27,27.0,465.0,60.0,24.253640000000004,0.020044800266623496,bmm
,11,11x88x2x9,27.0,465.0,59.0,22.318319999999993,0.016499199718236924,bmm
,10,10x75x25x20,27.0,465.0,59.0,22.946079999999984,0.02110080011188984,bmm
,12,12x123x28x52,27.0,465.0,58.72,22.8698,0.031212800368666648,bmm
,31,31x66x32x63,22.68,465.0,58.0,24.218279999999996,0.039027199149131775,bmm
,17,17x75x28x48,15.0,465.0,58.0,22.94619999999999,0.030860799923539163,bmm
,2,2x84x4x67,15.0,465.0,58.0,22.632400000000008,0.016710400208830835,bmm
,32,32x112x30x69,15.0,465.0,57.28,23.195920000000005,0.04601600095629692,bmm
,29,29x96x3x90,15.0,378.6,57.0,23.964839999999995,0.03196160048246384,bmm
,14,14x79x16x240,18.0,375.0,57.0,24.03615999999999,0.041094399988651276,bmm
,6,6x108x4x144,18.0,375.0,57.0,24.425399999999996,0.028851200267672537,bmm
,32,32x121x19x254,18.0,944.4,57.0,26.51659999999999,0.02255360037088394,bmm
,12,12x67x24x379,18.0,1470.0,57.0,37.31779999999999,0.014719999954104423,bmm
,3,3x90x7x505,18.0,1470.0,57.0,47.153240000000004,0.0085055997595191,bmm
,24,24x118x24x286,18.0,1470.0,57.36,47.58303999999998,0.022553599998354913,bmm
,23,23x123x28x619,22.32,1470.0,60.0,48.20463999999999,0.04095359891653061,bmm
,17,17x111x29x971,24.0,1470.0,60.0,48.72496,0.04556160047650337,bmm
,7,7x69x30x877,24.0,1470.0,60.0,49.154640000000015,0.02245119996368885,bmm
,7,7x103x35x25,24.0,1470.0,60.0,48.727080000000015,0.008191999979317188,bmm
,33,33x93x42x4,24.0,1470.0,62.0,48.537079999999996,0.016383999958634377,bmm
,6,6x116x65x28,24.0,1470.0,62.0,48.33812000000002,0.010150400176644325,bmm
,28,28x111x55x45,24.0,1470.0,62.0,48.89556,0.018342399969697,bmm
,4,4x96x42x51,24.0,1470.0,62.72,49.61555999999997,0.008351999893784523,bmm
,3,3x97x43x36,9.72,1470.0,63.0,49.903999999999996,0.008249599859118462,bmm
,33,33x77x53x127,3.0,1470.0,63.0,50.3328,0.02038399986922741,bmm
,23,23x103x48x129,3.0,1470.0,63.0,50.614880000000014,0.022777600213885307,bmm
,10,10x119x52x107,3.0,1470.0,63.0,50.539999999999985,0.018054400011897086,bmm
,10,10x68x53x234,3.0,1470.0,64.0,50.657999999999994,0.018432000651955605,bmm
,6,6x126x41x257,3.0,1470.0,64.0,51.233999999999995,0.016761600226163863,bmm
,13,13x91x37x174,3.0,1470.0,64.0,51.02999999999998,0.016153600066900253,bmm
,16,16x115x35x455,3.0,1470.0,64.0,51.06099999999999,0.028294399753212927,bmm
,33,33x79x44x326,3.0,1470.0,64.36,51.40676000000002,0.0455487996339798,bmm
,29,29x111x38x453,3.0,1470.0,65.0,51.77279999999998,0.04530560001730919,bmm
,19,19x88x40x647,4.28,1470.0,65.0,51.9062,0.045369600504636766,bmm
,1,1x96x50x725,5.0,1470.0,65.0,51.772519999999965,0.009228799864649773,bmm
,19,19x87x62x881,5.0,1470.0,65.0,51.7692,0.07394559979438782,bmm
,14,14x91x72x7,5.0,1470.0,66.0,52.12543999999997,0.008966399915516376,bmm
,8,8x68x124x8,5.0,1470.0,66.0,51.6992,0.012307200394570828,bmm
,1,1x79x107x22,5.0,1470.0,66.0,51.443360000000006,0.008217599801719188,bmm
,4,4x103x105x34,5.0,1470.0,66.0,51.48119999999998,0.011302399821579457,bmm
,18,18x117x76x64,5.0,1470.0,66.0,51.61296000000002,0.02250880002975464,bmm
,33,33x84x89x54,5.0,1470.0,66.0,51.48600000000002,0.025497600063681604,bmm
,30,30x70x78x104,5.0,1470.0,66.0,51.701000000000015,0.024748799949884416,bmm
,1,1x78x91x109,4.4,1388.4,66.0,51.742119999999986,0.00818559993058443,bmm
,25,25x71x76x119,4.0,450.0,66.0,41.2248,0.07072000056505204,bmm
,31,31x94x93x165,4.0,421.2,65.0,28.034840000000003,0.16014079749584198,bmm
,19,19x109x81x155,4.0,420.0,65.0,28.283999999999995,0.08522240072488785,bmm
,28,28x120x108x189,4.0,390.0,65.0,28.03899999999999,0.1805759996175766,bmm
,4,4x76x92x328,4.0,386.4,64.92,28.47704,0.08829440027475358,bmm
,33,33x116x81x407,4.0,375.0,63.0,28.27319999999999,0.3316864013671875,bmm
,14,14x87x125x328,4.0,375.0,63.0,28.692000000000004,0.1627839982509613,bmm
,9,9x118x123x948,12.36,375.0,62.84,26.435799999999993,0.2825727999210358,bmm
,3,3x69x126x890,15.0,375.0,61.0,24.957600000000003,0.12053120285272598,bmm
,30,30x125x107x944,15.0,375.0,60.96,26.20924,1.9716608047485351,bmm
,9,9x129x148x18,15.0,375.0,60.0,24.80612,0.08034560084342957,bmm
,3,3x108x150x10,15.0,375.0,60.0,23.720880000000008,0.04833280071616173,bmm
,31,31x103x250x15,20.28,375.0,59.16,23.731479999999998,0.35345919132232667,bmm
,22,22x99x197x39,26.0,375.0,59.0,23.870000000000005,0.17559680044651033,bmm
,23,23x93x201x49,26.0,375.0,58.68,23.85096,0.21740799844264985,bmm
,30,30x74x245x50,26.0,375.0,58.0,24.129880000000018,0.37722880244255064,bmm
,32,32x90x229x87,26.0,375.0,58.0,24.528679999999998,0.5653120040893554,bmm
,10,10x65x138x114,24.0,375.0,58.0,23.67984,0.12591360211372377,bmm
,22,22x103x231x72,24.0,375.0,57.36,24.66,0.3833151996135712,bmm
,6,6x121x177x164,24.0,375.0,57.0,23.9914,0.1537279963493347,bmm
,26,26x80x183x246,24.0,375.0,57.0,24.025239999999993,0.597868800163269,bmm
,30,30x86x145x156,24.0,375.0,57.0,25.162239999999994,0.5379328012466431,bmm
,5,5x80x199x329,26.0,375.0,57.0,24.298,0.16786560118198396,bmm
,12,12x76x201x470,26.0,375.0,57.0,24.336079999999995,0.6037503957748414,bmm
,1,1x95x178x317,26.0,375.0,57.0,23.808159999999994,0.03610240072011948,bmm
,24,24x101x182x958,26.0,387.6,57.0,25.86992000000001,2.119167947769165,bmm
,13,13x106x187x625,27.44,480.0,57.0,25.481759999999998,0.715065598487854,bmm
,12,12x114x224x652,30.0,480.0,56.0,25.05348,0.8733567953109741,bmm
,22,22x93x408x11,30.0,480.0,56.0,24.2024,0.35613439679145814,bmm
,10,10x65x470x3,30.0,480.0,56.0,23.72676,0.08498560041189193,bmm
,19,19x95x303x2,30.0,480.0,56.0,23.89471999999999,0.08479360044002533,bmm
,3,3x102x475x50,30.0,480.0,56.0,23.44692000000001,0.09021440148353577,bmm
,14,14x82x428x48,23.0,480.0,56.0,23.683799999999998,0.28590079545974734,bmm
,33,33x80x497x51,23.0,480.0,56.0,24.32472000000001,0.7583552122116088,bmm
,32,32x84x361x67,23.0,480.0,56.0,24.66759999999999,0.6587200045585633,bmm
,21,21x127x484x123,23.0,420.0,56.0,24.79872,0.8770047903060914,bmm
,19,19x88x346x84,23.0,405.0,56.0,24.27668000000001,0.5031551957130432,bmm
,29,29x85x411x160,28.0,390.0,56.0,24.970440000000004,1.1082623958587647,bmm
,8,8x126x277x164,28.0,390.0,56.0,24.348200000000006,0.2549312025308609,bmm
,29,29x76x458x178,28.0,379.8,56.0,25.182959999999998,1.249952006340027,bmm
,6,6x92x484x469,28.0,405.0,56.0,24.548999999999996,0.6512704014778137,bmm
,27,27x99x469x346,35.36,510.6,56.0,27.053,2.111020803451538,bmm
,17,17x103x498x320,36.0,525.0,56.0,25.34792,1.1238784074783326,bmm
,24,24x67x389x679,36.0,546.0,56.0,26.756840000000008,1.2320063829421997,bmm
,33,33x89x350x609,36.0,630.0,56.0,26.766280000000005,1.045254397392273,bmm
,11,11x78x368x671,35.68,630.0,56.0,26.23387999999999,0.4234879970550537,bmm
,22,22x87x824x2,32.0,630.0,56.0,25.643,0.36840320825576783,bmm
,3,3x90x623x3,32.0,630.0,56.0,24.55803999999999,0.08609919995069504,bmm
,6,6x83x797x23,32.0,630.0,56.0,24.187760000000008,0.1065663993358612,bmm
,31,31x111x702x61,32.0,630.0,56.0,25.082599999999992,0.4440384030342102,bmm
,19,19x70x597x53,32.0,630.0,56.0,25.000959999999992,0.2832255959510803,bmm
,1,1x127x620x58,32.0,630.0,56.0,24.790959999999995,0.031046399846673012,bmm
,28,28x128x798x99,25.28,630.0,56.0,24.909800000000004,0.5899455904960632,bmm
,7,7x71x582x128,18.0,630.0,56.0,25.69400000000001,0.20069760084152222,bmm
,2,2x69x953x80,18.0,630.0,56.0,24.553,0.1228799968957901,bmm
,32,32x79x1015x249,18.0,447.6,56.0,26.765199999999997,2.3096192121505736,bmm
,2,2x108x902x153,18.0,570.0,56.0,24.81119999999998,0.23447680175304414,bmm
,2,2x106x551x246,18.0,570.0,56.0,23.863799999999987,0.15171200335025786,bmm
,33,33x108x683x410,27.0,796.8,56.0,29.519519999999993,0.7652736067771911,bmm
,5,5x125x950x364,27.0,975.0,56.64,38.002079999999985,0.2715839982032776,bmm
,30,30x99x957x287,27.0,975.0,57.0,39.097999999999985,0.6942463994026185,bmm
,17,17x95x928x757,27.0,975.0,57.0,45.104040000000005,0.8270719885826111,bmm
,17,17x100x693x556,27.0,975.0,57.0,43.9258,0.4915455937385559,bmm
,17,17x128x605x756,27.0,975.0,59.0,42.21067999999998,0.5246656060218811,bmm
,32,32x224x8x21,26.6,975.0,59.0,43.176000000000016,0.014406399987637996,bmm
,24,24x160x16x29,26.0,975.0,59.0,37.70703999999999,0.014841599948704242,bmm
,32,32x249x27x22,26.0,975.0,59.0,37.776680000000006,0.02256640009582043,bmm
,26,26x180x20x53,26.0,975.0,59.0,37.72880000000002,0.018425600603222847,bmm
,27,27x223x12x58,26.0,975.0,59.0,37.75884000000002,0.017740799859166146,bmm
,24,24x172x8x33,26.0,975.0,59.0,37.81155999999999,0.01288320031017065,bmm
,13,13x236x12x117,26.0,975.0,59.0,37.935320000000026,0.017587199807167053,bmm
,25,25x237x17x74,26.0,975.0,59.88,37.88760000000001,0.02595839984714985,bmm
,3,3x174x17x86,26.0,975.0,60.0,38.048999999999985,0.01390719972550869,bmm
,24,24x239x19x196,23.48,975.0,60.0,37.913000000000004,0.04497919976711273,bmm
,17,17x170x30x240,5.0,405.0,60.0,36.072,0.06756480038166046,bmm
,11,11x198x14x130,5.0,397.2,59.0,28.054800000000004,0.03993600010871887,bmm
,6,6x246x31x489,5.0,390.0,59.0,27.841800000000006,0.07043199837207795,bmm
,17,17x174x16x461,5.0,375.6,59.0,28.022199999999987,0.14617599844932555,bmm
,24,24x180x32x485,5.0,375.0,58.92,28.29148000000001,0.2666303992271423,bmm
,10,10x255x6x810,5.0,375.0,58.0,28.464319999999997,0.2019263982772827,bmm
,33,33x237x27x609,5.0,375.0,58.0,28.59767999999999,0.557427191734314,bmm
,21,21x245x29x784,12.04,375.0,58.0,27.292879999999997,0.4777920007705688,bmm
,26,26x253x52x24,16.0,375.0,58.0,25.179039999999997,0.0706240028142929,bmm
,13,13x151x52x30,16.0,375.0,58.0,24.39172000000001,0.06411519795656204,bmm
,4,4x214x33x7,16.0,375.0,57.08,24.2088,0.02661759965121746,bmm
,18,18x235x63x40,16.0,375.0,57.0,23.312239999999992,0.07350400239229202,bmm
,9,9x204x57x59,16.0,375.0,57.0,23.617800000000003,0.06997119933366776,bmm
,16,16x182x36x34,19.2,375.0,57.0,23.626640000000002,0.05368319973349571,bmm
,22,22x219x35x99,20.0,375.0,57.0,23.5436,0.08081919997930527,bmm
,29,29x256x39x84,20.0,375.0,56.68,23.596720000000015,0.14655359983444213,bmm
,24,24x235x56x96,20.0,375.0,56.0,24.121599999999997,0.12088959962129593,bmm
,21,21x231x43x240,20.0,375.0,56.0,23.945679999999992,0.3551999986171722,bmm
,14,14x242x55x232,20.16,375.0,56.0,24.061199999999996,0.2233024001121521,bmm
,17,17x190x52x237,22.0,375.0,56.0,23.953759999999992,0.20207360088825227,bmm
,23,23x205x51x328,22.0,375.0,56.0,25.212319999999995,0.5730816006660462,bmm
,31,31x183x61x296,22.0,375.0,56.0,24.78272000000001,0.684716796875,bmm
,14,14x245x63x273,22.0,375.0,56.0,24.208120000000005,0.31605119705200196,bmm
,32,32x136x42x658,23.28,375.0,56.0,24.803600000000014,1.0297088146209716,bmm
,22,22x225x63x648,30.0,375.0,56.0,25.406480000000002,1.1607295989990234,bmm
,11,11x135x52x639,30.0,382.8,56.0,25.385400000000004,0.2989504039287567,bmm
,26,26x140x127x2,30.0,390.0,55.8,24.140159999999995,0.11412480026483536,bmm
,6,6x168x104x27,30.0,390.0,55.0,23.32823999999999,0.037139199674129486,bmm
,4,4x180x95x16,29.92,390.0,55.0,23.468399999999995,0.03752960041165352,bmm
,16,16x161x103x59,28.0,390.0,55.0,23.55991999999999,0.10003839731216431,bmm
,4,4x252x99x49,28.0,390.0,55.0,23.473279999999995,0.06140799820423126,bmm
,33,33x210x108x49,28.0,390.0,55.0,23.808600000000016,0.3897536039352417,bmm
,32,32x229x75x74,28.0,390.0,55.0,23.94104000000001,0.3247936010360718,bmm
,2,2x200x110x89,28.0,390.0,55.0,24.12199999999999,0.06372480094432831,bmm
,32,32x172x89x87,25.28,390.0,55.0,25.17836000000001,0.3255679965019226,bmm
,27,27x199x80x248,24.0,403.8,55.0,25.934119999999997,0.6212736010551453,bmm
,28,28x148x96x179,24.0,480.0,55.0,24.27956,0.464409601688385,bmm
,4,4x214x95x147,24.0,480.0,55.0,23.811239999999994,0.07420159876346588,bmm
,5,5x155x72x283,24.0,480.0,55.0,23.37987999999999,0.06135680004954338,bmm
,13,13x156x78x263,29.04,480.0,55.0,23.695039999999995,0.15353600084781646,bmm
,33,33x220x104x331,30.0,480.0,55.0,25.94463999999999,1.2077632188796996,bmm
,13,13x146x108x706,30.0,594.0,55.0,26.82608,0.26821760535240174,bmm
,30,30x183x95x1005,30.0,765.0,55.0,26.344840000000012,0.8875264048576355,bmm
,24,24x140x68x716,30.36,765.0,55.0,26.78376,0.3806335985660553,bmm
,25,25x157x215x14,33.0,765.0,55.0,25.920440000000003,0.12966399788856506,bmm
,28,28x191x140x13,33.0,765.0,55.0,24.923799999999993,0.09996159970760346,bmm
,24,24x256x247x12,33.0,765.0,55.0,24.914080000000016,0.2014079988002777,bmm
,28,28x225x169x56,33.0,765.0,55.0,25.18884,0.20188159942626954,bmm
,24,24x256x210x50,33.0,765.0,55.0,25.132800000000007,0.21557120382785797,bmm
,8,8x147x221x35,33.0,765.0,55.0,25.2318,0.05497599914669991,bmm
,1,1x249x167x115,33.0,765.0,55.0,24.40472,0.02064640000462532,bmm
,2,2x224x164x81,14.0,765.0,55.0,24.43499999999999,0.044908799976110456,bmm
,26,26x226x181x115,14.0,765.0,55.0,25.116000000000003,0.2578495979309082,bmm
,13,13x146x227x201,14.0,723.6,55.0,25.112200000000012,0.1775936007499695,bmm
,31,31x146x228x181,14.0,433.2,55.0,26.046440000000004,0.9859647989273072,bmm
,26,26x192x213x254,14.0,450.0,55.0,25.12183999999999,1.0933247804641724,bmm
,12,12x153x229x279,22.96,450.0,55.0,25.132879999999997,0.6094143986701965,bmm
,11,11x193x182x279,28.0,450.0,55.0,25.302879999999995,0.510374391078949,bmm
,32,32x247x146x299,28.0,450.0,55.0,26.42311999999999,1.4521023750305175,bmm
,18,18x168x241x879,28.0,458.4,55.0,26.48375999999999,2.198854398727417,bmm
,24,24x190x180x606,33.28,555.0,55.0,26.488599999999998,1.8579775810241699,bmm
,13,13x182x230x951,39.0,567.0,55.44,26.91172,1.7223423957824706,bmm
,18,18x223x279x5,39.0,735.0,56.0,25.794000000000004,0.16033920347690583,bmm
,22,22x133x486x25,39.0,735.0,56.0,24.908800000000006,0.2379712015390396,bmm
,13,13x167x449x14,39.0,735.0,55.4,24.911000000000012,0.18993280231952667,bmm
,4,4x192x370x57,39.0,735.0,55.0,24.962639999999997,0.0912895992398262,bmm
,33,33x149x475x62,27.0,735.0,55.0,24.616560000000003,0.39767680764198304,bmm
,25,25x171x498x61,27.0,735.0,55.0,25.87836,0.35991039872169495,bmm
,19,19x225x503x74,27.0,735.0,55.0,25.49032000000001,0.4156224012374878,bmm
,32,32x207x293x117,27.0,735.0,55.0,26.538640000000015,0.3925184071063995,bmm
,31,31x137x442x68,27.0,735.0,55.0,26.059959999999982,0.4085055947303772,bmm
,28,28x193x411x257,27.0,735.0,55.0,26.985399999999995,0.862336003780365,bmm
,5,5x235x470x202,22.0,735.0,55.2,26.80791999999999,0.21626880168914794,bmm
,12,12x178x389x233,22.0,541.2,56.0,25.43399999999999,0.3259968042373657,bmm
,1,1x144x393x260,22.0,471.6,56.0,24.487080000000002,0.058176000416278836,bmm
,26,26x225x286x439,22.0,453.6,55.0,26.019399999999997,2.389292812347412,bmm
,21,21x133x441x280,23.44,477.6,55.16,26.393079999999994,1.5546240091323853,bmm
,32,32x151x411x991,31.0,832.2,56.0,30.758680000000023,1.7868160247802733,bmm
,15,15x194x500x639,31.0,855.0,56.4,46.210959999999986,0.7192064046859741,bmm
,8,8x151x431x705,31.0,855.0,58.0,40.60560000000001,0.3811776041984558,bmm
,26,26x131x984x21,31.0,855.0,58.0,39.639,0.31947519779205324,bmm
,32,32x203x898x4,31.0,855.0,58.0,39.19500000000002,0.31571200489997864,bmm
,26,26x229x586x19,31.0,855.0,58.8,40.178799999999974,0.20247040390968324,bmm
,14,14x179x522x56,26.6,855.0,59.0,38.53300000000001,0.17430399656295775,bmm
,26,26x191x547x40,26.0,855.0,59.0,38.14880000000002,0.1889791965484619,bmm
,8,8x254x743x34,26.0,855.0,59.0,38.41444000000001,0.1380735993385315,bmm
,32,32x145x640x91,26.0,855.0,59.0,38.39300000000002,0.36305920481681825,bmm
,33,33x205x885x86,26.0,855.0,59.0,41.123719999999985,0.5636927843093872,bmm
,13,13x165x819x92,26.0,855.0,59.0,41.77819999999999,0.27114880084991455,bmm
,10,10x181x585x197,26.0,855.0,59.0,39.294879999999985,0.2048255980014801,bmm
,22,22x151x884x214,26.0,855.0,60.0,39.953200000000024,0.6636223912239074,bmm
,19,19x198x614x141,22.16,754.2,60.0,41.975120000000004,0.4033728003501892,bmm
,24,24x192x941x491,14.0,535.2,60.0,33.69052000000001,2.4250815868377686,bmm
,5,5x190x608x341,14.0,525.0,60.0,31.63280000000001,0.34561280012130735,bmm
,16,16x139x972x343,14.0,510.0,60.0,30.264239999999994,1.4188287734985352,bmm
,19,19x205x1007x813,14.0,585.0,60.0,34.27163999999999,3.9408192157745363,bmm
,7,7x130x871x703,28.72,720.0,60.0,31.30500000000001,0.9073600172996521,bmm
,15,15x249x917x896,37.0,720.0,59.12,31.06692,2.868454360961914,bmm
,13,13x402x3x9,37.0,720.0,59.0,27.68724000000001,0.018489599972963334,bmm
,25,25x324x8x7,37.0,720.0,58.28,24.333959999999994,0.02316800057888031,bmm
,6,6x476x16x10,37.0,720.0,58.0,24.048159999999992,0.020243200287222863,bmm
,8,8x324x26x35,35.64,720.0,58.0,23.98628,0.026623999699950218,bmm
,4,4x475x4x52,20.0,720.0,57.08,23.79799999999999,0.01639680005609989,bmm
,31,31x400x7x60,20.0,720.0,57.0,23.353720000000006,0.06943999975919724,bmm
,14,14x453x6x78,20.0,720.0,57.0,24.457560000000004,0.02868480049073696,bmm
,27,27x386x23x111,20.0,514.8,57.0,24.122000000000003,0.13472000360488892,bmm
,32,32x295x11x121,20.0,414.6,57.0,23.884880000000013,0.13016319870948792,bmm
,19,19x394x8x172,15.44,393.6,56.0,23.454280000000008,0.28661120533943174,bmm
,21,21x299x17x163,14.0,377.4,56.0,22.847080000000002,0.24280960261821746,bmm
,15,15x423x18x181,14.0,375.0,56.0,23.09756,0.2777343988418579,bmm
,12,12x401x2x415,14.0,375.0,56.0,23.985559999999992,0.43083520531654357,bmm
,25,25x267x8x263,15.44,375.0,56.0,23.259479999999993,0.4018112003803253,bmm
,20,20x426x31x336,23.0,375.0,56.0,24.2792,0.8114816069602966,bmm
,25,25x332x23x806,23.0,390.6,56.0,25.060400000000005,1.7380351781845094,bmm
,10,10x348x28x855,23.0,405.0,55.84,24.05015999999999,0.7778752088546753,bmm
,10,10x456x29x1002,26.08,419.4,55.0,24.72191999999999,1.1638911962509155,bmm
,22,22x327x48x25,34.0,465.0,55.0,22.994360000000007,0.05634560063481331,bmm
,9,9x313x36x23,34.0,465.0,55.0,22.61432,0.0431039996445179,bmm
,24,24x284x39x5,34.0,465.0,55.0,22.266239999999993,0.048876801133155824,bmm
,31,31x467x54x61,34.0,465.0,55.0,23.879320000000007,0.4896640062332153,bmm
,15,15x473x43x50,25.0,465.0,55.0,23.020719999999997,0.05732480064034462,bmm
,4,4x447x60x45,19.0,465.0,55.0,22.541040000000006,0.039872000366449355,bmm
,13,13x273x48x99,19.0,465.0,55.0,22.922000000000004,0.0533888004720211,bmm
,23,23x323x39x107,19.0,465.0,55.0,23.07160000000001,0.2020607978105545,bmm
,10,10x339x65x108,19.0,411.0,55.0,23.378,0.07585919946432114,bmm
,20,20x301x64x153,16.72,375.0,55.0,23.324320000000004,0.36732800006866456,bmm
,29,29x328x40x253,16.0,375.0,55.0,24.30572,0.7832448005676269,bmm
,4,4x382x33x168,16.0,375.0,55.0,22.532880000000006,0.057254400104284286,bmm
,12,12x312x58x478,16.0,375.0,55.0,23.65463999999999,0.5874815940856933,bmm
,14,14x420x35x451,18.88,375.0,55.0,24.398760000000006,0.7537984013557434,bmm
,26,26x298x52x488,28.0,375.0,55.0,24.662920000000003,1.2729279756546021,bmm
,28,28x438x57x523,28.0,375.0,55.0,25.530680000000007,2.110681676864624,bmm
,9,9x487x39x550,28.0,382.2,55.0,25.60499999999999,0.666867196559906,bmm
,32,32x490x59x933,39.96,555.6,55.0,27.865519999999993,1.7924416065216064,bmm
,7,7x301x78x6,41.0,705.0,55.0,24.834840000000003,0.03086719959974289,bmm
,31,31x320x109x30,41.0,705.0,55.0,24.086039999999997,0.18933760225772858,bmm
,10,10x448x105x22,41.0,705.0,55.0,23.809959999999997,0.060953599959611894,bmm
,7,7x321x129x40,41.0,705.0,55.0,23.18632000000001,0.06625279933214187,bmm
,30,30x440x88x48,23.4,705.0,55.0,23.56896,0.20851200222969055,bmm
,10,10x401x98x44,21.0,705.0,55.0,24.151160000000008,0.05831679999828339,bmm
,21,21x487x85x88,21.0,705.0,55.0,23.674159999999993,0.20118400156497956,bmm
,14,14x443x79x92,21.0,705.0,55.0,23.763199999999998,0.09253760129213333,bmm
,33,33x461x89x97,21.0,705.0,55.0,24.25116,0.3184128046035767,bmm
,28,28x359x110x224,16.52,546.6,55.0,24.80112,0.40593279600143434,bmm
,23,23x382x74x184,13.0,375.0,55.0,24.369519999999998,0.7122111916542053,bmm
,14,14x368x78x200,13.0,375.0,55.0,23.64720000000001,0.4281600058078766,bmm
,11,11x424x114x378,13.0,375.0,55.0,24.432280000000002,0.7829439997673034,bmm
,20,20x397x105x434,23.88,375.0,55.0,24.771040000000003,1.397766399383545,bmm
,9,9x310x106x480,29.0,375.0,55.0,23.993840000000006,0.5532927989959717,bmm
,18,18x344x82x984,29.0,466.8,55.0,26.008879999999994,2.1948864459991455,bmm
,19,19x299x110x761,30.6,515.4,55.0,25.571519999999985,1.7847935914993287,bmm
,20,20x489x84x621,39.0,612.0,55.0,26.692880000000006,0.8137792110443115,bmm
,7,7x313x190x2,39.0,630.0,55.0,24.37271999999999,0.09683199971914291,bmm
,28,28x427x142x29,39.0,630.0,55.0,24.145640000000007,0.26447359323501585,bmm
,16,16x313x185x8,39.0,630.0,55.0,23.587999999999997,0.1328000009059906,bmm
,11,11x361x217x51,29.64,630.0,55.0,23.60560000000001,0.15759359896183014,bmm
,1,1x499x238x54,21.0,630.0,55.0,23.307720000000003,0.027635199949145317,bmm
,15,15x342x166x39,21.0,630.0,55.0,23.728039999999996,0.14574719965457916,bmm
,8,8x395x134x83,21.0,630.0,55.0,23.521079999999998,0.0873408004641533,bmm
,12,12x392x218x107,21.0,630.0,55.0,24.123800000000003,0.22461439967155455,bmm
,30,30x333x203x85,21.0,630.0,55.0,24.090799999999998,0.38425599932670595,bmm
,23,23x257x141x193,15.96,446.4,55.0,24.7874,0.2935296058654785,bmm
,16,16x454x237x231,14.0,447.0,55.0,26.496640000000003,1.3588159799575805,bmm
,20,20x493x175x225,14.0,555.0,55.0,26.13632000000002,1.4371072053909302,bmm
,6,6x328x206x381,23.6,555.0,55.0,24.507040000000007,0.46093440651893614,bmm
,22,22x306x203x503,38.0,555.0,55.0,25.892720000000004,2.0367487907409667,bmm
,5,5x257x168x318,38.0,555.0,55.0,23.730600000000003,0.1622655987739563,bmm
,29,29x320x239x662,38.0,703.2,55.0,27.007240000000003,1.0334399938583374,bmm
,7,7x494x235x948,37.52,840.0,55.0,40.69107999999997,0.5590848207473755,bmm
,1,1x338x220x1025,34.0,840.0,55.0,41.17200000000002,0.09215360134840012,bmm
,31,31x449x498x12,34.0,840.0,55.0,37.066000000000024,0.3463744044303894,bmm
,15,15x378x310x12,34.0,840.0,56.76,40.52099999999999,0.1129280000925064,bmm
,9,9x359x357x17,34.0,840.0,57.0,37.836999999999996,0.12500479966402053,bmm
,27,27x293x431x44,34.0,840.0,57.0,37.46596,0.16288640201091767,bmm
,7,7x317x512x47,34.0,840.0,57.0,38.4604,0.10015359818935395,bmm
,4,4x313x498x49,34.0,840.0,57.76,37.22792000000002,0.09423360228538513,bmm
,23,23x293x470x75,34.0,840.0,58.0,37.97444000000002,0.31202560663223267,bmm
,2,2x357x451x67,34.0,840.0,58.0,38.70859999999999,0.0862400010228157,bmm
,4,4x378x375x76,10.0,840.0,58.0,37.440680000000015,0.1293696016073227,bmm
,16,16x406x323x230,10.0,840.0,58.76,37.871999999999986,0.38518400192260743,bmm
,33,33x310x284x217,10.0,840.0,59.0,40.79999999999998,0.48064640164375305,bmm
,8,8x267x512x137,10.0,840.0,59.0,42.576000000000015,0.18392319679260255,bmm
,25,25x351x477x283,10.0,840.0,59.0,41.059319999999985,1.0816191911697388,bmm
,28,28x390x340x452,10.0,540.0,60.0,39.41168,2.0998784065246583,bmm
,1,1x320x414x421,10.0,540.0,60.0,31.945999999999994,0.1378623992204666,bmm
,21,21x289x482x697,20.08,540.0,59.68,32.10520000000001,2.4203328132629394,bmm
,15,15x288x389x776,24.0,540.0,59.0,33.43659999999998,1.625830388069153,bmm
,28,28x401x330x538,24.0,570.6,59.0,31.970000000000017,2.328499174118042,bmm
,21,21x433x733x25,24.0,585.0,59.0,27.118120000000008,0.8645568013191223,bmm
,22,22x381x883x15,24.0,585.0,58.88,25.965480000000003,0.8310400009155273,bmm
,9,9x382x930x9,32.0,585.0,58.0,25.15028,0.4624384045600891,bmm
,8,8x471x782x63,32.0,585.0,58.0,24.890360000000005,0.4366335988044739,bmm
,8,8x429x857x39,32.0,585.0,57.0,24.558680000000003,0.4433471977710724,bmm
,30,30x451x841x61,32.0,585.0,57.0,27.86212,1.772812819480896,bmm
,3,3x364x953x100,32.0,585.0,57.0,26.147479999999987,0.354585599899292,bmm
,18,18x329x611x91,24.0,585.0,57.0,24.97664000000001,0.6744511842727661,bmm
,8,8x318x968x120,24.0,540.0,57.0,25.872760000000017,0.5351040124893188,bmm
,33,33x294x835x138,24.0,697.2,57.0,29.52156000000002,1.0778495788574218,bmm
,32,32x401x647x179,24.0,870.0,58.0,43.08500000000001,1.0617280006408691,bmm
,20,20x375x812x253,24.0,870.0,58.0,47.059920000000005,1.0009536027908326,bmm
,30,30x420x629x434,33.0,870.0,58.0,47.57967999999999,2.4177855968475344,bmm
,26,26x483x948x461,33.0,927.6,61.0,52.753439999999976,3.4314239978790284,bmm
,2,2x267x901x303,33.0,1230.0,61.0,54.645360000000025,0.20488319993019105,bmm
,16,16x263x549x533,33.0,1230.0,61.0,49.52424,0.7443456053733826,bmm
,9,9x395x599x591,33.0,1230.0,63.0,52.112920000000024,0.6715008020401001,bmm
,7,7x392x995x898,32.52,1230.0,63.0,52.242520000000006,1.312179183959961,bmm
,29,29x742x2x26,29.0,1230.0,63.0,58.210000000000015,0.023980800062417984,bmm
,26,26x997x15x4,29.0,1230.0,63.92,46.04499999999999,0.03353600054979324,bmm
,21,21x985x31x33,29.0,1230.0,64.0,46.03499999999999,0.04293759912252426,bmm
,11,11x1011x9x59,29.0,1230.0,64.0,46.32200000000001,0.02033280022442341,bmm
,30,30x728x22x41,29.0,1230.0,64.0,46.073999999999984,0.03680000081658363,bmm
,7,7x575x30x43,29.0,1230.0,64.0,46.236999999999995,0.016249599680304528,bmm
,7,7x734x18x87,29.0,1230.0,64.0,45.904,0.01945599988102913,bmm
,31,31x513x21x74,29.0,1230.0,64.0,45.99652000000002,0.04858879968523979,bmm
,20,20x837x6x92,29.0,1230.0,64.0,46.41111999999999,0.03427199944853783,bmm
,14,14x708x25x224,5.0,1230.0,64.0,46.38376000000001,0.06344959884881973,bmm
,18,18x1003x26x140,5.0,1230.0,64.0,46.68832000000001,0.08780159950256347,bmm
,6,6x942x8x143,5.0,525.0,64.0,41.905200000000015,0.07319680005311965,bmm
,13,13x664x18x299,5.0,519.0,64.0,28.250999999999987,0.2591167986392975,bmm
,6,6x632x6x350,5.0,495.0,62.0,28.633879999999987,0.13041279911994935,bmm
,25,25x806x12x399,5.0,465.0,62.0,28.832799999999985,0.8060863971710205,bmm
,23,23x973x11x550,5.0,453.6,62.0,30.11284000000001,1.2056384086608887,bmm
,3,3x631x12x999,14.88,450.0,61.0,26.65003999999999,0.19431679844856262,bmm
,12,12x879x20x679,18.0,439.2,61.0,25.5544,0.7355455994606018,bmm
,15,15x623x59x28,18.0,409.8,60.12,24.16303999999999,0.10862079858779908,bmm
,30,30x918x43x30,18.0,387.6,59.84,24.144479999999998,0.2608511924743652,bmm
,31,31x676x55x7,17.72,375.0,59.0,24.13963999999999,0.22706559896469117,bmm
,26,26x586x55x64,17.0,375.0,58.72,23.63716000000001,0.20855039954185486,bmm
,14,14x822x60x38,17.0,375.0,58.0,22.79043999999999,0.29353600144386294,bmm
,30,30x597x55x39,17.0,375.0,57.56,23.910600000000002,0.523366391658783,bmm
,29,29x894x63x107,19.64,381.0,57.0,24.71584,1.3195647954940797,bmm
,3,3x637x64x123,23.0,390.0,57.0,23.19100000000001,0.06732800006866455,bmm
,20,20x549x40x110,23.0,390.0,57.0,24.023679999999985,0.42136319875717165,bmm
,5,5x847x56x138,23.0,390.0,57.0,23.28368,0.12135680019855499,bmm
,20,20x762x36x224,23.0,390.0,57.0,24.598599999999987,1.0276224136352539,bmm
,27,27x645x50x197,24.0,440.4,57.0,26.24192,1.2118720293045044,bmm
,22,22x861x53x434,24.0,589.2,57.0,27.378359999999994,1.3661376237869263,bmm
,20,20x811x53x488,24.0,750.0,57.0,26.483559999999994,0.9345663905143737,bmm
,26,26x736x46x313,30.6,750.0,57.0,26.069359999999993,0.7230975985527038,bmm
,32,32x988x51x973,39.0,750.0,57.0,30.56551999999999,3.3564544200897215,bmm
,9,9x595x59x536,39.0,750.0,57.0,27.705240000000007,0.35629439949989317,bmm
,13,13x843x41x813,39.0,750.0,57.0,26.926,0.976089608669281,bmm
,5,5x520x69x27,39.0,750.0,57.0,26.183800000000005,0.03999359980225563,bmm
,29,29x951x80x7,32.28,750.0,57.0,23.875360000000004,0.27991039752960206,bmm
,32,32x763x98x22,27.0,750.0,57.0,24.772800000000004,0.35799039602279664,bmm
,11,11x825x125x61,27.0,742.8,56.12,25.074240000000014,0.19964160025119781,bmm
,26,26x1001x86x55,27.0,565.8,56.0,24.732600000000005,1.2775680065155028,bmm
,15,15x666x100x40,27.0,546.0,56.0,24.142760000000013,0.5010368049144744,bmm
,4,4x970x96x96,24.6,531.6,56.0,23.625159999999997,0.08774400055408478,bmm
,15,15x762x126x124,23.0,525.0,56.0,26.614919999999998,0.9086400032043457,bmm
,28,28x627x121x89,23.0,536.4,56.0,25.96584,1.316979217529297,bmm
,33,33x829x121x157,23.0,570.0,56.0,26.178240000000006,2.293049621582031,bmm
,13,13x624x94x183,36.0,570.0,56.0,25.53652,0.6508480072021484,bmm
,31,31x939x99x187,36.0,579.0,56.0,26.084200000000006,2.4363840103149412,bmm
,4,4x931x110x328,36.0,585.0,56.0,24.391760000000005,0.43403519988059996,bmm
,18,18x622x74x381,35.36,585.0,56.0,24.909760000000006,1.483564805984497,bmm
,29,29x804x79x498,34.0,603.0,56.0,27.07603999999999,3.2606720089912415,bmm
,5,5x834x111x969,34.0,810.0,56.0,32.84187999999998,0.3565183937549591,bmm
,26,26x1011x71x574,34.0,810.0,56.0,40.93131999999998,0.870086407661438,bmm
,13,13x587x120x796,34.0,810.0,56.0,42.69184000000001,0.5830016016960144,bmm
,15,15x843x238x10,34.0,810.0,57.84,42.03999999999999,0.17779840230941774,bmm
,23,23x583x212x21,30.0,810.0,58.0,38.52416000000001,0.16320000290870668,bmm
,29,29x726x226x4,29.0,810.0,58.0,38.58432000000001,0.26099839210510256,bmm
,27,27x708x182x38,29.0,810.0,58.04,38.88396000000001,0.20796160101890565,bmm
,5,5x957x205x47,29.0,810.0,59.0,39.015999999999984,0.08324479907751084,bmm
,4,4x727x204x56,29.0,810.0,59.0,37.899999999999984,0.08040960133075714,bmm
,17,17x841x136x68,29.0,810.0,59.0,37.558,0.17819519937038422,bmm
,5,5x628x250x124,29.0,810.0,59.0,39.18200000000001,0.10019199848175049,bmm
,15,15x645x165x93,29.0,810.0,59.0,38.41632,0.16077440083026887,bmm
,24,24x661x137x227,29.0,810.0,59.0,39.46479999999999,0.4168447971343994,bmm
,29,29x732x245x196,10.0,810.0,59.0,41.51384000000001,0.8896767973899842,bmm
,2,2x642x153x187,10.0,694.8,59.24,42.75836000000003,0.06542719900608063,bmm
,2,2x716x219x334,10.0,450.0,60.0,32.282999999999994,0.22910079956054688,bmm
,25,25x944x250x496,10.0,460.8,60.0,33.02172000000001,3.1998079776763917,bmm
,26,26x676x236x457,10.0,675.0,60.0,32.87939999999999,1.9541312217712403,bmm
,8,8x831x155x995,17.36,675.0,60.0,31.80632000000001,1.060646390914917,bmm
,32,32x811x186x618,33.0,675.0,59.12,31.63520000000002,2.904844808578491,bmm
,1,1x616x253x761,33.0,675.0,59.0,29.45743999999999,0.1259776011109352,bmm
,26,26x553x434x29,33.0,675.0,59.0,25.267000000000007,0.7425791978836059,bmm
,23,23x873x384x18,33.0,675.0,59.0,25.742280000000015,0.8699007987976074,bmm
,21,21x826x308x6,25.32,675.0,58.08,25.52799999999999,0.6197951912879944,bmm
,8,8x707x415x65,25.0,675.0,58.0,25.13232,0.343532794713974,bmm
,19,19x597x422x47,25.0,525.6,57.12,25.552719999999987,1.4768320083618165,bmm
,16,16x534x504x61,25.0,555.0,57.0,24.85984000000001,1.5122879981994628,bmm
,9,9x842x383x81,28.68,555.0,57.0,25.83055999999999,1.1561344146728516,bmm
,2,2x972x286x109,29.0,555.0,57.0,23.42887999999999,0.22568320333957673,bmm
,22,22x751x465x83,29.0,739.8,57.0,28.507199999999994,0.5864255905151368,bmm
,22,22x604x305x232,29.0,885.0,57.08,38.75304,0.6358464121818542,bmm
,17,17x924x359x187,29.0,885.0,58.0,43.06539999999999,0.7004287958145141,bmm
,25,25x826x271x224,30.52,885.0,58.0,44.25879999999998,0.8475904107093811,bmm
,3,3x636x416x406,31.0,885.0,58.0,42.07040000000003,0.2712383925914764,bmm
,24,24x657x379x508,31.0,885.0,60.0,43.548359999999995,1.8760640144348144,bmm
,19,19x949x463x479,31.0,885.0,60.0,47.60131999999999,2.397939109802246,bmm
,20,20x690x417x562,31.0,885.0,61.04,49.51048,2.1444863796234133,bmm
,15,15x840x294x721,31.0,885.0,62.0,48.04235999999998,1.7324543952941895,bmm
,3,3x672x329x765,31.64,885.0,62.0,49.29499999999999,0.32164480090141295,bmm
,3,3x972x644x15,32.0,885.0,62.0,40.62036,0.2046976000070572,bmm
,8,8x917x719x6,32.0,885.0,62.0,40.28916,0.24118399918079375,bmm
,24,24x961x659x29,32.0,885.0,62.0,42.19548000000002,0.63990398645401,bmm
,10,10x811x578x47,32.0,765.0,62.0,39.966040000000014,0.539142394065857,bmm
,2,2x686x842x56,32.0,738.6,61.0,29.356679999999983,0.2563391923904419,bmm
,19,19x909x973x48,32.0,726.6,61.0,31.763840000000013,2.147711992263794,bmm
,2,2x955x820x83,28.92,712.8,61.0,31.267000000000017,0.32672000527381895,bmm
,24,24x858x846x116,21.0,694.8,61.0,33.038360000000004,2.3891647815704347,bmm
,29,29x820x935x71,21.0,744.0,61.0,34.709759999999996,2.8732415676116942,bmm
,10,10x934x837x248,21.0,780.0,61.0,31.530879999999993,1.604262399673462,bmm
,10,10x731x827x145,21.0,780.0,61.0,29.495999999999984,1.3561855792999267,bmm
,31,31x800x768x158,36.0,866.4,60.0,35.11468,2.0710208415985107,bmm
,32,32x865x860x300,36.0,1101.0,60.2,62.18871999999998,4.124211120605469,bmm
,11,11x886x771x355,36.0,1155.0,65.0,58.88392000000001,1.2492416143417358,bmm
,6,6x853x545x323,36.0,1155.0,65.0,51.68803999999997,0.5376959919929505,bmm
,9,9x867x780x710,35.4,1155.0,65.0,55.96376,2.1155776023864745,bmm
,10,10x755x602x590,35.0,1155.0,65.0,59.45508000000001,1.3040256261825562,bmm
,1,1x956x751x728,35.0,1155.0,65.0,57.03732,0.2723263919353485,bmm
,44,44x13x17x10,35.0,1155.0,66.0,47.54468,0.0064512000419199465,bmm
,55,55x16x1x17,35.0,1155.0,66.0,45.721599999999995,0.005049599893391132,bmm
,49,49x21x29x23,35.0,1155.0,66.0,45.47783999999999,0.01637759990990162,bmm
,62,62x30x29x42,35.0,1155.0,66.0,45.61772000000002,0.016595199704170227,bmm
,39,39x2x26x63,35.0,1155.0,65.12,45.6118,0.0067263999953866005,bmm
,43,43x32x4x55,35.0,1155.0,65.0,45.544879999999985,0.010489599779248238,bmm
,60,60x8x9x101,11.0,1155.0,65.0,45.5784,0.010124799981713294,bmm
,50,50x22x22x89,11.0,1093.8,65.0,45.52499999999999,0.012249600142240524,bmm
,62,62x18x5x122,11.0,645.0,65.0,40.58100000000001,0.016383999958634377,bmm
,64,64x21x13x177,11.0,619.8,65.0,27.969160000000002,0.030003199726343154,bmm
,34,34x27x6x223,11.0,600.0,65.0,28.07260000000001,0.01836800016462803,bmm
,53,53x2x8x142,11.0,556.8,65.0,27.960280000000008,0.012281600199639798,bmm
,65,65x4x9x511,11.0,555.0,63.0,27.902239999999985,0.03012479990720749,bmm
,58,58x4x27x459,11.0,525.0,63.0,27.908719999999988,0.03479680046439171,bmm
,47,47x15x10x327,8.84,503.4,63.0,25.16751999999999,0.05300479903817177,bmm
,47,47x32x1x870,8.0,480.6,61.08,24.615560000000013,0.12273919880390168,bmm
,45,45x21x17x915,8.0,454.2,61.0,24.521399999999993,0.15457279980182648,bmm
,46,46x20x24x987,8.0,426.6,60.28,24.03816,0.18972160220146178,bmm
,58,58x11x64x31,9.2,388.8,59.88,24.298799999999996,0.02035840004682541,bmm
,56,56x14x45x28,13.0,375.0,59.0,23.351719999999997,0.03068159967660904,bmm
,44,44x1x40x6,13.0,375.0,59.0,23.062439999999988,0.012921600043773651,bmm
,62,62x27x44x33,13.0,375.0,58.04,22.92336,0.05937280133366585,bmm
,47,47x4x51x56,13.0,375.0,58.0,23.163919999999997,0.018553600087761878,bmm
,51,51x10x64x59,13.0,375.0,58.0,23.096400000000003,0.024556800723075867,bmm
,41,41x14x58x75,17.0,375.0,58.0,22.273519999999998,0.0371456004679203,bmm
,47,47x23x59x78,17.0,375.0,57.88,22.15447999999999,0.049740799516439435,bmm
,45,45x2x34x68,17.0,375.0,57.0,22.586159999999996,0.017907200008630754,bmm
,56,56x14x52x238,17.0,375.0,57.0,23.340719999999987,0.31663999557495115,bmm
,57,57x3x64x151,17.0,375.0,57.0,23.275840000000002,0.03551359996199608,bmm
,59,59x7x33x161,17.96,375.0,57.0,22.78615999999999,0.03760000020265579,bmm
,43,43x3x51x426,18.0,375.0,56.36,23.02444,0.3292927980422974,bmm
,54,54x32x47x484,18.0,375.0,56.0,23.31568,0.5954048037528992,bmm
,50,50x28x60x291,18.0,375.0,56.0,24.223400000000005,0.4231872022151947,bmm
,56,56x17x63x581,25.68,413.4,56.0,25.49971999999999,0.8056000113487244,bmm
,50,50x1x52x653,30.0,435.0,56.0,24.105639999999998,0.378521603345871,bmm
,37,37x31x65x587,30.0,435.0,56.0,24.064759999999996,0.5913920044898987,bmm
,61,61x15x81x31,30.0,435.0,56.0,23.09928,0.03126400001347065,bmm
,58,58x18x124x22,29.4,435.0,56.0,22.97032000000001,0.09932160079479217,bmm
,50,50x19x94x21,25.0,435.0,56.0,22.648999999999997,0.07991679757833481,bmm
,53,53x14x124x44,25.0,435.0,56.0,22.94076,0.04033920094370842,bmm
,37,37x17x80x57,25.0,435.0,55.6,22.905040000000003,0.06898559927940369,bmm
,63,63x28x114x53,25.0,435.0,55.0,22.899040000000003,0.10610560029745102,bmm
,36,36x1x79x108,25.0,375.0,55.0,23.158280000000005,0.03123840056359768,bmm
,34,34x11x76x99,16.0,375.0,55.0,21.9274,0.030886400118470193,bmm
,60,60x25x122x92,16.0,375.0,55.0,23.619959999999992,0.3096127986907959,bmm
,34,34x32x129x228,16.0,375.0,55.0,24.41748,0.45727360248565674,bmm
,47,47x25x125x135,17.08,375.0,55.0,24.308000000000007,0.36222719550132754,bmm
,55,55x15x99x222,25.0,375.0,55.0,23.922600000000006,0.4748799979686737,bmm
,38,38x17x122x333,25.0,375.0,55.0,24.81096000000001,0.601747190952301,bmm
,60,60x11x95x265,25.0,375.0,55.0,23.839079999999996,0.5485568165779113,bmm
,50,50x33x67x513,26.44,375.0,55.0,24.083000000000002,0.7723008036613465,bmm
,40,40x16x85x556,29.0,375.0,55.0,23.60192,0.709280002117157,bmm
,41,41x3x91x588,29.0,375.0,55.0,24.915159999999993,0.6554303884506225,bmm
,61,61x9x103x918,29.0,405.0,55.0,24.74364,1.6742719888687134,bmm
,48,48x10x154x19,32.2,450.0,55.0,23.462999999999997,0.024960000067949295,bmm
,45,45x20x171x1,33.0,450.0,55.0,23.051280000000002,0.015475200302898885,bmm
,56,56x4x160x29,33.0,450.0,55.0,22.211,0.019615999609231948,bmm
,58,58x15x139x35,33.0,450.0,55.0,22.687960000000004,0.0462848000228405,bmm
,63,63x5x185x62,33.0,450.0,55.0,22.71512,0.18787839710712434,bmm
,60,60x31x198x54,20.08,450.0,54.12,23.131680000000003,0.3971775949001312,bmm
,56,56x27x231x118,16.0,450.0,54.0,23.32088,0.6112767934799195,bmm
,54,54x24x159x104,16.0,441.0,54.0,23.249760000000006,0.3868608057498932,bmm
,39,39x6x150x66,16.0,375.0,54.0,22.657480000000014,0.03861120045185089,bmm
,43,43x20x213x154,18.4,375.0,54.0,23.368120000000005,0.5362367868423462,bmm
,49,49x11x153x256,20.0,375.0,54.0,24.788760000000007,0.5940864086151123,bmm
,53,53x14x190x247,20.0,375.0,54.0,23.885119999999997,0.8029695987701416,bmm
,63,63x28x233x319,20.0,375.0,54.76,25.27667999999999,1.6537535905838012,bmm
,62,62x26x211x487,36.0,495.0,55.0,25.41504000000001,2.0758975982666015,bmm
,65,65x32x200x360,36.0,526.2,55.0,25.338760000000008,1.6635007858276367,bmm
,65,65x18x229x714,36.0,605.4,55.0,25.63028,1.1469759941101074,bmm
,47,47x29x196x820,36.0,660.0,55.0,26.078119999999995,0.878169584274292,bmm
,50,50x27x133x826,36.0,660.0,55.0,25.241040000000012,0.6745024085044861,bmm
,34,34x7x323x17,36.0,660.0,55.0,24.492199999999993,0.018739200383424758,bmm
,33,33x16x290x18,36.0,660.0,55.0,23.481320000000004,0.024812800437211992,bmm
,57,57x13x385x2,36.0,660.0,55.0,23.383799999999997,0.047603200376033786,bmm
,43,43x13x504x37,29.92,660.0,55.0,23.470240000000004,0.14394240379333495,bmm
,59,59x1x418x62,17.0,660.0,55.0,23.717600000000015,0.15525759756565094,bmm
,39,39x4x410x41,17.0,660.0,55.0,23.639080000000007,0.06516479998826981,bmm
,53,53x12x304x82,17.0,660.0,55.0,24.065720000000002,0.18312959671020507,bmm
,52,52x20x308x116,17.0,375.0,55.0,24.3208,0.6694272041320801,bmm
,58,58x7x392x85,19.08,375.0,55.0,24.16667999999999,0.6272192001342773,bmm
,64,64x16x287x239,21.0,375.0,55.0,24.400199999999998,1.3028480052947997,bmm
,40,40x26x354x193,21.0,375.0,55.0,24.58596000000001,0.9100031971931457,bmm
,46,46x8x264x234,21.0,420.0,55.0,24.459759999999996,0.8422016024589538,bmm
,57,57x23x353x381,34.8,480.0,55.0,26.017999999999994,2.29466233253479,bmm
,40,40x19x329x402,36.0,510.0,55.0,24.554240000000004,1.481171226501465,bmm
,43,43x31x369x481,36.0,538.8,55.0,26.167639999999995,0.8728512048721313,bmm
,37,37x7x380x802,37.04,630.0,55.0,26.094920000000016,1.131449580192566,bmm
,60,60x17x396x717,38.0,630.0,55.0,27.27563999999999,1.7406271934509276,bmm
,60,60x2x296x618,38.0,630.0,55.0,27.255519999999997,1.0737856149673461,bmm
,35,35x17x524x27,38.0,630.0,55.0,24.929000000000002,0.17382400035858153,bmm
,64,64x14x934x22,38.0,630.0,55.0,24.166239999999995,0.33155201077461244,bmm
,43,43x15x559x12,29.6,630.0,55.0,23.28648000000001,0.08321919888257981,bmm
,42,42x5x675x63,24.0,630.0,55.0,23.510519999999993,0.21467519998550416,bmm
,47,47x11x785x54,24.0,630.0,55.0,23.827640000000002,0.26392959952354433,bmm
,62,62x6x631x41,24.0,585.0,55.0,24.35024,0.20538880228996276,bmm
,54,54x6x778x98,24.0,405.0,55.0,24.228399999999997,1.182681632041931,bmm
,62,62x11x795x108,20.64,392.4,55.0,24.322880000000005,1.4464447736740111,bmm
,36,36x2x666x110,20.0,375.0,55.0,23.68092,0.7072064042091369,bmm
,51,51x33x556x209,20.0,375.0,55.0,24.741439999999997,1.7457855939865112,bmm
,50,50x10x927x225,25.04,408.0,55.0,25.594480000000008,2.656915235519409,bmm
,63,63x4x929x182,38.0,540.0,55.0,24.94187999999999,2.554751968383789,bmm
,49,49x17x694x499,38.0,655.2,55.0,26.833720000000014,1.7158144235610961,bmm
,59,59x20x675x267,38.0,780.0,55.0,27.180000000000003,1.1621887922286986,bmm
,55,55x24x810x278,38.0,780.0,55.2,26.868039999999997,1.419705605506897,bmm
,65,65x33x536x744,38.0,796.8,56.0,29.818240000000007,1.0253823757171632,bmm
,46,46x14x726x876,38.0,840.0,56.0,39.53408000000001,0.7390080094337463,bmm
,38,38x13x1017x734,38.0,840.0,57.0,43.732999999999976,0.7055552005767822,bmm
,59,59x33x1x12,38.0,840.0,57.0,45.504000000000005,0.006348800007253885,bmm
,40,40x59x1x14,38.0,840.0,57.0,36.97900000000001,0.0065344001166522505,bmm
,54,54x34x9x27,31.4,840.0,57.0,36.99099999999999,0.016409600153565407,bmm
,35,35x51x9x59,23.0,840.0,57.72,37.14499999999999,0.016563199833035468,bmm
,45,45x36x14x56,23.0,840.0,58.0,37.340000000000025,0.01637759990990162,bmm
,36,36x60x33x44,23.0,840.0,58.0,37.048,0.018649600446224213,bmm
,54,54x52x16x126,23.0,840.0,58.0,37.436000000000014,0.018636800348758698,bmm
,51,51x51x12x67,23.0,840.0,58.48,37.4086,0.018425600603222847,bmm
,39,39x51x2x129,23.0,840.0,59.0,37.2294,0.01677439995110035,bmm
,58,58x40x30x235,23.0,840.0,59.0,37.25179999999999,0.03905280008912086,bmm
,40,40x42x28x216,23.0,840.0,59.0,37.40755999999998,0.03123840019106865,bmm
,60,60x39x10x177,23.0,840.0,59.0,37.41320000000002,0.027212800085544588,bmm
,47,47x33x1x479,6.0,840.0,59.0,37.537800000000026,0.020921600237488746,bmm
,36,36x50x6x407,6.0,840.0,59.0,37.67204000000002,0.028652800247073174,bmm
,64,64x61x29x401,6.0,375.0,59.0,34.49708000000002,0.23907839953899385,bmm
,43,43x37x17x536,6.0,375.0,58.6,28.49800000000001,0.12015360295772552,bmm
,39,39x62x6x988,6.0,375.0,58.0,28.144399999999997,0.23934080004692077,bmm
,64,64x55x25x637,6.0,375.0,58.0,28.56872,0.33134719729423523,bmm
,39,39x60x50x19,6.0,375.0,58.0,28.168279999999985,0.06341759860515594,bmm
,33,33x43x38x32,6.0,375.0,58.0,27.132799999999996,0.03890560045838356,bmm
,53,53x59x34x22,13.0,375.0,58.0,23.465120000000002,0.05345279946923256,bmm
,56,56x33x57x42,13.0,375.0,57.36,23.690439999999988,0.06999039947986603,bmm
,42,42x37x44x37,13.0,375.0,57.0,23.537320000000005,0.05909760072827339,bmm
,60,60x49x65x51,13.0,375.0,56.56,22.76352,0.07955199927091598,bmm
,48,48x58x61x114,13.0,375.0,56.0,22.707199999999997,0.13908480256795883,bmm
,64,64x42x41x105,17.0,375.0,56.0,22.773839999999993,0.08388479948043823,bmm
,62,62x35x34x80,17.0,375.0,56.0,22.576160000000005,0.06140799894928932,bmm
,48,48x41x50x229,17.0,375.0,56.0,23.420399999999994,0.27015679478645327,bmm
,43,43x58x47x185,17.0,375.0,56.0,23.116640000000004,0.15760639905929566,bmm
,64,64x51x49x186,18.28,375.0,55.84,23.29355999999999,0.3337984025478363,bmm
,38,38x56x46x458,21.0,375.0,55.0,23.224920000000008,0.4939455986022949,bmm
,39,39x48x60x486,21.0,387.0,55.0,25.16408,0.611296010017395,bmm
,41,41x63x33x396,21.0,390.0,55.0,22.996800000000004,0.4228735983371735,bmm
,50,50x52x43x654,24.96,414.0,55.0,25.2846,0.9014272093772888,bmm
,54,54x34x41x519,30.0,450.0,55.0,23.56115999999999,0.5640511989593506,bmm
,53,53x54x63x547,30.0,450.0,55.0,24.93380000000001,1.0128128051757812,bmm
,51,51x59x84x1,30.0,450.0,55.0,23.37295999999999,0.025209599733352663,bmm
,33,33x52x76x4,30.0,450.0,55.0,22.863159999999993,0.045024000108242035,bmm
,62,62x44x88x23,24.0,450.0,55.0,22.440160000000002,0.07011840045452118,bmm
,48,48x39x115x36,24.0,450.0,55.0,22.70384000000001,0.0921408012509346,bmm
,42,42x46x117x43,24.0,450.0,55.0,22.71999999999999,0.0922304019331932,bmm
,59,59x40x127x62,24.0,450.0,55.0,23.771880000000014,0.26391040086746215,bmm
,44,44x44x121x73,24.0,384.0,55.0,23.051,0.172748801112175,bmm
,41,41x56x115x71,18.24,375.0,55.0,23.02507999999999,0.1729856014251709,bmm
,48,48x58x72x70,18.0,375.0,55.0,22.74652,0.08215679973363876,bmm
,42,42x43x109x135,18.0,375.0,55.0,22.726839999999992,0.33052160143852233,bmm
,40,40x42x115x141,18.0,375.0,54.0,22.647599999999997,0.3599551975727081,bmm
,58,58x39x81x175,18.0,375.0,54.0,23.296480000000003,0.4630400061607361,bmm
,46,46x33x87x490,22.0,526.2,54.96,26.611160000000012,0.8077696084976196,bmm
,51,51x57x81x265,22.0,585.0,55.0,24.325400000000005,0.5901887893676758,bmm
,50,50x45x119x440,22.0,585.0,55.0,24.13108,1.141696000099182,bmm
,56,56x43x126x749,34.6,845.4,55.0,28.854880000000023,0.20208639800548553,bmm
,54,54x53x98x675,43.0,1050.0,55.0,37.88159999999999,0.16634239852428437,bmm
,56,56x61x109x893,43.0,1050.0,55.0,44.35832000000002,0.211148801445961,bmm
,65,65x40x138x14,43.0,1050.0,55.0,44.78888000000002,0.04705280065536499,bmm
,39,39x42x136x7,43.0,1050.0,55.96,43.042799999999986,0.0430527999997139,bmm
,36,36x51x221x18,43.0,1050.0,58.0,42.72000000000002,0.03989119976758957,bmm
,49,49x64x136x46,43.0,1050.0,58.0,42.986999999999995,0.044025599211454394,bmm
,48,48x41x250x34,43.0,1050.0,58.0,43.120999999999995,0.07457280158996582,bmm
,40,40x49x138x34,43.0,1050.0,58.0,43.332999999999984,0.04665599912405014,bmm
,58,58x64x186x73,31.48,1050.0,59.0,43.19399999999999,0.06769920140504837,bmm
,64,64x63x197x96,7.0,1050.0,59.0,43.90599999999998,0.07344640046358109,bmm
,46,46x62x142x123,7.0,1050.0,59.0,44.05540000000003,0.051392000168561935,bmm
,40,40x38x242x134,7.0,1050.0,59.48,43.36800000000001,0.08213119953870773,bmm
,61,61x33x173x144,7.0,1050.0,60.0,43.394,0.10521599799394607,bmm
,43,43x65x256x198,7.0,1050.0,60.0,44.53600000000003,0.2014656037092209,bmm
,55,55x60x140x510,7.0,574.8,60.0,42.609560000000016,0.1582335948944092,bmm
,57,57x57x192x392,9.4,390.0,60.0,29.65600000000001,0.64339839220047,bmm
,55,55x48x233x397,11.0,387.6,60.0,29.47520000000002,0.7316096067428589,bmm
,37,37x60x134x577,11.0,375.0,59.0,29.634360000000004,0.46401919722557067,bmm
,54,54x44x192x557,11.0,375.0,59.0,27.319119999999984,0.7767871975898742,bmm
,53,53x35x178x809,11.0,375.0,58.2,25.308800000000005,0.9857472062110901,bmm
,50,50x38x483x18,15.8,375.0,58.0,24.791239999999984,0.371699196100235,bmm
,38,38x53x431x17,26.0,375.0,57.2,23.445840000000004,0.45280640125274657,bmm
,38,38x60x288x15,26.0,375.0,57.0,23.49928,0.30690560340881345,bmm
,36,36x34x411x41,26.0,375.0,57.0,23.148799999999998,0.4726848006248474,bmm
,43,43x33x416x53,26.0,375.0,57.0,23.750600000000006,0.575974416732788,bmm
,56,56x49x464x57,24.32,375.0,56.32,24.036400000000004,0.8984448075294494,bmm
,40,40x44x334x102,24.0,375.0,56.0,23.856559999999995,0.6829887986183166,bmm
,39,39x38x447x129,24.0,375.0,56.0,24.154480000000003,0.918995201587677,bmm
,33,33x50x485x82,24.0,375.0,56.0,24.578719999999997,0.7216320037841797,bmm
,55,55x57x281x247,27.24,375.0,56.0,24.4782,1.4122431755065918,bmm
,60,60x49x413x223,33.0,375.0,56.0,25.789319999999996,1.8597951889038087,bmm
,58,58x46x381x204,33.0,460.2,56.0,25.8706,1.5382080078125,bmm
,49,49x54x356x273,33.84,525.0,56.0,25.049400000000006,1.7989376068115235,bmm
,63,63x65x403x291,40.0,657.6,56.0,27.10872,1.1153280019760132,bmm
,61,61x39x264x421,40.0,720.0,56.0,26.724720000000016,0.8341887950897217,bmm
,63,63x39x397x973,40.0,720.0,56.0,29.011360000000014,2.711584043502808,bmm
,48,48x39x334x628,37.8,720.0,56.0,28.376239999999992,1.1747519969940186,bmm
,44,44x33x265x577,35.0,720.0,56.0,26.276960000000003,0.8222272038459778,bmm
,38,38x51x576x16,35.0,720.0,56.0,25.222199999999997,0.25934720039367676,bmm
,35,35x33x716x2,35.0,720.0,56.0,24.179040000000008,0.27921919226646424,bmm
,60,60x50x607x5,35.0,720.0,56.0,24.4436,0.27084800601005554,bmm
,33,33x56x712x60,28.52,652.8,56.0,25.027480000000015,0.3383616030216217,bmm
,56,56x34x892x60,17.0,510.0,56.0,24.355240000000002,1.2790016174316405,bmm
,57,57x33x822x38,17.0,498.0,56.0,24.193160000000006,0.9832319974899292,bmm
,64,64x51x907x88,17.0,470.4,55.8,24.877520000000004,2.0487616062164307,bmm
,36,36x49x888x99,28.04,465.0,55.0,25.224439999999994,1.2981696128845215,bmm
,33,33x34x563x73,29.0,450.0,55.0,23.865040000000008,0.6756543993949891,bmm
,50,50x33x572x151,29.0,435.0,55.0,24.9788,1.4629439830780029,bmm
,55,55x36x606x158,29.0,435.0,55.0,25.041639999999987,1.7418048143386842,bmm
,45,45x35x546x247,34.0,501.0,55.0,26.269079999999995,1.761132788658142,bmm
,46,46x59x865x324,34.0,675.0,55.0,29.25208000000002,1.759769582748413,bmm
,35,35x42x873x463,34.0,675.0,55.92,27.54119999999999,1.6739711999893188,bmm
,60,60x35x952x486,38.76,675.0,56.0,29.785040000000013,3.00862078666687,bmm
,54,54x36x969x967,41.0,948.0,56.0,34.61476,1.4177216053009034,bmm
,53,53x39x556x1018,41.0,1245.0,58.04,50.93847999999999,0.7986496090888977,bmm
,57,57x36x694x685,41.0,1245.0,59.0,55.184999999999974,0.8279615879058838,bmm
,33,33x85x27x4,41.0,1245.0,59.0,48.095000000000006,0.015852800197899343,bmm
,61,61x89x9x30,35.0,1245.0,59.76,45.46799999999999,0.014348800107836724,bmm
,50,50x109x9x3,31.0,1245.0,60.0,45.735,0.012902399897575379,bmm
,54,54x83x3x56,31.0,1245.0,60.0,45.56100000000001,0.01228800043463707,bmm
,35,35x95x31x65,31.0,1245.0,60.0,45.71000000000001,0.020787199959158897,bmm
,53,53x66x14x43,31.0,1245.0,60.0,45.71799999999999,0.014201600290834903,bmm
,36,36x88x10x93,31.0,1245.0,61.0,45.64700000000002,0.016364799812436104,bmm
,48,48x66x10x79,31.0,1245.0,61.0,45.82000000000002,0.01883520036935806,bmm
,60,60x104x11x115,31.0,1245.0,61.0,45.83400000000003,0.022521600127220154,bmm
,41,41x65x29x158,31.0,1245.0,61.0,45.84900000000002,0.031359999999403955,bmm
,56,56x77x28x156,31.0,1245.0,61.88,46.083120000000015,0.04087039977312088,bmm
,48,48x126x14x146,4.0,1245.0,62.0,45.99268000000002,0.027641599625349046,bmm
,36,36x87x14x407,4.0,1245.0,62.0,46.03340000000002,0.043680000305175784,bmm
,56,56x90x1x321,4.0,435.0,62.0,41.62447999999999,0.14188799858093262,bmm
,56,56x89x3x323,4.0,432.6,61.0,28.656640000000017,0.1500864028930664,bmm
,55,55x115x7x742,4.0,420.0,61.0,28.56832,0.4754815995693207,bmm
,48,48x100x5x909,4.0,405.0,61.0,28.89359999999999,0.4236159920692444,bmm
,62,62x70x25x752,4.0,390.0,60.0,28.590999999999998,0.4469696044921875,bmm
,52,52x89x47x27,15.52,376.8,60.0,25.295,0.06350720077753066,bmm
,49,49x92x59x9,16.0,375.0,59.6,24.16155999999999,0.07338880002498627,bmm
,45,45x108x48x9,16.0,375.0,59.0,23.808879999999995,0.059392000734806064,bmm
,64,64x116x34x56,16.0,375.0,59.0,24.255880000000012,0.06480640023946763,bmm
,63,63x99x58x57,16.0,375.0,58.0,23.765439999999995,0.09366400092840195,bmm
,65,65x76x54x44,16.4,375.0,58.0,23.929720000000003,0.07425279915332794,bmm
,56,56x80x50x88,17.0,375.0,57.16,23.262520000000013,0.1639104038476944,bmm
,59,59x93x62x93,17.0,375.0,57.0,23.476879999999998,0.3197824001312256,bmm
,46,46x111x50x87,17.0,375.0,57.0,24.175120000000003,0.1289920002222061,bmm
,61,61x124x61x162,17.0,375.0,57.0,24.27231999999999,0.6075007915496826,bmm
,34,34x112x53x140,25.0,375.0,56.04,23.55019999999999,0.1509760022163391,bmm
,47,47x80x46x230,25.0,375.0,56.0,24.178680000000014,0.3830272018909454,bmm
,48,48x109x41x448,25.0,375.0,56.0,25.18444,0.8873792052268982,bmm
,47,47x81x47x473,25.0,375.0,56.0,24.428640000000005,0.7953984022140503,bmm
,45,45x113x35x307,29.4,375.0,56.0,24.58856,0.5627007961273194,bmm
,45,45x106x61x781,30.0,375.0,56.0,24.47288,1.6611135959625245,bmm
,55,55x116x36x899,30.0,396.6,56.0,25.706359999999997,2.072857618331909,bmm
,39,39x95x33x1010,31.8,510.0,56.0,25.081799999999994,1.336243224143982,bmm
,63,63x111x114x5,33.0,510.0,56.0,24.312199999999997,0.24668799936771393,bmm
,54,54x107x119x18,33.0,510.0,56.0,23.330000000000005,0.28264320492744444,bmm
,60,60x85x66x5,33.0,510.0,56.0,23.102359999999997,0.063468798995018,bmm
,46,46x74x86x60,33.0,510.0,55.0,22.997239999999998,0.13352320194244385,bmm
,52,52x90x79x38,23.64,510.0,55.0,22.73895999999999,0.11495680063962936,bmm
,55,55x127x113x50,20.0,510.0,55.0,23.091559999999994,0.4869887948036194,bmm
,52,52x122x122x104,20.0,510.0,55.0,23.311799999999995,0.6284671902656556,bmm
,63,63x90x69x114,20.0,402.0,55.0,24.24388,0.41849600076675414,bmm
,33,33x87x112x109,20.0,375.0,55.0,23.679720000000007,0.3054527997970581,bmm
,59,59x120x96x205,22.0,492.0,55.0,25.858480000000007,0.9481727957725525,bmm
,47,47x99x117x196,22.0,600.0,55.0,24.847479999999997,0.7448960065841674,bmm
,33,33x122x81x144,22.0,600.0,55.0,24.525119999999987,0.31869439482688905,bmm
,35,35x96x66x278,22.0,600.0,55.0,25.032680000000006,0.4960319995880127,bmm
,62,62x107x115x439,33.0,614.4,55.0,26.10071999999999,1.1963775992393493,bmm
,58,58x114x93x300,33.0,690.0,55.0,25.6418,0.4112128019332886,bmm
,51,51x88x98x929,33.0,690.0,55.0,25.560440000000014,0.8885824084281921,bmm
,38,38x127x121x805,33.0,690.0,55.0,25.70571999999999,0.7933439970016479,bmm
,60,60x115x108x698,30.0,690.0,55.0,26.424999999999997,0.9649600148200989,bmm
,46,46x66x187x2,28.0,690.0,55.0,25.070959999999996,0.09227520227432251,bmm
,55,55x105x192x4,28.0,690.0,55.0,24.05008,0.16131839752197266,bmm
,35,35x81x204x30,28.0,690.0,55.0,24.119479999999996,0.1145344004034996,bmm
,63,63x128x211x49,28.0,690.0,55.0,24.519959999999987,0.2936895966529846,bmm
,42,42x105x139x54,28.0,690.0,55.0,23.876240000000006,0.142604798078537,bmm
,38,38x71x159x62,14.0,420.0,55.0,24.06792,0.3363391935825348,bmm
,49,49x110x174x105,14.0,405.0,55.0,24.468439999999998,0.7160128116607666,bmm
,51,51x84x165x79,14.0,405.0,55.0,23.316999999999993,0.5993216037750244,bmm
,52,52x129x256x107,14.0,457.2,55.0,25.491640000000007,1.1697920083999633,bmm
,44,44x115x238x182,31.48,510.0,55.0,24.92816,1.2214015960693358,bmm
,38,38x116x218x150,33.0,510.0,55.0,24.47472,0.7919359922409057,bmm
,58,58x94x240x191,33.0,526.8,55.0,25.018040000000006,1.6257983922958374,bmm
,45,45x91x156x371,33.48,573.6,55.0,25.806519999999995,1.4286848306655884,bmm
,42,42x120x235x512,36.0,600.0,55.0,26.473800000000004,2.4776832103729247,bmm
,65,65x128x242x502,36.0,645.0,55.0,27.11432,1.4059391975402833,bmm
,60,60x83x174x589,36.0,645.0,55.0,26.46060000000001,0.9936831951141357,bmm
,61,61x84x233x797,34.92,645.0,55.96,28.028599999999997,1.7192704200744628,bmm
,45,45x85x215x711,33.0,645.0,56.0,27.838120000000004,1.0626816034317017,bmm
,36,36x72x487x26,33.0,645.0,56.0,25.588120000000014,0.26138880252838137,bmm
,54,54x79x463x12,33.0,645.0,56.0,24.254200000000015,0.28789759874343873,bmm
,39,39x93x435x12,33.0,645.0,56.0,24.71800000000001,0.23866880238056182,bmm
,50,50x96x295x41,33.0,645.0,56.0,24.389239999999994,0.2558911979198456,bmm
,58,58x113x445x58,20.0,645.0,56.0,24.088799999999996,0.49137279987335203,bmm
,33,33x121x409x41,20.0,465.0,55.0,24.59112,0.6680255949497222,bmm
,64,64x97x437x101,20.0,450.0,55.0,25.278600000000004,1.68439679145813,bmm
,57,57x102x271x98,20.0,450.0,55.0,24.849359999999997,1.0661056280136108,bmm
,58,58x116x405x72,28.64,435.6,55.0,24.53204,1.3538624048233032,bmm
,39,39x109x469x189,29.0,451.2,55.0,25.67508000000001,2.0556672334671022,bmm
,55,55x114x406x153,29.0,492.6,55.0,26.212920000000018,2.376198434829712,bmm
,40,40x91x475x224,39.92,630.6,55.0,26.095399999999994,0.7222911953926087,bmm
,43,43x103x276x450,42.0,645.0,55.0,26.48075999999999,0.8778239965438843,bmm
,48,48x92x407x482,42.0,645.0,55.68,27.896199999999993,1.3927743911743165,bmm
,47,47x105x260x507,42.0,645.0,56.0,26.913120000000006,0.9928575992584229,bmm
,63,63x95x330x987,37.16,741.0,56.0,31.630719999999986,1.660979199409485,bmm
,39,39x116x316x848,31.0,885.0,56.0,42.81199999999999,0.8421568036079407,bmm
,50,50x125x374x887,31.0,885.0,56.36,44.631000000000014,1.2163583755493164,bmm
,35,35x107x749x32,31.0,885.0,59.0,44.44980000000001,0.2415039986371994,bmm
,44,44x73x874x12,31.0,885.0,59.0,39.53967999999997,0.27946879863739016,bmm
,46,46x106x744x31,31.0,885.0,59.0,39.097999999999985,0.2394432008266449,bmm
,57,57x85x920x37,31.0,885.0,59.0,39.534999999999975,0.29845759868621824,bmm
,63,63x94x530x47,31.0,885.0,59.0,40.823999999999984,0.18445440232753754,bmm
,43,43x112x1015x54,18.12,885.0,59.0,39.88272000000001,0.3232767999172211,bmm
,33,33x107x819x98,17.0,885.0,59.0,40.589999999999996,0.2757503926753998,bmm
,40,40x75x764x127,17.0,885.0,59.68,40.61959999999998,0.33445119857788086,bmm
,47,47x112x604x105,17.0,885.0,60.0,40.9084,0.29032320380210874,bmm
,63,63x104x650x209,17.0,885.0,60.0,41.42552000000001,0.7986688017845154,bmm
,46,46x124x724x231,17.0,885.0,60.0,41.91960000000001,0.6675008177757263,bmm
,36,36x65x854x211,17.0,525.0,60.0,38.370200000000025,1.1809407949447632,bmm
,39,39x113x810x383,18.0,525.0,60.0,33.08860000000002,2.204633617401123,bmm
,51,51x87x597x450,18.0,645.0,60.0,33.096759999999996,1.9407872200012206,bmm
,40,40x69x706x257,18.0,660.0,60.0,28.994160000000015,1.209657621383667,bmm
,40,40x94x837x729,18.0,696.0,59.0,31.185279999999985,3.6562432289123534,bmm
,48,48x107x977x652,40.0,910.8,59.72,36.11996,2.0101759910583494,bmm
,65,65x128x723x994,40.0,1170.0,60.0,60.65627999999999,2.612928009033203,bmm
,55,55x178x33x27,40.0,1170.0,61.68,61.73363999999998,0.027097599953413008,bmm
,61,61x247x9x1,40.0,1170.0,63.0,47.276560000000025,0.009996799938380718,bmm
,52,52x154x10x10,40.0,1170.0,63.0,45.729519999999994,0.018355200067162514,bmm
,44,44x203x1x49,40.0,1170.0,63.0,45.83200000000001,0.011231999844312668,bmm
,33,33x167x26x61,37.2,1170.0,63.0,45.76800000000002,0.018176000192761423,bmm
,54,54x248x31x53,26.0,1170.0,63.0,45.83200000000001,0.03221760019659996,bmm
,43,43x170x6x78,26.0,1170.0,63.0,46.087999999999994,0.018560000136494635,bmm
,64,64x157x11x73,26.0,1170.0,63.0,46.02300000000001,0.03559679910540581,bmm
,38,38x230x1x83,26.0,1170.0,63.0,46.177440000000004,0.01474559996277094,bmm
,59,59x219x21x153,26.0,1170.0,63.0,46.06143999999998,0.06756480038166046,bmm
,41,41x156x7x157,26.0,1170.0,63.0,46.425399999999975,0.026662399992346764,bmm
,36,36x131x33x197,26.0,1170.0,63.0,46.04359999999997,0.06143359839916229,bmm
,35,35x141x26x360,26.0,1170.0,63.36,46.27419999999998,0.07572480291128159,bmm
,50,50x239x12x332,20.96,1170.0,64.0,46.336999999999996,0.08419200032949448,bmm
,34,34x225x16x406,5.0,480.0,64.0,44.12300000000002,0.16351360082626343,bmm
,48,48x164x32x719,5.0,465.6,64.0,40.082,0.35905919671058656,bmm
,65,65x199x15x768,5.0,450.0,63.12,41.58819999999997,0.4979135990142822,bmm
,42,42x133x13x779,5.0,435.0,63.0,40.44000000000001,0.3502720057964325,bmm
,58,58x239x61x10,5.0,424.2,63.0,40.03099999999998,0.11262080073356628,bmm
,42,42x229x42x3,5.0,405.0,63.0,39.02044,0.07614080160856247,bmm
,62,62x133x33x19,5.0,376.2,63.0,38.69083999999998,0.08600960075855255,bmm
,35,35x144x62x44,5.0,375.0,63.0,38.6896,0.07428479939699173,bmm
,45,45x161x60x37,13.0,375.0,63.0,38.771839999999976,0.0757824033498764,bmm
,52,52x174x42x61,13.0,375.0,63.0,38.592600000000004,0.08399359881877899,bmm
,49,49x189x55x118,13.0,375.0,63.0,38.63023999999998,0.1449152022600174,bmm
,55,55x231x42x81,13.0,375.0,63.0,38.70703999999997,0.17463040053844453,bmm
,59,59x156x65x103,13.0,375.0,63.0,39.027000000000015,0.22024960219860076,bmm
,42,42x151x54x239,13.0,375.0,63.0,39.198999999999984,0.2554176032543182,bmm
,42,42x247x48x129,13.0,375.0,63.0,32.99047999999999,0.2223232001066208,bmm
,34,34x217x39x154,13.0,375.0,63.0,28.37235999999999,0.16759680211544037,bmm
,60,60x130x48x511,13.64,375.0,62.92,28.919200000000004,0.6006528019905091,bmm
,35,35x132x46x409,14.0,375.0,61.0,29.81384000000001,0.3699136018753052,bmm
,39,39x201x62x425,14.0,375.0,61.0,29.513600000000007,0.5567423939704895,bmm
,63,63x164x62x570,14.0,375.0,61.0,27.52216,0.8690495967864991,bmm
,40,40x179x64x859,14.0,375.0,61.0,26.24292000000001,0.8869696021080017,bmm
,49,49x204x45x651,29.84,375.0,60.0,26.018719999999984,0.8485376000404358,bmm
,61,61x220x73x28,32.0,375.0,60.0,25.825600000000012,0.23210880160331726,bmm
,46,46x179x111x3,32.0,375.0,59.24,23.9536,0.16526080071926116,bmm
,60,60x148x66x21,32.0,375.0,59.0,23.788799999999995,0.14080000221729277,bmm
,52,52x152x76x33,32.0,375.0,58.48,24.090239999999994,0.14539520144462587,bmm
,40,40x164x74x61,22.12,375.0,58.0,24.110799999999994,0.12654720097780228,bmm
,43,43x187x114x34,19.0,375.0,58.0,23.77584,0.5036544024944305,bmm
,62,62x181x72x129,19.0,375.0,58.0,24.423640000000006,0.7591424107551574,bmm
,44,44x242x102x74,19.0,375.0,57.16,24.600800000000007,0.6685759902000428,bmm
,52,52x140x122x118,25.8,375.0,57.0,24.836400000000005,0.7764415979385376,bmm
,41,41x220x81x184,29.0,375.0,57.0,24.551680000000015,0.8113983869552612,bmm
,34,34x166x125x180,29.0,375.0,57.0,24.6512,0.7419136047363282,bmm
,64,64x215x109x194,29.0,393.0,57.0,25.264480000000002,1.5766272068023681,bmm
,44,44x173x83x503,34.04,465.0,57.0,26.04423999999999,1.7329599857330322,bmm
,40,40x202x99x463,35.0,504.6,57.0,26.219360000000005,1.7144576072692872,bmm
,44,44x230x99x510,35.0,581.4,56.0,26.38600000000001,1.4189119935035706,bmm
,35,35x203x90x726,35.28,720.0,56.16,25.85620000000001,0.7989248037338257,bmm
,47,47x137x115x845,36.0,720.0,57.0,27.17471999999999,1.1441727876663208,bmm
,57,57x185x109x561,36.0,720.0,57.0,26.728439999999996,1.036672019958496,bmm
,49,49x224x134x29,36.0,720.0,57.0,25.53708,0.25079039931297303,bmm
,44,44x148x224x20,36.0,720.0,57.0,23.963,0.2194432020187378,bmm
,55,55x146x139x10,30.88,720.0,56.08,24.93,0.17802879810333253,bmm
,48,48x178x170x51,20.0,720.0,56.0,25.114440000000005,0.2711936056613922,bmm
,61,61x214x229x53,20.0,720.0,56.0,24.86715999999999,0.5042304039001465,bmm
,33,33x227x175x50,20.0,720.0,56.0,24.794400000000014,0.2283584028482437,bmm
,41,41x237x199x125,20.0,460.8,56.0,24.859160000000006,0.9173824191093445,bmm
,53,53x164x198x72,22.0,450.0,56.0,24.71328,0.9398720026016235,bmm
,52,52x189x141x121,25.0,418.8,56.0,23.600559999999994,1.0168576002120973,bmm
,44,44x130x206x252,25.0,414.0,56.0,25.73323999999999,1.5546175718307496,bmm
,62,62x203x239x199,28.2,457.8,56.0,26.08955999999999,2.70794882774353,bmm
,41,41x172x221x207,33.0,525.0,56.0,26.300480000000007,1.5280384302139283,bmm
,52,52x243x173x467,33.0,859.8,56.0,31.00463999999999,0.6527104020118714,bmm
,43,43x242x139x325,33.0,990.0,56.0,42.77676000000001,0.35070720314979553,bmm
,37,37x141x150x369,33.0,990.0,56.0,45.39392,0.2851391971111298,bmm
,42,42x247x253x551,34.68,990.0,57.08,46.033840000000026,0.9214591979980469,bmm
,53,53x187x247x690,36.0,990.0,59.0,46.19824,1.0122048139572144,bmm
,38,38x240x205x653,36.0,990.0,59.0,52.620959999999975,0.7954624056816101,bmm
,35,35x237x363x17,36.0,990.0,60.0,44.192,0.16796799898147582,bmm
,52,52x175x278x11,36.0,990.0,60.0,44.54700000000002,0.13195519745349885,bmm
,57,57x194x486x1,36.0,990.0,60.0,44.657880000000006,0.07790079712867737,bmm
,33,33x129x430x47,36.0,990.0,60.0,44.63011999999998,0.13468800187110902,bmm
,49,49x238x282x52,36.0,990.0,60.72,44.741760000000006,0.17916160225868225,bmm
,59,59x194x469x62,13.0,990.0,61.0,45.81299999999998,0.2845120012760162,bmm
,33,33x207x428x70,13.0,990.0,61.0,46.582760000000015,0.2524608075618744,bmm
,65,65x191x365x68,13.0,990.0,61.0,46.74571999999999,0.322873592376709,bmm
,34,34x244x477x107,13.0,990.0,61.64,46.97136,0.2866688072681427,bmm
,53,53x134x411x164,13.0,495.0,62.0,38.1706,1.0755775928497315,bmm
,58,58x170x264x250,13.0,480.0,62.0,30.99912000000001,0.986303985118866,bmm
,52,52x196x344x232,13.0,480.0,60.0,30.851240000000008,1.3159872055053712,bmm
,57,57x174x289x431,24.0,480.0,60.0,31.654800000000005,1.8636415958404542,bmm
,59,59x249x259x454,24.0,487.2,60.0,32.39856,2.2624768257141112,bmm
,40,40x250x284x336,24.0,660.0,60.0,29.200599999999994,1.0977216005325316,bmm
,51,51x205x424x543,24.0,660.0,59.0,30.925560000000015,2.7166463851928713,bmm
,63,63x232x457x648,39.0,748.2,59.48,34.78543999999999,2.874502420425415,bmm
,57,57x176x386x855,39.0,975.0,60.0,46.40060000000001,1.9769664049148559,bmm
,62,62x222x767x1,39.0,975.0,60.0,52.93583999999998,0.15429759919643402,bmm
,35,35x219x876x15,39.0,975.0,62.0,40.98272,0.3790335953235626,bmm
,56,56x199x922x27,39.0,975.0,62.0,42.21312000000002,0.5335551977157593,bmm
,44,44x163x564x49,39.0,975.0,62.0,43.14300000000002,0.1845504015684128,bmm
,57,57x168x766x46,29.76,975.0,62.0,41.69836000000001,0.3567103981971741,bmm
,36,36x193x765x39,28.0,975.0,62.0,43.089199999999984,0.3381887972354889,bmm
,42,42x146x825x94,28.0,975.0,62.0,42.49443999999998,0.5616895914077759,bmm
,57,57x205x676x82,28.0,975.0,62.0,43.88708000000001,0.6638207912445069,bmm
,41,41x137x891x116,28.0,975.0,62.6,45.14999999999999,0.5931071996688843,bmm
,33,33x208x766x207,28.0,975.0,63.0,45.85532,0.8552767992019653,bmm
,64,64x179x686x147,28.0,975.0,63.0,45.30964,0.8962176203727722,bmm
,35,35x177x818x176,28.0,975.0,63.32,48.48727999999999,0.6023231983184815,bmm
,33,33x249x936x421,19.0,705.0,64.0,42.06016,3.2510015964508057,bmm
,35,35x147x875x257,19.0,1065.0,64.0,42.08400000000002,1.2345215797424316,bmm
,33,33x141x804x262,19.0,1065.0,64.0,55.86595999999999,1.0695807933807373,bmm
,43,43x139x757x893,19.0,1065.0,64.12,55.18280000000001,3.006003189086914,bmm
,48,48x216x940x648,31.48,1065.0,65.0,60.97911999999999,3.9946879863739015,bmm
,38,38x201x740x593,32.0,1365.0,65.0,64.54907999999999,1.6813632249832153,bmm
,40,40x314x26x3,32.0,1365.0,68.0,69.50299999999999,0.02328319996595383,bmm
,36,36x327x13x6,32.0,1365.0,68.0,50.676,0.018534399941563605,bmm
,53,53x449x1x24,32.0,1365.0,68.0,50.26500000000001,0.010252799838781357,bmm
,54,54x283x26x48,32.0,1365.0,68.0,50.17100000000002,0.030937599763274194,bmm
,35,35x317x11x36,32.0,1365.0,68.0,50.266000000000005,0.01820160001516342,bmm
,44,44x457x3x36,32.0,1365.0,68.0,50.157999999999994,0.022265599668025972,bmm
,54,54x372x33x76,22.64,1365.0,68.0,50.24800000000002,0.06548479944467545,bmm
,40,40x509x32x71,19.0,1365.0,68.0,50.86599999999999,0.055372800678014755,bmm
,42,42x472x26x67,19.0,1365.0,68.0,50.87300000000002,0.056377599388360976,bmm
,64,64x305x21x237,19.0,1365.0,68.0,50.905080000000005,0.09008000046014786,bmm
,36,36x449x17x222,19.0,1365.0,68.0,51.92004,0.0796736016869545,bmm
,57,57x320x16x178,19.0,1365.0,68.0,51.44996000000001,0.05688960030674935,bmm
,33,33x308x12x340,19.0,1365.0,68.0,51.26520000000003,0.06138879954814911,bmm
,44,44x325x21x379,19.0,1365.0,68.0,51.34560000000001,0.10924159884452819,bmm
,48,48x350x2x305,19.0,1365.0,68.0,51.733120000000014,0.07986559718847275,bmm
,63,63x426x21x599,19.0,1365.0,68.0,53.050279999999994,0.2819519996643066,bmm
,51,51x382x14x671,7.0,570.0,68.0,51.30359999999998,0.46908159255981446,bmm
,52,52x501x2x966,7.0,541.2,67.0,44.33504000000002,0.6994432091712952,bmm
,63,63x409x36x9,7.0,540.0,67.0,43.33280000000001,0.11397760063409805,bmm
,33,33x277x48x26,7.0,510.0,67.0,40.82036000000001,0.05943680107593537,bmm
,37,37x388x65x28,7.0,498.0,66.72,40.49300000000002,0.11520639955997466,bmm
,39,39x323x39x43,7.0,480.0,66.0,40.69088000000001,0.07598719894886016,bmm
,52,52x511x52x44,7.0,450.0,66.0,40.50096,0.16678400039672853,bmm
,51,51x291x57x36,7.0,450.0,66.0,40.529839999999986,0.1172416016459465,bmm
,57,57x355x48x65,13.0,420.0,66.0,40.4604,0.2262015998363495,bmm
,53,53x439x53x122,13.0,419.4,66.0,40.743479999999984,0.2655999958515167,bmm
,50,50x259x33x71,13.0,405.0,66.0,36.21399999999998,0.16727679669857026,bmm
,44,44x388x52x195,13.0,382.2,66.0,28.952719999999996,0.481222403049469,bmm
,61,61x267x48x233,13.0,375.0,64.0,29.404919999999994,0.5280768036842346,bmm
,37,37x365x50x132,13.0,375.0,64.0,29.71412000000001,0.3185472011566162,bmm
,52,52x419x35x494,13.0,375.0,63.92,29.67736,1.239737582206726,bmm
,43,43x385x50x332,23.0,375.0,63.0,27.065839999999998,0.7177728056907654,bmm
,62,62x498x51x480,23.0,375.0,62.76,27.843399999999995,1.7748287916183472,bmm
,65,65x398x39x943,23.0,375.0,62.0,28.442479999999986,2.737785577774048,bmm
,61,61x355x33x906,29.76,375.0,61.0,28.653920000000003,2.189158391952515,bmm
,59,59x268x59x669,36.0,375.0,61.0,27.54036000000001,1.4695424079895019,bmm
,60,60x418x99x29,36.0,375.0,60.0,25.065360000000002,0.44362239837646483,bmm
,46,46x493x73x23,36.0,375.0,59.92,24.720119999999998,0.31026560068130493,bmm
,34,34x336x67x31,35.44,375.0,59.0,24.261799999999997,0.17249280214309692,bmm
,41,41x270x127x33,22.0,375.0,59.0,24.42424,0.2873151957988739,bmm
,60,60x412x123x35,22.0,375.0,59.0,25.52796000000001,1.4748863935470582,bmm
,61,61x377x77x43,22.0,375.0,58.68,24.239439999999995,0.9365695953369141,bmm
,49,49x279x104x112,23.32,376.8,58.0,25.092720000000018,1.0969664096832275,bmm
,61,61x315x106x115,33.0,400.8,58.0,25.499960000000005,1.5500991582870483,bmm
,63,63x407x68x94,33.0,412.2,58.0,24.437680000000004,1.319040012359619,bmm
,64,64x444x122x170,34.28,519.6,58.0,26.949519999999993,1.6949056148529054,bmm
,44,44x410x76x225,41.0,645.0,58.0,27.254399999999986,0.6026304006576538,bmm
,44,44x319x109x220,41.0,645.0,58.0,26.1946,0.5611840009689331,bmm
,37,37x403x77x373,41.0,645.0,57.0,26.37936,0.7726463913917542,bmm
,45,45x271x84x474,41.0,645.0,57.0,26.551360000000003,0.8367296099662781,bmm
,33,33x328x105x458,33.32,645.0,57.0,26.307519999999982,0.791046404838562,bmm
,64,64x440x67x609,29.0,645.0,57.0,28.83091999999999,2.188665580749512,bmm
,37,37x491x103x917,29.0,663.0,58.0,30.13016,2.2402559757232665,bmm
,54,54x439x85x700,29.0,795.0,58.0,31.293640000000003,2.2062143802642824,bmm
,50,50x404x194x26,34.12,795.0,58.0,27.798559999999984,0.548198401927948,bmm
,63,63x406x179x10,37.0,795.0,58.0,26.054920000000003,0.5825279951095581,bmm
,61,61x510x240x28,37.0,795.0,57.0,27.07956000000001,0.9098431944847107,bmm
,37,37x385x187x60,37.0,795.0,57.0,25.804959999999998,0.4407808005809784,bmm
,62,62x284x233x33,37.0,795.0,57.0,26.259840000000008,0.6079168081283569,bmm
,44,44x478x214x54,30.24,795.0,57.0,26.178760000000008,0.6926847934722901,bmm
,37,37x388x210x83,24.0,795.0,57.0,26.6896,0.5411264061927795,bmm
,44,44x347x141x112,24.0,766.2,57.0,26.892639999999997,0.47631360292434693,bmm
,56,56x349x225x79,24.0,744.0,57.0,27.126240000000017,0.7436479926109314,bmm
,61,61x476x130x173,24.0,780.0,57.0,26.584559999999996,1.0373887777328492,bmm
,63,63x375x220x232,27.0,780.0,57.0,28.93488000000001,1.42979838848114,bmm
,59,59x410x155x197,27.0,795.0,57.0,29.044800000000006,1.076140785217285,bmm
,59,59x322x215x384,27.0,795.0,57.0,29.527160000000013,1.6602240085601807,bmm
,53,53x395x183x403,27.0,795.0,57.0,29.663919999999997,1.801363205909729,bmm
,55,55x371x257x299,33.0,795.0,58.0,30.672560000000008,1.6813567876815796,bmm
,33,33x305x199x946,33.0,807.0,58.0,31.379800000000017,1.5187583923339845,bmm
,53,53x399x165x681,33.0,870.0,59.0,41.91892,1.8015167951583861,bmm
,44,44x468x227x812,33.0,879.6,59.0,50.30820000000001,2.6140607833862304,bmm
,55,55x271x315x26,33.0,990.0,59.08,51.301,0.2436287969350815,bmm
,51,51x280x392x6,34.92,990.0,61.0,46.52343999999998,0.2354880005121231,bmm
,52,52x339x276x10,35.0,990.0,61.0,46.29407999999999,0.21656320095062256,bmm
,49,49x336x287x46,35.0,990.0,61.0,46.07196,0.23344640135765077,bmm
,38,38x510x316x46,35.0,990.0,61.48,46.29120000000001,0.2569599986076355,bmm
,53,53x326x505x37,35.0,990.0,62.0,46.60400000000001,0.3863487958908081,bmm
,40,40x451x319x101,35.0,990.0,62.0,48.826440000000005,0.4642431974411011,bmm
,44,44x455x291x117,35.0,990.0,62.0,49.26964000000001,0.47325439453125,bmm
,50,50x440x475x114,35.0,990.0,62.0,49.4786,0.7458176136016845,bmm
,44,44x486x301x245,22.2,990.0,62.0,51.22423999999998,0.8870656013488769,bmm
,50,50x313x370x130,15.0,990.0,62.0,52.76827999999998,0.6405375957489013,bmm
,42,42x260x498x233,15.0,990.0,63.52,50.06936000000002,0.8860415935516357,bmm
,50,50x498x424x336,15.0,990.0,64.0,56.32583999999999,2.039852809906006,bmm
,55,55x272x417x356,15.0,973.2,64.0,56.068640000000016,1.4392256259918212,bmm
,34,34x294x269x410,15.0,955.2,65.0,50.21448000000001,0.7885183930397034,bmm
,41,41x275x346x600,15.0,930.0,65.0,47.60807999999998,1.5896000146865845,bmm
,48,48x463x264x839,28.0,962.4,65.44,51.65191999999999,2.588384008407593,bmm
,60,60x264x450x581,28.0,1155.0,66.0,58.82264000000001,2.385529613494873,bmm
,61,61x469x608x15,28.0,1155.0,66.68,53.02848000000001,0.6085824012756348,bmm
,50,50x411x983x32,28.0,1155.0,67.0,52.89692000000001,0.7275520086288452,bmm
,62,62x321x828x8,28.0,1155.0,67.0,53.66200000000001,0.6097792029380799,bmm
,43,43x399x681x56,27.12,1155.0,67.0,54.174839999999996,0.4457471966743469,bmm
,35,35x400x533x41,27.0,1155.0,67.0,52.94076000000001,0.2884224057197571,bmm
,62,62x347x635x55,27.0,1155.0,67.0,50.95175999999999,0.5162559986114502,bmm
,65,65x280x822x110,27.0,1155.0,67.0,54.05311999999998,0.9799871921539307,bmm
,36,36x258x572x67,27.0,1155.0,67.76,55.50900000000001,0.41701120138168335,bmm
,33,33x487x659x94,27.0,1155.0,68.0,51.65740000000001,0.6422144055366517,bmm
,51,51x382x967x132,27.0,1155.0,68.0,56.28040000000003,1.673414397239685,bmm
,59,59x291x641x135,26.8,1155.0,68.72,61.59587999999999,1.1281983852386475,bmm
,34,34x454x1002x238,22.0,930.0,69.0,56.191800000000015,2.2990976333618165,bmm
,47,47x511x598x299,22.0,945.0,69.0,54.39432,2.8788991928100587,bmm
,49,49x480x865x451,22.0,1210.2,69.0,63.11555999999996,3.704863929748535,bmm
,39,39x307x794x272,22.0,1575.0,71.28,71.304,1.2358783960342408,bmm
,53,53x433x738x767,35.68,1575.0,72.32,87.35468,4.2198528289794925,bmm
,40,40x268x827x929,40.0,1575.0,76.0,86.20944,3.38407039642334,bmm
,64,64x348x749x840,40.0,1824.0,79.96,127.95612000000003,4.393555068969727,bmm
,51,51x1018x30x1,37.2,1799.4,87.0,85.35428000000003,0.024499200657010077,bmm
,61,61x660x16x13,33.0,1775.4,82.68,69.49299999999995,0.0334016002714634,bmm
,60,60x718x1x8,33.0,1860.0,81.0,69.64899999999996,0.010617600008845329,bmm
,57,57x536x33x43,33.0,1860.0,81.0,76.34200000000004,0.045235200226306914,bmm
,40,40x705x10x49,33.0,1860.0,81.0,78.27399999999996,0.026361599937081336,bmm
,46,46x549x19x49,33.0,1860.0,81.24,77.65799999999996,0.027302400022745133,bmm
,39,39x794x33x92,33.0,1860.0,82.0,77.78099999999996,0.06966400146484375,bmm
,64,64x974x17x69,33.0,1860.0,82.0,79.68900000000002,0.09852800071239472,bmm
,40,40x600x31x114,33.0,1860.0,82.0,80.91900000000004,0.05119999870657921,bmm
,55,55x581x23x237,8.64,1860.0,82.0,79.39799999999997,0.10815359801054,bmm
,62,62x1006x22x140,4.0,1839.0,82.0,82.51360000000003,0.15697280466556549,bmm
,63,63x906x28x185,4.0,1838.4,82.0,80.40264000000002,0.1749376028776169,bmm
,33,33x996x9x261,4.0,1860.0,82.0,80.69272000000005,0.12682879865169525,bmm
,45,45x514x4x261,4.0,1857.6,82.0,81.17484000000002,0.07908480167388916,bmm
,61,61x993x7x475,4.0,1258.2,83.0,78.15180000000004,0.33088000416755675,bmm
,51,51x785x2x530,4.0,675.0,83.0,56.952920000000034,0.5600767970085144,bmm
,33,33x982x2x883,4.0,645.0,83.0,45.68100000000001,0.6581440091133117,bmm
,42,42x942x1x544,11.36,632.4,76.56,44.100999999999985,0.4295359969139099,bmm
,46,46x879x64x6,12.0,585.0,76.0,43.85116000000002,0.19939199984073638,bmm
,38,38x1019x41x27,12.0,585.0,76.0,43.16619999999998,0.16126079559326173,bmm
,34,34x913x36x6,12.0,540.0,73.0,42.83052,0.12821760177612304,bmm
,48,48x840x59x46,12.0,531.6,73.0,42.55499999999998,0.2357632040977478,bmm
,47,47x856x50x37,12.0,510.0,73.0,43.442,0.2186112016439438,bmm
,65,65x597x41x41,12.0,486.0,71.4,42.181040000000024,0.1974975973367691,bmm
,33,33x956x64x90,10.08,456.0,71.0,39.17951999999999,0.343724799156189,bmm
,60,60x1003x39x128,10.0,420.0,70.76,30.935999999999986,1.0388736248016357,bmm
,44,44x948x60x120,10.0,420.0,68.0,30.516599999999997,0.8196992039680481,bmm
,41,41x844x54x251,10.0,410.4,68.0,30.673399999999987,1.09923198223114,bmm
,40,40x964x39x228,10.0,394.2,67.0,30.684839999999994,1.0629184007644654,bmm
,56,56x557x33x176,24.96,390.0,67.0,27.828039999999987,0.6977791905403137,bmm
,54,54x526x37x457,27.0,382.8,64.0,27.061599999999995,1.5043327808380127,bmm
,57,57x685x35x263,27.0,375.0,63.88,27.366399999999988,1.2180991888046264,bmm
,53,53x1019x38x398,28.68,403.8,63.0,28.53872,2.431321620941162,bmm
,54,54x580x50x902,33.0,495.0,62.04,29.981200000000005,3.1922367572784425,bmm
,52,52x833x48x670,33.0,636.0,62.0,30.884160000000005,3.2077120304107667,bmm
,54,54x545x55x537,33.0,720.0,62.0,30.51491999999999,1.9048256158828736,bmm
,45,45x559x124x29,41.0,720.0,61.44,28.550399999999996,0.46353920102119445,bmm
,35,35x648x65x20,41.0,720.0,61.0,25.881640000000008,0.23919999599456787,bmm
,45,45x593x77x8,41.0,720.0,61.0,24.86528,0.2918016016483307,bmm
,40,40x565x111x64,41.0,720.0,60.0,26.01975999999999,0.465747195482254,bmm
,52,52x865x110x53,41.0,720.0,60.0,26.314400000000006,0.8069504022598266,bmm
,41,41x601x105x63,19.0,720.0,59.0,25.22056,0.4830336034297943,bmm
,36,36x947x94x75,19.0,648.6,59.0,25.594000000000005,0.6178176045417786,bmm
,61,61x746x77x87,19.0,453.0,59.0,25.50468000000002,2.3358272552490233,bmm
,35,35x661x87x95,22.24,450.0,58.24,25.03444,1.3738624095916747,bmm
,51,51x777x89x150,28.0,507.0,58.0,26.95151999999999,2.628985548019409,bmm
,42,42x630x124x161,28.0,570.0,58.0,26.746439999999993,1.1731775999069214,bmm
,39,39x765x115x148,28.0,750.0,58.0,26.958320000000008,0.865555202960968,bmm
,38,38x895x90x285,36.36,750.0,58.0,27.98507999999999,1.3968768119812012,bmm
,43,43x836x129x461,39.0,750.0,58.0,31.939880000000013,2.4537023544311523,bmm
,60,60x611x70x295,39.0,795.0,58.0,29.91751999999999,1.4718528032302856,bmm
,42,42x515x77x753,39.0,795.0,58.0,30.221759999999996,2.0544447898864746,bmm
,48,48x902x66x990,39.88,971.4,58.0,37.661200000000015,1.9955967903137206,bmm
,33,33x980x79x957,40.0,1005.0,60.0,56.03516000000003,1.541657567024231,bmm
,56,56x778x222x27,40.0,1005.0,60.0,52.33476000000002,0.4029248058795929,bmm
,65,65x1025x235x10,40.0,1005.0,60.0,48.698,0.5871743798255921,bmm
,39,39x713x251x19,40.0,1005.0,61.2,50.15759999999998,0.30299519896507265,bmm
,33,33x816x157x37,40.0,1005.0,62.0,46.4116,0.1875456005334854,bmm
,63,63x540x193x57,40.0,1005.0,62.0,46.42619999999999,0.2937600016593933,bmm
,47,47x593x217x44,30.76,1005.0,62.0,47.48636000000001,0.27576959133148193,bmm
,38,38x975x172x81,19.0,1005.0,62.0,47.66283999999999,0.45665920376777647,bmm
,63,63x804x243x72,19.0,1005.0,62.0,49.57472,0.8530943989753723,bmm
,37,37x1017x183x105,19.0,1005.0,62.0,50.461999999999996,0.48120959997177126,bmm
,59,59x736x253x147,19.0,1005.0,62.96,51.7638,1.2104896068573,bmm
,40,40x911x185x178,19.0,880.8,63.0,46.342840000000024,0.8119487881660461,bmm
,56,56x853x257x186,19.48,660.0,63.8,46.26219999999999,2.093542385101318,bmm
,44,44x843x146x387,20.0,674.4,64.0,48.64912000000003,2.233676815032959,bmm
,49,49x838x188x305,20.0,709.2,64.0,48.947439999999986,2.2725823402404783,bmm
,35,35x693x156x492,20.0,720.0,64.0,49.594759999999994,1.4577279806137085,bmm
,41,41x636x251x744,20.0,732.0,64.0,48.38808,3.397644805908203,bmm
,53,53x828x132x609,36.0,780.0,64.0,47.859519999999996,2.553036832809448,bmm
,59,59x872x152x633,36.0,885.0,64.48,51.34860000000003,2.9456640243530274,bmm
,35,35x840x416x9,36.0,1095.0,66.0,51.55848,0.4510208070278168,bmm
,44,44x549x346x16,36.0,1095.0,66.0,50.38368,0.2993279993534088,bmm
,34,34x749x413x9,36.0,1095.0,66.0,49.548,0.35409279465675353,bmm
,49,49x726x498x56,36.0,1095.0,66.0,51.50120000000002,0.6579200029373169,bmm
,34,34x973x394x46,35.16,1095.0,66.0,52.943479999999994,0.49067520499229433,bmm
,63,63x927x425x35,29.0,1095.0,66.0,51.47020000000001,0.8671039819717408,bmm
,60,60x973x389x123,29.0,1095.0,66.68,58.560200000000016,1.4377344131469727,bmm
,39,39x857x457x126,29.0,1095.0,67.0,57.28507999999997,0.9907135963439941,bmm
,46,46x803x363x112,29.0,1095.0,67.0,56.54580000000003,0.8449599981307984,bmm
,44,44x958x293x249,29.0,1095.0,67.72,55.40932,1.4828416109085083,bmm
,65,65x586x467x192,29.0,1095.0,68.0,59.15320000000001,1.8338879823684693,bmm
,54,54x599x363x129,27.16,1095.0,68.0,62.768719999999995,1.1947199821472168,bmm
,60,60x733x386x412,27.0,1062.6,69.0,58.447279999999985,4.191692733764649,bmm
,38,38x1001x281x486,27.0,1086.0,69.28,65.52931999999998,2.526739168167114,bmm
,53,53x555x507x510,27.0,1194.6,70.0,63.989760000000004,3.2501567363739015,bmm
,63,63x911x495x942,36.0,1575.0,72.0,103.80847999999997,8.470444679260254,bmm
,38,38x590x419x995,36.0,1843.2,81.0,113.82600000000001,2.8434303760528565,bmm
,49,49x864x382x854,36.0,1675.8,81.0,128.14476000000002,4.471974468231201,bmm
,37,37x574x764x20,54.0,1838.4,85.0,95.18260000000002,0.5003135979175568,bmm
,60,60x591x832x20,54.0,1680.0,85.0,89.97144000000002,0.7577344059944153,bmm
,41,41x890x926x22,54.0,1680.0,85.0,84.58895999999999,1.0132351875305177,bmm
,63,63x760x945x44,54.0,1686.0,83.56,84.85599999999998,1.4200000047683716,bmm
,46,46x605x772x62,54.0,1684.8,83.0,92.169,0.7118144035339355,bmm
,47,47x1005x744x55,54.0,1809.6,83.0,79.37052000000001,1.0740992069244384,bmm
,55,55x895x713x99,54.0,1860.0,85.4,115.56459999999996,1.251423978805542,bmm
,54,54x882x626x113,23.0,1851.6,87.0,122.11199999999997,1.1094079971313477,bmm
,49,49x643x690x104,23.0,1515.0,87.0,118.64439999999996,0.9897471785545349,bmm
,51,51x924x603x179,23.0,1597.8,85.96,87.63387999999998,1.8289407968521119,bmm
,61,61x964x603x154,23.0,1675.2,85.0,97.96304000000005,2.2865920066833496,bmm
,42,42x929x786x216,23.0,1639.2,85.32,106.26204000000001,2.359174346923828,bmm
,49,49x650x639x464,29.16,1604.4,86.0,103.18551999999995,3.4852927684783936,bmm
,38,38x516x524x433,34.0,1650.6,86.0,100.95360000000001,1.735104012489319,bmm
,64,64x644x773x354,34.0,1578.0,86.0,106.22044000000001,4.0883136749267575,bmm
,51,51x542x690x699,34.0,1567.8,86.08,113.70404000000002,4.65851526260376,bmm
,58,58x778x722x549,41.2,1471.2,88.0,111.80908000000004,7.328185653686523,bmm
,57,57x566x939x644,52.0,1527.0,87.16,115.11848000000008,7.268614387512207,bmm
,107,107x8x17x21,52.0,1795.2,87.0,105.09152000000003,0.0060928001068532465,bmm
,76,76x27x31x14,52.0,1680.0,85.68,67.88083999999998,0.012441599927842616,bmm
,85,85x11x1x8,52.0,1680.0,84.0,65.85499999999998,0.004000000096857548,bmm
,67,67x26x18x53,52.0,1680.0,84.0,64.46660000000003,0.010239999741315842,bmm
,107,107x11x33x64,48.64,1737.6,84.0,64.54676000000003,0.00794879999011755,bmm
,107,107x15x18x59,31.0,1860.0,83.68,72.96524000000004,0.008979200012981891,bmm
,88,88x4x8x115,31.0,1807.2,83.0,77.00532000000004,0.005139199923723936,bmm
,117,117x4x17x120,31.0,1774.8,83.0,70.30600000000003,0.0069183998741209505,bmm
,116,116x26x32x78,31.0,1860.0,83.0,69.55999999999996,0.013100799918174744,bmm
,128,128x9x4x214,31.0,1860.0,83.0,75.625,0.012256000190973282,bmm
,106,106x14x16x134,31.0,1774.8,83.0,77.41699999999997,0.014419200085103511,bmm
,101,101x26x1x243,31.0,1778.4,83.0,70.61799999999995,0.009625600092113018,bmm
,104,104x11x22x362,31.0,1860.0,83.0,69.60100000000004,0.033030399680137636,bmm
,67,67x24x21x412,31.0,1860.0,83.0,75.85899999999997,0.02227199971675873,bmm
,116,116x16x20x314,3.0,1860.0,83.0,77.70699999999995,0.04475519955158234,bmm
,98,98x16x5x781,3.0,1860.0,83.0,78.79700000000001,0.07001599967479706,bmm
,77,77x26x22x896,3.0,855.6,83.0,77.09344000000003,0.04472960084676743,bmm
,117,117x26x3x672,3.0,555.0,83.0,57.033919999999995,0.10442879796028137,bmm
,121,121x7x49x32,3.0,511.8,77.0,42.53300000000001,0.019289599731564522,bmm
,68,68x13x57x7,3.0,484.8,77.0,42.297799999999995,0.020582399889826776,bmm
,105,105x21x39x26,3.0,480.0,77.0,42.34931999999999,0.04350079968571663,bmm
,70,70x32x36x62,3.0,450.0,77.0,42.28967999999999,0.04312960058450699,bmm
,104,104x11x64x52,3.0,450.0,73.0,42.112959999999994,0.03155199959874153,bmm
,111,111x28x56x42,8.0,420.0,73.0,41.97395999999999,0.05808000043034554,bmm
,76,76x9x41x90,8.0,390.0,73.0,41.958719999999985,0.03139840066432953,bmm
,98,98x18x57x112,8.0,390.0,71.96,41.77364000000002,0.069964799284935,bmm
,108,108x10x36x91,8.0,375.0,71.0,36.03164000000002,0.041964799910783765,bmm
,96,96x13x48x211,8.0,375.0,71.0,28.307000000000006,0.16077440083026887,bmm
,126,126x3x33x236,8.0,375.0,71.0,28.578999999999986,0.07651199847459793,bmm
,128,128x10x35x201,8.0,375.0,69.16,28.40239999999999,0.15787519812583922,bmm
,124,124x20x39x299,8.4,375.0,69.0,28.641319999999997,0.25303680300712583,bmm
,71,71x8x37x448,13.0,375.0,68.16,28.191000000000017,0.19624319970607756,bmm
,82,82x22x43x462,13.0,375.0,66.0,27.941640000000003,0.2670783996582031,bmm
,94,94x33x52x709,13.0,375.0,66.0,26.309880000000007,0.5744384050369262,bmm
,68,68x11x38x824,13.0,375.0,64.0,25.77368,0.34005759954452514,bmm
,75,75x32x34x709,17.0,375.0,64.0,26.078800000000005,0.3462720036506653,bmm
,94,94x21x91x16,18.0,375.0,63.16,24.89451999999999,0.09487359970808029,bmm
,123,123x15x75x31,18.0,375.0,63.0,23.730079999999994,0.06150399968028068,bmm
,70,70x20x121x14,18.0,375.0,61.24,23.473639999999993,0.11680000275373459,bmm
,78,78x7x71x63,17.8,375.0,61.0,23.250200000000017,0.03139840103685856,bmm
,91,91x19x129x54,17.0,375.0,60.0,23.387159999999994,0.3034559965133667,bmm
,81,81x27x125x35,17.0,375.0,60.0,23.412119999999994,0.14105600118637085,bmm
,73,73x6x72x121,17.0,375.0,59.08,23.49912,0.13089919984340667,bmm
,71,71x10x92x94,17.0,375.0,59.0,22.75148000000001,0.17171199917793273,bmm
,115,115x21x82x104,18.92,375.0,58.08,23.679960000000005,0.49022080302238463,bmm
,78,78x8x66x194,20.0,375.0,58.0,23.693520000000003,0.38521599769592285,bmm
,119,119x29x115x136,20.0,399.0,58.0,26.370359999999994,0.8434880018234253,bmm
,125,125x31x85x256,20.0,450.0,58.0,24.372679999999995,1.1430528163909912,bmm
,95,95x13x88x260,33.0,450.0,58.0,23.808960000000003,0.7446208119392395,bmm
,75,75x32x111x409,33.0,601.2,57.08,27.100880000000007,0.46993919610977175,bmm
,77,77x23x86x464,33.0,660.0,57.0,25.11168,0.40692479610443116,bmm
,83,83x16x92x920,33.0,660.0,57.0,26.23363999999999,0.861843204498291,bmm
,77,77x30x65x610,32.0,660.0,57.0,25.093919999999997,0.44698240160942077,bmm
,81,81x16x94x665,32.0,660.0,57.0,24.898360000000007,0.6459520101547241,bmm
,121,121x6x201x11,32.0,660.0,57.0,24.335000000000008,0.03115519993007183,bmm
,75,75x16x146x12,32.0,660.0,56.68,24.170199999999987,0.028947200253605844,bmm
,128,128x11x225x24,32.0,660.0,56.0,23.673520000000007,0.13677440136671065,bmm
,118,118x4x136x36,15.0,660.0,56.0,24.234239999999986,0.045081599801778796,bmm
,111,111x17x168x35,15.0,409.2,56.0,23.694000000000003,0.1901311993598938,bmm
,88,88x26x208x37,15.0,375.0,56.0,23.663960000000003,0.5019840180873871,bmm
,85,85x16x211x118,15.0,375.0,55.04,23.917600000000007,0.7151232123374939,bmm
,66,66x3x180x83,18.96,375.0,55.04,23.762359999999994,0.34396159648895264,bmm
,105,105x17x142x101,24.0,375.0,56.0,24.097480000000015,0.6098944067955017,bmm
,67,67x18x210x183,24.0,375.0,55.6,24.04663999999999,0.8777408003807068,bmm
,100,100x22x192x182,24.0,417.0,55.0,25.856320000000018,1.241811203956604,bmm
,72,72x16x187x217,31.92,450.0,55.0,24.230679999999996,0.923744010925293,bmm
,128,128x4x197x283,33.0,450.0,55.0,24.830080000000006,1.8001280069351195,bmm
,69,69x32x148x303,33.0,458.4,55.0,25.543919999999993,1.236396813392639,bmm
,115,115x28x188x345,37.2,668.4,55.0,27.486519999999995,0.9147392034530639,bmm
,65,65x30x240x587,38.0,690.0,55.12,27.301159999999996,1.0575488090515137,bmm
,119,119x2x139x551,38.0,690.0,56.0,26.57252,0.9018687963485718,bmm
,79,79x25x191x629,38.0,690.0,56.0,26.33620000000001,1.0903807640075684,bmm
,87,87x3x263x31,31.4,690.0,56.0,24.606519999999996,0.07142399996519089,bmm
,93,93x2x370x4,27.0,690.0,55.84,23.40932,0.018547200411558152,bmm
,120,120x25x470x29,27.0,690.0,55.0,24.4692,0.3498304009437561,bmm
,96,96x6x281x61,27.0,690.0,55.0,24.76752000000001,0.20567040145397186,bmm
,90,90x7x450x64,27.0,669.6,55.0,25.202799999999996,0.2982335925102234,bmm
,102,102x22x421x34,23.0,435.0,55.0,24.604400000000002,0.7653247952461243,bmm
,77,77x26x366x66,17.0,427.2,55.0,24.726879999999998,0.8059263944625854,bmm
,100,100x7x481x117,17.0,420.0,55.0,24.701439999999995,1.4837759971618651,bmm
,106,106x26x285x65,17.0,405.0,55.0,24.325000000000003,0.8681983828544617,bmm
,112,112x3x391x155,25.64,426.6,55.0,25.25560000000001,1.6958592176437377,bmm
,127,127x3x452x178,35.0,486.6,55.0,25.993679999999998,2.4762176513671874,bmm
,97,97x26x354x147,35.0,555.0,55.0,24.858280000000004,1.8051967859268188,bmm
,98,98x8x384x466,43.0,851.4,55.0,29.39948000000001,0.3024128019809723,bmm
,117,117x14x405x289,45.0,945.0,55.0,37.0618,0.35420801043510436,bmm
,85,85x21x316x484,45.0,945.0,55.0,39.725000000000016,0.336243200302124,bmm
,92,92x5x268x715,45.0,945.0,57.0,41.3586,0.2575103998184204,bmm
,68,68x15x366x973,45.0,945.0,57.0,42.36684,0.7901311993598938,bmm
,114,114x2x371x684,45.0,945.0,57.0,43.831800000000015,0.3956480026245117,bmm
,102,102x27x609x11,45.0,945.0,57.08,41.47199999999999,0.18545279800891876,bmm
,97,97x5x991x1,45.0,945.0,59.0,38.93100000000001,0.011814399994909764,bmm
,90,90x3x967x7,21.44,945.0,59.0,37.409,0.02714240029454231,bmm
,107,107x28x971x50,14.0,945.0,59.0,37.649999999999984,0.29295359253883363,bmm
,65,65x4x831x44,14.0,945.0,59.0,40.81899999999999,0.04515840038657189,bmm
,129,129x32x668x45,14.0,945.0,59.0,38.19399999999999,0.21090559661388397,bmm
,114,114x29x547x120,14.0,945.0,59.0,40.486,0.22752000093460084,bmm
,89,89x24x782x115,14.0,945.0,59.0,40.867239999999995,0.24641279876232147,bmm
,77,77x26x920x84,14.0,945.0,59.0,40.675560000000026,0.26177279353141786,bmm
,119,119x5x938x147,14.0,945.0,60.0,40.32535999999998,0.2584384024143219,bmm
,126,126x9x714x184,14.0,483.0,60.0,36.198999999999984,0.5261632084846497,bmm
,82,82x9x534x234,14.0,540.0,60.0,36.83703999999998,0.3383872091770172,bmm
,95,95x28x706x419,14.0,510.0,60.0,41.61531999999999,1.5708224058151246,bmm
,123,123x7x692x451,14.0,510.0,60.0,44.69760000000002,1.1197824001312255,bmm
,129,129x8x631x295,14.0,502.2,60.56,45.02600000000001,0.7205824017524719,bmm
,114,114x11x1006x1003,14.0,506.4,61.0,51.281359999999985,3.9226816177368162,bmm
,67,67x14x662x707,33.0,567.6,62.0,41.23295999999999,1.1621824026107788,bmm
,109,109x5x662x773,33.0,570.0,62.0,43.24159999999999,0.8300544142723083,bmm
,120,120x39x7x11,33.0,570.0,62.0,47.73600000000001,0.022668800503015517,bmm
,124,124x47x11x8,33.0,570.0,62.0,37.632799999999996,0.026982400193810464,bmm
,65,65x37x29x2,33.0,570.0,62.0,37.55524,0.030713599920272828,bmm
,107,107x38x2x34,33.0,570.0,62.0,37.3236,0.022515200078487396,bmm
,66,66x61x9x41,33.0,570.0,62.0,37.436760000000014,0.023097600042819976,bmm
,83,83x34x8x59,22.6,570.0,61.2,37.27220000000002,0.020320000126957893,bmm
,73,73x34x25x77,13.0,570.0,61.0,37.322,0.043705599009990694,bmm
,83,83x59x11x65,13.0,570.0,61.0,37.34199999999999,0.033247999101877215,bmm
,112,112x43x16x85,13.0,570.0,61.0,37.43499999999998,0.03898239955306053,bmm
,108,108x45x24x140,13.0,570.0,61.0,37.57899999999998,0.06581120193004608,bmm
,121,121x50x2x189,13.0,570.0,61.0,37.69299999999999,0.049030400812625885,bmm
,88,88x35x21x219,13.0,570.0,61.0,37.73900000000001,0.06806400120258331,bmm
,121,121x49x21x310,13.0,570.0,61.0,37.72631999999999,0.11939840018749237,bmm
,65,65x65x13x396,13.0,375.0,61.0,37.987079999999985,0.21646720170974731,bmm
,78,78x54x26x281,11.88,375.0,61.0,37.83592000000001,0.13091200292110444,bmm
,65,65x63x16x1021,9.0,375.0,61.0,37.88956,0.2091392010450363,bmm
,108,108x51x15x817,9.0,375.0,61.0,38.659999999999975,0.3052608072757721,bmm
,122,122x65x15x1021,9.0,375.0,62.0,39.93563999999999,0.7948607921600341,bmm
,114,114x39x45x21,9.0,375.0,62.0,39.263320000000014,0.06147199869155884,bmm
,117,117x54x41x22,9.0,375.0,62.0,37.514,0.06168319955468178,bmm
,84,84x49x36x13,9.0,375.0,61.36,32.28036,0.054611200094223024,bmm
,122,122x35x42x35,9.0,375.0,61.0,27.8556,0.06425600051879883,bmm
,78,78x48x38x42,9.24,375.0,61.0,27.827759999999998,0.05502079948782921,bmm
,101,101x59x55x48,15.0,375.0,61.0,27.85272000000001,0.06750719994306564,bmm
,127,127x52x46x94,15.0,375.0,60.32,27.98364,0.13591680228710173,bmm
,88,88x44x42x72,15.0,375.0,60.0,28.130999999999986,0.0858495995402336,bmm
,72,72x46x46x97,15.0,375.0,60.0,27.517000000000003,0.08712960034608841,bmm
,83,83x40x33x215,15.0,375.0,59.56,24.159240000000008,0.1499776005744934,bmm
,123,123x36x53x202,15.0,375.0,59.0,24.021639999999994,0.2688127994537354,bmm
,98,98x59x59x222,15.6,375.0,58.8,24.21828,0.297708797454834,bmm
,111,111x62x46x488,16.0,375.0,58.0,25.00579999999999,0.5944831967353821,bmm
,76,76x42x65x513,16.0,375.0,58.0,24.485199999999995,0.46609280705451966,bmm
,108,108x45x64x295,16.0,375.0,58.0,24.779919999999994,1.1001023769378662,bmm
,124,124x45x40x691,22.72,375.0,57.16,24.65739999999999,2.077695941925049,bmm
,125,125x33x65x922,30.0,388.8,57.0,25.49852,3.3422272205352783,bmm
,112,112x61x57x976,30.0,493.2,57.0,26.508720000000004,3.6590079784393312,bmm
,68,68x44x66x24,40.0,540.0,57.0,24.423920000000013,0.055052799731493,bmm
,123,123x54x94x28,40.0,540.0,56.12,23.28064000000001,0.37232000231742857,bmm
,109,109x46x121x19,40.0,540.0,56.0,23.921560000000003,0.308652800321579,bmm
,108,108x64x76x62,40.0,540.0,56.0,24.132320000000004,0.4462400019168854,bmm
,101,101x35x110x61,35.8,540.0,56.0,23.96944000000001,0.4387328028678894,bmm
,76,76x36x112x37,25.0,540.0,56.0,23.22808,0.12557439953088761,bmm
,90,90x50x66x70,25.0,540.0,56.0,22.655839999999998,0.26667520403862,bmm
,73,73x51x125x97,25.0,426.0,55.0,23.4228,0.5719488024711609,bmm
,120,120x38x123x88,24.4,375.6,55.0,23.921839999999996,0.6800127983093261,bmm
,100,100x54x98x244,20.0,375.0,55.0,24.576000000000004,1.2116095781326295,bmm
,91,91x49x113x192,20.0,375.0,55.0,24.391679999999994,0.9040192008018494,bmm
,82,82x41x95x144,20.0,375.0,55.0,25.135879999999993,0.6110655903816223,bmm
,96,96x36x92x482,24.48,396.6,55.0,24.805719999999997,1.8695039987564086,bmm
,66,66x64x88x506,36.0,465.0,55.0,25.09584,1.5670399904251098,bmm
,68,68x43x87x430,36.0,465.0,55.0,24.656039999999994,1.1998784065246582,bmm
,107,107x42x70x761,36.0,523.8,55.0,26.011999999999997,2.7938176155090333,bmm
,126,126x57x82x950,41.0,960.6,55.76,30.828359999999986,0.3939584016799927,bmm
,75,75x33x117x699,41.0,1095.0,56.0,41.7972,0.23511040210723877,bmm
,97,97x54x183x22,41.0,1095.0,56.0,45.67116,0.058534400165081026,bmm
,84,84x54x216x22,41.0,1095.0,56.0,44.68151999999999,0.06481919884681701,bmm
,123,123x47x229x22,41.0,1095.0,58.0,44.656560000000006,0.07396479994058609,bmm
,124,124x61x136x33,41.0,1095.0,58.0,45.00352000000001,0.04979200065135956,bmm
,75,75x41x141x47,41.0,1095.0,58.0,44.816000000000024,0.04710400104522705,bmm
,74,74x35x133x40,23.36,1095.0,58.0,44.52499999999999,0.04430079981684685,bmm
,105,105x57x222x120,20.0,1095.0,59.0,44.678999999999995,0.12938239574432372,bmm
,121,121x40x205x111,20.0,1095.0,59.0,44.861000000000004,0.12410879880189896,bmm
,77,77x37x176x76,20.0,1095.0,59.0,45.60212000000001,0.07827840000391006,bmm
,68,68x65x165x205,20.0,1095.0,59.76,45.67560000000001,0.201664000749588,bmm
,97,97x38x174x151,20.0,1095.0,60.0,46.31176000000001,0.12943359911441804,bmm
,103,103x59x131x151,20.0,1095.0,60.0,46.13539999999999,0.11237760037183761,bmm
,118,118x38x176x509,20.0,1095.0,60.0,46.817200000000014,0.3321024000644684,bmm
,104,104x35x170x282,11.68,799.8,60.84,48.17532000000001,0.20261119902133942,bmm
,91,91x39x242x334,7.0,480.0,61.0,33.51000000000002,0.6476992011070252,bmm
,69,69x53x136x627,7.0,480.0,61.0,34.75199999999998,0.4545920014381409,bmm
,72,72x64x245x868,7.0,450.0,61.0,41.94708000000001,1.1524927854537963,bmm
,72,72x53x241x544,7.0,450.0,61.0,42.43176,0.8465151906013488,bmm
,96,96x46x493x4,7.0,450.0,61.0,41.62159999999998,0.3137408018112183,bmm
,92,92x34x464x22,7.0,420.0,61.0,35.621599999999994,0.33135359883308413,bmm
,100,100x55x418x8,17.88,412.2,61.0,28.494000000000018,0.3145536005496979,bmm
,95,95x34x273x49,23.0,405.0,61.0,28.734599999999983,0.2666368007659912,bmm
,76,76x41x276x58,23.0,390.0,60.52,28.391760000000005,0.2717695951461792,bmm
,78,78x40x394x49,23.0,381.6,59.0,27.67304,0.36449919939041137,bmm
,68,68x45x449x74,23.0,375.0,59.0,24.578400000000002,0.44655999541282654,bmm
,129,129x49x375x128,23.0,375.0,58.0,25.525800000000007,0.8987584114074707,bmm
,65,65x38x304x117,21.08,375.0,58.0,25.208840000000006,0.37095680832862854,bmm
,106,106x61x267x178,21.0,375.0,58.0,25.8258,0.8886272072792053,bmm
,89,89x63x494x137,21.0,379.8,58.0,26.763399999999983,1.2554944038391114,bmm
,82,82x38x500x219,21.0,405.0,57.0,25.823719999999994,1.1560191869735719,bmm
,101,101x53x351x376,31.12,405.0,57.0,27.510720000000003,1.6991488218307496,bmm
,78,78x41x402x429,32.0,405.0,57.0,27.66552000000001,1.67434241771698,bmm
,92,92x63x343x498,32.0,405.0,57.08,28.270559999999993,2.0570176601409913,bmm
,81,81x37x496x551,33.92,485.4,58.0,28.800879999999996,2.53753604888916,bmm
,129,129x48x287x981,44.0,801.0,57.0,33.960400000000014,1.492793607711792,bmm
,125,125x40x332x861,44.0,825.0,57.0,45.61967999999999,1.4349760055541991,bmm
,83,83x60x882x14,44.0,825.0,57.96,47.30547999999999,0.30202879309654235,bmm
,70,70x48x1012x4,44.0,825.0,60.0,39.52720000000002,0.3399807929992676,bmm
,117,117x44x932x23,44.0,825.0,60.0,39.515679999999996,0.3225279986858368,bmm
,85,85x65x618x61,44.0,825.0,60.0,40.590000000000025,0.3189247965812683,bmm
,93,93x36x734x41,26.4,825.0,60.0,40.835000000000015,0.2526207983493805,bmm
,76,76x60x864x42,24.0,825.0,60.0,39.97799999999998,0.295007997751236,bmm
,117,117x46x711x82,24.0,825.0,60.0,40.70060000000001,0.46897279024124144,bmm
,88,88x54x725x78,24.0,825.0,60.0,41.07996,0.3664512038230896,bmm
,89,89x47x714x80,24.0,825.0,61.0,40.68860000000002,0.36110720038414,bmm
,126,126x59x907x133,24.0,825.0,61.0,41.35512000000001,0.916595208644867,bmm
,106,106x46x661x244,24.0,825.0,61.0,44.85583999999997,0.7580991983413696,bmm
,95,95x43x609x224,24.0,825.0,61.76,42.96900000000002,0.6101888060569763,bmm
,103,103x64x940x498,19.0,580.2,62.0,48.41799999999999,2.497811198234558,bmm
,84,84x39x846x437,19.0,656.4,62.0,41.60172000000001,1.7061375856399537,bmm
,111,111x60x889x358,19.0,660.0,62.0,48.396600000000014,1.8100927829742433,bmm
,86,86x55x912x985,19.0,744.0,63.2,52.52919999999999,2.9063743591308593,bmm
,66,66x52x954x918,29.92,889.8,64.0,51.69195999999999,2.226828765869141,bmm
,72,72x34x715x1020,40.0,915.0,64.32,50.218600000000016,1.7776447772979735,bmm
,92,92x94x29x4,40.0,915.0,65.0,53.47299999999998,0.033830399811267856,bmm
,95,95x121x18x16,40.0,915.0,65.0,39.80700000000001,0.02977920025587082,bmm
,114,114x100x26x11,40.0,915.0,65.0,39.51499999999999,0.036396799981594084,bmm
,129,129x122x5x33,40.0,915.0,65.0,39.140999999999984,0.02671999968588352,bmm
,100,100x123x28x40,40.0,915.0,63.0,39.301000000000016,0.035334400832653046,bmm
,70,70x103x8x53,40.0,915.0,63.0,39.30700000000001,0.018432000651955605,bmm
,108,108x126x13x66,40.0,915.0,63.0,38.99799999999999,0.044038400053977966,bmm
,116,116x112x3x110,14.0,915.0,63.0,39.182159999999996,0.036851201206445694,bmm
,91,91x85x24x67,14.0,915.0,63.0,39.227799999999995,0.04364160001277924,bmm
,70,70x71x14x251,14.0,915.0,63.0,39.13035999999998,0.055488000810146335,bmm
,81,81x69x15x144,14.0,915.0,63.0,39.09095999999998,0.061427198350429535,bmm
,94,94x93x13x144,14.0,915.0,63.0,38.95400000000002,0.0691648006439209,bmm
,114,114x78x26x281,14.0,915.0,63.0,39.26872000000001,0.16895359754562378,bmm
,66,66x97x17x465,14.0,915.0,63.0,39.677000000000014,0.10696320086717606,bmm
,107,107x129x3x468,14.0,663.0,63.0,40.152000000000015,0.18440319895744323,bmm
,67,67x102x23x978,12.92,386.4,62.8,31.25936,0.8249216079711914,bmm
,128,128x82x26x639,11.0,375.0,62.0,29.962040000000012,0.8870463967323303,bmm
,120,120x66x13x828,11.0,375.0,62.0,29.67628,0.782041597366333,bmm
,73,73x111x64x9,11.0,375.0,61.2,26.37248,0.10137600153684616,bmm
,114,114x73x61x12,11.0,375.0,61.0,24.203799999999998,0.13147519826889037,bmm
,67,67x107x47x19,11.0,375.0,60.2,23.428960000000004,0.06832000017166137,bmm
,127,127x93x49x45,22.0,375.0,59.0,23.816640000000017,0.18358399868011474,bmm
,78,78x66x35x57,22.0,375.0,59.0,23.673759999999998,0.07781759649515152,bmm
,118,118x92x52x65,22.0,375.0,59.0,23.996800000000004,0.22840319573879242,bmm
,68,68x107x35x96,22.0,375.0,59.0,24.606559999999995,0.10401279777288437,bmm
,81,81x128x52x106,22.0,375.0,58.04,23.648760000000003,0.2159743994474411,bmm
,115,115x81x39x69,18.8,375.0,58.0,24.068280000000005,0.1851584017276764,bmm
,104,104x110x62x208,18.0,375.0,57.08,24.87076,1.2457279920578004,bmm
,68,68x76x34x140,18.0,375.0,57.0,23.909839999999996,0.3334399998188019,bmm
,79,79x111x42x256,18.0,375.0,57.0,24.221799999999995,0.8969472050666809,bmm
,106,106x98x35x481,25.0,461.4,57.0,25.805400000000006,1.9210560083389283,bmm
,67,67x93x58x454,25.0,587.4,57.0,26.601839999999996,0.4953471958637238,bmm
,86,86x126x49x482,25.0,690.0,57.0,25.366200000000003,0.7703296065330505,bmm
,99,99x110x47x609,32.28,690.0,57.0,25.813799999999997,0.9780224084854126,bmm
,80,80x68x57x753,38.0,690.0,57.0,26.48736,0.7566848039627075,bmm
,86,86x74x48x1024,38.0,690.0,57.0,26.84352,1.0813311815261841,bmm
,111,111x91x111x28,38.0,690.0,56.16,25.856199999999998,0.2289344012737274,bmm
,90,90x66x127x26,38.0,690.0,56.0,24.62239999999999,0.17744000256061554,bmm
,117,117x97x128x11,32.24,690.0,56.0,24.772440000000003,0.22647039890289306,bmm
,68,68x113x123x57,20.0,690.0,56.0,24.449200000000005,0.2054655969142914,bmm
,87,87x72x111x65,20.0,690.0,56.0,24.019480000000012,0.20417279601097107,bmm
,79,79x107x104x39,20.0,435.0,56.0,24.670240000000003,0.5439616084098816,bmm
,109,109x129x113x126,20.0,1344.0,56.0,32.638280000000016,0.1581952005624771,bmm
,109,109x115x98x107,20.0,1470.0,58.0,42.457440000000005,0.08750719875097275,bmm
,97,97x68x111x95,28.0,1470.0,58.0,48.653800000000004,0.08244480192661285,bmm
,126,126x65x112x187,28.0,1470.0,58.0,49.38148,0.19222400188446045,bmm
,123,123x91x72x199,28.0,1470.0,58.0,50.45660000000001,0.13307519853115082,bmm
,120,120x91x90x203,28.0,1470.0,58.84,50.82283999999998,0.17184640169143678,bmm
,107,107x83x71x402,28.0,1470.0,61.0,51.539320000000004,0.23352960348129273,bmm
,125,125x125x90x357,28.0,1470.0,61.0,52.47579999999998,0.24224640429019928,bmm
,88,88x117x69x352,28.0,1470.0,61.0,52.76451999999998,0.13713919818401338,bmm
,92,92x79x81x705,28.0,1470.0,61.56,52.565160000000006,0.34766719937324525,bmm
,127,127x73x70x927,18.12,1470.0,63.0,53.635,0.5391552090644837,bmm
,97,97x109x124x731,9.0,1470.0,63.0,58.85500000000001,0.4593727946281433,bmm
,114,114x97x191x6,9.0,1470.0,63.0,59.808,0.08601599931716919,bmm
,120,120x65x216x10,9.0,1470.0,63.64,52.022999999999996,0.09078399986028671,bmm
,116,116x110x196x1,9.0,1470.0,64.0,51.90300000000001,0.03347199931740761,bmm
,76,76x106x130x34,9.0,1470.0,64.0,51.177999999999976,0.050572799146175386,bmm
,101,101x122x184x55,9.0,634.8,64.0,48.98599999999998,0.144896000623703,bmm
,82,82x120x199x41,9.0,600.0,64.0,41.66060000000002,0.15594239830970763,bmm
,107,107x103x196x129,9.0,570.0,64.0,39.73543999999999,0.5188223958015442,bmm
,95,95x107x135x121,9.76,553.2,64.0,41.71399999999997,0.22307199835777283,bmm
,122,122x122x256x128,10.0,540.0,64.0,40.422839999999994,0.5339712023735046,bmm
,128,128x72x201x213,10.0,510.0,63.0,42.382880000000014,0.9391552090644837,bmm
,107,107x111x185x216,10.0,499.8,63.0,41.81632,0.6995519995689392,bmm
,111,111x90x145x201,10.0,495.0,63.0,42.214079999999974,0.6485439896583557,bmm
,108,108x111x240x352,10.0,480.0,63.0,41.60264000000002,1.373151993751526,bmm
,71,71x102x180x297,10.0,465.0,63.0,44.22583999999999,0.7317183971405029,bmm
,118,118x69x218x269,20.2,465.0,63.0,42.088959999999986,1.5148224115371705,bmm
,69,69x89x189x735,25.0,465.0,63.0,43.01495999999998,1.5810368299484252,bmm
,122,122x120x232x767,25.0,553.2,63.0,34.2454,3.583071994781494,bmm
,104,104x100x136x776,25.0,630.0,62.0,33.66291999999999,1.9538175821304322,bmm
,114,114x122x302x20,25.0,705.0,62.0,32.47404000000002,0.5444735884666443,bmm
,113,113x66x449x18,36.76,705.0,61.6,26.191600000000005,0.6011455893516541,bmm
,93,93x124x363x15,39.0,705.0,61.0,25.794999999999995,0.5389311909675598,bmm
,106,106x114x423x61,39.0,705.0,60.84,26.992200000000008,0.999782407283783,bmm
,98,98x92x469x47,39.0,705.0,60.0,27.047399999999993,0.8349439859390259,bmm
,84,84x76x477x61,39.0,705.0,60.0,26.443599999999996,0.7494079947471619,bmm
,95,95x93x419x105,25.56,705.0,59.0,26.16867999999999,0.9187328100204468,bmm
,91,91x91x306x65,23.0,705.0,59.0,27.07900000000001,0.5667648077011108,bmm
,67,67x107x324x125,23.0,705.0,59.0,25.922999999999988,0.5787328004837036,bmm
,111,111x80x370x139,23.0,585.0,59.0,27.67756,1.2410176038742065,bmm
,84,84x70x402x191,23.16,526.2,58.12,26.31692000000001,1.1639103889465332,bmm
,116,116x76x468x220,25.0,533.4,58.12,28.747240000000005,1.9485631942749024,bmm
,125,125x72x330x489,25.0,798.0,59.0,30.435279999999985,1.8948223829269408,bmm
,76,76x114x489x360,25.0,870.0,59.44,39.348519999999986,1.0772671937942504,bmm
,121,121x102x353x331,25.0,870.0,60.0,45.84807999999999,1.2427007913589478,bmm
,73,73x73x422x825,39.4,870.0,60.0,48.31204,2.1190783977508545,bmm
,105,105x126x445x822,40.0,936.0,62.0,51.54684,2.8332032203674316,bmm
,99,99x121x288x626,40.0,999.0,62.0,52.625759999999985,1.2235136032104492,bmm
,110,110x77x1018x16,40.0,1020.0,62.0,51.87264000000002,0.543724799156189,bmm
,68,68x97x820x3,40.0,1020.0,63.0,49.219359999999995,0.23583999872207642,bmm
,88,88x66x993x21,40.0,1020.0,63.0,47.80215999999998,0.5246847987174987,bmm
,93,93x120x516x37,40.0,1020.0,63.0,48.82799999999998,0.2867520034313202,bmm
,128,128x71x599x50,28.48,1020.0,63.0,48.269,0.33819520473480225,bmm
,105,105x111x912x40,28.0,1020.0,63.0,49.78315999999999,0.4952895939350128,bmm
,110,110x78x947x124,28.0,1020.0,63.0,51.916119999999985,0.879199993610382,bmm
,112,112x107x827x92,28.0,1020.0,63.0,52.18599999999999,0.7633855938911438,bmm
,84,84x113x1015x79,28.0,1020.0,63.52,53.910999999999994,0.6676416158676147,bmm
,126,126x112x750x189,28.0,1020.0,64.0,53.77284,1.2252928256988525,bmm
,90,90x102x890x160,28.0,1020.0,64.04,51.974400000000024,1.074726390838623,bmm
,72,72x105x846x252,21.0,1020.0,65.0,52.99920000000001,1.0194240093231202,bmm
,74,74x73x851x510,21.0,900.0,65.0,56.86931999999999,2.1841471672058104,bmm
,90,90x90x615x465,21.0,906.0,65.68,53.36043999999999,2.054278326034546,bmm
,83,83x127x998x390,21.0,972.0,66.0,55.45356000000001,2.780454397201538,bmm
,106,106x91x827x592,21.0,1082.4,67.12,64.39568000000003,3.3367231369018553,bmm
,88,88x103x855x844,41.0,1325.4,68.0,62.12791999999999,3.112550401687622,bmm
,75,75x121x765x815,41.0,1335.0,70.0,72.72724000000001,2.3776832103729246,bmm
,110,110x156x26x13,41.0,1335.0,70.0,63.43432000000004,0.036396799981594084,bmm
,70,70x215x28x17,41.0,1335.0,69.64,50.47424000000001,0.031455999612808226,bmm
,105,105x158x29x7,41.0,1335.0,69.0,50.21188000000001,0.03387520015239716,bmm
,79,79x203x8x51,41.0,1335.0,69.0,50.088959999999986,0.020767999812960625,bmm
,68,68x156x29x52,20.0,1335.0,69.0,49.909440000000004,0.025356799736618994,bmm
,80,80x192x25x62,20.0,1335.0,69.0,49.76119999999998,0.03038719967007637,bmm
,82,82x184x7x110,20.0,1335.0,69.0,49.618159999999996,0.029203200340270997,bmm
,85,85x131x9x105,20.0,1335.0,69.0,49.198,0.03922560065984726,bmm
,115,115x249x20x71,20.0,1335.0,69.0,49.484799999999986,0.06775040179491043,bmm
,67,67x255x10x201,20.0,1335.0,69.0,49.941000000000024,0.0667136013507843,bmm
,88,88x185x7x172,20.0,1335.0,68.0,49.62599999999998,0.04505600035190582,bmm
,112,112x189x5x149,20.0,912.0,68.0,49.63300000000002,0.0547327995300293,bmm
,65,65x205x19x461,20.0,630.0,68.0,44.580079999999995,0.2846975982189178,bmm
,110,110x200x11x340,6.0,585.0,68.0,42.40760000000002,0.3264192044734955,bmm
,77,77x135x27x511,6.0,574.2,67.0,42.09256000000002,0.38920320868492125,bmm
,83,83x165x16x780,6.0,555.0,67.0,42.586000000000006,0.4344192028045654,bmm
,121,121x210x9x635,6.0,525.0,67.0,43.85636,0.6577087998390198,bmm
,85,85x190x4x955,6.0,517.8,66.44,42.281719999999986,0.45136640667915345,bmm
,73,73x257x42x20,6.0,510.0,66.0,42.842,0.11349759846925736,bmm
,101,101x251x33x14,6.0,484.8,66.0,39.425800000000024,0.11728640049695968,bmm
,73,73x140x34x19,15.0,440.4,65.44,39.36599999999999,0.07650560140609741,bmm
,125,125x166x41x47,15.0,435.0,65.0,39.35055999999998,0.1382207989692688,bmm
,92,92x257x63x62,15.0,405.0,65.0,39.96824000000001,0.22960639894008636,bmm
,105,105x216x65x59,15.0,405.0,65.0,40.26360000000002,0.22923519909381868,bmm
,107,107x178x39x106,15.0,390.0,64.36,35.284320000000015,0.3285055994987488,bmm
,94,94x209x59x123,15.0,377.4,64.0,28.978320000000004,0.44305281043052674,bmm
,105,105x197x51x69,15.0,375.0,64.0,29.03991999999998,0.3533759951591492,bmm
,128,128x146x40x173,15.0,375.0,63.32,28.991599999999984,0.48118399977684023,bmm
,97,97x198x42x239,18.0,375.0,63.0,28.807439999999993,0.6411072015762329,bmm
,94,94x191x43x212,18.0,375.0,62.6,29.389640000000007,0.546502411365509,bmm
,72,72x195x47x308,18.0,375.0,62.0,26.896800000000013,0.614195191860199,bmm
,119,119x202x48x326,18.0,375.0,61.64,26.49924,1.07466881275177,bmm
,99,99x190x62x395,25.68,375.0,61.0,25.80839999999999,1.0928192138671875,bmm
,74,74x215x49x624,30.0,377.4,60.08,26.922159999999995,1.294867181777954,bmm
,87,87x148x52x784,30.0,405.0,60.0,27.91676,1.5871040105819703,bmm
,99,99x165x59x600,30.0,405.0,60.0,27.362199999999994,1.4013760089874268,bmm
,89,89x163x89x23,32.0,405.0,59.68,25.882000000000012,0.27775999903678894,bmm
,76,76x244x92x24,32.0,405.0,59.0,24.844000000000005,0.2965247929096222,bmm
,69,69x207x119x19,32.0,405.0,58.64,24.32692,0.6609983921051026,bmm
,94,94x219x102x57,32.0,410.4,58.0,24.67328000000001,1.3035392045974732,bmm
,120,120x144x93x42,27.92,420.0,58.0,24.09639999999999,0.8755455851554871,bmm
,81,81x224x72x47,26.0,420.0,57.72,24.998840000000005,0.7333119988441468,bmm
,104,104x219x110x123,26.0,420.0,57.0,25.56324,2.116319990158081,bmm
,85,85x183x91x115,28.16,441.0,57.0,25.908359999999995,1.2418303728103637,bmm
,85,85x225x94x129,35.0,570.6,57.0,25.732320000000005,1.472000002861023,bmm
,118,118x254x126x198,35.0,702.0,57.0,27.537079999999996,0.6605183959007264,bmm
,80,80x139x66x164,35.0,810.0,57.6,36.748199999999976,0.18534400165081025,bmm
,110,110x250x96x157,35.0,810.0,58.0,39.179760000000016,0.3952831983566284,bmm
,94,94x155x81x500,33.48,810.0,58.0,40.82856000000001,0.6998144030570984,bmm
,84,84x173x68x501,33.0,810.0,58.0,43.48596,0.4266560018062592,bmm
,109,109x158x123x441,33.0,810.0,59.0,42.34139999999999,1.099769616127014,bmm
,80,80x185x68x561,33.0,810.0,59.0,43.663000000000004,0.5079679965972901,bmm
,87,87x192x115x935,33.0,810.0,59.0,44.98676000000001,1.3454911947250365,bmm
,106,106x140x98x923,33.0,810.0,61.0,45.926759999999994,1.7942400217056274,bmm
,118,118x221x209x29,33.0,810.0,61.0,45.48408000000002,0.3160703957080841,bmm
,92,92x245x250x4,27.88,810.0,61.0,40.71464,0.2805695950984955,bmm
,102,102x139x252x13,25.0,810.0,61.0,40.45600000000001,0.2349247992038727,bmm
,128,128x159x165x56,25.0,810.0,61.0,40.140999999999984,0.20049919784069062,bmm
,88,88x216x228x57,25.0,810.0,61.0,40.67551999999999,0.2600896000862122,bmm
,89,89x161x211x60,25.0,600.0,61.0,36.52260000000001,0.5639999985694886,bmm
,121,121x137x142x100,25.0,573.6,61.0,29.612200000000012,0.601145601272583,bmm
,126,126x254x206x65,25.0,559.8,61.0,30.238599999999998,1.1000704050064087,bmm
,111,111x188x145x97,22.36,549.6,60.64,30.83472,0.6859840035438538,bmm
,105,105x135x132x247,19.0,536.4,60.0,30.57312,0.9083072066307067,bmm
,113,113x228x130x204,19.0,522.0,59.96,31.104759999999988,1.194201612472534,bmm
,114,114x231x193x252,19.0,510.0,59.0,28.748800000000003,1.82402560710907,bmm
,72,72x202x255x325,19.0,510.0,59.0,29.040559999999992,1.8321344137191773,bmm
,124,124x188x239x398,33.0,550.2,59.0,31.529199999999992,2.9080448150634766,bmm
,89,89x151x177x379,33.0,735.0,59.0,29.26384000000001,1.362982416152954,bmm
,82,82x203x220x670,33.0,735.0,59.0,31.83140000000001,2.8563328266143797,bmm
,129,129x245x151x760,37.4,825.6,59.0,34.726639999999996,2.075936031341553,bmm
,80,80x157x239x645,44.0,960.0,59.0,45.430479999999996,1.7722559690475463,bmm
,120,120x252x281x6,44.0,960.0,61.0,50.21663999999997,0.3544575870037079,bmm
,70,70x199x437x25,44.0,960.0,61.0,41.18991999999997,0.32806400060653684,bmm
,69,69x168x404x13,44.0,960.0,61.0,40.48767999999998,0.24625279605388642,bmm
,85,85x144x329x51,44.0,960.0,61.0,39.99,0.21935999989509583,bmm
,98,98x198x259x52,44.0,960.0,61.0,41.202,0.2616319954395294,bmm
,120,120x219x432x49,42.96,960.0,61.0,42.49688000000002,0.516153609752655,bmm
,88,88x228x465x119,18.0,960.0,61.0,44.01247999999999,0.7431679964065552,bmm
,93,93x192x282x120,18.0,960.0,62.0,44.85900000000001,0.3872767984867096,bmm
,79,79x166x483x109,18.0,960.0,62.0,43.636320000000005,0.4986944079399109,bmm
,70,70x129x398x193,18.0,960.0,62.0,43.75787999999998,0.8439615964889526,bmm
,72,72x247x333x171,18.0,960.0,62.52,45.23111999999998,0.7024768114089965,bmm
,112,112x184x277x132,18.0,933.6,63.0,45.5246,0.6651327967643738,bmm
,126,126x171x415x493,18.0,705.0,62.2,37.66916000000001,2.6802624225616456,bmm
,117,117x180x427x318,18.0,990.0,62.0,51.75275999999999,1.8288831949234008,bmm
,66,66x139x374x369,18.0,990.0,63.44,54.88119999999998,1.0786624193191527,bmm
,108,108x219x502x890,18.0,1189.8,64.64,61.117439999999995,4.019961643218994,bmm
,88,88x249x280x592,43.0,1545.0,68.0,62.519800000000004,1.3324288129806519,bmm
,76,76x207x458x649,43.0,1545.0,68.0,75.0566,2.2040192604064943,bmm
,129,129x168x831x20,43.0,1545.0,71.0,85.92280000000002,0.5491456031799317,bmm
,107,107x175x855x28,43.0,1545.0,71.0,64.11543999999999,0.5398144125938416,bmm
,125,125x143x789x30,43.0,1545.0,71.0,62.87580000000003,0.4896704018115997,bmm
,113,113x230x685x65,43.0,1545.0,71.0,62.789640000000006,0.8490368008613587,bmm
,99,99x141x746x48,43.0,1545.0,72.0,70.58400000000005,0.3929792046546936,bmm
,76,76x169x676x34,21.0,1545.0,72.0,63.37100000000002,0.31259519457817075,bmm
,89,89x191x917x92,21.0,1545.0,72.0,62.140679999999996,0.6698303937911987,bmm
,88,88x218x531x96,21.0,1545.0,72.0,59.09500000000002,0.5367744088172912,bmm
,104,104x190x776x92,21.0,1545.0,72.0,65.34552000000004,0.6896000027656555,bmm
,126,126x165x703x137,21.0,1422.6,72.0,67.94263999999998,1.1781888008117676,bmm
,92,92x174x784x148,21.0,1002.6,72.0,55.265600000000006,1.3737343788146972,bmm
,124,124x217x810x171,21.0,990.0,72.0,60.89368000000001,2.5549567222595213,bmm
,87,87x210x611x427,21.0,1132.8,72.0,63.64632000000002,2.9241472721099853,bmm
,67,67x201x525x441,21.0,1200.0,72.0,65.48199999999999,1.887494397163391,bmm
,117,117x254x970x288,21.0,1272.0,73.12,73.64255999999997,4.184518432617187,bmm
,94,94x211x848x520,23.08,1515.0,74.0,87.08832000000001,4.148947238922119,bmm
,78,78x152x674x577,47.0,1885.2,79.04,103.40844000000004,2.037606430053711,bmm
,73,73x145x993x792,47.0,1773.6,81.0,132.32084000000003,3.968812847137451,bmm
,122,122x269x20x20,47.0,1777.8,83.76,106.40780000000004,0.037990400195121767,bmm
,81,81x394x26x2,47.0,1680.0,84.0,70.50812,0.04286720007658005,bmm
,65,65x385x23x15,47.0,1759.2,84.0,65.19651999999996,0.028915200382471085,bmm
,111,111x512x12x62,47.0,1860.0,84.0,73.92567999999997,0.05421440005302429,bmm
,101,101x403x18x41,37.0,1860.0,83.12,78.07039999999998,0.042054399847984314,bmm
,107,107x372x16x52,22.0,1860.0,82.0,78.55400000000003,0.036300799995660785,bmm
,115,115x357x17x108,22.0,1860.0,82.0,79.29232000000002,0.06976640224456787,bmm
,111,111x317x20x91,22.0,1860.0,82.0,80.60095999999996,0.057452800869941714,bmm
,103,103x348x20x113,22.0,1860.0,82.0,80.18804000000002,0.06364160031080246,bmm
,121,121x345x17x241,22.0,1860.0,83.0,81.01500000000004,0.137676802277565,bmm
,93,93x399x31x174,22.0,1749.0,83.0,84.69599999999997,0.12775039672851562,bmm
,95,95x501x25x172,22.0,1743.6,83.0,73.28099999999996,0.14954240322113038,bmm
,104,104x309x10x289,22.0,1860.0,83.0,72.72700000000003,0.12526719868183137,bmm
,65,65x328x13x298,22.0,1860.0,82.08,80.10200000000003,0.09616640210151672,bmm
,98,98x408x10x447,6.0,1860.0,82.0,81.32200000000006,0.21516160070896148,bmm
,115,115x264x31x741,6.0,1860.0,82.0,89.08999999999997,0.38061439990997314,bmm
,129,129x344x15x542,6.0,825.0,82.0,73.66620000000006,0.6717439889907837,bmm
,99,99x309x21x517,6.0,805.8,79.0,45.13756000000003,0.5072767972946167,bmm
,104,104x496x58x2,6.0,737.4,79.0,45.24532000000003,0.19959680438041688,bmm
,78,78x268x41x18,6.0,735.0,79.0,43.20004000000001,0.08590079993009567,bmm
,107,107x276x61x27,6.0,690.0,74.0,42.841800000000006,0.15414399802684783,bmm
,71,71x299x64x53,9.12,673.8,74.0,42.86120000000002,0.10667520016431808,bmm
,108,108x394x35x61,12.0,599.4,74.0,42.315000000000026,0.1642432004213333,bmm
,90,90x503x57x48,12.0,585.0,71.0,43.438,0.23346560299396515,bmm
,96,96x361x49x117,12.0,555.0,71.0,43.81807999999998,0.3033600032329559,bmm
,73,73x503x38x114,12.0,555.0,71.0,43.78984,0.2589120090007782,bmm
,90,90x301x47x125,12.0,525.0,71.0,37.725759999999994,0.5234624028205872,bmm
,113,113x416x55x218,12.0,510.6,69.0,31.534519999999993,1.3838656187057494,bmm
,105,105x447x46x189,17.0,495.6,69.0,31.966600000000003,1.1720064163208008,bmm
,113,113x385x34x239,17.0,493.8,67.48,30.173800000000014,1.2594752073287965,bmm
,101,101x382x49x326,17.0,465.0,67.0,28.706879999999988,1.5845056056976319,bmm
,111,111x362x62x493,17.0,485.4,65.24,30.642119999999988,2.5158080101013183,bmm
,103,103x478x49x421,32.0,503.4,64.88,30.605559999999986,2.4849408149719237,bmm
,66,66x292x65x994,32.0,600.0,64.0,30.15916,2.419270420074463,bmm
,72,72x415x37x985,32.0,655.2,63.2,31.134040000000006,3.2455551624298096,bmm
,76,76x454x50x871,32.0,795.0,63.0,38.67051999999999,1.48122239112854,bmm
,115,115x292x109x23,41.0,795.0,63.12,49.55023999999999,0.20926720201969146,bmm
,117,117x264x108x24,41.0,795.0,64.0,40.945999999999984,0.21619199812412263,bmm
,84,84x448x115x26,41.0,795.0,64.0,40.774880000000024,0.23678719997406006,bmm
,93,93x286x109x43,41.0,795.0,64.0,41.34699999999999,0.1837247997522354,bmm
,126,126x401x116x33,41.0,795.0,64.0,40.916439999999994,0.3256704032421112,bmm
,118,118x333x87x45,41.0,795.0,64.0,42.080919999999985,0.2097791999578476,bmm
,65,65x409x66x69,41.0,795.0,64.0,41.03404000000001,0.21089279651641846,bmm
,108,108x468x75x79,41.0,795.0,64.0,41.69492,0.4072767972946167,bmm
,129,129x297x124x127,26.44,795.0,64.0,42.816400000000016,0.4561728000640869,bmm
,106,106x400x108x131,13.0,795.0,64.0,43.582999999999984,0.7303744077682495,bmm
,97,97x432x81x243,13.0,795.0,64.0,45.264959999999995,0.6839936137199402,bmm
,115,115x425x84x201,13.0,795.0,64.48,43.583120000000015,0.8028096079826355,bmm
,128,128x468x99x302,13.0,787.8,65.0,47.79359999999999,1.7670783996582031,bmm
,81,81x413x98x408,13.0,745.8,64.92,37.11000000000001,1.4186303853988647,bmm
,109,109x461x121x353,18.76,730.8,64.0,44.929040000000015,1.9416703939437867,bmm
,94,94x466x69x1017,29.0,774.0,64.0,50.695599999999985,2.3362943649291994,bmm
,93,93x483x85x530,29.0,855.0,65.0,49.967760000000034,1.7,bmm
,106,106x508x101x711,29.0,907.8,65.0,52.366679999999995,2.4676863670349123,bmm
,119,119x510x190x4,29.0,975.0,65.28,56.916200000000025,0.4533760011196136,bmm
,71,71x273x212x4,29.0,975.0,66.0,48.369000000000014,0.20058879852294922,bmm
,129,129x420x194x26,32.52,975.0,66.0,47.196000000000005,0.4429247975349426,bmm
,73,73x369x165x39,33.0,975.0,66.0,50.57000000000001,0.200108802318573,bmm
,102,102x342x201x37,33.0,975.0,66.0,48.19528000000001,0.32007039785385133,bmm
,74,74x360x208x34,33.0,975.0,66.0,49.04147999999997,0.252646404504776,bmm
,88,88x454x226x96,33.0,975.0,66.0,49.53047999999999,0.7064319968223571,bmm
,108,108x481x243x116,33.0,975.0,66.0,50.89000000000001,0.9248448014259338,bmm
,88,88x378x132x91,33.0,975.0,66.0,54.18411999999999,0.3360448062419891,bmm
,89,89x464x201x235,33.0,975.0,66.0,51.59828000000002,1.2601408243179322,bmm
,82,82x471x141x157,19.56,975.0,66.0,54.827,0.6794560074806213,bmm
,128,128x275x223x144,19.0,975.0,67.0,52.754040000000025,1.0014464139938355,bmm
,103,103x433x225x360,19.0,976.8,67.0,56.573280000000025,2.136121654510498,bmm
,82,82x463x178x260,19.0,1020.0,67.08,54.95296000000002,1.493190383911133,bmm
,92,92x497x135x364,19.0,1020.0,68.0,56.606759999999994,1.2913151979446411,bmm
,65,65x457x176x869,19.0,1020.0,68.0,58.960120000000025,2.6291136264801027,bmm
,94,94x434x231x743,35.0,1236.0,68.96,65.11596000000002,3.044038438796997,bmm
,119,119x480x164x607,35.0,1500.0,69.0,76.84507999999997,2.2705408096313477,bmm
,91,91x267x344x24,35.0,1500.0,71.64,56.18071999999998,0.2677440047264099,bmm
,78,78x497x337x26,35.0,1500.0,72.0,55.84799999999998,0.393011200428009,bmm
,93,93x274x374x7,35.0,1500.0,72.0,61.006520000000016,0.2960575997829437,bmm
,107,107x489x450x42,35.0,1500.0,72.0,60.175200000000004,0.6728320002555848,bmm
,102,102x471x266x39,30.16,1500.0,72.0,62.237719999999975,0.38509440422058105,bmm
,125,125x370x332x37,24.0,1500.0,72.0,61.082440000000005,0.45663999319076537,bmm
,124,124x344x448x68,24.0,1500.0,72.0,62.58899999999996,0.914028799533844,bmm
,75,75x387x490x105,24.0,1500.0,72.0,70.95419999999997,0.7311232089996338,bmm
,79,79x482x457x65,24.0,1500.0,73.0,55.66,0.8204991936683654,bmm
,95,95x284x383x172,24.0,1500.0,73.0,68.28864,0.8399296045303345,bmm
,97,97x364x393x168,24.0,1500.0,73.0,71.42784,1.0369216442108153,bmm
,72,72x396x510x156,24.0,1500.0,74.12,68.87300000000003,1.152787184715271,bmm
,125,125x375x311x293,21.0,1110.0,75.0,66.44928000000003,2.5413311958312987,bmm
,102,102x399x450x464,21.0,1221.0,75.0,71.2936,4.049760055541992,bmm
,89,89x480x364x513,21.0,1867.8,75.0,95.99356,2.8343679904937744,bmm
,121,121x448x324x953,24.0,1784.4,84.6,144.47343999999998,4.963801670074463,bmm
,108,108x381x506x907,46.0,1596.0,86.6,129.47500000000008,6.343251323699951,bmm
,95,95x405x272x608,46.0,1666.8,87.0,104.52548000000003,2.1920511722564697,bmm
,73,73x415x886x25,46.0,1702.8,84.12,98.53639999999997,0.8298879981040954,bmm
,67,67x407x625x32,42.64,1702.8,84.0,70.68176000000005,0.5417984008789063,bmm
,129,129x493x698x15,32.0,1710.0,83.92,80.15399999999997,1.202131175994873,bmm
,85,85x291x660x40,32.0,1710.0,83.0,91.31999999999998,0.5531008005142212,bmm
,72,72x399x732x62,32.0,1695.6,83.0,82.67383999999998,0.7149055957794189,bmm
,65,65x259x573x50,32.0,1710.0,83.0,80.14012000000001,0.33326720595359804,bmm
,85,85x347x851x104,32.0,1710.0,82.24,79.23260000000003,1.0384128093719482,bmm
,111,111x493x762x126,32.0,1694.4,82.0,101.32440000000001,1.6820544004440308,bmm
,125,125x405x742x67,32.0,1684.8,82.0,98.68935999999998,1.5595072031021118,bmm
,83,83x502x513x241,25.0,1681.2,83.92,99.03607999999998,1.7135040044784546,bmm
,102,102x364x616x253,25.0,1680.0,84.0,101.45920000000002,1.8100288152694701,bmm
,104,104x472x792x252,25.0,1612.8,84.64,103.00136,3.141273593902588,bmm
,69,69x351x915x290,25.0,1665.6,86.0,101.523,2.7559103965759277,bmm
,65,65x423x752x348,25.0,1665.0,86.0,103.70603999999997,2.4909120082855223,bmm
,95,95x273x853x488,39.0,1657.8,86.0,111.81980000000001,3.8463808059692384,bmm
,68,68x482x524x869,39.0,1550.4,86.0,111.92955999999998,4.991359996795654,bmm
,87,87x419x919x667,39.0,1501.8,86.2,119.05599999999998,8.9113920211792,bmm
,74,74x359x999x769,54.96,1577.4,87.0,123.90364000000001,7.723161602020264,bmm
,99,99x939x6x26,58.0,1831.8,85.0,87.38300000000001,0.05509119927883148,bmm
,65,65x622x18x7,58.0,1680.0,85.0,75.99800000000003,0.04293119981884956,bmm
,66,66x531x21x33,58.0,1680.0,85.0,64.93000000000005,0.04149760007858276,bmm
,113,113x739x22x60,58.0,1680.0,85.0,65.50500000000004,0.08770559877157211,bmm
,122,122x945x17x42,58.0,1701.6,82.36,67.18499999999996,0.10684159994125367,bmm
,65,65x665x1x48,58.0,1860.0,82.0,68.82999999999998,0.02449919991195202,bmm
,101,101x866x4x103,58.0,1857.6,82.0,77.97507999999996,0.11169279962778092,bmm
,125,125x664x18x127,20.0,1816.8,82.0,79.22439999999999,0.14319359958171846,bmm
,106,106x717x16x104,20.0,1686.0,83.0,75.10720000000002,0.11231359839439392,bmm
,87,87x892x27x165,20.0,1680.0,83.0,68.10052000000002,0.24817919731140137,bmm
,108,108x994x3x170,20.0,1860.0,83.0,73.63200000000005,0.20410880148410798,bmm
,123,123x741x24x183,20.0,1860.0,83.0,85.04899999999999,0.23346560299396515,bmm
,127,127x776x31x503,20.0,1741.2,84.0,91.64092000000001,0.7532863855361939,bmm
,125,125x1000x23x370,20.0,1717.2,84.0,90.45736,0.5758847951889038,bmm
,123,123x980x17x442,20.0,1680.0,84.0,78.47000000000001,0.7927744030952454,bmm
,94,94x918x32x817,14.0,1080.0,82.0,73.38292000000006,1.7613631963729859,bmm
,81,81x568x10x837,14.0,1080.0,82.0,66.10844,0.6817408084869385,bmm
,102,102x848x9x579,14.0,1066.8,79.6,55.587839999999986,0.9421887993812561,bmm
,90,90x901x55x19,14.0,975.0,77.0,51.830799999999996,0.23182719945907593,bmm
,118,118x572x58x12,14.0,975.0,77.0,47.99956,0.19850240051746368,bmm
,110,110x1008x44x18,14.0,915.0,77.0,45.909880000000015,0.2712768018245697,bmm
,84,84x852x37x44,18.0,871.8,73.0,42.95052,0.1760255992412567,bmm
,114,114x855x63x53,19.0,811.8,73.0,43.481,0.3476927995681763,bmm
,69,69x1005x49x58,19.0,795.0,73.0,45.663000000000004,0.23031679391860962,bmm
,96,96x564x46x84,19.0,750.0,71.0,44.16376000000003,0.30464000105857847,bmm
,128,128x693x47x103,19.0,744.6,71.0,44.59559999999998,0.48846720457077025,bmm
,107,107x916x52x97,19.0,705.0,71.0,44.71399999999997,0.6387647867202759,bmm
,110,110x592x57x195,19.0,675.0,70.48,47.008520000000004,0.9927871942520141,bmm
,85,85x1007x43x210,18.28,666.0,70.0,46.340840000000014,1.0179327964782714,bmm
,88,88x1002x33x141,18.0,658.8,70.0,47.38419999999999,0.8178560018539429,bmm
,101,101x590x56x512,18.0,645.0,70.0,46.239000000000026,1.6673088073730469,bmm
,84,84x738x56x442,18.0,645.0,70.0,48.4966,1.6704447746276856,bmm
,78,78x896x45x436,18.0,630.0,70.0,48.691999999999986,1.746022391319275,bmm
,78,78x523x40x874,18.0,735.0,70.0,49.92960000000002,1.410111951828003,bmm
,127,127x1016x49x772,36.0,855.0,70.04,56.7336,4.573670387268066,bmm
,121,121x966x50x931,36.0,1417.2,71.0,68.14219999999997,2.5511295795440674,bmm
,128,128x763x101x21,36.0,1740.0,71.0,85.83500000000002,0.2502336025238037,bmm
,74,74x789x110x32,36.0,1740.0,72.92,70.39000000000004,0.16720000207424163,bmm
,121,121x871x122x20,36.0,1740.0,74.0,68.49600000000004,0.3259775936603546,bmm
,108,108x1003x97x63,36.0,1740.0,74.0,74.38799999999998,0.29346559643745423,bmm
,125,125x853x112x64,36.0,1740.0,74.0,75.48,0.28090240359306334,bmm
,111,111x804x69x53,32.0,1740.0,74.32,75.10872000000002,0.18207359910011292,bmm
,108,108x755x90x112,32.0,1740.0,76.0,71.36340000000003,0.33805440068244935,bmm
,129,129x662x125x89,32.0,1740.0,76.0,75.97572000000002,0.4685696005821228,bmm
,107,107x524x72x102,32.0,1740.0,76.0,75.57996000000004,0.1968191981315613,bmm
,83,83x972x85x217,32.0,1740.0,77.0,71.45132000000001,0.6172799944877625,bmm
,121,121x681x100x209,32.0,1740.0,77.0,82.06411999999996,0.7188480019569397,bmm
,83,83x960x92x223,32.0,1740.0,77.0,76.11707999999997,0.6320639967918396,bmm
,96,96x973x68x350,13.76,1740.0,79.0,82.23299999999998,0.9013823866844177,bmm
,119,119x709x69x447,13.0,1740.0,79.0,99.96408000000002,1.11005437374115,bmm
,70,70x921x125x503,13.0,1410.0,79.0,82.97828,1.6774528264999389,bmm
,70,70x696x107x579,13.0,1380.0,79.0,68.02395999999997,1.3842816352844238,bmm
,101,101x629x67x806,13.0,1350.0,79.0,70.67075999999996,1.7852416038513184,bmm
,113,113x960x76x749,13.0,1335.0,78.36,74.89212000000003,2.7511551856994627,bmm
,116,116x551x227x20,34.0,1363.8,78.0,80.48176000000001,0.4404543936252594,bmm
,111,111x846x153x32,34.0,1365.0,78.0,59.09427999999999,0.44611200094223025,bmm
,110,110x729x133x18,34.0,1365.0,77.6,58.08360000000002,0.32369919419288634,bmm
,66,66x631x230x59,34.0,1365.0,76.0,57.099,0.31891199946403503,bmm
,117,117x907x168x56,34.0,1365.0,76.0,58.29584000000002,0.5367039918899537,bmm
,110,110x1023x208x64,34.0,1365.0,76.0,64.01907999999999,0.6366975903511047,bmm
,100,100x689x226x75,34.0,1365.0,75.16,62.90439999999999,0.8023295879364014,bmm
,129,129x659x235x101,34.0,1365.0,75.0,62.45800000000001,1.0467007875442504,bmm
,96,96x914x212x86,18.0,1365.0,75.0,69.82987999999996,0.9622655987739563,bmm
,89,89x873x177x201,18.0,1365.0,75.56,66.06499999999998,1.4310784101486207,bmm
,74,74x522x219x198,18.0,1365.0,76.0,69.90451999999998,0.9299008011817932,bmm
,74,74x667x229x177,18.0,1365.0,76.0,64.62335999999998,0.9486655950546264,bmm
,117,117x641x243x485,18.0,1365.0,76.0,78.04404000000002,3.801299238204956,bmm
,90,90x940x254x434,19.52,1694.4,76.16,96.09056000000004,3.383353614807129,bmm
,89,89x590x230x320,37.0,1875.0,80.0,91.31220000000002,1.3707648277282716,bmm
,67,67x620x230x925,37.0,1845.6,80.56,123.14499999999997,2.741113615036011,bmm
,95,95x1008x153x881,37.0,1553.4,87.0,121.30528000000002,4.529753637313843,bmm
,72,72x809x230x551,36.28,1632.6,86.6,104.25612000000001,2.7222400188446043,bmm
,118,118x641x290x4,35.0,1805.4,86.0,100.355,0.5457599997520447,bmm
,118,118x896x282x14,35.0,1680.0,86.0,91.42907999999997,0.7754688024520874,bmm
,67,67x712x262x10,35.0,1698.0,86.0,81.9726,0.31333120465278624,bmm
,73,73x749x343x62,35.0,1680.0,83.0,69.40652000000004,0.5822271943092346,bmm
,102,102x1014x445x51,35.0,1709.4,83.0,82.81156000000001,1.349625587463379,bmm
,95,95x1002x436x56,35.0,1704.0,83.44,92.5482,1.2450688123703002,bmm
,83,83x610x296x94,19.0,1687.2,84.0,89.8844,0.6064895868301392,bmm
,104,104x928x272x76,19.0,1682.4,84.0,82.91672000000003,1.0454208135604859,bmm
,116,116x745x375x79,19.0,1688.4,84.0,87.46700000000004,1.2627840280532836,bmm
,97,97x560x428x157,19.0,1680.0,84.0,97.31016,1.474566435813904,bmm
,125,125x955x379x221,19.0,1486.8,84.0,99.20108,3.7984448432922364,bmm
,86,86x814x342x178,19.0,1682.4,84.0,91.48280000000003,1.5104640245437622,bmm
,128,128x1018x435x340,31.0,1662.0,84.36,112.851,6.304512023925781,bmm
,98,98x631x337x406,31.0,1797.6,85.0,128.98419999999996,3.0197120666503907,bmm
,116,116x841x415x419,31.0,1524.6,88.36,119.69228000000007,6.770425605773926,bmm
,91,91x550x315x619,51.0,1497.6,88.64,102.90935999999996,3.4121535778045655,bmm
,66,66x544x289x578,51.0,1603.8,86.0,93.57352000000004,2.1910079956054687,bmm
,73,73x638x386x997,51.0,1640.4,86.44,118.06899999999992,5.5595392227172855,bmm
,98,98x922x569x15,51.0,1560.0,87.0,97.77212,1.3190463781356812,bmm
,89,89x752x613x28,46.32,1641.6,87.0,82.03135999999996,1.186732792854309,bmm
,78,78x525x1021x3,42.0,1680.0,84.0,85.91000000000003,1.1059263944625854,bmm
,128,128x759x756x50,42.0,1680.0,84.0,97.29431999999996,2.2339456558227537,bmm
,71,71x773x517x46,42.0,1744.8,84.0,103.60524000000001,0.8898944020271301,bmm
,126,126x669x582x50,42.0,1684.2,85.0,84.336,1.4972927808761596,bmm
,69,69x903x694x127,42.0,1651.2,85.0,99.40072000000004,1.771174383163452,bmm
,75,75x702x850x114,39.36,1627.8,85.04,103.29240000000003,1.7699264287948608,bmm
,100,100x691x1021x128,31.0,1599.6,86.0,105.21959999999996,2.847980785369873,bmm
,121,121x757x1005x195,31.0,1542.0,86.48,122.52271999999999,7.334105682373047,bmm
,128,128x742x917x204,31.0,1505.4,87.12,114.49076,7.36702709197998,bmm
,78,78x617x588x190,55.0,1590.0,88.0,102.31644000000004,1.871065616607666,bmm
,92,92x655x642x349,56.0,1676.4,88.08,116.62283999999994,4.712723159790039,bmm
,91,91x1004x686x320,56.0,1519.2,89.0,117.98320000000007,7.4166015625,bmm
,103,103x789x765x258,56.88,1485.0,87.0,115.11252000000006,8.2067138671875,bmm
,111,111x833x828x544,58.0,1539.0,88.76,131.09599999999995,16.275167846679686,bmm
,94,94x842x572x652,67.52,1509.6,88.0,121.50432,11.676768112182618,bmm
,92,92x547x969x529,75.0,1477.8,88.0,112.78780000000002,10.720281600952148,bmm
,185,185x2x16x32,75.0,1725.0,85.12,90.85487999999998,0.004300799965858459,bmm
,153,153x9x4x1,75.0,1680.0,85.0,65.54400000000004,0.004095999989658594,bmm
,251,251x16x10x24,55.0,1680.0,85.0,64.29979999999999,0.012441599927842616,bmm
,217,217x31x2x47,50.0,1824.0,82.6,63.66100000000004,0.011539199948310852,bmm
,137,137x21x17x36,50.0,1860.0,82.0,74.56300000000005,0.012851199880242348,bmm
,135,135x5x15x49,50.0,1789.2,82.0,76.91636000000004,0.006054400093853473,bmm
,141,141x1x3x102,50.0,1777.8,82.0,69.20299999999999,0.004851199965924024,bmm
,133,133x19x10x101,50.0,1857.0,82.0,68.528,0.01139840018004179,bmm
,172,172x7x25x110,50.0,1860.0,82.0,75.49,0.012403199821710587,bmm
,147,147x28x18x252,50.0,1860.0,82.0,77.08199999999995,0.025798399746418,bmm
,225,225x7x27x194,50.0,1860.0,82.0,77.952,0.03278080001473427,bmm
,190,190x29x9x198,4.88,1756.8,82.0,77.94700000000005,0.027142399922013283,bmm
,189,189x10x19x510,3.0,1762.8,82.0,69.37707999999996,0.058176000416278836,bmm
,218,218x8x7x489,3.0,1860.0,82.0,69.125,0.04898560047149658,bmm
,170,170x25x17x321,3.0,1860.0,82.0,76.44196,0.03893119841814041,bmm
,235,235x32x3x823,3.0,570.0,82.0,66.55136,0.23086719810962678,bmm
,223,223x19x17x801,3.0,554.4,78.0,44.31904,0.33669760823249817,bmm
,228,228x27x14x760,3.0,513.6,78.0,42.515920000000015,0.274374395608902,bmm
,228,228x21x65x32,7.0,465.0,74.0,43.68524000000002,0.11055999994277954,bmm
,202,202x13x56x3,7.0,465.0,74.0,42.29688,0.039078399538993835,bmm
,202,202x5x40x25,7.0,436.2,74.0,41.86599999999999,0.022150399908423424,bmm
,144,144x31x65x42,7.0,405.0,72.56,29.178759999999997,0.10012159943580627,bmm
,239,239x12x50x51,7.0,405.0,71.0,28.465359999999983,0.06260480210185052,bmm
,247,247x7x49x60,7.0,390.0,71.0,28.086999999999993,0.05509120002388954,bmm
,203,203x13x46x126,7.0,375.0,70.52,28.20864,0.2089407980442047,bmm
,243,243x31x41x75,9.88,375.0,68.0,25.965440000000008,0.19427840113639833,bmm
,191,191x30x42x115,11.0,375.0,67.28,25.2016,0.18736640214920045,bmm
,142,142x19x34x242,11.0,375.0,66.0,24.335079999999998,0.21348479986190796,bmm
,134,134x17x37x131,11.0,375.0,64.72,25.096799999999988,0.1499391973018646,bmm
,185,185x23x53x136,12.28,375.0,64.0,24.9398,0.2629568040370941,bmm
,185,185x31x36x280,15.0,387.6,63.16,26.23516000000001,0.9987071752548218,bmm
,245,245x14x48x503,15.0,454.8,62.76,25.858999999999995,2.2711552143096925,bmm
,182,182x25x54x395,35.48,798.0,62.0,28.11468,0.17338240146636963,bmm
,206,206x22x36x597,47.0,960.0,62.0,40.17104000000002,0.1926080048084259,bmm
,141,141x21x49x853,47.0,960.0,62.0,44.89048,0.229830402135849,bmm
,235,235x8x64x858,47.0,960.0,62.0,45.40656000000002,0.2969471991062164,bmm
,219,219x32x70x11,47.0,960.0,62.0,46.39800000000001,0.05739520117640495,bmm
,133,133x4x109x3,47.0,960.0,63.0,43.53499999999998,0.010188800282776356,bmm
,145,145x27x129x8,47.0,960.0,63.0,43.611999999999995,0.0716928020119667,bmm
,168,168x15x124x58,47.0,960.0,63.0,43.92200000000002,0.058073599636554715,bmm
,218,218x8x65x33,47.0,960.0,63.0,44.15499999999998,0.023071999847888946,bmm
,253,253x9x76x43,11.0,960.0,63.0,43.88300000000001,0.034003200381994246,bmm
,179,179x28x124x100,11.0,960.0,63.0,44.05499999999997,0.09530880153179169,bmm
,144,144x14x118x77,11.0,960.0,63.0,44.657639999999994,0.06396160125732422,bmm
,215,215x23x78x105,11.0,960.0,63.0,44.333560000000006,0.07844480127096176,bmm
,191,191x25x127x177,11.0,960.0,63.72,44.742040000000024,0.18187520205974578,bmm
,153,153x13x101x159,11.0,960.0,64.0,45.11659999999999,0.09112959951162339,bmm
,209,209x27x65x256,11.0,960.0,64.0,44.89663999999997,0.12933119833469392,bmm
,132,132x9x127x269,11.0,515.4,64.0,43.07227999999999,0.10819839984178543,bmm
,252,252x14x65x401,11.0,375.0,63.0,30.404600000000013,0.8841600060462952,bmm
,132,132x24x82x441,11.0,375.0,63.0,30.020160000000004,0.6504063963890075,bmm
,132,132x24x80x726,11.0,375.0,63.0,29.330079999999995,0.9908735990524292,bmm
,146,146x22x119x730,11.0,378.6,61.0,27.31059999999999,1.5239487886428833,bmm
,181,181x4x113x565,11.0,390.0,60.72,26.5058,1.180678391456604,bmm
,209,209x5x185x28,30.36,390.0,60.0,24.45635999999999,0.1719999998807907,bmm
,223,223x3x210x7,33.0,390.0,59.56,23.520840000000003,0.038624000549316403,bmm
,190,190x15x190x7,33.0,390.0,59.0,23.63964,0.16593280136585237,bmm
,206,206x30x139x64,33.0,390.0,58.12,24.28916000000001,0.37030399441719053,bmm
,253,253x13x143x42,18.56,390.0,58.0,23.91188,0.2734976053237915,bmm
,155,155x1x234x45,14.0,390.0,58.0,23.538440000000016,0.1680767983198166,bmm
,208,208x11x223x86,14.0,378.0,58.0,24.264639999999996,0.5271424055099487,bmm
,160,160x3x144x92,14.0,375.0,57.0,24.47027999999999,0.6401535868644714,bmm
,228,228x4x175x77,21.48,375.0,57.0,24.117399999999993,0.8658239960670471,bmm
,242,242x12x214x190,25.0,396.6,57.0,25.79171999999999,2.685318422317505,bmm
,201,201x11x159x251,25.0,510.0,57.0,25.553960000000014,2.2444096565246583,bmm
,251,251x27x240x163,32.2,639.6,57.0,26.729679999999988,1.3094527959823608,bmm
,158,158x32x210x475,45.0,735.0,57.0,27.2848,1.8996480226516723,bmm
,163,163x27x249x395,45.0,735.0,57.0,29.63728,1.893177604675293,bmm
,228,228x9x168x440,45.0,735.0,57.0,27.15336,1.7831167697906494,bmm
,208,208x13x254x594,40.52,836.4,57.0,29.680720000000004,0.81009281873703,bmm
,228,228x3x240x590,37.0,930.0,57.0,39.10256000000001,0.4482367932796478,bmm
,153,153x31x197x922,37.0,930.0,57.0,43.63076000000001,0.799014401435852,bmm
,156,156x27x460x24,37.0,930.0,58.68,42.703999999999986,0.2116544008255005,bmm
,134,134x27x395x12,37.0,930.0,59.0,38.92499999999998,0.13056640028953553,bmm
,256,256x32x391x6,37.0,930.0,59.0,38.563999999999986,0.24611200094223024,bmm
,217,217x21x340x43,37.0,930.0,59.0,39.94700000000002,0.2113215982913971,bmm
,166,166x20x433x62,37.0,930.0,60.0,39.59452000000002,0.2031424015760422,bmm
,155,155x1x466x61,30.56,930.0,60.0,39.29963999999999,0.0700864002108574,bmm
,257,257x9x473x110,14.0,930.0,60.0,39.77179999999999,0.2702399969100952,bmm
,225,225x23x316x83,14.0,930.0,60.0,40.700959999999995,0.2418623983860016,bmm
,211,211x29x394x106,14.0,930.0,60.0,40.73600000000002,0.2929151952266693,bmm
,194,194x17x510x184,14.0,930.0,60.0,41.25699999999998,0.6164159893989563,bmm
,242,242x26x348x194,14.0,930.0,60.0,44.91179999999999,0.5464959979057312,bmm
,256,256x32x425x170,14.0,930.0,60.28,43.25672,0.7064704060554504,bmm
,166,166x2x308x471,14.0,630.0,61.0,43.42700000000001,0.34542720317840575,bmm
,243,243x15x293x366,16.8,549.0,61.0,43.39503999999999,1.4247488260269165,bmm
,172,172x32x474x414,19.0,540.0,61.76,46.32468,1.7834944248199462,bmm
,184,184x32x453x726,19.0,567.0,62.0,49.24416,2.363763189315796,bmm
,170,170x17x362x1016,19.0,621.6,62.48,49.114720000000005,2.195462465286255,bmm
,174,174x17x360x797,19.0,630.0,63.0,49.88011999999999,1.9025407552719116,bmm
,218,218x6x634x2,19.0,630.0,63.0,48.37599999999998,0.08822400122880936,bmm
,232,232x30x898x1,36.0,630.0,63.0,38.892000000000024,0.09593600183725357,bmm
,247,247x24x942x26,36.0,630.0,63.0,40.55948,0.817907202243805,bmm
,191,191x4x817x60,36.0,630.0,63.0,41.750600000000006,0.14881280064582825,bmm
,171,171x1x1015x37,36.0,630.0,63.0,39.37195999999999,0.12418560087680816,bmm
,185,185x28x983x36,36.0,630.0,63.0,39.82,0.8376704096794129,bmm
,141,141x30x790x118,36.0,630.0,63.0,42.93908000000001,0.5735040068626404,bmm
,229,229x28x694x122,36.0,630.0,63.0,42.413079999999994,0.7278911828994751,bmm
,184,184x25x976x84,30.88,630.0,63.0,43.868079999999985,0.8522047877311707,bmm
,149,149x27x846x143,20.0,630.0,63.0,43.042680000000026,1.1359872341156005,bmm
,226,226x2x539x199,20.0,630.0,63.0,45.038759999999975,0.3917568027973175,bmm
,152,152x5x677x240,20.0,567.6,63.0,41.88380000000002,0.3579647958278656,bmm
,248,248x10x797x340,20.0,435.0,63.0,47.33024,2.529964828491211,bmm
,201,201x1x547x375,20.0,435.0,63.12,46.70448,0.6110079884529114,bmm
,196,196x7x789x434,23.52,431.4,64.0,43.48688000000001,2.211417627334595,bmm
,250,250x4x848x826,31.0,437.4,64.0,50.716,2.777945566177368,bmm
,209,209x22x1001x928,31.0,948.6,64.84,63.005879999999976,4.426489448547363,bmm
,191,191x8x986x840,31.0,1305.0,67.0,70.45179999999998,2.0589823722839355,bmm
,171,171x33x32x13,46.0,1305.0,67.0,73.53299999999996,0.022892799973487855,bmm
,176,176x56x23x29,46.0,1305.0,67.0,47.292999999999985,0.022105600312352182,bmm
,163,163x59x10x13,46.0,1305.0,67.0,47.324,0.016383999958634377,bmm
,242,242x63x22x57,46.0,1305.0,67.0,46.815000000000026,0.02736639976501465,bmm
,186,186x57x22x61,46.0,1305.0,67.0,47.20000000000002,0.022809600457549095,bmm
,200,200x59x17x50,46.0,1305.0,67.0,47.086000000000006,0.022656000033020974,bmm
,180,180x42x10x74,46.0,1305.0,67.0,46.897000000000006,0.028147200122475624,bmm
,221,221x57x22x118,46.0,1305.0,67.0,46.80600000000001,0.039903999865055086,bmm
,246,246x39x19x87,46.0,1305.0,67.0,47.19399999999999,0.04126079976558685,bmm
,157,157x45x12x239,46.0,1305.0,67.0,47.226000000000006,0.04406399950385094,bmm
,213,213x57x33x195,5.0,1305.0,67.0,47.23199999999998,0.08805759996175766,bmm
,241,241x52x25x130,5.0,1305.0,67.0,48.1604,0.07119359970092773,bmm
,209,209x38x6x419,5.0,1305.0,67.0,47.94655999999999,0.08022399991750717,bmm
,217,217x47x7x278,5.0,1305.0,67.0,47.8952,0.06547199934720993,bmm
,174,174x34x6x416,5.0,1305.0,67.0,47.88220000000001,0.06753920018672943,bmm
,222,222x36x1x957,5.0,1305.0,67.0,48.013360000000006,0.1228799968957901,bmm
,198,198x57x8x1009,5.0,495.0,67.0,45.467240000000004,0.3652543962001801,bmm
,129,129x63x20x608,5.0,478.2,67.0,41.20399999999998,0.22727679908275605,bmm
,154,154x53x65x2,5.0,465.0,66.24,40.68932000000001,0.08801919966936111,bmm
,229,229x56x33x2,9.0,435.0,66.0,38.97415999999999,0.08230400085449219,bmm
,129,129x39x57x23,9.0,435.0,66.0,38.67760000000001,0.06503040045499801,bmm
,134,134x50x58x39,9.0,420.0,66.0,38.45164000000002,0.06835840046405792,bmm
,149,149x34x47x57,9.0,412.8,65.12,38.487639999999985,0.07395840138196945,bmm
,145,145x51x56x56,9.0,390.0,65.0,38.181879999999985,0.0845440000295639,bmm
,164,164x49x46x117,9.0,380.4,65.0,38.42899999999998,0.12823040187358856,bmm
,130,130x61x51x79,9.0,375.0,65.0,38.76800000000002,0.1189056009054184,bmm
,236,236x44x44x68,9.0,375.0,64.0,38.59699999999999,0.17404159903526306,bmm
,243,243x45x46x183,10.08,375.0,64.0,38.79952000000001,0.29176320433616637,bmm
,225,225x49x62x220,12.0,375.0,64.0,39.29520000000002,0.40090879797935486,bmm
,159,159x33x42x217,12.0,375.0,64.0,39.909,0.23861120045185089,bmm
,218,218x44x46x278,12.0,375.0,64.0,39.499599999999994,0.4607424080371857,bmm
,231,231x42x37x319,12.0,375.0,64.0,39.625520000000016,0.4347264051437378,bmm
,208,208x48x65x489,12.0,375.0,64.0,40.07799999999998,0.769593608379364,bmm
,233,233x47x43x1000,12.0,375.0,64.0,42.439360000000015,1.2528255939483643,bmm
,188,188x52x45x534,12.0,375.0,64.0,42.190000000000026,0.6501055955886841,bmm
,176,176x48x60x759,23.0,375.0,64.0,41.95792,0.8753279924392701,bmm
,159,159x60x83x27,23.0,375.0,64.0,40.51388000000002,0.1252479985356331,bmm
,159,159x50x106x23,23.0,375.0,64.0,38.43163999999998,0.14951680302619935,bmm
,197,197x47x89x3,23.0,375.0,64.0,38.64300000000002,0.16520319879055023,bmm
,231,231x44x86x60,23.0,375.0,64.0,38.28703999999998,0.1627135992050171,bmm
,244,244x41x84x45,23.0,375.0,63.0,35.09143999999997,0.26676479876041415,bmm
,251,251x45x117x39,23.0,375.0,63.0,28.417520000000014,0.3574207961559296,bmm
,173,173x38x90x115,21.04,375.0,63.0,28.807280000000002,0.3510591983795166,bmm
,132,132x63x85x117,16.0,375.0,62.24,28.597519999999996,0.2953408002853394,bmm
,186,186x36x84x88,16.0,375.0,62.0,28.56200000000001,0.30291839838027956,bmm
,235,235x39x75x216,16.0,375.0,62.0,28.99015999999998,0.6634943962097168,bmm
,129,129x49x102x241,16.0,375.0,61.16,25.383879999999998,0.5542528033256531,bmm
,146,146x63x93x162,16.0,375.0,61.0,25.845999999999993,0.48992639780044556,bmm
,234,234x49x93x469,25.6,420.6,60.04,27.67160000000001,1.6140991926193238,bmm
,164,164x50x108x376,28.0,435.0,59.48,25.563479999999995,1.0370880126953126,bmm
,175,175x55x114x511,28.0,435.0,59.0,25.900199999999987,1.5599999904632569,bmm
,129,129x47x68x824,27.12,435.0,59.0,26.452400000000015,1.1990848302841186,bmm
,255,255x65x91x724,26.0,1239.6,58.04,32.57200000000001,1.0161792039871216,bmm
,222,222x56x105x999,26.0,1470.0,58.0,54.98556000000002,0.6129664063453675,bmm
,158,158x36x232x1,26.0,1470.0,58.0,56.04399999999999,0.02096639983355999,bmm
,224,224x57x247x6,26.0,1470.0,62.0,49.49,0.10699520111083985,bmm
,175,175x59x134x24,26.0,1470.0,62.0,51.025999999999996,0.0622591994702816,bmm
,134,134x45x236x47,32.44,1470.0,62.0,50.440000000000026,0.060345600545406344,bmm
,204,204x46x146x43,33.0,1470.0,62.0,50.782,0.06977280229330063,bmm
,143,143x57x182x59,33.0,1470.0,63.76,50.35012000000002,0.0720192015171051,bmm
,253,253x56x180x81,33.0,1470.0,64.0,50.63071999999999,0.15567359328269958,bmm
,214,214x49x135x85,33.0,1470.0,64.0,51.30440000000001,0.10609920024871826,bmm
,229,229x33x251x119,33.0,1470.0,64.0,52.616719999999994,0.18247039914131163,bmm
,142,142x61x164x221,33.0,1470.0,65.0,53.882,0.16181119680404663,bmm
,210,210x38x191x160,33.0,1470.0,65.0,54.26283999999999,0.20472959578037261,bmm
,129,129x63x220x136,17.88,1470.0,65.0,54.458600000000004,0.15234560072422026,bmm
,175,175x59x233x482,6.0,1470.0,65.0,55.72064000000001,0.4994047999382019,bmm
,206,206x34x193x463,6.0,780.0,67.0,59.10720000000001,0.6836992025375366,bmm
,162,162x39x248x451,6.0,712.2,67.0,45.894479999999994,0.9415488004684448,bmm
,135,135x51x219x921,6.0,701.4,66.88,46.4788,1.41354238986969,bmm
,245,245x53x197x661,6.0,690.0,66.0,47.53304,1.7776511907577515,bmm
,152,152x50x194x841,6.88,690.0,66.0,47.779120000000006,1.303705620765686,bmm
,253,253x48x349x27,28.0,675.0,65.48,45.912119999999994,0.310342401266098,bmm
,173,173x60x390x20,28.0,666.6,65.0,41.71420000000001,0.3261951982975006,bmm
,129,129x64x300x16,28.0,645.0,65.0,40.506520000000016,0.14911360144615174,bmm
,217,217x53x394x59,28.0,609.0,65.0,40.125,0.35728639960289,bmm
,129,129x47x317x53,28.0,600.0,64.04,42.170759999999994,0.17012479901313782,bmm
,141,141x63x511x48,28.0,555.0,64.0,40.11507999999998,0.39961599707603457,bmm
,217,217x57x332x129,28.0,543.6,64.0,41.17992000000001,0.8566720008850097,bmm
,219,219x61x482x88,24.92,537.6,64.0,44.4762,0.8656383991241455,bmm
,216,216x59x337x105,17.0,525.0,64.0,41.389,0.6382272005081177,bmm
,253,253x54x321x140,17.0,495.0,64.0,44.14220000000001,1.1415744066238402,bmm
,205,205x49x394x132,17.0,495.0,64.0,44.15395999999999,1.1234879970550538,bmm
,193,193x41x478x150,17.0,490.2,64.0,44.30759999999999,1.229420804977417,bmm
,135,135x48x311x355,17.0,480.0,64.0,43.865639999999985,1.0746623754501343,bmm
,225,225x50x364x276,23.6,508.2,64.0,35.43160000000001,2.977625608444214,bmm
,158,158x35x451x281,32.0,610.2,64.0,33.95135999999999,2.3756992340087892,bmm
,135,135x65x388x995,32.0,815.4,63.0,44.050680000000014,4.397907257080078,bmm
,186,186x47x461x985,32.0,1127.4,63.0,58.42879999999998,2.4369344234466555,bmm
,183,183x45x392x730,32.0,1155.0,66.0,58.83004000000002,1.5052671909332276,bmm
,180,180x60x810x6,45.0,1155.0,66.0,60.31140000000001,0.3870207965373993,bmm
,228,228x47x767x2,45.0,1155.0,66.0,49.89711999999999,0.3723072111606598,bmm
,210,210x62x1008x9,45.0,1155.0,66.28,50.47688000000001,0.48334721326828,bmm
,214,214x42x941x63,45.0,1155.0,67.0,51.154,0.46110079884529115,bmm
,189,189x55x831x60,45.0,1155.0,67.0,52.904,0.4120383977890015,bmm
,228,228x57x547x47,45.0,1155.0,67.0,52.66900000000001,0.29683839678764345,bmm
,186,186x36x827x127,45.0,1155.0,67.0,51.699840000000016,0.5865919947624206,bmm
,176,176x65x602x106,45.0,1155.0,67.0,52.84243999999998,0.7947456121444703,bmm
,240,240x36x1023x121,17.0,1155.0,67.0,53.87324,0.9442879915237427,bmm
,233,233x51x1024x206,17.0,1155.0,67.52,59.51547999999999,1.6540799856185913,bmm
,196,196x42x899x164,17.0,1155.0,68.0,61.25948,0.9854336023330689,bmm
,155,155x61x771x195,17.0,1155.0,68.0,58.69943999999999,0.9069568037986755,bmm
,247,247x39x766x447,17.0,1036.2,68.76,61.245240000000024,2.7650495529174806,bmm
,236,236x52x983x409,17.0,1155.0,69.0,67.75552000000002,3.111513614654541,bmm
,221,221x41x806x317,38.0,1457.4,70.0,58.49564,1.4809152126312255,bmm
,156,156x35x615x812,38.0,1470.0,70.0,73.26788000000002,1.8594943761825562,bmm
,254,254x39x842x907,38.0,1672.8,73.04,93.29916000000003,3.724518394470215,bmm
,140,140x58x780x612,38.0,1845.0,74.0,96.82755999999999,1.2209984064102173,bmm
,172,172x95x25x21,31.0,1845.0,80.0,111.892,0.02664959989488125,bmm
,245,245x84x26x31,31.0,1845.0,80.0,74.20599999999996,0.034752000123262405,bmm
,171,171x79x24x18,31.0,1845.0,80.0,73.86100000000005,0.022252799943089485,bmm
,207,207x86x25x45,31.0,1845.0,80.0,72.80500000000005,0.031078400462865828,bmm
,185,185x98x26x46,31.0,1845.0,80.0,73.182,0.028377600014209747,bmm
,145,145x119x30x53,31.0,1845.0,79.0,73.20800000000003,0.026547199860215188,bmm
,252,252x99x17x70,31.0,1845.0,79.0,73.19700000000005,0.051257599145174026,bmm
,256,256x101x14x106,31.0,1845.0,79.0,74.20800000000003,0.04700800031423569,bmm
,157,157x81x14x113,31.0,1845.0,79.0,74.19399999999997,0.03075839951634407,bmm
,197,197x119x4x221,31.0,1845.0,79.24,73.66200000000002,0.06327039897441863,bmm
,153,153x72x3x235,7.24,1845.0,80.0,74.95299999999999,0.04290559962391853,bmm
,217,217x123x16x183,4.0,1845.0,80.0,74.34899999999998,0.07456639856100082,bmm
,135,135x119x25x393,4.0,1845.0,80.0,76.241,0.1228671982884407,bmm
,196,196x108x16x379,4.0,1845.0,80.0,78.20900000000005,0.11640320122241973,bmm
,213,213x114x14x357,4.0,782.4,81.0,77.49312000000003,0.18467840254306794,bmm
,174,174x78x13x765,4.0,687.6,81.0,50.25623999999999,0.46646400094032286,bmm
,196,196x65x22x671,4.0,640.2,77.16,43.29919999999999,0.6533056259155273,bmm
,229,229x76x31x983,10.0,586.2,73.0,45.99508000000001,1.3739968061447143,bmm
,145,145x82x59x2,10.0,575.4,73.0,45.69748,0.10188160091638565,bmm
,152,152x94x35x32,10.0,570.0,71.96,41.966,0.08182399868965148,bmm
,143,143x88x51x23,10.0,525.0,71.0,41.192,0.10209919959306717,bmm
,255,255x72x42x46,10.0,480.0,71.0,41.34179999999999,0.15854719877243043,bmm
,200,200x118x33x44,10.0,480.0,70.04,41.686240000000005,0.12250879853963852,bmm
,151,151x99x47x55,10.0,450.0,69.0,41.30316000000002,0.11525760143995285,bmm
,214,214x101x63x84,11.92,446.4,69.0,41.17791999999999,0.314438396692276,bmm
,250,250x111x43x90,14.0,418.2,68.44,41.34868,0.30739840865135193,bmm
,145,145x84x49x91,14.0,405.0,68.0,41.976000000000006,0.2356608033180237,bmm
,202,202x66x52x193,14.0,375.0,68.0,41.933599999999984,0.673856008052826,bmm
,256,256x82x43x180,14.0,375.0,67.84,42.55840000000002,0.7725695967674255,bmm
,192,192x113x48x216,14.0,375.0,67.0,31.584279999999982,0.7534144043922424,bmm
,162,162x101x54x409,15.96,375.0,67.0,30.04263999999999,1.0914431810379028,bmm
,162,162x122x43x339,21.0,375.0,65.48,30.49896000000001,0.9768447995185852,bmm
,200,200x100x59x506,21.0,409.2,64.84,30.029480000000014,1.6639296054840087,bmm
,229,229x96x48x898,21.0,420.0,64.0,29.13736000000001,2.955788803100586,bmm
,203,203x106x63x974,34.0,492.6,63.0,31.27128,3.3323327541351317,bmm
,179,179x75x45x1025,34.0,615.0,62.56,29.840160000000015,2.1418880462646483,bmm
,172,172x104x108x11,34.0,615.0,62.0,26.197079999999985,0.28965760469436647,bmm
,246,246x100x79x23,34.0,615.0,61.48,25.11195999999999,0.3500095963478088,bmm
,144,144x88x109x31,33.0,615.0,61.0,25.057160000000003,0.2851327955722809,bmm
,201,201x124x109x43,33.0,615.0,60.88,25.2582,0.5280127882957458,bmm
,196,196x78x79x36,33.0,615.0,60.0,25.748039999999996,0.28154879808425903,bmm
,231,231x103x126x35,33.0,615.0,59.56,25.887839999999994,1.0172863841056823,bmm
,146,146x102x93x103,26.6,771.0,59.0,26.45608,0.4459903955459595,bmm
,190,190x74x88x85,25.0,810.0,59.0,24.88144,0.4021183967590332,bmm
,234,234x94x69x124,25.0,810.0,59.0,26.039520000000007,0.6106623888015748,bmm
,157,157x126x104x134,25.0,810.0,59.0,26.174639999999997,0.2983295977115631,bmm
,235,235x102x72x196,25.0,810.0,59.0,39.46992000000001,0.3934847950935364,bmm
,245,245x105x69x228,20.52,810.0,59.0,40.04112000000003,0.4135232031345367,bmm
,159,159x99x81x491,18.0,810.0,59.64,40.81899999999999,0.629420793056488,bmm
,153,153x97x91x446,18.0,810.0,61.0,43.78099999999998,0.6465855956077575,bmm
,138,138x128x90x512,18.0,810.0,61.0,44.13132000000002,0.5971711993217468,bmm
,161,161x105x94x753,18.0,810.0,61.0,41.896919999999994,1.029964804649353,bmm
,176,176x122x104x591,18.0,810.0,62.0,46.428799999999995,0.9847039937973022,bmm
,239,239x115x120x798,20.08,776.4,62.0,41.648999999999994,2.361561584472656,bmm
,188,188x114x245x30,31.0,1110.0,62.0,41.731879999999975,0.21228800117969512,bmm
,174,174x72x175x16,31.0,1110.0,62.0,47.523,0.14927999973297118,bmm
,237,237x79x151x2,31.0,1110.0,62.0,46.736999999999995,0.17034880220890045,bmm
,140,140x115x229x58,31.0,1110.0,62.0,46.94808,0.1725055992603302,bmm
,141,141x129x138x55,31.0,1110.0,63.0,46.97711999999999,0.15093759894371034,bmm
,175,175x70x241x58,31.0,1110.0,63.0,47.061240000000005,0.20481919944286348,bmm
,159,159x126x240x121,31.0,1110.0,63.0,48.25460000000001,0.3216832041740417,bmm
,142,142x96x229x69,31.0,1110.0,63.0,49.167999999999985,0.28908159732818606,bmm
,192,192x98x255x101,10.0,1110.0,64.0,45.99199999999999,0.41050879955291747,bmm
,192,192x83x130x257,10.0,1110.0,64.0,50.259360000000015,0.6912448048591614,bmm
,256,256x115x195x208,10.0,1110.0,64.0,52.618919999999996,0.8115903973579407,bmm
,133,133x108x197x138,10.0,1110.0,64.52,51.22299999999998,0.3452992022037506,bmm
,244,244x100x219x354,10.0,1110.0,65.0,53.00164000000001,1.2402752161026,bmm
,138,138x72x213x481,10.0,1000.8,65.0,55.4898,0.9593791961669922,bmm
,253,253x108x169x360,15.28,895.2,65.0,48.73307999999998,1.2424895763397217,bmm
,238,238x105x243x676,21.0,939.0,65.0,52.43952000000002,2.9425856113433837,bmm
,178,178x90x193x899,21.0,1020.0,65.96,59.801799999999986,2.5293887138366697,bmm
,134,134x126x133x990,21.0,1020.0,67.0,59.979440000000025,1.2332287788391114,bmm
,193,193x109x396x6,21.0,1020.0,67.0,53.244879999999974,0.33714560270309446,bmm
,220,220x72x285x29,21.0,1020.0,67.0,49.077,0.29070080518722535,bmm
,182,182x92x456x5,21.0,1020.0,67.0,49.02999999999998,0.36992639899253843,bmm
,169,169x98x380x59,30.0,1020.0,67.0,49.600960000000015,0.3286719977855682,bmm
,149,149x128x387x38,30.0,1020.0,67.0,48.762399999999985,0.29701119661331177,bmm
,251,251x113x425x49,30.0,1020.0,66.28,49.496800000000015,0.4991936028003693,bmm
,220,220x120x432x88,30.0,1020.0,66.0,51.10819999999999,0.7464640021324158,bmm
,221,221x110x425x95,30.0,1020.0,66.0,53.15072000000001,0.7482432126998901,bmm
,146,146x124x454x86,30.0,1020.0,66.2,52.65848000000002,0.5529279828071594,bmm
,190,190x105x416x198,30.0,1020.0,67.0,52.74139999999999,1.2596800088882447,bmm
,171,171x104x481x248,24.24,1020.0,67.0,56.047159999999984,1.3490880012512207,bmm
,225,225x125x300x189,21.0,1020.0,67.28,57.34908,0.8998207926750184,bmm
,239,239x126x458x345,21.0,907.8,68.0,54.44732000000002,2.9024832248687744,bmm
,229,229x121x304x394,21.0,1170.0,68.0,53.40772000000002,1.9396287679672242,bmm
,242,242x95x385x431,21.0,1170.0,68.0,59.82983999999998,2.8689151763916017,bmm
,129,129x122x270x958,35.0,1236.0,68.0,63.16532000000001,1.946284794807434,bmm
,218,218x106x261x741,35.0,1245.0,71.0,64.6396,2.250182342529297,bmm
,243,243x125x278x751,35.0,1305.0,71.0,68.48707999999999,2.6571967601776123,bmm
,228,228x89x918x31,35.0,1320.0,71.4,69.78999999999996,0.7642879843711853,bmm
,243,243x89x655x2,35.0,1320.0,72.0,60.65699999999998,0.5495936036109924,bmm
,239,239x126x686x4,35.0,1320.0,72.0,59.23036,0.5948863983154297,bmm
,218,218x103x1014x60,33.56,1320.0,72.0,60.447520000000004,0.9003199934959412,bmm
,159,159x100x729x48,32.0,1320.0,72.0,60.72199999999999,0.48469760417938235,bmm
,156,156x113x561x37,32.0,1320.0,72.0,58.01572,0.38465920090675354,bmm
,236,236x66x622x75,32.0,1320.0,72.0,57.92488000000001,0.9348096132278443,bmm
,234,234x69x632x112,32.0,1320.0,72.0,60.699400000000026,0.9267648100852967,bmm
,234,234x100x851x106,32.0,1320.0,72.0,64.97532,1.2203968048095704,bmm
,129,129x95x588x230,32.0,1320.0,72.0,65.11811999999999,0.9825600028038025,bmm
,165,165x106x845x252,29.76,1320.0,72.88,69.35915999999997,1.7216064453125,bmm
,181,181x72x980x193,24.0,1320.0,74.0,69.99676000000002,2.193529653549194,bmm
,255,255x69x515x276,24.0,1237.8,74.0,63.697199999999995,2.6290688037872316,bmm
,166,166x106x882x477,24.0,1366.2,74.0,75.83796,3.4834752559661863,bmm
,256,256x120x625x313,24.0,1558.2,75.28,80.08911999999998,2.4268478870391847,bmm
,151,151x72x514x591,35.56,1650.0,78.0,91.12087999999999,2.0409600257873537,bmm
,178,178x114x827x614,41.0,1650.0,79.28,85.58683999999998,3.598220777511597,bmm
,130,130x99x678x583,41.0,1650.0,80.0,82.3996,2.173414421081543,bmm
,224,224x149x23x30,41.0,1650.0,80.64,113.85300000000002,0.04646399989724159,bmm
,252,252x179x9x20,41.0,1650.0,81.0,64.87400000000001,0.041171200573444366,bmm
,166,166x137x20x22,41.0,1650.0,81.0,63.64599999999998,0.0335487999022007,bmm
,185,185x133x1x40,24.0,1650.0,81.0,62.77600000000001,0.01645439974963665,bmm
,214,214x164x9x63,24.0,1650.0,81.0,61.81899999999998,0.03685760125517845,bmm
,145,145x183x23x33,24.0,1650.0,78.0,61.78980000000002,0.0332224003970623,bmm
,156,156x201x32x105,24.0,1650.0,78.0,61.26480000000001,0.08109440207481385,bmm
,164,164x182x6x103,24.0,1650.0,78.0,60.392920000000004,0.041126400232315063,bmm
,213,213x146x8x80,24.0,1333.2,78.0,59.51964,0.05342080071568489,bmm
,162,162x182x26x174,24.0,930.0,75.0,47.94700000000001,0.1847680002450943,bmm
,145,145x146x32x195,24.0,872.4,75.0,42.38595999999998,0.23610880076885224,bmm
,238,238x142x19x208,5.0,810.0,75.0,43.763000000000005,0.35626240372657775,bmm
,241,241x203x24x321,5.0,802.8,72.0,44.69919999999998,0.563103997707367,bmm
,241,241x245x2x492,5.0,734.4,72.0,43.43100000000001,0.5778048038482666,bmm
,167,167x249x12x436,5.0,716.4,71.44,46.09299999999999,0.5319615960121155,bmm
,249,249x202x23x954,5.0,690.0,71.0,47.846199999999996,1.9076607942581176,bmm
,142,142x199x5x516,5.0,690.0,71.0,47.89024000000001,0.46887039542198183,bmm
,244,244x188x29x687,21.0,660.0,70.0,46.37784000000001,1.3261759996414184,bmm
,230,230x228x40x22,21.0,651.0,70.0,46.22304,0.17176959812641143,bmm
,232,232x137x52x4,21.0,645.0,70.0,41.940000000000026,0.17407360076904296,bmm
,239,239x219x47x6,21.0,603.6,68.08,40.71515999999999,0.2263359993696213,bmm
,165,165x248x49x54,21.0,555.0,68.0,41.82115999999999,0.20132479965686798,bmm
,155,155x145x46x35,21.0,552.6,68.0,41.53792000000001,0.13509759902954102,bmm
,230,230x190x44x49,21.0,525.0,68.0,41.34608000000002,0.20051840245723723,bmm
,192,192x179x63x72,15.4,507.0,67.0,41.833600000000004,0.35244799256324766,bmm
,204,204x150x35x98,14.0,483.0,67.0,30.630600000000012,0.46378880739212036,bmm
,176,176x199x58x99,14.0,437.4,65.16,29.31179999999998,0.6618880033493042,bmm
,147,147x158x37x254,14.0,435.0,65.0,30.159559999999995,0.7945023894309997,bmm
,194,194x147x61x213,14.0,425.4,64.8,30.212000000000007,1.0863168001174928,bmm
,184,184x189x51x141,21.04,411.0,64.0,27.132800000000007,0.7904319882392883,bmm
,235,235x214x48x283,25.0,423.6,63.16,28.67404,1.9455104112625121,bmm
,185,185x244x38x392,25.0,510.0,62.84,28.725200000000005,2.1779391765594482,bmm
,169,169x256x59x321,26.2,510.0,62.0,28.550599999999996,1.9128127813339233,bmm
,136,136x144x49x532,35.0,510.0,61.6,27.819959999999995,1.4515136003494262,bmm
,254,254x188x41x1008,35.0,826.2,61.0,33.37124000000001,1.4216447830200196,bmm
,221,221x153x38x917,35.0,1125.0,61.0,50.00843999999999,1.3348736047744751,bmm
,211,211x167x116x26,35.0,1125.0,61.0,53.808920000000015,0.1759872019290924,bmm
,222,222x142x117x14,36.92,1125.0,61.0,48.56768,0.180934402346611,bmm
,179,179x225x100x20,38.0,1125.0,64.0,47.42555999999999,0.18179839849472046,bmm
,159,159x256x124x63,38.0,1125.0,64.0,47.6986,0.19854719638824464,bmm
,242,242x181x78x62,38.0,1125.0,64.0,48.38199999999999,0.15809920132160188,bmm
,182,182x211x76x46,38.0,1125.0,64.0,47.81799999999999,0.14983680248260497,bmm
,220,220x195x92x96,38.0,1125.0,64.0,47.21299999999999,0.3477760016918182,bmm
,217,217x246x80x118,38.0,1125.0,64.0,50.190000000000026,0.30491520166397096,bmm
,240,240x157x93x118,38.0,1125.0,64.0,50.12112000000002,0.36663679480552674,bmm
,226,226x249x75x161,38.0,1125.0,64.0,50.39071999999998,0.5038336157798767,bmm
,238,238x243x83x142,17.2,1125.0,65.0,50.51983999999999,0.5713855981826782,bmm
,158,158x165x111x217,12.0,1125.0,65.0,51.98800000000003,0.4320448040962219,bmm
,248,248x161x113x501,12.0,1125.0,65.0,54.5088,1.402521586418152,bmm
,143,143x184x107x421,12.0,936.0,65.8,55.30471999999999,0.7718080043792724,bmm
,233,233x192x111x457,12.0,892.2,66.0,47.81815999999996,1.527680015563965,bmm
,240,240x223x92x863,12.0,933.0,66.32,53.98928000000001,3.010067176818848,bmm
,214,214x212x100x637,27.96,992.4,67.0,57.38559999999998,2.0296639442443847,bmm
,228,228x166x104x659,31.0,1005.0,67.0,54.980599999999995,1.7987328052520752,bmm
,226,226x188x141x29,31.0,1005.0,68.0,59.561800000000005,0.24575999677181243,bmm
,155,155x221x139x18,31.0,1005.0,68.0,48.01995999999999,0.21974400281906128,bmm
,140,140x145x152x20,31.0,1005.0,68.0,47.43979999999997,0.16033280193805693,bmm
,217,217x251x203x53,31.0,1005.0,68.0,48.11836000000001,0.4403583943843842,bmm
,180,180x142x164x51,31.0,1005.0,67.0,50.625,0.23015680015087128,bmm
,252,252x178x181x51,30.56,1005.0,67.0,48.451,0.3431359946727753,bmm
,247,247x158x150x68,20.0,1005.0,67.0,50.1746,0.5805887937545776,bmm
,145,145x146x177x109,20.0,1005.0,67.0,49.93663999999999,0.4162816047668457,bmm
,147,147x250x217x74,20.0,1005.0,67.0,49.78456000000001,0.5604735851287842,bmm
,252,252x186x185x183,20.0,1005.0,67.0,52.353720000000024,0.9772223949432373,bmm
,175,175x135x147x129,20.0,1005.0,67.0,54.91635999999998,0.538918399810791,bmm
,177,177x163x172x155,20.0,1005.0,67.0,50.100280000000005,0.6197120070457458,bmm
,187,187x253x162x291,20.0,660.0,67.0,53.00284,2.395839977264404,bmm
,238,238x183x182x268,23.0,720.0,67.0,50.3412,2.2521408557891847,bmm
,182,182x183x206x443,23.0,720.0,67.0,50.36868000000001,2.607590389251709,bmm
,222,222x182x241x950,23.0,1032.0,67.0,53.43347999999998,3.9351168155670164,bmm
,130,130x211x159x929,23.0,1410.0,67.0,71.02703999999997,2.015436792373657,bmm
,129,129x208x171x947,44.0,1410.0,68.2,62.71568000000001,2.17291522026062,bmm
,155,155x235x329x30,44.0,1410.0,72.0,78.48096000000005,0.3850752055644989,bmm
,163,163x255x450x16,44.0,1410.0,72.0,55.72580000000003,0.5115648031234741,bmm
,186,186x187x426x33,44.0,1410.0,72.0,60.20800000000001,0.4716480016708374,bmm
,151,151x256x411x62,44.0,1410.0,71.0,61.43600000000003,0.491103994846344,bmm
,228,228x155x488x50,44.0,1410.0,71.0,60.73279999999996,0.5762879967689514,bmm
,204,204x151x352x59,44.0,1410.0,71.0,60.42128000000002,0.38360959887504575,bmm
,246,246x223x486x124,19.0,1410.0,71.44,63.34848,1.3857408046722413,bmm
,209,209x221x443x85,19.0,1410.0,72.0,69.97987999999998,1.0893376111984252,bmm
,237,237x160x266x66,19.0,1410.0,72.0,67.82200000000005,0.6736703991889954,bmm
,217,217x237x359x181,19.0,1140.0,72.28,64.81252000000003,1.7771903991699218,bmm
,169,169x182x360x153,19.0,1126.8,73.0,61.57276000000002,1.0400448083877563,bmm
,253,253x139x292x178,19.0,1119.6,73.0,61.022119999999994,1.2822783946990968,bmm
,219,219x250x314x274,25.76,1110.0,72.24,62.836240000000004,3.072000026702881,bmm
,190,190x255x509x398,32.0,1448.4,72.0,77.66831999999998,4.003340768814087,bmm
,188,188x233x513x340,32.0,1590.0,76.0,77.89920000000001,2.98700156211853,bmm
,142,142x235x341x557,32.0,1590.0,76.0,80.60304000000002,2.50731520652771,bmm
,214,214x140x308x620,38.4,1661.4,80.0,94.08363999999997,2.890284776687622,bmm
,204,204x248x332x569,40.0,1685.4,80.48,91.92311999999998,3.2747264385223387,bmm
,201,201x206x777x20,40.0,1695.0,84.0,95.10860000000001,1.0101951837539673,bmm
,135,135x193x756x6,40.0,1695.0,84.0,85.74800000000003,0.6090880036354065,bmm
,162,162x241x637x24,40.0,1695.0,84.0,81.51143999999998,0.7617792010307312,bmm
,175,175x187x979x42,40.0,1695.0,81.0,82.74895999999995,1.0935359716415405,bmm
,182,182x186x894x43,29.0,1695.0,81.0,85.60300000000001,0.9971456050872802,bmm
,217,217x152x638x39,29.0,1694.4,81.0,91.19160000000005,0.7050368070602417,bmm
,179,179x177x803x123,29.0,1682.4,82.28,80.39320000000002,1.081548810005188,bmm
,186,186x157x898x89,29.0,1695.0,83.0,94.50240000000002,1.4565888166427612,bmm
,171,171x222x1020x120,29.0,1685.4,83.0,96.12588000000004,1.7146112203598023,bmm
,148,148x220x659x182,29.0,1615.8,83.8,93.29052,1.5765504121780396,bmm
,134,134x165x990x241,26.12,1417.2,84.0,78.57880000000002,2.2343103885650635,bmm
,227,227x234x870x249,26.0,1410.0,82.0,88.61096000000003,4.455468845367432,bmm
,173,173x148x675x355,26.0,1676.4,82.0,103.40144000000001,2.971884822845459,bmm
,241,241x135x884x275,26.0,1608.6,85.0,112.98424000000001,5.4330497741699215,bmm
,148,148x239x607x409,47.12,1588.8,85.24,107.068,3.633241605758667,bmm
,244,244x227x641x684,48.0,1684.8,87.64,119.04252000000001,8.754015922546387,bmm
,221,221x238x779x663,50.88,1627.8,89.0,130.50848,9.824729728698731,bmm
,156,156x238x560x638,54.0,1480.2,89.0,106.57923999999998,4.558668899536133,bmm
,195,195x366x30x4,54.0,1786.2,86.0,94.33400000000002,0.08017279952764511,bmm
,252,252x390x9x23,54.0,1680.0,86.0,67.33400000000005,0.08799359947443008,bmm
,239,239x503x12x21,54.0,1680.0,86.0,65.42300000000003,0.09621120244264603,bmm
,252,252x293x10x62,38.4,1759.2,82.0,65.70388000000001,0.0679871991276741,bmm
,143,143x444x14x44,28.0,1860.0,82.0,74.41587999999997,0.04917760044336319,bmm
,143,143x365x28x64,28.0,1759.2,82.0,78.87619999999997,0.066559998691082,bmm
,246,246x308x17x117,28.0,1680.0,82.0,68.99299999999995,0.13337599635124206,bmm
,141,141x300x3x67,28.0,1831.2,82.0,68.337,0.047731199860572816,bmm
,225,225x305x1x108,28.0,1860.0,82.0,75.79099999999995,0.07692800015211106,bmm
,139,139x420x7x138,28.0,1791.0,82.0,79.69408000000001,0.10437759906053543,bmm
,207,207x297x6x237,28.0,1768.2,82.0,75.77411999999998,0.18106879889965058,bmm
,156,156x289x32x134,28.0,1736.4,82.0,71.96619999999999,0.150041601061821,bmm
,213,213x495x23x425,6.88,1842.0,82.0,72.54400000000004,0.626470398902893,bmm
,257,257x483x32x320,6.0,1860.0,82.0,104.317,0.6358207941055298,bmm
,200,200x414x11x348,6.0,1050.0,82.0,96.53792,0.5869248032569885,bmm
,225,225x273x11x957,6.0,1023.6,82.0,56.38884000000001,1.253721570968628,bmm
,247,247x317x16x974,6.0,1009.8,80.2,52.888960000000026,1.3302207946777345,bmm
,211,211x388x19x644,6.0,945.0,77.0,54.75332000000001,1.5481215953826903,bmm
,235,235x424x51x23,25.0,931.2,77.0,52.583,0.27985919713974,bmm
,252,252x445x52x10,25.0,930.0,76.4,45.159000000000006,0.2948800027370453,bmm
,151,151x315x38x23,25.0,886.8,74.0,42.806160000000006,0.12052480280399322,bmm
,145,145x449x45x61,25.0,832.2,74.0,42.38572000000001,0.2028031975030899,bmm
,138,138x328x62x64,25.0,753.0,72.48,43.67899999999999,0.20273280143737793,bmm
,229,229x484x59x47,25.0,750.0,72.0,44.10795999999999,0.42593919634819033,bmm
,203,203x325x47x68,25.0,720.0,72.0,45.73320000000002,0.43209601044654844,bmm
,220,220x402x63x98,16.16,704.4,72.0,44.68732,0.6748479962348938,bmm
,135,135x400x42x80,12.0,690.0,71.0,45.191000000000024,0.35162240266799927,bmm
,226,226x453x41x239,12.0,645.0,71.0,46.12663999999999,1.3991616010665893,bmm
,245,245x506x46x156,12.0,630.6,71.0,48.01284,1.2837503910064698,bmm
,189,189x362x56x179,12.0,622.2,70.0,46.83196000000001,0.7794367909431458,bmm
,146,146x375x53x367,12.0,615.0,70.0,46.601519999999994,1.1941824197769164,bmm
,239,239x299x42x257,12.0,615.0,70.0,46.37447999999999,1.4487296104431153,bmm
,219,219x275x57x449,27.0,600.0,69.0,49.011639999999986,2.1967488288879395,bmm
,226,226x419x52x542,27.0,673.8,69.0,51.98559999999997,3.2649216175079347,bmm
,166,166x302x60x875,27.0,1005.0,70.0,53.30143999999999,1.7762880086898805,bmm
,136,136x259x62x812,27.0,1005.0,70.0,56.78555999999997,1.464416003227234,bmm
,173,173x444x93x16,27.0,1005.0,70.0,57.47615999999999,0.3028479993343353,bmm
,245,245x452x119x28,31.16,1005.0,70.0,49.819680000000005,0.5513407945632934,bmm
,194,194x511x99x7,35.0,1005.0,70.0,50.303279999999994,0.4046272039413452,bmm
,168,168x260x127x39,35.0,1005.0,70.0,50.20000000000002,0.27601919770240785,bmm
,153,153x294x124x56,35.0,1005.0,70.0,48.81199999999999,0.2512767970561981,bmm
,186,186x343x78x58,35.0,1005.0,69.0,49.22600000000002,0.24554879665374757,bmm
,254,254x475x88x109,35.0,1005.0,69.0,50.7324,0.8029824137687683,bmm
,245,245x343x125x77,35.0,1005.0,69.0,51.876440000000024,0.8229056000709534,bmm
,132,132x499x104x118,35.0,1005.0,69.0,53.50423999999999,0.4980351984500885,bmm
,213,213x423x127x249,23.44,1005.0,69.0,54.03264000000002,1.6731903791427611,bmm
,238,238x369x127x197,18.0,957.0,69.0,58.31735999999998,1.5923327922821044,bmm
,246,246x326x122x236,18.0,855.0,69.0,52.00231999999997,1.8802240133285522,bmm
,208,208x305x69x385,18.0,855.0,69.0,50.586000000000006,1.6167423963546752,bmm
,179,179x326x71x365,18.0,855.0,69.0,48.88920000000002,1.2552192211151123,bmm
,257,257x508x110x495,25.56,967.8,69.0,56.52032000000001,2.929644775390625,bmm
,181,181x325x128x920,39.0,1440.6,70.68,76.94660000000003,3.3410943508148194,bmm
,153,153x306x99x685,39.0,1455.0,72.0,75.52336,1.4767743825912476,bmm
,147,147x272x99x681,39.0,1455.0,72.0,73.57356,1.4076672077178956,bmm
,179,179x428x205x21,39.0,1455.0,74.0,67.76143999999998,0.4403519868850708,bmm
,213,213x278x208x4,39.0,1455.0,74.0,60.394800000000004,0.3507968008518219,bmm
,205,205x333x208x5,39.0,1455.0,74.0,58.74340000000001,0.39922559857368467,bmm
,255,255x326x255x50,29.0,1455.0,74.0,60.56999999999999,0.6501376032829285,bmm
,228,228x298x236x53,29.0,1455.0,73.0,66.32099999999997,0.49556479454040525,bmm
,242,242x447x243x62,29.0,1455.0,73.0,64.83115999999997,0.7833087921142579,bmm
,241,241x474x170x100,29.0,1455.0,73.0,70.06123999999998,0.9940479874610901,bmm
,207,207x301x235x103,29.0,1455.0,73.36,64.95331999999996,0.7270400047302246,bmm
,224,224x508x223x101,29.0,1455.0,74.0,69.11048000000004,1.179584002494812,bmm
,173,173x434x246x223,29.0,1455.0,74.0,71.44400000000003,1.7145087957382201,bmm
,154,154x403x167x237,27.24,1415.4,74.88,76.58915999999995,1.0731647968292237,bmm
,165,165x387x209x238,25.0,1290.0,76.0,64.25108,1.613868808746338,bmm
,167,167x433x160x486,25.0,1260.0,76.0,67.28528,2.530432033538818,bmm
,163,163x315x135x449,25.0,1350.0,75.0,70.34031999999998,1.4238848447799684,bmm
,151,151x285x244x463,25.0,1350.0,75.0,73.30371999999996,2.2624767780303956,bmm
,184,184x273x221x733,25.0,1522.8,76.8,80.521,3.336518383026123,bmm
,177,177x456x218x624,39.0,1545.0,78.72,70.66895999999998,4.285855960845947,bmm
,232,232x361x218x1000,39.0,1609.8,80.0,109.00144,6.178636837005615,bmm
,209,209x265x424x5,39.0,1685.4,84.0,102.12600000000002,0.5954943895339966,bmm
,229,229x308x288x32,38.96,1680.0,84.0,78.73840000000001,0.49653759598731995,bmm
,166,166x511x262x9,38.0,1701.6,84.0,78.98799999999997,0.5138175964355469,bmm
,158,158x479x293x42,38.0,1740.0,83.36,77.99859999999997,0.6660863995552063,bmm
,210,210x439x480x54,38.0,1740.0,82.0,83.42200000000001,1.3117568016052246,bmm
,142,142x379x297x53,38.0,1740.0,82.0,99.84183999999996,0.4791487991809845,bmm
,253,253x406x278x129,38.0,1680.0,82.48,87.53080000000004,1.8929919958114625,bmm
,189,189x260x352x101,38.0,1702.2,84.0,92.4218,0.8016128063201904,bmm
,196,196x438x472x106,38.0,1680.0,84.0,84.50199999999997,1.60175359249115,bmm
,246,246x413x498x138,25.0,1689.6,83.0,98.48659999999994,3.2105727672576903,bmm
,153,153x327x370x214,25.0,1656.0,83.0,115.34019999999997,1.6293375968933106,bmm
,253,253x365x500x192,25.0,1611.6,85.04,103.08352,2.957919979095459,bmm
,164,164x490x473x396,25.76,1582.2,86.04,114.43244000000004,6.325971221923828,bmm
,253,253x487x355x312,44.0,1519.2,87.0,105.23215999999995,5.598419189453125,bmm
,175,175x483x392x335,44.0,1611.6,87.0,111.83771999999998,4.014879989624023,bmm
,249,249x447x284x607,44.0,1522.8,87.0,121.83512,6.635545635223389,bmm
,198,198x475x465x607,55.0,1527.6,87.36,110.08236,9.434457778930664,bmm
,209,209x427x377x921,55.0,1488.0,87.48,116.90687999999996,12.203481674194336,bmm
,175,175x351x903x28,62.0,1594.8,87.0,96.27744000000003,1.7412287712097168,bmm
,151,151x441x597x13,62.0,1680.0,85.0,88.05359999999997,1.0232319831848145,bmm
,178,178x485x687x12,62.0,1680.0,85.0,88.14603999999996,1.6524928092956543,bmm
,206,206x264x971x52,62.0,1660.2,85.0,98.29119999999999,1.740115213394165,bmm
,227,227x320x761x51,62.0,1653.0,85.0,94.48772000000002,1.7696063995361329,bmm
,239,239x378x831x49,62.0,1641.0,85.0,94.81196000000004,2.27073278427124,bmm
,174,174x267x611x111,34.0,1579.2,85.0,93.18911999999993,1.4003392219543458,bmm
,151,151x360x786x74,34.0,1680.0,85.0,90.87315999999998,1.755513596534729,bmm
,220,220x424x706x127,34.0,1647.6,85.0,103.9816,2.6999743938446046,bmm
,172,172x357x536x137,34.0,1680.0,85.0,102.13311999999998,2.0764992237091064,bmm
,141,141x299x1003x188,34.0,1611.0,85.0,109.7288,2.930079984664917,bmm
,144,144x391x725x166,36.0,1665.0,85.76,109.41027999999994,2.8645119667053223,bmm
,142,142x433x727x496,36.0,1491.0,86.08,126.20075999999997,7.431391906738281,bmm
,248,248x387x524x417,38.4,1656.6,88.0,114.08672000000003,8.323295974731446,bmm
,221,221x404x690x476,56.0,1473.6,87.68,121.02436,11.536569595336914,bmm
,168,168x423x578x1007,60.2,1525.2,88.12,136.17012000000008,13.392204856872558,bmm
,177,177x476x1015x930,72.44,1479.0,87.12,123.81052000000001,31.26832046508789,bmm
,196,196x348x588x821,75.0,1488.0,87.56,116.33616000000002,12.878649520874024,bmm
,138,138x709x22x16,73.8,1811.4,87.0,105.37059999999995,0.09151360094547271,bmm
,220,220x1000x21x27,65.0,1680.0,87.0,73.75884000000002,0.20495359599590302,bmm
,153,153x940x33x15,65.0,1680.0,83.0,71.30344000000002,0.18295679986476898,bmm
,196,196x840x13x63,65.0,1680.0,83.0,65.06099999999998,0.14750720262527467,bmm
,182,182x695x28x52,65.0,1860.0,83.0,69.60132,0.12853119969367982,bmm
,216,216x968x6x62,65.0,1860.0,83.24,80.78180000000002,0.17710720598697663,bmm
,184,184x850x28x101,65.0,1687.2,84.0,78.18144000000004,0.3060480058193207,bmm
,198,198x911x8x87,65.0,1786.8,84.0,73.97848000000003,0.199372798204422,bmm
,214,214x722x13x86,65.0,1860.0,84.0,79.79287999999995,0.20145280063152313,bmm
,146,146x573x26x219,8.0,1737.6,84.0,86.53999999999998,0.2866239964962006,bmm
,140,140x722x4x165,8.0,1680.0,84.0,78.76399999999995,0.19272960126399993,bmm
,199,199x854x11x154,8.0,1860.0,84.0,71.05252000000002,0.3608575999736786,bmm
,203,203x515x23x287,8.0,1855.2,84.0,92.87836000000003,0.49751039743423464,bmm
,206,206x976x9x420,8.0,1753.8,85.0,89.17236000000001,1.0247679710388184,bmm
,164,164x889x16x461,8.0,1260.0,85.0,84.44164000000002,1.0187584161758423,bmm
,169,169x553x32x514,8.0,1233.6,85.0,65.06299999999997,1.1836927890777589,bmm
,241,241x569x9x871,23.0,1216.8,79.0,64.00447999999996,1.7914368152618407,bmm
,248,248x601x32x654,23.0,1201.2,79.0,68.24680000000004,2.384620761871338,bmm
,146,146x708x48x5,23.0,1177.2,77.4,55.02012000000001,0.19834880232810975,bmm
,183,183x531x34x14,23.0,1083.6,77.0,49.56003999999998,0.20692480206489564,bmm
,179,179x849x38x20,23.0,1005.0,77.0,47.98199999999998,0.3268800020217896,bmm
,233,233x876x61x62,22.16,999.6,74.0,50.86436,0.5957119941711426,bmm
,148,148x844x50x35,20.0,960.0,74.0,49.64756000000002,0.34863359332084654,bmm
,177,177x788x40x49,20.0,900.0,73.68,45.94299999999999,0.30269439816474913,bmm
,209,209x804x45x114,20.0,840.0,72.0,46.568600000000025,0.8239040017127991,bmm
,181,181x738x41x127,20.0,819.6,72.0,47.327880000000015,0.6602559804916381,bmm
,246,246x876x60x80,20.0,800.4,71.28,46.095199999999984,1.2812991857528686,bmm
,207,207x599x33x226,17.0,735.0,70.0,47.314440000000005,1.2825216054916382,bmm
,202,202x1007x37x149,17.0,735.0,70.0,48.41420000000001,1.625984001159668,bmm
,166,166x714x35x181,17.0,726.6,70.0,49.12988,1.0258047819137572,bmm
,248,248x912x61x337,17.0,792.0,70.0,54.87456,4.205408096313477,bmm
,198,198x715x34x463,17.0,1035.0,70.0,58.77772,2.0594175815582276,bmm
,198,198x756x46x318,41.0,1065.0,70.0,60.0298,1.7021248102188111,bmm
,201,201x757x43x964,41.0,1168.8,70.84,68.48376000000002,3.8251647472381594,bmm
,158,158x951x47x648,41.0,1755.0,71.0,87.02032000000001,2.077318477630615,bmm
,214,214x787x40x847,41.0,1755.0,78.0,92.53631999999998,2.366175985336304,bmm
,257,257x794x126x7,41.0,1755.0,78.0,118.1013600000001,0.5941695928573608,bmm
,202,202x906x70x9,41.0,1755.0,78.0,79.37000000000003,0.32741119861602785,bmm
,149,149x921x128x25,41.0,1755.0,79.36,76.57300000000004,0.3988991975784302,bmm
,256,256x967x70x55,41.0,1755.0,80.0,80.04600000000003,0.48135039806365965,bmm
,152,152x821x94x34,41.0,1755.0,80.0,86.88704000000001,0.2974463999271393,bmm
,186,186x765x100x56,41.0,1755.0,80.0,77.89619999999998,0.37500159740447997,bmm
,130,130x909x78x114,41.0,1755.0,81.0,80.37000000000005,0.42234880328178404,bmm
,194,194x775x72x106,41.0,1755.0,81.0,83.41492,0.4824576020240784,bmm
,130,130x792x102x79,41.0,1755.0,81.0,85.12332,0.454150402545929,bmm
,184,184x867x97x142,14.0,1755.0,81.0,85.038,1.1473919868469238,bmm
,230,230x912x118x246,14.0,1582.2,83.0,92.30555999999999,2.054982376098633,bmm
,254,254x703x117x175,14.0,1440.0,83.0,86.65428,1.6657728195190429,bmm
,239,239x708x66x386,14.0,1440.0,81.0,80.16400000000003,2.6972544193267822,bmm
,200,200x520x71x383,14.0,1495.2,81.0,79.65956,1.2487552165985107,bmm
,138,138x560x106x285,26.16,1500.0,81.0,79.05020000000003,1.2255167961120605,bmm
,235,235x594x117x711,33.0,1653.0,81.0,101.61948000000005,4.294719982147217,bmm
,151,151x784x77x654,33.0,1697.4,81.0,112.90123999999996,2.484505605697632,bmm
,204,204x595x114x965,33.0,1704.6,86.0,112.11491999999994,4.783564853668213,bmm
,199,199x830x183x12,42.0,1680.0,85.52,105.41427999999998,0.7550591826438904,bmm
,252,252x745x188x4,42.0,1680.0,85.0,84.31511999999995,0.8227199912071228,bmm
,228,228x941x155x32,42.0,1687.2,85.0,83.16168000000002,0.8505663990974426,bmm
,152,152x553x184x55,42.0,1681.2,82.0,68.44376000000003,0.4413311958312988,bmm
,135,135x569x194x52,42.0,1860.0,82.0,81.7934,0.4143679976463318,bmm
,170,170x629x244x53,42.0,1793.4,82.0,97.07859999999997,0.7034047961235046,bmm
,168,168x798x178x83,36.0,1710.0,83.44,93.30599999999997,0.9450815916061401,bmm
,201,201x672x236x69,17.0,1692.0,85.0,91.94608,1.26768000125885,bmm
,164,164x972x190x98,17.0,1680.0,85.0,93.94448000000003,1.2909440040588378,bmm
,190,190x778x146x199,17.0,1680.0,85.0,94.20544,1.89726722240448,bmm
,253,253x941x143x233,17.0,1645.2,85.0,108.16116000000002,2.7993023872375487,bmm
,196,196x929x213x152,17.0,1661.4,85.6,107.08692,2.541657638549805,bmm
,238,238x835x156x386,35.0,1692.0,85.8,110.27636000000001,5.1837057113647464,bmm
,228,228x828x148x325,35.0,1665.0,85.0,112.86440000000002,3.438368034362793,bmm
,169,169x987x160x299,35.0,1580.4,85.88,112.27120000000001,3.3455999851226808,bmm
,253,253x765x203x734,46.44,1512.0,87.28,120.91287999999997,10.20636157989502,bmm
,256,256x724x164x977,48.0,1516.8,88.0,122.97412000000004,11.063570976257324,bmm
,136,136x575x226x921,59.44,1483.2,87.96,109.04728000000001,6.3785663604736325,bmm
,228,228x761x299x10,70.0,1675.8,87.0,94.87995999999995,1.3293376207351684,bmm
,153,153x654x438x6,70.0,1640.4,87.0,86.93955999999999,1.192633605003357,bmm
,250,250x893x296x4,70.0,1680.0,85.88,83.70839999999997,1.4061503648757934,bmm
,208,208x945x396x47,70.0,1680.0,85.0,96.97211999999999,2.362707281112671,bmm
,173,173x592x473x50,70.0,1605.0,85.0,103.97119999999994,1.4334527730941773,bmm
,134,134x1001x318x50,37.36,1668.0,84.04,86.74491999999998,1.3087679624557496,bmm
,212,212x961x292x78,36.0,1698.0,84.0,98.87276,2.372832012176514,bmm
,200,200x950x403x112,36.0,1611.6,85.36,110.10512000000003,2.995635175704956,bmm
,176,176x1015x293x84,36.0,1644.0,86.0,100.90668000000001,2.0530879735946654,bmm
,139,139x900x417x129,36.0,1633.8,86.0,104.32479999999994,3.5453696250915527,bmm
,130,130x558x259x139,39.0,1635.0,86.0,104.31440000000002,1.2980031967163086,bmm
,227,227x585x485x158,39.0,1672.8,86.72,117.88672000000004,4.212812805175782,bmm
,143,143x925x443x493,39.0,1476.6,88.0,118.96036000000002,10.340633583068847,bmm
,180,180x642x494x288,52.68,1488.0,88.0,109.6978,7.865632057189941,bmm
,159,159x797x341x413,58.0,1597.8,86.0,115.25911999999997,7.111558341979981,bmm
,174,174x708x349x663,59.2,1553.4,86.92,122.09739999999992,10.889446258544922,bmm
,249,249x1018x464x890,68.2,1460.4,88.64,125.57127999999997,32.23825912475586,bmm
,184,184x724x411x600,76.0,1486.8,87.0,117.41776000000006,12.359916687011719,bmm
,215,215x984x849x7,74.0,1647.6,84.12,99.24544000000003,4.903852748870849,bmm
,191,191x888x818x7,74.0,1680.0,84.24,111.37720000000004,4.1445056915283205,bmm
,146,146x561x945x24,74.0,1597.2,87.0,99.33423999999997,2.3249664306640625,bmm
,248,248x834x941x33,56.08,1595.4,87.0,113.94199999999994,5.902342414855957,bmm
,252,252x833x954x52,46.0,1630.2,87.0,124.14295999999999,6.200358295440674,bmm
,159,159x999x840x58,46.0,1609.8,86.0,105.16308000000002,3.9729599475860597,bmm
,131,131x715x871x72,46.48,1674.0,86.0,108.79212000000003,3.286681604385376,bmm
,244,244x966x727x101,52.0,1595.4,86.0,121.14727999999995,7.061599922180176,bmm
,201,201x557x691x71,52.0,1602.0,86.0,114.57664000000003,3.094982385635376,bmm
,144,144x541x528x152,52.0,1683.6,86.0,107.67623999999999,2.5370367527008058,bmm
,167,167x990x1016x166,54.72,1510.2,88.16,130.82976000000005,10.457535743713379,bmm
,213,213x966x829x253,56.0,1461.6,86.2,122.07696,15.412089729309082,bmm
,147,147x651x899x463,71.0,1504.2,87.4,124.75047999999998,14.862003326416016,bmm
,210,210x988x1015x479,78.6,1429.8,87.56,128.36399999999995,37.304344940185544,bmm
,248,248x802x608x346,83.4,1552.2,88.44,137.96972000000002,14.17006721496582,bmm
,246,246x728x651x581,82.08,1452.6,87.16,121.66372,26.491295623779298,bmm
,256,256x545x962x583,80.96,1485.0,87.48,128.53431999999998,29.784146881103517,bmm
,230,230x1012x640x627,77.92,1479.6,87.12,129.10288,32.12789726257324,bmm
,490,490x12x18x1,76.0,1826.4,88.0,92.779,0.0043136000633239744,bmm
,495,495x8x30x8,76.0,1809.6,88.0,75.32600000000001,0.012454400025308131,bmm
,274,274x13x20x25,74.32,1680.0,88.0,74.60699999999999,0.01436160020530224,bmm
,350,350x16x14x54,55.0,1680.0,82.0,64.40852000000004,0.02375040017068386,bmm
,414,414x33x26x54,55.0,1680.0,82.0,64.52512000000002,0.03563520014286041,bmm
,389,389x30x2x58,55.0,1860.0,82.0,67.65716,0.016767999902367593,bmm
,418,418x14x23x68,55.0,1860.0,82.0,75.23915999999996,0.051238398998975754,bmm
,490,490x6x4x69,55.0,1815.6,82.0,76.69563999999997,0.01562880016863346,bmm
,365,365x16x10x96,55.0,1819.8,82.0,71.33999999999997,0.03276799991726875,bmm
,258,258x2x28x173,55.0,1860.0,82.0,73.93100000000003,0.018905599787831306,bmm
,261,261x32x6x153,55.0,1860.0,82.0,77.09200000000004,0.0265151996165514,bmm
,342,342x30x9x208,55.0,1860.0,82.4,77.654,0.04301439970731735,bmm
,403,403x25x11x306,3.0,1851.0,83.0,79.07300000000004,0.07177600264549255,bmm
,386,386x11x28x359,3.0,1826.4,83.0,78.19707999999997,0.11462400108575821,bmm
,399,399x17x30x401,3.0,1857.0,83.0,76.81779999999995,0.1295936018228531,bmm
,436,436x14x12x765,3.0,1368.0,83.0,79.73264,0.26823039054870607,bmm
,326,326x8x21x974,3.0,630.0,83.0,50.558,0.4308799982070923,bmm
,389,389x19x31x681,3.0,601.2,83.0,43.40240000000003,0.5622400045394897,bmm
,267,267x31x65x1,3.0,555.0,76.6,46.097999999999985,0.02805119939148426,bmm
,298,298x14x36x11,3.0,555.0,75.0,42.45399999999998,0.04340479969978332,bmm
,427,427x17x46x11,10.0,525.0,75.0,42.29700000000002,0.15973119735717772,bmm
,311,311x23x36x57,10.0,525.0,75.0,42.46399999999997,0.08787839859724045,bmm
,470,470x25x35x34,10.0,495.0,72.0,41.90700000000001,0.16446079909801484,bmm
,321,321x23x34x39,10.0,450.0,72.0,42.55299999999999,0.10529280006885529,bmm
,430,430x21x64x75,10.0,450.0,72.0,42.061000000000014,0.22528640031814576,bmm
,333,333x8x63x87,10.0,435.0,72.0,42.670840000000005,0.10966400057077408,bmm
,313,313x5x54x103,10.0,426.6,70.0,42.052000000000014,0.06503679752349853,bmm
,456,456x28x52x159,10.0,405.0,70.0,42.12340000000003,0.47311999201774596,bmm
,349,349x18x50x189,12.0,390.6,70.0,41.430920000000015,0.48043519258499146,bmm
,434,434x19x48x231,12.0,381.0,68.72,30.252200000000016,0.6975807905197143,bmm
,462,462x6x46x353,12.0,375.0,68.0,28.756320000000002,0.869977593421936,bmm
,477,477x18x34x316,12.0,375.0,66.4,29.275080000000003,0.8231040000915527,bmm
,367,367x32x51x396,12.0,375.0,66.0,30.23932000000001,1.2109568119049072,bmm
,467,467x33x40x520,27.0,418.2,65.36,28.580079999999988,1.7350784301757813,bmm
,345,345x21x54x629,27.0,420.0,65.0,27.620240000000017,1.59715838432312,bmm
,496,496x28x34x575,27.0,448.8,63.08,28.739039999999985,1.7141312122344972,bmm
,301,301x26x73x17,27.0,465.0,63.0,25.531720000000004,0.17592960298061372,bmm
,383,383x30x92x4,31.08,465.0,62.04,24.800079999999998,0.22264319956302642,bmm
,261,261x26x109x5,33.0,465.0,62.0,24.874799999999997,0.1697472006082535,bmm
,328,328x10x123x40,33.0,465.0,61.0,25.146040000000006,0.5401343941688538,bmm
,291,291x14x81x60,33.0,465.0,61.0,23.848519999999997,0.5692799925804138,bmm
,371,371x3x100x58,20.0,465.0,60.0,24.332720000000005,0.6171072006225586,bmm
,469,469x12x123x108,20.0,469.8,60.0,24.70072,1.9671424150466919,bmm
,450,450x25x89x91,20.0,492.6,60.0,25.374119999999994,1.641753602027893,bmm
,301,301x9x112x77,25.76,516.6,59.08,26.24548000000001,0.8455039858818054,bmm
,449,449x10x109x180,36.0,597.6,59.0,25.723839999999985,1.654361629486084,bmm
,451,451x23x87x182,36.0,690.0,59.0,26.83439999999999,0.9707839965820313,bmm
,439,439x6x122x169,36.0,690.0,58.16,26.63892,0.9743167877197265,bmm
,316,316x6x128x382,33.72,690.0,58.0,27.727560000000008,1.6223168134689332,bmm
,470,470x26x109x302,33.0,690.0,58.0,27.63832000000001,1.9777407884597777,bmm
,394,394x2x127x466,33.0,744.6,58.0,28.057160000000003,2.2797696113586428,bmm
,408,408x22x95x778,36.12,874.2,58.0,29.949200000000005,0.9650176048278809,bmm
,399,399x30x103x824,39.0,975.0,59.0,42.251919999999984,1.0142592191696167,bmm
,285,285x31x73x737,39.0,975.0,59.0,44.42511999999997,0.4972223937511444,bmm
,332,332x22x157x14,39.0,975.0,59.0,43.35000000000001,0.15008639991283418,bmm
,283,283x31x216x14,39.0,975.0,59.0,39.100000000000016,0.16373759508132935,bmm
,442,442x3x229x33,39.0,975.0,61.0,39.649999999999984,0.06135679930448532,bmm
,493,493x12x208x47,39.0,975.0,61.0,38.936000000000014,0.13411200046539307,bmm
,365,365x16x195x53,39.0,975.0,61.0,40.029,0.16712960302829744,bmm
,440,440x16x143x47,39.0,975.0,61.0,40.27099999999999,0.13596160113811492,bmm
,341,341x25x233x122,14.0,975.0,61.0,40.25819999999997,0.27448959946632384,bmm
,303,303x14x222x107,14.0,975.0,61.0,41.96219999999998,0.22323839962482453,bmm
,500,500x22x240x103,14.0,975.0,61.0,41.656200000000005,0.3680192053318024,bmm
,448,448x21x187x170,14.0,975.0,61.0,43.081199999999995,0.540070402622223,bmm
,338,338x10x257x201,14.0,975.0,62.0,43.508239999999994,0.35481600761413573,bmm
,346,346x14x237x155,14.0,975.0,62.0,43.44600000000001,0.3731903970241547,bmm
,407,407x1x242x373,14.0,975.0,62.0,43.95383999999999,0.48715519309043886,bmm
,279,279x20x155x414,14.0,585.0,62.0,42.09547999999999,0.9314751982688904,bmm
,289,289x26x201x264,17.0,570.0,62.0,43.92619999999997,0.947648000717163,bmm
,496,496x25x254x980,17.0,639.0,62.72,53.0392,3.652339220046997,bmm
,408,408x16x230x582,17.0,915.0,64.0,51.83140000000001,1.9047296047210693,bmm
,465,465x16x198x721,17.0,915.0,64.0,48.469519999999996,2.358841609954834,bmm
,302,302x9x280x6,38.0,915.0,64.0,46.08500000000001,0.069862399995327,bmm
,345,345x17x421x10,38.0,915.0,64.0,40.25364,0.38497920632362365,bmm
,425,425x18x348x20,38.0,915.0,64.0,41.886039999999994,0.4755712032318115,bmm
,324,324x16x316x61,38.0,915.0,64.0,41.64744,0.23304960131645203,bmm
,421,421x25x513x35,38.0,915.0,64.0,42.13899999999998,0.7068032026290894,bmm
,392,392x19x490x53,38.0,915.0,64.0,44.902000000000015,0.6111104011535644,bmm
,498,498x1x472x126,38.0,915.0,64.0,44.98079999999999,0.3952191948890686,bmm
,267,267x14x420x92,38.0,915.0,64.0,42.19256,0.30117119550704957,bmm
,387,387x18x342x86,15.0,915.0,64.0,41.937000000000005,0.4335296034812927,bmm
,379,379x15x485x210,15.0,852.6,64.0,46.66423999999999,1.327027177810669,bmm
,387,387x11x346x216,15.0,720.0,64.0,44.870999999999995,0.770035195350647,bmm
,259,259x16x258x245,15.0,690.0,64.0,44.7522,0.7605184078216553,bmm
,370,370x33x365x512,15.0,675.0,64.52,50.132279999999994,3.2162303924560547,bmm
,493,493x26x336x400,15.0,840.0,65.0,53.91127999999999,2.1921087741851806,bmm
,500,500x2x289x314,34.0,900.0,65.0,51.619999999999976,0.6179839968681335,bmm
,409,409x17x278x1015,34.0,900.0,65.0,51.903920000000014,2.8840896129608153,bmm
,318,318x31x318x840,34.0,1082.4,65.0,55.951399999999985,1.9551743984222412,bmm
,334,334x24x271x790,34.0,1140.0,65.84,52.247160000000015,1.6053183555603028,bmm
,471,471x12x544x18,34.0,1140.0,66.0,56.183800000000026,0.18264320194721223,bmm
,388,388x18x793x5,30.48,1140.0,66.0,49.2378,0.5672768235206604,bmm
,280,280x32x651x22,30.0,1140.0,66.24,50.538000000000004,0.39349120259284975,bmm
,380,380x5x636x50,30.0,1140.0,67.0,50.327,0.15222399830818176,bmm
,313,313x33x794x59,30.0,1140.0,67.0,48.42999999999999,0.48961280584335326,bmm
,475,475x19x923x43,30.0,1140.0,67.0,54.410880000000006,1.042963194847107,bmm
,498,498x16x632x85,30.0,1140.0,67.0,53.95499999999999,0.8000639915466309,bmm
,339,339x31x777x102,30.0,1140.0,67.0,57.597120000000025,0.6574784040451049,bmm
,416,416x2x930x115,30.0,1140.0,67.0,54.69884,0.49001599550247193,bmm
,419,419x14x543x255,20.0,1140.0,67.44,54.32260000000001,1.0992063999176025,bmm
,295,295x3x690x228,20.0,1113.6,68.0,60.28315999999999,0.5017728090286255,bmm
,513,513x17x541x154,20.0,808.2,68.0,48.854400000000005,1.9273024082183838,bmm
,460,460x27x954x495,20.0,1075.8,68.0,66.38304,4.276012897491455,bmm
,314,314x20x617x451,20.0,1455.0,68.0,70.77992,1.523635196685791,bmm
,463,463x19x868x366,41.0,1455.0,71.0,59.96944000000001,2.299916887283325,bmm
,346,346x22x767x633,41.0,1455.0,72.36,73.56428000000002,2.5788991451263428,bmm
,385,385x28x993x963,41.0,1698.0,74.4,94.80240000000005,4.828332805633545,bmm
,464,464x31x819x526,35.0,1840.2,78.0,146.28080000000006,2.920883226394653,bmm
,412,412x49x2x12,35.0,1860.0,80.4,75.54700000000001,0.01820800043642521,bmm
,325,325x41x15x23,35.0,1860.0,83.0,77.29400000000004,0.01892479993402958,bmm
,374,374x54x7x32,35.0,1860.0,83.0,77.26500000000004,0.016422399878501893,bmm
,310,310x44x27x54,35.0,1860.0,83.0,76.94640000000003,0.02600960023701191,bmm
,310,310x65x29x51,35.0,1867.8,81.0,76.24756000000002,0.04302719980478287,bmm
,460,460x35x22x54,12.0,1875.0,81.0,76.85419999999998,0.030726399272680283,bmm
,499,499x62x4x75,12.0,1875.0,81.0,77.91108000000004,0.03481600061058998,bmm
,378,378x39x28x100,12.0,1875.0,81.48,78.57660000000003,0.0477120004594326,bmm
,391,391x48x10x110,12.0,1875.0,82.0,78.99299999999997,0.0363136000931263,bmm
,274,274x34x2x167,12.0,1875.0,82.0,78.51660000000003,0.031180799752473832,bmm
,457,457x42x32x253,12.0,1875.0,82.0,79.57444000000004,0.10221439898014069,bmm
,490,490x53x11x252,12.0,1875.0,82.0,82.50715999999998,0.10218239724636077,bmm
,316,316x61x30x407,12.0,1875.0,82.0,82.09799999999997,0.14572160243988036,bmm
,370,370x40x21x372,12.0,1875.0,82.0,85.69499999999996,0.10652799904346466,bmm
,400,400x59x25x352,12.0,1875.0,82.0,83.12799999999997,0.14819839894771575,bmm
,329,329x37x6x781,5.0,630.0,82.0,82.25304,0.4160896062850952,bmm
,388,388x56x7x779,5.0,618.0,78.0,48.048519999999996,0.49724799394607544,bmm
,291,291x42x7x519,5.0,600.0,78.0,44.93804000000001,0.2805504024028778,bmm
,426,426x60x57x10,5.0,571.2,78.0,42.24,0.14679040312767028,bmm
,467,467x35x62x1,5.0,525.0,73.0,42.63196000000001,0.05041920021176338,bmm
,268,268x35x52x13,5.0,519.0,73.0,42.04256,0.09488000273704529,bmm
,459,459x43x41x54,5.0,495.0,73.0,42.04500000000001,0.14940160214900972,bmm
,443,443x34x48x36,12.0,469.8,72.92,42.20092,0.14453760385513306,bmm
,275,275x56x35x36,12.0,465.0,71.0,41.942,0.09752320051193238,bmm
,351,351x62x61x114,12.0,435.0,71.0,40.716,0.28136320114135743,bmm
,441,441x41x59x121,12.0,405.0,71.0,42.80072,0.345932799577713,bmm
,404,404x44x34x93,12.0,399.0,69.0,42.049319999999994,0.23956480026245117,bmm
,291,291x64x54x218,12.0,390.0,69.0,41.34068,0.4437056005001068,bmm
,477,477x55x52x228,12.0,375.0,69.0,42.91319999999999,0.7257215976715088,bmm
,315,315x34x62x209,15.52,375.0,68.36,42.72392000000001,0.5306687831878663,bmm
,301,301x56x34x289,16.0,375.0,68.0,41.65475999999997,0.5666496157646179,bmm
,390,390x44x36x456,16.0,375.0,68.0,42.6228,0.9352128028869628,bmm
,409,409x61x38x257,16.0,375.0,67.44,42.22900000000001,0.7530112147331238,bmm
,275,275x45x52x575,16.0,375.0,67.0,42.6628,1.0204479932785033,bmm
,265,265x37x64x727,16.0,375.0,67.0,42.91856000000001,1.2959295749664306,bmm
,512,512x45x49x618,18.8,375.6,67.0,44.43511999999999,1.8828991889953612,bmm
,313,313x45x76x19,30.0,390.0,67.0,44.32288000000001,0.18190079927444458,bmm
,339,339x61x126x25,30.0,390.0,67.0,40.40504000000003,0.31858559846878054,bmm
,319,319x35x116x29,30.0,390.0,66.6,40.50787999999997,0.2484287977218628,bmm
,342,342x54x121x55,30.0,390.0,66.0,38.72499999999998,0.36979199647903443,bmm
,370,370x54x68x44,30.0,390.0,66.0,28.78124000000001,0.3730239987373352,bmm
,508,508x54x82x43,29.44,390.0,64.0,27.813920000000007,0.5685312151908875,bmm
,411,411x56x91x110,16.0,390.0,64.0,30.062640000000002,0.8941696047782898,bmm
,449,449x52x74x126,16.0,390.0,64.0,29.53380000000001,0.8906816124916077,bmm
,336,336x46x76x129,16.0,390.0,63.0,29.61344000000001,0.670144009590149,bmm
,451,451x65x87x204,16.0,390.0,63.0,27.94392,2.036243200302124,bmm
,349,349x60x126x199,20.08,405.0,62.0,27.99448,1.534764814376831,bmm
,473,473x54x78x214,33.0,405.0,61.96,27.597120000000004,1.4910719633102416,bmm
,396,396x46x94x409,33.0,405.0,61.0,28.281760000000006,2.3520319938659666,bmm
,338,338x36x93x300,33.0,435.0,60.36,27.934640000000005,1.405791974067688,bmm
,463,463x49x97x315,36.2,435.0,60.0,27.772279999999995,2.2818111896514894,bmm
,410,410x53x80x638,37.0,499.8,60.0,29.57592,3.4586944580078125,bmm
,425,425x65x92x984,37.0,954.0,60.0,34.92716,2.7478399753570555,bmm
,275,275x40x84x880,39.0,1215.0,60.0,55.73127999999999,0.6325952053070069,bmm
,440,440x61x133x14,47.0,1215.0,60.0,55.509159999999994,0.13393279910087585,bmm
,401,401x51x148x12,47.0,1215.0,63.0,47.73556000000002,0.12680960297584534,bmm
,328,328x58x198x14,47.0,1215.0,63.0,47.433000000000014,0.1560959994792938,bmm
,509,509x35x142x60,47.0,1215.0,63.0,47.90659999999999,0.15559679865837098,bmm
,468,468x62x241x54,47.0,1215.0,63.0,48.63419999999997,0.26605439782142637,bmm
,460,460x40x224x61,47.0,1215.0,63.68,49.284000000000034,0.22471679747104645,bmm
,402,402x58x158x83,47.0,1215.0,64.0,49.288719999999984,0.2438783973455429,bmm
,363,363x42x164x87,47.0,1215.0,64.0,49.10100000000003,0.22765440344810486,bmm
,346,346x47x180x107,47.0,1215.0,64.0,49.04600000000002,0.24786559641361236,bmm
,264,264x51x211x250,9.0,1215.0,64.72,49.288000000000004,0.41552000045776366,bmm
,332,332x60x186x151,9.0,1215.0,65.0,53.529,0.3888831973075867,bmm
,468,468x37x202x222,9.0,1215.0,65.0,53.62287999999999,0.6760127902030945,bmm
,364,364x42x139x289,9.0,1215.0,65.0,53.001280000000015,0.5659520149230957,bmm
,320,320x33x181x414,9.0,1215.0,66.0,51.67087999999999,0.8124927997589111,bmm
,512,512x35x168x367,9.0,765.0,66.0,51.63416,1.4038975954055786,bmm
,415,415x38x136x669,9.0,750.0,66.0,49.55956000000001,1.8826688051223754,bmm
,496,496x60x235x602,25.0,825.0,66.0,53.93132000000001,2.923539161682129,bmm
,281,281x34x167x865,25.0,1020.0,66.0,57.439400000000006,1.352339220046997,bmm
,415,415x59x269x24,25.0,1020.0,66.0,52.9194,0.2785599946975708,bmm
,364,364x34x482x29,25.0,1020.0,66.0,48.349000000000004,0.40130560398101806,bmm
,287,287x46x502x31,25.0,1020.0,66.0,50.184999999999974,0.347244793176651,bmm
,499,499x36x360x43,25.0,1020.0,66.0,49.88919999999997,0.3956927955150604,bmm
,434,434x53x488x51,25.0,1020.0,66.0,49.88483999999998,0.480678403377533,bmm
,436,436x48x432x33,25.0,1020.0,66.0,50.40499999999998,0.42031359672546387,bmm
,452,452x55x429x116,25.0,1020.0,66.0,51.944399999999995,0.8109887957572937,bmm
,400,400x58x423x74,25.0,1020.0,66.0,54.630600000000015,0.681984007358551,bmm
,487,487x61x295x118,25.0,1020.0,66.0,51.265000000000015,0.6129088044166565,bmm
,494,494x53x360x155,25.0,1020.0,66.0,55.36044,1.1148927688598633,bmm
,299,299x47x432x138,25.0,1020.0,66.0,55.13740000000001,0.8171199917793274,bmm
,479,479x52x349x157,25.0,1020.0,67.0,55.92180000000003,1.0890239953994751,bmm
,434,434x56x298x444,24.0,882.0,67.0,57.15259999999999,2.3150400161743163,bmm
,497,497x51x406x369,24.0,1005.0,67.6,56.59067999999998,2.406924867630005,bmm
,316,316x52x263x508,24.0,1005.0,68.0,50.580999999999996,1.4044735908508301,bmm
,411,411x49x502x857,24.0,1293.0,68.0,70.49903999999997,3.951206398010254,bmm
,505,505x40x414x902,43.0,1730.4,72.16,79.42259999999999,3.91115517616272,bmm
,336,336x41x503x575,43.0,1740.0,76.0,101.81651999999994,1.956384015083313,bmm
,341,341x48x766x8,43.0,1740.0,76.6,113.18195999999995,0.41341439485549925,bmm
,280,280x49x799x32,43.0,1740.0,79.0,73.82748000000001,0.3791296064853668,bmm
,481,481x45x766x31,43.0,1740.0,79.0,74.41571999999996,0.5804480195045472,bmm
,487,487x49x651x42,43.0,1740.0,79.0,79.75500000000005,0.531660795211792,bmm
,448,448x59x870x42,26.0,1740.0,79.0,84.17979999999997,0.8076288104057312,bmm
,307,307x51x916x48,26.0,1740.0,79.0,85.98732000000001,0.5115967988967896,bmm
,463,463x55x840x128,26.0,1740.0,79.0,85.22027999999999,0.9636736035346984,bmm
,280,280x43x980x100,26.0,1740.0,79.0,92.91100000000004,0.6924160242080688,bmm
,333,333x59x649x117,26.0,1740.0,80.0,88.49664000000001,0.5697536110877991,bmm
,329,329x40x981x243,26.0,1740.0,80.0,94.00140000000002,1.5158591985702514,bmm
,308,308x60x653x246,26.0,1394.4,80.0,75.21660000000001,1.2241216063499452,bmm
,513,513x64x722x222,23.0,1320.0,79.0,75.79435999999995,2.3018815517425537,bmm
,281,281x55x986x365,23.0,1365.0,79.0,80.22008000000002,2.4344768047332765,bmm
,335,335x35x968x324,23.0,1515.0,79.68,84.98340000000003,2.5600191593170165,bmm
,262,262x34x976x441,23.0,1693.2,80.0,95.69239999999996,2.3871359825134277,bmm
,259,259x63x525x1022,24.68,1682.4,81.92,112.30091999999999,2.6423232555389404,bmm
,331,331x43x696x821,44.0,1694.4,84.0,105.96723999999996,3.6906879901885987,bmm
,283,283x52x736x718,44.0,1685.4,84.96,110.36884,2.9363264083862304,bmm
,342,342x121x14x21,44.0,1680.0,85.0,108.66872000000004,0.03872000053524971,bmm
,492,492x97x31x8,44.0,1686.0,85.0,70.83140000000003,0.07333120107650756,bmm
,280,280x71x12x11,44.0,1860.0,83.56,68.58444,0.028044800087809563,bmm
,416,416x77x11x49,44.0,1860.0,82.0,75.80479999999997,0.040486400574445726,bmm
,390,390x109x11x54,25.0,1860.0,82.0,77.96427999999996,0.040204799920320514,bmm
,446,446x127x10x36,25.0,1860.0,82.0,78.42552000000002,0.04315520077943802,bmm
,267,267x118x8x81,25.0,1829.4,82.0,77.67415999999999,0.037478400766849516,bmm
,496,496x105x2x89,25.0,1827.6,82.0,73.57899999999997,0.06673279851675033,bmm
,284,284x94x30x128,25.0,1860.0,82.0,75.615,0.07553920149803162,bmm
,325,325x91x10x132,25.0,1860.0,82.0,79.81300000000005,0.11063680052757263,bmm
,481,481x101x26x248,25.0,1860.0,82.0,80.538,0.2099839985370636,bmm
,372,372x84x8x246,25.0,1779.6,83.0,85.66400000000004,0.10202239900827408,bmm
,320,320x122x10x507,25.0,1738.8,83.0,71.80956000000002,0.2554751992225647,bmm
,324,324x81x33x360,6.0,1860.0,83.0,75.26800000000001,0.26907519698143006,bmm
,409,409x89x3x467,6.0,1843.8,83.0,88.65900000000005,0.20786559879779815,bmm
,380,380x80x25x553,6.0,780.0,83.0,71.85940000000004,1.0444415807724,bmm
,337,337x80x7x549,6.0,752.4,83.0,43.54607999999998,0.5118144035339356,bmm
,323,323x83x5x521,6.0,706.8,75.0,43.441919999999975,0.521286404132843,bmm
,390,390x107x65x3,6.0,660.0,75.0,45.745999999999995,0.23402239978313447,bmm
,281,281x109x41x7,9.2,654.6,75.0,43.41003999999998,0.1310847967863083,bmm
,455,455x124x61x4,14.0,598.8,72.0,42.36860000000002,0.2675264060497284,bmm
,328,328x110x65x49,14.0,570.0,72.0,43.21600000000002,0.2399167984724045,bmm
,415,415x109x33x42,14.0,542.4,72.0,42.92927999999999,0.20513920187950135,bmm
,428,428x77x52x58,14.0,540.0,71.76,42.739000000000004,0.25404800176620485,bmm
,338,338x74x61x108,14.0,510.0,70.0,41.62400000000002,0.4694912016391754,bmm
,338,338x120x60x119,14.0,480.0,70.0,44.124599999999994,0.4446079969406128,bmm
,438,438x89x38x65,13.36,473.4,69.72,43.589040000000004,0.4613439917564392,bmm
,375,375x76x52x228,13.0,465.0,69.0,42.448999999999984,1.0082943916320801,bmm
,384,384x127x43x194,13.0,450.0,69.0,45.49692000000001,0.8712831974029541,bmm
,333,333x122x49x223,13.0,438.6,68.76,44.602999999999994,0.8423424005508423,bmm
,351,351x105x58x343,13.0,435.0,68.0,45.47,1.462438416481018,bmm
,418,418x113x42x473,13.0,435.0,68.0,46.77719999999999,1.9208768129348754,bmm
,439,439x92x37x368,17.8,435.6,68.0,46.10752000000002,1.5004736185073853,bmm
,504,504x104x37x693,33.0,469.2,68.0,47.163999999999994,2.6376959800720217,bmm
,319,319x87x62x868,33.0,556.8,68.0,49.075120000000005,2.621299123764038,bmm
,398,398x123x37x909,33.0,643.2,68.0,48.934,2.1622975349426268,bmm
,513,513x118x103x30,33.0,660.0,68.0,48.85024000000001,0.40626559853553773,bmm
,381,381x74x91x31,33.0,660.0,68.0,42.552640000000025,0.27945600152015687,bmm
,443,443x82x102x4,36.0,660.0,68.0,40.94420000000001,0.3437952041625977,bmm
,365,365x129x75x54,36.0,660.0,67.8,41.40527999999999,0.3400575935840607,bmm
,388,388x129x115x55,36.0,660.0,67.0,42.03600000000003,0.5039552211761474,bmm
,413,413x101x90x51,36.0,660.0,67.0,43.90599999999998,0.31073279976844786,bmm
,436,436x116x74x117,36.0,660.0,67.0,42.93928,0.49304960370063783,bmm
,498,498x94x67x122,36.0,660.0,66.0,42.927599999999984,0.5886783838272095,bmm
,500,500x102x112x115,36.0,660.0,66.0,43.48892,0.7471232056617737,bmm
,489,489x90x73x216,22.32,660.0,66.0,45.51099999999999,1.212556791305542,bmm
,303,303x115x101x256,18.0,660.0,66.0,44.907599999999995,0.8519487857818604,bmm
,478,478x78x121x217,18.0,660.0,66.0,45.488,1.7489215850830078,bmm
,350,350x120x118x471,18.0,603.0,66.28,47.862760000000016,2.40220160484314,bmm
,472,472x129x74x321,18.0,678.0,67.0,47.890200000000014,2.769209623336792,bmm
,337,337x92x97x439,24.48,690.0,67.0,47.43656,2.020185613632202,bmm
,359,359x71x69x779,36.0,709.2,67.0,48.20843999999999,2.515212821960449,bmm
,316,316x103x99x651,36.0,756.0,67.0,49.5176,2.2541887760162354,bmm
,470,470x125x68x636,36.0,765.0,67.0,50.488280000000024,2.0435135841369627,bmm
,460,460x111x129x7,36.0,765.0,67.0,50.99800000000002,0.3939007997512817,bmm
,378,378x67x222x2,36.0,765.0,66.64,43.0696,0.5047360062599182,bmm
,411,411x91x208x20,33.24,765.0,66.0,42.53571999999999,0.5055168151855469,bmm
,262,262x79x252x57,33.0,765.0,66.0,42.908,0.3934271991252899,bmm
,315,315x93x183x36,33.0,765.0,66.0,43.25800000000001,0.3584703981876373,bmm
,288,288x109x169x63,33.0,765.0,66.0,42.92423999999998,0.3232703983783722,bmm
,384,384x104x160x71,33.0,765.0,66.0,42.29855999999997,0.6862783908843995,bmm
,322,322x82x142x127,33.0,765.0,66.0,44.02599999999998,0.5782335996627808,bmm
,400,400x109x225x72,33.0,765.0,66.0,45.00003999999999,1.015500807762146,bmm
,357,357x84x196x168,30.8,765.0,66.0,45.40108000000001,1.656332778930664,bmm
,257,257x98x239x147,22.0,765.0,66.0,47.520480000000006,1.0676543951034545,bmm
,511,511x71x167x166,22.0,660.0,66.0,47.63112000000001,2.290841579437256,bmm
,319,319x95x194x291,22.0,675.0,66.0,48.77880000000001,2.594681644439697,bmm
,493,493x74x182x277,22.0,780.0,66.68,51.110960000000034,3.102777624130249,bmm
,274,274x124x223x333,22.0,885.0,67.0,52.69143999999999,1.7459455966949462,bmm
,400,400x86x186x723,39.0,987.0,67.56,57.784840000000024,3.871404838562012,bmm
,397,397x106x191x595,39.0,1485.0,68.0,68.39568000000004,2.1762368202209474,bmm
,479,479x93x223x707,39.0,1521.0,71.04,79.76964000000002,3.917772817611694,bmm
,471,471x76x433x5,39.0,1545.0,72.0,88.584,0.5889663934707642,bmm
,474,474x73x264x8,39.0,1545.0,72.0,65.06580000000002,0.3580223977565765,bmm
,269,269x126x437x13,39.96,1545.0,72.56,63.237519999999996,0.4168320059776306,bmm
,325,325x96x350x50,40.0,1545.0,73.0,62.973120000000016,0.40746880173683164,bmm
,318,318x129x396x42,40.0,1545.0,73.0,64.56199999999995,0.5836991906166077,bmm
,478,478x116x410x56,40.0,1545.0,73.0,68.39699999999999,0.7314175963401794,bmm
,307,307x127x346x79,40.0,1545.0,73.88,74.3454,0.6058048129081726,bmm
,296,296x119x292x78,40.0,1545.0,74.0,66.33515999999997,0.48632959723472596,bmm
,275,275x95x318x103,40.0,1545.0,74.0,64.90696,0.528108787536621,bmm
,371,371x107x332x152,40.0,1545.0,74.24,67.55051999999999,1.0557696104049683,bmm
,301,301x98x492x236,23.2,1545.0,75.0,71.94312000000002,1.5634048223495483,bmm
,397,397x106x336x211,20.0,1545.0,75.0,77.02999999999999,1.4093248128890992,bmm
,334,334x95x402x347,20.0,1473.6,76.0,84.06384000000004,2.3037631511688232,bmm
,309,309x128x406x307,20.0,1440.0,76.0,73.03140000000003,2.1378623962402346,bmm
,298,298x97x377x448,20.0,1440.0,76.76,75.3468,2.576614427566528,bmm
,257,257x76x335x902,34.4,1664.4,77.0,90.13531999999995,3.534687948226929,bmm
,260,260x97x454x890,35.0,1776.0,81.0,117.58339999999997,3.5885567665100098,bmm
,424,424x82x348x539,35.0,1690.8,82.32,99.48244000000005,3.68089599609375,bmm
,351,351x70x820x15,35.0,1785.0,84.0,98.69939999999998,0.7073023915290833,bmm
,333,333x91x553x30,36.0,1695.6,84.0,84.67499999999998,0.5614016056060791,bmm
,421,421x105x765x21,36.0,1767.0,83.48,84.87216000000004,1.0721152067184447,bmm
,258,258x102x927x35,36.0,1785.0,83.0,90.95183999999993,0.8254528045654297,bmm
,424,424x110x530x33,36.0,1695.6,83.0,91.03199999999998,0.7155135989189148,bmm
,499,499x117x576x55,36.0,1785.0,83.0,90.78112000000004,0.9298559904098511,bmm
,284,284x80x795x87,36.0,1772.4,83.0,95.41440000000006,1.1002559900283813,bmm
,409,409x70x807x114,36.0,1695.0,83.0,100.2444,1.630457592010498,bmm
,448,448x106x1017x122,24.0,1680.0,83.6,102.61199999999995,2.2348800182342528,bmm
,280,280x80x633x139,24.0,1687.8,86.0,100.89688000000005,1.7573184013366698,bmm
,359,359x90x603x239,24.0,1680.0,86.0,96.84328000000001,2.2396928310394286,bmm
,374,374x100x898x196,24.0,1680.0,85.0,108.45735999999995,3.1812159538269045,bmm
,335,335x67x549x361,24.0,1704.6,85.0,111.99820000000001,2.667366361618042,bmm
,443,443x111x875x282,40.0,1580.4,86.0,104.44067999999999,5.694630432128906,bmm
,501,501x65x776x302,40.0,1569.0,86.0,117.43667999999994,5.808019161224365,bmm
,447,447x84x1016x859,52.92,1524.0,88.88,126.68719999999992,15.944902038574218,bmm
,511,511x90x776x709,60.08,1496.4,87.52,124.5192,12.775852584838868,bmm
,456,456x115x649x895,68.0,1498.2,87.72,124.62143999999996,11.018796920776367,bmm
,386,386x167x5x17,68.0,1798.8,88.0,94.58800000000001,0.044127999991178515,bmm
,321,321x244x20x6,68.0,1789.8,85.0,74.64300000000001,0.07056639939546586,bmm
,336,336x256x4x19,68.0,1680.0,85.0,70.66428000000003,0.05418879985809326,bmm
,307,307x150x1x37,42.48,1860.0,85.0,67.40340000000003,0.027430400252342224,bmm
,375,375x166x16x56,39.0,1860.0,85.0,75.48640000000003,0.059532801061868666,bmm
,309,309x143x6x46,39.0,1680.0,83.0,76.31120000000003,0.04007040038704872,bmm
,481,481x199x22x100,39.0,1680.0,83.0,66.44659999999998,0.20064639747142793,bmm
,447,447x147x27x115,39.0,1850.4,83.0,76.92100000000003,0.18023679852485658,bmm
,504,504x169x12x81,39.0,1852.2,83.0,81.34491999999999,0.12124800086021423,bmm
,423,423x186x1x198,39.0,1682.4,83.0,74.73944,0.1593663990497589,bmm
,296,296x214x29x195,39.0,1680.0,83.0,69.69959999999998,0.28928000330924986,bmm
,268,268x180x24x166,6.0,1875.0,83.0,75.17339999999997,0.1256767988204956,bmm
,451,451x254x32x359,6.0,1863.0,83.0,86.35699999999999,0.5780671954154968,bmm
,355,355x153x13x404,6.0,1860.0,83.0,110.75300000000003,0.3937343955039978,bmm
,290,290x166x11x395,6.0,1691.4,83.0,92.60636000000001,0.2703423976898193,bmm
,473,473x165x11x667,6.0,943.8,81.08,48.95648000000001,1.296454381942749,bmm
,478,478x230x30x890,13.84,880.2,77.76,51.68823999999999,2.98787202835083,bmm
,259,259x231x9x779,20.0,861.6,76.0,48.068000000000005,1.172211217880249,bmm
,275,275x197x61x10,20.0,795.0,73.24,48.869,0.24561279714107515,bmm
,402,402x192x38x3,20.0,789.6,73.0,43.94587999999999,0.19756799638271333,bmm
,269,269x184x39x33,20.0,750.0,73.0,43.090959999999995,0.1501120001077652,bmm
,509,509x220x58x56,20.0,702.0,70.48,41.95372000000001,0.46807039976119996,bmm
,261,261x206x59x50,15.0,645.0,70.0,41.74300000000002,0.2856447994709015,bmm
,299,299x146x60x35,15.0,600.0,70.0,43.548999999999985,0.26460800170898435,bmm
,349,349x152x57x99,15.0,595.8,69.0,43.62912,0.6853823900222779,bmm
,439,439x205x33x109,15.0,585.0,69.0,43.64908,0.6875903844833374,bmm
,479,479x141x52x99,15.0,555.0,69.0,45.14163999999997,0.9013951897621155,bmm
,294,294x194x42x152,15.0,545.4,69.0,44.85732000000001,0.8527679920196534,bmm
,345,345x247x40x185,17.4,536.4,69.0,45.07332000000001,0.8874880075454712,bmm
,271,271x200x65x221,20.0,525.0,69.0,44.82164000000002,1.3835648059844972,bmm
,303,303x164x35x454,20.0,510.0,68.0,46.48580000000003,1.6076607942581176,bmm
,510,510x225x58x482,20.0,615.0,68.0,51.691080000000014,2.7813439846038817,bmm
,437,437x180x41x402,20.0,885.0,68.0,50.08652000000003,1.4739392280578614,bmm
,355,355x237x56x590,28.4,894.0,68.0,50.709599999999995,2.083628797531128,bmm
,387,387x152x34x563,41.0,930.0,68.4,49.72256,1.7659327983856201,bmm
,346,346x167x35x853,41.0,930.0,69.0,49.29031999999998,1.7460480213165284,bmm
,457,457x215x106x14,41.0,930.0,69.0,52.238679999999995,0.5102399945259094,bmm
,293,293x202x99x8,41.0,930.0,68.28,44.79019999999998,0.3217919945716858,bmm
,317,317x255x95x31,41.0,930.0,68.0,44.051000000000016,0.35008000731468203,bmm
,311,311x167x80x45,41.0,930.0,68.0,45.326000000000015,0.2152767986059189,bmm
,398,398x195x66x57,32.84,930.0,68.0,44.09852000000001,0.33396480083465574,bmm
,288,288x136x126x51,24.0,930.0,67.0,44.24243999999999,0.30279680490493777,bmm
,486,486x218x114x112,24.0,930.0,67.0,44.961960000000005,1.0772159814834594,bmm
,362,362x139x72x126,24.0,930.0,67.0,50.56843999999999,0.47781120538711547,bmm
,361,361x246x107x104,24.0,930.0,67.0,45.88920000000001,0.7642687916755676,bmm
,318,318x218x118x223,24.0,930.0,67.0,48.76912,1.3940224170684814,bmm
,429,429x256x85x168,24.0,864.0,67.0,49.265480000000025,1.2500415802001954,bmm
,357,357x166x94x157,24.0,837.0,67.0,48.00859999999998,0.9006656050682068,bmm
,441,441x175x125x416,24.0,853.8,67.0,52.59560000000002,3.316313552856445,bmm
,461,461x205x104x485,24.0,994.2,67.0,55.66068000000002,3.2092352390289305,bmm
,498,498x165x110x325,24.0,1095.0,67.0,64.70895999999998,1.9769344091415406,bmm
,413,413x207x121x896,34.56,1343.4,69.0,69.87880000000001,3.5650752067565916,bmm
,340,340x221x67x898,46.0,1860.0,71.88,104.52648000000003,1.9839616060256957,bmm
,392,392x137x111x883,46.0,1854.0,78.0,129.24628,2.6872960567474364,bmm
,438,438x210x209x19,46.0,1860.0,78.0,120.21100000000003,0.49623039960861204,bmm
,490,490x136x238x14,46.0,1854.6,80.4,94.35599999999998,0.431360000371933,bmm
,468,468x161x147x23,46.0,1860.0,83.0,92.59700000000001,0.28901119232177735,bmm
,284,284x161x227x65,44.48,1860.0,83.0,88.963,0.4592064082622528,bmm
,320,320x243x169x62,27.0,1860.0,83.0,97.35899999999997,0.39746559858322145,bmm
,301,301x197x242x49,27.0,1687.2,83.0,93.8522,0.4379647970199585,bmm
,311,311x153x212x107,27.0,1682.4,83.0,80.63072000000005,0.6065279960632324,bmm
,354,354x157x148x120,27.0,1860.0,83.0,83.62135999999998,0.4613056004047394,bmm
,453,453x248x132x72,27.0,1839.6,83.0,96.30804,0.5795199990272522,bmm
,306,306x204x200x139,27.0,1768.8,83.0,95.64359999999999,0.8579071879386901,bmm
,337,337x168x203x149,27.0,1290.6,83.0,89.36488000000003,0.7782591938972473,bmm
,361,361x233x257x211,19.96,1161.0,81.24,67.00591999999997,2.655839967727661,bmm
,349,349x191x193x388,19.0,1155.0,79.0,69.42280000000001,2.980985641479492,bmm
,415,415x227x213x273,19.0,1380.0,79.0,76.25284,3.1765568256378174,bmm
,313,313x140x201x492,19.0,1590.0,79.0,86.98540000000001,2.4497984409332276,bmm
,301,301x130x198x883,27.0,1611.6,80.6,100.76127999999999,3.833996820449829,bmm
,472,472x205x156x828,44.0,1689.6,83.72,94.32776000000001,5.125177669525146,bmm
,279,279x255x180x659,44.0,1685.4,85.0,116.26051999999994,3.0013375759124754,bmm
,420,420x185x363x22,44.0,1650.0,85.0,112.00731999999999,0.8398784041404724,bmm
,310,310x165x306x4,44.0,1658.4,83.0,76.63408,0.4334720015525818,bmm
,501,501x192x324x24,35.0,1680.0,83.0,72.37200000000001,0.8516991972923279,bmm
,336,336x158x463x60,35.0,1860.0,83.0,93.05979999999998,0.8540735840797424,bmm
,258,258x232x426x65,35.0,1854.6,84.12,107.60704000000005,0.9882495999336243,bmm
,470,470x193x436x33,35.0,1837.2,87.0,107.39176000000003,1.1807039976119995,bmm
,506,506x143x284x72,35.0,1743.6,87.0,104.80248,1.1742720365524293,bmm
,270,270x212x471x65,35.0,1685.4,85.24,94.862,1.2044032096862793,bmm
,484,484x247x331x84,32.12,1680.0,85.0,93.62791999999996,1.592249608039856,bmm
,291,291x203x456x218,26.0,1638.0,85.08,101.72876000000005,2.548851156234741,bmm
,287,287x239x380x250,26.0,1659.6,86.0,90.66307999999995,2.166752004623413,bmm
,386,386x152x373x133,26.0,1681.2,86.0,95.16784000000003,1.6666688203811646,bmm
,341,341x201x258x400,26.0,1642.2,85.0,106.85531999999999,3.5593472003936766,bmm
,355,355x238x454x314,36.08,1611.0,85.16,113.43575999999997,4.738310432434082,bmm
,290,290x201x342x455,40.0,1579.8,87.0,110.49403999999993,3.9881279468536377,bmm
,454,454x138x377x676,40.0,1519.8,87.0,120.27232000000004,9.70004482269287,bmm
,321,321x215x396x519,51.52,1524.0,87.0,113.92151999999996,6.621184062957764,bmm
,405,405x194x321x686,64.0,1685.4,86.36,106.09944,7.174777603149414,bmm
,262,262x218x950x7,64.0,1824.0,85.0,107.16343999999998,1.614419198036194,bmm
,347,347x167x591x8,64.0,1838.4,85.0,107.0942,0.9814911961555481,bmm
,266,266x168x929x33,41.0,1710.0,86.0,97.52456000000001,1.352070426940918,bmm
,275,275x246x930x64,41.0,1680.0,86.0,98.26575999999997,2.0874688148498537,bmm
,271,271x166x554x64,41.0,1680.0,86.0,103.58067999999994,0.8478079915046692,bmm
,439,439x225x939x39,41.0,1633.2,85.0,95.93187999999996,2.9644800186157227,bmm
,390,390x217x968x72,41.0,1644.0,85.0,105.14856000000003,3.609766387939453,bmm
,319,319x141x1007x70,39.56,1651.2,86.0,107.50888000000005,2.7031424045562744,bmm
,348,348x221x536x103,39.0,1662.6,86.0,103.10959999999999,1.7741567850112916,bmm
,323,323x239x731x240,39.0,1633.2,86.0,114.39432000000005,4.6042177200317385,bmm
,356,356x205x519x245,39.0,1574.4,86.0,118.2358,3.6670528411865235,bmm
,473,473x186x611x257,45.0,1527.6,86.0,114.82707999999998,6.8253120422363285,bmm
,299,299x140x968x429,49.0,1647.6,87.92,130.14291999999995,9.310707092285156,bmm
,341,341x231x745x412,52.84,1490.4,86.84,115.60931999999995,10.937728118896484,bmm
,313,313x198x686x328,65.0,1571.4,86.72,117.31340000000004,6.4244544982910154,bmm
,375,375x248x805x853,68.2,1461.0,87.64,127.63436000000002,22.810047912597657,bmm
,474,474x242x618x661,73.0,1474.2,87.68,128.80988,19.009100723266602,bmm
,299,299x184x917x789,80.0,1470.6,87.08,129.59016,15.420332908630371,bmm
,264,264x401x10x5,80.0,1795.2,88.0,108.28703999999999,0.0833728015422821,bmm
,273,273x509x3x32,80.0,1746.0,88.0,72.55607999999998,0.07750400304794311,bmm
,298,298x428x10x25,63.36,1780.8,86.6,65.22687999999998,0.09249279946088791,bmm
,404,404x513x1x56,48.0,1860.0,83.0,71.23059999999998,0.12218240201473236,bmm
,402,402x355x33x65,48.0,1737.6,83.0,82.93532,0.3026879966259003,bmm
,495,495x418x7x44,48.0,1680.0,83.0,80.15591999999997,0.13371520340442658,bmm
,375,375x343x6x95,48.0,1853.4,83.0,70.82687999999996,0.1572415977716446,bmm
,353,353x346x1x69,48.0,1860.0,83.0,77.10143999999998,0.09434240013360977,bmm
,319,319x353x27x97,48.0,1705.2,83.0,81.07483999999998,0.22236159741878508,bmm
,296,296x270x9x191,48.0,1698.6,83.0,71.33075999999998,0.21015039682388306,bmm
,308,308x394x6x229,48.0,1860.0,83.0,74.57799999999999,0.3392319977283478,bmm
,422,422x318x20x160,48.0,1860.0,83.0,90.48700000000002,0.3199615955352783,bmm
,297,297x406x8x257,10.0,1785.0,83.0,92.74903999999997,0.38168320059776306,bmm
,331,331x361x30x323,10.0,1716.0,83.0,86.97543999999999,0.6705087900161744,bmm
,266,266x306x15x268,10.0,1746.6,83.0,79.47968000000003,0.32969599962234497,bmm
,480,480x316x12x575,10.0,1005.0,83.0,67.36780000000005,1.7113472461700439,bmm
,420,420x478x9x682,10.0,992.4,77.72,58.862120000000026,2.926099157333374,bmm
,411,411x493x7x1008,29.0,1215.0,77.0,65.16756000000001,2.460710382461548,bmm
,470,470x489x65x33,29.0,1470.0,77.0,74.87100000000004,0.5145151972770691,bmm
,389,389x387x36x22,29.0,1470.0,77.0,63.97556000000002,0.23434879779815673,bmm
,400,400x420x56x18,29.0,1470.0,77.0,57.58420000000004,0.28055039048194885,bmm
,492,492x408x42x61,29.0,1470.0,76.04,58.09096,0.3390079975128174,bmm
,289,289x263x54x43,29.0,1470.0,75.0,56.86159999999999,0.16351999938488007,bmm
,371,371x475x47x33,29.0,1470.0,75.0,57.03708000000002,0.29560319781303407,bmm
,303,303x392x57x121,21.0,1470.0,75.0,58.97419999999998,0.46263680458068845,bmm
,470,470x458x53x124,21.0,1470.0,75.0,61.419000000000025,0.7344511985778809,bmm
,466,466x492x57x93,21.0,1470.0,75.0,69.36052000000001,0.7894335985183716,bmm
,362,362x511x51x242,21.0,1470.0,75.0,69.32719999999996,1.1234495639801025,bmm
,445,445x366x51x214,21.0,1470.0,75.64,71.26115999999998,1.0283071756362916,bmm
,260,260x446x61x229,21.0,1470.0,76.0,70.05679999999998,0.7903679966926574,bmm
,301,301x490x47x466,21.0,1470.0,76.0,71.77340000000002,1.6875135898590088,bmm
,448,448x485x59x295,26.0,1245.0,77.0,76.08716,2.617324781417847,bmm
,387,387x387x54x486,26.0,1485.0,77.0,73.73096000000004,2.047020769119263,bmm
,382,382x361x34x1015,26.0,1485.0,77.8,84.46992,2.8185152053833007,bmm
,454,454x286x58x925,26.0,1749.0,78.0,109.45660000000005,3.172652769088745,bmm
,408,408x394x39x911,38.24,1722.6,82.0,106.94347999999997,2.8250880241394043,bmm
,267,267x260x105x31,44.0,1800.6,82.0,104.88783999999995,0.21344000101089478,bmm
,401,401x391x99x22,44.0,1716.0,82.0,77.80659999999996,0.41577600240707396,bmm
,462,462x474x94x28,44.0,1860.0,82.0,78.58099999999996,0.5027136087417603,bmm
,437,437x459x96x58,44.0,1838.4,82.0,99.48499999999999,0.46964479684829713,bmm
,464,464x351x80x48,44.0,1809.0,82.0,100.74104,0.3190208077430725,bmm
,451,451x352x122x41,44.0,1732.8,82.0,86.35544000000002,0.5154752016067505,bmm
,264,264x454x70x120,44.0,1711.2,82.0,80.89596000000002,0.4179264008998871,bmm
,456,456x266x117x75,17.0,1860.0,82.0,77.82300000000004,0.6417152047157287,bmm
,482,482x374x70x76,17.0,1766.4,82.0,107.29960000000003,0.5305920004844665,bmm
,406,406x426x77x148,17.0,1689.6,82.88,90.66356000000002,1.023206388950348,bmm
,504,504x476x116x161,17.0,1680.0,84.0,99.76848000000004,1.9946239709854126,bmm
,265,265x342x112x244,17.0,1500.0,84.0,86.462,1.0343487739562989,bmm
,279,279x435x101x490,17.0,1488.6,82.0,79.61107999999999,2.43221116065979,bmm
,271,271x386x88x502,27.56,1473.6,82.0,82.80408000000001,1.9896576166152955,bmm
,455,455x510x129x277,29.0,1698.0,82.76,103.10432000000003,3.6517632484436033,bmm
,389,389x424x87x612,29.0,1635.0,83.0,115.37552000000004,3.299833631515503,bmm
,390,390x310x128x976,29.0,1599.0,86.0,118.34312000000004,5.360179328918457,bmm
,509,509x469x108x751,51.0,1665.6,87.68,117.26972000000002,6.898425674438476,bmm
,476,476x299x220x18,51.0,1741.2,89.0,110.64351999999997,0.8102208018302918,bmm
,505,505x313x136x24,51.0,1680.0,84.0,81.68040000000002,0.5360639929771424,bmm
,418,418x307x155x28,51.0,1680.0,84.0,78.173,0.5400320053100586,bmm
,418,418x358x141x58,51.0,1680.0,84.0,67.241,0.5879935979843139,bmm
,494,494x401x183x56,30.0,1686.6,83.0,86.92200000000003,1.0977855682373048,bmm
,488,488x418x187x59,30.0,1680.0,83.0,88.65999999999998,1.1033536195755005,bmm
,283,283x306x205x104,30.0,1680.0,83.0,91.07300000000004,0.7540416121482849,bmm
,398,398x340x239x75,30.0,1683.6,83.0,87.89348000000001,1.4084287881851196,bmm
,321,321x334x219x116,30.0,1695.0,83.0,92.34332,1.0571903705596923,bmm
,510,510x284x177x241,30.0,1685.4,83.0,101.12927999999998,2.314419221878052,bmm
,304,304x309x250x147,28.24,1543.2,84.0,96.65264000000005,1.5453439950942993,bmm
,495,495x393x143x257,28.0,1614.0,84.0,96.1174,3.857958364486694,bmm
,279,279x479x213x478,28.0,1626.0,85.0,115.22812000000002,4.759225559234619,bmm
,345,345x368x249x356,28.0,1615.8,85.4,108.11220000000007,4.045030403137207,bmm
,463,463x455x170x376,49.0,1665.0,87.0,119.93532,4.9105408668518065,bmm
,324,324x313x149x531,49.0,1731.6,87.0,126.16731999999996,2.9545663833618163,bmm
,409,409x426x160x1023,49.24,1593.0,88.28,127.10032,9.431679725646973,bmm
,498,498x282x224x839,52.0,1509.6,87.56,113.97560000000001,10.655916595458985,bmm
,274,274x337x410x8,52.0,1661.4,87.0,97.30352000000002,0.9522752046585083,bmm
,417,417x412x432x32,52.0,1635.0,84.0,87.20451999999999,1.8959808111190797,bmm
,416,416x397x500x8,51.04,1635.0,84.0,90.38392,1.9256448030471802,bmm
,416,416x283x325x64,49.0,1635.0,84.0,94.70207999999997,1.1416767835617065,bmm
,476,476x370x508x57,49.0,1635.0,84.0,96.81379999999999,2.1614847660064695,bmm
,424,424x309x427x50,49.0,1635.0,84.0,100.08952000000001,1.7137920141220093,bmm
,505,505x310x443x96,49.0,1635.0,84.56,102.61063999999996,2.8102911949157714,bmm
,422,422x289x472x103,49.0,1641.0,85.0,110.75732000000005,2.37958402633667,bmm
,306,306x492x352x89,37.0,1621.8,85.0,102.02732000000002,2.1785280227661135,bmm
,341,341x268x465x203,37.0,1638.0,85.0,110.29964000000004,3.8827839851379395,bmm
,347,347x463x360x130,37.0,1629.6,85.6,105.19759999999995,3.769664001464844,bmm
,346,346x351x433x248,37.0,1672.8,86.0,117.39420000000004,4.402918338775635,bmm
,292,292x302x311x351,46.0,1501.2,87.0,110.13983999999999,3.5230016231536867,bmm
,287,287x296x273x483,46.0,1599.0,87.0,110.26320000000005,4.090079879760742,bmm
,289,289x422x268x412,46.0,1606.8,86.0,117.87632000000009,5.443776035308838,bmm
,285,285x505x383x521,52.84,1496.4,86.76,120.61851999999998,11.768339157104492,bmm
,510,510x419x466x578,60.28,1511.4,88.0,132.91896,21.521107482910157,bmm
,438,438x350x374x710,77.0,1515.0,88.0,130.00096000000002,15.54380168914795,bmm
,308,308x447x871x29,77.0,1598.4,86.0,100.75644000000004,3.543942356109619,bmm
,274,274x402x689x3,71.0,1620.0,86.0,98.29623999999998,2.0387903690338134,bmm
,316,316x476x513x4,71.0,1680.0,85.2,94.85148000000002,2.0726912021636963,bmm
,467,467x343x922x58,71.0,1680.0,85.0,117.32852000000004,4.85851526260376,bmm
,493,493x493x995x62,71.0,1509.0,88.0,128.36347999999998,7.4000959396362305,bmm
,498,498x493x682x48,53.0,1674.0,88.0,119.46543999999994,4.405696010589599,bmm
,453,453x459x516x107,53.0,1588.8,88.0,114.03051999999998,4.568729591369629,bmm
,315,315x270x690x99,53.0,1676.4,85.0,95.96932000000002,2.651910400390625,bmm
,316,316x339x850x80,52.92,1683.6,85.0,116.09507999999998,3.845708799362183,bmm
,318,318x433x900x220,51.0,1497.0,87.0,127.61156,10.44339199066162,bmm
,274,274x330x623x210,51.0,1628.4,86.04,110.82143999999998,4.882003307342529,bmm
,265,265x270x959x248,55.4,1540.2,86.4,120.91123999999998,6.4303487777709964,bmm
,373,373x425x982x293,61.0,1608.0,86.32,135.28591999999998,17.747500610351562,bmm
,296,296x324x876x431,67.0,1534.8,88.0,133.1712,15.01467514038086,bmm
,397,397x288x700x428,70.2,1494.0,87.56,122.14075999999999,14.628070449829101,bmm
,474,474x360x678x575,75.32,1539.0,87.4,135.84108000000003,24.632499313354494,bmm
,325,325x391x968x930,80.08,1438.8,87.4,132.06000000000003,46.84880599975586,bmm
,297,297x320x834x1017,87.12,1478.4,87.44,138.18440000000007,27.04739875793457,bmm
,444,444x769x3x19,87.0,1737.6,87.2,103.3386,0.1974208027124405,bmm
,339,339x819x29x28,87.0,1560.0,84.0,65.40459999999996,0.32326399683952334,bmm
,338,338x975x28x32,64.0,1560.0,84.0,58.21399999999996,0.38174720406532286,bmm
,510,510x723x28x63,64.0,1560.0,81.12,66.567,0.4384512066841125,bmm
,337,337x980x26x35,64.0,1560.0,80.0,71.27336000000003,0.3783679962158203,bmm
,366,366x690x18x64,64.0,1560.0,80.0,66.16124000000002,0.25025280117988585,bmm
,278,278x557x25x88,64.0,1560.0,78.72,60.40316000000003,0.3224448025226593,bmm
,410,410x632x20x88,64.0,1560.0,78.0,63.215999999999966,0.4448639988899231,bmm
,392,392x1015x16x74,59.84,1560.0,78.0,69.26299999999998,0.5531711935997009,bmm
,414,414x560x22x201,12.0,1560.0,78.0,73.58784000000003,0.8133056044578553,bmm
,269,269x812x16x212,12.0,1560.0,78.0,75.36439999999997,0.623308801651001,bmm
,320,320x670x16x257,12.0,1560.0,78.0,69.68063999999998,0.9261823892593384,bmm
,506,506x906x3x366,12.0,1560.0,78.0,75.45040000000003,1.7407295942306518,bmm
,513,513x766x16x369,12.0,1695.0,79.0,91.32808000000001,1.7363264083862304,bmm
,413,413x791x5x490,12.0,1695.0,79.0,98.85803999999999,1.754252815246582,bmm
,339,339x653x33x746,34.0,1740.0,81.8,111.27340000000002,2.936947202682495,bmm
,432,432x789x20x803,34.0,1702.2,84.28,107.91039999999997,3.8400128364562987,bmm
,437,437x893x29x737,34.0,1625.4,85.0,117.99607999999998,4.3845823287963865,bmm
,450,450x968x55x29,44.08,1775.4,85.0,105.78219999999997,0.6047359943389893,bmm
,429,429x530x40x14,46.0,1787.4,85.0,81.84999999999997,0.2504320055246353,bmm
,299,299x979x47x12,46.0,1860.0,85.0,78.86699999999998,0.36076160669326784,bmm
,488,488x833x60x39,46.0,1860.0,85.0,96.78607999999997,0.6365888118743896,bmm
,322,322x910x51x65,46.0,1837.8,85.0,103.77180000000004,0.7342144012451172,bmm
,450,450x902x52x40,46.0,1686.6,85.0,93.51399999999998,0.6000832080841064,bmm
,283,283x528x33x101,46.0,1680.0,85.0,90.44995999999998,0.35751680135726926,bmm
,267,267x886x46x93,46.0,1685.4,83.44,76.58955999999998,0.5754176139831543,bmm
,332,332x724x43x73,16.0,1836.6,82.0,76.97423999999998,0.5448896050453186,bmm
,274,274x961x62x232,16.0,1852.2,82.0,113.84004000000003,1.4776895999908448,bmm
,341,341x997x38x195,16.0,1802.4,85.52,106.55331999999993,1.3387647867202759,bmm
,370,370x598x64x202,16.0,1305.0,86.0,78.48147999999998,1.639692783355713,bmm
,418,418x1005x56x390,24.4,1433.4,80.0,80.80492000000002,5.028927993774414,bmm
,375,375x857x60x326,30.0,1689.6,80.0,95.08868000000002,2.800806427001953,bmm
,355,355x518x56x452,30.0,1689.0,84.0,107.25480000000002,2.0136831998825073,bmm
,320,320x541x52x753,30.0,1682.4,84.0,105.32492000000003,2.838323211669922,bmm
,309,309x969x60x950,39.0,1713.6,83.0,107.51524000000005,6.6571776390075685,bmm
,338,338x997x62x817,39.0,1583.4,86.0,116.99671999999997,7.281772899627685,bmm
,355,355x1015x114x33,39.0,1695.0,85.96,119.47647999999995,0.9768832206726075,bmm
,291,291x1017x72x22,50.0,1717.8,85.0,84.22600000000006,0.46622079610824585,bmm
,505,505x987x67x2,50.0,1680.0,85.0,84.22752,0.9002815961837769,bmm
,505,505x638x80x36,50.0,1682.4,85.0,85.14511999999999,0.6048319816589356,bmm
,422,422x577x116x55,50.0,1838.4,81.32,66.72288000000003,0.7299584031105042,bmm
,377,377x973x121x64,50.0,1701.6,81.0,106.27488000000001,1.1706176042556762,bmm
,356,356x844x103x89,50.0,1689.6,81.0,93.69036,1.3489728212356566,bmm
,497,497x756x115x118,22.16,1680.0,84.0,97.50407999999996,1.892633581161499,bmm
,378,378x579x100x89,21.0,1695.6,84.0,104.50164000000002,1.0147776007652283,bmm
,485,485x824x78x195,21.0,1678.2,84.56,102.05615999999998,2.7340863704681397,bmm
,320,320x764x90x192,21.0,1684.8,86.0,101.99580000000003,1.5186560153961182,bmm
,464,464x822x99x235,21.0,1669.2,86.0,107.95416000000004,3.407366466522217,bmm
,271,271x946x67x307,37.0,1681.8,86.0,99.79704,2.486521577835083,bmm
,506,506x870x115x425,37.0,1674.0,86.8,108.60756,8.626169776916504,bmm
,431,431x920x73x329,37.0,1663.8,87.0,129.60367999999994,4.03306884765625,bmm
,312,312x794x87x668,49.0,1666.8,87.88,128.07696000000004,5.698956775665283,bmm
,429,429x552x70x650,49.0,1531.2,89.0,112.77687999999996,4.867110347747802,bmm
,457,457x685x113x728,52.6,1535.4,86.0,121.41083999999995,10.00568962097168,bmm
,342,342x736x160x5,59.0,1687.8,85.0,77.91716000000004,0.8994240164756775,bmm
,450,450x549x209x15,59.0,1680.0,85.0,89.66940000000002,1.2471423864364624,bmm
,298,298x782x244x27,59.0,1682.4,85.0,87.95376000000005,1.4284288167953492,bmm
,285,285x594x158x57,59.0,1703.4,84.0,93.46687999999995,0.7268928050994873,bmm
,266,266x954x236x55,53.0,1684.8,84.0,74.72280000000002,1.676966381072998,bmm
,326,326x981x242x53,29.0,1680.0,84.0,102.08519999999999,2.083948850631714,bmm
,283,283x538x204x100,29.0,1680.6,84.0,103.94552,1.340179181098938,bmm
,267,267x673x144x125,29.0,1680.0,84.0,89.37427999999996,1.0855936050415038,bmm
,374,374x941x209x74,29.0,1680.0,84.0,106.60576000000005,2.9950015544891357,bmm
,317,317x881x148x140,29.0,1683.0,84.0,106.66648000000004,2.704096031188965,bmm
,300,300x571x152x171,37.28,1672.2,85.6,108.16383999999995,1.615007996559143,bmm
,453,453x690x178x141,38.0,1608.0,86.0,116.10955999999996,3.736959981918335,bmm
,372,372x732x238x351,38.0,1665.6,86.0,107.97691999999995,7.910604858398438,bmm
,476,476x967x208x350,49.96,1512.6,87.0,126.03999999999998,12.73015022277832,bmm
,398,398x975x193x261,51.0,1583.4,86.0,123.41976000000004,9.618636512756348,bmm
,327,327x705x137x587,66.36,1647.0,85.0,125.83312000000004,7.105964851379395,bmm
,285,285x576x206x554,67.0,1509.0,87.56,124.98768,7.137702369689942,bmm
,347,347x816x145x588,66.44,1533.6,87.08,113.24568000000004,9.439257431030274,bmm
,317,317x1010x346x5,65.0,1629.6,86.0,98.72320000000002,3.0484671592712402,bmm
,444,444x983x355x7,65.0,1659.6,86.0,105.76624000000001,3.9035391807556152,bmm
,362,362x680x313x24,65.0,1686.0,86.0,99.32256000000001,2.1093440532684324,bmm
,409,409x547x497x41,65.0,1685.4,85.0,108.49379999999998,3.312889575958252,bmm
,294,294x880x340x64,47.0,1635.6,85.0,113.1374,2.2788671970367433,bmm
,455,455x689x305x62,47.0,1672.8,85.76,106.6168,2.8355967521667482,bmm
,291,291x902x345x116,47.0,1639.8,86.0,122.17260000000002,3.785260820388794,bmm
,327,327x975x294x82,47.0,1597.2,86.0,110.77743999999998,3.826463985443115,bmm
,330,330x954x506x118,48.76,1533.6,86.24,123.63936000000001,6.6642176628112795,bmm
,384,384x994x263x156,49.0,1635.0,87.0,126.94235999999997,6.450239944458008,bmm
,471,471x943x393x169,53.2,1517.4,88.0,136.43375999999995,11.025606536865235,bmm
,354,354x730x508x238,64.0,1495.2,87.0,119.40155999999996,11.64849910736084,bmm
,431,431x653x505x394,68.56,1495.2,87.4,131.75823999999997,25.52656669616699,bmm
,453,453x769x317x374,74.0,1552.2,88.92,139.03904000000003,14.216665649414063,bmm
,283,283x590x390x264,80.0,1534.8,87.0,123.01556000000004,8.370975971221924,bmm
,268,268x856x407x727,75.24,1498.2,87.6,131.80152,23.9919490814209,bmm
,439,439x1007x284x660,79.48,1485.0,88.04,133.83883999999998,33.171258544921876,bmm
,510,510x838x324x806,86.28,1448.4,87.4,127.44848,45.559373474121095,bmm
,306,306x824x635x26,92.0,1635.0,88.0,113.14535999999998,4.621407985687256,bmm
,327,327x668x950x22,92.0,1582.2,87.0,116.36900000000003,6.131014442443847,bmm
,452,452x618x818x27,72.96,1643.4,87.0,124.05791999999995,7.161350440979004,bmm
,385,385x786x828x63,64.0,1656.0,87.64,137.46543999999997,7.205824089050293,bmm
,401,401x701x991x35,64.0,1566.0,88.6,120.74224,7.8337408065795895,bmm
,469,469x925x695x35,61.0,1591.2,87.0,128.78088,8.537081527709962,bmm
,303,303x880x547x84,61.0,1585.2,87.0,120.73700000000001,5.96180477142334,bmm
,465,465x810x955x129,66.04,1492.2,87.0,136.55415999999997,23.909395217895508,bmm
,331,331x622x621x81,67.0,1662.6,87.0,115.03792,4.896326351165771,bmm
,425,425x701x934x217,69.0,1517.4,86.04,140.11408,21.78223991394043,bmm
,348,348x765x847x240,79.12,1528.2,89.0,141.37328000000005,17.570803070068358,bmm
,454,454x550x563x256,78.04,1548.6,85.0,123.89416,11.659564781188966,bmm
,401,401x858x980x448,82.6,1471.2,88.0,135.88544,59.14979782104492,bmm
,285,285x751x612x443,93.0,1471.8,88.0,130.4592399999999,22.604921722412108,bmm
,474,474x813x604x285,81.48,1487.4,88.0,134.26412,30.05996208190918,bmm
,360,360x777x720x802,89.84,1468.8,88.28,134.48736,62.84934310913086,bmm
,402,402x1015x896x573,93.48,1440.0,88.0,131.87311999999997,80.79098815917969,bmm
,471,471x788x616x921,93.8,1456.2,88.04,131.61100000000002,83.902880859375,bmm
,907,907x12x30x10,96.0,1812.0,88.0,87.37439999999997,0.030905599519610406,bmm
,709,709x28x32x16,81.0,1680.0,82.0,66.10711999999995,0.06377600133419037,bmm
,994,994x13x24x24,81.0,1860.0,82.0,67.45400000000001,0.0459199994802475,bmm
,900,900x29x20x53,81.0,1860.0,82.0,75.88259999999995,0.06424319744110107,bmm
,716,716x8x10x37,81.0,1860.0,82.0,78.33580000000003,0.017561599612236023,bmm
,773,773x28x17x44,81.0,1860.0,82.0,78.14643999999997,0.055206400156021115,bmm
,680,680x32x33x89,81.0,1860.0,82.0,78.76059999999998,0.06833919882774353,bmm
,972,972x3x5x125,81.0,1860.0,82.0,79.13391999999997,0.017497599869966508,bmm
,643,643x11x27x103,81.0,1860.0,82.0,78.48615999999998,0.06165119931101799,bmm
,841,841x12x13x167,81.0,1860.0,82.0,78.62820000000004,0.11175040155649185,bmm
,806,806x23x19x232,4.0,1860.0,82.0,80.00159999999997,0.11276160180568695,bmm
,996,996x30x17x199,4.0,1860.0,82.0,81.72136000000003,0.13758719861507415,bmm
,942,942x9x23x303,4.0,1821.0,82.0,81.96411999999995,0.1742015987634659,bmm
,968,968x19x31x295,4.0,1792.2,82.0,74.91499999999998,0.2356544017791748,bmm
,767,767x25x10x331,4.0,1860.0,82.0,79.50800000000002,0.13222399950027466,bmm
,565,565x30x14x666,4.0,1860.0,82.0,81.68100000000003,0.19452160298824311,bmm
,927,927x27x10x975,4.0,690.0,82.0,62.927599999999956,1.0856128215789795,bmm
,662,662x31x9x832,5.8,675.6,76.0,43.66424,0.6875455975532532,bmm
,962,962x30x33x13,13.0,630.0,76.0,46.583999999999975,0.26107520461082456,bmm
,703,703x13x54x31,13.0,608.4,76.0,43.03967999999998,0.11731839925050735,bmm
,832,832x20x37x18,13.0,585.0,74.56,42.69735999999999,0.23966719806194306,bmm
,962,962x25x51x51,13.0,556.2,73.0,42.19340000000001,0.3667199969291687,bmm
,565,565x30x45x63,13.0,510.0,73.0,43.41999999999999,0.2176831990480423,bmm
,714,714x9x65x55,13.0,508.8,71.32,42.543159999999986,0.12377600073814392,bmm
,956,956x3x51x124,13.0,480.0,70.0,42.42684000000001,0.12239999920129777,bmm
,771,771x26x57x91,11.08,460.8,70.0,42.58199999999999,0.380729603767395,bmm
,646,646x15x37x117,11.0,450.0,70.0,42.75655999999999,0.35304960012435915,bmm
,1023,1023x12x36x137,11.0,435.0,69.0,42.28388000000002,0.4641152024269104,bmm
,663,663x3x33x179,11.0,421.8,69.0,41.69672,0.1007423996925354,bmm
,1021,1021x5x59x195,11.0,402.0,68.28,29.668519999999994,1.2758271932601928,bmm
,702,702x24x58x380,12.04,376.2,66.0,31.27352000000001,2.1921279430389404,bmm
,586,586x30x64x308,24.0,450.0,65.56,31.89779999999999,1.716102385520935,bmm
,910,910x12x40x397,24.0,453.0,65.0,31.393199999999997,1.9352063894271851,bmm
,833,833x4x41x578,24.0,525.0,64.16,28.030600000000003,2.1348991870880125,bmm
,519,519x2x49x578,26.56,527.4,63.92,28.29207999999999,1.500767970085144,bmm
,753,753x12x47x686,40.0,593.4,63.0,29.149160000000002,3.1047680377960205,bmm
,1025,1025x6x85x8,40.0,615.0,62.16,26.100999999999996,0.19154559671878815,bmm
,829,829x5x78x12,40.0,615.0,62.0,25.246159999999996,0.15727359652519227,bmm
,538,538x13x101x13,37.44,615.0,61.24,24.64516,0.2490815967321396,bmm
,1015,1015x29x78x53,24.0,615.0,61.0,25.463399999999993,0.8015935897827149,bmm
,514,514x13x85x57,24.0,615.0,60.56,25.481999999999992,0.381414395570755,bmm
,584,584x29x91x40,24.0,642.0,60.0,26.18804,0.4749504029750824,bmm
,707,707x7x114x122,24.0,690.0,60.0,26.324759999999998,1.0869503974914552,bmm
,958,958x30x108x125,27.04,690.0,60.0,28.41980000000001,1.9044991970062255,bmm
,752,752x27x71x120,28.0,690.0,59.24,27.94663999999999,1.0030272006988525,bmm
,584,584x24x93x129,28.0,690.0,59.0,26.878640000000015,0.9996608138084412,bmm
,978,978x1x119x249,28.0,690.0,59.0,28.85195999999999,2.7195263862609864,bmm
,859,859x29x117x160,31.92,711.6,59.0,28.928520000000013,2.2458752155303956,bmm
,721,721x30x85x487,35.0,817.8,59.0,30.994159999999987,1.0375935792922975,bmm
,612,612x31x73x275,35.0,825.0,59.0,46.0132,0.6096639990806579,bmm
,804,804x4x92x391,35.0,825.0,60.36,41.288120000000006,0.4348800003528595,bmm
,566,566x27x82x706,35.0,825.0,61.0,44.673519999999996,1.214412760734558,bmm
,847,847x11x108x582,35.0,825.0,61.0,46.098,1.4582527875900269,bmm
,566,566x3x118x758,29.0,825.0,62.0,46.10243999999998,0.7068160057067872,bmm
,945,945x14x179x30,29.0,825.0,62.0,44.96500000000001,0.26846720576286315,bmm
,1017,1017x30x134x22,29.0,825.0,62.0,41.07719999999999,0.5247807979583741,bmm
,1010,1010x19x147x1,29.0,825.0,62.0,40.292400000000015,0.06850560158491134,bmm
,594,594x21x255x43,29.0,825.0,62.0,39.450160000000004,0.5524544000625611,bmm
,813,813x32x202x44,29.0,825.0,62.0,42.479719999999986,0.6104063987731934,bmm
,978,978x20x211x48,29.0,825.0,62.0,43.76323999999999,0.7513215899467468,bmm
,678,678x9x234x90,27.8,825.0,63.0,42.56324000000002,0.34102399945259093,bmm
,818,818x21x132x89,19.0,585.0,63.0,42.23932,0.6041536092758178,bmm
,536,536x4x213x123,19.0,571.8,63.0,41.98304,0.23601920306682586,bmm
,554,554x26x223x189,19.0,555.0,63.0,42.039320000000004,1.3494911909103393,bmm
,664,664x18x248x131,19.0,540.0,63.0,45.990399999999994,1.7116543769836425,bmm
,567,567x2x210x242,19.0,540.0,63.0,44.86900000000001,0.4033407926559448,bmm
,540,540x32x240x431,19.0,526.8,63.0,47.0716,2.8042304039001467,bmm
,529,529x32x196x329,30.0,600.0,63.0,45.37604000000001,1.595251202583313,bmm
,590,590x27x160x440,30.0,600.0,63.68,46.31052,1.908019208908081,bmm
,571,571x20x242x928,30.0,732.0,64.08,52.932719999999996,4.245868730545044,bmm
,530,530x20x162x930,30.0,1020.0,65.0,52.219399999999986,2.1537344455718994,bmm
,716,716x32x236x659,42.0,1185.6,65.0,61.31376,2.5706624031066894,bmm
,747,747x24x272x28,42.0,1200.0,67.0,51.944439999999986,0.48279680609703063,bmm
,639,639x10x377x29,42.0,1200.0,67.0,49.81899999999999,0.15670399665832518,bmm
,807,807x7x269x25,42.0,1200.0,67.0,48.128759999999964,0.12333440035581589,bmm
,965,965x22x498x43,42.0,1200.0,66.08,50.566600000000015,1.1548159837722778,bmm
,619,619x31x410x53,42.0,1200.0,66.0,56.808200000000014,0.6465983867645264,bmm
,900,900x19x297x37,38.48,1200.0,66.0,51.99572,0.6662464022636414,bmm
,590,590x28x507x83,20.0,1200.0,66.76,53.974599999999974,0.7507008075714111,bmm
,738,738x6x511x77,20.0,1200.0,67.0,55.25095999999999,0.4262719988822937,bmm
,716,716x2x426x121,20.0,1200.0,67.0,52.924400000000006,0.38266879320144653,bmm
,891,891x15x440x228,20.0,1200.0,67.56,61.215719999999976,2.340012788772583,bmm
,739,739x20x387x205,20.0,1230.0,68.0,66.42156000000001,1.3523264169692992,bmm
,1024,1024x21x479x232,20.0,1230.0,68.0,65.33243999999998,2.2807808399200438,bmm
,689,689x28x412x500,29.0,1410.0,70.0,71.74379999999995,2.3459776401519776,bmm
,917,917x30x435x298,29.0,1410.0,70.36,61.39048000000002,2.4567359924316405,bmm
,635,635x12x259x390,29.0,1410.0,71.0,68.836,1.0293375968933105,bmm
,868,868x24x476x864,30.6,1672.8,73.88,104.64811999999998,4.846937561035157,bmm
,860,860x4x334x987,39.0,1875.0,79.0,108.25692000000001,2.849337577819824,bmm
,693,693x2x291x588,39.0,1869.6,83.6,126.11343999999995,1.1993535995483398,bmm
,863,863x19x1002x13,39.0,1703.4,84.0,103.57412000000001,1.3171008348464965,bmm
,900,900x7x911x25,39.0,1799.4,84.0,84.51251999999998,0.3115775942802429,bmm
,601,601x3x993x29,39.0,1875.0,81.72,79.23335999999998,0.19082880318164824,bmm
,692,692x30x656x36,34.32,1875.0,81.0,84.76500000000004,0.6880512118339539,bmm
,999,999x23x983x35,26.0,1853.4,81.0,112.51803999999997,1.4571776151657105,bmm
,717,717x4x618x56,26.0,1857.6,81.24,99.59224,0.2636032044887543,bmm
,832,832x7x780x98,26.0,1719.0,84.0,88.13500000000002,0.7221248030662537,bmm
,750,750x13x848x113,26.0,1680.0,84.0,92.04380000000005,1.0801152229309081,bmm
,978,978x13x989x111,26.0,1684.8,83.88,90.00251999999999,1.587270402908325,bmm
,565,565x22x632x152,26.0,1743.0,83.0,97.35560000000004,1.0967999696731567,bmm
,867,867x9x898x173,26.68,1846.2,83.16,93.70267999999999,1.4958527565002442,bmm
,926,926x7x609x144,27.0,1350.0,85.0,93.14152000000001,1.0170047998428344,bmm
,596,596x31x732x318,27.0,1337.4,85.0,75.39684000000004,2.792742395401001,bmm
,644,644x29x761x371,27.0,1507.8,78.0,72.40535999999999,2.7844992160797117,bmm
,947,947x25x741x265,32.28,1742.4,78.0,105.16024000000003,3.198240041732788,bmm
,569,569x27x534x713,33.0,1815.0,84.0,121.17831999999999,2.8167871952056887,bmm
,965,965x23x596x857,33.0,1477.8,84.96,128.89983999999995,7.574163246154785,bmm
,529,529x16x620x758,45.92,1673.4,87.0,117.85535999999995,4.467059230804443,bmm
,553,553x33x8x12,52.0,1833.6,86.2,124.68951999999997,0.02245119959115982,bmm
,931,931x35x25x2,52.0,1845.6,86.0,75.03896,0.05799039974808693,bmm
,957,957x61x32x10,52.0,1680.0,86.0,74.01367999999998,0.07061759829521179,bmm
,919,919x65x9x45,52.0,1708.8,86.0,67.09456,0.08552960008382797,bmm
,974,974x53x25x55,52.0,1860.0,82.32,73.46307999999998,0.06981760114431382,bmm
,536,536x39x22x33,52.0,1860.0,82.0,79.18183999999995,0.034752000123262405,bmm
,854,854x49x6x112,52.0,1860.0,82.0,78.62899999999996,0.06853119879961014,bmm
,846,846x38x19x119,38.88,1753.8,82.0,80.26,0.08454399853944779,bmm
,877,877x41x9x129,11.0,1764.6,81.0,71.12176000000001,0.12110080122947693,bmm
,937,937x35x31x173,11.0,1860.0,81.0,73.49920000000003,0.17259519994258882,bmm
,637,637x62x6x240,11.0,1860.0,81.0,81.5426,0.13310720026493073,bmm
,984,984x53x20x223,11.0,1860.0,81.0,83.64667999999998,0.19605759978294374,bmm
,736,736x37x15x334,11.0,1858.2,83.0,85.59227999999999,0.1731904000043869,bmm
,990,990x57x33x437,11.0,1738.8,83.0,82.98700000000002,0.508025586605072,bmm
,1006,1006x41x17x338,11.0,1782.0,83.0,85.65048000000004,0.2744320034980774,bmm
,737,737x46x32x873,11.2,885.0,80.92,60.373320000000014,1.0994815826416016,bmm
,699,699x52x30x929,12.0,851.4,79.0,45.887200000000014,1.295961618423462,bmm
,945,945x42x7x735,12.0,840.0,79.0,50.39508,0.7649855971336365,bmm
,1024,1024x53x37x7,12.0,795.0,74.0,46.931280000000015,0.16960639953613282,bmm
,590,590x49x50x22,12.0,795.0,74.0,43.369000000000014,0.12905600070953369,bmm
,846,846x48x56x9,12.0,750.0,74.0,42.69235999999999,0.17214719951152802,bmm
,645,645x60x38x58,12.0,690.0,72.2,42.947399999999995,0.13272959887981414,bmm
,569,569x59x64x48,12.96,690.0,71.0,42.933,0.1574400007724762,bmm
,966,966x38x43x44,15.0,645.0,71.0,43.121999999999986,0.2152319997549057,bmm
,668,668x33x50x92,15.0,635.4,71.0,43.1446,0.29576319456100464,bmm
,676,676x50x41x124,15.0,615.0,70.12,43.146119999999975,0.29015040397644043,bmm
,561,561x56x49x124,15.0,575.4,70.0,43.11115999999999,0.2791231989860535,bmm
,602,602x35x44x165,15.0,564.0,70.0,43.332599999999985,0.43078399896621705,bmm
,862,862x50x35x233,15.0,540.0,68.88,43.84019999999999,0.7325248003005982,bmm
,877,877x57x57x192,15.2,525.0,68.0,42.53412000000002,0.8517887949943542,bmm
,574,574x61x61x276,16.0,495.0,68.0,46.35639999999999,1.0749248027801515,bmm
,585,585x41x37x388,16.0,480.0,67.0,42.462320000000005,1.0807552099227906,bmm
,569,569x44x33x349,16.0,465.0,67.0,45.57959999999999,0.8397696018218994,bmm
,998,998x47x33x568,16.0,465.0,67.0,46.88816000000001,2.399948787689209,bmm
,867,867x51x33x881,16.0,510.0,67.0,48.9438,2.6801599979400637,bmm
,699,699x60x41x665,35.0,630.0,67.0,49.71320000000001,1.6608767986297608,bmm
,538,538x61x115x25,35.0,630.0,67.0,46.8996,0.27153279781341555,bmm
,662,662x50x71x17,35.0,630.0,67.0,42.656479999999995,0.21022720336914064,bmm
,758,758x62x78x4,35.0,630.0,67.0,42.058999999999976,0.25674880146980283,bmm
,588,588x62x129x33,35.0,630.0,67.0,41.851000000000006,0.33884159922599794,bmm
,641,641x60x95x46,35.0,630.0,66.0,43.40800000000001,0.2666048049926758,bmm
,630,630x52x124x57,35.0,630.0,66.0,42.24719999999998,0.3202560007572174,bmm
,587,587x40x98x118,30.92,630.0,66.0,42.60924000000001,0.4510144054889679,bmm
,1010,1010x42x70x120,18.0,630.0,66.0,43.497079999999976,0.5415679931640625,bmm
,1005,1005x52x75x103,18.0,630.0,66.0,44.600159999999995,0.5916159868240356,bmm
,627,627x55x74x150,18.0,630.0,66.0,44.12568000000001,0.5938176035881042,bmm
,891,891x61x115x240,18.0,630.0,66.0,46.41596000000001,1.4752832412719727,bmm
,988,988x36x75x167,18.0,630.0,66.0,47.29728,0.9059776067733765,bmm
,544,544x62x79x470,18.0,601.2,66.0,47.19831999999999,1.2665280103683472,bmm
,794,794x54x95x389,25.48,570.0,66.0,48.74827999999998,2.381504011154175,bmm
,664,664x43x90x504,29.0,591.6,66.0,49.364080000000016,1.8224064111709595,bmm
,609,609x38x109x542,29.0,643.8,66.0,50.06159999999998,2.163699197769165,bmm
,705,705x60x67x554,29.0,675.0,66.0,49.28660000000001,1.7572224140167236,bmm
,579,579x39x114x715,29.0,706.2,66.12,50.93548000000001,2.409561586380005,bmm
,545,545x34x182x22,31.8,735.0,67.0,48.92200000000002,0.32979840636253355,bmm
,704,704x49x165x15,39.0,735.0,67.0,42.69532000000001,0.38137600421905515,bmm
,851,851x65x180x16,39.0,735.0,67.0,43.72399999999999,0.9238783955574036,bmm
,525,525x65x155x40,39.0,735.0,65.0,44.288000000000004,0.5173760056495667,bmm
,817,817x47x245x35,39.0,735.0,65.0,44.38956000000002,0.6246847867965698,bmm
,574,574x47x191x56,39.0,735.0,65.0,44.16767999999999,0.36335360407829287,bmm
,641,641x60x129x86,39.0,735.0,65.0,42.732959999999984,0.5243711948394776,bmm
,851,851x38x146x65,39.0,735.0,65.0,44.20311999999999,0.7598976135253906,bmm
,551,551x47x170x83,22.28,735.0,65.0,45.54639999999999,0.5769535899162292,bmm
,809,809x43x213x225,20.0,735.0,65.0,46.27943999999999,1.9455552101135254,bmm
,564,564x34x173x212,20.0,735.0,65.0,48.340199999999996,1.1380160093307494,bmm
,1018,1018x48x130x218,20.0,735.0,65.0,47.946800000000025,1.6063488006591797,bmm
,763,763x61x227x505,20.0,780.0,66.0,55.5432,3.024300765991211,bmm
,817,817x34x155x377,28.8,1027.2,66.0,60.01351999999998,1.6015552043914796,bmm
,521,521x44x214x333,40.0,1050.0,66.88,54.81224000000003,1.3089856147766112,bmm
,705,705x41x159x987,40.0,1142.4,67.0,64.83323999999998,2.727199983596802,bmm
,745,745x54x228x721,40.0,1449.0,69.76,77.29112000000002,2.9909759521484376,bmm
,747,747x54x217x599,40.0,1464.6,70.0,72.27759999999999,2.3981440544128416,bmm
,835,835x47x462x4,39.0,1470.0,72.0,78.83099999999996,0.5830143928527832,bmm
,979,979x36x268x29,39.0,1470.0,72.0,62.78255999999997,0.4028735995292664,bmm
,614,614x51x410x20,39.0,1470.0,72.0,59.42936000000002,0.41617919206619264,bmm
,998,998x43x417x42,39.0,1470.0,72.0,61.59391999999996,0.6934719920158386,bmm
,973,973x63x435x54,39.0,1470.0,72.0,64.67799999999995,0.9391424059867859,bmm
,669,669x59x483x46,39.0,1470.0,72.0,63.090079999999986,0.6879936099052429,bmm
,671,671x34x503x104,39.0,1470.0,72.0,64.442,0.9358719825744629,bmm
,686,686x38x436x83,24.6,1470.0,72.0,70.10068000000001,0.8562047958374024,bmm
,583,583x36x355x97,19.0,1470.0,72.0,63.17068000000002,0.6115455985069275,bmm
,1006,1006x37x397x251,19.0,1470.0,72.0,71.81439999999998,2.227616024017334,bmm
,983,983x62x334x149,19.0,1680.0,75.0,76.42539999999997,1.410867190361023,bmm
,687,687x35x404x133,19.0,1680.0,75.0,93.73640000000002,1.064844799041748,bmm
,924,924x38x445x465,19.6,1772.4,76.8,94.80596000000001,3.613715124130249,bmm
,908,908x64x415x344,34.0,1790.4,78.0,143.84291999999996,2.5751743793487547,bmm
,1013,1013x36x480x403,34.0,1675.8,83.0,114.93616000000002,4.6035455703735355,bmm
,585,585x65x428x514,34.0,1645.2,84.08,115.87412000000008,6.197107315063477,bmm
,810,810x33x453x670,48.4,1633.2,86.0,124.49380000000001,5.25863676071167,bmm
,784,784x52x405x589,49.0,1664.4,85.0,115.34376000000003,3.819910430908203,bmm
,1020,1020x63x558x19,49.0,1708.2,85.0,107.36580000000002,1.0449407815933227,bmm
,782,782x65x952x33,49.0,1687.2,84.28,91.97236000000001,1.819929575920105,bmm
,654,654x40x904x23,49.0,1689.6,84.0,98.26460000000002,0.7840255975723267,bmm
,752,752x42x664x46,40.0,1680.0,84.0,84.29935999999994,0.702342402935028,bmm
,579,579x61x668x35,40.0,1816.8,83.64,81.44800000000002,0.7736832022666931,bmm
,647,647x33x553x58,40.0,1860.0,83.0,99.32999999999997,0.4836287975311279,bmm
,1019,1019x55x521x65,40.0,1720.8,83.0,98.87483999999999,1.239020824432373,bmm
,892,892x45x822x106,40.0,1685.4,83.96,98.61063999999999,1.7805823802947998,bmm
,704,704x55x1002x80,40.0,1680.0,85.0,92.61964000000002,1.7217535972595215,bmm
,583,583x48x833x149,38.8,1680.0,85.0,106.04547999999996,1.989356803894043,bmm
,925,925x54x658x185,30.0,1652.4,85.0,116.67139999999992,2.5387712001800535,bmm
,720,720x44x873x247,30.0,1630.2,85.0,113.37484000000002,3.0533183574676515,bmm
,967,967x46x738x507,30.0,1610.4,87.0,135.79224000000002,7.016415977478028,bmm
,882,882x53x930x319,45.36,1580.4,87.0,125.82047999999995,6.2341631889343265,bmm
,700,700x63x1007x359,54.0,1552.2,86.8,115.83959999999998,5.418323135375976,bmm
,684,684x54x842x980,55.68,1569.6,86.48,131.67564000000002,11.07969264984131,bmm
,887,887x47x718x771,61.0,1602.0,87.68,131.31319999999997,10.940454483032227,bmm
,585,585x34x646x584,61.0,1612.2,86.56,106.85828000000004,4.632224082946777,bmm
,593,593x121x31x33,60.24,1827.6,86.0,119.10547999999996,0.08427519947290421,bmm
,592,592x124x19x3,60.0,1859.4,86.0,76.22583999999999,0.06576640158891678,bmm
,902,902x106x9x31,60.0,1680.0,85.68,76.86828,0.09018240123987198,bmm
,811,811x97x18x55,60.0,1680.0,82.0,69.7798,0.09847679883241653,bmm
,558,558x82x30x51,60.0,1860.0,82.0,69.25059999999998,0.07441919893026352,bmm
,855,855x129x26x36,60.0,1860.0,82.0,78.62619999999995,0.15276800096035004,bmm
,802,802x108x11x79,60.0,1845.6,82.0,83.11903999999997,0.12838399708271026,bmm
,634,634x117x12x65,60.0,1842.0,83.0,80.34552,0.10307839959859848,bmm
,529,529x125x2x92,60.0,1821.0,83.0,77.08584,0.07207039892673492,bmm
,1009,1009x110x20x158,60.0,1814.4,83.0,77.64308,0.3082304000854492,bmm
,925,925x74x7x242,7.0,1860.0,83.0,84.54799999999999,0.23542400002479552,bmm
,988,988x124x21x176,7.0,1748.4,83.0,87.00912000000004,0.33092479705810546,bmm
,837,837x112x16x495,7.0,1806.0,83.0,78.12396000000004,0.635916805267334,bmm
,993,993x92x27x263,7.0,1860.0,83.0,92.17100000000002,0.69579519033432,bmm
,730,730x106x15x406,7.0,1345.2,83.96,97.70296000000003,0.48309760093688964,bmm
,751,751x77x16x712,7.0,1041.6,84.0,55.51888000000001,1.2314687728881837,bmm
,950,950x110x9x927,17.0,990.0,77.0,54.65780000000002,2.136121654510498,bmm
,520,520x110x19x1017,17.0,1005.0,77.0,55.588399999999986,1.4677696228027344,bmm
,542,542x75x44x32,17.0,1005.0,75.44,54.70511999999999,0.15354880392551423,bmm
,777,777x104x39x23,17.0,1005.0,74.0,46.151280000000014,0.20592640042304994,bmm
,698,698x111x55x33,17.0,1005.0,74.0,47.20839999999999,0.22521600127220154,bmm
,555,555x98x60x56,17.4,1005.0,72.0,48.178999999999995,0.20276479423046112,bmm
,945,945x105x39x42,19.0,1005.0,72.0,48.154,0.24624639749526978,bmm
,662,662x84x61x60,19.0,1005.0,72.0,49.07000000000001,0.23936640322208405,bmm
,602,602x92x43x126,19.0,1005.0,72.0,49.11036,0.35373440384864807,bmm
,786,786x78x62x89,19.0,1005.0,71.0,49.995159999999984,0.556985604763031,bmm
,873,873x116x42x122,19.0,1005.0,71.0,50.58644,0.4554943978786469,bmm
,547,547x103x34x203,19.0,1005.0,71.0,47.673919999999995,0.5281216025352478,bmm
,570,570x75x59x187,19.0,1005.0,70.0,51.00199999999998,0.7866304039955139,bmm
,906,906x71x58x197,16.36,880.2,70.0,52.681400000000025,1.2412800312042236,bmm
,946,946x102x53x311,16.0,810.0,70.0,50.52620000000001,1.909619188308716,bmm
,990,990x92x44x302,16.0,810.0,70.0,51.62787999999998,2.040928030014038,bmm
,514,514x101x56x449,16.0,805.2,70.0,49.62092000000003,1.3496000289916992,bmm
,597,597x91x58x699,16.0,820.2,69.0,51.13468000000001,2.9549376487731935,bmm
,629,629x109x52x991,40.0,1011.6,69.0,54.34151999999999,2.683039999008179,bmm
,741,741x120x55x672,40.0,1080.0,70.0,60.77255999999998,2.2692736625671386,bmm
,913,913x72x122x19,40.0,1080.0,70.0,58.46671999999996,0.49449599981307985,bmm
,810,810x88x99x9,40.0,1080.0,70.0,50.81099999999999,0.3773632049560547,bmm
,789,789x67x99x29,40.0,1080.0,69.36,50.19500000000001,0.3644544005393982,bmm
,566,566x128x77x63,40.0,1080.0,69.0,50.51515999999998,0.24282880127429962,bmm
,608,608x79x71x43,40.0,1080.0,69.0,49.41900000000001,0.2184896022081375,bmm
,771,771x83x121x59,25.0,1080.0,69.0,49.053799999999995,0.436844801902771,bmm
,929,929x108x73x98,25.0,1080.0,69.0,51.164999999999985,0.6324416041374207,bmm
,640,640x88x105x100,25.0,1080.0,69.0,54.48320000000002,0.6500288128852845,bmm
,984,984x97x72x125,25.0,1080.0,69.0,52.79872,0.6098623991012573,bmm
,574,574x65x81x174,25.0,1080.0,69.0,52.33615999999998,0.9322496056556702,bmm
,734,734x94x103x160,25.0,1080.0,69.0,55.40647999999998,1.3874176025390625,bmm
,579,579x113x78x177,25.0,1080.0,69.0,54.62200000000001,0.6597312092781067,bmm
,668,668x84x108x317,23.24,947.4,69.0,56.26819999999997,1.9868160247802735,bmm
,872,872x99x87x274,23.0,885.0,69.0,51.304840000000034,2.282822370529175,bmm
,722,722x82x69x490,23.0,910.2,69.0,51.10860000000002,2.39780478477478,bmm
,778,778x65x77x1011,23.0,1112.4,69.0,61.79375999999998,4.582272052764893,bmm
,519,519x103x96x972,28.52,1725.0,72.36,84.32648000000005,2.0689088344573974,bmm
,550,550x70x109x986,46.0,1725.0,73.0,90.61752,2.778201627731323,bmm
,938,938x73x248x22,46.0,1725.0,77.0,104.17680000000001,0.5748288035392761,bmm
,821,821x128x207x26,46.0,1725.0,78.0,64.15799999999996,0.5631232023239136,bmm
,809,809x77x246x33,46.0,1725.0,78.0,82.192,0.522655987739563,bmm
,637,637x72x206x39,46.0,1725.0,77.56,82.04799999999999,0.35920000076293945,bmm
,798,798x90x253x40,46.0,1725.0,77.0,76.78204000000004,0.5604735851287842,bmm
,539,539x94x248x58,22.0,1725.0,77.0,81.67444000000003,0.41122559905052186,bmm
,513,513x113x166x97,21.0,1725.0,77.0,77.63492000000001,0.44689919948577883,bmm
,588,588x94x193x93,21.0,1725.0,77.52,79.81444,0.6413247942924499,bmm
,1002,1002x86x238x86,21.0,1725.0,78.0,81.78199999999997,1.242079997062683,bmm
,752,752x115x202x139,21.0,1725.0,78.0,99.72555999999999,1.214348816871643,bmm
,833,833x93x169x157,21.0,1365.0,79.12,88.15287999999998,1.9458815813064576,bmm
,736,736x88x194x132,21.0,1350.0,80.0,66.04963999999997,2.0148288011550903,bmm
,900,900x119x209x284,29.0,1422.0,79.68,76.26983999999999,3.3573440074920655,bmm
,564,564x66x164x360,29.0,1500.0,79.0,78.02736000000003,1.7481663942337036,bmm
,543,543x71x131x290,29.0,1500.0,79.0,79.82151999999998,1.4018815994262694,bmm
,929,929x86x257x955,33.56,1726.2,79.32,126.84211999999998,9.789030456542969,bmm
,925,925x69x221x981,48.0,1691.4,87.04,143.07760000000002,8.714271926879883,bmm
,780,780x112x254x753,48.0,1575.6,88.0,108.34784000000002,6.187078475952148,bmm
,649,649x112x286x7,52.8,1704.0,85.48,102.29540000000003,0.5326463937759399,bmm
,660,660x115x362x11,56.0,1680.0,85.0,78.93731999999999,0.7408447980880737,bmm
,961,961x109x502x13,56.0,1680.0,85.0,81.08999999999997,1.2830656051635743,bmm
,761,761x121x277x40,56.0,1681.2,83.4,92.27583999999997,0.7764288067817688,bmm
,970,970x119x447x38,56.0,1803.6,83.0,83.68404000000004,1.6019455909729003,bmm
,931,931x76x270x55,56.0,1860.0,83.0,121.70576,0.6516224145889282,bmm
,845,845x117x265x65,56.0,1771.2,84.92,107.56028000000002,1.0173759937286377,bmm
,535,535x77x300x94,26.96,1680.0,86.0,92.51423999999999,0.8467455983161927,bmm
,856,856x116x276x82,23.0,1680.0,86.0,87.54011999999999,1.1839359998703003,bmm
,659,659x100x391x184,23.0,1680.0,84.32,102.06679999999999,2.0272767543792725,bmm
,935,935x112x359x216,23.0,1658.4,84.0,116.46939999999994,3.2604607582092284,bmm
,839,839x86x264x142,23.0,1741.8,84.56,106.61152000000001,2.080288028717041,bmm
,934,934x66x309x351,30.2,1618.8,85.0,119.54132000000007,4.539116859436035,bmm
,605,605x89x336x429,41.0,1679.4,85.88,114.41152000000002,4.148364734649658,bmm
,916,916x119x266x343,41.0,1554.0,85.92,105.15411999999996,3.943776035308838,bmm
,1004,1004x118x259x1012,46.4,1667.4,85.2,147.92472000000004,10.35048313140869,bmm
,926,926x103x509x941,56.0,1383.0,87.12,115.04943999999998,21.433382415771483,bmm
,637,637x129x498x526,78.0,1513.8,86.4,125.12899999999999,14.426848030090332,bmm
,814,814x90x761x17,78.0,1747.8,87.0,101.83136000000002,1.7221952199935913,bmm
,652,652x84x1003x28,78.0,1665.0,85.16,97.14992000000004,1.7869120121002198,bmm
,947,947x116x754x8,56.0,1680.0,85.0,97.11684,2.397555208206177,bmm
,858,858x95x992x62,56.0,1685.4,85.4,104.85375999999992,2.5908095836639404,bmm
,810,810x103x762x46,56.0,1638.0,86.0,101.46207999999999,2.1449983596801756,bmm
,898,898x86x920x65,56.0,1680.6,86.24,108.46588000000003,3.9807424545288086,bmm
,857,857x104x878x117,52.8,1621.2,87.0,119.28019999999995,3.6728896141052245,bmm
,687,687x84x876x73,46.0,1656.0,86.48,103.50443999999996,3.0166208267211916,bmm
,548,548x78x548x115,46.0,1682.4,86.0,96.54708,1.54300799369812,bmm
,1018,1018x118x652x209,46.0,1627.8,86.56,125.81764,6.357900810241699,bmm
,959,959x125x982x255,50.32,1524.0,87.0,131.18492,9.790515327453614,bmm
,619,619x89x905x226,52.0,1608.6,86.72,120.63140000000004,5.698329639434815,bmm
,991,991x108x768x489,59.2,1501.2,87.04,134.93563999999998,16.178195571899415,bmm
,857,857x103x566x484,67.0,1522.8,87.24,117.86336000000001,9.868326377868652,bmm
,921,921x123x672x260,67.96,1609.2,87.84,132.40331999999998,8.775481414794921,bmm
,886,886x127x557x797,69.0,1474.2,87.04,134.52988,18.55850257873535,bmm
,936,936x109x730x575,78.0,1568.4,88.2,150.20871999999997,16.96542739868164,bmm
,618,618x120x527x530,77.84,1506.6,87.16,115.75787999999997,8.648991775512695,bmm
,765,765x196x24x15,74.0,1816.2,87.0,96.43000000000002,0.14717439711093902,bmm
,573,573x204x16x4,74.0,1686.6,84.0,76.9412,0.10124160051345825,bmm
,863,863x227x5x17,74.0,1680.0,84.0,72.18928,0.12988159954547882,bmm
,665,665x168x2x53,74.0,1860.0,84.0,67.941,0.07122559994459152,bmm
,981,981x167x13x33,74.0,1860.0,84.0,73.14140000000002,0.12930559515953063,bmm
,882,882x203x30x58,74.0,1693.2,82.48,80.26479999999998,0.23436799943447112,bmm
,530,530x176x7x126,74.0,1726.8,82.0,72.91488,0.15652479827404023,bmm
,870,870x213x2x80,74.0,1872.6,82.0,77.17039999999997,0.21340799629688262,bmm
,766,766x207x1x92,7.0,1875.0,82.16,82.38980000000004,0.15164799988269806,bmm
,686,686x140x11x193,7.0,1845.0,83.0,85.72860000000004,0.37523839473724363,bmm
,794,794x211x14x170,7.0,1809.6,83.0,84.99700000000003,0.41330560445785525,bmm
,943,943x154x5x202,7.0,1875.0,83.0,89.45591999999996,0.3923071980476379,bmm
,812,812x207x25x278,7.0,1866.6,84.0,100.25443999999999,1.0030719995498658,bmm
,914,914x222x17x277,7.0,1851.6,84.0,105.68219999999995,0.9823232054710388,bmm
,659,659x149x2x419,7.0,1343.4,84.0,95.70724000000006,0.548140799999237,bmm
,969,969x224x33x844,22.0,1228.2,78.0,71.23191999999996,5.111833763122559,bmm
,794,794x237x6x918,22.0,1530.0,78.0,66.07536000000003,1.9383552074432373,bmm
,774,774x134x30x954,22.0,1530.0,79.0,84.88304000000002,2.963667154312134,bmm
,652,652x217x35x29,22.0,1560.0,79.0,79.75296000000002,0.22177279889583587,bmm
,580,580x161x56x31,22.0,1560.0,79.0,63.532960000000024,0.17080959677696228,bmm
,628,628x156x36x8,34.0,1560.0,78.48,61.97692000000002,0.15477120280265808,bmm
,518,518x187x45x52,34.0,1560.0,78.0,60.74199999999998,0.15741440355777742,bmm
,883,883x257x39x38,34.0,1560.0,78.0,61.96499999999999,0.36050559878349303,bmm
,589,589x255x44x64,34.0,1560.0,78.0,67.298,0.2270911991596222,bmm
,700,700x172x39x98,34.0,1560.0,77.64,64.86899999999997,0.31932799220085145,bmm
,795,795x203x46x88,34.0,1560.0,77.0,67.06624,0.5218111872673035,bmm
,763,763x224x39x70,34.0,1560.0,77.0,67.26536000000002,0.45024639964103697,bmm
,519,519x206x59x153,34.0,1560.0,76.64,65.61379999999997,0.6889472126960754,bmm
,918,918x177x51x138,13.0,1560.0,76.0,68.82932,0.820415997505188,bmm
,647,647x180x62x257,13.0,1560.0,76.0,75.44992,1.173427200317383,bmm
,695,695x187x43x259,13.0,1560.0,76.0,80.02456000000002,1.0215551853179932,bmm
,618,618x140x33x432,13.0,1560.0,78.0,73.99900000000001,1.3332864046096802,bmm
,524,524x232x42x301,13.0,1408.8,78.0,77.76863999999996,1.0260223865509033,bmm
,900,900x136x36x972,13.0,1482.0,78.0,80.47819999999997,3.9989887714385985,bmm
,625,625x239x61x853,36.0,1693.2,78.0,103.75044000000001,3.219539165496826,bmm
,521,521x219x38x630,36.0,1851.0,81.0,83.46536,1.282380795478821,bmm
,662,662x145x124x18,36.0,1860.0,81.0,135.42500000000007,0.32475519776344297,bmm
,632,632x134x81x3,36.0,1779.0,81.0,87.05367999999999,0.22488320171833037,bmm
,790,790x165x88x2,36.0,1803.6,81.0,76.6332,0.270086395740509,bmm
,910,910x142x121x42,36.0,1860.0,81.0,78.288,0.4723967969417572,bmm
,601,601x161x121x42,26.64,1860.0,81.0,99.262,0.33975679278373716,bmm
,557,557x196x86x64,23.0,1860.0,81.0,94.16052000000002,0.27975680232048034,bmm
,926,926x226x124x87,23.0,1684.8,82.84,93.19224000000003,1.2295104026794434,bmm
,571,571x217x94x85,23.0,1711.2,83.0,91.00299999999999,0.5684288024902344,bmm
,619,619x255x101x87,23.0,1708.8,83.0,85.20740000000002,0.6591039896011353,bmm
,898,898x156x96x187,23.0,1860.0,83.52,95.04787999999999,1.0281471967697144,bmm
,1023,1023x207x95x225,23.0,1694.4,84.0,118.90139999999995,1.9974720001220703,bmm
,717,717x250x67x242,24.2,1642.2,84.0,96.18915999999997,1.1994176149368285,bmm
,595,595x250x121x471,25.0,1615.2,83.0,92.90348000000002,3.2106048107147216,bmm
,668,668x236x65x461,25.0,1680.0,83.0,107.01416,2.182534408569336,bmm
,741,741x200x109x462,25.0,1680.0,84.0,114.53620000000001,3.4429888248443605,bmm
,646,646x135x125x936,33.8,1674.0,84.72,114.91196,6.286246490478516,bmm
,831,831x150x118x946,47.0,1650.6,85.16,118.07684000000003,7.411014366149902,bmm
,922,922x145x98x632,47.0,1663.8,83.0,127.06775999999998,4.566508674621582,bmm
,855,855x152x155x11,47.36,1762.2,84.52,97.66,0.53575040102005,bmm
,817,817x172x217x16,48.0,1687.2,85.0,84.29779999999997,0.8118272066116333,bmm
,837,837x168x164x8,48.0,1744.2,84.76,74.40600000000003,0.5443903923034668,bmm
,822,822x149x137x44,48.0,1705.2,82.0,79.14599999999997,0.5147071838378906,bmm
,687,687x168x190x50,48.0,1860.0,82.0,85.14464000000005,0.6148608088493347,bmm
,898,898x140x248x37,48.0,1860.0,82.0,104.53159999999994,0.8674751996994019,bmm
,1010,1010x172x186x114,48.0,1774.2,85.68,110.97980000000003,1.3567423820495605,bmm
,562,562x246x206x105,19.0,1683.0,86.0,105.74151999999998,1.193830418586731,bmm
,862,862x163x250x106,19.0,1685.4,86.0,97.06299999999999,1.6135680198669433,bmm
,880,880x176x147x204,19.0,1685.4,85.0,97.22324,2.0400576114654543,bmm
,515,515x240x226x237,19.0,1656.0,85.0,107.59220000000005,2.4346879959106444,bmm
,987,987x170x245x201,19.0,1657.2,85.0,109.10448000000002,3.644000005722046,bmm
,806,806x143x130x437,36.6,1680.0,85.0,112.17475999999995,4.169657516479492,bmm
,582,582x249x224x299,41.0,1665.0,85.96,120.85704000000001,3.8800384044647216,bmm
,671,671x184x242x400,41.0,1528.2,86.0,106.90440000000004,5.12554235458374,bmm
,643,643x129x245x551,42.44,1632.0,86.0,127.78700000000005,7.082041645050049,bmm
,868,868x197x161x717,59.0,1673.4,86.68,115.38092,8.46485767364502,bmm
,537,537x221x244x833,55.8,1591.2,85.48,130.10971999999998,9.357177543640137,bmm
,974,974x224x261x19,49.0,1674.0,88.0,101.77192000000002,1.3878655910491944,bmm
,1004,1004x203x269x21,49.0,1665.6,88.0,91.10363999999998,1.487398386001587,bmm
,718,718x138x340x28,49.0,1686.0,84.64,92.55059999999997,0.9873983979225158,bmm
,866,866x159x433x39,49.0,1689.6,84.0,94.13824000000004,1.8716031789779664,bmm
,797,797x239x264x35,49.0,1680.0,84.0,95.1612,1.3071232080459594,bmm
,616,616x166x385x34,37.0,1681.8,84.0,93.833,1.2114176273345947,bmm
,685,685x242x309x123,34.0,1681.2,84.0,95.81340000000004,2.130508804321289,bmm
,1006,1006x186x431x109,34.0,1647.6,84.56,111.76480000000004,3.232492780685425,bmm
,713,713x194x441x99,34.0,1670.4,85.0,106.99228,3.0869120597839355,bmm
,621,621x207x320x140,34.0,1678.8,85.64,103.92724,3.0598591327667237,bmm
,707,707x256x433x208,41.0,1565.4,86.0,123.41512000000003,6.0907903671264645,bmm
,705,705x253x393x243,41.0,1665.0,86.0,129.62424000000001,5.4664383888244625,bmm
,628,628x194x338x507,45.8,1512.0,86.0,115.29243999999997,9.111820793151855,bmm
,630,630x240x359x393,61.0,1557.0,86.72,120.51452000000006,9.468671798706055,bmm
,787,787x136x322x367,61.0,1608.6,87.56,130.21464,6.7767232894897464,bmm
,674,674x146x342x874,63.0,1417.2,86.64,116.97804000000002,16.2013822555542,bmm
,915,915x158x400x758,72.12,1536.6,87.0,138.39803999999995,19.39090576171875,bmm
,889,889x226x415x770,82.0,1522.8,88.04,133.39315999999997,25.81935386657715,bmm
,1016,1016x190x671x1,82.0,1694.4,86.92,87.02339999999997,1.2547904014587403,bmm
,627,627x233x610x5,82.0,1680.0,85.0,94.75320000000002,2.3394432067871094,bmm
,758,758x131x682x27,82.0,1680.0,85.0,103.96964000000004,2.0032000064849855,bmm
,675,675x182x586x61,58.44,1684.8,85.0,105.31784000000003,2.225984001159668,bmm
,541,541x243x799x65,51.0,1639.2,85.0,116.91072000000004,4.147596740722657,bmm
,741,741x199x656x62,51.0,1686.0,85.0,106.03056000000004,2.9367552280426024,bmm
,930,930x236x1005x96,51.24,1621.2,86.76,138.48120000000003,9.012979507446289,bmm
,890,890x156x884x73,57.0,1531.8,88.6,118.5722,6.979340744018555,bmm
,520,520x184x759x110,57.0,1680.0,87.0,107.60308000000003,2.9048831939697264,bmm
,978,978x221x864x233,60.84,1515.0,87.12,136.83219999999997,17.058534240722658,bmm
,691,691x191x936x185,65.0,1559.4,88.0,130.30551999999997,7.78100471496582,bmm
,718,718x197x602x143,65.0,1528.2,87.0,121.17707999999998,6.662399959564209,bmm
,982,982x145x709x481,69.0,1480.2,87.4,133.01180000000002,26.588089752197266,bmm
,1025,1025x251x526x287,80.0,1554.0,88.0,143.07384,15.761798286437989,bmm
,688,688x173x547x294,79.64,1528.8,87.96,119.68999999999993,8.791622352600097,bmm
,713,713x185x566x525,77.0,1482.0,87.36,131.31580000000005,16.19615993499756,bmm
,823,823x232x557x535,79.28,1478.4,88.0,131.60172,24.541446685791016,bmm
,703,703x133x686x956,84.56,1480.8,88.44,135.80951999999996,36.020703125,bmm
,703,703x453x18x3,86.0,1773.6,85.0,95.43159999999997,0.284633594751358,bmm
,912,912x418x20x22,86.0,1680.0,85.0,72.36088000000004,0.3546176016330719,bmm
,741,741x273x5x30,72.0,1849.2,85.0,72.39784000000003,0.12588160037994384,bmm
,1016,1016x360x33x33,72.0,1851.0,83.72,82.72371999999997,0.4249664068222046,bmm
,957,957x490x27x56,72.0,1813.2,83.0,90.10200000000003,0.46551039814949036,bmm
,551,551x368x1x38,72.0,1680.0,83.0,92.87300000000003,0.11880320012569427,bmm
,989,989x339x28x111,72.0,1680.0,83.0,71.84000000000003,0.7032447934150696,bmm
,822,822x338x12x71,72.0,1860.0,82.0,87.10444000000001,0.37788800001144407,bmm
,811,811x457x26x72,72.0,1840.8,82.0,90.10520000000002,0.6761919975280761,bmm
,957,957x288x29x135,16.32,1762.2,82.0,97.91224,0.8711552023887634,bmm
,722,722x369x23x256,14.0,1696.8,83.0,82.36200000000002,0.8861248016357421,bmm
,741,741x494x7x217,14.0,1705.2,83.0,90.89096,0.9524608016014099,bmm
,779,779x376x19x317,14.0,1855.2,83.0,90.34960000000002,1.2739264249801636,bmm
,601,601x350x29x267,14.0,1611.6,85.0,105.64884000000002,1.282086396217346,bmm
,674,674x468x32x406,14.0,1576.8,85.0,85.5402,2.603110408782959,bmm
,766,766x314x21x739,31.0,1680.0,82.12,87.38547999999999,2.324012804031372,bmm
,786,786x377x5x702,31.0,1680.0,82.0,99.34519999999999,2.319270467758179,bmm
,915,915x258x8x782,31.0,1680.0,83.6,98.89064,2.1119744300842287,bmm
,555,555x441x53x8,31.0,1680.0,84.0,90.93020000000004,0.3520000040531158,bmm
,766,766x493x39x14,31.0,1680.0,84.0,72.96000000000002,0.4552447974681854,bmm
,996,996x290x55x18,31.0,1860.0,83.84,78.92191999999999,0.41011199951171873,bmm
,898,898x310x54x45,34.0,1860.0,83.0,93.34759999999999,0.39772799611091614,bmm
,557,557x338x45x53,34.0,1839.0,83.0,91.78972000000003,0.2681663930416107,bmm
,793,793x290x42x40,34.0,1831.2,83.0,87.11347999999998,0.3055552005767822,bmm
,729,729x268x43x79,34.0,1790.4,83.0,83.79899999999999,0.5040832042694092,bmm
,600,600x352x49x100,34.0,1692.0,83.0,85.89799999999997,0.5943743944168091,bmm
,704,704x283x53x107,34.0,1784.4,83.0,78.23347999999996,0.5386239886283875,bmm
,919,919x358x34x135,34.0,1860.0,83.88,97.47651999999998,1.1347520351409912,bmm
,793,793x395x48x134,31.6,1826.4,85.0,119.11428000000004,1.1858880281448365,bmm
,948,948x317x38x149,19.0,1680.0,85.0,106.71508,1.0738175988197327,bmm
,992,992x501x42x499,19.0,1539.6,83.0,103.54331999999998,4.884288024902344,bmm
,733,733x286x61x401,19.0,1674.6,83.0,109.69339999999997,2.718540811538696,bmm
,942,942x343x52x411,19.0,1678.2,85.0,112.78848000000002,3.6676095485687257,bmm
,808,808x267x34x588,47.0,1682.4,85.0,105.76664,2.713004732131958,bmm
,544,544x407x53x982,47.0,1681.8,85.0,94.48379999999997,4.94283504486084,bmm
,873,873x372x35x781,47.0,1557.6,86.0,118.31951999999997,5.2126720428466795,bmm
,991,991x382x95x32,48.0,1717.8,86.0,92.2728,0.8461696028709411,bmm
,898,898x456x94x5,48.0,1706.4,84.48,88.91208,0.9690368056297303,bmm
,914,914x273x122x6,48.0,1680.0,84.0,80.31400000000002,0.805510401725769,bmm
,601,601x354x111x61,48.0,1680.0,84.0,86.44540000000005,0.6310207962989807,bmm
,998,998x490x90x65,48.0,1860.0,81.0,80.88456000000001,1.836031985282898,bmm
,541,541x415x82x39,48.0,1860.0,81.0,149.06768000000002,0.4667263925075531,bmm
,1012,1012x368x92x88,21.0,1807.2,81.0,110.03576000000004,1.406105637550354,bmm
,620,620x356x117x83,21.0,1819.2,86.0,111.81432000000004,1.0609599828720093,bmm
,590,590x427x115x82,21.0,1715.4,86.0,98.46103999999997,1.2179903984069824,bmm
,570,570x469x112x233,21.0,1674.0,86.0,101.57572000000003,2.590284824371338,bmm
,911,911x287x126x254,21.0,1625.4,86.0,106.94195999999998,3.1085888385772704,bmm
,620,620x434x103x238,33.6,1636.2,86.0,111.13328000000006,2.3947199821472167,bmm
,967,967x389x129x286,36.0,1599.0,85.4,112.24247999999996,7.23951358795166,bmm
,988,988x447x69x284,36.0,1680.0,83.0,116.01083999999999,4.151801586151123,bmm
,859,859x350x78x439,47.44,1607.4,86.84,116.18215999999997,4.60564489364624,bmm
,725,725x406x110x892,49.0,1622.4,84.96,115.06711999999997,10.427853012084961,bmm
,605,605x466x120x522,54.32,1522.2,85.52,114.93568,8.001670360565186,bmm
,719,719x357x108x947,56.0,1544.4,88.04,130.04483999999994,10.17829761505127,bmm
,573,573x313x242x32,56.0,1746.6,89.0,97.99036000000002,1.0486527681350708,bmm
,572,572x463x165x2,56.6,1684.2,84.0,83.98099999999998,1.0509951829910278,bmm
,547,547x349x209x21,57.0,1680.0,84.0,94.04163999999999,1.0127871990203858,bmm
,593,593x286x159x34,57.0,1795.2,83.8,73.42532000000004,0.7025215983390808,bmm
,808,808x513x158x38,57.0,1680.0,83.0,94.83159999999997,1.7268415927886962,bmm
,628,628x340x256x45,57.0,1680.0,83.0,98.89932,1.3548928022384643,bmm
,755,755x299x233x78,57.0,1680.0,83.96,92.1992,2.2217472553253175,bmm
,1004,1004x329x257x83,26.0,1695.0,84.24,101.29444000000001,3.7936832427978517,bmm
,924,924x428x144x72,26.0,1687.2,85.0,106.68948,2.3220096588134767,bmm
,669,669x378x246x208,26.0,1604.4,85.72,121.7092,4.942329597473145,bmm
,698,698x311x206x149,28.28,1678.2,87.0,110.50504000000005,2.9165696144104003,bmm
,818,818x405x253x234,45.0,1630.8,87.8,114.46203999999997,7.184569644927978,bmm
,835,835x388x221x343,45.0,1579.2,86.0,134.02811999999992,9.727680206298828,bmm
,602,602x423x207x262,57.0,1555.8,86.0,112.76896,6.896742343902588,bmm
,978,978x352x239x363,57.0,1514.4,86.0,121.47944000000001,11.151078224182129,bmm
,653,653x424x135x788,64.0,1542.0,86.0,123.68623999999996,11.526796913146972,bmm
,584,584x382x164x911,64.4,1526.4,86.0,123.45671999999996,12.893177604675293,bmm
,685,685x298x132x773,69.0,1639.8,86.0,136.70708000000002,8.3109375,bmm
,580,580x295x264x27,69.0,1583.4,86.0,101.04796000000002,1.150988793373108,bmm
,533,533x413x398x28,69.0,1680.0,86.0,79.62880000000001,2.420665645599365,bmm
,576,576x427x394x8,55.2,1690.8,85.0,103.16528,2.4950912475585936,bmm
,846,846x269x470x63,46.0,1626.0,85.0,106.68779999999995,3.466067171096802,bmm
,652,652x302x492x34,46.0,1648.2,85.0,107.25124000000004,2.5531455993652346,bmm
,853,853x365x469x37,46.0,1640.4,85.0,116.77183999999994,4.016505527496338,bmm
,1005,1005x381x337x115,47.32,1659.0,85.0,124.38543999999997,5.152953720092773,bmm
,837,837x469x491x113,49.0,1509.6,86.36,124.14668000000003,8.717817306518555,bmm
,661,661x412x328x119,49.0,1612.8,87.0,116.02900000000001,3.7497408390045166,bmm
,947,947x395x278x203,56.68,1602.0,87.0,137.02032,8.997497749328613,bmm
,584,584x370x263x249,61.0,1684.8,87.0,127.08396000000005,4.486771202087402,bmm
,714,714x384x434x198,61.0,1591.2,88.6,129.97823999999994,9.503820610046386,bmm
,833,833x502x375x446,59.0,1466.4,87.44,133.87956000000003,27.20295066833496,bmm
,727,727x405x464x369,85.0,1477.2,87.0,123.91160000000002,19.44437141418457,bmm
,927,927x283x479x375,81.8,1476.0,87.72,135.23372,18.163590240478516,bmm
,838,838x316x295x950,80.48,1476.0,87.0,124.65056000000003,27.326963043212892,bmm
,747,747x397x454x561,82.8,1436.4,87.0,125.13171999999999,32.46056938171387,bmm
,551,551x409x495x592,82.08,1500.6,87.56,130.68484,24.47545623779297,bmm
,540,540x298x733x27,81.0,1644.6,87.0,104.65684000000002,3.5694335460662843,bmm
,699,699x426x877x25,73.32,1624.8,86.16,125.01912000000006,7.878636837005615,bmm
,918,918x493x751x26,69.0,1533.0,86.68,120.81316000000001,9.912351989746094,bmm
,547,547x275x687x53,69.0,1675.2,86.8,108.50523999999997,3.249798393249512,bmm
,618,618x499x666x65,61.64,1645.2,86.0,137.62467999999998,7.884390354156494,bmm
,569,569x473x885x55,61.0,1583.4,87.0,121.83488000000008,7.7047295570373535,bmm
,541,541x274x602x87,61.0,1641.0,86.36,112.47952,3.903782510757446,bmm
,890,890x327x844x115,61.0,1495.8,86.48,130.11843999999996,11.890381050109863,bmm
,695,695x512x846x65,61.0,1586.4,88.36,129.72928,11.241068840026855,bmm
,713,713x418x785x196,68.0,1497.0,86.32,130.11228,21.009343719482423,bmm
,704,704x486x709x151,77.24,1473.0,87.76,138.49732,17.028018951416016,bmm
,652,652x300x953x214,79.4,1476.6,87.0,133.89156,16.63790092468262,bmm
,940,940x425x1013x377,87.92,1428.6,87.92,137.21732000000003,55.95750350952149,bmm
,736,736x459x685x425,89.24,1467.0,87.4,127.79188000000003,44.2263801574707,bmm
,695,695x324x678x355,87.48,1517.4,87.04,132.76660000000004,20.893196487426756,bmm
,525,525x396x876x734,85.8,1430.4,87.68,129.04343999999998,52.94699554443359,bmm
,731,731x623x33x12,85.6,1696.8,88.0,88.66499999999998,0.5260863900184631,bmm
,799,799x833x6x16,84.0,1680.0,88.0,78.25912,0.4041343927383423,bmm
,841,841x796x21x15,84.0,1797.6,82.72,70.21096000000003,0.5450239896774292,bmm
,657,657x673x22x37,84.0,1860.0,82.0,88.46900000000004,0.3686912000179291,bmm
,893,893x989x18x34,84.0,1680.0,82.0,93.29400000000001,0.8011904120445251,bmm
,1024,1024x788x29x65,84.0,1680.0,83.04,86.22620000000005,1.555129599571228,bmm
,836,836x651x3x99,84.0,1765.8,84.0,93.69840000000008,0.6193344116210937,bmm
,862,862x981x27x68,18.0,1687.2,84.0,83.49075999999997,1.560863971710205,bmm
,770,770x936x23x87,18.0,1704.0,83.04,96.73728,1.088697600364685,bmm
,657,657x798x18x161,18.0,1685.4,83.0,89.14192000000003,1.430790400505066,bmm
,581,581x758x20x164,18.0,1612.8,83.0,88.94344,1.1613696336746215,bmm
,669,669x516x8x155,18.0,1440.0,83.0,81.90423999999996,0.7496127843856811,bmm
,640,640x620x33x423,25.48,1496.4,83.0,81.53247999999998,3.3128960132598877,bmm
,1016,1016x928x1x385,35.0,1836.6,83.0,123.58144,3.5312320232391357,bmm
,729,729x886x8x365,35.0,1697.4,85.24,110.60315999999995,2.7523136138916016,bmm
,911,911x904x26x734,45.4,1611.0,87.56,126.97951999999998,9.559046363830566,bmm
,953,953x699x28x741,55.0,1558.8,86.48,129.09712000000002,7.625830268859863,bmm
,784,784x695x8x828,55.0,1662.6,86.0,112.29452,5.014764785766602,bmm
,608,608x690x49x15,59.0,1834.2,86.0,98.015,0.5595328092575074,bmm
,711,711x827x56x9,59.0,1708.8,86.0,92.55072,0.7072896003723145,bmm
,890,890x927x53x11,59.0,1680.0,83.12,86.58440000000002,1.183187222480774,bmm
,832,832x638x57x64,59.0,1680.0,83.0,88.63100000000003,0.8941824078559876,bmm
,872,872x526x41x40,59.0,1680.0,83.0,93.68708000000001,0.6546239852905273,bmm
,633,633x1008x42x62,59.0,1680.0,83.0,82.64731999999998,0.8644544124603272,bmm
,870,870x882x52x74,59.0,1698.0,83.0,98.3386,1.9294080018997193,bmm
,542,542x689x46x122,26.0,1723.2,83.0,94.01104000000001,0.8720768094062805,bmm
,778,778x672x53x93,26.0,1680.0,83.0,98.41620000000005,1.4360960006713868,bmm
,910,910x861x33x141,26.0,1680.0,83.0,103.61484000000002,2.903238391876221,bmm
,728,728x663x46x213,26.0,1680.0,84.2,109.67320000000005,2.4296767711639404,bmm
,608,608x856x35x252,26.0,1680.0,85.0,103.80059999999996,2.32356481552124,bmm
,739,739x644x35x375,38.0,1680.0,85.6,111.00364000000008,3.3105471611022947,bmm
,994,994x768x51x406,38.0,1553.4,86.64,128.7812,8.308140850067138,bmm
,518,518x1018x38x386,38.0,1629.6,88.0,110.51787999999996,4.486374378204346,bmm
,817,817x797x47x516,59.0,1634.4,85.0,110.09704000000002,8.031884956359864,bmm
,875,875x813x43x765,59.72,1540.8,86.0,129.86632,10.844460678100585,bmm
,855,855x921x40x814,62.0,1555.2,85.08,132.57088000000007,12.369324874877929,bmm
,900,900x645x75x5,62.0,1618.2,87.0,84.81464,1.1091264009475708,bmm
,727,727x546x76x21,62.0,1680.0,87.0,75.14799999999997,0.778547203540802,bmm
,643,643x793x100x1,62.0,1680.0,84.12,81.69831999999998,0.5267071962356568,bmm
,998,998x914x102x41,62.0,1847.4,81.0,107.94968000000004,2.320729637145996,bmm
,526,526x853x112x39,62.0,1815.0,81.0,122.71095999999994,1.0696384191513062,bmm
,771,771x975x129x44,62.0,1650.0,86.0,110.89020000000004,2.460703992843628,bmm
,728,728x574x89x127,27.0,1680.0,86.0,103.26379999999996,1.7247103929519654,bmm
,870,870x941x123x93,27.0,1680.0,86.0,122.80503999999995,4.291987133026123,bmm
,992,992x889x100x78,27.0,1615.8,86.0,117.80275999999998,3.8465727806091308,bmm
,767,767x846x94x199,27.0,1661.4,85.0,116.50495999999995,5.626303958892822,bmm
,878,878x895x129x191,52.0,1517.4,86.44,119.27368000000004,7.743859195709229,bmm
,589,589x868x101x257,52.0,1537.8,87.0,119.48003999999997,7.256409645080566,bmm
,803,803x532x113x423,59.8,1707.6,85.96,115.1814,8.46260471343994,bmm
,801,801x732x125x368,65.0,1669.8,88.0,132.75196,9.259750175476075,bmm
,1009,1009x627x90x268,49.64,1675.2,89.08,144.41907999999995,7.429983997344971,bmm
,536,536x678x76x638,49.0,1483.8,88.2,120.23947999999994,7.021350479125976,bmm
,930,930x755x88x999,67.48,1485.6,87.4,134.60000000000005,23.380569839477538,bmm
,736,736x830x204x21,70.0,1630.2,86.96,103.3082,2.963168001174927,bmm
,988,988x684x225x2,67.0,1620.0,86.0,102.12148000000003,3.5606783866882323,bmm
,708,708x787x255x15,67.0,1676.4,83.0,91.72787999999997,3.2737152099609377,bmm
,669,669x928x253x49,67.0,1631.4,83.0,114.20296000000002,4.038451194763184,bmm
,702,702x683x205x36,67.0,1644.6,86.0,113.4792,2.6090304374694826,bmm
,536,536x1006x177x34,45.0,1681.8,86.0,98.59152000000003,2.382975959777832,bmm
,951,951x514x254x108,45.0,1650.6,86.0,129.34372000000002,5.408460807800293,bmm
,737,737x674x155x107,45.0,1568.4,86.0,108.81547999999994,3.383129596710205,bmm
,892,892x827x252x82,48.24,1629.0,86.0,129.02996000000002,7.231532764434815,bmm
,933,933x943x204x255,54.0,1498.2,88.0,143.53628,15.924454498291016,bmm
,532,532x542x168x251,56.04,1545.0,88.0,110.47779999999997,4.2326719760894775,bmm
,636,636x643x165x148,71.0,1578.6,86.48,115.40676000000002,5.042214298248291,bmm
,998,998x771x219x272,71.0,1514.4,87.56,127.02132,21.6061954498291,bmm
,700,700x910x218x474,70.56,1507.8,88.12,125.17880000000002,23.88101119995117,bmm
,619,619x588x181x292,70.0,1654.8,87.0,137.82855999999995,8.458547019958496,bmm
,585,585x641x164x851,74.4,1497.0,88.0,132.54836000000003,20.797113800048827,bmm
,795,795x593x153x885,79.76,1446.6,88.6,136.21552000000003,23.575468444824217,bmm
,564,564x1024x142x988,79.36,1528.8,87.64,129.2214,28.15893135070801,bmm
,825,825x638x491x7,69.0,1611.0,87.88,114.61479999999996,7.098425674438476,bmm
,743,743x646x269x14,69.0,1596.6,87.0,101.51811999999998,3.0869120597839355,bmm
,732,732x634x401x8,69.0,1653.0,86.4,109.13499999999996,4.970118427276612,bmm
,630,630x882x449x58,62.4,1631.4,86.4,132.88799999999995,7.6201471328735355,bmm
,1017,1017x729x322x59,58.0,1681.8,88.0,126.37271999999999,7.450265502929687,bmm
,676,676x769x429x46,58.0,1560.0,88.0,118.33907999999998,6.474297618865966,bmm
,980,980x869x284x102,58.0,1621.2,84.0,125.19283999999998,9.80384635925293,bmm
,617,617x542x472x120,58.0,1645.8,87.0,131.09319999999997,6.317888069152832,bmm
,725,725x887x343x79,56.0,1543.8,87.0,125.73979999999995,8.84259204864502,bmm
,662,662x826x339x234,57.44,1520.4,87.84,134.10891999999996,14.916851234436034,bmm
,638,638x1017x355x225,74.0,1497.0,87.6,133.95779999999996,20.043315505981447,bmm
,889,889x902x449x178,77.84,1416.6,87.04,131.70896000000002,26.580716705322267,bmm
,733,733x723x498x508,83.0,1456.2,87.0,134.43380000000002,47.58268737792969,bmm
,943,943x764x511x449,87.2,1461.6,87.16,134.09099999999998,64.51429824829101,bmm
,790,790x979x466x337,90.2,1464.0,87.64,135.94764,49.232652282714845,bmm
,623,623x942x319x746,81.2,1449.0,87.8,130.12303999999997,49.017842864990236,bmm
,913,913x989x601x23,90.0,1511.4,87.0,129.13547999999994,13.896998405456543,bmm
,609,609x625x628x12,82.44,1602.6,86.12,115.52628,6.557497501373291,bmm
,838,838x853x527x13,69.0,1635.6,86.0,133.80084000000005,10.508160209655761,bmm
,1019,1019x942x830x42,71.04,1485.0,87.32,141.50824,22.746335983276367,bmm
,555,555x997x869x64,73.2,1531.2,88.0,132.77019999999996,14.921510314941406,bmm
,553,553x831x567x59,78.0,1567.8,86.0,122.77243999999995,7.244889545440674,bmm
,790,790x956x764x85,73.2,1485.6,87.4,138.28676000000004,24.34233627319336,bmm
,582,582x583x746x68,70.0,1527.6,87.2,124.16539999999998,11.228665542602538,bmm
,639,639x710x882x104,74.0,1507.2,87.12,144.30499999999998,17.284428787231445,bmm
,518,518x816x556x147,76.88,1509.0,88.0,136.75136000000003,15.485747146606446,bmm
,824,824x875x936x175,83.84,1425.0,88.0,140.26496,45.21117401123047,bmm
,836,836x955x718x244,88.8,1427.4,88.28,137.6978,49.00183029174805,bmm
,737,737x860x567x352,88.4,1437.0,87.84,134.34112000000002,47.993900299072266,bmm
,813,813x776x658x286,90.2,1459.8,87.68,136.17336000000003,56.39199447631836,bmm
,793,793x788x776x399,94.24,1416.6,87.2,126.57663999999998,88.37765808105469,bmm
