Kernel Name,Batch Size,Dimension,GPU Utilization Rate (%),GPU Core Frequency (MHz),GPU Temperature (C),GPU Power (W),Latency (ms),OPName
,1,1x58x13x141,97.0,1738.2,85.0,66.79500000000002,0.007916799932718276,linear
,1,1x102x215x113,97.0,1680.0,85.0,68.068,0.01223680041730404,linear
,1,1x195x50x184,75.24,1816.8,85.0,64.30899999999998,0.009676799923181535,linear
,1,1x117x149x297,65.0,1860.0,85.0,72.81500000000004,0.012844800017774105,linear
,1,1x88x126x340,65.0,1860.0,83.08,76.70800000000003,0.010502400062978267,linear
,1,1x109x162x365,65.0,1860.0,82.0,77.23399999999997,0.014297600090503692,linear
,1,1x71x253x606,65.0,1860.0,82.0,77.57799999999999,0.016339199990034102,linear
,1,1x137x175x627,65.0,1860.0,82.0,77.36899999999997,0.018464000523090364,linear
,1,1x192x83x513,65.0,1860.0,82.0,77.26099999999998,0.012761599943041801,linear
,1,1x36x65x1287,65.0,1860.0,82.0,77.09500000000001,0.012211200222373009,linear
,1,1x127x116x1156,65.0,1860.0,82.0,77.173,0.02067839987576008,linear
,1,1x122x143x2019,65.0,1860.0,82.0,77.46700000000004,0.027328000217676163,linear
,1,1x211x240x2270,3.0,1860.0,82.0,77.98700000000002,0.0701312005519867,linear
,1,1x143x237x3072,3.0,1860.0,82.0,79.77580000000003,0.06958720088005066,linear
,1,1x206x31x2723,3.0,1860.0,82.0,79.48528000000005,0.026412800326943396,linear
,1,1x30x32x6666,3.0,1860.0,82.0,77.78867999999996,0.01352319996803999,linear
,1,1x127x21x4768,3.0,931.2,82.0,72.13139999999997,0.021535999700427057,linear
,1,1x38x5x7851,3.0,568.2,78.0,48.42323999999999,0.0377920001745224,linear
,1,1x155x5x13098,3.0,520.2,78.0,42.28099999999998,0.1523904025554657,linear
,1,1x251x129x9025,3.0,495.0,78.0,43.36484000000002,0.48543360233306887,linear
,1,1x58x39x10635,8.0,466.2,73.0,43.742599999999996,0.08983680009841918,linear
,1,1x53x182x29701,8.0,465.0,73.0,43.26763999999997,0.48539519906044004,linear
,1,1x56x196x17653,8.0,427.8,72.16,42.15788000000001,0.39315840005874636,linear
,1,1x143x36x25531,8.0,379.8,70.0,39.12268000000001,0.7331135869026184,linear
,1,1x161x224x40347,12.8,414.0,69.2,33.48284000000001,3.002790403366089,linear
,1,1x64x154x53038,23.0,570.0,68.0,31.358960000000003,1.881983995437622,linear
,1,1x156x147x46543,23.0,570.0,65.0,30.975519999999996,2.9306687831878664,linear
,1,1x121x415x116,23.0,570.0,65.0,26.98088,0.044403199851512906,linear
,1,1x205x381x76,28.52,570.0,63.0,25.365319999999997,0.045209600031375884,linear
,1,1x163x483x219,29.0,570.0,63.0,24.44572,0.06951680034399033,linear
,1,1x147x377x396,29.0,570.0,62.68,24.40056000000001,0.09178240001201629,linear
,1,1x170x495x469,29.0,570.0,62.0,24.656279999999995,0.11396480053663254,linear
,1,1x113x506x369,29.0,476.4,61.64,24.24596000000001,0.07436159998178482,linear
,1,1x14x299x951,15.56,381.0,61.0,24.114760000000004,0.06436479985713958,linear
,1,1x143x472x771,13.0,375.0,60.28,23.595240000000004,0.19250560104846953,linear
,1,1x79x379x642,13.0,375.0,60.0,23.304680000000012,0.0917503997683525,linear
,1,1x160x449x1837,13.0,375.0,60.0,24.58208,0.5367423892021179,linear
,1,1x7x472x2028,14.96,375.0,60.0,23.95003999999999,0.34078720211982727,linear
,1,1x166x382x1202,20.0,375.0,59.76,24.036440000000017,0.22014719843864441,linear
,1,1x182x389x3443,20.0,408.0,59.0,25.360399999999995,0.9683328151702881,linear
,1,1x9x304x3254,20.0,450.0,59.0,23.6662,0.3657664000988007,linear
,1,1x157x385x2993,20.0,450.0,59.0,24.993599999999994,0.8487039923667907,linear
,1,1x152x373x7053,27.0,572.4,59.0,27.02768000000001,0.8692416071891784,linear
,1,1x146x497x8018,27.0,705.0,59.0,27.795799999999986,1.297215986251831,linear
,1,1x78x333x6586,27.0,705.0,59.0,27.123320000000017,0.43291519284248353,linear
,1,1x51x363x11650,27.0,705.0,59.0,25.214520000000004,0.618175995349884,linear
,1,1x17x375x12913,31.0,705.0,58.32,25.77268,0.5702080011367798,linear
,1,1x37x287x10911,32.0,705.0,58.0,25.502439999999993,0.5237184166908264,linear
,1,1x222x422x24589,32.0,705.0,58.72,31.261800000000004,3.3128512382507322,linear
,1,1x252x303x31786,32.0,882.6,59.0,33.96423999999999,1.4786816120147706,linear
,1,1x233x302x26691,33.04,1065.0,61.0,49.58939999999998,1.1589632034301758,linear
,1,1x27x361x50270,34.0,1065.0,61.0,55.69943999999999,0.5811583995819092,linear
,1,1x116x315x63010,34.0,1065.0,61.0,53.838200000000015,1.439782404899597,linear
,1,1x98x326x37344,34.0,1065.0,63.0,59.56580000000002,0.8596928000450135,linear
,1,1x171x899x234,34.0,1065.0,63.0,52.502199999999995,0.053561600297689436,linear
,1,1x254x550x65,34.0,1065.0,63.0,46.278400000000005,0.03104640021920204,linear
,1,1x174x920x42,34.0,1065.0,63.0,45.49496000000002,0.028326399624347687,linear
,1,1x52x967x342,34.0,1065.0,63.0,45.48656000000001,0.03752960041165352,linear
,1,1x93x687x346,23.36,1065.0,63.0,45.50900000000001,0.04030719995498657,linear
,1,1x148x674x294,15.0,1065.0,63.0,45.426000000000016,0.05183359980583191,linear
,1,1x196x880x815,15.0,1065.0,63.0,45.513999999999996,0.14336000382900238,linear
,1,1x129x653x612,15.0,1065.0,63.96,46.50500000000001,0.07087999880313874,linear
,1,1x68x887x792,15.0,1065.0,64.0,45.76659999999999,0.09829760193824769,linear
,1,1x47x917x1053,15.0,1065.0,64.0,45.8542,0.0716480016708374,linear
,1,1x114x577x1975,15.0,540.0,64.0,44.553559999999976,0.19045760333538056,linear
,1,1x199x977x1784,15.0,538.2,63.0,40.12628000000002,0.5016831994056702,linear
,1,1x121x884x2455,15.0,525.0,63.0,41.429080000000006,0.4893503963947296,linear
,1,1x171x762x2564,10.0,495.0,63.0,40.65323999999998,0.4780224025249481,linear
,1,1x90x625x2154,10.0,493.8,63.0,40.37472000000002,0.21423359811306,linear
,1,1x33x1000x7769,10.0,465.0,63.0,39.79455999999999,0.6094079971313476,linear
,1,1x56x1015x7730,10.0,451.8,63.0,42.56176000000002,0.6394368171691894,linear
,1,1x51x630x5858,10.0,450.0,63.0,41.62291999999998,0.34282239675521853,linear
,1,1x131x896x10693,10.0,420.0,63.0,44.316399999999994,2.4576191902160645,linear
,1,1x211x875x15122,17.2,501.0,63.0,49.68471999999998,2.832006406784058,linear
,1,1x59x798x11898,30.0,645.0,63.88,48.45987999999999,0.606438410282135,linear
,1,1x206x584x21033,30.0,687.0,64.0,39.11840000000001,2.2169663667678834,linear
,1,1x27x672x21543,30.0,855.0,64.0,41.2118,0.41534079909324645,linear
,1,1x221x626x25666,30.0,855.0,64.0,48.92179999999998,2.573132801055908,linear
,1,1x149x848x40632,31.44,915.0,64.36,56.02539999999997,3.741273546218872,linear
,1,1x224x532x62899,39.0,1245.0,67.0,63.604920000000014,3.6594496250152586,linear
,1,1x186x603x61389,39.0,1443.0,68.52,77.23927999999997,2.7585856437683107,linear
,1,1x59x1422x179,39.0,1470.0,69.0,93.78600000000004,0.027033599838614465,linear
,1,1x238x1944x166,39.0,1470.0,69.0,52.18699999999998,0.05964800044894218,linear
,1,1x237x1950x20,39.0,1470.0,69.0,52.88799999999999,0.02152319997549057,linear
,1,1x257x1333x288,39.0,1470.0,69.0,52.09799999999998,0.07366400212049484,linear
,1,1x145x1818x466,24.0,1470.0,69.0,53.191000000000024,0.09253120124340057,linear
,1,1x73x1741x415,24.0,1470.0,69.0,53.42200000000002,0.06625919938087463,linear
,1,1x159x1394x732,24.0,1470.0,69.0,53.008560000000024,0.103193598985672,linear
,1,1x193x1340x679,24.0,1470.0,69.0,53.51499999999998,0.12750719785690307,linear
,1,1x159x1985x711,24.0,1470.0,69.0,53.751679999999986,0.1460671991109848,linear
,1,1x191x1235x1280,24.0,1470.0,69.0,54.16448000000002,0.14526720046997071,linear
,1,1x213x1134x1836,24.0,1470.0,69.0,55.03943999999998,0.2322495996952057,linear
,1,1x20x1612x1992,24.0,1470.0,69.0,55.158799999999985,0.07409280091524124,linear
,1,1x122x1641x2548,24.0,1470.0,69.0,54.486,0.23179520070552825,linear
,1,1x1x1747x3034,15.16,1470.0,69.0,55.641159999999985,0.05965440049767494,linear
,1,1x9x1756x2325,7.0,1470.0,69.0,52.97299999999998,0.10302720069885254,linear
,1,1x70x1154x7846,7.0,1201.2,69.48,54.167,0.4836736023426056,linear
,1,1x98x1610x7021,7.0,629.4,70.0,51.35591999999999,1.407155203819275,linear
,1,1x255x1777x6281,7.0,615.0,70.0,49.50504000000001,2.4742080211639403,linear
,1,1x229x1897x10923,7.0,681.0,68.0,52.91143999999999,3.6302656173706054,linear
,1,1x16x1317x15372,21.0,780.0,68.0,50.096959999999996,0.662720000743866,linear
,1,1x228x1182x10448,32.0,780.0,68.0,49.221319999999984,2.1235199928283692,linear
,1,1x134x1938x23416,32.0,920.4,68.0,60.48192000000002,4.455692863464355,linear
,1,1x34x1619x26213,32.0,1050.0,68.84,62.957119999999975,1.508294415473938,linear
,1,1x240x1290x19210,32.0,1073.4,69.0,62.25399999999996,2.9998591899871827,linear
,1,1x177x1287x44694,42.12,1251.0,70.52,76.60583999999996,4.469228744506836,linear
,1,1x41x1538x45633,43.0,1650.0,71.0,67.82939999999996,2.2375808238983153,linear
,1,1x136x1456x60070,43.0,1753.8,76.0,111.93400000000001,4.785785675048828,linear
,1,1x226x3751x248,43.0,1860.0,76.0,118.53908000000007,0.10442879945039749,linear
,1,1x124x3959x63,40.48,1875.0,79.36,79.64587999999998,0.026124799996614455,linear
,1,1x161x2826x82,36.0,1875.0,80.0,77.3874,0.03475840017199516,linear
,1,1x25x2256x401,36.0,1875.0,80.0,77.41035999999997,0.028172799944877626,linear
,1,1x206x2258x356,36.0,1875.0,80.0,78.03788000000004,0.08845440149307252,linear
,1,1x188x2639x358,36.0,1875.0,80.0,79.16324,0.08773759752511978,linear
,1,1x164x2714x915,36.0,1875.0,80.0,80.85079999999995,0.19934720396995545,linear
,1,1x243x3136x746,36.0,1875.0,80.0,85.01983999999995,0.20363520085811615,linear
,1,1x215x2669x935,36.0,1875.0,80.0,86.74808000000003,0.2274879992008209,linear
,1,1x176x3500x1566,36.0,1875.0,80.0,88.65900000000005,0.3622591972351074,linear
,1,1x179x3169x1614,36.0,1799.4,81.92,94.62008000000003,0.34601600766181945,linear
,1,1x246x2925x1438,7.0,1761.6,82.0,84.61316000000002,0.38193280100822447,linear
,1,1x170x3983x2460,7.0,1875.0,82.0,84.40459999999996,0.6035840034484863,linear
,1,1x119x2201x2766,7.0,1875.0,82.0,97.09659999999994,0.29293439984321595,linear
,1,1x146x3910x4072,7.0,1489.2,84.0,91.48836,1.0157248020172118,linear
,1,1x152x2840x5534,7.0,885.6,79.2,45.16516000000001,1.7909759998321533,linear
,1,1x134x3620x6026,13.24,859.8,76.0,54.224079999999994,2.6116799831390383,linear
,1,1x82x3709x6644,19.0,870.0,75.68,54.03544,1.962169599533081,linear
,1,1x112x3062x9534,19.0,870.0,74.0,54.21268,2.189452791213989,linear
,1,1x251x2421x15491,19.0,916.8,73.28,61.43607999999998,5.178611183166504,linear
,1,1x112x2348x8935,19.0,1500.0,73.0,67.51100000000004,1.0537343978881837,linear
,1,1x192x3615x31082,39.0,1629.0,77.2,98.60776,6.731379222869873,linear
,1,1x153x3945x30282,39.0,1701.6,85.04,134.25444,6.789772796630859,linear
,1,1x124x2893x18589,44.44,1575.0,85.44,111.50780000000006,2.411756753921509,linear
,1,1x149x3008x53668,47.0,1576.2,85.48,132.10900000000007,9.912211227416993,linear
,1,1x25x3459x57748,47.0,1615.8,87.0,109.20703999999999,3.461785650253296,linear
,1,1x238x2285x59814,56.36,1556.4,86.08,130.85780000000005,10.949286460876465,linear
,1,1x27x6296x194,60.0,1713.6,85.04,100.29840000000006,0.04143999963998794,linear
,1,1x246x6084x105,60.0,1680.0,84.0,66.36360000000002,0.10127360075712204,linear
,1,1x51x7943x164,60.0,1845.6,84.0,67.73307999999996,0.06466559916734696,linear
,1,1x101x6799x374,60.0,1874.4,84.0,78.72844000000003,0.1324735999107361,linear
,1,1x251x5604x287,60.0,1875.0,83.0,82.18896,0.17783039808273315,linear
,1,1x192x4592x504,48.48,1725.6,83.0,82.45104000000003,0.17734400033950806,linear
,1,1x50x5316x759,24.0,1774.2,83.0,68.509,0.141593599319458,linear
,1,1x42x4356x608,24.0,1875.0,83.0,73.683,0.09574400037527084,linear
,1,1x22x5979x729,24.0,1875.0,82.0,80.93100000000003,0.09064320027828217,linear
,1,1x40x6548x1357,24.0,1875.0,82.0,80.54500000000003,0.3029952049255371,linear
,1,1x39x6887x1837,24.0,1875.0,82.0,90.34200000000004,0.4107136011123657,linear
,1,1x152x6115x1175,24.0,1824.6,82.0,95.6978,0.4868287980556488,linear
,1,1x228x7045x3153,24.0,1687.2,84.0,98.32660000000007,1.8695680141448974,linear
,1,1x167x7252x2099,24.0,1681.2,84.0,100.45140000000004,1.007091212272644,linear
,1,1x253x5292x2308,15.0,1215.0,84.0,81.04363999999995,1.434009599685669,linear
,1,1x235x4973x5206,15.0,1164.6,78.0,62.28560000000003,2.9317695617675783,linear
,1,1x103x8021x6670,15.0,1170.6,78.0,70.85135999999996,3.0805504322052,linear
,1,1x103x5570x4317,15.0,1185.0,78.0,73.59700000000002,1.615993595123291,linear
,1,1x217x7185x9404,32.28,1386.0,78.56,87.03048000000001,6.0691712379455565,linear
,1,1x205x6813x15245,33.0,1668.0,80.44,141.24356000000006,8.116358470916747,linear
,1,1x13x8051x9905,33.0,1848.6,88.0,104.83840000000001,1.4043456077575684,linear
,1,1x244x4896x30742,51.48,1629.0,88.0,139.27560000000003,11.93217887878418,linear
,1,1x82x6808x30356,55.0,1521.0,87.0,115.30036000000005,8.982207870483398,linear
,1,1x3x5856x23128,55.6,1649.4,84.48,89.35003999999994,1.6678655862808227,linear
,1,1x199x7312x40255,58.0,1533.6,86.88,138.29428,23.35631332397461,linear
,1,1x94x7155x42033,78.0,1461.0,88.72,137.23664000000002,13.116793632507324,linear
,1,1x96x6674x62325,77.2,1525.2,89.0,144.84531999999996,18.10096664428711,linear
,1,1x507x86x43,76.0,1743.6,87.0,100.10300000000002,0.01009919997304678,linear
,1,1x394x188x22,76.0,1680.0,87.0,65.09964000000005,0.010348800010979176,linear
,1,1x317x122x108,76.0,1860.0,86.2,68.18112000000002,0.012172800116240978,linear
,1,1x405x137x305,76.0,1875.0,82.0,76.46640000000001,0.02051199972629547,linear
,1,1x329x138x469,76.0,1875.0,82.0,77.35400000000004,0.022681600227952004,linear
,1,1x491x184x289,63.04,1875.0,82.0,78.12932000000006,0.023532800003886224,linear
,1,1x281x24x614,22.0,1875.0,82.0,78.50175999999996,0.010316799953579902,linear
,1,1x397x48x882,22.0,1875.0,82.0,78.59999999999997,0.018483200296759605,linear
,1,1x366x245x592,22.0,1875.0,82.0,78.58176000000002,0.02934400029480457,linear
,1,1x453x46x1234,22.0,1875.0,82.0,78.91800000000002,0.02518399991095066,linear
,1,1x436x110x1335,22.0,1875.0,82.0,78.71360000000003,0.039366400241851805,linear
,1,1x383x142x1197,22.0,1875.0,82.0,79.13132000000003,0.03510399982333183,linear
,1,1x314x124x4095,22.0,1875.0,82.0,79.57804000000003,0.08343680053949357,linear
,1,1x291x8x3122,22.0,1875.0,82.0,81.27500000000003,0.024614400416612624,linear
,1,1x415x41x2881,22.0,1875.0,82.0,79.66868,0.052940800040960315,linear
,1,1x489x29x6630,14.8,1668.6,82.0,80.87980000000002,0.11566080003976822,linear
,1,1x394x61x4337,4.0,585.0,82.0,56.30171999999999,0.21875200271606446,linear
,1,1x445x81x6186,4.0,540.0,82.0,43.314199999999985,0.3759168028831482,linear
,1,1x348x19x15063,4.0,511.2,74.0,44.16639999999998,0.4282815992832184,linear
,1,1x280x206x9322,4.0,480.0,74.0,44.687999999999995,0.7937280058860778,linear
,1,1x494x189x16276,5.92,468.6,72.44,45.998999999999995,2.1461440086364747,linear
,1,1x414x54x23108,16.0,450.0,71.0,47.62959999999999,1.176204800605774,linear
,1,1x300x49x20759,16.0,435.0,71.0,45.56268000000001,0.7975232005119324,linear
,1,1x488x140x24039,16.0,435.0,70.0,47.672239999999995,2.5952064037322997,linear
,1,1x440x107x62385,16.0,531.6,70.0,53.770959999999974,4.046425437927246,linear
,1,1x384x183x58737,22.48,804.6,70.0,55.69200000000003,3.3308032035827635,linear
,1,1x319x7x36810,43.0,1035.0,70.0,57.35500000000001,0.4860159933567047,linear
,1,1x322x304x170,43.0,1035.0,69.08,46.36163999999999,0.03340799957513809,linear
,1,1x438x366x96,43.0,1035.0,69.0,45.74000000000001,0.03733759969472885,linear
,1,1x400x453x71,43.0,1035.0,69.0,45.847199999999994,0.04071039929986,linear
,1,1x349x270x420,43.0,1035.0,69.0,45.86015999999999,0.058560000360012056,linear
,1,1x285x369x455,43.0,1035.0,67.48,45.84383999999997,0.08009599894285202,linear
,1,1x346x508x276,43.0,1035.0,67.0,45.88371999999998,0.07624959945678711,linear
,1,1x422x287x535,32.12,1035.0,67.0,45.96579999999998,0.08591999858617783,linear
,1,1x337x480x1011,9.0,1035.0,67.0,46.11999999999998,0.12896000146865844,linear
,1,1x273x350x838,9.0,1035.0,67.0,46.394,0.10097280144691467,linear
,1,1x485x262x1568,9.0,1035.0,67.0,46.11,0.172326397895813,linear
,1,1x468x509x1800,9.0,1035.0,67.0,46.988839999999975,0.3146111905574799,linear
,1,1x390x310x1176,9.0,1035.0,66.36,46.94415999999999,0.13918720185756683,linear
,1,1x337x284x2463,9.0,1035.0,66.0,46.53975999999999,0.19254400432109833,linear
,1,1x335x284x3526,9.0,405.0,66.0,46.197200000000024,0.5095359951257705,linear
,1,1x499x316x3312,10.36,405.0,66.0,42.03663999999999,0.8522304058074951,linear
,1,1x279x391x7699,11.0,404.4,66.0,43.00055999999999,1.3201087713241577,linear
,1,1x455x471x7986,11.0,408.0,66.0,34.78464000000002,2.842732810974121,linear
,1,1x355x321x4446,11.0,435.0,64.0,30.442959999999992,1.083891177177429,linear
,1,1x398x491x8395,21.56,439.8,63.52,31.169719999999995,2.7598336219787596,linear
,1,1x453x505x15943,35.0,633.6,63.0,34.778720000000014,3.7981696128845215,linear
,1,1x394x447x8524,35.0,960.0,63.0,46.17192,1.049177622795105,linear
,1,1x470x302x22543,35.0,960.0,63.0,55.638319999999986,2.0852800369262696,linear
,1,1x345x355x22962,35.0,960.0,65.16,56.966760000000015,1.9004672050476075,linear
,1,1x272x380x28589,43.0,960.0,66.0,57.72979999999998,2.0173824310302733,linear
,1,1x282x340x46814,43.0,974.4,66.4,61.09276000000002,2.928889608383179,linear
,1,1x386x413x50816,43.0,1120.2,67.0,63.906159999999964,4.028761625289917,linear
,1,1x401x409x39853,43.0,1455.0,70.0,77.89568,2.8983935356140136,linear
,1,1x463x840x72,42.0,1455.0,70.0,89.92711999999996,0.04031360074877739,linear
,1,1x440x820x88,42.0,1455.0,70.0,52.21232000000002,0.039974399656057355,linear
,1,1x414x943x170,42.0,1455.0,70.0,52.147600000000004,0.08772479891777038,linear
,1,1x452x818x468,42.0,1455.0,70.0,52.37500000000001,0.09691520035266876,linear
,1,1x427x694x417,42.0,1455.0,70.0,52.737159999999996,0.08112639933824539,linear
,1,1x463x952x501,42.0,1455.0,70.0,52.966280000000005,0.11106559932231903,linear
,1,1x433x832x645,42.0,1455.0,70.0,53.398360000000004,0.14223360419273376,linear
,1,1x432x1014x880,42.0,1455.0,69.0,53.926520000000004,0.17378560304641724,linear
,1,1x276x897x774,42.0,1455.0,69.0,54.132839999999966,0.13285120129585265,linear
,1,1x335x723x1044,31.92,1455.0,69.0,53.47620000000002,0.14522240161895753,linear
,1,1x358x717x1563,6.0,1455.0,69.0,54.210200000000015,0.20330880284309388,linear
,1,1x263x604x1251,6.0,1455.0,69.72,54.98195999999999,0.110732801258564,linear
,1,1x308x691x2210,6.0,1455.0,70.0,53.650999999999996,0.23926400244235993,linear
,1,1x481x787x2429,6.0,1118.4,70.0,56.1312,0.409305602312088,linear
,1,1x314x648x2289,6.0,690.0,69.92,45.803319999999985,0.5336192011833191,linear
,1,1x314x934x7707,6.0,660.0,68.0,47.70696,1.892844796180725,linear
,1,1x454x665x4544,6.0,660.0,68.0,48.637,1.3207488298416137,linear
,1,1x371x900x7400,19.0,646.2,68.0,47.55127999999999,2.146016025543213,linear
,1,1x309x926x14948,19.0,645.0,68.0,54.2308,3.8352447986602782,linear
,1,1x499x885x15607,19.0,937.2,68.0,57.72896,3.4734848499298097,linear
,1,1x328x932x9945,19.0,1290.0,68.0,63.8222,1.4580928087234497,linear
,1,1x320x974x31372,26.84,1357.2,70.4,75.19348,3.849760055541992,linear
,1,1x453x941x24519,47.0,1710.0,72.0,99.98812,3.704896020889282,linear
,1,1x364x810x27699,47.0,1856.4,78.0,100.27464000000002,2.653395175933838,linear
,1,1x452x661x36246,42.92,1791.0,80.16,119.28172,3.5863808155059815,linear
,1,1x488x617x47469,30.0,1768.2,84.0,157.25843999999998,4.545894432067871,linear
,1,1x483x743x56869,30.0,1501.8,87.68,123.44356000000002,7.615526485443115,linear
,1,1x399x1566x67,30.0,1701.6,88.0,102.78964000000003,0.048102399706840514,linear
,1,1x440x1174x163,30.0,1680.0,83.2,65.13888000000003,0.06159999966621399,linear
,1,1x441x1626x112,30.8,1860.0,82.0,67.64259999999996,0.04866560027003288,linear
,1,1x388x1604x269,40.0,1860.0,82.0,76.08892000000006,0.09770880192518235,linear
,1,1x364x1461x474,40.0,1860.0,82.0,80.24016000000002,0.10274560004472733,linear
,1,1x348x1540x293,40.0,1860.0,82.0,80.85612,0.09450879842042922,linear
,1,1x289x1118x587,40.0,1860.0,82.0,80.60647999999998,0.08599039912223816,linear
,1,1x369x1304x913,40.0,1860.0,82.0,81.51736000000001,0.16659200191497803,linear
,1,1x364x1729x729,40.0,1849.8,82.0,83.81412000000002,0.18398079574108123,linear
,1,1x405x1162x1538,40.0,1772.4,82.48,81.99439999999997,0.28497920036315916,linear
,1,1x505x1947x1697,40.0,1701.6,83.0,81.2528,0.5675392031669617,linear
,1,1x441x1300x1704,36.16,1860.0,83.0,82.77796000000002,0.34186241030693054,linear
,1,1x391x1181x2357,8.0,1860.0,83.0,91.69984000000002,0.4128256022930145,linear
,1,1x325x1976x2419,8.0,1767.6,83.88,96.63135999999999,0.5764991998672485,linear
,1,1x277x1473x4046,8.0,1713.0,84.0,87.44959999999999,0.6613695979118347,linear
,1,1x277x1688x4942,8.0,930.0,84.0,68.62147999999998,1.534771203994751,linear
,1,1x433x2022x8046,8.0,882.6,76.0,52.948679999999975,4.015884780883789,linear
,1,1x317x1496x7493,24.0,1028.4,76.0,59.055679999999995,1.8410175561904907,linear
,1,1x339x1300x8835,24.0,1050.0,75.04,66.67455999999997,2.3875263690948487,linear
,1,1x503x1374x11787,24.0,1201.2,75.0,68.40876000000002,3.3860607624053953,linear
,1,1x312x1058x11508,24.0,1302.0,75.8,71.2912,1.8078400135040282,linear
,1,1x472x1783x17808,29.88,1352.4,76.0,90.05680000000001,5.75859842300415,linear
,1,1x402x1861x24832,45.0,1776.6,82.0,130.20195999999993,6.053772830963135,linear
,1,1x475x1544x24947,45.0,1580.4,86.2,133.36983999999993,6.000716876983643,linear
,1,1x433x1840x41817,50.44,1535.4,87.0,129.85539999999995,10.893817520141601,linear
,1,1x303x1322x63680,53.0,1623.6,87.72,134.64708000000005,9.13303050994873,linear
,1,1x346x2037x61537,62.6,1471.8,88.0,130.26567999999997,16.142476654052736,linear
,1,1x301x3179x205,68.0,1812.6,86.16,98.56952000000003,0.10998400002717972,linear
,1,1x356x3911x207,68.0,1794.0,86.0,78.31400000000002,0.13519359827041627,linear
,1,1x450x4029x125,68.0,1683.0,86.0,77.92799999999995,0.11058560013771057,linear
,1,1x468x3495x261,68.0,1800.6,86.0,68.58991999999998,0.22099199891090393,linear
,1,1x394x2797x354,68.0,1860.0,83.0,78.74011999999998,0.16590719819068908,linear
,1,1x318x2370x509,60.6,1709.4,83.0,80.72259999999994,0.14253440201282502,linear
,1,1x322x2270x946,31.0,1694.4,83.0,70.72484000000004,0.32259840369224546,linear
,1,1x451x2461x846,31.0,1860.0,83.0,76.27700000000003,0.34165759682655333,linear
,1,1x364x3765x894,31.0,1831.2,83.0,94.42299999999999,0.3964735984802246,linear
,1,1x357x2646x1331,31.0,1803.0,83.0,97.02867999999995,0.44618239998817444,linear
,1,1x307x2718x1147,31.0,1710.0,83.0,88.25804,0.3451456010341644,linear
,1,1x467x2545x1744,31.0,1680.0,83.0,80.09759999999999,0.7892928004264832,linear
,1,1x342x3430x3776,31.0,1860.0,83.0,92.94183999999997,1.4900032043457032,linear
,1,1x484x3536x3893,23.72,1556.4,83.0,122.56304000000007,2.3421247482299803,linear
,1,1x305x2310x3987,18.0,1543.2,83.0,83.9314,1.1330879926681519,linear
,1,1x402x3864x5132,18.0,1496.4,83.0,86.19344000000001,3.1098623752593992,linear
,1,1x490x3830x6633,18.0,1642.2,83.4,103.59244000000002,3.8785791873931883,linear
,1,1x257x2607x6914,18.0,1845.0,84.0,139.22924000000006,1.8834432363510132,linear
,1,1x353x3735x15354,36.4,1481.4,86.4,130.6196799999999,7.57456636428833,linear
,1,1x394x3740x11273,38.0,1556.4,87.84,126.53456000000006,6.218233585357666,linear
,1,1x334x2252x8555,38.0,1624.8,87.0,100.11840000000001,2.3292351722717286,linear
,1,1x368x3449x30155,53.2,1503.6,87.0,133.39328000000006,13.785465621948243,linear
,1,1x497x2792x22682,58.0,1550.4,85.0,119.89856,10.17486743927002,linear
,1,1x363x3985x29135,65.36,1486.2,88.0,135.10308000000003,15.258265495300293,linear
,1,1x314x3015x61222,72.0,1445.4,88.6,132.66492,22.475399017333984,linear
,1,1x302x3067x43103,81.0,1447.8,86.08,128.53360000000004,16.19187240600586,linear
,1,1x434x3845x45415,78.0,1481.4,87.32,135.86891999999997,27.340710830688476,linear
,1,1x435x6748x240,77.4,1725.0,89.0,101.27784000000003,0.29180800914764404,linear
,1,1x266x7079x123,73.0,1680.0,89.0,70.28792000000004,0.1550271987915039,linear
,1,1x291x4455x67,73.0,1852.8,86.84,69.67399999999996,0.08781439810991287,linear
,1,1x444x5905x293,73.0,1860.0,83.0,80.98027999999995,0.3249023973941803,linear
,1,1x293x6586x296,73.0,1814.4,83.0,92.94599999999997,0.2528384029865265,linear
,1,1x491x7595x310,73.0,1749.0,83.0,84.0686,0.5101952016353607,linear
,1,1x422x6068x732,73.0,1718.4,83.0,84.94619999999998,0.6430271983146667,linear
,1,1x260x6557x740,73.0,1682.4,83.0,79.35999999999996,0.5389824032783508,linear
,1,1x444x6143x751,73.0,1759.2,83.0,82.24119999999999,0.6577152013778687,linear
,1,1x276x7222x1185,12.0,1860.0,84.04,100.60860000000002,0.8944384098052979,linear
,1,1x420x5322x1694,12.0,1693.2,85.0,115.41859999999996,1.3556096076965332,linear
,1,1x429x4773x1999,12.0,1680.0,85.0,102.99323999999996,1.4278463840484619,linear
,1,1x357x6114x3041,12.0,1680.0,85.0,106.0,2.429465579986572,linear
,1,1x433x4295x3297,12.0,1620.0,85.0,101.3998,2.204153633117676,linear
,1,1x284x6088x2653,12.0,1590.0,84.88,93.61584,1.8156800031661988,linear
,1,1x389x8053x5254,31.0,1602.0,84.0,118.07436000000001,6.223193645477295,linear
,1,1x291x7280x6319,31.0,1677.0,86.64,128.21343999999996,4.8245439529418945,linear
,1,1x358x7848x4273,31.0,1708.2,87.04,127.46395999999997,4.067737579345703,linear
,1,1x377x6356x9208,46.96,1502.4,88.0,120.75491999999998,7.292556858062744,linear
,1,1x470x6066x10695,52.0,1564.2,86.08,125.77680000000001,10.340716934204101,linear
,1,1x331x5391x13394,56.16,1560.6,87.92,130.24152,9.04271354675293,linear
,1,1x334x5636x19883,65.0,1468.2,87.92,128.20232,15.066368103027344,linear
,1,1x497x7160x22413,74.6,1493.4,87.12,127.18428,27.300876998901366,linear
,1,1x370x5758x23088,78.68,1469.4,88.0,134.72635999999994,18.26895980834961,linear
,1,1x458x4412x39933,78.56,1502.4,87.0,129.09087999999997,29.21958999633789,linear
,1,1x412x6439x63003,87.84,1399.8,87.28,137.45152,68.42035217285157,linear
,1,1x468x6746x62318,91.44,1429.8,87.32,131.1836,72.39471435546875,linear
,1,1x973x186x44,93.0,1819.8,86.4,102.50227999999996,0.015155200101435184,linear
,1,1x942x158x159,81.0,1680.0,84.0,69.0262,0.026790400221943855,linear
,1,1x518x253x122,81.0,1680.0,84.0,66.24392000000003,0.020454400032758713,linear
,1,1x664x29x435,81.0,1860.0,84.0,68.28847999999995,0.01640320010483265,linear
,1,1x694x234x441,81.0,1860.0,84.0,75.156,0.043142400681972504,linear
,1,1x637x141x425,81.0,1860.0,82.0,78.08580000000002,0.030879999697208404,linear
,1,1x645x255x1022,81.0,1857.6,82.0,79.35860000000004,0.08369919806718826,linear
,1,1x936x24x854,81.0,1845.0,82.0,77.74700000000004,0.024588800221681594,linear
,1,1x854x175x918,81.0,1858.2,82.0,77.24851999999998,0.07168000191450119,linear
,1,1x856x237x1872,81.0,1860.0,82.0,78.37699999999997,0.1640064001083374,linear
,1,1x897x85x1822,7.08,1860.0,82.0,83.85300000000001,0.08432000130414963,linear
,1,1x822x111x1644,4.0,1860.0,82.0,81.153,0.07594239711761475,linear
,1,1x861x248x3320,4.0,1860.0,82.0,80.87400000000001,0.2587328016757965,linear
,1,1x602x171x3961,4.0,1860.0,82.88,90.65827999999998,0.1942463994026184,linear
,1,1x964x61x3165,4.0,1860.0,83.0,85.19200000000001,0.12853119969367982,linear
,1,1x763x88x4680,4.0,1856.4,83.0,83.72643999999997,0.16170240044593812,linear
,1,1x949x201x5563,4.0,645.0,83.0,70.79327999999994,1.0564927816390992,linear
,1,1x830x239x7951,6.24,633.6,78.0,46.64844,1.4955904006958007,linear
,1,1x579x244x10042,12.0,600.0,78.0,48.994480000000024,1.540998387336731,linear
,1,1x822x237x14759,12.0,585.0,74.0,50.81123999999998,2.966387224197388,linear
,1,1x754x89x9469,12.0,720.0,74.0,49.46428000000002,0.7465407848358154,linear
,1,1x848x254x18399,12.0,720.0,71.12,50.476679999999966,3.586579179763794,linear
,1,1x837x154x26364,28.0,784.8,71.0,54.82919999999999,2.887488031387329,linear
,1,1x625x145x17406,37.0,855.0,71.0,52.39923999999999,1.2998015880584717,linear
,1,1x705x197x56380,37.0,1047.0,71.0,62.177840000000025,4.6861824035644535,linear
,1,1x599x71x60022,37.0,1375.8,72.0,73.10343999999995,1.8015488147735597,linear
,1,1x1023x122x50414,37.0,1407.6,72.0,80.46588000000001,3.361075210571289,linear
,1,1x593x302x126,45.0,1410.0,72.64,88.86100000000005,0.03463679924607277,linear
,1,1x814x405x86,45.0,1410.0,74.0,52.18800000000002,0.03678080067038536,linear
,1,1x642x296x143,45.0,1410.0,74.0,52.22600000000002,0.030745599418878555,linear
,1,1x780x377x505,45.0,1410.0,74.0,52.179,0.09747200012207032,linear
,1,1x728x433x284,45.0,1410.0,74.0,52.897000000000006,0.06515839844942092,linear
,1,1x998x391x331,45.0,1410.0,71.0,52.60948000000001,0.08179839700460434,linear
,1,1x789x393x613,45.0,1410.0,71.0,52.83796,0.0987647995352745,linear
,1,1x934x307x619,45.0,1410.0,71.0,52.87000000000002,0.10859519988298416,linear
,1,1x635x301x646,45.0,1410.0,71.0,52.840959999999995,0.0754368007183075,linear
,1,1x776x339x1176,24.2,1410.0,71.0,53.006440000000005,0.1708928018808365,linear
,1,1x718x458x1390,5.0,1410.0,71.0,54.66100000000002,0.20698240101337434,linear
,1,1x769x485x1063,5.0,1410.0,71.0,55.369,0.21105920076370238,linear
,1,1x959x463x2336,5.0,1410.0,71.0,55.43200000000001,0.46070399284362795,linear
,1,1x861x298x3931,5.0,1410.0,71.0,61.41699999999999,0.4603583991527557,linear
,1,1x961x354x2622,5.0,1410.0,71.0,61.77775999999998,0.42817280292510984,linear
,1,1x860x285x6863,5.0,690.0,71.0,55.97808000000003,1.3909631967544556,linear
,1,1x995x280x6085,5.0,690.0,70.32,49.453559999999996,1.4141376256942748,linear
,1,1x738x289x5757,13.96,685.2,70.0,47.33031999999999,1.135699200630188,linear
,1,1x636x397x10507,19.0,675.0,70.0,48.97772,2.243558406829834,linear
,1,1x1011x298x8297,19.0,675.0,68.0,50.011799999999994,2.142975950241089,linear
,1,1x757x346x8809,19.0,676.8,68.0,50.87312000000001,1.9761280298233033,linear
,1,1x737x494x23204,19.0,936.0,68.84,59.84875999999999,4.615347194671631,linear
,1,1x804x364x30628,45.0,1342.2,69.0,76.47323999999999,3.900883197784424,linear
,1,1x753x484x27066,45.0,1620.0,73.0,94.38687999999998,3.528723192214966,linear
,1,1x738x294x63635,45.0,1833.0,77.2,116.43735999999996,4.8299839973449705,linear
,1,1x880x395x46021,43.64,1750.8,82.4,133.43359999999996,5.373452854156494,linear
,1,1x738x408x43044,43.0,1638.6,86.0,122.90923999999995,4.348595142364502,linear
,1,1x766x848x223,43.0,1686.6,84.72,101.91800000000006,0.0818112000823021,linear
,1,1x976x1020x124,43.0,1680.0,84.0,65.67599999999999,0.08401279896497726,linear
,1,1x678x983x13,43.0,1695.0,84.0,63.947800000000015,0.02470400035381317,linear
,1,1x816x949x395,24.0,1695.0,81.8,63.336000000000006,0.15438079833984375,linear
,1,1x888x692x291,24.0,1695.0,79.0,67.46499999999997,0.09585920125246047,linear
,1,1x796x568x289,24.0,1695.0,79.0,65.78500000000003,0.06558720022439957,linear
,1,1x602x595x913,24.0,1695.0,79.0,65.00856,0.15152640640735626,linear
,1,1x813x939x648,24.0,1695.0,77.0,64.197,0.21450879871845246,linear
,1,1x864x847x1010,24.0,1695.0,77.0,66.64451999999997,0.2842240035533905,linear
,1,1x664x874x1607,24.0,1695.0,77.0,70.42316000000001,0.38922880291938783,linear
,1,1x642x964x1558,24.0,1695.0,77.0,72.16296000000003,0.39482879638671875,linear
,1,1x538x927x2047,12.48,1695.0,78.0,72.31300000000005,0.42654719948768616,linear
,1,1x628x1003x2213,8.0,1695.0,78.0,74.46399999999996,0.5059648036956788,linear
,1,1x740x797x2850,8.0,987.0,78.0,71.31439999999994,0.6434048056602478,linear
,1,1x950x891x3630,8.0,799.8,75.84,49.60060000000001,2.1115520000457764,linear
,1,1x808x680x7569,8.0,765.0,75.0,53.49424,2.8527552127838134,linear
,1,1x932x792x7492,15.04,916.2,73.0,55.87008000000002,3.184012842178345,linear
,1,1x987x742x4316,30.0,1035.0,73.0,59.28655999999999,1.6907455682754517,linear
,1,1x635x796x16271,30.0,1149.0,72.04,63.074360000000006,3.4394432067871095,linear
,1,1x662x840x15746,30.0,1387.2,72.0,78.84844000000001,3.4514111995697023,linear
,1,1x711x700x9741,30.0,1455.6,75.0,78.95135999999998,2.0126463890075685,linear
,1,1x894x1009x29885,42.48,1687.8,77.8,108.99507999999994,8.383251190185547,linear
,1,1x647x530x32097,43.0,1689.0,82.16,119.88463999999996,3.930227184295654,linear
,1,1x658x745x26458,41.68,1697.4,86.0,130.86755999999997,4.232409572601318,linear
,1,1x623x546x36653,40.0,1646.4,86.84,123.46475999999997,4.409728145599365,linear
,1,1x872x542x38718,40.0,1634.4,85.72,115.77964,6.279999923706055,linear
,1,1x688x517x39236,43.64,1634.4,83.0,118.14460000000003,4.825478363037109,linear
,1,1x930x1256x161,47.0,1736.4,85.0,93.86667999999996,0.10286079943180085,linear
,1,1x907x1605x234,47.0,1680.0,85.0,70.40699999999998,0.16277759969234468,linear
,1,1x1016x1240x203,47.0,1860.0,85.0,72.27199999999999,0.11543040126562118,linear
,1,1x718x1852x319,47.0,1860.0,83.24,81.36200000000002,0.16636800169944763,linear
,1,1x978x1246x319,47.0,1860.0,83.0,85.93723999999995,0.16213760077953338,linear
,1,1x904x1694x335,47.0,1809.0,83.0,84.22988000000001,0.20973440110683442,linear
,1,1x545x1906x634,31.6,1831.2,83.0,79.62371999999998,0.22904959917068482,linear
,1,1x954x1300x832,12.0,1860.0,83.0,84.43628000000004,0.34854400157928467,linear
,1,1x874x1607x841,12.0,1766.4,83.0,95.41,0.403904002904892,linear
,1,1x878x1868x1744,12.0,1701.6,83.0,85.01700000000002,0.9524223923683166,linear
,1,1x846x1101x1968,12.0,1687.2,83.0,97.773,0.6794559955596924,linear
,1,1x615x1446x1713,12.0,1732.8,82.0,79.66980000000001,0.5293759822845459,linear
,1,1x561x1633x3695,12.0,1860.0,82.0,90.038,1.1554623603820802,linear
,1,1x820x1911x3332,12.0,1185.0,82.0,98.53980000000001,2.379430389404297,linear
,1,1x957x1147x2870,21.0,1185.0,81.0,68.84335999999999,1.5035967826843262,linear
,1,1x786x1612x5412,21.0,1150.2,80.64,64.28944,3.328614377975464,linear
,1,1x959x1889x4400,21.0,1218.6,78.0,72.77007999999998,3.504595232009888,linear
,1,1x598x1667x6538,21.0,1372.2,78.12,79.74752000000002,2.809510374069214,linear
,1,1x756x1275x13327,36.36,1494.0,79.0,90.28164000000002,4.641177654266357,linear
,1,1x773x1139x16227,37.0,1695.6,82.12,120.95508000000001,4.8106560707092285,linear
,1,1x534x1096x9088,37.0,1684.8,85.0,98.50912000000004,1.8520639896392823,linear
,1,1x821x1209x24100,41.4,1665.6,84.0,124.35420000000002,7.885657691955567,linear
,1,1x853x1890x19674,48.0,1531.8,87.0,130.34691999999995,11.389075088500977,linear
,1,1x516x1845x22941,51.52,1602.6,86.0,139.78176000000002,7.9941630363464355,linear
,1,1x779x1380x54237,59.0,1466.4,87.92,133.90884000000003,22.2603515625,linear
,1,1x604x1972x45762,78.0,1498.8,87.24,127.73299999999999,19.028722763061523,linear
,1,1x958x1954x65153,82.84,1425.6,87.36,133.30668000000003,45.671033477783205,linear
,1,1x802x2824x215,91.0,1801.2,87.0,120.10776,0.19844479560852052,linear
,1,1x523x3969x69,91.0,1680.0,84.0,75.28019999999998,0.11641599982976913,linear
,1,1x995x3500x24,91.0,1680.0,84.0,71.04383999999999,0.11039360016584396,linear
,1,1x860x3966x324,91.0,1860.0,84.0,74.58799999999998,0.4298751950263977,linear
,1,1x953x3207x391,91.0,1716.0,83.52,91.89407999999999,0.47753600478172303,linear
,1,1x748x2799x275,91.0,1794.6,83.0,79.73271999999997,0.2501567959785461,linear
,1,1x1017x2509x664,91.0,1692.0,83.0,77.28344000000003,0.6252544045448303,linear
,1,1x591x3057x1023,15.0,1855.2,83.0,86.54215999999998,0.6325119972229004,linear
,1,1x984x4014x977,15.0,1854.6,84.0,109.39159999999997,1.206982421875,linear
,1,1x585x3611x1214,15.0,1852.2,84.0,115.00100000000006,0.8932736039161682,linear
,1,1x670x2542x1636,15.0,1644.6,84.0,110.538,0.9677055954933167,linear
,1,1x787x3781x1209,15.0,1665.0,83.08,84.24819999999998,1.3383552074432372,linear
,1,1x598x3239x3966,15.0,1657.2,83.0,103.99119999999999,2.6600128173828126,linear
,1,1x559x2489x3789,21.76,1600.2,83.36,102.52039999999997,2.5368768215179442,linear
,1,1x915x2234x2390,28.0,1588.2,84.0,93.99160000000003,1.7994879961013794,linear
,1,1x621x3825x4243,28.0,1570.2,84.0,100.77600000000002,3.4991424083709717,linear
,1,1x822x2407x5121,28.0,1622.4,84.0,105.04352,3.4484672069549562,linear
,1,1x708x2401x6562,28.0,1681.8,84.96,124.09527999999993,3.9852352142333984,linear
,1,1x973x3042x11491,41.0,1542.6,87.4,127.01000000000002,12.029631805419921,linear
,1,1x922x4040x16186,53.8,1504.8,88.0,138.34928,20.724198150634766,linear
,1,1x972x3835x8533,73.0,1477.2,87.0,130.93559999999997,11.783558464050293,linear
,1,1x912x3756x28189,77.4,1415.4,86.88,134.58476000000002,34.3500862121582,linear
,1,1x938x4071x26335,87.36,1420.2,87.16,131.44107999999994,36.44334106445312,linear
,1,1x953x2515x23813,90.0,1448.4,87.28,134.72827999999998,20.053785705566405,linear
,1,1x981x2503x39708,79.12,1424.4,87.52,134.26868,36.1514175415039,linear
,1,1x670x3538x54697,89.36,1405.8,88.32,134.41328000000001,48.12990112304688,linear
,1,1x785x3574x59967,90.92,1385.4,88.0,134.71347999999998,64.73533325195312,linear
,1,1x966x5289x6,95.0,1653.6,88.0,91.14876000000004,0.15147520303726197,linear
,1,1x815x7531x206,95.0,1650.0,86.2,66.95000000000003,0.540556800365448,linear
,1,1x715x6567x44,87.08,1784.4,83.0,75.63332,0.16753920018672944,linear
,1,1x777x6074x412,62.0,1860.0,83.0,79.60500000000003,0.8013248085975647,linear
,1,1x977x6873x377,62.0,1764.0,84.28,109.20804000000003,0.8261375904083252,linear
,1,1x613x5297x474,62.0,1795.2,85.0,87.68499999999996,0.5343039989471435,linear
,1,1x917x6257x1023,62.0,1680.0,85.0,99.18328000000001,1.9810240030288697,linear
,1,1x979x7974x546,62.0,1694.4,85.0,102.84476,1.5759168148040772,linear
,1,1x825x7164x823,62.0,1695.0,85.0,105.8934,1.6433216094970704,linear
,1,1x515x5099x1739,24.0,1684.8,85.0,102.47512000000002,1.6354495763778687,linear
,1,1x973x7775x1330,24.0,1641.0,85.0,112.64664000000006,3.5896256446838377,linear
,1,1x538x6627x1278,24.0,1671.0,85.0,103.98924,1.5568383932113647,linear
,1,1x967x4790x3361,24.0,1603.2,85.84,118.58328,5.097651195526123,linear
,1,1x606x5036x2455,25.52,1681.8,86.0,100.84480000000002,2.5161920547485352,linear
,1,1x698x4319x2288,43.0,1680.0,85.0,104.27612000000005,2.351968002319336,linear
,1,1x758x6034x8135,43.0,1602.6,85.0,124.65708000000002,11.631487846374512,linear
,1,1x532x6301x4928,47.32,1532.4,86.04,115.54500000000006,6.190809726715088,linear
,1,1x946x7797x4439,55.0,1489.2,87.36,133.28819999999996,11.119968223571778,linear
,1,1x801x4469x10837,58.6,1474.8,87.48,130.20859999999996,14.083027267456055,linear
,1,1x976x6333x12222,70.88,1468.8,87.6,128.78072,26.619475173950196,linear
,1,1x936x8102x14628,86.72,1434.0,87.04,132.17860000000002,69.53902130126953,linear
,1,1x986x7131x22708,92.2,1423.2,87.32,132.67336,56.02456817626953,linear
,1,1x884x4398x25584,90.12,1424.4,88.44,137.06271999999996,35.673363494873044,linear
,1,1x644x4629x20560,93.0,1462.2,88.0,132.36863999999997,23.16460189819336,linear
,1,1x929x6341x40745,95.08,1460.4,87.52,138.68408000000002,147.26292419433594,linear
,1,1x712x6838x38130,93.4,1446.0,88.0,133.07924,68.06260528564454,linear
,1,1x1004x7635x34343,93.6,1420.2,87.6,131.56016000000002,94.7171646118164,linear
,1,1x1220x229x64,89.28,1692.6,85.0,89.48800000000001,0.02446720004081726,linear
,1,1x1159x53x29,89.0,1680.0,85.0,66.67200000000001,0.010662399977445603,linear
,1,1x1232x174x14,89.0,1845.0,85.0,72.08239999999998,0.014604799821972847,linear
,1,1x2010x228x352,89.0,1845.0,84.28,75.56099999999998,0.0727168008685112,linear
,1,1x1657x176x406,89.0,1845.0,82.0,78.85200000000003,0.06819839775562286,linear
,1,1x1724x97x500,89.0,1845.0,82.0,78.40000000000003,0.052319999784231186,linear
,1,1x1032x115x748,89.0,1845.0,82.0,78.29600000000003,0.04505600035190582,linear
,1,1x1176x184x543,89.0,1845.0,82.0,78.28016000000001,0.05703679993748665,linear
,1,1x1473x135x691,89.0,1845.0,82.0,78.66079999999997,0.07313920110464096,linear
,1,1x1718x108x1649,34.6,1845.0,82.0,80.01620000000004,0.15100160241127014,linear
,1,1x1799x192x1676,4.0,1845.0,82.0,83.50124000000001,0.24155520498752595,linear
,1,1x1453x42x1988,4.0,1845.0,82.0,84.85699999999999,0.10690560042858124,linear
,1,1x1574x206x2198,4.0,1845.0,82.0,80.50700000000005,0.2935871958732605,linear
,1,1x1546x44x2599,4.0,1696.8,82.0,91.28999999999998,0.15237760543823242,linear
,1,1x1862x189x4086,4.0,1680.0,82.0,74.95720000000004,0.6349376082420349,linear
,1,1x1185x142x5962,4.0,1845.0,82.0,79.16032000000001,0.43125119805336,linear
,1,1x1415x71x6236,4.0,795.0,82.0,70.1348,0.7108799934387207,linear
,1,1x1454x243x6011,11.0,769.8,82.0,50.87371999999999,1.6297088146209717,linear
,1,1x1792x72x10295,11.0,754.8,76.0,48.66471999999997,1.381881594657898,linear
,1,1x1090x72x10711,11.0,720.0,76.0,48.92856,0.9706431984901428,linear
,1,1x1648x48x11001,11.0,696.0,73.6,50.45108000000001,1.210534405708313,linear
,1,1x1621x36x31283,11.0,726.0,73.0,54.49540000000002,3.180838394165039,linear
,1,1x1165x200x23150,31.0,810.0,72.16,57.63944000000002,4.079443073272705,linear
,1,1x1317x229x18481,31.0,1132.2,72.0,63.278719999999986,3.1389887809753416,linear
,1,1x1825x90x59969,31.0,1600.2,73.0,92.29775999999997,4.988761711120605,linear
,1,1x1622x35x47007,37.12,1831.2,78.72,107.65763999999999,2.550713634490967,linear
,1,1x1116x237x34519,48.0,1692.6,84.0,128.92575999999997,3.4916991710662844,linear
,1,1x1694x494x249,48.0,1843.2,84.0,118.12140000000005,0.08737279921770096,linear
,1,1x1387x407x64,48.0,1839.6,82.0,74.03820000000003,0.032921599596738814,linear
,1,1x1930x281x53,48.0,1855.8,82.0,73.63980000000002,0.026623999699950218,linear
,1,1x1212x265x472,48.0,1860.0,82.0,74.80588000000002,0.07173120230436325,linear
,1,1x1694x422x354,48.0,1860.0,82.0,78.01,0.10721920132637024,linear
,1,1x1672x263x456,48.0,1860.0,81.0,80.077,0.09864960014820098,linear
,1,1x1233x344x770,16.0,1860.0,81.0,79.83500000000002,0.1293951988220215,linear
,1,1x1808x376x526,16.0,1860.0,81.0,82.14400000000002,0.1398847997188568,linear
,1,1x1632x360x668,16.0,1860.0,81.0,82.51199999999997,0.15927680134773253,linear
,1,1x1073x374x1703,16.0,1860.0,81.76,82.991,0.24340479969978332,linear
,1,1x2031x292x1419,16.0,1860.0,82.0,88.73188000000003,0.3224448084831238,linear
,1,1x1361x358x1526,16.0,1860.0,82.0,89.87168,0.2645695984363556,linear
,1,1x1798x342x3977,16.0,1860.0,82.0,96.27059999999994,0.8451135993003845,linear
,1,1x1551x451x3948,16.0,1687.2,84.0,106.87199999999999,1.0095679879188537,linear
,1,1x1033x263x3581,16.0,1680.0,84.0,98.567,0.3965503990650177,linear
,1,1x1813x340x5688,13.0,1125.0,84.0,75.73759999999996,1.8225791931152344,linear
,1,1x1765x271x5308,13.0,1111.2,78.48,63.672079999999966,1.3932096242904664,linear
,1,1x1411x473x5455,13.0,1086.0,78.0,61.38468000000002,1.9658688306808472,linear
,1,1x1840x414x8298,13.0,1066.8,76.64,65.01228000000002,3.400742435455322,linear
,1,1x1406x325x11437,25.0,1155.0,75.28,57.44159999999999,2.7971904277801514,linear
,1,1x1927x312x10914,33.0,1155.0,74.0,65.55920000000003,3.2651008129119874,linear
,1,1x1231x261x18385,33.0,1380.0,74.56,73.07472000000001,2.6734336376190186,linear
,1,1x1714x446x27626,35.0,1641.0,77.44,102.21020000000003,6.9053247451782225,linear
,1,1x1309x270x20412,43.0,1843.2,85.0,126.74635999999995,2.5258111476898195,linear
,1,1x1691x484x48075,43.0,1560.6,83.2,137.77671999999995,14.071007919311523,linear
,1,1x1286x511x38476,53.0,1491.0,87.92,122.50672,10.189011192321777,linear
,1,1x1915x271x43270,53.0,1532.4,86.0,123.46788000000004,8.91137924194336,linear
,1,1x1157x864x194,53.0,1812.0,84.0,96.11200000000002,0.1049471989274025,linear
,1,1x1262x889x66,57.0,1680.0,84.0,74.76180000000001,0.07425279915332794,linear
,1,1x1243x917x5,57.0,1680.0,84.0,67.66364,0.03902079910039902,linear
,1,1x1657x639x397,57.0,1860.0,82.8,73.75299999999997,0.19764479994773865,linear
,1,1x2023x914x410,57.0,1860.0,82.0,84.27700000000003,0.2935104012489319,linear
,1,1x1424x916x306,57.0,1860.0,82.0,93.79899999999999,0.16549759805202485,linear
,1,1x1471x713x522,57.0,1701.0,82.0,85.26299999999998,0.24653439819812775,linear
,1,1x1265x859x957,57.0,1687.2,82.0,77.71772,0.4081216037273407,linear
,1,1x1974x904x794,57.0,1860.0,82.0,80.41360000000002,0.44631039500236513,linear
,1,1x1218x698x1811,41.64,1855.2,82.0,95.75027999999996,0.5249023914337159,linear
,1,1x1155x640x1449,9.0,1845.0,82.0,94.40587999999998,0.38703359961509703,linear
,1,1x1550x548x1198,9.0,1782.6,83.04,91.11108000000002,0.37976319789886476,linear
,1,1x2029x833x3491,9.0,1690.8,84.0,95.96412000000002,2.0463680028915405,linear
,1,1x1593x644x3777,9.0,1701.0,84.0,105.34756000000004,1.3024320125579834,linear
,1,1x1169x788x2838,9.0,1543.2,83.36,95.80919999999998,0.9811519861221314,linear
,1,1x1250x929x4637,9.0,1484.4,83.0,79.29799999999997,1.9751296281814574,linear
,1,1x1800x620x5108,20.52,1464.0,83.0,83.29336000000004,2.2104447364807127,linear
,1,1x1395x866x7395,27.0,1455.0,81.0,86.52259999999995,3.457126426696777,linear
,1,1x1881x981x11192,27.0,1689.6,82.92,111.90536,6.246713542938233,linear
,1,1x1209x594x9449,27.0,1681.2,87.0,106.08992000000002,2.2956095695495606,linear
,1,1x1280x928x8420,41.0,1680.0,85.4,117.74688000000006,3.2143871784210205,linear
,1,1x1298x874x18053,41.0,1675.8,85.64,137.42844000000002,6.855903911590576,linear
,1,1x1626x784x23366,41.0,1587.6,88.88,137.48911999999993,9.919865608215332,linear
,1,1x1636x875x19896,58.0,1596.0,88.0,136.17336000000003,9.443552017211914,linear
,1,1x1866x639x64712,67.36,1420.2,88.32,131.87596,30.2596736907959,linear
,1,1x1247x962x61562,81.4,1428.6,86.52,124.08868000000004,28.411737060546876,linear
,1,1x1833x944x54475,84.32,1456.8,88.0,135.21319999999994,34.21914825439453,linear
,1,1x1821x1294x57,84.0,1815.0,88.0,97.60599999999995,0.0914687991142273,linear
,1,1x1914x2008x149,84.0,1680.0,88.0,76.50712,0.302809602022171,linear
,1,1x1903x1431x243,82.0,1680.0,88.0,75.82972000000001,0.27908480167388916,linear
,1,1x1898x1061x359,59.0,1764.6,81.0,69.686,0.2661695957183838,linear
,1,1x1130x1648x313,59.0,1860.0,81.0,79.28664000000005,0.23537920117378236,linear
,1,1x1683x1459x403,59.0,1798.2,81.0,87.48900000000002,0.379283195734024,linear
,1,1x1052x1291x852,59.0,1800.0,81.64,86.60943999999999,0.40435839891433717,linear
,1,1x1415x1420x969,59.0,1860.0,83.0,91.94367999999999,0.6504703998565674,linear
,1,1x1736x1774x972,59.0,1851.6,83.0,107.68288000000003,0.9947264075279236,linear
,1,1x1414x1839x2038,50.0,1728.6,83.48,110.35083999999998,1.7123839855194092,linear
,1,1x1043x1957x1555,14.0,1659.0,86.0,98.46052,1.10906240940094,linear
,1,1x1593x1297x1578,14.0,1680.0,86.0,90.88851999999999,1.1655744075775147,linear
,1,1x1628x1689x2283,14.0,1518.0,84.96,96.51776000000001,2.155033540725708,linear
,1,1x1476x1689x3149,14.0,1410.0,84.0,85.10691999999997,3.143827199935913,linear
,1,1x1965x1403x2770,14.0,1546.8,83.64,88.76564000000002,2.7195072174072266,linear
,1,1x1172x1898x6106,35.0,1616.4,83.0,112.07636000000002,4.479891204833985,linear
,1,1x1295x1533x4781,35.0,1659.0,84.32,120.91436000000002,3.269766330718994,linear
,1,1x1654x1704x8020,35.0,1588.8,85.76,113.79411999999996,6.933049583435059,linear
,1,1x1027x1484x8586,42.68,1629.0,85.0,130.58172000000005,4.4076032638549805,linear
,1,1x1484x1233x12810,51.0,1557.0,85.84,131.72855999999996,8.177433586120605,linear
,1,1x1895x1332x13133,51.0,1475.4,87.28,126.89892000000002,11.614559936523438,linear
,1,1x1327x1824x31022,63.0,1539.6,89.92,139.00064,24.62000617980957,linear
,1,1x1678x2037x30273,71.0,1452.6,88.0,135.45627999999996,35.00108795166015,linear
,1,1x1888x1474x19244,69.0,1473.6,87.2,128.31919999999997,18.985286712646484,linear
,1,1x1310x1628x62941,87.8,1366.8,86.92,133.35368000000003,49.38449325561523,linear
,1,1x1786x1135x39716,87.36,1507.8,87.28,136.14032000000003,25.858662414550782,linear
,1,1x1331x1398x63555,76.08,1394.4,86.92,129.59351999999998,42.85590362548828,linear
,1,1x1380x2705x6,89.0,1767.6,88.0,100.99860000000007,0.10812160074710846,linear
,1,1x1458x3689x29,89.0,1680.0,84.4,71.90699999999998,0.1738048017024994,linear
,1,1x1893x2846x139,89.0,1860.0,83.0,65.63300000000002,0.42172799706459047,linear
,1,1x1047x3315x353,89.0,1723.2,83.0,91.0724,0.41566720604896545,linear
,1,1x1042x3509x401,61.96,1692.0,82.24,80.30591999999997,0.5947583913803101,linear
,1,1x1073x3614x501,37.0,1860.0,82.0,86.32048000000005,0.6104639887809753,linear
,1,1x1724x3881x647,37.0,1797.0,82.0,115.30680000000001,1.6445760011672974,linear
,1,1x1055x2633x829,37.0,1785.6,83.92,106.42715999999997,0.7506304025650025,linear
,1,1x1207x2340x696,37.0,1683.6,85.0,96.31731999999998,0.7123711943626404,linear
,1,1x1862x2577x1927,37.0,1685.4,85.0,107.19120000000001,3.210220766067505,linear
,1,1x1240x3239x1794,36.16,1602.6,86.0,115.93611999999997,2.624620771408081,linear
,1,1x1200x2787x1246,30.0,1605.0,86.0,92.73968,1.4867200136184693,linear
,1,1x1595x3910x2205,30.0,1605.0,86.0,115.89559999999994,4.656819248199463,linear
,1,1x1135x2915x2142,30.0,1651.8,86.0,117.60823999999998,2.4163583755493163,linear
,1,1x1884x2925x3111,32.16,1669.8,87.28,111.97804000000002,5.461971187591553,linear
,1,1x1354x3838x7002,39.0,1524.6,86.16,126.19179999999994,13.229100799560547,linear
,1,1x1673x2514x7426,46.28,1516.2,87.0,127.30828,10.842304039001466,linear
,1,1x1467x3474x5815,65.0,1503.0,87.0,124.14283999999998,10.311775970458985,linear
,1,1x1745x3491x15170,59.12,1494.6,88.2,131.72871999999998,29.32654724121094,linear
,1,1x1605x2455x9628,71.44,1570.2,87.0,122.5642,12.283916854858399,linear
,1,1x1481x3911x14436,73.68,1465.2,87.04,132.87272,30.08705940246582,linear
,1,1x1573x3132x26457,80.96,1413.6,88.0,134.06136,48.02395477294922,linear
,1,1x1905x3039x29209,91.16,1387.8,88.0,133.70776,64.953076171875,linear
,1,1x1228x2566x20263,95.0,1486.2,88.0,134.07191999999998,22.175046157836913,linear
,1,1x1186x3615x34426,86.32,1408.8,88.0,136.29923999999997,56.34374465942383,linear
,1,1x1588x2388x42191,91.36,1374.0,86.88,132.94083999999998,57.79065017700195,linear
,1,1x2037x3529x46398,94.76,1422.6,87.68,132.71844000000002,119.22955627441407,linear
,1,1x1948x5416x93,97.0,1741.8,88.0,102.62032000000005,0.45979520082473757,linear
,1,1x1419x4339x12,83.4,1761.0,88.0,72.57592000000001,0.18688639998435974,linear
,1,1x1585x8042x103,80.0,1860.0,84.6,74.30500000000005,0.531276798248291,linear
,1,1x1829x4939x416,80.0,1701.6,83.0,103.83804000000002,1.4820288181304933,linear
,1,1x1747x7160x289,80.0,1688.4,83.0,94.44932000000003,1.336729598045349,linear
,1,1x1904x5620x440,80.0,1680.0,83.72,98.68000000000008,1.8218240022659302,linear
,1,1x1462x7909x842,80.0,1665.6,84.0,113.43395999999998,3.287296009063721,linear
,1,1x1680x5720x714,27.0,1696.8,84.48,107.7,2.400140810012817,linear
,1,1x1509x4271x804,27.0,1695.0,85.0,106.61768000000004,1.8217535972595216,linear
,1,1x1219x7497x1641,27.0,1603.2,85.48,127.21439999999998,4.824736022949219,linear
,1,1x1273x7160x1235,27.0,1687.2,87.0,111.79512000000005,3.6058688163757324,linear
,1,1x1780x4137x1132,35.4,1530.0,86.52,112.01380000000003,2.8719871997833253,linear
,1,1x1968x5079x2566,42.0,1635.0,85.04,130.90968,14.442393684387207,linear
,1,1x1213x6258x3262,51.88,1515.6,85.8,128.09644,8.419430351257324,linear
,1,1x1813x5636x4046,61.0,1471.2,87.6,132.46164,14.712544059753418,linear
,1,1x1951x5760x7375,79.0,1485.6,87.32,136.58523999999997,47.97847137451172,linear
,1,1x1058x7872x5629,94.0,1519.8,87.12,136.04519999999994,15.713965034484863,linear
,1,1x1837x7626x6830,87.72,1476.0,87.68,139.12551999999997,58.01121978759765,linear
,1,1x1386x6357x16280,91.8,1410.6,87.72,131.27668000000003,49.016030883789064,linear
,1,1x1231x6353x11903,88.2,1480.8,86.56,130.07180000000002,32.068101501464845,linear
,1,1x1614x4122x9737,81.28,1463.4,88.0,136.73344,23.251449584960938,linear
,1,1x1051x7984x30407,94.4,1471.8,87.52,139.67,150.92012634277344,linear
,1,1x1992x4993x17865,89.24,1424.4,87.96,131.66063999999997,61.3214469909668,linear
,1,1x1552x8082x24692,96.68,1472.4,87.52,139.97304,201.4275909423828,linear
,1,1x1476x5257x56178,95.2,1421.4,87.92,134.92016,160.411669921875,linear
,1,1x1383x6270x55630,97.16,1408.8,87.52,132.83072,176.7615173339844,linear
,1,1x1615x4999x33315,94.08,1393.8,87.04,130.81259999999997,96.78419952392578,linear
,1,1x3908x21x112,94.0,1669.2,85.0,75.26920000000004,0.02067199982702732,linear
,1,1x3483x146x80,72.88,1650.0,85.0,63.56760000000001,0.03903999924659729,linear
,1,1x3631x217x205,70.0,1650.0,85.0,63.9516,0.10045439749956131,linear
,1,1x2866x155x413,70.0,1650.0,83.0,63.63795999999998,0.11647360175848007,linear
,1,1x3499x219x495,70.0,1650.0,80.0,61.23808000000001,0.18037119805812835,linear
,1,1x3250x28x458,70.0,1650.0,80.0,61.76167999999996,0.059788800030946734,linear
,1,1x3239x247x852,70.0,1650.0,77.0,62.59467999999998,0.2866048038005829,linear
,1,1x4035x103x630,70.0,1650.0,77.0,66.49700000000001,0.1491648018360138,linear
,1,1x2276x63x820,70.0,1650.0,77.0,63.80199999999998,0.09137919843196869,linear
,1,1x3034x88x1435,5.0,1650.0,77.0,61.548,0.20891519784927368,linear
,1,1x3756x218x1328,5.0,1650.0,77.0,65.94800000000004,0.47246080040931704,linear
,1,1x3965x235x1592,5.0,1650.0,77.0,74.58152000000003,0.6019327998161316,linear
,1,1x2622x143x3289,5.0,1650.0,77.0,75.35696000000003,0.5590912103652954,linear
,1,1x2233x16x2700,5.0,1650.0,77.0,70.56468,0.2099519968032837,linear
,1,1x2312x32x3074,5.0,1452.6,77.0,66.10080000000002,0.2673920035362244,linear
,1,1x2867x101x6165,5.0,945.0,77.0,54.857800000000026,1.5119359970092774,linear
,1,1x2185x72x4139,8.52,916.2,77.0,46.60180000000002,0.602675199508667,linear
,1,1x2324x225x7599,16.0,860.4,72.0,52.035080000000015,3.0069632053375246,linear
,1,1x2966x149x12311,16.0,975.6,72.0,60.560680000000026,3.747980833053589,linear
,1,1x3978x135x8684,16.0,1114.2,72.0,65.09564000000002,2.9179520130157472,linear
,1,1x4070x38x8772,16.0,1254.6,72.0,67.20700000000004,1.392896008491516,linear
,1,1x3483x221x32034,41.0,1576.2,75.2,95.34096,9.181932830810547,linear
,1,1x2561x221x30371,41.0,1647.0,82.0,149.768,6.967072010040283,linear
,1,1x2425x6x23827,49.84,1720.2,84.76,110.26259999999996,1.903436803817749,linear
,1,1x3335x180x48775,54.0,1642.2,86.68,124.66879999999993,12.00758399963379,linear
,1,1x3865x155x56816,57.04,1492.2,86.24,136.60192000000004,15.969760322570801,linear
,1,1x2610x119x52753,58.0,1529.4,88.0,120.67716000000001,8.047449493408203,linear
,1,1x3156x399x197,58.0,1827.0,85.0,106.23620000000007,0.11457280069589615,linear
,1,1x2891x451x95,58.0,1773.6,85.0,75.88931999999998,0.07305600047111512,linear
,1,1x3800x286x56,58.0,1680.0,85.0,73.45471999999994,0.04973440021276474,linear
,1,1x3172x300x384,58.0,1780.8,85.0,66.54656000000003,0.1448832005262375,linear
,1,1x3132x348x484,58.0,1860.0,82.0,77.88899999999995,0.19653760492801667,linear
,1,1x3181x417x289,58.0,1860.0,82.0,85.53999999999998,0.17431040108203888,linear
,1,1x2517x276x701,58.0,1860.0,82.0,84.60699999999999,0.19244800508022308,linear
,1,1x2496x296x967,58.0,1860.0,82.0,86.62132000000003,0.2620480000972748,linear
,1,1x3386x441x856,58.0,1820.4,82.96,88.97583999999999,0.4295488059520721,linear
,1,1x2915x417x1729,56.04,1731.0,83.0,81.548,0.7468160033226013,linear
,1,1x3855x419x1576,9.0,1709.4,83.0,92.8986,0.9291007995605469,linear
,1,1x3728x442x1188,9.0,1854.0,82.16,85.63308,0.6820032000541687,linear
,1,1x3115x403x3448,9.0,1846.8,82.0,110.30552000000002,1.4040959835052491,linear
,1,1x2543x471x3127,9.0,1653.6,82.72,98.73632000000002,1.2095488071441651,linear
,1,1x2571x462x3037,9.0,1225.2,85.0,70.05468000000002,1.7354495763778686,linear
,1,1x3233x501x5199,20.0,1142.4,77.64,66.44424000000002,4.043519973754883,linear
,1,1x3000x409x8138,20.0,1278.0,77.0,77.34708000000002,4.384499263763428,linear
,1,1x3188x417x4911,20.0,1653.6,78.0,90.36172,2.423193597793579,linear
,1,1x2483x375x12758,21.04,1758.0,78.0,123.97160000000004,3.9778048038482665,linear
,1,1x3203x475x15481,46.0,1672.8,84.0,127.803,8.024108791351319,linear
,1,1x2526x438x9488,46.0,1673.4,85.0,120.85432,3.559660768508911,linear
,1,1x3349x354x17552,45.28,1561.2,86.08,122.86599999999999,8.123609733581542,linear
,1,1x3206x324x22891,45.0,1527.6,87.72,123.07052000000002,8.994726371765136,linear
,1,1x3010x435x32252,56.52,1488.6,87.52,130.99680000000004,16.170413208007812,linear
,1,1x2509x404x60267,70.76,1488.6,87.08,127.36768000000001,23.318765258789064,linear
,1,1x4030x507x59770,83.92,1320.0,86.68,124.81599999999999,47.39671096801758,linear
,1,1x3859x474x58896,87.0,1402.2,87.88,130.03871999999998,43.603033447265624,linear
,1,1x2893x625x169,91.0,1814.4,87.0,94.72980000000007,0.15216639935970305,linear
,1,1x2692x918x118,91.0,1743.6,87.0,79.18635999999996,0.12234239876270295,linear
,1,1x3678x1009x22,91.0,1680.0,85.4,70.18100000000003,0.10260479897260666,linear
,1,1x3154x599x296,91.0,1831.2,82.0,74.02151999999998,0.21713919937610626,linear
,1,1x3286x793x491,91.0,1788.0,82.0,86.07091999999994,0.4433023989200592,linear
,1,1x3213x763x452,80.28,1776.6,82.36,84.47651999999998,0.4051840007305145,linear
,1,1x4001x624x831,24.0,1716.0,83.0,86.52812000000002,0.7015488028526307,linear
,1,1x3001x573x1018,24.0,1831.8,83.0,83.33079999999998,0.5913663983345032,linear
,1,1x4096x833x754,24.0,1860.0,83.0,97.19499999999998,0.8358527898788453,linear
,1,1x2729x715x1921,24.0,1797.0,85.0,116.45120000000004,1.2231104373931885,linear
,1,1x3832x814x1580,24.0,1685.4,85.0,105.68499999999999,1.6812928199768067,linear
,1,1x2603x681x1995,24.0,1680.0,85.0,92.76388000000003,1.229196810722351,linear
,1,1x3927x851x2436,24.0,1650.0,84.0,109.00999999999996,2.8288512229919434,linear
,1,1x3301x889x3700,24.0,1648.8,84.0,111.48956,3.607807970046997,linear
,1,1x3401x796x3988,24.0,1629.0,86.0,111.86664000000005,3.6910655975341795,linear
,1,1x2367x566x5219,24.0,1622.4,86.0,101.13611999999995,2.4223424434661864,linear
,1,1x3325x837x4737,28.8,1641.0,84.0,108.81548000000001,4.388000011444092,linear
,1,1x2152x887x7915,44.0,1677.0,85.92,128.67943999999997,4.843187141418457,linear
,1,1x2071x830x13574,44.0,1689.0,87.84,142.24976,7.805574417114258,linear
,1,1x2283x544x15906,41.0,1566.0,89.6,121.69515999999997,7.028332805633545,linear
,1,1x3767x635x9111,41.0,1483.2,88.96,123.04203999999994,8.117529678344727,linear
,1,1x3700x939x18399,60.04,1459.2,88.0,129.08611999999997,22.5355583190918,linear
,1,1x2062x831x25355,69.4,1508.4,85.64,129.84584,15.058726501464843,linear
,1,1x3349x533x21933,70.0,1467.0,87.64,124.31044000000001,15.022886276245117,linear
,1,1x3224x695x51051,78.08,1391.4,87.28,129.15696,43.39960861206055,linear
,1,1x2427x1014x56044,89.2,1420.8,87.0,129.39936,49.18919677734375,linear
,1,1x3450x788x38716,88.16,1458.6,87.56,131.52728,37.701708984375,linear
,1,1x3573x1798x18,90.0,1821.0,88.0,95.72800000000002,0.20200960338115692,linear
,1,1x3303x1358x240,90.0,1693.2,88.0,79.35284000000003,0.39914239645004274,linear
,1,1x3692x1639x21,90.0,1680.0,87.04,81.74768000000002,0.16136319935321808,linear
,1,1x2581x1707x284,90.0,1852.8,82.0,66.57300000000004,0.492876797914505,linear
,1,1x3283x1654x298,90.0,1694.4,82.0,101.49200000000002,0.6016576051712036,linear
,1,1x2458x1989x458,90.0,1682.4,82.0,89.44680000000002,0.847763204574585,linear
,1,1x3208x1894x916,81.6,1684.8,83.0,94.10199999999999,2.0504127979278564,linear
,1,1x2365x1496x654,20.0,1683.6,83.0,100.63167999999996,0.7948927998542785,linear
,1,1x3216x1662x909,20.0,1687.2,83.0,93.80948000000002,1.8919679880142213,linear
,1,1x3705x1050x1354,20.0,1701.6,84.0,102.3204,1.7001024246215821,linear
,1,1x2523x1947x1788,20.0,1674.0,84.0,116.14356,2.8006719589233398,linear
,1,1x2858x1956x1915,20.0,1653.6,85.2,116.07075999999995,3.3814656257629396,linear
,1,1x3431x1631x2145,33.44,1608.0,86.0,117.93907999999996,3.953580856323242,linear
,1,1x2198x1836x3067,36.0,1627.2,85.16,112.24496000000005,3.9281728267669678,linear
,1,1x2215x1181x3386,36.0,1635.0,85.0,109.46968000000001,3.0215807914733888,linear
,1,1x3101x1187x7647,41.2,1596.0,87.08,118.46488000000001,9.622150421142578,linear
,1,1x3182x1118x7362,46.0,1508.4,88.0,127.29503999999997,8.738233661651611,linear
,1,1x3352x1223x5910,46.0,1568.4,86.0,127.28264000000001,8.304742431640625,linear
,1,1x3453x1722x13430,65.6,1466.4,87.0,127.11391999999998,27.760691833496093,linear
,1,1x4041x1732x9554,80.0,1465.8,87.64,122.57803999999996,22.580159759521486,linear
,1,1x3750x1072x12844,79.16,1471.2,87.0,130.10432,18.346931076049806,linear
,1,1x2780x1350x29528,82.84,1458.0,87.56,133.53548,38.95580825805664,linear
,1,1x4075x1975x25765,89.56,1417.8,87.28,131.84892,70.49642181396484,linear
,1,1x3762x1865x22574,86.8,1423.2,88.2,129.18464,55.05308074951172,linear
,1,1x2142x1822x45419,91.96,1401.0,87.72,130.62983999999997,63.97735595703125,linear
,1,1x2896x1969x62862,93.24,1378.8,87.56,127.46659999999996,127.54616241455078,linear
,1,1x2181x1857x63584,94.2,1399.2,88.0,130.89983999999998,95.80660400390624,linear
,1,1x3537x3685x226,96.0,1653.6,85.0,94.26380000000005,1.0847552061080932,linear
,1,1x4025x2909x136,96.0,1672.2,85.0,90.15188000000003,0.8251008033752442,linear
,1,1x3105x3176x19,69.0,1798.8,85.0,76.57099999999997,0.30467199683189394,linear
,1,1x3850x3256x336,69.0,1680.0,83.0,89.00800000000002,1.5273792266845703,linear
,1,1x3540x3711x501,69.0,1684.8,83.0,101.66111999999997,2.208230400085449,linear
,1,1x2107x2314x432,69.0,1680.0,83.0,97.18104000000002,0.7613760113716126,linear
,1,1x2984x2878x885,69.0,1717.8,83.0,97.16540000000003,2.4821376323699953,linear
,1,1x2797x3052x746,65.72,1725.0,83.0,115.84004,1.9458879947662353,linear
,1,1x2981x3048x1001,28.0,1646.4,85.52,110.28772,2.8734079360961915,linear
,1,1x2458x2929x2022,28.0,1614.6,86.0,119.35444,4.895616054534912,linear
,1,1x2772x3395x2014,28.0,1606.2,88.0,128.47379999999998,6.18775691986084,linear
,1,1x3356x3976x2040,43.64,1583.4,88.68,130.25368000000003,8.214227294921875,linear
,1,1x2922x3307x3299,51.0,1479.6,88.32,122.38087999999998,11.256204795837402,linear
,1,1x2692x3382x3989,58.8,1489.8,87.2,127.67419999999998,12.963871955871582,linear
,1,1x3891x3310x3791,64.0,1441.2,88.0,129.05103999999994,17.40531234741211,linear
,1,1x2903x3097x6511,75.0,1438.2,88.0,130.67096000000004,20.9126335144043,linear
,1,1x3044x2706x6763,78.6,1408.2,87.0,122.56264000000003,20.000697326660156,linear
,1,1x3179x3562x7686,81.0,1492.8,87.48,128.64688000000004,29.547590255737305,linear
,1,1x3844x3053x13564,83.6,1372.8,88.92,137.06576,55.521036529541014,linear
,1,1x2981x3936x14127,91.48,1396.8,87.72,132.31656000000004,60.63931503295898,linear
,1,1x2295x3578x8458,91.56,1482.6,88.0,130.08663999999996,24.422483062744142,linear
,1,1x3967x2830x18779,87.76,1413.0,87.76,130.40315999999996,73.93343353271484,linear
,1,1x3693x3252x16593,92.44,1403.4,87.76,129.45147999999998,69.23365631103516,linear
,1,1x3501x2674x22573,93.04,1366.8,87.76,133.10364,78.51316528320312,linear
,1,1x2991x2904x45987,96.32,1423.2,87.64,132.41639999999998,144.9459259033203,linear
,1,1x2153x3867x46438,96.36,1400.4,87.84,131.12879999999996,141.62738037109375,linear
,1,1x2716x2907x40656,95.56,1405.2,87.84,130.16084000000004,118.85753173828125,linear
,1,1x2115x4156x195,97.0,1681.2,88.0,101.25683999999997,0.6798720121383667,linear
,1,1x3979x4226x141,97.0,1680.0,88.0,80.22716000000005,1.2101823806762695,linear
,1,1x2908x6497x191,97.0,1682.4,87.88,101.74140000000001,1.4252543687820434,linear
,1,1x2884x6604x463,77.32,1680.0,85.0,108.45212000000006,3.052403211593628,linear
,1,1x3593x5487x337,56.0,1698.0,85.0,115.93344,2.3116991996765135,linear
,1,1x2599x4102x416,56.0,1573.8,85.0,96.00544,1.7272064208984375,linear
,1,1x2580x5265x743,56.0,1671.6,85.0,108.44076000000003,3.307577657699585,linear
,1,1x3141x5175x848,56.0,1582.8,85.88,116.24096000000002,4.621119976043701,linear
,1,1x2712x7347x843,41.0,1525.2,86.2,123.38860000000008,5.992358303070068,linear
,1,1x3193x6860x1715,41.0,1549.8,87.48,130.89643999999996,12.300262451171875,linear
,1,1x2566x4871x1490,50.0,1497.0,89.0,122.95752000000002,6.647526454925537,linear
,1,1x2847x5257x1479,66.0,1537.8,86.0,121.17983999999998,7.6624064445495605,linear
,1,1x2975x5342x3785,67.44,1470.0,88.2,135.67140000000003,22.13918113708496,linear
,1,1x2050x4710x3078,70.0,1507.2,89.0,132.50848,12.371903991699218,linear
,1,1x3765x7300x2841,72.88,1470.0,86.48,129.10483999999997,27.640473556518554,linear
,1,1x3177x6779x4185,80.68,1485.0,87.52,127.69388000000002,30.745401763916014,linear
,1,1x3163x4432x7222,81.72,1427.4,88.0,132.05751999999995,35.42247619628906,linear
,1,1x4074x7639x7551,92.0,1401.6,88.0,138.54804,85.67231903076171,linear
,1,1x4037x6085x16302,95.76,1394.4,87.76,139.5746,151.76043395996095,linear
,1,1x3026x7051x15104,95.68,1404.0,87.68,139.3862,121.14014587402343,linear
,1,1x3396x4906x12981,93.8,1370.4,87.52,133.43367999999998,80.39713134765626,linear
,1,1x3925x6252x21647,96.88,1396.8,87.12,138.5232,196.82888793945312,linear
,1,1x2463x4837x29690,95.88,1359.6,87.28,132.67772,135.70097961425782,linear
,1,1x2739x6741x16906,95.72,1355.4,87.68,133.05276,118.74499969482422,linear
,1,1x2646x6883x55955,98.16,1402.2,87.44,137.66548000000003,397.22380981445315,linear
,1,1x3170x4312x65176,97.92,1413.0,87.6,140.77536,326.0849609375,linear
,1,1x3846x7492x45367,97.92,1415.4,87.52,138.65772,500.9976013183594,linear
,1,1x7022x40x69,99.0,1694.4,87.0,78.13224,0.027475199848413467,linear
,1,1x4532x236x225,99.0,1680.0,87.0,65.12799999999999,0.12862719893455504,linear
,1,1x4632x142x130,99.0,1860.0,86.8,76.05952000000002,0.06309760063886642,linear
,1,1x5278x162x260,99.0,1860.0,82.0,78.98,0.13480959832668304,linear
,1,1x8151x62x426,99.0,1860.0,82.0,83.22600000000006,0.16038399636745454,linear
,1,1x7006x91x477,99.0,1792.8,82.0,85.47499999999997,0.17090559899806976,linear
,1,1x4867x132x533,63.36,1812.6,82.0,77.86064000000005,0.17701759934425354,linear
,1,1x7167x36x689,18.0,1860.0,82.0,77.97824000000003,0.1765311986207962,linear
,1,1x7743x16x552,18.0,1860.0,82.0,85.00520000000004,0.15265919864177704,linear
,1,1x7821x200x1942,18.0,1860.0,82.0,97.27343999999995,1.0907328128814697,linear
,1,1x4577x246x1227,18.0,1694.4,82.88,110.81747999999997,0.5216319918632507,linear
,1,1x7661x194x1193,18.0,1716.0,84.0,80.63888,0.739193606376648,linear
,1,1x5637x46x3306,18.0,1860.0,84.0,94.70027999999996,0.6562111973762512,linear
,1,1x7134x23x2927,18.0,1694.4,84.0,99.52944000000001,0.692627215385437,linear
,1,1x5784x60x3238,17.68,1680.0,82.0,81.22299999999997,0.7385087966918945,linear
,1,1x6212x217x6634,17.0,1216.8,81.2,68.33827999999998,3.930611181259155,linear
,1,1x7336x22x7776,17.0,1530.0,78.0,74.14679999999998,1.8390592098236085,linear
,1,1x7359x146x6443,17.0,1530.0,78.0,93.54667999999998,3.289331245422363,linear
,1,1x8019x56x10018,24.36,1847.4,82.0,105.90192000000003,2.788051223754883,linear
,1,1x4433x97x11640,40.0,1698.0,82.24,105.38243999999995,2.5626112461090087,linear
,1,1x7210x79x12973,40.0,1684.8,85.0,113.963,3.9439616203308105,linear
,1,1x5271x163x18243,40.0,1567.8,85.72,123.95499999999997,6.92938871383667,linear
,1,1x7219x2x18299,45.0,1680.0,86.0,107.13828000000004,4.465427207946777,linear
,1,1x8115x129x27694,45.0,1536.6,86.0,138.04908,13.556921577453613,linear
,1,1x7112x11x61063,69.96,1518.6,87.0,124.60371999999998,14.942316818237305,linear
,1,1x7519x236x62411,79.44,1426.2,87.52,133.07416,47.90953598022461,linear
,1,1x5691x187x63136,90.0,1456.2,88.0,135.66112000000004,31.202016067504882,linear
,1,1x5730x368x173,82.0,1717.8,86.08,93.24827999999997,0.1694784015417099,linear
,1,1x5717x334x211,82.0,1680.0,85.0,70.15499999999999,0.2007871985435486,linear
,1,1x4529x426x47,82.0,1680.0,85.0,65.88100000000003,0.08271359950304032,linear
,1,1x5532x405x412,82.0,1858.8,80.2,65.33132000000005,0.35655680298805237,linear
,1,1x5298x484x306,82.0,1875.0,80.0,92.16699999999997,0.30985599756240845,linear
,1,1x4259x508x433,66.88,1875.0,80.0,92.58400000000002,0.3421312034130096,linear
,1,1x6491x299x876,19.0,1741.8,80.0,95.30704000000001,0.5900864124298095,linear
,1,1x4523x379x826,19.0,1853.4,82.0,81.14471999999995,0.5120448112487793,linear
,1,1x4254x411x902,19.0,1875.0,82.0,95.346,0.5672064065933228,linear
,1,1x5181x434x1560,19.0,1684.8,82.0,106.76135999999998,1.2524736166000365,linear
,1,1x6087x295x1387,19.0,1740.6,82.64,92.05188,0.9054080128669739,linear
,1,1x6807x311x1274,19.0,1731.0,83.0,91.80000000000001,0.9209536075592041,linear
,1,1x4747x455x3361,20.04,1677.6,83.0,100.34707999999996,2.597983980178833,linear
,1,1x5537x358x3127,21.0,1665.0,84.0,98.88276000000003,2.2573503971099855,linear
,1,1x6435x368x3796,21.0,1662.0,84.0,101.09595999999996,3.1152639865875242,linear
,1,1x4591x477x4751,21.0,1661.4,83.0,107.73927999999997,3.7180927753448487,linear
,1,1x8190x410x8103,35.4,1630.2,83.48,120.01284,9.22296314239502,linear
,1,1x7901x488x5347,45.0,1654.2,85.44,130.79492000000005,6.742451190948486,linear
,1,1x5512x334x11206,47.16,1501.8,90.0,124.54335999999998,8.148633575439453,linear
,1,1x5393x412x12742,54.0,1522.2,86.0,117.04271999999999,10.707462501525878,linear
,1,1x6745x501x12933,58.4,1524.6,87.0,138.57876,14.741440200805664,linear
,1,1x5095x323x25622,65.0,1426.2,87.0,118.95260000000002,17.767135620117188,linear
,1,1x6769x376x26626,79.0,1483.2,87.36,130.71872,25.565625762939455,linear
,1,1x4255x417x19517,80.44,1480.8,88.0,125.54700000000001,13.936812782287598,linear
,1,1x5269x443x36637,81.0,1457.4,86.04,125.94372000000001,30.49528350830078,linear
,1,1x5735x353x40657,70.8,1404.0,83.64,114.46464,30.921286392211915,linear
,1,1x6522x269x34657,77.52,1477.8,89.04,132.71244000000002,24.381440353393554,linear
,1,1x7832x795x102,82.0,1812.0,88.0,91.22499999999997,0.3015359938144684,linear
,1,1x6679x897x14,82.0,1803.0,84.0,82.77488000000001,0.18166399896144866,linear
,1,1x4620x582x72,82.0,1848.0,84.0,73.42276000000001,0.1352959990501404,linear
,1,1x8131x923x288,82.0,1737.6,84.0,85.86475999999999,0.7923071980476379,linear
,1,1x4295x566x372,61.2,1833.6,82.0,94.04471999999996,0.3011776030063629,linear
,1,1x4254x809x509,30.0,1706.4,82.0,86.6,0.5612864136695862,linear
,1,1x7112x681x919,30.0,1809.6,82.0,85.67371999999997,1.4757760286331176,linear
,1,1x6776x779x915,30.0,1860.0,85.2,116.8519599999999,1.581612801551819,linear
,1,1x5781x717x818,30.0,1804.2,86.0,115.50544000000005,1.1159296035766602,linear
,1,1x5579x854x1447,30.0,1682.4,86.6,117.19859999999996,2.2868160247802733,linear
,1,1x4099x544x1127,24.96,1646.4,87.0,99.7418,0.8552447915077209,linear
,1,1x7563x894x1180,23.0,1359.6,84.2,62.09879999999996,3.8629312038421633,linear
,1,1x4345x1000x2764,23.0,1410.0,80.0,86.75859999999999,4.208473587036133,linear
,1,1x4630x920x3594,26.92,1804.8,84.56,101.59456,4.553036785125732,linear
,1,1x8022x720x3143,37.0,1558.2,87.2,120.25164000000002,5.872704029083252,linear
,1,1x7079x603x7105,37.0,1587.6,88.44,135.00331999999997,10.253984069824218,linear
,1,1x7926x868x6492,58.12,1512.0,87.56,127.58008000000005,15.089459037780761,linear
,1,1x5442x556x6910,59.0,1551.0,86.08,117.43624000000007,7.32932481765747,linear
,1,1x6183x681x11908,69.56,1408.2,87.6,128.33704000000006,18.437478256225585,linear
,1,1x7813x672x11278,75.68,1493.4,87.0,123.29739999999998,21.388690948486328,linear
,1,1x4289x529x8702,80.0,1560.0,86.0,117.8732,6.931999969482422,linear
,1,1x4183x820x27629,74.96,1488.0,87.52,136.24276,33.0520133972168,linear
,1,1x4351x774x31903,82.72,1437.0,88.0,132.44740000000004,38.59878387451172,linear
,1,1x4851x597x24425,91.0,1466.4,87.4,132.32344,25.86702079772949,linear
,1,1x4874x523x41182,83.6,1397.4,88.0,130.83915999999996,40.96085739135742,linear
,1,1x7797x813x43434,93.28,1387.2,87.88,129.02367999999998,104.74442138671876,linear
,1,1x7269x693x57457,94.04,1408.2,88.0,132.06912000000003,112.17141723632812,linear
,1,1x5178x1073x225,93.0,1750.8,88.0,95.28751999999997,0.49164799451828,linear
,1,1x4645x1158x45,78.0,1699.2,88.0,78.94668000000001,0.19900799691677093,linear
,1,1x7751x1789x135,78.0,1681.8,88.0,74.88107999999997,0.9678015947341919,linear
,1,1x4188x1786x287,78.0,1852.8,81.0,67.64100000000002,0.798195195198059,linear
,1,1x8015x2005x366,78.0,1818.6,81.0,123.04839999999996,1.81146240234375,linear
,1,1x7484x1765x372,78.0,1732.2,81.72,121.16699999999997,1.5487488031387329,linear
,1,1x5937x1285x1003,78.0,1630.2,87.0,99.49344,2.5811904430389405,linear
,1,1x4424x1781x797,25.0,1671.6,87.0,109.48572000000006,2.2184895515441894,linear
,1,1x6858x1211x1014,25.0,1639.2,85.0,106.76500000000006,2.773548793792725,linear
,1,1x6606x1417x1711,25.0,1629.0,84.44,102.56027999999998,5.2557759284973145,linear
,1,1x5517x1265x1621,29.48,1668.6,83.0,119.56240000000005,3.8040960788726808,linear
,1,1x5295x1546x1172,39.0,1536.6,84.44,112.07804000000002,3.4705152034759523,linear
,1,1x5728x1569x2257,39.0,1610.4,86.08,125.02763999999996,6.831820869445801,linear
,1,1x4543x1109x2336,39.0,1627.2,87.0,114.40036000000002,3.9046591758728026,linear
,1,1x6367x1607x3809,50.0,1476.0,87.8,132.28072,13.872639846801757,linear
,1,1x5761x1060x5410,50.0,1531.8,88.0,130.53868,11.460076904296875,linear
,1,1x5902x1597x4976,69.0,1424.4,88.68,129.85211999999996,17.352697372436523,linear
,1,1x7722x1332x7246,77.32,1429.8,87.72,127.31228000000003,26.89137954711914,linear
,1,1x5780x1788x10560,82.72,1455.6,88.4,130.89388,38.04984359741211,linear
,1,1x5988x1802x15888,90.4,1421.4,87.72,130.63467999999997,60.552730560302734,linear
,1,1x7745x1893x9658,88.84,1424.4,87.68,129.38224,49.77079696655274,linear
,1,1x4394x1806x28331,92.0,1404.0,87.56,130.68152,82.20967559814453,linear
,1,1x5257x1917x25511,93.4,1405.2,88.4,133.26907999999995,92.53714447021484,linear
,1,1x7564x1368x24126,94.24,1412.4,88.0,130.37727999999998,90.55843353271484,linear
,1,1x5627x1528x33342,94.08,1404.6,87.92,130.24472,102.12930450439453,linear
,1,1x6078x1777x51071,96.96,1395.6,87.76,130.28844,204.89200439453126,linear
,1,1x6449x1968x64878,98.4,1420.8,87.68,130.84396000000004,300.0191345214844,linear
,1,1x4698x3554x153,98.0,1665.0,88.0,101.06203999999997,1.2261824369430543,linear
,1,1x7664x2651x231,98.0,1678.2,88.0,84.90883999999997,1.7007744073867799,linear
,1,1x7907x3570x105,98.0,1680.0,86.68,103.89752000000004,1.1738239765167235,linear
,1,1x7263x3824x296,96.16,1655.4,85.0,108.12059999999995,2.954508829116821,linear
,1,1x4926x2646x395,52.0,1692.0,85.0,104.26640000000006,1.9124351978302,linear
,1,1x7111x2257x320,52.0,1689.0,85.0,103.70207999999997,1.9149759769439698,linear
,1,1x5705x2430x906,52.0,1603.8,85.08,124.60112000000001,4.8939008712768555,linear
,1,1x5339x3797x774,52.0,1574.4,86.0,124.64684,6.019839954376221,linear
,1,1x5032x2376x983,45.0,1564.2,86.88,111.11991999999998,3.8863808155059814,linear
,1,1x8056x3163x1697,45.0,1456.8,87.6,133.09436000000002,15.647257614135743,linear
,1,1x5352x2452x1768,59.28,1438.2,86.48,110.86379999999996,8.281043243408202,linear
,1,1x7665x3711x1910,66.0,1451.4,86.24,125.80215999999994,19.445989990234374,linear
,1,1x5850x3709x3810,74.0,1509.6,88.0,126.39460000000001,27.76432647705078,linear
,1,1x4166x2663x3804,76.0,1470.0,88.0,128.35544,14.995097732543945,linear
,1,1x4813x2214x2725,75.84,1477.8,87.16,118.55924000000003,10.481619071960449,linear
,1,1x6286x3242x4684,74.4,1413.6,88.0,134.18028000000004,33.955712127685544,linear
,1,1x6871x2715x7969,88.68,1403.4,87.68,127.84564,52.481414031982425,linear
,1,1x5315x2684x4398,87.48,1447.8,87.8,127.40004000000003,22.659859085083006,linear
,1,1x6056x4021x15325,93.08,1409.4,87.84,132.38331999999997,135.10112609863282,linear
,1,1x4497x2177x12324,91.96,1351.2,87.52,125.60424000000003,46.90577239990235,linear
,1,1x4157x2721x12298,91.0,1384.8,88.32,134.46096,51.54843521118164,linear
,1,1x7520x2206x16687,94.04,1407.0,87.8,131.05488000000003,100.73741912841797,linear
,1,1x7297x2854x30637,96.8,1398.0,87.6,131.88871999999998,234.22808837890625,linear
,1,1x7894x2994x26712,96.68,1401.0,87.6,132.19992,229.56378784179688,linear
,1,1x5913x3889x48430,98.16,1410.0,87.8,133.90228000000002,415.11357421875,linear
,1,1x6452x2523x48159,97.4,1389.0,87.52,133.19804000000002,284.8834533691406,linear
,1,1x5160x3106x43846,97.64,1390.2,87.76,131.48548,258.7458923339844,linear
,1,1x4721x5371x63,98.0,1680.0,88.0,98.02868000000004,0.9204928040504455,linear
,1,1x6376x4779x183,87.92,1706.4,88.0,97.28291999999998,2.2172671794891357,linear
,1,1x5410x5687x246,80.0,1695.6,86.4,110.86383999999994,2.3398272037506103,linear
,1,1x5954x8146x491,80.0,1549.2,86.4,127.13203999999996,7.77650556564331,linear
,1,1x6871x7501x260,73.0,1556.4,87.96,123.1622,9.388013076782226,linear
,1,1x6694x6112x416,55.0,1539.0,87.0,119.03699999999999,10.088102531433105,linear
,1,1x7472x4706x885,55.0,1561.8,86.0,136.85320000000004,10.732595252990723,linear
,1,1x4917x7066x629,67.0,1490.4,86.96,117.15516000000001,7.612230396270752,linear
,1,1x4749x6531x817,67.0,1521.6,87.0,117.66519999999996,9.22855052947998,linear
,1,1x4129x4972x2001,65.08,1639.8,89.16,151.98848000000004,12.923219108581543,linear
,1,1x4947x4234x1988,64.0,1312.2,89.36,110.43779999999997,13.947782516479492,linear
,1,1x5825x7279x1419,73.0,1532.4,88.24,143.27328000000003,20.386803436279298,linear
,1,1x4108x5035x3710,80.6,1420.8,87.44,126.69168000000002,27.803340911865234,linear
,1,1x7330x5186x2942,83.84,1404.0,88.0,130.86704000000003,42.367750549316405,linear
,1,1x5301x5106x3559,87.32,1390.2,88.0,128.58952000000002,35.71318435668945,linear
,1,1x8110x8102x6340,94.88,1404.6,87.6,132.55128,152.1181610107422,linear
,1,1x7483x5001x6449,93.4,1399.8,87.8,130.3348,86.17220458984374,linear
,1,1x7778x5742x6354,94.72,1406.4,88.0,132.20924000000002,101.9223617553711,linear
,1,1x5890x5282x9992,97.32,1464.0,87.88,138.539,203.1155975341797,linear
,1,1x6162x6098x11190,98.08,1444.8,87.6,138.47339999999997,313.1208251953125,linear
,1,1x6606x7577x12308,99.08,1485.6,87.0,135.39172,564.8604614257813,linear
,1,1x7020x7958x24287,98.48,1399.2,87.8,134.67036,497.8310791015625,linear
,1,1x7923x7475x18764,98.28,1383.6,87.28,133.02068,407.63592529296875,linear
,1,1x5082x6394x31125,98.48,1381.8,87.56,133.99388000000002,369.9732727050781,linear
,1,1x4149x8107x46948,98.92,1375.2,87.32,137.47012000000004,608.0655883789062,linear
,1,1x4317x4895x34168,97.96,1362.0,87.48,137.91284,274.3529418945312,linear
,1,1x7872x4598x62225,99.0,1392.6,87.36,132.02839999999998,828.2677368164062,linear
,1,1x194x8317x88,98.0,1825.8,88.0,90.42743999999995,0.1047872006893158,linear
,1,1x223x11949x86,98.0,1680.0,88.0,78.27399999999996,0.17192960083484649,linear
,1,1x110x8521x101,98.0,1680.0,88.0,68.44800000000004,0.06789120137691498,linear
,1,1x70x9058x349,79.6,1875.0,81.0,68.35092000000003,0.1586176037788391,linear
,1,1x70x11114x279,52.0,1875.0,81.0,81.78931999999998,0.17565440237522126,linear
,1,1x236x10890x398,52.0,1875.0,81.0,86.96488000000001,0.4209472000598907,linear
,1,1x98x16070x613,52.0,1830.6,81.0,98.41708000000003,0.4781631946563721,linear
,1,1x82x9586x664,52.0,1831.2,83.0,90.39659999999999,0.33404800295829773,linear
,1,1x223x15849x539,52.0,1721.4,83.0,85.33115999999998,0.828659200668335,linear
,1,1x208x14381x1276,52.0,1690.8,83.0,91.6744,1.5569407939910889,linear
,1,1x22x8838x1987,52.0,1694.4,82.16,90.69059999999998,0.3241919994354248,linear
,1,1x138x8962x1275,31.28,1680.0,82.0,76.31807999999997,0.7639935851097107,linear
,1,1x97x9244x3686,15.0,1875.0,82.0,102.43579999999999,1.4793535947799683,linear
,1,1x11x12169x3768,15.0,1335.0,82.56,104.72920000000002,1.5394047975540162,linear
,1,1x200x10759x3501,15.0,1264.2,82.68,67.83412,3.956870460510254,linear
,1,1x44x15890x7187,17.28,1561.8,79.0,83.41392,3.752723217010498,linear
,1,1x170x10392x7911,34.0,1738.2,83.48,114.56227999999999,8.01393928527832,linear
,1,1x132x13355x5097,34.0,1642.2,86.0,116.20224000000006,4.150291156768799,linear
,1,1x47x22872x253,34.0,1850.4,86.0,106.52599999999998,0.20710400342941285,linear
,1,1x200x19508x237,34.0,1698.0,86.0,81.81899999999997,0.45948800444602966,linear
,1,1x66x16814x126,40.0,1725.0,86.0,81.16900000000004,0.11328639984130859,linear
,1,1x178x20773x286,40.0,1875.0,82.0,76.93140000000004,0.6594175934791565,linear
,1,1x14x20949x465,40.0,1801.8,82.0,91.79640000000003,0.2018559992313385,linear
,1,1x40x19407x387,40.0,1783.2,82.0,71.65699999999998,0.26874238848686216,linear
,1,1x223x17904x611,40.0,1875.0,82.68,87.9774,0.9066624045372009,linear
,1,1x14x29042x670,40.0,1734.6,83.0,101.72420000000002,0.3868351995944977,linear
,1,1x94x30679x624,40.0,1680.0,83.0,76.86856000000003,0.9207103967666626,linear
,1,1x230x22744x1726,30.32,1848.0,84.92,123.57972,3.0548863887786863,linear
,1,1x190x31180x1061,18.0,1687.2,87.0,98.83268000000004,2.6900608062744142,linear
,1,1x193x26097x1959,18.0,1680.0,85.0,123.11184000000003,4.606816005706787,linear
,1,1x159x22756x2766,18.0,1693.2,85.0,133.98388000000006,3.9200576305389405,linear
,1,1x80x29426x2531,37.32,1670.4,87.0,113.14308000000004,3.3022463798522947,linear
,1,1x71x16958x3215,41.0,1710.6,87.0,107.48123999999996,2.3115391731262207,linear
,1,1x223x25102x4862,41.0,1540.2,87.0,126.42563999999999,10.172659111022949,linear
,1,1x161x27422x5081,52.76,1542.6,86.0,129.39280000000005,11.67123203277588,linear
,1,1x115x16417x4150,55.0,1614.6,86.0,103.65380000000006,3.0632511615753173,linear
,1,1x14x35909x34,55.0,1793.4,86.0,114.28188000000002,0.05365119948983192,linear
,1,1x227x59713x74,55.0,1680.0,86.0,74.59532000000002,0.6373952150344848,linear
,1,1x30x62196x72,47.52,1867.2,81.0,69.24635999999998,0.1555519998073578,linear
,1,1x35x50040x268,38.0,1875.0,81.0,83.61307999999997,0.5134464025497436,linear
,1,1x88x46047x433,38.0,1875.0,81.0,97.692,0.9290304064750672,linear
,1,1x195x40149x369,38.0,1818.0,82.92,111.40544000000007,1.7050495862960815,linear
,1,1x39x52215x827,38.0,1761.6,85.0,104.40599999999996,1.4210880041122436,linear
,1,1x146x36235x755,38.0,1686.0,85.0,99.73747999999996,2.084556818008423,linear
,1,1x39x33687x678,38.0,1680.0,84.0,92.78152,0.8272063970565796,linear
,1,1x219x47949x1522,27.0,1672.8,84.0,119.26668000000001,8.814630317687989,linear
,1,1x61x62494x2004,27.0,1680.0,84.0,118.48059999999995,4.663206291198731,linear
,1,1x88x44594x1483,27.0,1615.8,85.44,105.24019999999997,2.65733118057251,linear
,1,1x77x37544x2762,48.12,1650.0,86.0,119.01683999999997,6.555712032318115,linear
,1,1x65x35245x3404,51.0,1652.4,86.0,125.18620000000003,5.760620784759522,linear
,1,1x232x62776x2195,58.2,1495.8,86.92,133.46495999999996,18.819756698608398,linear
,1,1x232x50784x7213,74.76,1454.4,88.16,140.21124,32.59439964294434,linear
,1,1x101x65137x4409,85.0,1513.2,87.0,129.18156000000008,12.667469024658203,linear
,1,1x170x62695x4410,75.0,1489.8,86.96,132.284,29.026316833496093,linear
,1,1x458x11406x72,81.0,1798.8,85.96,107.60967999999998,0.24033279716968536,linear
,1,1x341x12464x41,81.0,1680.0,85.0,77.10399999999998,0.17052159905433656,linear
,1,1x432x14255x53,81.0,1836.0,85.0,68.13168000000002,0.25438719391822817,linear
,1,1x506x12900x390,81.0,1875.0,82.0,90.02551999999997,0.9908351898193359,linear
,1,1x427x12059x394,81.0,1875.0,82.0,125.78451999999999,0.933299207687378,linear
,1,1x424x11507x311,81.0,1863.0,82.0,118.0024000000001,0.6936511874198914,linear
,1,1x265x12547x666,81.0,1802.4,84.08,105.47283999999998,1.0106047868728638,linear
,1,1x501x8303x791,14.0,1731.6,86.0,101.15500000000006,1.116979193687439,linear
,1,1x469x15562x965,14.0,1685.4,86.0,103.6054,2.592262363433838,linear
,1,1x404x11105x1288,14.0,1690.2,84.0,108.24411999999995,2.214271974563599,linear
,1,1x447x11954x1500,14.0,1671.0,84.0,108.02796000000006,2.6166016101837157,linear
,1,1x274x11536x1896,14.0,1636.2,84.64,103.36787999999999,2.349939203262329,linear
,1,1x486x15419x3247,36.0,1646.4,85.0,134.74176,7.860928058624268,linear
,1,1x311x10383x2828,36.0,1647.0,85.0,102.67451999999999,3.2024896144866943,linear
,1,1x469x12492x4054,36.0,1604.4,87.56,133.89,7.798035144805908,linear
,1,1x436x16058x7900,56.64,1482.0,87.24,130.47127999999992,32.72826919555664,linear
,1,1x489x14458x6072,87.0,1435.2,86.0,124.04775999999997,15.09819507598877,linear
,1,1x483x11752x5621,77.48,1489.2,86.0,113.88075999999997,11.548192024230957,linear
,1,1x412x24127x74,70.0,1680.0,86.0,109.49360000000006,0.4809344053268433,linear
,1,1x494x32542x113,70.0,1845.6,81.2,77.07188000000004,0.7549759864807128,linear
,1,1x481x16473x96,70.0,1797.6,81.0,96.33179999999997,0.3467072069644928,linear
,1,1x424x20916x381,70.0,1698.0,81.0,83.68599999999998,1.1351743936538696,linear
,1,1x392x32406x495,46.6,1680.0,83.04,103.54452000000003,2.7564671993255616,linear
,1,1x399x26284x377,31.0,1690.8,84.0,109.84559999999998,1.445299220085144,linear
,1,1x342x27796x537,31.0,1690.8,84.0,99.40859999999999,2.0926271438598634,linear
,1,1x364x32764x608,31.0,1683.6,84.0,99.34148000000003,2.463974380493164,linear
,1,1x495x20960x567,31.0,1685.4,84.0,108.38379999999998,2.576038360595703,linear
,1,1x485x20841x1727,36.28,1599.0,86.4,125.28083999999997,6.382316780090332,linear
,1,1x348x31305x1642,42.0,1545.6,86.68,118.07844000000001,6.563827037811279,linear
,1,1x424x20796x1332,42.0,1633.2,86.0,121.89784000000003,4.206963157653808,linear
,1,1x322x32656x2118,50.4,1500.6,86.92,125.66088000000008,11.790220832824707,linear
,1,1x414x20655x2917,63.0,1549.2,87.0,111.42991999999995,8.683833694458007,linear
,1,1x502x23948x4075,62.36,1411.8,87.72,130.77716,19.34590072631836,linear
,1,1x321x25605x4973,63.68,1434.0,86.32,125.26351999999999,17.403974533081055,linear
,1,1x442x29673x8163,88.08,1471.8,87.76,135.75744000000003,70.63173065185546,linear
,1,1x383x24618x8025,93.56,1481.4,87.4,127.99704000000001,25.296204376220704,linear
,1,1x363x34515x212,83.0,1647.0,86.0,98.41644000000002,1.150099229812622,linear
,1,1x444x62113x55,83.0,1651.8,86.0,86.19632000000003,1.0822720050811767,linear
,1,1x383x36300x237,83.0,1680.0,86.0,89.64379999999997,1.3423359870910645,linear
,1,1x315x45650x269,83.0,1689.0,84.0,99.9762,1.8743040084838867,linear
,1,1x318x33127x427,83.0,1683.6,84.0,100.25580000000004,2.0389311790466307,linear
,1,1x289x48533x327,52.92,1680.0,84.4,103.85607999999995,2.6194495677948,linear
,1,1x291x40402x564,36.0,1680.6,85.0,111.40279999999997,4.5267455101013185,linear
,1,1x418x49106x580,36.0,1588.8,85.76,120.59656,6.704787349700927,linear
,1,1x494x61540x636,36.88,1582.2,86.32,125.37784000000003,6.827436733245849,linear
,1,1x505x64219x1570,58.0,1468.8,87.56,131.36548000000002,20.34002571105957,linear
,1,1x392x43591x1907,71.68,1517.4,86.4,129.13675999999998,17.961222457885743,linear
,1,1x271x49775x1219,77.0,1563.0,88.0,122.58436000000002,10.117241668701173,linear
,1,1x461x49810x3294,74.0,1508.4,87.72,128.16611999999998,28.93764457702637,linear
,1,1x270x49775x2240,77.0,1505.4,87.84,133.67856000000003,18.258956909179688,linear
,1,1x300x43112x4095,81.48,1477.2,87.4,128.69467999999998,26.052998352050782,linear
,1,1x317x49719x4821,84.68,1438.2,87.6,130.96715999999998,38.64624710083008,linear
,1,1x450x55971x4973,90.56,1425.0,87.36,137.19148000000004,55.74351959228515,linear
,1,1x270x50178x7808,94.24,1472.4,87.76,134.08383999999995,81.21020812988282,linear
,1,1x761x14855x141,91.28,1718.4,85.12,93.20656,0.7751359939575195,linear
,1,1x1004x10672x228,86.0,1690.8,84.0,85.05296000000003,0.8882304072380066,linear
,1,1x722x14867x56,86.0,1680.0,84.0,71.62455999999999,0.3766207993030548,linear
,1,1x923x13639x268,86.0,1860.0,82.0,91.43280000000004,1.5009344100952149,linear
,1,1x710x12930x397,86.0,1701.6,82.0,122.53964,1.7710143804550171,linear
,1,1x985x10576x306,86.0,1725.6,82.56,94.97839999999998,1.1877631902694703,linear
,1,1x945x12272x918,29.68,1686.0,84.0,111.81892000000005,3.757254409790039,linear
,1,1x651x11151x572,22.0,1669.2,84.32,114.12327999999997,1.985702395439148,linear
,1,1x745x14662x725,22.0,1674.0,86.0,104.71127999999997,2.7035776138305665,linear
,1,1x520x8998x1075,22.0,1687.2,86.0,108.31807999999995,1.9165568113327027,linear
,1,1x1022x14917x1127,23.68,1678.8,85.0,130.78447999999992,5.338950252532959,linear
,1,1x542x15575x1656,43.0,1625.4,84.68,113.12287999999998,4.533318424224854,linear
,1,1x701x15053x3427,43.0,1545.6,85.6,138.75255999999993,11.755116653442382,linear
,1,1x634x11058x2672,52.6,1486.2,88.52,109.77787999999998,6.552256011962891,linear
,1,1x541x9891x2372,53.0,1599.0,86.0,114.37880000000001,4.641139125823974,linear
,1,1x918x16076x8148,66.04,1429.8,88.68,139.10991999999996,43.8291259765625,linear
,1,1x681x15156x4720,70.0,1430.4,88.76,133.88364000000004,17.2644100189209,linear
,1,1x908x8980x7875,80.92,1469.4,87.44,134.41156,36.90414733886719,linear
,1,1x787x17929x17,91.0,1673.4,87.0,102.69163999999995,0.3019071936607361,linear
,1,1x711x21436x230,91.0,1635.0,87.0,79.03692,1.3633856058120728,linear
,1,1x544x22664x195,91.0,1635.0,83.0,92.35520000000001,1.0613247632980347,linear
,1,1x712x17472x454,91.0,1635.0,83.0,82.47200000000002,2.2798464775085447,linear
,1,1x918x30820x499,53.6,1642.2,83.92,124.96320000000006,6.084339141845703,linear
,1,1x567x23274x442,36.0,1664.4,84.0,116.63024000000001,2.7063616275787354,linear
,1,1x908x30330x671,36.0,1636.2,85.24,120.15239999999999,12.980915069580078,linear
,1,1x751x17578x604,56.0,1591.2,86.0,104.80564,2.7498111724853516,linear
,1,1x667x20078x1024,56.0,1675.8,86.96,123.31232,4.734246349334716,linear
,1,1x528x22450x1496,56.0,1512.6,87.92,127.00900000000006,7.215884780883789,linear
,1,1x908x20372x1047,55.36,1503.0,87.0,121.11376000000004,8.213593673706054,linear
,1,1x600x17937x2013,55.0,1602.6,86.0,132.68755999999996,7.243948745727539,linear
,1,1x530x31361x3704,65.88,1460.4,87.48,130.21676000000002,30.748057174682618,linear
,1,1x956x29162x3777,83.56,1447.8,87.84,138.95211999999998,49.83140487670899,linear
,1,1x970x26999x2460,91.24,1467.0,87.36,125.62639999999993,23.536928176879883,linear
,1,1x899x29664x5402,89.44,1458.0,87.76,135.77784,78.18493957519532,linear
,1,1x952x22303x7070,93.24,1465.8,87.44,136.51084,76.45214080810547,linear
,1,1x978x22505x7211,93.84,1468.8,88.0,138.72003999999998,87.73532257080078,linear
,1,1x984x64662x234,95.0,1555.8,87.0,116.728,7.3250175476074215,linear
,1,1x925x41797x224,80.04,1578.6,86.48,105.77152,3.7839871883392333,linear
,1,1x648x39665x178,78.0,1614.0,86.0,102.65876000000006,2.15184645652771,linear
,1,1x513x33952x282,78.0,1605.0,85.68,101.45044,2.479225587844849,linear
,1,1x994x44409x340,78.0,1596.6,85.0,120.16715999999995,6.69809923171997,linear
,1,1x652x60273x294,53.64,1556.4,86.0,117.74244,6.135635280609131,linear
,1,1x695x63166x624,49.0,1540.2,87.52,128.26520000000005,15.430815887451171,linear
,1,1x557x34920x986,63.4,1575.0,86.0,124.08451999999997,9.620256042480468,linear
,1,1x657x63461x936,74.4,1524.6,86.44,128.32788,27.18458251953125,linear
,1,1x720x53141x1194,80.0,1476.0,87.16,132.68735999999993,18.74368019104004,linear
,1,1x992x52218x1461,80.92,1470.0,88.52,132.96280000000002,28.86789741516113,linear
,1,1x952x62116x1421,84.84,1452.6,88.0,136.02368,36.61279983520508,linear
,1,1x561x54451x3417,89.56,1422.0,87.28,131.4202,43.54588775634765,linear
,1,1x919x43219x2892,89.72,1434.6,87.64,135.65568000000002,46.43340148925781,linear
,1,1x615x38230x2459,87.24,1462.2,87.28,128.81324,21.502988815307617,linear
,1,1x537x59384x7135,91.56,1410.0,87.4,133.40832,101.71222381591797,linear
,1,1x573x33462x5390,91.68,1430.4,87.28,134.11988,55.32522277832031,linear
,1,1x545x61477x6411,95.96,1406.4,86.88,134.26736,98.21397857666015,linear
,1,1x1159x8981x5,97.0,1834.2,88.0,89.28120000000001,0.31243520975112915,linear
,1,1x1464x15212x24,97.0,1789.2,88.0,87.08108,0.7077568054199219,linear
,1,1x1722x10593x24,97.0,1798.2,88.0,85.37931999999996,0.5715840101242066,linear
,1,1x1175x14531x481,97.0,1678.2,84.0,101.53007999999998,2.8867775917053224,linear
,1,1x1792x11879x267,79.08,1687.8,84.0,109.02260000000003,2.2998144149780275,linear
,1,1x1047x9387x509,41.0,1608.0,84.72,99.23796,1.666879987716675,linear
,1,1x1150x11253x666,41.0,1675.2,85.0,107.78604,3.0104896068572997,linear
,1,1x1525x8285x936,41.0,1581.0,85.56,108.73947999999999,4.11836805343628,linear
,1,1x1601x13673x980,41.36,1564.8,86.0,122.92323999999995,7.317715263366699,linear
,1,1x1517x15059x1391,50.0,1567.2,87.0,133.68187999999998,10.699225425720215,linear
,1,1x1027x15482x1259,50.0,1492.8,88.0,124.14811999999996,7.091180801391602,linear
,1,1x1747x10232x2026,60.4,1522.8,87.2,121.04988000000002,12.034777641296387,linear
,1,1x1974x15900x2734,68.28,1437.0,88.44,136.66268,31.7407169342041,linear
,1,1x1378x12716x3407,77.2,1462.2,88.0,128.51031999999998,20.846303939819336,linear
,1,1x1286x11939x2603,84.0,1426.2,87.88,122.90283999999996,15.126630401611328,linear
,1,1x1888x14089x5704,78.48,1386.0,86.92,129.2108,51.549068450927734,linear
,1,1x1923x16352x7039,89.44,1383.6,87.8,134.38468,88.0362548828125,linear
,1,1x1544x14678x5711,91.68,1374.6,87.68,133.02096,48.8365119934082,linear
,1,1x1170x17135x83,90.0,1665.0,88.0,89.19044000000002,0.8683071970939636,linear
,1,1x1532x25425x35,90.0,1671.6,88.0,87.71912,1.2764671802520753,linear
,1,1x1856x28462x214,90.0,1691.4,86.8,113.64091999999997,4.089651107788086,linear
,1,1x1645x25787x387,90.0,1526.4,86.16,114.55724000000002,7.098380851745605,linear
,1,1x1644x28736x342,44.0,1635.6,87.0,121.48548000000002,6.565478420257568,linear
,1,1x1468x29850x327,44.0,1528.8,87.0,116.81260000000002,5.937849617004394,linear
,1,1x1198x28845x782,51.2,1511.4,87.8,127.26183999999995,14.907270431518555,linear
,1,1x1485x24430x779,64.0,1548.0,86.0,120.29312,10.348787117004395,linear
,1,1x1981x29177x788,67.8,1495.8,87.44,134.63659999999996,28.025190353393555,linear
,1,1x1579x29263x1816,80.4,1486.2,86.64,125.82155999999999,31.535398483276367,linear
,1,1x1041x27265x1652,80.2,1468.2,88.0,133.49152000000004,21.178329849243163,linear
,1,1x1256x24233x1052,78.44,1533.6,86.0,118.67811999999999,11.305452728271485,linear
,1,1x1567x22788x3064,78.4,1414.8,88.36,136.86175999999995,45.94690628051758,linear
,1,1x1487x19801x2123,85.8,1477.2,87.0,122.23207999999998,22.052178955078126,linear
,1,1x1676x21510x2905,84.8,1397.4,87.6,133.98788000000002,45.73470001220703,linear
,1,1x1360x17214x7463,91.88,1377.0,87.76,134.13736000000003,76.51427612304687,linear
,1,1x1424x31721x4124,94.6,1420.8,87.8,136.90755999999996,96.5431625366211,linear
,1,1x1099x17214x5342,92.88,1393.8,87.2,131.74792000000002,40.03243560791016,linear
,1,1x1641x47626x64,90.0,1635.0,88.0,101.29260000000001,2.945638418197632,linear
,1,1x1340x58378x91,90.0,1661.4,85.0,105.18928000000005,3.3571776390075683,linear
,1,1x1333x61781x117,84.72,1620.6,85.04,114.0214,3.7197760105133058,linear
,1,1x1899x38477x436,57.0,1514.4,86.16,124.94787999999993,11.959334373474121,linear
,1,1x1434x57746x276,58.76,1531.2,87.32,125.12140000000004,12.510521697998048,linear
,1,1x1915x49948x389,68.0,1512.0,89.12,142.85664000000003,15.48283519744873,linear
,1,1x1355x33875x621,70.64,1504.8,85.8,109.77651999999998,9.019033432006836,linear
,1,1x1716x46601x893,74.48,1461.6,87.64,130.86108000000004,25.859756851196288,linear
,1,1x1239x48256x519,80.0,1554.0,87.16,122.72151999999993,12.528012657165528,linear
,1,1x1846x36526x1612,73.28,1387.8,86.88,129.97156,39.621881103515626,linear
,1,1x1539x37534x1381,89.2,1479.6,87.32,126.34895999999999,29.71598701477051,linear
,1,1x1212x57408x1458,82.88,1423.2,87.6,132.39772000000002,41.74945907592773,linear
,1,1x1915x43143x2110,90.56,1402.8,87.72,136.53228,65.55694732666015,linear
,1,1x1972x62516x3711,96.0,1398.0,87.64,136.21707999999998,183.81464538574218,linear
,1,1x1921x58288x2164,95.2,1401.0,87.8,133.5196,101.20801239013672,linear
,1,1x1698x53004x5640,97.56,1430.4,87.32,138.74328,215.05257873535157,linear
,1,1x1739x64638x7194,97.56,1434.0,87.28,139.34308,350.5690124511719,linear
,1,1x1652x53031x7662,97.32,1395.0,87.24,136.97351999999998,270.0838256835938,linear
,1,1x2187x12402x170,99.0,1650.0,87.0,94.48612000000007,1.953113579750061,linear
,1,1x3796x11248x238,99.0,1669.8,87.08,116.31356000000004,3.749113607406616,linear
,1,1x2081x11129x189,99.0,1643.4,88.0,108.72039999999996,1.697369599342346,linear
,1,1x3236x13688x458,55.0,1666.2,88.36,133.81224,6.668934535980225,linear
,1,1x2347x13195x319,55.0,1731.0,89.0,129.72868,3.4054336547851562,linear
,1,1x2750x10586x371,55.0,1655.4,89.0,125.02871999999992,3.3847424030303954,linear
,1,1x2081x15492x645,52.6,1514.4,88.28,109.68675999999998,7.853977680206299,linear
,1,1x3566x13709x996,51.0,1444.2,87.48,128.0358400000001,16.461152267456054,linear
,1,1x2656x11853x568,61.08,1578.0,87.48,112.80119999999997,6.243814373016358,linear
,1,1x2828x13612x1715,72.0,1461.6,87.92,134.80812000000003,24.217107391357423,linear
,1,1x3673x14548x1478,77.0,1471.2,88.04,128.22548,27.576633071899415,linear
,1,1x2186x12267x1424,79.0,1468.8,87.0,126.21412000000002,14.363238334655762,linear
,1,1x3751x14685x2163,78.24,1396.8,87.72,131.45516,44.10586318969727,linear
,1,1x3956x12510x2820,90.44,1362.6,87.88,134.56439999999998,55.52545928955078,linear
,1,1x3778x14596x3434,90.6,1371.0,88.0,134.05592000000001,72.05018157958985,linear
,1,1x2599x13602x7384,94.56,1348.2,88.0,132.09084,105.60132446289063,linear
,1,1x2326x10205x7601,96.6,1492.2,87.0,132.74532000000002,173.57269592285155,linear
,1,1x3187x14258x5822,93.84,1371.0,87.76,130.91668,93.16712951660156,linear
,1,1x2240x20548x152,90.24,1670.4,86.4,110.61219999999997,4.9473918914794925,linear
,1,1x3848x29937x133,90.0,1527.6,86.0,125.00044000000004,14.61843204498291,linear
,1,1x3522x23836x226,83.28,1678.8,87.68,132.43116000000003,6.435308837890625,linear
,1,1x3203x24731x332,69.0,1479.0,88.52,124.19083999999997,10.813708686828614,linear
,1,1x2537x31389x278,68.8,1571.4,88.0,124.17051999999995,9.569523048400878,linear
,1,1x3492x19778x385,64.0,1562.4,87.36,120.1586,11.839718246459961,linear
,1,1x3072x23604x978,67.6,1486.2,87.6,127.891,24.467903900146485,linear
,1,1x3116x28918x709,74.8,1476.0,87.28,126.00448,23.502470397949217,linear
,1,1x2097x25263x988,82.0,1476.0,88.0,130.70552000000006,18.447462463378905,linear
,1,1x2793x29402x1899,86.04,1397.4,88.0,130.6176,55.71129531860352,linear
,1,1x2704x28138x1339,91.8,1420.2,88.44,126.19076000000003,37.82952346801758,linear
,1,1x3219x20219x1171,87.64,1436.4,87.4,132.10884000000001,42.18295669555664,linear
,1,1x2680x29774x2754,92.4,1384.2,88.48,132.09036000000003,79.17715911865234,linear
,1,1x2887x19890x2962,93.28,1409.4,87.2,134.43196,86.97770233154297,linear
,1,1x3573x26086x2510,93.4,1373.4,87.4,130.98796000000002,84.28752136230469,linear
,1,1x2288x29146x6630,96.16,1373.4,87.8,132.34192,164.07724304199218,linear
,1,1x3637x29548x6405,97.16,1384.2,87.76,137.90839999999997,269.00922241210935,linear
,1,1x2782x18845x5680,94.24,1407.0,88.0,132.77888000000002,108.98080139160156,linear
,1,1x2507x38670x242,96.0,1527.6,87.04,114.49723999999998,8.350496006011962,linear
,1,1x3778x59627x11,96.0,1626.0,85.24,106.55915999999993,6.766803169250489,linear
,1,1x2064x53856x24,68.0,1680.0,85.04,103.35763999999998,3.511564779281616,linear
,1,1x3896x58859x478,73.2,1441.8,87.96,134.73324,42.30122833251953,linear
,1,1x2390x54803x315,84.4,1517.4,87.2,127.7238,38.27401580810547,linear
,1,1x2684x43048x359,87.84,1502.4,86.12,126.32756000000003,14.492927932739258,linear
,1,1x4024x65078x907,91.04,1402.2,87.64,136.83256,105.76318054199218,linear
,1,1x3870x59622x632,91.92,1396.2,87.36,130.93300000000005,56.523949432373044,linear
,1,1x3592x56928x921,92.64,1411.8,87.8,134.81339999999997,84.18766784667969,linear
,1,1x2964x50649x1916,94.8,1366.2,88.0,134.93959999999996,112.13346557617187,linear
,1,1x2306x61465x1836,95.6,1389.0,87.52,134.33032,112.4063934326172,linear
,1,1x2841x52578x1255,93.24,1393.2,87.76,134.18039999999996,75.53288269042969,linear
,1,1x3135x51775x3343,97.28,1403.4,87.92,137.69871999999998,226.67894897460937,linear
,1,1x2209x58767x3688,97.0,1408.8,88.0,138.23772,203.6475036621094,linear
,1,1x3400x64387x3298,98.32,1394.4,87.84,136.65052000000006,300.5486999511719,linear
,1,1x2242x32810x5840,95.88,1390.8,87.4,136.29943999999998,171.10888671875,linear
,1,1x3118x45324x7687,97.88,1418.4,87.44,138.8676,455.8706848144531,linear
,1,1x2511x46141x7600,98.6,1396.8,87.92,138.42068,362.1925842285156,linear
,1,1x6343x13811x217,93.96,1488.0,88.0,115.69536,7.713356781005859,linear
,1,1x8010x10436x162,92.0,1509.0,87.0,121.12360000000002,7.747449588775635,linear
,1,1x6215x16367x158,89.0,1584.6,87.76,126.94087999999998,10.985529518127441,linear
,1,1x5942x13313x260,67.0,1515.6,86.24,126.37783999999999,19.118892669677734,linear
,1,1x7327x10285x351,70.6,1506.6,87.0,122.02092000000002,9.835737609863282,linear
,1,1x6726x13456x423,76.8,1511.4,87.0,129.91044,28.276991653442384,linear
,1,1x7113x9569x972,81.0,1450.8,87.72,128.10652,25.460403060913087,linear
,1,1x6302x15919x748,81.0,1455.6,88.24,128.50800000000004,26.857894134521484,linear
,1,1x7860x11460x779,80.8,1444.8,88.6,132.00571999999994,30.55777931213379,linear
,1,1x4778x9317x1436,85.0,1459.2,87.4,122.47856,23.718131256103515,linear
,1,1x4175x12866x1915,81.96,1361.4,87.6,126.97643999999993,39.56950988769531,linear
,1,1x5951x16100x1127,87.6,1390.8,87.52,130.59156000000004,41.20298309326172,linear
,1,1x7723x14400x2714,95.28,1453.8,87.88,136.69872,145.04053955078126,linear
,1,1x4528x8668x2200,93.76,1478.4,87.36,132.19052,68.46769104003906,linear
,1,1x6476x12903x2746,92.8,1320.0,88.0,130.38112000000004,87.89779052734374,linear
,1,1x5132x10014x4517,93.8,1355.4,87.64,132.85240000000002,99.10055541992188,linear
,1,1x4214x13569x6548,96.92,1368.6,87.6,129.35536,139.71894226074218,linear
,1,1x5879x8679x5816,98.04,1480.8,87.0,133.82956000000001,282.25068359375,linear
,1,1x4960x30976x240,93.2,1498.8,87.0,123.20444000000003,12.8831298828125,linear
,1,1x7903x16774x164,92.32,1566.6,88.04,137.96759999999995,16.105222511291505,linear
,1,1x6615x20789x162,76.0,1540.2,88.84,131.23780000000005,18.515366744995116,linear
,1,1x4596x20829x410,77.28,1435.8,86.6,116.40072000000002,16.4447172164917,linear
,1,1x4743x23496x435,79.0,1488.6,87.6,135.79603999999998,23.009849548339844,linear
,1,1x6488x31142x383,82.64,1461.0,88.0,128.49684,26.061408233642577,linear
,1,1x6474x24449x915,85.04,1408.2,87.72,128.28868,56.04196548461914,linear
,1,1x4135x27628x768,86.0,1390.2,89.04,131.50828,28.492390441894532,linear
,1,1x6745x23093x855,87.8,1408.8,86.84,127.17000000000002,48.64885787963867,linear
,1,1x4164x25037x1317,89.96,1403.4,88.0,127.43248000000003,51.7203125,linear
,1,1x6693x23312x1069,90.88,1405.2,88.0,126.40256000000001,63.129312133789064,linear
,1,1x6717x27873x1254,92.68,1381.8,87.96,132.4766,89.99018707275391,linear
,1,1x4962x28959x3158,96.44,1369.8,87.56,133.52488000000002,176.8077423095703,linear
,1,1x5853x29646x3212,97.4,1370.4,87.52,135.12924000000004,220.59105529785157,linear
,1,1x4286x22489x2572,95.44,1416.6,87.52,135.60228000000004,129.4776840209961,linear
,1,1x7014x31137x7880,98.84,1375.2,87.52,135.98248,709.3494140625,linear
,1,1x6314x28549x6064,97.88,1384.8,87.56,137.98248,444.71583251953126,linear
,1,1x7290x24765x7430,98.4,1350.6,87.48,134.92732,531.88955078125,linear
,1,1x5849x44066x215,94.0,1450.8,87.4,121.78803999999997,22.405811309814453,linear
,1,1x7987x33555x77,83.8,1503.6,87.0,118.30220000000003,11.623776054382324,linear
,1,1x4671x56387x101,79.0,1477.8,87.0,127.97276000000006,11.777433586120605,linear
,1,1x5215x54627x263,74.76,1437.0,87.6,136.00648000000004,37.03378524780273,linear
,1,1x5769x57716x278,90.08,1407.6,87.72,130.24695999999997,47.0264892578125,linear
,1,1x5013x65273x313,92.24,1456.2,87.28,132.98104,71.07174835205078,linear
,1,1x6567x51979x647,94.2,1383.0,87.44,134.27912000000003,102.3217269897461,linear
,1,1x5259x33884x791,91.44,1388.4,87.72,130.22356,59.072045135498044,linear
,1,1x5937x41324x994,89.04,1365.6,86.04,125.86755999999997,83.96069641113282,linear
,1,1x4400x41381x1241,93.24,1362.0,87.8,131.84808,88.61850128173828,linear
,1,1x7548x41085x1463,96.72,1371.6,87.4,134.60424,191.30296936035157,linear
,1,1x4994x34900x2029,94.88,1366.8,87.52,130.95112,133.09664611816407,linear
,1,1x6767x47872x3190,98.56,1415.4,87.64,137.54767999999999,426.95643310546876,linear
,1,1x5632x42470x2088,96.84,1364.4,87.36,131.959,196.27328186035157,linear
,1,1x4113x36764x2133,96.04,1338.0,87.68,129.65731999999997,124.06746978759766,linear
,1,1x6162x40575x7424,98.96,1378.2,87.16,134.61308,811.8242431640625,linear
,1,1x7277x33352x6856,99.08,1398.0,87.64,138.30812000000003,677.9366943359375,linear
,1,1x6137x61248x5069,99.12,1392.0,87.28,134.21412,815.635400390625,linear
