Kernel Name,Batch Size,Dimension,GPU Utilization Rate (%),GPU Core Frequency (MHz),GPU Temperature (C),GPU Power (W),Latency (ms),OPName
,8,8x2x18x16,0.0,1005.0,61.0,104.04599999999999,0.006144000217318535,bmm
,18,18x1x11x28,0.0,1005.0,61.0,104.04599999999999,0.005868800077587366,bmm
,6,6x19x24x13,0.0,1005.0,61.0,104.04599999999999,0.014336000196635723,bmm
,5,5x11x16x43,0.0,1005.0,61.0,104.04599999999999,0.006144000217318535,bmm
,26,26x30x10x49,0.0,1005.0,61.0,104.04599999999999,0.013311999849975109,bmm
,5,5x25x25x62,0.0,1005.0,61.0,104.04599999999999,0.016383999958634377,bmm
,20,20x33x13x84,0.0,1005.0,61.0,104.04599999999999,0.013311999849975109,bmm
,9,9x9x31x86,4.0,1005.0,64.0,121.634,0.006956799887120724,bmm
,15,15x1x5x72,4.0,1005.0,64.0,121.634,0.005119999870657921,bmm
,7,7x7x28x219,4.0,1005.0,64.0,121.634,0.0071680000983178616,bmm
,18,18x30x16x148,4.0,1005.0,64.0,121.634,0.013311999849975109,bmm
,25,25x17x30x202,4.0,1005.0,64.0,121.634,0.016383999958634377,bmm
,12,12x5x5x377,4.0,1005.0,64.0,121.634,0.006144000217318535,bmm
,21,21x5x1x491,4.0,1005.0,64.0,121.634,0.005119999870657921,bmm
,9,9x17x8x311,4.0,1005.0,64.0,121.634,0.011603200063109397,bmm
,9,9x17x11x965,4.0,1005.0,64.0,121.634,0.01347199995070696,bmm
,16,16x7x23x929,4.0,1005.0,64.0,121.634,0.009139199927449226,bmm
,15,15x13x30x871,4.0,1005.0,65.0,123.134,0.01228800043463707,bmm
,12,12x17x35x7,4.0,1005.0,65.0,123.134,0.018323199823498726,bmm
,22,22x21x40x20,4.0,1005.0,65.0,123.134,0.01740800030529499,bmm
,14,14x28x53x30,4.0,1005.0,65.0,123.134,0.021401600167155265,bmm
,2,2x3x48x63,4.0,1005.0,65.0,123.134,0.0070015999488532545,bmm
,16,16x8x62x41,4.0,1005.0,65.0,123.134,0.0071680000983178616,bmm
,5,5x19x48x50,4.0,1005.0,65.0,123.134,0.01939839981496334,bmm
,14,14x27x57x67,4.0,1005.0,65.0,123.134,0.02302720062434673,bmm
,26,26x11x62x81,4.0,1005.0,65.0,123.134,0.00816000010818243,bmm
,25,25x18x59x97,4.0,1005.0,65.0,123.134,0.022880000248551368,bmm
,8,8x14x62x194,4.0,1005.0,65.0,123.134,0.007878400105983018,bmm
,3,3x23x60x223,5.0,1005.0,67.0,124.39300000000001,0.02269440032541752,bmm
,28,28x18x53x191,5.0,1005.0,67.0,124.39300000000001,0.021503999829292297,bmm
,18,18x18x33x354,5.0,1005.0,67.0,124.39300000000001,0.018432000651955605,bmm
,31,31x23x60x426,5.0,1005.0,67.0,124.39300000000001,0.03788800165057182,bmm
,7,7x13x51x373,5.0,1005.0,67.0,124.39300000000001,0.008191999979317188,bmm
,29,29x22x44x565,5.0,1005.0,67.0,124.39300000000001,0.03174399957060814,bmm
,25,25x29x61x817,5.0,1005.0,67.0,124.39300000000001,0.054259199649095535,bmm
,31,31x19x35x750,5.0,1005.0,67.0,124.39300000000001,0.04060159996151924,bmm
,20,20x19x121x8,5.0,1005.0,67.0,124.39300000000001,0.0351231999695301,bmm
,18,18x3x87x31,5.0,1005.0,67.0,124.39300000000001,0.007328000105917454,bmm
,19,19x26x69x30,5.0,1005.0,68.0,125.62899999999995,0.024569600820541382,bmm
,18,18x9x101x61,5.0,1005.0,68.0,125.62899999999995,0.008191999979317188,bmm
,33,33x18x118x63,5.0,1005.0,68.0,125.62899999999995,0.03379200026392937,bmm
,32,32x10x122x63,5.0,1005.0,68.0,125.62899999999995,0.009126400016248227,bmm
,32,32x3x81x129,5.0,1005.0,68.0,125.62899999999995,0.008191999979317188,bmm
,25,25x21x127x69,5.0,1005.0,68.0,125.62899999999995,0.03579520061612129,bmm
,23,23x24x120x83,5.0,1005.0,68.0,125.62899999999995,0.03367679938673973,bmm
,30,30x19x85x147,5.0,1005.0,68.0,125.62899999999995,0.027648000046610832,bmm
,2,2x26x100x131,5.0,1005.0,68.0,125.62899999999995,0.03070079945027828,bmm
,6,6x19x106x235,5.0,1005.0,69.0,126.26299999999996,0.032473599165678026,bmm
,26,26x24x76x459,5.0,1005.0,69.0,126.26299999999996,0.04403200000524521,bmm
,20,20x27x79x328,5.0,1005.0,69.0,126.26299999999996,0.026604799553751945,bmm
,27,27x18x69x446,5.0,1005.0,69.0,126.26299999999996,0.04095999896526337,bmm
,2,2x4x107x762,5.0,1005.0,69.0,126.26299999999996,0.008191999979317188,bmm
,9,9x1x110x756,5.0,1005.0,69.0,126.26299999999996,0.010233599878847598,bmm
,3,3x20x123x544,5.0,1005.0,69.0,126.26299999999996,0.035840000957250595,bmm
,19,19x30x239x7,5.0,1005.0,69.0,126.26299999999996,0.05719039961695671,bmm
,10,10x31x146x6,5.0,1005.0,69.0,126.26299999999996,0.03993599861860275,bmm
,7,7x33x183x10,5.0,1005.0,69.0,126.26299999999996,0.04608000069856644,bmm
,23,23x1x175x42,7.0,1005.0,69.96,126.63599999999998,0.0071680000983178616,bmm
,10,10x11x141x38,7.0,1005.0,70.0,126.63599999999998,0.008191999979317188,bmm
,3,3x15x230x36,7.0,1005.0,70.0,126.63599999999998,0.009216000325977802,bmm
,33,33x23x147x115,7.0,1005.0,70.0,126.63599999999998,0.04041600003838539,bmm
,24,24x6x240x78,7.0,1005.0,70.0,126.63599999999998,0.01076479982584715,bmm
,10,10x16x155x83,7.0,1005.0,70.0,126.63599999999998,0.009216000325977802,bmm
,20,20x18x143x219,7.0,1005.0,70.0,126.63599999999998,0.03887359872460365,bmm
,21,21x31x257x167,7.0,1005.0,70.0,126.63599999999998,0.06236800029873848,bmm
,27,27x22x142x214,7.0,1005.0,70.0,126.63599999999998,0.03891199827194214,bmm
,25,25x22x161x304,7.0,1005.0,70.0,126.63599999999998,0.04382719993591309,bmm
,7,7x33x138x429,7.0,1005.0,70.0,126.63599999999998,0.03890559896826744,bmm
,20,20x31x178x445,6.0,1005.0,70.0,127.32600000000001,0.04710400104522705,bmm
,6,6x11x198x973,6.0,1005.0,70.0,127.32600000000001,0.014681600220501422,bmm
,15,15x2x210x614,6.0,1005.0,70.0,127.32600000000001,0.016364799812436104,bmm
,8,8x19x189x821,6.0,1005.0,70.0,127.32600000000001,0.048128001391887665,bmm
,16,16x27x352x6,6.0,1005.0,70.0,127.32600000000001,0.07850880175828934,bmm
,9,9x3x437x22,6.0,1005.0,70.0,127.32600000000001,0.012268800288438797,bmm
,26,26x31x386x3,6.0,1005.0,70.0,127.32600000000001,0.08675199896097183,bmm
,24,24x18x299x60,6.0,1005.0,70.0,127.32600000000001,0.06963200122117996,bmm
,3,3x23x479x50,6.0,1005.0,70.0,127.32600000000001,0.10342399775981903,bmm
,3,3x10x487x56,6.0,1005.0,70.0,127.32600000000001,0.013632000051438808,bmm
,17,17x29x366x101,8.0,1005.0,71.0,127.90799999999994,0.08191999793052673,bmm
,24,24x33x371x80,8.0,1005.0,71.0,127.90799999999994,0.08499199897050858,bmm
,5,5x9x419x74,8.0,1005.0,71.0,127.90799999999994,0.012774400040507316,bmm
,23,23x19x297x193,8.0,1005.0,71.0,127.90799999999994,0.06967040151357651,bmm
,27,27x2x511x203,8.0,1005.0,71.0,127.90799999999994,0.02244479991495609,bmm
,21,21x21x433x231,8.0,1005.0,71.0,127.90799999999994,0.09625600278377533,bmm
,16,16x11x424x417,8.0,1005.0,71.0,127.90799999999994,0.025599999353289604,bmm
,19,19x32x497x403,8.0,1005.0,71.0,127.90799999999994,0.10911359935998917,bmm
,33,33x29x400x317,8.0,1005.0,71.0,127.90799999999994,0.16791679859161376,bmm
,31,31x30x333x656,16.0,1005.0,72.0,129.29,0.21112959682941437,bmm
,31,31x17x373x565,16.0,1005.0,72.0,129.29,0.15950079560279845,bmm
,33,33x31x288x654,16.0,1005.0,72.0,129.29,0.18244480192661286,bmm
,20,20x19x725x32,16.0,1005.0,72.0,129.29,0.1515520066022873,bmm
,17,17x31x732x13,16.0,1005.0,72.0,129.29,0.15345920622348785,bmm
,1,1x11x929x31,16.0,1005.0,72.0,129.29,0.021503999829292297,bmm
,19,19x3x522x52,16.0,1005.0,72.0,129.29,0.014284799993038177,bmm
,22,22x19x710x44,16.0,1005.0,72.0,129.29,0.14847999811172485,bmm
,18,18x22x822x33,16.0,1005.0,72.0,129.29,0.17013759911060333,bmm
,9,9x31x669x123,13.48,1005.0,72.0,130.66544000000005,0.14131200313568115,bmm
,29,29x8x723x127,13.0,1005.0,72.0,130.85300000000004,0.026387199759483337,bmm
,5,5x3x946x109,13.0,1005.0,72.0,130.85300000000004,0.020204799622297286,bmm
,9,9x23x634x174,13.0,1005.0,72.0,130.85300000000004,0.13516800105571747,bmm
,8,8x3x942x133,13.0,1005.0,72.0,130.85300000000004,0.020473599433898926,bmm
,19,19x15x839x211,13.0,1005.0,72.0,130.85300000000004,0.047302401065826415,bmm
,27,27x10x820x449,13.0,1005.0,72.0,130.85300000000004,0.08867840021848679,bmm
,6,6x29x892x304,13.0,1005.0,72.0,130.85300000000004,0.18528639674186706,bmm
,31,31x16x722x460,13.0,1005.0,72.0,130.85300000000004,0.130662402510643,bmm
,24,24x21x936x559,12.72,1005.0,72.0,131.15232000000003,0.3758080005645752,bmm
,32,32x30x685x873,12.0,1005.0,72.0,131.922,0.4163200080394745,bmm
,33,33x30x895x574,12.0,1005.0,72.0,131.922,0.5353472232818604,bmm
,13,13x49x23x18,12.0,1005.0,72.0,131.922,0.015359999611973763,bmm
,1,1x43x6x32,12.0,1005.0,72.0,131.922,0.007846400048583746,bmm
,10,10x58x5x20,12.0,1005.0,72.0,131.922,0.01945599913597107,bmm
,21,21x34x18x61,12.0,1005.0,72.0,131.922,0.02519039995968342,bmm
,25,25x53x24x39,12.0,1005.0,72.0,131.922,0.02457600086927414,bmm
,6,6x55x6x53,12.0,1005.0,72.0,131.922,0.01945599913597107,bmm
,5,5x43x28x100,12.0,1005.0,72.0,131.922,0.027648000046610832,bmm
,25,25x54x29x107,10.0,600.0,70.0,119.95200000000004,0.02969600073993206,bmm
,26,26x56x8x90,10.0,600.0,70.0,119.95200000000004,0.020479999482631683,bmm
,5,5x61x31x231,10.0,600.0,70.0,119.95200000000004,0.03031039983034134,bmm
,17,17x47x33x185,10.0,600.0,70.0,119.95200000000004,0.03276799991726875,bmm
,20,20x54x30x181,10.0,600.0,70.0,119.95200000000004,0.03174399957060814,bmm
,12,12x43x22x475,10.0,600.0,70.0,119.95200000000004,0.028672000393271446,bmm
,5,5x39x12x444,10.0,600.0,70.0,119.95200000000004,0.02539519965648651,bmm
,9,9x53x8x379,10.0,600.0,70.0,119.95200000000004,0.02252800017595291,bmm
,19,19x41x12x835,10.0,600.0,70.0,119.95200000000004,0.03891199827194214,bmm
,6,6x34x15x812,12.0,495.0,65.0,90.605,0.026623999699950218,bmm
,16,16x52x3x973,12.0,495.0,65.0,90.605,0.03174399957060814,bmm
,11,11x53x51x19,12.0,495.0,65.0,90.605,0.04403200000524521,bmm
,18,18x59x57x29,12.0,495.0,65.0,90.605,0.048128001391887665,bmm
,28,28x46x64x18,12.0,495.0,65.0,90.605,0.04648960083723068,bmm
,28,28x45x41x52,12.0,495.0,65.0,90.605,0.04095999896526337,bmm
,14,14x63x37x41,12.0,495.0,65.0,90.605,0.03993599861860275,bmm
,24,24x52x41x57,12.0,495.0,65.0,90.605,0.043622399866580966,bmm
,25,25x55x60x105,12.0,495.0,65.0,90.605,0.05119999870657921,bmm
,25,25x40x48x128,12.0,495.0,65.0,90.605,0.043007999658584595,bmm
,3,3x36x58x129,12.8,435.0,65.0,62.075000000000024,0.05119999870657921,bmm
,20,20x60x48x143,13.0,435.0,61.0,62.075000000000024,0.04608000069856644,bmm
,11,11x56x41x197,13.0,435.0,61.0,62.075000000000024,0.04710400104522705,bmm
,11,11x49x39x158,13.0,435.0,61.0,62.075000000000024,0.04403200000524521,bmm
,16,16x59x53x395,13.0,435.0,61.0,62.075000000000024,0.053043199330568315,bmm
,24,24x45x51x412,13.0,435.0,61.0,62.075000000000024,0.08642559945583343,bmm
,20,20x39x46x378,13.0,435.0,61.0,62.075000000000024,0.048128001391887665,bmm
,5,5x36x60x646,13.0,435.0,61.0,62.075000000000024,0.023296000063419343,bmm
,11,11x61x62x834,13.0,435.0,61.0,62.075000000000024,0.023552000522613525,bmm
,6,6x48x55x918,12.0,1005.0,59.0,61.85500000000001,0.021503999829292297,bmm
,15,15x41x90x26,12.0,1005.0,59.0,61.85500000000001,0.028672000393271446,bmm
,28,28x58x128x2,12.0,1005.0,59.0,61.85500000000001,0.03568639978766441,bmm
,4,4x38x100x25,12.0,1005.0,59.0,61.85500000000001,0.03068160004913807,bmm
,21,21x47x68x50,12.0,1005.0,59.0,61.85500000000001,0.02457600086927414,bmm
,21,21x55x68x55,12.0,1005.0,59.0,61.85500000000001,0.02457600086927414,bmm
,9,9x54x87x53,12.0,1005.0,59.0,61.85500000000001,0.028147200122475624,bmm
,32,32x53x87x110,12.0,1005.0,59.0,61.85500000000001,0.02855679988861084,bmm
,22,22x37x95x109,12.0,1005.0,59.0,61.85500000000001,0.029689600691199303,bmm
,29,29x59x86x117,4.0,1005.0,64.0,90.09099999999995,0.02839679978787899,bmm
,5,5x54x86x225,4.0,1005.0,64.0,90.09099999999995,0.028140800446271895,bmm
,17,17x51x103x189,4.0,1005.0,64.0,90.09099999999995,0.03126399964094162,bmm
,11,11x51x75x250,4.0,1005.0,64.0,90.09099999999995,0.026623999699950218,bmm
,29,29x62x98x372,4.0,1005.0,64.0,90.09099999999995,0.05427199974656105,bmm
,26,26x35x129x332,4.0,1005.0,64.0,90.09099999999995,0.037676801532506944,bmm
,6,6x57x115x423,4.0,1005.0,64.0,90.09099999999995,0.03481600061058998,bmm
,32,32x63x69x689,4.0,1005.0,64.0,90.09099999999995,0.05939200147986412,bmm
,18,18x64x77x746,4.0,1005.0,64.0,90.09099999999995,0.0445375993847847,bmm
,20,20x65x116x651,4.96,1005.0,64.96,106.5828,0.06040320172905922,bmm
,8,8x34x190x24,6.0,1005.0,66.0,121.80600000000003,0.047788800299167634,bmm
,15,15x46x197x27,6.0,1005.0,66.0,121.80600000000003,0.04915200173854828,bmm
,14,14x62x206x26,6.0,1005.0,66.0,121.80600000000003,0.05168000012636185,bmm
,16,16x36x232x53,6.0,1005.0,66.0,121.80600000000003,0.056249599903821945,bmm
,12,12x51x153x63,6.0,1005.0,66.0,121.80600000000003,0.0425087995827198,bmm
,31,31x36x147x63,6.0,1005.0,66.0,121.80600000000003,0.040095999091863635,bmm
,6,6x64x214x87,6.0,1005.0,66.0,121.80600000000003,0.05374080017209053,bmm
,25,25x33x138x90,6.0,1005.0,66.0,121.80600000000003,0.03891199827194214,bmm
,5,5x35x205x102,6.0,1005.0,66.0,121.80600000000003,0.05119999870657921,bmm
,33,33x43x160x222,7.0,1005.0,68.0,125.89600000000004,0.04198399931192398,bmm
,14,14x33x206x236,7.0,1005.0,68.0,125.89600000000004,0.05119999870657921,bmm
,27,27x51x170x139,7.0,1005.0,68.0,125.89600000000004,0.046028800308704376,bmm
,15,15x62x204x392,7.0,1005.0,68.0,125.89600000000004,0.05222399905323982,bmm
,23,23x61x197x304,7.0,1005.0,68.0,125.89600000000004,0.05119999870657921,bmm
,7,7x59x252x481,7.0,1005.0,68.0,125.89600000000004,0.06206720024347305,bmm
,22,22x39x239x767,7.0,1005.0,68.0,125.89600000000004,0.10722559839487075,bmm
,4,4x65x186x900,7.0,1005.0,68.0,125.89600000000004,0.04915200173854828,bmm
,3,3x33x152x824,7.0,1005.0,68.0,125.89600000000004,0.03993599861860275,bmm
,22,22x55x406x24,7.0,1005.0,68.0,125.89600000000004,0.09113600105047226,bmm
,7,7x59x280x8,7.0,1005.0,69.0,127.36099999999999,0.06552319973707199,bmm
,25,25x59x384x18,7.0,1005.0,69.0,127.36099999999999,0.08601599931716919,bmm
,12,12x65x422x40,7.0,1005.0,69.0,127.36099999999999,0.09523200243711472,bmm
,17,17x42x288x51,7.0,1005.0,69.0,127.36099999999999,0.06656000018119812,bmm
,1,1x49x360x61,7.0,1005.0,69.0,127.36099999999999,0.018432000651955605,bmm
,9,9x43x387x65,7.0,1005.0,69.0,127.36099999999999,0.08803199976682663,bmm
,11,11x59x463x76,7.0,1005.0,69.0,127.36099999999999,0.10342399775981903,bmm
,21,21x57x315x114,7.0,1005.0,69.0,127.36099999999999,0.07474560290575027,bmm
,1,1x37x364x183,7.0,1005.0,69.0,127.36099999999999,0.013632000051438808,bmm
,15,15x49x465x228,7.0,1005.0,69.0,127.36099999999999,0.10547199845314026,bmm
,6,6x51x481x226,5.0,1005.0,70.0,127.77100000000004,0.10846719890832901,bmm
,26,26x38x413x364,5.0,1005.0,70.0,127.77100000000004,0.09368960112333298,bmm
,17,17x39x358x506,5.0,1005.0,70.0,127.77100000000004,0.0826815977692604,bmm
,28,28x43x259x417,5.0,1005.0,70.0,127.77100000000004,0.1166784018278122,bmm
,18,18x41x357x782,5.0,1005.0,70.0,127.77100000000004,0.15360000729560852,bmm
,33,33x65x303x919,5.0,1005.0,70.0,127.77100000000004,0.2549760043621063,bmm
,15,15x37x392x891,5.0,1005.0,70.0,127.77100000000004,0.16580479741096496,bmm
,24,24x37x770x25,5.0,1005.0,70.0,127.77100000000004,0.16179199516773224,bmm
,10,10x44x674x24,8.96,1005.0,70.4,128.68100000000007,0.14336000382900238,bmm
,9,9x65x553x10,14.0,1005.0,71.0,129.52100000000007,0.1216063991189003,bmm
,12,12x65x783x43,14.0,1005.0,71.0,129.52100000000007,0.1669120043516159,bmm
,33,33x40x608x63,14.0,1005.0,71.0,129.52100000000007,0.130048006772995,bmm
,15,15x38x803x59,14.0,1005.0,71.0,129.52100000000007,0.16928000450134278,bmm
,28,28x56x795x115,14.0,1005.0,71.0,129.52100000000007,0.17121280431747438,bmm
,14,14x65x923x108,14.0,1005.0,71.0,129.52100000000007,0.3123199939727783,bmm
,26,26x51x571x87,14.0,1005.0,71.0,129.52100000000007,0.20008319914340972,bmm
,26,26x55x917x232,14.0,1005.0,71.0,129.52100000000007,0.3106560051441193,bmm
,33,33x39x587x257,21.0,630.0,70.0,125.16800000000008,0.4073472023010254,bmm
,5,5x57x738x187,21.0,630.0,70.0,125.16800000000008,0.26603519916534424,bmm
,18,18x44x707x512,21.0,630.0,70.0,125.16800000000008,0.2539519965648651,bmm
,31,31x56x835x509,21.0,630.0,70.0,125.16800000000008,0.5871616005897522,bmm
,30,30x53x521x263,21.0,630.0,70.0,125.16800000000008,0.3762176036834717,bmm
,14,14x59x894x886,21.0,630.0,70.0,125.16800000000008,0.6246399879455566,bmm
,12,12x59x1024x650,21.0,630.0,70.0,125.16800000000008,0.6037504076957703,bmm
,24,24x56x776x865,26.0,570.0,69.0,111.25700000000005,1.4008320093154907,bmm
,10,10x86x22x27,26.0,570.0,69.0,111.25700000000005,0.026623999699950218,bmm
,11,11x88x2x9,26.0,570.0,69.0,111.25700000000005,0.020479999482631683,bmm
,10,10x75x25x20,26.0,570.0,69.0,111.25700000000005,0.028672000393271446,bmm
,12,12x123x28x52,26.0,570.0,69.0,111.25700000000005,0.02969600073993206,bmm
,31,31x66x32x63,26.0,570.0,69.0,111.25700000000005,0.02969600073993206,bmm
,17,17x75x28x48,26.0,570.0,69.0,111.25700000000005,0.030719999223947525,bmm
,2,2x84x4x67,26.0,570.0,69.0,111.25700000000005,0.021503999829292297,bmm
,32,32x112x30x69,26.0,570.0,69.0,111.25700000000005,0.030719999223947525,bmm
,29,29x96x3x90,5.0,540.0,64.0,82.21900000000004,0.021503999829292297,bmm
,14,14x79x16x240,5.0,540.0,64.0,82.21900000000004,0.025599999353289604,bmm
,6,6x108x4x144,5.0,540.0,64.0,82.21900000000004,0.02314240038394928,bmm
,32,32x121x19x254,5.0,540.0,64.0,82.21900000000004,0.03276799991726875,bmm
,12,12x67x24x379,5.0,540.0,64.0,82.21900000000004,0.030515199527144432,bmm
,3,3x90x7x505,5.0,540.0,64.0,82.21900000000004,0.02457600086927414,bmm
,24,24x118x24x286,5.0,540.0,64.0,82.21900000000004,0.03276799991726875,bmm
,23,23x123x28x619,5.0,540.0,64.0,82.21900000000004,0.1361919969320297,bmm
,17,17x111x29x971,5.0,540.0,64.0,82.21900000000004,0.14336000084877015,bmm
,7,7x69x30x877,12.0,435.0,61.0,62.41599999999996,0.03686400130391121,bmm
,7,7x103x35x25,12.0,435.0,61.0,62.41599999999996,0.042393599450588224,bmm
,33,33x93x42x4,12.0,435.0,61.0,62.41599999999996,0.04648960083723068,bmm
,6,6x116x65x28,12.0,435.0,61.0,62.41599999999996,0.05898240134119988,bmm
,28,28x111x55x45,12.0,435.0,61.0,62.41599999999996,0.05119999870657921,bmm
,4,4x96x42x51,12.0,435.0,61.0,62.41599999999996,0.050175998359918594,bmm
,3,3x97x43x36,12.0,435.0,61.0,62.41599999999996,0.050175998359918594,bmm
,33,33x77x53x127,12.0,435.0,61.0,62.41599999999996,0.055296000093221664,bmm
,23,23x103x48x129,12.0,435.0,61.0,62.41599999999996,0.050175998359918594,bmm
,10,10x119x52x107,8.0,375.0,59.0,57.10699999999998,0.06000640168786049,bmm
,10,10x68x53x234,8.0,375.0,59.0,57.10699999999998,0.05939200147986412,bmm
,6,6x126x41x257,8.0,375.0,59.0,57.10699999999998,0.055296000093221664,bmm
,13,13x91x37x174,8.0,375.0,59.0,57.10699999999998,0.05222399905323982,bmm
,16,16x115x35x455,8.0,375.0,59.0,57.10699999999998,0.055296000093221664,bmm
,33,33x79x44x326,8.0,375.0,59.0,57.10699999999998,0.09216000139713287,bmm
,29,29x111x38x453,8.0,375.0,59.0,57.10699999999998,0.13168639838695526,bmm
,19,19x88x40x647,8.0,375.0,59.0,57.10699999999998,0.08294399827718735,bmm
,1,1x96x50x725,6.0,315.0,57.0,56.02999999999998,0.026623999699950218,bmm
,19,19x87x62x881,6.0,315.0,57.0,56.02999999999998,0.16486400067806245,bmm
,14,14x91x72x7,6.0,315.0,57.0,56.02999999999998,0.07966719716787338,bmm
,8,8x68x124x8,6.0,315.0,57.0,56.02999999999998,0.11980800330638885,bmm
,1,1x79x107x22,6.0,315.0,57.0,56.02999999999998,0.03379200026392937,bmm
,4,4x103x105x34,6.0,315.0,57.0,56.02999999999998,0.11018240004777909,bmm
,18,18x117x76x64,6.0,315.0,57.0,56.02999999999998,0.09523200243711472,bmm
,33,33x84x89x54,6.0,315.0,57.0,56.02999999999998,0.10629119873046874,bmm
,30,30x70x78x104,6.0,315.0,57.0,56.02999999999998,0.0942080020904541,bmm
,1,1x78x91x109,6.0,315.0,57.0,56.02999999999998,0.03481600061058998,bmm
,25,25x71x76x119,13.0,270.0,56.0,55.059999999999974,0.09932799637317657,bmm
,31,31x94x93x165,13.0,270.0,56.0,55.059999999999974,0.11366400122642517,bmm
,19,19x109x81x155,13.0,270.0,56.0,55.059999999999974,0.10751999914646149,bmm
,28,28x120x108x189,13.0,270.0,56.0,55.059999999999974,0.1411072015762329,bmm
,4,4x76x92x328,13.0,270.0,56.0,55.059999999999974,0.11878400295972824,bmm
,33,33x116x81x407,13.0,270.0,56.0,55.059999999999974,0.41738239526748655,bmm
,14,14x87x125x328,13.0,270.0,56.0,55.059999999999974,0.14643199741840363,bmm
,9,9x118x123x948,13.0,270.0,56.0,55.059999999999974,0.2744320034980774,bmm
,3,3x69x126x890,28.0,240.0,54.0,52.596,0.1454080045223236,bmm
,30,30x125x107x944,28.0,240.0,54.0,52.596,1.093017578125,bmm
,9,9x129x148x18,28.0,240.0,54.0,52.596,0.17592320144176482,bmm
,3,3x108x150x10,28.0,240.0,54.0,52.596,0.17551360428333282,bmm
,31,31x103x250x15,28.0,240.0,54.0,52.596,0.26603519916534424,bmm
,22,22x99x197x39,28.0,240.0,54.0,52.596,0.21995519399642943,bmm
,23,23x93x201x49,28.0,240.0,54.0,52.596,0.22671359777450562,bmm
,30,30x74x245x50,28.0,240.0,54.0,52.596,0.2611199915409088,bmm
,32,32x90x229x87,24.0,225.0,53.0,50.707000000000015,0.2525183916091919,bmm
,10,10x65x138x114,24.0,225.0,53.0,50.707000000000015,0.16814079880714417,bmm
,22,22x103x231x72,24.0,225.0,53.0,50.707000000000015,0.24883200228214264,bmm
,6,6x121x177x164,24.0,225.0,53.0,50.707000000000015,0.20643839836120606,bmm
,26,26x80x183x246,24.0,225.0,53.0,50.707000000000015,0.35471359491348264,bmm
,30,30x86x145x156,24.0,225.0,53.0,50.707000000000015,0.1802240014076233,bmm
,5,5x80x199x329,24.0,225.0,53.0,50.707000000000015,0.21913599967956543,bmm
,12,12x76x201x470,24.0,225.0,53.0,50.707000000000015,0.26685439348220824,bmm
,1,1x95x178x317,24.0,210.0,53.0,50.558,0.052838399261236194,bmm
,24,24x101x182x958,24.0,210.0,53.0,50.558,1.1479040145874024,bmm
,13,13x106x187x625,24.0,210.0,53.0,50.558,0.42926080226898194,bmm
,12,12x114x224x652,24.0,210.0,53.0,50.558,0.477593594789505,bmm
,22,22x93x408x11,24.0,210.0,53.0,50.558,0.37662720680236816,bmm
,10,10x65x470x3,24.0,210.0,53.0,50.558,0.42967039346694946,bmm
,19,19x95x303x2,24.0,210.0,53.0,50.558,0.29183998703956604,bmm
,3,3x102x475x50,25.0,240.0,52.0,50.622,0.4423680007457733,bmm
,14,14x82x428x48,25.0,240.0,52.0,50.622,0.40120319128036497,bmm
,33,33x80x497x51,25.0,240.0,52.0,50.622,0.5220352053642273,bmm
,32,32x84x361x67,25.0,240.0,52.0,50.622,0.4257791996002197,bmm
,21,21x127x484x123,25.0,240.0,52.0,50.622,0.5744639873504639,bmm
,19,19x88x346x84,25.0,240.0,52.0,50.622,0.33484798669815063,bmm
,29,29x85x411x160,25.0,240.0,52.0,50.622,0.5679104089736938,bmm
,8,8x126x277x164,40.0,240.0,52.0,50.914999999999985,0.2758656024932861,bmm
,29,29x76x458x178,40.0,240.0,52.0,50.914999999999985,0.6367232084274292,bmm
,6,6x92x484x469,40.0,240.0,52.0,50.914999999999985,0.5355520009994507,bmm
,27,27x99x469x346,40.0,240.0,52.0,50.914999999999985,0.9625600099563598,bmm
,17,17x103x498x320,40.0,240.0,52.0,50.914999999999985,0.7055360078811646,bmm
,24,24x67x389x679,44.68,240.0,52.0,51.00808000000003,1.1481088399887085,bmm
,33,33x89x350x609,49.0,240.0,52.0,51.09400000000002,1.6480255842208862,bmm
,11,11x78x368x671,49.0,240.0,52.0,51.09400000000002,0.573849618434906,bmm
,22,22x87x824x2,49.0,240.0,52.0,51.09400000000002,0.5971968173980713,bmm
,3,3x90x623x3,49.0,240.0,52.0,51.09400000000002,0.37560319900512695,bmm
,6,6x83x797x23,49.0,240.0,52.0,51.09400000000002,0.16998399794101715,bmm
,31,31x111x702x61,49.0,362.4,52.0,51.09400000000002,0.1525759994983673,bmm
,19,19x70x597x53,14.0,1005.0,52.0,56.35500000000001,0.130048006772995,bmm
,1,1x127x620x58,14.0,1005.0,52.0,56.35500000000001,0.014336000196635723,bmm
,28,28x128x798x99,14.0,1005.0,52.0,56.35500000000001,0.17298560440540314,bmm
,7,7x71x582x128,14.0,1005.0,52.0,56.35500000000001,0.12785920202732087,bmm
,2,2x69x953x80,14.0,1005.0,52.0,56.35500000000001,0.2022399991750717,bmm
,32,32x79x1015x249,14.0,1005.0,52.0,56.35500000000001,0.2150079995393753,bmm
,2,2x108x902x153,14.0,1005.0,52.0,56.35500000000001,0.19251200556755066,bmm
,2,2x106x551x246,14.0,1005.0,52.0,56.35500000000001,0.12185599654912949,bmm
,33,33x108x683x410,14.0,1005.0,52.0,56.35500000000001,0.28467199206352234,bmm
,5,5x125x950x364,10.0,1005.0,58.0,88.625,0.20368639826774598,bmm
,30,30x99x957x287,10.0,1005.0,58.0,88.625,0.39111679792404175,bmm
,17,17x95x928x757,10.0,1005.0,58.0,88.625,0.37785598635673523,bmm
,17,17x100x693x556,10.0,1005.0,58.0,88.625,0.28672000765800476,bmm
,17,17x128x605x756,10.0,1005.0,58.0,88.625,0.25386239886283873,bmm
,32,32x224x8x21,10.0,1005.0,58.0,88.625,0.011264000087976456,bmm
,24,24x160x16x29,10.0,1005.0,58.0,88.625,0.013311999849975109,bmm
,32,32x249x27x22,10.0,1005.0,58.0,88.625,0.016921599954366685,bmm
,26,26x180x20x53,10.0,1005.0,58.0,88.625,0.015359999611973763,bmm
,27,27x223x12x58,3.0,1005.0,62.0,122.38700000000003,0.014035200141370297,bmm
,24,24x172x8x33,3.0,1005.0,62.0,122.38700000000003,0.011916800029575824,bmm
,13,13x236x12x117,3.0,1005.0,62.0,122.38700000000003,0.014246400073170662,bmm
,25,25x237x17x74,3.0,1005.0,62.0,122.38700000000003,0.015359999611973763,bmm
,3,3x174x17x86,3.0,1005.0,62.0,122.38700000000003,0.015359999611973763,bmm
,24,24x239x19x196,3.0,1005.0,62.0,122.38700000000003,0.023552000522613525,bmm
,17,17x170x30x240,3.0,1005.0,62.0,122.38700000000003,0.01740800030529499,bmm
,11,11x198x14x130,3.0,1005.0,62.0,122.38700000000003,0.014336000196635723,bmm
,6,6x246x31x489,3.0,1005.0,62.0,122.38700000000003,0.018432000651955605,bmm
,17,17x174x16x461,3.0,1005.0,62.0,122.38700000000003,0.02225920036435127,bmm
,24,24x180x32x485,4.0,1005.0,64.0,125.71399999999996,0.037030401080846785,bmm
,10,10x255x6x810,4.0,1005.0,64.0,125.71399999999996,0.020479999482631683,bmm
,33,33x237x27x609,4.0,1005.0,64.0,125.71399999999996,0.05931520089507103,bmm
,21,21x245x29x784,4.0,1005.0,64.0,125.71399999999996,0.04915200173854828,bmm
,26,26x253x52x24,4.0,1005.0,64.0,125.71399999999996,0.021503999829292297,bmm
,13,13x151x52x30,4.0,1005.0,64.0,125.71399999999996,0.021503999829292297,bmm
,4,4x214x33x7,4.0,1005.0,64.0,125.71399999999996,0.018432000651955605,bmm
,18,18x235x63x40,4.0,1005.0,64.0,125.71399999999996,0.023552000522613525,bmm
,9,9x204x57x59,4.0,1005.0,64.0,125.71399999999996,0.023552000522613525,bmm
,16,16x182x36x34,4.0,1005.0,64.0,125.71399999999996,0.018432000651955605,bmm
,22,22x219x35x99,3.0,1005.0,65.0,123.95600000000002,0.019065599888563156,bmm
,29,29x256x39x84,3.0,1005.0,65.0,123.95600000000002,0.018777600303292275,bmm
,24,24x235x56x96,3.0,1005.0,65.0,123.95600000000002,0.021503999829292297,bmm
,21,21x231x43x240,3.0,1005.0,65.0,123.95600000000002,0.032684799283742905,bmm
,14,14x242x55x232,3.0,1005.0,65.0,123.95600000000002,0.022496000304818152,bmm
,17,17x190x52x237,3.0,1005.0,65.0,123.95600000000002,0.053247999399900436,bmm
,23,23x205x51x328,3.0,1005.0,65.0,123.95600000000002,0.14233600199222565,bmm
,31,31x183x61x296,3.0,1005.0,65.0,123.95600000000002,0.20295679569244385,bmm
,14,14x245x63x273,3.0,1005.0,65.0,123.95600000000002,0.09011200070381165,bmm
,32,32x136x42x658,13.0,420.0,64.0,112.058,0.32849920392036436,bmm
,22,22x225x63x648,13.0,420.0,64.0,112.058,0.33320959806442263,bmm
,11,11x135x52x639,13.0,420.0,64.0,112.058,0.09134080111980439,bmm
,26,26x140x127x2,13.0,420.0,64.0,112.058,0.09318400174379349,bmm
,6,6x168x104x27,13.0,420.0,64.0,112.058,0.07884799689054489,bmm
,4,4x180x95x16,13.0,420.0,64.0,112.058,0.07577600330114365,bmm
,16,16x161x103x59,13.0,420.0,64.0,112.058,0.08806400001049042,bmm
,4,4x252x99x49,13.0,420.0,64.0,112.058,0.08806400001049042,bmm
,33,33x210x108x49,11.0,345.0,61.0,84.93100000000003,0.09318400174379349,bmm
,32,32x229x75x74,11.0,345.0,61.0,84.93100000000003,0.07372800260782242,bmm
,2,2x200x110x89,11.0,345.0,61.0,84.93100000000003,0.09625600278377533,bmm
,32,32x172x89x87,11.0,345.0,61.0,84.93100000000003,0.0870399996638298,bmm
,27,27x199x80x248,11.0,345.0,61.0,84.93100000000003,0.1583103984594345,bmm
,28,28x148x96x179,11.0,345.0,61.0,84.93100000000003,0.14950400590896606,bmm
,4,4x214x95x147,11.0,345.0,61.0,84.93100000000003,0.09093120098114013,bmm
,5,5x155x72x283,11.0,345.0,61.0,84.93100000000003,0.0745472028851509,bmm
,13,13x156x78x263,11.0,345.0,61.0,84.93100000000003,0.08499199897050858,bmm
,33,33x220x104x331,12.0,315.0,58.0,61.28600000000004,0.3577855944633484,bmm
,13,13x146x108x706,12.0,315.0,58.0,61.28600000000004,0.21749760210514069,bmm
,30,30x183x95x1005,12.0,315.0,58.0,61.28600000000004,0.6940672039985657,bmm
,24,24x140x68x716,12.0,315.0,58.0,61.28600000000004,0.3258367955684662,bmm
,25,25x157x215x14,12.0,315.0,58.0,61.28600000000004,0.18370559811592102,bmm
,28,28x191x140x13,12.0,315.0,58.0,61.28600000000004,0.132915198802948,bmm
,24,24x256x247x12,12.0,315.0,58.0,61.28600000000004,0.22220799326896667,bmm
,28,28x225x169x56,12.0,315.0,58.0,61.28600000000004,0.16998399794101715,bmm
,24,24x256x210x50,17.0,270.0,57.0,59.555,0.20479999482631683,bmm
,8,8x147x221x35,17.0,270.0,57.0,59.555,0.21278719902038573,bmm
,1,1x249x167x115,17.0,270.0,57.0,59.555,0.04608000069856644,bmm
,2,2x224x164x81,17.0,270.0,57.0,59.555,0.16998399794101715,bmm
,26,26x226x181x115,17.0,270.0,57.0,59.555,0.38379520177841187,bmm
,13,13x146x227x201,17.0,270.0,57.0,59.555,0.24084480106830597,bmm
,31,31x146x228x181,17.0,270.0,57.0,59.555,0.549888014793396,bmm
,26,26x192x213x254,19.64,266.4,56.76,59.16223999999998,0.5724160075187683,bmm
,12,12x153x229x279,39.0,240.0,55.0,56.28199999999999,0.26542080044746397,bmm
,11,11x193x182x279,39.0,240.0,55.0,56.28199999999999,0.20418559908866882,bmm
,32,32x247x146x299,39.0,240.0,55.0,56.28199999999999,0.8624128103256226,bmm
,18,18x168x241x879,39.0,240.0,55.0,56.28199999999999,1.2404736280441284,bmm
,24,24x190x180x606,39.0,240.0,55.0,56.28199999999999,1.0928127765655518,bmm
,13,13x182x230x951,46.0,225.0,54.0,52.615,0.9947136044502258,bmm
,18,18x223x279x5,46.0,225.0,54.0,52.615,0.24371199309825897,bmm
,22,22x133x486x25,46.0,225.0,54.0,52.615,0.4657151997089386,bmm
,13,13x167x449x14,46.0,225.0,54.0,52.615,0.32153600454330444,bmm
,4,4x192x370x57,46.0,225.0,54.0,52.615,0.27279359102249146,bmm
,33,33x149x475x62,46.0,225.0,54.0,52.615,0.6033408045768738,bmm
,25,25x171x498x61,41.0,315.0,53.0,53.41599999999997,0.561356782913208,bmm
,19,19x225x503x74,41.0,315.0,53.0,53.41599999999997,0.5736448049545289,bmm
,32,32x207x293x117,41.0,315.0,53.0,53.41599999999997,0.6004735827445984,bmm
,31,31x137x442x68,41.0,315.0,53.0,53.41599999999997,0.5582848191261292,bmm
,28,28x193x411x257,41.0,315.0,53.0,53.41599999999997,1.2347391843795776,bmm
,5,5x235x470x202,41.0,315.0,53.0,53.41599999999997,0.30720001459121704,bmm
,12,12x178x389x233,41.0,315.0,53.0,53.41599999999997,0.4468735933303833,bmm
,1,1x144x393x260,22.0,345.0,53.0,54.440000000000026,0.053247999399900436,bmm
,26,26x225x286x439,22.0,345.0,53.0,54.440000000000026,1.2560384035110475,bmm
,21,21x133x441x280,22.0,345.0,53.0,54.440000000000026,0.7569407939910888,bmm
,32,32x151x411x991,22.0,345.0,53.0,54.440000000000026,1.501798391342163,bmm
,15,15x194x500x639,22.0,345.0,53.0,54.440000000000026,0.5367807984352112,bmm
,8,8x151x431x705,39.0,510.0,54.0,57.20800000000001,0.3219456076622009,bmm
,26,26x131x984x21,39.0,510.0,54.0,57.20800000000001,0.4421631991863251,bmm
,32,32x203x898x4,39.0,510.0,54.0,57.20800000000001,0.44154879450798035,bmm
,26,26x229x586x19,39.0,510.0,54.0,57.20800000000001,0.3069952130317688,bmm
,14,14x179x522x56,39.0,510.0,54.0,57.20800000000001,0.24842239916324615,bmm
,26,26x191x547x40,39.0,510.0,54.0,57.20800000000001,0.28815358877182007,bmm
,8,8x254x743x34,39.0,510.0,54.0,57.20800000000001,0.3317759931087494,bmm
,32,32x145x640x91,29.0,630.0,53.0,60.02099999999998,0.42844160199165343,bmm
,33,33x205x885x86,29.0,630.0,53.0,60.02099999999998,0.6090751886367798,bmm
,13,13x165x819x92,29.0,630.0,53.0,60.02099999999998,0.3715071976184845,bmm
,10,10x181x585x197,29.0,630.0,53.0,60.02099999999998,0.2838528037071228,bmm
,22,22x151x884x214,29.0,630.0,53.0,60.02099999999998,0.638975989818573,bmm
,19,19x198x614x141,29.0,630.0,53.0,60.02099999999998,0.35696640610694885,bmm
,24,24x192x941x491,32.12,630.0,53.0,60.07068,1.401036787033081,bmm
,5,5x190x608x341,42.0,630.0,53.0,60.228,0.26378239393234254,bmm
,16,16x139x972x343,42.0,630.0,53.0,60.228,0.6862847805023193,bmm
,19,19x205x1007x813,42.0,630.0,53.0,60.228,1.6418815851211548,bmm
,7,7x130x871x703,42.0,630.0,53.0,60.228,0.5732352137565613,bmm
,15,15x249x917x896,42.0,630.0,53.0,60.228,1.4311424016952514,bmm
,13,13x402x3x9,65.0,825.0,54.0,64.41000000000003,0.016383999958634377,bmm
,25,25x324x8x7,65.0,825.0,54.0,64.41000000000003,0.016383999958634377,bmm
,6,6x476x16x10,65.0,825.0,54.0,64.41000000000003,0.018022400513291358,bmm
,8,8x324x26x35,65.0,825.0,54.0,64.41000000000003,0.02252800017595291,bmm
,4,4x475x4x52,65.0,825.0,54.0,64.41000000000003,0.01720320023596287,bmm
,31,31x400x7x60,65.0,825.0,54.0,64.41000000000003,0.02252800017595291,bmm
,14,14x453x6x78,65.0,825.0,54.0,64.41000000000003,0.016998400166630744,bmm
,27,27x386x23x111,65.0,825.0,54.0,64.41000000000003,0.030719999223947525,bmm
,32,32x295x11x121,65.0,825.0,54.0,64.41000000000003,0.02744319997727871,bmm
,19,19x394x8x172,65.0,825.0,54.0,64.41000000000003,0.0708608016371727,bmm
,21,21x299x17x163,9.0,825.0,53.0,62.189000000000014,0.03256319984793663,bmm
,15,15x423x18x181,9.0,825.0,53.0,62.189000000000014,0.030719999223947525,bmm
,12,12x401x2x415,9.0,825.0,53.0,62.189000000000014,0.12984320521354675,bmm
,25,25x267x8x263,9.0,825.0,53.0,62.189000000000014,0.11141120046377181,bmm
,20,20x426x31x336,9.0,825.0,53.0,62.189000000000014,0.2121728003025055,bmm
,25,25x332x23x806,9.0,825.0,53.0,62.189000000000014,0.4943872094154358,bmm
,10,10x348x28x855,9.0,825.0,53.0,62.189000000000014,0.20479999780654906,bmm
,10,10x456x29x1002,9.0,825.0,53.0,62.189000000000014,0.31989759802818296,bmm
,22,22x327x48x25,33.0,825.0,52.0,57.550999999999995,0.026419199630618097,bmm
,9,9x313x36x23,33.0,825.0,52.0,57.550999999999995,0.02457600086927414,bmm
,24,24x284x39x5,33.0,825.0,52.0,57.550999999999995,0.02457600086927414,bmm
,31,31x467x54x61,33.0,825.0,52.0,57.550999999999995,0.055296000093221664,bmm
,15,15x473x43x50,33.0,825.0,52.0,57.550999999999995,0.026623999699950218,bmm
,4,4x447x60x45,33.0,825.0,52.0,57.550999999999995,0.030719999223947525,bmm
,13,13x273x48x99,33.0,825.0,52.0,57.550999999999995,0.026623999699950218,bmm
,23,23x323x39x107,33.0,825.0,52.0,57.550999999999995,0.026623999699950218,bmm
,10,10x339x65x108,33.0,825.0,52.0,57.550999999999995,0.03276799991726875,bmm
,20,20x301x64x153,33.0,825.0,52.0,57.550999999999995,0.0520191989839077,bmm
,29,29x328x40x253,8.0,825.0,52.0,55.48900000000001,0.1908735990524292,bmm
,4,4x382x33x168,8.0,825.0,52.0,55.48900000000001,0.024780800566077232,bmm
,12,12x312x58x478,8.0,825.0,52.0,55.48900000000001,0.14008319973945618,bmm
,14,14x420x35x451,8.0,825.0,52.0,55.48900000000001,0.4098048031330109,bmm
,26,26x298x52x488,8.0,825.0,52.0,55.48900000000001,0.7272447943687439,bmm
,28,28x438x57x523,8.0,825.0,52.0,55.48900000000001,1.2187648057937621,bmm
,9,9x487x39x550,43.72,517.2,52.0,55.15535999999997,0.36331520080566404,bmm
,32,32x490x59x933,55.0,420.0,52.0,55.049999999999976,1.2476415872573852,bmm
,7,7x301x78x6,55.0,420.0,52.0,55.049999999999976,0.05632000043988228,bmm
,31,31x320x109x30,55.0,420.0,52.0,55.049999999999976,0.12083200365304947,bmm
,10,10x448x105x22,55.0,420.0,52.0,55.049999999999976,0.06963200122117996,bmm
,7,7x321x129x40,55.0,420.0,52.0,55.049999999999976,0.08089599758386612,bmm
,30,30x440x88x48,55.0,420.0,52.0,55.049999999999976,0.12984320521354675,bmm
,10,10x401x98x44,55.0,420.0,52.0,55.049999999999976,0.06758400052785873,bmm
,21,21x487x85x88,14.0,480.0,51.0,55.02999999999998,0.11427840143442154,bmm
,14,14x443x79x92,14.0,480.0,51.0,55.02999999999998,0.05734400078654289,bmm
,33,33x461x89x97,14.0,480.0,51.0,55.02999999999998,0.21790720522403717,bmm
,28,28x359x110x224,14.0,480.0,51.0,55.02999999999998,0.3403775990009308,bmm
,23,23x382x74x184,14.0,480.0,51.0,55.02999999999998,0.16322560012340545,bmm
,14,14x368x78x200,14.0,480.0,51.0,55.02999999999998,0.09666560292243957,bmm
,11,11x424x114x378,14.0,480.0,51.0,55.02999999999998,0.19353599846363068,bmm
,20,20x397x105x434,14.0,480.0,51.0,55.02999999999998,0.40878079533576966,bmm
,9,9x310x106x480,19.04,480.0,51.0,55.33016000000001,0.16486400067806245,bmm
,18,18x344x82x984,23.0,480.0,51.0,55.566000000000024,0.6045696139335632,bmm
,19,19x299x110x761,23.0,480.0,51.0,55.566000000000024,0.5046272039413452,bmm
,20,20x489x84x621,23.0,480.0,51.0,55.566000000000024,0.5976063966751098,bmm
,7,7x313x190x2,23.0,480.0,51.0,55.566000000000024,0.10342399775981903,bmm
,28,28x427x142x29,23.0,480.0,51.0,55.566000000000024,0.1841152012348175,bmm
,16,16x313x185x8,23.0,480.0,51.0,55.566000000000024,0.10342399775981903,bmm
,11,11x361x217x51,23.0,480.0,51.0,55.566000000000024,0.11776000261306763,bmm
,1,1x499x238x54,23.0,480.0,51.0,55.566000000000024,0.03461120054125786,bmm
,15,15x342x166x39,12.0,480.0,51.0,56.04700000000002,0.0942080020904541,bmm
,8,8x395x134x83,12.0,480.0,51.0,56.04700000000002,0.08089599758386612,bmm
,12,12x392x218x107,12.0,480.0,51.0,56.04700000000002,0.14745600521564484,bmm
,30,30x333x203x85,12.0,480.0,51.0,56.04700000000002,0.2607104003429413,bmm
,23,23x257x141x193,12.0,480.0,51.0,56.04700000000002,0.17940479815006255,bmm
,16,16x454x237x231,12.0,480.0,51.0,56.04700000000002,0.30187520384788513,bmm
,20,20x493x175x225,12.0,480.0,51.0,56.04700000000002,0.3321855962276459,bmm
,6,6x328x206x381,12.0,480.0,51.0,56.04700000000002,0.17448960542678832,bmm
,22,22x306x203x503,27.0,330.0,51.0,56.01,1.1200511932373047,bmm
,5,5x257x168x318,27.0,330.0,51.0,56.01,0.13312000036239624,bmm
,29,29x320x239x662,27.0,330.0,51.0,56.01,2.26529278755188,bmm
,7,7x494x235x948,27.0,330.0,51.0,56.01,0.9926656007766723,bmm
,1,1x338x220x1025,27.0,330.0,51.0,56.01,0.0870399996638298,bmm
,31,31x449x498x12,16.0,420.0,51.0,54.683,1.0430463552474976,bmm
,15,15x378x310x12,16.0,420.0,51.0,54.683,0.3196927964687347,bmm
,9,9x359x357x17,16.0,420.0,51.0,54.683,0.186982399225235,bmm
,27,27x293x431x44,16.0,420.0,51.0,54.683,0.313753604888916,bmm
,7,7x317x512x47,16.0,420.0,51.0,54.683,0.2467840015888214,bmm
,4,4x313x498x49,16.0,420.0,51.0,54.683,0.24330239593982697,bmm
,23,23x293x470x75,16.0,420.0,51.0,54.683,0.33689600229263306,bmm
,2,2x357x451x67,21.6,457.8,51.0,54.798199999999994,0.22220799326896667,bmm
,4,4x378x375x76,23.0,465.0,51.0,54.827,0.187391996383667,bmm
,16,16x406x323x230,23.0,465.0,51.0,54.827,0.3600383996963501,bmm
,33,33x310x284x217,23.0,465.0,51.0,54.827,0.6721535921096802,bmm
,8,8x267x512x137,23.0,465.0,51.0,54.827,0.2691071927547455,bmm
,25,25x351x477x283,23.0,465.0,51.0,54.827,0.8110080003738404,bmm
,28,28x390x340x452,23.0,465.0,51.0,54.827,1.0668031930923463,bmm
,1,1x320x414x421,46.0,480.0,51.0,56.901,0.04915200173854828,bmm
,21,21x289x482x697,46.0,480.0,51.0,56.901,1.200332760810852,bmm
,15,15x288x389x776,46.0,480.0,51.0,56.901,0.7946239829063415,bmm
,28,28x401x330x538,46.0,480.0,51.0,56.901,1.2345343828201294,bmm
,21,21x433x733x25,46.0,480.0,51.0,56.901,0.5330944061279297,bmm
,22,22x381x883x15,46.0,480.0,51.0,56.901,0.5378047823905945,bmm
,9,9x382x930x9,30.0,615.0,52.0,61.51800000000002,0.41963520646095276,bmm
,8,8x471x782x63,30.0,615.0,52.0,61.51800000000002,0.3753983974456787,bmm
,8,8x429x857x39,30.0,615.0,52.0,61.51800000000002,0.3979263961315155,bmm
,30,30x451x841x61,30.0,615.0,52.0,61.51800000000002,0.8939520120620728,bmm
,3,3x364x953x100,30.0,615.0,52.0,61.51800000000002,0.33628159761428833,bmm
,18,18x329x611x91,30.0,615.0,52.0,61.51800000000002,0.3848192036151886,bmm
,8,8x318x968x120,30.0,615.0,52.0,61.51800000000002,0.44584959745407104,bmm
,33,33x294x835x138,34.0,615.0,52.0,62.09200000000003,1.25665283203125,bmm
,32,32x401x647x179,34.0,615.0,52.0,62.09200000000003,1.090559959411621,bmm
,20,20x375x812x253,34.0,615.0,52.0,62.09200000000003,0.7759872078895569,bmm
,30,30x420x629x434,34.0,615.0,52.0,62.09200000000003,1.5312895774841309,bmm
,26,26x483x948x461,34.0,615.0,52.0,62.09200000000003,2.0813823699951173,bmm
,2,2x267x901x303,79.0,795.0,53.0,66.05099999999999,0.24616959691047668,bmm
,16,16x263x549x533,79.0,795.0,53.0,66.05099999999999,0.6932479977607727,bmm
,9,9x395x599x591,79.0,795.0,53.0,66.05099999999999,0.6619135737419128,bmm
,7,7x392x995x898,79.0,795.0,53.0,66.05099999999999,1.038540816307068,bmm
,29,29x742x2x26,79.0,795.0,53.0,66.05099999999999,0.024985600262880325,bmm
,26,26x997x15x4,79.0,795.0,53.0,66.05099999999999,0.02969600073993206,bmm
,21,21x985x31x33,79.0,795.0,53.0,66.05099999999999,0.03891199827194214,bmm
,11,11x1011x9x59,79.0,795.0,53.0,66.05099999999999,0.021503999829292297,bmm
,30,30x728x22x41,6.0,1005.0,54.0,68.25099999999999,0.03829759955406189,bmm
,7,7x575x30x43,6.0,1005.0,54.0,68.25099999999999,0.01945599913597107,bmm
,7,7x734x18x87,6.0,1005.0,54.0,68.25099999999999,0.01740800030529499,bmm
,31,31x513x21x74,6.0,1005.0,54.0,68.25099999999999,0.026623999699950218,bmm
,20,20x837x6x92,6.0,1005.0,54.0,68.25099999999999,0.0968704029917717,bmm
,14,14x708x25x224,6.0,1005.0,54.0,68.25099999999999,0.14991360008716584,bmm
,18,18x1003x26x140,6.0,1005.0,54.0,68.25099999999999,0.19640320539474487,bmm
,6,6x942x8x143,6.0,1005.0,54.0,68.25099999999999,0.020070399343967437,bmm
,13,13x664x18x299,6.0,1005.0,54.0,68.25099999999999,0.1720320016145706,bmm
,6,6x632x6x350,13.0,1005.0,52.0,59.76,0.07393280267715455,bmm
,25,25x806x12x399,13.0,1005.0,52.0,59.76,0.5328896045684814,bmm
,23,23x973x11x550,13.0,1005.0,52.0,59.76,0.8071168065071106,bmm
,3,3x631x12x999,13.0,1005.0,52.0,59.76,0.11960320323705673,bmm
,12,12x879x20x679,13.0,1005.0,52.0,59.76,0.473497599363327,bmm
,15,15x623x59x28,13.0,1005.0,52.0,59.76,0.025599999353289604,bmm
,30,30x918x43x30,13.0,1005.0,52.0,59.76,0.14417919814586638,bmm
,31,31x676x55x7,13.0,1005.0,52.0,59.76,0.05119999870657921,bmm
,26,26x586x55x64,10.0,1005.0,52.0,56.923999999999985,0.05877760127186775,bmm
,14,14x822x60x38,10.0,1005.0,52.0,56.923999999999985,0.040550398826599124,bmm
,30,30x597x55x39,10.0,1005.0,52.0,56.923999999999985,0.05939200147986412,bmm
,29,29x894x63x107,10.0,1005.0,52.0,56.923999999999985,0.3213312029838562,bmm
,3,3x637x64x123,10.0,1005.0,52.0,56.923999999999985,0.025599999353289604,bmm
,20,20x549x40x110,10.0,1005.0,52.0,56.923999999999985,0.03727360144257545,bmm
,5,5x847x56x138,10.0,1005.0,52.0,56.923999999999985,0.02396160066127777,bmm
,20,20x762x36x224,10.0,1005.0,52.0,56.923999999999985,0.27627519965171815,bmm
,27,27x645x50x197,10.0,1005.0,52.0,56.923999999999985,0.3196927964687347,bmm
,22,22x861x53x434,24.0,1005.0,52.0,56.98000000000001,0.6778879880905151,bmm
,20,20x811x53x488,24.0,1005.0,52.0,56.98000000000001,0.6449151873588562,bmm
,26,26x736x46x313,24.0,1005.0,52.0,56.98000000000001,0.5111808180809021,bmm
,32,32x988x51x973,24.0,1005.0,52.0,56.98000000000001,2.3244800567626953,bmm
,9,9x595x59x536,24.0,1005.0,52.0,56.98000000000001,0.2443263977766037,bmm
,13,13x843x41x813,23.04,940.2,52.0,57.507519999999985,0.6756351947784424,bmm
,5,5x520x69x27,20.0,735.0,52.0,59.177999999999976,0.03153919950127602,bmm
,29,29x951x80x7,20.0,735.0,52.0,59.177999999999976,0.19169280230998992,bmm
,32,32x763x98x22,20.0,735.0,52.0,59.177999999999976,0.2539519965648651,bmm
,11,11x825x125x61,20.0,735.0,52.0,59.177999999999976,0.09502720236778259,bmm
,26,26x1001x86x55,20.0,735.0,52.0,59.177999999999976,0.29839359521865844,bmm
,15,15x666x100x40,20.0,735.0,52.0,59.177999999999976,0.06901760101318359,bmm
,4,4x970x96x96,20.0,735.0,52.0,59.177999999999976,0.03686400130391121,bmm
,15,15x762x126x124,20.0,735.0,52.0,59.177999999999976,0.2013183981180191,bmm
,28,28x627x121x89,11.36,855.0,52.0,59.75976000000002,0.2760703921318054,bmm
,33,33x829x121x157,11.0,855.0,52.0,59.784000000000034,0.5814272165298462,bmm
,13,13x624x94x183,11.0,855.0,52.0,59.784000000000034,0.14295039772987367,bmm
,31,31x939x99x187,11.0,855.0,52.0,59.784000000000034,0.6479871869087219,bmm
,4,4x931x110x328,11.0,855.0,52.0,59.784000000000034,0.09953279793262482,bmm
,18,18x622x74x381,11.0,855.0,52.0,59.784000000000034,0.3926016092300415,bmm
,29,29x804x79x498,11.0,855.0,52.0,59.784000000000034,1.0369024276733398,bmm
,5,5x834x111x969,45.0,855.0,52.0,58.868999999999986,0.37109760046005247,bmm
,26,26x1011x71x574,45.0,855.0,52.0,58.868999999999986,1.2607487678527831,bmm
,13,13x587x120x796,45.0,855.0,52.0,58.868999999999986,0.58367999792099,bmm
,15,15x843x238x10,45.0,855.0,52.0,58.868999999999986,0.22732800245285034,bmm
,23,23x583x212x21,45.0,855.0,52.0,58.868999999999986,0.23449599742889404,bmm
,29,29x726x226x4,45.0,855.0,52.0,58.868999999999986,0.38932480216026305,bmm
,27,27x708x182x38,45.0,855.0,52.0,58.868999999999986,0.31252479553222656,bmm
,5,5x957x205x47,26.0,855.0,52.0,60.94499999999999,0.06430719941854476,bmm
,4,4x727x204x56,26.0,855.0,52.0,60.94499999999999,0.06430719941854476,bmm
,17,17x841x136x68,26.0,855.0,52.0,60.94499999999999,0.20930559933185577,bmm
,5,5x628x250x124,26.0,855.0,52.0,60.94499999999999,0.07577600330114365,bmm
,15,15x645x165x93,26.0,855.0,52.0,60.94499999999999,0.1892351984977722,bmm
,24,24x661x137x227,26.0,855.0,52.0,60.94499999999999,0.475135999917984,bmm
,29,29x732x245x196,26.0,855.0,52.0,60.94499999999999,0.879206383228302,bmm
,2,2x642x153x187,26.0,855.0,52.0,60.94499999999999,0.06963200122117996,bmm
,2,2x716x219x334,31.0,630.0,52.0,59.91200000000001,0.09216000139713287,bmm
,25,25x944x250x496,31.0,630.0,52.0,59.91200000000001,1.5650816202163695,bmm
,26,26x676x236x457,31.0,630.0,52.0,59.91200000000001,1.1057151794433593,bmm
,8,8x831x155x995,31.0,630.0,52.0,59.91200000000001,0.6938624024391175,bmm
,32,32x811x186x618,31.0,630.0,52.0,59.91200000000001,1.784012794494629,bmm
,1,1x616x253x761,79.0,645.0,53.0,63.54199999999999,0.06594559997320175,bmm
,26,26x553x434x29,79.0,645.0,53.0,63.54199999999999,0.4786176085472107,bmm
,23,23x873x384x18,79.0,645.0,53.0,63.54199999999999,0.5558272004127502,bmm
,21,21x826x308x6,79.0,645.0,53.0,63.54199999999999,0.37130239605903625,bmm
,8,8x707x415x65,79.0,645.0,53.0,63.54199999999999,0.25743359327316284,bmm
,19,19x597x422x47,79.0,645.0,53.0,63.54199999999999,0.3952640056610107,bmm
,16,16x534x504x61,79.0,645.0,53.0,63.54199999999999,0.3649536073207855,bmm
,9,9x842x383x81,26.0,720.0,52.0,64.44800000000004,0.2764799952507019,bmm
,2,2x972x286x109,26.0,720.0,52.0,64.44800000000004,0.09830400347709656,bmm
,22,22x751x465x83,26.0,720.0,52.0,64.44800000000004,0.6399999976158142,bmm
,22,22x604x305x232,26.0,720.0,52.0,64.44800000000004,0.6551551938056945,bmm
,17,17x924x359x187,26.0,720.0,52.0,64.44800000000004,0.6936575889587402,bmm
,25,25x826x271x224,26.0,720.0,52.0,64.44800000000004,0.9150463938713074,bmm
,3,3x636x416x406,26.0,720.0,52.0,64.44800000000004,0.2123775988817215,bmm
,24,24x657x379x508,46.0,720.0,53.0,61.052999999999955,1.3824000358581543,bmm
,19,19x949x463x479,46.0,720.0,53.0,61.052999999999955,1.5849472284317017,bmm
,20,20x690x417x562,46.0,720.0,53.0,61.052999999999955,1.3312000036239624,bmm
,15,15x840x294x721,46.0,720.0,53.0,61.052999999999955,1.1603968143463135,bmm
,3,3x672x329x765,46.0,720.0,53.0,61.052999999999955,0.19865599870681763,bmm
,3,3x972x644x15,44.0,1005.0,55.0,67.88300000000002,0.14191359877586365,bmm
,8,8x917x719x6,44.0,1005.0,55.0,67.88300000000002,0.15667200088500977,bmm
,24,24x961x659x29,44.0,1005.0,55.0,67.88300000000002,0.4116480052471161,bmm
,10,10x811x578x47,44.0,1005.0,55.0,67.88300000000002,0.13106560111045837,bmm
,2,2x686x842x56,44.0,1005.0,55.0,67.88300000000002,0.18227200210094452,bmm
,19,19x909x973x48,44.0,1005.0,55.0,67.88300000000002,0.4017791926860809,bmm
,2,2x955x820x83,44.0,1005.0,55.0,67.88300000000002,0.17817600071430206,bmm
,24,24x858x846x116,44.0,1005.0,55.0,67.88300000000002,0.5244928002357483,bmm
,29,29x820x935x71,27.0,1005.0,57.0,85.537,0.5744640231132507,bmm
,10,10x934x837x248,27.0,1005.0,57.0,85.537,0.3491840064525604,bmm
,10,10x731x827x145,27.0,1005.0,57.0,85.537,0.3440383970737457,bmm
,31,31x800x768x158,27.0,1005.0,57.0,85.537,0.9291647791862487,bmm
,32,32x865x860x300,27.0,1005.0,57.0,85.537,1.5532032251358032,bmm
,11,11x886x771x355,27.0,1005.0,57.0,85.537,0.48127999901771545,bmm
,6,6x853x545x323,25.4,1005.0,58.2,99.01796000000006,0.23346560299396515,bmm
,9,9x867x780x710,23.0,1005.0,62.0,106.60100000000006,0.796671986579895,bmm
,10,10x755x602x590,23.0,1005.0,62.0,106.60100000000006,0.5038080215454102,bmm
,1,1x956x751x728,23.0,1005.0,62.0,106.60100000000006,0.13516800105571747,bmm
,44,44x13x17x10,23.0,1005.0,62.0,106.60100000000006,0.008191999979317188,bmm
,55,55x16x1x17,23.0,1005.0,62.0,106.60100000000006,0.006144000217318535,bmm
,49,49x21x29x23,23.0,1005.0,62.0,106.60100000000006,0.017932799831032752,bmm
,62,62x30x29x42,23.0,1005.0,62.0,106.60100000000006,0.01740800030529499,bmm
,39,39x2x26x63,4.0,1005.0,63.0,111.27,0.00818559993058443,bmm
,43,43x32x4x55,4.0,1005.0,63.0,111.27,0.012543999962508679,bmm
,60,60x8x9x101,4.0,1005.0,63.0,111.27,0.008191999979317188,bmm
,50,50x22x22x89,4.0,1005.0,63.0,111.27,0.016383999958634377,bmm
,62,62x18x5x122,4.0,1005.0,63.0,111.27,0.012870400212705135,bmm
,64,64x21x13x177,4.0,1005.0,63.0,111.27,0.020479999482631683,bmm
,34,34x27x6x223,4.0,1005.0,63.0,111.27,0.01740800030529499,bmm
,53,53x2x8x142,4.0,1005.0,63.0,111.27,0.00942080020904541,bmm
,65,65x4x9x511,4.0,1005.0,63.0,111.27,0.01228800043463707,bmm
,58,58x4x27x459,4.0,1005.0,63.0,111.27,0.013311999849975109,bmm
,47,47x15x10x327,8.0,660.0,60.0,94.45800000000003,0.01740800030529499,bmm
,47,47x32x1x870,8.0,660.0,60.0,94.45800000000003,0.05939199924468994,bmm
,45,45x21x17x915,8.0,660.0,60.0,94.45800000000003,0.07782399654388428,bmm
,46,46x20x24x987,8.0,660.0,60.0,94.45800000000003,0.14602240025997162,bmm
,58,58x11x64x31,8.0,660.0,60.0,94.45800000000003,0.011468800157308579,bmm
,56,56x14x45x28,8.0,660.0,60.0,94.45800000000003,0.01228800043463707,bmm
,44,44x1x40x6,8.0,660.0,60.0,94.45800000000003,0.008191999979317188,bmm
,62,62x27x44x33,8.0,660.0,60.0,94.45800000000003,0.03481600061058998,bmm
,47,47x4x51x56,8.0,660.0,60.0,94.45800000000003,0.011673600226640702,bmm
,51,51x10x64x59,7.0,570.0,57.0,67.81899999999997,0.013311999849975109,bmm
,41,41x14x58x75,7.0,570.0,57.0,67.81899999999997,0.015359999611973763,bmm
,47,47x23x59x78,7.0,570.0,57.0,67.81899999999997,0.043007999658584595,bmm
,45,45x2x34x68,7.0,570.0,57.0,67.81899999999997,0.01228800043463707,bmm
,56,56x14x52x238,7.0,570.0,57.0,67.81899999999997,0.025599999353289604,bmm
,57,57x3x64x151,7.0,570.0,57.0,67.81899999999997,0.014336000196635723,bmm
,59,59x7x33x161,7.0,570.0,57.0,67.81899999999997,0.015359999611973763,bmm
,43,43x3x51x426,7.0,570.0,57.0,67.81899999999997,0.01740800030529499,bmm
,54,54x32x47x484,7.0,570.0,57.0,67.81899999999997,0.16404480040073394,bmm
,50,50x28x60x291,7.0,570.0,57.0,67.81899999999997,0.07782399654388428,bmm
,56,56x17x63x581,14.0,450.0,55.0,54.880000000000024,0.21524480283260344,bmm
,50,50x1x52x653,14.0,450.0,55.0,54.880000000000024,0.10711039900779724,bmm
,37,37x31x65x587,14.0,450.0,55.0,54.880000000000024,0.186982399225235,bmm
,61,61x15x81x31,14.0,450.0,55.0,54.880000000000024,0.016383999958634377,bmm
,58,58x18x124x22,14.0,450.0,55.0,54.880000000000024,0.07966719716787338,bmm
,50,50x19x94x21,14.0,450.0,55.0,54.880000000000024,0.06471679955720902,bmm
,53,53x14x124x44,14.0,450.0,55.0,54.880000000000024,0.02252800017595291,bmm
,37,37x17x80x57,14.0,450.0,55.0,54.880000000000024,0.060416001826524734,bmm
,63,63x28x114x53,14.0,450.0,55.0,54.880000000000024,0.08089599758386612,bmm
,36,36x1x79x108,14.0,450.0,55.0,54.880000000000024,0.018227200582623483,bmm
,34,34x11x76x99,11.0,405.0,54.0,54.663000000000004,0.018432000651955605,bmm
,60,60x25x122x92,11.0,405.0,54.0,54.663000000000004,0.0942080020904541,bmm
,34,34x32x129x228,11.0,405.0,54.0,54.663000000000004,0.09932799637317657,bmm
,47,47x25x125x135,11.0,405.0,54.0,54.663000000000004,0.16670720279216766,bmm
,55,55x15x99x222,11.0,405.0,54.0,54.663000000000004,0.06143999919295311,bmm
,38,38x17x122x333,11.0,405.0,54.0,54.663000000000004,0.29982719421386717,bmm
,60,60x11x95x265,11.0,405.0,54.0,54.663000000000004,0.24760319888591767,bmm
,50,50x33x67x513,23.16,354.6,53.44,53.74012,0.4452351927757263,bmm
,40,40x16x85x556,30.0,345.0,53.0,53.221,0.371097594499588,bmm
,41,41x3x91x588,30.0,345.0,53.0,53.221,0.34385920166969297,bmm
,61,61x9x103x918,30.0,345.0,53.0,53.221,0.9400319933891297,bmm
,48,48x10x154x19,30.0,345.0,53.0,53.221,0.02457600086927414,bmm
,45,45x20x171x1,30.0,345.0,53.0,53.221,0.019046399742364883,bmm
,56,56x4x160x29,30.0,345.0,53.0,53.221,0.02170879989862442,bmm
,58,58x15x139x35,30.0,345.0,53.0,53.221,0.03276799991726875,bmm
,63,63x5x185x62,30.0,345.0,53.0,53.221,0.027648000046610832,bmm
,60,60x31x198x54,11.0,315.0,52.0,51.38799999999999,0.15462400019168854,bmm
,56,56x27x231x118,11.0,315.0,52.0,51.38799999999999,0.35266560316085815,bmm
,54,54x24x159x104,11.0,315.0,52.0,51.38799999999999,0.1372160017490387,bmm
,39,39x6x150x66,11.0,315.0,52.0,51.38799999999999,0.027648000046610832,bmm
,43,43x20x213x154,11.0,315.0,52.0,51.38799999999999,0.33628159761428833,bmm
,49,49x11x153x256,11.0,315.0,52.0,51.38799999999999,0.32542720437049866,bmm
,53,53x14x190x247,11.0,315.0,52.0,51.38799999999999,0.47308799624443054,bmm
,63,63x28x233x319,20.0,304.2,52.0,51.16695999999998,0.9644032120704651,bmm
,62,62x26x211x487,36.0,285.0,52.0,50.77399999999998,1.1528191566467285,bmm
,65,65x32x200x360,36.0,285.0,52.0,50.77399999999998,0.9781247973442078,bmm
,65,65x18x229x714,36.0,285.0,52.0,50.77399999999998,0.8857600092887878,bmm
,47,47x29x196x820,36.0,285.0,52.0,50.77399999999998,0.686899197101593,bmm
,50,50x27x133x826,51.0,465.0,52.0,53.04299999999998,0.5326848030090332,bmm
,34,34x7x323x17,51.0,465.0,52.0,53.04299999999998,0.02252800017595291,bmm
,33,33x16x290x18,51.0,465.0,52.0,53.04299999999998,0.023552000522613525,bmm
,57,57x13x385x2,51.0,465.0,52.0,53.04299999999998,0.02682879976928234,bmm
,43,43x13x504x37,51.0,465.0,52.0,53.04299999999998,0.043007999658584595,bmm
,59,59x1x418x62,51.0,465.0,52.0,53.04299999999998,0.11427840143442154,bmm
,39,39x4x410x41,51.0,465.0,52.0,53.04299999999998,0.026623999699950218,bmm
,53,53x12x304x82,51.0,465.0,52.0,53.04299999999998,0.04382719993591309,bmm
,52,52x20x308x116,51.0,465.0,52.0,53.04299999999998,0.19333119988441466,bmm
,58,58x7x392x85,8.0,510.0,51.0,55.68100000000002,0.15093760192394257,bmm
,64,64x16x287x239,8.0,510.0,51.0,55.68100000000002,0.34344959259033203,bmm
,40,40x26x354x193,8.0,510.0,51.0,55.68100000000002,0.25231359601020814,bmm
,46,46x8x264x234,8.0,510.0,51.0,55.68100000000002,0.211353600025177,bmm
,57,57x23x353x381,8.0,510.0,51.0,55.68100000000002,0.6930431962013245,bmm
,40,40x19x329x402,8.0,510.0,51.0,55.68100000000002,0.4063231945037842,bmm
,43,43x31x369x481,8.0,510.0,51.0,55.68100000000002,0.7118848085403442,bmm
,37,37x7x380x802,28.0,510.0,51.0,55.903639999999974,0.7679999947547913,bmm
,60,60x17x396x717,33.0,510.0,51.0,55.933999999999976,1.3586432218551636,bmm
,60,60x2x296x618,33.0,510.0,51.0,55.933999999999976,0.711679995059967,bmm
,35,35x17x524x27,33.0,510.0,51.0,55.933999999999976,0.2238463968038559,bmm
,64,64x14x934x22,33.0,510.0,51.0,55.933999999999976,0.14827519953250884,bmm
,43,43x15x559x12,33.0,510.0,51.0,55.933999999999976,0.03440640047192574,bmm
,42,42x5x675x63,33.0,510.0,51.0,55.933999999999976,0.1411072015762329,bmm
,47,47x11x785x54,33.0,510.0,51.0,55.933999999999976,0.17141759991645814,bmm
,62,62x6x631x41,11.0,555.0,52.0,57.77700000000002,0.130662402510643,bmm
,54,54x6x778x98,11.0,555.0,52.0,57.77700000000002,0.2988032102584839,bmm
,62,62x11x795x108,11.0,555.0,52.0,57.77700000000002,0.392192006111145,bmm
,36,36x2x666x110,11.0,555.0,52.0,57.77700000000002,0.18903039991855622,bmm
,51,51x33x556x209,11.0,555.0,52.0,57.77700000000002,0.5031936168670654,bmm
,50,50x10x927x225,11.0,555.0,52.0,57.77700000000002,0.71249920129776,bmm
,63,63x4x929x182,11.0,555.0,52.0,57.77700000000002,0.6952959895133972,bmm
,49,49x17x694x499,30.0,555.0,51.0,58.14599999999998,1.3420543670654297,bmm
,59,59x20x675x267,30.0,555.0,51.0,58.14599999999998,0.977510392665863,bmm
,55,55x24x810x278,30.0,555.0,51.0,58.14599999999998,1.187225580215454,bmm
,65,65x33x536x744,30.0,555.0,51.0,58.14599999999998,1.8524160146713258,bmm
,46,46x14x726x876,46.32,759.0,52.28,59.799759999999985,1.986355185508728,bmm
,38,38x13x1017x734,54.0,855.0,53.0,60.57799999999998,1.8843648433685303,bmm
,59,59x33x1x12,54.0,855.0,53.0,60.57799999999998,0.005318399891257286,bmm
,40,40x59x1x14,54.0,855.0,53.0,60.57799999999998,0.005119999870657921,bmm
,54,54x34x9x27,54.0,855.0,53.0,60.57799999999998,0.01405439991503954,bmm
,35,35x51x9x59,54.0,855.0,53.0,60.57799999999998,0.014041600003838538,bmm
,45,45x36x14x56,54.0,855.0,53.0,60.57799999999998,0.01402880009263754,bmm
,36,36x60x33x44,54.0,855.0,53.0,60.57799999999998,0.018432000651955605,bmm
,54,54x52x16x126,54.0,855.0,53.0,60.57799999999998,0.013311999849975109,bmm
,51,51x51x12x67,4.0,1005.0,55.0,72.87200000000001,0.013478399813175201,bmm
,39,39x51x2x129,4.0,1005.0,55.0,72.87200000000001,0.01228800043463707,bmm
,58,58x40x30x235,4.0,1005.0,55.0,72.87200000000001,0.025599999353289604,bmm
,40,40x42x28x216,4.0,1005.0,55.0,72.87200000000001,0.017395200207829475,bmm
,60,60x39x10x177,4.0,1005.0,55.0,72.87200000000001,0.01945599913597107,bmm
,47,47x33x1x479,4.0,1005.0,55.0,72.87200000000001,0.01022719983011484,bmm
,36,36x50x6x407,4.0,1005.0,55.0,72.87200000000001,0.016544000059366227,bmm
,64,64x61x29x401,4.0,1005.0,55.0,72.87200000000001,0.04792320132255554,bmm
,43,43x37x17x536,4.0,1005.0,55.0,72.87200000000001,0.03244159892201424,bmm
,39,39x62x6x988,6.0,1005.0,57.0,86.13799999999998,0.03173759952187538,bmm
,64,64x55x25x637,6.0,1005.0,57.0,86.13799999999998,0.05160959884524345,bmm
,39,39x60x50x19,6.0,1005.0,57.0,86.13799999999998,0.021830400079488756,bmm
,33,33x43x38x32,6.0,1005.0,57.0,86.13799999999998,0.018432000651955605,bmm
,53,53x59x34x22,6.0,1005.0,57.0,86.13799999999998,0.018432000651955605,bmm
,56,56x33x57x42,6.0,1005.0,57.0,86.13799999999998,0.023462400212883948,bmm
,42,42x37x44x37,6.0,1005.0,57.0,86.13799999999998,0.020479999482631683,bmm
,60,60x49x65x51,6.0,1005.0,57.0,86.13799999999998,0.025145600363612176,bmm
,48,48x58x61x114,6.0,1005.0,57.0,86.13799999999998,0.023552000522613525,bmm
,64,64x42x41x105,6.0,1005.0,57.0,86.13799999999998,0.020479999482631683,bmm
,62,62x35x34x80,4.0,1005.0,58.0,92.94700000000006,0.018432000651955605,bmm
,48,48x41x50x229,4.0,1005.0,58.0,92.94700000000006,0.03481600061058998,bmm
,43,43x58x47x185,4.0,1005.0,58.0,92.94700000000006,0.03174399957060814,bmm
,64,64x51x49x186,4.0,1005.0,58.0,92.94700000000006,0.03481600061058998,bmm
,38,38x56x46x458,4.0,1005.0,58.0,92.94700000000006,0.03379200026392937,bmm
,39,39x48x60x486,4.0,1005.0,58.0,92.94700000000006,0.03993599861860275,bmm
,41,41x63x33x396,4.0,1005.0,58.0,92.94700000000006,0.029203199967741966,bmm
,50,50x52x43x654,4.0,1005.0,58.0,92.94700000000006,0.060416001826524734,bmm
,54,54x34x41x519,4.0,1005.0,58.0,92.94700000000006,0.05936640128493309,bmm
,53,53x54x63x547,7.0,1005.0,59.0,93.66,0.21503999829292297,bmm
,51,51x59x84x1,7.0,1005.0,59.0,93.66,0.015359999611973763,bmm
,33,33x52x76x4,7.0,1005.0,59.0,93.66,0.07759999930858612,bmm
,62,62x44x88x23,7.0,1005.0,59.0,93.66,0.08499199897050858,bmm
,48,48x39x115x36,7.0,1005.0,59.0,93.66,0.1085439994931221,bmm
,42,42x46x117x43,7.0,1005.0,59.0,93.66,0.1085439994931221,bmm
,59,59x40x127x62,7.0,1005.0,59.0,93.66,0.11366400122642517,bmm
,44,44x44x121x73,7.0,1005.0,59.0,93.66,0.1202176034450531,bmm
,41,41x56x115x71,7.0,1005.0,59.0,93.66,0.11530240178108216,bmm
,48,48x58x72x70,14.0,285.0,57.0,82.88899999999995,0.0798719972372055,bmm
,42,42x43x109x135,14.0,285.0,57.0,82.88899999999995,0.2025471955537796,bmm
,40,40x42x115x141,14.0,285.0,57.0,82.88899999999995,0.12083200365304947,bmm
,58,58x39x81x175,14.0,285.0,57.0,82.88899999999995,0.16793599724769592,bmm
,46,46x33x87x490,14.0,285.0,57.0,82.88899999999995,0.292659193277359,bmm
,51,51x57x81x265,14.0,285.0,57.0,82.88899999999995,0.19128319919109343,bmm
,50,50x45x119x440,14.0,285.0,57.0,82.88899999999995,0.37396479249000547,bmm
,56,56x43x126x749,14.0,285.0,57.0,82.88899999999995,0.6651903986930847,bmm
,54,54x53x98x675,26.0,240.0,55.0,66.75600000000003,0.46039039492607114,bmm
,56,56x61x109x893,26.0,240.0,55.0,66.75600000000003,0.6995968222618103,bmm
,65,65x40x138x14,26.0,240.0,55.0,66.75600000000003,0.1372160017490387,bmm
,39,39x42x136x7,26.0,240.0,55.0,66.75600000000003,0.12902399897575378,bmm
,36,36x51x221x18,26.0,240.0,55.0,66.75600000000003,0.19660800695419312,bmm
,49,49x64x136x46,26.0,240.0,55.0,66.75600000000003,0.131481596827507,bmm
,48,48x41x250x34,26.0,240.0,55.0,66.75600000000003,0.22097919881343842,bmm
,40,40x49x138x34,21.0,270.0,54.0,57.27299999999998,0.1386495977640152,bmm
,58,58x64x186x73,21.0,270.0,54.0,57.27299999999998,0.18391039967536926,bmm
,64,64x63x197x96,21.0,270.0,54.0,57.27299999999998,0.21585920453071594,bmm
,46,46x62x142x123,21.0,270.0,54.0,57.27299999999998,0.14192639887332917,bmm
,40,40x38x242x134,21.0,270.0,54.0,57.27299999999998,0.22261759638786316,bmm
,61,61x33x173x144,21.0,270.0,54.0,57.27299999999998,0.3020800054073334,bmm
,43,43x65x256x198,21.0,270.0,54.0,57.27299999999998,0.4251647889614105,bmm
,55,55x60x140x510,21.0,270.0,54.0,57.27299999999998,0.473497599363327,bmm
,57,57x57x192x392,36.0,270.0,53.0,57.85699999999998,0.9764863967895507,bmm
,55,55x48x233x397,36.0,270.0,53.0,57.85699999999998,1.0838015794754028,bmm
,37,37x60x134x577,36.0,270.0,53.0,57.85699999999998,0.7053312063217163,bmm
,54,54x44x192x557,36.0,270.0,53.0,57.85699999999998,1.1558911800384521,bmm
,53,53x35x178x809,36.0,270.0,53.0,57.85699999999998,1.461247992515564,bmm
,50,50x38x483x18,54.0,420.0,53.0,57.45499999999999,0.25374719500541687,bmm
,38,38x53x431x17,54.0,420.0,53.0,57.45499999999999,0.22937600314617157,bmm
,38,38x60x288x15,54.0,420.0,53.0,57.45499999999999,0.16076800227165222,bmm
,36,36x34x411x41,54.0,420.0,53.0,57.45499999999999,0.22118400037288666,bmm
,43,43x33x416x53,54.0,420.0,53.0,57.45499999999999,0.2697215974330902,bmm
,56,56x49x464x57,54.0,420.0,53.0,57.45499999999999,0.48762879967689515,bmm
,40,40x44x334x102,54.0,420.0,53.0,57.45499999999999,0.3784703969955444,bmm
,39,39x38x447x129,54.0,420.0,53.0,57.45499999999999,0.5054463982582093,bmm
,33,33x50x485x82,46.0,420.0,52.0,55.177999999999976,0.43192319869995116,bmm
,55,55x57x281x247,46.0,420.0,52.0,55.177999999999976,0.824729609489441,bmm
,60,60x49x413x223,46.0,420.0,52.0,55.177999999999976,1.0770431756973267,bmm
,58,58x46x381x204,46.0,420.0,52.0,55.177999999999976,0.8830976009368896,bmm
,49,49x54x356x273,46.0,420.0,52.0,55.177999999999976,0.44236799478530886,bmm
,63,63x65x403x291,46.0,420.0,52.0,55.177999999999976,0.7682048082351685,bmm
,61,61x39x264x421,46.0,510.0,52.0,54.64899999999998,0.6023167967796326,bmm
,63,63x39x397x973,46.0,510.0,52.0,54.64899999999998,1.8817024230957031,bmm
,48,48x39x334x628,46.0,510.0,52.0,54.64899999999998,0.8194047927856445,bmm
,44,44x33x265x577,46.0,510.0,52.0,54.64899999999998,0.590233588218689,bmm
,38,38x51x576x16,40.0,570.0,53.0,58.397,0.22138879895210267,bmm
,35,35x33x716x2,40.0,570.0,53.0,58.397,0.2672640085220337,bmm
,60,60x50x607x5,40.0,570.0,53.0,58.397,0.2684927940368652,bmm
,33,33x56x712x60,40.0,570.0,53.0,58.397,0.3332096040248871,bmm
,56,56x34x892x60,40.0,570.0,53.0,58.397,0.427622401714325,bmm
,57,57x33x822x38,40.0,570.0,53.0,58.397,0.36802560091018677,bmm
,64,64x51x907x88,40.0,570.0,53.0,58.397,0.5761023759841919,bmm
,36,36x49x888x99,40.0,570.0,53.0,58.397,0.44195839762687683,bmm
,33,33x34x563x73,38.0,570.0,52.0,59.39799999999998,0.2611200034618378,bmm
,50,50x33x572x151,38.0,570.0,52.0,59.39799999999998,0.4456447958946228,bmm
,55,55x36x606x158,38.0,570.0,52.0,59.39799999999998,0.48639999628067015,bmm
,45,45x35x546x247,38.0,570.0,52.0,59.39799999999998,0.5042176246643066,bmm
,46,46x59x865x324,38.0,570.0,52.0,59.39799999999998,1.0362880229949951,bmm
,35,35x42x873x463,38.0,570.0,52.0,59.39799999999998,1.037107229232788,bmm
,60,60x35x952x486,43.0,615.0,52.0,59.853,1.9824639797210692,bmm
,54,54x36x969x967,43.0,615.0,52.0,59.853,3.413811206817627,bmm
,53,53x39x556x1018,43.0,615.0,52.0,59.853,0.6756352186203003,bmm
,57,57x36x694x685,43.0,615.0,52.0,59.853,0.6956607937812805,bmm
,33,33x85x27x4,45.0,1005.0,55.0,72.722,0.016383999958634377,bmm
,61,61x89x9x30,45.0,1005.0,55.0,72.722,0.013311999849975109,bmm
,50,50x109x9x3,45.0,1005.0,55.0,72.722,0.013311999849975109,bmm
,54,54x83x3x56,45.0,1005.0,55.0,72.722,0.012243200279772281,bmm
,35,35x95x31x65,45.0,1005.0,55.0,72.722,0.017363199964165688,bmm
,53,53x66x14x43,45.0,1005.0,55.0,72.722,0.013311999849975109,bmm
,36,36x88x10x93,45.0,1005.0,55.0,72.722,0.013311999849975109,bmm
,48,48x66x10x79,45.0,1005.0,55.0,72.722,0.013958399929106236,bmm
,60,60x104x11x115,45.0,1005.0,55.0,72.722,0.014297600090503692,bmm
,41,41x65x29x158,45.0,1005.0,55.0,72.722,0.0173311997205019,bmm
,56,56x77x28x156,4.0,1005.0,59.0,99.95,0.025599999353289604,bmm
,48,48x126x14x146,4.0,1005.0,59.0,99.95,0.020479999482631683,bmm
,36,36x87x14x407,4.0,1005.0,59.0,99.95,0.02042879946529865,bmm
,56,56x90x1x321,4.0,1005.0,59.0,99.95,0.014336000196635723,bmm
,56,56x89x3x323,4.0,1005.0,59.0,99.95,0.023552000522613525,bmm
,55,55x115x7x742,4.0,1005.0,59.0,99.95,0.039923199266195294,bmm
,48,48x100x5x909,4.0,1005.0,59.0,99.95,0.03686400130391121,bmm
,62,62x70x25x752,4.0,1005.0,59.0,99.95,0.057491200417280196,bmm
,52,52x89x47x27,4.0,1005.0,59.0,99.95,0.020371200516819954,bmm
,49,49x92x59x9,4.0,1005.0,59.0,99.95,0.023462400212883948,bmm
,45,45x108x48x9,5.0,1005.0,62.0,123.33599999999993,0.01945599913597107,bmm
,64,64x116x34x56,5.0,1005.0,62.0,123.33599999999993,0.018432000651955605,bmm
,63,63x99x58x57,5.0,1005.0,62.0,123.33599999999993,0.023552000522613525,bmm
,65,65x76x54x44,5.0,1005.0,62.0,123.33599999999993,0.021503999829292297,bmm
,56,56x80x50x88,5.0,1005.0,62.0,123.33599999999993,0.021503999829292297,bmm
,59,59x93x62x93,5.0,1005.0,62.0,123.33599999999993,0.023552000522613525,bmm
,46,46x111x50x87,5.0,1005.0,62.0,123.33599999999993,0.022016000002622604,bmm
,61,61x124x61x162,5.0,1005.0,62.0,123.33599999999993,0.03891199827194214,bmm
,34,34x112x53x140,5.0,1005.0,62.0,123.33599999999993,0.022342400252819063,bmm
,47,47x80x46x230,5.0,1005.0,62.0,123.33599999999993,0.03174399957060814,bmm
,48,48x109x41x448,3.0,1005.0,64.0,123.47699999999998,0.04782720059156418,bmm
,47,47x81x47x473,3.0,1005.0,64.0,123.47699999999998,0.04707200080156326,bmm
,45,45x113x35x307,3.0,1005.0,64.0,123.47699999999998,0.030400000140070917,bmm
,45,45x106x61x781,3.0,1005.0,64.0,123.47699999999998,0.07168000191450119,bmm
,55,55x116x36x899,3.0,1005.0,64.0,123.47699999999998,0.2271232008934021,bmm
,39,39x95x33x1010,3.0,1005.0,64.0,123.47699999999998,0.15667200088500977,bmm
,63,63x111x114x5,3.0,1005.0,64.0,123.47699999999998,0.09951359778642654,bmm
,54,54x107x119x18,3.0,1005.0,64.0,123.47699999999998,0.10444799810647964,bmm
,60,60x85x66x5,3.0,1005.0,64.0,123.47699999999998,0.07372800260782242,bmm
,46,46x74x86x60,3.0,1005.0,64.0,123.47699999999998,0.08396799862384796,bmm
,52,52x90x79x38,11.0,315.0,64.0,117.42599999999997,0.07884799689054489,bmm
,55,55x127x113x50,11.0,315.0,64.0,117.42599999999997,0.11059200018644333,bmm
,52,52x122x122x104,11.0,315.0,64.0,117.42599999999997,0.11673600226640701,bmm
,63,63x90x69x114,11.0,315.0,64.0,117.42599999999997,0.07782399654388428,bmm
,33,33x87x112x109,11.0,315.0,64.0,117.42599999999997,0.10342399775981903,bmm
,59,59x120x96x205,11.0,315.0,64.0,117.42599999999997,0.17203199863433838,bmm
,47,47x99x117x196,11.0,315.0,64.0,117.42599999999997,0.20581760108470917,bmm
,33,33x122x81x144,11.0,315.0,64.0,117.42599999999997,0.0942080020904541,bmm
,35,35x96x66x278,11.0,315.0,64.0,117.42599999999997,0.13987839818000794,bmm
,62,62x107x115x439,8.0,270.0,64.0,104.65799999999994,0.40714240074157715,bmm
,58,58x114x93x300,8.0,270.0,64.0,104.65799999999994,0.2635775923728943,bmm
,51,51x88x98x929,8.0,270.0,64.0,104.65799999999994,0.47411200404167175,bmm
,38,38x127x121x805,8.0,270.0,64.0,104.65799999999994,0.46325119733810427,bmm
,60,60x115x108x698,8.0,270.0,64.0,104.65799999999994,0.507699191570282,bmm
,46,46x66x187x2,8.0,270.0,64.0,104.65799999999994,0.1943424016237259,bmm
,55,55x105x192x4,8.0,270.0,64.0,104.65799999999994,0.19353599846363068,bmm
,35,35x81x204x30,20.0,240.0,64.0,96.808,0.20806400179862977,bmm
,63,63x128x211x49,20.0,240.0,64.0,96.808,0.21913599967956543,bmm
,42,42x105x139x54,20.0,240.0,64.0,96.808,0.15686399936676027,bmm
,38,38x71x159x62,20.0,240.0,64.0,96.808,0.16896000504493713,bmm
,49,49x110x174x105,20.0,240.0,64.0,96.808,0.18616320192813873,bmm
,51,51x84x165x79,20.0,240.0,64.0,96.808,0.17715199291706085,bmm
,52,52x129x256x107,20.0,240.0,64.0,96.808,0.46694400906562805,bmm
,44,44x115x238x182,20.0,240.0,64.0,96.808,0.44193279147148135,bmm
,38,38x116x218x150,20.0,240.0,64.0,96.66784,0.22630399465560913,bmm
,58,58x94x240x191,26.0,240.0,63.0,95.64000000000001,0.43827199935913086,bmm
,45,45x91x156x371,26.0,240.0,63.0,95.64000000000001,0.3092480003833771,bmm
,42,42x120x235x512,26.0,240.0,63.0,95.64000000000001,0.6490111947059631,bmm
,65,65x128x242x502,26.0,240.0,63.0,95.64000000000001,0.8847360014915466,bmm
,60,60x83x174x589,26.0,240.0,63.0,95.64000000000001,0.641427195072174,bmm
,61,61x84x233x797,26.0,240.0,63.0,95.64000000000001,1.2584960460662842,bmm
,45,45x85x215x711,48.0,240.0,64.0,96.08400000000002,0.7720959782600403,bmm
,36,36x72x487x26,48.0,240.0,64.0,96.08400000000002,0.3721216022968292,bmm
,54,54x79x463x12,48.0,240.0,64.0,96.08400000000002,0.3563391983509064,bmm
,39,39x93x435x12,48.0,240.0,64.0,96.08400000000002,0.3409920036792755,bmm
,50,50x96x295x41,48.0,240.0,64.0,96.08400000000002,0.2504703998565674,bmm
,58,58x113x445x58,48.0,240.0,64.0,96.08400000000002,0.3876864016056061,bmm
,33,33x121x409x41,48.0,240.0,64.0,96.08400000000002,0.33300480246543884,bmm
,64,64x97x437x101,48.0,240.0,64.0,96.08400000000002,0.4452351927757263,bmm
,57,57x102x271x98,26.0,285.0,61.0,91.338,0.28733439445495607,bmm
,58,58x116x405x72,26.0,285.0,61.0,91.338,0.3745792031288147,bmm
,39,39x109x469x189,26.0,285.0,61.0,91.338,0.45096960067749026,bmm
,55,55x114x406x153,26.0,285.0,61.0,91.338,0.6316031813621521,bmm
,40,40x91x475x224,26.0,285.0,61.0,91.338,0.4827135980129242,bmm
,43,43x103x276x450,26.0,285.0,61.0,91.338,0.7524352073669434,bmm
,48,48x92x407x482,28.88,285.0,60.76,87.70103999999999,1.040384006500244,bmm
,47,47x105x260x507,38.0,285.0,60.0,76.18399999999998,0.7931903958320617,bmm
,63,63x95x330x987,38.0,285.0,60.0,76.18399999999998,2.0641791820526123,bmm
,39,39x116x316x848,38.0,285.0,60.0,76.18399999999998,1.044275164604187,bmm
,50,50x125x374x887,38.0,285.0,60.0,76.18399999999998,1.7096704483032226,bmm
,35,35x107x749x32,38.0,285.0,60.0,76.18399999999998,0.4050943970680237,bmm
,44,44x73x874x12,50.0,420.0,59.0,66.03999999999998,0.41881599426269533,bmm
,46,46x106x744x31,50.0,420.0,59.0,66.03999999999998,0.38973440527915953,bmm
,57,57x85x920x37,50.0,420.0,59.0,66.03999999999998,0.4964352011680603,bmm
,63,63x94x530x47,50.0,420.0,59.0,66.03999999999998,0.37355520129203795,bmm
,43,43x112x1015x54,50.0,420.0,59.0,66.03999999999998,0.5777407884597778,bmm
,33,33x107x819x98,50.0,420.0,59.0,66.03999999999998,0.4593664050102234,bmm
,40,40x75x764x127,50.0,420.0,59.0,66.03999999999998,0.47288320660591127,bmm
,47,47x112x604x105,28.0,510.0,57.0,65.38100000000003,0.4638719856739044,bmm
,63,63x104x650x209,28.0,510.0,57.0,65.38100000000003,0.8937472105026245,bmm
,46,46x124x724x231,28.0,510.0,57.0,65.38100000000003,0.8302592039108276,bmm
,36,36x65x854x211,28.0,510.0,57.0,65.38100000000003,0.602726399898529,bmm
,39,39x113x810x383,28.0,510.0,57.0,65.38100000000003,1.102233600616455,bmm
,51,51x87x597x450,33.2,531.0,57.0,65.20196,1.3223936080932617,bmm
,40,40x69x706x257,54.0,585.0,57.0,64.635,0.6623231768608093,bmm
,40,40x94x837x729,54.0,585.0,57.0,64.635,1.9503104209899902,bmm
,48,48x107x977x652,54.0,585.0,57.0,64.635,2.450636863708496,bmm
,65,65x128x723x994,54.0,585.0,57.0,64.635,1.0444799661636353,bmm
,55,55x178x33x27,54.0,585.0,57.0,64.635,0.029254400357604026,bmm
,61,61x247x9x1,42.0,1005.0,58.0,74.05099999999997,0.0065600000321865085,bmm
,52,52x154x10x10,42.0,1005.0,58.0,74.05099999999997,0.02046079970896244,bmm
,44,44x203x1x49,42.0,1005.0,58.0,74.05099999999997,0.008191999979317188,bmm
,33,33x167x26x61,42.0,1005.0,58.0,74.05099999999997,0.017772800102829934,bmm
,54,54x248x31x53,42.0,1005.0,58.0,74.05099999999997,0.026623999699950218,bmm
,43,43x170x6x78,42.0,1005.0,58.0,74.05099999999997,0.01740800030529499,bmm
,64,64x157x11x73,42.0,1005.0,58.0,74.05099999999997,0.020479999482631683,bmm
,38,38x230x1x83,42.0,1005.0,58.0,74.05099999999997,0.00999039988964796,bmm
,59,59x219x21x153,42.0,1005.0,58.0,74.05099999999997,0.03891199827194214,bmm
,41,41x156x7x157,5.0,1005.0,60.0,87.57500000000002,0.01740800030529499,bmm
,36,36x131x33x197,5.0,1005.0,60.0,87.57500000000002,0.02969600073993206,bmm
,35,35x141x26x360,5.0,1005.0,60.0,87.57500000000002,0.040550398826599124,bmm
,50,50x239x12x332,5.0,1005.0,60.0,87.57500000000002,0.050163199007511136,bmm
,34,34x225x16x406,5.0,1005.0,60.0,87.57500000000002,0.043007999658584595,bmm
,48,48x164x32x719,5.0,1005.0,60.0,87.57500000000002,0.09830400347709656,bmm
,65,65x199x15x768,5.0,1005.0,60.0,87.57500000000002,0.11550720185041427,bmm
,42,42x133x13x779,5.0,1005.0,60.0,87.57500000000002,0.06656000018119812,bmm
,58,58x239x61x10,5.0,1005.0,60.0,87.57500000000002,0.03891199827194214,bmm
,42,42x229x42x3,7.0,1005.0,61.0,97.704,0.03174399957060814,bmm
,62,62x133x33x19,7.0,1005.0,61.0,97.704,0.02956799976527691,bmm
,35,35x144x62x44,7.0,1005.0,61.0,97.704,0.024569600820541382,bmm
,45,45x161x60x37,7.0,1005.0,61.0,97.704,0.03891199827194214,bmm
,52,52x174x42x61,7.0,1005.0,61.0,97.704,0.03276799991726875,bmm
,49,49x189x55x118,7.0,1005.0,61.0,97.704,0.03788800165057182,bmm
,55,55x231x42x81,7.0,1005.0,61.0,97.704,0.03276799991726875,bmm
,59,59x156x65x103,7.0,1005.0,61.0,97.704,0.043007999658584595,bmm
,42,42x151x54x239,7.0,1005.0,61.0,97.704,0.05257599875330925,bmm
,42,42x247x48x129,7.0,1005.0,61.0,97.704,0.04727040082216263,bmm
,34,34x217x39x154,5.0,1005.0,62.0,95.35699999999999,0.03070719949901104,bmm
,60,60x130x48x511,5.0,1005.0,62.0,95.35699999999999,0.09195520132780075,bmm
,35,35x132x46x409,5.0,1005.0,62.0,95.35699999999999,0.060416001826524734,bmm
,39,39x201x62x425,5.0,1005.0,62.0,95.35699999999999,0.18718719780445098,bmm
,63,63x164x62x570,5.0,1005.0,62.0,95.35699999999999,0.35082240104675294,bmm
,40,40x179x64x859,5.0,1005.0,62.0,95.35699999999999,0.3031040132045746,bmm
,49,49x204x45x651,5.0,1005.0,62.0,95.35699999999999,0.297977602481842,bmm
,61,61x220x73x28,5.0,1005.0,62.0,95.35699999999999,0.11877120286226273,bmm
,46,46x179x111x3,20.0,360.0,62.0,95.84200000000004,0.15360000729560852,bmm
,60,60x148x66x21,20.0,360.0,62.0,95.84200000000004,0.11057280004024506,bmm
,52,52x152x76x33,20.0,360.0,62.0,95.84200000000004,0.12390399724245071,bmm
,40,40x164x74x61,20.0,360.0,62.0,95.84200000000004,0.0727040022611618,bmm
,43,43x187x114x34,20.0,360.0,62.0,95.84200000000004,0.16998399794101715,bmm
,62,62x181x72x129,20.0,360.0,62.0,95.84200000000004,0.22773119807243347,bmm
,44,44x242x102x74,20.0,360.0,62.0,95.84200000000004,0.16669440269470215,bmm
,52,52x140x122x118,20.0,360.0,62.0,95.84200000000004,0.19804159700870513,bmm
,41,41x220x81x184,20.0,360.0,62.0,95.84200000000004,0.14745600521564484,bmm
,34,34x166x125x180,16.0,300.0,62.0,95.273,0.20684799551963806,bmm
,64,64x215x109x194,16.0,300.0,62.0,95.273,0.3493760049343109,bmm
,44,44x173x83x503,16.0,300.0,62.0,95.273,0.3524608016014099,bmm
,40,40x202x99x463,16.0,300.0,62.0,95.273,0.475545597076416,bmm
,44,44x230x99x510,16.0,300.0,62.0,95.273,0.6561792016029357,bmm
,35,35x203x90x726,16.0,300.0,62.0,95.273,0.6375424027442932,bmm
,47,47x137x115x845,16.0,300.0,62.0,95.273,0.9136127948760986,bmm
,57,57x185x109x561,49.0,285.0,61.0,86.77799999999999,0.7892991900444031,bmm
,49,49x224x134x29,49.0,285.0,61.0,86.77799999999999,0.2170879989862442,bmm
,44,44x148x224x20,49.0,285.0,61.0,86.77799999999999,0.3246079981327057,bmm
,55,55x146x139x10,49.0,285.0,61.0,86.77799999999999,0.21503999829292297,bmm
,48,48x178x170x51,49.0,285.0,61.0,86.77799999999999,0.26521599292755127,bmm
,61,61x214x229x53,49.0,285.0,61.0,86.77799999999999,0.3733504056930542,bmm
,33,33x227x175x50,49.0,285.0,61.0,86.77799999999999,0.17879039645195008,bmm
,41,41x237x199x125,24.0,315.0,58.0,69.75600000000003,0.2908160090446472,bmm
,53,53x164x198x72,24.0,315.0,58.0,69.75600000000003,0.30105599761009216,bmm
,52,52x189x141x121,24.0,315.0,58.0,69.75600000000003,0.26030080318450927,bmm
,44,44x130x206x252,24.0,315.0,58.0,69.75600000000003,0.475545597076416,bmm
,62,62x203x239x199,24.0,315.0,58.0,69.75600000000003,0.7475200057029724,bmm
,41,41x172x221x207,24.0,315.0,58.0,69.75600000000003,0.36925440430641177,bmm
,52,52x243x173x467,24.0,315.0,58.0,69.75600000000003,0.9840639948844909,bmm
,43,43x242x139x325,37.0,315.0,57.0,62.35200000000002,0.5642240047454834,bmm
,37,37x141x150x369,37.0,315.0,57.0,62.35200000000002,0.4081663966178894,bmm
,42,42x247x253x551,37.0,315.0,57.0,62.35200000000002,1.217740774154663,bmm
,53,53x187x247x690,37.0,315.0,57.0,62.35200000000002,1.4436352252960205,bmm
,38,38x240x205x653,37.0,315.0,57.0,62.35200000000002,1.0399744033813476,bmm
,35,35x237x363x17,37.0,315.0,57.0,62.35200000000002,0.2680832028388977,bmm
,52,52x175x278x11,52.0,390.0,57.0,63.92599999999999,0.319487988948822,bmm
,57,57x194x486x1,52.0,390.0,57.0,63.92599999999999,0.3538943946361542,bmm
,33,33x129x430x47,52.0,390.0,57.0,63.92599999999999,0.2697215974330902,bmm
,49,49x238x282x52,52.0,390.0,57.0,63.92599999999999,0.369049608707428,bmm
,59,59x194x469x62,52.0,390.0,57.0,63.92599999999999,0.5783551931381226,bmm
,33,33x207x428x70,52.0,390.0,57.0,63.92599999999999,0.3352575898170471,bmm
,65,65x191x365x68,52.0,390.0,57.0,63.92599999999999,0.5095424056053162,bmm
,34,34x244x477x107,22.0,390.0,56.0,63.566000000000024,0.4474880039691925,bmm
,53,53x134x411x164,22.0,390.0,56.0,63.566000000000024,0.6981632113456726,bmm
,58,58x170x264x250,22.0,390.0,56.0,63.566000000000024,0.7196671962738037,bmm
,52,52x196x344x232,22.0,390.0,56.0,63.566000000000024,0.8857600092887878,bmm
,57,57x174x289x431,22.0,390.0,56.0,63.566000000000024,1.1008000373840332,bmm
,59,59x249x259x454,34.48,405.6,56.0,63.34188000000001,1.2294143915176392,bmm
,40,40x250x284x336,48.0,420.0,56.0,63.135,0.7815167903900146,bmm
,51,51x205x424x543,48.0,420.0,56.0,63.135,1.654374361038208,bmm
,63,63x232x457x648,48.0,420.0,56.0,63.135,2.408243179321289,bmm
,57,57x176x386x855,54.4,592.8,56.6,66.69788,2.1280767917633057,bmm
,62,62x222x767x1,58.0,690.0,57.0,68.702,0.1013759970664978,bmm
,35,35x219x876x15,58.0,690.0,57.0,68.702,0.18880640268325805,bmm
,56,56x199x922x27,58.0,690.0,57.0,68.702,0.3803264021873474,bmm
,44,44x163x564x49,58.0,690.0,57.0,68.702,0.23756800591945648,bmm
,57,57x168x766x46,58.0,690.0,57.0,68.702,0.3184640109539032,bmm
,36,36x193x765x39,58.0,690.0,57.0,68.702,0.16792959868907928,bmm
,42,42x146x825x94,58.0,690.0,57.0,68.702,0.3420160114765167,bmm
,57,57x205x676x82,16.0,1005.0,59.0,82.91599999999997,0.28467199206352234,bmm
,41,41x137x891x116,16.0,1005.0,59.0,82.91599999999997,0.1945600062608719,bmm
,33,33x208x766x207,16.0,1005.0,59.0,82.91599999999997,0.3184640109539032,bmm
,64,64x179x686x147,16.0,1005.0,59.0,82.91599999999997,0.5576832056045532,bmm
,35,35x177x818x176,16.0,1005.0,59.0,82.91599999999997,0.3395135998725891,bmm
,33,33x249x936x421,16.0,1005.0,59.0,82.91599999999997,0.7577599883079529,bmm
,35,35x147x875x257,16.0,1005.0,59.0,82.91599999999997,0.5355520248413086,bmm
,33,33x141x804x262,16.0,1005.0,59.0,88.63631999999996,0.4919231951236725,bmm
,43,43x139x757x893,26.0,1005.0,62.0,100.79199999999997,1.214259147644043,bmm
,48,48x216x940x648,26.0,1005.0,62.0,100.79199999999997,1.4999615907669068,bmm
,38,38x201x740x593,26.0,1005.0,62.0,100.79199999999997,0.7536256074905395,bmm
,40,40x314x26x3,26.0,1005.0,62.0,100.79199999999997,0.025599999353289604,bmm
,36,36x327x13x6,26.0,1005.0,62.0,100.79199999999997,0.020390400290489198,bmm
,53,53x449x1x24,26.0,1005.0,62.0,100.79199999999997,0.008191999979317188,bmm
,54,54x283x26x48,26.0,1005.0,62.0,100.79199999999997,0.026623999699950218,bmm
,35,35x317x11x36,4.0,1005.0,65.0,112.73700000000004,0.020479999482631683,bmm
,44,44x457x3x36,4.0,1005.0,65.0,112.73700000000004,0.023948800191283225,bmm
,54,54x372x33x76,4.0,1005.0,65.0,112.73700000000004,0.03481600061058998,bmm
,40,40x509x32x71,4.0,1005.0,65.0,112.73700000000004,0.030719999223947525,bmm
,42,42x472x26x67,4.0,1005.0,65.0,112.73700000000004,0.03990399911999702,bmm
,64,64x305x21x237,4.0,1005.0,65.0,112.73700000000004,0.07188480198383332,bmm
,36,36x449x17x222,4.0,1005.0,65.0,112.73700000000004,0.05287039950489998,bmm
,57,57x320x16x178,4.0,1005.0,65.0,112.73700000000004,0.049766399711370465,bmm
,33,33x308x12x340,4.0,1005.0,65.0,112.73700000000004,0.04505600035190582,bmm
,44,44x325x21x379,5.92,1005.0,64.56,109.55663999999997,0.07598080337047577,bmm
,48,48x350x2x305,7.0,1005.0,64.0,108.05999999999996,0.05693440064787865,bmm
,63,63x426x21x599,7.0,1005.0,64.0,108.05999999999996,0.19148799777030945,bmm
,51,51x382x14x671,7.0,1005.0,64.0,108.05999999999996,0.1411072015762329,bmm
,52,52x501x2x966,7.0,1005.0,64.0,108.05999999999996,0.22770560085773467,bmm
,63,63x409x36x9,7.0,1005.0,64.0,108.05999999999996,0.05222399905323982,bmm
,33,33x277x48x26,7.0,1005.0,64.0,108.05999999999996,0.031705599278211594,bmm
,37,37x388x65x28,7.0,1005.0,64.0,108.05999999999996,0.04197759926319122,bmm
,39,39x323x39x43,7.0,1005.0,64.0,108.05999999999996,0.029683200642466545,bmm
,52,52x511x52x44,5.0,1005.0,64.0,97.529,0.058368001133203506,bmm
,51,51x291x57x36,5.0,1005.0,64.0,97.529,0.03891199827194214,bmm
,57,57x355x48x65,5.0,1005.0,64.0,97.529,0.04915200173854828,bmm
,53,53x439x53x122,5.0,1005.0,64.0,97.529,0.06758400052785873,bmm
,50,50x259x33x71,5.0,1005.0,64.0,97.529,0.02969600073993206,bmm
,44,44x388x52x195,5.0,1005.0,64.0,97.529,0.09011200070381165,bmm
,61,61x267x48x233,5.0,1005.0,64.0,97.529,0.0840063989162445,bmm
,37,37x365x50x132,5.0,1005.0,64.0,97.529,0.05427199974656105,bmm
,52,52x419x35x494,5.0,1005.0,64.0,97.529,0.16363519728183745,bmm
,43,43x385x50x332,5.0,1005.0,64.0,97.529,0.12144639939069748,bmm
,62,62x498x51x480,13.0,1005.0,64.0,98.49299999999995,0.25354239344596863,bmm
,65,65x398x39x943,13.0,1005.0,64.0,98.49299999999995,0.5898240208625793,bmm
,61,61x355x33x906,13.0,1005.0,64.0,98.49299999999995,0.4177919924259186,bmm
,59,59x268x59x669,13.0,1005.0,64.0,98.49299999999995,0.42393600940704346,bmm
,60,60x418x99x29,13.0,1005.0,64.0,98.49299999999995,0.159129598736763,bmm
,46,46x493x73x23,13.0,1005.0,64.0,98.49299999999995,0.12800000607967377,bmm
,34,34x336x67x31,13.0,1005.0,64.0,98.49299999999995,0.08661759942770005,bmm
,41,41x270x127x33,12.0,465.0,65.0,99.57700000000004,0.13454079627990723,bmm
,60,60x412x123x35,12.0,465.0,65.0,99.57700000000004,0.19885439276695252,bmm
,61,61x377x77x43,12.0,465.0,65.0,99.57700000000004,0.1382399946451187,bmm
,49,49x279x104x112,12.0,465.0,65.0,99.57700000000004,0.11857920289039611,bmm
,61,61x315x106x115,12.0,465.0,65.0,99.57700000000004,0.1841152012348175,bmm
,63,63x407x68x94,12.0,465.0,65.0,99.57700000000004,0.1683456003665924,bmm
,64,64x444x122x170,12.0,465.0,65.0,99.57700000000004,0.7766015887260437,bmm
,44,44x410x76x225,12.0,465.0,65.0,99.57700000000004,0.49745920300483704,bmm
,44,44x319x109x220,37.0,420.0,64.0,96.756,0.4308992028236389,bmm
,37,37x403x77x373,37.0,420.0,64.0,96.756,0.5957631945610047,bmm
,45,45x271x84x474,37.0,420.0,64.0,96.756,0.6739967942237854,bmm
,33,33x328x105x458,37.0,420.0,64.0,96.756,0.5883904099464417,bmm
,64,64x440x67x609,37.0,420.0,64.0,96.756,1.5937536239624024,bmm
,37,37x491x103x917,43.16,453.0,62.68,89.44540000000002,1.6084992170333863,bmm
,54,54x439x85x700,51.0,495.0,61.0,80.14100000000003,1.5773695945739745,bmm
,50,50x404x194x26,51.0,495.0,61.0,80.14100000000003,0.39833599925041197,bmm
,63,63x406x179x10,51.0,495.0,61.0,80.14100000000003,0.4171776056289673,bmm
,61,61x510x240x28,51.0,495.0,61.0,80.14100000000003,0.6361088156700134,bmm
,37,37x385x187x60,51.0,495.0,61.0,80.14100000000003,0.2772991955280304,bmm
,62,62x284x233x33,51.0,495.0,61.0,80.14100000000003,0.4986880004405975,bmm
,44,44x478x214x54,18.0,585.0,60.0,66.77299999999997,0.4900864064693451,bmm
,37,37x388x210x83,18.0,585.0,60.0,66.77299999999997,0.3207167983055115,bmm
,44,44x347x141x112,18.0,585.0,60.0,66.77299999999997,0.3127295970916748,bmm
,56,56x349x225x79,18.0,585.0,60.0,66.77299999999997,0.5582848072052002,bmm
,61,61x476x130x173,18.0,585.0,60.0,66.77299999999997,0.7532544016838074,bmm
,63,63x375x220x232,18.0,585.0,60.0,66.77299999999997,1.0199040174484253,bmm
,59,59x410x155x197,40.0,600.0,58.0,65.48299999999996,0.7591935992240906,bmm
,59,59x322x215x384,40.0,600.0,58.0,65.48299999999996,1.214463996887207,bmm
,53,53x395x183x403,40.0,600.0,58.0,65.48299999999996,1.2187647819519043,bmm
,55,55x371x257x299,40.0,600.0,58.0,65.48299999999996,1.181491208076477,bmm
,33,33x305x199x946,41.44,654.0,58.0,66.20839999999997,1.2634111642837524,bmm
,53,53x399x165x681,43.0,690.0,58.0,66.87799999999999,1.695129632949829,bmm
,44,44x468x227x812,43.0,690.0,58.0,66.87799999999999,0.7923648118972778,bmm
,55,55x271x315x26,43.0,690.0,58.0,66.87799999999999,0.2031295955181122,bmm
,51,51x280x392x6,43.0,690.0,58.0,66.87799999999999,0.1689472019672394,bmm
,52,52x339x276x10,43.0,690.0,58.0,66.87799999999999,0.12697599828243256,bmm
,49,49x336x287x46,11.0,1005.0,60.0,77.05400000000003,0.131071999669075,bmm
,38,38x510x316x46,11.0,1005.0,60.0,77.05400000000003,0.14336000382900238,bmm
,53,53x326x505x37,11.0,1005.0,60.0,77.05400000000003,0.2181120067834854,bmm
,40,40x451x319x101,11.0,1005.0,60.0,77.05400000000003,0.1454080045223236,bmm
,44,44x455x291x117,11.0,1005.0,60.0,77.05400000000003,0.19865599274635315,bmm
,50,50x440x475x114,11.0,1005.0,60.0,77.05400000000003,0.30720001459121704,bmm
,44,44x486x301x245,11.0,1005.0,60.0,77.05400000000003,0.3356671929359436,bmm
,50,50x313x370x130,11.0,1005.0,60.0,77.05400000000003,0.317440003156662,bmm
,42,42x260x498x233,16.0,1005.0,62.0,93.28299999999996,0.4130816042423248,bmm
,50,50x498x424x336,16.0,1005.0,62.0,93.28299999999996,0.7000511884689331,bmm
,55,55x272x417x356,16.0,1005.0,62.0,93.28299999999996,0.6021119952201843,bmm
,34,34x294x269x410,16.0,1005.0,62.0,93.28299999999996,0.29137280583381653,bmm
,41,41x275x346x600,16.0,1005.0,62.0,93.28299999999996,0.5787263989448548,bmm
,48,48x463x264x839,16.0,1005.0,62.0,93.28299999999996,0.9392127990722656,bmm
,60,60x264x450x581,40.0,1005.0,66.0,111.483,1.0158079862594604,bmm
,61,61x469x608x15,40.0,1005.0,66.0,111.483,0.37887999415397644,bmm
,50,50x411x983x32,40.0,1005.0,66.0,111.483,0.5980160236358643,bmm
,62,62x321x828x8,40.0,1005.0,66.0,111.483,0.5082368016242981,bmm
,43,43x399x681x56,40.0,1005.0,66.0,111.483,0.42393600940704346,bmm
,35,35x400x533x41,40.0,1005.0,66.0,111.483,0.22732800245285034,bmm
,62,62x347x635x55,40.0,1005.0,66.0,111.483,0.39868159890174865,bmm
,65,65x280x822x110,24.0,1005.0,67.0,116.419,0.5076480031013488,bmm
,36,36x258x572x67,24.0,1005.0,67.0,116.419,0.24307200014591218,bmm
,33,33x487x659x94,24.0,1005.0,67.0,116.419,0.34549760818481445,bmm
,51,51x382x967x132,24.0,1005.0,67.0,116.419,0.9703295946121215,bmm
,59,59x291x641x135,24.0,1005.0,67.0,116.419,0.8290239930152893,bmm
,34,34x454x1002x238,24.0,1005.0,67.0,116.419,1.026867151260376,bmm
,47,47x511x598x299,24.0,1005.0,67.0,116.419,1.01212158203125,bmm
,49,49x480x865x451,49.0,930.0,69.0,118.875,1.8831360340118408,bmm
,39,39x307x794x272,49.0,930.0,69.0,118.875,0.8683519959449768,bmm
,53,53x433x738x767,49.0,930.0,69.0,118.875,2.3793536186218263,bmm
,40,40x268x827x929,49.0,930.0,69.0,118.875,1.9843071699142456,bmm
,64,64x348x749x840,54.88,999.0,72.6,128.8682799999999,2.554054307937622,bmm
,51,51x1018x30x1,56.0,1005.0,74.0,130.2309999999999,0.015359999611973763,bmm
,61,61x660x16x13,56.0,1005.0,74.0,130.2309999999999,0.04008959904313088,bmm
,60,60x718x1x8,56.0,1005.0,74.0,130.2309999999999,0.009216000325977802,bmm
,57,57x536x33x43,56.0,1005.0,74.0,130.2309999999999,0.05427199974656105,bmm
,40,40x705x10x49,56.0,1005.0,74.0,130.2309999999999,0.02864000014960766,bmm
,46,46x549x19x49,56.0,1005.0,74.0,130.2309999999999,0.03276799991726875,bmm
,39,39x794x33x92,56.0,1005.0,74.0,130.2309999999999,0.05522559955716133,bmm
,64,64x974x17x69,56.0,1005.0,74.0,130.2309999999999,0.06758400052785873,bmm
,40,40x600x31x114,5.0,1005.0,74.0,142.69799999999998,0.04195839911699295,bmm
,55,55x581x23x237,5.0,1005.0,74.0,142.69799999999998,0.07475200295448303,bmm
,62,62x1006x22x140,5.0,1005.0,74.0,142.69799999999998,0.11878400295972824,bmm
,63,63x906x28x185,5.0,1005.0,74.0,142.69799999999998,0.13837439715862274,bmm
,33,33x996x9x261,5.0,1005.0,74.0,142.69799999999998,0.08187519907951354,bmm
,45,45x514x4x261,5.0,1005.0,74.0,142.69799999999998,0.059148801118135454,bmm
,61,61x993x7x475,5.0,1005.0,74.0,142.69799999999998,0.16486400365829468,bmm
,51,51x785x2x530,5.0,1005.0,74.0,142.69799999999998,0.1388287991285324,bmm
,33,33x982x2x883,21.0,1005.0,74.0,140.71599999999992,0.1521536022424698,bmm
,42,42x942x1x544,21.0,1005.0,74.0,140.71599999999992,0.10545279830694199,bmm
,46,46x879x64x6,21.0,1005.0,74.0,140.71599999999992,0.07065600156784058,bmm
,38,38x1019x41x27,21.0,1005.0,74.0,140.71599999999992,0.06143999844789505,bmm
,34,34x913x36x6,21.0,1005.0,74.0,140.71599999999992,0.05119999870657921,bmm
,48,48x840x59x46,21.0,1005.0,74.0,140.71599999999992,0.08737919926643371,bmm
,47,47x856x50x37,21.0,1005.0,74.0,140.71599999999992,0.07925119698047638,bmm
,65,65x597x41x41,21.0,1005.0,74.0,140.71599999999992,0.06143999844789505,bmm
,33,33x956x64x90,21.0,1005.0,74.0,140.71599999999992,0.07168000191450119,bmm
,60,60x1003x39x128,6.0,1005.0,74.0,134.864,0.09169280081987381,bmm
,44,44x948x60x120,6.0,1005.0,74.0,134.864,0.08984320014715194,bmm
,41,41x844x54x251,6.0,1005.0,74.0,134.864,0.11161600053310394,bmm
,40,40x964x39x228,6.0,1005.0,74.0,134.864,0.1040383979678154,bmm
,56,56x557x33x176,6.0,1005.0,74.0,134.864,0.08806400001049042,bmm
,54,54x526x37x457,6.0,1005.0,74.0,134.864,0.1654783993959427,bmm
,57,57x685x35x263,6.0,1005.0,74.0,134.864,0.15564799308776855,bmm
,53,53x1019x38x398,6.0,1005.0,74.0,134.864,0.5146623849868774,bmm
,54,54x580x50x902,12.84,816.0,74.0,134.72972,0.7968767881393433,bmm
,52,52x833x48x670,25.0,480.0,74.0,134.491,0.7110527873039245,bmm
,54,54x545x55x537,25.0,480.0,74.0,134.491,0.5095424056053162,bmm
,45,45x559x124x29,25.0,480.0,74.0,134.491,0.19066880345344545,bmm
,35,35x648x65x20,25.0,480.0,74.0,134.491,0.12266239672899246,bmm
,45,45x593x77x8,25.0,480.0,74.0,134.491,0.13619199395179749,bmm
,40,40x565x111x64,25.0,480.0,74.0,134.491,0.17960959672927856,bmm
,52,52x865x110x53,25.0,480.0,74.0,134.491,0.283840012550354,bmm
,41,41x601x105x63,25.0,480.0,74.0,134.491,0.18534399569034576,bmm
,36,36x947x94x75,16.0,450.0,73.0,123.25300000000003,0.21299199759960175,bmm
,61,61x746x77x87,16.0,450.0,73.0,123.25300000000003,0.22650879621505737,bmm
,35,35x661x87x95,16.0,450.0,73.0,123.25300000000003,0.15462400019168854,bmm
,51,51x777x89x150,16.0,450.0,73.0,123.25300000000003,0.4749312102794647,bmm
,42,42x630x124x161,16.0,450.0,73.0,123.25300000000003,0.4116480052471161,bmm
,39,39x765x115x148,16.0,450.0,73.0,123.25300000000003,0.3919872045516968,bmm
,38,38x895x90x285,16.0,450.0,73.0,123.25300000000003,0.5478399991989136,bmm
,43,43x836x129x461,27.96,408.6,71.16,110.50731999999992,1.0995712280273438,bmm
,60,60x611x70x295,29.0,405.0,71.0,109.39899999999994,0.4843519926071167,bmm
,42,42x515x77x753,29.0,405.0,71.0,109.39899999999994,0.7436287999153137,bmm
,48,48x902x66x990,29.0,405.0,71.0,109.39899999999994,1.6177152395248413,bmm
,33,33x980x79x957,29.0,405.0,71.0,109.39899999999994,1.2040191888809204,bmm
,56,56x778x222x27,29.0,405.0,71.0,109.39899999999994,0.5912576079368591,bmm
,65,65x1025x235x10,50.0,525.0,72.0,109.948,0.7653375864028931,bmm
,39,39x713x251x19,50.0,525.0,72.0,109.948,0.320307195186615,bmm
,33,33x816x157x37,50.0,525.0,72.0,109.948,0.21401600539684296,bmm
,63,63x540x193x57,50.0,525.0,72.0,109.948,0.33689600229263306,bmm
,47,47x593x217x44,50.0,525.0,72.0,109.948,0.28569599986076355,bmm
,38,38x975x172x81,50.0,525.0,72.0,109.948,0.3020800054073334,bmm
,63,63x804x243x72,50.0,525.0,72.0,109.948,0.6029312014579773,bmm
,37,37x1017x183x105,50.0,525.0,72.0,109.948,0.317440003156662,bmm
,59,59x736x253x147,31.0,525.0,70.0,110.21000000000002,0.9195520281791687,bmm
,40,40x911x185x178,31.0,525.0,70.0,110.21000000000002,0.629305613040924,bmm
,56,56x853x257x186,31.0,525.0,70.0,110.21000000000002,1.0491904020309448,bmm
,44,44x843x146x387,31.0,525.0,70.0,110.21000000000002,0.990003228187561,bmm
,49,49x838x188x305,31.0,525.0,70.0,110.21000000000002,1.008396816253662,bmm
,35,35x693x156x492,31.0,525.0,70.0,110.21000000000002,0.7229440212249756,bmm
,41,41x636x251x744,42.0,615.0,71.0,112.74899999999997,1.3008831977844237,bmm
,53,53x828x132x609,42.0,615.0,71.0,112.74899999999997,1.1038719415664673,bmm
,59,59x872x152x633,42.0,615.0,71.0,112.74899999999997,1.2300287723541259,bmm
,35,35x840x416x9,42.0,615.0,71.0,112.74899999999997,0.37376001477241516,bmm
,44,44x549x346x16,42.0,615.0,71.0,112.74899999999997,0.32051199674606323,bmm
,34,34x749x413x9,42.0,615.0,71.0,112.74899999999997,0.374783992767334,bmm
,49,49x726x498x56,29.08,679.8,71.68,115.89468000000001,0.5928959846496582,bmm
,34,34x973x394x46,23.0,705.0,72.0,117.375,0.477183997631073,bmm
,63,63x927x425x35,23.0,705.0,72.0,117.375,0.8794112205505371,bmm
,60,60x973x389x123,23.0,705.0,72.0,117.375,0.7112383842468262,bmm
,39,39x857x457x126,23.0,705.0,72.0,117.375,0.5566464066505432,bmm
,46,46x803x363x112,23.0,705.0,72.0,117.375,0.4452351927757263,bmm
,44,44x958x293x249,23.0,705.0,72.0,117.375,0.7946239709854126,bmm
,65,65x586x467x192,28.0,705.0,72.0,117.36999999999993,1.0938239812850952,bmm
,54,54x599x363x129,28.0,705.0,72.0,117.36999999999993,0.7567359805107117,bmm
,60,60x733x386x412,28.0,705.0,72.0,117.36999999999993,1.8411519527435303,bmm
,38,38x1001x281x486,28.0,705.0,72.0,117.36999999999993,1.1558911800384521,bmm
,53,53x555x507x510,28.0,705.0,72.0,117.36999999999993,1.3526976346969604,bmm
,63,63x911x495x942,49.0,1005.0,74.0,124.62399999999994,4.970252895355225,bmm
,38,38x590x419x995,49.0,1005.0,74.0,124.62399999999994,1.6266687870025636,bmm
,49,49x864x382x854,49.0,1005.0,74.0,124.62399999999994,2.3276928424835206,bmm
,37,37x574x764x20,49.0,1005.0,74.0,124.62399999999994,0.46789759397506714,bmm
,60,60x591x832x20,53.0,1005.0,82.0,152.88299999999992,0.6731583952903748,bmm
,41,41x890x926x22,53.0,1005.0,82.0,152.88299999999992,0.7499199986457825,bmm
,63,63x760x945x44,53.0,1005.0,82.0,152.88299999999992,0.9615359902381897,bmm
,46,46x605x772x62,53.0,1005.0,82.0,152.88299999999992,0.47956480979919436,bmm
,47,47x1005x744x55,53.0,1005.0,82.0,152.88299999999992,0.754688024520874,bmm
,55,55x895x713x99,53.0,1005.0,82.0,152.88299999999992,0.7522240042686462,bmm
,54,54x882x626x113,35.4,1005.0,80.24,156.71187999999995,0.6680576205253601,bmm
,49,49x643x690x104,33.0,1005.0,80.0,157.23399999999995,0.5748736023902893,bmm
,51,51x924x603x179,33.0,1005.0,80.0,157.23399999999995,1.2288000583648682,bmm
,61,61x964x603x154,33.0,1005.0,80.0,157.23399999999995,1.4690303802490234,bmm
,42,42x929x786x216,33.0,1005.0,80.0,157.23399999999995,1.430508828163147,bmm
,49,49x650x639x464,34.68,1005.0,80.2,154.36036,1.9193599700927735,bmm
,38,38x516x524x433,40.0,1005.0,81.0,146.971,1.065779209136963,bmm
,64,64x644x773x354,40.0,1005.0,81.0,146.971,2.3103487491607666,bmm
,51,51x542x690x699,40.0,1005.0,81.0,146.971,2.6314176082611085,bmm
,58,58x778x722x549,46.24,1005.0,82.56,150.62036,3.612236833572388,bmm
,57,57x566x939x644,52.0,1005.0,84.0,153.989,3.9186432361602783,bmm
,107,107x8x17x21,52.0,1005.0,84.0,153.989,0.007148800045251846,bmm
,76,76x27x31x14,52.0,1005.0,84.0,153.989,0.016723199933767318,bmm
,85,85x11x1x8,52.0,1005.0,84.0,153.989,0.005119999870657921,bmm
,67,67x26x18x53,52.0,1005.0,84.0,153.989,0.01535359974950552,bmm
,107,107x11x33x64,52.0,1005.0,84.0,153.989,0.008191999979317188,bmm
,107,107x15x18x59,2.0,1005.0,84.0,174.10399999999993,0.008191999979317188,bmm
,88,88x4x8x115,2.0,1005.0,84.0,174.10399999999993,0.0071680000983178616,bmm
,117,117x4x17x120,2.0,1005.0,84.0,174.10399999999993,0.00790399992838502,bmm
,116,116x26x32x78,2.0,1005.0,84.0,174.10399999999993,0.02457600086927414,bmm
,128,128x9x4x214,2.0,1005.0,84.0,174.10399999999993,0.011744000203907489,bmm
,106,106x14x16x134,2.0,1005.0,84.0,174.10399999999993,0.011040000058710576,bmm
,101,101x26x1x243,2.0,1005.0,84.0,174.10399999999993,0.008191999979317188,bmm
,104,104x11x22x362,2.0,1005.0,84.0,174.10399999999993,0.017721600458025934,bmm
,67,67x24x21x412,2.0,1005.0,84.0,174.10399999999993,0.03988480046391487,bmm
,116,116x16x20x314,4.0,1005.0,81.0,162.33800000000008,0.02252800017595291,bmm
,98,98x16x5x781,4.0,1005.0,81.0,162.33800000000008,0.03541760072112084,bmm
,77,77x26x22x896,4.0,1005.0,81.0,162.33800000000008,0.06656000018119812,bmm
,117,117x26x3x672,4.0,1005.0,81.0,162.33800000000008,0.05701759979128838,bmm
,121,121x7x49x32,4.0,1005.0,81.0,162.33800000000008,0.0071680000983178616,bmm
,68,68x13x57x7,4.0,1005.0,81.0,162.33800000000008,0.008153600059449673,bmm
,105,105x21x39x26,4.0,1005.0,81.0,162.33800000000008,0.028332800045609473,bmm
,70,70x32x36x62,4.0,1005.0,81.0,162.33800000000008,0.018432000651955605,bmm
,104,104x11x64x52,4.0,1005.0,81.0,162.33800000000008,0.009184000268578529,bmm
,111,111x28x56x42,4.0,1005.0,81.0,162.33800000000008,0.03379200026392937,bmm
,76,76x9x41x90,4.0,1005.0,81.0,162.33800000000008,0.009216000325977802,bmm
,98,98x18x57x112,4.0,1005.0,79.0,135.25700000000003,0.03786880150437355,bmm
,108,108x10x36x91,4.0,1005.0,79.0,135.25700000000003,0.011264000087976456,bmm
,96,96x13x48x211,4.0,1005.0,79.0,135.25700000000003,0.015359999611973763,bmm
,126,126x3x33x236,4.0,1005.0,79.0,135.25700000000003,0.009216000325977802,bmm
,128,128x10x35x201,4.0,1005.0,79.0,135.25700000000003,0.016691200062632562,bmm
,124,124x20x39x299,4.0,1005.0,79.0,135.25700000000003,0.06364159882068635,bmm
,71,71x8x37x448,4.0,1005.0,79.0,135.25700000000003,0.015359999611973763,bmm
,82,82x22x43x462,4.0,1005.0,79.0,135.25700000000003,0.058342400938272476,bmm
,94,94x33x52x709,4.0,1005.0,79.0,135.25700000000003,0.1054655984044075,bmm
,68,68x11x38x824,6.0,1005.0,78.0,134.1390000000001,0.031046399474143983,bmm
,75,75x32x34x709,6.0,1005.0,78.0,134.1390000000001,0.07475200295448303,bmm
,94,94x21x91x16,6.0,1005.0,78.0,134.1390000000001,0.1525759994983673,bmm
,123,123x15x75x31,6.0,1005.0,78.0,134.1390000000001,0.023552000522613525,bmm
,70,70x20x121x14,6.0,1005.0,78.0,134.1390000000001,0.10649599879980087,bmm
,78,78x7x71x63,6.0,1005.0,78.0,134.1390000000001,0.021503999829292297,bmm
,91,91x19x129x54,6.0,1005.0,78.0,134.1390000000001,0.21255680024623871,bmm
,81,81x27x125x35,6.0,1005.0,78.0,134.1390000000001,0.11264000087976456,bmm
,73,73x6x72x121,6.0,1005.0,78.0,134.1390000000001,0.026623999699950218,bmm
,71,71x10x92x94,8.0,285.0,77.04,128.52507999999997,0.03481600061058998,bmm
,115,115x21x82x104,11.0,285.0,75.0,123.34299999999998,0.158720001578331,bmm
,78,78x8x66x194,11.0,285.0,75.0,123.34299999999998,0.04259839951992035,bmm
,119,119x29x115x136,11.0,285.0,75.0,123.34299999999998,0.29388800263404846,bmm
,125,125x31x85x256,11.0,285.0,75.0,123.34299999999998,0.3131392002105713,bmm
,95,95x13x88x260,11.0,285.0,75.0,123.34299999999998,0.08499199897050858,bmm
,75,75x32x111x409,11.0,285.0,75.0,123.34299999999998,0.3825663924217224,bmm
,77,77x23x86x464,11.0,285.0,75.0,123.34299999999998,0.3313663899898529,bmm
,83,83x16x92x920,11.0,285.0,75.0,123.34299999999998,0.3080191969871521,bmm
,77,77x30x65x610,16.0,255.0,73.0,105.977,0.35225600004196167,bmm
,81,81x16x94x665,16.0,255.0,73.0,105.977,0.2500607997179031,bmm
,121,121x6x201x11,16.0,255.0,73.0,105.977,0.030719999223947525,bmm
,75,75x16x146x12,16.0,255.0,73.0,105.977,0.02906240038573742,bmm
,128,128x11x225x24,16.0,255.0,73.0,105.977,0.040345598757266996,bmm
,118,118x4x136x36,16.0,255.0,73.0,105.977,0.027648000046610832,bmm
,111,111x17x168x35,16.0,255.0,73.0,105.977,0.3141632080078125,bmm
,88,88x26x208x37,16.0,255.0,73.0,105.977,0.37887999415397644,bmm
,85,85x16x211x118,16.0,255.0,73.0,105.977,0.1386495977640152,bmm
,66,66x3x180x83,28.0,240.0,71.0,100.00300000000001,0.03276799991726875,bmm
,105,105x17x142x101,28.0,240.0,71.0,100.00300000000001,0.2787328064441681,bmm
,67,67x18x210x183,28.0,240.0,71.0,100.00300000000001,0.3962880074977875,bmm
,100,100x22x192x182,28.0,240.0,71.0,100.00300000000001,0.5652480125427246,bmm
,72,72x16x187x217,28.0,240.0,71.0,100.00300000000001,0.25804799795150757,bmm
,128,128x4x197x283,28.0,240.0,71.0,100.00300000000001,0.5001216053962707,bmm
,69,69x32x148x303,28.0,240.0,71.0,100.00300000000001,0.4814848005771637,bmm
,115,115x28x188x345,22.0,210.0,66.0,88.537,0.9476096034049988,bmm
,65,65x30x240x587,22.0,210.0,66.0,88.537,0.9435136079788208,bmm
,119,119x2x139x551,22.0,210.0,66.0,88.537,0.609279990196228,bmm
,79,79x25x191x629,22.0,210.0,66.0,88.537,0.9320448040962219,bmm
,87,87x3x263x31,22.0,210.0,66.0,88.537,0.03379200026392937,bmm
,93,93x2x370x4,22.0,210.0,66.0,88.537,0.03788800165057182,bmm
,120,120x25x470x29,9.52,224.4,64.24,74.06883999999995,0.8671231865882874,bmm
,96,96x6x281x61,9.0,225.0,64.0,73.46599999999995,0.13496319949626923,bmm
,90,90x7x450x64,9.0,225.0,64.0,73.46599999999995,0.2019327998161316,bmm
,102,102x22x421x34,9.0,225.0,64.0,73.46599999999995,0.78438401222229,bmm
,77,77x26x366x66,9.0,225.0,64.0,73.46599999999995,0.36597760319709777,bmm
,100,100x7x481x117,9.0,225.0,64.0,73.46599999999995,0.40243199467658997,bmm
,106,106x26x285x65,9.0,225.0,64.0,73.46599999999995,0.5527551770210266,bmm
,112,112x3x391x155,9.0,225.0,64.0,73.46599999999995,0.45793280005455017,bmm
,127,127x3x452x178,30.0,225.0,61.0,62.885,0.6742016077041626,bmm
,97,97x26x354x147,30.0,225.0,61.0,62.885,1.002291202545166,bmm
,98,98x8x384x466,30.0,225.0,61.0,62.885,1.2406784057617188,bmm
,117,117x14x405x289,30.0,225.0,61.0,62.885,0.9654272198677063,bmm
,85,85x21x316x484,30.0,225.0,61.0,62.885,1.2199935913085938,bmm
,92,92x5x268x715,50.8,375.0,60.24,62.83604000000004,1.1614208221435547,bmm
,68,68x15x366x973,56.0,375.0,60.0,62.83400000000004,1.6787456274032593,bmm
,114,114x2x371x684,56.0,375.0,60.0,62.83400000000004,1.8444287776947021,bmm
,102,102x27x609x11,56.0,375.0,60.0,62.83400000000004,0.38809600472450256,bmm
,97,97x5x991x1,56.0,375.0,60.0,62.83400000000004,0.013721599988639355,bmm
,90,90x3x967x7,56.0,375.0,60.0,62.83400000000004,0.028672000393271446,bmm
,107,107x28x971x50,18.0,690.0,59.0,66.49299999999995,0.6203392148017883,bmm
,65,65x4x831x44,18.0,690.0,59.0,66.49299999999995,0.17899519801139832,bmm
,129,129x32x668x45,18.0,690.0,59.0,66.49299999999995,0.4878335952758789,bmm
,114,114x29x547x120,18.0,690.0,59.0,66.49299999999995,0.633241593837738,bmm
,89,89x24x782x115,18.0,690.0,59.0,66.49299999999995,0.6617087841033935,bmm
,77,77x26x920x84,18.0,690.0,59.0,66.49299999999995,0.5412864089012146,bmm
,119,119x5x938x147,20.0,690.0,58.04,65.509,1.1016192436218262,bmm
,126,126x9x714x184,20.0,690.0,58.0,65.509,1.1182080507278442,bmm
,82,82x9x534x234,20.0,690.0,58.0,65.509,0.6967296004295349,bmm
,95,95x28x706x419,20.0,690.0,58.0,65.509,2.1000192165374756,bmm
,123,123x7x692x451,27.92,717.0,58.0,65.60464,2.9005824089050294,bmm
,129,129x8x631x295,86.0,915.0,58.0,66.30600000000003,0.15378560423851012,bmm
,114,114x11x1006x1003,86.0,915.0,58.0,66.30600000000003,0.6846463918685913,bmm
,67,67x14x662x707,86.0,915.0,58.0,66.30600000000003,0.20825600028038024,bmm
,109,109x5x662x773,86.0,915.0,58.0,66.30600000000003,0.2795392096042633,bmm
,120,120x39x7x11,86.0,915.0,58.0,66.30600000000003,0.016383999958634377,bmm
,124,124x47x11x8,86.0,915.0,58.0,66.30600000000003,0.01945599913597107,bmm
,65,65x37x29x2,86.0,915.0,58.0,66.30600000000003,0.016383999958634377,bmm
,107,107x38x2x34,4.0,1005.0,63.0,94.31199999999995,0.016383999958634377,bmm
,66,66x61x9x41,4.0,1005.0,63.0,94.31199999999995,0.013843199983239175,bmm
,83,83x34x8x59,4.0,1005.0,63.0,94.31199999999995,0.01586560010910034,bmm
,73,73x34x25x77,4.0,1005.0,63.0,94.31199999999995,0.016531199961900712,bmm
,83,83x59x11x65,4.0,1005.0,63.0,94.31199999999995,0.01945599913597107,bmm
,112,112x43x16x85,4.0,1005.0,63.0,94.31199999999995,0.01859840042889118,bmm
,108,108x45x24x140,4.0,1005.0,63.0,94.31199999999995,0.030719999223947525,bmm
,121,121x50x2x189,4.0,1005.0,63.0,94.31199999999995,0.023552000522613525,bmm
,88,88x35x21x219,4.0,1005.0,63.0,94.31199999999995,0.03174399957060814,bmm
,121,121x49x21x310,4.0,1005.0,65.0,120.27399999999993,0.049472001194953916,bmm
,65,65x65x13x396,4.0,1005.0,65.0,120.27399999999993,0.034111999720335004,bmm
,78,78x54x26x281,4.0,1005.0,65.0,120.27399999999993,0.036844801157712936,bmm
,65,65x63x16x1021,4.0,1005.0,65.0,120.27399999999993,0.055296000093221664,bmm
,108,108x51x15x817,4.0,1005.0,65.0,120.27399999999993,0.07883519679307938,bmm
,122,122x65x15x1021,4.0,1005.0,65.0,120.27399999999993,0.09520640224218369,bmm
,114,114x39x45x21,4.0,1005.0,65.0,120.27399999999993,0.031615999341011045,bmm
,117,117x54x41x22,4.0,1005.0,65.0,120.27399999999993,0.031731199473142624,bmm
,84,84x49x36x13,4.0,1005.0,65.0,120.27399999999993,0.028332799673080444,bmm
,122,122x35x42x35,5.0,1005.0,67.0,125.86099999999999,0.031731199473142624,bmm
,78,78x48x38x42,5.0,1005.0,67.0,125.86099999999999,0.018432000651955605,bmm
,101,101x59x55x48,5.0,1005.0,67.0,125.86099999999999,0.03481600061058998,bmm
,127,127x52x46x94,5.0,1005.0,67.0,125.86099999999999,0.03174399957060814,bmm
,88,88x44x42x72,5.0,1005.0,67.0,125.86099999999999,0.03167999908328056,bmm
,72,72x46x46x97,5.0,1005.0,67.0,125.86099999999999,0.020287999883294106,bmm
,83,83x40x33x215,5.0,1005.0,67.0,125.86099999999999,0.03993599861860275,bmm
,123,123x36x53x202,5.0,1005.0,67.0,125.86099999999999,0.130048006772995,bmm
,98,98x59x59x222,5.0,1005.0,67.0,125.86099999999999,0.14233599603176117,bmm
,111,111x62x46x488,5.0,1005.0,67.0,125.86099999999999,0.21850240528583526,bmm
,76,76x42x65x513,14.0,375.0,68.0,124.57299999999998,0.24226560294628144,bmm
,108,108x45x64x295,14.0,375.0,68.0,124.57299999999998,0.18533119559288025,bmm
,124,124x45x40x691,14.0,375.0,68.0,124.57299999999998,0.31436800956726074,bmm
,125,125x33x65x922,14.0,375.0,68.0,124.57299999999998,0.6219776034355163,bmm
,112,112x61x57x976,14.0,375.0,68.0,124.57299999999998,0.5076735973358154,bmm
,68,68x44x66x24,14.0,375.0,68.0,124.57299999999998,0.06656000018119812,bmm
,123,123x54x94x28,14.0,375.0,68.0,124.57299999999998,0.14090240001678467,bmm
,109,109x46x121x19,14.0,375.0,68.0,124.57299999999998,0.17715199291706085,bmm
,108,108x64x76x62,15.0,330.0,67.12,113.07499999999999,0.12800000607967377,bmm
,101,101x35x110x61,15.0,330.0,67.0,113.07499999999999,0.1658879965543747,bmm
,76,76x36x112x37,15.0,330.0,67.0,113.07499999999999,0.09216000139713287,bmm
,90,90x50x66x70,15.0,330.0,67.0,113.07499999999999,0.11878400295972824,bmm
,73,73x51x125x97,15.0,330.0,67.0,113.07499999999999,0.10956799983978271,bmm
,120,120x38x123x88,15.0,330.0,67.0,113.07499999999999,0.1941376030445099,bmm
,100,100x54x98x244,15.0,330.0,67.0,113.07499999999999,0.2396160066127777,bmm
,91,91x49x113x192,15.0,330.0,67.0,113.07499999999999,0.2805759906768799,bmm
,82,82x41x95x144,15.0,330.0,67.0,113.07499999999999,0.16281600296497345,bmm
,96,96x36x92x482,19.8,307.2,66.44,102.82715999999995,0.3741696059703827,bmm
,66,66x64x88x506,23.0,300.0,66.0,99.59099999999995,0.2891775965690613,bmm
,68,68x43x87x430,23.0,300.0,66.0,99.59099999999995,0.2979840040206909,bmm
,107,107x42x70x761,23.0,300.0,66.0,99.59099999999995,0.4935680031776428,bmm
,126,126x57x82x950,23.0,300.0,66.0,99.59099999999995,0.9646080136299133,bmm
,75,75x33x117x699,23.0,300.0,66.0,99.59099999999995,0.5945279955863952,bmm
,97,97x54x183x22,23.0,300.0,66.0,99.59099999999995,0.30617600679397583,bmm
,84,84x54x216x22,23.0,300.0,66.0,99.59099999999995,0.34938880801200867,bmm
,123,123x47x229x22,32.0,270.0,66.0,97.90200000000003,0.3758080005645752,bmm
,124,124x61x136x33,32.0,270.0,66.0,97.90200000000003,0.23552000522613525,bmm
,75,75x41x141x47,32.0,270.0,66.0,97.90200000000003,0.1380351960659027,bmm
,74,74x35x133x40,32.0,270.0,66.0,97.90200000000003,0.131071999669075,bmm
,105,105x57x222x120,32.0,270.0,66.0,97.90200000000003,0.3676159977912903,bmm
,121,121x40x205x111,32.0,270.0,66.0,97.90200000000003,0.34261119961738584,bmm
,77,77x37x176x76,32.0,270.0,66.0,97.90200000000003,0.16935680508613588,bmm
,68,68x65x165x205,32.0,270.0,66.0,97.90200000000003,0.3020800054073334,bmm
,97,97x38x174x151,28.04,255.0,65.6,97.61820000000003,0.4556800127029419,bmm
,103,103x59x131x151,23.0,255.0,65.0,97.25700000000005,0.3850240111351013,bmm
,118,118x38x176x509,23.0,255.0,65.0,97.25700000000005,0.9379839897155762,bmm
,104,104x35x170x282,23.0,255.0,65.0,97.25700000000005,0.6359040141105652,bmm
,91,91x39x242x334,23.0,255.0,65.0,97.25700000000005,0.8202239871025085,bmm
,69,69x53x136x627,23.0,255.0,65.0,97.25700000000005,0.5877760052680969,bmm
,72,72x64x245x868,27.76,255.0,65.0,97.2264,1.5982592105865479,bmm
,72,72x53x241x544,30.0,255.0,65.0,97.212,1.0760191917419433,bmm
,96,96x46x493x4,30.0,255.0,65.0,97.212,0.5736448168754578,bmm
,92,92x34x464x22,30.0,255.0,65.0,97.212,0.5363711833953857,bmm
,100,100x55x418x8,30.0,255.0,65.0,97.212,0.49663999676704407,bmm
,95,95x34x273x49,30.0,255.0,65.0,97.212,0.3409920036792755,bmm
,76,76x41x276x58,30.0,255.0,65.0,97.212,0.2084863990545273,bmm
,78,78x40x394x49,18.0,360.0,62.0,84.01800000000001,0.2744320034980774,bmm
,68,68x45x449x74,18.0,360.0,62.0,84.01800000000001,0.31416319608688353,bmm
,129,129x49x375x128,18.0,360.0,62.0,84.01800000000001,0.6352896094322205,bmm
,65,65x38x304x117,18.0,360.0,62.0,84.01800000000001,0.25640960335731505,bmm
,106,106x61x267x178,18.0,360.0,62.0,84.01800000000001,0.5951488018035889,bmm
,89,89x63x494x137,18.0,360.0,62.0,84.01800000000001,0.8857599854469299,bmm
,82,82x38x500x219,34.8,360.0,60.56,68.47176000000002,0.728063988685608,bmm
,101,101x53x351x376,38.0,360.0,60.0,67.82400000000001,0.29286399483680725,bmm
,78,78x41x402x429,38.0,360.0,60.0,67.82400000000001,0.33585919737815856,bmm
,92,92x63x343x498,38.0,360.0,60.0,67.82400000000001,0.35630080103874207,bmm
,81,81x37x496x551,38.0,360.0,60.0,67.82400000000001,0.5015424013137817,bmm
,129,129x48x287x981,38.0,360.0,60.0,67.82400000000001,0.7649279832839966,bmm
,125,125x40x332x861,38.0,360.0,60.0,67.82400000000001,0.7505919933319092,bmm
,83,83x60x882x14,30.0,1005.0,67.0,91.63899999999995,0.35839998722076416,bmm
,70,70x48x1012x4,30.0,1005.0,67.0,91.63899999999995,0.21025920212268828,bmm
,117,117x44x932x23,30.0,1005.0,67.0,91.63899999999995,0.37681920528411866,bmm
,85,85x65x618x61,30.0,1005.0,67.0,91.63899999999995,0.25702399015426636,bmm
,93,93x36x734x41,30.0,1005.0,67.0,91.63899999999995,0.29896320700645446,bmm
,76,76x60x864x42,30.0,1005.0,67.0,91.63899999999995,0.18329599499702454,bmm
,117,117x46x711x82,30.0,1005.0,67.0,91.63899999999995,0.2913919985294342,bmm
,88,88x54x725x78,30.0,1005.0,67.0,91.63899999999995,0.2979840040206909,bmm
,89,89x47x714x80,18.0,1005.0,68.0,125.91400000000007,0.2938368022441864,bmm
,126,126x59x907x133,18.0,1005.0,68.0,125.91400000000007,0.7280640006065369,bmm
,106,106x46x661x244,18.0,1005.0,68.0,125.91400000000007,0.4044800102710724,bmm
,95,95x43x609x224,18.0,1005.0,68.0,125.91400000000007,0.3758015990257263,bmm
,103,103x64x940x498,18.0,1005.0,68.0,125.91400000000007,1.124351978302002,bmm
,84,84x39x846x437,18.0,1005.0,68.0,125.91400000000007,0.8435711860656738,bmm
,111,111x60x889x358,26.16,1005.0,70.72,137.81196000000003,0.8929280042648315,bmm
,86,86x55x912x985,30.0,1005.0,72.0,143.41100000000003,1.6234303712844849,bmm
,66,66x52x954x918,30.0,1005.0,72.0,143.41100000000003,1.3315072059631348,bmm
,72,72x34x715x1020,30.0,1005.0,72.0,143.41100000000003,1.1427839994430542,bmm
,92,92x94x29x4,30.0,1005.0,72.0,143.41100000000003,0.025599999353289604,bmm
,95,95x121x18x16,30.0,1005.0,72.0,143.41100000000003,0.02252800017595291,bmm
,114,114x100x26x11,30.0,1005.0,72.0,143.41100000000003,0.025599999353289604,bmm
,129,129x122x5x33,30.0,1005.0,72.0,143.41100000000003,0.016383999958634377,bmm
,100,100x123x28x40,5.0,1005.0,75.0,152.2110000000001,0.025753599405288697,bmm
,70,70x103x8x53,5.0,1005.0,75.0,152.2110000000001,0.011776000075042248,bmm
,108,108x126x13x66,5.0,1005.0,75.0,152.2110000000001,0.020153599977493285,bmm
,116,116x112x3x110,5.0,1005.0,75.0,152.2110000000001,0.01740800030529499,bmm
,91,91x85x24x67,5.0,1005.0,75.0,152.2110000000001,0.022201600298285485,bmm
,70,70x71x14x251,5.0,1005.0,75.0,152.2110000000001,0.01998079977929592,bmm
,81,81x69x15x144,5.0,1005.0,75.0,152.2110000000001,0.019603199139237405,bmm
,94,94x93x13x144,5.0,1005.0,75.0,152.2110000000001,0.027801600098609925,bmm
,114,114x78x26x281,5.0,1005.0,75.0,152.2110000000001,0.05713920071721077,bmm
,66,66x97x17x465,4.0,1005.0,74.0,145.83100000000002,0.04198399931192398,bmm
,107,107x129x3x468,4.0,1005.0,74.0,145.83100000000002,0.06979200094938279,bmm
,67,67x102x23x978,4.0,1005.0,74.0,145.83100000000002,0.07233280092477798,bmm
,128,128x82x26x639,4.0,1005.0,74.0,145.83100000000002,0.08904320001602173,bmm
,120,120x66x13x828,4.0,1005.0,74.0,145.83100000000002,0.08601599931716919,bmm
,73,73x111x64x9,4.0,1005.0,74.0,145.83100000000002,0.023289600387215614,bmm
,114,114x73x61x12,4.0,1005.0,74.0,145.83100000000002,0.03788800165057182,bmm
,67,67x107x47x19,4.0,1005.0,74.0,145.83100000000002,0.020479999482631683,bmm
,127,127x93x49x45,4.0,1005.0,74.0,145.83100000000002,0.03481600061058998,bmm
,78,78x66x35x57,4.0,1005.0,74.0,145.83100000000002,0.018432000651955605,bmm
,118,118x92x52x65,4.0,1005.0,73.0,127.48799999999997,0.035840000957250595,bmm
,68,68x107x35x96,4.0,1005.0,73.0,127.48799999999997,0.019404799863696098,bmm
,81,81x128x52x106,4.0,1005.0,73.0,127.48799999999997,0.025599999353289604,bmm
,115,115x81x39x69,4.0,1005.0,73.0,127.48799999999997,0.028672000393271446,bmm
,104,104x110x62x208,4.0,1005.0,73.0,127.48799999999997,0.06428159922361373,bmm
,68,68x76x34x140,4.0,1005.0,73.0,127.48799999999997,0.029171199724078178,bmm
,79,79x111x42x256,4.0,1005.0,73.0,127.48799999999997,0.04198399931192398,bmm
,106,106x98x35x481,4.0,1005.0,73.0,127.48799999999997,0.0960512027144432,bmm
,67,67x93x58x454,4.0,1005.0,73.0,127.48799999999997,0.07741439938545228,bmm
,86,86x126x49x482,4.0,1005.0,73.0,127.48799999999997,0.10465919822454453,bmm
,99,99x110x47x609,10.0,1005.0,71.0,115.84400000000004,0.12655360102653504,bmm
,80,80x68x57x753,10.0,1005.0,71.0,115.84400000000004,0.22896640002727509,bmm
,86,86x74x48x1024,10.0,1005.0,71.0,115.84400000000004,0.26849278807640076,bmm
,111,111x91x111x28,10.0,1005.0,71.0,115.84400000000004,0.12759040296077728,bmm
,90,90x66x127x26,10.0,1005.0,71.0,115.84400000000004,0.1515520066022873,bmm
,117,117x97x128x11,10.0,1005.0,71.0,115.84400000000004,0.1515520066022873,bmm
,68,68x113x123x57,10.0,1005.0,71.0,115.84400000000004,0.0870399996638298,bmm
,87,87x72x111x65,10.0,1005.0,71.0,115.84400000000004,0.14213119745254515,bmm
,79,79x107x104x39,12.0,390.0,70.0,103.69999999999999,0.07616640329360962,bmm
,109,109x129x113x126,12.0,390.0,70.0,103.69999999999999,0.2242559939622879,bmm
,109,109x115x98x107,12.0,390.0,70.0,103.69999999999999,0.13802239596843718,bmm
,97,97x68x111x95,12.0,390.0,70.0,103.69999999999999,0.15360000729560852,bmm
,126,126x65x112x187,12.0,390.0,70.0,103.69999999999999,0.28629120588302615,bmm
,123,123x91x72x199,12.0,390.0,70.0,103.69999999999999,0.15951999723911287,bmm
,120,120x91x90x203,12.0,390.0,70.0,103.69999999999999,0.20787200331687927,bmm
,107,107x83x71x402,12.0,390.0,70.0,103.69999999999999,0.3121087908744812,bmm
,125,125x125x90x357,18.24,348.6,69.04,101.57168,0.33689600229263306,bmm
,88,88x117x69x352,25.0,345.0,68.0,100.744,0.21893120110034942,bmm
,92,92x79x81x705,25.0,345.0,68.0,100.744,0.4378623962402344,bmm
,127,127x73x70x927,25.0,345.0,68.0,100.744,0.681984007358551,bmm
,97,97x109x124x731,25.0,345.0,68.0,100.744,0.6866943836212158,bmm
,114,114x97x191x6,25.0,345.0,68.0,100.744,0.262963205575943,bmm
,120,120x65x216x10,25.0,345.0,68.0,100.744,0.2881407916545868,bmm
,116,116x110x196x1,25.0,345.0,68.0,100.744,0.058163201063871385,bmm
,76,76x106x130x34,20.0,315.0,68.0,99.66199999999999,0.1157120019197464,bmm
,101,101x122x184x55,20.0,315.0,68.0,99.66199999999999,0.2645823895931244,bmm
,82,82x120x199x41,20.0,315.0,68.0,99.66199999999999,0.15769599378108978,bmm
,107,107x103x196x129,20.0,315.0,68.0,99.66199999999999,0.44113919138908386,bmm
,95,95x107x135x121,20.0,315.0,68.0,99.66199999999999,0.21745920181274414,bmm
,122,122x122x256x128,20.0,315.0,68.0,99.66199999999999,0.3758080005645752,bmm
,128,128x72x201x213,20.0,315.0,68.0,99.66199999999999,0.6270848035812377,bmm
,107,107x111x185x216,20.0,315.0,68.0,99.66199999999999,0.44889599084854126,bmm
,111,111x90x145x201,25.0,285.0,67.0,99.85599999999995,0.36432639956474305,bmm
,108,108x111x240x352,25.0,285.0,67.0,99.85599999999995,1.0901503562927246,bmm
,71,71x102x180x297,25.0,285.0,67.0,99.85599999999995,0.5642240047454834,bmm
,118,118x69x218x269,25.0,285.0,67.0,99.85599999999995,0.9256960153579712,bmm
,69,69x89x189x735,25.0,285.0,67.0,99.85599999999995,1.1466752290725708,bmm
,122,122x120x232x767,45.4,351.0,64.96,89.92132,2.4293375492095945,bmm
,104,104x100x136x776,55.0,360.0,64.0,88.029,1.3815808296203613,bmm
,114,114x122x302x20,55.0,360.0,64.0,88.029,0.35983359813690186,bmm
,113,113x66x449x18,55.0,360.0,64.0,88.029,0.3538943946361542,bmm
,93,93x124x363x15,55.0,360.0,64.0,88.029,0.3532799959182739,bmm
,106,106x114x423x61,55.0,360.0,64.0,88.029,0.5713919997215271,bmm
,98,98x92x469x47,15.0,570.0,62.0,72.25399999999996,0.4669439971446991,bmm
,84,84x76x477x61,15.0,570.0,62.0,72.25399999999996,0.42803200483322146,bmm
,95,95x93x419x105,15.0,570.0,62.0,72.25399999999996,0.5810176134109497,bmm
,91,91x91x306x65,15.0,570.0,62.0,72.25399999999996,0.34836480021476746,bmm
,67,67x107x324x125,15.0,570.0,62.0,72.25399999999996,0.3934208035469055,bmm
,111,111x80x370x139,15.0,570.0,62.0,72.25399999999996,0.7688192129135132,bmm
,84,84x70x402x191,45.0,570.0,61.0,67.01399999999995,0.7753728032112122,bmm
,116,116x76x468x220,45.0,570.0,61.0,67.01399999999995,1.2050431966781616,bmm
,125,125x72x330x489,45.0,570.0,61.0,67.01399999999995,1.860812783241272,bmm
,76,76x114x489x360,45.0,570.0,61.0,67.01399999999995,1.352294373512268,bmm
,121,121x102x353x331,46.56,663.6,60.52,67.08211999999999,1.5210496187210083,bmm
,73,73x73x422x825,48.0,750.0,60.0,67.145,2.120908832550049,bmm
,105,105x126x445x822,48.0,750.0,60.0,67.145,0.8427071809768677,bmm
,99,99x121x288x626,48.0,750.0,60.0,67.145,0.43411840200424195,bmm
,110,110x77x1018x16,48.0,750.0,60.0,67.145,0.41471999883651733,bmm
,68,68x97x820x3,48.0,750.0,60.0,67.145,0.17612800002098083,bmm
,88,88x66x993x21,16.0,1005.0,62.0,81.65200000000003,0.4034560024738312,bmm
,93,93x120x516x37,16.0,1005.0,62.0,81.65200000000003,0.22015999257564545,bmm
,128,128x71x599x50,16.0,1005.0,62.0,81.65200000000003,0.2505983948707581,bmm
,105,105x111x912x40,16.0,1005.0,62.0,81.65200000000003,0.37369600534439085,bmm
,110,110x78x947x124,16.0,1005.0,62.0,81.65200000000003,0.3901055991649628,bmm
,112,112x107x827x92,16.0,1005.0,62.0,81.65200000000003,0.34406399726867676,bmm
,84,84x113x1015x79,16.0,1005.0,62.0,81.65200000000003,0.41471359729766843,bmm
,126,126x112x750x189,16.0,1005.0,62.0,81.65200000000003,0.6147200107574463,bmm
,90,90x102x890x160,20.0,1005.0,65.0,97.80099999999997,0.5457919836044312,bmm
,72,72x105x846x252,20.0,1005.0,65.0,97.80099999999997,0.35102719664573667,bmm
,74,74x73x851x510,20.0,1005.0,65.0,97.80099999999997,0.6891520023345947,bmm
,90,90x90x615x465,20.0,1005.0,65.0,97.80099999999997,0.6266880035400391,bmm
,83,83x127x998x390,20.0,1005.0,65.0,97.80099999999997,1.006592035293579,bmm
,106,106x91x827x592,30.64,1005.0,66.52,110.35164000000005,1.1642752408981323,bmm
,88,88x103x855x844,34.0,1005.0,67.0,114.31500000000004,1.371455979347229,bmm
,75,75x121x765x815,34.0,1005.0,67.0,114.31500000000004,1.092198371887207,bmm
,110,110x156x26x13,34.0,1005.0,67.0,114.31500000000004,0.03686400130391121,bmm
,70,70x215x28x17,34.0,1005.0,67.0,114.31500000000004,0.02640639953315258,bmm
,105,105x158x29x7,34.0,1005.0,67.0,114.31500000000004,0.03686400130391121,bmm
,79,79x203x8x51,34.0,1005.0,67.0,114.31500000000004,0.016793600097298623,bmm
,68,68x156x29x52,34.0,1005.0,67.0,114.31500000000004,0.026623999699950218,bmm
,80,80x192x25x62,6.0,1005.0,69.0,122.20899999999997,0.026623999699950218,bmm
,82,82x184x7x110,6.0,1005.0,69.0,122.20899999999997,0.023552000522613525,bmm
,85,85x131x9x105,6.0,1005.0,69.0,122.20899999999997,0.028672000393271446,bmm
,115,115x249x20x71,6.0,1005.0,69.0,122.20899999999997,0.04195839911699295,bmm
,67,67x255x10x201,6.0,1005.0,69.0,122.20899999999997,0.04645760059356689,bmm
,88,88x185x7x172,6.0,1005.0,69.0,122.20899999999997,0.03993599861860275,bmm
,112,112x189x5x149,6.0,1005.0,69.0,122.20899999999997,0.043007999658584595,bmm
,65,65x205x19x461,6.0,1005.0,69.0,122.20899999999997,0.09069440066814423,bmm
,110,110x200x11x340,6.0,1005.0,69.0,122.20899999999997,0.09113600105047226,bmm
,77,77x135x27x511,9.0,1005.0,67.0,113.52399999999994,0.09866240322589874,bmm
,83,83x165x16x780,9.0,1005.0,67.0,113.52399999999994,0.13043200373649597,bmm
,121,121x210x9x635,9.0,1005.0,67.0,113.52399999999994,0.17018239796161652,bmm
,85,85x190x4x955,9.0,1005.0,67.0,113.52399999999994,0.1521664023399353,bmm
,73,73x257x42x20,9.0,1005.0,67.0,113.52399999999994,0.04607360064983368,bmm
,101,101x251x33x14,9.0,1005.0,67.0,113.52399999999994,0.041708798706531526,bmm
,73,73x140x34x19,9.0,1005.0,67.0,113.52399999999994,0.029689600691199303,bmm
,125,125x166x41x47,9.0,1005.0,67.0,113.52399999999994,0.0609984003007412,bmm
,92,92x257x63x62,9.0,1005.0,67.0,113.52399999999994,0.07475200295448303,bmm
,105,105x216x65x59,6.0,1005.0,67.0,99.36499999999997,0.06716160029172898,bmm
,107,107x178x39x106,6.0,1005.0,67.0,99.36499999999997,0.05222399905323982,bmm
,94,94x209x59x123,6.0,1005.0,67.0,99.36499999999997,0.06899200081825256,bmm
,105,105x197x51x69,6.0,1005.0,67.0,99.36499999999997,0.057958400994539264,bmm
,128,128x146x40x173,6.0,1005.0,67.0,99.36499999999997,0.09093120098114013,bmm
,97,97x198x42x239,6.0,1005.0,67.0,99.36499999999997,0.09318400174379349,bmm
,94,94x191x43x212,6.0,1005.0,67.0,99.36499999999997,0.08806400001049042,bmm
,72,72x195x47x308,6.0,1005.0,67.0,99.36499999999997,0.09789440333843231,bmm
,119,119x202x48x326,6.0,1005.0,67.0,99.36499999999997,0.14929920434951782,bmm
,99,99x190x62x395,10.0,465.0,67.0,99.78200000000001,0.35102719664573667,bmm
,74,74x215x49x624,10.0,465.0,67.0,99.78200000000001,0.31191039085388184,bmm
,87,87x148x52x784,10.0,465.0,67.0,99.78200000000001,0.46120959520339966,bmm
,99,99x165x59x600,10.0,465.0,67.0,99.78200000000001,0.4567039906978607,bmm
,89,89x163x89x23,10.0,465.0,67.0,99.78200000000001,0.15768959522247314,bmm
,76,76x244x92x24,10.0,465.0,67.0,99.78200000000001,0.11140480041503906,bmm
,69,69x207x119x19,10.0,465.0,67.0,99.78200000000001,0.13557759821414947,bmm
,94,94x219x102x57,10.0,465.0,67.0,99.78200000000001,0.17919999361038208,bmm
,120,120x144x93x42,14.0,441.0,66.56,99.91480000000001,0.1669120043516159,bmm
,81,81x224x72x47,15.0,435.0,66.0,99.94800000000001,0.09318400174379349,bmm
,104,104x219x110x123,15.0,435.0,66.0,99.94800000000001,0.20869119763374328,bmm
,85,85x183x91x115,15.0,435.0,66.0,99.94800000000001,0.17817600071430206,bmm
,85,85x225x94x129,15.0,435.0,66.0,99.94800000000001,0.2822144031524658,bmm
,118,118x254x126x198,15.0,435.0,66.0,99.94800000000001,0.4485119879245758,bmm
,80,80x139x66x164,15.0,435.0,66.0,99.94800000000001,0.19312640130519867,bmm
,110,110x250x96x157,15.0,435.0,66.0,99.94800000000001,0.34508800506591797,bmm
,94,94x155x81x500,15.0,435.0,66.0,99.94800000000001,0.5414912104606628,bmm
,84,84x173x68x501,22.0,375.0,66.0,99.52599999999998,0.4231104016304016,bmm
,109,109x158x123x441,22.0,375.0,66.0,99.52599999999998,0.8230912089347839,bmm
,80,80x185x68x561,22.0,375.0,66.0,99.52599999999998,0.4913151919841766,bmm
,87,87x192x115x935,22.0,375.0,66.0,99.52599999999998,1.243328046798706,bmm
,106,106x140x98x923,22.0,375.0,66.0,99.52599999999998,1.2890048265457152,bmm
,118,118x221x209x29,22.0,375.0,66.0,99.52599999999998,0.3805184066295624,bmm
,92,92x245x250x4,49.0,375.0,67.0,101.98399999999997,0.4413439929485321,bmm
,102,102x139x252x13,49.0,375.0,67.0,101.98399999999997,0.43827199935913086,bmm
,128,128x159x165x56,49.0,375.0,67.0,101.98399999999997,0.3962880074977875,bmm
,88,88x216x228x57,49.0,375.0,67.0,101.98399999999997,0.4044800102710724,bmm
,89,89x161x211x60,49.0,375.0,67.0,101.98399999999997,0.37662720680236816,bmm
,121,121x137x142x100,49.0,375.0,67.0,101.98399999999997,0.26847999095916747,bmm
,126,126x254x206x65,49.0,375.0,67.0,101.98399999999997,0.4841471970081329,bmm
,111,111x188x145x97,49.0,375.0,67.0,101.98399999999997,0.2834432125091553,bmm
,105,105x135x132x247,33.0,375.0,66.0,103.279,0.48127999901771545,bmm
,113,113x228x130x204,33.0,375.0,66.0,103.279,0.48721919059753416,bmm
,114,114x231x193x252,33.0,375.0,66.0,103.279,0.6907776117324829,bmm
,72,72x202x255x325,33.0,375.0,66.0,103.279,0.8609663963317871,bmm
,124,124x188x239x398,33.0,375.0,66.0,103.279,2.0396032333374023,bmm
,89,89x151x177x379,47.0,375.0,66.0,100.25199999999997,1.054310417175293,bmm
,82,82x203x220x670,47.0,375.0,66.0,100.25199999999997,1.9523584127426148,bmm
,129,129x245x151x760,47.0,375.0,66.0,100.25199999999997,2.996019124984741,bmm
,80,80x157x239x645,62.84,828.6,64.56,91.89639999999997,1.5849472284317017,bmm
,120,120x252x281x6,69.0,1005.0,64.0,88.64699999999999,0.6412287950515747,bmm
,70,70x199x437x25,69.0,1005.0,64.0,88.64699999999999,0.47411200404167175,bmm
,69,69x168x404x13,69.0,1005.0,64.0,88.64699999999999,0.17612800002098083,bmm
,85,85x144x329x51,69.0,1005.0,64.0,88.64699999999999,0.2144064038991928,bmm
,98,98x198x259x52,69.0,1005.0,64.0,88.64699999999999,0.17797119915485382,bmm
,120,120x219x432x49,69.0,1005.0,64.0,88.64699999999999,0.2754560112953186,bmm
,88,88x228x465x119,69.0,1005.0,64.0,88.64699999999999,0.3049471974372864,bmm
,93,93x192x282x120,20.0,1005.0,65.0,80.98,0.19353599846363068,bmm
,79,79x166x483x109,20.0,1005.0,65.0,80.98,0.21094399690628052,bmm
,70,70x129x398x193,20.0,1005.0,65.0,80.98,0.3328000009059906,bmm
,72,72x247x333x171,20.0,1005.0,65.0,80.98,0.29286399483680725,bmm
,112,112x184x277x132,20.0,1005.0,65.0,80.98,0.3551231920719147,bmm
,126,126x171x415x493,20.0,1005.0,65.0,80.98,1.095692801475525,bmm
,117,117x180x427x318,20.0,1005.0,65.0,80.98,0.7909183979034424,bmm
,66,66x139x374x369,44.0,1005.0,67.0,98.24299999999995,0.392192006111145,bmm
,108,108x219x502x890,44.0,1005.0,67.0,98.24299999999995,1.9418879985809325,bmm
,88,88x249x280x592,44.0,1005.0,67.0,98.24299999999995,0.6532992243766784,bmm
,76,76x207x458x649,44.0,1005.0,67.0,98.24299999999995,1.1231231689453125,bmm
,129,129x168x831x20,44.0,1005.0,67.0,98.24299999999995,0.6697343826293946,bmm
,107,107x175x855x28,44.0,1005.0,67.0,115.05599999999998,0.5222399830818176,bmm
,125,125x143x789x30,32.0,1005.0,70.0,122.96799999999998,0.6365184187889099,bmm
,113,113x230x685x65,32.0,1005.0,70.0,122.96799999999998,0.42905598878860474,bmm
,99,99x141x746x48,32.0,1005.0,70.0,122.96799999999998,0.45920000672340394,bmm
,76,76x169x676x34,32.0,1005.0,70.0,122.96799999999998,0.2836480140686035,bmm
,89,89x191x917x92,32.0,1005.0,70.0,122.96799999999998,0.5611519813537598,bmm
,88,88x218x531x96,32.0,1005.0,70.0,122.96799999999998,0.3389439880847931,bmm
,104,104x190x776x92,30.32,1005.0,70.0,123.59328000000004,0.475955194234848,bmm
,126,126x165x703x137,25.0,1005.0,70.0,124.92200000000001,0.985702395439148,bmm
,92,92x174x784x148,25.0,1005.0,70.0,124.92200000000001,0.7874303817749023,bmm
,124,124x217x810x171,25.0,1005.0,70.0,124.92200000000001,1.1446272134780884,bmm
,87,87x210x611x427,25.0,1005.0,70.0,124.92200000000001,1.1157504320144653,bmm
,67,67x201x525x441,25.0,1005.0,70.0,124.92200000000001,0.7513728022575379,bmm
,117,117x254x970x288,45.0,1005.0,73.0,121.27,1.75000958442688,bmm
,94,94x211x848x520,45.0,1005.0,73.0,121.27,2.0183041095733643,bmm
,78,78x152x674x577,45.0,1005.0,73.0,121.27,1.3583679914474487,bmm
,73,73x145x993x792,45.0,1005.0,73.0,121.27,2.5681600093841555,bmm
,122,122x269x20x20,45.0,1005.0,73.0,121.27,0.048128001391887665,bmm
,81,81x394x26x2,69.0,1005.0,76.0,138.44900000000004,0.04602240025997162,bmm
,65,65x385x23x15,69.0,1005.0,76.0,138.44900000000004,0.03993599861860275,bmm
,111,111x512x12x62,69.0,1005.0,76.0,138.44900000000004,0.058368001133203506,bmm
,101,101x403x18x41,69.0,1005.0,76.0,138.44900000000004,0.05119999870657921,bmm
,107,107x372x16x52,69.0,1005.0,76.0,138.44900000000004,0.03891199827194214,bmm
,115,115x357x17x108,69.0,1005.0,76.0,138.44900000000004,0.07102080136537552,bmm
,111,111x317x20x91,69.0,1005.0,76.0,138.44900000000004,0.060825600475072863,bmm
,103,103x348x20x113,69.0,1005.0,76.0,138.44900000000004,0.06143999844789505,bmm
,121,121x345x17x241,69.0,1005.0,76.0,138.44900000000004,0.12738560140132904,bmm
,93,93x399x31x174,8.0,1005.0,72.0,129.857,0.12267519682645797,bmm
,95,95x501x25x172,8.0,1005.0,72.0,129.857,0.13654399514198304,bmm
,104,104x309x10x289,8.0,1005.0,72.0,129.857,0.11097600013017654,bmm
,65,65x328x13x298,8.0,1005.0,72.0,129.857,0.07864319682121276,bmm
,98,98x408x10x447,8.0,1005.0,72.0,129.857,0.18287359774112702,bmm
,115,115x264x31x741,8.0,1005.0,72.0,129.857,0.32358399629592893,bmm
,129,129x344x15x542,8.0,1005.0,72.0,129.857,0.2482175976037979,bmm
,99,99x309x21x517,10.52,1005.0,71.92,127.78159999999998,0.2049599975347519,bmm
,104,104x496x58x2,29.0,1005.0,71.0,112.56199999999994,0.10547199845314026,bmm
,78,78x268x41x18,29.0,1005.0,71.0,112.56199999999994,0.045388799905776975,bmm
,107,107x276x61x27,29.0,1005.0,71.0,112.56199999999994,0.07522560209035874,bmm
,71,71x299x64x53,29.0,1005.0,71.0,112.56199999999994,0.058860800415277484,bmm
,108,108x394x35x61,29.0,1005.0,71.0,112.56199999999994,0.08477439880371093,bmm
,90,90x503x57x48,29.0,1005.0,71.0,112.56199999999994,0.1001407966017723,bmm
,96,96x361x49x117,29.0,1005.0,71.0,112.56199999999994,0.08661119937896729,bmm
,73,73x503x38x114,29.0,1005.0,71.0,112.56199999999994,0.07577600330114365,bmm
,90,90x301x47x125,10.6,1005.0,70.2,106.92976000000004,0.07471360266208649,bmm
,113,113x416x55x218,9.0,1005.0,70.0,106.44000000000004,0.21008640229701997,bmm
,105,105x447x46x189,9.0,1005.0,70.0,106.44000000000004,0.18122879564762115,bmm
,113,113x385x34x239,9.0,1005.0,70.0,106.44000000000004,0.17382400035858153,bmm
,101,101x382x49x326,9.0,1005.0,70.0,106.44000000000004,0.2225407987833023,bmm
,111,111x362x62x493,9.0,1005.0,70.0,106.44000000000004,0.4964351952075958,bmm
,103,103x478x49x421,9.0,1005.0,70.0,106.44000000000004,0.5386239886283875,bmm
,66,66x292x65x994,9.0,1005.0,70.0,106.44000000000004,0.6330368041992187,bmm
,72,72x415x37x985,35.0,540.0,70.0,106.54700000000001,0.6164479851722717,bmm
,76,76x454x50x871,35.0,540.0,70.0,106.54700000000001,0.6901760101318359,bmm
,115,115x292x109x23,35.0,540.0,70.0,106.54700000000001,0.22937600314617157,bmm
,117,117x264x108x24,35.0,540.0,70.0,106.54700000000001,0.22874879837036133,bmm
,84,84x448x115x26,35.0,540.0,70.0,106.54700000000001,0.2443263977766037,bmm
,93,93x286x109x43,35.0,540.0,70.0,106.54700000000001,0.1890047997236252,bmm
,126,126x401x116x33,35.0,540.0,70.0,106.54700000000001,0.3338240087032318,bmm
,118,118x333x87x45,28.24,564.0,69.64,107.60859999999997,0.19251200556755066,bmm
,65,65x409x66x69,22.0,570.0,69.0,107.87399999999997,0.13619199395179749,bmm
,108,108x468x75x79,22.0,570.0,69.0,107.87399999999997,0.21258240044116974,bmm
,129,129x297x124x127,22.0,570.0,69.0,107.87399999999997,0.2625536024570465,bmm
,106,106x400x108x131,22.0,570.0,69.0,107.87399999999997,0.48312321305274963,bmm
,97,97x432x81x243,22.0,570.0,69.0,107.87399999999997,0.36472960114479064,bmm
,115,115x425x84x201,22.0,570.0,69.0,107.87399999999997,0.43007999658584595,bmm
,128,128x468x99x302,22.0,570.0,69.0,107.87399999999997,0.7763968110084534,bmm
,81,81x413x98x408,28.0,570.0,70.0,106.30199999999999,0.653107225894928,bmm
,109,109x461x121x353,28.0,570.0,70.0,106.30199999999999,0.7903231978416443,bmm
,94,94x466x69x1017,28.0,570.0,70.0,106.30199999999999,1.0682368278503418,bmm
,93,93x483x85x530,28.0,570.0,70.0,106.30199999999999,0.7731007814407349,bmm
,106,106x508x101x711,28.0,570.0,70.0,106.30199999999999,1.2345343828201294,bmm
,119,119x510x190x4,28.0,570.0,70.0,106.30199999999999,0.4171776056289673,bmm
,71,71x273x212x4,56.0,600.0,71.0,111.53600000000004,0.2385919988155365,bmm
,129,129x420x194x26,56.0,600.0,71.0,111.53600000000004,0.4995071947574615,bmm
,73,73x369x165x39,56.0,600.0,71.0,111.53600000000004,0.1969920039176941,bmm
,102,102x342x201x37,56.0,600.0,71.0,111.53600000000004,0.30697600841522216,bmm
,74,74x360x208x34,56.0,600.0,71.0,111.53600000000004,0.23347200453281403,bmm
,88,88x454x226x96,56.0,600.0,71.0,111.53600000000004,0.419622403383255,bmm
,108,108x481x243x116,56.0,600.0,71.0,111.53600000000004,0.5335040092468262,bmm
,88,88x378x132x91,23.0,600.0,70.0,112.29500000000003,0.21422080397605897,bmm
,89,89x464x201x235,23.0,600.0,70.0,112.29500000000003,0.6674432158470154,bmm
,82,82x471x141x157,23.0,600.0,70.0,112.29500000000003,0.42577919363975525,bmm
,128,128x275x223x144,23.0,600.0,70.0,112.29500000000003,0.7831552028656006,bmm
,103,103x433x225x360,23.0,600.0,70.0,112.29500000000003,1.2865280151367187,bmm
,82,82x463x178x260,23.0,600.0,70.0,112.29500000000003,0.6686720252037048,bmm
,92,92x497x135x364,23.0,600.0,70.0,112.29500000000003,0.6039488077163696,bmm
,65,65x457x176x869,27.0,705.0,71.0,112.18199999999996,1.2165119647979736,bmm
,94,94x434x231x743,27.0,705.0,71.0,112.18199999999996,1.9128320217132568,bmm
,119,119x480x164x607,27.0,705.0,71.0,112.18199999999996,1.1427648067474365,bmm
,91,91x267x344x24,27.0,705.0,71.0,112.18199999999996,0.293260794878006,bmm
,78,78x497x337x26,27.0,705.0,71.0,112.18199999999996,0.30104959607124326,bmm
,93,93x274x374x7,16.0,990.0,73.0,121.567,0.32051199674606323,bmm
,107,107x489x450x42,16.0,990.0,73.0,121.567,0.5767295837402344,bmm
,102,102x471x266x39,16.0,990.0,73.0,121.567,0.3020800054073334,bmm
,125,125x370x332x37,16.0,990.0,73.0,121.567,0.36413440108299255,bmm
,124,124x344x448x68,16.0,990.0,73.0,121.567,0.47370240092277527,bmm
,75,75x387x490x105,16.0,990.0,73.0,121.567,0.4225215971469879,bmm
,79,79x482x457x65,16.0,990.0,73.0,121.567,0.3993600010871887,bmm
,95,95x284x383x172,16.0,990.0,73.0,121.567,0.56424320936203,bmm
,97,97x364x393x168,30.0,990.0,72.0,121.78699999999995,0.6715327858924866,bmm
,72,72x396x510x156,30.0,990.0,72.0,121.78699999999995,0.8355839848518372,bmm
,125,125x375x311x293,30.0,990.0,72.0,121.78699999999995,0.9195520281791687,bmm
,102,102x399x450x464,30.0,990.0,72.0,121.78699999999995,1.8350080251693726,bmm
,89,89x480x364x513,30.0,990.0,72.0,121.78699999999995,1.6451584100723267,bmm
,121,121x448x324x953,47.0,1005.0,77.0,124.18699999999994,3.2106494903564453,bmm
,108,108x381x506x907,47.0,1005.0,77.0,124.18699999999994,3.309113550186157,bmm
,95,95x405x272x608,47.0,1005.0,77.0,124.18699999999994,1.335091233253479,bmm
,73,73x415x886x25,51.0,1005.0,80.0,144.9989999999999,0.7157760262489319,bmm
,67,67x407x625x32,51.0,1005.0,80.0,144.9989999999999,0.5160831928253173,bmm
,129,129x493x698x15,51.0,1005.0,80.0,144.9989999999999,0.9933183908462524,bmm
,85,85x291x660x40,51.0,1005.0,80.0,144.9989999999999,0.5410431981086731,bmm
,72,72x399x732x62,51.0,1005.0,80.0,144.9989999999999,0.5980160236358643,bmm
,65,65x259x573x50,51.0,1005.0,80.0,144.9989999999999,0.35940479636192324,bmm
,85,85x347x851x104,51.0,1005.0,80.0,144.9989999999999,0.7022591829299927,bmm
,111,111x493x762x126,27.0,1005.0,77.0,145.46,0.9639680027961731,bmm
,125,125x405x742x67,27.0,1005.0,77.0,145.46,1.0463231801986694,bmm
,83,83x502x513x241,27.0,1005.0,77.0,145.46,0.9689087867736816,bmm
,102,102x364x616x253,27.0,1005.0,77.0,145.46,1.013759970664978,bmm
,104,104x472x792x252,27.0,1005.0,77.0,145.46,1.7530879974365234,bmm
,69,69x351x915x290,49.0,1005.0,80.0,138.88099999999997,1.4684159755706787,bmm
,65,65x423x752x348,49.0,1005.0,80.0,138.88099999999997,1.5022079944610596,bmm
,95,95x273x853x488,49.0,1005.0,80.0,138.88099999999997,2.3793280124664307,bmm
,68,68x482x524x869,49.0,1005.0,80.0,138.88099999999997,2.5650943756103515,bmm
,87,87x419x919x667,86.0,1005.0,83.0,149.63299999999992,4.722425651550293,bmm
,74,74x359x999x769,86.0,1005.0,83.0,149.63299999999992,3.7568511962890625,bmm
,99,99x939x6x26,86.0,1005.0,83.0,149.63299999999992,0.06307839900255204,bmm
,65,65x622x18x7,86.0,1005.0,83.0,149.63299999999992,0.03993599861860275,bmm
,66,66x531x21x33,86.0,1005.0,83.0,149.63299999999992,0.0486272007226944,bmm
,113,113x739x22x60,6.0,1005.0,83.0,174.74699999999996,0.10342399775981903,bmm
,122,122x945x17x42,6.0,1005.0,83.0,174.74699999999996,0.1157120019197464,bmm
,65,65x665x1x48,6.0,1005.0,83.0,174.74699999999996,0.02252800017595291,bmm
,101,101x866x4x103,6.0,1005.0,83.0,174.74699999999996,0.09234560132026673,bmm
,125,125x664x18x127,6.0,1005.0,83.0,174.74699999999996,0.132083198428154,bmm
,106,106x717x16x104,6.0,1005.0,83.0,174.74699999999996,0.09808640331029891,bmm
,87,87x892x27x165,6.0,1005.0,83.0,174.74699999999996,0.20413439869880676,bmm
,108,108x994x3x170,6.0,1005.0,83.0,174.74699999999996,0.17715199291706085,bmm
,123,123x741x24x183,6.0,1005.0,83.0,174.74699999999996,0.22171519994735717,bmm
,127,127x776x31x503,15.0,1005.0,79.0,157.80000000000007,0.6090687990188599,bmm
,125,125x1000x23x370,15.0,1005.0,79.0,157.80000000000007,0.5146367907524109,bmm
,123,123x980x17x442,15.0,1005.0,79.0,157.80000000000007,0.569920003414154,bmm
,94,94x918x32x817,15.0,1005.0,79.0,157.80000000000007,0.8443903923034668,bmm
,81,81x568x10x837,15.0,1005.0,79.0,157.80000000000007,0.3702783942222595,bmm
,102,102x848x9x579,15.0,1005.0,79.0,157.80000000000007,0.4759296000003815,bmm
,90,90x901x55x19,31.0,1005.0,78.0,121.16199999999995,0.14046719670295715,bmm
,118,118x572x58x12,31.0,1005.0,78.0,121.16199999999995,0.1372160017490387,bmm
,110,110x1008x44x18,31.0,1005.0,78.0,121.16199999999995,0.1574463963508606,bmm
,84,84x852x37x44,31.0,1005.0,78.0,121.16199999999995,0.11550720185041427,bmm
,114,114x855x63x53,31.0,1005.0,78.0,121.16199999999995,0.1853056013584137,bmm
,69,69x1005x49x58,31.0,1005.0,78.0,121.16199999999995,0.13496319949626923,bmm
,96,96x564x46x84,31.0,1005.0,78.0,121.16199999999995,0.11059200018644333,bmm
,128,128x693x47x103,31.0,1005.0,78.0,121.16199999999995,0.18959999978542327,bmm
,107,107x916x52x97,31.0,1005.0,78.0,121.16199999999995,0.2161856025457382,bmm
,110,110x592x57x195,13.0,1005.0,76.0,119.73199999999999,0.26705920696258545,bmm
,85,85x1007x43x210,13.0,1005.0,76.0,119.73199999999999,0.30327041149139405,bmm
,88,88x1002x33x141,13.0,1005.0,76.0,119.73199999999999,0.2815999984741211,bmm
,101,101x590x56x512,13.0,1005.0,76.0,119.73199999999999,0.5298175930976867,bmm
,84,84x738x56x442,13.0,1005.0,76.0,119.73199999999999,0.47923200726509096,bmm
,78,78x896x45x436,13.0,1005.0,76.0,119.73199999999999,0.49254400134086607,bmm
,78,78x523x40x874,25.0,852.0,75.44,116.96540000000005,0.5249024033546448,bmm
,127,127x1016x49x772,33.0,750.0,75.0,115.12100000000005,1.6668672561645508,bmm
,121,121x966x50x931,33.0,750.0,75.0,115.12100000000005,1.552793598175049,bmm
,128,128x763x101x21,33.0,750.0,75.0,115.12100000000005,0.24371199309825897,bmm
,74,74x789x110x32,33.0,750.0,75.0,115.12100000000005,0.18492159843444825,bmm
,121,121x871x122x20,33.0,750.0,75.0,115.12100000000005,0.31947519183158873,bmm
,108,108x1003x97x63,17.0,1005.0,75.0,121.17999999999998,0.2779136002063751,bmm
,125,125x853x112x64,17.0,1005.0,75.0,121.17999999999998,0.28610560297966003,bmm
,111,111x804x69x53,17.0,1005.0,75.0,121.17999999999998,0.18695679903030396,bmm
,108,108x755x90x112,17.0,1005.0,75.0,121.17999999999998,0.23613440096378327,bmm
,129,129x662x125x89,17.0,1005.0,75.0,121.17999999999998,0.304121595621109,bmm
,107,107x524x72x102,17.0,1005.0,75.0,121.17999999999998,0.15112320482730865,bmm
,83,83x972x85x217,17.0,1005.0,75.0,121.17999999999998,0.38335360288619996,bmm
,121,121x681x100x209,16.0,1005.0,74.0,119.88099999999999,0.4531840026378632,bmm
,83,83x960x92x223,16.0,1005.0,74.0,119.88099999999999,0.41348479986190795,bmm
,96,96x973x68x350,16.0,1005.0,74.0,119.88099999999999,0.5351423978805542,bmm
,119,119x709x69x447,16.0,1005.0,74.0,119.88099999999999,0.6258623957633972,bmm
,70,70x921x125x503,16.0,1005.0,74.0,119.88099999999999,0.8216575980186462,bmm
,70,70x696x107x579,16.0,1005.0,74.0,119.88099999999999,0.6911999940872192,bmm
,101,101x629x67x806,37.0,1005.0,75.0,120.07000000000002,0.7815039873123169,bmm
,113,113x960x76x749,37.0,1005.0,75.0,120.07000000000002,1.2560320138931274,bmm
,116,116x551x227x20,37.0,1005.0,75.0,120.07000000000002,0.3926144063472748,bmm
,111,111x846x153x32,37.0,1005.0,75.0,120.07000000000002,0.35509759187698364,bmm
,110,110x729x133x18,37.0,1005.0,75.0,120.07000000000002,0.2744320034980774,bmm
,66,66x631x230x59,37.0,1005.0,75.0,120.07000000000002,0.2572223901748657,bmm
,117,117x907x168x56,37.0,1005.0,75.0,120.07000000000002,0.43479040265083313,bmm
,110,110x1023x208x64,23.0,1005.0,75.0,125.11400000000002,0.5257152080535888,bmm
,100,100x689x226x75,23.0,1005.0,75.0,125.11400000000002,0.4274112045764923,bmm
,129,129x659x235x101,23.0,1005.0,75.0,125.11400000000002,0.5517311811447143,bmm
,96,96x914x212x86,23.0,1005.0,75.0,125.11400000000002,0.5009472012519837,bmm
,89,89x873x177x201,23.0,1005.0,75.0,125.11400000000002,0.6864895820617676,bmm
,74,74x522x219x198,23.0,1005.0,75.0,125.11400000000002,0.5072831869125366,bmm
,74,74x667x229x177,41.0,915.0,75.0,126.05499999999998,0.5939199924468994,bmm
,117,117x641x243x485,41.0,915.0,75.0,126.05499999999998,1.9699647903442383,bmm
,90,90x940x254x434,41.0,915.0,75.0,126.05499999999998,1.9140352249145507,bmm
,89,89x590x230x320,41.0,915.0,75.0,126.05499999999998,0.826367974281311,bmm
,67,67x620x230x925,41.0,915.0,75.0,126.05499999999998,1.6566272020339965,bmm
,95,95x1008x153x881,49.0,1005.0,79.0,131.107,2.322630453109741,bmm
,72,72x809x230x551,49.0,1005.0,79.0,131.107,1.5230976343154907,bmm
,118,118x641x290x4,49.0,1005.0,79.0,131.107,0.5524799942970275,bmm
,118,118x896x282x14,49.0,1005.0,79.0,131.107,0.6582272052764893,bmm
,67,67x712x262x10,49.0,1005.0,79.0,131.107,0.28668800592422483,bmm
,73,73x749x343x62,49.0,1005.0,79.0,131.107,0.44212480187416076,bmm
,102,102x1014x445x51,31.0,1005.0,78.0,144.30200000000002,0.929753589630127,bmm
,95,95x1002x436x56,31.0,1005.0,78.0,144.30200000000002,0.9065983891487122,bmm
,83,83x610x296x94,31.0,1005.0,78.0,144.30200000000002,0.3837184011936188,bmm
,104,104x928x272x76,31.0,1005.0,78.0,144.30200000000002,0.6213632225990295,bmm
,116,116x745x375x79,31.0,1005.0,78.0,144.30200000000002,0.7208832025527954,bmm
,97,97x560x428x157,31.0,1005.0,78.0,144.30200000000002,1.0545088291168212,bmm
,125,125x955x379x221,42.0,1005.0,79.0,142.337,1.9603264093399049,bmm
,86,86x814x342x178,42.0,1005.0,79.0,142.337,1.0577919483184814,bmm
,128,128x1018x435x340,42.0,1005.0,79.0,142.337,3.400659132003784,bmm
,98,98x631x337x406,42.0,1005.0,79.0,142.337,1.6773120164871216,bmm
,116,116x841x415x419,51.0,1005.0,84.0,148.40200000000002,3.344550371170044,bmm
,91,91x550x315x619,51.0,1005.0,84.0,148.40200000000002,1.8388992547988892,bmm
,66,66x544x289x578,51.0,1005.0,84.0,148.40200000000002,1.2752576351165772,bmm
,73,73x638x386x997,50.2,1005.0,84.16,151.87320000000005,2.9042239665985106,bmm
,98,98x922x569x15,46.0,1005.0,85.0,170.0970000000001,1.1581439971923828,bmm
,89,89x752x613x28,46.0,1005.0,85.0,170.0970000000001,0.8760831952095032,bmm
,78,78x525x1021x3,46.0,1005.0,85.0,170.0970000000001,1.022969627380371,bmm
,128,128x759x756x50,46.0,1005.0,85.0,170.0970000000001,1.5282175540924072,bmm
,71,71x773x517x46,46.0,1005.0,85.0,170.0970000000001,0.7391168236732483,bmm
,126,126x669x582x50,51.0,1005.0,83.0,170.47099999999998,1.1763712167739868,bmm
,69,69x903x694x127,51.0,1005.0,83.0,170.47099999999998,1.012121558189392,bmm
,75,75x702x850x114,51.0,1005.0,83.0,170.47099999999998,1.0557440519332886,bmm
,100,100x691x1021x128,51.0,1005.0,83.0,170.47099999999998,1.6674432277679443,bmm
,121,121x757x1005x195,48.12,1005.0,83.36,164.28620000000006,3.605497646331787,bmm
,128,128x742x917x204,43.0,1005.0,84.0,153.29100000000005,3.4600767135620116,bmm
,78,78x617x588x190,43.0,1005.0,84.0,153.29100000000005,1.198041558265686,bmm
,92,92x655x642x349,43.0,1005.0,84.0,153.29100000000005,2.714367961883545,bmm
,91,91x1004x686x320,86.0,1005.0,86.0,170.866,3.686726379394531,bmm
,103,103x789x765x258,86.0,1005.0,86.0,170.866,4.104191780090332,bmm
,111,111x833x828x544,73.2,1005.0,87.2,185.5482399999999,7.882751941680908,bmm
,94,94x842x572x652,66.0,1005.0,88.0,193.8069999999999,5.611647891998291,bmm
,92,92x547x969x529,57.16,1005.0,88.0,207.96732000000003,5.571379375457764,bmm
,185,185x2x16x32,53.0,1005.0,88.0,214.63100000000003,0.006144000217318535,bmm
,153,153x9x4x1,53.0,1005.0,88.0,214.63100000000003,0.005119999870657921,bmm
,251,251x16x10x24,53.0,1005.0,88.0,214.63100000000003,0.010067199915647506,bmm
,217,217x31x2x47,53.0,1005.0,88.0,214.63100000000003,0.023238399997353554,bmm
,137,137x21x17x36,53.0,1005.0,88.0,214.63100000000003,0.02252800017595291,bmm
,135,135x5x15x49,53.0,1005.0,88.0,214.63100000000003,0.0071680000983178616,bmm
,141,141x1x3x102,53.0,1005.0,88.0,214.63100000000003,0.006144000217318535,bmm
,133,133x19x10x101,53.0,1005.0,88.0,214.63100000000003,0.01945599913597107,bmm
,172,172x7x25x110,4.0,1005.0,84.0,199.75200000000004,0.011264000087976456,bmm
,147,147x28x18x252,4.0,1005.0,84.0,199.75200000000004,0.03993599861860275,bmm
,225,225x7x27x194,4.0,1005.0,84.0,199.75200000000004,0.018432000651955605,bmm
,190,190x29x9x198,4.0,1005.0,84.0,199.75200000000004,0.04192639961838722,bmm
,189,189x10x19x510,4.0,1005.0,84.0,199.75200000000004,0.03686400130391121,bmm
,218,218x8x7x489,4.0,1005.0,84.0,199.75200000000004,0.026611199602484703,bmm
,170,170x25x17x321,4.0,1005.0,84.0,199.75200000000004,0.0655359998345375,bmm
,235,235x32x3x823,4.0,1005.0,84.0,199.75200000000004,0.12390399724245071,bmm
,223,223x19x17x801,4.0,1005.0,84.0,199.75200000000004,0.17510400712490082,bmm
,228,228x27x14x760,10.0,1005.0,82.0,158.90599999999998,0.12901760041713714,bmm
,228,228x21x65x32,10.0,1005.0,82.0,158.90599999999998,0.05829760059714317,bmm
,202,202x13x56x3,10.0,1005.0,82.0,158.90599999999998,0.009216000325977802,bmm
,202,202x5x40x25,10.0,1005.0,82.0,158.90599999999998,0.0076928000897169115,bmm
,144,144x31x65x42,10.0,1005.0,82.0,158.90599999999998,0.04095999896526337,bmm
,239,239x12x50x51,10.0,1005.0,82.0,158.90599999999998,0.01228800043463707,bmm
,247,247x7x49x60,10.0,1005.0,82.0,158.90599999999998,0.010239999741315842,bmm
,203,203x13x46x126,10.0,1005.0,82.0,158.90599999999998,0.018432000651955605,bmm
,243,243x31x41x75,10.0,1005.0,82.0,158.90599999999998,0.04505600035190582,bmm
,191,191x30x42x115,10.0,1005.0,82.0,158.90599999999998,0.04555519968271256,bmm
,142,142x19x34x242,7.44,1005.0,82.0,137.35899999999995,0.05220479890704155,bmm
,134,134x17x37x131,6.0,1005.0,80.0,137.35899999999995,0.05119999870657921,bmm
,185,185x23x53x136,6.0,1005.0,80.0,137.35899999999995,0.07680000364780426,bmm
,185,185x31x36x280,6.0,1005.0,80.0,137.35899999999995,0.08601599931716919,bmm
,245,245x14x48x503,6.0,1005.0,80.0,137.35899999999995,0.06164479851722717,bmm
,182,182x25x54x395,6.0,1005.0,80.0,137.35899999999995,0.13242879509925842,bmm
,206,206x22x36x597,6.0,1005.0,80.0,137.35899999999995,0.1519616037607193,bmm
,141,141x21x49x853,6.0,1005.0,80.0,137.35899999999995,0.18432000279426575,bmm
,235,235x8x64x858,6.0,1005.0,80.0,137.35899999999995,0.0870399996638298,bmm
,219,219x32x70x11,6.0,1005.0,80.0,137.35899999999995,0.11568640172481537,bmm
,133,133x4x109x3,14.0,495.0,79.0,137.9180000000001,0.013286399841308593,bmm
,145,145x27x129x8,14.0,495.0,79.0,137.9180000000001,0.13104000091552734,bmm
,168,168x15x124x58,14.0,495.0,79.0,137.9180000000001,0.04095999896526337,bmm
,218,218x8x65x33,14.0,495.0,79.0,137.9180000000001,0.020479999482631683,bmm
,253,253x9x76x43,14.0,495.0,79.0,137.9180000000001,0.028672000393271446,bmm
,179,179x28x124x100,14.0,495.0,79.0,137.9180000000001,0.1925056040287018,bmm
,144,144x14x118x77,14.0,495.0,79.0,137.9180000000001,0.04689920097589493,bmm
,215,215x23x78x105,14.0,495.0,79.0,137.9180000000001,0.14212479889392854,bmm
,191,191x25x127x177,14.0,495.0,79.0,137.9180000000001,0.32972800731658936,bmm
,153,153x13x101x159,15.0,435.0,76.0,123.75599999999997,0.06307839900255204,bmm
,209,209x27x65x256,15.0,435.0,76.0,123.75599999999997,0.2549760043621063,bmm
,132,132x9x127x269,15.0,435.0,76.0,123.75599999999997,0.09175040125846863,bmm
,252,252x14x65x401,15.0,435.0,76.0,123.75599999999997,0.1443839967250824,bmm
,132,132x24x82x441,15.0,435.0,76.0,123.75599999999997,0.3551231920719147,bmm
,132,132x24x80x726,15.0,435.0,76.0,123.75599999999997,0.45669119954109194,bmm
,146,146x22x119x730,15.0,435.0,76.0,123.75599999999997,0.7135232090950012,bmm
,181,181x4x113x565,35.0,405.0,74.0,109.46700000000006,0.12144639939069748,bmm
,209,209x5x185x28,35.0,405.0,74.0,109.46700000000006,0.02252800017595291,bmm
,223,223x3x210x7,35.0,405.0,74.0,109.46700000000006,0.020479999482631683,bmm
,190,190x15x190x7,35.0,405.0,74.0,109.46700000000006,0.04565760046243668,bmm
,206,206x30x139x64,35.0,405.0,74.0,109.46700000000006,0.25148160457611085,bmm
,253,253x13x143x42,35.0,405.0,74.0,109.46700000000006,0.05734400078654289,bmm
,155,155x1x234x45,35.0,405.0,74.0,109.46700000000006,0.02744319997727871,bmm
,208,208x11x223x86,35.0,405.0,74.0,109.46700000000006,0.09748480319976807,bmm
,160,160x3x144x92,35.0,405.0,74.0,109.46700000000006,0.033587200194597246,bmm
,228,228x4x175x77,16.0,375.0,72.0,103.97299999999997,0.04771840125322342,bmm
,242,242x12x214x190,16.0,375.0,72.0,103.97299999999997,0.19886080026626587,bmm
,201,201x11x159x251,16.0,375.0,72.0,103.97299999999997,0.16363519728183745,bmm
,251,251x27x240x163,16.0,375.0,72.0,103.97299999999997,1.0086400508880615,bmm
,158,158x32x210x475,16.0,375.0,72.0,103.97299999999997,1.0481663942337036,bmm
,163,163x27x249x395,16.0,375.0,72.0,103.97299999999997,1.2083200454711913,bmm
,228,228x9x168x440,49.44,402.6,71.12,103.56996000000001,0.24883200228214264,bmm
,208,208x13x254x594,54.0,405.0,71.0,103.51500000000001,0.5064703941345214,bmm
,228,228x3x240x590,54.0,405.0,71.0,103.51500000000001,0.3059712052345276,bmm
,153,153x31x197x922,54.0,405.0,71.0,103.51500000000001,1.5431679487228394,bmm
,156,156x27x460x24,54.0,405.0,71.0,103.51500000000001,0.47411200404167175,bmm
,134,134x27x395x12,54.0,405.0,71.0,103.51500000000001,0.3604480028152466,bmm
,256,256x32x391x6,54.0,405.0,71.0,103.51500000000001,0.690169608592987,bmm
,217,217x21x340x43,20.0,465.0,71.0,106.57600000000001,0.46242560148239137,bmm
,166,166x20x433x62,20.0,465.0,71.0,106.57600000000001,0.5814272165298462,bmm
,155,155x1x466x61,20.0,465.0,71.0,106.57600000000001,0.048313601315021514,bmm
,257,257x9x473x110,20.0,465.0,71.0,106.57600000000001,0.1974271982908249,bmm
,225,225x23x316x83,20.0,465.0,71.0,106.57600000000001,0.4331519901752472,bmm
,211,211x29x394x106,20.0,465.0,71.0,106.57600000000001,0.5347328186035156,bmm
,194,194x17x510x184,20.0,465.0,71.0,106.57600000000001,1.112057614326477,bmm
,242,242x26x348x194,29.0,465.0,70.0,105.62399999999997,0.9297919869422913,bmm
,256,256x32x425x170,29.0,465.0,70.0,105.62399999999997,1.0604544162750245,bmm
,166,166x2x308x471,29.0,465.0,70.0,105.62399999999997,0.22773759663105012,bmm
,243,243x15x293x366,29.0,465.0,70.0,105.62399999999997,0.4806655943393707,bmm
,172,172x32x474x414,29.0,465.0,70.0,105.62399999999997,1.4141440391540527,bmm
,184,184x32x453x726,40.52,537.0,70.48,106.67855999999996,2.0864959239959715,bmm
,170,170x17x362x1016,53.0,615.0,71.0,107.82099999999996,1.260543942451477,bmm
,174,174x17x360x797,53.0,615.0,71.0,107.82099999999996,1.0878848314285279,bmm
,218,218x6x634x2,53.0,615.0,71.0,107.82099999999996,0.027648000046610832,bmm
,232,232x30x898x1,53.0,615.0,71.0,107.82099999999996,0.06348799914121628,bmm
,247,247x24x942x26,53.0,615.0,71.0,107.82099999999996,0.747705626487732,bmm
,191,191x4x817x60,53.0,615.0,71.0,107.82099999999996,0.09625600278377533,bmm
,171,171x1x1015x37,30.0,1005.0,72.0,118.514,0.06632959991693496,bmm
,185,185x28x983x36,30.0,1005.0,72.0,118.514,0.5888000130653381,bmm
,141,141x30x790x118,30.0,1005.0,72.0,118.514,0.3235839903354645,bmm
,229,229x28x694x122,30.0,1005.0,72.0,118.514,0.42393600940704346,bmm
,184,184x25x976x84,30.0,1005.0,72.0,118.514,0.5844352006912231,bmm
,149,149x27x846x143,30.0,1005.0,72.0,118.514,0.6766592264175415,bmm
,226,226x2x539x199,30.0,1005.0,72.0,118.514,0.22714880108833313,bmm
,152,152x5x677x240,30.0,1005.0,72.0,118.514,0.22835199534893036,bmm
,248,248x10x797x340,35.0,1005.0,72.0,118.45499999999997,0.6428608059883117,bmm
,201,201x1x547x375,35.0,1005.0,72.0,118.45499999999997,0.3655360102653503,bmm
,196,196x7x789x434,35.0,1005.0,72.0,118.45499999999997,0.6431999921798706,bmm
,250,250x4x848x826,35.0,1005.0,72.0,118.45499999999997,1.6015104293823241,bmm
,209,209x22x1001x928,45.2,1005.0,72.68,117.00320000000004,4.155116844177246,bmm
,191,191x8x986x840,50.0,1005.0,73.0,116.32000000000002,1.6332480192184449,bmm
,171,171x33x32x13,50.0,1005.0,73.0,116.32000000000002,0.03481600061058998,bmm
,176,176x56x23x29,50.0,1005.0,73.0,116.32000000000002,0.03276799991726875,bmm
,163,163x59x10x13,50.0,1005.0,73.0,116.32000000000002,0.020479999482631683,bmm
,242,242x63x22x57,50.0,1005.0,73.0,116.32000000000002,0.03379200026392937,bmm
,186,186x57x22x61,5.0,1005.0,73.0,127.40099999999997,0.03316479995846748,bmm
,200,200x59x17x50,5.0,1005.0,73.0,127.40099999999997,0.03337600007653237,bmm
,180,180x42x10x74,5.0,1005.0,73.0,127.40099999999997,0.028672000393271446,bmm
,221,221x57x22x118,5.0,1005.0,73.0,127.40099999999997,0.03952639847993851,bmm
,246,246x39x19x87,5.0,1005.0,73.0,127.40099999999997,0.03379200026392937,bmm
,157,157x45x12x239,5.0,1005.0,73.0,127.40099999999997,0.035840000957250595,bmm
,213,213x57x33x195,5.0,1005.0,73.0,127.40099999999997,0.07884799689054489,bmm
,241,241x52x25x130,5.0,1005.0,73.0,127.40099999999997,0.06901120096445083,bmm
,209,209x38x6x419,5.0,1005.0,73.0,127.40099999999997,0.06963200122117996,bmm
,217,217x47x7x278,5.0,1005.0,73.0,127.40099999999997,0.053043199330568315,bmm
,174,174x34x6x416,7.0,1005.0,71.0,118.48900000000002,0.058368001133203506,bmm
,222,222x36x1x957,7.0,1005.0,71.0,118.48900000000002,0.07639040350914002,bmm
,198,198x57x8x1009,7.0,1005.0,71.0,118.48900000000002,0.13373439610004426,bmm
,129,129x63x20x608,7.0,1005.0,71.0,118.48900000000002,0.09318400174379349,bmm
,154,154x53x65x2,7.0,1005.0,71.0,118.48900000000002,0.04198399931192398,bmm
,229,229x56x33x2,7.0,1005.0,71.0,118.48900000000002,0.04196479916572571,bmm
,129,129x39x57x23,7.0,1005.0,71.0,118.48900000000002,0.03891199827194214,bmm
,134,134x50x58x39,7.0,1005.0,71.0,118.48900000000002,0.03891199827194214,bmm
,149,149x34x47x57,7.0,1005.0,71.0,118.48900000000002,0.03276799991726875,bmm
,145,145x51x56x56,5.0,1005.0,70.0,100.28699999999999,0.03481600061058998,bmm
,164,164x49x46x117,5.0,1005.0,70.0,100.28699999999999,0.035840000957250595,bmm
,130,130x61x51x79,5.0,1005.0,70.0,100.28699999999999,0.03587200120091438,bmm
,236,236x44x44x68,5.0,1005.0,70.0,100.28699999999999,0.047737601399421695,bmm
,243,243x45x46x183,5.0,1005.0,70.0,100.28699999999999,0.08764799982309342,bmm
,225,225x49x62x220,5.0,1005.0,70.0,100.28699999999999,0.10444799810647964,bmm
,159,159x33x42x217,5.0,1005.0,70.0,100.28699999999999,0.06143999844789505,bmm
,218,218x44x46x278,5.0,1005.0,70.0,100.28699999999999,0.11223040074110031,bmm
,231,231x42x37x319,10.0,1005.0,69.0,99.94399999999997,0.11264000087976456,bmm
,208,208x48x65x489,10.0,1005.0,69.0,99.94399999999997,0.1955839991569519,bmm
,233,233x47x43x1000,10.0,1005.0,69.0,99.94399999999997,0.5763071775436401,bmm
,188,188x52x45x534,10.0,1005.0,69.0,99.94399999999997,0.30863359570503235,bmm
,176,176x48x60x759,10.0,1005.0,69.0,99.94399999999997,0.40611199140548704,bmm
,159,159x60x83x27,10.0,1005.0,69.0,99.94399999999997,0.09318400174379349,bmm
,159,159x50x106x23,10.0,1005.0,69.0,99.94399999999997,0.11202560067176819,bmm
,197,197x47x89x3,10.0,1005.0,69.0,99.94399999999997,0.1429504007101059,bmm
,231,231x44x86x60,14.0,495.0,69.0,101.02500000000003,0.1355583995580673,bmm
,244,244x41x84x45,14.0,495.0,69.0,101.02500000000003,0.1429504007101059,bmm
,251,251x45x117x39,14.0,495.0,69.0,101.02500000000003,0.23715840280056,bmm
,173,173x38x90x115,14.0,495.0,69.0,101.02500000000003,0.15360000729560852,bmm
,132,132x63x85x117,14.0,495.0,69.0,101.02500000000003,0.10483839809894561,bmm
,186,186x36x84x88,14.0,495.0,69.0,101.02500000000003,0.14745600521564484,bmm
,235,235x39x75x216,14.0,495.0,69.0,101.02500000000003,0.25948160886764526,bmm
,129,129x49x102x241,14.0,495.0,69.0,101.02500000000003,0.22077439725399017,bmm
,146,146x63x93x162,14.0,492.0,69.0,101.02500000000003,0.22015999257564545,bmm
,234,234x49x93x469,24.0,420.0,68.0,100.61400000000002,0.6192767977714538,bmm
,164,164x50x108x376,24.0,420.0,68.0,100.61400000000002,0.36472320556640625,bmm
,175,175x55x114x511,24.0,420.0,68.0,100.61400000000002,0.5898240208625793,bmm
,129,129x47x68x824,24.0,420.0,68.0,100.61400000000002,0.5101376056671143,bmm
,255,255x65x91x724,24.0,420.0,68.0,100.61400000000002,1.005568027496338,bmm
,222,222x56x105x999,24.0,420.0,68.0,100.61400000000002,1.3273087739944458,bmm
,158,158x36x232x1,46.0,405.0,68.0,100.616,0.020479999482631683,bmm
,224,224x57x247x6,46.0,405.0,68.0,100.616,0.3328000009059906,bmm
,175,175x59x134x24,46.0,405.0,68.0,100.616,0.1955839991569519,bmm
,134,134x45x236x47,46.0,405.0,68.0,100.616,0.22056959569454193,bmm
,204,204x46x146x43,46.0,405.0,68.0,100.616,0.21585920453071594,bmm
,143,143x57x182x59,46.0,405.0,68.0,100.616,0.17612800002098083,bmm
,253,253x56x180x81,46.0,405.0,68.0,100.616,0.33587199449539185,bmm
,214,214x49x135x85,46.0,405.0,68.0,100.616,0.19865599274635315,bmm
,229,229x33x251x119,24.0,480.0,68.0,102.80600000000003,0.34465280175209045,bmm
,142,142x61x164x221,24.0,480.0,68.0,102.80600000000003,0.3102720081806183,bmm
,210,210x38x191x160,24.0,480.0,68.0,102.80600000000003,0.5111808180809021,bmm
,129,129x63x220x136,24.0,480.0,68.0,102.80600000000003,0.40035840272903445,bmm
,175,175x59x233x482,24.0,480.0,68.0,102.80600000000003,0.9385983943939209,bmm
,206,206x34x193x463,24.0,480.0,68.0,102.80600000000003,0.9586688160896302,bmm
,162,162x39x248x451,24.0,480.0,68.0,102.80600000000003,0.8577023983001709,bmm
,135,135x51x219x921,38.0,480.0,69.0,104.30000000000001,1.3545471668243407,bmm
,245,245x53x197x661,38.0,480.0,69.0,104.30000000000001,1.5636287927627563,bmm
,152,152x50x194x841,38.0,480.0,69.0,104.30000000000001,1.1349952220916748,bmm
,253,253x48x349x27,56.0,870.0,69.0,108.25700000000005,0.3375104069709778,bmm
,173,173x60x390x20,56.0,870.0,69.0,108.25700000000005,0.2842624008655548,bmm
,129,129x64x300x16,56.0,870.0,69.0,108.25700000000005,0.15276800096035004,bmm
,217,217x53x394x59,56.0,870.0,69.0,108.25700000000005,0.29183998703956604,bmm
,129,129x47x317x53,56.0,870.0,69.0,108.25700000000005,0.16076800227165222,bmm
,141,141x63x511x48,56.0,870.0,69.0,108.25700000000005,0.24903680086135865,bmm
,217,217x57x332x129,56.0,870.0,69.0,108.25700000000005,0.4806655943393707,bmm
,219,219x61x482x88,56.0,870.0,69.0,108.25700000000005,0.35244799852371217,bmm
,216,216x59x337x105,32.0,870.0,69.0,108.97219999999997,0.25600001215934753,bmm
,253,253x54x321x140,26.0,870.0,69.0,109.15099999999997,0.5453887820243836,bmm
,205,205x49x394x132,26.0,870.0,69.0,109.15099999999997,0.4749312102794647,bmm
,193,193x41x478x150,26.0,870.0,69.0,109.15099999999997,0.5638144016265869,bmm
,135,135x48x311x355,26.0,870.0,69.0,109.15099999999997,0.37662720680236816,bmm
,225,225x50x364x276,26.0,870.0,69.0,109.15099999999997,0.7780352234840393,bmm
,158,158x35x451x281,26.0,870.0,69.0,109.15099999999997,0.6410239934921265,bmm
,135,135x65x388x995,35.0,870.0,70.0,110.183,1.2808191776275635,bmm
,186,186x47x461x985,35.0,870.0,70.0,110.183,1.763327956199646,bmm
,183,183x45x392x730,35.0,870.0,70.0,110.183,1.1059199571609497,bmm
,180,180x60x810x6,35.0,870.0,70.0,110.183,0.4943872094154358,bmm
,228,228x47x767x2,35.0,870.0,70.0,110.183,0.46489599347114563,bmm
,210,210x62x1008x9,35.0,870.0,70.0,110.183,0.6062080264091492,bmm
,214,214x42x941x63,20.0,1005.0,72.0,120.20899999999997,0.5693439841270447,bmm
,189,189x55x831x60,20.0,1005.0,72.0,120.20899999999997,0.5062591791152954,bmm
,228,228x57x547x47,20.0,1005.0,72.0,120.20899999999997,0.34263039827346803,bmm
,186,186x36x827x127,20.0,1005.0,72.0,120.20899999999997,0.5046272277832031,bmm
,176,176x65x602x106,20.0,1005.0,72.0,120.20899999999997,0.37785598635673523,bmm
,240,240x36x1023x121,20.0,1005.0,72.0,120.20899999999997,0.6166207909584045,bmm
,233,233x51x1024x206,20.24,1005.0,72.0,120.27259999999998,1.2195839881896973,bmm
,196,196x42x899x164,26.0,1005.0,72.0,121.79899999999999,0.9010879993438721,bmm
,155,155x61x771x195,26.0,1005.0,72.0,121.79899999999999,0.6266880035400391,bmm
,247,247x39x766x447,26.0,1005.0,72.0,121.79899999999999,1.9742720127105713,bmm
,236,236x52x983x409,26.0,1005.0,72.0,121.79899999999999,2.3296000957489014,bmm
,221,221x41x806x317,73.04,1005.0,74.4,126.69031999999996,1.4407680034637451,bmm
,156,156x35x615x812,82.0,1005.0,75.0,127.62199999999997,1.7121280431747437,bmm
,254,254x39x842x907,82.0,1005.0,75.0,127.62199999999997,4.175238418579101,bmm
,140,140x58x780x612,82.0,1005.0,75.0,127.62199999999997,1.4022015571594237,bmm
,172,172x95x25x21,47.0,1005.0,80.0,153.05099999999996,0.035840000957250595,bmm
,245,245x84x26x31,47.0,1005.0,80.0,153.05099999999996,0.036352000385522845,bmm
,171,171x79x24x18,47.0,1005.0,80.0,153.05099999999996,0.030719999223947525,bmm
,207,207x86x25x45,47.0,1005.0,80.0,153.05099999999996,0.036614400893449785,bmm
,185,185x98x26x46,47.0,1005.0,80.0,153.05099999999996,0.036844801157712936,bmm
,145,145x119x30x53,47.0,1005.0,80.0,153.05099999999996,0.026547199860215188,bmm
,252,252x99x17x70,47.0,1005.0,80.0,153.05099999999996,0.03993599861860275,bmm
,256,256x101x14x106,47.0,1005.0,80.0,153.05099999999996,0.03676160052418709,bmm
,157,157x81x14x113,47.0,1005.0,80.0,153.05099999999996,0.020479999482631683,bmm
,197,197x119x4x221,47.0,1005.0,80.0,153.05099999999996,0.03993599861860275,bmm
,153,153x72x3x235,5.0,1005.0,77.0,152.64899999999992,0.028672000393271446,bmm
,217,217x123x16x183,5.0,1005.0,77.0,152.64899999999992,0.053247999399900436,bmm
,135,135x119x25x393,5.0,1005.0,77.0,152.64899999999992,0.0812991976737976,bmm
,196,196x108x16x379,5.0,1005.0,77.0,152.64899999999992,0.07167360186576843,bmm
,213,213x114x14x357,5.0,1005.0,77.0,152.64899999999992,0.07372800260782242,bmm
,174,174x78x13x765,5.0,1005.0,77.0,152.64899999999992,0.10401919782161713,bmm
,196,196x65x22x671,5.0,1005.0,77.0,152.64899999999992,0.1357375979423523,bmm
,229,229x76x31x983,5.0,1005.0,77.0,152.64899999999992,0.23756800591945648,bmm
,145,145x82x59x2,5.0,1005.0,77.0,152.64899999999992,0.03788800165057182,bmm
,152,152x94x35x32,19.0,1005.0,77.0,138.40200000000002,0.028672000393271446,bmm
,143,143x88x51x23,19.0,1005.0,77.0,138.40200000000002,0.03481600061058998,bmm
,255,255x72x42x46,19.0,1005.0,77.0,138.40200000000002,0.05852160081267357,bmm
,200,200x118x33x44,19.0,1005.0,77.0,138.40200000000002,0.04111359938979149,bmm
,151,151x99x47x55,19.0,1005.0,77.0,138.40200000000002,0.032761599868535995,bmm
,214,214x101x63x84,19.0,1005.0,77.0,138.40200000000002,0.058368001133203506,bmm
,250,250x111x43x90,19.0,1005.0,77.0,138.40200000000002,0.06243199929594993,bmm
,145,145x84x49x91,19.0,1005.0,77.0,138.40200000000002,0.035840000957250595,bmm
,202,202x66x52x193,19.0,1005.0,77.0,138.40200000000002,0.07884799689054489,bmm
,256,256x82x43x180,19.0,1005.0,77.0,138.40200000000002,0.096601602435112,bmm
,192,192x113x48x216,7.0,1005.0,76.0,135.489,0.07507840245962143,bmm
,162,162x101x54x409,7.0,1005.0,76.0,135.489,0.12083200365304947,bmm
,162,162x122x43x339,7.0,1005.0,76.0,135.489,0.09011200070381165,bmm
,200,200x100x59x506,7.0,1005.0,76.0,135.489,0.1648448020219803,bmm
,229,229x96x48x898,7.0,1005.0,76.0,135.489,0.6395903825759888,bmm
,203,203x106x63x974,7.0,1005.0,76.0,135.489,0.711679995059967,bmm
,179,179x75x45x1025,7.0,1005.0,76.0,135.489,0.5545983910560608,bmm
,172,172x104x108x11,38.68,508.2,76.0,133.64163999999994,0.17203199863433838,bmm
,246,246x100x79x23,43.0,465.0,76.0,133.4809999999999,0.1382399946451187,bmm
,144,144x88x109x31,43.0,465.0,76.0,133.4809999999999,0.12039040327072144,bmm
,201,201x124x109x43,43.0,465.0,76.0,133.4809999999999,0.19186559915542603,bmm
,196,196x78x79x36,43.0,465.0,76.0,133.4809999999999,0.14336000382900238,bmm
,231,231x103x126x35,43.0,465.0,76.0,133.4809999999999,0.21155200004577637,bmm
,146,146x102x93x103,43.0,465.0,76.0,133.4809999999999,0.11878400295972824,bmm
,190,190x74x88x85,43.0,465.0,76.0,133.4809999999999,0.15851520001888275,bmm
,234,234x94x69x124,43.0,465.0,76.0,133.4809999999999,0.14478079676628114,bmm
,157,157x126x104x134,39.4,459.6,75.64,131.89435999999995,0.23838720023632048,bmm
,235,235x102x72x196,13.0,420.0,73.0,120.259,0.2736127972602844,bmm
,245,245x105x69x228,13.0,420.0,73.0,120.259,0.28241920471191406,bmm
,159,159x99x81x491,13.0,420.0,73.0,120.259,0.4247551918029785,bmm
,153,153x97x91x446,13.0,420.0,73.0,120.259,0.47206398844718933,bmm
,138,138x128x90x512,13.0,420.0,73.0,120.259,0.4200448036193848,bmm
,161,161x105x94x753,13.0,420.0,73.0,120.259,0.7022591829299927,bmm
,176,176x122x104x591,35.0,375.0,72.0,108.11700000000002,0.6897600054740906,bmm
,239,239x115x120x798,35.0,375.0,72.0,108.11700000000002,1.4600192308425903,bmm
,188,188x114x245x30,35.0,375.0,72.0,108.11700000000002,0.3385343968868256,bmm
,174,174x72x175x16,35.0,375.0,72.0,108.11700000000002,0.24473600089550018,bmm
,237,237x79x151x2,35.0,375.0,72.0,108.11700000000002,0.2170879989862442,bmm
,140,140x115x229x58,35.0,375.0,72.0,108.11700000000002,0.21913599967956543,bmm
,141,141x129x138x55,35.0,375.0,72.0,108.11700000000002,0.2707456052303314,bmm
,175,175x70x241x58,35.0,375.0,72.0,108.11700000000002,0.33484798669815063,bmm
,159,159x126x240x121,21.0,480.0,71.0,107.57600000000001,0.2303999960422516,bmm
,142,142x96x229x69,21.0,480.0,71.0,107.57600000000001,0.2181120067834854,bmm
,192,192x98x255x101,21.0,480.0,71.0,107.57600000000001,0.35141759514808657,bmm
,192,192x83x130x257,21.0,480.0,71.0,107.57600000000001,0.4962175965309143,bmm
,256,256x115x195x208,21.0,480.0,71.0,107.57600000000001,0.6254591941833496,bmm
,133,133x108x197x138,21.0,480.0,71.0,107.57600000000001,0.36535040736198426,bmm
,244,244x100x219x354,21.0,480.0,71.0,107.57600000000001,0.8853504061698914,bmm
,138,138x72x213x481,25.0,480.0,71.0,107.064,0.6666240096092224,bmm
,253,253x108x169x360,25.0,480.0,71.0,107.064,0.78438401222229,bmm
,238,238x105x243x676,25.0,480.0,71.0,107.064,1.7102784156799316,bmm
,178,178x90x193x899,25.0,480.0,71.0,107.064,1.2445568084716796,bmm
,134,134x126x133x990,25.0,480.0,71.0,107.064,0.5945152044296265,bmm
,193,193x109x396x6,33.0,720.0,71.96,112.22699999999999,0.35306880474090574,bmm
,220,220x72x285x29,33.0,720.0,72.0,112.22699999999999,0.26009601354599,bmm
,182,182x92x456x5,33.0,720.0,72.0,112.22699999999999,0.39423999190330505,bmm
,169,169x98x380x59,33.0,720.0,72.0,112.22699999999999,0.33914878964424133,bmm
,149,149x128x387x38,33.0,720.0,72.0,112.22699999999999,0.23756800591945648,bmm
,251,251x113x425x49,33.0,720.0,72.0,112.22699999999999,0.5013504028320312,bmm
,220,220x120x432x88,33.0,720.0,72.0,112.22699999999999,0.3825535953044891,bmm
,221,221x110x425x95,33.0,720.0,72.0,112.22699999999999,0.3848192095756531,bmm
,146,146x124x454x86,24.0,720.0,71.0,113.54799999999996,0.2744320034980774,bmm
,190,190x105x416x198,24.0,720.0,71.0,113.54799999999996,0.6017023921012878,bmm
,171,171x104x481x248,24.0,720.0,71.0,113.54799999999996,0.7022591829299927,bmm
,225,225x125x300x189,24.0,720.0,71.0,113.54799999999996,0.5404287934303283,bmm
,239,239x126x458x345,24.0,720.0,71.0,113.54799999999996,1.1505663871765137,bmm
,229,229x121x304x394,24.0,720.0,71.0,113.54799999999996,1.0045440196990967,bmm
,242,242x95x385x431,51.0,750.0,72.0,115.509,1.172876763343811,bmm
,129,129x122x270x958,51.0,750.0,72.0,115.509,0.8652799725532532,bmm
,218,218x106x261x741,51.0,750.0,72.0,115.509,1.0196736097335815,bmm
,243,243x125x278x751,51.0,750.0,72.0,115.509,1.0926079750061035,bmm
,228,228x89x918x31,51.0,750.0,72.0,115.509,0.5601279735565186,bmm
,243,243x89x655x2,51.0,750.0,72.0,115.509,0.4055039882659912,bmm
,239,239x126x686x4,36.0,1005.0,74.0,125.74600000000005,0.4280320107936859,bmm
,218,218x103x1014x60,36.0,1005.0,74.0,125.74600000000005,0.6207488179206848,bmm
,159,159x100x729x48,36.0,1005.0,74.0,125.74600000000005,0.30720001459121704,bmm
,156,156x113x561x37,36.0,1005.0,74.0,125.74600000000005,0.24166400730609894,bmm
,236,236x66x622x75,36.0,1005.0,74.0,125.74600000000005,0.38726399540901185,bmm
,234,234x69x632x112,36.0,1005.0,74.0,125.74600000000005,0.3923840045928955,bmm
,234,234x100x851x106,36.0,1005.0,74.0,125.74600000000005,0.5351424217224121,bmm
,129,129x95x588x230,27.0,1005.0,74.0,125.92000000000003,0.4904960095882416,bmm
,165,165x106x845x252,27.0,1005.0,74.0,125.92000000000003,0.8667135834693909,bmm
,181,181x72x980x193,27.0,1005.0,74.0,125.92000000000003,0.984063982963562,bmm
,255,255x69x515x276,27.0,1005.0,74.0,125.92000000000003,1.0452991724014282,bmm
,166,166x106x882x477,27.0,1005.0,74.0,125.92000000000003,1.603379249572754,bmm
,256,256x120x625x313,55.0,1005.0,76.0,125.73799999999997,1.2830719947814941,bmm
,151,151x72x514x591,55.0,1005.0,76.0,125.73799999999997,1.0459007740020752,bmm
,178,178x114x827x614,55.0,1005.0,76.0,125.73799999999997,1.8436095714569092,bmm
,130,130x99x678x583,55.0,1005.0,76.0,125.73799999999997,1.0954240083694458,bmm
,224,224x149x23x30,55.0,1005.0,76.0,125.73799999999997,0.058368001133203506,bmm
,252,252x179x9x20,44.0,1005.0,78.0,136.78499999999997,0.055296000093221664,bmm
,166,166x137x20x22,44.0,1005.0,78.0,136.78499999999997,0.048128001391887665,bmm
,185,185x133x1x40,44.0,1005.0,78.0,136.78499999999997,0.010239999741315842,bmm
,214,214x164x9x63,44.0,1005.0,78.0,136.78499999999997,0.048281601071357726,bmm
,145,145x183x23x33,44.0,1005.0,78.0,136.78499999999997,0.04044800028204918,bmm
,156,156x201x32x105,44.0,1005.0,78.0,136.78499999999997,0.06344319880008698,bmm
,164,164x182x6x103,44.0,1005.0,78.0,136.78499999999997,0.03843200132250786,bmm
,213,213x146x8x80,44.0,1005.0,78.0,136.78499999999997,0.03969279974699021,bmm
,162,162x182x26x174,44.0,1005.0,78.0,136.78499999999997,0.10168319940567017,bmm
,145,145x146x32x195,6.0,1005.0,73.0,125.96799999999998,0.09317760169506073,bmm
,238,238x142x19x208,6.0,1005.0,73.0,125.96799999999998,0.12451839745044709,bmm
,241,241x203x24x321,6.0,1005.0,73.0,125.96799999999998,0.2135424017906189,bmm
,241,241x245x2x492,6.0,1005.0,73.0,125.96799999999998,0.2684031963348389,bmm
,167,167x249x12x436,6.0,1005.0,73.0,125.96799999999998,0.19103360176086426,bmm
,249,249x202x23x954,6.0,1005.0,73.0,125.96799999999998,0.582860803604126,bmm
,142,142x199x5x516,6.0,1005.0,73.0,125.96799999999998,0.14618239998817445,bmm
,244,244x188x29x687,34.0,1005.0,72.0,107.03699999999998,0.45790079832077024,bmm
,230,230x228x40x22,34.0,1005.0,72.0,107.03699999999998,0.07983999848365783,bmm
,232,232x137x52x4,34.0,1005.0,72.0,107.03699999999998,0.0929728016257286,bmm
,239,239x219x47x6,34.0,1005.0,72.0,107.03699999999998,0.09011200070381165,bmm
,165,165x248x49x54,34.0,1005.0,72.0,107.03699999999998,0.09256320148706436,bmm
,155,155x145x46x35,34.0,1005.0,72.0,107.03699999999998,0.062463998794555664,bmm
,230,230x190x44x49,34.0,1005.0,72.0,107.03699999999998,0.09216000139713287,bmm
,192,192x179x63x72,34.0,1005.0,72.0,107.03699999999998,0.0942080020904541,bmm
,204,204x150x35x98,34.0,1005.0,72.0,107.03699999999998,0.07861759811639786,bmm
,176,176x199x58x99,9.0,1005.0,71.0,108.05000000000001,0.10422399789094924,bmm
,147,147x158x37x254,9.0,1005.0,71.0,108.05000000000001,0.11733120232820511,bmm
,194,194x147x61x213,9.0,1005.0,71.0,108.05000000000001,0.16581759750843048,bmm
,184,184x189x51x141,9.0,1005.0,71.0,108.05000000000001,0.1409024029970169,bmm
,235,235x214x48x283,9.0,1005.0,71.0,108.05000000000001,0.3420160114765167,bmm
,185,185x244x38x392,9.0,1005.0,71.0,108.05000000000001,0.33667839765548707,bmm
,169,169x256x59x321,9.0,1005.0,71.0,108.05000000000001,0.3256320059299469,bmm
,136,136x144x49x532,9.0,1005.0,71.0,108.05000000000001,0.36843520402908325,bmm
,254,254x188x41x1008,18.0,660.0,71.0,108.35699999999999,0.9633792042732239,bmm
,221,221x153x38x917,18.0,660.0,71.0,108.35699999999999,0.7739391922950745,bmm
,211,211x167x116x26,18.0,660.0,71.0,108.35699999999999,0.2549760043621063,bmm
,222,222x142x117x14,18.0,660.0,71.0,108.35699999999999,0.260697603225708,bmm
,179,179x225x100x20,18.0,660.0,71.0,108.35699999999999,0.19865599274635315,bmm
,159,159x256x124x63,18.0,660.0,71.0,108.35699999999999,0.1953792005777359,bmm
,242,242x181x78x62,18.0,660.0,71.0,108.35699999999999,0.19251200556755066,bmm
,182,182x211x76x46,18.0,660.0,71.0,108.35699999999999,0.17080320417881012,bmm
,220,220x195x92x96,18.0,600.0,71.0,108.74200000000002,0.23121920228004456,bmm
,217,217x246x80x118,18.0,600.0,71.0,108.74200000000002,0.20582400262355804,bmm
,240,240x157x93x118,18.0,600.0,71.0,108.74200000000002,0.24410879611968994,bmm
,226,226x249x75x161,18.0,600.0,71.0,108.74200000000002,0.3991551995277405,bmm
,238,238x243x83x142,18.0,600.0,71.0,108.74200000000002,0.43212801218032837,bmm
,158,158x165x111x217,18.0,600.0,71.0,108.74200000000002,0.3676159977912903,bmm
,248,248x161x113x501,18.0,600.0,71.0,108.74200000000002,1.1735039949417114,bmm
,143,143x184x107x421,18.0,555.0,70.0,107.45800000000004,0.6467455863952637,bmm
,233,233x192x111x457,18.0,555.0,70.0,107.45800000000004,1.0496000051498413,bmm
,240,240x223x92x863,18.0,555.0,70.0,107.45800000000004,1.629798412322998,bmm
,214,214x212x100x637,18.0,555.0,70.0,107.45800000000004,1.1503616094589233,bmm
,228,228x166x104x659,49.0,780.0,72.0,111.56399999999998,0.9920511841773987,bmm
,226,226x188x141x29,49.0,780.0,72.0,111.56399999999998,0.24985599517822266,bmm
,155,155x221x139x18,49.0,780.0,72.0,111.56399999999998,0.17468160390853882,bmm
,140,140x145x152x20,49.0,780.0,72.0,111.56399999999998,0.17694719433784484,bmm
,217,217x251x203x53,49.0,780.0,72.0,111.56399999999998,0.3540863931179047,bmm
,180,180x142x164x51,49.0,780.0,72.0,111.56399999999998,0.2396160066127777,bmm
,252,252x178x181x51,49.0,780.0,72.0,111.56399999999998,0.35921919345855713,bmm
,247,247x158x150x68,49.0,780.0,72.0,111.56399999999998,0.3012607991695404,bmm
,145,145x146x177x109,19.0,780.0,71.0,114.40599999999996,0.21401600539684296,bmm
,147,147x250x217x74,19.0,780.0,71.0,114.40599999999996,0.26009601354599,bmm
,252,252x186x185x183,19.0,780.0,71.0,114.40599999999996,0.6780927777290344,bmm
,175,175x135x147x129,19.0,780.0,71.0,114.40599999999996,0.3819519877433777,bmm
,177,177x163x172x155,19.0,780.0,71.0,114.40599999999996,0.43724799156188965,bmm
,187,187x253x162x291,19.0,780.0,71.0,114.40599999999996,0.652288019657135,bmm
,238,238x183x182x268,19.0,780.0,71.0,114.40599999999996,0.8947648167610168,bmm
,182,182x183x206x443,28.0,780.0,72.0,112.84400000000004,1.0061760187149047,bmm
,222,222x182x241x950,28.0,780.0,72.0,112.84400000000004,2.450432062149048,bmm
,130,130x211x159x929,28.0,780.0,72.0,112.84400000000004,0.9887744188308716,bmm
,129,129x208x171x947,28.0,780.0,72.0,112.84400000000004,0.9881344079971314,bmm
,155,155x235x329x30,28.0,780.0,72.0,112.84400000000004,0.2887679934501648,bmm
,163,163x255x450x16,41.0,1005.0,75.0,123.76000000000008,0.3840000033378601,bmm
,186,186x187x426x33,41.0,1005.0,75.0,123.76000000000008,0.447488009929657,bmm
,151,151x256x411x62,41.0,1005.0,75.0,123.76000000000008,0.35737600922584534,bmm
,228,228x155x488x50,41.0,1005.0,75.0,123.76000000000008,0.5949440002441406,bmm
,204,204x151x352x59,41.0,1005.0,75.0,123.76000000000008,0.3676159977912903,bmm
,246,246x223x486x124,41.0,1005.0,75.0,123.76000000000008,0.641433596611023,bmm
,209,209x221x443x85,41.0,1005.0,75.0,123.76000000000008,0.5634047985076904,bmm
,237,237x160x266x66,28.0,1005.0,74.0,128.03600000000003,0.3470847964286804,bmm
,217,217x237x359x181,28.0,1005.0,74.0,128.03600000000003,0.8191743850708008,bmm
,169,169x182x360x153,28.0,1005.0,74.0,128.03600000000003,0.661299180984497,bmm
,253,253x139x292x178,28.0,1005.0,74.0,128.03600000000003,0.788268780708313,bmm
,219,219x250x314x274,28.0,1005.0,74.0,128.03600000000003,1.1147648334503173,bmm
,190,190x255x509x398,32.8,1005.0,74.32,127.20207999999997,1.9654271602630615,bmm
,188,188x233x513x340,43.0,1005.0,75.0,125.42999999999998,1.478649640083313,bmm
,142,142x235x341x557,43.0,1005.0,75.0,125.42999999999998,1.2738560438156128,bmm
,214,214x140x308x620,43.0,1005.0,75.0,125.42999999999998,1.7051647901535034,bmm
,204,204x248x332x569,43.0,1005.0,75.0,125.42999999999998,1.7391168117523192,bmm
,201,201x206x777x20,45.0,1005.0,79.0,137.62899999999993,0.7911424040794373,bmm
,135,135x193x756x6,45.0,1005.0,79.0,137.62899999999993,0.6154111862182617,bmm
,162,162x241x637x24,45.0,1005.0,79.0,137.62899999999993,0.5273600220680237,bmm
,175,175x187x979x42,45.0,1005.0,79.0,137.62899999999993,0.9857280015945434,bmm
,182,182x186x894x43,45.0,1005.0,79.0,137.62899999999993,0.9000959992408752,bmm
,217,217x152x638x39,45.0,1005.0,79.0,137.62899999999993,0.7751680016517639,bmm
,179,179x177x803x123,40.0,1005.0,78.0,142.326,0.8243200182914734,bmm
,186,186x157x898x89,40.0,1005.0,78.0,142.326,0.9082880020141602,bmm
,171,171x222x1020x120,40.0,1005.0,78.0,142.326,1.0424319505691528,bmm
,148,148x220x659x182,40.0,1005.0,78.0,142.326,1.0719232559204102,bmm
,134,134x165x990x241,40.0,1005.0,78.0,142.326,1.3848576545715332,bmm
,227,227x234x870x249,51.0,1005.0,79.0,138.47499999999994,2.1065152168273924,bmm
,173,173x148x675x355,51.0,1005.0,79.0,138.47499999999994,1.7624639511108398,bmm
,241,241x135x884x275,51.0,1005.0,79.0,138.47499999999994,3.1559231758117674,bmm
,148,148x239x607x409,51.0,1005.0,79.0,138.47499999999994,1.822438406944275,bmm
,244,244x227x641x684,50.0,1005.0,83.0,149.7649999999999,4.633299255371094,bmm
,221,221x238x779x663,50.0,1005.0,83.0,149.7649999999999,5.1220479011535645,bmm
,156,156x238x560x638,87.84,1005.0,86.52,181.04899999999998,2.236160087585449,bmm
,195,195x366x30x4,93.0,1005.0,87.0,185.315,0.08620159924030305,bmm
,252,252x390x9x23,93.0,1005.0,87.0,185.315,0.09830400347709656,bmm
,239,239x503x12x21,93.0,1005.0,87.0,185.315,0.09216000139713287,bmm
,252,252x293x10x62,93.0,1005.0,87.0,185.315,0.07782399654388428,bmm
,143,143x444x14x44,93.0,1005.0,87.0,185.315,0.05701119974255562,bmm
,143,143x365x28x64,93.0,1005.0,87.0,185.315,0.06961920112371445,bmm
,246,246x308x17x117,93.0,1005.0,87.0,185.315,0.09093120098114013,bmm
,141,141x300x3x67,93.0,1005.0,87.0,185.315,0.040268799662590025,bmm
,225,225x305x1x108,7.0,1005.0,82.0,185.741,0.043807999789714815,bmm
,139,139x420x7x138,7.0,1005.0,82.0,185.741,0.08806400001049042,bmm
,207,207x297x6x237,7.0,1005.0,82.0,185.741,0.10375039726495743,bmm
,156,156x289x32x134,7.0,1005.0,82.0,185.741,0.12259199917316436,bmm
,213,213x495x23x425,7.0,1005.0,82.0,185.741,0.3808192014694214,bmm
,257,257x483x32x320,7.0,1005.0,82.0,185.741,0.38027520179748536,bmm
,200,200x414x11x348,7.0,1005.0,82.0,185.741,0.22850559651851654,bmm
,225,225x273x11x957,7.0,1005.0,82.0,185.741,0.49561598896980286,bmm
,247,247x317x16x974,27.0,1005.0,82.0,152.22800000000004,0.5232319951057434,bmm
,211,211x388x19x644,27.0,1005.0,82.0,152.22800000000004,0.5457919836044312,bmm
,235,235x424x51x23,27.0,1005.0,82.0,152.22800000000004,0.17489920556545258,bmm
,252,252x445x52x10,27.0,1005.0,82.0,152.22800000000004,0.18775679767131806,bmm
,151,151x315x38x23,27.0,1005.0,82.0,152.22800000000004,0.07676160335540771,bmm
,145,145x449x45x61,27.0,1005.0,82.0,152.22800000000004,0.11151359975337982,bmm
,138,138x328x62x64,27.0,1005.0,82.0,152.22800000000004,0.10239999741315842,bmm
,229,229x484x59x47,27.0,1005.0,82.0,152.22800000000004,0.1945600062608719,bmm
,203,203x325x47x68,10.0,1005.0,81.0,148.28400000000008,0.11161600053310394,bmm
,220,220x402x63x98,10.0,1005.0,81.0,148.28400000000008,0.18212479650974273,bmm
,135,135x400x42x80,10.0,1005.0,81.0,148.28400000000008,0.09830400347709656,bmm
,226,226x453x41x239,10.0,1005.0,81.0,148.28400000000008,0.2976512014865875,bmm
,245,245x506x46x156,10.0,1005.0,81.0,148.28400000000008,0.4093952000141144,bmm
,189,189x362x56x179,10.0,1005.0,81.0,148.28400000000008,0.2834432125091553,bmm
,146,146x375x53x367,10.0,1005.0,81.0,148.28400000000008,0.355129599571228,bmm
,239,239x299x42x257,10.0,1005.0,81.0,148.28400000000008,0.4630528032779694,bmm
,219,219x275x57x449,31.0,750.0,79.0,143.46599999999992,0.6850559711456299,bmm
,226,226x419x52x542,31.0,750.0,79.0,143.46599999999992,1.04509437084198,bmm
,166,166x302x60x875,31.0,750.0,79.0,143.46599999999992,0.9031680226325989,bmm
,136,136x259x62x812,31.0,750.0,79.0,143.46599999999992,0.7360512018203735,bmm
,173,173x444x93x16,31.0,750.0,79.0,143.46599999999992,0.22732800245285034,bmm
,245,245x452x119x28,31.0,750.0,79.0,143.46599999999992,0.36515840888023376,bmm
,194,194x511x99x7,15.0,900.0,79.0,132.9699999999999,0.2693119943141937,bmm
,168,168x260x127x39,15.0,900.0,79.0,132.9699999999999,0.22667519450187684,bmm
,153,153x294x124x56,15.0,900.0,79.0,132.9699999999999,0.19925759732723236,bmm
,186,186x343x78x58,15.0,900.0,79.0,132.9699999999999,0.16281600296497345,bmm
,254,254x475x88x109,15.0,900.0,79.0,132.9699999999999,0.3438591957092285,bmm
,245,245x343x125x77,15.0,900.0,79.0,132.9699999999999,0.30965760350227356,bmm
,132,132x499x104x118,15.0,900.0,79.0,132.9699999999999,0.22671359777450562,bmm
,213,213x423x127x249,15.0,900.0,79.0,132.9699999999999,0.6737920045852661,bmm
,238,238x369x127x197,16.0,900.0,76.0,122.15900000000006,0.5748672127723694,bmm
,246,246x326x122x236,16.0,900.0,76.0,122.15900000000006,0.5830655932426453,bmm
,208,208x305x69x385,16.0,900.0,76.0,122.15900000000006,0.5875712037086487,bmm
,179,179x326x71x365,16.0,900.0,76.0,122.15900000000006,0.4155328035354614,bmm
,257,257x508x110x495,16.0,900.0,76.0,122.15900000000006,1.4661695957183838,bmm
,181,181x325x128x920,27.76,904.2,76.28,122.37208000000005,1.6566271781921387,bmm
,153,153x306x99x685,58.0,915.0,77.0,122.92000000000003,0.8200191974639892,bmm
,147,147x272x99x681,58.0,915.0,77.0,122.92000000000003,0.7780352115631104,bmm
,179,179x428x205x21,58.0,915.0,77.0,122.92000000000003,0.4017919898033142,bmm
,213,213x278x208x4,58.0,915.0,77.0,122.92000000000003,0.35225600004196167,bmm
,205,205x333x208x5,58.0,915.0,77.0,122.92000000000003,0.3536128044128418,bmm
,255,255x326x255x50,58.0,915.0,77.0,122.92000000000003,0.5396224021911621,bmm
,228,228x298x236x53,58.0,915.0,77.0,122.92000000000003,0.4556800127029419,bmm
,242,242x447x243x62,31.0,1005.0,77.0,130.2220000000001,0.6318079829216003,bmm
,241,241x474x170x100,31.0,1005.0,77.0,130.2220000000001,0.4969919979572296,bmm
,207,207x301x235x103,31.0,1005.0,77.0,130.2220000000001,0.42065919041633604,bmm
,224,224x508x223x101,31.0,1005.0,77.0,130.2220000000001,0.5865407943725586,bmm
,173,173x434x246x223,31.0,1005.0,77.0,130.2220000000001,0.8837119936943054,bmm
,154,154x403x167x237,31.0,1005.0,77.0,130.2220000000001,0.5734208106994629,bmm
,165,165x387x209x238,41.0,1005.0,78.0,133.79599999999994,0.7663359999656677,bmm
,167,167x433x160x486,41.0,1005.0,78.0,133.79599999999994,1.1749375820159913,bmm
,163,163x315x135x449,41.0,1005.0,78.0,133.79599999999994,0.7442432165145874,bmm
,151,151x285x244x463,41.0,1005.0,78.0,133.79599999999994,1.1735039949417114,bmm
,184,184x273x221x733,41.0,1005.0,78.0,133.79599999999994,1.8941951990127563,bmm
,177,177x456x218x624,36.0,1005.0,79.0,131.85199999999998,2.0946943759918213,bmm
,232,232x361x218x1000,36.0,1005.0,79.0,131.85199999999998,3.1346176147460936,bmm
,209,209x265x424x5,36.0,1005.0,79.0,131.85199999999998,0.6868991851806641,bmm
,229,229x308x288x32,36.0,1005.0,79.0,131.85199999999998,0.536575973033905,bmm
,166,166x511x262x9,33.8,1005.0,80.32,140.96923999999999,0.5007359981536865,bmm
,158,158x479x293x42,31.0,1005.0,82.0,152.57299999999995,0.5027648091316224,bmm
,210,210x439x480x54,31.0,1005.0,82.0,152.57299999999995,1.0653311967849732,bmm
,142,142x379x297x53,31.0,1005.0,82.0,152.57299999999995,0.39338881373405454,bmm
,253,253x406x278x129,31.0,1005.0,82.0,152.57299999999995,1.4313408374786376,bmm
,189,189x260x352x101,31.0,1005.0,82.0,152.57299999999995,0.5115328073501587,bmm
,196,196x438x472x106,31.0,1005.0,82.0,152.57299999999995,0.9736192226409912,bmm
,246,246x413x498x138,19.0,1005.0,81.0,153.37899999999993,2.420723247528076,bmm
,153,153x327x370x214,19.0,1005.0,81.0,153.37899999999993,0.924780809879303,bmm
,253,253x365x500x192,19.0,1005.0,81.0,153.37899999999993,1.9302400350570679,bmm
,164,164x490x473x396,19.0,1005.0,81.0,153.37899999999993,3.084063911437988,bmm
,253,253x487x355x312,56.0,1005.0,84.0,149.02500000000006,2.7783167362213135,bmm
,175,175x483x392x335,56.0,1005.0,84.0,149.02500000000006,2.054707145690918,bmm
,249,249x447x284x607,56.0,1005.0,84.0,149.02500000000006,3.5733120441436768,bmm
,198,198x475x465x607,90.0,1005.0,87.0,171.8029999999999,4.628390312194824,bmm
,209,209x427x377x921,90.0,1005.0,87.0,171.8029999999999,6.323801708221436,bmm
,175,175x351x903x28,88.08,1005.0,87.0,186.5788400000001,1.2574016094207763,bmm
,151,151x441x597x13,86.0,1005.0,87.0,202.58600000000013,0.9615231871604919,bmm
,178,178x485x687x12,86.0,1005.0,87.0,202.58600000000013,1.2349439859390259,bmm
,206,206x264x971x52,86.0,1005.0,87.0,202.58600000000013,1.5513472080230712,bmm
,227,227x320x761x51,86.0,1005.0,87.0,202.58600000000013,1.3834240436553955,bmm
,239,239x378x831x49,54.0,1005.0,85.0,200.50799999999992,1.5124479532241821,bmm
,174,174x267x611x111,54.0,1005.0,85.0,200.50799999999992,0.8742527842521668,bmm
,151,151x360x786x74,54.0,1005.0,85.0,200.50799999999992,0.9680895805358887,bmm
,220,220x424x706x127,54.0,1005.0,85.0,200.50799999999992,1.6084991693496704,bmm
,172,172x357x536x137,54.0,1005.0,85.0,200.50799999999992,1.4020479679107667,bmm
,141,141x299x1003x188,51.0,1005.0,85.0,168.88200000000003,2.1981184482574463,bmm
,144,144x391x725x166,51.0,1005.0,85.0,168.88200000000003,2.1659648418426514,bmm
,142,142x433x727x496,51.0,1005.0,85.0,168.88200000000003,4.0414719581604,bmm
,248,248x387x524x417,80.0,1005.0,87.0,167.46900000000002,5.149267196655273,bmm
,221,221x404x690x476,80.0,1005.0,87.0,167.46900000000002,6.060390281677246,bmm
,168,168x423x578x1007,81.0,1005.0,87.0,197.25500000000008,7.663616180419922,bmm
,177,177x476x1015x930,85.32,1005.0,88.44,211.48868000000002,14.001971435546874,bmm
,196,196x348x588x821,87.36,1005.0,89.0,218.6482,6.001164722442627,bmm
,138,138x709x22x16,90.0,1005.0,89.0,230.5590000000001,0.10033279806375503,bmm
,220,220x1000x21x27,90.0,1005.0,89.0,230.5590000000001,0.1945600062608719,bmm
,153,153x940x33x15,90.0,1005.0,89.0,230.5590000000001,0.17612800002098083,bmm
,196,196x840x13x63,90.0,1005.0,89.0,230.5590000000001,0.130048006772995,bmm
,182,182x695x28x52,90.0,1005.0,89.0,230.5590000000001,0.14643199741840363,bmm
,216,216x968x6x62,90.0,1005.0,89.0,230.5590000000001,0.13345920145511628,bmm
,184,184x850x28x101,90.0,1005.0,89.0,230.5590000000001,0.17507200539112092,bmm
,198,198x911x8x87,90.0,1005.0,89.0,230.5590000000001,0.12285439819097518,bmm
,214,214x722x13x86,19.0,1005.0,84.0,208.2420000000001,0.12627200186252593,bmm
,146,146x573x26x219,19.0,1005.0,84.0,208.2420000000001,0.19241600334644318,bmm
,140,140x722x4x165,19.0,1005.0,84.0,208.2420000000001,0.1315392017364502,bmm
,199,199x854x11x154,19.0,1005.0,84.0,208.2420000000001,0.25804799795150757,bmm
,203,203x515x23x287,19.0,1005.0,84.0,208.2420000000001,0.3354175925254822,bmm
,206,206x976x9x420,19.0,1005.0,84.0,208.2420000000001,0.6051776170730591,bmm
,164,164x889x16x461,19.0,1005.0,84.0,208.2420000000001,0.4227007985115051,bmm
,169,169x553x32x514,41.0,1005.0,84.0,167.55499999999995,0.5099520087242126,bmm
,241,241x569x9x871,41.0,1005.0,84.0,167.55499999999995,0.7810495972633362,bmm
,248,248x601x32x654,41.0,1005.0,84.0,167.55499999999995,0.8928832054138184,bmm
,146,146x708x48x5,41.0,1005.0,84.0,167.55499999999995,0.14782080352306365,bmm
,183,183x531x34x14,41.0,1005.0,84.0,167.55499999999995,0.146220800280571,bmm
,179,179x849x38x20,41.0,1005.0,84.0,167.55499999999995,0.1937279999256134,bmm
,233,233x876x61x62,41.0,1005.0,84.0,167.55499999999995,0.3897343993186951,bmm
,148,148x844x50x35,16.0,1005.0,81.0,151.52500000000006,0.20111359655857086,bmm
,177,177x788x40x49,16.0,1005.0,81.0,151.52500000000006,0.21319680213928222,bmm
,209,209x804x45x114,16.0,1005.0,81.0,151.52500000000006,0.35225600004196167,bmm
,181,181x738x41x127,16.0,1005.0,81.0,151.52500000000006,0.2936576008796692,bmm
,246,246x876x60x80,16.0,1005.0,81.0,151.52500000000006,0.44458879828453063,bmm
,207,207x599x33x226,16.0,1005.0,81.0,151.52500000000006,0.4132863938808441,bmm
,202,202x1007x37x149,16.0,1005.0,81.0,151.52500000000006,0.5498944044113159,bmm
,166,166x714x35x181,28.8,1005.0,80.36,143.87315999999998,0.3638975977897644,bmm
,248,248x912x61x337,36.0,1005.0,80.0,139.569,1.3162432193756104,bmm
,198,198x715x34x463,36.0,1005.0,80.0,139.569,0.8804415941238404,bmm
,198,198x756x46x318,36.0,1005.0,80.0,139.569,0.7389120101928711,bmm
,201,201x757x43x964,36.0,1005.0,80.0,139.569,1.967308807373047,bmm
,158,158x951x47x648,49.0,1005.0,80.0,125.89699999999998,1.438099193572998,bmm
,214,214x787x40x847,49.0,1005.0,80.0,125.89699999999998,1.8231296062469482,bmm
,257,257x794x126x7,49.0,1005.0,80.0,125.89699999999998,0.6152191877365112,bmm
,202,202x906x70x9,49.0,1005.0,80.0,125.89699999999998,0.3491840064525604,bmm
,149,149x921x128x25,49.0,1005.0,80.0,125.89699999999998,0.419840008020401,bmm
,256,256x967x70x55,20.0,1005.0,79.0,137.06199999999993,0.45542400479316714,bmm
,152,152x821x94x34,20.0,1005.0,79.0,137.06199999999993,0.29183998703956604,bmm
,186,186x765x100x56,20.0,1005.0,79.0,137.06199999999993,0.3444544017314911,bmm
,130,130x909x78x114,20.0,1005.0,79.0,137.06199999999993,0.3229696035385132,bmm
,194,194x775x72x106,20.0,1005.0,79.0,137.06199999999993,0.3659775972366333,bmm
,130,130x792x102x79,20.0,1005.0,79.0,137.06199999999993,0.2946880042552948,bmm
,184,184x867x97x142,24.0,1005.0,77.0,130.44799999999998,0.7470784187316895,bmm
,230,230x912x118x246,24.0,1005.0,77.0,130.44799999999998,1.2297727823257447,bmm
,254,254x703x117x175,24.0,1005.0,77.0,130.44799999999998,1.019916820526123,bmm
,239,239x708x66x386,24.0,1005.0,77.0,130.44799999999998,1.2089344263076782,bmm
,200,200x520x71x383,24.0,1005.0,77.0,130.44799999999998,0.6699007868766784,bmm
,138,138x560x106x285,52.0,1005.0,79.0,127.25100000000006,0.675212812423706,bmm
,235,235x594x117x711,52.0,1005.0,79.0,127.25100000000006,2.386124849319458,bmm
,151,151x784x77x654,52.0,1005.0,79.0,127.25100000000006,1.4288576364517211,bmm
,204,204x595x114x965,50.0,1005.0,79.6,130.4062,2.7228160381317137,bmm
,199,199x830x183x12,42.0,1005.0,82.0,143.02700000000002,0.6684672236442566,bmm
,252,252x745x188x4,42.0,1005.0,82.0,143.02700000000002,0.7682048082351685,bmm
,228,228x941x155x32,42.0,1005.0,82.0,143.02700000000002,0.7823359966278076,bmm
,152,152x553x184x55,42.0,1005.0,82.0,143.02700000000002,0.39403519630432127,bmm
,135,135x569x194x52,42.0,1005.0,82.0,143.02700000000002,0.3891200125217438,bmm
,170,170x629x244x53,42.0,1005.0,82.0,143.02700000000002,0.5828288197517395,bmm
,168,168x798x178x83,20.0,1005.0,81.0,150.63299999999992,0.597376012802124,bmm
,201,201x672x236x69,20.0,1005.0,81.0,150.63299999999992,0.7573247909545898,bmm
,164,164x972x190x98,20.0,1005.0,81.0,150.63299999999992,0.7040768027305603,bmm
,190,190x778x146x199,20.0,1005.0,81.0,150.63299999999992,1.0762239694595337,bmm
,253,253x941x143x233,20.0,1005.0,81.0,150.63299999999992,1.5742591857910155,bmm
,196,196x929x213x152,56.48,1005.0,81.76,148.41455999999997,1.7405952215194702,bmm
,238,238x835x156x386,68.0,1005.0,82.0,147.71399999999997,2.8657663345336912,bmm
,228,228x828x148x325,68.0,1005.0,82.0,147.71399999999997,1.9246848106384278,bmm
,169,169x987x160x299,68.0,1005.0,82.0,147.71399999999997,1.6836031436920167,bmm
,253,253x765x203x734,51.0,1005.0,85.0,153.09799999999998,5.050144004821777,bmm
,256,256x724x164x977,51.0,1005.0,85.0,153.09799999999998,5.285683345794678,bmm
,136,136x575x226x921,91.0,1005.0,88.0,181.47400000000005,3.1938560009002686,bmm
,228,228x761x299x10,91.0,1005.0,88.0,181.47400000000005,1.0522624254226685,bmm
,153,153x654x438x6,91.0,1005.0,88.0,181.47400000000005,1.061683177947998,bmm
,250,250x893x296x4,91.0,1005.0,88.0,181.47400000000005,1.3279167890548706,bmm
,208,208x945x396x47,48.0,1005.0,85.0,195.5529999999999,1.6984063863754273,bmm
,173,173x592x473x50,48.0,1005.0,85.0,195.5529999999999,1.0788928031921388,bmm
,134,134x1001x318x50,48.0,1005.0,85.0,195.5529999999999,0.925491213798523,bmm
,212,212x961x292x78,48.0,1005.0,85.0,195.5529999999999,1.2945279836654664,bmm
,200,200x950x403x112,48.0,1005.0,85.0,195.5529999999999,1.7041407823562622,bmm
,176,176x1015x293x84,58.0,1005.0,84.0,179.30000000000007,1.125171184539795,bmm
,139,139x900x417x129,58.0,1005.0,84.0,179.30000000000007,2.3833856105804445,bmm
,130,130x558x259x139,58.0,1005.0,84.0,179.30000000000007,0.8764927983283997,bmm
,227,227x585x485x158,58.0,1005.0,84.0,179.30000000000007,2.731699228286743,bmm
,143,143x925x443x493,54.0,1005.0,86.0,157.09400000000002,5.071872043609619,bmm
,180,180x642x494x288,54.0,1005.0,86.0,157.09400000000002,3.955507278442383,bmm
,159,159x797x341x413,57.6,1005.0,86.0,175.1026399999999,3.81562876701355,bmm
,174,174x708x349x663,59.0,1005.0,86.0,182.10599999999988,5.465087890625,bmm
,249,249x1018x464x890,33.0,1005.0,86.0,202.583,15.863391876220703,bmm
,184,184x724x411x600,99.0,1005.0,90.0,227.58399999999992,5.670060825347901,bmm
,215,215x984x849x7,99.0,1005.0,90.0,227.58399999999992,3.546112060546875,bmm
,191,191x888x818x7,74.4,1005.0,88.2,226.46379999999994,2.767840099334717,bmm
,146,146x561x945x24,58.0,1005.0,87.0,225.71699999999998,1.696614384651184,bmm
,248,248x834x941x33,58.0,1005.0,87.0,225.71699999999998,4.100915241241455,bmm
,252,252x833x954x52,43.6,1005.0,85.08,207.82164,4.163123321533203,bmm
,159,159x999x840x58,43.0,1005.0,85.0,207.076,2.6574399948120115,bmm
,131,131x715x871x72,43.0,1005.0,85.0,207.076,1.7530495882034303,bmm
,244,244x966x727x101,51.0,1005.0,85.8,195.48000000000005,3.473375988006592,bmm
,201,201x557x691x71,53.0,1005.0,86.0,192.58100000000005,1.8012671947479248,bmm
,144,144x541x528x152,53.0,1005.0,86.0,192.58100000000005,1.900864028930664,bmm
,167,167x990x1016x166,58.2,1005.0,87.04,190.61228000000003,6.603552055358887,bmm
,213,213x966x829x253,63.0,1005.0,88.0,188.79500000000004,6.918719959259033,bmm
,147,147x651x899x463,58.4,1005.0,87.08,205.23264,7.835814380645752,bmm
,210,210x988x1015x479,81.12,1005.0,88.36,215.36872000000002,16.42147216796875,bmm
,248,248x802x608x346,82.12,1005.0,89.0,226.31908000000007,7.724851322174072,bmm
,246,246x728x651x581,78.2,1005.0,89.0,234.37980000000013,11.717984008789063,bmm
,256,256x545x962x583,99.0,1005.0,89.0,239.68892000000002,15.052531051635743,bmm
,230,230x1012x640x627,99.0,1005.0,89.0,236.80292000000006,14.365023803710937,bmm
,490,490x12x18x1,99.0,1005.0,89.0,240.84900000000007,0.006112000159919262,bmm
,495,495x8x30x8,99.0,1005.0,89.0,240.84900000000007,0.011264000087976456,bmm
,274,274x13x20x25,99.0,1005.0,89.0,240.84900000000007,0.010239999741315842,bmm
,350,350x16x14x54,99.0,1005.0,89.0,240.84900000000007,0.01525759994983673,bmm
,414,414x33x26x54,99.0,1005.0,89.0,240.84900000000007,0.06451199948787689,bmm
,389,389x30x2x58,99.0,1005.0,89.0,240.84900000000007,0.034105599671602246,bmm
,418,418x14x23x68,99.0,1005.0,89.0,240.84900000000007,0.022047999873757364,bmm
,490,490x6x4x69,6.0,1005.0,85.0,219.51299999999995,0.014048000052571296,bmm
,365,365x16x10x96,6.0,1005.0,85.0,219.51299999999995,0.02126079946756363,bmm
,258,258x2x28x173,6.0,1005.0,85.0,219.51299999999995,0.011264000087976456,bmm
,261,261x32x6x153,6.0,1005.0,85.0,219.51299999999995,0.045689599215984346,bmm
,342,342x30x9x208,6.0,1005.0,85.0,219.51299999999995,0.06963200122117996,bmm
,403,403x25x11x306,6.0,1005.0,85.0,219.51299999999995,0.11361920088529587,bmm
,386,386x11x28x359,6.0,1005.0,85.0,219.51299999999995,0.05939200147986412,bmm
,399,399x17x30x401,6.0,1005.0,85.0,219.51299999999995,0.203289595246315,bmm
,436,436x14x12x765,6.0,1005.0,85.0,219.51299999999995,0.12080000340938568,bmm
,326,326x8x21x974,8.0,1005.0,82.0,175.22699999999998,0.09195520132780075,bmm
,389,389x19x31x681,8.0,1005.0,82.0,175.22699999999998,0.29261439442634585,bmm
,267,267x31x65x1,8.0,1005.0,82.0,175.22699999999998,0.011193600110709667,bmm
,298,298x14x36x11,8.0,1005.0,82.0,175.22699999999998,0.011609600111842155,bmm
,427,427x17x46x11,8.0,1005.0,82.0,175.22699999999998,0.08158079832792282,bmm
,311,311x23x36x57,8.0,1005.0,82.0,175.22699999999998,0.05119999870657921,bmm
,470,470x25x35x34,8.0,1005.0,82.0,175.22699999999998,0.07286400198936463,bmm
,321,321x23x34x39,8.0,1005.0,82.0,175.22699999999998,0.05119999870657921,bmm
,430,430x21x64x75,8.0,1005.0,82.0,175.22699999999998,0.09728000313043594,bmm
,333,333x8x63x87,8.0,1005.0,82.0,138.32700000000008,0.02457600086927414,bmm
,313,313x5x54x103,7.0,1005.0,80.0,138.32700000000008,0.01945599913597107,bmm
,456,456x28x52x159,7.0,1005.0,80.0,138.32700000000008,0.17203199863433838,bmm
,349,349x18x50x189,7.0,1005.0,80.0,138.32700000000008,0.13184639811515808,bmm
,434,434x19x48x231,7.0,1005.0,80.0,138.32700000000008,0.14131200313568115,bmm
,462,462x6x46x353,7.0,1005.0,80.0,138.32700000000008,0.06941440105438232,bmm
,477,477x18x34x316,7.0,1005.0,80.0,138.32700000000008,0.20582400262355804,bmm
,367,367x32x51x396,7.0,1005.0,80.0,138.32700000000008,0.2549760043621063,bmm
,467,467x33x40x520,7.0,1005.0,80.0,138.32700000000008,0.66457599401474,bmm
,345,345x21x54x629,19.0,480.0,79.0,138.73999999999992,0.638975989818573,bmm
,496,496x28x34x575,19.0,480.0,79.0,138.73999999999992,0.7266303896903992,bmm
,301,301x26x73x17,19.0,480.0,79.0,138.73999999999992,0.15993599593639374,bmm
,383,383x30x92x4,19.0,480.0,79.0,138.73999999999992,0.22630399465560913,bmm
,261,261x26x109x5,19.0,480.0,79.0,138.73999999999992,0.2088959962129593,bmm
,328,328x10x123x40,19.0,480.0,79.0,138.73999999999992,0.04464640021324158,bmm
,291,291x14x81x60,19.0,480.0,79.0,138.73999999999992,0.03788800165057182,bmm
,371,371x3x100x58,19.0,480.0,79.0,138.73999999999992,0.03235199972987175,bmm
,469,469x12x123x108,9.0,465.0,76.0,126.15799999999994,0.10853759944438934,bmm
,450,450x25x89x91,9.0,465.0,76.0,126.15799999999994,0.30720001459121704,bmm
,301,301x9x112x77,9.0,465.0,76.0,126.15799999999994,0.05939200147986412,bmm
,449,449x10x109x180,9.0,465.0,76.0,126.15799999999994,0.1525759994983673,bmm
,451,451x23x87x182,9.0,465.0,76.0,126.15799999999994,0.5285887718200684,bmm
,439,439x6x122x169,9.0,465.0,76.0,126.15799999999994,0.14601600170135498,bmm
,316,316x6x128x382,9.0,465.0,76.0,126.15799999999994,0.21585280299186707,bmm
,470,470x26x109x302,16.28,431.4,74.88,118.07551999999994,1.084006428718567,bmm
,394,394x2x127x466,22.0,405.0,74.0,111.72499999999995,0.23571840226650237,bmm
,408,408x22x95x778,22.0,405.0,74.0,111.72499999999995,1.8968576192855835,bmm
,399,399x30x103x824,22.0,405.0,74.0,111.72499999999995,1.177395224571228,bmm
,285,285x31x73x737,22.0,405.0,74.0,111.72499999999995,0.5781439900398254,bmm
,332,332x22x157x14,22.0,405.0,74.0,111.72499999999995,0.25804799795150757,bmm
,283,283x31x216x14,41.0,675.0,74.0,109.49299999999995,0.2734079957008362,bmm
,442,442x3x229x33,41.0,675.0,74.0,109.49299999999995,0.04341759979724884,bmm
,493,493x12x208x47,41.0,675.0,74.0,109.49299999999995,0.07884799689054489,bmm
,365,365x16x195x53,41.0,675.0,74.0,109.49299999999995,0.08149119764566422,bmm
,440,440x16x143x47,41.0,675.0,74.0,109.49299999999995,0.07352320253849029,bmm
,341,341x25x233x122,41.0,675.0,74.0,109.49299999999995,0.3768320083618164,bmm
,303,303x14x222x107,41.0,675.0,74.0,109.49299999999995,0.10055679678916932,bmm
,500,500x22x240x103,41.0,675.0,74.0,109.49299999999995,0.5191680192947388,bmm
,448,448x21x187x170,24.0,675.0,73.0,108.45699999999994,0.6584320068359375,bmm
,338,338x10x257x201,24.0,675.0,73.0,108.45699999999994,0.20459519624710082,bmm
,346,346x14x237x155,24.0,675.0,73.0,108.45699999999994,0.17182720005512236,bmm
,407,407x1x242x373,24.0,675.0,73.0,108.45699999999994,0.3323775947093964,bmm
,279,279x20x155x414,24.0,675.0,73.0,108.45699999999994,0.7045120000839233,bmm
,289,289x26x201x264,24.0,675.0,73.0,108.45699999999994,0.7086079716682434,bmm
,496,496x25x254x980,28.4,675.0,72.12,108.15780000000002,2.9419519901275635,bmm
,408,408x16x230x582,29.0,675.0,72.0,108.11700000000002,0.7510015964508057,bmm
,465,465x16x198x721,29.0,675.0,72.0,108.11700000000002,0.8108031868934631,bmm
,302,302x9x280x6,29.0,675.0,72.0,108.11700000000002,0.025337600335478782,bmm
,345,345x17x421x10,29.0,675.0,72.0,108.11700000000002,0.43007999658584595,bmm
,425,425x18x348x20,29.0,675.0,72.0,108.11700000000002,0.43110400438308716,bmm
,324,324x16x316x61,29.0,675.0,72.0,108.11700000000002,0.09360000193119049,bmm
,421,421x25x513x35,23.0,1005.0,74.0,118.80400000000004,0.6266880035400391,bmm
,392,392x19x490x53,23.0,1005.0,74.0,118.80400000000004,0.5013311982154847,bmm
,498,498x1x472x126,23.0,1005.0,74.0,118.80400000000004,0.27215999364852905,bmm
,267,267x14x420x92,23.0,1005.0,74.0,118.80400000000004,0.12247039675712586,bmm
,387,387x18x342x86,23.0,1005.0,74.0,118.80400000000004,0.3553279936313629,bmm
,379,379x15x485x210,23.0,1005.0,74.0,118.80400000000004,0.4807807981967926,bmm
,387,387x11x346x216,23.0,1005.0,74.0,118.80400000000004,0.2922175943851471,bmm
,259,259x16x258x245,23.0,1005.0,74.0,118.80400000000004,0.20680959820747374,bmm
,370,370x33x365x512,29.0,1005.0,73.0,120.63299999999995,1.40732798576355,bmm
,493,493x26x336x400,29.0,1005.0,73.0,120.63299999999995,1.6869119644165038,bmm
,500,500x2x289x314,29.0,1005.0,73.0,120.63299999999995,0.40751360058784486,bmm
,409,409x17x278x1015,29.0,1005.0,73.0,120.63299999999995,2.2671360969543457,bmm
,318,318x31x318x840,55.0,1005.0,76.0,120.84000000000003,1.8075520515441894,bmm
,334,334x24x271x790,55.0,1005.0,76.0,120.84000000000003,1.6015104055404663,bmm
,471,471x12x544x18,55.0,1005.0,76.0,120.84000000000003,0.1040383979678154,bmm
,388,388x18x793x5,55.0,1005.0,76.0,120.84000000000003,0.7935936212539673,bmm
,280,280x32x651x22,55.0,1005.0,76.0,120.84000000000003,0.5273472189903259,bmm
,380,380x5x636x50,55.0,1005.0,76.0,120.84000000000003,0.12390399724245071,bmm
,313,313x33x794x59,26.0,1005.0,75.0,131.77599999999995,0.6408191919326782,bmm
,475,475x19x923x43,26.0,1005.0,75.0,131.77599999999995,1.100377631187439,bmm
,498,498x16x632x85,26.0,1005.0,75.0,131.77599999999995,0.36884480714797974,bmm
,339,339x31x777x102,26.0,1005.0,75.0,131.77599999999995,0.7830976009368896,bmm
,416,416x2x930x115,26.0,1005.0,75.0,131.77599999999995,0.4325375914573669,bmm
,419,419x14x543x255,26.0,1005.0,75.0,131.77599999999995,0.5744832158088684,bmm
,295,295x3x690x228,26.0,1005.0,75.0,131.77599999999995,0.43500160574913027,bmm
,513,513x17x541x154,35.0,1005.0,75.0,128.576,1.4075775861740112,bmm
,460,460x27x954x495,35.0,1005.0,75.0,128.576,4.339712142944336,bmm
,314,314x20x617x451,35.0,1005.0,75.0,128.576,1.977344036102295,bmm
,463,463x19x868x366,51.0,1005.0,80.0,133.55000000000007,2.9192192554473877,bmm
,346,346x22x767x633,51.0,1005.0,80.0,133.55000000000007,3.3300288677215577,bmm
,385,385x28x993x963,71.8,1005.0,81.56,146.12516000000005,7.4534910202026365,bmm
,464,464x31x819x526,91.0,1005.0,83.0,157.73300000000006,4.699135780334473,bmm
,412,412x49x2x12,91.0,1005.0,83.0,157.73300000000006,0.03891199827194214,bmm
,325,325x41x15x23,91.0,1005.0,83.0,157.73300000000006,0.03379200026392937,bmm
,374,374x54x7x32,91.0,1005.0,83.0,157.73300000000006,0.033977600187063216,bmm
,310,310x44x27x54,5.0,1005.0,84.0,187.58199999999997,0.046054400503635406,bmm
,310,310x65x29x51,5.0,1005.0,84.0,187.58199999999997,0.04708480089902878,bmm
,460,460x35x22x54,5.0,1005.0,84.0,187.58199999999997,0.0566271997988224,bmm
,499,499x62x4x75,5.0,1005.0,84.0,187.58199999999997,0.045388799905776975,bmm
,378,378x39x28x100,5.0,1005.0,84.0,187.58199999999997,0.05730560049414635,bmm
,391,391x48x10x110,5.0,1005.0,84.0,187.58199999999997,0.04198399931192398,bmm
,274,274x34x2x167,5.0,1005.0,84.0,187.58199999999997,0.0459647998213768,bmm
,457,457x42x32x253,5.0,1005.0,84.0,187.58199999999997,0.12083200365304947,bmm
,490,490x53x11x252,5.0,1005.0,84.0,187.58199999999997,0.09385600090026855,bmm
,316,316x61x30x407,10.0,1005.0,80.0,170.6970000000001,0.16586879789829254,bmm
,370,370x40x21x372,10.0,1005.0,80.0,170.6970000000001,0.12646400332450866,bmm
,400,400x59x25x352,10.0,1005.0,80.0,170.6970000000001,0.15564799308776855,bmm
,329,329x37x6x781,10.0,1005.0,80.0,170.6970000000001,0.16993919909000396,bmm
,388,388x56x7x779,10.0,1005.0,80.0,170.6970000000001,0.20046719908714294,bmm
,291,291x42x7x519,10.0,1005.0,80.0,170.6970000000001,0.10953599959611893,bmm
,426,426x60x57x10,10.0,1005.0,80.0,170.6970000000001,0.0992959976196289,bmm
,467,467x35x62x1,10.0,1005.0,80.0,170.6970000000001,0.013311999849975109,bmm
,268,268x35x52x13,10.0,1005.0,80.0,170.6970000000001,0.062463998794555664,bmm
,459,459x43x41x54,9.0,1005.0,79.0,138.84099999999992,0.08357759714126586,bmm
,443,443x34x48x36,9.0,1005.0,79.0,138.84099999999992,0.08019199967384338,bmm
,275,275x56x35x36,9.0,1005.0,79.0,138.84099999999992,0.05119999870657921,bmm
,351,351x62x61x114,9.0,1005.0,79.0,138.84099999999992,0.0870399996638298,bmm
,441,441x41x59x121,9.0,1005.0,79.0,138.84099999999992,0.1013759970664978,bmm
,404,404x44x34x93,9.0,1005.0,79.0,138.84099999999992,0.06451199948787689,bmm
,291,291x64x54x218,9.0,1005.0,79.0,138.84099999999992,0.11957120299339294,bmm
,477,477x55x52x228,9.0,1005.0,79.0,138.84099999999992,0.17510400712490082,bmm
,315,315x34x62x209,9.0,1005.0,79.0,138.84099999999992,0.131071999669075,bmm
,301,301x56x34x289,15.0,1005.0,78.0,138.826,0.13967359960079193,bmm
,390,390x44x36x456,15.0,1005.0,78.0,138.826,0.22835199534893036,bmm
,409,409x61x38x257,15.0,1005.0,78.0,138.826,0.3532800078392029,bmm
,275,275x45x52x575,15.0,1005.0,78.0,138.826,0.48844799399375916,bmm
,265,265x37x64x727,15.0,1005.0,78.0,138.826,0.6154239773750305,bmm
,512,512x45x49x618,15.0,1005.0,78.0,138.826,0.8966143965721131,bmm
,313,313x45x76x19,15.0,1005.0,78.0,138.826,0.16076800227165222,bmm
,339,339x61x126x25,15.0,923.4,78.0,138.826,0.2908160090446472,bmm
,319,319x35x116x29,38.0,495.0,77.0,132.7069999999999,0.22978560030460357,bmm
,342,342x54x121x55,38.0,495.0,77.0,132.7069999999999,0.30105599761009216,bmm
,370,370x54x68x44,38.0,495.0,77.0,132.7069999999999,0.19148799777030945,bmm
,508,508x54x82x43,38.0,495.0,77.0,132.7069999999999,0.3053568065166473,bmm
,411,411x56x91x110,38.0,495.0,77.0,132.7069999999999,0.28958079814910886,bmm
,449,449x52x74x126,38.0,495.0,77.0,132.7069999999999,0.2539519965648651,bmm
,336,336x46x76x129,38.0,495.0,77.0,132.7069999999999,0.36556801199913025,bmm
,451,451x65x87x204,38.0,495.0,77.0,132.7069999999999,0.4976640045642853,bmm
,349,349x60x126x199,27.0,450.0,75.0,119.75700000000005,0.5636096000671387,bmm
,473,473x54x78x214,27.0,450.0,75.0,119.75700000000005,0.5021696090698242,bmm
,396,396x46x94x409,27.0,450.0,75.0,119.75700000000005,0.9820160269737244,bmm
,338,338x36x93x300,27.0,450.0,75.0,119.75700000000005,0.6446912169456482,bmm
,463,463x49x97x315,27.0,450.0,75.0,119.75700000000005,0.7915520071983337,bmm
,410,410x53x80x638,27.0,450.0,75.0,119.75700000000005,0.9154431939125061,bmm
,425,425x65x92x984,40.0,495.0,74.0,111.32900000000001,1.7457151651382445,bmm
,275,275x40x84x880,40.0,495.0,74.0,111.32900000000001,0.9342912197113037,bmm
,440,440x61x133x14,40.0,495.0,74.0,111.32900000000001,0.2539200007915497,bmm
,401,401x51x148x12,40.0,495.0,74.0,111.32900000000001,0.234892800450325,bmm
,328,328x58x198x14,40.0,495.0,74.0,111.32900000000001,0.24371199309825897,bmm
,509,509x35x142x60,40.0,495.0,74.0,111.32900000000001,0.30720001459121704,bmm
,468,468x62x241x54,37.0,522.0,73.92,111.57847999999998,0.437446391582489,bmm
,460,460x40x224x61,15.0,720.0,73.0,113.40799999999994,0.3942527949810028,bmm
,402,402x58x158x83,15.0,720.0,73.0,113.40799999999994,0.24883200228214264,bmm
,363,363x42x164x87,15.0,720.0,73.0,113.40799999999994,0.25743359327316284,bmm
,346,346x47x180x107,15.0,720.0,73.0,113.40799999999994,0.2805759906768799,bmm
,264,264x51x211x250,15.0,720.0,73.0,113.40799999999994,0.447488009929657,bmm
,332,332x60x186x151,15.0,720.0,73.0,113.40799999999994,0.5097472071647644,bmm
,468,468x37x202x222,15.0,720.0,73.0,113.40799999999994,0.7260159850120544,bmm
,364,364x42x139x289,24.0,720.0,73.0,112.32900000000001,0.6019071936607361,bmm
,320,320x33x181x414,24.0,720.0,73.0,112.32900000000001,0.8587263822555542,bmm
,512,512x35x168x367,24.0,720.0,73.0,112.32900000000001,0.9332736134529114,bmm
,415,415x38x136x669,24.0,720.0,73.0,112.32900000000001,1.1059199571609497,bmm
,496,496x60x235x602,24.0,720.0,73.0,112.32900000000001,1.7151615858078002,bmm
,281,281x34x167x865,54.96,925.2,74.44,115.28244000000002,0.8462464094161988,bmm
,415,415x59x269x24,67.0,1005.0,75.0,116.43100000000003,0.3413952052593231,bmm
,364,364x34x482x29,67.0,1005.0,75.0,116.43100000000003,0.4935680031776428,bmm
,287,287x46x502x31,67.0,1005.0,75.0,116.43100000000003,0.41162240505218506,bmm
,499,499x36x360x43,67.0,1005.0,75.0,116.43100000000003,0.512614393234253,bmm
,434,434x53x488x51,67.0,1005.0,75.0,116.43100000000003,0.5928895831108093,bmm
,436,436x48x432x33,67.0,1005.0,75.0,116.43100000000003,0.5261248111724853,bmm
,452,452x55x429x116,32.0,1005.0,74.04,121.24600000000005,0.5345280170440674,bmm
,400,400x58x423x74,32.0,1005.0,74.0,121.24600000000005,0.4374527931213379,bmm
,487,487x61x295x118,32.0,1005.0,74.0,121.24600000000005,0.37989760041236875,bmm
,494,494x53x360x155,32.0,1005.0,74.0,121.24600000000005,0.9445119857788086,bmm
,299,299x47x432x138,32.0,1005.0,74.0,121.24600000000005,0.6975232005119324,bmm
,479,479x52x349x157,32.0,1005.0,74.0,121.24600000000005,0.8577023983001709,bmm
,434,434x56x298x444,43.04,1005.0,74.92,122.10436000000006,1.3567999601364136,bmm
,497,497x51x406x369,44.0,1005.0,75.0,122.17900000000004,1.558521556854248,bmm
,316,316x52x263x508,44.0,1005.0,75.0,122.17900000000004,0.8683519959449768,bmm
,411,411x49x502x857,44.0,1005.0,75.0,122.17900000000004,3.6083712577819824,bmm
,505,505x40x414x902,94.0,1005.0,79.0,133.96300000000008,4.149401664733887,bmm
,336,336x41x503x575,94.0,1005.0,79.0,133.96300000000008,2.1073920726776123,bmm
,341,341x48x766x8,94.0,1005.0,79.0,133.96300000000008,0.7639039754867554,bmm
,280,280x49x799x32,94.0,1005.0,79.0,133.96300000000008,0.638975977897644,bmm
,481,481x45x766x31,94.0,1005.0,79.0,133.96300000000008,0.9170944094657898,bmm
,487,487x49x651x42,45.0,1005.0,81.0,159.14100000000005,0.789689588546753,bmm
,448,448x59x870x42,45.0,1005.0,81.0,159.14100000000005,1.0422271490097046,bmm
,307,307x51x916x48,45.0,1005.0,81.0,159.14100000000005,0.7372480034828186,bmm
,463,463x55x840x128,45.0,1005.0,81.0,159.14100000000005,1.0096640586853027,bmm
,280,280x43x980x100,45.0,1005.0,81.0,159.14100000000005,0.786841607093811,bmm
,333,333x59x649x117,45.0,1005.0,81.0,159.14100000000005,0.6651455879211425,bmm
,329,329x40x981x243,41.0,1005.0,79.0,159.279,1.749183964729309,bmm
,308,308x60x653x246,41.0,1005.0,79.0,159.279,1.052672028541565,bmm
,513,513x64x722x222,41.0,1005.0,79.0,159.279,1.880672001838684,bmm
,281,281x55x986x365,41.0,1005.0,79.0,159.279,2.154585599899292,bmm
,335,335x35x968x324,52.0,1005.0,82.0,143.59099999999992,2.475008010864258,bmm
,262,262x34x976x441,52.0,1005.0,82.0,143.59099999999992,2.4970687866210937,bmm
,259,259x63x525x1022,52.0,1005.0,82.0,143.59099999999992,2.7318272590637207,bmm
,331,331x43x696x821,67.2,1005.0,83.6,158.495,3.9827200412750243,bmm
,283,283x52x736x718,71.0,1005.0,84.0,162.221,3.053510332107544,bmm
,342,342x121x14x21,71.0,1005.0,84.0,162.221,0.04196479916572571,bmm
,492,492x97x31x8,71.0,1005.0,84.0,162.221,0.06758400052785873,bmm
,280,280x71x12x11,71.0,1005.0,84.0,162.221,0.03379200026392937,bmm
,416,416x77x11x49,71.0,1005.0,84.0,162.221,0.04846080094575882,bmm
,390,390x109x11x54,6.0,1005.0,83.24,178.98700000000005,0.04198399931192398,bmm
,446,446x127x10x36,6.0,1005.0,83.0,178.98700000000005,0.04903680086135864,bmm
,267,267x118x8x81,6.0,1005.0,83.0,178.98700000000005,0.028672000393271446,bmm
,496,496x105x2x89,6.0,1005.0,83.0,178.98700000000005,0.04608000069856644,bmm
,284,284x94x30x128,6.0,1005.0,83.0,178.98700000000005,0.05222399905323982,bmm
,325,325x91x10x132,6.0,1005.0,83.0,178.98700000000005,0.06422399878501892,bmm
,481,481x101x26x248,6.0,1005.0,83.0,178.98700000000005,0.1382143974304199,bmm
,372,372x84x8x246,6.0,1005.0,83.0,178.98700000000005,0.06451199948787689,bmm
,320,320x122x10x507,6.0,1005.0,83.0,178.98700000000005,0.14312320053577424,bmm
,324,324x81x33x360,6.0,1005.0,83.0,178.98700000000005,0.14336000382900238,bmm
,409,409x89x3x467,12.0,1005.0,80.0,166.16800000000006,0.12672640085220338,bmm
,380,380x80x25x553,12.0,1005.0,80.0,166.16800000000006,0.24490880072116852,bmm
,337,337x80x7x549,12.0,1005.0,80.0,166.16800000000006,0.131071999669075,bmm
,323,323x83x5x521,12.0,1005.0,80.0,166.16800000000006,0.12390399724245071,bmm
,390,390x107x65x3,12.0,1005.0,80.0,166.16800000000006,0.09418880194425583,bmm
,281,281x109x41x7,12.0,1005.0,80.0,166.16800000000006,0.05734400078654289,bmm
,455,455x124x61x4,12.0,1005.0,80.0,166.16800000000006,0.10239999741315842,bmm
,328,328x110x65x49,12.0,1005.0,80.0,166.16800000000006,0.07884799689054489,bmm
,415,415x109x33x42,9.0,1005.0,79.0,139.42299999999992,0.07676800340414047,bmm
,428,428x77x52x58,9.0,1005.0,79.0,139.42299999999992,0.09318400174379349,bmm
,338,338x74x61x108,9.0,1005.0,79.0,139.42299999999992,0.0870399996638298,bmm
,338,338x120x60x119,9.0,1005.0,79.0,139.42299999999992,0.0942080020904541,bmm
,438,438x89x38x65,9.0,1005.0,79.0,139.42299999999992,0.07781119793653488,bmm
,375,375x76x52x228,9.0,1005.0,79.0,139.42299999999992,0.14745600521564484,bmm
,384,384x127x43x194,9.0,1005.0,79.0,139.42299999999992,0.13877119719982148,bmm
,333,333x122x49x223,9.0,1005.0,79.0,139.42299999999992,0.13719040155410767,bmm
,351,351x105x58x343,9.0,1005.0,79.0,139.42299999999992,0.21094399690628052,bmm
,418,418x113x42x473,16.0,1005.0,78.0,139.79599999999994,0.5089280009269714,bmm
,439,439x92x37x368,16.0,1005.0,78.0,139.79599999999994,0.3694464087486267,bmm
,504,504x104x37x693,16.0,1005.0,78.0,139.79599999999994,0.8130559921264648,bmm
,319,319x87x62x868,16.0,1005.0,78.0,139.79599999999994,0.8386560082435608,bmm
,398,398x123x37x909,16.0,1005.0,78.0,139.79599999999994,0.846233606338501,bmm
,513,513x118x103x30,43.0,540.0,77.0,132.011,0.3131392002105713,bmm
,381,381x74x91x31,43.0,540.0,77.0,132.011,0.21278719902038573,bmm
,443,443x82x102x4,43.0,540.0,77.0,132.011,0.2682879865169525,bmm
,365,365x129x75x54,43.0,540.0,77.0,132.011,0.32051199674606323,bmm
,388,388x129x115x55,43.0,540.0,77.0,132.011,0.49212159514427184,bmm
,413,413x101x90x51,43.0,540.0,77.0,132.011,0.25352959632873534,bmm
,436,436x116x74x117,43.0,540.0,77.0,132.011,0.2277312010526657,bmm
,498,498x94x67x122,43.0,540.0,77.0,132.011,0.23858560025691986,bmm
,500,500x102x112x115,27.0,540.0,75.0,120.45299999999999,0.3328000009059906,bmm
,489,489x90x73x216,27.0,540.0,75.0,120.45299999999999,0.42207999229431153,bmm
,303,303x115x101x256,27.0,540.0,75.0,120.45299999999999,0.35756160616874694,bmm
,478,478x78x121x217,27.0,540.0,75.0,120.45299999999999,0.6236159801483154,bmm
,350,350x120x118x471,27.0,540.0,75.0,120.45299999999999,0.8796160221099854,bmm
,472,472x129x74x321,27.0,540.0,75.0,120.45299999999999,1.1933696269989014,bmm
,337,337x92x97x439,46.0,540.0,75.0,112.64100000000003,0.7294848084449768,bmm
,359,359x71x69x779,46.0,540.0,75.0,112.64100000000003,0.8220672011375427,bmm
,316,316x103x99x651,46.0,540.0,75.0,112.64100000000003,0.8576704144477845,bmm
,470,470x125x68x636,46.0,540.0,75.0,112.64100000000003,0.771891188621521,bmm
,460,460x111x129x7,46.0,540.0,75.0,112.64100000000003,0.26234239935874937,bmm
,378,378x67x222x2,46.0,540.0,75.0,112.64100000000003,0.3399679958820343,bmm
,411,411x91x208x20,31.0,705.0,74.0,115.89100000000003,0.37662720680236816,bmm
,262,262x79x252x57,31.0,705.0,74.0,115.89100000000003,0.31334400177001953,bmm
,315,315x93x183x36,31.0,705.0,74.0,115.89100000000003,0.23552000522613525,bmm
,288,288x109x169x63,31.0,705.0,74.0,115.89100000000003,0.22937600314617157,bmm
,384,384x104x160x71,31.0,705.0,74.0,115.89100000000003,0.25804799795150757,bmm
,322,322x82x142x127,31.0,705.0,74.0,115.89100000000003,0.1945600062608719,bmm
,400,400x109x225x72,31.0,705.0,74.0,115.89100000000003,0.3614720106124878,bmm
,357,357x84x196x168,31.0,705.0,74.0,115.89100000000003,0.5435392260551453,bmm
,257,257x98x239x147,28.0,705.0,73.0,114.55900000000005,0.5056511878967285,bmm
,511,511x71x167x166,28.0,705.0,73.0,114.55900000000005,0.6604800224304199,bmm
,319,319x95x194x291,28.0,705.0,73.0,114.55900000000005,0.720249593257904,bmm
,493,493x74x182x277,28.0,705.0,73.0,114.55900000000005,0.9781247973442078,bmm
,274,274x124x223x333,28.0,705.0,73.0,114.55900000000005,0.7032703876495361,bmm
,400,400x86x186x723,37.6,732.0,73.0,114.42699999999996,1.4536704301834107,bmm
,397,397x106x191x595,44.0,750.0,73.0,114.33899999999996,1.0725375890731812,bmm
,479,479x93x223x707,44.0,750.0,73.0,114.33899999999996,1.671347165107727,bmm
,471,471x76x433x5,44.0,750.0,73.0,114.33899999999996,0.5394239902496338,bmm
,474,474x73x264x8,44.0,750.0,73.0,114.33899999999996,0.3317759931087494,bmm
,269,269x126x437x13,44.0,750.0,73.0,114.33899999999996,0.37068159580230714,bmm
,325,325x96x350x50,31.0,1005.0,75.0,125.31500000000004,0.30286720395088196,bmm
,318,318x129x396x42,31.0,1005.0,75.0,125.31500000000004,0.653267216682434,bmm
,478,478x116x410x56,31.0,1005.0,75.0,125.31500000000004,0.5279168128967285,bmm
,307,307x127x346x79,31.0,1005.0,75.0,125.31500000000004,0.316620796918869,bmm
,296,296x119x292x78,31.0,1005.0,75.0,125.31500000000004,0.265011191368103,bmm
,275,275x95x318x103,31.0,1005.0,75.0,125.31500000000004,0.2805759906768799,bmm
,371,371x107x332x152,31.0,1005.0,75.0,125.31500000000004,0.6932479739189148,bmm
,301,301x98x492x236,17.0,1005.0,74.0,126.22600000000007,0.8191807866096497,bmm
,397,397x106x336x211,17.0,1005.0,74.0,126.22600000000007,0.7022271871566772,bmm
,334,334x95x402x347,17.0,1005.0,74.0,126.22600000000007,1.0831552267074585,bmm
,309,309x128x406x307,17.0,1005.0,74.0,126.22600000000007,1.0168319940567017,bmm
,298,298x97x377x448,17.0,1005.0,74.0,126.22600000000007,1.1704319715499878,bmm
,257,257x76x335x902,51.0,1005.0,77.0,126.75100000000006,1.7643519639968872,bmm
,260,260x97x454x890,51.0,1005.0,77.0,126.75100000000006,2.1243903636932373,bmm
,424,424x82x348x539,51.0,1005.0,77.0,126.75100000000006,1.8483200073242188,bmm
,351,351x70x820x15,51.0,1005.0,77.0,126.75100000000006,0.8210431933403015,bmm
,333,333x91x553x30,51.0,1005.0,77.0,126.75100000000006,0.5654016137123108,bmm
,421,421x105x765x21,44.0,1005.0,80.0,143.91699999999994,0.920524787902832,bmm
,258,258x102x927x35,44.0,1005.0,80.0,143.91699999999994,0.7450432062149048,bmm
,424,424x110x530x33,44.0,1005.0,80.0,143.91699999999994,0.6512640118598938,bmm
,499,499x117x576x55,44.0,1005.0,80.0,143.91699999999994,0.8198143839836121,bmm
,284,284x80x795x87,44.0,1005.0,80.0,143.91699999999994,0.6502400040626526,bmm
,409,409x70x807x114,44.0,1005.0,80.0,143.91699999999994,0.8222527980804444,bmm
,448,448x106x1017x122,37.0,1005.0,79.0,152.2489999999999,1.2683264017105103,bmm
,280,280x80x633x139,37.0,1005.0,79.0,152.2489999999999,0.9000895977020263,bmm
,359,359x90x603x239,37.0,1005.0,79.0,152.2489999999999,1.112652802467346,bmm
,374,374x100x898x196,37.0,1005.0,79.0,152.2489999999999,1.8030272245407104,bmm
,335,335x67x549x361,74.0,1005.0,80.0,150.62800000000004,1.4368767738342285,bmm
,443,443x111x875x282,74.0,1005.0,80.0,150.62800000000004,2.965292739868164,bmm
,501,501x65x776x302,74.0,1005.0,80.0,150.62800000000004,2.91080961227417,bmm
,447,447x84x1016x859,66.0,1005.0,82.0,154.95499999999996,7.788217639923095,bmm
,511,511x90x776x709,66.0,1005.0,82.0,154.95499999999996,5.821184158325195,bmm
,456,456x115x649x895,84.0,1005.0,88.0,184.34400000000002,5.0861695289611815,bmm
,386,386x167x5x17,84.0,1005.0,88.0,184.34400000000002,0.062463998794555664,bmm
,321,321x244x20x6,84.0,1005.0,88.0,184.34400000000002,0.07576960325241089,bmm
,336,336x256x4x19,84.0,1005.0,88.0,184.34400000000002,0.05701759979128838,bmm
,307,307x150x1x37,84.0,1005.0,88.0,184.34400000000002,0.01740800030529499,bmm
,375,375x166x16x56,8.0,1005.0,84.0,206.34499999999997,0.07475200295448303,bmm
,309,309x143x6x46,8.0,1005.0,84.0,206.34499999999997,0.05150719955563545,bmm
,481,481x199x22x100,8.0,1005.0,84.0,206.34499999999997,0.11366400122642517,bmm
,447,447x147x27x115,8.0,1005.0,84.0,206.34499999999997,0.11979520320892334,bmm
,504,504x169x12x81,8.0,1005.0,84.0,206.34499999999997,0.10035199671983719,bmm
,423,423x186x1x198,8.0,1005.0,84.0,206.34499999999997,0.08760319948196411,bmm
,296,296x214x29x195,8.0,1005.0,84.0,206.34499999999997,0.15923839807510376,bmm
,268,268x180x24x166,8.0,1005.0,84.0,206.34499999999997,0.12083200365304947,bmm
,451,451x254x32x359,8.32,1005.0,83.76,204.21915999999993,0.3510208070278168,bmm
,355,355x153x13x404,12.0,1005.0,81.0,179.77199999999996,0.26147199869155885,bmm
,290,290x166x11x395,12.0,1005.0,81.0,179.77199999999996,0.21744000017642975,bmm
,473,473x165x11x667,12.0,1005.0,81.0,179.77199999999996,0.5166463971138,bmm
,478,478x230x30x890,12.0,1005.0,81.0,179.77199999999996,0.8488512158393859,bmm
,259,259x231x9x779,12.0,1005.0,81.0,179.77199999999996,0.3411520004272461,bmm
,275,275x197x61x10,12.0,1005.0,81.0,179.77199999999996,0.11774720251560211,bmm
,402,402x192x38x3,12.96,1005.0,81.2,173.38099999999994,0.11998720318078995,bmm
,269,269x184x39x33,18.0,1005.0,82.0,147.817,0.08806400001049042,bmm
,509,509x220x58x56,18.0,1005.0,82.0,147.817,0.2098880022764206,bmm
,261,261x206x59x50,18.0,1005.0,82.0,147.817,0.1185216024518013,bmm
,299,299x146x60x35,18.0,1005.0,82.0,147.817,0.13207039535045623,bmm
,349,349x152x57x99,18.0,1005.0,82.0,147.817,0.14847999811172485,bmm
,439,439x205x33x109,18.0,1005.0,82.0,147.817,0.1366719961166382,bmm
,479,479x141x52x99,18.0,1005.0,82.0,147.817,0.1761216014623642,bmm
,294,294x194x42x152,18.0,1005.0,82.0,147.817,0.1955839991569519,bmm
,345,345x247x40x185,17.0,1005.0,80.0,148.43499999999997,0.31067519783973696,bmm
,271,271x200x65x221,17.0,1005.0,80.0,148.43499999999997,0.32539520263671873,bmm
,303,303x164x35x454,17.0,1005.0,80.0,148.43499999999997,0.45690239667892457,bmm
,510,510x225x58x482,17.0,1005.0,80.0,148.43499999999997,1.0612735748291016,bmm
,437,437x180x41x402,17.0,1005.0,80.0,148.43499999999997,0.7307136178016662,bmm
,355,355x237x56x590,17.0,1005.0,80.0,148.43499999999997,0.84131840467453,bmm
,387,387x152x34x563,33.0,855.0,78.0,135.15000000000006,0.6438912153244019,bmm
,346,346x167x35x853,33.0,855.0,78.0,135.15000000000006,0.8079232096672058,bmm
,457,457x215x106x14,33.0,855.0,78.0,135.15000000000006,0.3543039858341217,bmm
,293,293x202x99x8,33.0,855.0,78.0,135.15000000000006,0.22650879621505737,bmm
,317,317x255x95x31,33.0,855.0,78.0,135.15000000000006,0.21893120110034942,bmm
,311,311x167x80x45,33.0,855.0,78.0,135.15000000000006,0.18328319787979125,bmm
,398,398x195x66x57,33.0,855.0,78.0,135.15000000000006,0.21564160287380219,bmm
,288,288x136x126x51,13.0,855.0,77.0,127.34400000000004,0.26808319091796873,bmm
,486,486x218x114x112,13.0,855.0,77.0,127.34400000000004,0.41144320368766785,bmm
,362,362x139x72x126,13.0,855.0,77.0,127.34400000000004,0.19251200556755066,bmm
,361,361x246x107x104,13.0,855.0,77.0,127.34400000000004,0.3123199939727783,bmm
,318,318x218x118x223,13.0,855.0,77.0,127.34400000000004,0.5062527894973755,bmm
,429,429x256x85x168,13.0,855.0,77.0,127.34400000000004,0.517305600643158,bmm
,357,357x166x94x157,13.0,855.0,77.0,127.34400000000004,0.4560768067836761,bmm
,441,441x175x125x416,39.0,855.0,76.0,118.83599999999993,1.411072015762329,bmm
,461,461x205x104x485,39.0,855.0,76.0,118.83599999999993,1.1898880004882812,bmm
,498,498x165x110x325,39.0,855.0,76.0,118.83599999999993,0.9758719801902771,bmm
,413,413x207x121x896,39.0,855.0,76.0,118.83599999999993,2.061900758743286,bmm
,340,340x221x67x898,59.0,1005.0,79.0,122.84499999999994,1.1737023830413817,bmm
,392,392x137x111x883,59.0,1005.0,79.0,122.84499999999994,1.6332800388336182,bmm
,438,438x210x209x19,59.0,1005.0,79.0,122.84499999999994,0.5038080215454102,bmm
,490,490x136x238x14,59.0,1005.0,79.0,122.84499999999994,0.5980160236358643,bmm
,468,468x161x147x23,59.0,1005.0,79.0,122.84499999999994,0.39423999190330505,bmm
,284,284x161x227x65,59.0,1005.0,79.0,122.84499999999994,0.3481599986553192,bmm
,320,320x243x169x62,34.0,1005.0,77.0,136.52399999999992,0.32539520263671873,bmm
,301,301x197x242x49,34.0,1005.0,77.0,136.52399999999992,0.4218687951564789,bmm
,311,311x153x212x107,34.0,1005.0,77.0,136.52399999999992,0.3739584147930145,bmm
,354,354x157x148x120,34.0,1005.0,77.0,136.52399999999992,0.3112959861755371,bmm
,453,453x248x132x72,34.0,1005.0,77.0,136.52399999999992,0.38154239654541017,bmm
,306,306x204x200x139,34.0,1005.0,77.0,136.52399999999992,0.6307839751243591,bmm
,337,337x168x203x149,34.0,1005.0,77.0,136.52399999999992,0.7370752096176147,bmm
,361,361x233x257x211,29.0,1005.0,77.0,131.39699999999996,0.9990079760551452,bmm
,349,349x191x193x388,29.0,1005.0,77.0,131.39699999999996,1.4487551689147948,bmm
,415,415x227x213x273,29.0,1005.0,77.0,131.39699999999996,1.3872831821441651,bmm
,313,313x140x201x492,29.0,1005.0,77.0,131.39699999999996,1.3332480192184448,bmm
,301,301x130x198x883,29.0,1005.0,77.0,131.39699999999996,2.146483135223389,bmm
,472,472x205x156x828,53.0,1005.0,79.0,131.895,2.830649662017822,bmm
,279,279x255x180x659,53.0,1005.0,79.0,131.895,1.6400383710861206,bmm
,420,420x185x363x22,53.0,1005.0,79.0,131.895,0.8203775882720947,bmm
,310,310x165x306x4,53.0,1005.0,79.0,131.895,0.5130239725112915,bmm
,501,501x192x324x24,34.0,1005.0,82.0,150.41600000000005,0.8662655830383301,bmm
,336,336x158x463x60,34.0,1005.0,82.0,150.41600000000005,0.8424383878707886,bmm
,258,258x232x426x65,34.0,1005.0,82.0,150.41600000000005,0.6174719929695129,bmm
,470,470x193x436x33,34.0,1005.0,82.0,150.41600000000005,1.070080041885376,bmm
,506,506x143x284x72,34.0,1005.0,82.0,150.41600000000005,0.7710591793060303,bmm
,270,270x212x471x65,34.0,1005.0,82.0,150.41600000000005,0.6834176182746887,bmm
,484,484x247x331x84,40.72,1005.0,81.04,156.50047999999992,0.8804351806640625,bmm
,291,291x203x456x218,41.0,1005.0,81.0,156.75399999999993,1.3811712265014648,bmm
,287,287x239x380x250,41.0,1005.0,81.0,156.75399999999993,1.1370495557785034,bmm
,386,386x152x373x133,41.0,1005.0,81.0,156.75399999999993,1.4427968263626099,bmm
,341,341x201x258x400,41.0,1005.0,81.0,156.75399999999993,1.8339456081390382,bmm
,355,355x238x454x314,58.0,1005.0,81.0,150.72699999999995,2.398207902908325,bmm
,290,290x201x342x455,58.0,1005.0,81.0,150.72699999999995,2.020147132873535,bmm
,454,454x138x377x676,59.12,1005.0,81.16,150.87039999999996,5.152095985412598,bmm
,321,321x215x396x519,86.0,1005.0,85.0,154.31199999999993,3.210227108001709,bmm
,405,405x194x321x686,86.0,1005.0,85.0,154.31199999999993,3.9710591793060304,bmm
,262,262x218x950x7,86.0,1005.0,85.0,154.31199999999993,1.321984052658081,bmm
,347,347x167x591x8,55.0,1005.0,86.0,184.8850000000001,1.0680320262908936,bmm
,266,266x168x929x33,55.0,1005.0,86.0,184.8850000000001,1.304531216621399,bmm
,275,275x246x930x64,55.0,1005.0,86.0,184.8850000000001,1.3242239713668824,bmm
,271,271x166x554x64,55.0,1005.0,86.0,184.8850000000001,0.7936000227928162,bmm
,439,439x225x939x39,55.0,1005.0,86.0,184.8850000000001,2.0692992210388184,bmm
,390,390x217x968x72,37.0,1005.0,83.0,180.44799999999998,1.917900800704956,bmm
,319,319x141x1007x70,37.0,1005.0,83.0,180.44799999999998,1.598464012145996,bmm
,348,348x221x536x103,37.0,1005.0,83.0,180.44799999999998,0.9723584055900574,bmm
,323,323x239x731x240,37.0,1005.0,83.0,180.44799999999998,2.382848024368286,bmm
,356,356x205x519x245,55.0,1005.0,84.0,165.30000000000007,1.8922751903533936,bmm
,473,473x186x611x257,55.0,1005.0,84.0,165.30000000000007,4.276800060272217,bmm
,299,299x140x968x429,56.28,1005.0,84.96,168.2968,5.707507133483887,bmm
,341,341x231x745x412,59.0,1005.0,87.0,174.665,5.059078407287598,bmm
,313,313x198x686x328,59.0,1005.0,87.0,174.665,3.139993667602539,bmm
,375,375x248x805x853,75.0,1005.0,88.0,198.9279999999999,10.38599681854248,bmm
,474,474x242x618x661,51.0,1005.0,87.0,220.384,8.671846771240235,bmm
,299,299x184x917x789,68.16,1005.0,87.44,222.6341599999999,9.41218547821045,bmm
,264,264x401x10x5,90.0,1005.0,88.0,225.49799999999993,0.099270398914814,bmm
,273,273x509x3x32,90.0,1005.0,88.0,225.49799999999993,0.08531199842691421,bmm
,298,298x428x10x25,90.0,1005.0,88.0,225.49799999999993,0.11468800157308578,bmm
,404,404x513x1x56,90.0,1005.0,88.0,225.49799999999993,0.11016319990158081,bmm
,402,402x355x33x65,90.0,1005.0,88.0,225.49799999999993,0.2238463968038559,bmm
,495,495x418x7x44,90.0,1005.0,88.0,225.49799999999993,0.15420160293579102,bmm
,375,375x343x6x95,12.0,1005.0,83.0,200.07399999999998,0.13083520233631135,bmm
,353,353x346x1x69,12.0,1005.0,83.0,200.07399999999998,0.0798719972372055,bmm
,319,319x353x27x97,12.0,1005.0,83.0,200.07399999999998,0.1810431957244873,bmm
,296,296x270x9x191,12.0,1005.0,83.0,200.07399999999998,0.187391996383667,bmm
,308,308x394x6x229,12.0,1005.0,83.0,200.07399999999998,0.2734079957008362,bmm
,422,422x318x20x160,12.0,1005.0,83.0,200.07399999999998,0.3358527898788452,bmm
,297,297x406x8x257,12.0,1005.0,83.0,200.07399999999998,0.3069952130317688,bmm
,331,331x361x30x323,13.2,1005.0,82.76,196.44216000000003,0.519155216217041,bmm
,266,266x306x15x268,27.0,1005.0,80.0,154.67599999999996,0.27011200189590456,bmm
,480,480x316x12x575,27.0,1005.0,80.0,154.67599999999996,0.852134394645691,bmm
,420,420x478x9x682,27.0,1005.0,80.0,154.67599999999996,1.293516755104065,bmm
,411,411x493x7x1008,27.0,1005.0,80.0,154.67599999999996,1.051033616065979,bmm
,470,470x489x65x33,49.0,1005.0,79.0,120.88000000000007,0.3983359932899475,bmm
,389,389x387x36x22,49.0,1005.0,79.0,120.88000000000007,0.21995519399642943,bmm
,400,400x420x56x18,49.0,1005.0,79.0,120.88000000000007,0.27826560139656065,bmm
,492,492x408x42x61,49.0,1005.0,79.0,120.88000000000007,0.3102720081806183,bmm
,289,289x263x54x43,49.0,1005.0,79.0,120.88000000000007,0.16152319610118865,bmm
,371,371x475x47x33,49.0,1005.0,79.0,120.88000000000007,0.2469376027584076,bmm
,303,303x392x57x121,49.0,1005.0,79.0,120.88000000000007,0.24316800236701966,bmm
,470,470x458x53x124,49.0,1005.0,79.0,120.88000000000007,0.33974399566650393,bmm
,466,466x492x57x93,17.0,1005.0,80.0,136.88299999999992,0.3665919899940491,bmm
,362,362x511x51x242,17.0,1005.0,80.0,136.88299999999992,0.5158656001091003,bmm
,445,445x366x51x214,17.0,1005.0,80.0,136.88299999999992,0.46877439618110656,bmm
,260,260x446x61x229,17.0,1005.0,80.0,136.88299999999992,0.4128768086433411,bmm
,301,301x490x47x466,17.0,1005.0,80.0,136.88299999999992,0.7580671906471252,bmm
,448,448x485x59x295,17.0,1005.0,80.0,136.88299999999992,1.0280703783035279,bmm
,387,387x387x54x486,41.0,1005.0,81.0,152.1819999999999,1.059833574295044,bmm
,382,382x361x34x1015,41.0,1005.0,81.0,152.1819999999999,1.7836031913757324,bmm
,454,454x286x58x925,41.0,1005.0,81.0,152.1819999999999,2.0598079681396486,bmm
,408,408x394x39x911,76.0,1005.0,82.0,160.92700000000005,2.0878655910491943,bmm
,267,267x260x105x31,76.0,1005.0,82.0,160.92700000000005,0.2529279887676239,bmm
,401,401x391x99x22,76.0,1005.0,82.0,160.92700000000005,0.46179199814796446,bmm
,462,462x474x94x28,76.0,1005.0,82.0,160.92700000000005,0.4986880123615265,bmm
,437,437x459x96x58,76.0,1005.0,82.0,160.92700000000005,0.48025599122047424,bmm
,464,464x351x80x48,76.0,1005.0,82.0,160.92700000000005,0.3256320059299469,bmm
,451,451x352x122x41,64.48,1005.0,81.52,158.63211999999996,0.4861952066421509,bmm
,264,264x454x70x120,28.0,1005.0,80.0,151.36499999999992,0.3258368015289307,bmm
,456,456x266x117x75,28.0,1005.0,80.0,151.36499999999992,0.45260798931121826,bmm
,482,482x374x70x76,28.0,1005.0,80.0,151.36499999999992,0.4069375991821289,bmm
,406,406x426x77x148,28.0,1005.0,80.0,151.36499999999992,0.7419903874397278,bmm
,504,504x476x116x161,28.0,1005.0,80.0,151.36499999999992,1.3223935842514039,bmm
,265,265x342x112x244,28.0,1005.0,80.0,151.36499999999992,0.538591992855072,bmm
,279,279x435x101x490,54.0,1005.0,80.0,137.5970000000001,1.3369343757629395,bmm
,271,271x386x88x502,54.0,1005.0,80.0,137.5970000000001,1.0909440040588378,bmm
,455,455x510x129x277,54.0,1005.0,80.0,137.5970000000001,2.039584016799927,bmm
,389,389x424x87x612,54.0,1005.0,80.0,137.5970000000001,1.9189311981201171,bmm
,390,390x310x128x976,55.0,1005.0,81.0,136.37699999999998,3.1260671615600586,bmm
,509,509x469x108x751,55.0,1005.0,81.0,136.37699999999998,3.6296703815460205,bmm
,476,476x299x220x18,55.0,1005.0,81.0,136.37699999999998,0.8314880132675171,bmm
,505,505x313x136x24,85.0,1005.0,86.0,165.85800000000006,0.5553408026695251,bmm
,418,418x307x155x28,85.0,1005.0,86.0,165.85800000000006,0.5471487998962402,bmm
,418,418x358x141x58,85.0,1005.0,86.0,165.85800000000006,0.51216641664505,bmm
,494,494x401x183x56,85.0,1005.0,86.0,165.85800000000006,0.9615359902381897,bmm
,488,488x418x187x59,85.0,1005.0,86.0,165.85800000000006,0.9715456008911133,bmm
,283,283x306x205x104,85.0,1005.0,86.0,165.85800000000006,0.5042176246643066,bmm
,398,398x340x239x75,40.0,1005.0,82.0,167.82499999999993,0.7694080114364624,bmm
,321,321x334x219x116,40.0,1005.0,82.0,167.82499999999993,0.6219584107398987,bmm
,510,510x284x177x241,40.0,1005.0,82.0,167.82499999999993,1.465132761001587,bmm
,304,304x309x250x147,40.0,1005.0,82.0,167.82499999999993,1.211174440383911,bmm
,495,495x393x143x257,41.28,1005.0,81.84,165.66884,2.2231040000915527,bmm
,279,279x479x213x478,48.0,1005.0,81.0,154.34900000000005,2.4545280933380127,bmm
,345,345x368x249x356,48.0,1005.0,81.0,154.34900000000005,2.051225519180298,bmm
,463,463x455x170x376,48.0,1005.0,81.0,154.34900000000005,2.49749116897583,bmm
,324,324x313x149x531,57.0,1005.0,85.0,157.71100000000013,1.9199999570846558,bmm
,409,409x426x160x1023,57.0,1005.0,85.0,157.71100000000013,5.361817455291748,bmm
,498,498x282x224x839,55.56,1005.0,85.72,180.22756,5.869305515289307,bmm
,274,274x337x410x8,55.0,1005.0,86.0,188.984,0.9218943834304809,bmm
,417,417x412x432x32,55.0,1005.0,86.0,188.984,1.8135039806365967,bmm
,416,416x397x500x8,55.0,1005.0,86.0,188.984,2.1084160804748535,bmm
,416,416x283x325x64,54.48,1005.0,86.0,198.89572,1.0696704387664795,bmm
,476,476x370x508x57,54.0,1005.0,86.0,208.04500000000004,1.8632704019546509,bmm
,424,424x309x427x50,54.0,1005.0,86.0,208.04500000000004,1.3965312242507935,bmm
,505,505x310x443x96,54.0,1005.0,86.0,208.04500000000004,1.731993556022644,bmm
,422,422x289x472x103,54.0,1005.0,86.0,208.04500000000004,1.5241472244262695,bmm
,306,306x492x352x89,56.0,1005.0,84.0,184.743,1.1071039676666259,bmm
,341,341x268x465x203,56.0,1005.0,84.0,184.743,2.3671359539031984,bmm
,347,347x463x360x130,56.0,1005.0,84.0,184.743,2.4631039619445803,bmm
,346,346x351x433x248,56.0,1005.0,84.0,184.743,2.3336959362030028,bmm
,292,292x302x311x351,55.0,1005.0,85.0,168.33399999999995,2.0862975120544434,bmm
,287,287x296x273x483,55.0,1005.0,85.0,168.33399999999995,2.3979647636413572,bmm
,289,289x422x268x412,55.0,1005.0,85.0,168.33399999999995,3.1549439430236816,bmm
,285,285x505x383x521,78.0,1005.0,87.0,180.09299999999996,5.412659358978272,bmm
,510,510x419x466x578,84.76,1005.0,87.52,188.18212000000003,11.768595314025879,bmm
,438,438x350x374x710,91.0,1005.0,88.0,195.649,7.3324542999267575,bmm
,308,308x447x871x29,99.0,1005.0,89.0,220.82999999999996,2.7502591609954834,bmm
,274,274x402x689x3,99.0,1005.0,89.0,220.82999999999996,1.9337216138839721,bmm
,316,316x476x513x4,99.0,1005.0,89.0,220.82999999999996,1.6678911685943603,bmm
,467,467x343x922x58,75.6,1005.0,86.92,217.57376000000008,3.307270336151123,bmm
,493,493x493x995x62,54.0,1005.0,85.0,214.56800000000013,4.923391819000244,bmm
,498,498x493x682x48,54.0,1005.0,85.0,214.56800000000013,3.408409595489502,bmm
,453,453x459x516x107,61.0,1005.0,87.0,196.74300000000002,2.39288330078125,bmm
,315,315x270x690x99,61.0,1005.0,87.0,196.74300000000002,1.6650368452072144,bmm
,316,316x339x850x80,61.0,1005.0,87.0,196.74300000000002,2.038476800918579,bmm
,318,318x433x900x220,58.6,1005.0,86.2,196.22539999999992,5.706956768035889,bmm
,274,274x330x623x210,58.0,1005.0,86.0,196.09599999999992,2.6058112144470216,bmm
,265,265x270x959x248,58.0,1005.0,86.0,196.09599999999992,3.795136022567749,bmm
,373,373x425x982x293,56.0,1005.0,88.0,197.82499999999993,10.653817558288575,bmm
,296,296x324x876x431,55.12,1005.0,86.24,206.35748,7.63613452911377,bmm
,397,397x288x700x428,56.76,1005.0,86.0,208.19432000000003,8.206745719909668,bmm
,474,474x360x678x575,99.0,1005.0,88.0,224.354,11.724185562133789,bmm
,325,325x391x968x930,75.6,1005.0,89.52,230.39856,24.180121994018556,bmm
,297,297x320x834x1017,51.96,1005.0,87.08,232.37575999999993,14.42833251953125,bmm
,444,444x769x3x19,50.0,1005.0,87.0,232.40999999999994,0.22218239605426787,bmm
,339,339x819x29x28,50.0,1005.0,87.0,232.40999999999994,0.2949120104312897,bmm
,338,338x975x28x32,20.0,1005.0,87.0,231.77300000000005,0.33484798669815063,bmm
,510,510x723x28x63,20.0,1005.0,87.0,231.77300000000005,0.3850240111351013,bmm
,337,337x980x26x35,20.0,1005.0,87.0,231.77300000000005,0.33587199449539185,bmm
,366,366x690x18x64,20.0,1005.0,87.0,231.77300000000005,0.2385919988155365,bmm
,278,278x557x25x88,20.0,1005.0,87.0,231.77300000000005,0.17817600071430206,bmm
,410,410x632x20x88,20.0,1005.0,87.0,231.77300000000005,0.23322240114212037,bmm
,392,392x1015x16x74,20.0,1005.0,87.0,231.77300000000005,0.2824000000953674,bmm
,414,414x560x22x201,15.0,1005.0,84.0,193.52799999999996,0.4536319971084595,bmm
,269,269x812x16x212,15.0,1005.0,84.0,193.52799999999996,0.3389055967330933,bmm
,320,320x670x16x257,15.0,1005.0,84.0,193.52799999999996,0.49964799284934996,bmm
,506,506x906x3x366,15.0,1005.0,84.0,193.52799999999996,0.9104896187782288,bmm
,513,513x766x16x369,15.0,1005.0,84.0,193.52799999999996,1.4200767755508423,bmm
,413,413x791x5x490,48.0,1005.0,83.0,153.056,1.4663679599761963,bmm
,339,339x653x33x746,48.0,1005.0,83.0,153.056,1.69061119556427,bmm
,432,432x789x20x803,48.0,1005.0,83.0,153.056,2.2765055656433106,bmm
,437,437x893x29x737,89.0,1005.0,85.0,159.90999999999994,2.320025634765625,bmm
,450,450x968x55x29,89.0,1005.0,85.0,159.90999999999994,0.6113280057907104,bmm
,429,429x530x40x14,89.0,1005.0,85.0,159.90999999999994,0.2969599962234497,bmm
,299,299x979x47x12,89.0,1005.0,85.0,159.90999999999994,0.39627520442008973,bmm
,488,488x833x60x39,89.0,1005.0,85.0,159.90999999999994,0.6674368143081665,bmm
,322,322x910x51x65,18.0,1005.0,82.0,161.36799999999997,0.4923647940158844,bmm
,450,450x902x52x40,18.0,1005.0,82.0,161.36799999999997,0.6332607984542846,bmm
,283,283x528x33x101,18.0,1005.0,82.0,161.36799999999997,0.2772991955280304,bmm
,267,267x886x46x93,18.0,1005.0,82.0,161.36799999999997,0.45156479477882383,bmm
,332,332x724x43x73,18.0,1005.0,82.0,161.36799999999997,0.41471999883651733,bmm
,274,274x961x62x232,18.0,1005.0,82.0,161.36799999999997,1.0917887687683105,bmm
,341,341x997x38x195,40.96,1005.0,81.48,155.7377599999999,1.002732801437378,bmm
,370,370x598x64x202,59.0,1005.0,81.0,151.31399999999994,0.7524352073669434,bmm
,418,418x1005x56x390,59.0,1005.0,81.0,151.31399999999994,2.685542345046997,bmm
,375,375x857x60x326,59.0,1005.0,81.0,151.31399999999994,1.5036159992218017,bmm
,355,355x518x56x452,56.84,1005.0,81.64,149.63280000000006,1.1847679615020752,bmm
,320,320x541x52x753,53.0,1005.0,83.0,146.6440000000001,1.9724287748336793,bmm
,309,309x969x60x950,53.0,1005.0,83.0,146.6440000000001,3.761945629119873,bmm
,338,338x997x62x817,28.0,1005.0,86.0,161.404,3.624140739440918,bmm
,355,355x1015x114x33,28.0,1005.0,86.0,161.404,0.9201663970947266,bmm
,291,291x1017x72x22,28.0,1005.0,86.0,161.404,0.4864000082015991,bmm
,505,505x987x67x2,28.0,1005.0,86.0,161.404,0.8486912250518799,bmm
,505,505x638x80x36,28.0,1005.0,86.0,161.404,0.5703359961509704,bmm
,422,422x577x116x55,31.0,1005.0,83.0,167.3739999999999,0.6899712085723877,bmm
,377,377x973x121x64,31.0,1005.0,83.0,167.3739999999999,1.044275164604187,bmm
,356,356x844x103x89,31.0,1005.0,83.0,167.3739999999999,0.8367807984352111,bmm
,497,497x756x115x118,31.0,1005.0,83.0,167.3739999999999,1.200716757774353,bmm
,378,378x579x100x89,31.0,1005.0,83.0,167.3739999999999,0.5886208057403565,bmm
,485,485x824x78x195,53.0,1005.0,82.0,156.39199999999994,1.5738303899765014,bmm
,320,320x764x90x192,53.0,1005.0,82.0,156.39199999999994,1.0778623819351196,bmm
,464,464x822x99x235,53.0,1005.0,82.0,156.39199999999994,1.9234560251235961,bmm
,271,271x946x67x307,53.0,1005.0,82.0,156.39199999999994,1.3751487970352172,bmm
,506,506x870x115x425,57.0,1005.0,82.0,148.02500000000006,4.568031978607178,bmm
,431,431x920x73x329,57.0,1005.0,82.0,148.02500000000006,2.3182015895843504,bmm
,312,312x794x87x668,67.08,1005.0,84.52,160.81568,3.1618688106536865,bmm
,429,429x552x70x650,69.0,1005.0,85.0,163.25199999999998,2.662604808807373,bmm
,457,457x685x113x728,74.8,1005.0,85.2,169.37084,5.212307167053223,bmm
,342,342x736x160x5,98.0,1005.0,86.0,185.10499999999996,0.8707392096519471,bmm
,450,450x549x209x15,98.0,1005.0,86.0,185.10499999999996,1.2447296142578126,bmm
,298,298x782x244x27,98.0,1005.0,86.0,185.10499999999996,1.324076771736145,bmm
,285,285x594x158x57,98.0,1005.0,86.0,185.10499999999996,0.6266880035400391,bmm
,266,266x954x236x55,79.28,1005.0,85.28,181.89199999999997,1.3029312133789062,bmm
,326,326x981x242x53,46.0,1005.0,84.0,176.17999999999995,1.6494592428207397,bmm
,283,283x538x204x100,46.0,1005.0,84.0,176.17999999999995,0.7962559819221496,bmm
,267,267x673x144x125,46.0,1005.0,84.0,176.17999999999995,0.6584320068359375,bmm
,374,374x941x209x74,46.0,1005.0,84.0,176.17999999999995,1.670143961906433,bmm
,317,317x881x148x140,57.0,1005.0,84.0,156.808,1.7678528070449828,bmm
,300,300x571x152x171,57.0,1005.0,84.0,156.808,1.1919360160827637,bmm
,453,453x690x178x141,57.0,1005.0,84.0,156.808,2.5626367568969726,bmm
,372,372x732x238x351,58.8,1005.0,83.4,156.1906,4.135935974121094,bmm
,476,476x967x208x350,60.0,1005.0,83.0,155.779,5.995283222198486,bmm
,398,398x975x193x261,57.4,1005.0,84.56,171.81371999999988,4.837728023529053,bmm
,327,327x705x137x587,55.0,1005.0,86.0,186.6149999999999,3.660595178604126,bmm
,285,285x576x206x554,55.0,1005.0,86.0,186.6149999999999,3.737536001205444,bmm
,347,347x816x145x588,60.0,1005.0,89.0,211.7020000000001,4.763596820831299,bmm
,317,317x1010x346x5,60.0,1005.0,89.0,211.7020000000001,2.1966528415679933,bmm
,444,444x983x355x7,64.96,1005.0,88.52,211.85100000000008,3.1795198917388916,bmm
,362,362x680x313x24,91.0,1005.0,86.0,212.4470000000001,1.745919942855835,bmm
,409,409x547x497x41,91.0,1005.0,86.0,212.4470000000001,2.5257983207702637,bmm
,294,294x880x340x64,91.0,1005.0,86.0,212.4470000000001,1.8065152406692504,bmm
,455,455x689x305x62,59.0,1005.0,86.0,193.44999999999993,2.1471039295196532,bmm
,291,291x902x345x116,59.0,1005.0,86.0,193.44999999999993,2.067404794692993,bmm
,327,327x975x294x82,59.0,1005.0,86.0,193.44999999999993,1.9628031969070434,bmm
,330,330x954x506x118,77.0,1005.0,85.4,188.83600000000013,3.3799359798431396,bmm
,384,384x994x263x156,89.0,1005.0,85.0,185.7600000000001,4.032704162597656,bmm
,471,471x943x393x169,91.8,1005.0,85.72,190.94980000000007,7.376691150665283,bmm
,354,354x730x508x238,99.0,1005.0,88.0,204.29500000000004,5.319680213928223,bmm
,431,431x653x505x394,82.44,1005.0,86.16,212.60628,12.929433441162109,bmm
,453,453x769x317x374,87.6,1005.0,86.6,222.6006799999999,7.5609663963317875,bmm
,283,283x590x390x264,92.0,1005.0,87.0,227.8159999999999,4.091046333312988,bmm
,268,268x856x407x727,90.16,1005.0,87.0,226.16184,11.298726272583007,bmm
,439,439x1007x284x660,76.56,1005.0,87.0,224.44072,15.02360954284668,bmm
,510,510x838x324x806,81.72,1005.0,87.84,233.59715999999986,20.198790740966796,bmm
,306,306x824x635x26,99.0,1005.0,90.0,240.5069999999999,3.428352117538452,bmm
,327,327x668x950x22,66.0,1005.0,86.0,214.77700000000002,4.496371269226074,bmm
,452,452x618x818x27,66.0,1005.0,86.0,214.77700000000002,4.54860782623291,bmm
,385,385x786x828x63,46.0,1005.0,87.0,202.546,5.415718460083008,bmm
,401,401x701x991x35,46.0,1005.0,87.0,202.546,5.856838321685791,bmm
,469,469x925x695x35,56.0,1005.0,88.0,206.32399999999996,6.3285120010375975,bmm
,303,303x880x547x84,56.0,1005.0,88.0,206.32399999999996,2.8658943653106688,bmm
,465,465x810x955x129,60.0,1005.0,88.0,208.06300000000007,15.10481948852539,bmm
,331,331x622x621x81,61.0,1005.0,89.0,221.80100000000004,2.6101760864257812,bmm
,425,425x701x934x217,71.36,1005.0,89.0,224.8574799999999,11.621171188354491,bmm
,348,348x765x847x240,98.0,1005.0,89.0,232.71699999999993,8.55281925201416,bmm
,454,454x550x563x256,55.0,1005.0,89.0,227.15200000000002,6.32504301071167,bmm
,401,401x858x980x448,89.64,1005.0,88.72,232.22987999999995,26.53347816467285,bmm
,285,285x751x612x443,99.0,1005.0,89.56,239.18484000000015,10.318796730041504,bmm
,474,474x813x604x285,99.0,1005.0,88.48,230.45784000000006,14.702387046813964,bmm
,360,360x777x720x802,94.52,1005.0,88.92,230.33104000000003,30.710579299926756,bmm
,402,402x1015x896x573,99.32,851.4,88.76,224.47928000000005,34.79362564086914,bmm
,471,471x788x616x921,95.16,808.2,89.0,228.00687999999994,39.29125747680664,bmm
,907,907x12x30x10,100.0,390.0,91.0,241.34199999999993,0.021503999829292297,bmm
,709,709x28x32x16,4.0,1005.0,88.0,231.0140000000001,0.0911296010017395,bmm
,994,994x13x24x24,4.0,1005.0,88.0,231.0140000000001,0.02111999988555908,bmm
,900,900x29x20x53,4.0,1005.0,88.0,231.0140000000001,0.1001984030008316,bmm
,716,716x8x10x37,4.0,1005.0,88.0,231.0140000000001,0.013311999849975109,bmm
,773,773x28x17x44,4.0,1005.0,88.0,231.0140000000001,0.09078399986028671,bmm
,680,680x32x33x89,4.0,1005.0,88.0,231.0140000000001,0.10749439895153046,bmm
,972,972x3x5x125,4.0,1005.0,88.0,231.0140000000001,0.015180799923837186,bmm
,643,643x11x27x103,4.0,1005.0,88.0,231.0140000000001,0.03496960029006004,bmm
,841,841x12x13x167,4.0,1005.0,88.0,231.0140000000001,0.058368001133203506,bmm
,806,806x23x19x232,4.6,1005.0,87.6,210.43079999999995,0.17653759717941284,bmm
,996,996x30x17x199,9.0,1005.0,83.0,179.55599999999998,0.2189184010028839,bmm
,942,942x9x23x303,9.0,1005.0,83.0,179.55599999999998,0.10342399775981903,bmm
,968,968x19x31x295,9.0,1005.0,83.0,179.55599999999998,0.3604480028152466,bmm
,767,767x25x10x331,9.0,1005.0,83.0,179.55599999999998,0.2126911997795105,bmm
,565,565x30x14x666,9.0,1005.0,83.0,179.55599999999998,0.30720001459121704,bmm
,927,927x27x10x975,9.0,1005.0,83.0,179.55599999999998,0.6558847904205323,bmm
,662,662x31x9x832,9.0,1005.0,83.0,179.55599999999998,0.413676792383194,bmm
,962,962x30x33x13,40.0,1005.0,82.0,143.069,0.13885439932346344,bmm
,703,703x13x54x31,40.0,1005.0,82.0,143.069,0.026623999699950218,bmm
,832,832x20x37x18,40.0,1005.0,82.0,143.069,0.12697599828243256,bmm
,962,962x25x51x51,40.0,1005.0,82.0,143.069,0.17203199863433838,bmm
,565,565x30x45x63,40.0,1005.0,82.0,143.069,0.09617920219898224,bmm
,714,714x9x65x55,40.0,1005.0,82.0,143.069,0.028672000393271446,bmm
,956,956x3x51x124,40.0,1005.0,82.0,143.069,0.043007999658584595,bmm
,771,771x26x57x91,40.0,1005.0,82.0,143.069,0.159743994474411,bmm
,646,646x15x37x117,40.0,1005.0,82.0,143.069,0.05632000043988228,bmm
,1023,1023x12x36x137,11.0,1005.0,80.0,142.404,0.07901439815759659,bmm
,663,663x3x33x179,11.0,1005.0,80.0,142.404,0.03174399957060814,bmm
,1021,1021x5x59x195,11.0,1005.0,80.0,142.404,0.08252159804105759,bmm
,702,702x24x58x380,11.0,1005.0,80.0,142.404,0.40325120091438293,bmm
,586,586x30x64x308,11.0,1005.0,80.0,142.404,0.5435392260551453,bmm
,910,910x12x40x397,11.0,1005.0,80.0,142.404,0.2596864104270935,bmm
,833,833x4x41x578,11.0,1005.0,80.0,142.404,0.20336639881134033,bmm
,519,519x2x49x578,11.0,1005.0,80.0,142.404,0.14847999811172485,bmm
,753,753x12x47x686,14.0,585.0,78.0,134.48300000000006,0.41634560823440553,bmm
,1025,1025x6x85x8,14.0,585.0,78.0,134.48300000000006,0.03891199827194214,bmm
,829,829x5x78x12,14.0,585.0,78.0,134.48300000000006,0.028646400198340416,bmm
,538,538x13x101x13,14.0,585.0,78.0,134.48300000000006,0.03686400130391121,bmm
,1015,1015x29x78x53,14.0,585.0,78.0,134.48300000000006,0.4263871967792511,bmm
,514,514x13x85x57,14.0,585.0,78.0,134.48300000000006,0.05119999870657921,bmm
,584,584x29x91x40,14.0,585.0,78.0,134.48300000000006,0.32519679665565493,bmm
,707,707x7x114x122,14.0,585.0,78.0,134.48300000000006,0.11714560240507126,bmm
,958,958x30x108x125,15.0,540.0,76.08,119.32999999999997,0.5648383855819702,bmm
,752,752x27x71x120,15.0,540.0,76.0,119.32999999999997,0.3438591957092285,bmm
,584,584x24x93x129,15.0,540.0,76.0,119.32999999999997,0.629964816570282,bmm
,978,978x1x119x249,15.0,540.0,76.0,119.32999999999997,0.28342400789260863,bmm
,859,859x29x117x160,15.0,540.0,76.0,119.32999999999997,1.1001856327056885,bmm
,721,721x30x85x487,15.0,540.0,76.0,119.32999999999997,1.183743953704834,bmm
,612,612x31x73x275,15.0,540.0,76.0,119.32999999999997,0.706764817237854,bmm
,804,804x4x92x391,51.0,600.0,75.0,111.74499999999995,0.27955201268196106,bmm
,566,566x27x82x706,51.0,600.0,75.0,111.74499999999995,1.377676796913147,bmm
,847,847x11x108x582,51.0,600.0,75.0,111.74499999999995,0.6340543985366821,bmm
,566,566x3x118x758,51.0,600.0,75.0,111.74499999999995,0.4677631914615631,bmm
,945,945x14x179x30,51.0,600.0,75.0,111.74499999999995,0.09523200243711472,bmm
,1017,1017x30x134x22,51.0,600.0,75.0,111.74499999999995,0.5079039931297302,bmm
,1010,1010x19x147x1,43.44,642.0,74.8,112.44920000000003,0.04095999896526337,bmm
,594,594x21x255x43,24.0,750.0,74.0,114.26000000000008,0.5662720203399658,bmm
,813,813x32x202x44,24.0,750.0,74.0,114.26000000000008,0.5816320180892944,bmm
,978,978x20x211x48,24.0,750.0,74.0,114.26000000000008,0.7194431900978089,bmm
,678,678x9x234x90,24.0,750.0,74.0,114.26000000000008,0.16894720494747162,bmm
,818,818x21x132x89,24.0,750.0,74.0,114.26000000000008,0.39526399970054626,bmm
,536,536x4x213x123,24.0,750.0,74.0,114.26000000000008,0.14233599603176117,bmm
,554,554x26x223x189,24.0,750.0,74.0,114.26000000000008,0.867519986629486,bmm
,664,664x18x248x131,41.0,750.0,73.0,114.302,1.1513663530349731,bmm
,567,567x2x210x242,41.0,750.0,73.0,114.302,0.2701312005519867,bmm
,540,540x32x240x431,41.0,750.0,73.0,114.302,1.702079963684082,bmm
,529,529x32x196x329,41.0,750.0,73.0,114.302,0.9264960169792176,bmm
,590,590x27x160x440,41.0,750.0,73.0,114.302,1.083187222480774,bmm
,571,571x20x242x928,46.0,900.0,74.0,116.72699999999999,2.9079551696777344,bmm
,530,530x20x162x930,46.0,900.0,74.0,116.72699999999999,1.8136575937271118,bmm
,716,716x32x236x659,46.0,900.0,74.0,116.72699999999999,2.5881791591644285,bmm
,747,747x24x272x28,46.0,900.0,74.0,116.72699999999999,0.5539839863777161,bmm
,639,639x10x377x29,37.0,1005.0,80.0,140.71,0.07782399654388428,bmm
,807,807x7x269x25,37.0,1005.0,80.0,140.71,0.05115519911050796,bmm
,965,965x22x498x43,37.0,1005.0,80.0,140.71,1.2042239904403687,bmm
,619,619x31x410x53,37.0,1005.0,80.0,140.71,0.6707199811935425,bmm
,900,900x19x297x37,37.0,1005.0,80.0,140.71,0.6796671986579895,bmm
,590,590x28x507x83,37.0,1005.0,80.0,140.71,0.8200127840042114,bmm
,738,738x6x511x77,37.0,1005.0,80.0,140.71,0.19946239590644838,bmm
,716,716x2x426x121,15.0,1005.0,80.0,154.18499999999997,0.1812479943037033,bmm
,891,891x15x440x228,15.0,1005.0,80.0,154.18499999999997,0.9818112254142761,bmm
,739,739x20x387x205,15.0,1005.0,80.0,154.18499999999997,1.4907392263412476,bmm
,1024,1024x21x479x232,15.0,1005.0,80.0,154.18499999999997,2.3894912242889403,bmm
,689,689x28x412x500,38.4,1005.0,81.04,158.08448000000007,2.825216054916382,bmm
,917,917x30x435x298,60.0,1005.0,82.0,161.68400000000008,2.9813888549804686,bmm
,635,635x12x259x390,60.0,1005.0,82.0,161.68400000000008,0.6356992125511169,bmm
,868,868x24x476x864,74.4,1005.0,81.2,160.6474399999999,7.14218225479126,bmm
,860,860x4x334x987,78.0,1005.0,81.0,160.44999999999993,1.3624703884124756,bmm
,693,693x2x291x588,78.0,1005.0,81.0,160.44999999999993,0.5601087927818298,bmm
,863,863x19x1002x13,78.0,1005.0,81.0,160.44999999999993,2.174560070037842,bmm
,900,900x7x911x25,66.0,1005.0,83.0,169.83100000000002,0.2662400007247925,bmm
,601,601x3x993x29,66.0,1005.0,83.0,169.83100000000002,0.20684799551963806,bmm
,692,692x30x656x36,66.0,1005.0,83.0,169.83100000000002,1.1712511777877808,bmm
,999,999x23x983x35,66.0,1005.0,83.0,169.83100000000002,2.511462450027466,bmm
,717,717x4x618x56,66.0,1005.0,83.0,169.83100000000002,0.24107520282268524,bmm
,832,832x7x780x98,66.0,1005.0,83.0,169.83100000000002,0.6279104113578796,bmm
,750,750x13x848x113,40.0,1005.0,81.0,160.84299999999993,0.724729597568512,bmm
,978,978x13x989x111,40.0,1005.0,81.0,160.84299999999993,1.0780223846435546,bmm
,565,565x22x632x152,40.0,1005.0,81.0,160.84299999999993,1.751859188079834,bmm
,867,867x9x898x173,40.0,1005.0,81.0,160.84299999999993,1.2644351720809937,bmm
,926,926x7x609x144,43.0,1005.0,81.0,135.97600000000008,0.7587839961051941,bmm
,596,596x31x732x318,43.0,1005.0,81.0,135.97600000000008,3.1952896118164062,bmm
,644,644x29x761x371,43.0,1005.0,81.0,135.97600000000008,3.634176015853882,bmm
,947,947x25x741x265,52.0,1005.0,83.0,149.15599999999998,5.125120162963867,bmm
,569,569x27x534x713,52.0,1005.0,83.0,149.15599999999998,4.46190071105957,bmm
,965,965x23x596x857,89.0,1005.0,84.0,177.03899999999987,9.832857704162597,bmm
,529,529x16x620x758,89.0,1005.0,84.0,177.03899999999987,2.7807743549346924,bmm
,553,553x33x8x12,59.0,1005.0,87.0,204.165,0.04403200000524521,bmm
,931,931x35x25x2,59.0,1005.0,87.0,204.165,0.1228799968957901,bmm
,957,957x61x32x10,59.0,1005.0,87.0,204.165,0.12185599654912949,bmm
,919,919x65x9x45,59.0,1005.0,87.0,204.165,0.09216000139713287,bmm
,974,974x53x25x55,59.0,1005.0,87.0,204.165,0.12697599828243256,bmm
,536,536x39x22x33,59.0,1005.0,87.0,204.165,0.06545279920101166,bmm
,854,854x49x6x112,59.0,1005.0,87.0,204.165,0.07552000284194946,bmm
,846,846x38x19x119,59.0,1005.0,87.0,204.165,0.10645119845867157,bmm
,877,877x41x9x129,59.0,1005.0,87.0,204.165,0.16383999586105347,bmm
,937,937x35x31x173,12.0,1005.0,81.0,167.23399999999998,0.23654399812221527,bmm
,637,637x62x6x240,12.0,1005.0,81.0,167.23399999999998,0.11939200311899185,bmm
,984,984x53x20x223,12.0,1005.0,81.0,167.23399999999998,0.22732800245285034,bmm
,736,736x37x15x334,12.0,1005.0,81.0,167.23399999999998,0.20582400262355804,bmm
,990,990x57x33x437,12.0,1005.0,81.0,167.23399999999998,0.5596544146537781,bmm
,1006,1006x41x17x338,12.0,1005.0,81.0,167.23399999999998,0.32767999172210693,bmm
,737,737x46x32x873,12.0,1005.0,81.0,167.23399999999998,0.6569599986076355,bmm
,699,699x52x30x929,32.88,1005.0,79.56,138.74648000000008,0.6973119974136353,bmm
,945,945x42x7x735,41.0,1005.0,79.0,127.66800000000008,0.43007999658584595,bmm
,1024,1024x53x37x7,41.0,1005.0,79.0,127.66800000000008,0.15207680463790893,bmm
,590,590x49x50x22,41.0,1005.0,79.0,127.66800000000008,0.11935360282659531,bmm
,846,846x48x56x9,41.0,1005.0,79.0,127.66800000000008,0.15667200088500977,bmm
,645,645x60x38x58,41.0,1005.0,79.0,127.66800000000008,0.1029695987701416,bmm
,569,569x59x64x48,41.0,1005.0,79.0,127.66800000000008,0.11673600226640701,bmm
,966,966x38x43x44,41.0,1005.0,79.0,127.66800000000008,0.159743994474411,bmm
,668,668x33x50x92,13.0,1005.0,76.0,116.61200000000004,0.13411199450492858,bmm
,676,676x50x41x124,13.0,1005.0,76.0,116.61200000000004,0.12942720353603362,bmm
,561,561x56x49x124,13.0,1005.0,76.0,116.61200000000004,0.11976960301399231,bmm
,602,602x35x44x165,13.0,1005.0,76.0,116.61200000000004,0.19697280526161193,bmm
,862,862x50x35x233,13.0,1005.0,76.0,116.61200000000004,0.2583680033683777,bmm
,877,877x57x57x192,13.0,1005.0,76.0,116.61200000000004,0.5115776181221008,bmm
,574,574x61x61x276,13.0,1005.0,76.0,116.61200000000004,0.4915199875831604,bmm
,585,585x41x37x388,13.0,1005.0,76.0,116.61200000000004,0.48988160490989685,bmm
,569,569x44x33x349,32.0,675.0,75.0,114.39800000000001,0.3665919899940491,bmm
,998,998x47x33x568,32.0,675.0,75.0,114.39800000000001,1.0397696495056152,bmm
,867,867x51x33x881,32.0,675.0,75.0,114.39800000000001,1.2711936235427856,bmm
,699,699x60x41x665,32.0,675.0,75.0,114.39800000000001,0.9887616157531738,bmm
,538,538x61x115x25,32.0,675.0,75.0,114.39800000000001,0.22323200106620789,bmm
,662,662x50x71x17,32.0,675.0,75.0,114.39800000000001,0.18718719780445098,bmm
,758,758x62x78x4,17.0,855.0,75.0,114.11400000000002,0.22323200106620789,bmm
,588,588x62x129x33,17.0,855.0,75.0,114.11400000000002,0.2826240062713623,bmm
,641,641x60x95x46,17.0,855.0,75.0,114.11400000000002,0.21196800470352173,bmm
,630,630x52x124x57,17.0,855.0,75.0,114.11400000000002,0.2682879865169525,bmm
,587,587x40x98x118,17.0,855.0,75.0,114.11400000000002,0.2252800017595291,bmm
,1010,1010x42x70x120,17.0,855.0,75.0,114.11400000000002,0.2703231990337372,bmm
,1005,1005x52x75x103,17.0,855.0,75.0,114.11400000000002,0.29122560024261473,bmm
,627,627x55x74x150,16.0,855.0,73.0,112.471,0.35123199224472046,bmm
,891,891x61x115x240,16.0,855.0,73.0,112.471,0.6758400201797485,bmm
,988,988x36x75x167,16.0,855.0,73.0,112.471,0.5414912104606628,bmm
,544,544x62x79x470,16.0,855.0,73.0,112.471,0.5877760052680969,bmm
,794,794x54x95x389,16.0,855.0,73.0,112.471,0.9697279930114746,bmm
,664,664x43x90x504,16.0,855.0,73.0,112.471,0.7690240144729614,bmm
,609,609x38x109x542,36.0,915.0,74.0,113.29199999999996,1.008230447769165,bmm
,705,705x60x67x554,36.0,915.0,74.0,113.29199999999996,0.8046591877937317,bmm
,579,579x39x114x715,36.0,915.0,74.0,113.29199999999996,1.214252758026123,bmm
,545,545x34x182x22,36.0,915.0,74.0,113.29199999999996,0.2758656024932861,bmm
,704,704x49x165x15,36.0,915.0,74.0,113.29199999999996,0.3246079981327057,bmm
,851,851x65x180x16,36.0,915.0,74.0,113.29199999999996,0.42905598878860474,bmm
,525,525x65x155x40,36.0,918.6,74.0,113.29199999999996,0.2467840015888214,bmm
,817,817x47x245x35,22.0,1005.0,75.0,121.29599999999996,0.5156863927841187,bmm
,574,574x47x191x56,22.0,1005.0,75.0,121.29599999999996,0.28977919816970826,bmm
,641,641x60x129x86,22.0,1005.0,75.0,121.29599999999996,0.24655359983444214,bmm
,851,851x38x146x65,22.0,1005.0,75.0,121.29599999999996,0.3604480028152466,bmm
,551,551x47x170x83,22.0,1005.0,75.0,121.29599999999996,0.2691071927547455,bmm
,809,809x43x213x225,22.0,1005.0,75.0,121.29599999999996,0.894976019859314,bmm
,564,564x34x173x212,22.0,1005.0,75.0,121.29599999999996,0.5212031841278076,bmm
,1018,1018x48x130x218,49.0,1005.0,74.0,120.34099999999994,0.728057599067688,bmm
,763,763x61x227x505,49.0,1005.0,74.0,120.34099999999994,1.8083839416503906,bmm
,817,817x34x155x377,49.0,1005.0,74.0,120.34099999999994,1.0085952043533326,bmm
,521,521x44x214x333,49.0,1005.0,74.0,120.34099999999994,0.8916991949081421,bmm
,705,705x41x159x987,49.52,1005.0,75.04,122.64036000000006,2.3031615257263183,bmm
,745,745x54x228x721,50.0,1005.0,76.0,124.44700000000007,2.6062464237213137,bmm
,747,747x54x217x599,50.0,1005.0,76.0,124.44700000000007,2.1097792625427245,bmm
,835,835x47x462x4,50.0,1005.0,76.0,124.44700000000007,1.0217216253280639,bmm
,979,979x36x268x29,50.0,1005.0,76.0,124.44700000000007,0.6676480174064636,bmm
,614,614x51x410x20,43.0,1005.0,80.0,148.326,0.6732992053031921,bmm
,998,998x43x417x42,43.0,1005.0,80.0,148.326,1.1063039779663086,bmm
,973,973x63x435x54,43.0,1005.0,80.0,148.326,1.06386559009552,bmm
,669,669x59x483x46,43.0,1005.0,80.0,148.326,0.8836927890777588,bmm
,671,671x34x503x104,43.0,1005.0,80.0,148.326,0.9113600254058838,bmm
,686,686x38x436x83,41.56,1005.0,79.64,148.13808000000003,0.7989248037338257,bmm
,583,583x36x355x97,39.0,1005.0,79.0,147.80400000000006,0.5887936115264892,bmm
,1006,1006x37x397x251,39.0,1005.0,79.0,147.80400000000006,2.006425619125366,bmm
,983,983x62x334x149,39.0,1005.0,79.0,147.80400000000006,1.6281856060028077,bmm
,687,687x35x404x133,39.0,1005.0,79.0,147.80400000000006,1.3905919790267944,bmm
,924,924x38x445x465,45.0,1005.0,80.0,138.18499999999997,4.1023486137390135,bmm
,908,908x64x415x344,45.0,1005.0,80.0,138.18499999999997,2.829459285736084,bmm
,1013,1013x36x480x403,61.56,1005.0,81.08,147.58388000000002,4.762009525299073,bmm
,585,585x65x428x514,91.0,1005.0,83.0,164.29300000000006,3.106278419494629,bmm
,810,810x33x453x670,91.0,1005.0,83.0,164.29300000000006,5.439462375640869,bmm
,784,784x52x405x589,91.0,1005.0,86.0,192.65200000000002,3.9137279987335205,bmm
,1020,1020x63x558x19,91.0,1005.0,86.0,192.65200000000002,1.4479232549667358,bmm
,782,782x65x952x33,91.0,1005.0,86.0,192.65200000000002,1.8775552034378051,bmm
,654,654x40x904x23,85.84,1005.0,86.0,193.40032,1.4243839979171753,bmm
,752,752x42x664x46,48.0,1005.0,86.0,197.329,1.3173184156417848,bmm
,579,579x61x668x35,48.0,1005.0,86.0,197.329,1.0721280574798584,bmm
,647,647x33x553x58,48.0,1005.0,86.0,197.329,0.8967872023582458,bmm
,1019,1019x55x521x65,48.0,1005.0,86.0,197.329,1.374188780784607,bmm
,892,892x45x822x106,48.84,1005.0,85.64,194.34352,1.7993535995483398,bmm
,704,704x55x1002x80,55.0,1005.0,83.0,172.44999999999993,1.7950719594955444,bmm
,583,583x48x833x149,55.0,1005.0,83.0,172.44999999999993,2.485235261917114,bmm
,925,925x54x658x185,55.0,1005.0,83.0,172.44999999999993,3.0217535495758057,bmm
,720,720x44x873x247,61.0,1005.0,85.0,157.59400000000002,3.124991941452026,bmm
,967,967x46x738x507,61.0,1005.0,85.0,157.59400000000002,7.039910316467285,bmm
,882,882x53x930x319,55.0,1005.0,87.0,177.824,6.072115230560303,bmm
,700,700x63x1007x359,55.0,1005.0,87.0,177.824,5.154764842987061,bmm
,684,684x54x842x980,98.0,1005.0,87.0,199.52900000000008,11.176915168762207,bmm
,887,887x47x718x771,80.0,1005.0,88.0,209.29399999999995,10.782924461364747,bmm
,585,585x34x646x584,52.0,1005.0,87.0,216.93999999999994,4.609823894500733,bmm
,593,593x121x31x33,52.0,1005.0,87.0,216.93999999999994,0.08804479986429214,bmm
,592,592x124x19x3,52.0,1005.0,87.0,216.93999999999994,0.07372800260782242,bmm
,902,902x106x9x31,52.0,1005.0,87.0,216.93999999999994,0.08499199897050858,bmm
,811,811x97x18x55,52.0,1005.0,87.0,216.93999999999994,0.09311360120773315,bmm
,558,558x82x30x51,52.0,1005.0,87.0,216.93999999999994,0.07782399654388428,bmm
,855,855x129x26x36,52.0,1005.0,87.0,216.93999999999994,0.21401600539684296,bmm
,802,802x108x11x79,13.0,1005.0,84.0,193.81199999999993,0.08089599758386612,bmm
,634,634x117x12x65,13.0,1005.0,84.0,193.81199999999993,0.0655359998345375,bmm
,529,529x125x2x92,13.0,1005.0,84.0,193.81199999999993,0.048128001391887665,bmm
,1009,1009x110x20x158,13.0,1005.0,84.0,193.81199999999993,0.22381439805030823,bmm
,925,925x74x7x242,13.0,1005.0,84.0,193.81199999999993,0.14336000382900238,bmm
,988,988x124x21x176,13.0,1005.0,84.0,193.81199999999993,0.2288319945335388,bmm
,837,837x112x16x495,13.0,1005.0,84.0,193.81199999999993,0.3368768036365509,bmm
,993,993x92x27x263,13.0,1005.0,84.0,193.81199999999993,0.374783992767334,bmm
,730,730x106x15x406,26.0,1005.0,82.0,158.79100000000005,0.2764799892902374,bmm
,751,751x77x16x712,26.0,1005.0,82.0,158.79100000000005,0.3907391965389252,bmm
,950,950x110x9x927,26.0,1005.0,82.0,158.79100000000005,0.7010303974151612,bmm
,520,520x110x19x1017,26.0,1005.0,82.0,158.79100000000005,0.46334720849990846,bmm
,542,542x75x44x32,26.0,1005.0,82.0,158.79100000000005,0.09625600278377533,bmm
,777,777x104x39x23,26.0,1005.0,82.0,158.79100000000005,0.1209920033812523,bmm
,698,698x111x55x33,26.0,1005.0,82.0,158.79100000000005,0.13618559539318084,bmm
,555,555x98x60x56,13.0,1005.0,81.0,148.605,0.1187456026673317,bmm
,945,945x105x39x42,13.0,1005.0,81.0,148.605,0.1443839967250824,bmm
,662,662x84x61x60,13.0,1005.0,81.0,148.605,0.14745600521564484,bmm
,602,602x92x43x126,13.0,1005.0,81.0,148.605,0.11808640211820602,bmm
,786,786x78x62x89,13.0,1005.0,81.0,148.605,0.16438399851322175,bmm
,873,873x116x42x122,13.0,1005.0,81.0,148.605,0.1721791982650757,bmm
,547,547x103x34x203,13.0,1005.0,81.0,148.605,0.16771200001239778,bmm
,570,570x75x59x187,13.0,1005.0,81.0,148.605,0.22323200106620789,bmm
,906,906x71x58x197,13.0,1005.0,81.0,148.605,0.3592063903808594,bmm
,946,946x102x53x311,26.0,1005.0,80.0,149.317,0.684441602230072,bmm
,990,990x92x44x302,26.0,1005.0,80.0,149.317,0.647167980670929,bmm
,514,514x101x56x449,26.0,1005.0,80.0,149.317,0.5146623849868774,bmm
,597,597x91x58x699,26.0,1005.0,80.0,149.317,0.9390079975128174,bmm
,629,629x109x52x991,26.0,1005.0,80.0,149.317,1.2527616024017334,bmm
,741,741x120x55x672,75.0,720.0,78.0,137.5949999999999,1.0604543924331664,bmm
,913,913x72x122x19,75.0,720.0,78.0,137.5949999999999,0.33689600229263306,bmm
,810,810x88x99x9,75.0,720.0,78.0,137.5949999999999,0.2396160066127777,bmm
,789,789x67x99x29,75.0,720.0,78.0,137.5949999999999,0.2381824016571045,bmm
,566,566x128x77x63,75.0,720.0,78.0,137.5949999999999,0.185139200091362,bmm
,608,608x79x71x43,75.0,720.0,78.0,137.5949999999999,0.14950400590896606,bmm
,771,771x83x121x59,75.0,720.0,78.0,137.5949999999999,0.28915839195251464,bmm
,929,929x108x73x98,18.0,1005.0,77.0,125.73999999999992,0.30881919860839846,bmm
,640,640x88x105x100,18.0,1005.0,77.0,125.73999999999992,0.22935680150985718,bmm
,984,984x97x72x125,18.0,1005.0,77.0,125.73999999999992,0.3037184000015259,bmm
,574,574x65x81x174,18.0,1005.0,77.0,125.73999999999992,0.28569599986076355,bmm
,734,734x94x103x160,18.0,1005.0,77.0,125.73999999999992,0.4228991985321045,bmm
,579,579x113x78x177,18.0,1005.0,77.0,125.73999999999992,0.313753604888916,bmm
,668,668x84x108x317,18.0,1005.0,77.0,125.73999999999992,0.6225919723510742,bmm
,872,872x99x87x274,43.0,1005.0,76.0,120.03999999999998,0.6715327858924866,bmm
,722,722x82x69x490,43.0,1005.0,76.0,120.03999999999998,0.666208004951477,bmm
,778,778x65x77x1011,43.0,1005.0,76.0,120.03999999999998,1.4235647916793823,bmm
,519,519x103x96x972,43.0,1005.0,76.0,120.03999999999998,1.1474560260772706,bmm
,550,550x70x109x986,43.0,1005.0,76.0,120.03999999999998,1.3172736167907715,bmm
,938,938x73x248x22,53.0,1005.0,78.0,129.8360000000001,0.6133440136909485,bmm
,821,821x128x207x26,53.0,1005.0,78.0,129.8360000000001,0.49227520227432253,bmm
,809,809x77x246x33,53.0,1005.0,78.0,129.8360000000001,0.5188928008079529,bmm
,637,637x72x206x39,53.0,1005.0,78.0,129.8360000000001,0.3553151965141296,bmm
,798,798x90x253x40,53.0,1005.0,78.0,129.8360000000001,0.5377599835395813,bmm
,539,539x94x248x58,53.0,1005.0,78.0,129.8360000000001,0.36986241340637205,bmm
,513,513x113x166x97,53.0,1005.0,78.0,129.8360000000001,0.2895359992980957,bmm
,588,588x94x193x93,23.0,1005.0,77.0,131.44799999999998,0.3589695930480957,bmm
,1002,1002x86x238x86,23.0,1005.0,77.0,131.44799999999998,0.661299180984497,bmm
,752,752x115x202x139,23.0,1005.0,77.0,131.44799999999998,0.832473611831665,bmm
,833,833x93x169x157,23.0,1005.0,77.0,131.44799999999998,0.7811840057373047,bmm
,736,736x88x194x132,23.0,1005.0,77.0,131.44799999999998,0.7531840085983277,bmm
,900,900x119x209x284,35.96,1005.0,77.0,129.37200000000004,1.4941696405410767,bmm
,564,564x66x164x360,50.0,1005.0,77.0,127.12300000000003,0.7464960217475891,bmm
,543,543x71x131x290,50.0,1005.0,77.0,127.12300000000003,0.5860991954803467,bmm
,929,929x86x257x955,50.0,1005.0,77.0,127.12300000000003,4.882431983947754,bmm
,925,925x69x221x981,55.0,1005.0,82.0,143.9139999999999,4.167654228210449,bmm
,780,780x112x254x753,55.0,1005.0,82.0,143.9139999999999,3.0371647834777833,bmm
,649,649x112x286x7,55.0,1005.0,82.0,143.9139999999999,0.4767487943172455,bmm
,660,660x115x362x11,51.88,1005.0,82.24,147.88491999999994,0.6735743999481201,bmm
,961,961x109x502x13,29.0,1005.0,84.0,177.00500000000008,1.2212160110473633,bmm
,761,761x121x277x40,29.0,1005.0,84.0,177.00500000000008,0.5984511971473694,bmm
,970,970x119x447x38,29.0,1005.0,84.0,177.00500000000008,1.1077631711959839,bmm
,931,931x76x270x55,29.0,1005.0,84.0,177.00500000000008,0.6758400201797485,bmm
,845,845x117x265x65,29.0,1005.0,84.0,177.00500000000008,0.6512640118598938,bmm
,535,535x77x300x94,29.0,1005.0,84.0,177.00500000000008,0.44970879554748533,bmm
,856,856x116x276x82,34.0,1005.0,81.0,173.17700000000002,0.6791167855262756,bmm
,659,659x100x391x184,34.0,1005.0,81.0,173.17700000000002,1.3522944450378418,bmm
,935,935x112x359x216,34.0,1005.0,81.0,173.17700000000002,1.7174527883529662,bmm
,839,839x86x264x142,34.0,1005.0,81.0,173.17700000000002,1.1335680484771729,bmm
,934,934x66x309x351,46.0,1005.0,81.0,142.96599999999992,2.209350347518921,bmm
,605,605x89x336x429,46.0,1005.0,81.0,142.96599999999992,2.0329472064971923,bmm
,916,916x119x266x343,46.0,1005.0,81.0,142.96599999999992,1.892959976196289,bmm
,1004,1004x118x259x1012,72.0,1005.0,84.0,156.51699999999994,5.2848639488220215,bmm
,926,926x103x509x941,76.16,1005.0,84.64,163.7466,9.274163436889648,bmm
,637,637x129x498x526,98.0,1005.0,88.0,201.7020000000001,7.810182380676269,bmm
,814,814x90x761x17,98.0,1005.0,88.0,201.7020000000001,1.5226880311965942,bmm
,652,652x84x1003x28,57.0,1005.0,86.0,220.482,1.593286395072937,bmm
,947,947x116x754x8,57.0,1005.0,86.0,220.482,1.8167296171188354,bmm
,858,858x95x992x62,57.0,1005.0,86.0,220.482,2.1614399909973145,bmm
,810,810x103x762x46,57.0,1005.0,86.0,220.482,1.5421055555343628,bmm
,898,898x86x920x65,60.0,1005.0,84.0,196.81599999999992,2.0017087936401365,bmm
,857,857x104x878x117,60.0,1005.0,84.0,196.81599999999992,1.9399872064590453,bmm
,687,687x84x876x73,60.0,1005.0,84.0,196.81599999999992,1.5798271894454956,bmm
,548,548x78x548x115,60.0,1005.0,84.0,196.81599999999992,0.7937664151191711,bmm
,1018,1018x118x652x209,37.0,1005.0,84.0,169.05499999999995,3.3058111667633057,bmm
,959,959x125x982x255,37.0,1005.0,84.0,169.05499999999995,4.681235218048096,bmm
,619,619x89x905x226,54.48,1005.0,86.76,179.65892000000002,2.884608030319214,bmm
,991,991x108x768x489,56.0,1005.0,87.0,180.58100000000002,7.441196918487549,bmm
,857,857x103x566x484,48.0,1005.0,88.0,200.69800000000004,4.747187232971191,bmm
,921,921x123x672x260,48.0,1005.0,88.0,200.69800000000004,4.53114881515503,bmm
,886,886x127x557x797,59.0,1005.0,87.0,215.241,8.481587600708007,bmm
,936,936x109x730x575,78.2,1005.0,87.0,219.2166800000001,8.44056968688965,bmm
,618,618x120x527x530,89.0,1005.0,87.0,221.4530000000001,4.004825782775879,bmm
,765,765x196x24x15,89.0,1005.0,87.0,221.4530000000001,0.16108800172805787,bmm
,573,573x204x16x4,89.0,1005.0,87.0,221.4530000000001,0.10239999741315842,bmm
,863,863x227x5x17,35.96,1005.0,86.8,219.24300000000005,0.130048006772995,bmm
,665,665x168x2x53,11.0,1005.0,86.0,219.24300000000005,0.10238079726696014,bmm
,981,981x167x13x33,11.0,1005.0,86.0,219.24300000000005,0.17919999361038208,bmm
,882,882x203x30x58,11.0,1005.0,86.0,219.24300000000005,0.22729600071907044,bmm
,530,530x176x7x126,11.0,1005.0,86.0,219.24300000000005,0.08967680037021637,bmm
,870,870x213x2x80,11.0,1005.0,86.0,219.24300000000005,0.1314303994178772,bmm
,766,766x207x1x92,11.0,1005.0,86.0,219.24300000000005,0.07924479991197586,bmm
,686,686x140x11x193,11.0,1005.0,86.0,219.24300000000005,0.2529279887676239,bmm
,794,794x211x14x170,21.0,1005.0,82.0,187.50399999999993,0.29388800263404846,bmm
,943,943x154x5x202,21.0,1005.0,82.0,187.50399999999993,0.2748032033443451,bmm
,812,812x207x25x278,21.0,1005.0,82.0,187.50399999999993,0.605184018611908,bmm
,914,914x222x17x277,21.0,1005.0,82.0,187.50399999999993,0.5888000130653381,bmm
,659,659x149x2x419,21.0,1005.0,82.0,187.50399999999993,0.3795072019100189,bmm
,969,969x224x33x844,21.0,1005.0,82.0,187.50399999999993,1.875763177871704,bmm
,794,794x237x6x918,87.0,1005.0,82.0,154.62899999999993,0.9602175951004028,bmm
,774,774x134x30x954,87.0,1005.0,82.0,154.62899999999993,1.5206400156021118,bmm
,652,652x217x35x29,87.0,1005.0,82.0,154.62899999999993,0.187391996383667,bmm
,580,580x161x56x31,87.0,1005.0,82.0,154.62899999999993,0.2099200040102005,bmm
,628,628x156x36x8,87.0,1005.0,82.0,154.62899999999993,0.18487679958343506,bmm
,518,518x187x45x52,87.0,1005.0,82.0,154.62899999999993,0.1730560064315796,bmm
,883,883x257x39x38,15.0,1005.0,82.0,163.66399999999987,0.3733120083808899,bmm
,589,589x255x44x64,15.0,1005.0,82.0,163.66399999999987,0.19968000054359436,bmm
,700,700x172x39x98,15.0,1005.0,82.0,163.66399999999987,0.21094399690628052,bmm
,795,795x203x46x88,15.0,1005.0,82.0,163.66399999999987,0.2617151975631714,bmm
,763,763x224x39x70,15.0,1005.0,82.0,163.66399999999987,0.2242559939622879,bmm
,519,519x206x59x153,15.0,1005.0,82.0,163.66399999999987,0.4065279960632324,bmm
,918,918x177x51x138,21.0,1005.0,81.0,159.13000000000008,0.6246399879455566,bmm
,647,647x180x62x257,21.0,1005.0,81.0,159.13000000000008,0.7444480061531067,bmm
,695,695x187x43x259,21.0,1005.0,81.0,159.13000000000008,0.644268810749054,bmm
,618,618x140x33x432,21.0,1005.0,81.0,159.13000000000008,0.6991872191429138,bmm
,524,524x232x42x301,21.0,1005.0,81.0,159.13000000000008,0.6291776180267334,bmm
,900,900x136x36x972,30.92,1005.0,80.84,157.28088000000002,1.9945408344268798,bmm
,625,625x239x61x853,83.0,1005.0,80.0,147.57299999999995,1.6783360242843628,bmm
,521,521x219x38x630,83.0,1005.0,80.0,147.57299999999995,0.7368640065193176,bmm
,662,662x145x124x18,83.0,1005.0,80.0,147.57299999999995,0.4710400104522705,bmm
,632,632x134x81x3,83.0,1005.0,80.0,147.57299999999995,0.32256001234054565,bmm
,790,790x165x88x2,83.0,1005.0,80.0,147.57299999999995,0.3956543982028961,bmm
,910,910x142x121x42,24.0,1005.0,81.0,150.75300000000004,0.634880006313324,bmm
,601,601x161x121x42,24.0,1005.0,81.0,150.75300000000004,0.4218559980392456,bmm
,557,557x196x86x64,24.0,1005.0,81.0,150.75300000000004,0.2932415962219238,bmm
,926,926x226x124x87,24.0,1005.0,81.0,150.75300000000004,0.6723583936691284,bmm
,571,571x217x94x85,24.0,1005.0,81.0,150.75300000000004,0.35262720584869384,bmm
,619,619x255x101x87,24.0,1005.0,81.0,150.75300000000004,0.4661247968673706,bmm
,898,898x156x96x187,28.68,1005.0,80.64,147.03743999999992,0.9308159947395325,bmm
,1023,1023x207x95x225,37.0,1005.0,80.0,140.4319999999999,1.1345919609069823,bmm
,717,717x250x67x242,37.0,1005.0,80.0,140.4319999999999,0.7804927825927734,bmm
,595,595x250x121x471,37.0,1005.0,80.0,140.4319999999999,1.7327807903289796,bmm
,668,668x236x65x461,37.0,1005.0,80.0,140.4319999999999,1.1988991737365722,bmm
,741,741x200x109x462,49.0,1005.0,80.0,134.65099999999995,1.8716288089752198,bmm
,646,646x135x125x936,49.0,1005.0,80.0,134.65099999999995,3.4457536220550535,bmm
,831,831x150x118x946,63.4,1005.0,80.72,141.33080000000007,4.168697643280029,bmm
,922,922x145x98x632,89.0,1005.0,82.0,153.20600000000005,2.5460224628448485,bmm
,855,855x152x155x11,89.0,1005.0,82.0,153.20600000000005,0.7065600156784058,bmm
,817,817x172x217x16,89.0,1005.0,82.0,153.20600000000005,0.9272960066795349,bmm
,837,837x168x164x8,89.0,1005.0,82.0,153.20600000000005,0.7423999905586243,bmm
,822,822x149x137x44,80.2,1005.0,82.16,155.42408,0.6447104215621948,bmm
,687,687x168x190x50,34.0,1005.0,83.0,167.069,0.6879807949066162,bmm
,898,898x140x248x37,34.0,1005.0,83.0,167.069,1.1161600351333618,bmm
,1010,1010x172x186x114,34.0,1005.0,83.0,167.069,1.0262271642684937,bmm
,562,562x246x206x105,34.0,1005.0,83.0,167.069,0.6983680129051208,bmm
,862,862x163x250x106,34.0,1005.0,83.0,167.069,1.1622400283813477,bmm
,880,880x176x147x204,55.0,1005.0,82.0,164.22400000000005,1.3825920343399047,bmm
,515,515x240x226x237,55.0,1005.0,82.0,164.22400000000005,1.2764543771743775,bmm
,987,987x170x245x201,55.0,1005.0,82.0,164.22400000000005,2.4815808296203614,bmm
,806,806x143x130x437,55.0,1005.0,82.0,164.22400000000005,2.2748287677764893,bmm
,582,582x249x224x299,82.0,1005.0,82.0,148.913,1.9850303649902343,bmm
,671,671x184x242x400,82.0,1005.0,82.0,148.913,3.336582326889038,bmm
,643,643x129x245x551,82.36,1005.0,82.08,149.77036,3.986022472381592,bmm
,868,868x197x161x717,91.0,1005.0,84.0,170.3470000000001,4.480614280700683,bmm
,537,537x221x244x833,91.0,1005.0,84.0,170.3470000000001,4.664505577087402,bmm
,974,974x224x261x19,79.0,1005.0,88.0,199.34400000000002,1.292697548866272,bmm
,1004,1004x203x269x21,79.0,1005.0,88.0,199.34400000000002,1.3841472148895264,bmm
,718,718x138x340x28,79.0,1005.0,88.0,199.34400000000002,1.2519360065460206,bmm
,866,866x159x433x39,79.0,1005.0,88.0,199.34400000000002,1.9384255886077881,bmm
,797,797x239x264x35,79.0,1005.0,88.0,199.34400000000002,1.0888831853866576,bmm
,616,616x166x385x34,52.0,1005.0,85.0,192.21199999999996,1.2642303705215454,bmm
,685,685x242x309x123,52.0,1005.0,85.0,192.21199999999996,1.2077056169509888,bmm
,1006,1006x186x431x109,52.0,1005.0,85.0,192.21199999999996,2.195641613006592,bmm
,713,713x194x441x99,52.0,1005.0,85.0,192.21199999999996,1.643718409538269,bmm
,621,621x207x320x140,67.0,1005.0,84.0,160.63799999999995,2.0024703979492187,bmm
,707,707x256x433x208,67.0,1005.0,84.0,160.63799999999995,3.1086207389831544,bmm
,705,705x253x393x243,67.0,1005.0,84.0,160.63799999999995,2.8311232566833495,bmm
,628,628x194x338x507,59.0,1005.0,87.0,173.1390000000001,4.297728061676025,bmm
,630,630x240x359x393,59.0,1005.0,87.0,173.1390000000001,4.497203159332275,bmm
,787,787x136x322x367,60.68,1005.0,86.44,187.69116000000002,3.8355520248413084,bmm
,674,674x146x342x874,62.0,1005.0,86.0,199.125,8.011148643493652,bmm
,915,915x158x400x758,56.0,1005.0,88.0,213.73400000000004,10.714713668823242,bmm
,889,889x226x415x770,64.0,1005.0,86.0,210.42600000000004,12.66585636138916,bmm
,1016,1016x190x671x1,64.0,1005.0,86.0,210.42600000000004,0.6041600108146667,bmm
,627,627x233x610x5,32.0,1005.0,87.0,222.183,1.9590720176696776,bmm
,758,758x131x682x27,32.0,1005.0,87.0,222.183,2.583347129821777,bmm
,675,675x182x586x61,32.0,1005.0,87.0,222.183,2.0078080177307127,bmm
,541,541x243x799x65,37.6,1005.0,86.8,218.2977999999999,2.224128007888794,bmm
,741,741x199x656x62,60.0,1005.0,86.0,202.75699999999998,2.4692287921905516,bmm
,930,930x236x1005x96,60.0,1005.0,86.0,202.75699999999998,4.650598430633545,bmm
,890,890x156x884x73,49.08,1005.0,86.8,186.81632000000005,3.8535168170928955,bmm
,520,520x184x759x110,47.0,1005.0,87.0,183.7800000000001,1.96583034992218,bmm
,978,978x221x864x233,67.8,1005.0,87.0,187.95560000000006,8.188915252685547,bmm
,691,691x191x936x185,99.0,1005.0,87.0,194.21900000000002,6.263571071624756,bmm
,718,718x197x602x143,82.36,1005.0,86.48,201.1001600000001,4.332537651062012,bmm
,982,982x145x709x481,74.68,1005.0,86.48,211.12040000000007,13.500153350830079,bmm
,1025,1025x251x526x287,99.0,1005.0,88.0,222.73700000000005,7.891487979888916,bmm
,688,688x173x547x294,53.0,1005.0,89.0,224.28899999999987,5.590585517883301,bmm
,713,713x185x566x525,65.88,1005.0,88.72,225.02315999999996,9.80664291381836,bmm
,823,823x232x557x535,99.0,1005.0,88.04,226.90828000000005,11.24205436706543,bmm
,703,703x133x686x956,99.0,1005.0,88.56,228.0522399999999,18.73080368041992,bmm
,703,703x453x18x3,99.0,1005.0,88.0,229.54799999999986,0.304121595621109,bmm
,912,912x418x20x22,99.0,1005.0,88.0,229.54799999999986,0.3891200125217438,bmm
,741,741x273x5x30,99.0,1005.0,88.0,229.54799999999986,0.16383359730243682,bmm
,1016,1016x360x33x33,99.0,1005.0,88.0,229.54799999999986,0.4308863997459412,bmm
,957,957x490x27x56,25.0,1005.0,85.0,213.02599999999993,0.47513601183891296,bmm
,551,551x368x1x38,25.0,1005.0,85.0,213.02599999999993,0.05649920031428337,bmm
,989,989x339x28x111,25.0,1005.0,85.0,213.02599999999993,0.38456960320472716,bmm
,822,822x338x12x71,25.0,1005.0,85.0,213.02599999999993,0.2314240038394928,bmm
,811,811x457x26x72,25.0,1005.0,85.0,213.02599999999993,0.4065023958683014,bmm
,957,957x288x29x135,25.0,1005.0,85.0,213.02599999999993,0.7098175883293152,bmm
,722,722x369x23x256,25.0,1005.0,85.0,213.02599999999993,0.5226239919662475,bmm
,741,741x494x7x217,45.0,1005.0,83.0,183.27599999999995,0.7684096097946167,bmm
,779,779x376x19x317,45.0,1005.0,83.0,183.27599999999995,1.049824023246765,bmm
,601,601x350x29x267,45.0,1005.0,83.0,183.27599999999995,0.8294399976730347,bmm
,674,674x468x32x406,42.2,1005.0,81.88,160.63127999999998,1.6740288019180298,bmm
,766,766x314x21x739,40.0,1005.0,81.0,142.83899999999997,2.004377603530884,bmm
,786,786x377x5x702,40.0,1005.0,81.0,142.83899999999997,1.0775487899780274,bmm
,915,915x258x8x782,40.0,1005.0,81.0,142.83899999999997,1.3388607978820801,bmm
,555,555x441x53x8,61.0,1005.0,82.0,145.91199999999992,0.40078720450401306,bmm
,766,766x493x39x14,61.0,1005.0,82.0,145.91199999999992,0.43703039884567263,bmm
,996,996x290x55x18,61.0,1005.0,82.0,145.91199999999992,0.5210111856460571,bmm
,898,898x310x54x45,61.0,1005.0,82.0,145.91199999999992,0.4767040014266968,bmm
,557,557x338x45x53,61.0,1005.0,82.0,145.91199999999992,0.3106432020664215,bmm
,793,793x290x42x40,61.0,1005.0,82.0,145.91199999999992,0.3835775971412659,bmm
,729,729x268x43x79,61.0,1005.0,82.0,145.91199999999992,0.38584319353103635,bmm
,600,600x352x49x100,20.0,1005.0,80.0,140.82900000000006,0.45479040741920473,bmm
,704,704x283x53x107,20.0,1005.0,80.0,140.82900000000006,0.47386240363121035,bmm
,919,919x358x34x135,20.0,1005.0,80.0,140.82900000000006,0.863155210018158,bmm
,793,793x395x48x134,20.0,1005.0,80.0,140.82900000000006,0.9605119824409485,bmm
,948,948x317x38x149,20.0,1005.0,80.0,140.82900000000006,0.8882047891616821,bmm
,992,992x501x42x499,44.0,1005.0,79.0,129.163,3.3927040100097656,bmm
,733,733x286x61x401,44.0,1005.0,79.0,129.163,1.6657408237457276,bmm
,942,942x343x52x411,44.0,1005.0,79.0,129.163,2.273452711105347,bmm
,808,808x267x34x588,84.0,1005.0,82.0,149.49200000000008,1.665766429901123,bmm
,544,544x407x53x982,84.0,1005.0,82.0,149.49200000000008,2.9455872058868406,bmm
,873,873x372x35x781,84.96,1005.0,82.48,154.50200000000007,2.5489152908325194,bmm
,991,991x382x95x32,88.0,1005.0,84.0,170.36700000000008,0.784332811832428,bmm
,898,898x456x94x5,88.0,1005.0,84.0,170.36700000000008,0.9291711807250976,bmm
,914,914x273x122x6,88.0,1005.0,84.0,170.36700000000008,0.9326592087745667,bmm
,601,601x354x111x61,88.0,1005.0,84.0,170.36700000000008,0.5707583904266358,bmm
,998,998x490x90x65,88.0,1005.0,84.0,170.36700000000008,1.0807487964630127,bmm
,541,541x415x82x39,54.0,1005.0,82.0,172.39899999999994,0.5416960120201111,bmm
,1012,1012x368x92x88,54.0,1005.0,82.0,172.39899999999994,1.0010624051094055,bmm
,620,620x356x117x83,54.0,1005.0,82.0,172.39899999999994,0.6475775837898254,bmm
,590,590x427x115x82,54.0,1005.0,82.0,172.39899999999994,0.7780224204063415,bmm
,570,570x469x112x233,54.0,1005.0,82.0,172.39899999999994,1.442406415939331,bmm
,911,911x287x126x254,58.0,1005.0,81.0,155.5140000000001,1.8683456182479858,bmm
,620,620x434x103x238,58.0,1005.0,81.0,155.5140000000001,1.4495039701461792,bmm
,967,967x389x129x286,58.0,1005.0,81.0,155.5140000000001,4.087808132171631,bmm
,988,988x447x69x284,56.08,1005.0,85.6,159.94631999999993,2.4464832305908204,bmm
,859,859x350x78x439,56.0,1005.0,86.0,160.13099999999994,2.3058431148529053,bmm
,725,725x406x110x892,68.16,1005.0,85.36,168.05163999999994,5.992191982269287,bmm
,605,605x466x120x522,94.0,1005.0,84.0,184.88299999999992,3.7949440479278564,bmm
,719,719x357x108x947,93.52,1005.0,84.4,188.84803999999997,5.11605749130249,bmm
,573,573x313x242x32,92.0,1005.0,86.0,201.40400000000008,1.0670016050338744,bmm
,572,572x463x165x2,92.0,1005.0,86.0,201.40400000000008,0.9850367903709412,bmm
,547,547x349x209x21,92.0,1005.0,86.0,201.40400000000008,0.9351168155670166,bmm
,593,593x286x159x34,92.0,1005.0,86.0,201.40400000000008,0.749567985534668,bmm
,808,808x513x158x38,87.08,1005.0,85.76,200.8448,1.676902413368225,bmm
,628,628x340x256x45,51.0,1005.0,84.0,196.74399999999997,1.2134143829345703,bmm
,755,755x299x233x78,51.0,1005.0,84.0,196.74399999999997,1.3934592008590698,bmm
,1004,1004x329x257x83,51.0,1005.0,84.0,196.74399999999997,2.0252671241760254,bmm
,924,924x428x144x72,51.0,1005.0,84.0,196.74399999999997,1.394047999382019,bmm
,669,669x378x246x208,52.0,1005.0,84.0,176.72400000000005,2.4897215366363525,bmm
,698,698x311x206x149,52.0,1005.0,84.0,176.72400000000005,2.2291712284088137,bmm
,818,818x405x253x234,52.0,1005.0,84.0,176.72400000000005,4.182713603973388,bmm
,835,835x388x221x343,95.0,1005.0,86.0,174.78200000000004,5.645715141296387,bmm
,602,602x423x207x262,95.0,1005.0,86.0,174.78200000000004,3.8051838874816895,bmm
,978,978x352x239x363,65.0,1005.0,88.0,200.2020000000001,5.3145215034484865,bmm
,653,653x424x135x788,69.08,1005.0,87.88,202.59888000000012,6.428409576416016,bmm
,584,584x382x164x911,99.0,1005.0,87.0,220.17600000000004,6.030700778961181,bmm
,685,685x298x132x773,97.72,1005.0,87.0,220.51168000000004,5.064703941345215,bmm
,580,580x295x264x27,91.0,1005.0,87.0,222.274,1.181049633026123,bmm
,533,533x413x398x28,91.0,1005.0,87.0,222.274,2.0851839542388917,bmm
,576,576x427x394x8,91.0,1005.0,87.0,222.274,2.3255040645599365,bmm
,846,846x269x470x63,62.12,1005.0,86.24,211.8901199999999,2.9244672298431396,bmm
,652,652x302x492x34,53.0,1005.0,86.0,208.6109999999999,2.37870078086853,bmm
,853,853x365x469x37,53.0,1005.0,86.0,208.6109999999999,3.0156800746917725,bmm
,1005,1005x381x337x115,51.08,1005.0,86.64,195.08075999999994,2.5898815631866454,bmm
,837,837x469x491x113,50.0,1005.0,87.0,187.46999999999997,4.147571277618408,bmm
,661,661x412x328x119,50.0,1005.0,87.0,187.46999999999997,2.190675210952759,bmm
,947,947x395x278x203,59.0,1005.0,87.0,188.609,5.285888195037842,bmm
,584,584x370x263x249,59.0,1005.0,87.0,188.609,2.3330560684204102,bmm
,714,714x384x434x198,74.6,1005.0,85.96,191.90736000000007,4.69992961883545,bmm
,833,833x502x375x446,91.0,1005.0,85.6,197.84180000000003,12.324249839782714,bmm
,727,727x405x464x369,99.0,1005.0,88.0,209.40099999999993,9.902252388000488,bmm
,927,927x283x479x375,84.0,1005.0,89.0,227.32300000000006,9.76872959136963,bmm
,838,838x316x295x950,68.0,1005.0,86.0,230.20499999999996,14.72875518798828,bmm
,747,747x397x454x561,83.16,1005.0,89.0,233.15304000000006,16.637747955322265,bmm
,551,551x409x495x592,99.0,1005.0,89.0,233.9506,13.328179550170898,bmm
,540,540x298x733x27,99.0,1005.0,89.0,235.67299999999986,2.909388780593872,bmm
,699,699x426x877x25,98.84,1005.0,88.52,232.91011999999984,6.055916786193848,bmm
,918,918x493x751x26,98.0,1005.0,86.0,218.405,6.673203182220459,bmm
,547,547x275x687x53,98.0,1005.0,86.0,218.405,2.8520448207855225,bmm
,618,618x499x666x65,90.0,1005.0,86.0,209.53699999999998,4.133247947692871,bmm
,569,569x473x885x55,90.0,1005.0,86.0,209.53699999999998,4.903475284576416,bmm
,541,541x274x602x87,65.0,1005.0,88.0,211.14,2.4197120666503906,bmm
,890,890x327x844x115,65.0,1005.0,88.0,211.14,5.58157434463501,bmm
,695,695x512x846x65,46.0,1005.0,87.0,202.75799999999992,5.699584007263184,bmm
,713,713x418x785x196,60.84,1005.0,87.28,205.8914799999999,10.94488983154297,bmm
,704,704x486x709x151,99.0,1005.0,88.0,213.94899999999996,9.714201736450196,bmm
,652,652x300x953x214,96.0,1005.0,88.0,227.55199999999994,9.07612190246582,bmm
,940,940x425x1013x377,93.24,1005.0,87.32,228.1361599999999,27.593523025512695,bmm
,736,736x459x685x425,99.56,643.8,89.12,229.96415999999996,19.60364189147949,bmm
,695,695x324x678x355,99.0,1005.0,88.48,224.01736000000005,10.369842910766602,bmm
,525,525x396x876x734,68.0,1005.0,87.24,223.24548000000001,26.702003479003906,bmm
,715,715x391x991x971,94.68,997.8,88.72,215.71752000000004,54.59224319458008,bmm
,870,870x455x886x890,93.6,958.8,88.76,209.88096,52.375762939453125,bmm
,731,731x623x33x12,100.0,1005.0,87.0,215.00699999999995,0.5061951875686646,bmm
,799,799x833x6x16,100.0,1005.0,87.0,215.00699999999995,0.40243199467658997,bmm
,841,841x796x21x15,100.0,1005.0,87.0,215.00699999999995,0.6248191952705383,bmm
,657,657x673x22x37,100.0,1005.0,87.0,215.00699999999995,0.43007999658584595,bmm
,893,893x989x18x34,100.0,1005.0,87.0,215.00699999999995,0.7632640123367309,bmm
,1024,1024x788x29x65,27.0,1005.0,83.0,163.15599999999998,1.0330111980438232,bmm
,836,836x651x3x99,27.0,1005.0,83.0,163.15599999999998,0.5150591969490051,bmm
,862,862x981x27x68,27.0,1005.0,83.0,163.15599999999998,1.0471231937408447,bmm
,770,770x936x23x87,27.0,1005.0,83.0,163.15599999999998,0.8679103851318359,bmm
,657,657x798x18x161,29.4,1005.0,82.2,153.22080000000008,1.1364287853240966,bmm
,581,581x758x20x164,33.0,1005.0,81.0,138.3180000000001,0.9457599997520447,bmm
,669,669x516x8x155,33.0,1005.0,81.0,138.3180000000001,0.5347328186035156,bmm
,640,640x620x33x423,33.0,1005.0,81.0,138.3180000000001,2.300096035003662,bmm
,1016,1016x928x1x385,39.0,1005.0,81.0,131.34400000000002,1.9691519737243652,bmm
,729,729x886x8x365,39.0,1005.0,81.0,131.34400000000002,1.1993087530136108,bmm
,911,911x904x26x734,60.12,1005.0,81.0,147.03519999999995,5.401158428192138,bmm
,953,953x699x28x741,61.0,1005.0,81.0,147.68899999999994,4.273151874542236,bmm
,784,784x695x8x828,35.0,1005.0,88.0,186.695,2.3397695541381838,bmm
,608,608x690x49x15,35.0,1005.0,88.0,186.695,0.621337616443634,bmm
,711,711x827x56x9,35.0,1005.0,88.0,186.695,0.826367974281311,bmm
,890,890x927x53x11,35.0,1005.0,88.0,186.695,1.1919040203094482,bmm
,832,832x638x57x64,35.0,1005.0,88.0,186.695,1.002892804145813,bmm
,872,872x526x41x40,51.0,1005.0,84.0,194.27399999999997,0.6912192106246948,bmm
,633,633x1008x42x62,51.0,1005.0,84.0,194.27399999999997,1.0131327867507935,bmm
,870,870x882x52x74,51.0,1005.0,84.0,194.27399999999997,1.3756415843963623,bmm
,542,542x689x46x122,51.0,1005.0,84.0,194.27399999999997,0.7947775959968567,bmm
,778,778x672x53x93,51.0,1005.0,84.0,194.27399999999997,1.0620927810668945,bmm
,910,910x861x33x141,50.0,1005.0,82.0,158.76299999999995,2.007244825363159,bmm
,728,728x663x46x213,50.0,1005.0,82.0,158.76299999999995,1.3527040481567383,bmm
,608,608x856x35x252,50.0,1005.0,82.0,158.76299999999995,1.1910848140716552,bmm
,739,739x644x35x375,55.2,1005.0,82.2,157.10219999999993,2.4260351181030275,bmm
,994,994x768x51x406,76.0,1005.0,83.0,150.45899999999995,4.042751789093018,bmm
,518,518x1018x38x386,76.0,1005.0,83.0,150.45899999999995,2.2961856842041017,bmm
,817,817x797x47x516,83.0,1005.0,85.0,175.74400000000003,4.381875324249267,bmm
,875,875x813x43x765,75.0,1005.0,84.24,183.2432,5.65917444229126,bmm
,855,855x921x40x814,79.0,1005.0,84.48,189.82967999999997,6.399532794952393,bmm
,900,900x645x75x5,98.0,1005.0,86.0,204.75,1.19726722240448,bmm
,727,727x546x76x21,98.0,1005.0,86.0,204.75,0.8267775774002075,bmm
,643,643x793x100x1,98.0,1005.0,86.0,204.75,0.47550720572471616,bmm
,998,998x914x102x41,98.0,1005.0,86.0,204.75,2.2130239486694334,bmm
,526,526x853x112x39,88.0,1005.0,84.0,194.40999999999994,1.0970815896987915,bmm
,771,771x975x129x44,88.0,1005.0,84.0,194.40999999999994,2.187878370285034,bmm
,728,728x574x89x127,88.0,1005.0,84.0,194.40999999999994,1.2728320121765138,bmm
,870,870x941x123x93,88.0,1005.0,84.0,194.40999999999994,2.3236160278320312,bmm
,992,992x889x100x78,75.0,1005.0,84.0,180.89100000000002,1.927123212814331,bmm
,767,767x846x94x199,75.0,1005.0,84.0,180.89100000000002,2.987392044067383,bmm
,878,878x895x129x191,79.16,1005.0,84.52,179.07568000000003,4.338252830505371,bmm
,589,589x868x101x257,83.0,1005.0,85.0,177.40000000000003,3.4245696544647215,bmm
,803,803x532x113x423,84.6,1005.0,85.0,181.22220000000007,5.0409088134765625,bmm
,801,801x732x125x368,91.0,1005.0,85.0,196.51100000000005,4.827929496765137,bmm
,1009,1009x627x90x268,90.92,1005.0,85.04,197.15036000000003,3.9005759239196776,bmm
,536,536x678x76x638,89.0,1005.0,86.0,212.49499999999992,3.5967423915863037,bmm
,930,930x755x88x999,84.0,1005.0,85.0,204.887,10.680115127563477,bmm
,928,928x785x96x961,84.0,1005.0,87.0,211.77799999999996,13.32855682373047,bmm
,736,736x830x204x21,60.6,1005.0,88.44,223.65480000000008,2.6890111923217774,bmm
,988,988x684x225x2,39.0,1005.0,90.0,234.6180000000001,3.45348482131958,bmm
,708,708x787x255x15,39.0,1005.0,90.0,234.6180000000001,3.1730112075805663,bmm
,669,669x928x253x49,54.2,1005.0,87.6,221.37480000000002,3.4365439414978027,bmm
,702,702x683x205x36,58.0,1005.0,87.0,218.06400000000005,2.225152015686035,bmm
,536,536x1006x177x34,58.0,1005.0,87.0,218.06400000000005,2.035097599029541,bmm
,951,951x514x254x108,58.0,1005.0,86.44,199.29532000000003,3.0375936031341553,bmm
,737,737x674x155x107,58.0,1005.0,86.0,190.46300000000002,1.8237440586090088,bmm
,892,892x827x252x82,58.0,1005.0,86.0,190.46300000000002,4.014419269561768,bmm
,933,933x943x204x255,55.0,1005.0,88.0,195.10399999999998,7.851168060302735,bmm
,532,532x542x168x251,55.0,1005.0,88.0,195.10399999999998,2.2871679782867433,bmm
,636,636x643x165x148,65.0,1005.0,88.0,209.63600000000008,3.289088010787964,bmm
,998,998x771x219x272,74.52,1005.0,88.0,211.07968000000008,11.726348686218262,bmm
,700,700x910x218x474,99.0,1005.0,88.0,215.44927999999985,12.586784362792969,bmm
,619,619x588x181x292,99.0,1005.0,88.0,216.84599999999992,4.35011854171753,bmm
,585,585x641x164x851,75.0,1005.0,86.0,225.1329999999999,10.527539443969726,bmm
,795,795x593x153x885,83.0,1005.0,86.0,217.595,11.42860164642334,bmm
,564,564x1024x142x988,43.0,1005.0,88.0,213.06900000000007,13.50389747619629,bmm
,825,825x638x491x7,99.0,1005.0,90.0,224.93800000000007,5.028198528289795,bmm
,743,743x646x269x14,99.0,1005.0,90.0,224.93800000000007,3.029958391189575,bmm
,732,732x634x401x8,63.12,1005.0,87.24,215.21083999999988,3.6710400581359863,bmm
,630,630x882x449x58,60.0,1005.0,87.0,214.3649999999999,4.916224002838135,bmm
,1017,1017x729x322x59,64.08,1005.0,86.32,211.85103999999998,4.955135822296143,bmm
,676,676x769x429x46,66.0,1005.0,86.0,210.668,5.001215934753418,bmm
,980,980x869x284x102,64.4,1005.0,86.0,208.1376000000001,4.921343803405762,bmm
,617,617x542x472x120,64.0,1005.0,86.0,207.50500000000008,3.585024118423462,bmm
,725,725x887x343x79,68.8,1005.0,86.0,208.79199999999997,4.304819107055664,bmm
,662,662x826x339x234,88.0,1005.0,86.0,213.93999999999994,7.90318078994751,bmm
,638,638x1017x355x225,54.0,1005.0,88.0,217.66100000000003,9.080831527709961,bmm
,889,889x902x449x178,86.56,1005.0,86.24,224.14219999999995,15.826041793823242,bmm
,733,733x723x498x508,67.04,1005.0,88.56,233.03783999999996,21.60389175415039,bmm
,943,943x764x511x449,94.48,843.0,88.44,209.87335999999988,28.192748641967775,bmm
,790,790x979x466x337,88.8,1005.0,87.8,213.11260000000004,21.856403350830078,bmm
,819,819x988x448x829,96.36,595.8,88.84,213.72848,50.1997573852539,bmm
,874,874x904x407x987,99.68,774.0,87.68,209.55136000000005,56.00362930297852,bmm
,623,623x942x319x746,51.6,1005.0,87.2,205.11439999999996,23.635135650634766,bmm
,913,913x989x601x23,70.2,1005.0,89.92,217.95632,10.81446361541748,bmm
,609,609x625x628x12,99.0,1005.0,88.0,210.116,4.751340770721436,bmm
,838,838x853x527x13,96.48,1005.0,87.64,205.56739999999994,7.5386881828308105,bmm
,1019,1019x942x830x42,95.64,1005.0,87.52,206.63560000000012,16.379212188720704,bmm
,555,555x997x869x64,93.8,1005.0,88.0,219.88924000000006,9.444966697692871,bmm
,553,553x831x567x59,89.0,1005.0,88.0,224.32300000000006,5.409094524383545,bmm
,790,790x956x764x85,55.0,1005.0,88.0,231.23499999999996,11.825996589660644,bmm
,582,582x583x746x68,40.0,1005.0,86.0,231.674,5.353881740570069,bmm
,639,639x710x882x104,47.08,1005.0,86.24,230.82056000000003,8.24192008972168,bmm
,518,518x816x556x147,99.0,1005.0,88.0,226.34000000000006,9.891839981079102,bmm
,824,824x875x936x175,89.8,976.2,88.24,227.77599999999995,25.972691345214844,bmm
,836,836x955x718x244,100.0,663.0,89.84,224.06443999999988,23.36276512145996,bmm
,737,737x860x567x352,95.44,852.6,87.52,218.29192,21.320677947998046,bmm
,813,813x776x658x286,96.16,979.2,87.0,213.21944000000013,27.43726043701172,bmm
,793,793x788x776x399,96.92,772.8,87.16,209.2448,41.47382354736328,bmm
,849,849x670x772x826,96.76,817.8,88.04,217.3305999999999,67.39341278076172,bmm
,938,938x623x897x688,99.6,693.6,88.64,215.64811999999992,61.35375900268555,bmm
,568,568x699x684x1012,99.48,759.6,86.96,214.17552,45.652339172363284,bmm
