Kernel Name,Batch Size,Dimension,GPU Utilization Rate (%),GPU Core Frequency (MHz),GPU Temperature (C),GPU Power (W),Latency (ms),OPName
,1,1x58x13x141,100.0,270.0,86.0,208.37600000000012,0.01228800043463707,linear
,1,1x102x215x113,100.0,270.0,86.0,208.37600000000012,0.027648000046610832,linear
,1,1x195x50x184,100.0,270.0,86.0,208.37600000000012,0.02109439969062805,linear
,1,1x117x149x297,100.0,270.0,86.0,208.37600000000012,0.026611199602484703,linear
,1,1x88x126x340,100.0,270.0,86.0,208.37600000000012,0.02457600086927414,linear
,1,1x109x162x365,100.0,270.0,86.0,208.37600000000012,0.027852800115942954,linear
,1,1x71x253x606,100.0,270.0,86.0,208.37600000000012,0.030899199098348616,linear
,1,1x137x175x627,7.0,615.0,81.0,169.36200000000005,0.03174399957060814,linear
,1,1x192x83x513,7.0,615.0,81.0,169.36200000000005,0.02661759965121746,linear
,1,1x36x65x1287,7.0,615.0,81.0,169.36200000000005,0.02252800017595291,linear
,1,1x127x116x1156,7.0,615.0,81.0,169.36200000000005,0.028672000393271446,linear
,1,1x122x143x2019,7.0,615.0,81.0,169.36200000000005,0.043007999658584595,linear
,1,1x211x240x2270,7.0,615.0,81.0,169.36200000000005,0.07289600223302842,linear
,1,1x143x237x3072,7.0,615.0,81.0,169.36200000000005,0.06963200122117996,linear
,1,1x206x31x2723,7.0,615.0,81.0,169.36200000000005,0.03276799991726875,linear
,1,1x30x32x6666,7.0,615.0,81.0,169.36200000000005,0.02252800017595291,linear
,1,1x127x21x4768,7.0,615.0,81.0,169.36200000000005,0.030080000683665276,linear
,1,1x38x5x7851,7.0,615.0,77.0,120.46500000000002,0.023552000522613525,linear
,1,1x155x5x13098,7.0,615.0,77.0,120.46500000000002,0.0673792004585266,linear
,1,1x251x129x9025,7.0,615.0,77.0,120.46500000000002,0.14744960367679597,linear
,1,1x58x39x10635,7.0,615.0,77.0,120.46500000000002,0.04095999896526337,linear
,1,1x53x182x29701,7.0,615.0,77.0,120.46500000000002,0.15564799308776855,linear
,1,1x56x196x17653,7.0,615.0,77.0,120.46500000000002,0.10649599879980087,linear
,1,1x143x36x25531,7.0,615.0,77.0,120.46500000000002,0.1490944057703018,linear
,1,1x161x224x40347,7.0,615.0,77.0,120.46500000000002,0.5539839863777161,linear
,1,1x64x154x53038,22.36,615.0,76.2,106.57852000000004,0.2744320034980774,linear
,1,1x156x147x46543,31.0,615.0,75.0,105.37100000000005,0.47452160716056824,linear
,1,1x121x415x116,31.0,615.0,75.0,105.37100000000005,0.028672000393271446,linear
,1,1x205x381x76,31.0,615.0,75.0,105.37100000000005,0.029676800593733788,linear
,1,1x163x483x219,31.0,615.0,75.0,105.37100000000005,0.03788800165057182,linear
,1,1x147x377x396,31.0,615.0,75.0,105.37100000000005,0.039724798500537874,linear
,1,1x170x495x469,31.0,615.0,75.0,105.37100000000005,0.053247999399900436,linear
,1,1x113x506x369,31.0,615.0,75.0,105.37100000000005,0.043782399594783784,linear
,1,1x14x299x951,31.0,615.0,75.0,105.37100000000005,0.028672000393271446,linear
,1,1x143x472x771,10.0,615.0,73.0,104.51500000000001,0.07494400292634965,linear
,1,1x79x379x642,10.0,615.0,73.0,104.51500000000001,0.05281279906630516,linear
,1,1x160x449x1837,10.0,615.0,73.0,104.51500000000001,0.12185599654912949,linear
,1,1x7x472x2028,10.0,615.0,73.0,104.51500000000001,0.055500800162553786,linear
,1,1x166x382x1202,10.0,615.0,73.0,104.51500000000001,0.10711039900779724,linear
,1,1x182x389x3443,10.0,615.0,73.0,104.51500000000001,0.1888256013393402,linear
,1,1x9x304x3254,10.0,615.0,73.0,104.51500000000001,0.05939200147986412,linear
,1,1x157x385x2993,10.0,615.0,73.0,104.51500000000001,0.16343039870262147,linear
,1,1x152x373x7053,10.0,615.0,73.0,104.51500000000001,0.3246079981327057,linear
,1,1x146x497x8018,14.0,345.0,72.0,100.67799999999994,0.44051838517189024,linear
,1,1x78x333x6586,14.0,345.0,72.0,100.67799999999994,0.1812479943037033,linear
,1,1x51x363x11650,14.0,345.0,72.0,100.67799999999994,0.26746240854263303,linear
,1,1x17x375x12913,14.0,345.0,72.0,100.67799999999994,0.1730560064315796,linear
,1,1x37x287x10911,14.0,345.0,72.0,100.67799999999994,0.19841919839382172,linear
,1,1x222x422x24589,14.0,345.0,72.0,100.67799999999994,1.4555007934570312,linear
,1,1x252x303x31786,50.0,333.0,72.0,100.73719999999997,1.4262207984924316,linear
,1,1x233x302x26691,59.0,330.0,72.0,100.75199999999997,1.2058560132980347,linear
,1,1x27x361x50270,59.0,330.0,72.0,100.75199999999997,0.36556801199913025,linear
,1,1x116x315x63010,59.0,330.0,72.0,100.75199999999997,1.022976040840149,linear
,1,1x98x326x37344,59.0,330.0,72.0,100.75199999999997,0.6492159962654114,linear
,1,1x171x899x234,59.0,330.0,72.0,100.75199999999997,0.05632000043988228,linear
,1,1x254x550x65,59.0,330.0,72.0,100.75199999999997,0.039711999148130415,linear
,1,1x174x920x42,27.0,480.0,72.0,108.265,0.03891199827194214,linear
,1,1x52x967x342,27.0,480.0,72.0,108.265,0.04915200173854828,linear
,1,1x93x687x346,27.0,480.0,72.0,108.265,0.050175998359918594,linear
,1,1x148x674x294,27.0,480.0,72.0,108.265,0.05119999870657921,linear
,1,1x196x880x815,27.0,480.0,72.0,108.265,0.1380351960659027,linear
,1,1x129x653x612,27.0,480.0,72.0,108.265,0.07021440118551255,linear
,1,1x68x887x792,27.0,480.0,72.0,108.265,0.06860800087451935,linear
,1,1x47x917x1053,27.0,480.0,72.0,108.265,0.07168000191450119,linear
,1,1x114x577x1975,27.0,480.0,72.0,108.265,0.11366400122642517,linear
,1,1x199x977x1784,11.0,480.0,70.0,106.49499999999995,0.21686400175094606,linear
,1,1x121x884x2455,11.0,480.0,70.0,106.49499999999995,0.15769599378108978,linear
,1,1x171x762x2564,11.0,480.0,70.0,106.49499999999995,0.2129855990409851,linear
,1,1x90x625x2154,11.0,480.0,70.0,106.49499999999995,0.09809920340776443,linear
,1,1x33x1000x7769,11.0,480.0,70.0,106.49499999999995,0.24965119659900664,linear
,1,1x56x1015x7730,11.0,480.0,70.0,106.49499999999995,0.2310144007205963,linear
,1,1x51x630x5858,11.0,480.0,70.0,106.49499999999995,0.15052799880504608,linear
,1,1x131x896x10693,11.0,480.0,70.0,106.49499999999995,0.7014271855354309,linear
,1,1x211x875x15122,35.0,480.0,71.0,100.49499999999995,1.1927552223205566,linear
,1,1x59x798x11898,35.0,480.0,71.0,100.49499999999995,0.37376001477241516,linear
,1,1x206x584x21033,35.0,480.0,71.0,100.49499999999995,1.1505663871765137,linear
,1,1x27x672x21543,35.0,480.0,71.0,100.49499999999995,0.28405760526657103,linear
,1,1x221x626x25666,35.0,480.0,71.0,100.49499999999995,1.4174143552780152,linear
,1,1x149x848x40632,37.56,494.4,71.64,102.85467999999999,2.1057536602020264,linear
,1,1x224x532x62899,43.0,525.0,73.0,107.86900000000001,1.7721408367156983,linear
,1,1x186x603x61389,43.0,525.0,73.0,107.86900000000001,1.329971194267273,linear
,1,1x59x1422x179,43.0,525.0,73.0,107.86900000000001,0.026419199630618097,linear
,1,1x238x1944x166,43.0,525.0,73.0,107.86900000000001,0.04811520129442215,linear
,1,1x237x1950x20,43.0,525.0,73.0,107.86900000000001,0.025599999353289604,linear
,1,1x257x1333x288,43.0,525.0,73.0,107.86900000000001,0.05427199974656105,linear
,1,1x145x1818x466,7.0,960.0,73.0,122.04199999999996,0.05939200147986412,linear
,1,1x73x1741x415,7.0,960.0,73.0,122.04199999999996,0.04442239999771118,linear
,1,1x159x1394x732,7.0,960.0,73.0,122.04199999999996,0.07147520184516906,linear
,1,1x193x1340x679,7.0,960.0,73.0,122.04199999999996,0.08088959753513336,linear
,1,1x159x1985x711,7.0,960.0,73.0,122.04199999999996,0.09131520092487336,linear
,1,1x191x1235x1280,7.0,960.0,73.0,122.04199999999996,0.11059200018644333,linear
,1,1x213x1134x1836,7.0,960.0,73.0,122.04199999999996,0.13496319949626923,linear
,1,1x20x1612x1992,7.0,960.0,73.0,122.04199999999996,0.06451199948787689,linear
,1,1x122x1641x2548,7.0,960.0,73.0,122.04199999999996,0.15052799880504608,linear
,1,1x1x1747x3034,12.0,960.0,72.0,116.83599999999993,0.05898240134119988,linear
,1,1x9x1756x2325,12.0,960.0,72.0,116.83599999999993,0.06205439865589142,linear
,1,1x70x1154x7846,12.0,960.0,72.0,116.83599999999993,0.23511040210723877,linear
,1,1x98x1610x7021,12.0,960.0,72.0,116.83599999999993,0.313753604888916,linear
,1,1x255x1777x6281,12.0,960.0,72.0,116.83599999999993,0.5388415932655335,linear
,1,1x229x1897x10923,12.0,960.0,72.0,116.83599999999993,0.9373695850372314,linear
,1,1x16x1317x15372,12.0,960.0,72.0,116.83599999999993,0.21503999829292297,linear
,1,1x228x1182x10448,12.0,960.0,72.0,116.83599999999993,0.5775231838226318,linear
,1,1x134x1938x23416,21.0,960.0,73.0,108.79199999999996,1.531494379043579,linear
,1,1x34x1619x26213,21.0,960.0,73.0,108.79199999999996,0.5834751844406127,linear
,1,1x240x1290x19210,21.0,960.0,73.0,108.79199999999996,1.0796736001968383,linear
,1,1x177x1287x44694,21.0,960.0,73.0,108.79199999999996,1.8356224298477173,linear
,1,1x41x1538x45633,28.6,969.0,73.8,112.64219999999999,1.526579213142395,linear
,1,1x136x1456x60070,59.0,1005.0,77.0,128.0430000000001,2.718495988845825,linear
,1,1x226x3751x248,59.0,1005.0,77.0,128.0430000000001,0.07577600330114365,linear
,1,1x124x3959x63,59.0,1005.0,77.0,128.0430000000001,0.026623999699950218,linear
,1,1x161x2826x82,59.0,1005.0,77.0,128.0430000000001,0.03378560021519661,linear
,1,1x25x2256x401,59.0,1005.0,77.0,128.0430000000001,0.025535999983549117,linear
,1,1x206x2258x356,59.0,1005.0,77.0,128.0430000000001,0.07387520223855973,linear
,1,1x188x2639x358,59.0,1005.0,77.0,128.0430000000001,0.06092160120606423,linear
,1,1x164x2714x915,6.0,1005.0,77.0,143.076,0.18201600015163422,linear
,1,1x243x3136x746,6.0,1005.0,77.0,143.076,0.19612160325050354,linear
,1,1x215x2669x935,6.0,1005.0,77.0,143.076,0.15462400019168854,linear
,1,1x176x3500x1566,6.0,1005.0,77.0,143.076,0.24958719611167907,linear
,1,1x179x3169x1614,6.0,1005.0,77.0,143.076,0.23141120374202728,linear
,1,1x246x2925x1438,6.0,1005.0,77.0,143.076,0.23399680256843566,linear
,1,1x170x3983x2460,6.0,1005.0,77.0,143.076,0.3460608124732971,linear
,1,1x119x2201x2766,6.0,1005.0,77.0,143.076,0.18378879725933076,linear
,1,1x146x3910x4072,16.8,1005.0,77.76,146.50360000000012,0.5289215922355652,linear
,1,1x152x2840x5534,21.0,1005.0,78.0,147.5860000000001,0.5791615962982177,linear
,1,1x134x3620x6026,21.0,1005.0,78.0,147.5860000000001,0.7640959978103637,linear
,1,1x82x3709x6644,21.0,1005.0,78.0,147.5860000000001,0.5244863986968994,linear
,1,1x112x3062x9534,21.0,1005.0,78.0,147.5860000000001,0.6655936002731323,linear
,1,1x251x2421x15491,21.0,1005.0,78.0,147.5860000000001,1.5396672248840333,linear
,1,1x112x2348x8935,21.0,1005.0,78.0,147.5860000000001,0.4628480076789856,linear
,1,1x192x3615x31082,52.0,1005.0,82.0,155.75500000000008,3.401702404022217,linear
,1,1x153x3945x30282,52.0,1005.0,82.0,155.75500000000008,3.6337279796600344,linear
,1,1x124x2893x18589,52.0,1005.0,82.0,155.75500000000008,1.3983104228973389,linear
,1,1x149x3008x53668,29.0,1005.0,84.0,175.69,4.792851161956787,linear
,1,1x25x3459x57748,29.0,1005.0,84.0,175.69,1.4802047729492187,linear
,1,1x238x2285x59814,46.16,1005.0,85.76,183.39968000000002,5.55806713104248,linear
,1,1x27x6296x194,68.0,1005.0,88.0,193.21199999999996,0.03379200026392937,linear
,1,1x246x6084x105,68.0,1005.0,88.0,193.21199999999996,0.0655359998345375,linear
,1,1x51x7943x164,68.0,1005.0,88.0,193.21199999999996,0.058368001133203506,linear
,1,1x101x6799x374,68.0,1005.0,88.0,193.21199999999996,0.08227199763059616,linear
,1,1x251x5604x287,68.0,1005.0,88.0,193.21199999999996,0.12077440321445465,linear
,1,1x192x4592x504,68.0,1005.0,88.0,193.21199999999996,0.13102079927921295,linear
,1,1x50x5316x759,68.0,1005.0,88.0,193.21199999999996,0.08089599758386612,linear
,1,1x42x4356x608,68.0,1005.0,88.0,193.21199999999996,0.06447359919548035,linear
,1,1x22x5979x729,11.0,1005.0,82.0,190.491,0.06426239907741546,linear
,1,1x40x6548x1357,11.0,1005.0,82.0,190.491,0.15769599378108978,linear
,1,1x39x6887x1837,11.0,1005.0,82.0,190.491,0.2170879989862442,linear
,1,1x152x6115x1175,11.0,1005.0,82.0,190.491,0.31205119490623473,linear
,1,1x228x7045x3153,11.0,1005.0,82.0,190.491,0.923910403251648,linear
,1,1x167x7252x2099,11.0,1005.0,82.0,190.491,0.6007871985435486,linear
,1,1x253x5292x2308,11.0,1005.0,82.0,190.491,0.5773183822631835,linear
,1,1x235x4973x5206,11.0,1005.0,82.0,190.491,1.059993577003479,linear
,1,1x103x8021x6670,22.0,1005.0,83.0,171.21599999999995,1.1398207902908326,linear
,1,1x103x5570x4317,22.0,1005.0,83.0,171.21599999999995,0.549177610874176,linear
,1,1x217x7185x9404,22.0,1005.0,83.0,171.21599999999995,2.7870912075042726,linear
,1,1x205x6813x15245,28.0,1005.0,83.48,171.48515999999992,4.170508766174317,linear
,1,1x13x8051x9905,72.0,1005.0,87.0,173.45899999999995,0.5916095972061157,linear
,1,1x244x4896x30742,72.0,1005.0,87.0,173.45899999999995,6.1358081817626955,linear
,1,1x82x6808x30356,60.6,1005.0,87.0,185.987,4.165971088409424,linear
,1,1x3x5856x23128,53.0,1005.0,87.0,194.33899999999997,0.6430720090866089,linear
,1,1x199x7312x40255,71.4,1005.0,87.4,197.57020000000003,11.531852722167969,linear
,1,1x94x7155x42033,99.0,1005.0,88.0,202.417,6.030617523193359,linear
,1,1x96x6674x62325,56.0,1005.0,86.0,214.40800000000002,7.889203262329102,linear
,1,1x507x86x43,56.0,1005.0,86.0,214.40800000000002,0.016153599694371225,linear
,1,1x394x188x22,56.0,1005.0,86.0,214.40800000000002,0.01685120016336441,linear
,1,1x317x122x108,56.0,1005.0,86.0,214.40800000000002,0.01621119976043701,linear
,1,1x405x137x305,56.0,1005.0,86.0,214.40800000000002,0.01945599913597107,linear
,1,1x329x138x469,56.0,1005.0,86.0,214.40800000000002,0.023865600302815437,linear
,1,1x491x184x289,5.0,1005.0,85.0,227.875,0.020479999482631683,linear
,1,1x281x24x614,5.0,1005.0,85.0,227.875,0.0141567999497056,linear
,1,1x397x48x882,5.0,1005.0,85.0,227.875,0.027648000046610832,linear
,1,1x366x245x592,5.0,1005.0,85.0,227.875,0.03379200026392937,linear
,1,1x453x46x1234,5.0,1005.0,85.0,227.875,0.02247040010988712,linear
,1,1x436x110x1335,5.0,1005.0,85.0,227.875,0.030719999223947525,linear
,1,1x383x142x1197,5.0,1005.0,85.0,227.875,0.03379200026392937,linear
,1,1x314x124x4095,5.0,1005.0,85.0,227.875,0.0508992001414299,linear
,1,1x291x8x3122,5.0,1005.0,85.0,227.875,0.022208000347018243,linear
,1,1x415x41x2881,7.0,1005.0,81.0,183.1350000000001,0.03481600061058998,linear
,1,1x489x29x6630,7.0,1005.0,81.0,183.1350000000001,0.06774400025606156,linear
,1,1x394x61x4337,7.0,1005.0,81.0,183.1350000000001,0.05443199947476387,linear
,1,1x445x81x6186,7.0,1005.0,81.0,183.1350000000001,0.08590079843997955,linear
,1,1x348x19x15063,7.0,1005.0,81.0,183.1350000000001,0.09314560145139694,linear
,1,1x280x206x9322,7.0,1005.0,81.0,183.1350000000001,0.159539195895195,linear
,1,1x494x189x16276,7.0,1005.0,81.0,183.1350000000001,0.32619521021842957,linear
,1,1x414x54x23108,7.0,1005.0,81.0,183.1350000000001,0.21558400094509125,linear
,1,1x300x49x20759,7.0,1005.0,81.0,183.1350000000001,0.14847999811172485,linear
,1,1x488x140x24039,16.0,1005.0,81.0,139.74400000000003,0.3737408101558685,linear
,1,1x440x107x62385,16.0,1005.0,81.0,139.74400000000003,0.6911488175392151,linear
,1,1x384x183x58737,16.0,1005.0,81.0,139.74400000000003,0.8089600205421448,linear
,1,1x319x7x36810,16.0,1005.0,81.0,139.74400000000003,0.1812479943037033,linear
,1,1x322x304x170,16.0,1005.0,81.0,139.74400000000003,0.02252800017595291,linear
,1,1x438x366x96,16.0,1005.0,81.0,139.74400000000003,0.021503999829292297,linear
,1,1x400x453x71,16.0,1005.0,81.0,139.74400000000003,0.02252800017595291,linear
,1,1x349x270x420,16.0,1005.0,81.0,139.74400000000003,0.027424000203609467,linear
,1,1x285x369x455,6.32,1005.0,80.16,148.66708000000008,0.030719999223947525,linear
,1,1x346x508x276,5.0,1005.0,80.0,149.4430000000001,0.03269119933247566,linear
,1,1x422x287x535,5.0,1005.0,80.0,149.4430000000001,0.05222399905323982,linear
,1,1x337x480x1011,5.0,1005.0,80.0,149.4430000000001,0.09932799637317657,linear
,1,1x273x350x838,5.0,1005.0,80.0,149.4430000000001,0.05939200147986412,linear
,1,1x485x262x1568,5.0,1005.0,80.0,149.4430000000001,0.09932799637317657,linear
,1,1x468x509x1800,5.0,1005.0,80.0,149.4430000000001,0.16465920209884644,linear
,1,1x390x310x1176,5.0,1005.0,80.0,149.4430000000001,0.08601599931716919,linear
,1,1x337x284x2463,5.0,1005.0,80.0,149.4430000000001,0.11734400242567063,linear
,1,1x335x284x3526,5.4,681.0,80.0,143.09116000000003,0.16035839915275574,linear
,1,1x499x316x3312,10.0,600.0,77.0,136.21,0.21400320529937744,linear
,1,1x279x391x7699,10.0,600.0,77.0,136.21,0.3317759931087494,linear
,1,1x455x471x7986,10.0,600.0,77.0,136.21,0.652288019657135,linear
,1,1x355x321x4446,10.0,600.0,77.0,136.21,0.2291584014892578,linear
,1,1x398x491x8395,10.0,600.0,77.0,136.21,0.6096895933151245,linear
,1,1x453x505x15943,10.0,600.0,77.0,136.21,1.2947455644607544,linear
,1,1x394x447x8524,10.0,600.0,77.0,136.21,0.5578752160072327,linear
,1,1x470x302x22543,52.0,570.0,77.0,117.70499999999997,0.9951232075691223,linear
,1,1x345x355x22962,52.0,570.0,77.0,117.70499999999997,0.905625581741333,linear
,1,1x272x380x28589,52.0,570.0,77.0,117.70499999999997,0.9572352170944214,linear
,1,1x282x340x46814,52.0,570.0,77.0,117.70499999999997,1.2953535795211792,linear
,1,1x386x413x50816,52.0,570.0,77.0,117.70499999999997,1.8933759927749634,linear
,1,1x401x409x39853,47.0,870.0,79.0,123.79199999999996,1.5157119750976562,linear
,1,1x463x840x72,47.0,870.0,79.0,123.79199999999996,0.035840000957250595,linear
,1,1x440x820x88,47.0,870.0,79.0,123.79199999999996,0.03274879977107048,linear
,1,1x414x943x170,47.0,870.0,79.0,123.79199999999996,0.042956799268722534,linear
,1,1x452x818x468,47.0,870.0,79.0,123.79199999999996,0.07577600330114365,linear
,1,1x427x694x417,47.0,870.0,79.0,123.79199999999996,0.06143999844789505,linear
,1,1x463x952x501,47.0,870.0,79.0,123.79199999999996,0.08661119937896729,linear
,1,1x433x832x645,47.0,870.0,79.0,123.79199999999996,0.08069119751453399,linear
,1,1x432x1014x880,9.0,1005.0,76.0,128.55099999999996,0.131071999669075,linear
,1,1x276x897x774,9.0,1005.0,76.0,128.55099999999996,0.07678720355033875,linear
,1,1x335x723x1044,9.0,1005.0,76.0,128.55099999999996,0.08722559958696366,linear
,1,1x358x717x1563,9.0,1005.0,76.0,128.55099999999996,0.10629119873046874,linear
,1,1x263x604x1251,9.0,1005.0,76.0,128.55099999999996,0.0798719972372055,linear
,1,1x308x691x2210,9.0,1005.0,76.0,128.55099999999996,0.12697599828243256,linear
,1,1x481x787x2429,9.0,1005.0,76.0,128.55099999999996,0.1959936022758484,linear
,1,1x314x648x2289,9.0,1005.0,76.0,128.55099999999996,0.11878400295972824,linear
,1,1x314x934x7707,9.0,1005.0,76.0,128.55099999999996,0.4546560049057007,linear
,1,1x454x665x4544,15.0,1005.0,75.0,116.279,0.31252479553222656,linear
,1,1x371x900x7400,15.0,1005.0,75.0,116.279,0.4818944036960602,linear
,1,1x309x926x14948,15.0,1005.0,75.0,116.279,0.827187180519104,linear
,1,1x499x885x15607,15.0,1005.0,75.0,116.279,1.1937792301177979,linear
,1,1x328x932x9945,15.0,1005.0,75.0,116.279,0.6315967798233032,linear
,1,1x320x974x31372,15.0,1005.0,75.0,116.279,1.76353280544281,linear
,1,1x453x941x24519,40.0,1005.0,78.0,117.54500000000003,1.983846378326416,linear
,1,1x364x810x27699,40.0,1005.0,78.0,117.54500000000003,1.4597632169723511,linear
,1,1x452x661x36246,40.0,1005.0,78.0,117.54500000000003,2.072544050216675,linear
,1,1x488x617x47469,40.0,1005.0,78.0,117.54500000000003,2.5925631523132324,linear
,1,1x483x743x56869,51.0,1005.0,83.0,148.056,3.612166404724121,linear
,1,1x399x1566x67,51.0,1005.0,83.0,148.056,0.04095999896526337,linear
,1,1x440x1174x163,51.0,1005.0,83.0,148.056,0.04915200173854828,linear
,1,1x441x1626x112,51.0,1005.0,83.0,148.056,0.050732798874378204,linear
,1,1x388x1604x269,51.0,1005.0,83.0,148.056,0.07147520035505295,linear
,1,1x364x1461x474,51.0,1005.0,83.0,148.056,0.10133119821548461,linear
,1,1x348x1540x293,51.0,1005.0,83.0,148.056,0.06615040004253388,linear
,1,1x289x1118x587,9.0,1005.0,81.0,166.30000000000007,0.07925119698047638,linear
,1,1x369x1304x913,9.0,1005.0,81.0,166.30000000000007,0.11670400202274323,linear
,1,1x364x1729x729,9.0,1005.0,81.0,166.30000000000007,0.13619199395179749,linear
,1,1x405x1162x1538,9.0,1005.0,81.0,166.30000000000007,0.1766272008419037,linear
,1,1x505x1947x1697,9.0,1005.0,81.0,166.30000000000007,0.3158975958824158,linear
,1,1x441x1300x1704,9.0,1005.0,81.0,166.30000000000007,0.19731200337409974,linear
,1,1x391x1181x2357,9.0,1005.0,81.0,166.30000000000007,0.24657920002937317,linear
,1,1x325x1976x2419,9.0,1005.0,81.0,166.30000000000007,0.3307519853115082,linear
,1,1x277x1473x4046,14.2,1005.0,80.6,162.33879999999996,0.3307519853115082,linear
,1,1x277x1688x4942,22.0,1005.0,80.0,156.39699999999996,0.471424001455307,linear
,1,1x433x2022x8046,22.0,1005.0,80.0,156.39699999999996,1.1922560214996338,linear
,1,1x317x1496x7493,22.0,1005.0,80.0,156.39699999999996,0.6274495959281922,linear
,1,1x339x1300x8835,22.0,1005.0,80.0,156.39699999999996,0.762220811843872,linear
,1,1x503x1374x11787,22.0,1005.0,80.0,156.39699999999996,1.439302396774292,linear
,1,1x312x1058x11508,24.16,1005.0,80.0,156.42339999999996,0.6563392043113708,linear
,1,1x472x1783x17808,49.0,1005.0,83.0,156.56199999999993,2.5828608512878417,linear
,1,1x402x1861x24832,49.0,1005.0,83.0,156.56199999999993,3.281062364578247,linear
,1,1x475x1544x24947,49.0,1005.0,83.0,156.56199999999993,3.1944064140319823,linear
,1,1x433x1840x41817,87.0,1005.0,87.0,191.53099999999998,5.364121532440185,linear
,1,1x303x1322x63680,87.0,1005.0,87.0,191.53099999999998,4.46498556137085,linear
,1,1x346x2037x61537,46.0,1005.0,86.0,222.51900000000012,7.569939231872558,linear
,1,1x301x3179x205,46.0,1005.0,86.0,222.51900000000012,0.06757760047912598,linear
,1,1x356x3911x207,46.0,1005.0,86.0,222.51900000000012,0.09113600105047226,linear
,1,1x450x4029x125,46.0,1005.0,86.0,222.51900000000012,0.07798399776220322,linear
,1,1x468x3495x261,46.0,1005.0,86.0,222.51900000000012,0.14336000382900238,linear
,1,1x394x2797x354,46.0,1005.0,86.0,222.51900000000012,0.17712639570236205,linear
,1,1x318x2370x509,10.0,1005.0,85.0,225.70399999999998,0.17287680208683015,linear
,1,1x322x2270x946,10.0,1005.0,85.0,225.70399999999998,0.19836799800395966,linear
,1,1x451x2461x846,10.0,1005.0,85.0,225.70399999999998,0.23244799673557281,linear
,1,1x364x3765x894,10.0,1005.0,85.0,225.70399999999998,0.2682879865169525,linear
,1,1x357x2646x1331,10.0,1005.0,85.0,225.70399999999998,0.2702848017215729,linear
,1,1x307x2718x1147,10.0,1005.0,85.0,225.70399999999998,0.19471360445022584,linear
,1,1x467x2545x1744,10.0,1005.0,85.0,225.70399999999998,0.39543039798736573,linear
,1,1x342x3430x3776,10.0,1005.0,85.0,225.70399999999998,0.8282111883163452,linear
,1,1x484x3536x3893,18.0,1005.0,83.0,182.86999999999992,1.1963136196136475,linear
,1,1x305x2310x3987,18.0,1005.0,83.0,182.86999999999992,0.5045568108558655,linear
,1,1x402x3864x5132,18.0,1005.0,83.0,182.86999999999992,1.4510079622268677,linear
,1,1x490x3830x6633,18.0,1005.0,83.0,182.86999999999992,2.1395456790924072,linear
,1,1x257x2607x6914,18.0,1005.0,83.0,182.86999999999992,0.9901952266693115,linear
,1,1x353x3735x15354,52.0,1005.0,85.0,163.23700000000005,3.5280575275421144,linear
,1,1x394x3740x11273,52.0,1005.0,85.0,163.23700000000005,2.996787166595459,linear
,1,1x334x2252x8555,52.0,1005.0,85.0,163.23700000000005,1.2275712490081787,linear
,1,1x368x3449x30155,47.24,1005.0,86.36,176.77579999999998,6.354329681396484,linear
,1,1x497x2792x22682,45.0,1005.0,87.0,183.14699999999996,5.124454307556152,linear
,1,1x363x3985x29135,58.0,1005.0,87.52,197.95971999999992,6.9218110084533695,linear
,1,1x314x3015x61222,70.0,1005.0,88.0,211.6329999999999,9.75155200958252,linear
,1,1x302x3067x43103,99.0,1005.0,93.0,248.8090000000001,6.784787273406982,linear
,1,1x434x3845x45415,93.4,618.0,89.88,244.64404000000005,12.053887939453125,linear
,1,1x435x6748x240,99.0,405.0,87.0,227.95499999999996,0.21196800470352173,linear
,1,1x266x7079x123,99.0,405.0,87.0,227.95499999999996,0.08886400014162063,linear
,1,1x291x4455x67,99.0,405.0,87.0,227.95499999999996,0.057491200417280196,linear
,1,1x444x5905x293,99.0,405.0,87.0,227.95499999999996,0.2221375972032547,linear
,1,1x293x6586x296,99.0,405.0,87.0,227.95499999999996,0.16841599941253663,linear
,1,1x491x7595x310,99.0,405.0,87.0,227.95499999999996,0.2797312080860138,linear
,1,1x422x6068x732,99.0,405.0,87.0,227.95499999999996,0.3983295917510986,linear
,1,1x260x6557x740,16.0,1005.0,84.0,192.48899999999995,0.2949120104312897,linear
,1,1x444x6143x751,16.0,1005.0,84.0,192.48899999999995,0.42591999769210814,linear
,1,1x276x7222x1185,16.0,1005.0,84.0,192.48899999999995,0.6153727769851685,linear
,1,1x420x5322x1694,16.0,1005.0,84.0,192.48899999999995,0.7079808115959167,linear
,1,1x429x4773x1999,16.0,1005.0,84.0,192.48899999999995,0.7864320278167725,linear
,1,1x357x6114x3041,16.0,1005.0,84.0,192.48899999999995,1.1806720495224,linear
,1,1x433x4295x3297,31.6,1005.0,84.44,182.38603999999995,1.0331712007522582,linear
,1,1x284x6088x2653,46.0,1005.0,85.0,174.44799999999998,0.8458304047584534,linear
,1,1x389x8053x5254,46.0,1005.0,85.0,174.44799999999998,3.1403712749481203,linear
,1,1x291x7280x6319,46.0,1005.0,85.0,174.44799999999998,2.367219161987305,linear
,1,1x358x7848x4273,46.0,1005.0,85.0,174.44799999999998,2.1102528095245363,linear
,1,1x377x6356x9208,54.0,1005.0,87.0,178.78600000000003,3.616652822494507,linear
,1,1x470x6066x10695,54.0,1005.0,87.0,178.78600000000003,5.152563285827637,linear
,1,1x331x5391x13394,36.52,1005.0,86.24,199.8012,4.406188678741455,linear
,1,1x334x5636x19883,31.0,1005.0,86.0,205.055,6.656819152832031,linear
,1,1x497x7160x22413,55.84,1005.0,86.92,214.93580000000006,12.67053451538086,linear
,1,1x370x5758x23088,71.0,1005.0,89.08,222.44736,7.825145626068116,linear
,1,1x458x4412x39933,93.88,566.4,89.64,233.6404,14.240479850769043,linear
,1,1x412x6439x63003,99.36,794.4,89.12,222.35435999999987,27.821260833740233,linear
,1,1x468x6746x62318,91.44,789.0,88.2,226.5594400000001,32.93409271240235,linear
,1,1x973x186x44,100.0,405.0,87.0,226.64,0.018080000579357148,linear
,1,1x942x158x159,100.0,405.0,87.0,226.64,0.02080639973282814,linear
,1,1x518x253x122,100.0,789.0,87.0,220.45248,0.02252800017595291,linear
,1,1x664x29x435,10.0,1005.0,87.0,216.972,0.017734400182962417,linear
,1,1x694x234x441,10.0,1005.0,87.0,216.972,0.04095999896526337,linear
,1,1x637x141x425,10.0,1005.0,87.0,216.972,0.025113600119948388,linear
,1,1x645x255x1022,10.0,1005.0,87.0,216.972,0.06758400052785873,linear
,1,1x936x24x854,10.0,1005.0,87.0,216.972,0.022444800287485123,linear
,1,1x854x175x918,10.0,1005.0,87.0,216.972,0.05416959896683693,linear
,1,1x856x237x1872,10.0,1005.0,87.0,216.972,0.10244479775428772,linear
,1,1x897x85x1822,10.0,1005.0,87.0,216.972,0.054259199649095535,linear
,1,1x822x111x1644,10.0,1005.0,87.0,216.972,0.060416001826524734,linear
,1,1x861x248x3320,9.0,1005.0,82.0,181.1350000000001,0.16352639794349672,linear
,1,1x602x171x3961,9.0,1005.0,82.0,181.1350000000001,0.10705279856920243,linear
,1,1x964x61x3165,9.0,1005.0,82.0,181.1350000000001,0.08499199897050858,linear
,1,1x763x88x4680,9.0,1005.0,82.0,181.1350000000001,0.10157439708709717,linear
,1,1x949x201x5563,9.0,1005.0,82.0,181.1350000000001,0.24268800020217896,linear
,1,1x830x239x7951,9.0,1005.0,82.0,181.1350000000001,0.30854399800300597,linear
,1,1x579x244x10042,9.0,1005.0,82.0,181.1350000000001,0.30800639986991885,linear
,1,1x822x237x14759,9.0,1005.0,82.0,181.1350000000001,0.5608191847801208,linear
,1,1x754x89x9469,24.0,1005.0,81.0,143.22899999999993,0.17876479923725128,linear
,1,1x848x254x18399,24.0,1005.0,81.0,143.22899999999993,0.7720831871032715,linear
,1,1x837x154x26364,24.0,1005.0,81.0,143.22899999999993,0.748915183544159,linear
,1,1x625x145x17406,24.0,1005.0,81.0,143.22899999999993,0.3540863931179047,linear
,1,1x705x197x56380,24.0,1005.0,81.0,143.22899999999993,1.6035840511322021,linear
,1,1x599x71x60022,24.0,1005.0,81.0,143.22899999999993,0.9459583997726441,linear
,1,1x1023x122x50414,53.0,1005.0,84.0,158.16899999999995,1.605017614364624,linear
,1,1x593x302x126,53.0,1005.0,84.0,158.16899999999995,0.025299200043082237,linear
,1,1x814x405x86,53.0,1005.0,84.0,158.16899999999995,0.027648000046610832,linear
,1,1x642x296x143,53.0,1005.0,84.0,158.16899999999995,0.025599999353289604,linear
,1,1x780x377x505,53.0,1005.0,84.0,158.16899999999995,0.05939200147986412,linear
,1,1x728x433x284,53.0,1005.0,84.0,158.16899999999995,0.043007999658584595,linear
,1,1x998x391x331,53.0,1005.0,84.0,158.16899999999995,0.05877120122313499,linear
,1,1x789x393x613,53.0,1005.0,84.0,158.16899999999995,0.06860800087451935,linear
,1,1x934x307x619,9.0,1005.0,79.0,154.07499999999993,0.05836160108447075,linear
,1,1x635x301x646,9.0,1005.0,79.0,154.07499999999993,0.052159999310970304,linear
,1,1x776x339x1176,9.0,1005.0,79.0,154.07499999999993,0.09216000139713287,linear
,1,1x718x458x1390,9.0,1005.0,79.0,154.07499999999993,0.12117120325565338,linear
,1,1x769x485x1063,9.0,1005.0,79.0,154.07499999999993,0.10547199845314026,linear
,1,1x959x463x2336,9.0,1005.0,79.0,154.07499999999993,0.22933120131492615,linear
,1,1x861x298x3931,9.0,1005.0,79.0,154.07499999999993,0.2481727957725525,linear
,1,1x961x354x2622,9.0,1005.0,79.0,154.07499999999993,0.22500479817390442,linear
,1,1x860x285x6863,10.76,1005.0,78.76,148.8678,0.38067840337753295,linear
,1,1x995x280x6085,20.0,1005.0,77.0,121.53000000000006,0.3696640133857727,linear
,1,1x738x289x5757,20.0,1005.0,77.0,121.53000000000006,0.2826240062713623,linear
,1,1x636x397x10507,20.0,1005.0,77.0,121.53000000000006,0.5413120031356812,linear
,1,1x1011x298x8297,20.0,1005.0,77.0,121.53000000000006,0.5160640001296997,linear
,1,1x757x346x8809,20.0,1005.0,77.0,121.53000000000006,0.48801919221878054,linear
,1,1x737x494x23204,20.0,1005.0,77.0,121.53000000000006,1.5541759967803954,linear
,1,1x804x364x30628,29.0,1005.0,79.0,115.823,1.7727424144744872,linear
,1,1x753x484x27066,29.0,1005.0,79.0,115.823,1.814527988433838,linear
,1,1x738x294x63635,29.0,1005.0,79.0,115.823,2.7104959011077883,linear
,1,1x880x395x46021,31.4,1005.0,79.4,120.37772000000001,2.7885056018829344,linear
,1,1x738x408x43044,49.0,1005.0,84.0,144.29,2.276140737533569,linear
,1,1x766x848x223,49.0,1005.0,84.0,144.29,0.05898240134119988,linear
,1,1x976x1020x124,49.0,1005.0,84.0,144.29,0.05321599915623665,linear
,1,1x678x983x13,49.0,1005.0,84.0,144.29,0.024531200528144836,linear
,1,1x816x949x395,49.0,1005.0,84.0,144.29,0.11264000087976456,linear
,1,1x888x692x291,49.0,1005.0,84.0,144.29,0.0655359998345375,linear
,1,1x796x568x289,49.0,1005.0,84.0,144.29,0.05598079934716225,linear
,1,1x602x595x913,9.0,1005.0,81.0,170.9859999999999,0.08908800035715103,linear
,1,1x813x939x648,9.0,1005.0,81.0,170.9859999999999,0.12390399724245071,linear
,1,1x864x847x1010,9.0,1005.0,81.0,170.9859999999999,0.1610944002866745,linear
,1,1x664x874x1607,9.0,1005.0,81.0,170.9859999999999,0.20479999482631683,linear
,1,1x642x964x1558,9.0,1005.0,81.0,170.9859999999999,0.22275199592113495,linear
,1,1x538x927x2047,9.0,1005.0,81.0,170.9859999999999,0.21556479930877687,linear
,1,1x628x1003x2213,9.0,1005.0,81.0,170.9859999999999,0.2777728021144867,linear
,1,1x740x797x2850,9.0,1005.0,81.0,170.9859999999999,0.32767999172210693,linear
,1,1x950x891x3630,9.0,1005.0,81.0,170.9859999999999,0.5550079941749573,linear
,1,1x808x680x7569,22.0,1005.0,81.0,161.99499999999992,0.7478848099708557,linear
,1,1x932x792x7492,22.0,1005.0,81.0,161.99499999999992,0.948192012310028,linear
,1,1x987x742x4316,22.0,1005.0,81.0,161.99499999999992,0.5720064043998718,linear
,1,1x635x796x16271,22.0,1005.0,81.0,161.99499999999992,1.4077823877334594,linear
,1,1x662x840x15746,22.0,1005.0,81.0,161.99499999999992,1.5747071504592896,linear
,1,1x711x700x9741,31.52,1005.0,81.56,161.22583999999998,0.942899227142334,linear
,1,1x894x1009x29885,56.0,1005.0,83.0,159.24800000000002,4.423065567016602,linear
,1,1x647x530x32097,56.0,1005.0,83.0,159.24800000000002,1.9955072402954102,linear
,1,1x658x745x26458,56.0,1005.0,83.0,159.24800000000002,2.262208032608032,linear
,1,1x623x546x36653,42.0,1005.0,87.0,183.34599999999998,2.2191935539245606,linear
,1,1x872x542x38718,42.0,1005.0,87.0,183.34599999999998,3.234201669692993,linear
,1,1x688x517x39236,42.0,1005.0,87.0,183.34599999999998,2.3961534976959227,linear
,1,1x930x1256x161,42.0,1005.0,87.0,183.34599999999998,0.07406080216169357,linear
,1,1x907x1605x234,63.0,1005.0,86.0,193.247,0.12180479913949967,linear
,1,1x1016x1240x203,63.0,1005.0,86.0,193.247,0.09555200189352035,linear
,1,1x718x1852x319,63.0,1005.0,86.0,193.247,0.12798720598220825,linear
,1,1x978x1246x319,63.0,1005.0,86.0,193.247,0.10522879809141159,linear
,1,1x904x1694x335,63.0,1005.0,86.0,193.247,0.1382399946451187,linear
,1,1x545x1906x634,63.0,1005.0,86.0,193.247,0.1515520066022873,linear
,1,1x954x1300x832,63.0,1005.0,86.0,193.247,0.22118400037288666,linear
,1,1x874x1607x841,63.0,1005.0,86.0,193.247,0.23672319948673248,linear
,1,1x878x1868x1744,63.0,1005.0,86.0,193.247,0.5217983841896057,linear
,1,1x846x1101x1968,15.0,1005.0,83.0,171.69999999999993,0.3785599946975708,linear
,1,1x615x1446x1713,15.0,1005.0,83.0,171.69999999999993,0.2976512014865875,linear
,1,1x561x1633x3695,15.0,1005.0,83.0,171.69999999999993,0.605344009399414,linear
,1,1x820x1911x3332,15.0,1005.0,83.0,171.69999999999993,0.9275391817092895,linear
,1,1x957x1147x2870,15.0,1005.0,83.0,171.69999999999993,0.5570240020751953,linear
,1,1x786x1612x5412,15.0,1005.0,83.0,171.69999999999993,1.2072256088256836,linear
,1,1x959x1889x4400,15.0,1005.0,83.0,171.69999999999993,1.3356544256210328,linear
,1,1x598x1667x6538,46.0,1005.0,85.0,164.80400000000006,1.2681216478347779,linear
,1,1x756x1275x13327,46.0,1005.0,85.0,164.80400000000006,2.167398452758789,linear
,1,1x773x1139x16227,46.0,1005.0,85.0,164.80400000000006,2.5772096633911135,linear
,1,1x534x1096x9088,46.0,1005.0,85.0,164.80400000000006,0.9997567653656005,linear
,1,1x821x1209x24100,51.0,1005.0,85.0,176.93800000000007,3.9561216831207275,linear
,1,1x853x1890x19674,51.0,1005.0,85.0,176.93800000000007,5.270732688903808,linear
,1,1x516x1845x22941,49.56,1005.0,86.28,185.09308000000004,3.8854015827178956,linear
,1,1x779x1380x54237,47.0,1005.0,89.0,199.591,9.786982154846191,linear
,1,1x604x1972x45762,57.92,1005.0,89.0,227.25908000000007,9.059071922302246,linear
,1,1x958x1954x65153,66.4,547.8,90.36,237.01107999999985,19.147161102294923,linear
,1,1x802x2824x215,100.0,285.0,88.0,212.63600000000008,0.14888319969177247,linear
,1,1x523x3969x69,100.0,285.0,88.0,212.63600000000008,0.08798719942569733,linear
,1,1x995x3500x24,100.0,285.0,88.0,212.63600000000008,0.04915200173854828,linear
,1,1x860x3966x324,100.0,285.0,88.0,212.63600000000008,0.26603519916534424,linear
,1,1x953x3207x391,100.0,285.0,88.0,212.63600000000008,0.29470720887184143,linear
,1,1x748x2799x275,100.0,285.0,88.0,212.63600000000008,0.1608959972858429,linear
,1,1x1017x2509x664,100.0,285.0,88.0,212.63600000000008,0.34280319809913634,linear
,1,1x591x3057x1023,100.0,285.0,88.0,212.63600000000008,0.3509696006774902,linear
,1,1x984x4014x977,20.0,1005.0,84.0,186.34099999999998,0.7565311789512634,linear
,1,1x585x3611x1214,20.0,1005.0,84.0,186.34099999999998,0.49920000433921813,linear
,1,1x670x2542x1636,20.0,1005.0,84.0,186.34099999999998,0.495551997423172,linear
,1,1x787x3781x1209,20.0,1005.0,84.0,186.34099999999998,0.7153664231300354,linear
,1,1x598x3239x3966,20.0,1005.0,84.0,186.34099999999998,1.375820779800415,linear
,1,1x559x2489x3789,20.0,1005.0,84.0,186.34099999999998,0.8939136028289795,linear
,1,1x915x2234x2390,37.92,1005.0,84.48,173.35347999999988,0.8457216024398804,linear
,1,1x621x3825x4243,52.0,1005.0,85.0,166.0479999999999,1.7258496284484863,linear
,1,1x822x2407x5121,52.0,1005.0,85.0,166.0479999999999,1.7049599885940552,linear
,1,1x708x2401x6562,52.0,1005.0,85.0,166.0479999999999,2.357235240936279,linear
,1,1x973x3042x11491,56.76,1005.0,85.0,169.4276,5.723744010925293,linear
,1,1x922x4040x16186,59.0,1005.0,85.0,171.018,9.733856201171875,linear
,1,1x972x3835x8533,99.0,1005.0,91.0,209.46699999999998,5.445631980895996,linear
,1,1x912x3756x28189,98.48,1005.0,91.0,222.5101600000001,15.575654411315918,linear
,1,1x938x4071x26335,98.56,1005.0,88.0,228.30076000000008,15.848851013183594,linear
,1,1x953x2515x23813,99.0,880.2,89.56,223.7971999999999,9.610259246826171,linear
,1,1x981x2503x39708,99.0,285.0,87.0,219.68664000000004,15.825305557250976,linear
,1,1x670x3538x54697,99.28,954.6,90.16,223.84647999999999,21.170285415649413,linear
,1,1x785x3574x59967,99.44,627.0,88.6,226.13652000000002,27.671430587768555,linear
,1,1x966x5289x6,99.0,1005.0,93.0,235.70300000000015,0.06963200122117996,linear
,1,1x815x7531x206,99.0,1005.0,93.0,235.70300000000015,0.3198975920677185,linear
,1,1x715x6567x44,99.0,1005.0,93.0,235.70300000000015,0.0837375983595848,linear
,1,1x777x6074x412,99.0,1005.0,93.0,235.70300000000015,0.5267072081565857,linear
,1,1x977x6873x377,99.0,1005.0,93.0,235.70300000000015,0.5001215934753418,linear
,1,1x613x5297x474,99.0,1005.0,93.0,235.70300000000015,0.36126720905303955,linear
,1,1x917x6257x1023,99.0,1005.0,93.0,235.70300000000015,1.0219776153564453,linear
,1,1x979x7974x546,99.0,1005.0,93.0,235.70300000000015,1.0318975925445557,linear
,1,1x825x7164x823,38.0,1005.0,86.0,200.5869999999999,1.095641589164734,linear
,1,1x515x5099x1739,38.0,1005.0,86.0,200.5869999999999,0.9492480158805847,linear
,1,1x973x7775x1330,38.0,1005.0,86.0,200.5869999999999,1.8595391750335692,linear
,1,1x538x6627x1278,38.0,1005.0,86.0,200.5869999999999,0.8978111982345581,linear
,1,1x967x4790x3361,38.84,1005.0,86.0,196.95795999999999,2.743910312652588,linear
,1,1x606x5036x2455,45.0,1005.0,86.0,170.3449999999999,1.3365056276321412,linear
,1,1x698x4319x2288,45.0,1005.0,86.0,170.3449999999999,1.1511359453201293,linear
,1,1x758x6034x8135,45.0,1005.0,86.0,170.3449999999999,6.105209827423096,linear
,1,1x532x6301x4928,90.76,1005.0,86.88,182.99764,2.8282880783081055,linear
,1,1x946x7797x4439,97.0,1005.0,87.0,184.72299999999998,5.220908832550049,linear
,1,1x801x4469x10837,94.84,1005.0,87.48,190.87587999999997,6.305382347106933,linear
,1,1x976x6333x12222,88.0,1005.0,89.0,210.36,12.269510650634766,linear
,1,1x936x8102x14628,99.0,556.8,89.68,225.18855999999997,18.132160186767578,linear
,1,1x986x7131x22708,99.32,664.2,88.52,215.44683999999998,25.4009090423584,linear
,1,1x884x4398x25584,86.2,882.0,87.8,220.195,15.505190658569337,linear
,1,1x644x4629x20560,99.0,458.4,87.96,222.28115999999991,10.435359954833984,linear
,1,1x929x6341x40745,97.12,565.2,88.84,219.224,37.961727905273435,linear
,1,1x712x6838x38130,98.36,525.0,88.48,221.44000000000003,30.580940628051756,linear
,1,1x1004x7635x34343,97.48,695.4,89.04,215.87144000000012,41.12803268432617,linear
,1,1x1220x229x64,100.0,360.0,88.0,207.707,0.020479999482631683,linear
,1,1x1159x53x29,100.0,360.0,88.0,207.707,0.013804799877107143,linear
,1,1x1232x174x14,100.0,360.0,88.0,207.707,0.016870399937033653,linear
,1,1x2010x228x352,100.0,360.0,88.0,207.707,0.062463998794555664,linear
,1,1x1657x176x406,100.0,360.0,88.0,207.707,0.05033599883317948,linear
,1,1x1724x97x500,96.24,411.6,87.6,207.17995999999997,0.04046719968318939,linear
,1,1x1032x115x748,6.0,1005.0,83.0,201.11899999999997,0.04198399931192398,linear
,1,1x1176x184x543,6.0,1005.0,83.0,201.11899999999997,0.049644801020622256,linear
,1,1x1473x135x691,6.0,1005.0,83.0,201.11899999999997,0.04929920136928558,linear
,1,1x1718x108x1649,6.0,1005.0,83.0,201.11899999999997,0.09572480171918869,linear
,1,1x1799x192x1676,6.0,1005.0,83.0,201.11899999999997,0.15339520573616028,linear
,1,1x1453x42x1988,6.0,1005.0,83.0,201.11899999999997,0.06754560023546219,linear
,1,1x1574x206x2198,6.0,1005.0,83.0,201.11899999999997,0.1689344048500061,linear
,1,1x1546x44x2599,6.0,1005.0,83.0,201.11899999999997,0.09089920073747634,linear
,1,1x1862x189x4086,6.0,1005.0,81.0,152.1680000000001,0.3041279911994934,linear
,1,1x1185x142x5962,6.0,1005.0,81.0,152.1680000000001,0.22892159819602967,linear
,1,1x1415x71x6236,6.0,1005.0,81.0,152.1680000000001,0.18999040126800537,linear
,1,1x1454x243x6011,6.0,1005.0,81.0,152.1680000000001,0.428409606218338,linear
,1,1x1792x72x10295,6.0,1005.0,81.0,152.1680000000001,0.353273606300354,linear
,1,1x1090x72x10711,6.0,1005.0,81.0,152.1680000000001,0.24058240056037902,linear
,1,1x1648x48x11001,6.0,1005.0,81.0,152.1680000000001,0.34053120017051697,linear
,1,1x1621x36x31283,15.6,1005.0,81.0,149.17328000000006,0.8985407948493958,linear
,1,1x1165x200x23150,26.0,1005.0,81.0,145.92900000000006,1.0390912294387817,linear
,1,1x1317x229x18481,26.0,1005.0,81.0,145.92900000000006,1.069043231010437,linear
,1,1x1825x90x59969,26.0,1005.0,81.0,145.92900000000006,2.431999921798706,linear
,1,1x1622x35x47007,26.0,1005.0,81.0,145.92900000000006,1.3694144248962403,linear
,1,1x1116x237x34519,51.0,1005.0,86.0,174.90099999999995,1.7278464317321778,linear
,1,1x1694x494x249,51.0,1005.0,86.0,174.90099999999995,0.06963200122117996,linear
,1,1x1387x407x64,51.0,1005.0,86.0,174.90099999999995,0.028672000393271446,linear
,1,1x1930x281x53,51.0,1005.0,86.0,174.90099999999995,0.025599999353289604,linear
,1,1x1212x265x472,51.0,1005.0,86.0,174.90099999999995,0.05119999870657921,linear
,1,1x1694x422x354,51.0,1005.0,86.0,174.90099999999995,0.0716480016708374,linear
,1,1x1672x263x456,51.0,1005.0,86.0,174.90099999999995,0.07064320147037506,linear
,1,1x1233x344x770,51.0,1005.0,86.0,174.90099999999995,0.09113600105047226,linear
,1,1x1808x376x526,51.0,1005.0,86.0,174.90099999999995,0.09830400347709656,linear
,1,1x1632x360x668,9.0,1005.0,82.0,179.14899999999997,0.09625600278377533,linear
,1,1x1073x374x1703,9.0,1005.0,82.0,179.14899999999997,0.14928000271320344,linear
,1,1x2031x292x1419,9.0,1005.0,82.0,179.14899999999997,0.19065600335597993,linear
,1,1x1361x358x1526,9.0,1005.0,82.0,179.14899999999997,0.17153920233249664,linear
,1,1x1798x342x3977,9.0,1005.0,82.0,179.14899999999997,0.48391040563583376,linear
,1,1x1551x451x3948,9.0,1005.0,82.0,179.14899999999997,0.52019202709198,linear
,1,1x1033x263x3581,9.0,1005.0,82.0,179.14899999999997,0.20515839457511903,linear
,1,1x1813x340x5688,9.0,1005.0,82.0,179.14899999999997,0.6420223951339722,linear
,1,1x1765x271x5308,18.0,1005.0,82.0,158.94500000000005,0.4935488045215607,linear
,1,1x1411x473x5455,18.0,1005.0,82.0,158.94500000000005,0.698304009437561,linear
,1,1x1840x414x8298,18.0,1005.0,82.0,158.94500000000005,1.0884799480438232,linear
,1,1x1406x325x11437,18.0,1005.0,82.0,158.94500000000005,0.9532927870750427,linear
,1,1x1927x312x10914,18.0,1005.0,82.0,158.94500000000005,1.190835189819336,linear
,1,1x1231x261x18385,18.0,1005.0,82.0,158.94500000000005,1.1261951923370361,linear
,1,1x1714x446x27626,42.0,1005.0,85.0,161.21900000000002,3.7713921070098877,linear
,1,1x1309x270x20412,42.0,1005.0,85.0,161.21900000000002,1.31779203414917,linear
,1,1x1691x484x48075,51.24,1005.0,85.84,168.51384000000002,6.647532749176025,linear
,1,1x1286x511x38476,75.0,1005.0,88.0,187.27199999999996,4.37652473449707,linear
,1,1x1915x271x43270,75.0,1005.0,88.0,187.27199999999996,3.990323305130005,linear
,1,1x1157x864x194,75.0,1005.0,88.0,187.27199999999996,0.0749056026339531,linear
,1,1x1262x889x66,97.0,1005.0,88.0,224.347,0.04504320025444031,linear
,1,1x1243x917x5,97.0,1005.0,88.0,224.347,0.026623999699950218,linear
,1,1x1657x639x397,97.0,1005.0,88.0,224.347,0.1185664027929306,linear
,1,1x2023x914x410,97.0,1005.0,88.0,224.347,0.18385279774665833,linear
,1,1x1424x916x306,97.0,1005.0,88.0,224.347,0.13062400221824647,linear
,1,1x1471x713x522,97.0,1005.0,88.0,224.347,0.14131200313568115,linear
,1,1x1265x859x957,97.0,1005.0,88.0,224.347,0.20965760052204133,linear
,1,1x1974x904x794,97.0,1005.0,88.0,224.347,0.32051199674606323,linear
,1,1x1218x698x1811,31.4,1005.0,82.68,196.29500000000007,0.33278719782829286,linear
,1,1x1155x640x1449,15.0,1005.0,81.0,189.28200000000007,0.23937920331954957,linear
,1,1x1550x548x1198,15.0,1005.0,81.0,189.28200000000007,0.24923519790172577,linear
,1,1x2029x833x3491,15.0,1005.0,81.0,189.28200000000007,1.04038405418396,linear
,1,1x1593x644x3777,15.0,1005.0,81.0,189.28200000000007,0.7628480195999146,linear
,1,1x1169x788x2838,15.0,1005.0,81.0,189.28200000000007,0.5146175861358643,linear
,1,1x1250x929x4637,15.0,1005.0,81.0,189.28200000000007,1.0014079809188843,linear
,1,1x1800x620x5108,33.48,1005.0,81.84,152.48664000000005,1.0636607885360718,linear
,1,1x1395x866x7395,37.0,1005.0,82.0,145.47800000000004,1.5859520196914674,linear
,1,1x1881x981x11192,37.0,1005.0,82.0,145.47800000000004,3.5492096900939942,linear
,1,1x1209x594x9449,37.0,1005.0,82.0,145.47800000000004,1.2357631921768188,linear
,1,1x1280x928x8420,37.8,1005.0,82.32,146.43048000000005,1.6578495979309082,linear
,1,1x1298x874x18053,42.0,1005.0,84.0,151.431,3.4721791744232178,linear
,1,1x1626x784x23366,42.0,1005.0,84.0,151.431,4.910022354125976,linear
,1,1x1636x875x19896,51.88,1005.0,86.08,173.93347999999997,4.66431999206543,linear
,1,1x1866x639x64712,62.48,1005.0,88.08,198.04516,12.792217826843261,linear
,1,1x1247x962x61562,98.8,747.0,88.8,241.41459999999984,11.99921932220459,linear
,1,1x1833x944x54475,85.56,850.2,88.52,230.03415999999993,15.000953674316406,linear
,1,1x1821x1294x57,100.0,420.0,89.0,219.409,0.062463998794555664,linear
,1,1x1914x2008x149,100.0,420.0,89.0,219.409,0.15767039358615875,linear
,1,1x1903x1431x243,100.0,420.0,89.0,219.409,0.16145919859409333,linear
,1,1x1898x1061x359,100.0,420.0,89.0,219.409,0.17648639976978303,linear
,1,1x1130x1648x313,100.0,420.0,89.0,219.409,0.14131200313568115,linear
,1,1x1683x1459x403,100.0,420.0,89.0,219.409,0.24473600089550018,linear
,1,1x1052x1291x852,100.0,420.0,89.0,219.409,0.24881280064582825,linear
,1,1x1415x1420x969,100.0,420.0,89.0,219.409,0.3714688003063202,linear
,1,1x1736x1774x972,17.0,1005.0,84.0,202.1390000000001,0.5924479961395264,linear
,1,1x1414x1839x2038,17.0,1005.0,84.0,202.1390000000001,0.8939456105232239,linear
,1,1x1043x1957x1555,17.0,1005.0,84.0,202.1390000000001,0.5967680096626282,linear
,1,1x1593x1297x1578,17.0,1005.0,84.0,202.1390000000001,0.5785599946975708,linear
,1,1x1628x1689x2283,17.0,1005.0,84.0,202.1390000000001,1.0885119438171387,linear
,1,1x1476x1689x3149,17.0,1005.0,84.0,202.1390000000001,1.3547519445419312,linear
,1,1x1965x1403x2770,25.12,1005.0,84.28,192.02512000000007,1.2836416006088256,linear
,1,1x1172x1898x6106,46.0,1005.0,85.0,166.018,2.3334975719451903,linear
,1,1x1295x1533x4781,46.0,1005.0,85.0,166.018,1.6574143886566162,linear
,1,1x1654x1704x8020,46.0,1005.0,85.0,166.018,3.649484729766846,linear
,1,1x1027x1484x8586,58.8,1005.0,85.4,173.06120000000007,2.2791104316711426,linear
,1,1x1484x1233x12810,78.0,1005.0,86.0,183.6260000000001,3.9063039302825926,linear
,1,1x1895x1332x13133,78.0,1005.0,86.0,183.6260000000001,5.302246379852295,linear
,1,1x1327x1824x31022,93.0,1005.0,87.0,208.94400000000007,11.837580680847168,linear
,1,1x1678x2037x30273,79.6,702.6,90.16,233.45891999999992,17.620345687866212,linear
,1,1x1888x1474x19244,84.28,954.6,87.16,208.64800000000005,8.55920639038086,linear
,1,1x1310x1628x62941,92.36,767.4,88.56,225.32407999999998,21.443788528442383,linear
,1,1x1786x1135x39716,48.4,952.2,87.08,222.6036399999999,12.768832206726074,linear
,1,1x1331x1398x63555,77.16,627.0,89.44,231.03499999999988,18.872294235229493,linear
,1,1x1380x2705x6,99.0,450.0,88.0,217.649,0.04608000069856644,linear
,1,1x1458x3689x29,99.0,450.0,88.0,217.649,0.06647039949893951,linear
,1,1x1893x2846x139,99.0,450.0,88.0,217.649,0.22117120027542114,linear
,1,1x1047x3315x353,99.0,450.0,88.0,217.649,0.30146560072898865,linear
,1,1x1042x3509x401,99.0,450.0,88.0,217.649,0.39132159948349,linear
,1,1x1073x3614x501,99.0,450.0,88.0,217.649,0.4065279960632324,linear
,1,1x1724x3881x647,99.0,450.0,88.0,217.649,0.8363711953163147,linear
,1,1x1055x2633x829,99.0,450.0,88.0,217.649,0.46611199975013734,linear
,1,1x1207x2340x696,31.8,982.8,85.24,202.90628,0.3905088007450104,linear
,1,1x1862x2577x1927,29.0,1005.0,85.0,202.292,1.6359423875808716,linear
,1,1x1240x3239x1794,29.0,1005.0,85.0,202.292,1.2564032077789307,linear
,1,1x1200x2787x1246,29.0,1005.0,85.0,202.292,0.7239680290222168,linear
,1,1x1595x3910x2205,29.0,1005.0,85.0,202.292,2.267340898513794,linear
,1,1x1135x2915x2142,38.4,1005.0,85.0,196.12539999999993,1.187827181816101,linear
,1,1x1884x2925x3111,76.0,1005.0,85.0,171.45899999999995,3.024467134475708,linear
,1,1x1354x3838x7002,76.0,1005.0,85.0,171.45899999999995,5.857868766784668,linear
,1,1x1673x2514x7426,68.2,1005.0,86.2,178.46339999999992,5.109305572509766,linear
,1,1x1467x3474x5815,63.0,1005.0,87.0,183.13299999999992,4.944595241546631,linear
,1,1x1745x3491x15170,80.28,1005.0,88.44,205.2982,14.728979110717773,linear
,1,1x1605x2455x9628,99.0,450.0,91.0,241.991,6.2463360786437985,linear
,1,1x1481x3911x14436,69.76,810.6,89.4,227.4838400000001,13.433158493041992,linear
,1,1x1573x3132x26457,99.2,429.0,87.8,206.06020000000015,20.42691841125488,linear
,1,1x1905x3039x29209,78.64,716.4,88.92,218.07548000000006,25.859590148925783,linear
,1,1x1228x2566x20263,99.0,1005.0,89.0,227.933,10.368793869018555,linear
,1,1x1186x3615x34426,98.8,636.0,89.2,227.7873999999999,23.151781845092774,linear
,1,1x1588x2388x42191,100.0,1005.0,89.16,216.03199999999987,24.76398048400879,linear
,1,1x2037x3529x46398,99.16,848.4,87.4,218.50547999999998,51.59701156616211,linear
,1,1x1948x5416x93,100.0,315.0,88.0,220.99399999999994,0.25661439895629884,linear
,1,1x1419x4339x12,100.0,591.0,88.0,220.99399999999994,0.07165440171957016,linear
,1,1x1585x8042x103,62.0,1005.0,86.0,226.71399999999997,0.3089792013168335,linear
,1,1x1829x4939x416,62.0,1005.0,86.0,226.71399999999997,0.8412800073623657,linear
,1,1x1747x7160x289,62.0,1005.0,86.0,226.71399999999997,0.6971392035484314,linear
,1,1x1904x5620x440,62.0,1005.0,86.0,226.71399999999997,0.9541311979293823,linear
,1,1x1462x7909x842,62.0,1005.0,86.0,226.71399999999997,2.156339168548584,linear
,1,1x1680x5720x714,53.36,1005.0,86.0,189.94599999999988,1.2016831874847411,linear
,1,1x1509x4271x804,53.0,1005.0,86.0,188.41399999999987,0.9994239807128906,linear
,1,1x1219x7497x1641,53.0,1005.0,86.0,188.41399999999987,2.572044849395752,linear
,1,1x1273x7160x1235,53.0,1005.0,86.0,188.41399999999987,1.8765759944915772,linear
,1,1x1780x4137x1132,53.0,1005.0,86.0,188.41399999999987,1.4264320135116577,linear
,1,1x1968x5079x2566,53.0,1005.0,86.0,178.748,4.218636894226075,linear
,1,1x1213x6258x3262,53.0,1005.0,86.0,178.748,4.032921600341797,linear
,1,1x1813x5636x4046,53.8,1005.0,87.2,185.8728,6.552550411224365,linear
,1,1x1951x5760x7375,56.76,1005.0,89.16,198.34096000000002,12.90136947631836,linear
,1,1x1058x7872x5629,99.0,607.2,89.88,234.20283999999992,8.83995532989502,linear
,1,1x1837x7626x6830,97.2,699.0,88.8,212.25280000000004,15.034572792053222,linear
,1,1x1386x6357x16280,99.8,760.2,89.16,217.94816,22.33277473449707,linear
,1,1x1231x6353x11903,99.0,614.4,88.96,216.25083999999993,14.895065689086914,linear
,1,1x1614x4122x9737,99.0,513.6,88.0,223.09355999999985,10.357350540161132,linear
,1,1x1051x7984x30407,99.6,730.8,88.84,222.59068,40.62611846923828,linear
,1,1x1992x4993x17865,97.4,662.4,88.32,216.92264000000003,27.999397659301756,linear
,1,1x1552x8082x24692,99.28,465.6,88.12,214.48911999999996,50.09465560913086,linear
,1,1x1476x5257x56178,98.6,750.0,88.4,220.69748000000007,69.79825897216797,linear
,1,1x1383x6270x55630,99.88,747.0,88.64,229.18068000000002,76.04298248291016,linear
,1,1x1615x4999x33315,99.8,826.8,88.36,227.69376000000014,42.33251800537109,linear
,1,1x3908x21x112,100.0,420.0,88.0,229.08600000000015,0.018432000651955605,linear
,1,1x3483x146x80,100.0,420.0,88.0,229.08600000000015,0.03276799991726875,linear
,1,1x3631x217x205,100.0,420.0,88.0,229.08600000000015,0.06304639875888825,linear
,1,1x2866x155x413,100.0,420.0,88.0,229.08600000000015,0.059148801118135454,linear
,1,1x3499x219x495,100.0,420.0,88.0,229.08600000000015,0.09948799759149551,linear
,1,1x3250x28x458,100.0,420.0,88.0,229.08600000000015,0.035840000957250595,linear
,1,1x3239x247x852,100.0,420.0,88.0,229.08600000000015,0.16486400365829468,linear
,1,1x4035x103x630,100.0,420.0,88.0,229.08600000000015,0.07881599813699722,linear
,1,1x2276x63x820,8.0,1005.0,83.0,206.33299999999997,0.05632000043988228,linear
,1,1x3034x88x1435,8.0,1005.0,83.0,206.33299999999997,0.11704960167407989,linear
,1,1x3756x218x1328,8.0,1005.0,83.0,206.33299999999997,0.23423359990119935,linear
,1,1x3965x235x1592,8.0,1005.0,83.0,206.33299999999997,0.3041279911994934,linear
,1,1x2622x143x3289,8.0,1005.0,83.0,206.33299999999997,0.26890239119529724,linear
,1,1x2233x16x2700,8.0,1005.0,83.0,206.33299999999997,0.0970624029636383,linear
,1,1x2312x32x3074,8.0,1005.0,83.0,206.33299999999997,0.12685440182685853,linear
,1,1x2867x101x6165,9.0,1005.0,81.0,151.85399999999993,0.43040639758110044,linear
,1,1x2185x72x4139,9.0,1005.0,81.0,151.85399999999993,0.1904512017965317,linear
,1,1x2324x225x7599,9.0,1005.0,81.0,151.85399999999993,0.7943167924880982,linear
,1,1x2966x149x12311,9.0,1005.0,81.0,151.85399999999993,1.12248957157135,linear
,1,1x3978x135x8684,9.0,1005.0,81.0,151.85399999999993,0.9807872176170349,linear
,1,1x4070x38x8772,9.0,1005.0,81.0,151.85399999999993,0.6379520297050476,linear
,1,1x3483x221x32034,48.0,1005.0,83.0,158.20499999999996,4.580531120300293,linear
,1,1x2561x221x30371,48.0,1005.0,83.0,158.20499999999996,3.2333824634552,linear
,1,1x2425x6x23827,48.0,1005.0,83.0,158.20499999999996,0.8459519863128662,linear
,1,1x3335x180x48775,43.0,1005.0,85.0,191.87700000000004,6.432934284210205,linear
,1,1x3865x155x56816,44.92,1005.0,85.0,192.73556000000005,6.839910411834717,linear
,1,1x2610x119x52753,91.0,1005.0,89.0,213.341,3.5075327873229982,linear
,1,1x3156x399x197,91.0,1005.0,89.0,213.341,0.0870399996638298,linear
,1,1x2891x451x95,91.0,1005.0,89.0,213.341,0.04906880110502243,linear
,1,1x3800x286x56,91.0,1005.0,89.0,213.341,0.035840000957250595,linear
,1,1x3172x300x384,91.0,1005.0,89.0,213.341,0.08781439960002899,linear
,1,1x3132x348x484,91.0,1005.0,89.0,213.341,0.13818879425525665,linear
,1,1x3181x417x289,7.0,1005.0,84.0,216.37799999999996,0.12042240351438523,linear
,1,1x2517x276x701,7.0,1005.0,84.0,216.37799999999996,0.13619839549064636,linear
,1,1x2496x296x967,7.0,1005.0,84.0,216.37799999999996,0.1820607990026474,linear
,1,1x3386x441x856,7.0,1005.0,84.0,216.37799999999996,0.2856703996658325,linear
,1,1x2915x417x1729,7.0,1005.0,84.0,216.37799999999996,0.4271935999393463,linear
,1,1x3855x419x1576,7.0,1005.0,84.0,216.37799999999996,0.5187584161758423,linear
,1,1x3728x442x1188,7.0,1005.0,84.0,216.37799999999996,0.4173760056495667,linear
,1,1x3115x403x3448,8.04,1005.0,83.88,215.06491999999997,0.8738815784454346,linear
,1,1x2543x471x3127,33.0,1005.0,81.0,183.551,0.7460800170898437,linear
,1,1x2571x462x3037,33.0,1005.0,81.0,183.551,0.7106559872627258,linear
,1,1x3233x501x5199,33.0,1005.0,81.0,183.551,1.5234880208969117,linear
,1,1x3000x409x8138,33.0,1005.0,81.0,183.551,1.8393088340759278,linear
,1,1x3188x417x4911,33.0,1005.0,81.0,183.551,1.2230656147003174,linear
,1,1x2483x375x12758,60.0,1005.0,83.0,142.21700000000007,2.184191942214966,linear
,1,1x3203x475x15481,60.0,1005.0,83.0,142.21700000000007,4.017094326019287,linear
,1,1x2526x438x9488,60.0,1005.0,83.0,142.21700000000007,1.8151423931121826,linear
,1,1x3349x354x17552,61.52,1005.0,85.28,166.07643999999993,3.657439947128296,linear
,1,1x3206x324x22891,62.0,1005.0,86.0,173.6109999999999,4.190355205535889,linear
,1,1x3010x435x32252,69.2,1005.0,87.2,188.1418,7.204576015472412,linear
,1,1x2509x404x60267,80.0,1005.0,89.0,209.93800000000007,10.455039978027344,linear
,1,1x4030x507x59770,99.0,852.0,90.88,243.98399999999998,20.08264274597168,linear
,1,1x3859x474x58896,60.28,974.4,85.84,208.49988000000002,18.0737663269043,linear
,1,1x2893x625x169,99.0,1005.0,94.0,222.25600000000006,0.19032320082187654,linear
,1,1x2692x918x118,99.0,1005.0,94.0,222.25600000000006,0.11161600053310394,linear
,1,1x3678x1009x22,99.0,1005.0,94.0,222.25600000000006,0.06143999844789505,linear
,1,1x3154x599x296,99.0,1005.0,94.0,222.25600000000006,0.16465920209884644,linear
,1,1x3286x793x491,99.0,1005.0,94.0,222.25600000000006,0.31825920939445496,linear
,1,1x3213x763x452,99.0,1005.0,94.0,222.25600000000006,0.2805695950984955,linear
,1,1x4001x624x831,99.0,1005.0,94.0,222.25600000000006,0.4425599992275238,linear
,1,1x3001x573x1018,21.0,915.0,84.0,211.19899999999996,0.3856383979320526,linear
,1,1x4096x833x754,21.0,915.0,84.0,211.19899999999996,0.536575973033905,linear
,1,1x2729x715x1921,21.0,915.0,84.0,211.19899999999996,0.8056447863578796,linear
,1,1x3832x814x1580,21.0,915.0,84.0,211.19899999999996,1.0004479885101318,linear
,1,1x2603x681x1995,21.0,915.0,84.0,211.19899999999996,0.7157760262489319,linear
,1,1x3927x851x2436,21.0,915.0,84.0,211.19899999999996,1.640831971168518,linear
,1,1x3301x889x3700,32.0,915.0,84.0,160.366,2.032435178756714,linear
,1,1x3401x796x3988,32.0,915.0,84.0,160.366,1.9343359470367432,linear
,1,1x2367x566x5219,32.0,915.0,84.0,160.366,1.2793471813201904,linear
,1,1x3325x837x4737,32.0,915.0,84.0,160.366,2.3266368389129637,linear
,1,1x2152x887x7915,42.0,1005.0,86.0,152.40799999999993,2.539520025253296,linear
,1,1x2071x830x13574,42.0,1005.0,86.0,152.40799999999993,3.8926336765289307,linear
,1,1x2283x544x15906,42.0,1005.0,86.0,152.40799999999993,3.2624640464782715,linear
,1,1x3767x635x9111,81.56,1005.0,86.92,181.50299999999996,3.6028223991394044,linear
,1,1x3700x939x18399,85.0,1005.0,87.0,184.03299999999996,10.131820678710938,linear
,1,1x2062x831x25355,99.0,1005.0,90.0,221.19899999999996,7.1539839744567875,linear
,1,1x3349x533x21933,91.72,1005.0,89.72,228.02428,6.645350456237793,linear
,1,1x3224x695x51051,84.44,915.0,90.8,246.53931999999998,18.835456085205077,linear
,1,1x2427x1014x56044,99.12,705.0,88.64,213.1438,21.787807846069335,linear
,1,1x3450x788x38716,94.24,808.2,87.96,222.50231999999994,16.791347122192384,linear
,1,1x3573x1798x18,100.0,420.0,89.0,219.86999999999992,0.07262720167636871,linear
,1,1x3303x1358x240,100.0,420.0,89.0,219.86999999999992,0.24166400730609894,linear
,1,1x3692x1639x21,100.0,420.0,89.0,219.86999999999992,0.06753280013799667,linear
,1,1x2581x1707x284,100.0,420.0,89.0,219.86999999999992,0.2969599962234497,linear
,1,1x3283x1654x298,100.0,420.0,89.0,219.86999999999992,0.36586880683898926,linear
,1,1x2458x1989x458,100.0,420.0,89.0,219.86999999999992,0.43704319596290586,linear
,1,1x3208x1894x916,23.0,1005.0,84.2,209.58100000000005,1.018617582321167,linear
,1,1x2365x1496x654,23.0,1005.0,84.0,209.58100000000005,0.5007359981536865,linear
,1,1x3216x1662x909,23.0,1005.0,84.0,209.58100000000005,0.8978303909301758,linear
,1,1x3705x1050x1354,23.0,1005.0,84.0,209.58100000000005,0.9236479997634888,linear
,1,1x2523x1947x1788,23.0,1005.0,84.0,209.58100000000005,1.4315520524978638,linear
,1,1x2858x1956x1915,23.0,1005.0,84.0,209.58100000000005,1.7661439895629882,linear
,1,1x3431x1631x2145,46.0,1005.0,85.0,169.56599999999992,1.9896320104599,linear
,1,1x2198x1836x3067,46.0,1005.0,85.0,169.56599999999992,2.036672019958496,linear
,1,1x2215x1181x3386,46.0,1005.0,85.0,169.56599999999992,1.5247296333312987,linear
,1,1x3101x1187x7647,46.48,1005.0,85.24,171.78599999999992,4.6163839340209964,linear
,1,1x3182x1118x7362,50.0,1005.0,87.0,188.06599999999992,4.250214576721191,linear
,1,1x3352x1223x5910,50.0,1005.0,87.0,188.06599999999992,3.9841472625732424,linear
,1,1x3453x1722x13430,60.12,1005.0,87.0,215.25843999999995,12.418841743469239,linear
,1,1x4041x1732x9554,63.6,878.4,88.48,231.3473600000001,10.897785758972168,linear
,1,1x3750x1072x12844,100.0,300.0,86.0,233.53499999999994,8.197932815551757,linear
,1,1x2780x1350x29528,84.6,856.8,87.56,218.59128,17.318265533447267,linear
,1,1x4075x1975x25765,95.64,597.0,87.72,218.53388000000004,31.865836715698244,linear
,1,1x3762x1865x22574,99.76,430.8,87.92,222.6355600000001,24.689229202270507,linear
,1,1x2142x1822x45419,96.4,744.0,87.72,218.26748000000006,27.628908920288087,linear
,1,1x2896x1969x62862,98.48,694.2,88.52,228.1371200000001,55.77359313964844,linear
,1,1x2181x1857x63584,99.84,708.6,88.68,220.39712,41.247737884521484,linear
,1,1x3537x3685x226,100.0,285.0,87.0,215.646,0.6127488136291503,linear
,1,1x4025x2909x136,100.0,285.0,87.0,215.646,0.40300160050392153,linear
,1,1x3105x3176x19,100.0,285.0,87.0,215.646,0.12244479805231094,linear
,1,1x3850x3256x336,18.0,1005.0,85.0,190.64800000000005,0.8875968217849731,linear
,1,1x3540x3711x501,18.0,1005.0,85.0,190.64800000000005,1.2269440174102784,linear
,1,1x2107x2314x432,18.0,1005.0,85.0,190.64800000000005,0.4478976011276245,linear
,1,1x2984x2878x885,18.0,1005.0,85.0,190.64800000000005,1.3109119653701782,linear
,1,1x2797x3052x746,18.0,1005.0,85.0,190.64800000000005,1.0809344053268433,linear
,1,1x2981x3048x1001,29.52,1005.0,84.64,181.93384000000003,1.6133952140808105,linear
,1,1x2458x2929x2022,50.0,1005.0,84.0,166.442,2.7772671222686767,linear
,1,1x2772x3395x2014,50.0,1005.0,84.0,166.442,3.1929984092712402,linear
,1,1x3356x3976x2040,49.88,1005.0,84.08,166.4664,4.3089344024658205,linear
,1,1x2922x3307x3299,47.0,1005.0,86.0,167.05200000000005,5.06982421875,linear
,1,1x2692x3382x3989,47.0,1005.0,86.0,167.05200000000005,5.9379456520080565,linear
,1,1x3891x3310x3791,98.0,1005.0,89.0,205.87399999999988,7.670937538146973,linear
,1,1x2903x3097x6511,96.08,1005.0,89.32,219.97511999999983,9.26429443359375,linear
,1,1x3044x2706x6763,92.96,899.4,90.0,248.54336,8.90174732208252,linear
,1,1x3179x3562x7686,99.64,582.6,90.0,237.10808000000014,13.709049797058105,linear
,1,1x3844x3053x13564,98.8,637.8,88.16,213.89483999999996,24.777024459838866,linear
,1,1x2981x3936x14127,99.68,778.2,88.88,217.28004,25.8054141998291,linear
,1,1x2295x3578x8458,100.0,400.2,88.0,208.2700000000001,10.878521347045899,linear
,1,1x3967x2830x18779,99.4,604.2,87.96,229.00896000000003,33.13500213623047,linear
,1,1x3693x3252x16593,99.2,648.6,88.76,226.93375999999992,30.27205123901367,linear
,1,1x3501x2674x22573,99.72,619.8,88.96,230.21472000000006,33.143751525878905,linear
,1,1x2991x2904x45987,99.92,522.6,88.84,214.85119999999995,62.66284255981445,linear
,1,1x2153x3867x46438,97.88,862.8,88.04,221.50144,60.13359375,linear
,1,1x2716x2907x40656,98.4,633.0,88.6,219.38000000000002,50.34028778076172,linear
,1,1x2115x4156x195,100.0,330.0,87.0,218.29100000000008,0.43926400542259214,linear
,1,1x3979x4226x141,88.48,438.0,87.16,216.06636000000003,0.5979391932487488,linear
,1,1x2908x6497x191,28.0,1005.0,88.0,204.387,0.7467008233070374,linear
,1,1x2884x6604x463,28.0,1005.0,88.0,204.387,1.5675392150878906,linear
,1,1x3593x5487x337,28.0,1005.0,88.0,204.387,1.3998080492019653,linear
,1,1x2599x4102x416,28.0,1005.0,88.0,204.387,0.8222527980804444,linear
,1,1x2580x5265x743,28.0,1005.0,88.0,204.387,1.7278592348098756,linear
,1,1x3141x5175x848,60.0,1005.0,85.0,193.96999999999997,2.425024080276489,linear
,1,1x2712x7347x843,60.0,1005.0,85.0,193.96999999999997,2.8509312152862547,linear
,1,1x3193x6860x1715,60.0,1005.0,85.0,193.96999999999997,6.280396747589111,linear
,1,1x2566x4871x1490,95.0,1005.0,87.0,183.35100000000003,3.0461824417114256,linear
,1,1x2847x5257x1479,95.0,1005.0,87.0,183.35100000000003,3.7635838985443115,linear
,1,1x2975x5342x3785,96.68,1005.0,87.0,195.48172,9.692569351196289,linear
,1,1x2050x4710x3078,98.0,1005.0,87.0,205.01299999999995,4.984806251525879,linear
,1,1x3765x7300x2841,86.8,1005.0,87.0,221.41780000000014,12.597190475463867,linear
,1,1x3177x6779x4185,94.8,774.6,89.0,233.78907999999996,14.733894348144531,linear
,1,1x3163x4432x7222,99.0,745.8,87.6,212.90871999999996,15.67786865234375,linear
,1,1x4074x7639x7551,98.92,414.0,87.56,217.42499999999995,36.07834243774414,linear
,1,1x4037x6085x16302,97.88,622.2,88.04,223.12668000000005,62.19470062255859,linear
,1,1x3026x7051x15104,99.68,701.4,87.8,227.23663999999997,49.451148986816406,linear
,1,1x3396x4906x12981,99.68,688.2,88.48,225.13063999999997,33.86839141845703,linear
,1,1x3925x6252x21647,99.4,606.0,88.04,226.98732,83.2055679321289,linear
,1,1x2463x4837x29690,99.76,460.8,88.48,220.27355999999997,54.90540771484375,linear
,1,1x2739x6741x16906,98.08,660.6,88.88,220.49868000000006,48.73477020263672,linear
,1,1x2646x6883x55955,100.0,604.2,87.84,224.05528000000007,161.29986572265625,linear
,1,1x3170x4312x65176,98.32,606.6,87.6,226.21859999999998,139.2877166748047,linear
,1,1x3846x7492x45367,100.0,630.0,88.12,224.94768000000005,212.30121154785155,linear
,1,1x7022x40x69,100.0,375.0,91.0,222.09799999999998,0.023545600473880768,linear
,1,1x4532x236x225,100.0,375.0,91.0,222.09799999999998,0.07168000191450119,linear
,1,1x4632x142x130,100.0,375.0,91.0,222.09799999999998,0.045772799849510194,linear
,1,1x5278x162x260,100.0,375.0,91.0,222.09799999999998,0.08191999793052673,linear
,1,1x8151x62x426,100.0,375.0,91.0,222.09799999999998,0.09333760142326356,linear
,1,1x7006x91x477,100.0,375.0,91.0,222.09799999999998,0.1001407966017723,linear
,1,1x4867x132x533,100.0,375.0,91.0,222.09799999999998,0.10956799983978271,linear
,1,1x7167x36x689,100.0,375.0,91.0,222.09799999999998,0.10095359683036804,linear
,1,1x7743x16x552,11.0,1005.0,83.0,202.21999999999997,0.07166720181703568,linear
,1,1x7821x200x1942,11.0,1005.0,83.0,202.21999999999997,0.6008255958557129,linear
,1,1x4577x246x1227,11.0,1005.0,83.0,202.21999999999997,0.2826240062713623,linear
,1,1x7661x194x1193,11.0,1005.0,83.0,202.21999999999997,0.3843584001064301,linear
,1,1x5637x46x3306,11.0,1005.0,83.0,202.21999999999997,0.311679995059967,linear
,1,1x7134x23x2927,11.0,1005.0,83.0,202.21999999999997,0.3214464008808136,linear
,1,1x5784x60x3238,11.0,1005.0,83.0,202.21999999999997,0.34914560317993165,linear
,1,1x6212x217x6634,17.72,1005.0,82.04,155.57935999999998,1.7158015727996827,linear
,1,1x7336x22x7776,18.0,1005.0,82.0,153.636,0.8452095985412598,linear
,1,1x7359x146x6443,18.0,1005.0,82.0,153.636,1.4397119998931884,linear
,1,1x8019x56x10018,18.0,1005.0,82.0,153.636,2.2224639892578124,linear
,1,1x4433x97x11640,29.52,1005.0,82.72,158.18243999999996,1.5196032047271728,linear
,1,1x7210x79x12973,50.0,1005.0,84.0,166.26499999999993,2.6290175914764404,linear
,1,1x5271x163x18243,50.0,1005.0,84.0,166.26499999999993,3.113088083267212,linear
,1,1x7219x2x18299,51.76,1005.0,84.16,169.27251999999993,1.8664960145950318,linear
,1,1x8115x129x27694,61.0,1005.0,85.0,185.06199999999993,6.167743968963623,linear
,1,1x7112x11x61063,76.0,1005.0,86.0,201.59700000000004,6.423942375183105,linear
,1,1x7519x236x62411,90.48,916.2,86.4,220.2151600000001,20.103372955322264,linear
,1,1x5691x187x63136,94.2,916.2,88.2,239.07339999999994,12.82744312286377,linear
,1,1x5730x368x173,93.0,1005.0,87.0,238.0829999999999,0.4028287947177887,linear
,1,1x5717x334x211,41.0,240.0,89.0,218.42900000000006,0.43353599309921265,linear
,1,1x4529x426x47,41.0,240.0,89.0,218.42900000000006,0.17910399734973909,linear
,1,1x5532x405x412,41.0,240.0,89.0,218.42900000000006,0.40714240074157715,linear
,1,1x5298x484x306,41.0,240.0,89.0,218.42900000000006,0.36426239609718325,linear
,1,1x4259x508x433,41.0,240.0,89.0,218.42900000000006,0.3819519877433777,linear
,1,1x6491x299x876,41.0,240.0,89.0,218.42900000000006,0.6502143979072571,linear
,1,1x4523x379x826,41.0,240.0,89.0,218.42900000000006,0.5674304127693176,linear
,1,1x4254x411x902,37.4,369.6,88.04,211.39855999999997,0.6666240096092224,linear
,1,1x5181x434x1560,26.0,510.0,83.0,198.9,1.2748672485351562,linear
,1,1x6087x295x1387,26.0,510.0,83.0,198.9,0.9113600134849549,linear
,1,1x6807x311x1274,26.0,510.0,83.0,198.9,0.9412543892860412,linear
,1,1x4747x455x3361,26.0,510.0,83.0,198.9,2.201395273208618,linear
,1,1x5537x358x3127,51.6,666.0,81.48,154.27439999999996,1.6240639686584473,linear
,1,1x6435x368x3796,58.0,705.0,81.0,143.11799999999997,2.255244827270508,linear
,1,1x4591x477x4751,58.0,705.0,81.0,143.11799999999997,1.9027967691421508,linear
,1,1x8190x410x8103,61.2,729.0,81.24,144.23519999999996,4.925420665740967,linear
,1,1x7901x488x5347,98.0,1005.0,84.0,157.08300000000006,3.4285568714141847,linear
,1,1x5512x334x11206,98.0,1005.0,84.0,157.08300000000006,3.6032512187957764,linear
,1,1x5393x412x12742,46.0,1005.0,85.6,183.1526,5.0425409317016605,linear
,1,1x6745x501x12933,33.0,1005.0,86.0,189.67000000000004,7.304972743988037,linear
,1,1x5095x323x25622,39.0,1005.0,89.0,224.085,7.531654357910156,linear
,1,1x6769x376x26626,76.76,1005.0,87.72,230.93811999999994,11.39506549835205,linear
,1,1x4255x417x19517,98.0,1005.0,87.0,234.79299999999995,5.934854412078858,linear
,1,1x5269x443x36637,99.0,548.4,89.24,230.04548000000003,14.401535987854004,linear
,1,1x5735x353x40657,94.44,737.4,87.84,222.7846000000001,14.547993659973145,linear
,1,1x6522x269x34657,97.44,751.2,87.36,220.25552000000013,10.75336971282959,linear
,1,1x7832x795x102,96.0,1005.0,87.0,213.8270000000001,0.15395840406417846,linear
,1,1x6679x897x14,96.0,1005.0,87.0,213.8270000000001,0.0761088028550148,linear
,1,1x4620x582x72,96.0,1005.0,87.0,213.8270000000001,0.08187519907951354,linear
,1,1x8131x923x288,96.0,1005.0,87.0,213.8270000000001,0.45463680028915404,linear
,1,1x4295x566x372,96.0,1005.0,87.0,213.8270000000001,0.1998528003692627,linear
,1,1x4254x809x509,20.0,1005.0,84.0,199.43400000000008,0.34601600766181945,linear
,1,1x7112x681x919,20.0,1005.0,84.0,199.43400000000008,0.8608768105506897,linear
,1,1x6776x779x915,20.0,1005.0,84.0,199.43400000000008,0.929964792728424,linear
,1,1x5781x717x818,20.0,1005.0,84.0,199.43400000000008,0.659603214263916,linear
,1,1x5579x854x1447,20.0,1005.0,84.0,199.43400000000008,1.2642303705215454,linear
,1,1x4099x544x1127,20.0,1005.0,84.0,199.43400000000008,0.49825920462608336,linear
,1,1x7563x894x1180,18.4,1005.0,83.2,184.6163999999999,1.49278724193573,linear
,1,1x4345x1000x2764,18.0,1005.0,83.0,180.91199999999992,2.060697555541992,linear
,1,1x4630x920x3594,18.0,1005.0,83.0,180.91199999999992,2.537651205062866,linear
,1,1x8022x720x3143,18.0,1005.0,83.0,180.91199999999992,3.023366355895996,linear
,1,1x7079x603x7105,84.0,1005.0,85.0,172.567,5.211744022369385,linear
,1,1x7926x868x6492,84.0,1005.0,85.0,172.567,7.1978496551513675,linear
,1,1x5442x556x6910,76.0,1005.0,89.0,208.26299999999995,3.478316831588745,linear
,1,1x6183x681x11908,76.0,1005.0,89.0,208.26299999999995,8.244594955444336,linear
,1,1x7813x672x11278,61.0,1005.0,91.0,241.73499999999996,9.633983993530274,linear
,1,1x4289x529x8702,61.0,1005.0,91.0,241.73499999999996,3.34334077835083,linear
,1,1x4183x820x27629,98.6,642.0,89.0,235.8464000000001,15.165485000610351,linear
,1,1x4351x774x31903,91.88,891.6,87.4,224.28688000000002,17.14031982421875,linear
,1,1x4851x597x24425,99.52,677.4,89.6,237.39775999999992,11.535942268371581,linear
,1,1x4874x523x41182,99.0,892.2,88.36,226.76519999999994,17.42373123168945,linear
,1,1x7797x813x43434,99.64,685.2,87.68,220.31123999999997,43.95642242431641,linear
,1,1x7269x693x57457,88.24,685.2,88.4,227.97652000000002,46.62373733520508,linear
,1,1x5178x1073x225,100.0,240.0,89.0,226.99700000000004,0.2467264026403427,linear
,1,1x4645x1158x45,100.0,240.0,89.0,226.99700000000004,0.09334400147199631,linear
,1,1x7751x1789x135,9.0,1005.0,86.0,216.4229999999999,0.5015552043914795,linear
,1,1x4188x1786x287,9.0,1005.0,86.0,216.4229999999999,0.49704959988594055,linear
,1,1x8015x2005x366,9.0,1005.0,86.0,216.4229999999999,1.0734847784042358,linear
,1,1x7484x1765x372,9.0,1005.0,86.0,216.4229999999999,0.8611840009689331,linear
,1,1x5937x1285x1003,9.0,1005.0,86.0,216.4229999999999,1.321984052658081,linear
,1,1x4424x1781x797,9.0,1005.0,86.0,216.4229999999999,1.1415551900863647,linear
,1,1x6858x1211x1014,49.0,1005.0,85.0,185.2359999999999,1.4581952095031738,linear
,1,1x6606x1417x1711,49.0,1005.0,85.0,185.2359999999999,2.758188772201538,linear
,1,1x5517x1265x1621,49.0,1005.0,85.0,185.2359999999999,1.9402495861053466,linear
,1,1x5295x1546x1172,49.0,1005.0,85.0,185.2359999999999,1.7508095741271972,linear
,1,1x5728x1569x2257,51.88,1005.0,85.0,179.24752,3.323628807067871,linear
,1,1x4543x1109x2336,52.0,1005.0,85.0,178.998,1.9824639558792114,linear
,1,1x6367x1607x3809,52.0,1005.0,85.0,178.998,6.285312175750732,linear
,1,1x5761x1060x5410,87.0,1005.0,88.0,199.78200000000007,5.3726400375366214,linear
,1,1x5902x1597x4976,87.0,1005.0,88.0,199.78200000000007,7.473152160644531,linear
,1,1x7722x1332x7246,84.0,1005.0,90.0,230.903,11.811430358886719,linear
,1,1x5780x1788x10560,51.4,484.8,93.04,243.13339999999985,17.46206741333008,linear
,1,1x5988x1802x15888,81.96,835.8,88.24,211.30808000000007,26.59589729309082,linear
,1,1x7745x1893x9658,93.84,732.6,88.16,229.7919200000001,22.083993911743164,linear
,1,1x4394x1806x28331,95.2,695.4,87.6,215.55,34.85654983520508,linear
,1,1x5257x1917x25511,99.44,748.8,88.64,225.08332000000001,41.00813446044922,linear
,1,1x7564x1368x24126,97.16,483.0,88.68,229.2388000000001,39.355986785888675,linear
,1,1x5627x1528x33342,82.4,780.6,88.28,226.09500000000008,44.17780532836914,linear
,1,1x6078x1777x51071,98.88,686.4,88.48,225.28116000000006,87.21289672851563,linear
,1,1x6449x1968x64878,97.28,676.2,88.48,227.75247999999996,130.90296630859376,linear
,1,1x4698x3554x153,78.88,930.0,89.0,218.53200000000007,0.6192448019981385,linear
,1,1x7664x2651x231,78.0,930.0,89.0,218.53200000000007,0.8544256091117859,linear
,1,1x7907x3570x105,78.0,930.0,89.0,218.53200000000007,0.7716544032096863,linear
,1,1x7263x3824x296,78.0,930.0,89.0,218.53200000000007,1.4820927858352662,linear
,1,1x4926x2646x395,78.0,930.0,89.0,218.53200000000007,1.0413503646850586,linear
,1,1x7111x2257x320,78.0,930.0,89.0,218.53200000000007,0.9529343843460083,linear
,1,1x5705x2430x906,43.0,1005.0,86.0,205.40200000000002,2.3003328800201417,linear
,1,1x5339x3797x774,43.0,1005.0,86.0,205.40200000000002,2.8817088127136232,linear
,1,1x5032x2376x983,43.0,1005.0,86.0,205.40200000000002,2.077478456497192,linear
,1,1x8056x3163x1697,54.4,1005.0,86.0,187.91800000000003,7.064326477050781,linear
,1,1x5352x2452x1768,62.0,1005.0,86.0,176.26200000000006,3.710739183425903,linear
,1,1x7665x3711x1910,74.96,1005.0,86.36,185.89164000000005,8.265459251403808,linear
,1,1x5850x3709x3810,98.12,1005.0,87.6,208.0384,12.932095527648926,linear
,1,1x4166x2663x3804,99.0,747.0,90.0,237.89760000000007,16.757113456726074,linear
,1,1x4813x2214x2725,99.0,360.0,87.0,227.3850000000001,4.740467166900634,linear
,1,1x6286x3242x4684,61.28,959.4,89.24,207.38831999999994,14.940127944946289,linear
,1,1x6871x2715x7969,99.72,556.2,88.24,227.28144000000003,23.159174728393555,linear
,1,1x5315x2684x4398,99.0,1005.0,86.0,216.79599999999994,9.897983932495118,linear
,1,1x6056x4021x15325,98.84,744.0,88.84,218.49720000000013,57.88556900024414,linear
,1,1x4497x2177x12324,99.76,891.6,88.2,214.55708,18.86679039001465,linear
,1,1x4157x2721x12298,99.48,622.2,88.92,215.22947999999988,21.532262802124023,linear
,1,1x7520x2206x16687,93.56,783.6,88.16,219.15204000000006,43.17039413452149,linear
,1,1x7297x2854x30637,100.0,621.6,88.64,223.83096000000006,101.37863159179688,linear
,1,1x7894x2994x26712,99.96,535.8,88.6,226.35828000000004,98.66545867919922,linear
,1,1x5913x3889x48430,99.96,568.2,89.32,218.81012,184.08179931640626,linear
,1,1x6452x2523x48159,99.68,694.8,88.32,224.14527999999999,124.65794067382812,linear
,1,1x5160x3106x43846,99.52,531.6,88.2,224.17244000000005,111.6436538696289,linear
,1,1x4721x5371x63,100.0,1005.0,88.0,225.83600000000013,0.4023423969745636,linear
,1,1x6376x4779x183,100.0,1005.0,88.0,225.83600000000013,1.0842048168182372,linear
,1,1x5410x5687x246,100.0,1005.0,88.0,225.83600000000013,1.4184767961502076,linear
,1,1x5954x8146x491,100.0,1005.0,88.0,225.83600000000013,3.9356415271759033,linear
,1,1x6871x7501x260,76.8,1005.0,86.4,205.73119999999994,3.005017566680908,linear
,1,1x6694x6112x416,71.0,1005.0,86.0,200.70499999999996,2.971238374710083,linear
,1,1x7472x4706x885,71.0,1005.0,86.0,200.70499999999996,4.917247867584228,linear
,1,1x4917x7066x629,75.4,1005.0,86.88,208.31524000000005,3.4641919136047363,linear
,1,1x4749x6531x817,76.0,1005.0,87.0,209.35300000000004,4.351782321929932,linear
,1,1x4129x4972x2001,77.76,1005.0,87.08,210.70852,6.549823951721192,linear
,1,1x4947x4234x1988,98.0,1005.0,89.0,226.2969999999999,6.87077112197876,linear
,1,1x5825x7279x1419,97.52,1005.0,89.0,230.7907599999999,10.251052856445312,linear
,1,1x4108x5035x3710,97.16,1005.0,89.16,236.66932,11.839673614501953,linear
,1,1x7330x5186x2942,99.0,450.6,87.12,227.3417599999999,17.450393295288087,linear
,1,1x5301x5106x3559,99.0,566.4,88.92,215.77739999999997,15.112192153930664,linear
,1,1x8110x8102x6340,99.8,565.8,89.32,223.56832000000009,66.69018859863282,linear
,1,1x7483x5001x6449,99.8,581.4,89.52,223.71020000000001,37.59713287353516,linear
,1,1x7778x5742x6354,87.52,639.0,88.56,219.55060000000006,43.79299774169922,linear
,1,1x5890x5282x9992,96.16,651.6,87.92,216.69240000000002,48.81387557983398,linear
,1,1x6162x6098x11190,98.72,676.8,89.12,218.29,66.54871215820313,linear
,1,1x6606x7577x12308,97.6,774.6,88.0,211.27360000000007,96.59973907470703,linear
,1,1x7020x7958x24287,100.0,728.4,88.44,212.80528,212.0685546875,linear
,1,1x7923x7475x18764,100.0,669.6,87.88,211.02364000000006,174.69820861816407,linear
,1,1x5082x6394x31125,99.68,628.2,87.64,224.28076,159.33851318359376,linear
,1,1x4149x8107x46948,99.68,655.2,88.96,217.35623999999999,251.99062805175782,linear
,1,1x4317x4895x34168,97.92,534.6,88.64,226.8264,112.2000503540039,linear
,1,1x7872x4598x62225,100.0,554.4,88.6,218.28040000000001,524.68466796875,linear
,1,1x194x8317x88,100.0,420.0,90.0,220.6149999999999,0.07166720181703568,linear
,1,1x223x11949x86,100.0,420.0,90.0,220.6149999999999,0.09318400174379349,linear
,1,1x110x8521x101,100.0,420.0,90.0,220.6149999999999,0.05480959936976433,linear
,1,1x70x9058x349,4.0,1005.0,84.0,210.68999999999994,0.09620480239391327,linear
,1,1x70x11114x279,4.0,1005.0,84.0,210.68999999999994,0.10035199671983719,linear
,1,1x236x10890x398,4.0,1005.0,84.0,210.68999999999994,0.26214399933815,linear
,1,1x98x16070x613,4.0,1005.0,84.0,210.68999999999994,0.2897855997085571,linear
,1,1x82x9586x664,4.0,1005.0,84.0,210.68999999999994,0.18227200210094452,linear
,1,1x223x15849x539,4.0,1005.0,84.0,210.68999999999994,0.4732479989528656,linear
,1,1x208x14381x1276,4.0,1005.0,84.0,210.68999999999994,0.839680016040802,linear
,1,1x22x8838x1987,4.0,1005.0,84.0,210.68999999999994,0.14268159866333008,linear
,1,1x138x8962x1275,41.0,1005.0,82.0,167.96799999999996,0.4409343898296356,linear
,1,1x97x9244x3686,41.0,1005.0,82.0,167.96799999999996,0.7810687899589539,linear
,1,1x11x12169x3768,41.0,1005.0,82.0,167.96799999999996,0.39294080138206483,linear
,1,1x200x10759x3501,41.0,1005.0,82.0,167.96799999999996,1.6143359899520875,linear
,1,1x44x15890x7187,41.0,1005.0,82.0,167.96799999999996,1.5945279836654662,linear
,1,1x170x10392x7911,55.28,1005.0,83.36,163.73568000000006,2.594764804840088,linear
,1,1x132x13355x5097,62.0,1005.0,84.0,161.74400000000006,2.413094425201416,linear
,1,1x47x22872x253,62.0,1005.0,84.0,161.74400000000006,0.12083200365304947,linear
,1,1x200x19508x237,62.0,1005.0,84.0,161.74400000000006,0.2949120104312897,linear
,1,1x66x16814x126,62.0,1005.0,84.0,161.74400000000006,0.07127040177583695,linear
,1,1x178x20773x286,62.0,1005.0,84.0,161.74400000000006,0.310643208026886,linear
,1,1x14x20949x465,62.0,1005.0,84.0,161.74400000000006,0.14845439791679382,linear
,1,1x40x19407x387,14.0,1005.0,81.0,170.23500000000007,0.1730048030614853,linear
,1,1x223x17904x611,14.0,1005.0,81.0,170.23500000000007,0.5806080102920532,linear
,1,1x14x29042x670,14.0,1005.0,81.0,170.23500000000007,0.21278719902038573,linear
,1,1x94x30679x624,14.0,1005.0,81.0,170.23500000000007,0.44746240973472595,linear
,1,1x230x22744x1726,14.0,1005.0,81.0,170.23500000000007,1.8081599712371825,linear
,1,1x190x31180x1061,14.0,1005.0,81.0,170.23500000000007,1.5602943897247314,linear
,1,1x193x26097x1959,52.0,1005.0,81.0,148.68899999999994,2.434457540512085,linear
,1,1x159x22756x2766,52.0,1005.0,81.0,148.68899999999994,2.397145652770996,linear
,1,1x80x29426x2531,52.0,1005.0,81.0,148.68899999999994,1.5078912258148194,linear
,1,1x71x16958x3215,52.0,1005.0,81.0,148.68899999999994,1.2050431966781616,linear
,1,1x223x25102x4862,50.0,1005.0,83.0,148.78299999999993,4.852505683898926,linear
,1,1x161x27422x5081,50.0,1005.0,83.0,148.78299999999993,5.509900951385498,linear
,1,1x115x16417x4150,55.92,1005.0,83.32,154.88539999999995,1.5201792001724244,linear
,1,1x14x35909x34,87.0,1005.0,85.0,186.9229999999999,0.04229120016098022,linear
,1,1x227x59713x74,87.0,1005.0,85.0,186.9229999999999,0.47487359642982485,linear
,1,1x30x62196x72,87.0,1005.0,85.0,186.9229999999999,0.07525760233402252,linear
,1,1x35x50040x268,87.0,1005.0,85.0,186.9229999999999,0.25128960609436035,linear
,1,1x88x46047x433,87.0,1005.0,85.0,186.9229999999999,0.4964351952075958,linear
,1,1x195x40149x369,87.0,1005.0,85.0,186.9229999999999,0.7216064095497131,linear
,1,1x39x52215x827,79.64,1005.0,84.64,186.72492,0.6501888036727905,linear
,1,1x146x36235x755,41.0,1005.0,82.0,185.685,1.0643392086029053,linear
,1,1x39x33687x678,41.0,1005.0,82.0,185.685,0.3716543972492218,linear
,1,1x219x47949x1522,41.0,1005.0,82.0,185.685,3.561209535598755,linear
,1,1x61x62494x2004,41.0,1005.0,82.0,185.685,1.9793408393859864,linear
,1,1x88x44594x1483,40.0,1005.0,82.0,172.27199999999996,1.4833215713500976,linear
,1,1x77x37544x2762,40.0,1005.0,82.0,172.27199999999996,2.329152059555054,linear
,1,1x65x35245x3404,40.0,1005.0,82.0,172.27199999999996,2.409875202178955,linear
,1,1x232x62776x2195,54.4,1005.0,82.72,171.88032000000004,7.359078407287598,linear
,1,1x232x50784x7213,80.28,1005.0,84.56,176.68516000000002,17.083360290527345,linear
,1,1x101x65137x4409,95.92,1005.0,86.28,188.22852000000003,7.650067138671875,linear
,1,1x170x62695x4410,88.0,1005.0,87.0,206.1450000000001,11.575270462036134,linear
,1,1x458x11406x72,99.0,1005.0,88.0,229.96799999999993,0.143340802192688,linear
,1,1x341x12464x41,99.0,1005.0,88.0,229.96799999999993,0.08806400001049042,linear
,1,1x432x14255x53,99.0,1005.0,88.0,229.96799999999993,0.11366400122642517,linear
,1,1x506x12900x390,99.0,1005.0,88.0,229.96799999999993,0.6776831865310669,linear
,1,1x427x12059x394,99.0,1005.0,88.0,229.96799999999993,0.4626432001590729,linear
,1,1x424x11507x311,99.0,1005.0,88.0,229.96799999999993,0.38296959400177,linear
,1,1x265x12547x666,99.0,1005.0,88.0,229.96799999999993,0.5888000130653381,linear
,1,1x501x8303x791,99.0,1005.0,88.0,229.96799999999993,0.6694015860557556,linear
,1,1x469x15562x965,35.0,1005.0,83.0,206.63199999999995,1.5235072374343872,linear
,1,1x404x11105x1288,35.0,1005.0,83.0,206.63199999999995,1.1909120082855225,linear
,1,1x447x11954x1500,35.0,1005.0,83.0,206.63199999999995,1.4899136066436767,linear
,1,1x274x11536x1896,35.0,1005.0,83.0,206.63199999999995,1.219379186630249,linear
,1,1x486x15419x3247,40.4,1005.0,83.36,197.16076000000004,4.03822078704834,linear
,1,1x311x10383x2828,50.0,1005.0,84.0,180.32299999999998,1.567903995513916,linear
,1,1x469x12492x4054,50.0,1005.0,84.0,180.32299999999998,4.012684774398804,linear
,1,1x436x16058x7900,52.72,1005.0,85.36,183.04244,10.150041580200195,linear
,1,1x489x14458x6072,54.0,1005.0,86.0,184.09999999999997,7.2840895652771,linear
,1,1x483x11752x5621,98.0,1005.0,88.0,212.12399999999988,5.227724838256836,linear
,1,1x412x24127x74,98.0,1005.0,88.0,212.12399999999988,0.3031040012836456,linear
,1,1x494x32542x113,98.0,1005.0,88.0,212.12399999999988,0.4826815962791443,linear
,1,1x481x16473x96,98.0,1005.0,88.0,212.12399999999988,0.20049919486045836,linear
,1,1x424x20916x381,98.0,1005.0,88.0,212.12399999999988,1.1695488214492797,linear
,1,1x392x32406x495,14.0,1005.0,84.0,219.06400000000005,1.4550976037979126,linear
,1,1x399x26284x377,14.0,1005.0,84.0,219.06400000000005,0.9365503787994385,linear
,1,1x342x27796x537,14.0,1005.0,84.0,219.06400000000005,1.0608191728591918,linear
,1,1x364x32764x608,14.0,1005.0,84.0,219.06400000000005,1.8984960317611694,linear
,1,1x495x20960x567,14.0,1005.0,84.0,219.06400000000005,1.3461503982543945,linear
,1,1x485x20841x1727,61.0,1005.0,83.0,189.37899999999993,3.0382080078125,linear
,1,1x348x31305x1642,61.0,1005.0,83.0,189.37899999999993,3.546873617172241,linear
,1,1x424x20796x1332,61.0,1005.0,83.0,189.37899999999993,2.424211263656616,linear
,1,1x322x32656x2118,67.16,1005.0,84.76,175.81731999999994,5.225260829925537,linear
,1,1x414x20655x2917,68.0,1005.0,85.0,173.96799999999996,4.868460750579834,linear
,1,1x502x23948x4075,58.4,1005.0,85.6,185.77239999999995,7.758214378356934,linear
,1,1x321x25605x4973,52.0,1005.0,86.0,193.64199999999994,7.599072074890136,linear
,1,1x442x29673x8163,95.64,1005.0,87.32,229.91012000000003,20.63399658203125,linear
,1,1x383x24618x8025,98.96,1005.0,89.0,245.94348000000005,11.745657539367675,linear
,1,1x363x34515x212,98.0,1005.0,89.0,251.09100000000007,0.6241663932800293,linear
,1,1x444x62113x55,98.0,1005.0,89.0,251.09100000000007,0.4280320107936859,linear
,1,1x383x36300x237,98.0,1005.0,89.0,251.09100000000007,0.6592512130737305,linear
,1,1x315x45650x269,98.0,1005.0,89.0,251.09100000000007,1.1239423751831055,linear
,1,1x318x33127x427,98.0,1005.0,89.0,251.09100000000007,1.1730495929718017,linear
,1,1x289x48533x327,7.0,1005.0,84.0,211.03000000000003,1.409171199798584,linear
,1,1x291x40402x564,7.0,1005.0,84.0,211.03000000000003,1.6098047733306884,linear
,1,1x418x49106x580,7.0,1005.0,84.0,211.03000000000003,2.9063039779663087,linear
,1,1x494x61540x636,7.0,1005.0,84.0,211.03000000000003,4.118310356140137,linear
,1,1x505x64219x1570,70.0,1005.0,86.0,179.16399999999987,11.773747062683105,linear
,1,1x392x43591x1907,66.64,1005.0,85.16,182.05191999999997,7.317017650604248,linear
,1,1x271x49775x1219,66.0,1005.0,85.0,182.60199999999998,3.8774783611297607,linear
,1,1x461x49810x3294,61.6,1005.0,85.88,205.78471999999994,16.63219795227051,linear
,1,1x270x49775x2240,72.0,1005.0,86.0,229.11499999999987,6.760448169708252,linear
,1,1x300x43112x4095,82.4,1005.0,86.8,226.22259999999994,11.538431930541993,linear
,1,1x317x49719x4821,98.48,1005.0,87.56,218.97904000000005,15.910502243041993,linear
,1,1x450x55971x4973,93.56,1005.0,87.0,225.96016,27.66723175048828,linear
,1,1x270x50178x7808,99.0,1005.0,87.56,228.01547999999988,23.48026237487793,linear
,1,1x761x14855x141,99.0,1005.0,88.0,226.9409999999999,0.4185855984687805,linear
,1,1x1004x10672x228,99.0,1005.0,88.0,226.9409999999999,0.5130239725112915,linear
,1,1x722x14867x56,38.0,1005.0,86.0,234.771,0.15450880229473113,linear
,1,1x923x13639x268,38.0,1005.0,86.0,234.771,0.7880320072174072,linear
,1,1x710x12930x397,38.0,1005.0,86.0,234.771,0.9134015798568725,linear
,1,1x985x10576x306,38.0,1005.0,86.0,234.771,0.6205440163612366,linear
,1,1x945x12272x918,38.0,1005.0,86.0,234.771,1.9748608112335204,linear
,1,1x651x11151x572,38.0,1005.0,86.0,234.771,0.8974335789680481,linear
,1,1x745x14662x725,63.0,1005.0,85.0,216.05500000000004,1.5558656454086304,linear
,1,1x520x8998x1075,63.0,1005.0,85.0,216.05500000000004,0.9707520008087158,linear
,1,1x1022x14917x1127,63.0,1005.0,85.0,216.05500000000004,3.0414656162261964,linear
,1,1x542x15575x1656,63.0,1005.0,85.0,216.05500000000004,2.6623551845550537,linear
,1,1x701x15053x3427,51.0,1005.0,85.0,171.45899999999995,6.130035305023194,linear
,1,1x634x11058x2672,51.0,1005.0,85.0,171.45899999999995,2.9127552032470705,linear
,1,1x541x9891x2372,51.0,1005.0,85.0,171.45899999999995,2.3252992630004883,linear
,1,1x918x16076x8148,64.44,1005.0,86.84,192.25024000000002,20.36735954284668,linear
,1,1x681x15156x4720,99.0,978.6,89.08,213.15347999999992,8.295769691467285,linear
,1,1x908x8980x7875,99.0,477.0,90.4,232.4945999999999,10.612531280517578,linear
,1,1x787x17929x17,99.0,1005.0,88.0,218.3249999999999,0.1536000043153763,linear
,1,1x711x21436x230,99.0,1005.0,88.0,218.3249999999999,0.8314240097999572,linear
,1,1x544x22664x195,99.0,1005.0,88.0,218.3249999999999,0.7442432045936584,linear
,1,1x712x17472x454,99.0,1005.0,88.0,218.3249999999999,1.3815744161605834,linear
,1,1x918x30820x499,87.96,1005.0,87.2,211.91552,2.845292806625366,linear
,1,1x567x23274x442,53.0,1005.0,84.0,195.43400000000008,1.4083071947097778,linear
,1,1x908x30330x671,53.0,1005.0,84.0,195.43400000000008,4.155801677703858,linear
,1,1x751x17578x604,53.0,1005.0,84.0,195.43400000000008,1.5472319841384887,linear
,1,1x667x20078x1024,51.4,1005.0,84.8,196.042,2.9044735431671143,linear
,1,1x528x22450x1496,49.0,1005.0,86.0,196.954,3.7890048027038574,linear
,1,1x908x20372x1047,49.0,1005.0,86.0,196.954,4.1107135772705075,linear
,1,1x600x17937x2013,57.36,1005.0,86.0,194.94452,3.6400640487670897,linear
,1,1x530x31361x3704,68.0,1005.0,86.0,192.387,12.97587833404541,linear
,1,1x956x29162x3777,99.0,1005.0,88.28,224.7856399999999,19.960832595825195,linear
,1,1x970x26999x2460,99.0,1005.0,89.0,245.87191999999988,11.668479919433594,linear
,1,1x899x29664x5402,99.0,1005.0,89.0,254.39299999999986,28.408838272094727,linear
,1,1x952x22303x7070,99.0,984.6,89.44,264.63568,24.85389404296875,linear
,1,1x978x22505x7211,99.0,739.8,88.76,226.47367999999994,25.504121780395508,linear
,1,1x984x64662x234,99.0,1005.0,89.0,222.1109999999999,3.4291711330413817,linear
,1,1x925x41797x224,99.0,1005.0,89.0,222.1109999999999,2.173075294494629,linear
,1,1x648x39665x178,99.0,1005.0,89.0,222.1109999999999,1.165766429901123,linear
,1,1x513x33952x282,91.48,1005.0,89.0,220.5859999999999,1.3330432176589966,linear
,1,1x994x44409x340,52.0,1005.0,87.0,214.4859999999999,3.681459140777588,linear
,1,1x652x60273x294,52.0,1005.0,87.0,214.4859999999999,2.8085823535919188,linear
,1,1x695x63166x624,52.72,1005.0,87.0,211.29747999999992,6.05546236038208,linear
,1,1x557x34920x986,54.0,1005.0,87.0,205.62899999999993,4.410367965698242,linear
,1,1x657x63461x936,65.52,1005.0,87.32,203.90964,8.656281661987304,linear
,1,1x720x53141x1194,90.0,1005.0,88.0,200.25600000000003,9.718547058105468,linear
,1,1x992x52218x1461,99.0,1005.0,87.0,224.55199999999994,15.488819313049316,linear
,1,1x952x62116x1421,63.8,1005.0,87.0,224.84876,18.602124786376955,linear
,1,1x561x54451x3417,99.0,1005.0,87.88,225.87263999999993,21.833062362670898,linear
,1,1x919x43219x2892,92.6,1005.0,87.4,233.64599999999984,23.383839797973632,linear
,1,1x615x38230x2459,99.0,1005.0,88.0,235.59299999999993,12.70845432281494,linear
,1,1x537x59384x7135,88.4,974.4,88.72,235.16591999999997,46.60690612792969,linear
,1,1x573x33462x5390,99.44,668.4,88.88,235.94888,21.955174255371094,linear
,1,1x545x61477x6411,83.16,1005.0,88.32,241.7893599999999,46.48927383422851,linear
,1,1x1159x8981x5,99.0,1005.0,91.0,257.5559999999998,0.0942080020904541,linear
,1,1x1464x15212x24,99.0,1005.0,89.0,234.17100000000002,0.23835520148277284,linear
,1,1x1722x10593x24,99.0,1005.0,89.0,234.17100000000002,0.22748159766197204,linear
,1,1x1175x14531x481,99.0,1005.0,89.0,234.17100000000002,1.5070144176483153,linear
,1,1x1792x11879x267,99.0,1005.0,89.0,234.17100000000002,1.2339200258255005,linear
,1,1x1047x9387x509,99.0,1005.0,89.0,234.17100000000002,0.8992447972297668,linear
,1,1x1150x11253x666,66.0,1005.0,86.0,204.12599999999992,2.043270444869995,linear
,1,1x1525x8285x936,44.0,1005.0,84.0,184.09599999999998,2.155519962310791,linear
,1,1x1601x13673x980,44.0,1005.0,84.0,184.09599999999998,3.575174427032471,linear
,1,1x1517x15059x1391,46.52,1005.0,84.56,181.55836000000002,5.077702426910401,linear
,1,1x1027x15482x1259,53.0,1005.0,86.0,175.03299999999996,3.5911423206329345,linear
,1,1x1747x10232x2026,53.0,1005.0,86.0,175.03299999999996,5.93612813949585,linear
,1,1x1974x15900x2734,99.0,1005.0,88.0,204.87399999999988,14.160441589355468,linear
,1,1x1378x12716x3407,47.16,1005.0,88.0,233.25544000000005,9.572742462158203,linear
,1,1x1286x11939x2603,48.48,1005.0,88.0,235.18368000000007,6.918553733825684,linear
,1,1x1888x14089x5704,85.12,922.2,88.64,239.49616000000006,23.538483810424804,linear
,1,1x1923x16352x7039,99.6,609.0,88.84,217.42319999999992,35.643801879882815,linear
,1,1x1544x14678x5711,99.64,601.8,89.0,222.30212000000014,21.160140991210938,linear
,1,1x1170x17135x83,92.0,1005.0,89.0,225.87200000000004,0.5515263915061951,linear
,1,1x1532x25425x35,92.0,1005.0,89.0,225.87200000000004,0.5606783866882324,linear
,1,1x1856x28462x214,92.0,1005.0,89.0,225.87200000000004,2.9409279823303223,linear
,1,1x1645x25787x387,92.0,1005.0,89.0,225.87200000000004,3.5200640678405763,linear
,1,1x1644x28736x342,55.0,1005.0,88.0,208.44599999999994,3.05930233001709,linear
,1,1x1468x29850x327,55.0,1005.0,88.0,208.44599999999994,3.7545536041259764,linear
,1,1x1198x28845x782,56.72,1005.0,87.96,208.57047999999995,6.224448013305664,linear
,1,1x1485x24430x779,98.0,1005.0,87.0,211.558,6.360473537445069,linear
,1,1x1981x29177x788,98.36,1005.0,87.36,217.15491999999992,9.978182411193847,linear
,1,1x1579x29263x1816,99.0,1005.0,88.28,233.29328,16.076979446411134,linear
,1,1x1041x27265x1652,99.0,1005.0,89.0,249.20600000000005,8.56592617034912,linear
,1,1x1256x24233x1052,56.68,1005.0,88.08,251.56579999999994,5.75856647491455,linear
,1,1x1567x22788x3064,74.6,1005.0,88.48,249.2164399999999,17.889075088500977,linear
,1,1x1487x19801x2123,98.56,593.4,90.68,241.17492,10.015129470825196,linear
,1,1x1676x21510x2905,98.28,799.2,89.12,231.51723999999987,17.434386825561525,linear
,1,1x1360x17214x7463,85.56,789.0,88.96,216.4471200000001,27.76576042175293,linear
,1,1x1424x31721x4124,97.44,1005.0,86.96,220.59668000000002,35.442431640625,linear
,1,1x1099x17214x5342,60.0,1005.0,88.0,238.00399999999993,16.362873077392578,linear
,1,1x1641x47626x64,70.0,1005.0,91.0,246.46,1.169817566871643,linear
,1,1x1340x58378x91,70.0,1005.0,91.0,246.46,2.2457855224609373,linear
,1,1x1333x61781x117,70.0,1005.0,91.0,246.46,2.5269695281982423,linear
,1,1x1899x38477x436,79.88,1005.0,88.92,234.45164000000008,6.964979267120361,linear
,1,1x1434x57746x276,89.0,1005.0,87.0,223.3670000000001,5.606982326507568,linear
,1,1x1915x49948x389,89.72,1005.0,87.0,215.80267999999992,9.144319915771485,linear
,1,1x1355x33875x621,90.0,1005.0,87.0,212.8609999999999,6.235705471038818,linear
,1,1x1716x46601x893,59.0,1005.0,88.0,227.87299999999988,14.973587036132812,linear
,1,1x1239x48256x519,50.2,1005.0,87.12,232.68923999999984,7.334502410888672,linear
,1,1x1846x36526x1612,81.0,1005.0,87.0,232.56840000000003,21.748659133911133,linear
,1,1x1539x37534x1381,90.72,1005.0,86.08,225.27240000000006,16.559693145751954,linear
,1,1x1212x57408x1458,67.92,1005.0,86.16,233.20692,21.273177719116212,linear
,1,1x1915x43143x2110,99.24,1005.0,87.0,224.19152000000005,38.3350341796875,linear
,1,1x1972x62516x3711,99.84,847.2,88.68,231.78088,92.60597076416016,linear
,1,1x1921x58288x2164,99.64,760.8,88.6,229.72979999999998,51.508154296875,linear
,1,1x1698x53004x5640,99.4,1005.0,86.8,230.3727199999999,106.49185333251953,linear
,1,1x1739x64638x7194,99.92,1005.0,87.36,235.62904000000003,166.69463500976562,linear
,1,1x1652x53031x7662,99.96,1005.0,86.92,228.65980000000002,141.3587188720703,linear
,1,1x2187x12402x170,100.0,1005.0,87.0,230.27499999999992,1.0618559837341308,linear
,1,1x3796x11248x238,39.0,1005.0,85.0,223.85199999999995,1.7582016229629516,linear
,1,1x2081x11129x189,39.0,1005.0,85.0,223.85199999999995,0.9738240242004395,linear
,1,1x3236x13688x458,39.0,1005.0,85.0,223.85199999999995,3.7428991317749025,linear
,1,1x2347x13195x319,39.0,1005.0,85.0,223.85199999999995,2.0291327476501464,linear
,1,1x2750x10586x371,47.28,1005.0,85.92,200.78024000000002,1.8102271556854248,linear
,1,1x2081x15492x645,48.0,1005.0,86.0,198.774,3.9579648971557617,linear
,1,1x3566x13709x996,54.0,1005.0,86.12,198.27179999999996,7.912652778625488,linear
,1,1x2656x11853x568,98.0,1005.0,87.0,194.58899999999997,3.236441659927368,linear
,1,1x2828x13612x1715,98.0,1005.0,87.16,198.91107999999997,11.010592079162597,linear
,1,1x3673x14548x1478,98.0,1005.0,88.0,221.60199999999995,12.580172729492187,linear
,1,1x2186x12267x1424,85.0,1005.0,90.0,243.54100000000008,6.7412864685058596,linear
,1,1x3751x14685x2163,95.08,1005.0,88.56,243.01684000000006,18.654591751098632,linear
,1,1x3956x12510x2820,79.92,931.2,89.72,227.25671999999994,22.172256469726562,linear
,1,1x3778x14596x3434,99.68,556.8,88.6,217.96975999999992,29.407436752319335,linear
,1,1x2599x13602x7384,86.88,904.2,89.16,222.27599999999995,41.14530639648437,linear
,1,1x2326x10205x7601,95.6,685.8,88.44,221.81632000000002,28.609503936767577,linear
,1,1x3187x14258x5822,99.72,663.6,89.04,230.09328000000002,40.94908828735352,linear
,1,1x2240x20548x152,66.4,957.0,88.8,217.01459999999994,1.7678079843521117,linear
,1,1x3848x29937x133,60.0,1005.0,88.0,216.17699999999994,4.764806270599365,linear
,1,1x3522x23836x226,60.0,1005.0,88.0,216.17699999999994,3.6394816398620606,linear
,1,1x3203x24731x332,61.0,1005.0,87.0,197.009,5.028800010681152,linear
,1,1x2537x31389x278,61.0,1005.0,87.0,197.009,4.995839977264405,linear
,1,1x3492x19778x385,67.4,1005.0,86.36,203.68612000000002,5.676415920257568,linear
,1,1x3072x23604x978,71.0,1005.0,86.0,207.442,11.658220672607422,linear
,1,1x3116x28918x709,99.0,1005.0,89.0,228.5500000000001,14.441228675842286,linear
,1,1x2097x25263x988,84.0,1005.0,90.0,245.66100000000003,8.783423805236817,linear
,1,1x2793x29402x1899,93.32,1005.0,88.8,240.21431999999996,29.334265518188477,linear
,1,1x2704x28138x1339,99.0,1005.0,88.0,232.45479999999992,18.750777435302734,linear
,1,1x3219x20219x1171,98.32,1005.0,88.0,240.33172000000005,13.380812835693359,linear
,1,1x2680x29774x2754,95.56,1005.0,87.52,244.32004000000003,39.37432327270508,linear
,1,1x2887x19890x2962,75.6,936.6,88.84,237.95159999999998,27.464671325683593,linear
,1,1x3573x26086x2510,99.68,723.0,89.64,232.27112,40.20299530029297,linear
,1,1x2288x29146x6630,98.52,1005.0,87.76,240.30232,77.37630157470703,linear
,1,1x3637x29548x6405,97.92,864.0,89.4,258.85084,133.62704162597657,linear
,1,1x2782x18845x5680,94.56,625.8,90.0,232.56379999999993,46.280538177490236,linear
,1,1x2507x38670x242,99.0,1005.0,91.0,232.73999999999987,5.0698240280151365,linear
,1,1x3778x59627x11,99.0,1005.0,91.0,232.73999999999987,2.0645375728607176,linear
,1,1x2064x53856x24,70.0,1005.0,86.0,211.62600000000012,0.9396224021911621,linear
,1,1x3896x58859x478,86.24,1005.0,87.68,209.95775999999998,24.011942291259764,linear
,1,1x2390x54803x315,58.0,1005.0,93.0,228.17699999999994,8.560224151611328,linear
,1,1x2684x43048x359,64.4,1005.0,89.0,232.4538000000001,8.952601623535156,linear
,1,1x4024x65078x907,94.64,1005.0,87.6,227.06772000000004,50.22590713500976,linear
,1,1x3870x59622x632,99.16,1005.0,89.4,245.02367999999996,30.013235092163086,linear
,1,1x3592x56928x921,99.48,1005.0,88.0,225.15848000000014,38.94947738647461,linear
,1,1x2964x50649x1916,97.36,1005.0,87.68,233.25952,56.416761779785155,linear
,1,1x2306x61465x1836,89.52,787.2,89.36,236.19640000000007,54.06945953369141,linear
,1,1x2841x52578x1255,97.4,900.6,88.88,232.16760000000002,38.738111877441405,linear
,1,1x3135x51775x3343,98.6,1005.0,88.0,239.9854799999999,111.01141052246093,linear
,1,1x2209x58767x3688,99.84,1005.0,87.8,238.62599999999998,97.71867980957032,linear
,1,1x3400x64387x3298,99.04,708.6,89.24,228.84464000000003,149.25304565429687,linear
,1,1x2242x32810x5840,99.0,1005.0,87.8,237.65383999999986,80.59170684814453,linear
,1,1x3118x45324x7687,99.92,1005.0,88.0,248.41276000000002,212.85150756835938,linear
,1,1x2511x46141x7600,100.0,1005.0,87.8,240.75843999999998,170.7241668701172,linear
,1,1x6343x13811x217,97.44,1005.0,87.76,242.21483999999998,3.4320383071899414,linear
,1,1x8010x10436x162,68.0,1005.0,85.0,237.107,2.929446315765381,linear
,1,1x6215x16367x158,68.0,1005.0,85.0,237.107,4.047827243804932,linear
,1,1x5942x13313x260,57.2,1005.0,86.2,229.90579999999989,4.735769557952881,linear
,1,1x7327x10285x351,50.0,1005.0,87.0,225.1049999999999,4.653670406341552,linear
,1,1x6726x13456x423,61.52,1005.0,87.0,224.05356000000003,7.052044773101807,linear
,1,1x7113x9569x972,98.0,1005.0,87.0,220.72400000000007,10.583449554443359,linear
,1,1x6302x15919x748,58.0,1005.0,89.0,232.17000000000004,11.74405117034912,linear
,1,1x7860x11460x779,68.92,1005.0,87.32,238.59683999999993,12.4639102935791,linear
,1,1x4778x9317x1436,85.04,1005.0,87.52,241.6940399999999,10.555174636840821,linear
,1,1x4175x12866x1915,98.4,1005.0,88.8,246.35780000000003,15.968031883239746,linear
,1,1x5951x16100x1127,87.24,513.6,88.32,236.25043999999997,17.23194236755371,linear
,1,1x7723x14400x2714,99.44,831.0,88.96,219.2045199999999,47.50127410888672,linear
,1,1x4528x8668x2200,97.28,813.0,87.32,218.44371999999996,14.060102462768555,linear
,1,1x6476x12903x2746,97.48,517.8,89.36,226.96324000000013,36.38126068115234,linear
,1,1x5132x10014x4517,99.44,730.2,88.72,224.51136000000008,36.11830291748047,linear
,1,1x4214x13569x6548,99.4,864.6,88.04,215.05120000000005,58.15249252319336,linear
,1,1x5879x8679x5816,89.24,604.8,88.76,214.57231999999988,45.56474151611328,linear
,1,1x4960x30976x240,100.0,315.0,90.0,223.396,7.329382514953613,linear
,1,1x7903x16774x164,58.0,1005.0,86.0,203.738,5.258022499084473,linear
,1,1x6615x20789x162,58.0,1005.0,86.0,203.738,5.58220157623291,linear
,1,1x4596x20829x410,49.72,1005.0,86.92,201.6036,7.696179294586182,linear
,1,1x4743x23496x435,54.88,1005.0,87.12,204.36184,9.118470382690429,linear
,1,1x6488x31142x383,98.12,1005.0,88.0,226.54531999999992,14.839961624145507,linear
,1,1x6474x24449x915,99.08,955.8,88.72,235.88196000000005,24.952012634277345,linear
,1,1x4135x27628x768,98.56,832.8,88.12,220.64984,18.197260665893555,linear
,1,1x6745x23093x855,83.6,1005.0,88.92,221.95831999999996,21.65919303894043,linear
,1,1x4164x25037x1317,71.0,1005.0,89.0,217.13279999999997,23.44036445617676,linear
,1,1x6693x23312x1069,82.48,592.8,88.44,220.57832000000002,28.783814239501954,linear
,1,1x6717x27873x1254,95.84,979.2,87.0,216.14727999999997,45.18415908813476,linear
,1,1x4962x28959x3158,98.04,1005.0,87.72,237.90255999999994,80.88662414550781,linear
,1,1x5853x29646x3212,100.0,1005.0,88.0,244.07683999999998,100.91409301757812,linear
,1,1x4286x22489x2572,80.44,789.0,89.2,242.9692800000001,40.641900634765626,linear
,1,1x7014x31137x7880,99.68,1005.0,88.0,249.58268000000004,317.5370239257812,linear
,1,1x6314x28549x6064,100.0,1005.0,87.56,237.78819999999993,217.35250854492188,linear
,1,1x7290x24765x7430,100.0,668.4,88.72,238.01956,224.36203002929688,linear
,1,1x5849x44066x215,99.2,663.0,86.4,212.89359999999996,11.803776168823243,linear
,1,1x7987x33555x77,98.0,1005.0,87.0,203.284,5.6512001037597654,linear
,1,1x4671x56387x101,35.0,1005.0,85.0,212.62700000000007,6.997331237792968,linear
,1,1x5215x54627x263,78.52,1005.0,87.04,216.18952000000002,18.445619201660158,linear
,1,1x5769x57716x278,83.88,1005.0,88.24,231.17675999999994,22.317389297485352,linear
,1,1x5013x65273x313,99.12,931.2,90.4,250.26896000000008,21.13367691040039,linear
,1,1x6567x51979x647,96.28,955.8,87.76,217.36351999999997,48.58326416015625,linear
,1,1x5259x33884x791,99.28,841.2,89.6,243.33587999999997,30.50311698913574,linear
,1,1x5937x41324x994,99.24,889.8,87.76,220.49031999999997,46.612064361572266,linear
,1,1x4400x41381x1241,83.88,1005.0,86.64,227.24160000000003,45.87745208740235,linear
,1,1x7548x41085x1463,100.0,1005.0,87.84,240.1596800000001,85.7049072265625,linear
,1,1x4994x34900x2029,99.32,1005.0,87.72,243.3364399999999,63.838348388671875,linear
,1,1x6767x47872x3190,100.0,1005.0,87.48,245.43232000000003,200.95938415527343,linear
,1,1x5632x42470x2088,94.4,1005.0,86.88,232.9822400000001,107.99983215332031,linear
,1,1x4113x36764x2133,100.0,1005.0,87.28,232.06075999999987,61.52387237548828,linear
,1,1x6162x40575x7424,100.0,1005.0,87.68,243.02208,356.953857421875,linear
,1,1x7277x33352x6856,100.0,1005.0,87.92,251.87092000000004,300.1632141113281,linear
,1,1x6137x61248x5069,100.0,1005.0,87.0,238.8680000000001,376.4289245605469,linear
