Kernel Name,Batch Size,Dimension,GPU Utilization Rate (%),GPU Core Frequency (MHz),GPU Temperature (C),GPU Power (W),Latency (ms),OPName
,8,8x2x18x16,8.0,1470.0,47.0,43.558999999999976,0.004607999976724386,bmm
,18,18x1x11x28,8.0,1470.0,47.0,43.885999999999996,0.005011199973523617,bmm
,6,6x19x24x13,5.0,1470.0,47.0,43.99,0.006195200048387051,bmm
,5,5x11x16x43,5.0,1470.0,47.0,43.92899999999999,0.004851199965924024,bmm
,26,26x30x10x49,5.0,1470.0,47.04,43.97199999999999,0.008576000109314919,bmm
,5,5x25x25x62,5.0,1470.0,48.0,44.211000000000006,0.010355199873447418,bmm
,20,20x33x13x84,5.0,1470.0,48.0,44.28099999999998,0.010239999741315842,bmm
,9,9x9x31x86,5.0,1470.0,48.0,44.44299999999999,0.005875200033187866,bmm
,15,15x1x5x72,5.0,1470.0,48.0,44.52999999999998,0.004281600005924702,bmm
,7,7x7x28x219,5.0,1470.0,49.0,44.40099999999998,0.0062720000743865965,bmm
,18,18x30x16x148,5.0,1470.0,49.0,44.43100000000001,0.0102591997012496,bmm
,25,25x17x30x202,5.0,1470.0,49.0,44.86699999999999,0.010412799753248691,bmm
,12,12x5x5x377,5.0,1470.0,49.0,45.11800000000002,0.005491199996322393,bmm
,21,21x5x1x491,5.0,1470.0,49.0,44.598120000000016,0.00510080000385642,bmm
,9,9x17x8x311,5.0,1470.0,49.0,44.64432,0.008191999979317188,bmm
,9,9x17x11x965,5.0,1470.0,49.0,44.537600000000005,0.010822400078177452,bmm
,16,16x7x23x929,5.0,1470.0,49.0,44.57312000000002,0.013184000179171563,bmm
,15,15x13x30x871,5.0,1470.0,49.44,44.65519999999999,0.018425600603222847,bmm
,12,12x17x35x7,5.0,1470.0,50.0,44.65952,0.01065600011497736,bmm
,22,22x21x40x20,5.0,1470.0,50.0,44.62239999999998,0.010527999885380269,bmm
,14,14x28x53x30,5.0,1470.0,50.0,44.75776000000002,0.012294400297105313,bmm
,2,2x3x48x63,4.04,1470.0,50.0,45.30739999999999,0.004838400054723024,bmm
,16,16x8x62x41,4.0,1470.0,50.0,45.29600000000002,0.006080000009387731,bmm
,5,5x19x48x50,4.0,1470.0,50.0,44.94399999999999,0.010809599980711937,bmm
,14,14x27x57x67,4.0,1470.0,50.0,44.83000000000001,0.013478399813175201,bmm
,26,26x11x62x81,4.0,1470.0,50.0,45.04499999999999,0.008127999864518643,bmm
,25,25x18x59x97,4.0,1470.0,50.0,44.852720000000005,0.018796800076961516,bmm
,8,8x14x62x194,4.0,1470.0,50.0,44.950400000000016,0.0072639998979866505,bmm
,3,3x23x60x223,4.0,1470.0,50.0,45.033399999999986,0.013081599771976472,bmm
,28,28x18x53x191,4.0,1470.0,50.0,44.989879999999985,0.01852800026535988,bmm
,18,18x18x33x354,4.0,1470.0,50.0,45.084600000000016,0.012332800030708312,bmm
,31,31x23x60x426,4.0,1470.0,50.0,45.02051999999999,0.027264000102877616,bmm
,7,7x13x51x373,4.0,1470.0,50.0,45.1922,0.007449599821120501,bmm
,29,29x22x44x565,4.0,1470.0,50.0,45.09384000000002,0.027142399922013283,bmm
,25,25x29x61x817,4.0,1470.0,50.0,45.22279999999997,0.039155200123786926,bmm
,31,31x19x35x750,4.0,1470.0,50.64,45.34400000000002,0.029056000337004662,bmm
,20,20x19x121x8,4.0,1470.0,51.0,45.39599999999999,0.01875839978456497,bmm
,18,18x3x87x31,4.0,1470.0,51.0,45.05200000000001,0.005913600046187639,bmm
,19,19x26x69x30,4.0,1470.0,51.0,44.871999999999986,0.01426560003310442,bmm
,18,18x9x101x61,4.0,1470.0,51.0,44.798999999999985,0.006860800087451935,bmm
,33,33x18x118x63,4.0,1470.0,51.0,44.971,0.018515200167894364,bmm
,32,32x10x122x63,4.0,1470.0,51.0,45.17100000000002,0.008601599931716919,bmm
,32,32x3x81x129,4.0,1470.0,51.0,45.20900000000003,0.0076224000193178655,bmm
,25,25x21x127x69,4.0,1470.0,51.0,45.174440000000004,0.03073279932141304,bmm
,23,23x24x120x83,4.0,1470.0,51.0,45.1858,0.028761600330471992,bmm
,30,30x19x85x147,4.0,1470.0,51.0,45.20328000000001,0.02457600086927414,bmm
,2,2x26x100x131,4.0,1470.0,51.0,45.18548,0.01687679998576641,bmm
,6,6x19x106x235,4.0,1470.0,51.0,45.16228000000001,0.017932799831032752,bmm
,26,26x24x76x459,4.0,1470.0,51.0,45.13648000000001,0.030592000111937523,bmm
,20,20x27x79x328,4.0,1470.0,51.0,45.8996,0.018400000408291817,bmm
,27,27x18x69x446,4.0,1470.0,51.0,46.029,0.02807039991021156,bmm
,2,2x4x107x762,4.0,1470.0,51.0,46.09000000000001,0.0067391999065876005,bmm
,9,9x1x110x756,4.0,1470.0,51.0,45.85400000000001,0.013056000135838986,bmm
,3,3x20x123x544,4.0,1470.0,51.0,45.90999999999999,0.019366400316357613,bmm
,19,19x30x239x7,4.0,1470.0,51.0,45.77499999999999,0.02993920035660267,bmm
,10,10x31x146x6,4.0,1470.0,51.0,45.928999999999995,0.021324799954891206,bmm
,7,7x33x183x10,4.0,1470.0,51.0,45.54200000000001,0.01436800006777048,bmm
,23,23x1x175x42,4.0,1470.0,51.0,45.57500000000002,0.006899199914187193,bmm
,10,10x11x141x38,4.0,1470.0,51.0,45.32799999999998,0.006278399936854839,bmm
,3,3x15x230x36,4.0,1470.0,51.0,45.489000000000004,0.007123199943453074,bmm
,33,33x23x147x115,4.0,1470.0,51.0,45.138000000000005,0.035283200442790985,bmm
,24,24x6x240x78,5.0,768.0,51.0,43.95224,0.012044800072908401,bmm
,10,10x16x155x83,5.0,487.8,50.52,29.782320000000016,0.024236800149083138,bmm
,20,20x18x143x219,5.0,480.0,50.0,24.625640000000004,0.06606080085039139,bmm
,21,21x31x257x167,5.0,450.0,50.0,24.77300000000001,0.18056319952011107,bmm
,27,27x22x142x214,5.0,447.6,50.0,24.904680000000006,0.08279040157794952,bmm
,25,25x22x161x304,5.0,420.0,48.0,24.26448,0.19758079946041107,bmm
,7,7x33x138x429,7.88,416.4,48.0,23.124840000000003,0.11329279989004135,bmm
,20,20x31x178x445,17.0,402.6,46.4,22.7692,0.24170239865779877,bmm
,6,6x11x198x973,17.0,390.0,46.0,23.39343999999999,0.42113280296325684,bmm
,15,15x2x210x614,17.0,390.0,46.0,23.681240000000006,0.5559808015823364,bmm
,8,8x19x189x821,17.0,390.0,46.0,23.624799999999986,0.45948160290718076,bmm
,16,16x27x352x6,20.2,390.0,45.72,22.633639999999996,0.14539520144462587,bmm
,9,9x3x437x22,27.0,390.0,45.0,22.11667999999999,0.0293503999710083,bmm
,26,26x31x386x3,27.0,390.0,45.0,22.442600000000002,0.1606783986091614,bmm
,24,24x18x299x60,27.0,390.0,45.0,22.2122,0.1655104011297226,bmm
,3,3x23x479x50,27.0,390.0,45.0,22.30567999999999,0.10236799716949463,bmm
,3,3x10x487x56,27.0,390.0,45.0,22.261480000000002,0.033804799616336825,bmm
,17,17x29x366x101,22.8,390.0,44.0,22.50707999999999,0.28912000060081483,bmm
,24,24x33x371x80,20.0,390.0,44.0,22.577800000000007,0.41738239526748655,bmm
,5,5x9x419x74,20.0,390.0,44.0,22.37724,0.03272319957613945,bmm
,23,23x19x297x193,20.0,390.0,44.0,22.702519999999996,0.49249919652938845,bmm
,27,27x2x511x203,20.0,390.0,44.0,23.273840000000003,0.7650304198265075,bmm
,21,21x21x433x231,24.8,390.0,44.0,22.980399999999985,0.7040831923484803,bmm
,16,16x11x424x417,28.0,390.0,43.6,23.59756,0.8140352010726929,bmm
,19,19x32x497x403,28.0,390.0,43.0,23.826720000000005,1.1892159938812257,bmm
,33,33x29x400x317,28.0,433.2,43.0,23.230400000000003,1.219481611251831,bmm
,31,31x30x333x656,33.44,475.8,43.0,24.598999999999997,2.137107229232788,bmm
,31,31x17x373x565,36.0,561.0,43.0,24.7778,0.7099392056465149,bmm
,33,33x31x288x654,36.0,675.0,43.0,24.109039999999986,0.7276864051818848,bmm
,20,20x19x725x32,36.0,675.0,43.0,23.567159999999994,0.21039360165596008,bmm
,17,17x31x732x13,36.0,675.0,43.0,23.032279999999993,0.16578560173511506,bmm
,1,1x11x929x31,29.0,675.0,43.0,22.31931999999999,0.02256640009582043,bmm
,19,19x3x522x52,29.0,675.0,43.0,22.31916,0.024499200657010077,bmm
,22,22x19x710x44,29.0,675.0,43.0,22.55936,0.22741120159626008,bmm
,18,18x22x822x33,29.0,675.0,43.0,23.11224,0.24173440039157867,bmm
,9,9x31x669x123,29.0,675.0,43.0,22.770599999999998,0.21868160367012024,bmm
,29,29x8x723x127,29.0,675.0,43.0,23.422040000000006,0.30923519730567933,bmm
,5,5x3x946x109,14.0,675.0,43.0,22.627,0.03689600080251694,bmm
,9,9x23x634x174,14.0,504.0,43.0,22.979800000000004,0.2183296024799347,bmm
,8,8x3x942x133,14.0,390.0,42.0,22.496759999999995,0.32359039783477783,bmm
,19,19x15x839x211,14.0,390.0,42.0,24.26304,1.0113663911819457,bmm
,27,27x10x820x449,20.84,483.0,42.0,24.928239999999995,2.5631423950195313,bmm
,6,6x29x892x304,33.0,585.0,42.0,23.658599999999993,0.5933312058448792,bmm
,31,31x16x722x460,33.0,786.6,42.0,27.017520000000008,1.1365312099456788,bmm
,24,24x21x936x559,33.0,795.0,42.0,25.8548,1.277791976928711,bmm
,32,32x30x685x873,33.0,795.0,43.0,27.10619999999999,2.067731189727783,bmm
,33,33x30x895x574,37.0,832.2,43.0,27.8712,1.3284415781497956,bmm
,13,13x49x23x18,37.0,885.0,43.0,31.113999999999983,0.01477119978517294,bmm
,1,1x43x6x32,37.0,885.0,43.0,35.563040000000015,0.008806400187313556,bmm
,10,10x58x5x20,37.0,885.0,43.0,35.31288000000002,0.012307200022041798,bmm
,21,21x34x18x61,37.0,885.0,43.0,35.391800000000025,0.015231999941170216,bmm
,25,25x53x24x39,37.0,885.0,43.4,35.42563999999998,0.014534400030970573,bmm
,6,6x55x6x53,37.0,885.0,44.0,35.38672,0.012358400039374828,bmm
,5,5x43x28x100,37.0,885.0,44.0,35.32160000000001,0.01639680005609989,bmm
,25,25x54x29x107,13.0,885.0,44.0,35.38244,0.02101760022342205,bmm
,26,26x56x8x90,13.0,885.0,44.0,35.37400000000002,0.013068800233304501,bmm
,5,5x61x31x231,13.0,885.0,44.0,35.486,0.016787199676036833,bmm
,17,17x47x33x185,13.0,885.0,44.0,35.409,0.023686400055885314,bmm
,20,20x54x30x181,13.0,885.0,44.0,35.45399999999998,0.02147200033068657,bmm
,12,12x43x22x475,13.0,885.0,44.36,35.32515999999999,0.01974399983882904,bmm
,5,5x39x12x444,13.0,885.0,45.0,35.4502,0.01601280029863119,bmm
,9,9x53x8x379,13.0,885.0,45.0,35.25519999999999,0.013759999722242355,bmm
,19,19x41x12x835,13.0,885.0,45.0,35.321839999999995,0.02887679971754551,bmm
,6,6x34x15x812,6.28,469.2,45.0,34.76939999999998,0.019628800079226495,bmm
,16,16x52x3x973,5.0,390.0,45.0,23.10000000000001,0.07537919878959656,bmm
,11,11x53x51x19,5.0,390.0,45.0,23.381999999999994,0.04201599955558777,bmm
,18,18x59x57x29,5.0,390.0,45.0,23.116999999999997,0.04503680020570755,bmm
,28,28x46x64x18,5.0,390.0,44.0,22.880040000000005,0.0434688001871109,bmm
,28,28x45x41x52,5.0,390.0,44.0,22.739560000000004,0.04031999930739403,bmm
,14,14x63x37x41,5.0,390.0,44.0,22.602120000000003,0.038470400124788286,bmm
,24,24x52x41x57,8.24,390.0,43.08,22.201880000000006,0.04097279906272888,bmm
,25,25x55x60x105,14.0,390.0,43.0,22.059839999999987,0.06787840276956558,bmm
,25,25x40x48x128,14.0,390.0,43.0,22.275800000000007,0.055347200483083725,bmm
,3,3x36x58x129,14.0,390.0,43.0,22.13195999999999,0.04621439948678017,bmm
,20,20x60x48x143,14.0,390.0,43.0,22.009199999999996,0.05536639988422394,bmm
,11,11x56x41x197,14.0,390.0,42.36,22.138239999999993,0.05732480064034462,bmm
,11,11x49x39x158,15.8,390.0,42.0,22.147719999999996,0.03890559896826744,bmm
,16,16x59x53x395,19.0,390.0,42.0,22.051839999999988,0.08326399922370911,bmm
,24,24x45x51x412,19.0,390.0,42.0,22.41523999999999,0.23387520015239716,bmm
,20,20x39x46x378,19.0,390.0,42.0,22.378599999999988,0.0671424001455307,bmm
,5,5x36x60x646,19.0,390.0,42.0,22.089840000000002,0.06804479956626892,bmm
,11,11x61x62x834,19.0,390.0,42.0,22.214519999999997,0.3009791970252991,bmm
,6,6x48x55x918,19.8,390.0,42.0,22.43732,0.06573440134525299,bmm
,15,15x41x90x26,20.0,390.0,42.0,22.141240000000007,0.05735040083527565,bmm
,28,28x58x128x2,20.0,390.0,42.0,22.00811999999999,0.06759040057659149,bmm
,4,4x38x100x25,20.0,390.0,42.0,22.076799999999995,0.036531200259923936,bmm
,21,21x47x68x50,20.0,390.0,42.0,21.915680000000005,0.049286399781703946,bmm
,21,21x55x68x55,20.0,390.0,42.0,21.974719999999998,0.049702399969100954,bmm
,9,9x54x87x53,19.12,390.0,42.0,22.0308,0.05528319999575615,bmm
,32,32x53x87x110,19.0,390.0,42.0,22.150400000000012,0.08959359973669052,bmm
,22,22x37x95x109,19.0,390.0,42.0,21.996199999999998,0.08919679820537567,bmm
,29,29x59x86x117,19.0,390.0,41.0,22.083360000000006,0.09004800021648407,bmm
,5,5x54x86x225,19.0,390.0,41.0,22.16844,0.055635199695825574,bmm
,17,17x51x103x189,19.0,390.0,41.0,21.929800000000014,0.09646079987287522,bmm
,11,11x51x75x250,19.92,390.0,41.0,21.922119999999996,0.07831040024757385,bmm
,29,29x62x98x372,20.0,390.0,41.0,22.872080000000004,0.5260287880897522,bmm
,26,26x35x129x332,20.0,390.0,41.0,22.732400000000005,0.5380031824111938,bmm
,6,6x57x115x423,20.0,390.0,41.0,22.4358,0.10634239763021469,bmm
,32,32x63x69x689,20.0,390.0,41.0,23.495679999999993,0.8695040106773376,bmm
,18,18x64x77x746,27.6,390.0,41.0,23.207599999999985,0.527564799785614,bmm
,20,20x65x116x651,30.0,390.0,41.0,23.27732000000001,0.722816002368927,bmm
,8,8x34x190x24,30.0,390.0,41.0,22.52232,0.05158400014042854,bmm
,15,15x46x197x27,30.0,390.0,41.0,21.981920000000006,0.09385600090026855,bmm
,14,14x62x206x26,30.0,390.0,41.0,22.007200000000008,0.096288001537323,bmm
,16,16x36x232x53,28.8,390.0,41.0,21.954199999999997,0.10387839674949646,bmm
,12,12x51x153x63,25.0,390.0,41.0,22.101319999999998,0.08014079928398132,bmm
,31,31x36x147x63,25.0,390.0,41.0,22.02592000000001,0.0779263973236084,bmm
,6,6x64x214x87,25.0,390.0,41.0,21.908639999999995,0.10033279657363892,bmm
,25,25x33x138x90,25.0,390.0,41.0,21.964600000000008,0.12147840112447739,bmm
,5,5x35x205x102,25.0,390.0,41.0,22.07024,0.09666560143232346,bmm
,33,33x43x160x222,24.28,422.4,41.0,23.335160000000016,0.581497597694397,bmm
,14,14x33x206x236,24.0,435.0,41.0,22.621400000000005,0.2789247989654541,bmm
,27,27x51x170x139,24.0,435.0,41.0,22.474560000000007,0.3559871971607208,bmm
,15,15x62x204x392,24.0,435.0,41.0,22.681479999999993,0.5843648076057434,bmm
,23,23x61x197x304,24.0,435.0,41.0,22.81728,0.6518976092338562,bmm
,7,7x59x252x481,29.0,435.0,41.0,22.446120000000004,0.3887424051761627,bmm
,22,22x39x239x767,29.0,451.2,41.0,24.422039999999996,1.2669632196426392,bmm
,4,4x65x186x900,29.0,570.0,41.0,23.14336,0.28789759874343873,bmm
,3,3x33x152x824,29.0,570.0,41.0,22.236239999999995,0.08778879791498184,bmm
,22,22x55x406x24,29.0,570.0,41.0,22.31744,0.22161279916763305,bmm
,7,7x59x280x8,27.16,570.0,41.0,22.381199999999993,0.04804480001330376,bmm
,25,25x59x384x18,27.0,570.0,41.0,22.264040000000005,0.21404800117015838,bmm
,12,12x65x422x40,27.0,570.0,41.0,22.289360000000002,0.16601600050926207,bmm
,17,17x42x288x51,27.0,570.0,41.0,22.367759999999993,0.08684799820184708,bmm
,1,1x49x360x61,27.0,570.0,41.0,22.035119999999992,0.03378560021519661,bmm
,9,9x43x387x65,27.0,570.0,41.0,22.32359999999999,0.11272960007190705,bmm
,11,11x59x463x76,22.52,570.0,41.0,22.379480000000008,0.25801600217819215,bmm
,21,21x57x315x114,19.0,498.0,41.0,22.385080000000002,0.424211198091507,bmm
,1,1x37x364x183,19.0,390.0,41.0,22.189320000000006,0.04505600035190582,bmm
,15,15x49x465x228,19.0,390.0,41.0,22.440720000000013,0.6471104085445404,bmm
,6,6x51x481x226,19.0,390.0,41.0,22.425920000000005,0.3470975935459137,bmm
,26,26x38x413x364,20.2,390.0,41.0,23.151239999999994,1.2631744146347046,bmm
,17,17x39x358x506,24.0,390.0,41.0,23.11908,0.9961471915245056,bmm
,28,28x43x259x417,24.0,390.0,41.0,23.392199999999992,1.0826368093490601,bmm
,18,18x41x357x782,24.0,390.0,41.0,24.035320000000006,1.5042367935180665,bmm
,33,33x65x303x919,39.2,1210.8,41.0,27.21712,0.49545599818229674,bmm
,15,15x37x392x891,44.0,1470.0,41.0,47.45000000000002,0.15452159941196442,bmm
,24,24x37x770x25,44.0,1470.0,41.0,45.18899999999999,0.08402559906244278,bmm
,10,10x44x674x24,44.0,1470.0,41.0,43.327,0.07087999880313874,bmm
,9,9x65x553x10,44.0,1470.0,42.12,42.994000000000014,0.033228800445795056,bmm
,12,12x65x783x43,44.0,1470.0,45.0,43.03499999999998,0.08881279975175857,bmm
,33,33x40x608x63,44.0,1470.0,45.0,43.980599999999995,0.06993279904127121,bmm
,15,15x38x803x59,44.0,1470.0,45.0,44.09635999999998,0.08670079857110977,bmm
,28,28x56x795x115,44.0,1470.0,45.0,44.12796,0.15564799308776855,bmm
,14,14x65x923x108,44.0,1470.0,46.0,45.316000000000024,0.17669760286808014,bmm
,26,26x51x571x87,7.0,1470.0,46.0,45.02099999999999,0.1129472017288208,bmm
,26,26x55x917x232,7.0,1470.0,46.0,44.94399999999999,0.18810880184173584,bmm
,33,33x39x587x257,7.0,1470.0,46.0,47.525,0.17602560222148894,bmm
,5,5x57x738x187,7.0,1470.0,46.92,47.08,0.07788799703121185,bmm
,18,18x44x707x512,7.0,1470.0,47.0,45.23052,0.2098623991012573,bmm
,31,31x56x835x509,7.0,1470.0,47.0,46.92272,0.32920960783958436,bmm
,30,30x53x521x263,7.0,751.8,47.8,45.032199999999996,0.16043519973754883,bmm
,14,14x59x894x886,9.4,518.4,48.0,26.74900000000001,1.217907190322876,bmm
,12,12x59x1024x650,12.0,507.6,48.0,26.56148000000002,0.8821439981460572,bmm
,24,24x56x776x865,12.0,495.0,45.0,27.087120000000006,1.8199872255325318,bmm
,10,10x86x22x27,12.0,495.0,45.0,27.448880000000017,0.018432000651955605,bmm
,11,11x88x2x9,12.0,467.4,45.0,23.434000000000005,0.01637120023369789,bmm
,10,10x75x25x20,12.0,458.4,44.0,22.652840000000005,0.020831999927759172,bmm
,12,12x123x28x52,12.8,448.8,44.0,22.28936,0.03195519968867302,bmm
,31,31x66x32x63,22.0,420.0,44.0,22.5938,0.042067200690507886,bmm
,17,17x75x28x48,22.0,391.2,43.0,22.445000000000004,0.03500799983739853,bmm
,2,2x84x4x67,22.0,390.0,43.0,22.28291999999999,0.018867199867963792,bmm
,32,32x112x30x69,22.0,390.0,43.0,22.297800000000002,0.054259199649095535,bmm
,29,29x96x3x90,22.0,390.0,43.0,22.021880000000007,0.03070080019533634,bmm
,14,14x79x16x240,17.92,390.0,43.0,22.17560000000001,0.03908480033278465,bmm
,6,6x108x4x144,16.0,390.0,42.24,22.05859999999999,0.029132799431681632,bmm
,32,32x121x19x254,16.0,390.0,42.0,22.220720000000007,0.22647680044174195,bmm
,12,12x67x24x379,16.0,390.0,42.0,22.152959999999993,0.05023360028862953,bmm
,3,3x90x7x505,16.0,390.0,42.0,22.121840000000002,0.029446400329470636,bmm
,24,24x118x24x286,16.0,390.0,42.0,22.2372,0.18976640105247497,bmm
,23,23x123x28x619,20.0,390.0,42.0,22.64844,0.5236927986145019,bmm
,17,17x111x29x971,21.0,390.0,42.0,23.012199999999993,0.5887808084487915,bmm
,7,7x69x30x877,21.0,390.0,42.0,22.505800000000004,0.0758528009057045,bmm
,7,7x103x35x25,21.0,390.0,42.0,22.131600000000002,0.026559999957680703,bmm
,33,33x93x42x4,21.0,390.0,42.0,21.88119999999999,0.057286400347948074,bmm
,6,6x116x65x28,21.4,390.0,42.0,21.989880000000003,0.03275519981980324,bmm
,28,28x111x55x45,23.0,390.0,42.0,21.986520000000006,0.063468798995018,bmm
,4,4x96x42x51,23.0,390.0,41.84,21.489320000000003,0.02699520029127598,bmm
,3,3x97x43x36,23.0,390.0,41.0,21.322,0.02746239975094795,bmm
,33,33x77x53x127,23.0,390.0,41.0,21.499639999999996,0.07026560008525848,bmm
,23,23x103x48x129,23.0,390.0,41.0,21.43716,0.07988479733467102,bmm
,10,10x119x52x107,17.0,390.0,41.0,21.43399999999999,0.06284799948334693,bmm
,10,10x68x53x234,17.0,390.0,41.0,20.871239999999993,0.06501759886741638,bmm
,6,6x126x41x257,17.0,390.0,41.0,21.28600000000001,0.057657600939273836,bmm
,13,13x91x37x174,17.0,390.0,41.0,21.11411999999999,0.05429120063781738,bmm
,16,16x115x35x455,17.0,390.0,41.0,21.200719999999997,0.21048960089683533,bmm
,33,33x79x44x326,17.0,390.0,41.0,21.932320000000004,0.36127999424934387,bmm
,29,29x111x38x453,17.0,390.0,41.0,22.120999999999995,0.5031679987907409,bmm
,19,19x88x40x647,17.0,390.0,41.0,21.546399999999995,0.40089600086212157,bmm
,1,1x96x50x725,17.0,390.0,41.0,21.207439999999988,0.030924800038337707,bmm
,19,19x87x62x881,19.16,390.0,41.0,21.9646,0.6753983974456788,bmm
,14,14x91x72x7,23.0,390.0,41.0,21.349040000000006,0.03070080019533634,bmm
,8,8x68x124x8,23.0,390.0,41.0,21.003399999999996,0.040991999208927155,bmm
,1,1x79x107x22,23.0,390.0,41.0,21.340600000000006,0.028307200223207474,bmm
,4,4x103x105x34,23.0,390.0,41.0,21.029559999999993,0.039167999476194384,bmm
,18,18x117x76x64,22.68,1470.0,41.0,21.697999999999993,0.022540800273418427,bmm
,33,33x84x89x54,15.0,1470.0,41.0,41.579360000000015,0.025945599749684335,bmm
,30,30x70x78x104,15.0,1470.0,41.0,41.988719999999994,0.02468480058014393,bmm
,1,1x78x91x109,15.0,1470.0,41.0,41.96007999999999,0.008166399970650672,bmm
,25,25x71x76x119,15.0,1470.0,43.88,42.35104000000002,0.0233024001121521,bmm
,31,31x94x93x165,15.0,1470.0,44.0,42.87436000000002,0.04707840085029602,bmm
,19,19x109x81x155,15.0,1470.0,44.0,43.28884,0.026636799797415733,bmm
,28,28x120x108x189,15.0,1470.0,44.0,43.52600000000001,0.04466560035943985,bmm
,4,4x76x92x328,15.0,1470.0,45.44,43.610880000000016,0.025196799635887147,bmm
,33,33x116x81x407,15.0,1470.0,46.0,43.82707999999998,0.08483839929103851,bmm
,14,14x87x125x328,4.0,1470.0,46.0,44.31452,0.04511360079050064,bmm
,9,9x118x123x948,4.0,1470.0,46.0,44.32740000000002,0.07393919974565506,bmm
,3,3x69x126x890,4.0,1470.0,46.32,44.22923999999998,0.03277439996600151,bmm
,30,30x125x107x944,4.0,1470.0,47.0,44.33532000000002,0.18099839985370636,bmm
,9,9x129x148x18,4.0,1470.0,47.0,46.75599999999999,0.02203519977629185,bmm
,3,3x108x150x10,4.0,1470.0,47.0,43.56899999999999,0.014176000095903873,bmm
,31,31x103x250x15,4.0,1470.0,47.0,43.731,0.05457919910550117,bmm
,22,22x99x197x39,4.0,1470.0,47.0,43.97335999999999,0.043967998772859576,bmm
,23,23x93x201x49,4.0,1470.0,47.0,43.07899999999998,0.046111999452114104,bmm
,30,30x74x245x50,4.0,1470.0,47.0,43.548999999999985,0.053971200436353686,bmm
,32,32x90x229x87,4.0,1470.0,47.0,43.763000000000005,0.056083199381828305,bmm
,10,10x65x138x114,4.0,1470.0,48.0,43.860999999999976,0.03343360126018524,bmm
,22,22x103x231x72,4.0,1470.0,48.0,43.65044000000002,0.0523903988301754,bmm
,6,6x121x177x164,4.0,1470.0,48.0,44.10008,0.04111360013484955,bmm
,26,26x80x183x246,4.0,1470.0,48.0,44.5996,0.07270400077104569,bmm
,30,30x86x145x156,4.0,1470.0,48.0,44.84040000000001,0.06750079989433289,bmm
,5,5x80x199x329,4.0,1470.0,48.0,44.91352,0.04479359984397888,bmm
,12,12x76x201x470,4.0,1470.0,48.0,45.08991999999999,0.07769600003957748,bmm
,1,1x95x178x317,4.0,450.0,48.0,40.03667999999998,0.030713599547743796,bmm
,24,24x101x182x958,4.0,447.6,47.68,25.77180000000002,0.7827263951301575,bmm
,13,13x106x187x625,4.0,435.0,47.0,25.29727999999999,0.3101759970188141,bmm
,12,12x114x224x652,4.0,405.0,47.0,24.4406,0.4157888054847717,bmm
,22,22x93x408x11,4.0,398.4,46.56,24.240199999999994,0.2853311955928802,bmm
,10,10x65x470x3,4.0,390.0,46.0,21.937720000000002,0.1020224004983902,bmm
,19,19x95x303x2,7.64,390.0,45.84,21.845600000000008,0.10061439871788025,bmm
,3,3x102x475x50,17.0,390.0,44.0,21.91856000000001,0.10849279910326004,bmm
,14,14x82x428x48,17.0,390.0,44.0,22.019879999999997,0.21003519892692565,bmm
,33,33x80x497x51,17.0,390.0,44.0,22.270919999999997,0.722054409980774,bmm
,32,32x84x361x67,17.0,390.0,43.6,22.788759999999996,0.6502783894538879,bmm
,21,21x127x484x123,21.0,390.0,43.0,22.69264000000001,0.8716544032096862,bmm
,19,19x88x346x84,21.0,390.0,43.0,22.64588,0.517625606060028,bmm
,29,29x85x411x160,21.0,390.0,43.0,23.03288,1.0219583749771117,bmm
,8,8x126x277x164,21.0,390.0,43.0,21.835559999999997,0.2723327994346619,bmm
,29,29x76x458x178,27.0,390.0,43.0,22.422680000000014,1.1088575839996337,bmm
,6,6x92x484x469,27.0,390.0,43.0,22.220999999999986,0.6336447834968567,bmm
,27,27x99x469x346,27.0,390.0,43.0,23.82096000000001,2.097119951248169,bmm
,17,17x103x498x320,27.8,396.0,43.0,23.620599999999996,1.1389312028884888,bmm
,24,24x67x389x679,37.0,486.6,42.16,24.50888000000001,2.505235195159912,bmm
,33,33x89x350x609,37.0,538.2,42.36,24.862520000000004,2.9942720413208006,bmm
,11,11x78x368x671,37.0,715.8,43.0,25.395319999999984,0.41342719793319704,bmm
,22,22x87x824x2,40.0,720.0,42.32,22.892039999999994,0.3230463981628418,bmm
,3,3x90x623x3,40.0,720.0,42.0,22.759080000000004,0.07422719895839691,bmm
,6,6x83x797x23,40.0,720.0,42.0,22.26327999999999,0.09359360039234162,bmm
,31,31x111x702x61,40.0,720.0,42.0,22.754319999999993,0.435782390832901,bmm
,19,19x70x597x53,40.0,720.0,42.0,23.103880000000014,0.2482688009738922,bmm
,1,1x127x620x58,36.88,720.0,42.0,22.04680000000001,0.026816000044345856,bmm
,28,28x128x798x99,14.0,720.0,42.0,22.9398,0.5857472062110901,bmm
,7,7x71x582x128,14.0,720.0,42.0,23.29520000000001,0.18706560134887695,bmm
,2,2x69x953x80,14.0,720.0,42.0,22.473,0.10724479854106903,bmm
,32,32x79x1015x249,14.0,625.8,42.0,25.549239999999994,1.3634176015853883,bmm
,2,2x108x902x153,24.08,750.0,42.0,23.97136,0.10464639961719513,bmm
,2,2x106x551x246,26.0,750.0,42.0,22.430000000000003,0.11509119719266891,bmm
,33,33x108x683x410,26.0,750.0,42.0,25.051879999999983,1.4477247953414918,bmm
,5,5x125x950x364,26.0,750.0,42.0,24.67279999999999,0.37985919713974,bmm
,30,30x99x957x287,26.0,750.0,42.0,25.97776,1.9518784046173097,bmm
,17,17x95x928x757,24.32,750.0,42.0,26.84823999999999,1.795801615715027,bmm
,17,17x100x693x556,24.0,750.0,43.0,25.41779999999999,1.0865087985992432,bmm
,17,17x128x605x756,24.0,733.8,43.0,25.289519999999996,1.3235584259033204,bmm
,32,32x224x8x21,24.0,606.6,43.0,22.64711999999999,0.024537600576877594,bmm
,24,24x160x16x29,23.76,577.8,43.0,21.664599999999993,0.025606400147080422,bmm
,32,32x249x27x22,23.0,546.6,42.0,21.8266,0.03962880000472069,bmm
,26,26x180x20x53,23.0,519.0,42.0,21.827,0.033279999345541,bmm
,27,27x223x12x58,23.0,486.6,42.0,21.504599999999996,0.034752000123262405,bmm
,24,24x172x8x33,23.0,457.8,42.0,21.345519999999993,0.02664319984614849,bmm
,13,13x236x12x117,17.96,427.2,41.2,21.31084,0.03736959993839264,bmm
,25,25x237x17x74,14.0,406.8,41.0,21.529880000000013,0.05721599981188774,bmm
,3,3x174x17x86,14.0,390.0,41.0,21.287759999999995,0.03272959962487221,bmm
,24,24x239x19x196,14.0,390.0,41.0,21.740800000000004,0.2738623976707458,bmm
,17,17x170x30x240,14.0,390.0,41.0,21.676560000000006,0.15070720314979552,bmm
,11,11x198x14x130,16.16,390.0,41.0,21.56144,0.04220159873366356,bmm
,6,6x246x31x489,17.0,390.0,41.0,21.387079999999997,0.15491839945316316,bmm
,17,17x174x16x461,17.0,390.0,41.0,21.861520000000006,0.32513280510902404,bmm
,24,24x180x32x485,17.0,390.0,41.0,22.441800000000004,0.6211392045021057,bmm
,10,10x255x6x810,17.0,390.0,41.0,22.057240000000007,0.45649279952049254,bmm
,33,33x237x27x609,23.0,396.0,41.0,23.308120000000002,1.3430655956268311,bmm
,21,21x245x29x784,23.0,405.0,41.0,22.968639999999997,1.1237567901611327,bmm
,26,26x253x52x24,23.0,405.0,41.0,21.7262,0.06370560079813004,bmm
,13,13x151x52x30,23.0,405.0,41.0,21.281359999999985,0.05788159966468811,bmm
,4,4x214x33x7,25.0,405.0,41.0,21.587000000000003,0.025177599862217903,bmm
,18,18x235x63x40,25.0,405.0,41.0,21.391480000000005,0.06904319822788238,bmm
,9,9x204x57x59,25.0,405.0,41.0,21.685680000000012,0.0635007992386818,bmm
,16,16x182x36x34,25.0,405.0,41.0,21.482960000000002,0.049132801592350006,bmm
,22,22x219x35x99,25.0,405.0,41.0,21.242400000000004,0.07768959999084472,bmm
,29,29x256x39x84,16.0,390.0,41.0,21.74064,0.14494720101356506,bmm
,24,24x235x56x96,16.0,390.0,40.8,21.513560000000012,0.1315712034702301,bmm
,21,21x231x43x240,16.0,390.0,40.0,21.743559999999988,0.3414783954620361,bmm
,14,14x242x55x232,16.0,390.0,40.0,21.443400000000008,0.21651839911937715,bmm
,17,17x190x52x237,17.44,390.0,40.0,21.441919999999985,0.19799039661884307,bmm
,23,23x205x51x328,19.0,390.0,40.0,22.178560000000008,0.5514944076538086,bmm
,31,31x183x61x296,19.0,390.0,40.0,23.391400000000008,0.6774271965026856,bmm
,14,14x245x63x273,19.0,390.0,40.72,21.759839999999993,0.32591999769210817,bmm
,32,32x136x42x658,30.4,552.0,41.0,24.390959999999996,1.0121344089508058,bmm
,22,22x225x63x648,34.0,615.0,41.0,23.777200000000004,1.1531327962875366,bmm
,11,11x135x52x639,34.0,615.0,41.0,22.23540000000001,0.2981567978858948,bmm
,26,26x140x127x2,34.0,615.0,41.0,21.56712,0.07364480197429657,bmm
,6,6x168x104x27,30.16,615.0,40.76,21.250079999999993,0.026630399748682976,bmm
,4,4x180x95x16,22.0,615.0,40.0,21.17071999999999,0.026623999699950218,bmm
,16,16x161x103x59,22.0,615.0,40.0,21.401360000000007,0.06825600117444992,bmm
,4,4x252x99x49,22.0,615.0,40.0,21.908720000000006,0.040409599989652635,bmm
,33,33x210x108x49,22.0,543.0,40.0,22.211920000000006,0.4272895991802216,bmm
,32,32x229x75x74,17.2,390.0,40.0,21.654079999999993,0.3081216037273407,bmm
,2,2x200x110x89,14.0,390.0,40.0,21.531999999999993,0.0635903999209404,bmm
,32,32x172x89x87,14.0,390.0,40.0,22.014479999999995,0.326528000831604,bmm
,27,27x199x80x248,14.0,390.0,40.0,22.92516000000001,0.6024447917938233,bmm
,28,28x148x96x179,14.0,390.0,40.0,22.144319999999997,0.46594560146331787,bmm
,4,4x214x95x147,25.0,390.0,40.0,21.652720000000002,0.09010560065507889,bmm
,5,5x155x72x283,25.0,390.0,40.0,21.436680000000006,0.0737152025103569,bmm
,13,13x156x78x263,25.0,390.0,40.0,21.432920000000003,0.17330560386180877,bmm
,33,33x220x104x331,25.0,1470.0,40.92,26.18051999999999,0.1385919988155365,bmm
,13,13x146x108x706,25.0,1470.0,41.0,40.906040000000004,0.10856319963932037,bmm
,30,30x183x95x1005,25.0,1470.0,41.0,44.61984,0.235001602768898,bmm
,24,24x140x68x716,19.0,1470.0,41.0,46.680400000000006,0.1363647997379303,bmm
,25,25x157x215x14,19.0,1470.0,44.0,44.65099999999998,0.048160000890493396,bmm
,28,28x191x140x13,19.0,1470.0,44.0,43.29099999999997,0.03493120074272156,bmm
,24,24x256x247x12,19.0,1470.0,44.0,43.621999999999986,0.056992000341415404,bmm
,28,28x225x169x56,19.0,1470.0,44.0,43.85000000000001,0.04673279970884323,bmm
,24,24x256x210x50,19.0,1470.0,45.28,44.05399999999999,0.05295360013842583,bmm
,8,8x147x221x35,19.0,1470.0,46.0,44.12599999999998,0.02880000025033951,bmm
,1,1x249x167x115,19.0,1470.0,46.0,43.43200000000001,0.011276799999177457,bmm
,2,2x224x164x81,19.0,1470.0,46.0,43.74300000000002,0.023014400154352188,bmm
,26,26x226x181x115,14.8,1470.0,46.0,43.65079999999998,0.08105600029230117,bmm
,13,13x146x227x201,4.0,1470.0,46.0,44.90936,0.07306880056858063,bmm
,31,31x146x228x181,4.0,1470.0,46.0,44.90540000000001,0.1245631992816925,bmm
,26,26x192x213x254,4.0,1470.0,46.0,45.71144000000001,0.1175232008099556,bmm
,12,12x153x229x279,4.0,1470.0,46.2,45.4664,0.09802880138158798,bmm
,11,11x193x182x279,4.0,1470.0,47.0,44.64383999999996,0.08195839822292328,bmm
,32,32x247x146x299,4.0,1470.0,47.0,45.077400000000004,0.19251200556755066,bmm
,18,18x168x241x879,4.0,1470.0,47.92,45.828759999999996,0.2958400011062622,bmm
,24,24x190x180x606,6.0,1470.0,48.0,47.102439999999994,0.2091071993112564,bmm
,13,13x182x230x951,6.0,1470.0,48.0,47.720119999999994,0.23360640406608582,bmm
,18,18x223x279x5,6.0,1470.0,48.0,47.80972,0.06138879954814911,bmm
,22,22x133x486x25,6.0,1470.0,48.76,45.374280000000006,0.09830400347709656,bmm
,13,13x167x449x14,6.0,1470.0,49.0,45.09899999999999,0.09070079773664474,bmm
,4,4x192x370x57,6.0,1470.0,49.0,44.809799999999974,0.043007999658584595,bmm
,33,33x149x475x62,6.0,1470.0,49.0,44.89499999999999,0.10459519922733307,bmm
,25,25x171x498x61,6.0,1470.0,49.0,45.89432000000002,0.1056192010641098,bmm
,19,19x225x503x74,6.0,1470.0,49.0,46.04304000000001,0.15352960526943207,bmm
,32,32x207x293x117,6.0,1470.0,49.0,46.702879999999965,0.12637439668178557,bmm
,31,31x137x442x68,7.0,1470.0,49.0,46.71783999999999,0.15770239531993865,bmm
,28,28x193x411x257,7.0,1470.0,49.0,47.36400000000001,0.39731839299201965,bmm
,5,5x235x470x202,7.0,615.0,49.0,45.426000000000016,0.23563519716262818,bmm
,12,12x178x389x233,7.0,591.6,49.0,25.021679999999996,0.343884801864624,bmm
,1,1x144x393x260,7.0,570.0,49.0,24.169200000000004,0.049145600944757464,bmm
,26,26x225x286x439,7.0,540.0,47.72,24.97604,1.0101887941360475,bmm
,21,21x133x441x280,7.0,525.0,47.0,26.00964,0.6791808128356933,bmm
,32,32x151x411x991,17.12,511.2,46.76,29.186120000000006,3.0046271800994875,bmm
,15,15x194x500x639,18.0,570.0,46.0,27.4086,1.2120511770248412,bmm
,8,8x151x431x705,18.0,570.0,45.64,24.60136000000001,0.5855359911918641,bmm
,26,26x131x984x21,18.0,570.0,45.0,24.3846,0.5241407990455628,bmm
,32,32x203x898x4,21.6,570.0,45.0,23.928320000000003,1.7402944087982177,bmm
,26,26x229x586x19,33.0,570.0,45.0,23.366799999999998,1.1344703912734986,bmm
,14,14x179x522x56,33.0,570.0,44.6,22.56348000000001,0.6492223978042603,bmm
,26,26x191x547x40,33.0,570.0,44.0,22.46735999999999,1.0696832180023192,bmm
,8,8x254x743x34,30.12,532.2,43.0,22.42652,0.6356735944747924,bmm
,32,32x145x640x91,25.0,675.0,43.76,25.726599999999998,0.606438410282135,bmm
,33,33x205x885x86,25.0,810.0,44.0,25.17856,1.0514111995697022,bmm
,13,13x165x819x92,25.0,810.0,43.28,24.263320000000007,0.36593279242515564,bmm
,10,10x181x585x197,28.64,810.0,43.0,22.735920000000007,0.3120639979839325,bmm
,22,22x151x884x214,32.0,810.0,43.4,24.773000000000007,0.9418431997299195,bmm
,19,19x198x614x141,32.0,810.0,44.0,24.79864,0.6409407973289489,bmm
,24,24x192x941x491,32.0,810.0,44.0,27.838040000000007,2.182751989364624,bmm
,5,5x190x608x341,32.0,810.0,44.0,26.491999999999994,0.2693567991256714,bmm
,16,16x139x972x343,29.6,810.0,44.0,24.819319999999998,1.0607679843902589,bmm
,19,19x205x1007x813,26.0,820.2,44.0,30.346640000000008,3.91843843460083,bmm
,7,7x130x871x703,26.0,885.0,44.0,28.79999999999999,0.6237695932388305,bmm
,15,15x249x917x896,26.0,885.0,45.0,43.46668,1.7922176122665405,bmm
,13,13x402x3x9,26.0,885.0,45.0,44.20000000000002,0.014963200129568578,bmm
,25,25x324x8x7,26.0,885.0,45.0,35.58899999999998,0.018540800362825394,bmm
,6,6x476x16x10,26.36,885.0,45.28,35.409200000000006,0.015430399961769582,bmm
,8,8x324x26x35,27.0,885.0,46.0,35.35855999999999,0.02128640003502369,bmm
,4,4x475x4x52,27.0,885.0,46.0,35.46516000000001,0.012678399868309497,bmm
,31,31x400x7x60,27.0,885.0,46.0,35.47668000000002,0.023865599930286408,bmm
,14,14x453x6x78,27.0,885.0,46.0,35.452199999999976,0.02279679998755455,bmm
,27,27x386x23x111,27.0,885.0,46.0,35.54115999999999,0.04747520014643669,bmm
,32,32x295x11x121,27.0,885.0,46.0,35.80419999999998,0.036095999926328656,bmm
,19,19x394x8x172,27.0,885.0,46.0,35.72979999999998,0.03482240065932274,bmm
,21,21x299x17x163,27.0,885.0,46.0,35.73831999999999,0.04327039942145348,bmm
,15,15x423x18x181,27.0,885.0,46.0,35.66440000000002,0.043296000361442565,bmm
,12,12x401x2x415,6.0,885.0,46.0,35.76599999999999,0.05000320002436638,bmm
,25,25x267x8x263,6.0,885.0,46.0,35.74099999999999,0.05534080043435097,bmm
,20,20x426x31x336,6.0,390.0,46.0,33.678,0.3390720009803772,bmm
,25,25x332x23x806,6.0,390.0,45.0,24.7036,0.7271103858947754,bmm
,10,10x348x28x855,6.0,390.0,45.0,24.503800000000002,0.32819199562072754,bmm
,10,10x456x29x1002,6.0,390.0,45.0,24.397200000000016,0.5014399945735931,bmm
,22,22x327x48x25,6.0,390.0,44.0,24.132999999999996,0.06140799894928932,bmm
,9,9x313x36x23,10.4,390.0,44.0,22.772760000000012,0.050758400559425355,bmm
,24,24x284x39x5,17.0,390.0,44.0,22.555799999999994,0.05738240107893944,bmm
,31,31x467x54x61,17.0,390.0,44.0,21.823999999999998,0.48782079815864565,bmm
,15,15x473x43x50,17.0,390.0,44.0,22.062399999999993,0.06657280027866364,bmm
,4,4x447x60x45,17.0,390.0,43.32,21.37064,0.047091200947761536,bmm
,13,13x273x48x99,17.0,390.0,43.0,21.306800000000006,0.06348159909248352,bmm
,23,23x323x39x107,18.0,390.0,43.0,21.956999999999997,0.22746879756450653,bmm
,10,10x339x65x108,18.0,390.0,43.0,21.435679999999994,0.08275839984416962,bmm
,20,20x301x64x153,18.0,390.0,43.0,21.54808,0.37244799733161926,bmm
,29,29x328x40x253,18.0,390.0,43.0,22.54408000000001,0.772601592540741,bmm
,4,4x382x33x168,20.04,390.0,42.4,22.160600000000002,0.055244799703359604,bmm
,12,12x312x58x478,21.0,390.0,42.0,22.214560000000006,0.5788095831871033,bmm
,14,14x420x35x451,21.0,390.0,42.0,22.593519999999994,0.7490624070167542,bmm
,26,26x298x52x488,21.0,409.2,42.0,23.684680000000007,1.2521791934967041,bmm
,28,28x438x57x523,35.4,682.8,42.0,26.30895999999999,0.8056127786636352,bmm
,9,9x487x39x550,36.0,690.0,42.0,23.2,0.28138239979743956,bmm
,32,32x490x59x933,36.0,690.0,42.0,25.774200000000004,1.7224191904067994,bmm
,7,7x301x78x6,36.0,705.0,42.04,24.149160000000002,0.03091839998960495,bmm
,31,31x320x109x30,36.0,705.0,43.0,22.2132,0.1881152033805847,bmm
,10,10x448x105x22,20.0,705.0,43.0,22.376280000000005,0.05853440091013908,bmm
,7,7x321x129x40,20.0,705.0,42.12,22.164320000000007,0.0660863995552063,bmm
,30,30x440x88x48,20.0,705.0,42.0,22.081240000000008,0.20474239885807038,bmm
,10,10x401x98x44,20.0,705.0,42.0,22.060400000000005,0.05549440011382103,bmm
,21,21x487x85x88,20.0,705.0,42.0,22.63396,0.2001471996307373,bmm
,14,14x443x79x92,16.8,705.0,42.0,22.656080000000003,0.09572480171918869,bmm
,33,33x461x89x97,12.0,705.0,42.0,22.573519999999984,0.3187712013721466,bmm
,28,28x359x110x224,12.0,541.2,42.0,23.204840000000004,0.4042431950569153,bmm
,23,23x382x74x184,12.0,390.0,42.0,22.72112,0.722822391986847,bmm
,14,14x368x78x200,12.0,390.0,42.0,21.929000000000006,0.4202431976795197,bmm
,11,11x424x114x378,22.0,390.0,42.0,22.851560000000003,0.7750207901000976,bmm
,20,20x397x105x434,22.0,390.0,42.0,23.336680000000005,1.4030527830123902,bmm
,9,9x310x106x480,22.0,390.0,42.0,22.81036000000001,0.5228287935256958,bmm
,18,18x344x82x984,24.56,413.4,42.0,23.889119999999995,2.1541824340820312,bmm
,19,19x299x110x761,38.0,656.4,42.0,25.105359999999997,0.6660159945487976,bmm
,20,20x489x84x621,38.0,690.0,42.0,24.363360000000004,0.8050623893737793,bmm
,7,7x313x190x2,38.0,690.0,42.0,22.833239999999993,0.05354880020022392,bmm
,28,28x427x142x29,38.0,690.0,42.0,22.460239999999995,0.263347202539444,bmm
,16,16x313x185x8,28.4,690.0,42.0,22.589040000000015,0.13185279965400695,bmm
,11,11x361x217x51,23.0,690.0,42.0,22.22916,0.15592959821224212,bmm
,1,1x499x238x54,23.0,690.0,41.0,21.930359999999997,0.025753599777817725,bmm
,15,15x342x166x39,23.0,690.0,41.0,22.028800000000004,0.14384000301361083,bmm
,8,8x395x134x83,23.0,690.0,41.0,22.02012,0.08122240006923676,bmm
,12,12x392x218x107,19.64,606.0,41.0,22.305600000000005,0.22456320226192475,bmm
,30,30x333x203x85,11.0,390.0,41.0,22.788439999999994,1.1552063941955566,bmm
,23,23x257x141x193,11.0,390.0,41.0,22.492879999999996,0.7852543950080871,bmm
,16,16x454x237x231,11.0,390.0,41.0,22.56480000000001,1.3625792026519776,bmm
,20,20x493x175x225,15.4,393.0,41.0,23.446199999999997,1.4571647882461547,bmm
,6,6x328x206x381,33.0,405.0,41.0,22.220240000000004,0.4811455965042114,bmm
,22,22x306x203x503,33.0,439.2,41.68,24.621360000000003,2.0343488216400147,bmm
,5,5x257x168x318,33.0,480.0,42.0,22.502119999999994,0.1710783988237381,bmm
,29,29x320x239x662,34.44,555.6,42.0,25.953640000000004,3.8032384395599363,bmm
,7,7x494x235x948,35.0,735.0,42.0,25.43892000000001,0.7225535988807679,bmm
,1,1x338x220x1025,35.0,735.0,42.0,23.570480000000003,0.1111167997121811,bmm
,31,31x449x498x12,35.0,735.0,42.0,23.223840000000006,0.8001599907875061,bmm
,15,15x378x310x12,35.0,735.0,42.0,23.025519999999997,0.22674559950828552,bmm
,9,9x359x357x17,23.0,735.0,42.0,22.12159999999999,0.17436800003051758,bmm
,27,27x293x431x44,23.0,735.0,42.0,22.895959999999995,0.4436736047267914,bmm
,7,7x317x512x47,23.0,735.0,42.0,22.505039999999994,0.21008639931678771,bmm
,4,4x313x498x49,23.0,735.0,42.0,22.63636,0.1597951978445053,bmm
,23,23x293x470x75,23.0,735.0,42.0,22.995199999999997,0.5165824055671692,bmm
,2,2x357x451x67,16.52,497.4,42.0,22.724199999999982,0.1126015990972519,bmm
,4,4x378x375x76,14.0,393.0,41.0,21.80179999999999,0.3015168011188507,bmm
,16,16x406x323x230,14.0,444.0,41.0,24.163680000000003,1.5420671939849853,bmm
,33,33x310x284x217,14.88,540.0,41.0,24.25192000000001,2.2510272026062013,bmm
,8,8x267x512x137,36.0,630.0,41.0,23.401400000000013,0.2836160004138947,bmm
,25,25x351x477x283,36.0,630.0,41.0,25.642999999999997,1.4984383821487426,bmm
,28,28x390x340x452,36.0,630.0,42.0,27.533759999999994,1.7893952131271362,bmm
,1,1x320x414x421,36.0,630.0,42.0,23.85039999999999,0.13942400217056275,bmm
,21,21x289x482x697,26.76,630.0,42.0,26.237319999999997,2.145568037033081,bmm
,15,15x288x389x776,25.0,630.0,42.0,26.140119999999992,1.4103423833847046,bmm
,28,28x401x330x538,25.0,630.0,42.0,27.98052,2.182969570159912,bmm
,21,21x433x733x25,25.0,624.0,42.0,25.056239999999992,0.8550271987915039,bmm
,22,22x381x883x15,31.72,602.4,42.0,23.972519999999996,2.212659168243408,bmm
,9,9x382x930x9,33.0,597.6,42.0,22.96844,1.0527039766311646,bmm
,8,8x471x782x63,33.0,578.4,42.0,22.856559999999998,1.0848639965057374,bmm
,8,8x429x857x39,33.0,560.4,42.0,23.076240000000002,1.0115391969680787,bmm
,30,30x451x841x61,30.0,672.0,42.0,26.022399999999998,0.5497920155525208,bmm
,3,3x364x953x100,30.0,870.0,43.0,35.62887999999999,0.30106239914894106,bmm
,18,18x329x611x91,30.0,870.0,43.0,36.12,0.3891200065612793,bmm
,8,8x318x968x120,30.0,870.0,43.0,38.086999999999996,0.31144319772720336,bmm
,33,33x294x835x138,30.0,870.0,43.08,39.37127999999999,1.0764544010162354,bmm
,32,32x401x647x179,30.0,870.0,45.0,42.188200000000016,1.0672383785247803,bmm
,20,20x375x812x253,28.88,870.0,45.0,43.564519999999995,1.0007359981536865,bmm
,30,30x420x629x434,28.0,870.0,45.44,44.494400000000006,2.417721652984619,bmm
,26,26x483x948x461,28.0,956.4,46.0,48.43607999999999,3.027955150604248,bmm
,2,2x267x901x303,28.0,1050.0,46.0,52.10100000000002,0.23760000467300416,bmm
,16,16x263x549x533,28.0,1050.0,47.0,40.313439999999986,0.8459200024604797,bmm
,9,9x395x599x591,28.0,1050.0,47.0,46.233760000000004,0.7636223912239075,bmm
,7,7x392x995x898,29.12,1050.0,47.28,44.896600000000014,1.505676817893982,bmm
,29,29x742x2x26,32.0,1050.0,48.0,40.77548,0.028672000393271446,bmm
,26,26x997x15x4,32.0,1050.0,48.0,39.93831999999998,0.03978239968419075,bmm
,21,21x985x31x33,32.0,1050.0,48.0,39.10651999999999,0.0507968008518219,bmm
,11,11x1011x9x59,32.0,1050.0,47.72,39.23340000000001,0.023385599628090857,bmm
,30,30x728x22x41,32.0,1050.0,47.0,39.09732000000001,0.043321599066257474,bmm
,7,7x575x30x43,32.0,1050.0,47.0,39.14667999999998,0.018739199638366698,bmm
,7,7x734x18x87,32.0,1050.0,47.0,39.06328000000001,0.02311679981648922,bmm
,31,31x513x21x74,32.0,1050.0,47.0,38.978599999999986,0.057529599964618684,bmm
,20,20x837x6x92,6.0,1050.0,47.0,39.302000000000014,0.040927999466657636,bmm
,14,14x708x25x224,6.0,1050.0,47.0,39.41883999999998,0.07463040202856064,bmm
,18,18x1003x26x140,6.0,495.0,47.0,36.941000000000024,0.3114560008049011,bmm
,6,6x942x8x143,6.0,486.6,47.0,24.65908,0.06800000071525573,bmm
,13,13x664x18x299,6.0,465.0,46.0,23.616520000000016,0.25871999859809874,bmm
,6,6x632x6x350,6.0,450.0,46.0,23.59652,0.13212160170078277,bmm
,25,25x806x12x399,6.0,427.2,46.0,24.419639999999994,0.8073536157608032,bmm
,23,23x973x11x550,13.04,420.0,45.0,25.28848,1.206649613380432,bmm
,3,3x631x12x999,17.0,415.8,45.0,24.214440000000003,0.19418240189552308,bmm
,12,12x879x20x679,17.0,396.0,44.36,23.30835999999999,0.7409727811813355,bmm
,15,15x623x59x28,17.0,390.0,44.0,22.698320000000002,0.11422080099582672,bmm
,30,30x918x43x30,17.0,390.0,44.0,22.176560000000006,0.2618560016155243,bmm
,31,31x676x55x7,19.0,390.0,44.0,23.006759999999986,0.48433279395103457,bmm
,26,26x586x55x64,19.0,1383.6,44.0,24.282120000000006,0.04111359864473343,bmm
,14,14x822x60x38,19.0,1470.0,44.0,43.11699999999999,0.03484160080552101,bmm
,30,30x597x55x39,19.0,1470.0,44.0,43.43200000000001,0.04528000056743622,bmm
,29,29x894x63x107,19.0,1470.0,44.0,43.763999999999996,0.10034559667110443,bmm
,3,3x637x64x123,19.0,1470.0,47.0,45.217,0.019308800250291823,bmm
,20,20x549x40x110,17.24,1470.0,47.0,43.22699999999999,0.03726720064878464,bmm
,5,5x847x56x138,15.0,1470.0,47.0,44.22500000000001,0.03237119913101196,bmm
,20,20x762x36x224,15.0,1470.0,47.0,44.1122,0.0868352010846138,bmm
,27,27x645x50x197,15.0,1470.0,47.6,45.55548000000001,0.12682879865169525,bmm
,22,22x861x53x434,15.0,1470.0,48.0,45.960880000000024,0.250899201631546,bmm
,20,20x811x53x488,15.0,1470.0,48.0,47.01800000000001,0.21320320367813111,bmm
,26,26x736x46x313,15.0,1470.0,48.4,47.51300000000001,0.17661440074443818,bmm
,32,32x988x51x973,15.0,1470.0,49.0,47.907,0.7989247918128968,bmm
,9,9x595x59x536,14.04,1470.0,49.0,61.24,0.10912639945745468,bmm
,13,13x843x41x813,9.0,1470.0,49.0,46.68899999999999,0.2337919980287552,bmm
,5,5x520x69x27,9.0,1470.0,49.6,49.57000000000001,0.0204927995800972,bmm
,29,29x951x80x7,9.0,1470.0,50.0,44.71500000000001,0.07052800059318542,bmm
,32,32x763x98x22,9.0,1470.0,50.0,45.56899999999999,0.08305279910564423,bmm
,11,11x825x125x61,9.0,1470.0,50.0,46.19299999999999,0.05057280063629151,bmm
,26,26x1001x86x55,9.0,1470.0,50.0,45.33664000000002,0.08370559960603714,bmm
,15,15x666x100x40,9.0,1470.0,50.0,45.933399999999985,0.041779199987649916,bmm
,4,4x970x96x96,9.0,1470.0,50.0,45.07284,0.02871679998934269,bmm
,15,15x762x126x124,9.0,1470.0,50.0,45.12323999999999,0.0901184007525444,bmm
,28,28x627x121x89,5.8,1470.0,50.0,45.99339999999998,0.12670080065727235,bmm
,33,33x829x121x157,5.0,666.0,50.0,37.34399999999998,0.7306047916412354,bmm
,13,13x624x94x183,5.0,656.4,50.0,27.758680000000005,0.2430976003408432,bmm
,31,31x939x99x187,5.0,629.4,49.92,26.68792000000001,0.8795968055725097,bmm
,4,4x931x110x328,5.0,615.0,48.0,27.756880000000002,0.2024191975593567,bmm
,18,18x622x74x381,5.0,591.0,48.0,25.273319999999995,0.5650240063667298,bmm
,29,29x804x79x498,15.2,576.0,47.72,27.546600000000012,1.443609619140625,bmm
,5,5x834x111x969,20.0,559.2,47.0,24.7754,0.5543359994888306,bmm
,26,26x1011x71x574,20.0,526.2,46.44,25.399479999999993,1.7993024110794067,bmm
,13,13x587x120x796,20.0,525.0,46.0,26.25343999999999,0.9565439939498901,bmm
,15,15x843x238x10,20.0,510.0,45.52,24.586919999999985,0.3977023959159851,bmm
,23,23x583x212x21,27.0,495.0,45.0,23.62776,0.3970560014247894,bmm
,29,29x726x226x4,27.0,465.0,45.0,23.475359999999995,0.5746624112129212,bmm
,27,27x708x182x38,27.0,460.2,45.0,23.979520000000008,1.4786688089370728,bmm
,5,5x957x205x47,26.8,440.4,44.32,21.911519999999985,0.48665599822998046,bmm
,4,4x727x204x56,22.0,402.6,44.0,22.038960000000007,0.2271487981081009,bmm
,17,17x841x136x68,22.0,401.4,44.0,23.55132000000001,1.0593663930892945,bmm
,5,5x628x250x124,22.0,405.0,44.0,23.158,0.45726720094680784,bmm
,15,15x645x165x93,26.4,405.0,44.0,23.111480000000007,0.9422592043876648,bmm
,24,24x661x137x227,32.0,405.0,43.36,23.889280000000003,1.8869439840316773,bmm
,29,29x732x245x196,32.0,534.6,43.16,25.191679999999998,1.2209855794906617,bmm
,2,2x642x153x187,32.0,675.0,44.0,23.882080000000006,0.0798719972372055,bmm
,2,2x716x219x334,32.0,675.0,43.44,22.115360000000006,0.1630079984664917,bmm
,25,25x944x250x496,32.0,714.6,43.0,27.88752,2.6176512241363525,bmm
,26,26x676x236x457,32.0,840.0,43.96,28.16152,1.7375167846679687,bmm
,8,8x831x155x995,32.0,840.0,44.0,27.936200000000003,0.9815168023109436,bmm
,32,32x811x186x618,30.16,840.0,44.0,29.937279999999987,2.7159743785858153,bmm
,1,1x616x253x761,30.0,840.0,44.0,25.212759999999992,0.10319999903440476,bmm
,26,26x553x434x29,30.0,840.0,44.0,24.1194,0.7351680040359497,bmm
,23,23x873x384x18,30.0,840.0,44.0,24.47372,0.8665535926818848,bmm
,21,21x826x308x6,30.0,840.0,44.0,24.055199999999996,0.6062911868095398,bmm
,8,8x707x415x65,23.0,840.0,44.0,23.3384,0.33354880213737487,bmm
,19,19x597x422x47,23.0,630.0,43.6,23.20248,0.6270015954971313,bmm
,16,16x534x504x61,23.0,618.0,43.0,24.271479999999993,0.5945088028907776,bmm
,9,9x842x383x81,23.0,675.0,43.0,23.35867999999999,0.4217791974544525,bmm
,2,2x972x286x109,22.52,675.0,43.0,22.983799999999988,0.13438080251216888,bmm
,22,22x751x465x83,21.0,675.0,43.0,24.24452,1.0730240106582642,bmm
,22,22x604x305x232,21.0,675.0,43.0,25.217040000000008,0.9821376085281373,bmm
,17,17x924x359x187,21.0,675.0,43.0,25.76368,1.1791232109069825,bmm
,25,25x826x271x224,21.0,675.0,43.0,26.010200000000008,1.2879487991333007,bmm
,3,3x636x416x406,23.8,675.0,43.0,24.68364,0.3799616038799286,bmm
,24,24x657x379x508,26.0,675.0,43.0,28.0894,2.657100868225098,bmm
,19,19x949x463x479,26.0,672.6,43.32,29.823319999999995,3.4253376483917237,bmm
,20,20x690x417x562,26.0,705.0,44.0,30.593000000000007,2.875059175491333,bmm
,15,15x840x294x721,38.0,705.0,44.0,28.500480000000007,2.267327976226807,bmm
,3,3x672x329x765,38.0,705.0,44.0,26.290639999999993,0.44587520360946653,bmm
,3,3x972x644x15,38.0,705.0,44.0,23.57784000000001,0.290009605884552,bmm
,8,8x917x719x6,38.0,705.0,44.0,23.147360000000003,0.5913471937179565,bmm
,24,24x961x659x29,37.04,706.2,44.0,25.774360000000005,1.766092801094055,bmm
,10,10x811x578x47,26.0,735.0,44.0,24.992440000000006,0.5482367873191833,bmm
,2,2x686x842x56,26.0,735.0,43.8,23.18599999999999,0.27472640872001647,bmm
,19,19x909x973x48,26.0,735.0,43.0,25.812039999999996,2.1420991897583006,bmm
,2,2x955x820x83,26.0,735.0,43.0,24.76524,0.32158719897270205,bmm
,24,24x858x846x116,25.2,735.0,43.0,27.471560000000007,2.3977919578552247,bmm
,29,29x820x935x71,24.0,789.0,43.68,29.508120000000012,2.85982084274292,bmm
,10,10x934x837x248,24.0,810.0,44.0,28.58176,1.5940351963043213,bmm
,10,10x731x827x145,24.0,810.0,44.0,28.069560000000006,1.352793574333191,bmm
,31,31x800x768x158,30.6,870.0,44.0,31.49464,2.111174392700195,bmm
,32,32x865x860x300,39.0,992.4,46.0,52.11148000000003,4.55045108795166,bmm
,11,11x886x771x355,39.0,1189.8,46.0,47.92004000000001,1.2555392026901244,bmm
,6,6x853x545x323,39.0,1215.0,47.12,51.80023999999999,0.5034240007400512,bmm
,9,9x867x780x710,39.0,1215.0,48.0,50.79652000000001,1.9776063919067384,bmm
,10,10x755x602x590,34.52,1215.0,48.4,44.237600000000015,1.2372864007949829,bmm
,1,1x956x751x728,32.0,1215.0,49.0,48.53072000000001,0.2601472079753876,bmm
,44,44x13x17x10,32.0,1215.0,49.0,42.61292000000001,0.00631680004298687,bmm
,55,55x16x1x17,32.0,1215.0,49.0,39.582,0.00457600001245737,bmm
,49,49x21x29x23,32.0,1215.0,49.0,39.524999999999984,0.015686400048434735,bmm
,62,62x30x29x42,32.0,1215.0,49.0,39.55399999999998,0.016383999958634377,bmm
,39,39x2x26x63,32.0,1215.0,49.0,39.52599999999998,0.006233600061386823,bmm
,43,43x32x4x55,32.0,1215.0,49.0,39.46900000000002,0.010361599922180175,bmm
,60,60x8x9x101,32.0,1215.0,48.6,39.565000000000026,0.009215999953448772,bmm
,50,50x22x22x89,15.0,1215.0,48.0,39.501839999999994,0.011097600124776364,bmm
,62,62x18x5x122,7.0,1215.0,48.0,39.525760000000005,0.009420799650251865,bmm
,64,64x21x13x177,7.0,687.0,48.0,36.962639999999986,0.017574400082230567,bmm
,34,34x27x6x223,7.0,555.0,47.2,24.05,0.019366399943828584,bmm
,53,53x2x8x142,7.0,525.0,47.0,23.901,0.012275200337171555,bmm
,65,65x4x9x511,7.0,501.6,47.0,23.669880000000003,0.030976000428199767,bmm
,58,58x4x27x459,7.0,480.0,47.0,23.5732,0.036953600496053694,bmm
,47,47x15x10x327,7.0,450.0,46.0,23.630480000000002,0.05864320024847984,bmm
,47,47x32x1x870,7.8,441.6,46.0,23.691559999999996,0.12008960098028183,bmm
,45,45x21x17x915,9.0,420.0,45.96,23.556320000000007,0.15251199752092362,bmm
,46,46x20x24x987,9.0,390.0,45.0,22.11040000000001,0.19274239838123322,bmm
,58,58x11x64x31,9.0,390.0,44.52,22.05312,0.020524799823760986,bmm
,56,56x14x45x28,9.0,390.0,44.0,22.095960000000005,0.02876800000667572,bmm
,44,44x1x40x6,12.0,390.0,44.0,20.93387999999999,0.012851200066506863,bmm
,62,62x27x44x33,12.0,390.0,44.0,21.417080000000002,0.0572672002017498,bmm
,47,47x4x51x56,12.0,390.0,44.0,21.30016,0.01855360046029091,bmm
,51,51x10x64x59,12.0,390.0,43.2,21.26148000000001,0.023827200382947923,bmm
,41,41x14x58x75,12.0,390.0,43.0,21.62399999999999,0.03641600012779236,bmm
,47,47x23x59x78,16.4,390.0,43.0,21.283919999999988,0.048575999587774275,bmm
,45,45x2x34x68,17.0,390.0,43.0,21.334760000000003,0.017740800231695174,bmm
,56,56x14x52x238,17.0,390.0,43.0,21.781719999999996,0.3033792018890381,bmm
,57,57x3x64x151,17.0,390.0,43.0,21.213759999999997,0.04936959892511368,bmm
,59,59x7x33x161,17.0,390.0,43.0,21.189320000000002,0.03660160079598427,bmm
,43,43x3x51x426,19.0,390.0,42.0,21.947360000000003,0.34145920276641845,bmm
,54,54x32x47x484,19.0,390.0,42.0,22.083160000000007,0.587936007976532,bmm
,50,50x28x60x291,19.0,390.0,42.0,22.995360000000005,0.4273792028427124,bmm
,56,56x17x63x581,19.0,390.0,42.0,22.783360000000002,0.7970304131507874,bmm
,50,50x1x52x653,26.68,390.0,42.0,21.826999999999998,0.3745855987071991,bmm
,37,37x31x65x587,27.0,390.0,42.0,22.764799999999987,0.6006335973739624,bmm
,61,61x15x81x31,27.0,390.0,42.0,21.172359999999998,0.03434880003333092,bmm
,58,58x18x124x22,27.0,390.0,42.0,21.05155999999999,0.11046399921178818,bmm
,50,50x19x94x21,26.0,390.0,42.0,21.352760000000004,0.08829440027475358,bmm
,53,53x14x124x44,22.0,390.0,42.0,21.513400000000004,0.04456320032477379,bmm
,37,37x17x80x57,22.0,390.0,42.0,21.351839999999996,0.0757824033498764,bmm
,63,63x28x114x53,22.0,390.0,42.0,21.530599999999996,0.11658240109682083,bmm
,36,36x1x79x108,22.0,390.0,42.0,21.642319999999994,0.028006399795413018,bmm
,34,34x11x76x99,22.0,390.0,42.0,21.414920000000006,0.030739200115203858,bmm
,60,60x25x122x92,17.0,390.0,41.6,21.635279999999998,0.3084224045276642,bmm
,34,34x32x129x228,17.0,390.0,41.0,22.201359999999994,0.46417280435562136,bmm
,47,47x25x125x135,17.0,390.0,41.0,21.85908000000001,0.3327296018600464,bmm
,55,55x15x99x222,17.0,390.0,41.0,21.979320000000012,0.4736831963062286,bmm
,38,38x17x122x333,24.36,394.8,41.0,22.64956000000001,0.5827967882156372,bmm
,60,60x11x95x265,25.0,440.4,41.0,23.057599999999983,0.5385408043861389,bmm
,50,50x33x67x513,25.0,450.0,41.0,22.034600000000005,0.7749632000923157,bmm
,40,40x16x85x556,34.0,648.0,41.84,24.76816,0.2711295962333679,bmm
,41,41x3x91x588,40.0,780.0,42.0,22.889400000000002,0.24854399859905243,bmm
,61,61x9x103x918,40.0,780.0,42.0,23.18848,0.657478415966034,bmm
,48,48x10x154x19,40.0,780.0,42.0,22.93612000000001,0.01621759980916977,bmm
,45,45x20x171x1,40.0,780.0,42.0,21.737200000000012,0.010335999727249145,bmm
,56,56x4x160x29,38.92,780.0,42.0,21.96520000000001,0.01275520008057356,bmm
,58,58x15x139x35,13.0,780.0,42.0,22.12888,0.028678400442004204,bmm
,63,63x5x185x62,13.0,780.0,41.32,21.85232,0.08176639825105667,bmm
,60,60x31x198x54,13.0,780.0,41.0,21.7628,0.14517760276794434,bmm
,56,56x27x231x118,13.0,780.0,41.12,22.644479999999998,0.2300543963909149,bmm
,54,54x24x159x104,13.0,561.6,42.0,22.534600000000008,0.14909439980983735,bmm
,39,39x6x150x66,12.24,390.0,42.0,21.525440000000007,0.03752960041165352,bmm
,43,43x20x213x154,12.0,390.0,41.0,22.14456000000001,0.5299519896507263,bmm
,49,49x11x153x256,12.0,392.4,41.0,22.404440000000005,0.6041087985038758,bmm
,53,53x14x190x247,12.0,405.0,41.0,22.0874,0.8016767978668213,bmm
,63,63x28x233x319,28.72,418.2,41.0,24.131399999999996,1.6245055675506592,bmm
,62,62x26x211x487,31.0,470.4,41.0,23.982079999999993,2.08624005317688,bmm
,65,65x32x200x360,31.0,525.0,41.0,23.563319999999994,1.6691648006439208,bmm
,65,65x18x229x714,42.96,789.0,41.92,25.642279999999992,1.1592512130737305,bmm
,47,47x29x196x820,44.0,825.0,42.0,24.680680000000002,0.8964992165565491,bmm
,50,50x27x133x826,44.0,825.0,42.0,24.12224,0.6921280026435852,bmm
,34,34x7x323x17,44.0,825.0,42.0,23.101919999999993,0.015443200245499611,bmm
,33,33x16x290x18,44.0,825.0,41.6,21.964039999999997,0.02046079933643341,bmm
,57,57x13x385x2,28.4,825.0,41.0,22.483999999999995,0.03850880041718483,bmm
,43,43x13x504x37,18.0,825.0,41.0,21.95900000000001,0.14474239945411682,bmm
,59,59x1x418x62,18.0,825.0,41.0,22.281000000000002,0.1584960013628006,bmm
,39,39x4x410x41,18.0,825.0,41.0,21.896520000000006,0.055264000594615934,bmm
,53,53x12x304x82,18.0,825.0,41.0,22.405279999999998,0.18489600121974945,bmm
,52,52x20x308x116,18.0,420.0,41.0,22.678999999999988,0.6711295962333679,bmm
,58,58x7x392x85,14.0,405.0,41.0,22.300400000000003,0.6324352145195007,bmm
,64,64x16x287x239,14.0,396.0,41.0,22.929599999999997,1.2945663928985596,bmm
,40,40x26x354x193,14.0,390.0,41.0,22.88512,0.897158396244049,bmm
,46,46x8x264x234,14.0,390.0,41.0,22.51304,0.8413951992988586,bmm
,57,57x23x353x381,31.0,396.0,41.0,23.362120000000004,2.2798463821411135,bmm
,40,40x19x329x402,31.0,457.8,41.0,23.926800000000004,1.4866688013076783,bmm
,43,43x31x369x481,31.0,570.0,41.0,23.88484000000002,2.337625598907471,bmm
,37,37x7x380x802,40.0,687.0,41.0,24.983639999999987,1.1401151895523072,bmm
,60,60x17x396x717,40.0,765.0,41.88,26.53272000000001,1.7515072107315064,bmm
,60,60x2x296x618,40.0,765.0,42.0,24.945800000000006,1.0697471857070924,bmm
,35,35x17x524x27,40.0,765.0,42.0,23.2274,0.1980544000864029,bmm
,64,64x14x934x22,32.08,765.0,42.0,22.199399999999997,0.32415359616279604,bmm
,43,43x15x559x12,31.0,765.0,41.68,22.32148,0.07482880055904388,bmm
,42,42x5x675x63,31.0,765.0,41.0,22.452240000000014,0.21427839994430542,bmm
,47,47x11x785x54,31.0,765.0,41.0,22.40092,0.2623871982097626,bmm
,62,62x6x631x41,31.0,765.0,41.0,22.17440000000001,0.20417919754981995,bmm
,54,54x6x778x98,23.08,639.0,41.0,22.842959999999998,0.48387200236320493,bmm
,62,62x11x795x108,13.0,436.8,41.0,23.496000000000002,1.4366912364959716,bmm
,36,36x2x666x110,13.0,435.0,41.0,22.723440000000004,0.7016959905624389,bmm
,51,51x33x556x209,13.0,435.0,41.0,23.354560000000006,1.7488832235336305,bmm
,50,50x10x927x225,33.0,512.4,41.0,24.750839999999993,2.6270592212677,bmm
,63,63x4x929x182,33.0,738.0,41.8,25.717239999999997,0.16465280055999756,bmm
,49,49x17x694x499,33.0,945.0,42.0,32.22056,0.4158911943435669,bmm
,59,59x20x675x267,33.0,945.0,42.0,38.7662,0.4003776013851166,bmm
,55,55x24x810x278,33.0,945.0,42.68,39.12940000000001,0.41138559579849243,bmm
,65,65x33x536x744,38.0,945.0,43.0,39.57000000000002,0.9116735935211182,bmm
,46,46x14x726x876,38.0,945.0,43.0,42.910559999999975,0.6716095924377441,bmm
,38,38x13x1017x734,38.0,945.0,43.4,41.3828,0.6389951944351197,bmm
,59,59x33x1x12,38.0,945.0,45.0,41.615,0.006137600168585777,bmm
,40,40x59x1x14,38.0,945.0,45.0,35.29700000000002,0.006240000016987324,bmm
,54,54x34x9x27,38.0,945.0,45.0,35.23800000000002,0.01472640000283718,bmm
,35,35x51x9x59,38.0,945.0,45.0,35.35299999999998,0.012915199995040894,bmm
,45,45x36x14x56,38.0,945.0,45.0,35.47799999999998,0.014854400046169757,bmm
,36,36x60x33x44,32.8,945.0,45.0,35.426000000000016,0.02250880002975464,bmm
,54,54x52x16x126,12.0,945.0,45.0,35.41700000000002,0.017235200107097625,bmm
,51,51x51x12x67,12.0,945.0,45.0,35.553,0.01653760001063347,bmm
,39,39x51x2x129,12.0,945.0,45.0,35.40800000000001,0.015091200172901154,bmm
,58,58x40x30x235,12.0,588.6,45.0,35.460280000000004,0.03619199991226196,bmm
,40,40x42x28x216,12.0,450.0,45.0,35.362360000000024,0.055449599772691725,bmm
,60,60x39x10x177,12.0,421.2,45.0,35.08579999999999,0.04933759942650795,bmm
,47,47x33x1x479,12.0,420.0,45.0,35.024760000000015,0.03740800023078918,bmm
,36,36x50x6x407,12.0,390.0,45.0,31.945000000000014,0.06282240003347397,bmm
,64,64x61x29x401,9.96,390.0,45.0,23.512279999999986,0.24056319892406464,bmm
,43,43x37x17x536,9.0,390.0,44.72,23.300199999999997,0.11540479958057404,bmm
,39,39x62x6x988,9.0,390.0,44.0,23.04635999999999,0.23789440095424652,bmm
,64,64x55x25x637,9.0,390.0,44.0,23.55800000000001,0.3323903977870941,bmm
,39,39x60x50x19,9.0,390.0,44.0,23.44360000000001,0.06118399947881699,bmm
,33,33x43x38x32,9.0,390.0,43.0,22.766039999999997,0.03694080039858818,bmm
,53,53x59x34x22,9.0,390.0,43.0,21.69904,0.051404799520969394,bmm
,56,56x33x57x42,13.32,390.0,43.0,21.844159999999988,0.06759680062532425,bmm
,42,42x37x44x37,15.0,390.0,43.0,21.85399999999999,0.05724160000681877,bmm
,60,60x49x65x51,15.0,390.0,43.0,21.88384,0.07372800260782242,bmm
,48,48x58x61x114,15.0,390.0,42.0,21.850320000000007,0.08247039914131164,bmm
,64,64x42x41x105,15.0,390.0,42.0,21.55500000000001,0.07427840083837509,bmm
,62,62x35x34x80,15.68,390.0,42.0,21.392680000000006,0.05878399983048439,bmm
,48,48x41x50x229,16.0,390.0,42.0,22.020000000000014,0.24862080216407775,bmm
,43,43x58x47x185,16.0,390.0,42.0,21.58427999999999,0.16647040098905563,bmm
,64,64x51x49x186,16.0,390.0,42.0,21.36480000000001,0.30772480070590974,bmm
,38,38x56x46x458,16.0,390.0,42.0,21.406159999999996,0.48600960373878477,bmm
,39,39x48x60x486,20.0,390.0,42.0,22.819599999999994,0.6089983940124511,bmm
,41,41x63x33x396,20.0,390.0,42.0,22.49308000000001,0.41891839504241946,bmm
,50,50x52x43x654,20.0,390.0,42.0,22.467480000000002,0.8876224040985108,bmm
,54,54x34x41x519,20.0,390.0,42.0,22.889359999999996,0.5787008047103882,bmm
,53,53x54x63x547,27.84,390.0,42.0,23.204480000000004,1.0169280171394348,bmm
,51,51x59x84x1,34.0,390.0,41.0,21.688639999999996,0.026323200017213822,bmm
,33,33x52x76x4,34.0,390.0,41.0,21.23511999999999,0.051756799966096875,bmm
,62,62x44x88x23,34.0,390.0,41.0,20.897880000000004,0.08190079778432846,bmm
,48,48x39x115x36,34.0,390.0,41.0,21.115679999999998,0.1056768000125885,bmm
,42,42x46x117x43,18.0,390.0,41.0,21.12580000000001,0.1053376019001007,bmm
,59,59x40x127x62,18.0,390.0,41.0,21.46596,0.2796864092350006,bmm
,44,44x44x121x73,18.0,390.0,41.0,21.46376,0.17627520263195037,bmm
,41,41x56x115x71,18.0,390.0,41.0,21.52644,0.16659840047359467,bmm
,48,48x58x72x70,18.04,390.0,41.0,21.6182,0.07799679934978485,bmm
,42,42x43x109x135,19.0,390.0,41.0,21.812959999999993,0.3528511941432953,bmm
,40,40x42x115x141,19.0,390.0,41.0,22.026120000000002,0.364793598651886,bmm
,58,58x39x81x175,19.0,390.0,41.0,21.85047999999999,0.4683199942111969,bmm
,46,46x33x87x490,19.0,390.0,41.0,22.711840000000006,0.789734399318695,bmm
,51,51x57x81x265,25.44,420.0,41.0,23.49232000000001,0.5981376051902771,bmm
,50,50x45x119x440,26.0,540.0,41.0,23.40796,1.138163185119629,bmm
,56,56x43x126x749,26.0,543.6,41.0,23.486800000000002,2.171507167816162,bmm
,54,54x53x98x675,33.2,570.0,41.0,23.09768,1.714303970336914,bmm
,56,56x61x109x893,38.0,649.2,41.0,24.21803999999999,0.875328004360199,bmm
,65,65x40x138x14,38.0,735.0,41.0,23.05560000000001,0.06590720266103745,bmm
,39,39x42x136x7,38.0,735.0,41.0,21.9468,0.06177279949188232,bmm
,36,36x51x221x18,36.2,735.0,41.0,22.067600000000002,0.09763840138912201,bmm
,49,49x64x136x46,23.0,735.0,41.0,22.219000000000005,0.10029440075159073,bmm
,48,48x41x250x34,23.0,735.0,41.0,22.147,0.14456960260868074,bmm
,40,40x49x138x34,23.0,735.0,41.0,21.57496,0.06536960005760192,bmm
,58,58x64x186x73,23.0,735.0,41.0,22.327880000000007,0.21219199895858765,bmm
,64,64x63x197x96,23.0,735.0,41.0,22.80551999999999,0.25697919726371765,bmm
,46,46x62x142x123,16.84,735.0,41.0,22.41779999999999,0.1835072010755539,bmm
,40,40x38x242x134,12.0,569.4,41.0,22.301879999999997,0.2164351999759674,bmm
,61,61x33x173x144,12.0,390.0,41.0,22.301239999999993,0.7127295851707458,bmm
,43,43x65x256x198,12.0,418.8,41.0,23.639560000000003,1.079251194000244,bmm
,55,55x60x140x510,27.84,546.0,41.0,24.422640000000015,1.7265727996826172,bmm
,57,57x57x192x392,30.0,564.6,41.0,23.744320000000002,1.8353919982910156,bmm
,55,55x48x233x397,30.0,663.6,41.0,23.84864000000001,0.7102400064468384,bmm
,37,37x60x134x577,34.56,765.0,41.0,23.823400000000007,0.44392319917678835,bmm
,54,54x44x192x557,36.0,765.0,41.0,24.052600000000005,0.7504000186920166,bmm
,53,53x35x178x809,36.0,765.0,41.0,23.97864000000001,0.9412479996681213,bmm
,50,50x38x483x18,36.0,765.0,41.0,23.534000000000006,0.22961280047893523,bmm
,38,38x53x431x17,36.0,765.0,41.0,22.502360000000014,0.1897024005651474,bmm
,38,38x60x288x15,30.56,765.0,41.0,22.25707999999999,0.13407360315322875,bmm
,36,36x34x411x41,19.0,765.0,41.0,22.17679999999999,0.19704319834709166,bmm
,43,43x33x416x53,19.0,765.0,41.0,22.529600000000002,0.2313728004693985,bmm
,56,56x49x464x57,19.0,765.0,41.0,22.63156,0.3281152009963989,bmm
,40,40x44x334x102,19.0,433.2,41.0,22.40476000000001,0.6783104062080383,bmm
,39,39x38x447x129,19.52,420.0,41.0,22.73112000000001,0.9197951912879944,bmm
,33,33x50x485x82,20.0,409.8,41.0,22.2286,0.7077695965766907,bmm
,55,55x57x281x247,20.0,390.0,41.0,22.655159999999995,1.4284096240997315,bmm
,60,60x49x413x223,20.0,429.6,41.0,23.80075999999999,1.8700992107391357,bmm
,58,58x46x381x204,31.04,480.0,41.0,23.32547999999999,1.5296127796173096,bmm
,49,49x54x356x273,32.0,480.0,41.0,23.16544,1.8088768005371094,bmm
,63,63x65x403x291,32.0,487.8,41.0,24.715960000000006,3.1043264389038088,bmm
,61,61x39x264x421,34.24,675.0,41.0,23.983440000000005,0.8362367987632752,bmm
,63,63x39x397x973,39.0,675.0,41.0,26.460239999999988,2.669708728790283,bmm
,48,48x39x334x628,39.0,675.0,42.0,25.288639999999997,1.1674048185348511,bmm
,44,44x33x265x577,39.0,675.0,42.0,24.529240000000005,0.8268288016319275,bmm
,38,38x51x576x16,39.0,675.0,42.0,22.988280000000003,0.26757119297981263,bmm
,35,35x33x716x2,28.6,675.0,42.0,22.646320000000006,0.30103039741516113,bmm
,60,60x50x607x5,26.0,675.0,41.6,22.335199999999997,0.2837119996547699,bmm
,33,33x56x712x60,26.0,675.0,41.0,22.5158,0.3421312034130096,bmm
,56,56x34x892x60,26.0,498.6,41.0,23.191200000000002,0.6998080134391784,bmm
,57,57x33x822x38,26.0,450.0,41.0,22.70116,0.9921599984169006,bmm
,64,64x51x907x88,20.0,505.2,41.0,24.08140000000001,0.8417344093322754,bmm
,36,36x49x888x99,20.0,630.0,41.0,23.55204,0.5465280055999756,bmm
,33,33x34x563x73,20.0,630.0,41.0,22.87147999999999,0.3035391986370087,bmm
,50,50x33x572x151,20.0,630.0,41.0,23.004600000000003,0.5978304028511048,bmm
,55,55x36x606x158,24.2,630.0,41.0,23.835720000000002,0.7150848031044006,bmm
,45,45x35x546x247,25.0,630.0,41.0,23.85908,0.7167680025100708,bmm
,46,46x59x865x324,25.0,630.0,41.56,25.43563999999999,1.7521408081054688,bmm
,35,35x42x873x463,25.0,630.0,42.0,25.869480000000006,1.6761343955993653,bmm
,60,60x35x952x486,27.56,676.2,42.0,27.813200000000002,3.0035840034484864,bmm
,54,54x36x969x967,33.0,874.2,42.08,32.8656,1.8946112155914308,bmm
,53,53x39x556x1018,33.0,885.0,44.0,44.552600000000005,1.1034112215042113,bmm
,57,57x36x694x685,33.0,885.0,44.0,42.56879999999999,1.1504191637039185,bmm
,33,33x85x27x4,33.0,885.0,44.0,42.665160000000014,0.02163200005888939,bmm
,61,61x89x9x30,33.0,885.0,45.0,35.674160000000015,0.018508800491690635,bmm
,50,50x109x9x3,33.0,885.0,45.0,35.229440000000004,0.017209599912166595,bmm
,54,54x83x3x56,24.0,885.0,45.0,35.35128,0.01637119986116886,bmm
,35,35x95x31x65,24.0,885.0,45.0,35.381679999999996,0.028019199892878533,bmm
,53,53x66x14x43,24.0,885.0,45.0,35.346,0.018502400442957877,bmm
,36,36x88x10x93,24.0,885.0,45.0,35.26599999999999,0.020876799896359443,bmm
,48,48x66x10x79,24.0,885.0,45.0,35.332,0.02574079968035221,bmm
,60,60x104x11x115,24.0,885.0,45.0,35.3314,0.028985600173473357,bmm
,41,41x65x29x158,24.0,885.0,45.0,35.344199999999994,0.0412032000720501,bmm
,56,56x77x28x156,24.0,885.0,45.0,35.44636000000001,0.05318399965763092,bmm
,48,48x126x14x146,24.0,885.0,45.0,35.529879999999984,0.03619199991226196,bmm
,36,36x87x14x407,6.0,390.0,45.0,32.55124000000002,0.12593279778957367,bmm
,56,56x90x1x321,6.0,390.0,44.0,23.3504,0.14510080218315125,bmm
,56,56x89x3x323,6.0,390.0,44.0,23.482800000000008,0.15313920080661775,bmm
,55,55x115x7x742,6.0,390.0,44.0,23.739480000000007,0.47642239928245544,bmm
,48,48x100x5x909,6.0,390.0,44.0,24.428240000000013,0.43403519988059996,bmm
,62,62x70x25x752,6.0,390.0,44.0,23.402919999999998,0.448691201210022,bmm
,52,52x89x47x27,18.32,390.0,43.28,22.228559999999998,0.06195839941501617,bmm
,49,49x92x59x9,20.0,390.0,43.0,22.00555999999999,0.06999039947986603,bmm
,45,45x108x48x9,20.0,390.0,43.0,21.85692,0.05740799978375435,bmm
,64,64x116x34x56,20.0,390.0,43.0,21.791279999999997,0.06279039978981019,bmm
,63,63x99x58x57,20.0,390.0,42.84,22.1264,0.08676480054855347,bmm
,65,65x76x54x44,16.48,390.0,42.0,21.75208000000001,0.07651200145483017,bmm
,56,56x80x50x88,16.0,390.0,42.0,21.44868000000001,0.16184960305690765,bmm
,59,59x93x62x93,16.0,390.0,42.0,21.732439999999997,0.3309055984020233,bmm
,46,46x111x50x87,16.0,390.0,42.0,22.120999999999995,0.13906559944152833,bmm
,61,61x124x61x162,16.56,390.0,42.0,21.964440000000003,0.6094016075134278,bmm
,34,34x112x53x140,23.0,390.0,42.0,22.05312,0.15255680084228515,bmm
,47,47x80x46x230,23.0,390.0,42.0,22.33151999999999,0.3880959987640381,bmm
,48,48x109x41x448,23.0,390.0,42.0,23.05852,0.8804672002792359,bmm
,47,47x81x47x473,23.0,390.0,42.0,22.99124000000001,0.7882815957069397,bmm
,45,45x113x35x307,28.52,390.0,42.0,22.460040000000003,0.5583999991416931,bmm
,45,45x106x61x781,29.0,444.0,42.0,23.816559999999996,1.6887487888336181,bmm
,55,55x116x36x899,29.0,541.2,42.0,24.549679999999988,2.0908352375030517,bmm
,39,39x95x33x1010,36.04,555.0,42.0,23.10923999999999,1.3478591680526733,bmm
,63,63x111x114x5,40.0,555.0,42.0,22.81488,0.2459903985261917,bmm
,54,54x107x119x18,40.0,555.0,42.0,22.424640000000007,0.2682111978530884,bmm
,60,60x85x66x5,40.0,555.0,42.0,21.700599999999998,0.05764480009675026,bmm
,46,46x74x86x60,40.0,555.0,41.84,21.61675999999999,0.11505919992923737,bmm
,52,52x90x79x38,22.0,555.0,41.0,21.768440000000002,0.09538560211658478,bmm
,55,55x127x113x50,22.0,555.0,41.0,22.510240000000003,0.4921728014945984,bmm
,52,52x122x122x104,22.0,581.4,41.0,24.57256,0.6149952054023743,bmm
,63,63x90x69x114,22.0,615.0,41.0,22.543359999999996,0.4101696014404297,bmm
,33,33x87x112x109,25.8,615.0,41.0,22.376199999999997,0.29946879744529725,bmm
,59,59x120x96x205,27.0,615.0,41.0,22.94159999999999,0.9523136019706726,bmm
,47,47x99x117x196,27.0,615.0,41.0,23.12164,0.7323327898979187,bmm
,33,33x122x81x144,27.0,615.0,41.0,22.630520000000004,0.3069696009159088,bmm
,35,35x96x66x278,27.2,615.0,41.0,23.99724,0.4938495993614197,bmm
,62,62x107x115x439,28.0,615.0,41.0,24.270160000000004,1.9918015956878663,bmm
,58,58x114x93x300,28.0,615.0,41.04,24.210239999999988,1.1982208013534545,bmm
,51,51x88x98x929,28.0,845.4,42.0,26.83020000000001,0.43936639428138735,bmm
,38,38x127x121x805,28.0,975.0,42.0,36.06359999999999,0.31947519779205324,bmm
,60,60x115x108x698,37.0,975.0,43.0,38.23900000000001,0.37948799729347227,bmm
,46,46x66x187x2,37.0,975.0,43.0,39.27200000000002,0.06369280070066452,bmm
,55,55x105x192x4,37.0,975.0,43.0,35.54499999999999,0.06732160001993179,bmm
,35,35x81x204x30,37.0,975.0,43.0,35.78552000000002,0.06796799898147583,bmm
,63,63x128x211x49,37.0,975.0,44.0,35.76439999999999,0.0820607990026474,bmm
,42,42x105x139x54,37.0,975.0,44.0,35.83103999999999,0.0531775988638401,bmm
,38,38x71x159x62,37.0,975.0,44.0,35.693999999999996,0.055347200483083725,bmm
,49,49x110x174x105,37.0,975.0,44.0,35.76844000000001,0.09173119962215423,bmm
,51,51x84x165x79,23.08,975.0,44.0,36.19000000000002,0.09815040230751038,bmm
,52,52x129x256x107,8.0,975.0,44.0,36.142000000000024,0.21617920100688934,bmm
,44,44x115x238x182,8.0,975.0,44.0,37.433599999999984,0.1615103989839554,bmm
,38,38x116x218x150,8.0,975.0,44.0,37.073599999999985,0.14345600008964537,bmm
,58,58x94x240x191,8.0,975.0,45.0,36.76184000000003,0.21990399956703185,bmm
,45,45x91x156x371,8.0,975.0,45.0,37.18027999999998,0.21566080152988434,bmm
,42,42x120x235x512,8.0,390.0,45.0,33.43784000000001,0.9728127956390381,bmm
,65,65x128x242x502,8.0,390.0,44.16,26.68376000000002,1.5915328025817872,bmm
,60,60x83x174x589,20.0,405.0,44.0,26.141480000000005,1.2295039892196655,bmm
,61,61x84x233x797,20.0,405.0,44.0,27.230079999999994,2.241139221191406,bmm
,45,45x85x215x711,20.0,510.0,44.0,27.39656000000001,1.1238975763320922,bmm
,36,36x72x487x26,20.0,510.0,44.0,24.76800000000001,0.29614719152450564,bmm
,54,54x79x463x12,20.0,510.0,44.0,22.55252000000001,0.31039999127388,bmm
,39,39x93x435x12,30.0,510.0,44.0,22.659799999999997,0.27426559329032896,bmm
,50,50x96x295x41,30.0,510.0,43.0,22.145840000000003,0.2637120008468628,bmm
,58,58x113x445x58,30.0,510.0,43.0,22.72184,0.503001606464386,bmm
,33,33x121x409x41,30.0,510.0,43.0,22.98712,0.7535231947898865,bmm
,64,64x97x437x101,27.2,510.0,43.0,23.583679999999987,1.6923712015151977,bmm
,57,57x102x271x98,23.0,489.6,43.0,23.36287999999999,1.0211968064308166,bmm
,58,58x116x405x72,23.0,511.2,43.0,24.25739999999999,0.5414528012275696,bmm
,39,39x109x469x189,23.0,630.0,43.0,24.112920000000003,0.7700160026550293,bmm
,55,55x114x406x153,27.4,630.0,43.0,24.546599999999998,0.8691391825675965,bmm
,40,40x91x475x224,34.0,630.0,43.0,24.213999999999995,0.7153984069824219,bmm
,43,43x103x276x450,34.0,630.0,43.0,24.89648,0.882207989692688,bmm
,48,48x92x407x482,34.0,630.0,43.0,26.20376000000001,1.3986752033233643,bmm
,47,47x105x260x507,34.0,630.0,43.0,26.044999999999995,0.9941375851631165,bmm
,63,63x95x330x987,28.0,681.0,43.0,29.02291999999999,1.9206207990646362,bmm
,39,39x116x316x848,28.0,885.0,44.0,36.63524,0.8418943881988525,bmm
,50,50x125x374x887,28.0,885.0,44.0,42.042600000000014,1.2159103870391845,bmm
,35,35x107x749x32,28.0,885.0,44.0,45.313,0.2410496026277542,bmm
,44,44x73x874x12,28.0,885.0,44.52,36.891880000000015,0.27991679310798645,bmm
,46,46x106x744x31,28.0,885.0,45.0,36.75324000000001,0.23898879885673524,bmm
,57,57x85x920x37,28.0,885.0,45.0,37.17252000000002,0.2978752017021179,bmm
,63,63x94x530x47,26.0,885.0,45.0,37.54063999999998,0.18459519743919373,bmm
,43,43x112x1015x54,26.0,885.0,45.0,37.441000000000024,0.3252351999282837,bmm
,33,33x107x819x98,26.0,885.0,45.0,38.298,0.2763007998466492,bmm
,40,40x75x764x127,26.0,885.0,45.0,38.567,0.3355583965778351,bmm
,47,47x112x604x105,26.0,885.0,45.0,38.72127999999998,0.2907840073108673,bmm
,63,63x104x650x209,26.0,885.0,45.92,39.34479999999998,0.7982079982757568,bmm
,46,46x124x724x231,26.0,885.0,46.0,39.88999999999999,0.6679295897483826,bmm
,36,36x65x854x211,26.0,885.0,46.0,41.78560000000002,0.6193727850914001,bmm
,39,39x113x810x383,17.0,585.0,46.64,40.960159999999966,1.2203456163406372,bmm
,51,51x87x597x450,17.0,572.4,47.0,41.83836000000001,1.745632004737854,bmm
,40,40x69x706x257,17.0,559.2,47.0,41.58719999999998,1.3010175943374633,bmm
,40,40x94x837x729,17.0,555.0,47.0,44.33024000000001,3.1042432308197023,bmm
,48,48x107x977x652,17.0,673.8,47.0,46.010560000000005,3.2026432514190675,bmm
,65,65x128x723x994,41.0,885.0,49.0,49.13295999999998,3.3932864665985107,bmm
,55,55x178x33x27,41.0,1035.0,49.0,48.88140000000002,0.031206399947404862,bmm
,61,61x247x9x1,41.0,1035.0,49.0,36.478200000000015,0.011590400151908398,bmm
,52,52x154x10x10,41.0,1035.0,48.28,35.47400000000002,0.020524799451231958,bmm
,44,44x203x1x49,41.0,1035.0,48.0,35.635999999999996,0.012512000091373921,bmm
,33,33x167x26x61,41.0,1035.0,48.0,35.54999999999998,0.020499199628829956,bmm
,54,54x248x31x53,41.0,1035.0,48.0,35.61900000000002,0.036844801157712936,bmm
,43,43x170x6x78,41.0,1035.0,47.6,35.74199999999999,0.021727999672293663,bmm
,64,64x157x11x73,26.96,1035.0,47.0,35.695240000000005,0.041017599403858185,bmm
,38,38x230x1x83,14.0,1035.0,47.0,35.76563999999999,0.017113599553704263,bmm
,59,59x219x21x153,14.0,1035.0,47.0,35.824119999999986,0.07744639962911606,bmm
,41,41x156x7x157,14.0,1035.0,47.0,35.970200000000006,0.03070079945027828,bmm
,36,36x131x33x197,14.0,1035.0,47.0,35.84408000000001,0.070067198574543,bmm
,35,35x141x26x360,14.0,1035.0,47.0,36.11000000000001,0.0861055999994278,bmm
,50,50x239x12x332,14.0,1035.0,47.0,36.212999999999994,0.09650559872388839,bmm
,34,34x225x16x406,14.0,1035.0,47.0,36.54999999999998,0.0839167982339859,bmm
,48,48x164x32x719,14.0,1035.0,47.0,36.415999999999976,0.17865600287914277,bmm
,65,65x199x15x768,8.12,579.0,47.0,35.48716000000002,0.2305664002895355,bmm
,42,42x133x13x779,7.0,428.4,46.52,25.327480000000005,0.4691392004489899,bmm
,58,58x239x61x10,7.0,420.0,46.0,24.576480000000007,0.12040320038795471,bmm
,42,42x229x42x3,7.0,405.0,46.0,23.551199999999998,0.07797759771347046,bmm
,62,62x133x33x19,7.0,403.8,46.0,23.333999999999993,0.08393599838018417,bmm
,35,35x144x62x44,7.0,390.0,45.0,22.966239999999985,0.07599999904632568,bmm
,45,45x161x60x37,7.0,390.0,45.0,21.894599999999997,0.0833407998085022,bmm
,52,52x174x42x61,17.0,390.0,45.0,22.146599999999992,0.09392640143632888,bmm
,49,49x189x55x118,17.0,390.0,45.0,22.276759999999996,0.2058880001306534,bmm
,55,55x231x42x81,17.0,390.0,44.84,22.636239999999997,0.1942911982536316,bmm
,59,59x156x65x103,17.0,390.0,44.0,22.825639999999993,0.4759872078895569,bmm
,42,42x151x54x239,23.12,457.2,44.0,23.786759999999994,0.6103232026100158,bmm
,42,42x247x48x129,26.0,495.0,44.0,22.691679999999998,0.5071680068969726,bmm
,34,34x217x39x154,26.0,495.0,44.0,22.16924,0.38766720294952395,bmm
,60,60x130x48x511,26.0,567.0,44.0,25.165959999999988,1.5556479692459106,bmm
,35,35x132x46x409,29.0,615.0,44.0,23.100159999999995,0.7031615972518921,bmm
,39,39x201x62x425,29.0,615.0,43.32,23.43728000000001,1.2675647974014281,bmm
,63,63x164x62x570,29.0,616.8,43.0,24.48136000000001,2.154361629486084,bmm
,40,40x179x64x859,29.96,630.0,43.0,24.783800000000006,0.8543552041053772,bmm
,49,49x204x45x651,33.0,630.0,43.48,24.8788,0.82985600233078,bmm
,61,61x220x73x28,33.0,630.0,44.0,23.04728000000001,0.19448960423469544,bmm
,46,46x179x111x3,33.0,630.0,43.88,22.42488000000001,0.12743039727210997,bmm
,60,60x148x66x21,33.0,630.0,43.0,22.15776,0.1010112002491951,bmm
,52,52x152x76x33,29.16,630.0,43.0,22.474199999999996,0.1168256014585495,bmm
,40,40x164x74x61,17.0,630.0,43.0,22.500199999999992,0.0956415981054306,bmm
,43,43x187x114x34,17.0,630.0,43.0,22.333799999999993,0.16666240096092225,bmm
,62,62x181x72x129,17.0,630.0,43.0,22.523080000000004,0.2789376020431519,bmm
,44,44x242x102x74,17.0,390.0,43.0,23.293119999999995,0.6617791891098023,bmm
,52,52x140x122x118,22.32,412.8,43.0,23.81887999999999,0.7822720050811768,bmm
,41,41x220x81x184,24.0,426.0,43.0,23.311120000000003,0.7960191965103149,bmm
,34,34x166x125x180,24.0,450.0,43.0,22.57072,0.7247424006462098,bmm
,64,64x215x109x194,30.0,514.8,42.04,25.18916,0.5652927994728089,bmm
,44,44x173x83x503,39.0,630.0,42.0,23.33636,0.6100480079650878,bmm
,40,40x202x99x463,39.0,630.0,42.0,24.515079999999994,0.6239935874938964,bmm
,44,44x230x99x510,39.0,630.0,42.0,24.71455999999999,0.8142783999443054,bmm
,35,35x203x90x726,39.0,630.0,42.0,23.311879999999995,0.7846784114837646,bmm
,47,47x137x115x845,23.0,630.0,42.0,25.304800000000004,1.174399995803833,bmm
,57,57x185x109x561,23.0,630.0,43.0,25.848920000000003,1.0115967750549317,bmm
,49,49x224x134x29,23.0,630.0,43.0,24.07880000000001,0.25517439246177676,bmm
,44,44x148x224x20,23.0,630.0,43.0,22.450480000000006,0.22111360132694244,bmm
,55,55x146x139x10,23.0,525.0,43.0,22.480559999999997,0.42599679827690123,bmm
,48,48x178x170x51,23.0,510.0,42.6,22.936520000000005,0.7484608054161072,bmm
,61,61x214x229x53,23.0,489.6,42.0,22.789519999999996,1.4158080101013184,bmm
,33,33x227x175x50,23.0,480.0,42.0,23.17428,0.6766400098800659,bmm
,41,41x237x199x125,25.4,469.8,42.0,23.357000000000003,1.2442047834396361,bmm
,53,53x164x198x72,33.0,495.0,42.0,22.96,0.9449983954429626,bmm
,52,52x189x141x121,33.0,496.2,42.0,24.26504,1.0196352005004883,bmm
,44,44x130x206x252,33.0,525.0,42.0,23.933880000000002,1.5410303831100465,bmm
,62,62x203x239x199,33.96,663.0,42.0,26.41380000000001,0.5793472051620483,bmm
,41,41x172x221x207,34.0,870.0,42.52,33.25803999999999,0.2969087898731232,bmm
,52,52x243x173x467,34.0,870.0,43.0,38.38288000000001,0.7242176055908203,bmm
,43,43x242x139x325,34.0,870.0,43.0,40.29399999999999,0.38659200072288513,bmm
,37,37x141x150x369,34.0,870.0,43.0,38.668,0.313510400056839,bmm
,42,42x247x253x551,34.0,870.0,45.0,39.66959999999999,1.0260992050170898,bmm
,53,53x187x247x690,31.4,870.0,45.0,41.035199999999975,1.1381440162658691,bmm
,38,38x240x205x653,29.0,870.0,45.0,43.3894,0.9074367880821228,bmm
,35,35x237x363x17,29.0,870.0,46.0,38.30399999999998,0.18593920171260833,bmm
,52,52x175x278x11,29.0,870.0,46.0,36.54600000000002,0.14523519873619078,bmm
,57,57x194x486x1,29.0,870.0,46.0,36.51383999999999,0.09167999923229217,bmm
,33,33x129x430x47,29.0,870.0,46.0,36.25616,0.14748160243034364,bmm
,49,49x238x282x52,29.0,870.0,46.0,36.42447999999998,0.19555840492248536,bmm
,59,59x194x469x62,29.0,870.0,46.0,37.25579999999998,0.31386239528656007,bmm
,33,33x207x428x70,27.08,870.0,46.0,38.141159999999985,0.27941760420799255,bmm
,65,65x191x365x68,13.0,510.0,45.88,32.77899999999999,0.7788095951080323,bmm
,34,34x244x477x107,13.0,495.0,45.0,25.427159999999986,0.6918975949287415,bmm
,53,53x134x411x164,13.0,495.0,45.0,27.037520000000004,1.0748224020004273,bmm
,58,58x170x264x250,13.0,485.4,45.0,26.321320000000004,0.9797120094299316,bmm
,52,52x196x344x232,13.0,466.8,45.0,25.064680000000006,1.3364800214767456,bmm
,57,57x174x289x431,29.0,477.0,44.0,26.191039999999994,1.7887936115264893,bmm
,59,59x249x259x454,29.0,525.0,44.0,26.301399999999997,2.1156544208526613,bmm
,40,40x250x284x336,29.0,525.0,44.0,25.986600000000006,1.2201728105545044,bmm
,51,51x205x424x543,41.0,1281.0,44.0,32.01644000000001,1.1964992046356202,bmm
,63,63x232x457x648,44.0,1470.0,44.0,59.874680000000005,1.922828769683838,bmm
,57,57x176x386x855,44.0,1470.0,45.92,67.47823999999997,1.32566397190094,bmm
,62,62x222x767x1,44.0,1470.0,50.0,46.28999999999999,0.12452480047941208,bmm
,35,35x219x876x15,44.0,1470.0,50.0,46.83400000000003,0.2641920030117035,bmm
,56,56x199x922x27,44.0,1470.0,50.0,48.945800000000006,0.3865727961063385,bmm
,44,44x163x564x49,44.0,1470.0,50.0,49.61480000000002,0.13257600069046022,bmm
,57,57x168x766x46,18.0,1470.0,50.0,47.81992,0.31647359728813174,bmm
,36,36x193x765x39,18.0,1470.0,50.0,48.44248,0.23577599823474885,bmm
,42,42x146x825x94,18.0,1470.0,50.0,48.35488000000003,0.38290560245513916,bmm
,57,57x205x676x82,18.0,1470.0,50.0,51.31899999999998,0.4508672058582306,bmm
,41,41x137x891x116,18.0,1470.0,50.0,52.808,0.40145919322967527,bmm
,33,33x208x766x207,18.0,1470.0,50.0,52.59400000000003,0.5792447924613953,bmm
,64,64x179x686x147,18.0,1470.0,50.92,56.40432000000003,0.6125120043754577,bmm
,35,35x177x818x176,18.0,765.0,51.0,50.85123999999999,0.6851200044155121,bmm
,33,33x249x936x421,17.16,753.6,51.0,44.736439999999995,2.5919936180114744,bmm
,35,35x147x875x257,17.0,750.0,51.0,46.00739999999999,1.7410112142562866,bmm
,33,33x141x804x262,17.0,750.0,51.0,42.433760000000014,1.5100095748901368,bmm
,43,43x139x757x893,17.0,843.6,51.0,48.03744,3.4094143867492677,bmm
,48,48x216x940x648,17.0,982.8,51.0,53.23676,4.272319984436035,bmm
,38,38x201x740x593,44.0,1290.0,51.8,52.706039999999994,1.762502384185791,bmm
,40,40x314x26x3,44.0,1290.0,52.0,62.78735999999999,0.024934399873018265,bmm
,36,36x327x13x6,44.0,1290.0,52.0,42.82799999999998,0.019999999925494193,bmm
,53,53x449x1x24,44.0,1290.0,52.0,41.827,0.010988800041377544,bmm
,54,54x283x26x48,44.0,1290.0,51.28,41.489000000000004,0.033408000320196155,bmm
,35,35x317x11x36,44.0,1290.0,51.0,41.585200000000015,0.018464000523090364,bmm
,44,44x457x3x36,44.0,1290.0,51.0,41.09299999999998,0.023039999604225158,bmm
,54,54x372x33x76,44.0,1290.0,51.0,41.141119999999994,0.06960640102624893,bmm
,40,40x509x32x71,44.0,1290.0,51.0,41.64104000000001,0.05910400077700615,bmm
,42,42x472x26x67,10.0,1290.0,51.0,41.63619999999998,0.05979520007967949,bmm
,64,64x305x21x237,10.0,1290.0,51.0,41.81216000000001,0.0958848014473915,bmm
,36,36x449x17x222,10.0,1290.0,51.0,41.95999999999998,0.08437760174274445,bmm
,57,57x320x16x178,10.0,1290.0,51.0,42.102080000000015,0.06022400036454201,bmm
,33,33x308x12x340,10.0,1290.0,51.0,41.673,0.0655359998345375,bmm
,44,44x325x21x379,10.0,1290.0,51.0,42.107999999999976,0.11669760197401047,bmm
,48,48x350x2x305,10.0,1290.0,51.0,42.801000000000016,0.08478079736232758,bmm
,63,63x426x21x599,10.0,813.0,51.0,42.607879999999994,0.29938560724258423,bmm
,51,51x382x14x671,9.92,495.0,51.0,40.459159999999976,0.5392959952354431,bmm
,52,52x501x2x966,9.0,480.0,51.0,38.44064000000001,0.7940288186073303,bmm
,63,63x409x36x9,9.0,465.6,50.04,35.56840000000002,0.1635008007287979,bmm
,33,33x277x48x26,9.0,459.0,49.0,24.75099999999999,0.06708479821681976,bmm
,37,37x388x65x28,9.0,435.0,49.0,24.445359999999997,0.1942463994026184,bmm
,39,39x323x39x43,9.0,405.0,49.0,24.218800000000005,0.0932864010334015,bmm
,52,52x511x52x44,9.0,402.6,48.0,24.134000000000004,0.30138880014419556,bmm
,51,51x291x57x36,9.0,390.0,48.0,24.819000000000006,0.19280640184879302,bmm
,57,57x355x48x65,15.0,390.0,48.0,24.38691999999999,0.2635584056377411,bmm
,53,53x439x53x122,15.0,390.0,47.24,23.952920000000002,0.46681600213050845,bmm
,50,50x259x33x71,15.0,390.0,47.0,22.60208,0.18298879861831666,bmm
,44,44x388x52x195,15.0,390.0,46.28,23.674919999999997,0.4795199990272522,bmm
,61,61x267x48x233,15.32,390.0,46.0,22.81924,0.526201593875885,bmm
,37,37x365x50x132,19.0,390.0,45.0,22.92447999999999,0.3092608034610748,bmm
,52,52x419x35x494,19.0,390.0,45.0,24.183000000000003,1.2419199705123902,bmm
,43,43x385x50x332,19.0,489.0,45.0,24.823400000000003,1.8379199981689454,bmm
,62,62x498x51x480,30.0,720.6,45.0,26.211840000000016,0.6212671995162964,bmm
,65,65x398x39x943,30.0,900.0,45.0,37.34719999999999,0.913702392578125,bmm
,61,61x355x33x906,30.0,900.0,45.84,41.065000000000026,0.7464448094367981,bmm
,59,59x268x59x669,30.0,900.0,46.0,42.575639999999986,0.6054720044136047,bmm
,60,60x418x99x29,30.0,900.0,46.0,39.042839999999984,0.14128640294075012,bmm
,46,46x493x73x23,30.0,900.0,46.0,37.28035999999998,0.09793920218944549,bmm
,34,34x336x67x31,30.0,900.0,47.0,36.341960000000014,0.059379201382398605,bmm
,41,41x270x127x33,27.0,900.0,47.0,36.11108,0.09553280025720597,bmm
,60,60x412x123x35,27.0,900.0,47.0,36.45643999999999,0.16351360082626343,bmm
,61,61x377x77x43,27.0,900.0,47.0,36.823,0.10076159983873367,bmm
,49,49x279x104x112,27.0,900.0,47.0,36.39895999999998,0.1449087977409363,bmm
,61,61x315x106x115,27.0,900.0,47.0,36.892000000000024,0.17841919958591462,bmm
,63,63x407x68x94,27.0,900.0,47.0,37.52200000000002,0.1739648014307022,bmm
,64,64x444x122x170,27.0,900.0,47.0,37.27200000000002,0.45964800715446474,bmm
,44,44x410x76x225,27.0,900.0,47.0,40.374200000000016,0.26604160070419314,bmm
,44,44x319x109x220,27.0,900.0,47.0,37.76660000000001,0.2514559984207153,bmm
,37,37x403x77x373,11.0,435.0,47.0,34.469199999999994,0.7821375966072083,bmm
,45,45x271x84x474,11.0,420.6,47.0,26.48744000000001,0.8977791786193847,bmm
,33,33x328x105x458,11.0,420.0,47.0,26.474999999999987,0.9733183979988098,bmm
,64,64x440x67x609,11.0,429.0,46.72,27.7868,2.157363176345825,bmm
,37,37x491x103x917,13.08,448.2,46.0,28.005079999999992,2.48469762802124,bmm
,54,54x439x85x700,37.0,510.0,46.0,28.138799999999993,2.1713215827941896,bmm
,50,50x404x194x26,37.0,510.0,46.0,25.144799999999996,0.5491136074066162,bmm
,63,63x406x179x10,37.0,510.0,45.04,23.416119999999996,0.599449610710144,bmm
,61,61x510x240x28,37.0,510.0,45.0,24.634240000000005,0.9038655877113342,bmm
,37,37x385x187x60,28.0,510.0,45.0,23.550559999999997,0.4536255955696106,bmm
,62,62x284x233x33,28.0,510.0,45.0,23.244040000000005,0.6131839990615845,bmm
,44,44x478x214x54,28.0,585.6,44.0,24.280959999999997,0.683948814868927,bmm
,37,37x388x210x83,28.0,645.0,44.0,24.428560000000008,0.5420480012893677,bmm
,44,44x347x141x112,28.0,645.0,44.0,24.35188,0.47949440479278566,bmm
,56,56x349x225x79,28.0,645.0,44.0,24.979000000000013,0.7400704026222229,bmm
,61,61x476x130x173,28.0,645.0,44.0,25.07199999999999,1.026483178138733,bmm
,63,63x375x220x232,28.0,645.0,44.0,26.276800000000012,1.4368575811386108,bmm
,59,59x410x155x197,28.0,645.0,44.0,25.646919999999994,1.101523208618164,bmm
,59,59x322x215x384,28.0,645.0,44.0,26.22260000000001,1.652448010444641,bmm
,53,53x395x183x403,28.0,645.0,44.0,28.099480000000003,1.9370880126953125,bmm
,55,55x371x257x299,28.0,633.0,44.0,27.026439999999994,1.8281215667724608,bmm
,33,33x305x199x946,32.32,705.0,44.0,28.137479999999993,1.9617024183273315,bmm
,53,53x399x165x681,37.0,729.0,45.0,29.14612000000001,2.669491195678711,bmm
,44,44x468x227x812,37.0,797.4,45.2,31.63248,3.262220859527588,bmm
,55,55x271x315x26,37.0,1035.0,46.0,36.590399999999995,0.23752320408821107,bmm
,51,51x280x392x6,37.0,1035.0,46.0,37.430559999999986,0.22995199859142304,bmm
,52,52x339x276x10,37.0,1035.0,46.0,37.405280000000005,0.21093759834766387,bmm
,49,49x336x287x46,32.0,1035.0,46.0,37.32336,0.2280448019504547,bmm
,38,38x510x316x46,32.0,1035.0,46.0,37.82899999999998,0.25577600598335265,bmm
,53,53x326x505x37,32.0,1035.0,46.0,38.27099999999999,0.4302847981452942,bmm
,40,40x451x319x101,32.0,1035.0,46.0,40.45000000000002,0.4484735906124115,bmm
,44,44x455x291x117,32.0,1035.0,47.0,40.481039999999986,0.45786239504814147,bmm
,50,50x440x475x114,32.0,1035.0,47.0,40.353399999999986,0.7201727986335754,bmm
,44,44x486x301x245,32.0,1035.0,47.0,41.36800000000002,0.8585983872413635,bmm
,50,50x313x370x130,32.0,1035.0,47.52,43.757520000000014,0.6209344029426574,bmm
,42,42x260x498x233,17.0,1035.0,48.0,41.585600000000014,0.8563520073890686,bmm
,50,50x498x424x336,17.0,1035.0,48.0,44.212880000000006,1.9684351921081542,bmm
,55,55x272x417x356,17.0,966.6,49.0,46.49243999999998,1.3926463842391967,bmm
,34,34x294x269x410,17.0,939.0,49.0,43.35848,0.7971840023994445,bmm
,41,41x275x346x600,17.0,929.4,49.0,42.65139999999999,1.5877375841140746,bmm
,48,48x463x264x839,22.12,951.0,49.0,48.01860000000001,2.824281597137451,bmm
,60,60x264x450x581,33.0,1065.0,49.08,51.96252000000001,2.5992640018463136,bmm
,61,61x469x608x15,33.0,1065.0,50.0,46.452920000000006,0.6502464056015015,bmm
,50,50x411x983x32,33.0,1065.0,50.0,46.049680000000016,0.7699904084205628,bmm
,62,62x321x828x8,33.0,1065.0,50.0,46.086000000000006,0.6477247953414917,bmm
,43,43x399x681x56,33.0,1065.0,50.0,46.019200000000026,0.46830080151557923,bmm
,35,35x400x533x41,33.0,1065.0,50.0,43.81196000000002,0.3032639980316162,bmm
,62,62x347x635x55,23.0,1065.0,50.0,43.874200000000016,0.5373375892639161,bmm
,65,65x280x822x110,23.0,1065.0,50.2,46.83403999999999,1.0393216133117675,bmm
,36,36x258x572x67,23.0,1065.0,51.0,47.81879999999999,0.44344320297241213,bmm
,33,33x487x659x94,23.0,1065.0,51.0,43.56931999999999,0.6816320061683655,bmm
,51,51x382x967x132,23.0,1065.0,51.08,51.02736000000001,1.7727872133255005,bmm
,59,59x291x641x135,23.0,993.0,52.0,49.06312000000002,1.1972352027893067,bmm
,34,34x454x1002x238,24.32,909.0,52.0,47.090120000000006,2.330649662017822,bmm
,47,47x511x598x299,26.0,939.0,51.0,47.85448,2.783827209472656,bmm
,49,49x480x865x451,26.0,1155.0,51.0,58.509199999999986,4.50250883102417,bmm
,39,39x307x794x272,26.0,1485.0,53.0,61.67791999999998,1.3285823822021485,bmm
,53,53x433x738x767,26.0,1485.0,53.0,81.71932,4.435417556762696,bmm
,40,40x268x827x929,47.0,1909.2,56.0,89.79499999999996,2.777004766464233,bmm
,64,64x348x749x840,47.0,1902.6,59.12,136.67487999999997,4.229491233825684,bmm
,51,51x1018x30x1,47.0,1918.8,69.0,74.44255999999997,0.022694399952888487,bmm
,61,61x660x16x13,47.0,1920.0,69.0,64.66539999999998,0.03194240033626557,bmm
,60,60x718x1x8,47.0,1920.0,69.0,64.91584,0.010752000100910663,bmm
,57,57x536x33x43,22.0,1920.0,61.0,63.993999999999986,0.04505600035190582,bmm
,40,40x705x10x49,22.0,1920.0,61.0,65.10999999999996,0.025196800008416176,bmm
,46,46x549x19x49,22.0,1920.0,61.0,64.95900000000005,0.026694399863481523,bmm
,39,39x794x33x92,22.0,1920.0,61.0,64.65000000000003,0.06771840155124664,bmm
,64,64x974x17x69,22.0,1920.0,61.0,67.44599999999997,0.09594880193471908,bmm
,40,40x600x31x114,22.0,1920.0,61.0,68.22000000000001,0.050304000824689867,bmm
,55,55x581x23x237,22.0,1920.0,61.0,66.27500000000003,0.10508799850940705,bmm
,62,62x1006x22x140,22.0,1617.6,61.0,69.68699999999995,0.15234560072422026,bmm
,63,63x906x28x185,22.0,975.0,61.0,60.85388000000001,0.3365951955318451,bmm
,33,33x996x9x261,6.64,919.8,57.0,38.49836000000001,0.2484863966703415,bmm
,45,45x514x4x261,6.0,840.0,57.0,37.68164,0.16996480226516725,bmm
,61,61x993x7x475,6.0,832.8,56.88,37.76199999999998,0.5389696002006531,bmm
,51,51x785x2x530,6.0,810.0,54.0,40.90948000000001,0.468012797832489,bmm
,33,33x982x2x883,6.0,765.0,54.0,39.22580000000003,0.5563199996948243,bmm
,42,42x942x1x544,6.0,755.4,54.0,40.303,0.3699199974536896,bmm
,46,46x879x64x6,6.0,735.0,53.0,39.553,0.16021120250225068,bmm
,38,38x1019x41x27,14.28,697.2,53.0,36.11128000000002,0.13419519662857055,bmm
,34,34x913x36x6,15.0,632.4,52.48,35.907959999999996,0.10952960103750228,bmm
,48,48x840x59x46,15.0,588.6,52.0,34.030000000000015,0.3070143938064575,bmm
,47,47x856x50x37,15.0,571.8,52.0,25.706799999999994,0.3756992042064667,bmm
,65,65x597x41x41,15.0,555.0,51.28,25.862159999999985,0.33299840092658994,bmm
,33,33x956x64x90,15.0,525.0,50.0,25.255319999999987,0.48536319732666017,bmm
,60,60x1003x39x128,13.16,511.8,50.0,26.828999999999997,1.0368447780609131,bmm
,44,44x948x60x120,13.0,510.0,49.2,25.758439999999997,0.8137472033500671,bmm
,41,41x844x54x251,13.0,496.2,49.0,24.653639999999992,1.0982848167419434,bmm
,40,40x964x39x228,13.0,458.4,47.0,24.037359999999993,1.0564287900924683,bmm
,56,56x557x33x176,23.92,432.0,47.0,23.005319999999998,0.6888192057609558,bmm
,54,54x526x37x457,26.0,405.0,47.0,25.27816,1.5092864036560059,bmm
,57,57x685x35x263,26.0,405.0,46.04,25.518959999999993,1.2139199733734132,bmm
,53,53x1019x38x398,28.24,426.0,46.0,26.957279999999997,2.3968063831329345,bmm
,54,54x580x50x902,34.0,585.6,46.0,27.823599999999992,3.223462390899658,bmm
,52,52x833x48x670,34.0,781.2,46.0,29.019360000000002,1.2652992010116577,bmm
,54,54x545x55x537,34.0,840.0,46.0,38.447239999999994,0.8057215929031372,bmm
,45,45x559x124x29,34.0,840.0,46.0,40.06264000000001,0.15732479989528655,bmm
,35,35x648x65x20,34.12,840.0,47.0,36.86599999999999,0.10244479924440383,bmm
,45,45x593x77x8,35.0,840.0,47.0,36.24900000000002,0.12949760258197784,bmm
,40,40x565x111x64,35.0,840.0,47.0,36.49576000000002,0.13688320219516753,bmm
,52,52x865x110x53,35.0,840.0,47.0,37.04479999999999,0.25764480233192444,bmm
,41,41x601x105x63,35.0,840.0,48.0,37.19735999999998,0.15582079589366912,bmm
,36,36x947x94x75,35.0,840.0,48.0,36.904,0.2896896004676819,bmm
,61,61x746x77x87,35.0,840.0,48.0,37.92100000000002,0.33183999061584474,bmm
,35,35x661x87x95,35.0,840.0,48.0,38.95299999999998,0.20069759488105773,bmm
,51,51x777x89x150,35.0,840.0,48.0,37.93863999999998,0.5596351861953736,bmm
,42,42x630x124x161,12.0,840.0,48.0,40.00031999999998,0.4668287992477417,bmm
,39,39x765x115x148,12.0,840.0,48.0,39.25351999999999,0.4869951903820038,bmm
,38,38x895x90x285,12.0,840.0,48.0,39.076000000000015,0.8147840023040771,bmm
,43,43x836x129x461,12.0,595.2,48.0,36.180200000000006,2.3909247398376463,bmm
,60,60x611x70x295,12.0,765.0,47.84,29.90408,1.4697727918624879,bmm
,42,42x515x77x753,12.0,765.0,47.0,32.52288,1.0813952207565307,bmm
,48,48x902x66x990,32.0,765.0,47.0,45.24207999999999,2.5338560581207275,bmm
,33,33x980x79x957,32.0,810.0,49.0,45.28424,1.892300820350647,bmm
,56,56x778x222x27,32.0,810.0,49.0,46.63860000000002,0.49300479888916016,bmm
,65,65x1025x235x10,32.0,810.0,49.0,40.539840000000005,0.7262271881103516,bmm
,39,39x713x251x19,32.0,810.0,49.0,39.731439999999985,0.3696832001209259,bmm
,33,33x816x157x37,32.0,810.0,49.0,38.34900000000002,0.2247039943933487,bmm
,63,63x540x193x57,32.0,810.0,49.0,38.09259999999999,0.3510655999183655,bmm
,47,47x593x217x44,25.0,810.0,49.0,38.583480000000016,0.33150079250335696,bmm
,38,38x975x172x81,25.0,810.0,48.0,38.65063999999998,0.5585216045379638,bmm
,63,63x804x243x72,25.0,810.0,48.0,40.75055999999999,1.0531520128250123,bmm
,37,37x1017x183x105,25.0,810.0,48.0,42.72704000000001,0.5856575965881348,bmm
,59,59x736x253x147,25.0,810.0,48.8,40.64144,1.4890624046325684,bmm
,40,40x911x185x178,25.0,810.0,49.0,32.14168000000001,1.5472448110580443,bmm
,56,56x853x257x186,26.92,810.0,48.6,32.56888000000001,2.594067192077637,bmm
,44,44x843x146x387,29.0,894.0,48.0,34.328240000000015,1.6435391902923584,bmm
,49,49x838x188x305,29.0,960.0,48.0,43.95240000000002,1.7082112073898315,bmm
,35,35x693x156x492,29.0,960.0,49.0,46.49795999999999,1.0978111982345582,bmm
,41,41x636x251x744,29.0,960.0,49.0,46.66007999999999,2.6770112037658693,bmm
,53,53x828x132x609,29.0,1125.0,49.4,48.5146,1.7701632022857665,bmm
,59,59x872x152x633,38.0,1125.0,51.0,53.33912000000002,2.3103551864624023,bmm
,35,35x840x416x9,38.0,1125.0,51.0,53.817519999999995,0.4246336042881012,bmm
,44,44x549x346x16,38.0,1125.0,51.0,44.15764,0.28954880237579345,bmm
,34,34x749x413x9,38.0,1125.0,51.0,42.84900000000002,0.34009599685668945,bmm
,49,49x726x498x56,38.0,1125.0,51.0,45.84079999999999,0.6339200019836426,bmm
,34,34x973x394x46,38.0,1125.0,51.0,46.868600000000015,0.4758144021034241,bmm
,63,63x927x425x35,38.0,1125.0,51.0,45.482999999999976,0.8409792065620423,bmm
,60,60x973x389x123,23.28,1125.0,51.0,52.34668000000002,1.3710464000701905,bmm
,39,39x857x457x126,22.0,1125.0,51.0,52.46059999999998,0.9460863947868348,bmm
,46,46x803x363x112,22.0,1125.0,52.0,48.76191999999999,0.8057279944419861,bmm
,44,44x958x293x249,22.0,1125.0,52.0,49.94583999999999,1.4206079959869384,bmm
,65,65x586x467x192,22.0,855.0,52.0,50.46344000000001,2.2975808143615724,bmm
,54,54x599x363x129,22.0,855.0,52.0,45.175039999999996,1.4949120044708253,bmm
,60,60x733x386x412,29.0,927.0,51.76,48.351680000000016,4.053190422058106,bmm
,38,38x1001x281x486,29.0,1275.0,51.0,53.143799999999985,2.259167957305908,bmm
,53,53x555x507x510,29.0,1365.0,51.0,61.98623999999999,2.8462015628814696,bmm
,63,63x911x495x942,40.2,1728.6,56.0,98.03107999999996,7.966208171844483,bmm
,38,38x590x419x995,49.0,1910.4,65.0,128.7698800000001,2.7371583938598634,bmm
,49,49x864x382x854,49.0,1872.0,66.2,133.17284,3.9749887466430662,bmm
,37,37x574x764x20,49.0,1896.0,71.0,106.63104000000003,0.4983168005943298,bmm
,60,60x591x832x20,41.72,1905.0,71.0,80.82099999999997,0.7160319924354553,bmm
,41,41x890x926x22,35.0,1905.0,71.0,97.7692,1.00972158908844,bmm
,63,63x760x945x44,35.0,1905.0,67.0,99.45000000000006,1.406003212928772,bmm
,46,46x605x772x62,35.0,1905.0,67.0,104.85899999999997,0.7017152070999145,bmm
,47,47x1005x744x55,35.0,1905.0,67.0,101.74400000000001,1.074886393547058,bmm
,55,55x895x713x99,35.0,1905.0,68.04,108.66359999999997,1.2321599960327148,bmm
,54,54x882x626x113,35.0,1905.0,69.0,109.195,1.091648006439209,bmm
,49,49x643x690x104,35.0,1905.0,69.0,121.86155999999997,0.8109375834465027,bmm
,51,51x924x603x179,26.0,1905.0,69.6,111.65019999999998,1.6281984090805053,bmm
,61,61x964x603x154,26.0,1905.0,72.0,140.41172000000003,2.0209856033325195,bmm
,42,42x929x786x216,26.0,1896.0,72.0,125.94828000000001,2.1184639930725098,bmm
,49,49x650x639x464,26.0,1755.0,72.0,108.88504,3.1690559864044188,bmm
,38,38x516x524x433,26.0,1884.6,72.0,113.83759999999998,1.5560127735137939,bmm
,64,64x644x773x354,34.4,1864.2,72.0,144.26268000000002,3.4764928340911867,bmm
,51,51x542x690x699,36.0,1854.0,72.0,145.90751999999992,4.058777618408203,bmm
,58,58x778x722x549,36.0,1837.8,75.0,153.6546,5.872473526000976,bmm
,57,57x566x939x644,38.28,1818.6,76.56,148.74231999999995,6.230470371246338,bmm
,107,107x8x17x21,55.0,1878.0,78.0,76.33108000000003,0.006080000009387731,bmm
,76,76x27x31x14,55.0,1890.0,69.0,65.67900000000003,0.010700799897313118,bmm
,85,85x11x1x8,55.0,1890.0,69.0,66.202,0.0032959999982267616,bmm
,67,67x26x18x53,55.0,1890.0,69.0,64.95460000000001,0.009100800193846226,bmm
,107,107x11x33x64,55.0,1891.2,68.52,64.33432000000002,0.007782400120049715,bmm
,107,107x15x18x59,55.0,1905.0,65.0,63.73463999999999,0.008998400159180164,bmm
,88,88x4x8x115,3.0,1905.0,65.0,64.237,0.0050559998489916325,bmm
,117,117x4x17x120,3.0,1905.0,65.0,64.3442,0.006431999988853932,bmm
,116,116x26x32x78,3.0,1905.0,65.0,64.37539999999998,0.012947199866175652,bmm
,128,128x9x4x214,3.0,1905.0,63.08,64.32012,0.01228800043463707,bmm
,106,106x14x16x134,3.0,1905.0,63.0,64.26736000000001,0.013574399799108506,bmm
,101,101x26x1x243,3.0,1905.0,63.0,64.23820000000002,0.008774400316178798,bmm
,104,104x11x22x362,3.0,1905.0,63.0,64.16699999999997,0.03288320004940033,bmm
,67,67x24x21x412,3.0,1249.8,62.0,64.16200000000002,0.02252800017595291,bmm
,116,116x16x20x314,3.0,540.0,62.0,54.52999999999998,0.11934079974889755,bmm
,98,98x16x5x781,3.96,477.0,62.0,36.015119999999996,0.19841280281543733,bmm
,77,77x26x22x896,4.0,435.0,56.0,36.37147999999999,0.15983999967575074,bmm
,117,117x26x3x672,4.0,435.0,56.0,36.550680000000014,0.13160319924354552,bmm
,121,121x7x49x32,4.0,405.0,56.0,36.319160000000004,0.02383360043168068,bmm
,68,68x13x57x7,4.0,405.0,56.0,35.865079999999985,0.023948799818754196,bmm
,105,105x21x39x26,4.0,390.0,54.72,35.73583999999998,0.05294079929590225,bmm
,70,70x32x36x62,4.0,390.0,54.0,35.65679999999998,0.04988800063729286,bmm
,104,104x11x64x52,4.0,375.0,54.0,35.735759999999985,0.037203199416399005,bmm
,111,111x28x56x42,10.0,375.0,52.0,31.242600000000007,0.06613759845495223,bmm
,76,76x9x41x90,10.0,375.0,52.0,24.322999999999993,0.034777600318193436,bmm
,98,98x18x57x112,10.0,375.0,52.0,24.76348,0.07436159998178482,bmm
,108,108x10x36x91,10.0,375.0,51.12,24.639559999999996,0.041689600050449374,bmm
,96,96x13x48x211,10.0,375.0,50.0,24.260120000000015,0.16482559740543365,bmm
,126,126x3x33x236,10.0,375.0,50.0,22.680999999999994,0.14004479944705964,bmm
,128,128x10x35x201,11.84,375.0,48.0,22.325319999999998,0.1686912000179291,bmm
,124,124x20x39x299,12.0,375.0,48.0,22.77144,0.2512768030166626,bmm
,71,71x8x37x448,12.0,375.0,47.0,22.750200000000003,0.2058304011821747,bmm
,82,82x22x43x462,12.0,379.2,47.0,22.67612,0.2710335969924927,bmm
,94,94x33x52x709,17.76,390.0,46.0,24.451200000000004,1.6662336111068725,bmm
,68,68x11x38x824,20.0,390.0,46.0,23.4826,0.8384384036064148,bmm
,75,75x32x34x709,20.0,390.0,46.0,22.96268,0.9677247881889344,bmm
,94,94x21x91x16,20.0,390.0,45.16,22.57108,0.09150079935789109,bmm
,123,123x15x75x31,29.24,390.0,45.0,21.889960000000002,0.048966401070356366,bmm
,70,70x20x121x14,31.0,390.0,45.0,21.95368,0.11264000087976456,bmm
,78,78x7x71x63,31.0,390.0,45.0,21.916880000000003,0.030400000140070917,bmm
,91,91x19x129x54,31.0,390.0,44.8,21.567320000000006,0.3033344030380249,bmm
,81,81x27x125x35,31.0,390.0,44.0,21.638199999999998,0.14613760113716126,bmm
,73,73x6x72x121,21.88,390.0,44.0,21.469320000000007,0.1430400013923645,bmm
,71,71x10x92x94,19.0,390.0,44.0,22.19628,0.1648447960615158,bmm
,115,115x21x82x104,19.0,390.0,44.0,22.319920000000007,0.4414911985397339,bmm
,78,78x8x66x194,19.0,390.0,44.0,22.924680000000002,0.3767359972000122,bmm
,119,119x29x115x136,30.96,624.6,44.0,24.45919999999999,0.3000896036624908,bmm
,125,125x31x85x256,32.0,645.0,44.0,22.719520000000003,0.4020096004009247,bmm
,95,95x13x88x260,32.0,645.0,44.0,22.468280000000004,0.2932799935340881,bmm
,75,75x32x111x409,32.0,645.0,44.0,22.986279999999997,0.45440639853477477,bmm
,77,77x23x86x464,32.0,645.0,44.0,23.383319999999994,0.40274559855461123,bmm
,83,83x16x92x920,18.0,645.0,43.0,24.030400000000007,0.8596287965774536,bmm
,77,77x30x65x610,18.0,645.0,43.0,23.479080000000014,0.4337728023529053,bmm
,81,81x16x94x665,18.0,645.0,43.0,23.768439999999995,0.6440191984176635,bmm
,121,121x6x201x11,18.0,645.0,43.0,22.74328,0.03209600001573563,bmm
,75,75x16x146x12,18.0,435.0,43.0,21.86072,0.040729598701000215,bmm
,128,128x11x225x24,19.0,398.4,43.0,22.085479999999997,0.3519872069358826,bmm
,118,118x4x136x36,19.0,390.0,43.0,21.546799999999998,0.04645760059356689,bmm
,111,111x17x168x35,19.0,390.0,43.0,22.23603999999999,0.3592512011528015,bmm
,88,88x26x208x37,19.0,390.0,43.0,21.91560000000001,0.498035204410553,bmm
,85,85x16x211x118,22.0,390.0,43.0,22.376199999999994,0.7249920010566712,bmm
,66,66x3x180x83,22.0,390.0,43.0,21.80896,0.3331775963306427,bmm
,105,105x17x142x101,22.0,390.0,42.64,22.50536000000001,0.6030592083930969,bmm
,67,67x18x210x183,22.0,390.0,42.0,22.753279999999997,0.8663295984268189,bmm
,100,100x22x192x182,30.0,390.0,42.0,22.874439999999996,1.2380032062530517,bmm
,72,72x16x187x217,30.0,390.0,42.0,22.766760000000012,0.943609607219696,bmm
,128,128x4x197x283,30.0,390.0,42.0,24.23552,1.8001983880996704,bmm
,69,69x32x148x303,33.84,429.6,42.0,23.614400000000003,1.2256448030471803,bmm
,115,115x28x188x345,38.0,725.4,42.64,27.361799999999985,0.2543424069881439,bmm
,65,65x30x240x587,38.0,855.0,43.0,34.429600000000015,0.2822527945041656,bmm
,119,119x2x139x551,38.0,855.0,43.0,37.31767999999999,0.13453440368175507,bmm
,79,79x25x191x629,38.0,855.0,43.0,36.465000000000025,0.285043203830719,bmm
,87,87x3x263x31,38.0,855.0,44.0,38.93100000000001,0.014822400175035,bmm
,93,93x2x370x4,28.4,855.0,44.0,35.426000000000016,0.014348800107836724,bmm
,120,120x25x470x29,28.0,855.0,44.0,35.42883999999998,0.16294400095939637,bmm
,96,96x6x281x61,28.0,855.0,44.0,36.41051999999999,0.03694720044732094,bmm
,90,90x7x450x64,28.0,855.0,44.68,35.84820000000001,0.055007999390363695,bmm
,102,102x22x421x34,28.0,855.0,45.0,36.20012000000001,0.14564480185508727,bmm
,77,77x26x366x66,28.0,855.0,45.0,36.411799999999985,0.12505599856376648,bmm
,100,100x7x481x117,28.0,855.0,45.0,36.30456000000001,0.11897599846124648,bmm
,106,106x26x285x65,28.0,855.0,45.0,36.58340000000002,0.13367040157318116,bmm
,112,112x3x391x155,28.0,855.0,45.0,36.390480000000004,0.10549760162830353,bmm
,127,127x3x452x178,21.92,855.0,45.0,36.70600000000001,0.15601920187473298,bmm
,97,97x26x354x147,9.0,855.0,45.0,37.245,0.25625600218772887,bmm
,98,98x8x384x466,9.0,594.0,45.0,36.371640000000006,0.3219839930534363,bmm
,117,117x14x405x289,9.0,420.0,45.0,27.151599999999984,1.45664644241333,bmm
,85,85x21x316x484,9.0,420.0,45.0,26.52015999999999,1.3797695875167846,bmm
,92,92x5x268x715,9.0,420.0,45.0,26.294439999999998,1.7075455904006958,bmm
,68,68x15x366x973,25.64,483.0,45.0,28.330800000000004,2.5604544162750242,bmm
,114,114x2x371x684,35.0,577.8,44.0,27.13424000000002,2.7368064403533934,bmm
,102,102x27x609x11,35.0,645.0,44.0,24.351399999999998,0.3035136044025421,bmm
,97,97x5x991x1,35.0,645.0,44.0,22.176679999999998,0.01913600005209446,bmm
,90,90x3x967x7,35.0,645.0,44.0,22.01432,0.10214399993419647,bmm
,107,107x28x971x50,26.0,645.0,43.28,23.686599999999995,0.8228479981422424,bmm
,65,65x4x831x44,26.0,645.0,43.0,23.546799999999994,0.2772159993648529,bmm
,129,129x32x668x45,26.0,645.0,43.0,23.37811999999999,0.676966416835785,bmm
,114,114x29x547x120,26.0,645.0,43.0,24.758319999999994,0.9343679904937744,bmm
,89,89x24x782x115,25.8,645.0,43.0,24.80792,0.9368575930595398,bmm
,77,77x26x920x84,25.0,580.2,43.0,24.217760000000002,0.7802815914154053,bmm
,119,119x5x938x147,25.0,499.2,43.0,24.358359999999998,1.6737344026565553,bmm
,126,126x9x714x184,25.0,687.0,43.0,25.3208,1.7001279830932616,bmm
,82,82x9x534x234,35.0,795.0,43.0,24.67263999999999,1.0727168083190919,bmm
,95,95x28x706x419,35.0,845.4,43.0,27.29228000000001,0.8102783918380737,bmm
,123,123x7x692x451,35.0,1005.0,43.0,36.15820000000001,0.6298048019409179,bmm
,129,129x8x631x295,35.0,1005.0,43.0,42.271720000000016,0.4032639980316162,bmm
,114,114x11x1006x1003,35.0,1005.0,45.0,47.52204,2.2490880489349365,bmm
,67,67x14x662x707,32.76,1005.0,45.0,45.784000000000006,0.712774395942688,bmm
,109,109x5x662x773,31.0,1005.0,45.0,43.89939999999999,0.7637375950813293,bmm
,120,120x39x7x11,31.0,1005.0,46.0,40.49703999999998,0.014547199942171574,bmm
,124,124x47x11x8,31.0,1005.0,46.0,35.81315999999999,0.01690240018069744,bmm
,65,65x37x29x2,31.0,1005.0,46.0,35.52300000000002,0.018579200282692908,bmm
,107,107x38x2x34,31.0,1005.0,46.0,35.51,0.01438720002770424,bmm
,66,66x61x9x41,31.0,1005.0,46.0,35.548999999999985,0.014483200013637542,bmm
,83,83x34x8x59,31.0,1005.0,46.0,35.54200000000002,0.012678399868309497,bmm
,73,73x34x25x77,31.0,1005.0,46.0,35.38699999999998,0.026636799797415733,bmm
,83,83x59x11x65,19.56,1005.0,46.0,35.51800000000002,0.020550400018692017,bmm
,112,112x43x16x85,9.0,1005.0,46.0,35.413000000000004,0.024582400172948837,bmm
,108,108x45x24x140,9.0,813.0,46.0,35.45399999999998,0.04046719893813133,bmm
,121,121x50x2x189,9.0,525.0,46.0,35.67200000000002,0.05246080160140991,bmm
,88,88x35x21x219,9.0,505.8,46.0,35.32899999999998,0.07462399899959564,bmm
,121,121x49x21x310,9.0,495.0,46.0,35.513479999999994,0.13719039857387544,bmm
,65,65x65x13x396,9.0,451.8,46.0,35.93648,0.17530239820480348,bmm
,78,78x54x26x281,9.0,450.0,46.0,35.78920000000002,0.10995839983224868,bmm
,65,65x63x16x1021,9.0,435.0,46.0,35.953800000000015,0.1815168023109436,bmm
,108,108x51x15x817,9.08,435.0,46.0,36.30056,0.263782399892807,bmm
,122,122x65x15x1021,11.0,405.0,46.0,36.93912000000002,0.7370751976966858,bmm
,114,114x39x45x21,11.0,390.0,46.0,37.093880000000006,0.05905280038714409,bmm
,117,117x54x41x22,11.0,390.0,46.0,35.34683999999999,0.05987840071320534,bmm
,84,84x49x36x13,11.0,390.0,46.0,35.34779999999999,0.05052799955010414,bmm
,122,122x35x42x35,11.0,390.0,46.0,35.28372000000001,0.06078720018267632,bmm
,78,78x48x38x42,11.0,390.0,46.0,35.30811999999998,0.05110400021076202,bmm
,101,101x59x55x48,11.0,390.0,46.0,35.21976000000001,0.06224000006914139,bmm
,127,127x52x46x94,11.0,390.0,46.0,30.29200000000002,0.13209600150585174,bmm
,88,88x44x42x72,12.92,390.0,46.0,23.587079999999997,0.08254719972610473,bmm
,72,72x46x46x97,13.0,390.0,46.0,23.3352,0.08191999793052673,bmm
,83,83x40x33x215,13.0,390.0,45.64,23.267000000000003,0.11982079893350601,bmm
,123,123x36x53x202,13.0,390.0,45.0,23.912759999999995,0.26429439783096315,bmm
,98,98x59x59x222,13.0,390.0,45.0,23.960680000000004,0.2948159992694855,bmm
,111,111x62x46x488,13.0,390.0,44.6,24.0676,0.5947200059890747,bmm
,76,76x42x65x513,13.84,390.0,44.0,23.517319999999998,0.45160319805145266,bmm
,108,108x45x64x295,20.0,390.0,44.0,23.374280000000017,0.3728383958339691,bmm
,124,124x45x40x691,20.0,390.0,44.0,23.738600000000005,0.7165696024894714,bmm
,125,125x33x65x922,20.0,390.0,44.0,24.67544,1.1306495904922484,bmm
,112,112x61x57x976,20.0,390.0,44.0,25.36327999999999,1.267519998550415,bmm
,68,68x44x66x24,31.0,390.0,43.48,23.07400000000001,0.0733568012714386,bmm
,123,123x54x94x28,31.0,390.0,43.0,21.9774,0.24074880182743072,bmm
,109,109x46x121x19,31.0,390.0,43.0,21.838080000000005,0.3165504038333893,bmm
,108,108x64x76x62,31.0,390.0,43.0,22.082600000000003,0.45703679919242857,bmm
,101,101x35x110x61,27.92,390.0,43.0,22.473159999999993,0.44045439958572385,bmm
,76,76x36x112x37,24.0,390.0,43.0,21.501040000000003,0.14430719912052153,bmm
,90,90x50x66x70,24.0,390.0,43.0,21.921799999999994,0.2809600055217743,bmm
,73,73x51x125x97,24.0,390.0,43.0,22.49008,0.5855552077293396,bmm
,120,120x38x123x88,24.0,390.0,42.32,22.620120000000007,0.688153612613678,bmm
,100,100x54x98x244,24.92,390.0,42.0,23.06512,1.2355584144592284,bmm
,91,91x49x113x192,25.0,408.0,42.0,23.793600000000005,0.9083071947097778,bmm
,82,82x41x95x144,25.0,435.0,42.0,23.012440000000005,0.5949056029319764,bmm
,96,96x36x92x482,28.96,460.2,42.0,23.503799999999988,1.8151360034942627,bmm
,66,66x64x88x506,36.0,525.0,42.0,23.852680000000007,1.5691456079483033,bmm
,68,68x43x87x430,36.0,532.2,42.0,23.504559999999998,1.2092096090316773,bmm
,107,107x42x70x761,36.0,756.6,42.0,25.06967999999999,0.9054399967193604,bmm
,126,126x57x82x950,37.0,783.6,42.0,25.55439999999999,1.6456511974334718,bmm
,75,75x33x117x699,37.0,810.0,42.0,25.718839999999997,0.8183168053627015,bmm
,97,97x54x183x22,37.0,810.0,42.88,23.78136,0.188646399974823,bmm
,84,84x54x216x22,37.0,810.0,43.0,22.251440000000013,0.18877439796924592,bmm
,123,123x47x229x22,37.0,810.0,42.96,22.914599999999997,0.24051840007305145,bmm
,124,124x61x136x33,21.64,810.0,42.0,22.570080000000004,0.21425919830799103,bmm
,75,75x41x141x47,21.0,810.0,42.0,22.438600000000005,0.1320959985256195,bmm
,74,74x35x133x40,21.0,810.0,42.0,22.298999999999996,0.0953792005777359,bmm
,105,105x57x222x120,21.0,810.0,42.0,23.041279999999997,0.4862335979938507,bmm
,121,121x40x205x111,21.0,810.0,42.0,22.937119999999986,0.42718719840049746,bmm
,77,77x37x176x76,17.08,630.0,42.0,22.87704,0.2169535994529724,bmm
,68,68x65x165x205,14.0,453.0,42.0,24.05824,1.2276991844177245,bmm
,97,97x38x174x151,14.0,525.0,42.0,22.840919999999986,1.0488704204559327,bmm
,103,103x59x131x151,14.0,525.0,42.0,22.95979999999999,1.0902208089828491,bmm
,118,118x38x176x509,31.0,688.2,42.0,24.82404,1.332921576499939,bmm
,104,104x35x170x282,31.0,765.0,42.0,25.057200000000012,0.6750208020210267,bmm
,91,91x39x242x334,31.0,765.0,42.0,24.62072000000001,0.9392192006111145,bmm
,69,69x53x136x627,31.0,765.0,42.0,24.292240000000003,0.852134394645691,bmm
,72,72x64x245x868,31.0,765.0,42.6,26.37464,1.9794687986373902,bmm
,72,72x53x241x544,31.0,765.0,43.0,25.22004000000001,1.218611216545105,bmm
,96,96x46x493x4,31.0,765.0,42.48,24.11783999999999,0.28525440096855165,bmm
,92,92x34x464x22,31.0,765.0,42.0,22.552240000000012,0.2899648010730743,bmm
,100,100x55x418x8,31.0,765.0,42.0,22.5462,0.30579839944839476,bmm
,95,95x34x273x49,22.72,626.4,42.0,23.06675999999999,0.27573760151863097,bmm
,76,76x41x276x58,22.0,570.0,42.0,22.421039999999998,0.7119935870170593,bmm
,78,78x40x394x49,22.0,552.0,42.0,22.80412,0.9037312030792236,bmm
,68,68x45x449x74,22.0,531.6,42.0,23.029559999999996,1.0928319931030273,bmm
,129,129x49x375x128,26.6,549.0,42.0,24.275480000000012,1.1846848130226135,bmm
,65,65x38x304x117,27.0,645.0,42.0,22.929479999999984,0.34876800179481504,bmm
,106,106x61x267x178,27.0,645.0,42.0,23.6902,0.8339136004447937,bmm
,89,89x63x494x137,27.0,645.0,42.0,25.5564,1.1168256044387816,bmm
,82,82x38x500x219,28.92,645.0,42.0,24.83424,1.1525440216064453,bmm
,101,101x53x351x376,29.0,645.0,42.0,25.681440000000002,1.6690944194793702,bmm
,78,78x41x402x429,29.0,645.0,42.0,25.464240000000007,1.5777791738510132,bmm
,92,92x63x343x498,29.0,645.0,42.0,26.411199999999997,1.9825536012649536,bmm
,81,81x37x496x551,32.0,826.8,42.0,28.83439999999999,0.876204788684845,bmm
,129,129x48x287x981,32.0,915.0,42.0,42.329039999999985,1.3476095914840698,bmm
,125,125x40x332x861,32.0,915.0,44.16,43.39352000000002,1.295468807220459,bmm
,83,83x60x882x14,32.0,915.0,45.0,45.11900000000001,0.27441920042037965,bmm
,70,70x48x1012x4,32.0,915.0,45.0,37.63780000000001,0.3076799988746643,bmm
,117,117x44x932x23,32.0,915.0,45.0,37.35520000000001,0.2928511917591095,bmm
,85,85x65x618x61,29.0,915.0,45.0,37.716080000000005,0.28887040019035337,bmm
,93,93x36x734x41,29.0,915.0,45.0,37.382200000000005,0.22826239764690398,bmm
,76,76x60x864x42,29.0,915.0,45.0,37.062999999999995,0.2682815909385681,bmm
,117,117x46x711x82,29.0,915.0,45.0,37.88923999999999,0.4240768074989319,bmm
,88,88x54x725x78,29.0,915.0,45.0,39.47876000000001,0.33207039833068847,bmm
,89,89x47x714x80,29.0,915.0,45.0,38.12407999999998,0.32762880325317384,bmm
,126,126x59x907x133,29.0,915.0,45.0,39.67068,0.8316352128982544,bmm
,106,106x46x661x244,29.0,915.0,45.4,42.96956000000001,0.6851583838462829,bmm
,95,95x43x609x224,16.0,600.0,46.0,34.67972000000002,1.5923648118972777,bmm
,103,103x64x940x498,16.0,849.6,46.0,33.00880000000001,1.5696896314620972,bmm
,84,84x39x846x437,16.0,1080.0,46.0,45.728399999999986,1.0644287824630738,bmm
,111,111x60x889x358,16.0,1080.0,46.64,44.73432000000002,1.1517312049865722,bmm
,86,86x55x912x985,33.0,1080.0,47.0,51.34527999999998,2.378227186203003,bmm
,66,66x52x954x918,33.0,1095.0,47.0,54.79927999999999,1.8848575830459595,bmm
,72,72x34x715x1020,33.0,1095.0,49.0,55.55951999999998,1.4727936029434203,bmm
,92,92x94x29x4,33.0,1095.0,49.0,48.583560000000006,0.028748800233006477,bmm
,95,95x121x18x16,33.0,1095.0,49.0,40.954679999999996,0.02483839988708496,bmm
,114,114x100x26x11,33.0,1095.0,49.0,39.27932000000001,0.030719999223947525,bmm
,129,129x122x5x33,33.0,1095.0,48.0,39.367879999999985,0.02252800017595291,bmm
,100,100x123x28x40,29.0,1095.0,48.0,39.303,0.03025920018553734,bmm
,70,70x103x8x53,23.0,1095.0,48.0,39.562000000000005,0.0151936000213027,bmm
,108,108x126x13x66,23.0,1095.0,48.0,39.277000000000015,0.03736319988965988,bmm
,116,116x112x3x110,23.0,1095.0,48.0,39.52300000000002,0.03102080002427101,bmm
,91,91x85x24x67,23.0,1095.0,48.0,39.77599999999998,0.0370048001408577,bmm
,70,70x71x14x251,23.0,1095.0,48.0,39.63943999999998,0.0473471999168396,bmm
,81,81x69x15x144,23.0,1095.0,48.0,39.77816,0.05173120051622391,bmm
,94,94x93x13x144,23.0,1095.0,48.0,39.63071999999999,0.059353601187467575,bmm
,114,114x78x26x281,23.0,1095.0,48.0,39.96691999999998,0.14264319837093353,bmm
,66,66x97x17x465,23.0,1095.0,48.0,40.31004,0.09162239879369735,bmm
,107,107x129x3x468,6.0,465.0,48.0,39.10320000000002,0.3563775956630707,bmm
,67,67x102x23x978,6.0,459.6,48.0,36.959000000000024,0.3991551995277405,bmm
,128,128x82x26x639,6.0,450.0,48.0,38.04680000000002,0.6230143904685974,bmm
,120,120x66x13x828,6.0,420.0,48.0,37.77032000000001,0.6078848004341125,bmm
,73,73x111x64x9,6.0,415.8,47.68,37.091,0.08661759942770005,bmm
,114,114x73x61x12,6.0,405.0,47.0,35.53099999999998,0.11757440119981766,bmm
,67,67x107x47x19,6.0,391.8,47.0,35.534080000000024,0.061158400028944016,bmm
,127,127x93x49x45,6.0,390.0,47.0,35.29851999999999,0.12309119999408721,bmm
,78,78x66x35x57,15.0,390.0,47.0,35.512,0.07114880084991455,bmm
,118,118x92x52x65,15.0,390.0,47.0,35.45476000000001,0.20700799822807311,bmm
,68,68x107x35x96,15.0,390.0,47.0,30.991999999999994,0.09761920273303985,bmm
,81,81x128x52x106,15.0,390.0,47.0,24.02220000000001,0.20680320262908936,bmm
,115,115x81x39x69,15.0,390.0,46.0,23.799719999999997,0.17107840180397033,bmm
,104,104x110x62x208,15.0,390.0,46.0,23.930599999999995,0.43743359446525576,bmm
,68,68x76x34x140,15.0,390.0,46.0,25.567560000000004,0.18513280153274536,bmm
,79,79x111x42x256,15.72,390.0,45.48,24.18260000000001,0.34714239835739136,bmm
,106,106x98x35x481,18.0,390.0,45.0,24.634559999999993,0.7058239936828613,bmm
,67,67x93x58x454,18.0,390.0,45.0,24.17316,0.5133631944656372,bmm
,86,86x126x49x482,18.0,390.0,45.0,23.896560000000004,0.769375991821289,bmm
,99,99x110x47x609,18.0,390.0,45.0,24.429120000000008,0.981331205368042,bmm
,80,80x68x57x753,19.76,390.0,44.16,24.581999999999994,0.8739711999893188,bmm
,86,86x74x48x1024,29.0,390.0,44.0,25.103679999999994,1.0690304040908813,bmm
,111,111x91x111x28,29.0,390.0,44.0,23.239399999999993,0.25873919725418093,bmm
,90,90x66x127x26,29.0,390.0,44.0,22.45748,0.22008320093154907,bmm
,117,117x97x128x11,29.0,390.0,44.0,22.767920000000007,0.6115008115768432,bmm
,68,68x113x123x57,27.08,390.0,44.0,22.433560000000003,0.6099647879600525,bmm
,87,87x72x111x65,27.0,390.0,43.0,22.64448,0.49496959447860717,bmm
,79,79x107x104x39,27.0,390.0,43.0,22.651600000000002,0.5427903890609741,bmm
,109,109x129x113x126,30.36,599.4,43.0,25.34532,0.7019968032836914,bmm
,109,109x115x98x107,39.0,735.0,43.0,23.7692,0.38159359693527223,bmm
,97,97x68x111x95,39.0,735.0,43.0,22.996079999999992,0.2697664022445679,bmm
,126,126x65x112x187,39.0,735.0,43.0,23.214679999999998,0.5171007990837098,bmm
,123,123x91x72x199,39.0,735.0,43.0,23.442159999999998,0.4711359977722168,bmm
,120,120x91x90x203,39.0,735.0,43.0,23.750640000000004,0.5288704037666321,bmm
,107,107x83x71x402,18.0,735.0,43.0,23.886199999999988,0.6950143933296203,bmm
,125,125x125x90x357,18.0,735.0,43.0,25.74895999999999,1.0588415622711183,bmm
,88,88x117x69x352,18.0,735.0,43.0,24.565960000000004,0.6328000068664551,bmm
,92,92x79x81x705,18.0,664.8,43.0,24.98988,1.0641151905059814,bmm
,127,127x73x70x927,27.0,628.8,43.0,24.3986,1.6610431909561156,bmm
,97,97x109x124x731,27.0,630.0,43.0,26.536920000000006,1.7036096096038817,bmm
,114,114x97x191x6,27.0,660.0,43.0,25.166080000000015,0.2978752017021179,bmm
,120,120x65x216x10,27.0,660.0,43.0,23.035960000000003,0.2716288030147552,bmm
,116,116x110x196x1,26.0,660.0,43.0,22.43755999999999,0.2677183926105499,bmm
,76,76x106x130x34,26.0,660.0,43.0,22.318360000000002,0.21596800088882445,bmm
,101,101x122x184x55,26.0,660.0,43.0,22.87620000000001,0.40314239263534546,bmm
,82,82x120x199x41,26.0,660.0,43.0,23.251560000000012,0.32948479652404783,bmm
,107,107x103x196x129,26.0,660.0,43.0,24.85120000000001,0.6825919985771179,bmm
,95,95x107x135x121,18.0,660.0,43.0,24.055680000000002,0.4366335988044739,bmm
,122,122x122x256x128,18.0,660.0,42.0,24.124600000000004,0.9286847949028015,bmm
,128,128x72x201x213,18.0,588.0,42.4,24.889120000000002,0.9848319888114929,bmm
,107,107x111x185x216,18.0,750.0,43.0,25.153600000000015,0.9131775975227356,bmm
,111,111x90x145x201,27.6,750.0,43.0,25.443239999999996,0.674892807006836,bmm
,108,108x111x240x352,30.0,750.0,43.0,25.824119999999997,1.5828736066818236,bmm
,71,71x102x180x297,30.0,750.0,43.0,25.59784,0.7436800122261047,bmm
,118,118x69x218x269,30.0,750.0,43.0,25.2606,1.1601280212402343,bmm
,69,69x89x189x735,30.0,750.0,43.0,26.71271999999999,1.5160576105117798,bmm
,122,122x120x232x767,30.0,750.0,43.0,29.428959999999982,3.5599615573883057,bmm
,104,104x100x136x776,30.0,840.0,44.0,31.218559999999997,0.9887680053710938,bmm
,114,114x122x302x20,30.0,840.0,44.0,41.38699999999997,0.2151232033967972,bmm
,113,113x66x449x18,30.0,840.0,44.0,37.37400000000002,0.3083392083644867,bmm
,93,93x124x363x15,30.0,840.0,44.0,37.81899999999999,0.249849596619606,bmm
,106,106x114x423x61,30.0,840.0,45.0,37.51087999999999,0.29705599546432493,bmm
,98,98x92x469x47,25.0,840.0,45.0,38.24856,0.3142848014831543,bmm
,84,84x76x477x61,25.0,840.0,45.0,37.48568000000001,0.2489791989326477,bmm
,95,95x93x419x105,25.0,840.0,45.0,37.6354,0.45166079998016356,bmm
,91,91x91x306x65,25.0,840.0,45.0,39.32100000000002,0.3262783944606781,bmm
,67,67x107x324x125,25.0,840.0,45.0,37.82980000000002,0.2274240016937256,bmm
,111,111x80x370x139,25.0,840.0,45.0,38.54636000000001,0.8613312005996704,bmm
,84,84x70x402x191,25.0,840.0,45.12,40.777159999999974,0.6992959976196289,bmm
,116,116x76x468x220,25.0,840.0,46.0,41.85156,1.1124287843704224,bmm
,125,125x72x330x489,19.0,840.0,46.0,42.89704,1.714355206489563,bmm
,76,76x114x489x360,19.0,720.0,46.76,37.863680000000016,2.268403196334839,bmm
,121,121x102x353x331,19.0,795.0,47.0,30.468040000000002,2.374911975860596,bmm
,73,73x73x422x825,19.0,900.0,47.0,37.558,2.0495231628417967,bmm
,105,105x126x445x822,19.0,900.0,47.0,48.810919999999996,2.961139106750488,bmm
,99,99x121x288x626,42.0,1110.0,47.68,44.099879999999985,1.096928024291992,bmm
,110,110x77x1018x16,42.0,1110.0,48.0,49.052999999999976,0.5063552021980285,bmm
,68,68x97x820x3,42.0,1110.0,48.0,44.933999999999976,0.22032639980316163,bmm
,88,88x66x993x21,42.0,1110.0,48.0,42.23827999999999,0.4856895923614502,bmm
,93,93x120x516x37,42.0,1110.0,49.0,43.08547999999999,0.26654720306396484,bmm
,128,128x71x599x50,42.0,1110.0,49.0,42.33012000000002,0.3157696008682251,bmm
,105,105x111x912x40,42.0,1110.0,49.0,43.05267999999998,0.4609472036361694,bmm
,110,110x78x947x124,20.4,1110.0,49.0,45.544280000000015,0.8166784048080444,bmm
,112,112x107x827x92,15.0,1110.0,49.0,49.23164,0.7098176002502441,bmm
,84,84x113x1015x79,15.0,1110.0,49.0,45.28960000000002,0.6222847938537598,bmm
,126,126x112x750x189,15.0,1110.0,49.04,49.53788,1.1397183895111085,bmm
,90,90x102x890x160,15.0,1110.0,50.0,49.10356000000001,0.9955968141555787,bmm
,72,72x105x846x252,15.0,1110.0,50.0,50.87823999999998,0.9258943915367126,bmm
,74,74x73x851x510,15.0,855.0,50.0,48.27959999999999,2.4801599979400635,bmm
,90,90x90x615x465,27.0,915.0,50.0,46.563199999999995,2.0521727561950684,bmm
,83,83x127x998x390,27.0,915.0,50.16,48.115159999999996,2.8931391716003416,bmm
,106,106x91x827x592,27.0,1131.6,51.0,53.99740000000001,3.1349631786346435,bmm
,88,88x103x855x844,27.0,1245.0,51.92,59.14671999999998,3.389907217025757,bmm
,75,75x121x765x815,40.0,1545.0,52.0,67.42859999999996,2.095788764953613,bmm
,110,110x156x26x13,40.0,1545.0,54.0,45.49300000000002,0.031699199229478836,bmm
,70,70x215x28x17,40.0,1545.0,54.0,45.379000000000005,0.027955199778079986,bmm
,105,105x158x29x7,40.0,1545.0,54.0,45.77099999999999,0.029529600217938424,bmm
,79,79x203x8x51,40.0,1545.0,54.0,45.72699999999999,0.018425600603222847,bmm
,68,68x156x29x52,40.0,1545.0,53.68,45.840999999999994,0.02241919972002506,bmm
,80,80x192x25x62,40.0,1545.0,52.0,45.74400000000001,0.026214399933815004,bmm
,82,82x184x7x110,40.0,1545.0,52.0,45.934999999999974,0.025779199972748756,bmm
,85,85x131x9x105,18.4,1545.0,52.0,46.07299999999999,0.034489599615335466,bmm
,115,115x249x20x71,10.0,1545.0,52.0,45.91499999999999,0.05939200147986412,bmm
,67,67x255x10x201,10.0,1545.0,52.0,46.602999999999994,0.05742719992995262,bmm
,88,88x185x7x172,10.0,1545.0,52.0,46.63300000000002,0.039161600172519684,bmm
,112,112x189x5x149,10.0,1545.0,52.0,46.198999999999984,0.04733439981937408,bmm
,65,65x205x19x461,10.0,1545.0,52.0,46.437,0.12336000055074692,bmm
,110,110x200x11x340,10.0,1545.0,52.0,48.07756000000001,0.13100800216197966,bmm
,77,77x135x27x511,10.0,1545.0,52.0,47.948759999999986,0.1555839955806732,bmm
,83,83x165x16x780,10.0,555.0,52.0,45.202760000000005,0.4344255983829498,bmm
,121,121x210x9x635,9.36,547.8,52.0,38.13999999999999,0.6234624028205872,bmm
,85,85x190x4x955,9.0,540.0,50.0,39.36136,0.439737594127655,bmm
,73,73x257x42x20,9.0,510.0,50.0,37.464040000000026,0.11423360109329224,bmm
,101,101x251x33x14,9.0,504.0,50.0,35.97540000000001,0.11473280191421509,bmm
,73,73x140x34x19,9.0,460.2,49.0,35.67336000000001,0.07457920014858246,bmm
,125,125x166x41x47,9.0,435.0,49.0,35.66899999999999,0.1379136025905609,bmm
,92,92x257x63x62,9.0,407.4,49.0,33.299959999999984,0.2791296005249023,bmm
,105,105x216x65x59,11.24,397.8,48.32,25.26039999999999,0.37340160012245177,bmm
,107,107x178x39x106,13.0,390.0,48.0,24.83616,0.3278591990470886,bmm
,94,94x209x59x123,13.0,375.0,48.0,24.282959999999992,0.44436479806900026,bmm
,105,105x197x51x69,13.0,375.0,47.12,24.02880000000001,0.3534783899784088,bmm
,128,128x146x40x173,13.0,390.0,47.0,24.314799999999995,0.48677759766578677,bmm
,97,97x198x42x239,13.0,390.0,46.76,24.048920000000013,0.6418431997299194,bmm
,94,94x191x43x212,20.0,390.0,46.0,23.70472,0.5450880050659179,bmm
,72,72x195x47x308,20.0,390.0,46.0,23.680240000000005,0.6052479982376099,bmm
,119,119x202x48x326,20.0,390.0,46.0,24.334600000000002,1.0778688192367554,bmm
,99,99x190x62x395,20.0,390.0,45.88,24.791159999999994,1.0893120050430298,bmm
,74,74x215x49x624,24.4,390.0,45.0,25.424559999999992,1.2849536180496215,bmm
,87,87x148x52x784,30.0,393.6,45.0,25.379360000000005,2.0461055755615236,bmm
,99,99x165x59x600,30.0,568.2,45.0,24.714879999999994,4.017836856842041,bmm
,89,89x163x89x23,41.0,587.4,44.56,24.089240000000004,0.6180608034133911,bmm
,76,76x244x92x24,41.0,645.0,44.0,22.750839999999993,0.2681024014949799,bmm
,69,69x207x119x19,41.0,645.0,44.0,22.77292,0.26787200570106506,bmm
,94,94x219x102x57,41.0,645.0,44.0,22.75051999999999,0.41295999884605405,bmm
,120,120x144x93x42,41.0,645.0,44.0,23.35103999999999,0.3275648057460785,bmm
,81,81x224x72x47,21.0,645.0,44.0,22.78320000000001,0.24338560402393342,bmm
,104,104x219x110x123,21.0,645.0,44.0,23.485599999999998,0.6765695929527282,bmm
,85,85x183x91x115,21.0,645.0,44.0,23.881560000000004,0.41564799547195436,bmm
,85,85x225x94x129,21.0,645.0,44.0,23.180639999999997,0.5315775871276855,bmm
,118,118x254x126x198,21.4,591.0,44.0,25.278600000000015,1.2460800170898438,bmm
,80,80x139x66x164,22.0,481.8,43.8,23.48572,0.9176768064498901,bmm
,110,110x250x96x157,22.0,658.2,43.0,25.362320000000004,0.8539200067520142,bmm
,94,94x155x81x500,22.0,810.0,43.0,25.3926,1.2126848220825195,bmm
,84,84x173x68x501,33.44,810.0,43.0,25.65412,1.1071424245834351,bmm
,109,109x158x123x441,35.0,813.0,43.92,26.99975999999999,1.5750079870223999,bmm
,80,80x185x68x561,35.0,885.0,44.0,31.746999999999993,0.46599040031433103,bmm
,87,87x192x115x935,35.0,885.0,44.8,42.01959999999999,1.232806420326233,bmm
,106,106x140x98x923,35.0,885.0,46.0,42.76080000000002,1.6428928136825562,bmm
,118,118x221x209x29,34.76,885.0,46.0,44.09971999999999,0.29082239866256715,bmm
,92,92x245x250x4,29.0,885.0,46.0,37.79251999999998,0.2582271993160248,bmm
,102,102x139x252x13,29.0,885.0,46.0,36.93100000000001,0.21603839993476867,bmm
,128,128x159x165x56,29.0,885.0,46.0,37.27459999999999,0.1862335979938507,bmm
,88,88x216x228x57,29.0,885.0,46.0,37.53476,0.24037760198116304,bmm
,89,89x161x211x60,29.0,885.0,46.0,37.28216000000002,0.16308480203151704,bmm
,121,121x137x142x100,29.0,885.0,46.0,37.308560000000014,0.31345279812812804,bmm
,126,126x254x206x65,29.0,885.0,46.0,38.06055999999998,0.5014912009239196,bmm
,111,111x188x145x97,29.0,885.0,46.0,40.31899999999999,0.25847039818763734,bmm
,105,105x135x132x247,12.0,885.0,47.0,38.49807999999998,0.508735990524292,bmm
,113,113x228x130x204,12.0,802.2,47.0,38.77752,0.6118463993072509,bmm
,114,114x231x193x252,12.0,540.0,47.0,32.095159999999986,1.788928008079529,bmm
,72,72x202x255x325,12.0,540.0,46.0,29.37447999999999,1.7752255916595459,bmm
,124,124x188x239x398,12.0,612.0,46.0,30.99640000000001,2.7406591892242433,bmm
,89,89x151x177x379,27.0,690.0,46.0,29.347919999999995,1.3609216213226318,bmm
,82,82x203x220x670,37.0,718.8,46.0,30.146440000000002,2.879487991333008,bmm
,129,129x245x151x760,37.0,823.2,46.0,31.416799999999984,1.9723904132843018,bmm
,80,80x157x239x645,37.0,1050.0,46.0,45.33692,1.603648042678833,bmm
,120,120x252x281x6,37.0,1050.0,48.0,50.56099999999999,0.3215104043483734,bmm
,70,70x199x437x25,37.0,1050.0,48.0,43.26480000000001,0.29795839786529543,bmm
,69,69x168x404x13,37.0,1050.0,48.0,42.04628,0.22340479791164397,bmm
,85,85x144x329x51,37.0,1050.0,48.0,41.28188000000002,0.2004608005285263,bmm
,98,98x198x259x52,37.0,1050.0,48.0,41.485079999999996,0.23697280287742614,bmm
,120,120x219x432x49,37.0,1050.0,48.0,42.19600000000001,0.4671296000480652,bmm
,88,88x228x465x119,37.0,1050.0,48.0,45.56247999999998,0.6732224106788636,bmm
,93,93x192x282x120,37.0,1050.0,48.2,45.60927999999999,0.35225600004196167,bmm
,79,79x166x483x109,37.0,1050.0,49.0,43.43419999999998,0.4531071960926056,bmm
,70,70x129x398x193,24.12,1050.0,49.0,44.74199999999999,0.7636799931526184,bmm
,72,72x247x333x171,14.0,1050.0,49.0,46.698,0.6389439821243286,bmm
,112,112x184x277x132,14.0,1050.0,49.0,48.03755999999998,0.604038393497467,bmm
,126,126x171x415x493,14.0,914.4,49.0,46.75796,2.4001983642578124,bmm
,117,117x180x427x318,14.0,810.0,50.0,47.53012,2.2220863819122316,bmm
,66,66x139x374x369,14.0,810.0,50.0,45.1504,1.3253888130187987,bmm
,108,108x219x502x890,28.0,1075.2,50.76,56.60767999999997,4.008211135864258,bmm
,88,88x249x280x592,28.0,1545.0,51.0,64.99672000000001,1.3031232118606568,bmm
,76,76x207x458x649,28.0,1545.0,53.0,65.28260000000004,2.2039615631103517,bmm
,129,129x168x831x20,28.0,1545.0,53.0,66.00636,0.5471936106681824,bmm
,107,107x175x855x28,28.0,1545.0,53.0,54.96299999999999,0.5385600090026855,bmm
,125,125x143x789x30,36.0,1545.0,53.76,56.39083999999999,0.49258239269256593,bmm
,113,113x230x685x65,36.0,1545.0,54.0,57.164040000000014,0.8467968106269836,bmm
,99,99x141x746x48,36.0,1545.0,54.0,57.856399999999994,0.4305088043212891,bmm
,76,76x169x676x34,36.0,1545.0,54.0,52.89347999999999,0.312992000579834,bmm
,89,89x191x917x92,36.0,1545.0,54.0,52.821,0.6668352007865905,bmm
,88,88x218x531x96,36.0,1545.0,54.0,61.519,0.5277888178825378,bmm
,104,104x190x776x92,36.0,1545.0,54.0,58.56664000000001,0.6880319952964783,bmm
,126,126x165x703x137,36.0,1545.0,54.24,60.21687999999998,1.1742592096328734,bmm
,92,92x174x784x148,22.4,1218.6,55.0,57.325480000000006,0.9344511985778808,bmm
,124,124x217x810x171,19.0,1020.0,54.84,52.575400000000016,2.502028799057007,bmm
,87,87x210x611x427,19.0,1155.0,54.0,58.09948000000003,2.905241584777832,bmm
,67,67x201x525x441,19.0,1335.0,54.0,59.07699999999997,1.7191232204437257,bmm
,117,117x254x970x288,19.0,1335.0,55.0,69.81412000000003,4.052275276184082,bmm
,94,94x211x848x520,40.0,1776.0,55.32,89.17679999999999,3.5358527183532713,bmm
,78,78x152x674x577,40.0,1920.0,59.0,91.03672000000002,1.9945152282714844,bmm
,73,73x145x993x792,40.0,1897.2,61.8,122.87787999999995,3.781004810333252,bmm
,122,122x269x20x20,40.0,1895.4,66.0,119.80399999999996,0.03633280098438263,bmm
,81,81x394x26x2,40.0,1905.0,66.0,72.00836000000001,0.0374271996319294,bmm
,65,65x385x23x15,30.0,1905.0,66.0,64.97612000000001,0.02805120013654232,bmm
,111,111x512x12x62,30.0,1905.0,65.2,65.15740000000001,0.0543615996837616,bmm
,101,101x403x18x41,30.0,1916.4,62.0,64.00600000000003,0.041286400705575946,bmm
,107,107x372x16x52,30.0,1920.0,62.0,64.84999999999997,0.0359935998916626,bmm
,115,115x357x17x108,30.0,1920.0,62.0,65.30099999999999,0.06769920140504837,bmm
,111,111x317x20x91,30.0,1920.0,61.0,67.11571999999997,0.05585920065641403,bmm
,103,103x348x20x113,30.0,1920.0,61.0,66.58612000000001,0.06252800151705742,bmm
,121,121x345x17x241,30.0,1920.0,61.0,67.7046,0.13385599851608276,bmm
,93,93x399x31x174,30.0,1920.0,61.0,70.19704,0.1237311989068985,bmm
,95,95x501x25x172,5.0,1920.0,61.0,69.93727999999996,0.13722879886627198,bmm
,104,104x309x10x289,5.0,1920.0,61.0,69.22508000000003,0.12097279876470565,bmm
,65,65x328x13x298,5.0,1920.0,61.0,68.69355999999998,0.092774398624897,bmm
,98,98x408x10x447,5.0,1571.4,61.0,68.57899999999997,0.2091264009475708,bmm
,115,115x264x31x741,5.0,675.0,58.0,51.56919999999998,1.0257472038269042,bmm
,129,129x344x15x542,5.0,660.0,58.0,39.73960000000002,0.8380543947219848,bmm
,99,99x309x21x517,8.6,622.8,54.8,38.44919999999998,0.6615103960037232,bmm
,104,104x496x58x2,14.0,600.0,54.0,38.56899999999999,0.24854399859905243,bmm
,78,78x268x41x18,14.0,556.8,54.0,36.840959999999995,0.10764160007238388,bmm
,107,107x276x61x27,14.0,555.0,53.44,36.24952000000002,0.18996480405330657,bmm
,71,71x299x64x53,14.0,525.0,52.0,36.49916000000002,0.13789440095424652,bmm
,108,108x394x35x61,14.0,511.8,52.0,36.29083999999998,0.19994880259037018,bmm
,90,90x503x57x48,14.0,460.8,51.32,36.161239999999985,0.2762623965740204,bmm
,96,96x361x49x117,14.0,450.0,51.0,37.504199999999976,0.3727551996707916,bmm
,73,73x503x38x114,12.0,435.0,51.0,32.04528000000001,0.5955072045326233,bmm
,90,90x301x47x125,12.0,420.6,49.0,24.378999999999998,0.5320703983306885,bmm
,113,113x416x55x218,12.0,390.0,49.0,26.815639999999995,1.4036799907684325,bmm
,105,105x447x46x189,12.0,450.0,49.0,26.64412,1.181875228881836,bmm
,113,113x385x34x239,14.72,465.0,49.0,25.117839999999987,1.2630079984664917,bmm
,101,101x382x49x326,29.0,465.0,48.28,26.320320000000002,1.5971648216247558,bmm
,111,111x362x62x493,29.0,465.0,47.56,25.829639999999994,2.524460792541504,bmm
,103,103x478x49x421,29.0,536.4,47.0,26.81904,2.4960960388183593,bmm
,66,66x292x65x994,37.0,591.6,47.0,27.07756000000001,2.4328511714935304,bmm
,72,72x415x37x985,37.0,738.0,47.0,27.6806,3.2636735916137694,bmm
,76,76x454x50x871,37.0,877.8,47.0,29.557640000000006,1.2497087955474853,bmm
,115,115x292x109x23,37.0,945.0,47.0,37.082199999999986,0.17882239818572998,bmm
,117,117x264x108x24,39.0,945.0,47.0,37.52860000000001,0.1840256005525589,bmm
,84,84x448x115x26,39.0,945.0,47.0,37.246600000000015,0.2019327998161316,bmm
,93,93x286x109x43,39.0,945.0,47.0,37.33811999999998,0.15653119683265687,bmm
,126,126x401x116x33,39.0,945.0,47.36,37.79812000000002,0.27654399871826174,bmm
,118,118x333x87x45,39.0,945.0,48.0,38.11476000000001,0.1828352004289627,bmm
,65,65x409x66x69,39.0,945.0,48.0,37.53700000000001,0.17835519909858705,bmm
,108,108x468x75x79,39.0,945.0,48.0,37.357999999999976,0.3438335955142975,bmm
,129,129x297x124x127,39.0,945.0,48.0,39.01,0.38619519472122193,bmm
,106,106x400x108x131,39.0,945.0,48.0,40.78644,0.6160384058952332,bmm
,97,97x432x81x243,13.0,945.0,48.0,40.337599999999995,0.5775871872901917,bmm
,115,115x425x84x201,13.0,945.0,48.0,39.77300000000002,0.6775487899780274,bmm
,128,128x468x99x302,13.0,945.0,49.0,43.62871999999999,1.4897151708602905,bmm
,81,81x413x98x408,13.0,945.0,49.0,43.936080000000004,1.1057087659835816,bmm
,109,109x461x121x353,13.0,776.4,49.0,36.791559999999976,2.8916672229766847,bmm
,94,94x466x69x1017,14.6,1050.0,49.0,44.29343999999999,1.9434495925903321,bmm
,93,93x483x85x530,33.0,1050.0,49.0,51.15672000000001,1.3768896102905273,bmm
,106,106x508x101x711,33.0,1050.0,50.0,51.137879999999974,2.1992063999176024,bmm
,119,119x510x190x4,33.0,1050.0,50.0,56.889799999999994,0.41666560173034667,bmm
,71,71x273x212x4,33.0,1050.0,50.0,43.124359999999996,0.18523520231246948,bmm
,129,129x420x194x26,33.0,1050.0,50.0,42.108999999999995,0.4091455936431885,bmm
,73,73x369x165x39,33.0,1050.0,50.0,42.729479999999974,0.1848128020763397,bmm
,102,102x342x201x37,33.0,1050.0,50.0,41.45600000000001,0.2966207981109619,bmm
,74,74x360x208x34,21.0,1050.0,50.0,43.021480000000004,0.2332800030708313,bmm
,88,88x454x226x96,21.0,1050.0,50.0,43.109639999999985,0.6493759989738465,bmm
,108,108x481x243x116,21.0,1050.0,50.0,45.5726,0.8497600078582763,bmm
,88,88x378x132x91,21.0,1050.0,50.0,49.667,0.30936319231987,bmm
,89,89x464x201x235,21.0,1038.6,50.44,45.80528000000002,1.1563584089279175,bmm
,82,82x471x141x157,21.0,765.0,51.0,44.0816,0.8506431937217712,bmm
,128,128x275x223x144,21.0,720.0,51.0,41.95556000000002,1.3437631845474243,bmm
,103,103x433x225x360,22.0,720.0,50.08,46.11707999999998,2.8719040393829345,bmm
,82,82x463x178x260,22.0,750.0,50.0,45.0096,1.9919487714767456,bmm
,92,92x497x135x364,22.0,750.0,50.0,44.60679999999999,1.706060767173767,bmm
,65,65x457x176x869,22.0,750.0,50.0,48.06947999999999,3.5180288314819337,bmm
,94,94x434x231x743,27.76,1008.6,50.72,50.959720000000026,3.18721923828125,bmm
,119,119x480x164x607,46.0,1500.0,51.0,61.058359999999965,2.2731391906738283,bmm
,91,91x267x344x24,46.0,1500.0,54.0,61.76700000000003,0.26613119840621946,bmm
,78,78x497x337x26,46.0,1500.0,54.0,50.75375999999999,0.39373440146446226,bmm
,93,93x274x374x7,46.0,1500.0,54.0,53.065560000000005,0.2937343955039978,bmm
,107,107x489x450x42,46.0,1500.0,54.0,53.09419999999998,0.6680768013000489,bmm
,102,102x471x266x39,46.0,1500.0,53.0,55.54940000000001,0.38370559811592103,bmm
,125,125x370x332x37,31.96,1500.0,53.0,52.93212000000004,0.4539455950260162,bmm
,124,124x344x448x68,19.0,1500.0,53.0,54.991119999999995,0.9030656218528748,bmm
,75,75x387x490x105,19.0,1500.0,53.2,60.681720000000006,0.7291839957237244,bmm
,79,79x482x457x65,19.0,1500.0,54.0,57.61779999999999,0.8048767924308777,bmm
,95,95x284x383x172,19.0,1500.0,54.0,58.44299999999999,0.8365952014923096,bmm
,97,97x364x393x168,19.0,1500.0,54.0,64.83359999999999,1.0361471891403198,bmm
,72,72x396x510x156,19.0,1276.8,55.0,57.607520000000015,1.1506495952606202,bmm
,125,125x375x311x293,21.0,1005.0,55.0,52.6342,2.8189055919647217,bmm
,102,102x399x450x464,21.0,1158.6,54.0,60.291599999999974,4.1257791996002195,bmm
,89,89x480x364x513,21.0,1875.0,55.68,89.77196000000002,2.8200127601623537,bmm
,121,121x448x324x953,23.08,1864.8,60.0,129.57832000000005,4.861683082580567,bmm
,108,108x381x506x907,47.0,1849.8,67.0,141.78108,5.715116786956787,bmm
,95,95x405x272x608,47.0,1896.0,67.0,113.91407999999996,1.9377599954605103,bmm
,73,73x415x886x25,47.0,1905.0,70.0,125.55527999999997,0.8203711986541748,bmm
,67,67x407x625x32,47.0,1905.0,70.0,91.23519999999999,0.5334143996238708,bmm
,129,129x493x698x15,47.0,1905.0,70.0,86.52,1.1937792301177979,bmm
,85,85x291x660x40,33.0,1905.0,69.6,107.5734,0.5481088042259217,bmm
,72,72x399x732x62,33.0,1905.0,68.0,86.07880000000003,0.7037887930870056,bmm
,65,65x259x573x50,33.0,1905.0,68.0,86.9892,0.32419840097427366,bmm
,85,85x347x851x104,33.0,1905.0,68.0,84.78708,0.9479168057441711,bmm
,111,111x493x762x126,33.0,1905.0,68.8,120.58540000000002,1.5507904052734376,bmm
,125,125x405x742x67,33.0,1905.0,69.0,114.16035999999998,1.384825587272644,bmm
,83,83x502x513x241,33.0,1905.0,69.0,127.13232000000002,1.5026368379592896,bmm
,102,102x364x616x253,30.6,1905.0,71.4,123.39979999999994,1.5723392486572265,bmm
,104,104x472x792x252,27.0,1653.0,72.0,113.86767999999995,2.751033639907837,bmm
,69,69x351x915x290,27.0,1573.8,68.0,73.96127999999996,2.8874496459960937,bmm
,65,65x423x752x348,27.0,1563.6,68.0,84.93176000000001,2.6489023685455324,bmm
,95,95x273x853x488,31.8,1701.0,65.0,94.70576000000007,3.4574464321136475,bmm
,68,68x482x524x869,37.0,1866.0,65.0,140.8685199999999,4.2593599319458,bmm
,87,87x419x919x667,37.0,1813.2,73.0,139.97123999999994,7.189574432373047,bmm
,74,74x359x999x769,43.0,1800.6,73.96,149.90919999999997,6.797555160522461,bmm
,99,99x939x6x26,52.0,1858.2,74.0,119.75595999999994,0.05443199947476387,bmm
,65,65x622x18x7,52.0,1875.0,74.0,76.41324,0.037529599666595456,bmm
,66,66x531x21x33,52.0,1875.6,69.0,67.45856000000002,0.03752960041165352,bmm
,113,113x739x22x60,52.0,1905.0,69.0,66.42739999999998,0.08533759862184524,bmm
,122,122x945x17x42,52.0,1905.0,69.0,68.45931999999998,0.09703679978847504,bmm
,65,65x665x1x48,52.0,1905.0,68.16,69.03751999999997,0.02419840022921562,bmm
,101,101x866x4x103,52.0,1905.0,66.0,68.40844000000001,0.11236480176448822,bmm
,125,125x664x18x127,38.88,1905.0,66.0,69.70992000000001,0.14565760195255278,bmm
,106,106x717x16x104,11.0,1905.0,66.0,68.40339999999998,0.11168639957904816,bmm
,87,87x892x27x165,11.0,1905.0,64.0,70.50160000000002,0.2170879989862442,bmm
,108,108x994x3x170,11.0,1905.0,64.0,74.89244000000004,0.20676479935646058,bmm
,123,123x741x24x183,11.0,1905.0,64.0,75.71404000000003,0.23560960292816163,bmm
,127,127x776x31x503,11.0,1905.0,64.0,78.96000000000002,0.7119103908538819,bmm
,125,125x1000x23x370,11.0,1905.0,65.84,103.773,0.5557568073272705,bmm
,123,123x980x17x442,11.0,1155.0,66.0,72.55607999999997,1.1545408010482787,bmm
,94,94x918x32x817,16.0,1089.6,60.48,46.65256,1.732089591026306,bmm
,81,81x568x10x837,16.0,990.0,58.92,45.64852,0.7499135971069336,bmm
,102,102x848x9x579,16.0,945.0,57.0,43.17999999999998,1.0729088068008423,bmm
,90,90x901x55x19,16.0,916.2,57.0,36.26020000000001,0.23276159763336182,bmm
,118,118x572x58x12,16.0,855.0,54.0,37.27855999999997,0.22186880111694335,bmm
,110,110x1008x44x18,16.0,840.6,54.0,37.41715999999999,0.2872960031032562,bmm
,84,84x852x37x44,16.0,795.0,54.0,37.832,0.1964480012655258,bmm
,114,114x855x63x53,16.0,760.8,53.84,37.96144,0.3717759907245636,bmm
,69,69x1005x49x58,16.0,750.0,53.0,39.21988,0.24318080246448517,bmm
,96,96x564x46x84,16.0,705.0,53.0,37.95948000000001,0.32403199672698973,bmm
,128,128x693x47x103,16.0,693.0,53.0,38.24419999999998,0.5198016047477723,bmm
,107,107x916x52x97,16.0,675.0,52.04,39.82440000000001,0.6674944043159485,bmm
,110,110x592x57x195,15.0,645.0,52.0,40.42220000000002,1.038271975517273,bmm
,85,85x1007x43x210,15.0,631.8,52.0,40.953399999999995,1.076192021369934,bmm
,88,88x1002x33x141,15.0,618.0,52.0,40.20668000000001,0.8567103981971741,bmm
,101,101x590x56x512,15.0,600.0,52.0,42.11428,1.7918336391448975,bmm
,84,84x738x56x442,15.0,600.0,52.0,44.93588,1.7944383859634399,bmm
,78,78x896x45x436,17.16,600.0,52.0,43.34995999999999,1.8324607849121093,bmm
,78,78x523x40x874,33.0,600.0,52.0,42.83103999999999,1.7266048192977905,bmm
,127,127x1016x49x772,33.0,816.0,52.0,50.09064,4.0835648536682125,bmm
,121,121x966x50x931,33.0,1350.0,52.6,58.50280000000001,3.161913537979126,bmm
,128,128x763x101x21,33.0,1470.0,55.0,66.84088000000003,0.28680959939956663,bmm
,74,74x789x110x32,36.2,1470.0,55.0,49.3826,0.1944064050912857,bmm
,121,121x871x122x20,43.0,1470.0,55.0,49.26931999999997,0.36696319580078124,bmm
,108,108x1003x97x63,43.0,1470.0,54.08,51.89200000000003,0.3370624005794525,bmm
,125,125x853x112x64,43.0,1470.0,54.0,53.87100000000001,0.328575998544693,bmm
,111,111x804x69x53,43.0,1470.0,54.0,53.939000000000014,0.20771200358867645,bmm
,108,108x755x90x112,43.0,1470.0,54.0,50.71147999999997,0.40144639611244204,bmm
,129,129x662x125x89,43.0,1470.0,54.0,53.73175999999999,0.5550848007202148,bmm
,107,107x524x72x102,43.0,1470.0,54.0,53.08608,0.23384319841861725,bmm
,83,83x972x85x217,43.0,1470.0,54.0,52.35379999999999,0.7330943942070007,bmm
,121,121x681x100x209,21.72,1470.0,54.0,57.164999999999985,0.8536448121070862,bmm
,83,83x960x92x223,15.0,1470.0,54.0,60.81352000000002,0.7494400024414063,bmm
,96,96x973x68x350,15.0,1470.0,54.0,57.25051999999998,1.0707327842712402,bmm
,119,119x709x69x447,15.0,1470.0,54.0,65.95636000000002,1.324895977973938,bmm
,70,70x921x125x503,15.0,1360.8,55.92,61.55803999999999,1.6056959867477416,bmm
,70,70x696x107x579,15.0,1257.6,56.0,62.78024000000003,1.49617280960083,bmm
,101,101x629x67x806,17.56,1243.8,56.0,57.84216000000001,1.9406015872955322,bmm
,113,113x960x76x749,31.0,1262.4,56.0,61.759999999999984,2.924729585647583,bmm
,116,116x551x227x20,31.0,1320.0,56.0,62.55951999999998,0.4414719998836517,bmm
,111,111x846x153x32,31.0,1320.0,55.0,49.62251999999998,0.4565567970275879,bmm
,110,110x729x133x18,31.0,1320.0,55.0,49.38899999999999,0.33076480627059934,bmm
,66,66x631x230x59,31.0,1320.0,55.0,48.36900000000001,0.3164543926715851,bmm
,117,117x907x168x56,31.0,1320.0,54.92,50.14012000000003,0.5438976049423218,bmm
,110,110x1023x208x64,28.12,1320.0,54.0,51.626039999999996,0.6495296001434326,bmm
,100,100x689x226x75,23.0,1320.0,54.0,52.381,0.8240896105766297,bmm
,129,129x659x235x101,23.0,1320.0,54.0,56.351200000000006,1.0733055830001832,bmm
,96,96x914x212x86,23.0,1320.0,54.0,54.38188000000004,0.9885760068893432,bmm
,89,89x873x177x201,23.0,1320.0,54.0,58.56672000000003,1.4702335834503173,bmm
,74,74x522x219x198,23.0,1320.0,54.0,57.002879999999976,0.9561792135238647,bmm
,74,74x667x229x177,23.0,1320.0,54.96,56.93231999999998,0.9699136018753052,bmm
,117,117x641x243x485,26.2,1320.0,55.0,67.59247999999998,3.941638374328613,bmm
,90,90x940x254x434,27.0,1575.0,56.84,75.50748000000003,3.636966419219971,bmm
,89,89x590x230x320,27.0,1830.0,57.0,88.55323999999999,1.4069888114929199,bmm
,67,67x620x230x925,27.0,1830.0,59.76,92.358,2.8183295726776123,bmm
,95,95x1008x153x881,33.0,1851.0,61.2,108.82472000000001,3.8478463649749757,bmm
,72,72x809x230x551,42.0,1894.8,66.0,117.05459999999994,2.3674495697021483,bmm
,118,118x641x290x4,42.0,1905.0,66.0,139.85300000000004,0.5396672129631043,bmm
,118,118x896x282x14,42.0,1905.0,66.32,87.99740000000001,0.7626367926597595,bmm
,67,67x712x262x10,42.0,1905.0,67.0,84.90163999999997,0.2976767957210541,bmm
,73,73x749x343x62,42.0,1905.0,67.0,81.95984,0.57150719165802,bmm
,102,102x1014x445x51,42.0,1905.0,67.0,89.37776,1.342905592918396,bmm
,95,95x1002x436x56,23.0,1905.0,67.0,116.55891999999994,1.2417792081832886,bmm
,83,83x610x296x94,23.0,1905.0,67.0,101.06919999999998,0.5429312109947204,bmm
,104,104x928x272x76,23.0,1905.0,67.0,92.71859999999998,0.9118399977684021,bmm
,116,116x745x375x79,23.0,1905.0,67.48,108.64631999999997,1.1311424016952514,bmm
,97,97x560x428x157,23.0,1905.0,69.0,120.45507999999997,1.3061376094818116,bmm
,125,125x955x379x221,23.0,1881.0,69.0,125.49368000000003,3.093286418914795,bmm
,86,86x814x342x178,26.6,1818.0,69.0,94.69900000000003,1.3732671976089477,bmm
,128,128x1018x435x340,28.0,1824.0,70.2,138.8298,5.8877760887146,bmm
,98,98x631x337x406,28.0,1872.6,75.0,131.74571999999998,2.943168020248413,bmm
,116,116x841x415x419,28.0,1836.6,75.96,147.31004000000001,5.898758411407471,bmm
,91,91x550x315x619,45.48,1869.6,77.0,134.99228000000002,2.8764351844787597,bmm
,66,66x544x289x578,51.0,1887.6,77.0,122.07951999999997,1.9300031900405883,bmm
,73,73x638x386x997,51.0,1833.0,77.0,149.75696000000002,5.050924777984619,bmm
,98,98x922x569x15,51.0,1879.2,76.36,138.91183999999998,1.2743615865707398,bmm
,89,89x752x613x28,51.0,1890.0,75.0,96.78916000000002,1.1784768104553223,bmm
,78,78x525x1021x3,51.0,1890.0,75.0,110.04124,1.093664002418518,bmm
,128,128x759x756x50,39.0,1890.0,74.68,109.44587999999993,2.222451162338257,bmm
,71,71x773x517x46,39.0,1890.0,74.0,132.03288000000003,0.8807936191558838,bmm
,126,126x669x582x50,39.0,1890.0,74.0,107.57340000000003,1.480019211769104,bmm
,69,69x903x694x127,39.0,1890.0,74.16,116.71796000000002,1.587775993347168,bmm
,75,75x702x850x114,39.0,1890.0,75.0,130.87491999999997,1.6091391563415527,bmm
,100,100x691x1021x128,39.0,1881.6,75.0,142.9543999999999,2.449177598953247,bmm
,121,121x757x1005x195,36.0,1822.2,75.96,148.43151999999998,6.20509443283081,bmm
,128,128x742x917x204,36.0,1827.0,76.0,152.67532,6.042758274078369,bmm
,78,78x617x588x190,36.0,1882.8,76.0,130.68516,1.611904001235962,bmm
,92,92x655x642x349,41.6,1861.8,76.0,149.3464,4.222451210021973,bmm
,91,91x1004x686x320,50.0,1843.8,75.28,138.36264000000006,6.3756287574768065,bmm
,103,103x789x765x258,50.0,1828.2,76.6,154.78011999999998,6.699232006072998,bmm
,111,111x833x828x544,51.84,1750.2,80.48,156.70968,14.540172576904297,bmm
,94,94x842x572x652,53.2,1767.6,77.0,152.68444,10.127673721313476,bmm
,92,92x547x969x529,62.0,1753.8,80.0,138.84852000000004,8.7597505569458,bmm
,185,185x2x16x32,62.0,1839.6,80.0,128.83044000000007,0.004102399945259095,bmm
,153,153x9x4x1,62.0,1860.0,80.0,70.57419999999999,0.004019200103357434,bmm
,251,251x16x10x24,62.0,1882.8,80.0,69.43699999999995,0.010963199846446513,bmm
,217,217x31x2x47,29.0,1890.0,80.0,67.45499999999998,0.011839999817311764,bmm
,137,137x21x17x36,29.0,1890.0,69.0,68.69800000000004,0.012569600157439709,bmm
,135,135x5x15x49,29.0,1899.6,69.0,66.32815999999997,0.005747199896723032,bmm
,141,141x1x3x102,29.0,1905.0,69.0,64.42100000000003,0.004921599943190813,bmm
,133,133x19x10x101,29.0,1905.0,68.88,65.058,0.010713599994778633,bmm
,172,172x7x25x110,29.0,1905.0,66.0,65.36899999999997,0.012364800088107586,bmm
,147,147x28x18x252,29.0,1905.0,66.0,64.923,0.024691200628876687,bmm
,225,225x7x27x194,29.0,1905.0,66.0,65.59799999999997,0.03267839923501015,bmm
,190,190x29x9x198,29.0,1905.0,66.0,65.34500000000001,0.025203200429677962,bmm
,189,189x10x19x510,3.0,1905.0,64.0,65.16900000000004,0.055372800678014755,bmm
,218,218x8x7x489,3.0,1905.0,64.0,65.86995999999998,0.04760319963097572,bmm
,170,170x25x17x321,3.0,1905.0,64.0,64.307,0.03856000080704689,bmm
,235,235x32x3x823,3.0,1522.8,64.0,65.45800000000003,0.08026880025863647,bmm
,223,223x19x17x801,3.0,540.0,61.0,51.27399999999998,0.35463679432868955,bmm
,228,228x27x14x760,3.0,511.2,61.0,35.982999999999976,0.28026239275932313,bmm
,228,228x21x65x32,3.0,480.0,61.0,37.753399999999985,0.10683520138263702,bmm
,202,202x13x56x3,3.0,480.0,56.4,36.03947999999999,0.038092800229787824,bmm
,202,202x5x40x25,8.0,450.0,56.0,35.81612,0.02045439966022968,bmm
,144,144x31x65x42,8.0,450.0,56.0,35.861720000000005,0.08991359919309616,bmm
,239,239x12x50x51,8.0,420.0,56.0,33.25328000000001,0.060761600732803345,bmm
,247,247x7x49x60,8.0,416.4,53.6,26.71496,0.051443199068307875,bmm
,203,203x13x46x126,8.0,381.0,53.0,24.844000000000005,0.20819840133190154,bmm
,243,243x31x41x75,8.0,375.0,53.0,25.348480000000006,0.19718400239944459,bmm
,191,191x30x42x115,8.0,375.0,51.0,24.88335999999999,0.18757759928703308,bmm
,142,142x19x34x242,10.24,375.0,51.0,24.892000000000003,0.21358720064163209,bmm
,134,134x17x37x131,12.0,375.0,51.0,24.739680000000003,0.13201920092105865,bmm
,185,185x23x53x136,12.0,375.0,49.32,22.77728,0.26103039383888244,bmm
,185,185x31x36x280,12.0,375.0,49.0,23.231519999999996,0.36476160287857057,bmm
,245,245x14x48x503,12.0,375.0,49.0,23.493999999999996,0.8146751999855042,bmm
,182,182x25x54x395,12.48,375.0,49.0,23.737040000000007,0.5911103963851929,bmm
,206,206x22x36x597,24.0,375.0,48.44,23.551240000000004,0.7061824083328248,bmm
,141,141x21x49x853,24.0,390.0,47.92,24.17048000000001,0.8417472004890442,bmm
,235,235x8x64x858,26.24,550.8,47.0,25.69672,2.479980802536011,bmm
,219,219x32x70x11,38.0,810.0,47.0,22.813439999999996,0.07105920016765595,bmm
,133,133x4x109x3,38.0,810.0,47.0,22.277640000000005,0.01219199988991022,bmm
,145,145x27x129x8,38.0,810.0,46.0,22.102839999999986,0.08692480027675628,bmm
,168,168x15x124x58,38.0,810.0,46.0,22.531359999999992,0.19898239970207215,bmm
,218,218x8x65x33,38.0,810.0,46.0,22.694919999999982,0.03574400022625923,bmm
,253,253x9x76x43,15.32,810.0,46.0,22.366920000000004,0.13663359880447387,bmm
,179,179x28x124x100,11.0,810.0,46.0,22.65291999999999,0.3337920010089874,bmm
,144,144x14x118x77,11.0,810.0,45.04,22.34748,0.21552639901638032,bmm
,215,215x23x78x105,11.0,810.0,45.0,23.022919999999985,0.269158399105072,bmm
,191,191x25x127x177,11.0,690.0,45.0,24.16372,0.609279990196228,bmm
,153,153x13x101x159,16.6,510.0,45.0,23.365680000000008,0.8299839973449707,bmm
,209,209x27x65x256,18.0,521.4,45.0,23.7192,1.45905921459198,bmm
,132,132x9x127x269,18.0,555.0,45.0,23.9692,1.3215935945510864,bmm
,252,252x14x65x401,26.0,619.8,45.0,24.506200000000014,0.8720960021018982,bmm
,132,132x24x82x441,38.0,735.0,44.0,24.15684,0.637990391254425,bmm
,132,132x24x80x726,38.0,735.0,44.0,24.307799999999997,0.9840767979621887,bmm
,146,146x22x119x730,38.0,735.0,44.0,25.54460000000001,1.522822380065918,bmm
,181,181x4x113x565,38.0,735.0,44.0,24.708599999999997,1.184665584564209,bmm
,209,209x5x185x28,27.0,735.0,44.0,22.821039999999996,0.16401919722557068,bmm
,223,223x3x210x7,27.0,735.0,44.0,22.213519999999995,0.02253440022468567,bmm
,190,190x15x190x7,27.0,735.0,44.0,22.41404,0.13819520175457,bmm
,206,206x30x139x64,27.0,735.0,44.0,22.506760000000003,0.33928959965705874,bmm
,253,253x13x143x42,27.0,552.6,44.0,22.82819999999999,0.26085119843482973,bmm
,155,155x1x234x45,16.0,480.0,44.0,22.88148,0.3696127951145172,bmm
,208,208x11x223x86,16.0,480.0,44.0,24.772799999999997,1.1924415826797485,bmm
,160,160x3x144x92,16.0,477.6,44.0,22.59208000000001,0.6285311937332153,bmm
,228,228x4x175x77,27.4,465.0,44.0,23.19064000000001,0.8660480141639709,bmm
,242,242x12x214x190,35.0,542.4,44.0,25.083519999999993,1.1121984004974366,bmm
,201,201x11x159x251,35.0,660.0,43.88,24.4932,0.9005311965942383,bmm
,251,251x27x240x163,35.0,660.0,43.0,25.11712,1.262169599533081,bmm
,158,158x32x210x475,35.96,660.0,43.4,25.529480000000007,1.8519999742507935,bmm
,163,163x27x249x395,36.0,660.0,44.0,25.559,1.8504960060119628,bmm
,228,228x9x168x440,36.0,660.0,44.0,25.898159999999997,1.7717952013015748,bmm
,208,208x13x254x594,36.12,675.6,44.0,27.20608,2.8333759903907776,bmm
,228,228x3x240x590,37.0,855.0,44.0,31.99800000000001,0.44884479641914365,bmm
,153,153x31x197x922,37.0,855.0,44.0,41.11319999999998,0.8665791988372803,bmm
,156,156x27x460x24,37.0,855.0,44.0,40.14816,0.22968319952487945,bmm
,134,134x27x395x12,37.0,855.0,45.0,36.433,0.14125439822673796,bmm
,256,256x32x391x6,37.0,855.0,45.0,36.23379999999998,0.264793598651886,bmm
,217,217x21x340x43,37.0,855.0,45.0,37.14999999999999,0.22958080172538758,bmm
,166,166x20x433x62,37.0,855.0,45.0,36.846399999999996,0.2199744015932083,bmm
,155,155x1x466x61,33.32,855.0,46.0,36.7066,0.07065600007772446,bmm
,257,257x9x473x110,14.0,855.0,46.0,36.942640000000026,0.28915839791297915,bmm
,225,225x23x316x83,14.0,855.0,46.0,38.06512,0.26183679699897766,bmm
,211,211x29x394x106,14.0,855.0,46.0,38.040999999999976,0.31601919531822203,bmm
,194,194x17x510x184,14.0,855.0,46.0,39.19711999999998,0.6687359929084777,bmm
,242,242x26x348x194,14.0,855.0,46.0,40.48579999999999,0.5918335914611816,bmm
,256,256x32x425x170,14.0,855.0,46.0,39.88199999999998,0.7668032050132751,bmm
,166,166x2x308x471,14.44,585.0,46.96,33.6994,1.9577151775360107,bmm
,243,243x15x293x366,25.0,796.8,47.0,29.288839999999997,0.8549056053161621,bmm
,172,172x32x474x414,25.0,945.0,47.0,38.93136,1.0249280214309693,bmm
,184,184x32x453x726,25.0,945.0,47.0,44.148680000000006,1.5408575773239135,bmm
,170,170x17x362x1016,25.0,945.0,47.0,47.16396,1.4685376167297364,bmm
,174,174x17x360x797,25.0,945.0,48.0,47.41892000000001,1.2733247995376586,bmm
,218,218x6x634x2,27.24,945.0,48.0,43.27524000000001,0.06647039949893951,bmm
,232,232x30x898x1,33.0,945.0,48.0,36.28092000000002,0.09262719899415969,bmm
,247,247x24x942x26,33.0,945.0,48.0,36.505,0.5478335976600647,bmm
,191,191x4x817x60,33.0,945.0,48.0,41.087999999999994,0.14167680144309996,bmm
,171,171x1x1015x37,33.0,945.0,48.0,37.50840000000001,0.10500479936599731,bmm
,185,185x28x983x36,33.0,945.0,48.0,37.63283999999999,0.561247992515564,bmm
,141,141x30x790x118,33.0,945.0,48.0,39.33392000000001,0.3909951984882355,bmm
,229,229x28x694x122,33.0,945.0,48.0,39.819040000000015,0.49338239431381226,bmm
,184,184x25x976x84,33.0,945.0,48.0,41.495999999999995,0.575820803642273,bmm
,149,149x27x846x143,15.0,630.0,48.0,41.012039999999985,1.1353856086730958,bmm
,226,226x2x539x199,15.0,619.2,48.0,40.93672000000001,0.39251840114593506,bmm
,152,152x5x677x240,15.0,615.0,48.0,40.08520000000001,0.35982719659805296,bmm
,248,248x10x797x340,15.0,585.0,48.24,42.75415999999999,1.8870335817337036,bmm
,201,201x1x547x375,15.0,585.0,49.0,44.696799999999975,0.5524288058280945,bmm
,196,196x7x789x434,15.0,585.0,49.0,43.03687999999999,1.6502592086791992,bmm
,250,250x4x848x826,32.0,657.0,49.0,46.72188,2.360857629776001,bmm
,209,209x22x1001x928,32.0,1056.0,49.72,55.97891999999998,3.20699520111084,bmm
,191,191x8x986x840,32.0,1470.0,51.0,61.278320000000015,1.9980160236358642,bmm
,171,171x33x32x13,32.0,1470.0,51.96,50.635,0.020825599879026414,bmm
,176,176x56x23x29,36.0,1470.0,52.0,44.961999999999996,0.01947519965469837,bmm
,163,163x59x10x13,36.0,1470.0,52.0,45.101000000000006,0.014457600191235542,bmm
,242,242x63x22x57,36.0,1470.0,52.0,44.99400000000001,0.024883199855685233,bmm
,186,186x57x22x61,36.0,1470.0,51.52,45.30700000000001,0.02056959941983223,bmm
,200,200x59x17x50,36.0,1470.0,51.0,45.336999999999996,0.020479999482631683,bmm
,180,180x42x10x74,36.0,1470.0,51.0,45.10400000000001,0.0247615996748209,bmm
,221,221x57x22x118,36.0,1470.0,51.0,45.22768000000002,0.03686400130391121,bmm
,246,246x39x19x87,36.0,1470.0,51.0,45.43756000000001,0.03699200004339218,bmm
,157,157x45x12x239,36.0,1470.0,51.0,45.43064,0.03921279981732369,bmm
,213,213x57x33x195,27.04,1470.0,51.0,45.648160000000004,0.07864320278167725,bmm
,241,241x52x25x130,4.0,1470.0,51.0,46.05800000000002,0.06369920074939728,bmm
,209,209x38x6x419,4.0,1222.2,51.0,46.03355999999999,0.07209599912166595,bmm
,217,217x47x7x278,4.0,585.0,51.0,40.606,0.13665279746055603,bmm
,174,174x34x6x416,4.0,543.6,51.0,36.42956,0.14680320024490356,bmm
,222,222x36x1x957,4.0,540.0,51.0,36.55487999999999,0.2459584057331085,bmm
,198,198x57x8x1009,4.0,510.0,49.24,37.263999999999996,0.35488001108169553,bmm
,129,129x63x20x608,4.0,498.0,49.0,37.73788,0.22113279700279237,bmm
,154,154x53x65x2,4.0,480.0,49.0,36.97688000000002,0.08489599823951721,bmm
,229,229x56x33x2,11.0,450.0,49.0,35.568439999999995,0.08007679879665375,bmm
,129,129x39x57x23,11.0,450.0,49.0,35.458039999999976,0.06309759840369225,bmm
,134,134x50x58x39,11.0,420.0,49.0,35.428080000000016,0.06808319985866547,bmm
,149,149x34x47x57,11.0,416.4,49.0,35.387159999999994,0.073887999355793,bmm
,145,145x51x56x56,11.0,405.0,49.0,35.437000000000005,0.0820159986615181,bmm
,164,164x49x46x117,11.0,382.2,48.0,35.65700000000001,0.12360319942235946,bmm
,130,130x61x51x79,11.0,375.0,48.0,36.034999999999975,0.11886080205440522,bmm
,236,236x44x44x68,11.0,375.0,48.0,35.385,0.17409920394420625,bmm
,243,243x45x46x183,11.0,390.0,48.0,36.34687999999998,0.28094720244407656,bmm
,225,225x49x62x220,11.0,390.0,48.0,36.96432,0.3858239948749542,bmm
,159,159x33x42x217,11.0,390.0,48.0,36.91880000000001,0.22980479896068573,bmm
,218,218x44x46x278,11.0,390.0,48.0,36.73184000000002,0.4440000057220459,bmm
,231,231x42x37x319,11.0,390.0,48.0,37.23735999999998,0.4180992007255554,bmm
,208,208x48x65x489,11.0,390.0,48.0,32.592960000000005,1.156441593170166,bmm
,233,233x47x43x1000,16.76,390.0,47.12,25.880039999999994,2.0508992195129396,bmm
,188,188x52x45x534,23.0,390.0,47.0,27.265879999999992,0.9716416120529174,bmm
,176,176x48x60x759,23.0,390.0,47.0,26.814760000000007,1.4086656332015992,bmm
,159,159x60x83x27,23.0,390.0,47.0,25.658000000000012,0.17235200107097626,bmm
,159,159x50x106x23,23.0,390.0,47.0,23.94828,0.1892287999391556,bmm
,197,197x47x89x3,23.0,390.0,46.28,22.339159999999996,0.16493439972400664,bmm
,231,231x44x86x60,25.4,390.0,46.0,23.068039999999996,0.29889920353889465,bmm
,244,244x41x84x45,26.0,390.0,45.56,22.58628,0.27578240633010864,bmm
,251,251x45x117x39,26.0,390.0,45.0,23.005080000000003,0.34751359820365907,bmm
,173,173x38x90x115,26.0,390.0,45.0,22.70072,0.34819839596748353,bmm
,132,132x63x85x117,26.0,390.0,45.0,22.43768000000001,0.2960192024707794,bmm
,186,186x36x84x88,21.44,390.0,44.88,22.79176,0.3060672044754028,bmm
,235,235x39x75x216,20.0,390.0,44.0,23.299439999999993,1.9068287849426269,bmm
,129,129x49x102x241,20.0,390.0,44.0,23.5674,1.5306943893432616,bmm
,146,146x63x93x162,21.12,390.0,44.0,23.82352000000001,1.4190016031265258,bmm
,234,234x49x93x469,34.0,609.0,44.0,26.531079999999996,1.5912384033203124,bmm
,164,164x50x108x376,34.0,645.0,44.0,25.297760000000004,1.0232192277908325,bmm
,175,175x55x114x511,34.0,645.0,44.0,25.200119999999988,1.5439552068710327,bmm
,129,129x47x68x824,36.8,645.0,44.0,25.258760000000006,1.1897792100906373,bmm
,255,255x65x91x724,39.0,645.0,44.0,28.2848,2.881715202331543,bmm
,222,222x56x105x999,39.0,705.0,44.0,27.518159999999998,3.535219192504883,bmm
,158,158x36x232x1,39.0,795.0,44.0,24.183759999999996,0.1615424007177353,bmm
,224,224x57x247x6,34.52,795.0,44.0,22.955640000000002,0.40062080025672914,bmm
,175,175x59x134x24,32.0,795.0,44.0,22.99856,0.27253120541572573,bmm
,134,134x45x236x47,32.0,795.0,44.0,23.152200000000004,0.33775359988212583,bmm
,204,204x46x146x43,32.0,795.0,44.0,23.1418,0.3246847987174988,bmm
,143,143x57x182x59,32.0,795.0,44.0,23.129000000000005,0.36842880249023435,bmm
,253,253x56x180x81,25.88,795.0,44.0,23.83732,0.7352703928947448,bmm
,214,214x49x135x85,15.0,795.0,44.0,23.050079999999994,0.50698881149292,bmm
,229,229x33x251x119,15.0,679.8,44.0,24.54388000000001,0.9638336062431335,bmm
,142,142x61x164x221,15.0,601.8,44.0,24.835000000000004,0.8616447806358337,bmm
,210,210x38x191x160,23.32,750.0,44.0,24.485360000000014,0.9412479996681213,bmm
,129,129x63x220x136,31.0,750.0,43.0,24.019280000000002,0.7000192046165467,bmm
,175,175x59x233x482,31.0,750.0,43.0,26.484999999999992,2.649830436706543,bmm
,206,206x34x193x463,31.0,750.0,44.0,27.715759999999996,2.26365442276001,bmm
,162,162x39x248x451,31.88,750.0,44.0,26.78736,2.2038464069366457,bmm
,135,135x51x219x921,33.0,759.6,44.0,28.111040000000003,3.4336575984954836,bmm
,245,245x53x197x661,33.0,990.0,44.84,36.07028,1.2492095947265625,bmm
,152,152x50x194x841,33.0,990.0,45.0,45.50971999999999,0.917907202243805,bmm
,253,253x48x349x27,33.0,990.0,45.0,41.85219999999998,0.22046080231666565,bmm
,173,173x60x390x20,33.0,990.0,45.0,37.93856,0.22792960107326507,bmm
,129,129x64x300x16,30.12,990.0,46.0,37.176000000000016,0.10437119901180267,bmm
,217,217x53x394x59,29.0,990.0,46.0,36.49099999999999,0.2489023983478546,bmm
,129,129x47x317x53,29.0,990.0,46.0,38.66100000000002,0.11232639849185944,bmm
,141,141x63x511x48,29.0,990.0,46.0,36.74099999999999,0.24001920223236084,bmm
,217,217x57x332x129,29.0,990.0,46.0,38.733959999999996,0.4907519996166229,bmm
,219,219x61x482x88,29.0,990.0,46.0,39.79107999999998,0.4849535942077637,bmm
,216,216x59x337x105,29.0,990.0,46.0,39.70399999999998,0.3501312077045441,bmm
,253,253x54x321x140,29.0,990.0,46.32,39.62384,0.5839359879493713,bmm
,205,205x49x394x132,27.88,990.0,47.0,42.0268,0.5701247930526734,bmm
,193,193x41x478x150,15.0,990.0,47.0,40.78204000000002,0.622822391986847,bmm
,135,135x48x311x355,15.0,765.0,47.0,41.351000000000006,0.5304511904716491,bmm
,225,225x50x364x276,15.0,610.8,47.0,42.00980000000001,1.6184576272964477,bmm
,158,158x35x451x281,15.0,600.0,47.0,42.62939999999999,1.433516788482666,bmm
,135,135x65x388x995,15.0,768.0,48.36,48.30231999999997,3.9598207473754883,bmm
,186,186x47x461x985,36.16,1101.6,49.0,51.579600000000006,2.4654528141021728,bmm
,183,183x45x392x730,38.0,1140.0,49.84,54.46348,1.5307712078094482,bmm
,180,180x60x810x6,38.0,1140.0,50.0,49.83716,0.3930816054344177,bmm
,228,228x47x767x2,38.0,1140.0,50.0,42.90099999999998,0.37829760313034055,bmm
,210,210x62x1008x9,38.0,1140.0,50.0,43.91243999999999,0.4908096015453339,bmm
,214,214x42x941x63,38.0,1140.0,50.0,44.995520000000006,0.46667520403862,bmm
,189,189x55x831x60,38.0,1140.0,50.0,44.81008,0.418367999792099,bmm
,228,228x57x547x47,27.12,1140.0,50.0,44.244000000000014,0.30105599761009216,bmm
,186,186x36x827x127,22.0,1140.0,50.0,44.03292000000002,0.5967103958129882,bmm
,176,176x65x602x106,22.0,1140.0,50.0,46.48600000000002,0.8092479944229126,bmm
,240,240x36x1023x121,22.0,1140.0,50.0,47.28700000000001,0.9596735954284668,bmm
,233,233x51x1024x206,22.0,1140.0,50.88,53.55283999999999,1.6821759939193726,bmm
,196,196x42x899x164,22.0,1140.0,51.0,52.18492000000002,1.0016448020935058,bmm
,155,155x61x771x195,22.0,990.0,51.0,49.9002,1.0557568073272705,bmm
,247,247x39x766x447,26.0,990.0,51.0,49.290839999999996,3.08176646232605,bmm
,236,236x52x983x409,26.0,1080.0,51.04,56.52336000000002,3.363603210449219,bmm
,221,221x41x806x317,26.0,1485.0,52.0,48.15780000000001,1.4738303899765015,bmm
,156,156x35x615x812,26.0,1485.0,52.16,56.67364,1.8525952100753784,bmm
,254,254x39x842x907,33.0,1555.8,54.0,78.61312000000004,4.002860832214355,bmm
,140,140x58x780x612,33.0,1935.0,54.0,101.41664000000004,1.1671935796737671,bmm
,172,172x95x25x21,33.0,1920.0,60.0,70.58300000000003,0.02537599951028824,bmm
,245,245x84x26x31,33.0,1920.0,60.0,63.375,0.03425920009613037,bmm
,171,171x79x24x18,33.0,1920.0,60.0,63.90799999999997,0.020972800254821778,bmm
,207,207x86x25x45,33.0,1920.0,60.0,63.49,0.030291200056672095,bmm
,185,185x98x26x46,33.0,1920.0,59.44,63.84300000000002,0.027430400252342224,bmm
,145,145x119x30x53,21.0,1920.0,58.0,63.85899999999999,0.025356800481677055,bmm
,252,252x99x17x70,21.0,1920.0,58.0,63.81424000000001,0.049664000421762465,bmm
,256,256x101x14x106,21.0,1920.0,58.0,64.15556000000001,0.04561920091509819,bmm
,157,157x81x14x113,21.0,1920.0,58.32,64.29435999999995,0.029804800078272818,bmm
,197,197x119x4x221,21.0,1920.0,59.0,64.23476000000001,0.06341119855642319,bmm
,153,153x72x3x235,21.0,1920.0,59.0,64.58771999999995,0.04102399945259094,bmm
,217,217x123x16x183,21.0,1920.0,59.0,64.92260000000003,0.0759552001953125,bmm
,135,135x119x25x393,21.0,1920.0,59.0,66.31139999999998,0.11875200271606445,bmm
,196,196x108x16x379,21.0,1920.0,59.0,67.40552,0.11784320026636123,bmm
,213,213x114x14x357,12.04,1359.0,59.0,67.37147999999998,0.12373120039701462,bmm
,174,174x78x13x765,5.0,645.0,59.0,49.15900000000001,0.49825279712677,bmm
,196,196x65x22x671,5.0,615.0,54.0,36.644839999999995,0.7005184054374695,bmm
,229,229x76x31x983,5.0,585.0,54.0,39.71387999999999,1.3744703769683837,bmm
,145,145x82x59x2,5.0,571.8,54.0,42.00376000000002,0.10257920026779174,bmm
,152,152x94x35x32,5.0,570.0,53.4,35.798720000000024,0.08160639852285385,bmm
,143,143x88x51x23,5.0,525.0,53.0,35.89364000000001,0.10360320061445236,bmm
,255,255x72x42x46,8.96,520.2,53.0,36.021800000000006,0.14570880234241484,bmm
,200,200x118x33x44,16.0,495.0,53.0,36.111,0.11877760291099548,bmm
,151,151x99x47x55,16.0,477.0,51.4,36.211000000000006,0.10539519935846328,bmm
,214,214x101x63x84,16.0,465.0,51.0,36.090000000000025,0.3051136016845703,bmm
,250,250x111x43x90,16.0,435.0,51.0,37.43320000000002,0.30551680326461794,bmm
,145,145x84x49x91,16.0,435.0,51.0,36.95439999999999,0.22012799978256226,bmm
,202,202x66x52x193,16.0,405.0,50.0,36.12896,0.6243071913719177,bmm
,256,256x82x43x180,16.0,390.0,50.0,37.86784000000002,0.743180799484253,bmm
,192,192x113x48x216,16.0,390.0,50.0,37.566479999999984,0.5049344062805176,bmm
,162,162x101x54x409,16.0,390.0,50.0,38.52460000000002,0.9314175963401794,bmm
,162,162x122x43x339,16.0,390.0,50.0,29.896200000000007,0.973420786857605,bmm
,200,200x100x59x506,16.0,392.4,49.76,27.589239999999982,1.668339204788208,bmm
,229,229x96x48x898,16.0,470.4,49.0,29.534800000000004,2.941279983520508,bmm
,203,203x106x63x974,37.12,645.0,48.24,29.66563999999999,3.3684479713439943,bmm
,179,179x75x45x1025,40.0,795.0,48.0,27.79676000000001,2.2297216415405274,bmm
,172,172x104x108x11,40.0,795.0,48.0,25.37484000000001,0.2943679988384247,bmm
,246,246x100x79x23,40.0,795.0,48.0,23.34588,0.3503615975379944,bmm
,144,144x88x109x31,40.0,795.0,47.56,22.88532,0.28209919929504396,bmm
,201,201x124x109x43,27.0,795.0,47.0,23.245039999999996,0.5260735988616944,bmm
,196,196x78x79x36,27.0,795.0,46.2,22.620799999999996,0.2801919996738434,bmm
,231,231x103x126x35,27.0,795.0,46.0,23.49659999999999,0.5689600110054016,bmm
,146,146x102x93x103,27.0,795.0,46.0,23.592879999999994,0.4461247980594635,bmm
,190,190x74x88x85,22.16,689.4,46.0,23.38596,0.401529598236084,bmm
,234,234x94x69x124,16.0,460.8,45.36,23.86896,0.6179391980171204,bmm
,157,157x126x104x134,16.0,460.8,45.0,25.73960000000001,2.104211187362671,bmm
,235,235x102x72x196,23.2,660.0,45.0,24.59424,0.9240000009536743,bmm
,245,245x105x69x228,36.0,660.0,45.0,25.11132,1.0890944242477416,bmm
,159,159x99x81x491,36.0,660.0,45.0,26.390120000000007,1.4517696142196654,bmm
,153,153x97x91x446,36.0,660.0,45.0,25.26884,1.361024022102356,bmm
,138,138x128x90x512,36.0,660.0,45.0,25.352879999999985,1.6223423719406127,bmm
,161,161x105x94x753,29.0,663.0,45.0,26.69284,2.4384128570556642,bmm
,176,176x122x104x591,29.0,702.0,45.0,28.035159999999987,2.4800448417663574,bmm
,239,239x115x120x798,29.0,855.6,45.0,31.109159999999985,1.6885504007339478,bmm
,188,188x114x245x30,29.0,1050.0,46.12,41.14700000000002,0.22088319957256317,bmm
,174,174x72x175x16,39.0,1050.0,47.0,42.05423999999999,0.1565184026956558,bmm
,237,237x79x151x2,39.0,1050.0,47.0,40.69488,0.17845120131969452,bmm
,140,140x115x229x58,39.0,1050.0,47.0,40.55327999999998,0.18028799891471864,bmm
,141,141x129x138x55,39.0,1050.0,47.0,40.66159999999998,0.15851520001888275,bmm
,175,175x70x241x58,39.0,1050.0,47.0,40.66200000000001,0.21423359811306,bmm
,159,159x126x240x121,39.0,1050.0,47.0,41.709959999999995,0.3358079969882965,bmm
,142,142x96x229x69,39.0,1050.0,47.0,43.02715999999999,0.3012480020523071,bmm
,192,192x98x255x101,39.0,1050.0,48.0,42.14188,0.4203968048095703,bmm
,192,192x83x130x257,22.2,1050.0,48.0,43.9058,0.7189375996589661,bmm
,256,256x115x195x208,11.0,1050.0,48.0,45.8478,0.8422143936157227,bmm
,133,133x108x197x138,11.0,1050.0,48.36,46.64091999999999,0.3578239977359772,bmm
,244,244x100x219x354,11.0,1050.0,49.0,44.805159999999994,1.3118911981582642,bmm
,138,138x72x213x481,11.0,1050.0,49.0,51.664519999999996,1.0165120124816895,bmm
,253,253x108x169x360,11.0,840.0,49.28,45.90580000000002,1.328390407562256,bmm
,238,238x105x243x676,11.0,825.0,50.0,48.663759999999996,3.456044816970825,bmm
,178,178x90x193x899,32.0,990.0,50.0,45.11400000000001,2.627340841293335,bmm
,134,134x126x133x990,32.0,990.0,50.0,49.32388,1.2777215957641601,bmm
,193,193x109x396x6,32.0,990.0,50.0,42.23916000000001,0.351065593957901,bmm
,220,220x72x285x29,32.0,990.0,50.0,39.07500000000002,0.30096639394760133,bmm
,182,182x92x456x5,32.0,990.0,50.0,38.66700000000002,0.38508800864219667,bmm
,169,169x98x380x59,32.0,990.0,50.0,39.66591999999999,0.34078720211982727,bmm
,149,149x128x387x38,31.6,990.0,50.0,39.56112000000001,0.3139647960662842,bmm
,251,251x113x425x49,22.0,990.0,49.04,39.85119999999999,0.531827199459076,bmm
,220,220x120x432x88,22.0,990.0,49.0,40.442,0.7749184131622314,bmm
,221,221x110x425x95,22.0,990.0,49.0,43.66819999999998,0.7764223933219909,bmm
,146,146x124x454x86,22.0,990.0,49.6,41.6466,0.5744896054267883,bmm
,190,190x105x416x198,22.0,990.0,50.0,42.65032000000002,1.3106751918792725,bmm
,171,171x104x481x248,22.0,930.6,50.0,45.35344000000002,1.4027967691421508,bmm
,225,225x125x300x189,22.6,854.4,50.0,46.23163999999999,1.0628480195999146,bmm
,239,239x126x458x345,25.0,852.0,50.0,44.18839999999998,2.9755071640014648,bmm
,229,229x121x304x394,25.0,915.0,50.0,46.4792,2.43507833480835,bmm
,242,242x95x385x431,25.0,967.8,50.0,49.576800000000006,3.3986239433288574,bmm
,129,129x122x270x958,25.0,1260.0,51.92,55.09407999999999,1.8505280256271361,bmm
,218,218x106x261x741,40.0,1260.0,52.0,60.731599999999986,2.228435230255127,bmm
,243,243x125x278x751,40.0,1260.0,53.32,63.7702,2.6354048252105713,bmm
,228,228x89x918x31,40.0,1260.0,55.0,59.81899999999998,0.7970239877700805,bmm
,243,243x89x655x2,40.0,1260.0,55.0,53.01631999999998,0.5739008069038392,bmm
,239,239x126x686x4,40.0,1260.0,54.6,47.811840000000004,0.6163455843925476,bmm
,218,218x103x1014x60,40.0,1260.0,53.0,48.13899999999999,0.9075135946273803,bmm
,159,159x100x729x48,40.0,1260.0,53.0,55.829999999999984,0.500928008556366,bmm
,156,156x113x561x37,28.0,1260.0,53.0,47.79399999999999,0.3591679990291595,bmm
,236,236x66x622x75,28.0,1260.0,53.0,47.77159999999999,0.9766783952713013,bmm
,234,234x69x632x112,28.0,1260.0,53.0,53.07088000000002,0.9684095978736877,bmm
,234,234x100x851x106,28.0,1260.0,53.0,53.83164000000002,1.275488018989563,bmm
,129,129x95x588x230,28.0,1020.6,53.0,55.23235999999998,1.0838784217834472,bmm
,165,165x106x845x252,28.0,964.8,53.0,47.36967999999999,2.3108479976654053,bmm
,181,181x72x980x193,28.8,992.4,53.0,50.27844000000002,2.8749823570251465,bmm
,255,255x69x515x276,29.0,1057.8,53.0,51.72820000000002,3.1345279693603514,bmm
,166,166x106x882x477,29.0,1215.0,53.68,62.53159999999998,3.8302144050598144,bmm
,256,256x120x625x313,29.0,1725.0,54.0,77.32856000000002,2.297203207015991,bmm
,151,151x72x514x591,30.68,1725.0,57.0,72.98499999999999,1.9730048179626465,bmm
,178,178x114x827x614,43.0,1770.0,59.0,97.51548000000001,3.188601589202881,bmm
,130,130x99x678x583,43.0,1918.8,61.24,119.79168000000003,1.8590464115142822,bmm
,224,224x149x23x30,43.0,1905.0,67.0,80.29899999999999,0.04095999896526337,bmm
,252,252x179x9x20,43.0,1905.0,67.0,67.98839999999997,0.036000000685453414,bmm
,166,166x137x20x22,43.0,1905.0,67.0,65.33760000000001,0.029222400113940238,bmm
,185,185x133x1x40,43.0,1920.0,61.0,63.71800000000002,0.014201599918305875,bmm
,214,214x164x9x63,19.0,1920.0,61.0,63.39300000000002,0.03447040021419525,bmm
,145,145x183x23x33,19.0,1920.0,61.0,64.933,0.028204800188541414,bmm
,156,156x201x32x105,19.0,1920.0,61.0,64.84176000000001,0.06988799870014191,bmm
,164,164x182x6x103,19.0,1920.0,60.56,66.4356,0.04016000032424927,bmm
,213,213x146x8x80,19.0,1920.0,60.0,65.03291999999996,0.04517119973897934,bmm
,162,162x182x26x174,19.0,1920.0,60.0,65.50131999999999,0.09164799898862838,bmm
,145,145x146x32x195,19.0,1920.0,60.0,67.69000000000004,0.11280640214681625,bmm
,238,238x142x19x208,19.0,1920.0,60.0,68.40100000000001,0.15723519921302795,bmm
,241,241x203x24x321,19.0,1920.0,61.0,70.22700000000003,0.24408960044384004,bmm
,241,241x245x2x492,19.0,1920.0,61.0,76.33835999999998,0.32358400225639344,bmm
,167,167x249x12x436,7.0,915.0,61.0,65.42548,0.4217920064926147,bmm
,249,249x202x23x954,7.0,892.2,59.08,41.76800000000001,1.4435135841369628,bmm
,142,142x199x5x516,7.0,873.0,57.0,40.55852000000001,0.36652159690856934,bmm
,244,244x188x29x687,7.0,817.2,57.0,39.4108,1.0385727882385254,bmm
,230,230x228x40x22,7.0,804.6,54.0,40.77448000000001,0.14121600091457367,bmm
,232,232x137x52x4,7.0,765.0,54.0,36.44500000000002,0.1475840002298355,bmm
,239,239x219x47x6,16.68,736.2,54.0,36.72799999999998,0.1850943982601166,bmm
,165,165x248x49x54,18.0,720.0,54.0,36.822,0.15989759862422942,bmm
,155,155x145x46x35,18.0,675.0,52.0,37.25199999999998,0.11137919872999191,bmm
,230,230x190x44x49,18.0,675.0,52.0,36.42,0.15798400044441224,bmm
,192,192x179x63x72,18.0,630.0,52.0,37.14643999999999,0.29482240080833433,bmm
,204,204x150x35x98,18.0,630.0,52.0,37.54119999999999,0.27688959836959837,bmm
,176,176x199x58x99,18.0,600.0,51.08,37.55680000000002,0.3693248093128204,bmm
,147,147x158x37x254,18.0,588.0,51.0,38.076200000000014,0.4207871973514557,bmm
,194,194x147x61x213,17.52,570.0,51.0,38.50183999999999,0.8063103914260864,bmm
,184,184x189x51x141,15.0,540.0,51.0,38.80376000000001,0.48148479461669924,bmm
,235,235x214x48x283,15.0,528.6,51.0,36.56872000000001,1.2693375825881958,bmm
,185,185x244x38x392,15.0,522.0,49.56,27.59784000000001,2.177996826171875,bmm
,169,169x256x59x321,15.0,534.0,49.0,29.338399999999993,1.9255104064941406,bmm
,136,136x144x49x532,27.0,570.0,49.0,28.4004,1.4376319885253905,bmm
,254,254x188x41x1008,35.0,790.2,49.0,30.568280000000012,1.5202623844146728,bmm
,221,221x153x38x917,35.0,1035.0,49.0,44.79824000000001,1.4295423984527589,bmm
,211,211x167x116x26,35.0,1035.0,49.0,47.78095999999999,0.18812799751758574,bmm
,222,222x142x117x14,35.0,1035.0,49.0,41.413000000000004,0.19171840250492095,bmm
,179,179x225x100x20,35.0,1035.0,50.0,41.246999999999986,0.19426560401916504,bmm
,159,159x256x124x63,32.0,1035.0,50.0,41.56199999999999,0.21176320016384126,bmm
,242,242x181x78x62,32.0,1035.0,50.0,41.67400000000002,0.16895359754562378,bmm
,182,182x211x76x46,32.0,1035.0,50.0,41.21615999999999,0.16043519973754883,bmm
,220,220x195x92x96,32.0,1035.0,50.0,41.559839999999994,0.3708992004394531,bmm
,217,217x246x80x118,32.0,1035.0,50.0,42.739000000000004,0.3252543926239014,bmm
,240,240x157x93x118,32.0,1035.0,50.0,43.42999999999998,0.39121919870376587,bmm
,226,226x249x75x161,32.0,1035.0,50.0,44.47880000000001,0.5364992022514343,bmm
,238,238x243x83x142,32.0,1035.0,50.0,44.56856000000002,0.6079551815986634,bmm
,158,158x165x111x217,14.0,1035.0,50.0,44.7646,0.4610879957675934,bmm
,248,248x161x113x501,14.0,922.8,50.0,46.404040000000016,1.4907968044281006,bmm
,143,143x184x107x421,14.0,776.4,51.0,44.73520000000001,1.078105640411377,bmm
,233,233x192x111x457,14.0,765.0,51.0,43.64239999999999,1.7914048433303833,bmm
,240,240x223x92x863,14.0,855.0,51.0,49.903520000000036,2.8682751655578613,bmm
,214,214x212x100x637,26.32,990.0,51.0,48.26132,1.9660735607147217,bmm
,228,228x166x104x659,36.0,990.0,51.12,49.550999999999995,1.8473983764648438,bmm
,226,226x188x141x29,36.0,990.0,52.0,44.87699999999998,0.2545791983604431,bmm
,155,155x221x139x18,36.0,990.0,52.0,38.51199999999998,0.22711679935455323,bmm
,140,140x145x152x20,36.0,990.0,52.0,37.983439999999995,0.16472960114479065,bmm
,217,217x251x203x53,36.0,990.0,50.64,38.44015999999999,0.4648831903934479,bmm
,180,180x142x164x51,36.0,990.0,50.0,39.51459999999998,0.23685759902000428,bmm
,252,252x178x181x51,36.0,990.0,50.0,38.67759999999998,0.3580415964126587,bmm
,247,247x158x150x68,20.88,990.0,50.0,39.75599999999998,0.5963711857795715,bmm
,145,145x146x177x109,18.0,990.0,50.0,41.360039999999984,0.4279360055923462,bmm
,147,147x250x217x74,18.0,990.0,50.0,40.15264000000003,0.5761791944503785,bmm
,252,252x186x185x183,18.0,990.0,50.0,41.17512000000002,1.0054400205612182,bmm
,175,175x135x147x129,18.0,990.0,50.0,45.72032000000001,0.5539904117584229,bmm
,177,177x163x172x155,18.0,645.0,50.0,41.10664000000001,0.9636160016059876,bmm
,187,187x253x162x291,18.0,632.4,50.0,43.200280000000014,2.4643072128295898,bmm
,238,238x183x182x268,26.0,630.0,50.0,44.96007999999999,2.5725823879241942,bmm
,182,182x183x206x443,26.0,705.0,50.0,46.048240000000014,2.662822389602661,bmm
,222,222x182x241x950,26.0,1069.8,51.0,55.33631999999999,3.8345344066619873,bmm
,130,130x211x159x929,26.0,1440.0,51.0,65.81279999999998,1.9671295642852784,bmm
,129,129x208x171x947,36.56,1440.0,55.0,62.60155999999996,2.1059712409973144,bmm
,155,155x235x329x30,48.0,1440.0,55.0,60.74600000000002,0.3828159987926483,bmm
,163,163x255x450x16,48.0,1440.0,54.52,52.92708000000002,0.5070079922676086,bmm
,186,186x187x426x33,48.0,1440.0,54.0,52.99315999999997,0.46979840397834777,bmm
,151,151x256x411x62,48.0,1440.0,54.0,53.164400000000015,0.48807679414749144,bmm
,228,228x155x488x50,48.0,1440.0,54.0,54.425999999999995,0.5675519943237305,bmm
,204,204x151x352x59,48.0,1440.0,54.0,56.35883999999998,0.37813760042190553,bmm
,246,246x223x486x124,33.12,1440.0,54.0,57.7034,1.3536128044128417,bmm
,209,209x221x443x85,17.0,1440.0,54.0,63.356,1.0638207912445068,bmm
,237,237x160x266x66,17.0,1440.0,54.68,62.51659999999998,0.6576511979103088,bmm
,217,217x237x359x181,17.0,1144.2,55.0,57.183200000000035,1.4404927968978882,bmm
,169,169x182x360x153,17.0,999.0,55.0,53.47692,1.1582016229629517,bmm
,253,253x139x292x178,17.0,988.2,54.0,50.482360000000014,1.469222402572632,bmm
,219,219x250x314x274,23.76,1001.4,54.0,50.39587999999998,3.4295936107635496,bmm
,190,190x255x509x398,30.0,1261.8,54.0,63.62215999999999,4.73253755569458,bmm
,188,188x233x513x340,30.0,1650.0,54.0,81.01200000000003,2.896281671524048,bmm
,142,142x235x341x557,30.0,1890.0,59.0,100.10407999999998,2.105395221710205,bmm
,214,214x140x308x620,31.8,1890.0,59.0,91.0336,2.5514495849609373,bmm
,204,204x248x332x569,45.0,1888.2,65.72,116.16099999999997,2.932435178756714,bmm
,201,201x206x777x20,45.0,1890.0,66.0,89.00540000000002,1.000601589679718,bmm
,135,135x193x756x6,45.0,1890.0,66.0,91.37799999999999,0.6055487990379333,bmm
,162,162x241x637x24,45.0,1905.0,66.0,67.09400000000004,0.7571968078613281,bmm
,175,175x187x979x42,45.0,1905.0,66.0,71.66276000000002,1.092569613456726,bmm
,182,182x186x894x43,22.0,1905.0,65.0,99.44887999999999,0.9944704055786133,bmm
,217,217x152x638x39,22.0,1905.0,65.0,91.49280000000003,0.6966271996498108,bmm
,179,179x177x803x123,22.0,1905.0,65.0,89.03640000000004,0.9672704100608825,bmm
,186,186x157x898x89,22.0,1905.0,66.32,114.23840000000004,1.2853055953979493,bmm
,171,171x222x1020x120,22.0,1899.6,68.0,109.78867999999991,1.5214272022247315,bmm
,148,148x220x659x182,22.0,1890.0,68.0,96.57099999999997,1.448032021522522,bmm
,134,134x165x990x241,23.8,1863.0,69.0,131.81151999999997,1.7041664123535156,bmm
,227,227x234x870x249,27.0,1799.4,69.0,117.51932000000001,3.3785855293273928,bmm
,173,173x148x675x355,27.0,1890.0,71.16,133.9959199999999,2.6717056751251222,bmm
,241,241x135x884x275,27.0,1875.0,72.0,138.17884000000006,4.6468095779418945,bmm
,148,148x239x607x409,27.0,1884.0,74.0,137.30780000000004,3.0819775581359865,bmm
,244,244x227x641x684,46.0,1773.6,75.56,151.96891999999997,8.493286323547363,bmm
,221,221x238x779x663,46.0,1777.2,77.8,163.80656000000002,9.072454261779786,bmm
,156,156x238x560x638,53.84,1855.8,79.0,151.14703999999992,3.745375967025757,bmm
,195,195x366x30x4,60.0,1874.4,77.68,146.8063599999999,0.07828480005264282,bmm
,252,252x390x9x23,60.0,1890.0,76.0,76.8554,0.07781759649515152,bmm
,239,239x503x12x21,60.0,1890.0,76.0,73.29903999999996,0.0842176005244255,bmm
,252,252x293x10x62,60.0,1890.0,76.0,69.35300000000001,0.06904319971799851,bmm
,143,143x444x14x44,60.0,1899.6,69.88,68.54752000000002,0.04880000054836273,bmm
,143,143x365x28x64,60.0,1905.0,67.0,66.61799999999995,0.06513920128345489,bmm
,246,246x308x17x117,60.0,1905.0,67.0,68.87200000000001,0.12670720219612122,bmm
,141,141x300x3x67,17.16,1905.0,67.0,68.83239999999998,0.04691839963197708,bmm
,225,225x305x1x108,9.0,1905.0,65.0,65.77376000000004,0.07693439871072769,bmm
,139,139x420x7x138,9.0,1905.0,65.0,68.01012000000003,0.10137600004673004,bmm
,207,207x297x6x237,9.0,1905.0,65.0,69.72600000000004,0.18289280235767363,bmm
,156,156x289x32x134,9.0,1905.0,65.0,72.57099999999997,0.1393471986055374,bmm
,213,213x495x23x425,9.0,1905.0,65.0,71.34300000000002,0.6062400221824646,bmm
,257,257x483x32x320,9.0,1905.0,65.0,100.39299999999996,0.6192384004592896,bmm
,200,200x414x11x348,9.0,1110.0,65.0,77.21763999999997,0.5696256041526795,bmm
,225,225x273x11x957,12.2,1089.6,61.4,46.97779999999998,1.1774208068847656,bmm
,247,247x317x16x974,13.0,1020.0,60.0,47.963160000000016,1.349408006668091,bmm
,211,211x388x19x644,13.0,1005.0,60.0,50.02392000000002,1.4582016229629517,bmm
,235,235x424x51x23,13.0,978.6,58.0,52.106,0.26659839153289794,bmm
,252,252x445x52x10,13.0,975.0,58.0,39.856599999999986,0.28725759983062743,bmm
,151,151x315x38x23,13.0,931.8,58.0,36.25199999999998,0.11553919911384583,bmm
,145,145x449x45x61,19.0,855.0,55.72,36.86307999999999,0.2001855969429016,bmm
,138,138x328x62x64,19.0,855.0,55.0,37.852679999999985,0.1849151998758316,bmm
,229,229x484x59x47,19.0,795.0,55.0,38.16516000000001,0.403219199180603,bmm
,203,203x325x47x68,19.0,785.4,55.0,39.0828,0.39255680441856383,bmm
,220,220x402x63x98,19.0,765.0,53.0,38.44500000000002,0.6349696040153503,bmm
,135,135x400x42x80,19.0,720.0,53.0,40.7058,0.3378880023956299,bmm
,226,226x453x41x239,19.0,712.2,53.0,39.818439999999974,1.2555200099945067,bmm
,245,245x506x46x156,19.32,702.0,53.0,43.90611999999998,1.1532543897628784,bmm
,189,189x362x56x179,20.0,690.0,53.0,41.15599999999998,0.7124287962913514,bmm
,146,146x375x53x367,20.0,660.0,53.0,42.544000000000004,1.1130624055862426,bmm
,239,239x299x42x257,20.0,648.6,52.0,40.78916000000001,1.353593611717224,bmm
,219,219x275x57x449,20.0,645.0,52.0,43.433600000000006,2.0449920177459715,bmm
,226,226x419x52x542,20.0,735.0,52.56,46.336680000000015,2.71244158744812,bmm
,166,166x302x60x875,33.44,817.8,53.0,45.59528,2.1317888259887696,bmm
,136,136x259x62x812,36.0,825.0,53.0,45.4596,1.7648383855819703,bmm
,173,173x444x93x16,36.0,825.0,53.0,44.377159999999996,0.3643328011035919,bmm
,245,245x452x119x28,36.0,825.0,53.0,39.46779999999999,0.6601472139358521,bmm
,194,194x511x99x7,36.0,825.0,53.0,41.13300000000001,0.48769919872283934,bmm
,168,168x260x127x39,36.0,825.0,51.0,40.596519999999984,0.32766720056533816,bmm
,153,153x294x124x56,36.0,825.0,51.0,38.87759999999998,0.2956416070461273,bmm
,186,186x343x78x58,29.24,825.0,51.0,37.45500000000001,0.28779520392417907,bmm
,254,254x475x88x109,23.0,825.0,51.0,38.47799999999998,0.9640511989593505,bmm
,245,245x343x125x77,23.0,825.0,51.0,44.325599999999994,0.992793595790863,bmm
,132,132x499x104x118,23.0,825.0,51.0,41.44240000000001,0.5941247940063477,bmm
,213,213x423x127x249,23.0,825.0,51.0,44.440840000000016,2.0097343921661377,bmm
,238,238x369x127x197,23.0,812.4,51.0,46.08436,1.9189055919647218,bmm
,246,246x326x122x236,26.84,796.8,51.48,46.2698,1.9995007753372191,bmm
,208,208x305x69x385,27.0,795.0,52.0,45.0308,1.7369152069091798,bmm
,179,179x326x71x365,27.0,795.0,52.0,44.09099999999998,1.3481216192245484,bmm
,257,257x508x110x495,27.0,989.4,52.0,53.01007999999998,3.880908727645874,bmm
,181,181x325x128x920,27.0,1305.0,52.0,63.64827999999997,3.5909056186676027,bmm
,153,153x306x99x685,46.0,1635.0,55.0,70.1338,1.3163647890090941,bmm
,147,147x272x99x681,46.0,1635.0,55.0,58.30496000000002,1.255123233795166,bmm
,179,179x428x205x21,46.0,1635.0,55.0,73.90200000000003,0.41418240070343015,bmm
,213,213x278x208x4,46.0,1635.0,56.0,60.752999999999986,0.31424000263214114,bmm
,205,205x333x208x5,46.0,1635.0,56.0,56.47807999999997,0.3584767937660217,bmm
,255,255x326x255x50,46.0,1635.0,56.0,58.24580000000004,0.5984896063804627,bmm
,228,228x298x236x53,46.0,1635.0,56.0,61.47083999999998,0.4770047962665558,bmm
,242,242x447x243x62,18.0,1635.0,56.0,60.711000000000006,0.7579967856407166,bmm
,241,241x474x170x100,18.0,1635.0,56.0,72.66839999999995,0.888921582698822,bmm
,207,207x301x235x103,18.0,1635.0,56.0,69.62216,0.6517376065254211,bmm
,224,224x508x223x101,18.0,1635.0,56.48,66.68307999999998,1.0553664207458495,bmm
,173,173x434x246x223,18.0,1635.0,58.0,77.32744000000001,1.5193984031677246,bmm
,154,154x403x167x237,18.0,1635.0,58.0,78.42180000000003,0.9503040075302124,bmm
,165,165x387x209x238,18.0,1451.4,58.08,71.94471999999999,1.2672639846801759,bmm
,167,167x433x160x486,25.6,1365.0,59.0,61.474800000000016,2.336121606826782,bmm
,163,163x315x135x449,28.0,1359.0,59.0,66.42899999999997,1.409011220932007,bmm
,151,151x285x244x463,28.0,1345.2,57.16,63.78316000000001,2.280275249481201,bmm
,184,184x273x221x733,28.0,1486.2,57.0,71.33923999999999,3.1477952003479004,bmm
,177,177x456x218x624,29.56,1682.4,59.88,78.44291999999999,3.8796032428741456,bmm
,232,232x361x218x1000,41.0,1695.0,62.52,106.96415999999999,6.054214382171631,bmm
,209,209x265x424x5,41.0,1896.6,63.0,68.13852000000001,0.5743552088737488,bmm
,229,229x308x288x32,41.0,1920.0,63.24,82.097,0.46725119948387145,bmm
,166,166x511x262x9,41.0,1920.0,64.0,87.10100000000006,0.4963648021221161,bmm
,158,158x479x293x42,41.0,1920.0,64.0,88.76576000000003,0.6595903992652893,bmm
,210,210x439x480x54,36.2,1920.0,64.0,96.12799999999994,1.303174376487732,bmm
,142,142x379x297x53,31.0,1920.0,65.52,100.366,0.4721408009529114,bmm
,253,253x406x278x129,31.0,1920.0,66.0,102.87648000000003,1.672652792930603,bmm
,189,189x260x352x101,31.0,1916.4,66.0,117.18263999999999,0.7156480073928833,bmm
,196,196x438x472x106,31.0,1905.0,67.0,95.52335999999997,1.4462656021118163,bmm
,246,246x413x498x138,31.0,1893.0,67.0,121.12224000000006,2.889408016204834,bmm
,153,153x327x370x214,27.16,1905.0,69.64,123.28099999999996,1.4658944129943847,bmm
,253,253x365x500x192,27.0,1876.2,70.0,136.89016000000007,2.54813437461853,bmm
,164,164x490x473x396,27.0,1849.2,70.0,127.78096000000004,5.408076763153076,bmm
,253,253x487x355x312,30.36,1869.0,71.92,126.73339999999999,4.7272705078125,bmm
,175,175x483x392x335,41.0,1871.4,74.0,143.01471999999995,3.50600323677063,bmm
,249,249x447x284x607,41.0,1815.6,75.84,147.95828,5.544287967681885,bmm
,198,198x475x465x607,41.6,1778.4,77.12,148.92444000000006,8.193939018249512,bmm
,209,209x427x377x921,56.0,1773.6,78.72,157.93596000000005,10.204978942871094,bmm
,175,175x351x903x28,56.0,1863.6,79.0,124.75631999999995,1.72149760723114,bmm
,151,151x441x597x13,56.0,1875.0,76.0,112.32239999999996,1.0182784080505372,bmm
,178,178x485x687x12,56.0,1875.0,76.0,100.79500000000003,1.6447936058044434,bmm
,206,206x264x971x52,47.0,1890.0,75.8,83.6268,1.7177023887634277,bmm
,227,227x320x761x51,47.0,1890.0,75.0,109.70855999999996,1.7641088008880614,bmm
,239,239x378x831x49,47.0,1890.0,75.0,129.81067999999988,2.2419519901275633,bmm
,174,174x267x611x111,47.0,1890.0,75.0,125.45100000000001,1.1719935894012452,bmm
,151,151x360x786x74,47.0,1890.0,75.0,106.71716000000004,1.5478399991989136,bmm
,220,220x424x706x127,40.28,1874.4,75.0,139.73268,2.4406271457672117,bmm
,172,172x357x536x137,33.0,1880.4,74.0,133.5187999999999,1.8591936111450196,bmm
,141,141x299x1003x188,33.0,1879.2,74.0,134.49884000000003,2.6355135917663572,bmm
,144,144x391x725x166,33.0,1867.8,75.68,139.60448000000005,2.6093696117401124,bmm
,142,142x433x727x496,33.0,1804.2,77.0,157.16623999999993,6.3016767501831055,bmm
,248,248x387x524x417,46.0,1799.4,78.0,134.13388,7.942758274078369,bmm
,221,221x404x690x476,46.0,1758.0,77.0,161.37579999999994,9.650527954101562,bmm
,168,168x423x578x1007,59.8,1746.6,81.0,150.19351999999998,12.153913307189942,bmm
,177,177x476x1015x930,66.6,1646.4,84.44,156.12359999999993,26.979776000976564,bmm
,196,196x348x588x821,70.8,1608.6,85.28,142.42520000000005,11.674195289611816,bmm
,138,138x709x22x16,70.0,1840.2,85.0,114.28295999999999,0.09155199825763702,bmm
,220,220x1000x21x27,70.0,1867.2,77.0,75.80500000000005,0.182259202003479,bmm
,153,153x940x33x15,70.0,1875.0,77.0,71.31099999999998,0.1642111986875534,bmm
,196,196x840x13x63,70.0,1884.0,73.64,71.95599999999997,0.15081600248813629,bmm
,182,182x695x28x52,70.0,1890.0,70.0,71.70699999999995,0.12650879919528962,bmm
,216,216x968x6x62,70.0,1890.0,70.0,73.96000000000002,0.17876480221748353,bmm
,184,184x850x28x101,10.0,1890.0,70.0,68.09200000000004,0.2766399919986725,bmm
,198,198x911x8x87,10.0,1890.0,67.0,78.09300000000003,0.20558080077171326,bmm
,214,214x722x13x86,10.0,1890.0,67.0,74.31400000000002,0.19870079457759857,bmm
,146,146x573x26x219,10.0,1890.0,67.0,76.03291999999996,0.2813120007514954,bmm
,140,140x722x4x165,10.0,1890.0,67.0,77.51200000000001,0.19544320106506347,bmm
,199,199x854x11x154,10.0,1903.2,66.0,69.154,0.3530560076236725,bmm
,203,203x515x23x287,10.0,885.0,66.0,75.11499999999997,1.022214412689209,bmm
,206,206x976x9x420,14.6,870.6,61.68,41.24004000000001,2.089971160888672,bmm
,164,164x889x16x461,15.0,802.2,60.0,42.690040000000025,1.496345591545105,bmm
,169,169x553x32x514,15.0,795.0,57.0,45.802079999999975,1.8134015798568726,bmm
,241,241x569x9x871,15.0,933.0,57.0,46.36719999999998,2.2727807998657226,bmm
,248,248x601x32x654,32.0,990.0,56.0,53.488320000000016,2.8509568214416503,bmm
,146,146x708x48x5,32.0,990.0,56.0,56.441000000000024,0.23885439932346345,bmm
,183,183x531x34x14,32.0,990.0,56.0,42.46799999999999,0.217152002453804,bmm
,179,179x849x38x20,32.0,990.0,55.0,39.53300000000001,0.323116797208786,bmm
,233,233x876x61x62,32.0,990.0,55.0,40.63599999999999,0.6070912122726441,bmm
,148,148x844x50x35,32.0,990.0,55.0,47.492560000000005,0.3367423951625824,bmm
,177,177x788x40x49,28.36,990.0,54.0,43.09320000000002,0.28507519960403443,bmm
,209,209x804x45x114,19.0,990.0,54.0,43.883520000000004,0.7174271941184998,bmm
,181,181x738x41x127,19.0,990.0,54.0,46.75099999999998,0.5751359820365906,bmm
,246,246x876x60x80,19.0,990.0,54.0,47.30864000000001,1.0659839868545533,bmm
,207,207x599x33x226,19.0,990.0,54.0,46.78099999999998,0.971884799003601,bmm
,202,202x1007x37x149,19.0,990.0,54.0,50.43739999999999,1.2189503908157349,bmm
,166,166x714x35x181,19.0,819.0,53.32,46.34000000000001,0.7689151883125305,bmm
,248,248x912x61x337,28.2,853.2,53.0,49.79148,3.9198976516723634,bmm
,198,198x715x34x463,29.0,990.0,53.72,51.761,2.1732735633850098,bmm
,198,198x756x46x318,29.0,1080.0,54.0,54.75980000000001,1.6696319818496703,bmm
,201,201x757x43x964,29.0,1200.6,55.2,63.68924000000001,4.008806419372559,bmm
,158,158x951x47x648,31.04,1875.0,56.0,78.76452000000005,1.9354111909866334,bmm
,214,214x787x40x847,46.0,1875.0,60.8,95.00036000000001,2.2143743991851808,bmm
,257,257x794x126x7,46.0,1875.0,61.0,130.08707999999996,0.5593024134635926,bmm
,202,202x906x70x9,46.0,1875.0,61.0,78.05576000000003,0.3075775980949402,bmm
,149,149x921x128x25,46.0,1875.0,61.96,74.20632,0.37508479952812196,bmm
,256,256x967x70x55,46.0,1875.0,63.0,76.34584000000001,0.4643967986106873,bmm
,152,152x821x94x34,46.0,1875.0,63.0,83.75299999999997,0.2845184028148651,bmm
,186,186x765x100x56,46.0,1875.0,63.0,73.80400000000003,0.36554879546165464,bmm
,130,130x909x78x114,19.0,1875.0,63.0,80.847,0.3973759889602661,bmm
,194,194x775x72x106,19.0,1875.0,63.0,83.56400000000002,0.4525503933429718,bmm
,130,130x792x102x79,19.0,1875.0,63.0,86.32700000000001,0.42602239847183226,bmm
,184,184x867x97x142,19.0,1875.0,63.0,89.16704000000001,1.0767679691314698,bmm
,230,230x912x118x246,19.0,1875.0,65.0,102.99795999999996,1.9264384031295776,bmm
,254,254x703x117x175,19.0,1650.0,65.0,79.30600000000003,1.4258495807647704,bmm
,239,239x708x66x386,19.0,1605.0,65.0,81.03044,2.4308351993560793,bmm
,200,200x520x71x383,29.0,1725.0,65.0,90.81459999999998,1.0802816152572632,bmm
,138,138x560x106x285,29.0,1725.0,65.0,78.03220000000005,1.0628096103668212,bmm
,235,235x594x117x711,29.0,1800.6,65.8,111.54168000000003,3.886438417434692,bmm
,151,151x784x77x654,29.0,1898.4,66.0,121.37112000000008,2.2661375522613527,bmm
,204,204x595x114x965,29.0,1858.8,71.52,146.21791999999996,4.47064323425293,bmm
,199,199x830x183x12,44.0,1890.0,72.0,81.26800000000001,0.7325055956840515,bmm
,252,252x745x188x4,44.0,1904.4,68.0,73.90799999999996,0.7860160112380982,bmm
,228,228x941x155x32,44.0,1905.0,68.0,96.84136000000004,0.8212288022041321,bmm
,152,152x553x184x55,44.0,1905.0,68.0,94.43768000000001,0.42990719676017763,bmm
,135,135x569x194x52,44.0,1905.0,68.0,87.62088000000003,0.41452800631523135,bmm
,170,170x629x244x53,44.0,1905.0,68.0,86.15699999999998,0.701535987854004,bmm
,168,168x798x178x83,44.0,1905.0,68.0,100.79287999999997,0.8975551962852478,bmm
,201,201x672x236x69,17.0,1905.0,68.0,112.38584000000009,1.1510847806930542,bmm
,164,164x972x190x98,17.0,1905.0,69.56,101.084,1.141215991973877,bmm
,190,190x778x146x199,17.0,1905.0,71.0,127.27408000000003,1.6728127956390382,bmm
,253,253x941x143x233,17.0,1881.0,71.0,134.03523999999996,2.466220760345459,bmm
,196,196x929x213x152,17.0,1899.6,73.0,119.01764000000003,2.2303680419921874,bmm
,238,238x835x156x386,32.0,1866.0,73.96,142.94372000000004,4.796966457366944,bmm
,228,228x828x148x325,32.0,1869.0,76.0,139.17332000000002,3.0362496376037598,bmm
,169,169x987x160x299,32.0,1868.4,76.48,129.33111999999994,2.927449607849121,bmm
,253,253x765x203x734,36.8,1762.2,78.08,164.01824,8.851859092712402,bmm
,256,256x724x164x977,56.0,1767.0,78.08,140.70808,9.613324737548828,bmm
,136,136x575x226x921,56.0,1824.6,74.0,147.99608,5.1339137077331545,bmm
,228,228x761x299x10,52.96,1862.4,78.0,118.01219999999992,1.3174015760421753,bmm
,153,153x654x438x6,52.0,1876.2,78.0,105.58668000000006,1.1846015930175782,bmm
,250,250x893x296x4,52.0,1890.0,75.2,88.596,1.3466367721557617,bmm
,208,208x945x396x47,52.0,1890.0,73.0,122.57591999999998,2.3599103927612304,bmm
,173,173x592x473x50,52.0,1890.0,73.0,121.33500000000002,1.3996863842010498,bmm
,134,134x1001x318x50,52.0,1890.0,73.0,124.59291999999999,1.297868824005127,bmm
,212,212x961x292x78,32.64,1883.4,73.0,119.23164000000003,2.18340482711792,bmm
,200,200x950x403x112,30.0,1869.6,73.64,132.06856000000005,2.7282559871673584,bmm
,176,176x1015x293x84,30.0,1885.2,77.0,109.96335999999995,1.847001600265503,bmm
,139,139x900x417x129,30.0,1868.4,77.0,136.38196000000005,3.1017727851867676,bmm
,130,130x558x259x139,30.0,1879.2,75.0,131.40320000000003,1.1146431922912599,bmm
,227,227x585x485x158,36.16,1852.8,75.0,142.89096000000004,3.8191104412078856,bmm
,143,143x925x443x493,41.0,1775.4,75.96,155.94824,8.524012756347656,bmm
,180,180x642x494x288,41.0,1832.4,78.88,131.60855999999995,6.328371143341064,bmm
,159,159x797x341x413,52.0,1829.4,73.0,142.90695999999997,6.11143684387207,bmm
,174,174x708x349x663,52.0,1778.4,78.44,163.17860000000002,9.897855949401855,bmm
,249,249x1018x464x890,63.84,1663.2,80.68,151.56364000000002,30.69441909790039,bmm
,184,184x724x411x600,70.0,1702.8,82.68,131.31459999999998,10.576902198791505,bmm
,215,215x984x849x7,64.96,1821.6,79.8,109.71044,4.885663986206055,bmm
,191,191x888x818x7,52.0,1860.0,79.0,132.36963999999998,4.129478454589844,bmm
,146,146x561x945x24,52.0,1860.0,79.0,120.37240000000006,2.308691167831421,bmm
,248,248x834x941x33,52.0,1843.8,79.0,148.51391999999996,5.882854270935058,bmm
,252,252x833x954x52,52.96,1833.0,79.0,147.03444000000007,6.190016078948974,bmm
,159,159x999x840x58,54.0,1846.8,79.32,133.91923999999992,3.961241626739502,bmm
,131,131x715x871x72,54.0,1858.2,81.0,109.41984000000001,2.9782911777496337,bmm
,244,244x966x727x101,54.0,1791.0,80.24,153.48231999999996,6.309331226348877,bmm
,201,201x557x691x71,49.0,1852.2,80.0,138.74199999999993,2.747148847579956,bmm
,144,144x541x528x152,49.0,1848.6,78.0,138.50120000000007,2.3253568172454835,bmm
,167,167x990x1016x166,49.0,1743.6,78.6,154.38071999999994,9.483187103271485,bmm
,213,213x966x829x253,53.8,1758.6,80.44,148.02435999999994,12.731123161315917,bmm
,147,147x651x899x463,56.0,1732.2,82.24,145.72227999999998,13.254809951782226,bmm
,210,210x988x1015x479,64.76,1605.0,83.76,150.14124,33.10270690917969,bmm
,248,248x802x608x346,72.28,1624.8,84.64,147.31312,14.191859245300293,bmm
,246,246x728x651x581,79.0,1572.6,85.2,142.85331999999997,24.482854080200195,bmm
,256,256x545x962x583,78.0,1540.8,85.32,137.86387999999997,28.05265884399414,bmm
,230,230x1012x640x627,85.0,1529.4,85.12,142.53995999999998,30.3409725189209,bmm
,490,490x12x18x1,85.0,1680.0,82.0,117.956,0.00469760000705719,bmm
,495,495x8x30x8,85.0,1860.6,82.0,63.214519999999986,0.01249920018017292,bmm
,274,274x13x20x25,85.0,1887.6,82.0,70.08816000000004,0.012384000234305859,bmm
,350,350x16x14x54,85.0,1890.0,70.0,69.42599999999999,0.02101759985089302,bmm
,414,414x33x26x54,85.0,1890.0,70.0,69.87799999999999,0.03247359991073608,bmm
,389,389x30x2x58,85.0,1890.0,70.0,70.193,0.01674880012869835,bmm
,418,418x14x23x68,85.0,1890.0,70.0,69.0,0.050592000037431716,bmm
,490,490x6x4x69,9.0,1900.8,67.72,66.78619999999998,0.014611199870705605,bmm
,365,365x16x10x96,9.0,1905.0,67.0,64.68492000000002,0.03250560015439987,bmm
,258,258x2x28x173,9.0,1905.0,67.0,65.15747999999996,0.01924480013549328,bmm
,261,261x32x6x153,9.0,1905.0,67.0,65.61387999999998,0.02551040016114712,bmm
,342,342x30x9x208,9.0,1905.0,65.0,65.93803999999999,0.042515198886394504,bmm
,403,403x25x11x306,9.0,1905.0,65.0,66.37044000000003,0.07055359929800034,bmm
,386,386x11x28x359,9.0,1257.0,65.0,67.27092,0.1121535986661911,bmm
,399,399x17x30x401,9.0,555.0,65.0,45.553999999999995,0.41574400663375854,bmm
,436,436x14x12x765,5.0,525.0,59.0,36.53219999999999,0.7004480123519897,bmm
,326,326x8x21x974,5.0,495.0,59.0,39.065,0.5322816014289856,bmm
,389,389x19x31x681,5.0,486.0,59.0,38.5664,0.6860159754753112,bmm
,267,267x31x65x1,5.0,480.0,57.2,39.70900000000003,0.031302399933338165,bmm
,298,298x14x36x11,5.0,450.0,56.0,36.0766,0.051481600105762484,bmm
,427,427x17x46x11,5.0,447.6,56.0,35.95695999999999,0.18627839684486389,bmm
,311,311x23x36x57,9.2,410.4,54.72,35.95384000000001,0.10874880105257034,bmm
,470,470x25x35x34,12.0,390.0,54.0,36.26092000000001,0.20810880064964293,bmm
,321,321x23x34x39,12.0,379.2,54.0,36.461999999999996,0.12597120106220244,bmm
,430,430x21x64x75,12.0,375.0,54.0,27.681440000000002,0.3468032002449036,bmm
,333,333x8x63x87,12.0,375.0,52.0,25.723319999999998,0.25866879224777223,bmm
,313,313x5x54x103,12.0,375.0,52.0,25.35000000000001,0.21980160176754,bmm
,456,456x28x52x159,12.0,375.0,52.0,26.66639999999999,0.6588800072669982,bmm
,349,349x18x50x189,16.0,375.0,50.0,26.360360000000004,0.5145535945892334,bmm
,434,434x19x48x231,22.0,375.0,50.0,24.98224000000001,0.7026496052742004,bmm
,462,462x6x46x353,22.0,388.8,49.0,23.6686,0.8795967936515808,bmm
,477,477x18x34x316,22.0,390.0,49.0,24.4366,0.8201728105545044,bmm
,367,367x32x51x396,22.0,390.0,48.0,24.9588,1.2063935995101929,bmm
,467,467x33x40x520,27.0,404.4,48.0,25.880519999999997,1.7350720167160034,bmm
,345,345x21x54x629,27.0,435.0,48.0,25.250559999999993,1.5966335773468017,bmm
,496,496x28x34x575,27.0,435.0,48.0,25.999600000000004,1.7114367961883545,bmm
,301,301x26x73x17,27.72,450.0,48.0,23.381880000000002,0.17957760393619537,bmm
,383,383x30x92x4,33.0,450.0,47.4,22.51879999999999,0.22611200213432311,bmm
,261,261x26x109x5,33.0,450.0,47.0,22.995119999999993,0.3135680019855499,bmm
,328,328x10x123x40,33.0,450.0,47.0,24.08275999999999,0.5982271909713746,bmm
,291,291x14x81x60,33.0,450.0,47.0,22.573240000000002,0.5697472095489502,bmm
,371,371x3x100x58,26.56,450.0,46.24,23.109640000000002,0.6153343915939331,bmm
,469,469x12x123x108,26.0,496.2,46.0,24.55176000000001,1.9157056093215943,bmm
,450,450x25x89x91,26.0,624.0,46.0,25.726720000000004,0.805081593990326,bmm
,301,301x9x112x77,30.8,780.0,46.0,23.58812,0.34165760278701784,bmm
,449,449x10x109x180,38.0,780.0,46.0,24.224600000000006,1.024083185195923,bmm
,451,451x23x87x182,38.0,780.0,46.0,25.28808,0.9967231988906861,bmm
,439,439x6x122x169,38.0,780.0,46.0,25.259919999999994,0.981824004650116,bmm
,316,316x6x128x382,38.0,780.0,46.0,25.843400000000003,1.6335871934890747,bmm
,470,470x26x109x302,30.64,843.0,46.0,26.56263999999999,0.6011263966560364,bmm
,394,394x2x127x466,30.0,855.0,46.0,38.66879999999998,0.32581120133399966,bmm
,408,408x22x95x778,30.0,855.0,47.0,39.854839999999996,1.0633344173431396,bmm
,399,399x30x103x824,30.0,855.0,47.0,43.07916,1.1203519821166992,bmm
,285,285x31x73x737,30.0,855.0,47.0,42.865,0.5583680033683777,bmm
,332,332x22x157x14,30.0,855.0,48.0,41.935559999999995,0.16995840072631835,bmm
,283,283x31x216x14,30.0,855.0,48.0,36.680080000000004,0.1839679956436157,bmm
,442,442x3x229x33,26.04,855.0,48.0,36.58699999999998,0.063468798995018,bmm
,493,493x12x208x47,19.0,855.0,48.0,36.39084000000001,0.1435968041419983,bmm
,365,365x16x195x53,19.0,855.0,48.0,36.69600000000002,0.17934719920158387,bmm
,440,440x16x143x47,19.0,855.0,48.0,37.066000000000024,0.1467967987060547,bmm
,341,341x25x233x122,19.0,855.0,48.0,37.21676,0.3057152032852173,bmm
,303,303x14x222x107,19.0,855.0,48.0,38.86040000000002,0.2423744022846222,bmm
,500,500x22x240x103,19.0,855.0,48.0,38.38008000000001,0.4129151999950409,bmm
,448,448x21x187x170,19.0,600.0,48.0,37.616000000000014,0.6112959980964661,bmm
,338,338x10x257x201,17.08,505.2,48.0,28.378640000000008,0.6242559909820556,bmm
,346,346x14x237x155,17.0,510.0,48.0,37.7992,0.6070144057273865,bmm
,407,407x1x242x373,17.0,510.0,48.0,39.26999999999999,0.5002304017543793,bmm
,279,279x20x155x414,17.0,510.0,48.0,40.80700000000001,1.067257571220398,bmm
,289,289x26x201x264,17.0,510.0,49.0,39.756959999999985,1.058572816848755,bmm
,496,496x25x254x980,17.0,661.2,49.0,50.16088,4.3132096290588375,bmm
,408,408x16x230x582,36.0,930.0,50.0,50.41359999999998,1.8705151796340942,bmm
,465,465x16x198x721,36.0,930.0,50.0,49.32196000000002,2.316089630126953,bmm
,302,302x9x280x6,36.0,1035.0,50.32,52.96399999999997,0.06349439918994904,bmm
,345,345x17x421x10,36.0,1035.0,51.0,39.74099999999999,0.3470271944999695,bmm
,425,425x18x348x20,36.0,1035.0,51.0,41.39232,0.4277888000011444,bmm
,324,324x16x316x61,36.0,1035.0,51.0,42.27375999999998,0.21568640172481537,bmm
,421,421x25x513x35,36.0,1035.0,50.28,42.471839999999986,0.6390015959739686,bmm
,392,392x19x490x53,24.0,1035.0,50.0,45.31391999999999,0.5524672031402588,bmm
,498,498x1x472x126,24.0,1035.0,50.0,44.256159999999994,0.3165696024894714,bmm
,267,267x14x420x92,24.0,1035.0,50.0,42.54543999999998,0.2725311994552612,bmm
,387,387x18x342x86,24.0,1035.0,50.0,42.091,0.39443199038505555,bmm
,379,379x15x485x210,24.0,1035.0,50.0,46.064000000000014,1.2193472146987916,bmm
,387,387x11x346x216,24.0,1035.0,50.0,49.38967999999998,0.5590080142021179,bmm
,259,259x16x258x245,24.0,1035.0,50.44,45.96960000000001,0.521343994140625,bmm
,370,370x33x365x512,22.96,1035.0,51.0,51.18107999999997,2.103385639190674,bmm
,493,493x26x336x400,22.0,1035.0,51.0,54.78959999999999,1.7886399984359742,bmm
,500,500x2x289x314,22.0,1035.0,52.0,50.64300000000002,0.4941823959350586,bmm
,409,409x17x278x1015,22.0,1005.0,52.0,51.6786,2.5961152076721192,bmm
,318,318x31x318x840,22.0,1170.0,52.32,55.565599999999975,1.8205312013626098,bmm
,334,334x24x271x790,22.0,1170.0,53.0,58.24371999999996,1.5858304023742675,bmm
,471,471x12x544x18,33.76,1170.0,53.0,52.18124000000002,0.18220799863338472,bmm
,388,388x18x793x5,36.0,1170.0,53.0,42.02599999999998,0.5585088014602662,bmm
,280,280x32x651x22,36.0,1170.0,53.0,45.21659999999998,0.38896640539169314,bmm
,380,380x5x636x50,36.0,1170.0,53.0,43.43548,0.15194239914417268,bmm
,313,313x33x794x59,36.0,1170.0,53.0,43.992359999999984,0.4850495994091034,bmm
,475,475x19x923x43,36.0,1170.0,52.24,46.05539999999997,1.0281343698501586,bmm
,498,498x16x632x85,36.0,1170.0,52.0,51.06183999999999,0.7944512009620667,bmm
,339,339x31x777x102,36.0,1170.0,52.0,47.11539999999998,0.6511808037757874,bmm
,416,416x2x930x115,17.0,1170.0,52.44,49.157,0.48692479729652405,bmm
,419,419x14x543x255,17.0,1170.0,53.0,50.680719999999994,1.0885055780410766,bmm
,295,295x3x690x228,17.0,1170.0,53.0,49.933999999999976,0.5013056039810181,bmm
,513,513x17x541x154,17.0,810.0,53.0,48.601040000000005,1.9276288032531739,bmm
,460,460x27x954x495,17.0,1123.8,53.0,59.538080000000015,3.2254655838012694,bmm
,314,314x20x617x451,28.76,1650.0,55.0,68.35316,1.3348992109298705,bmm
,463,463x19x868x366,38.0,1650.0,55.0,76.26943999999997,2.034758424758911,bmm
,346,346x22x767x633,38.0,1650.0,58.0,88.88320000000002,2.2711615562438965,bmm
,385,385x28x993x963,38.0,1875.6,59.4,117.84591999999999,4.693523216247558,bmm
,464,464x31x819x526,37.0,1893.0,65.0,132.16536,2.857043170928955,bmm
,412,412x49x2x12,37.0,1905.0,65.0,139.386,0.018188800290226938,bmm
,325,325x41x15x23,37.0,1905.0,65.0,66.06899999999997,0.018854399770498277,bmm
,374,374x54x7x32,37.0,1905.0,65.0,65.35699999999999,0.016326399892568587,bmm
,310,310x44x27x54,37.0,1905.0,65.0,65.41699999999997,0.025484799593687057,bmm
,310,310x65x29x51,37.0,1917.6,65.0,63.830999999999975,0.042579200118780136,bmm
,460,460x35x22x54,37.0,1920.0,62.0,65.08899999999996,0.030591999739408494,bmm
,499,499x62x4x75,37.0,1920.0,62.0,65.13200000000005,0.03450879976153374,bmm
,378,378x39x28x100,12.0,1920.0,62.0,65.83099999999996,0.04714240059256554,bmm
,391,391x48x10x110,12.0,1920.0,62.0,66.38200000000005,0.03547520041465759,bmm
,274,274x34x2x167,12.0,1920.0,62.0,65.491,0.030879999697208404,bmm
,457,457x42x32x253,12.0,1920.0,62.0,65.17900000000003,0.10198400169610977,bmm
,490,490x53x11x252,12.0,1920.0,62.0,69.45299999999999,0.10197120159864426,bmm
,316,316x61x30x407,12.0,1920.0,62.0,68.41499999999998,0.14367360174655913,bmm
,370,370x40x21x372,12.0,840.0,61.68,69.93363999999998,0.20318719893693923,bmm
,400,400x59x25x352,12.0,834.6,60.0,41.42079999999998,0.2906688034534454,bmm
,329,329x37x6x781,8.6,771.0,60.0,37.30119999999999,0.33152639865875244,bmm
,388,388x56x7x779,7.0,735.0,56.6,38.15099999999998,0.4270912051200867,bmm
,291,291x42x7x519,7.0,705.0,55.0,40.187000000000005,0.23960320353507997,bmm
,426,426x60x57x10,7.0,705.0,55.0,37.736,0.12087679952383042,bmm
,467,467x35x62x1,7.0,660.0,55.0,36.55600000000001,0.04151679947972298,bmm
,268,268x35x52x13,7.0,660.0,54.04,35.83100000000001,0.07800959795713425,bmm
,459,459x43x41x54,7.0,615.0,53.0,35.99199999999999,0.122291199862957,bmm
,443,443x34x48x36,7.0,615.0,53.0,36.57588000000001,0.11489279866218567,bmm
,275,275x56x35x36,7.0,570.0,53.0,35.677000000000014,0.08128640055656433,bmm
,351,351x62x61x114,11.0,526.8,52.0,36.15268000000001,0.23214080333709716,bmm
,441,441x41x59x121,11.0,495.0,52.0,37.36400000000001,0.2846400022506714,bmm
,404,404x44x34x93,11.0,483.0,52.0,37.17403999999998,0.19672320187091827,bmm
,291,291x64x54x218,11.0,465.0,52.0,37.05499999999998,0.3741055965423584,bmm
,477,477x55x52x228,11.0,436.2,51.0,38.50504,0.6198848009109497,bmm
,315,315x34x62x209,11.0,427.2,51.0,38.30455999999999,0.45904639959335325,bmm
,301,301x56x34x289,11.0,420.0,51.0,37.63300000000002,0.5067968010902405,bmm
,390,390x44x36x456,16.0,405.0,51.0,39.17456,0.8664447784423828,bmm
,409,409x61x38x257,16.0,395.4,51.0,38.348720000000014,0.6969280004501343,bmm
,275,275x45x52x575,16.0,390.0,51.0,39.616000000000014,0.9815744042396546,bmm
,265,265x37x64x727,16.0,390.0,51.0,40.070920000000015,1.2466752052307128,bmm
,512,512x45x49x618,16.0,390.0,51.0,40.764199999999974,1.8119679927825927,bmm
,313,313x45x76x19,16.0,435.0,51.0,41.394480000000016,0.16373120248317719,bmm
,339,339x61x126x25,24.84,435.0,51.0,36.54951999999997,0.28676480054855347,bmm
,319,319x35x116x29,29.0,435.0,51.0,36.97895999999999,0.2232575982809067,bmm
,342,342x54x121x55,29.0,435.0,51.0,36.65499999999998,0.28218879699707033,bmm
,370,370x54x68x44,29.0,435.0,51.0,37.79200000000002,0.17948800027370454,bmm
,508,508x54x82x43,29.0,435.0,50.0,36.96912000000001,0.27404800057411194,bmm
,411,411x56x91x110,29.0,435.0,50.0,37.49751999999999,0.44410879611968995,bmm
,449,449x52x74x126,29.0,435.0,50.0,28.038840000000015,0.8833920001983643,bmm
,336,336x46x76x129,25.4,435.0,49.0,26.2306,0.6534335970878601,bmm
,451,451x65x87x204,20.0,435.0,49.0,26.96011999999999,1.8386687994003297,bmm
,349,349x60x126x199,20.0,436.2,49.0,27.93488,1.525324773788452,bmm
,473,473x54x78x214,20.0,450.0,49.0,26.364399999999993,1.4848703861236572,bmm
,396,396x46x94x409,23.84,462.0,48.0,26.570119999999996,2.3494271755218508,bmm
,338,338x36x93x300,36.0,525.0,47.6,25.382600000000004,1.3905728101730346,bmm
,463,463x49x97x315,36.0,525.0,47.0,26.559120000000007,2.269011211395264,bmm
,410,410x53x80x638,36.0,525.0,47.0,26.92460000000001,3.454182434082031,bmm
,425,425x65x92x984,35.0,750.6,47.64,32.83140000000001,3.415513610839844,bmm
,275,275x40x84x880,35.0,930.0,48.0,43.83652000000001,0.8097984075546265,bmm
,440,440x61x133x14,35.0,930.0,48.0,41.698999999999984,0.16800640225410463,bmm
,401,401x51x148x12,35.0,930.0,49.0,37.57899999999998,0.1591552048921585,bmm
,328,328x58x198x14,35.0,930.0,49.0,37.36000000000001,0.19714559912681578,bmm
,509,509x35x142x60,35.0,930.0,49.0,37.76199999999998,0.19457280337810517,bmm
,468,468x62x241x54,34.52,930.0,49.0,38.14107999999999,0.3320832014083862,bmm
,460,460x40x224x61,29.0,930.0,49.0,39.95644,0.28462079763412473,bmm
,402,402x58x158x83,29.0,930.0,49.0,38.81127999999998,0.309171199798584,bmm
,363,363x42x164x87,29.0,930.0,49.0,38.688639999999985,0.29043840765953066,bmm
,346,346x47x180x107,29.0,930.0,49.0,38.74947999999998,0.315366393327713,bmm
,264,264x51x211x250,29.0,930.0,49.0,38.88199999999998,0.5285439848899841,bmm
,332,332x60x186x151,29.0,930.0,49.0,41.693639999999995,0.49175039529800413,bmm
,468,468x37x202x222,29.0,930.0,49.0,40.83699999999997,0.8704000115394592,bmm
,364,364x42x139x289,29.0,930.0,49.6,42.563999999999986,0.72882559299469,bmm
,320,320x33x181x414,18.0,645.0,50.0,43.41884,1.509055995941162,bmm
,512,512x35x168x367,18.0,645.0,50.0,42.86855999999999,1.664403223991394,bmm
,415,415x38x136x669,18.0,645.0,50.0,43.448799999999984,2.1896063804626467,bmm
,496,496x60x235x602,18.0,755.4,50.0,47.99888,3.1497599601745607,bmm
,281,281x34x167x865,18.0,885.0,51.0,50.16319999999999,1.546131181716919,bmm
,415,415x59x269x24,36.48,885.0,51.0,43.73808,0.31774720549583435,bmm
,364,364x34x482x29,39.0,885.0,51.0,38.697999999999986,0.462636798620224,bmm
,287,287x46x502x31,39.0,885.0,50.44,40.072960000000016,0.3994368016719818,bmm
,499,499x36x360x43,39.0,885.0,50.0,39.137760000000014,0.4548864006996155,bmm
,434,434x53x488x51,39.0,885.0,50.0,40.029,0.5489216089248657,bmm
,436,436x48x432x33,39.0,885.0,50.0,42.125,0.48298240303993223,bmm
,452,452x55x429x116,39.0,885.0,50.0,42.500240000000005,0.9319423913955689,bmm
,400,400x58x423x74,39.0,885.0,50.0,42.77564,0.7865535974502563,bmm
,487,487x61x295x118,19.0,885.0,50.0,42.90515999999999,0.7033663868904114,bmm
,494,494x53x360x155,19.0,885.0,50.0,42.59720000000003,1.2804735898971558,bmm
,299,299x47x432x138,19.0,885.0,50.0,46.62739999999999,0.9426431894302368,bmm
,479,479x52x349x157,19.0,885.0,50.0,43.51072000000001,1.2497920036315917,bmm
,434,434x56x298x444,19.0,690.0,51.0,46.77724000000002,3.09936637878418,bmm
,497,497x51x406x369,21.16,990.6,51.0,48.70415999999998,2.4496384143829344,bmm
,316,316x52x263x508,37.0,1005.0,51.0,40.121760000000016,1.4103551864624024,bmm
,411,411x49x502x857,37.0,1207.2,51.84,59.61603999999999,4.532915210723877,bmm
,505,505x40x414x902,37.0,1575.0,54.0,84.00304,4.253203105926514,bmm
,336,336x41x503x575,39.0,1916.4,57.0,69.82695999999999,1.7609791994094848,bmm
,341,341x48x766x8,39.0,1920.0,57.0,76.6066,0.4049407958984375,bmm
,280,280x49x799x32,39.0,1920.0,57.0,75.23516000000001,0.37060479521751405,bmm
,481,481x45x766x31,39.0,1920.0,61.0,77.11836000000005,0.5688768029212952,bmm
,487,487x49x651x42,39.0,1920.0,61.0,84.02700000000003,0.5270976066589356,bmm
,448,448x59x870x42,39.0,1920.0,61.0,88.86999999999995,0.8073920011520386,bmm
,307,307x51x916x48,36.48,1920.0,61.0,97.19676000000003,0.4973568022251129,bmm
,463,463x55x840x128,18.0,1920.0,63.0,92.1074,0.9182720065116883,bmm
,280,280x43x980x100,18.0,1920.0,63.0,94.82320000000001,0.6334464073181152,bmm
,333,333x59x649x117,18.0,1920.0,63.0,91.11999999999996,0.5445503950119018,bmm
,329,329x40x981x243,18.0,1920.0,65.04,100.19172,1.3763135910034179,bmm
,308,308x60x653x246,18.0,1920.0,66.0,116.02500000000005,0.9128575921058655,bmm
,513,513x64x722x222,18.0,1794.6,66.0,109.61408000000007,1.6297216176986695,bmm
,281,281x55x986x365,25.0,1517.4,65.0,65.19432,2.20862078666687,bmm
,335,335x35x968x324,25.0,1488.6,64.84,69.53944,2.621465539932251,bmm
,262,262x34x976x441,25.0,1543.2,63.0,74.61196,2.5179456233978272,bmm
,259,259x63x525x1022,25.0,1692.6,63.0,89.45044,2.520691156387329,bmm
,331,331x43x696x821,36.2,1860.6,65.0,117.35843999999993,3.381536054611206,bmm
,283,283x52x736x718,39.0,1903.2,65.0,132.47784,2.6235647678375242,bmm
,342,342x121x14x21,39.0,1905.0,69.0,92.14659999999998,0.034636799991130826,bmm
,492,492x97x31x8,39.0,1905.0,70.0,66.20808000000002,0.06469759792089462,bmm
,280,280x71x12x11,39.0,1905.0,70.0,65.82544000000001,0.027001599967479705,bmm
,416,416x77x11x49,39.0,1905.0,66.88,64.98588,0.03957120031118393,bmm
,390,390x109x11x54,29.76,1905.0,64.0,64.69100000000002,0.039827200770378116,bmm
,446,446x127x10x36,18.0,1905.0,64.0,65.51732000000004,0.04327039942145348,bmm
,267,267x118x8x81,18.0,1905.0,64.0,65.80548000000003,0.03658239990472793,bmm
,496,496x105x2x89,18.0,1905.0,64.0,65.79816000000001,0.0646912008523941,bmm
,284,284x94x30x128,18.0,1905.0,63.0,66.62879999999996,0.0737152025103569,bmm
,325,325x91x10x132,18.0,1905.0,63.0,67.04727999999999,0.1085439994931221,bmm
,481,481x101x26x248,18.0,1905.0,63.0,69.02420000000001,0.206073597073555,bmm
,372,372x84x8x246,18.0,1905.0,63.0,71.13611999999998,0.10106239914894104,bmm
,320,320x122x10x507,18.0,1905.0,63.0,70.34087999999996,0.2612607955932617,bmm
,324,324x81x33x360,18.0,1905.0,63.0,73.78504,0.26228479743003846,bmm
,409,409x89x3x467,7.88,1073.4,63.0,74.09375999999995,0.20390399992465974,bmm
,380,380x80x25x553,7.0,747.6,62.0,44.83168,1.0857280254364015,bmm
,337,337x80x7x549,7.0,711.6,58.0,38.906960000000026,0.5300671815872192,bmm
,323,323x83x5x521,7.0,690.0,58.0,39.301079999999985,0.538591992855072,bmm
,390,390x107x65x3,7.0,660.0,58.0,39.71576,0.23428479731082916,bmm
,281,281x109x41x7,7.0,654.6,55.0,36.9856,0.13108480274677276,bmm
,455,455x124x61x4,7.0,615.0,55.0,36.91028,0.2674880027770996,bmm
,328,328x110x65x49,15.28,593.4,55.0,36.22831999999998,0.22711040079593658,bmm
,415,415x109x33x42,16.0,540.0,53.0,37.066000000000024,0.20801919996738433,bmm
,428,428x77x52x58,16.0,540.0,53.0,37.31512000000001,0.2539455950260162,bmm
,338,338x74x61x108,16.0,510.0,53.0,37.547839999999994,0.46978560090065,bmm
,338,338x120x60x119,16.0,489.6,53.0,38.074280000000016,0.41928320527076723,bmm
,438,438x89x38x65,16.0,480.0,53.0,38.216,0.4608896017074585,bmm
,375,375x76x52x228,16.0,450.0,53.0,39.10668,1.0419456243515015,bmm
,384,384x127x43x194,16.0,450.0,53.0,39.09996,0.8714176058769226,bmm
,333,333x122x49x223,16.0,447.0,52.0,39.99499999999998,0.8420480012893676,bmm
,351,351x105x58x343,16.0,435.0,52.0,39.15836,1.462495994567871,bmm
,418,418x113x42x473,16.0,435.0,52.0,41.44859999999998,1.9219135999679566,bmm
,439,439x92x37x368,16.0,450.0,52.0,41.39452000000002,1.4604351997375489,bmm
,504,504x104x37x693,17.76,450.0,52.0,43.24724000000002,2.983839988708496,bmm
,319,319x87x62x868,38.0,609.0,52.0,43.58528000000001,2.5053951740264893,bmm
,398,398x123x37x909,38.0,685.8,52.0,43.08799999999999,1.985804796218872,bmm
,513,513x118x103x30,38.0,720.0,52.0,42.317,0.37328640222549436,bmm
,381,381x74x91x31,38.0,720.0,52.0,39.13199999999998,0.2572799980640411,bmm
,443,443x82x102x4,38.0,720.0,52.0,37.85828000000001,0.31587839126586914,bmm
,365,365x129x75x54,38.0,720.0,52.0,37.95836,0.31326079964637754,bmm
,388,388x129x115x55,30.08,720.0,51.0,38.595679999999994,0.4627072036266327,bmm
,413,413x101x90x51,27.0,720.0,51.0,39.01800000000002,0.28538240790367125,bmm
,436,436x116x74x117,27.0,720.0,51.0,38.504000000000005,0.45299199819564817,bmm
,498,498x94x67x122,27.0,720.0,51.0,38.88028000000002,0.5406720042228699,bmm
,500,500x102x112x115,27.0,720.0,51.0,39.034999999999975,0.6846272110939026,bmm
,489,489x90x73x216,27.0,720.0,51.0,41.847200000000015,1.113644790649414,bmm
,303,303x115x101x256,27.0,720.0,51.0,40.433,0.78160001039505,bmm
,478,478x78x121x217,24.2,720.0,51.0,43.415000000000006,1.6039551973342896,bmm
,350,350x120x118x471,22.0,715.8,51.0,44.91559999999998,2.004902410507202,bmm
,472,472x129x74x321,22.0,705.0,51.0,44.8708,2.70928635597229,bmm
,337,337x92x97x439,22.0,705.0,51.0,44.88939999999999,1.9771711826324463,bmm
,359,359x71x69x779,22.0,720.6,51.84,45.69367999999999,2.5658944129943846,bmm
,316,316x103x99x651,34.96,771.0,52.0,46.09263999999999,2.169100856781006,bmm
,470,470x125x68x636,40.0,853.8,52.0,46.76668000000001,1.742899203300476,bmm
,460,460x111x129x7,40.0,900.0,52.0,46.974000000000004,0.3363968014717102,bmm
,378,378x67x222x2,40.0,900.0,52.0,38.68343999999998,0.4297599971294403,bmm
,411,411x91x208x20,40.0,900.0,51.68,38.108800000000016,0.4308927893638611,bmm
,262,262x79x252x57,40.0,900.0,51.0,39.420959999999994,0.33626880645751955,bmm
,315,315x93x183x36,40.0,900.0,51.0,39.26927999999999,0.30662400722503663,bmm
,288,288x109x169x63,29.8,900.0,51.0,38.50556000000001,0.29010559916496276,bmm
,384,384x104x160x71,23.0,900.0,51.0,38.93104,0.5851967930793762,bmm
,322,322x82x142x127,23.0,900.0,51.0,40.47356,0.4929663956165314,bmm
,400,400x109x225x72,23.0,900.0,51.0,40.809799999999974,0.8650560021400452,bmm
,357,357x84x196x168,23.0,900.0,51.0,42.97464000000001,1.4089984178543091,bmm
,257,257x98x239x147,23.0,900.0,51.0,42.36160000000002,0.9099648118019104,bmm
,511,511x71x167x166,23.0,900.0,51.0,44.96000000000001,1.7297600030899047,bmm
,319,319x95x194x291,24.0,872.4,51.0,44.91608000000001,1.9751359701156617,bmm
,493,493x74x182x277,24.0,883.8,51.0,46.80968,2.7341504096984863,bmm
,274,274x124x223x333,24.0,957.0,51.8,46.1682,1.6152639865875245,bmm
,400,400x86x186x723,24.0,987.6,52.0,52.519160000000014,4.200825500488281,bmm
,397,397x106x191x595,24.0,1305.0,53.52,59.28860000000003,2.4297791957855224,bmm
,479,479x93x223x707,44.0,1428.6,54.0,70.94320000000002,3.717856025695801,bmm
,471,471x76x433x5,44.0,1934.4,57.36,78.683,0.4877695977687836,bmm
,474,474x73x264x8,44.0,1935.0,58.0,70.14288000000002,0.2912384033203125,bmm
,269,269x126x437x13,44.0,1923.0,58.0,68.31248,0.42143999934196474,bmm
,325,325x96x350x50,44.0,1920.0,59.0,72.78688000000001,0.39500799775123596,bmm
,318,318x129x396x42,44.0,1920.0,59.0,76.93499999999996,0.5471424102783203,bmm
,478,478x116x410x56,22.0,1920.0,59.0,88.55023999999997,0.7097216010093689,bmm
,307,307x127x346x79,22.0,1920.0,59.0,89.93639999999998,0.5182976007461548,bmm
,296,296x119x292x78,22.0,1920.0,62.0,82.22396000000002,0.4054335951805115,bmm
,275,275x95x318x103,22.0,1920.0,62.0,81.99495999999995,0.4270080029964447,bmm
,371,371x107x332x152,22.0,1920.0,62.0,84.75299999999997,0.8726080060005188,bmm
,301,301x98x492x236,22.0,1920.0,63.56,100.05203999999999,1.2717568159103394,bmm
,397,397x106x336x211,22.0,1905.0,65.0,80.97019999999996,1.1449791669845581,bmm
,334,334x95x402x347,19.0,1200.0,64.52,82.91531999999998,2.902432012557983,bmm
,309,309x128x406x307,19.0,1500.0,63.0,71.58320000000002,2.0491968631744384,bmm
,298,298x97x377x448,19.0,1500.0,63.0,77.06547999999995,2.4721471786499025,bmm
,257,257x76x335x902,19.0,1770.0,62.0,96.58155999999997,3.3793344020843508,bmm
,260,260x97x454x890,21.24,1897.2,62.24,137.42271999999997,3.5084928035736085,bmm
,424,424x82x348x539,47.0,1875.6,68.0,114.73708,3.4177984237670898,bmm
,351,351x70x820x15,47.0,1888.8,68.0,112.33195999999998,0.6707583904266358,bmm
,333,333x91x553x30,47.0,1890.0,68.56,86.51800000000001,0.5486592054367065,bmm
,421,421x105x765x21,47.0,1890.0,69.0,89.90836000000003,1.0677311897277832,bmm
,258,258x102x927x35,47.0,1890.0,69.0,95.58759999999998,0.8303424000740052,bmm
,424,424x110x530x33,47.0,1890.0,68.88,91.70035999999999,0.7011712074279786,bmm
,499,499x117x576x55,25.0,1890.0,68.0,93.17284000000001,0.923750388622284,bmm
,284,284x80x795x87,25.0,1890.0,68.0,96.26980000000002,1.0378240108489991,bmm
,409,409x70x807x114,25.0,1890.0,68.0,105.99511999999997,1.4796800136566162,bmm
,448,448x106x1017x122,25.0,1886.4,70.0,121.72212000000005,2.003865623474121,bmm
,280,280x80x633x139,25.0,1885.2,70.0,136.20247999999995,1.6210879802703857,bmm
,359,359x90x603x239,25.0,1821.6,70.0,112.15491999999996,1.9824191808700562,bmm
,374,374x100x898x196,32.6,1857.6,71.0,114.98508000000007,2.8510655879974367,bmm
,335,335x67x549x361,35.0,1881.6,71.0,135.44336000000004,2.4783040046691895,bmm
,443,443x111x875x282,35.0,1858.2,74.36,144.58832000000007,4.957254409790039,bmm
,501,501x65x776x302,35.0,1862.4,73.92,109.71564000000004,5.000460815429688,bmm
,447,447x84x1016x859,45.0,1718.4,74.88,162.13780000000003,14.917702293395996,bmm
,511,511x90x776x709,53.12,1741.8,78.76,155.13232,10.921952056884766,bmm
,456,456x115x649x895,74.0,1750.2,80.76,126.21408000000001,9.32834587097168,bmm
,386,386x167x5x17,74.0,1755.0,76.0,115.65200000000003,0.04551679939031601,bmm
,321,321x244x20x6,74.0,1755.0,76.0,60.66387999999998,0.07544320076704025,bmm
,336,336x256x4x19,39.0,1755.0,76.0,59.22600000000002,0.05158400014042854,bmm
,307,307x150x1x37,39.0,1755.0,74.56,59.39599999999998,0.0293248001486063,bmm
,375,375x166x16x56,39.0,1755.0,67.0,57.938719999999975,0.059462399780750276,bmm
,309,309x143x6x46,39.0,1755.0,67.0,57.928799999999974,0.038809601217508316,bmm
,481,481x199x22x100,39.0,1755.0,67.0,58.96355999999999,0.1917568027973175,bmm
,447,447x147x27x115,39.0,1755.0,64.0,62.30051999999998,0.19361920058727264,bmm
,504,504x169x12x81,39.0,1755.0,64.0,62.00399999999998,0.12991999983787536,bmm
,423,423x186x1x198,39.0,1755.0,64.0,59.925999999999995,0.15820159614086152,bmm
,296,296x214x29x195,39.0,1755.0,64.0,60.09799999999998,0.27708799839019777,bmm
,268,268x180x24x166,7.0,1755.0,62.64,64.87400000000001,0.12887680232524873,bmm
,451,451x254x32x359,7.0,1755.0,62.0,59.952,0.6105855941772461,bmm
,355,355x153x13x404,7.0,1755.0,62.0,80.67831999999999,0.41875200271606444,bmm
,290,290x166x11x395,7.0,1755.0,62.0,67.4274,0.289548796415329,bmm
,473,473x165x11x667,7.0,960.0,61.0,49.557440000000014,1.2697472095489502,bmm
,478,478x230x30x890,7.0,985.8,61.0,49.03592000000001,2.5497536182403566,bmm
,259,259x231x9x779,7.0,1200.0,59.64,50.126999999999995,0.8623807907104493,bmm
,275,275x197x61x10,27.0,1200.0,59.0,54.299999999999976,0.1685696005821228,bmm
,402,402x192x38x3,27.0,1200.0,59.0,44.18600000000001,0.135808002948761,bmm
,269,269x184x39x33,27.0,1200.0,59.0,43.263999999999996,0.10031999796628951,bmm
,509,509x220x58x56,27.0,1200.0,57.92,43.06100000000001,0.30518400073051455,bmm
,261,261x206x59x50,27.0,1200.0,56.0,46.97199999999999,0.16411519944667816,bmm
,299,299x146x60x35,27.0,1200.0,56.0,43.894,0.14131200313568115,bmm
,349,349x152x57x99,27.0,1200.0,56.0,43.4582,0.35225600004196167,bmm
,439,439x205x33x109,27.0,1200.0,55.64,45.38659999999999,0.3456256091594696,bmm
,479,479x141x52x99,27.0,1200.0,55.0,45.03863999999999,0.4273919999599457,bmm
,294,294x194x42x152,11.0,1200.0,55.0,45.648999999999994,0.4073087990283966,bmm
,345,345x247x40x185,11.0,1200.0,55.0,46.01800000000002,0.4185855984687805,bmm
,271,271x200x65x221,11.0,1200.0,55.0,48.013200000000005,0.6222463965415954,bmm
,303,303x164x35x454,11.0,1200.0,55.0,47.15663999999999,0.7004288077354431,bmm
,510,510x225x58x482,11.0,1160.4,55.0,56.11540000000003,2.0880640029907225,bmm
,437,437x180x41x402,11.0,1108.8,55.0,54.857480000000024,1.186400008201599,bmm
,355,355x237x56x590,13.04,1095.0,55.0,46.81687999999998,1.7568639755249023,bmm
,387,387x152x34x563,28.0,1095.0,55.0,55.1784,1.4955008029937744,bmm
,346,346x167x35x853,28.0,1065.0,55.0,52.07075999999999,1.555456018447876,bmm
,457,457x215x106x14,28.0,1055.4,55.0,50.148079999999965,0.45426560640335084,bmm
,293,293x202x99x8,28.0,1050.0,55.0,43.87599999999998,0.2920639991760254,bmm
,317,317x255x95x31,28.0,992.4,54.0,39.53672000000002,0.334822404384613,bmm
,311,311x167x80x45,28.0,918.0,54.0,39.228839999999984,0.21478400528430938,bmm
,398,398x195x66x57,24.48,904.2,54.0,38.56152000000001,0.3396159946918488,bmm
,288,288x136x126x51,20.0,870.0,53.04,38.12948000000001,0.32265599966049197,bmm
,486,486x218x114x112,20.0,825.0,52.0,39.64399999999999,1.2105152130126953,bmm
,362,362x139x72x126,20.0,813.0,52.0,43.82908000000002,0.539142394065857,bmm
,361,361x246x107x104,20.0,795.0,52.0,39.47799999999998,0.894432008266449,bmm
,318,318x218x118x223,20.0,765.0,52.0,43.53868000000001,1.7038975954055786,bmm
,429,429x256x85x168,20.0,750.0,52.0,45.840199999999996,1.4650752067565918,bmm
,357,357x166x94x157,26.0,750.0,52.0,43.175680000000014,1.022867202758789,bmm
,441,441x175x125x416,26.0,736.2,52.0,46.71784,3.9079360485076906,bmm
,461,461x205x104x485,26.0,969.6,53.0,50.80711999999997,3.268889570236206,bmm
,498,498x165x110x325,26.0,1425.0,53.0,56.02848,1.5593472003936768,bmm
,413,413x207x121x896,34.4,1545.0,55.52,75.20876000000003,3.4974976539611817,bmm
,340,340x221x67x898,47.0,1926.6,56.0,92.92724000000003,1.9009600162506104,bmm
,392,392x137x111x883,47.0,1903.8,63.0,116.02963999999996,2.620800018310547,bmm
,438,438x210x209x19,47.0,1905.0,63.0,116.02399999999996,0.4909567952156067,bmm
,490,490x136x238x14,47.0,1905.0,63.0,87.58759999999998,0.4225600004196167,bmm
,468,468x161x147x23,47.0,1905.0,63.56,81.37191999999999,0.28413439989089967,bmm
,284,284x161x227x65,47.0,1905.0,65.0,76.91800000000005,0.4482367932796478,bmm
,320,320x243x169x62,25.0,1905.0,65.0,84.24700000000003,0.3953599989414215,bmm
,301,301x197x242x49,25.0,1905.0,65.0,83.73499999999996,0.42040319442749025,bmm
,311,311x153x212x107,25.0,1905.0,65.0,85.56899999999997,0.5327232003211975,bmm
,354,354x157x148x120,25.0,1905.0,65.0,92.76711999999999,0.44757120013237,bmm
,453,453x248x132x72,25.0,1905.0,65.0,88.22548000000005,0.5656064033508301,bmm
,306,306x204x200x139,25.0,1905.0,65.0,92.71992000000004,0.8324927926063538,bmm
,337,337x168x203x149,25.0,1905.0,66.2,95.89687999999997,0.7472768187522888,bmm
,361,361x233x257x211,25.0,1260.0,67.0,88.16763999999998,2.479814386367798,bmm
,349,349x191x193x388,23.0,1305.0,66.52,65.72308000000002,2.6880064010620117,bmm
,415,415x227x213x273,23.0,1410.0,63.0,70.55651999999998,3.130617618560791,bmm
,313,313x140x201x492,23.0,1725.0,63.0,81.30356000000003,2.265452766418457,bmm
,301,301x130x198x883,23.0,1731.0,64.0,104.79192,3.670688009262085,bmm
,472,472x205x156x828,36.44,1880.4,65.92,96.75827999999996,4.687116813659668,bmm
,279,279x255x180x659,47.0,1887.0,68.0,126.96456000000003,2.7385152339935304,bmm
,420,420x185x363x22,47.0,1885.8,68.0,130.58224000000007,0.831116795539856,bmm
,310,310x165x306x4,47.0,1890.0,70.0,86.06860000000002,0.4166463971138,bmm
,501,501x192x324x24,47.0,1890.0,70.0,82.34500000000001,0.843993604183197,bmm
,336,336x158x463x60,47.0,1890.0,70.0,99.91100000000004,0.8543872117996216,bmm
,258,258x232x426x65,39.8,1890.0,70.0,106.52567999999998,0.972435200214386,bmm
,470,470x193x436x33,29.0,1890.0,70.0,97.36720000000001,1.1792768001556397,bmm
,506,506x143x284x72,29.0,1890.0,70.0,110.36312000000002,1.124294376373291,bmm
,270,270x212x471x65,29.0,1890.0,70.0,108.55291999999996,1.0898239850997924,bmm
,484,484x247x331x84,29.0,1890.0,70.0,104.46799999999999,1.4263999700546264,bmm
,291,291x203x456x218,29.0,1885.2,70.0,132.50680000000006,2.2392255783081056,bmm
,287,287x239x380x250,29.0,1890.0,70.0,134.55552000000006,1.9151423692703247,bmm
,386,386x152x373x133,31.76,1890.0,73.0,123.10235999999999,1.4780928373336792,bmm
,341,341x201x258x400,32.0,1878.0,73.0,143.88032000000007,3.110867214202881,bmm
,355,355x238x454x314,32.0,1869.6,72.32,110.14928000000005,4.157516860961914,bmm
,290,290x201x342x455,32.0,1860.0,72.0,120.22575999999998,3.4537215709686278,bmm
,454,454x138x377x676,41.0,1801.2,76.0,155.52208000000002,8.18913917541504,bmm
,321,321x215x396x519,41.0,1828.8,78.4,150.46372000000002,5.590169525146484,bmm
,405,405x194x321x686,41.0,1813.2,80.56,148.02099999999996,7.097024154663086,bmm
,262,262x218x950x7,61.0,1868.4,82.0,123.7519200000001,1.609881591796875,bmm
,347,347x167x591x8,61.0,1875.0,82.0,101.23047999999999,0.9903359889984131,bmm
,266,266x168x929x33,61.0,1875.0,74.96,106.32612000000006,1.340768003463745,bmm
,275,275x246x930x64,61.0,1875.0,74.0,108.89460000000003,2.089305591583252,bmm
,271,271x166x554x64,61.0,1875.0,74.0,131.56928000000005,0.8410688042640686,bmm
,439,439x225x939x39,61.0,1875.0,74.0,113.90544000000001,2.9519424438476562,bmm
,390,390x217x968x72,37.08,1867.8,74.0,135.41007999999994,3.1687104225158693,bmm
,319,319x141x1007x70,35.0,1875.0,75.44,125.84407999999999,2.369632053375244,bmm
,348,348x221x536x103,35.0,1875.0,76.0,128.79399999999998,1.5957823991775513,bmm
,323,323x239x731x240,35.0,1840.2,76.84,148.56647999999996,4.034643363952637,bmm
,356,356x205x519x245,35.0,1857.6,79.0,140.26291999999995,3.1967487812042235,bmm
,473,473x186x611x257,45.0,1827.6,79.6,154.54636000000005,5.689471912384033,bmm
,299,299x140x968x429,45.0,1792.8,80.64,159.36588,8.65690860748291,bmm
,341,341x231x745x412,52.28,1777.8,81.52,138.36059999999995,8.902400016784668,bmm
,313,313x198x686x328,59.0,1809.6,81.48,153.65631999999997,5.594572830200195,bmm
,375,375x248x805x853,59.6,1634.4,80.68,148.81375999999992,20.453472137451172,bmm
,474,474x242x618x661,61.84,1557.6,84.16,148.12956000000003,17.24856300354004,bmm
,299,299x184x917x789,83.0,1614.6,85.96,150.40416000000002,13.416441726684571,bmm
,264,264x401x10x5,83.0,1818.6,87.0,97.68199999999997,0.08286079913377761,bmm
,273,273x509x3x32,83.0,1859.4,76.0,72.84899999999999,0.07636480033397675,bmm
,298,298x428x10x25,49.0,1888.8,76.0,69.616,0.09096959978342056,bmm
,404,404x513x1x56,49.0,1890.0,76.0,72.212,0.12213120013475418,bmm
,402,402x355x33x65,49.0,1890.0,70.0,75.68520000000002,0.29701759815216067,bmm
,495,495x418x7x44,49.0,1890.0,70.0,78.85851999999998,0.12835200130939484,bmm
,375,375x343x6x95,49.0,1895.4,70.0,71.99212000000003,0.15756799578666686,bmm
,353,353x346x1x69,49.0,1905.0,67.84,68.21843999999997,0.09290879964828491,bmm
,319,319x353x27x97,36.96,1905.0,67.0,67.49612,0.20606719553470612,bmm
,296,296x270x9x191,6.0,1905.0,67.0,75.52480000000003,0.18977919816970826,bmm
,308,308x394x6x229,6.0,1905.0,67.0,76.90832000000003,0.3421312034130096,bmm
,422,422x318x20x160,6.0,1905.0,67.0,80.31312000000003,0.313292795419693,bmm
,297,297x406x8x257,6.0,1521.0,67.0,81.9878,0.36339839100837706,bmm
,331,331x361x30x323,6.0,942.0,66.28,46.336399999999976,1.2699840068817139,bmm
,266,266x306x15x268,6.0,886.8,61.0,39.67479999999998,0.6155776023864746,bmm
,480,480x316x12x575,17.2,859.8,61.0,44.53428000000001,1.9524991750717162,bmm
,420,420x478x9x682,20.0,960.0,58.0,47.46396,2.945683240890503,bmm
,411,411x493x7x1008,20.0,1101.6,58.0,49.78423999999999,2.469644832611084,bmm
,470,470x489x65x33,20.0,1650.0,58.0,59.042999999999964,0.4553407967090607,bmm
,389,389x387x36x22,20.0,1650.0,58.0,63.386320000000005,0.2115391969680786,bmm
,400,400x420x56x18,27.04,1650.0,58.0,55.97811999999999,0.2532415986061096,bmm
,492,492x408x42x61,36.0,1650.0,58.0,57.758120000000005,0.3064320027828217,bmm
,289,289x263x54x43,36.0,1650.0,58.0,57.894400000000005,0.14739200174808503,bmm
,371,371x475x47x33,36.0,1650.0,58.0,57.04312000000002,0.26495360136032103,bmm
,303,303x392x57x121,36.0,1650.0,58.0,59.022319999999965,0.412255996465683,bmm
,470,470x458x53x124,36.0,1650.0,58.2,62.41931999999998,0.6536448001861572,bmm
,466,466x492x57x93,36.0,1650.0,59.0,68.75,0.7094016075134277,bmm
,362,362x511x51x242,36.0,1650.0,59.0,74.48160000000006,1.008787202835083,bmm
,445,445x366x51x214,36.0,1650.0,59.0,74.2322,0.9168640017509461,bmm
,260,260x446x61x229,18.0,1650.0,60.0,69.83400000000005,0.7058240056037903,bmm
,301,301x490x47x466,18.0,1650.0,60.0,69.87720000000002,1.503923225402832,bmm
,448,448x485x59x295,18.0,1659.0,60.0,88.98400000000004,1.9806463956832885,bmm
,387,387x387x54x486,18.0,1695.0,62.0,76.74964,1.7865792036056518,bmm
,382,382x361x34x1015,18.0,1711.8,62.0,82.21643999999996,2.423315191268921,bmm
,454,454x286x58x925,26.4,1906.2,66.48,97.52951999999996,2.904755210876465,bmm
,408,408x394x39x911,39.0,1885.8,69.0,126.39159999999998,2.723155212402344,bmm
,267,267x260x105x31,39.0,1890.0,70.0,121.538,0.2082944005727768,bmm
,401,401x391x99x22,39.0,1890.0,70.0,75.04700000000001,0.3972927987575531,bmm
,462,462x474x94x28,39.0,1890.0,70.0,84.28659999999996,0.49587840437889097,bmm
,437,437x459x96x58,39.0,1890.0,70.0,84.60952000000005,0.4644608020782471,bmm
,464,464x351x80x48,39.0,1890.0,67.0,83.61975999999999,0.30569600462913515,bmm
,451,451x352x122x41,22.0,1890.0,67.0,82.20539999999997,0.508518397808075,bmm
,264,264x454x70x120,22.0,1890.0,67.0,86.53400000000005,0.3913599967956543,bmm
,456,456x266x117x75,22.0,1890.0,67.0,85.086,0.6306432008743286,bmm
,482,482x374x70x76,22.0,1890.0,67.0,96.367,0.5228608012199402,bmm
,406,406x426x77x148,22.0,1890.0,67.0,96.89968000000003,0.9206783890724182,bmm
,504,504x476x116x161,22.0,1890.0,67.0,107.88527999999998,1.7736384391784668,bmm
,265,265x342x112x244,22.0,1890.0,68.92,135.24772000000002,0.8232576131820679,bmm
,279,279x435x101x490,22.16,1885.8,70.0,107.92216000000003,1.9153983831405639,bmm
,271,271x386x88x502,26.0,1890.0,70.0,125.56099999999995,1.5591423988342286,bmm
,455,455x510x129x277,26.0,1680.0,71.0,113.19731999999996,3.821452808380127,bmm
,389,389x424x87x612,26.0,1861.8,71.0,119.60140000000003,2.87738242149353,bmm
,390,390x310x128x976,28.04,1845.6,72.0,99.08828000000001,4.575987243652344,bmm
,509,509x469x108x751,43.0,1802.4,73.68,145.23255999999998,6.4164351463317875,bmm
,476,476x299x220x18,43.0,1866.6,74.0,72.71516000000003,0.7996927976608277,bmm
,505,505x313x136x24,43.0,1889.4,69.0,68.798,0.5150207996368408,bmm
,418,418x307x155x28,43.0,1890.0,69.0,79.94200000000001,0.5197760105133057,bmm
,418,418x358x141x58,31.0,1890.0,69.0,83.62808000000004,0.5639359951019287,bmm
,494,494x401x183x56,31.0,1890.0,69.0,91.80099999999999,1.073535966873169,bmm
,488,488x418x187x59,31.0,1890.0,69.0,114.64079999999993,1.0715328216552735,bmm
,283,283x306x205x104,31.0,1890.0,69.0,102.26671999999995,0.6737407922744751,bmm
,398,398x340x239x75,31.0,1890.0,69.48,97.29119999999999,1.2562624216079712,bmm
,321,321x334x219x116,31.0,1890.0,71.0,119.24351999999993,0.9710207939147949,bmm
,510,510x284x177x241,31.0,1875.6,71.0,116.33823999999997,2.0865535736083984,bmm
,304,304x309x250x147,28.6,1890.0,72.08,125.21376000000005,1.3802559852600098,bmm
,495,495x393x143x257,28.0,1878.0,74.0,96.59240000000001,3.335814380645752,bmm
,279,279x479x213x478,28.0,1833.6,73.08,129.32068000000004,4.336710453033447,bmm
,345,345x368x249x356,28.0,1857.6,73.72,133.48440000000005,3.5196991920471192,bmm
,463,463x455x170x376,40.0,1844.4,75.0,153.57232,4.381881618499756,bmm
,324,324x313x149x531,40.0,1859.4,76.68,141.25455999999997,2.8101887702941895,bmm
,409,409x426x160x1023,40.0,1773.0,77.2,139.21320000000009,8.489056205749511,bmm
,498,498x282x224x839,52.0,1786.2,75.2,157.26099999999994,8.919353675842284,bmm
,274,274x337x410x8,52.0,1864.2,80.0,66.86744000000002,0.9387136101722717,bmm
,417,417x412x432x32,52.0,1875.0,80.0,99.59928000000004,1.879423975944519,bmm
,416,416x397x500x8,52.0,1875.0,73.0,124.52295999999997,1.8108351945877075,bmm
,416,416x283x325x64,44.0,1875.0,73.0,109.36216000000007,1.1230783939361573,bmm
,476,476x370x508x57,44.0,1875.0,73.0,130.70460000000003,2.0881919860839844,bmm
,424,424x309x427x50,44.0,1875.0,74.0,119.889,1.7010111808776855,bmm
,505,505x310x443x96,44.0,1860.6,74.0,135.65156000000007,2.4639999866485596,bmm
,422,422x289x472x103,44.0,1875.0,74.6,135.00336000000004,2.170246458053589,bmm
,306,306x492x352x89,44.0,1875.0,77.0,132.626,1.8799744129180909,bmm
,341,341x268x465x203,40.0,1867.8,77.0,139.11319999999992,3.4392832279205323,bmm
,347,347x463x360x130,40.0,1843.2,76.0,142.1544000000001,3.364748811721802,bmm
,346,346x351x433x248,40.0,1852.8,75.8,135.08371999999997,3.964409589767456,bmm
,292,292x302x311x351,40.0,1859.4,75.0,128.42343999999997,2.988320064544678,bmm
,287,287x296x273x483,44.0,1855.8,76.12,138.1686400000001,3.535430335998535,bmm
,289,289x422x268x412,44.0,1835.4,79.0,156.17644000000004,4.80127363204956,bmm
,285,285x505x383x521,44.0,1768.2,79.92,133.52864000000008,9.692550468444825,bmm
,510,510x419x466x578,56.0,1692.0,80.8,152.00660000000005,20.094547271728516,bmm
,438,438x350x374x710,69.44,1690.2,84.32,136.68215999999995,13.730214500427246,bmm
,308,308x447x871x29,72.0,1816.8,86.0,101.17988000000001,3.529548740386963,bmm
,274,274x402x689x3,46.48,1870.8,76.0,79.61579999999995,2.010464000701904,bmm
,316,316x476x513x4,43.0,1875.0,76.0,105.51244000000003,2.060300827026367,bmm
,467,467x343x922x58,43.0,1863.6,74.0,142.49332000000004,4.841024017333984,bmm
,493,493x493x995x62,43.72,1824.6,76.4,155.19888000000006,7.338470458984375,bmm
,498,498x493x682x48,49.0,1856.4,77.44,116.20148,4.35098237991333,bmm
,453,453x459x516x107,49.0,1847.4,76.0,141.65896000000004,4.075519943237305,bmm
,315,315x270x690x99,49.0,1864.8,76.8,132.55076000000003,2.3781184196472167,bmm
,316,316x339x850x80,41.8,1857.0,77.0,136.5811199999999,3.482361650466919,bmm
,318,318x433x900x220,40.0,1769.4,77.96,158.83847999999992,8.856409645080566,bmm
,274,274x330x623x210,40.0,1837.2,78.68,140.25403999999995,4.422073554992676,bmm
,265,265x270x959x248,50.2,1823.4,79.28,125.58956000000003,5.475334358215332,bmm
,373,373x425x982x293,57.0,1714.8,81.68,151.94000000000008,17.827552032470702,bmm
,296,296x324x876x431,61.0,1726.2,82.72,147.53596000000005,13.922035217285156,bmm
,397,397x288x700x428,64.08,1645.8,85.48,145.74459999999996,12.95221118927002,bmm
,474,474x360x678x575,69.6,1561.2,86.2,129.89196,23.079833984375,bmm
,325,325x391x968x930,65.4,1549.8,84.4,145.58559999999997,42.4363899230957,bmm
,297,297x320x834x1017,87.0,1527.6,85.44,143.24596,25.768211364746094,bmm
,444,444x769x3x19,81.24,1786.2,86.0,104.30344000000005,0.19651200175285338,bmm
,339,339x819x29x28,78.0,1755.0,81.32,71.45000000000003,0.2889087975025177,bmm
,338,338x975x28x32,78.0,1755.0,77.0,64.72440000000002,0.3399743974208832,bmm
,510,510x723x28x63,78.0,1755.0,77.0,63.672239999999974,0.3976895987987518,bmm
,337,337x980x26x35,78.0,1755.0,68.0,61.78876000000004,0.34160640835762024,bmm
,366,366x690x18x64,78.0,1755.0,68.0,67.22299999999997,0.2419391989707947,bmm
,278,278x557x25x88,78.0,1755.0,68.0,66.92499999999997,0.28766080141067507,bmm
,410,410x632x20x88,9.0,1755.0,68.0,66.84300000000002,0.39523839950561523,bmm
,392,392x1015x16x74,9.0,1755.0,66.0,72.22191999999997,0.49063679575920105,bmm
,414,414x560x22x201,9.0,1755.0,66.0,73.41280000000002,0.7208384037017822,bmm
,269,269x812x16x212,9.0,1755.0,66.0,75.99751999999995,0.5609216094017029,bmm
,320,320x670x16x257,9.0,1755.0,66.0,76.29199999999997,0.8198912024497986,bmm
,506,506x906x3x366,9.0,1755.0,66.0,81.61112,1.814470386505127,bmm
,513,513x766x16x369,9.0,1830.0,66.0,103.05320000000002,1.7688384056091309,bmm
,413,413x791x5x490,29.0,1905.0,67.84,99.7246,1.795967984199524,bmm
,339,339x653x33x746,29.0,1882.2,68.0,121.46544000000003,2.6891711711883546,bmm
,432,432x789x20x803,29.0,1883.4,71.84,126.27920000000002,3.458726406097412,bmm
,437,437x893x29x737,34.44,1852.2,72.0,133.48036000000005,3.9386048316955566,bmm
,450,450x968x55x29,46.0,1888.2,72.0,107.01800000000001,0.589734411239624,bmm
,429,429x530x40x14,46.0,1890.0,72.0,100.387,0.23736320436000824,bmm
,299,299x979x47x12,46.0,1890.0,69.48,80.19987999999998,0.3538560032844543,bmm
,488,488x833x60x39,46.0,1905.0,69.0,76.45460000000004,0.6262911915779114,bmm
,322,322x910x51x65,46.0,1905.0,69.0,93.13723999999998,0.7067967891693115,bmm
,450,450x902x52x40,46.0,1905.0,69.0,96.36436000000003,0.5472640037536621,bmm
,283,283x528x33x101,46.0,1905.0,69.0,95.837,0.31359360218048093,bmm
,267,267x886x46x93,17.0,1905.0,69.0,85.25800000000001,0.5073088049888611,bmm
,332,332x724x43x73,17.0,1905.0,69.0,96.80383999999998,0.5312512159347534,bmm
,274,274x961x62x232,17.0,1905.0,68.0,101.11868000000003,1.4417343854904174,bmm
,341,341x997x38x195,17.0,1905.0,68.0,128.10968,1.2979071855545044,bmm
,370,370x598x64x202,17.0,1905.0,68.0,120.92228000000006,1.1904063940048217,bmm
,418,418x1005x56x390,17.0,1871.4,72.0,143.41216,3.799078416824341,bmm
,375,375x857x60x326,34.28,1881.6,72.28,100.63355999999997,2.552294397354126,bmm
,355,355x518x56x452,35.0,1887.0,73.0,120.40219999999992,1.8186815977096558,bmm
,320,320x541x52x753,35.0,1879.8,73.0,132.05864000000005,2.53753604888916,bmm
,309,309x969x60x950,35.0,1793.4,75.0,153.15335999999996,6.568851184844971,bmm
,338,338x997x62x817,46.0,1800.6,77.16,153.58515999999997,6.5010497093200685,bmm
,355,355x1015x114x33,46.0,1872.0,78.0,113.212,0.9360063910484314,bmm
,291,291x1017x72x22,46.0,1890.0,76.88,107.14092000000002,0.4488831996917725,bmm
,505,505x987x67x2,46.0,1890.0,74.0,92.63676,0.7986879944801331,bmm
,505,505x638x80x36,46.0,1890.0,74.0,95.70136000000001,0.5410176038742065,bmm
,422,422x577x116x55,46.0,1890.0,74.0,97.555,0.7245952129364014,bmm
,377,377x973x121x64,34.0,1890.0,72.08,113.84495999999999,1.1468608140945435,bmm
,356,356x844x103x89,34.0,1890.0,72.0,115.34779999999996,1.2233791828155518,bmm
,497,497x756x115x118,34.0,1879.2,72.0,130.35803999999996,1.6757823944091796,bmm
,378,378x579x100x89,34.0,1890.0,73.0,110.57547999999997,0.9273343920707703,bmm
,485,485x824x78x195,34.0,1879.2,73.0,130.14079999999993,2.437951993942261,bmm
,320,320x764x90x192,34.0,1888.8,73.0,137.24528000000007,1.4472127914428712,bmm
,464,464x822x99x235,34.0,1869.6,75.0,133.96344000000002,3.0067967414855956,bmm
,271,271x946x67x307,34.0,1872.6,75.0,135.86332000000002,2.2263999938964845,bmm
,506,506x870x115x425,34.0,1809.0,77.0,131.61543999999992,8.021875381469727,bmm
,431,431x920x73x329,43.6,1830.0,76.0,141.23732,3.809017610549927,bmm
,312,312x794x87x668,50.0,1801.2,77.0,144.91444000000004,5.252748775482178,bmm
,429,429x552x70x650,50.0,1831.8,81.0,147.31663999999998,4.207360076904297,bmm
,457,457x685x113x728,53.52,1753.2,80.04,158.62039999999996,8.672185707092286,bmm
,342,342x736x160x5,58.0,1857.6,79.88,115.21416000000005,0.8282047986984253,bmm
,450,450x549x209x15,58.0,1875.0,79.0,95.98135999999997,1.188755202293396,bmm
,298,298x782x244x27,58.0,1875.0,79.0,117.87320000000005,1.3982208251953125,bmm
,285,285x594x158x57,58.0,1888.8,72.28,70.52167999999999,0.6946303963661193,bmm
,266,266x954x236x55,58.0,1890.0,72.0,100.52860000000001,1.6648895978927611,bmm
,326,326x981x242x53,30.0,1890.0,72.0,133.43843999999996,2.036191987991333,bmm
,283,283x538x204x100,30.0,1890.0,74.0,116.77764000000005,1.1721535921096802,bmm
,267,267x673x144x125,30.0,1890.0,74.0,131.98800000000006,0.9626431941986084,bmm
,374,374x941x209x74,30.0,1873.8,73.92,124.36968,2.661900758743286,bmm
,317,317x881x148x140,30.0,1884.0,73.0,107.90324000000004,2.401587152481079,bmm
,300,300x571x152x171,32.72,1890.0,73.0,142.5030400000001,1.467411208152771,bmm
,453,453x690x178x141,34.0,1861.8,75.76,138.44731999999993,3.323372793197632,bmm
,372,372x732x238x351,34.0,1789.8,77.2,152.34160000000003,7.267161655426025,bmm
,476,476x967x208x350,46.32,1783.8,77.44,136.75287999999998,10.810527992248534,bmm
,398,398x975x193x261,56.0,1800.6,79.36,130.6418,8.673247909545898,bmm
,327,327x705x137x587,54.64,1790.4,82.0,146.80424000000005,6.604147148132324,bmm
,285,285x576x206x554,54.0,1770.6,81.12,121.53087999999998,6.0685632705688475,bmm
,347,347x816x145x588,48.0,1761.6,80.0,147.91172000000003,7.905894565582275,bmm
,317,317x1010x346x5,44.0,1868.4,80.0,110.31443999999998,3.0388224124908447,bmm
,444,444x983x355x7,44.0,1868.4,80.0,132.79256000000004,3.8236608028411867,bmm
,362,362x680x313x24,44.0,1875.0,80.04,129.2421999999999,2.0964927673339844,bmm
,409,409x547x497x41,46.2,1864.8,81.0,132.17852,3.3065727233886717,bmm
,294,294x880x340x64,49.0,1871.4,81.0,134.72223999999997,2.2451775550842283,bmm
,455,455x689x305x62,49.0,1867.2,78.0,134.22276000000002,2.8042688369750977,bmm
,291,291x902x345x116,49.0,1839.6,78.0,141.16588,3.423289585113525,bmm
,327,327x975x294x82,49.0,1848.0,79.0,139.128,3.43221755027771,bmm
,330,330x954x506x118,44.0,1810.2,79.52,143.88011999999998,5.598342323303223,bmm
,384,384x994x263x156,44.0,1796.4,79.6,138.17431999999997,5.802847957611084,bmm
,471,471x943x393x169,48.32,1741.2,78.0,140.52391999999998,10.12238712310791,bmm
,354,354x730x508x238,50.0,1738.8,80.72,157.87004,9.872921562194824,bmm
,431,431x653x505x394,52.52,1719.6,82.76,152.78376,22.386924743652344,bmm
,453,453x769x317x374,65.0,1734.0,79.08,127.53707999999997,12.70344295501709,bmm
,283,283x590x390x264,54.2,1741.8,82.04,148.32116,7.513919925689697,bmm
,268,268x856x407x727,54.56,1624.8,81.08,140.15895999999998,22.40899200439453,bmm
,439,439x1007x284x660,71.88,1580.4,83.64,133.27395999999996,29.122822189331053,bmm
,510,510x838x324x806,78.76,1477.2,86.6,134.909,41.71481552124023,bmm
,306,306x824x635x26,93.0,1806.6,84.28,130.13392000000005,4.601158332824707,bmm
,327,327x668x950x22,93.0,1817.4,78.52,88.72299999999996,6.100403213500977,bmm
,452,452x618x818x27,55.4,1850.4,77.2,152.95675999999995,7.172908782958984,bmm
,385,385x786x828x63,46.0,1782.6,82.0,139.05383999999998,7.213171291351318,bmm
,401,401x701x991x35,46.0,1797.6,80.0,151.53191999999999,7.809561634063721,bmm
,469,469x925x695x35,62.0,1764.6,81.52,147.25712,8.505446624755859,bmm
,303,303x880x547x84,62.0,1732.8,82.48,143.07840000000002,5.301420783996582,bmm
,465,465x810x955x129,66.56,1658.4,79.92,151.97919999999996,22.205939483642577,bmm
,331,331x622x621x81,68.0,1694.4,87.0,122.21263999999995,4.85591688156128,bmm
,425,425x701x934x217,65.0,1564.8,85.0,146.7518,21.630963134765626,bmm
,348,348x765x847x240,77.8,1555.8,85.76,142.72107999999994,17.43262710571289,bmm
,454,454x550x563x256,81.0,1614.6,85.28,148.79016000000004,11.208799934387207,bmm
,401,401x858x980x448,84.4,1473.6,85.88,137.4212,58.87765731811523,bmm
,285,285x751x612x443,87.0,1551.0,85.0,136.25171999999998,21.445951843261717,bmm
,474,474x813x604x285,80.84,1615.8,81.6,132.42268,26.296672058105468,bmm
,360,360x777x720x802,78.36,1485.0,85.2,132.10368,62.77231369018555,bmm
,402,402x1015x896x573,92.68,1479.6,83.96,135.25152,75.93285827636718,bmm
,471,471x788x616x921,81.76,1462.8,83.64,132.46312,74.96267547607422,bmm
,907,907x12x30x10,71.0,1719.0,83.0,72.70316000000003,0.032921599596738814,bmm
,709,709x28x32x16,71.0,1710.0,71.0,58.919799999999995,0.06330879777669907,bmm
,994,994x13x24x24,48.0,1710.0,71.0,58.56747999999999,0.04933119937777519,bmm
,900,900x29x20x53,48.0,1710.0,71.0,57.51475999999999,0.0715136006474495,bmm
,716,716x8x10x37,48.0,1710.0,65.0,55.16147999999999,0.019193600118160247,bmm
,773,773x28x17x44,48.0,1710.0,65.0,54.53247999999999,0.061241600662469864,bmm
,680,680x32x33x89,48.0,1710.0,65.0,55.21143999999998,0.07576320320367813,bmm
,972,972x3x5x125,48.0,1710.0,65.0,55.1232,0.022732800617814065,bmm
,643,643x11x27x103,48.0,1710.0,63.8,54.063,0.06661759912967682,bmm
,841,841x12x13x167,48.0,1710.0,63.0,54.010799999999975,0.11887999922037125,bmm
,806,806x23x19x232,4.0,1710.0,63.0,54.399159999999966,0.1250111997127533,bmm
,996,996x30x17x199,4.0,1710.0,62.52,54.64504000000004,0.15231360197067262,bmm
,942,942x9x23x303,4.0,1569.6,61.0,52.804400000000015,0.1842943996191025,bmm
,968,968x19x31x295,4.0,540.0,61.0,43.59032000000001,0.7779648184776307,bmm
,767,767x25x10x331,4.0,525.0,61.0,39.80499999999998,0.44520959854125974,bmm
,565,565x30x14x666,4.0,510.6,57.0,38.51968000000002,0.6619264006614685,bmm
,927,927x27x10x975,13.0,483.0,56.88,36.38292000000002,1.5061887979507447,bmm
,662,662x31x9x832,13.0,465.0,56.0,42.29196000000001,0.9971968173980713,bmm
,962,962x30x33x13,13.0,453.6,56.0,38.933920000000015,0.35295999646186826,bmm
,703,703x13x54x31,13.0,450.0,56.0,36.779,0.14788479804992677,bmm
,832,832x20x37x18,13.0,420.0,54.0,34.93287999999998,0.33960959911346433,bmm
,962,962x25x51x51,13.0,408.0,54.0,27.243519999999993,0.5900799989700317,bmm
,565,565x30x45x63,17.16,398.4,53.04,26.31060000000001,0.382860803604126,bmm
,714,714x9x65x55,21.0,376.2,52.0,26.197439999999993,0.3467455983161926,bmm
,956,956x3x51x124,21.0,375.0,52.0,26.272239999999996,0.6422847986221314,bmm
,771,771x26x57x91,21.0,375.0,51.04,25.99764,0.7008831977844239,bmm
,646,646x15x37x117,21.0,385.8,51.0,23.43072,0.5506432056427002,bmm
,1023,1023x12x36x137,23.88,390.0,50.0,23.945840000000004,0.8383744120597839,bmm
,663,663x3x33x179,24.0,390.0,50.0,23.166359999999994,0.44921599626541137,bmm
,1021,1021x5x59x195,24.0,399.0,49.0,25.522800000000007,1.2958079814910888,bmm
,702,702x24x58x380,24.0,506.4,49.0,26.85715999999999,2.181113624572754,bmm
,586,586x30x64x308,33.0,541.8,49.0,26.362759999999994,1.713919997215271,bmm
,910,910x12x40x397,33.0,585.0,49.0,25.576879999999996,1.9058240175247192,bmm
,833,833x4x41x578,33.0,585.0,49.0,26.013599999999993,2.131968069076538,bmm
,519,519x2x49x578,33.48,585.0,49.0,25.175520000000006,1.5015615940093994,bmm
,753,753x12x47x686,37.0,642.6,49.0,26.917799999999993,3.1407936096191404,bmm
,1025,1025x6x85x8,37.0,705.0,49.0,23.431960000000004,0.18757759928703308,bmm
,829,829x5x78x12,37.0,705.0,48.92,22.594559999999998,0.15556479692459108,bmm
,538,538x13x101x13,37.0,705.0,48.0,22.704200000000004,0.2404992014169693,bmm
,1015,1015x29x78x53,29.08,705.0,48.0,24.46288,0.8055871963500977,bmm
,514,514x13x85x57,26.0,705.0,48.0,24.223160000000004,0.3874943971633911,bmm
,584,584x29x91x40,26.0,705.0,48.0,24.81924,0.46076799631118776,bmm
,707,707x7x114x122,26.0,705.0,48.0,24.832399999999996,1.0916224002838135,bmm
,958,958x30x108x125,26.4,713.4,48.0,27.187400000000004,1.949939203262329,bmm
,752,752x27x71x120,31.0,915.0,48.0,32.319600000000015,0.22151039838790892,bmm
,584,584x24x93x129,31.0,915.0,48.0,38.13563999999998,0.41328640580177306,bmm
,978,978x1x119x249,31.0,915.0,48.0,39.34131999999998,0.41034879684448244,bmm
,859,859x29x117x160,31.0,915.0,48.16,40.33727999999999,0.7147711992263794,bmm
,721,721x30x85x487,31.0,915.0,50.0,38.93207999999998,0.9363647818565368,bmm
,612,612x31x73x275,31.0,915.0,50.0,45.42616,0.5507392048835754,bmm
,804,804x4x92x391,31.0,915.0,50.0,41.24967999999999,0.43083520531654357,bmm
,566,566x27x82x706,19.0,915.0,50.0,39.64599999999999,1.0954303979873656,bmm
,847,847x11x108x582,19.0,915.0,50.0,45.83616000000003,1.3536639928817749,bmm
,566,566x3x118x758,19.0,915.0,50.48,44.84531999999999,0.7067264080047607,bmm
,945,945x14x179x30,19.0,915.0,51.0,41.43236000000002,0.2542464017868042,bmm
,1017,1017x30x134x22,19.0,915.0,51.0,38.73276000000002,0.4740864038467407,bmm
,1010,1010x19x147x1,19.0,915.0,51.0,38.83159999999999,0.06572799980640412,bmm
,594,594x21x255x43,19.0,699.0,51.0,37.05499999999998,0.6014143943786621,bmm
,813,813x32x202x44,20.76,687.6,51.0,40.378400000000006,0.728985583782196,bmm
,978,978x20x211x48,23.0,675.0,51.0,39.83667999999999,0.9166016101837158,bmm
,678,678x9x234x90,23.0,645.0,51.0,40.539999999999985,0.4224384009838104,bmm
,818,818x21x132x89,23.0,637.8,51.0,40.46632,0.5488064050674438,bmm
,536,536x4x213x123,23.0,615.0,51.0,39.16744000000001,0.23263359665870667,bmm
,554,554x26x223x189,23.0,585.0,51.0,39.08547999999998,1.268614411354065,bmm
,664,664x18x248x131,23.0,585.0,51.0,42.127760000000016,1.5806720018386842,bmm
,567,567x2x210x242,23.56,581.4,51.0,42.668319999999994,0.40157440304756165,bmm
,540,540x32x240x431,24.0,588.0,51.0,44.5576,2.435008001327515,bmm
,529,529x32x196x329,24.0,615.0,51.0,45.506280000000004,1.5564480304718018,bmm
,590,590x27x160x440,24.0,615.0,51.24,43.82900000000001,1.8595711946487428,bmm
,571,571x20x242x928,24.0,787.8,52.0,51.415479999999995,3.647270441055298,bmm
,530,530x20x162x930,45.0,1030.2,52.76,50.09235999999998,2.086739206314087,bmm
,716,716x32x236x659,45.0,1110.0,53.0,57.48840000000002,2.7178688049316406,bmm
,747,747x24x272x28,45.0,1170.0,53.2,57.37400000000002,0.5143743991851807,bmm
,639,639x10x377x29,45.0,1170.0,54.0,45.63972000000002,0.15893120169639588,bmm
,807,807x7x269x25,45.0,1170.0,54.0,42.258200000000016,0.12542720139026642,bmm
,965,965x22x498x43,45.0,1170.0,54.0,45.25944000000001,1.1673279762268067,bmm
,619,619x31x410x53,40.92,1170.0,53.0,50.99199999999998,0.6570623874664306,bmm
,900,900x19x297x37,28.0,1170.0,53.0,49.82779999999999,0.674176013469696,bmm
,590,590x28x507x83,28.0,1170.0,53.0,48.24659999999998,0.7614143848419189,bmm
,738,738x6x511x77,28.0,1170.0,53.28,47.607999999999976,0.43404799699783325,bmm
,716,716x2x426x121,28.0,1170.0,54.0,47.471,0.3866623997688293,bmm
,891,891x15x440x228,28.0,1170.0,54.0,53.31219999999999,2.378214406967163,bmm
,739,739x20x387x205,28.0,1170.0,54.68,57.515319999999974,1.4229632139205932,bmm
,1024,1024x21x479x232,28.0,1186.8,55.0,59.537799999999976,2.4015615940093995,bmm
,689,689x28x412x500,28.0,1224.0,55.56,62.017520000000005,2.684876823425293,bmm
,917,917x30x435x298,28.0,1230.0,56.0,51.37772,2.803923225402832,bmm
,635,635x12x259x390,28.0,1230.0,56.0,52.18883999999999,1.143059206008911,bmm
,868,868x24x476x864,36.0,1589.4,57.76,87.26628000000001,4.867583847045898,bmm
,860,860x4x334x987,36.0,1923.0,60.0,94.67452000000003,2.850617599487305,bmm
,693,693x2x291x588,36.0,1905.0,64.0,95.12699999999997,1.199449610710144,bmm
,863,863x19x1002x13,36.0,1905.0,64.0,102.81988000000003,1.2523711919784546,bmm
,900,900x7x911x25,36.0,1905.0,64.0,91.46751999999998,0.30758400559425353,bmm
,601,601x3x993x29,37.0,1905.0,64.0,75.33951999999998,0.19082240164279937,bmm
,692,692x30x656x36,37.0,1905.0,64.0,74.16076000000002,0.6757824063301087,bmm
,999,999x23x983x35,37.0,1905.0,64.0,96.33000000000001,1.4303232431411743,bmm
,717,717x4x618x56,37.0,1905.0,64.0,96.15668000000004,0.2630912005901337,bmm
,832,832x7x780x98,37.0,1905.0,65.0,80.46495999999996,0.7186048030853271,bmm
,750,750x13x848x113,37.0,1905.0,65.0,95.97800000000002,0.9924415946006775,bmm
,978,978x13x989x111,37.0,1905.0,65.0,106.59683999999994,1.4929344177246093,bmm
,565,565x22x632x152,34.92,1905.0,67.88,114.24400000000001,1.0296447992324829,bmm
,867,867x9x898x173,24.0,1905.0,69.0,116.80691999999995,1.4891647815704345,bmm
,926,926x7x609x144,24.0,1620.0,69.0,111.486,0.9021504044532775,bmm
,596,596x31x732x318,24.0,1620.0,67.32,82.96647999999998,2.306931161880493,bmm
,644,644x29x761x371,24.0,1768.2,67.0,88.93748,2.3934720516204835,bmm
,947,947x25x741x265,24.0,1882.2,68.6,116.62927999999997,3.1359551906585694,bmm
,569,569x27x534x713,39.0,1884.6,69.0,108.81996000000007,2.778438377380371,bmm
,965,965x23x596x857,39.0,1804.2,73.0,126.01263999999999,6.056595134735107,bmm
,529,529x16x620x758,39.0,1852.8,73.88,144.02244,4.1613696098327635,bmm
,553,553x33x8x12,48.0,1890.0,74.0,115.74800000000003,0.02170879952609539,bmm
,931,931x35x25x2,48.0,1890.0,74.0,68.722,0.05734400078654289,bmm
,957,957x61x32x10,48.0,1890.0,68.0,67.13984,0.06282240003347397,bmm
,919,919x65x9x45,48.0,1890.0,68.0,66.59140000000002,0.07991679757833481,bmm
,974,974x53x25x55,48.0,1890.0,68.0,66.87644000000002,0.06933760046958923,bmm
,536,536x39x22x33,48.0,1890.0,68.0,67.05439999999997,0.03463679924607277,bmm
,854,854x49x6x112,48.0,1890.0,66.8,66.52807999999997,0.0694912001490593,bmm
,846,846x38x19x119,48.0,1890.0,66.0,66.04104000000005,0.08248319923877716,bmm
,877,877x41x9x129,7.52,1898.4,66.0,65.35332000000002,0.11265920102596283,bmm
,937,937x35x31x173,4.0,1905.0,64.0,67.10735999999999,0.16859520077705384,bmm
,637,637x62x6x240,4.0,1905.0,64.0,70.23763999999997,0.13350400030612947,bmm
,984,984x53x20x223,4.0,1905.0,64.0,70.93599999999998,0.19787520170211792,bmm
,736,736x37x15x334,4.0,1905.0,64.0,72.35336000000002,0.17005440294742585,bmm
,990,990x57x33x437,4.0,1905.0,64.6,77.05691999999996,0.48451200127601624,bmm
,1006,1006x41x17x338,4.0,1905.0,65.0,85.25336000000003,0.2674752056598663,bmm
,737,737x46x32x873,4.0,960.0,65.0,76.58488000000001,1.0355967998504638,bmm
,699,699x52x30x929,12.28,949.2,63.72,48.55935999999998,1.169273591041565,bmm
,945,945x42x7x735,13.0,939.0,61.0,44.88463999999999,0.684716796875,bmm
,1024,1024x53x37x7,13.0,894.0,61.0,37.47524000000001,0.14911359846591948,bmm
,590,590x49x50x22,13.0,840.0,57.0,36.451000000000015,0.1228799968957901,bmm
,846,846x48x56x9,13.0,780.0,57.0,36.938999999999986,0.16585599780082702,bmm
,645,645x60x38x58,13.0,780.0,57.0,37.540999999999976,0.11965440213680267,bmm
,569,569x59x64x48,13.0,735.0,57.0,37.34500000000002,0.148921599984169,bmm
,966,966x38x43x44,12.36,722.4,55.0,37.49836,0.19042560458183289,bmm
,668,668x33x50x92,12.0,690.0,55.0,37.334199999999974,0.276966392993927,bmm
,676,676x50x41x124,12.0,648.6,55.0,37.70848,0.2673792004585266,bmm
,561,561x56x49x124,12.0,643.2,54.88,37.91195999999998,0.2621247947216034,bmm
,602,602x35x44x165,12.0,586.8,54.0,36.71352,0.4097536027431488,bmm
,862,862x50x35x233,12.0,570.0,54.0,38.17528000000001,0.6941887974739075,bmm
,877,877x57x57x192,12.0,540.0,54.0,41.05275999999999,0.8262464046478272,bmm
,574,574x61x61x276,15.0,527.4,54.0,40.17256,0.9921599864959717,bmm
,585,585x41x37x388,15.0,517.8,54.0,41.06111999999999,0.9953343987464904,bmm
,569,569x44x33x349,15.0,510.0,53.0,39.21699999999999,0.7665599942207336,bmm
,998,998x47x33x568,15.0,501.0,53.0,42.0392,2.1960256099700928,bmm
,867,867x51x33x881,15.0,580.8,53.0,43.6876,2.2306431770324706,bmm
,699,699x60x41x665,22.56,615.0,53.0,43.36988,1.7019520044326781,bmm
,538,538x61x115x25,36.0,615.0,53.0,42.59739999999998,0.27822080850601194,bmm
,662,662x50x71x17,36.0,615.0,53.0,37.45139999999999,0.21443839967250825,bmm
,758,758x62x78x4,36.0,615.0,53.0,36.971,0.2632704019546509,bmm
,588,588x62x129x33,36.0,615.0,53.0,37.78908000000001,0.34673280119895933,bmm
,641,641x60x95x46,36.0,615.0,52.64,37.50536000000002,0.2743232011795044,bmm
,630,630x52x124x57,36.0,615.0,52.0,37.49300000000002,0.32745600342750547,bmm
,587,587x40x98x118,36.0,615.0,52.0,38.889559999999996,0.4615231990814209,bmm
,1010,1010x42x70x120,15.0,615.0,52.0,38.79432,0.5550655961036682,bmm
,1005,1005x52x75x103,15.0,615.0,52.0,40.05499999999998,0.6053184032440185,bmm
,627,627x55x74x150,15.0,615.0,52.0,40.667279999999984,0.608460795879364,bmm
,891,891x61x115x240,15.0,615.0,52.0,41.352440000000016,1.5105984210968018,bmm
,988,988x36x75x167,15.0,547.8,52.0,42.68220000000001,0.9278208017349243,bmm
,544,544x62x79x470,15.0,503.4,52.0,42.508960000000016,1.5597631931304932,bmm
,794,794x54x95x389,27.16,514.2,52.0,43.67892,2.5853888034820556,bmm
,664,664x43x90x504,31.0,535.2,52.0,44.41672,2.075072002410889,bmm
,609,609x38x109x542,31.0,540.0,52.48,43.9032,2.6998719692230226,bmm
,705,705x60x67x554,31.0,554.4,53.0,43.191159999999996,2.1325119972229003,bmm
,579,579x39x114x715,31.0,570.0,53.0,45.72596000000001,3.102009630203247,bmm
,545,545x34x182x22,42.0,645.0,53.0,45.952,0.37466240525245664,bmm
,704,704x49x165x15,42.0,645.0,53.0,38.849160000000005,0.4306687951087952,bmm
,851,851x65x180x16,42.0,645.0,52.68,39.72180000000002,1.0512831926345825,bmm
,525,525x65x155x40,42.0,645.0,52.0,40.231360000000016,0.5886592030525207,bmm
,817,817x47x245x35,42.0,645.0,52.0,39.93500000000002,0.70971519947052,bmm
,574,574x47x191x56,42.0,645.0,52.0,40.137000000000015,0.41226240396499636,bmm
,641,641x60x129x86,42.0,645.0,52.0,39.191000000000024,0.5952960014343261,bmm
,851,851x38x146x65,26.04,645.0,52.0,40.506240000000005,0.8650496006011963,bmm
,551,551x47x170x83,21.0,645.0,52.0,39.76992000000001,0.6567552089691162,bmm
,809,809x43x213x225,21.0,645.0,52.0,43.72299999999999,2.215769577026367,bmm
,564,564x34x173x212,21.0,720.0,52.0,45.15719999999998,1.162003231048584,bmm
,1018,1018x48x130x218,21.0,720.0,52.28,42.24600000000002,1.6401600122451783,bmm
,763,763x61x227x505,21.76,780.0,53.0,50.38843999999998,3.7264895915985106,bmm
,817,817x34x155x377,40.0,1110.0,53.2,53.55072,1.4826943635940553,bmm
,521,521x44x214x333,40.0,1110.0,54.0,51.02955999999998,1.2495359897613525,bmm
,705,705x41x159x987,40.0,1140.0,54.0,56.66679999999999,3.2805951595306397,bmm
,745,745x54x228x721,40.0,1332.0,55.0,67.19116,2.8596223831176757,bmm
,747,747x54x217x599,40.4,1740.0,55.0,77.9746,2.01810564994812,bmm
,835,835x47x462x4,41.0,1740.0,59.0,66.52248000000002,0.5050368070602417,bmm
,979,979x36x268x29,41.0,1740.0,59.0,64.11895999999996,0.3476351976394653,bmm
,614,614x51x410x20,41.0,1740.0,59.0,62.961199999999984,0.38131840229034425,bmm
,998,998x43x417x42,41.0,1740.0,59.0,63.00920000000002,0.6448832035064698,bmm
,973,973x63x435x54,41.0,1740.0,60.0,70.99,0.9239744186401367,bmm
,669,669x59x483x46,41.0,1740.0,60.0,78.37444,0.6630656003952027,bmm
,671,671x34x503x104,41.0,1740.0,60.0,71.09636000000003,0.7943871855735779,bmm
,686,686x38x436x83,18.0,1740.0,60.24,71.64080000000003,0.7276607871055603,bmm
,583,583x36x355x97,18.0,1740.0,61.0,71.38699999999996,0.5200512170791626,bmm
,1006,1006x37x397x251,18.0,1740.0,61.0,82.86339999999997,1.8894975900650024,bmm
,983,983x62x334x149,18.0,1740.0,61.36,82.48800000000003,1.3700608015060425,bmm
,687,687x35x404x133,18.0,1689.6,64.0,91.62904,1.0229376316070558,bmm
,924,924x38x445x465,18.0,1782.6,64.0,94.17756,3.508121633529663,bmm
,908,908x64x415x344,35.28,1901.4,68.0,112.81116,2.5006911754608154,bmm
,1013,1013x36x480x403,36.0,1890.6,68.64,130.80456,4.10252799987793,bmm
,585,585x65x428x514,36.0,1861.8,70.0,148.78328,5.613164806365967,bmm
,810,810x33x453x670,43.56,1858.8,74.0,144.78127999999998,4.717811203002929,bmm
,784,784x52x405x589,45.0,1861.2,74.8,137.21996000000001,3.442464017868042,bmm
,1020,1020x63x558x19,45.0,1890.0,78.0,110.20303999999993,1.0398720264434815,bmm
,782,782x65x952x33,45.0,1890.0,78.0,108.32311999999997,1.7199999809265136,bmm
,654,654x40x904x23,45.0,1890.0,76.4,120.56535999999998,0.7646463871002197,bmm
,752,752x42x664x46,45.0,1890.0,73.0,94.3526,0.6658367991447449,bmm
,579,579x61x668x35,37.0,1890.0,73.0,95.53000000000002,0.7682432055473327,bmm
,647,647x33x553x58,37.0,1890.0,73.0,102.47479999999995,0.48090240359306335,bmm
,1019,1019x55x521x65,37.0,1890.0,70.0,99.17112000000003,1.168115210533142,bmm
,892,892x45x822x106,37.0,1890.0,70.0,110.66496000000002,1.5941632270812989,bmm
,704,704x55x1002x80,37.0,1890.0,70.0,130.9663999999999,1.5804991960525512,bmm
,583,583x48x833x149,37.0,1882.2,73.0,125.88091999999999,1.8101951837539674,bmm
,925,925x54x658x185,35.4,1876.2,73.0,124.30716000000004,2.3825024127960206,bmm
,720,720x44x873x247,33.0,1881.0,75.24,129.57251999999994,2.706438446044922,bmm
,967,967x46x738x507,33.0,1819.2,76.64,150.75884,6.313868808746338,bmm
,882,882x53x930x319,42.0,1843.8,74.0,128.86944000000003,5.340454483032227,bmm
,700,700x63x1007x359,48.0,1832.4,76.0,140.80832,4.661945533752442,bmm
,684,684x54x842x980,49.6,1767.0,75.12,147.72079999999997,10.403596878051758,bmm
,887,887x47x718x771,53.0,1787.4,78.4,153.79955999999999,9.855379104614258,bmm
,585,585x34x646x584,53.0,1860.0,80.0,142.03315999999998,4.05601921081543,bmm
,593,593x121x31x33,57.0,1869.6,80.0,120.71599999999994,0.08257919847965241,bmm
,592,592x124x19x3,57.0,1875.0,74.0,74.38100000000003,0.06550399959087372,bmm
,902,902x106x9x31,57.0,1888.2,74.0,70.05936000000001,0.07987839728593826,bmm
,811,811x97x18x55,57.0,1890.0,74.0,70.07992000000002,0.08779519945383071,bmm
,558,558x82x30x51,57.0,1890.0,74.0,70.93220000000005,0.07375360131263733,bmm
,855,855x129x26x36,57.0,1890.0,68.0,71.04047999999997,0.15011840164661408,bmm
,802,802x108x11x79,57.0,1890.0,68.0,72.57048,0.1269567996263504,bmm
,634,634x117x12x65,52.84,1890.0,68.0,65.81300000000005,0.10186880081892014,bmm
,529,529x125x2x92,5.0,1903.2,66.0,66.33552000000005,0.06946559995412827,bmm
,1009,1009x110x20x158,5.0,1905.0,66.0,69.79136000000003,0.3004223883152008,bmm
,925,925x74x7x242,5.0,1905.0,66.0,77.03399999999998,0.22966399788856506,bmm
,988,988x124x21x176,5.0,1905.0,66.0,75.64599999999997,0.32999680042266843,bmm
,837,837x112x16x495,5.0,1905.0,66.0,83.18000000000004,0.651091206073761,bmm
,993,993x92x27x263,5.0,1905.0,66.0,95.81519999999999,0.6778879761695862,bmm
,730,730x106x15x406,5.0,1396.2,66.0,86.49599999999998,0.44049919247627256,bmm
,751,751x77x16x712,11.0,1093.8,63.96,47.08768,1.1447232246398926,bmm
,950,950x110x9x927,15.0,1014.6,61.56,48.06512000000002,2.159168004989624,bmm
,520,520x110x19x1017,15.0,984.6,60.0,52.17743999999997,1.4249216079711915,bmm
,542,542x75x44x32,15.0,975.0,60.0,45.4708,0.16414720118045806,bmm
,777,777x104x39x23,15.0,915.0,57.0,36.23660000000001,0.21683200001716613,bmm
,698,698x111x55x33,19.0,840.0,57.0,37.53172000000002,0.25871999859809874,bmm
,555,555x98x60x56,19.0,840.0,57.0,38.183,0.23377919793128968,bmm
,945,945x105x39x42,19.0,795.0,57.0,38.39499999999999,0.3030272126197815,bmm
,662,662x84x61x60,19.0,778.2,55.0,38.100560000000016,0.2933183968067169,bmm
,602,602x92x43x126,19.0,695.4,55.0,37.455080000000024,0.4796992003917694,bmm
,786,786x78x62x89,19.0,681.6,54.56,40.26156000000001,0.802233612537384,bmm
,873,873x116x42x122,19.0,660.0,54.0,40.79048000000001,0.675814402103424,bmm
,547,547x103x34x203,15.0,630.0,54.0,40.067,0.7907904028892517,bmm
,570,570x75x59x187,15.0,620.4,54.0,41.03467999999999,1.245465588569641,bmm
,906,906x71x58x197,15.0,615.0,54.0,42.98072,2.0141056060791014,bmm
,946,946x102x53x311,15.0,665.4,54.0,45.14171999999999,2.193990468978882,bmm
,990,990x92x44x302,15.0,721.8,54.0,46.31056000000002,2.2485055446624758,bmm
,514,514x101x56x449,31.56,735.0,54.0,45.31196,1.4878783702850342,bmm
,597,597x91x58x699,38.0,807.0,54.0,46.9352,2.90318078994751,bmm
,629,629x109x52x991,38.0,1026.6,54.0,49.81583999999999,2.664422369003296,bmm
,741,741x120x55x672,38.0,1064.4,55.0,52.90548,2.26430082321167,bmm
,913,913x72x122x19,38.0,1065.0,55.0,51.529400000000024,0.49539199471473694,bmm
,810,810x88x99x9,38.0,1065.0,55.0,44.551000000000016,0.3785279929637909,bmm
,789,789x67x99x29,38.0,1065.0,54.08,43.97808000000002,0.36395519971847534,bmm
,566,566x128x77x63,38.0,1065.0,54.0,42.646920000000016,0.24311040043830873,bmm
,608,608x79x71x43,38.0,1065.0,54.0,42.580159999999985,0.21852800250053406,bmm
,771,771x83x121x59,38.0,1065.0,54.0,42.29099999999997,0.4361344039440155,bmm
,929,929x108x73x98,38.0,1065.0,54.0,47.02983999999999,0.63160320520401,bmm
,640,640x88x105x100,38.0,1065.0,54.0,47.30016,0.6495679974555969,bmm
,984,984x97x72x125,38.0,1065.0,54.0,46.45320000000001,0.6082559823989868,bmm
,574,574x65x81x174,29.6,1065.0,54.0,47.80292,0.9336384057998657,bmm
,734,734x94x103x160,17.0,1065.0,54.0,48.05684000000004,1.3888447761535645,bmm
,579,579x113x78x177,17.0,1065.0,54.0,50.902879999999996,0.6591935992240906,bmm
,668,668x84x108x317,17.0,885.0,54.0,48.91012,1.9862720012664794,bmm
,872,872x99x87x274,17.0,906.0,54.0,45.66616,2.2082879543304443,bmm
,722,722x82x69x490,17.0,1003.2,54.0,45.95180000000001,2.2352832317352296,bmm
,778,778x65x77x1011,37.0,1245.0,54.0,59.56435999999999,4.034278488159179,bmm
,519,519x103x96x972,37.0,1590.0,56.52,74.90696000000001,2.2296064376831053,bmm
,550,550x70x109x986,37.0,1635.0,57.0,88.24116,2.898227167129517,bmm
,938,938x73x248x22,37.0,1815.0,59.16,66.20132000000002,0.5553087949752807,bmm
,821,821x128x207x26,37.0,1815.0,60.0,70.72399999999999,0.5533695936203002,bmm
,809,809x77x246x33,36.88,1815.0,60.0,76.37799999999997,0.5021632075309753,bmm
,637,637x72x206x39,36.0,1815.0,60.0,76.87599999999999,0.3432767987251282,bmm
,798,798x90x253x40,36.0,1815.0,60.88,71.8268,0.5421568036079407,bmm
,539,539x94x248x58,36.0,1815.0,61.0,59.37899999999998,0.40695679783821104,bmm
,513,513x113x166x97,36.0,1815.0,61.0,72.87400000000001,0.42627840042114257,bmm
,588,588x94x193x93,36.0,1815.0,61.56,75.27671999999998,0.6091071963310242,bmm
,1002,1002x86x238x86,36.0,1815.0,62.0,81.42980000000001,1.1854399919509888,bmm
,752,752x115x202x139,36.0,1815.0,62.0,89.24600000000004,1.1610944032669068,bmm
,833,833x93x169x157,23.84,1815.0,62.84,99.26007999999995,1.477401614189148,bmm
,736,736x88x194x132,20.0,1815.0,65.0,87.13656000000003,1.4870912075042724,bmm
,900,900x119x209x284,20.0,1661.4,65.16,92.337,2.6665728092193604,bmm
,564,564x66x164x360,20.0,1575.0,66.0,83.06515999999996,1.6504064321517944,bmm
,543,543x71x131x290,20.0,1567.8,66.0,71.8358,1.333344006538391,bmm
,929,929x86x257x955,36.32,1819.2,64.0,124.49551999999996,9.45358066558838,bmm
,925,925x69x221x981,37.0,1829.4,72.0,155.90039999999996,8.115251350402833,bmm
,780,780x112x254x753,53.8,1819.2,73.0,143.34348000000003,5.362796783447266,bmm
,649,649x112x286x7,57.0,1875.0,73.0,112.34099999999994,0.519270396232605,bmm
,660,660x115x362x11,57.0,1890.0,72.56,90.455,0.7255679845809937,bmm
,961,961x109x502x13,57.0,1890.0,72.0,90.18451999999999,1.208524799346924,bmm
,761,761x121x277x40,57.0,1890.0,72.0,110.48767999999997,0.767795205116272,bmm
,970,970x119x447x38,57.0,1890.0,69.72,93.55688000000005,1.6008831977844238,bmm
,931,931x76x270x55,29.0,1890.0,69.0,100.67784000000003,0.6486847877502442,bmm
,845,845x117x265x65,29.0,1890.0,69.0,96.54500000000003,1.001369571685791,bmm
,535,535x77x300x94,29.0,1890.0,69.0,119.62876000000004,0.7508288025856018,bmm
,856,856x116x276x82,29.0,1890.0,70.0,100.84603999999999,1.0558016061782838,bmm
,659,659x100x391x184,29.0,1882.8,70.0,119.52232000000002,1.8322367906570434,bmm
,935,935x112x359x216,29.0,1876.2,71.2,131.85956,2.903001594543457,bmm
,839,839x86x264x142,30.44,1882.2,76.0,124.24539999999992,1.9881151914596558,bmm
,934,934x66x309x351,33.0,1878.0,74.68,115.16839999999996,4.002694463729858,bmm
,605,605x89x336x429,33.0,1876.8,73.0,148.23388,3.6868224143981934,bmm
,916,916x119x266x343,33.0,1842.0,73.0,117.8576,3.2767807960510256,bmm
,1004,1004x118x259x1012,40.0,1756.8,76.0,154.28468,9.906624031066894,bmm
,926,926x103x509x941,52.96,1735.2,78.6,147.42495999999994,19.310918426513673,bmm
,637,637x129x498x526,76.0,1733.4,82.08,154.19143999999997,13.121081733703614,bmm
,814,814x90x761x17,67.0,1831.2,83.48,120.85220000000005,1.7102144002914428,bmm
,652,652x84x1003x28,61.0,1824.0,83.0,110.10712000000001,1.7129343748092651,bmm
,947,947x116x754x8,61.0,1860.0,83.0,117.72495999999995,2.388864040374756,bmm
,858,858x95x992x62,61.0,1854.6,79.0,121.70739999999999,2.5407999992370605,bmm
,810,810x103x762x46,61.0,1860.0,79.0,115.25612000000002,2.1251776218414307,bmm
,898,898x86x920x65,34.0,1860.6,73.0,107.06427999999994,3.5883328437805178,bmm
,857,857x104x878x117,34.0,1861.2,73.0,138.77300000000002,3.320243263244629,bmm
,687,687x84x876x73,34.0,1868.4,76.0,127.88300000000007,2.6634496212005616,bmm
,548,548x78x548x115,34.0,1875.0,76.0,106.209,1.3895296096801757,bmm
,1018,1018x118x652x209,39.0,1811.4,77.6,149.76888000000005,5.82366714477539,bmm
,959,959x125x982x255,39.0,1749.0,78.6,152.04484000000005,8.36499195098877,bmm
,619,619x89x905x226,41.64,1834.2,79.84,151.04012000000003,5.095660877227783,bmm
,991,991x108x768x489,61.0,1755.6,80.32,150.80056000000002,13.671955108642578,bmm
,857,857x103x566x484,57.0,1719.0,82.0,152.17072000000005,9.52016658782959,bmm
,921,921x123x672x260,56.0,1686.0,83.0,143.25863999999999,8.71854076385498,bmm
,886,886x127x557x797,67.2,1608.0,84.68,146.21071999999998,16.899257278442384,bmm
,936,936x109x730x575,71.44,1558.8,85.36,126.03976000000006,16.715231704711915,bmm
,618,618x120x527x530,73.0,1721.4,81.44,120.82460000000003,7.328307151794434,bmm
,765,765x196x24x15,73.0,1842.0,80.0,152.4989999999999,0.14632319509983063,bmm
,573,573x204x16x4,61.56,1863.0,80.0,78.95379999999999,0.0939968004822731,bmm
,863,863x227x5x17,47.0,1875.0,73.0,71.28772000000004,0.11674240231513977,bmm
,665,665x168x2x53,47.0,1896.6,73.0,66.96524000000004,0.06970880180597305,bmm
,981,981x167x13x33,47.0,1905.0,69.16,72.10855999999997,0.12669439911842345,bmm
,882,882x203x30x58,47.0,1905.0,69.0,75.00199999999997,0.21640320122241974,bmm
,530,530x176x7x126,47.0,1905.0,69.0,80.20399999999997,0.15745919644832612,bmm
,870,870x213x2x80,33.56,1905.0,69.0,75.28600000000004,0.20905599892139434,bmm
,766,766x207x1x92,5.0,1905.0,67.0,77.71399999999996,0.15157760083675384,bmm
,686,686x140x11x193,5.0,1905.0,67.0,76.61208,0.3691007971763611,bmm
,794,794x211x14x170,5.0,1905.0,67.0,80.67600000000004,0.39943679571151736,bmm
,943,943x154x5x202,5.0,930.0,66.68,82.222,0.7056383907794952,bmm
,812,812x207x25x278,5.0,903.0,65.0,39.7538,2.0386431217193604,bmm
,914,914x222x17x277,13.84,880.2,60.6,43.479399999999984,2.02109432220459,bmm
,659,659x149x2x419,22.0,867.0,60.0,43.14959999999999,1.1446784019470215,bmm
,969,969x224x33x844,22.0,1243.8,58.0,62.96816000000003,4.4605183601379395,bmm
,794,794x237x6x918,22.0,1680.0,58.2,73.70704,1.9571391582489013,bmm
,774,774x134x30x954,30.28,1708.8,63.0,79.95739999999998,2.613248014450073,bmm
,652,652x217x35x29,45.0,1860.0,63.0,89.96924000000001,0.18436480164527894,bmm
,580,580x161x56x31,45.0,1860.0,63.0,67.92392000000001,0.14470399916172028,bmm
,628,628x156x36x8,45.0,1860.0,63.0,64.97280000000002,0.13002240061759948,bmm
,518,518x187x45x52,45.0,1860.0,63.0,63.91000000000001,0.13703679740428926,bmm
,883,883x257x39x38,45.0,1860.0,63.0,65.48,0.303193598985672,bmm
,589,589x255x44x64,45.0,1860.0,63.0,73.13200000000005,0.20886400043964387,bmm
,700,700x172x39x98,45.0,1860.0,63.0,69.66800000000005,0.2664896011352539,bmm
,795,795x203x46x88,45.0,1860.0,63.0,72.51388000000001,0.4363775968551636,bmm
,763,763x224x39x70,11.0,1860.0,63.0,73.19804000000003,0.37564160823822024,bmm
,519,519x206x59x153,11.0,1860.0,63.0,75.82244000000003,0.5721663951873779,bmm
,918,918x177x51x138,11.0,1860.0,64.0,82.31199999999995,0.688153600692749,bmm
,647,647x180x62x257,11.0,1860.0,64.0,93.88780000000003,0.9792639970779419,bmm
,695,695x187x43x259,11.0,1860.0,64.0,85.51732000000001,0.8522047996520996,bmm
,618,618x140x33x432,11.0,1860.0,65.44,93.74192000000001,1.1120383977890014,bmm
,524,524x232x42x301,11.0,1581.6,66.0,91.39579999999998,0.8543231964111329,bmm
,900,900x136x36x972,25.72,1593.0,66.0,77.29759999999999,3.6757568359375,bmm
,625,625x239x61x853,27.0,1890.6,66.0,111.34579999999994,2.8716224193573,bmm
,521,521x219x38x630,27.0,1905.0,67.6,95.21628000000004,1.2422336101531983,bmm
,662,662x145x124x18,27.0,1905.0,70.0,122.86900000000003,0.3176896035671234,bmm
,632,632x134x81x3,27.0,1905.0,70.0,84.28099999999996,0.21617920100688934,bmm
,790,790x165x88x2,27.0,1905.0,70.0,77.18699999999995,0.26058239936828614,bmm
,910,910x142x121x42,28.04,1905.0,69.44,79.83324000000002,0.4655872046947479,bmm
,601,601x161x121x42,29.0,1905.0,68.0,91.64715999999997,0.3354944050312042,bmm
,557,557x196x86x64,29.0,1905.0,68.0,83.29024000000001,0.2749055981636047,bmm
,926,926x226x124x87,29.0,1905.0,68.0,92.74875999999996,1.0708864450454711,bmm
,571,571x217x94x85,29.0,1905.0,68.0,104.95400000000001,0.5262464046478271,bmm
,619,619x255x101x87,29.0,1905.0,68.0,95.46056,0.6170560002326966,bmm
,898,898x156x96x187,29.0,1905.0,68.0,105.28952000000001,1.0006399869918823,bmm
,1023,1023x207x95x225,29.0,1905.0,69.8,113.38539999999998,1.863641619682312,bmm
,717,717x250x67x242,23.24,1905.0,73.0,133.22172000000006,1.0431360006332397,bmm
,595,595x250x121x471,23.0,1842.0,72.36,105.49111999999997,2.7743616580963133,bmm
,668,668x236x65x461,23.0,1725.0,71.0,108.22023999999999,2.1341248035430906,bmm
,741,741x200x109x462,23.0,1893.6,71.48,107.65540000000001,3.027507209777832,bmm
,646,646x135x125x936,34.2,1872.6,73.2,125.79707999999997,5.571507167816162,bmm
,831,831x150x118x946,37.0,1829.4,77.0,156.99504000000007,6.8279999732971195,bmm
,922,922x145x98x632,37.0,1865.4,77.0,141.38579999999993,4.272851181030274,bmm
,855,855x152x155x11,52.0,1885.2,77.0,119.11312000000002,0.5205311894416809,bmm
,817,817x172x217x16,52.0,1890.0,75.8,88.79799999999999,0.7879487872123718,bmm
,837,837x168x164x8,52.0,1890.0,74.0,103.57499999999999,0.5322304010391236,bmm
,822,822x149x137x44,52.0,1890.0,74.0,92.14336000000003,0.4961727917194366,bmm
,687,687x168x190x50,52.0,1890.0,74.0,93.25963999999998,0.6115328073501587,bmm
,898,898x140x248x37,52.0,1890.0,71.0,94.91599999999998,0.8626496076583863,bmm
,1010,1010x172x186x114,52.0,1890.0,71.0,116.37400000000001,1.3193984031677246,bmm
,562,562x246x206x105,50.84,1890.0,71.0,112.01504000000008,1.0666176080703735,bmm
,862,862x163x250x106,23.0,1890.0,72.68,126.81432000000004,1.4525503873825074,bmm
,880,880x176x147x204,23.0,1884.6,73.0,115.65603999999999,1.8067520380020141,bmm
,515,515x240x226x237,23.0,1882.8,73.0,137.68419999999998,2.1357183933258055,bmm
,987,987x170x245x201,23.0,1876.8,75.0,136.5788,3.1865407466888427,bmm
,806,806x143x130x437,23.0,1871.4,75.0,138.56672,3.7460159778594972,bmm
,582,582x249x224x299,41.0,1853.4,77.0,143.49972000000005,3.4510079860687255,bmm
,671,671x184x242x400,41.0,1839.0,77.72,132.85175999999998,4.394822311401367,bmm
,643,643x129x245x551,41.0,1830.0,79.0,153.67751999999996,6.285523128509522,bmm
,868,868x197x161x717,48.0,1780.8,81.0,140.24924000000004,8.180915260314942,bmm
,537,537x221x244x833,48.0,1723.8,82.0,155.71368,8.644089698791504,bmm
,974,974x224x261x19,48.0,1864.8,82.0,127.76719999999992,1.350656008720398,bmm
,1004,1004x203x269x21,56.0,1875.0,82.0,111.31199999999998,1.3997888088226318,bmm
,718,718x138x340x28,56.0,1875.0,82.0,104.36388000000001,0.9206784009933472,bmm
,866,866x159x433x39,56.0,1875.0,74.0,99.61152,1.8604223728179932,bmm
,797,797x239x264x35,56.0,1875.0,74.0,121.09855999999996,1.2906368255615235,bmm
,616,616x166x385x34,53.44,1888.2,72.4,81.89327999999995,1.1976063966751098,bmm
,685,685x242x309x123,24.0,1888.8,72.0,124.08804000000005,1.9255935907363892,bmm
,1006,1006x186x431x109,24.0,1879.2,73.2,143.99356,2.9889472007751463,bmm
,713,713x194x441x99,24.0,1876.8,78.0,145.9629999999999,2.734771251678467,bmm
,621,621x207x320x140,24.0,1884.0,78.0,135.78723999999994,2.7417791843414308,bmm
,707,707x256x433x208,35.76,1828.8,77.0,154.1386400000001,5.467833614349365,bmm
,705,705x253x393x243,45.0,1816.8,78.92,143.22107999999997,4.966726493835449,bmm
,628,628x194x338x507,45.0,1807.8,80.28,151.88175999999999,7.6718847274780275,bmm
,630,630x240x359x393,53.0,1794.0,79.44,136.95356000000004,8.284364700317383,bmm
,787,787x136x322x367,53.0,1777.2,80.8,142.54396,6.254316806793213,bmm
,674,674x146x342x874,57.6,1704.0,84.92,115.74275999999995,13.089459228515626,bmm
,915,915x158x400x758,57.32,1676.4,81.8,143.46159999999998,18.20544013977051,bmm
,889,889x226x415x770,52.6,1619.4,84.48,141.59887999999998,24.71510429382324,bmm
,1016,1016x190x671x1,55.36,1867.2,78.0,73.93983999999999,1.2552639961242675,bmm
,627,627x233x610x5,64.0,1875.0,78.0,100.15171999999998,2.317535972595215,bmm
,758,758x131x682x27,64.0,1875.0,77.2,123.45387999999998,1.8927744150161743,bmm
,675,675x182x586x61,64.0,1875.0,77.0,123.89363999999992,2.215059185028076,bmm
,541,541x243x799x65,64.0,1852.2,78.44,141.48680000000004,3.742239999771118,bmm
,741,741x199x656x62,45.0,1866.6,80.0,143.10187999999994,2.9146687507629396,bmm
,930,930x236x1005x96,39.0,1748.4,80.0,158.64195999999995,8.236697769165039,bmm
,890,890x156x884x73,39.0,1813.8,80.0,139.54316000000006,5.897728061676025,bmm
,520,520x184x759x110,54.12,1839.0,80.0,145.75716000000008,2.714540719985962,bmm
,978,978x221x864x233,57.0,1689.0,82.72,153.72976000000006,15.867283058166503,bmm
,691,691x191x936x185,63.08,1684.8,85.24,138.53992,7.316627120971679,bmm
,718,718x197x602x143,65.0,1803.6,81.92,130.70831999999996,5.944729614257812,bmm
,982,982x145x709x481,51.2,1600.8,81.0,140.92924000000002,23.722604751586914,bmm
,1025,1025x251x526x287,70.24,1639.8,84.44,149.79684,15.417804718017578,bmm
,688,688x173x547x294,72.0,1656.0,87.0,127.02648000000006,7.855142307281494,bmm
,713,713x185x566x525,68.0,1552.8,85.96,133.61744,14.614527702331543,bmm
,823,823x232x557x535,76.64,1557.0,85.0,139.41531999999998,23.318938064575196,bmm
,703,703x133x686x956,80.0,1528.8,85.0,135.64988000000002,34.133504486083986,bmm
,703,703x453x18x3,80.0,1680.0,83.0,109.82820000000004,0.310860800743103,bmm
,912,912x418x20x22,75.0,1858.2,76.84,69.63055999999997,0.3171712040901184,bmm
,741,741x273x5x30,75.0,1875.0,76.0,80.12839999999994,0.12492799758911133,bmm
,1016,1016x360x33x33,75.0,1882.2,75.2,76.39108000000002,0.4195840060710907,bmm
,957,957x490x27x56,75.0,1890.0,71.0,81.82336000000001,0.4608832001686096,bmm
,551,551x368x1x38,75.0,1890.0,71.0,85.16128,0.10348159968852996,bmm
,989,989x339x28x111,75.0,1890.0,71.0,79.75064000000002,0.622758400440216,bmm
,822,822x338x12x71,9.0,1890.0,70.0,88.26991999999994,0.37029120326042175,bmm
,811,811x457x26x72,9.0,1890.0,70.0,85.27556000000004,0.6637439966201782,bmm
,957,957x288x29x135,9.0,1890.0,70.0,97.41756000000001,0.8392767906188965,bmm
,722,722x369x23x256,9.0,1890.0,70.44,95.44811999999997,0.8934208035469056,bmm
,741,741x494x7x217,9.0,1640.4,71.0,103.4618,0.9815680027008057,bmm
,779,779x376x19x317,9.0,1402.8,69.04,57.70983999999998,1.6875327825546265,bmm
,601,601x350x29x267,22.0,1302.6,64.0,52.391200000000026,1.6247743844985962,bmm
,674,674x468x32x406,22.0,1396.8,62.4,63.558200000000035,2.7213247776031495,bmm
,766,766x314x21x739,22.0,1766.4,62.0,82.25600000000003,2.1520383834838865,bmm
,786,786x377x5x702,22.0,1903.2,66.0,91.36788000000004,2.368172788619995,bmm
,915,915x258x8x782,41.0,1905.0,66.0,94.56199999999998,2.147878313064575,bmm
,555,555x441x53x8,41.0,1905.0,69.0,125.47600000000007,0.31269119381904603,bmm
,766,766x493x39x14,41.0,1905.0,69.0,82.59411999999996,0.40324479937553404,bmm
,996,996x290x55x18,41.0,1905.0,69.0,83.0578,0.3998656034469604,bmm
,898,898x310x54x45,41.0,1905.0,69.0,82.19488,0.3916096031665802,bmm
,557,557x338x45x53,41.0,1905.0,67.0,83.48688000000001,0.259308797121048,bmm
,793,793x290x42x40,41.0,1905.0,67.0,78.34300000000003,0.2945791959762573,bmm
,729,729x268x43x79,26.0,1905.0,67.0,82.14100000000002,0.4840768039226532,bmm
,600,600x352x49x100,16.0,1905.0,67.0,91.225,0.5348991990089417,bmm
,704,704x283x53x107,16.0,1905.0,67.0,91.03715999999997,0.5237695932388305,bmm
,919,919x358x34x135,16.0,1905.0,67.0,96.22339999999997,1.1078783750534058,bmm
,793,793x395x48x134,16.0,1905.0,67.0,113.65236000000006,1.1557695865631104,bmm
,948,948x317x38x149,16.0,1449.6,68.6,97.54523999999998,1.1595136165618896,bmm
,992,992x501x42x499,20.0,1663.2,69.0,99.77676,4.738284778594971,bmm
,733,733x286x61x401,36.0,1897.2,70.0,120.77352,2.390515184402466,bmm
,942,942x343x52x411,36.0,1870.8,71.12,120.25156000000004,3.3204224586486815,bmm
,808,808x267x34x588,36.0,1881.0,74.0,126.47183999999991,2.429631996154785,bmm
,544,544x407x53x982,38.72,1843.8,74.76,139.76484,4.532364845275879,bmm
,873,873x372x35x781,40.0,1853.4,75.6,132.43739999999994,4.476076889038086,bmm
,991,991x382x95x32,40.0,1882.8,78.0,108.88812,0.804198396205902,bmm
,898,898x456x94x5,40.0,1890.0,78.0,102.36192000000003,0.9033408045768738,bmm
,914,914x273x122x6,40.0,1890.0,77.4,99.65248000000001,0.7263487935066223,bmm
,601,601x354x111x61,40.0,1890.0,73.0,95.79939999999999,0.5882303953170777,bmm
,998,998x490x90x65,36.0,1890.0,73.0,113.48167999999998,1.7994688034057618,bmm
,541,541x415x82x39,36.0,1890.0,73.0,92.32400000000001,0.4604479968547821,bmm
,1012,1012x368x92x88,36.0,1890.0,71.0,102.23320000000004,1.3770560026168823,bmm
,620,620x356x117x83,36.0,1890.0,71.0,115.83691999999998,1.0277055978775025,bmm
,590,590x427x115x82,36.0,1890.0,71.0,108.52324000000003,1.1429632186889649,bmm
,570,570x469x112x233,36.0,1873.8,73.0,124.22124000000007,2.330604839324951,bmm
,911,911x287x126x254,30.0,1873.8,73.0,128.90063999999998,2.729196786880493,bmm
,620,620x434x103x238,30.0,1877.4,75.16,131.10924,2.158393621444702,bmm
,967,967x389x129x286,30.0,1838.4,75.2,123.60424000000005,6.362739181518554,bmm
,988,988x447x69x284,37.04,1845.0,74.0,143.10356,3.7649728298187255,bmm
,859,859x350x78x439,46.0,1827.6,76.0,139.53991999999997,4.048095989227295,bmm
,725,725x406x110x892,46.0,1737.6,78.04,158.62283999999997,9.594662475585938,bmm
,605,605x466x120x522,55.6,1789.2,80.92,148.19924000000006,6.738067150115967,bmm
,719,719x357x108x947,58.0,1752.6,76.0,137.58227999999997,9.05179500579834,bmm
,573,573x313x242x32,46.0,1872.6,74.0,72.52036000000004,1.0340480089187623,bmm
,572,572x463x165x2,46.0,1875.0,74.0,110.72908000000007,0.9657856106758118,bmm
,547,547x349x209x21,46.0,1888.8,72.48,80.89572000000003,0.9641408085823059,bmm
,593,593x286x159x34,46.0,1890.0,72.0,90.29800000000003,0.6853567957878113,bmm
,808,808x513x158x38,46.0,1890.0,72.0,96.64100000000003,1.6197376012802125,bmm
,628,628x340x256x45,22.08,1890.0,73.0,133.23264,1.2677056074142456,bmm
,755,755x299x233x78,20.0,1886.4,73.0,118.38679999999994,1.980620813369751,bmm
,1004,1004x329x257x83,20.0,1877.4,73.0,116.26619999999998,3.478566360473633,bmm
,924,924x428x144x72,20.0,1888.8,73.0,125.85903999999995,2.0825151920318605,bmm
,669,669x378x246x208,26.4,1846.2,75.8,142.23156000000006,4.395097637176514,bmm
,698,698x311x206x149,40.0,1863.6,78.0,128.59660000000002,2.62674560546875,bmm
,818,818x405x253x234,40.0,1810.8,78.0,152.65024000000003,6.5336769104003904,bmm
,835,835x388x221x343,45.72,1764.6,77.0,160.9838,9.167891120910644,bmm
,602,602x423x207x262,51.0,1792.8,81.8,131.57320000000004,5.871263885498047,bmm
,978,978x352x239x363,52.6,1747.8,78.0,146.35339999999997,9.551264190673828,bmm
,653,653x424x135x788,56.0,1759.8,81.16,144.70496000000003,10.268940925598145,bmm
,584,584x382x164x911,53.48,1636.8,83.44,150.79644,11.912889671325683,bmm
,685,685x298x132x773,53.0,1655.4,86.0,137.26036000000008,8.216492843627929,bmm
,580,580x295x264x27,53.0,1833.0,86.0,87.08636000000006,1.1274944067001342,bmm
,533,533x413x398x28,58.0,1858.8,79.28,102.44343999999995,2.40796160697937,bmm
,576,576x427x394x8,58.0,1860.0,79.0,136.93056,2.4845312595367433,bmm
,846,846x269x470x63,58.0,1837.2,81.4,149.05824,3.459257650375366,bmm
,652,652x302x492x34,58.0,1819.8,83.0,123.89568000000001,2.533900833129883,bmm
,853,853x365x469x37,48.4,1836.0,83.64,135.29940000000005,3.996832084655762,bmm
,1005,1005x381x337x115,42.0,1734.0,84.04,125.37024,4.8629247665405275,bmm
,837,837x469x491x113,42.0,1668.0,84.6,142.35984000000005,7.906553649902344,bmm
,661,661x412x328x119,49.0,1834.2,80.0,122.86139999999996,3.3456704139709474,bmm
,947,947x395x278x203,49.0,1753.8,82.0,145.36891999999997,8.35168628692627,bmm
,584,584x370x263x249,49.36,1666.8,84.0,129.41199999999995,4.554521560668945,bmm
,714,714x384x434x198,52.0,1689.6,84.56,135.29416,8.82808322906494,bmm
,833,833x502x375x446,55.04,1582.2,83.64,127.92060000000006,23.568421936035158,bmm
,727,727x405x464x369,64.28,1665.0,83.4,146.53867999999994,16.66620788574219,bmm
,927,927x283x479x375,66.92,1537.2,85.88,117.92895999999999,16.473138999938964,bmm
,838,838x316x295x950,69.28,1606.2,81.8,136.2594,24.63082847595215,bmm
,747,747x397x454x561,73.2,1495.2,85.28,136.28963999999996,30.336249542236327,bmm
,551,551x409x495x592,72.56,1605.6,84.88,139.54103999999995,22.08373107910156,bmm
,540,540x298x733x27,65.0,1851.0,84.0,95.96700000000003,3.5618879318237306,bmm
,699,699x426x877x25,65.0,1804.2,83.0,160.20368000000002,7.8684991836547855,bmm
,918,918x493x751x26,51.0,1810.2,79.0,141.27487999999997,9.889650917053222,bmm
,547,547x275x687x53,51.0,1849.2,78.0,102.21668,3.2432767391204833,bmm
,618,618x499x666x65,47.8,1763.4,80.24,152.851,7.251519966125488,bmm
,569,569x473x885x55,47.0,1808.4,82.4,140.25171999999998,7.676128005981445,bmm
,541,541x274x602x87,47.4,1840.2,81.32,135.70095999999995,3.56212477684021,bmm
,890,890x327x844x115,48.0,1725.0,83.92,139.50739999999996,10.112550354003906,bmm
,695,695x512x846x65,52.84,1644.6,84.6,140.11927999999995,11.360889625549316,bmm
,713,713x418x785x196,60.68,1578.0,84.12,129.45104,18.75122528076172,bmm
,704,704x486x709x151,66.0,1536.6,84.08,143.07932,15.610809516906738,bmm
,652,652x300x953x214,71.52,1716.0,83.16,130.99072,14.167148971557618,bmm
,940,940x425x1013x377,71.04,1464.0,85.24,135.44632,51.567955017089844,bmm
,736,736x459x685x425,87.36,1464.6,85.44,133.75436,45.41589126586914,bmm
,695,695x324x678x355,88.8,1596.0,84.88,136.53872,20.23458595275879,bmm
,525,525x396x876x734,69.6,1506.0,84.6,133.9776,48.371098327636716,bmm
,731,731x623x33x12,92.0,1833.0,87.0,93.41523999999993,0.5055807948112487,bmm
,799,799x833x6x16,92.0,1860.0,86.36,88.78476000000005,0.3650496006011963,bmm
,841,841x796x21x15,92.0,1860.0,79.0,82.77384000000004,0.5443327903747559,bmm
,657,657x673x22x37,92.0,1878.0,79.0,80.07904000000006,0.3647040069103241,bmm
,893,893x989x18x34,92.0,1890.0,73.0,86.19304,0.6986048102378846,bmm
,1024,1024x788x29x65,50.0,1890.0,73.0,102.40368000000002,1.37849600315094,bmm
,836,836x651x3x99,17.0,1890.0,73.0,111.51719999999997,0.635264003276825,bmm
,862,862x981x27x68,17.0,1890.0,73.0,97.98615999999997,1.404864001274109,bmm
,770,770x936x23x87,17.0,1890.0,73.0,99.75939999999999,1.0229696035385132,bmm
,657,657x798x18x161,17.0,1890.0,73.0,119.63919999999999,1.2574144363403321,bmm
,581,581x758x20x164,17.0,1890.0,73.0,110.95391999999997,1.0264960050582885,bmm
,669,669x516x8x155,17.0,1575.0,73.0,111.05299999999994,0.6960895895957947,bmm
,640,640x620x33x423,29.0,1546.2,70.6,77.57548000000001,3.752332830429077,bmm
,1016,1016x928x1x385,29.0,1850.4,69.0,94.18235999999999,3.5738815784454347,bmm
,729,729x886x8x365,29.0,1905.0,71.0,118.61612000000007,2.825971221923828,bmm
,911,911x904x26x734,44.0,1780.8,73.76,132.69568000000004,8.689484786987304,bmm
,953,953x699x28x741,44.0,1782.6,74.0,149.45324000000005,6.658336162567139,bmm
,784,784x695x8x828,57.0,1867.8,76.28,132.00624,5.15295991897583,bmm
,608,608x690x49x15,57.0,1875.0,76.04,79.48775999999995,0.5492671966552735,bmm
,711,711x827x56x9,57.0,1885.8,71.0,81.88824000000004,0.6972031831741333,bmm
,890,890x927x53x11,57.0,1890.0,71.0,90.64640000000003,1.0552320241928101,bmm
,832,832x638x57x64,35.92,1890.0,70.2,101.63135999999999,0.8302272081375122,bmm
,872,872x526x41x40,26.0,1890.0,70.0,106.79771999999997,0.5732864022254944,bmm
,633,633x1008x42x62,26.0,1890.0,70.0,93.84379999999997,0.7966400027275086,bmm
,870,870x882x52x74,26.0,1890.0,71.56,115.98492000000002,1.7671615839004517,bmm
,542,542x689x46x122,26.0,1890.0,73.0,111.48775999999997,0.8215168118476868,bmm
,778,778x672x53x93,26.0,1890.0,73.0,114.16579999999996,1.2571391820907594,bmm
,910,910x861x33x141,26.2,1883.4,71.0,118.86804000000001,2.572966432571411,bmm
,728,728x663x46x213,31.0,1890.0,71.0,132.6732,2.1590336322784425,bmm
,608,608x856x35x252,31.0,1884.6,73.8,129.70419999999996,2.0594175815582276,bmm
,739,739x644x35x375,31.0,1879.2,76.0,130.31272,2.9436607837677,bmm
,994,994x768x51x406,37.72,1791.6,74.0,126.73940000000005,7.2333375930786135,bmm
,518,518x1018x38x386,45.0,1846.2,75.0,145.21568000000002,4.04455680847168,bmm
,817,817x797x47x516,45.0,1768.8,77.24,154.89184,7.534982490539551,bmm
,875,875x813x43x765,54.0,1747.2,79.0,153.74247999999992,9.595392036437989,bmm
,855,855x921x40x814,61.48,1775.4,76.64,140.14516,10.34334716796875,bmm
,900,900x645x75x5,71.0,1864.8,80.0,110.78856000000005,1.034214401245117,bmm
,727,727x546x76x21,71.0,1875.0,80.0,92.15052000000003,0.7045184135437011,bmm
,643,643x793x100x1,71.0,1875.0,71.0,90.62952,0.5285759925842285,bmm
,998,998x914x102x41,55.6,1887.6,71.0,89.55723999999998,2.3053567886352537,bmm
,526,526x853x112x39,36.0,1890.0,72.28,124.45868000000002,1.038316798210144,bmm
,771,771x975x129x44,36.0,1888.8,73.0,122.33388000000006,2.2517759799957275,bmm
,728,728x574x89x127,36.0,1884.6,72.12,95.1512,1.5451712131500244,bmm
,870,870x941x123x93,36.0,1858.2,72.0,144.71336000000005,3.84782075881958,bmm
,992,992x889x100x78,35.0,1866.0,75.68,134.94932000000006,3.397804832458496,bmm
,767,767x846x94x199,35.0,1840.8,75.68,137.29264,4.988236808776856,bmm
,878,878x895x129x191,35.0,1730.4,75.0,155.48348,6.948473644256592,bmm
,589,589x868x101x257,55.0,1823.4,78.0,146.9622,6.104671955108643,bmm
,803,803x532x113x423,55.0,1777.2,76.0,149.69396000000006,8.19027853012085,bmm
,801,801x732x125x368,55.84,1743.0,79.84,143.51507999999995,8.909760093688964,bmm
,1009,1009x627x90x268,56.0,1798.2,76.0,143.70716000000002,7.079353618621826,bmm
,536,536x678x76x638,49.56,1771.2,80.0,134.13376,5.867724895477295,bmm
,930,930x755x88x999,54.72,1646.4,82.48,154.41027999999994,20.35710678100586,bmm
,736,736x830x204x21,62.0,1680.0,83.0,107.48656000000001,2.934335947036743,bmm
,988,988x684x225x2,62.0,1770.0,82.76,101.71348000000003,3.3321791648864747,bmm
,708,708x787x255x15,53.6,1770.0,80.0,102.62248000000004,3.151462364196777,bmm
,669,669x928x253x49,52.0,1789.8,76.8,127.17208000000002,3.910969591140747,bmm
,702,702x683x205x36,52.0,1869.6,76.0,123.96164000000006,2.5337023735046387,bmm
,536,536x1006x177x34,52.0,1872.6,76.68,117.03404000000005,2.3196927547454833,bmm
,951,951x514x254x108,46.24,1815.0,77.0,141.90120000000002,4.925459098815918,bmm
,737,737x674x155x107,44.0,1845.6,78.0,131.60395999999994,3.0519104480743406,bmm
,892,892x827x252x82,44.0,1807.8,79.8,146.99356000000003,6.632044696807862,bmm
,933,933x943x204x255,55.76,1715.4,78.2,143.194,13.773408126831054,bmm
,532,532x542x168x251,58.0,1680.0,83.0,130.74315999999996,3.929247999191284,bmm
,636,636x643x165x148,56.2,1692.6,83.04,132.27739999999997,4.667424106597901,bmm
,998,998x771x219x272,53.0,1657.8,82.2,143.3514,21.383008193969726,bmm
,700,700x910x218x474,68.8,1614.6,81.92,132.87672000000003,23.59547538757324,bmm
,619,619x588x181x292,62.0,1722.0,83.0,138.18711999999994,7.916224002838135,bmm
,585,585x641x164x851,58.0,1646.4,83.2,142.78244000000007,18.913830184936522,bmm
,795,795x593x153x885,69.96,1534.2,84.56,135.14948,24.064928436279295,bmm
,564,564x1024x142x988,75.28,1614.6,80.24,129.75276,27.369023895263673,bmm
,825,825x638x491x7,58.0,1857.0,82.4,139.19328000000004,7.087769603729248,bmm
,743,743x646x269x14,45.0,1868.4,75.48,94.90240000000003,3.0211840152740477,bmm
,732,732x634x401x8,45.0,1869.0,75.0,140.13352000000003,4.963225650787353,bmm
,630,630x882x449x58,45.0,1809.0,80.0,142.43811999999997,7.618271827697754,bmm
,1017,1017x729x322x59,49.0,1831.2,77.0,150.91928000000001,7.43452787399292,bmm
,676,676x769x429x46,49.0,1830.0,80.6,151.81972000000002,6.410630416870117,bmm
,980,980x869x284x102,55.8,1732.8,80.08,136.51823999999996,9.383372688293457,bmm
,617,617x542x472x120,59.0,1782.6,82.6,149.10368,5.889984035491944,bmm
,725,725x887x343x79,56.8,1747.2,86.32,136.00083999999993,7.924211215972901,bmm
,662,662x826x339x234,54.24,1552.8,84.12,124.58668,14.64762897491455,bmm
,638,638x1017x355x225,55.68,1706.4,78.4,139.53484000000006,17.43073272705078,bmm
,889,889x902x449x178,57.2,1570.8,84.28,148.98612000000006,24.762099075317384,bmm
,733,733x723x498x508,75.28,1490.4,84.48,136.92384,44.574720001220705,bmm
,943,943x764x511x449,88.04,1428.6,85.52,133.83508,63.014791107177736,bmm
,790,790x979x466x337,89.92,1474.8,86.04,137.22287999999998,47.43335037231445,bmm
,623,623x942x319x746,88.0,1449.0,84.6,132.99188,50.00890884399414,bmm
,913,913x989x601x23,85.0,1624.2,85.72,144.91387999999995,13.77145595550537,bmm
,609,609x625x628x12,85.0,1754.4,83.24,128.92775999999995,6.555462265014649,bmm
,838,838x853x527x13,66.0,1679.4,83.8,138.66024,10.501158332824707,bmm
,1019,1019x942x830x42,71.72,1633.2,84.44,148.5145599999999,22.64390411376953,bmm
,555,555x997x869x64,79.0,1600.2,85.2,143.34539999999998,14.94777603149414,bmm
,553,553x831x567x59,72.0,1656.6,86.0,134.93787999999998,7.19488639831543,bmm
,790,790x956x764x85,73.8,1560.0,85.72,148.89443999999997,22.924614334106444,bmm
,582,582x583x746x68,77.0,1651.8,83.64,133.027,10.306214523315429,bmm
,639,639x710x882x104,71.12,1527.6,86.0,141.51872000000006,17.245011138916016,bmm
,518,518x816x556x147,72.24,1532.4,85.4,138.35603999999995,15.295449447631835,bmm
,824,824x875x936x175,82.8,1425.6,85.0,144.899,44.54629669189453,bmm
,836,836x955x718x244,89.44,1442.4,86.32,138.79575999999997,48.43939208984375,bmm
,737,737x860x567x352,88.92,1438.2,86.28,130.3424,47.60995941162109,bmm
,813,813x776x658x286,89.4,1453.8,85.28,132.39751999999996,56.747589111328125,bmm
,793,793x788x776x399,89.76,1443.0,86.6,127.18776000000001,85.71599884033203,bmm
