Kernel Name,Batch Size,Dimension,GPU Utilization Rate (%),GPU Core Frequency (MHz),GPU Temperature (C),GPU Power (W),Latency (ms),OPName
,1,1x58x13x141,94.0,1845.0,84.0,73.94264000000003,0.007839999813586473,linear
,1,1x102x215x113,94.0,1860.0,84.0,76.94800000000004,0.01088000014424324,linear
,1,1x195x50x184,94.0,1872.6,84.0,74.04832000000005,0.009555199928581715,linear
,1,1x117x149x297,94.0,1875.0,72.0,70.16864,0.012665599957108498,linear
,1,1x88x126x340,36.0,1885.2,72.0,69.54627999999998,0.010310399904847145,linear
,1,1x109x162x365,36.0,1890.0,72.0,67.33300000000003,0.014252799935638905,linear
,1,1x71x253x606,36.0,1890.0,71.04,67.22855999999997,0.016352000087499617,linear
,1,1x137x175x627,36.0,1890.0,69.0,67.34504000000001,0.01849600002169609,linear
,1,1x192x83x513,36.0,1890.0,69.0,66.93404000000004,0.013068800047039985,linear
,1,1x36x65x1287,36.0,1890.0,69.0,65.34988000000003,0.012147199921309948,linear
,1,1x127x116x1156,36.0,1890.0,66.0,64.87920000000003,0.02059519998729229,linear
,1,1x122x143x2019,36.0,1890.0,66.0,65.18499999999999,0.027347199618816376,linear
,1,1x211x240x2270,3.0,1890.0,66.0,66.18315999999996,0.06976000219583511,linear
,1,1x143x237x3072,3.0,1890.0,66.0,67.03660000000005,0.06950400024652481,linear
,1,1x206x31x2723,3.0,609.0,65.0,56.2948,0.0692287977784872,linear
,1,1x30x32x6666,3.0,525.0,65.0,36.437999999999995,0.04095999896526337,linear
,1,1x127x21x4768,3.0,520.2,65.0,36.28279999999998,0.06579840183258057,linear
,1,1x38x5x7851,3.0,466.2,59.0,35.223919999999985,0.04291199967265129,linear
,1,1x155x5x13098,4.8,448.2,59.0,29.247360000000004,0.5488640069961548,linear
,1,1x251x129x9025,8.0,435.0,59.0,28.40996,0.8639039993286133,linear
,1,1x58x39x10635,8.0,420.0,56.0,28.304920000000006,0.11755519956350327,linear
,1,1x53x182x29701,8.0,413.4,56.0,27.56444000000001,1.049503993988037,linear
,1,1x56x196x17653,8.0,376.2,54.0,24.56192,0.7237248063087464,linear
,1,1x143x36x25531,15.28,375.0,54.0,25.11844,1.2143296003341675,linear
,1,1x161x224x40347,22.0,402.0,53.04,27.624559999999992,3.2851712226867678,linear
,1,1x64x154x53038,22.0,420.0,53.0,27.354280000000013,1.9425280094146729,linear
,1,1x156x147x46543,22.0,512.4,53.0,28.448959999999996,2.944332790374756,linear
,1,1x121x415x116,29.6,615.0,52.96,25.607799999999987,0.041235200315713885,linear
,1,1x205x381x76,41.0,615.0,52.0,23.106000000000012,0.04301439970731735,linear
,1,1x163x483x219,41.0,615.0,52.0,22.938359999999985,0.06524799913167953,linear
,1,1x147x377x396,41.0,615.0,52.0,22.870600000000014,0.08725759983062745,linear
,1,1x170x495x469,41.0,615.0,51.0,23.31284,0.10872320085763931,linear
,1,1x113x506x369,41.0,615.0,51.0,22.91031999999999,0.0660288006067276,linear
,1,1x14x299x951,41.0,615.0,50.48,22.49104000000001,0.043276799470186235,linear
,1,1x143x472x771,13.0,615.0,50.0,22.728920000000002,0.12738560140132904,linear
,1,1x79x379x642,13.0,615.0,50.0,23.04611999999999,0.05940480083227158,linear
,1,1x160x449x1837,13.0,615.0,50.0,23.15044,0.5085440158843995,linear
,1,1x7x472x2028,13.0,615.0,50.0,23.542080000000006,0.33452799916267395,linear
,1,1x166x382x1202,13.0,404.4,50.0,23.4778,0.20909440219402314,linear
,1,1x182x389x3443,18.28,390.0,50.0,24.37944,0.9872895956039429,linear
,1,1x9x304x3254,24.0,390.0,49.64,23.354559999999996,0.3723072111606598,linear
,1,1x157x385x2993,24.0,394.8,49.0,25.54412,0.8625344038009644,linear
,1,1x152x373x7053,24.0,518.4,49.0,25.258239999999997,2.7769087314605714,linear
,1,1x146x497x8018,35.0,628.2,49.36,26.282159999999994,1.332371187210083,linear
,1,1x78x333x6586,35.0,735.0,50.0,25.61747999999999,0.43041279911994934,linear
,1,1x51x363x11650,35.0,735.0,50.0,24.849800000000005,0.6206719994544982,linear
,1,1x17x375x12913,35.0,735.0,50.0,25.072800000000008,0.5744896054267883,linear
,1,1x37x287x10911,34.52,735.0,50.0,25.489839999999994,0.5273280024528504,linear
,1,1x222x422x24589,32.0,762.0,50.0,29.86572,2.2469759941101075,linear
,1,1x252x303x31786,32.0,870.0,50.0,42.24320000000002,1.6832448244094849,linear
,1,1x233x302x26691,32.0,870.0,50.72,46.647200000000005,1.3883328199386598,linear
,1,1x27x361x50270,32.0,870.0,53.0,44.996999999999986,0.6821632027626038,linear
,1,1x116x315x63010,32.0,870.0,53.0,45.97516,1.7166592121124267,linear
,1,1x98x326x37344,32.72,870.0,53.36,46.46072,1.0310463905334473,linear
,1,1x171x899x234,33.0,870.0,54.0,43.66156000000001,0.06349439918994904,linear
,1,1x254x550x65,33.0,870.0,54.0,36.74019999999998,0.03685760125517845,linear
,1,1x174x920x42,33.0,870.0,54.0,35.999919999999996,0.03290880098938942,linear
,1,1x52x967x342,33.0,870.0,53.52,36.03540000000001,0.04355839937925339,linear
,1,1x93x687x346,33.0,870.0,53.0,36.11599999999999,0.04696320071816444,linear
,1,1x148x674x294,33.0,870.0,53.0,36.09900000000002,0.061478398740291595,linear
,1,1x196x880x815,33.0,870.0,53.0,36.178,0.1684031993150711,linear
,1,1x129x653x612,33.0,870.0,52.36,36.96295999999999,0.082771198451519,linear
,1,1x68x887x792,8.0,596.4,52.0,36.25808000000002,0.11651840060949326,linear
,1,1x47x917x1053,8.0,510.0,52.0,36.33755999999998,0.12856320142745972,linear
,1,1x114x577x1975,8.0,480.0,52.0,34.11300000000002,0.25868799090385436,linear
,1,1x199x977x1784,8.0,463.2,52.0,26.971680000000003,0.6100736141204834,linear
,1,1x121x884x2455,8.0,445.2,52.0,26.846320000000006,0.6159039974212647,linear
,1,1x171x762x2564,8.0,435.0,52.0,26.882999999999996,0.5889280080795288,linear
,1,1x90x625x2154,8.0,420.0,51.0,26.945000000000007,0.3137087941169739,linear
,1,1x33x1000x7769,17.0,408.0,51.0,26.659159999999993,0.8556096076965332,linear
,1,1x56x1015x7730,17.0,394.8,51.0,26.51240000000001,0.9605119943618774,linear
,1,1x51x630x5858,17.0,390.0,51.0,25.20996000000001,0.5539135932922363,linear
,1,1x131x896x10693,17.0,396.6,51.0,27.653280000000006,2.9455103874206543,linear
,1,1x211x875x15122,30.44,586.2,51.0,30.441600000000008,4.089484786987304,linear
,1,1x59x798x11898,38.0,639.0,51.0,28.13632,1.4031039953231812,linear
,1,1x206x584x21033,38.0,665.4,51.0,29.891840000000002,3.111135983467102,linear
,1,1x27x672x21543,38.0,900.0,51.0,35.685399999999994,0.39578240513801577,linear
,1,1x221x626x25666,38.0,900.0,51.0,45.53795999999999,2.451417589187622,linear
,1,1x149x848x40632,38.0,990.0,53.28,51.77287999999999,3.4687872409820555,linear
,1,1x224x532x62899,38.0,1140.0,54.48,52.89779999999999,4.093395185470581,linear
,1,1x186x603x61389,38.0,1176.0,55.0,67.50552,3.183353614807129,linear
,1,1x59x1422x179,38.0,1365.0,55.0,65.12219999999998,0.030355199798941614,linear
,1,1x238x1944x166,36.0,1365.0,56.0,45.09051999999999,0.06616319864988326,linear
,1,1x237x1950x20,36.0,1365.0,56.0,45.11020000000001,0.023871999606490134,linear
,1,1x257x1333x288,36.0,1365.0,56.0,45.086359999999985,0.08191999793052673,linear
,1,1x145x1818x466,36.0,1365.0,56.0,45.525560000000006,0.10268159955739975,linear
,1,1x73x1741x415,36.0,1365.0,56.0,45.70772,0.07268480062484742,linear
,1,1x159x1394x732,36.0,1365.0,56.0,45.54188000000002,0.11410560011863709,linear
,1,1x193x1340x679,36.0,1365.0,56.0,45.812,0.14247679710388184,linear
,1,1x159x1985x711,36.0,1365.0,56.0,46.601000000000006,0.16175999939441682,linear
,1,1x191x1235x1280,36.0,1365.0,55.4,46.74099999999999,0.159743994474411,linear
,1,1x213x1134x1836,12.0,1365.0,55.0,47.13000000000002,0.25660160183906555,linear
,1,1x20x1612x1992,6.0,1365.0,55.0,48.951000000000015,0.08094079941511154,linear
,1,1x122x1641x2548,6.0,1365.0,55.0,46.327,0.2515455961227417,linear
,1,1x1x1747x3034,6.0,1365.0,55.64,47.556599999999996,0.061286399513483046,linear
,1,1x9x1756x2325,6.0,1365.0,56.0,45.94099999999999,0.11154559999704361,linear
,1,1x70x1154x7846,6.0,1365.0,56.0,47.864000000000004,0.5251456141471863,linear
,1,1x98x1610x7021,6.0,645.0,55.8,45.70088,1.3752896070480347,linear
,1,1x255x1777x6281,6.0,630.0,55.0,44.952000000000005,2.4169023513793944,linear
,1,1x229x1897x10923,19.0,720.0,55.16,48.22856000000001,3.3667776107788088,linear
,1,1x16x1317x15372,19.0,1050.0,56.0,48.35020000000003,0.5038399934768677,linear
,1,1x228x1182x10448,19.0,1050.0,56.0,47.6834,1.6148288011550904,linear
,1,1x134x1938x23416,19.0,1050.0,56.8,59.83848000000001,4.205023956298828,linear
,1,1x34x1619x26213,19.0,1470.0,57.0,61.329879999999974,1.3829952239990235,linear
,1,1x240x1290x19210,39.0,1470.0,57.72,66.21008,2.2348480224609375,linear
,1,1x177x1287x44694,39.0,1470.0,59.0,82.75080000000001,3.9891712188720705,linear
,1,1x41x1538x45633,39.0,1844.4,61.28,71.10539999999996,2.242118406295776,linear
,1,1x136x1456x60070,39.08,1864.2,62.36,121.03435999999999,4.7127104759216305,linear
,1,1x226x3751x248,41.0,1890.0,71.0,117.13412000000008,0.10444799810647964,linear
,1,1x124x3959x63,41.0,1905.0,71.0,76.13316,0.02560640051960945,linear
,1,1x161x2826x82,41.0,1905.0,71.0,67.00256,0.0335487999022007,linear
,1,1x25x2256x401,41.0,1905.0,71.0,66.43500000000003,0.028115199878811836,linear
,1,1x206x2258x356,41.0,1905.0,65.96,66.98171999999997,0.08798719942569733,linear
,1,1x188x2639x358,41.0,1905.0,65.0,68.13596,0.08631040006875992,linear
,1,1x164x2714x915,41.0,1905.0,65.0,69.93195999999996,0.19713920056819917,linear
,1,1x243x3136x746,41.0,1905.0,65.0,72.97244000000002,0.20131840109825133,linear
,1,1x215x2669x935,41.0,1905.0,65.0,74.51348000000004,0.22433279752731322,linear
,1,1x176x3500x1566,18.6,1905.0,65.0,76.28199999999997,0.3570495963096619,linear
,1,1x179x3169x1614,6.0,1905.0,65.0,84.95000000000002,0.3420095980167389,linear
,1,1x246x2925x1438,6.0,1905.0,65.0,83.96000000000002,0.3644992053508759,linear
,1,1x170x3983x2460,6.0,1905.0,66.2,87.33532000000002,0.5942335963249207,linear
,1,1x119x2201x2766,6.0,1905.0,67.0,94.03460000000003,0.2930496037006378,linear
,1,1x146x3910x4072,6.0,1905.0,67.0,91.98539999999998,0.9408448100090027,linear
,1,1x152x2840x5534,6.0,1080.0,67.0,86.76512000000001,1.5141440153121948,linear
,1,1x134x3620x6026,12.72,1042.8,61.0,47.24428000000002,2.2699136257171633,linear
,1,1x82x3709x6644,18.0,1017.6,61.0,53.302400000000006,1.7010560035705566,linear
,1,1x112x3062x9534,18.0,1003.2,60.52,55.40140000000001,1.918604803085327,linear
,1,1x251x2421x15491,18.0,1099.2,60.0,62.66559999999997,4.34530553817749,linear
,1,1x112x2348x8935,18.0,1200.0,60.0,64.25767999999998,1.246732807159424,linear
,1,1x192x3615x31082,39.16,1516.8,60.0,100.80288,7.444460773468018,linear
,1,1x153x3945x30282,41.0,1816.2,68.0,123.8264,6.56249589920044,linear
,1,1x124x2893x18589,41.0,1880.4,71.04,120.24599999999995,2.1496895790100097,linear
,1,1x149x3008x53668,50.24,1789.2,73.2,146.44360000000003,9.072582244873047,linear
,1,1x25x3459x57748,52.0,1868.4,77.0,119.68276,3.41461763381958,linear
,1,1x238x2285x59814,52.84,1771.8,77.0,163.41648000000004,9.911955451965332,linear
,1,1x27x6296x194,59.0,1858.2,77.0,142.10199999999998,0.0395967997610569,linear
,1,1x246x6084x105,59.0,1875.0,77.0,71.81500000000004,0.09603200256824493,linear
,1,1x51x7943x164,59.0,1875.0,77.0,73.06099999999998,0.06567040085792542,linear
,1,1x101x6799x374,59.0,1879.2,77.0,71.92572,0.13199360072612762,linear
,1,1x251x5604x287,59.0,1890.0,69.0,67.57400000000001,0.17642880082130433,linear
,1,1x192x4592x504,59.0,1890.0,69.0,74.00080000000004,0.16939519941806794,linear
,1,1x50x5316x759,59.0,1890.0,69.0,72.39460000000003,0.1408383995294571,linear
,1,1x42x4356x608,59.0,1890.0,69.0,71.41288000000003,0.09587200134992599,linear
,1,1x22x5979x729,8.0,1890.0,67.56,68.96055999999999,0.08981759995222091,linear
,1,1x40x6548x1357,8.0,1890.0,67.0,70.79364000000004,0.30184959769248965,linear
,1,1x39x6887x1837,8.0,1890.0,67.0,72.56064,0.4136383950710297,linear
,1,1x152x6115x1175,8.0,1890.0,67.08,78.96640000000004,0.4857984006404877,linear
,1,1x228x7045x3153,8.0,1890.0,68.0,96.6928,1.7163903713226318,linear
,1,1x167x7252x2099,8.0,1890.0,68.0,128.66100000000003,0.9270079970359802,linear
,1,1x253x5292x2308,8.0,1410.0,68.0,91.37867999999997,1.257151985168457,linear
,1,1x235x4973x5206,17.6,1398.6,68.0,69.87072,2.426150417327881,linear
,1,1x103x8021x6670,18.0,1381.8,66.08,63.450800000000015,2.6223679542541505,linear
,1,1x103x5570x4317,18.0,1350.0,64.0,68.83640000000003,1.5521664142608642,linear
,1,1x217x7185x9404,18.0,1560.0,64.0,81.07480000000001,5.015007972717285,linear
,1,1x205x6813x15245,40.0,1832.4,65.2,143.31055999999998,7.539417552947998,linear
,1,1x13x8051x9905,40.0,1882.8,70.0,101.20020000000004,1.3880895853042603,linear
,1,1x244x4896x30742,41.28,1754.4,73.84,158.32032000000004,11.273439979553222,linear
,1,1x82x6808x30356,56.0,1810.8,75.0,153.50328000000002,8.136300659179687,linear
,1,1x3x5856x23128,56.0,1885.8,76.04,123.96688000000006,1.4837695837020874,linear
,1,1x199x7312x40255,55.24,1726.8,75.56,156.05428000000003,21.42400016784668,linear
,1,1x94x7155x42033,60.04,1696.8,84.24,139.16748000000004,12.60746898651123,linear
,1,1x96x6674x62325,64.48,1623.0,85.44,149.66567999999998,17.60647659301758,linear
,1,1x507x86x43,70.0,1780.2,81.0,63.73252,0.009132800064980984,linear
,1,1x394x188x22,70.0,1875.0,81.0,70.04772000000004,0.01015039999037981,linear
,1,1x317x122x108,70.0,1881.6,71.0,69.73291999999996,0.012147200107574464,linear
,1,1x405x137x305,70.0,1890.0,71.0,67.49199999999998,0.02064639963209629,linear
,1,1x329x138x469,70.0,1890.0,71.0,67.88599999999998,0.022656000033020974,linear
,1,1x491x184x289,7.6,1890.0,68.96,67.70207999999998,0.02335360012948513,linear
,1,1x281x24x614,5.0,1890.0,68.0,65.74600000000004,0.010636799968779087,linear
,1,1x397x48x882,5.0,1890.0,68.0,65.79999999999997,0.018432000651955605,linear
,1,1x366x245x592,5.0,1890.0,68.0,66.47700000000003,0.02933120056986809,linear
,1,1x453x46x1234,5.0,1890.0,68.0,66.635,0.02520960010588169,linear
,1,1x436x110x1335,5.0,1890.0,66.0,66.30500000000005,0.039443199336528775,linear
,1,1x383x142x1197,5.0,1890.0,66.0,66.68324000000001,0.03501439988613129,linear
,1,1x314x124x4095,5.0,1890.0,66.0,66.81951999999998,0.08269439935684204,linear
,1,1x291x8x3122,4.84,540.0,65.4,56.559839999999966,0.06389120221138,linear
,1,1x415x41x2881,4.0,511.2,63.0,36.543000000000006,0.1464959979057312,linear
,1,1x489x29x6630,4.0,482.4,63.0,36.61099999999999,0.3062847971916199,linear
,1,1x394x61x4337,4.0,450.0,59.32,37.28608000000001,0.2777728021144867,linear
,1,1x445x81x6186,4.0,442.8,59.0,37.35743999999999,0.4538176000118256,linear
,1,1x348x19x15063,4.0,420.0,59.0,38.82120000000002,0.5181568145751954,linear
,1,1x280x206x9322,5.76,405.0,57.0,38.07420000000001,0.9303359985351562,linear
,1,1x494x189x16276,15.0,393.0,57.0,41.85163999999998,2.611360025405884,linear
,1,1x414x54x23108,15.0,465.0,57.0,42.61159999999999,1.1402880430221558,linear
,1,1x300x49x20759,15.0,465.0,57.0,40.80520000000002,0.7534016013145447,linear
,1,1x488x140x24039,15.0,465.0,57.0,43.27588000000002,2.432480049133301,linear
,1,1x440x107x62385,16.12,537.0,56.0,48.24860000000002,4.046054458618164,linear
,1,1x384x183x58737,43.0,759.6,56.0,51.36519999999999,3.396678352355957,linear
,1,1x319x7x36810,43.0,990.0,57.0,50.51212000000001,0.5046208024024963,linear
,1,1x322x304x170,43.0,990.0,57.0,42.387199999999986,0.03479680046439171,linear
,1,1x438x366x96,43.0,990.0,57.0,39.97656000000003,0.03950080052018166,linear
,1,1x400x453x71,43.0,990.0,57.0,39.630600000000015,0.04300159960985184,linear
,1,1x349x270x420,43.0,990.0,55.0,39.47936000000001,0.0615231990814209,linear
,1,1x285x369x455,43.0,990.0,55.0,39.76199999999997,0.08430720120668411,linear
,1,1x346x508x276,29.48,990.0,55.0,39.891400000000004,0.08037119954824448,linear
,1,1x422x287x535,17.0,990.0,55.0,39.41367999999999,0.09033600240945816,linear
,1,1x337x480x1011,17.0,990.0,55.0,39.99099999999999,0.13530240058898926,linear
,1,1x273x350x838,17.0,990.0,55.0,40.43100000000001,0.10661759972572327,linear
,1,1x485x262x1568,17.0,990.0,55.0,40.04599999999998,0.1823615998029709,linear
,1,1x468x509x1800,17.0,990.0,55.0,41.25743999999999,0.33106560111045835,linear
,1,1x390x310x1176,17.0,990.0,55.0,41.38944000000001,0.1459840029478073,linear
,1,1x337x284x2463,17.0,990.0,55.0,40.86056000000002,0.2024767965078354,linear
,1,1x335x284x3526,16.64,990.0,55.0,41.48924000000002,0.25550079345703125,linear
,1,1x499x316x3312,8.0,420.0,54.24,40.99372,0.823251211643219,linear
,1,1x279x391x7699,8.0,409.8,54.0,40.27944000000001,1.2759040117263794,linear
,1,1x455x471x7986,8.0,405.0,54.0,41.78759999999998,2.5494143962860107,linear
,1,1x355x321x4446,8.0,405.0,54.0,40.958160000000014,0.8974464058876037,linear
,1,1x398x491x8395,8.0,414.6,54.0,41.42380000000001,2.313081645965576,linear
,1,1x453x505x15943,30.04,492.6,54.76,46.650559999999984,4.163808059692383,linear
,1,1x394x447x8524,37.0,561.0,55.0,45.15295999999999,1.7017855644226074,linear
,1,1x470x302x22543,37.0,581.4,55.0,45.93043999999998,3.3812608242034914,linear
,1,1x345x355x22962,37.0,642.6,55.0,46.43739999999999,2.7947904109954833,linear
,1,1x272x380x28589,37.0,750.0,55.6,48.63003999999998,2.562022399902344,linear
,1,1x282x340x46814,44.0,900.0,56.0,50.664400000000015,3.1761728286743165,linear
,1,1x386x413x50816,44.0,1189.2,56.76,63.30704,3.677619218826294,linear
,1,1x401x409x39853,44.0,1635.0,57.0,82.47712,2.6438144207000733,linear
,1,1x463x840x72,44.0,1635.0,60.0,75.22499999999997,0.036793600767850876,linear
,1,1x440x820x88,44.0,1635.0,60.0,51.822000000000024,0.03580159991979599,linear
,1,1x414x943x170,35.72,1635.0,60.0,51.77999999999998,0.07823999971151352,linear
,1,1x452x818x468,35.0,1635.0,60.0,52.119,0.0874687984585762,linear
,1,1x427x694x417,35.0,1635.0,59.88,52.63599999999999,0.07355520129203796,linear
,1,1x463x952x501,35.0,1635.0,59.0,52.45299999999998,0.1005759984254837,linear
,1,1x433x832x645,35.0,1635.0,59.0,53.381,0.12846719920635224,linear
,1,1x432x1014x880,35.0,1635.0,59.0,53.39499999999999,0.15759359896183014,linear
,1,1x276x897x774,35.0,1635.0,59.0,55.10100000000002,0.11937279999256134,linear
,1,1x335x723x1044,35.0,1635.0,59.0,53.28724000000002,0.13114239871501923,linear
,1,1x358x717x1563,35.0,1635.0,59.0,53.81480000000001,0.18442240059375764,linear
,1,1x263x604x1251,35.0,1635.0,59.0,54.221839999999986,0.10042239725589752,linear
,1,1x308x691x2210,6.0,1635.0,59.0,54.40876000000001,0.21837440133094788,linear
,1,1x481x787x2429,6.0,1635.0,59.0,56.60679999999998,0.3705407977104187,linear
,1,1x314x648x2289,6.0,690.0,59.0,53.07684000000002,0.5335744023323059,linear
,1,1x314x934x7707,6.0,679.8,59.0,43.16795999999997,1.8156288146972657,linear
,1,1x454x665x4544,6.0,667.8,57.4,41.63468000000001,1.2920447826385497,linear
,1,1x371x900x7400,6.0,615.0,57.0,43.315159999999985,2.266975975036621,linear
,1,1x309x926x14948,23.0,690.0,56.0,50.03303999999999,3.5946559429168703,linear
,1,1x499x885x15607,23.0,943.2,56.0,53.62536000000001,3.713139200210571,linear
,1,1x328x932x9945,23.0,1440.0,57.0,60.762959999999964,1.3252415895462035,linear
,1,1x320x974x31372,23.0,1462.8,57.0,77.73647999999999,3.813311958312988,linear
,1,1x453x941x24519,33.0,1915.8,63.48,120.05136000000002,3.3482240200042725,linear
,1,1x364x810x27699,48.0,1886.4,66.0,128.85863999999995,2.619059181213379,linear
,1,1x452x661x36246,48.0,1866.0,71.0,148.43963999999997,3.5144383907318115,linear
,1,1x488x617x47469,48.0,1873.8,71.0,118.54704000000001,4.409376049041748,linear
,1,1x483x743x56869,36.0,1773.0,71.0,157.7344,6.601439952850342,linear
,1,1x399x1566x67,36.0,1871.4,75.0,120.94399999999997,0.04497919976711273,linear
,1,1x440x1174x163,36.0,1890.0,75.0,70.46599999999995,0.0544575996696949,linear
,1,1x441x1626x112,36.0,1892.4,75.0,70.62500000000004,0.04786560013890266,linear
,1,1x388x1604x269,36.0,1905.0,70.8,67.35947999999999,0.09625600129365922,linear
,1,1x364x1461x474,28.72,1905.0,68.0,67.07999999999998,0.1009663999080658,linear
,1,1x348x1540x293,22.0,1905.0,68.0,70.914,0.09339520037174225,linear
,1,1x289x1118x587,22.0,1905.0,68.0,70.96499999999997,0.08438399881124496,linear
,1,1x369x1304x913,22.0,1905.0,66.0,70.635,0.16385279595851898,linear
,1,1x364x1729x729,22.0,1905.0,66.0,74.79099999999995,0.1801599979400635,linear
,1,1x405x1162x1538,22.0,1905.0,66.0,76.02600000000002,0.2768512010574341,linear
,1,1x505x1947x1697,22.0,1905.0,66.0,82.22499999999997,0.5233344078063965,linear
,1,1x441x1300x1704,22.0,1905.0,67.04,97.21599999999995,0.3347711980342865,linear
,1,1x391x1181x2357,22.0,1905.0,68.0,87.41496,0.4052479982376099,linear
,1,1x325x1976x2419,22.0,1905.0,68.0,89.89623999999995,0.5459776043891906,linear
,1,1x277x1473x4046,10.0,945.0,68.0,79.40048000000006,1.0856640100479127,linear
,1,1x277x1688x4942,10.0,934.8,64.0,44.50748000000001,1.5076096057891846,linear
,1,1x433x2022x8046,10.0,885.0,63.92,53.361000000000004,4.122406387329102,linear
,1,1x317x1496x7493,10.0,1440.0,62.0,60.71000000000001,1.3797888040542603,linear
,1,1x339x1300x8835,10.0,1440.0,62.0,66.48879999999998,2.153638410568237,linear
,1,1x503x1374x11787,34.0,1440.0,62.0,72.41524,2.926355218887329,linear
,1,1x312x1058x11508,34.0,1590.0,62.0,74.17299999999997,1.5263871908187867,linear
,1,1x472x1783x17808,34.0,1599.0,64.08,100.16684000000001,5.1669182777404785,linear
,1,1x402x1861x24832,34.88,1839.6,67.68,135.29332000000002,5.899078273773194,linear
,1,1x475x1544x24947,45.0,1834.2,73.0,145.83360000000002,5.376819229125976,linear
,1,1x433x1840x41817,45.0,1776.6,76.24,145.78984000000003,9.918521690368653,linear
,1,1x303x1322x63680,51.72,1751.4,79.0,161.66135999999992,8.69106559753418,linear
,1,1x346x2037x61537,52.0,1732.2,82.84,151.94740000000002,13.64062728881836,linear
,1,1x301x3179x205,62.0,1836.0,85.0,130.91140000000004,0.1100160002708435,linear
,1,1x356x3911x207,62.0,1860.0,85.0,77.82319999999999,0.1351999968290329,linear
,1,1x450x4029x125,62.0,1874.4,74.0,76.11844000000002,0.10034559667110443,linear
,1,1x468x3495x261,62.0,1875.0,74.0,74.95944000000001,0.2197568029165268,linear
,1,1x394x2797x354,62.0,1875.0,74.0,77.55112000000003,0.16565119922161103,linear
,1,1x318x2370x509,62.0,1889.4,70.96,70.67032,0.13544320166110993,linear
,1,1x322x2270x946,62.0,1890.0,70.0,73.91068000000001,0.2934080004692078,linear
,1,1x451x2461x846,39.6,1890.0,70.0,80.08340000000003,0.33594239950180055,linear
,1,1x364x3765x894,6.0,1890.0,70.0,83.80400000000003,0.3931264102458954,linear
,1,1x357x2646x1331,6.0,1890.0,70.0,88.991,0.43205760717391967,linear
,1,1x307x2718x1147,6.0,1890.0,70.0,92.14000000000004,0.3321728050708771,linear
,1,1x467x2545x1744,6.0,1890.0,70.0,87.81499999999994,0.6988863945007324,linear
,1,1x342x3430x3776,6.0,1890.0,70.0,110.35664000000003,1.4714368104934692,linear
,1,1x484x3536x3893,6.0,1890.0,72.0,125.41296,2.02489595413208,linear
,1,1x305x2310x3987,6.0,1620.0,72.0,121.86743999999993,1.069920003414154,linear
,1,1x402x3864x5132,19.68,1611.6,71.92,89.29319999999998,2.955296039581299,linear
,1,1x490x3830x6633,24.0,1745.4,71.0,107.10107999999998,3.917791986465454,linear
,1,1x257x2607x6914,24.0,1866.6,71.0,121.46180000000003,1.8628736019134522,linear
,1,1x353x3735x15354,24.0,1801.8,74.0,153.85612,6.503328037261963,linear
,1,1x394x3740x11273,43.0,1806.6,76.64,152.75704000000005,5.548038387298584,linear
,1,1x334x2252x8555,43.0,1865.4,77.0,136.5204800000001,2.1804415702819826,linear
,1,1x368x3449x30155,44.44,1749.0,78.6,155.00080000000003,12.034930992126466,linear
,1,1x497x2792x22682,55.0,1717.2,80.88,152.83768,9.257529830932617,linear
,1,1x363x3985x29135,55.8,1672.2,83.36,141.01747999999995,13.359200286865235,linear
,1,1x314x3015x61222,58.2,1573.2,81.52,129.97911999999997,20.101913452148438,linear
,1,1x302x3067x43103,60.08,1654.2,85.32,147.40228000000005,14.52678394317627,linear
,1,1x434x3845x45415,63.88,1486.2,86.12,136.98664000000002,26.233164978027343,linear
,1,1x435x6748x240,79.0,1730.4,82.36,96.96672000000001,0.2880192041397095,linear
,1,1x266x7079x123,79.0,1620.0,79.0,63.86780000000003,0.1593408018350601,linear
,1,1x291x4455x67,79.0,1620.0,77.8,56.44188,0.09903360009193421,linear
,1,1x444x5905x293,79.0,1620.0,69.0,54.857159999999965,0.3647424042224884,linear
,1,1x293x6586x296,79.0,1620.0,69.0,60.531840000000045,0.2846143960952759,linear
,1,1x491x7595x310,15.0,1620.0,69.0,61.03568,0.5482432007789612,linear
,1,1x422x6068x732,15.0,1620.0,68.2,65.41356000000002,0.7042368054389954,linear
,1,1x260x6557x740,15.0,1620.0,67.0,68.75099999999999,0.5577920079231262,linear
,1,1x444x6143x751,15.0,1620.0,67.0,67.51,0.7372991919517518,linear
,1,1x276x7222x1185,15.0,1620.0,67.0,75.16951999999998,1.0000128030776978,linear
,1,1x420x5322x1694,15.0,1620.0,65.0,67.56360000000001,1.43569917678833,linear
,1,1x429x4773x1999,15.0,1620.0,65.0,76.57047999999998,1.4608000278472901,linear
,1,1x357x6114x3041,20.0,1185.0,65.0,70.59888000000002,3.192947196960449,linear
,1,1x433x4295x3297,20.0,1380.0,65.0,71.63216,2.5032767772674562,linear
,1,1x284x6088x2653,20.0,1380.0,65.0,72.08283999999998,1.998086404800415,linear
,1,1x389x8053x5254,20.0,1510.8,64.0,93.43064,5.869036769866943,linear
,1,1x291x7280x6319,43.52,1864.8,67.04,126.25896000000004,4.4923711776733395,linear
,1,1x358x7848x4273,48.0,1870.2,68.0,143.63567999999992,3.9811456203460693,linear
,1,1x377x6356x9208,48.0,1822.2,75.0,131.45368000000005,6.142348766326904,linear
,1,1x470x6066x10695,44.32,1767.6,77.76,160.61156,9.231526565551757,linear
,1,1x331x5391x13394,44.0,1742.4,76.32,140.31624000000002,8.299923133850097,linear
,1,1x334x5636x19883,55.52,1718.4,82.72,145.25043999999997,13.166784286499023,linear
,1,1x497x7160x22413,65.04,1582.8,83.0,134.85488,23.985554885864257,linear
,1,1x370x5758x23088,69.72,1451.4,85.2,139.53963999999993,18.423148727416994,linear
,1,1x458x4412x39933,74.52,1519.2,85.56,134.15628,27.668198776245116,linear
,1,1x412x6439x63003,87.4,1382.4,86.52,136.4686,69.49356079101562,linear
,1,1x468x6746x62318,85.64,1438.2,85.4,134.39640000000003,69.39029083251953,linear
,1,1x973x186x44,95.0,1750.8,87.0,73.71727999999996,0.01571840010583401,linear
,1,1x942x158x159,95.0,1871.4,85.08,74.151,0.024217600002884865,linear
,1,1x518x253x122,95.0,1875.0,75.0,71.25600000000003,0.018432000651955605,linear
,1,1x664x29x435,95.0,1881.0,75.0,70.50244000000002,0.01643519997596741,linear
,1,1x694x234x441,95.0,1890.0,71.6,68.26800000000001,0.04302079975605011,linear
,1,1x637x141x425,95.0,1890.0,70.0,69.82400000000001,0.030905599892139434,linear
,1,1x645x255x1022,11.48,1890.0,70.0,69.34099999999995,0.08286079913377761,linear
,1,1x936x24x854,8.0,1890.0,70.0,71.49399999999997,0.02435840032994747,linear
,1,1x854x175x918,8.0,1890.0,69.28,68.77047999999996,0.0708863988518715,linear
,1,1x856x237x1872,8.0,1890.0,68.0,67.24991999999997,0.16290559768676757,linear
,1,1x897x85x1822,8.0,1890.0,68.0,71.92399999999999,0.08341119885444641,linear
,1,1x822x111x1644,8.0,1890.0,68.0,69.509,0.0745600014925003,linear
,1,1x861x248x3320,8.0,1890.0,67.88,69.07200000000005,0.2560896098613739,linear
,1,1x602x171x3961,8.0,1463.4,67.0,77.7912,0.1922239989042282,linear
,1,1x964x61x3165,8.0,705.0,67.0,52.81319999999998,0.27621119618415835,linear
,1,1x763x88x4680,7.0,660.0,63.64,37.4262,0.3682687997817993,linear
,1,1x949x201x5563,7.0,615.0,61.0,39.47740000000001,1.1057536125183105,linear
,1,1x830x239x7951,7.0,601.8,61.0,43.65336,1.5784063816070557,linear
,1,1x579x244x10042,7.0,591.0,59.48,43.80187999999999,1.5426239728927613,linear
,1,1x822x237x14759,7.0,585.0,59.0,45.27183999999999,2.9677632331848143,linear
,1,1x754x89x9469,22.12,585.0,58.8,44.61304000000001,0.9076224088668823,linear
,1,1x848x254x18399,28.0,649.8,58.0,47.007159999999985,3.5868863582611086,linear
,1,1x837x154x26364,28.0,849.6,58.0,50.367399999999996,2.7595839977264403,linear
,1,1x625x145x17406,28.0,907.8,58.0,50.332400000000014,1.2295360088348388,linear
,1,1x705x197x56380,28.0,1055.4,58.32,56.48171999999999,4.789631938934326,linear
,1,1x599x71x60022,48.0,1470.0,60.0,65.28604000000004,1.7031744003295899,linear
,1,1x1023x122x50414,48.0,1494.0,60.0,80.56764,3.231231927871704,linear
,1,1x593x302x126,48.0,1500.0,62.0,85.10899999999998,0.03276799991726875,linear
,1,1x814x405x86,48.0,1500.0,62.0,47.76199999999997,0.03475840017199516,linear
,1,1x642x296x143,48.0,1500.0,62.0,47.26224000000003,0.02869120016694069,linear
,1,1x780x377x505,48.0,1500.0,62.0,47.07540000000001,0.0919743999838829,linear
,1,1x728x433x284,48.0,1500.0,59.48,47.35436,0.061555199325084686,linear
,1,1x998x391x331,48.0,1500.0,59.0,47.184000000000005,0.07665920108556748,linear
,1,1x789x393x613,19.0,1500.0,59.0,47.48044000000002,0.09294719994068146,linear
,1,1x934x307x619,19.0,1500.0,59.0,47.98652000000001,0.10239999741315842,linear
,1,1x635x301x646,19.0,1500.0,58.56,47.89467999999999,0.07120000123977661,linear
,1,1x776x339x1176,19.0,1500.0,58.0,47.970679999999994,0.16159359514713287,linear
,1,1x718x458x1390,19.0,1500.0,58.0,48.44500000000001,0.19669120013713837,linear
,1,1x769x485x1063,19.0,1500.0,58.0,50.677,0.19917439818382263,linear
,1,1x959x463x2336,19.0,1500.0,58.6,50.76099999999999,0.436492794752121,linear
,1,1x861x298x3931,19.0,1500.0,59.0,56.96804,0.4366272032260895,linear
,1,1x961x354x2622,19.0,1500.0,59.0,56.55599999999997,0.4056063950061798,linear
,1,1x860x285x6863,9.0,720.0,59.0,51.13103999999999,1.332966387271881,linear
,1,1x995x280x6085,9.0,708.6,57.0,43.95516,1.3634688138961792,linear
,1,1x738x289x5757,9.0,699.0,57.0,41.75011999999999,1.1131263971328735,linear
,1,1x636x397x10507,9.0,645.0,56.0,42.15659999999998,2.3447872161865235,linear
,1,1x1011x298x8297,9.0,645.0,56.0,44.990000000000016,2.2378496170043944,linear
,1,1x757x346x8809,29.0,645.0,56.0,46.677400000000006,2.0876224040985107,linear
,1,1x737x494x23204,29.0,873.0,56.0,54.17519999999999,4.391974401473999,linear
,1,1x804x364x30628,29.0,1483.8,58.0,73.10480000000004,3.4297791481018067,linear
,1,1x753x484x27066,29.76,1643.4,59.2,86.87016000000001,3.517568016052246,linear
,1,1x738x294x63635,48.0,1699.2,63.0,106.06967999999999,4.856134510040283,linear
,1,1x880x395x46021,48.0,1857.6,66.4,127.51148,5.2669120788574215,linear
,1,1x738x408x43044,48.0,1860.6,69.96,149.46603999999996,4.047980785369873,linear
,1,1x766x848x223,47.04,1878.6,75.0,120.26035999999993,0.07259519994258881,linear
,1,1x976x1020x124,44.0,1890.0,75.0,70.42799999999995,0.07481600046157837,linear
,1,1x678x983x13,44.0,1890.0,75.0,69.96499999999997,0.022220800071954726,linear
,1,1x816x949x395,44.0,1890.0,71.36,67.30099999999999,0.13768960237503053,linear
,1,1x888x692x291,44.0,1890.0,68.0,71.3622,0.08561920076608658,linear
,1,1x796x568x289,44.0,1905.0,68.0,64.94700000000005,0.05914879962801933,linear
,1,1x602x595x913,44.0,1905.0,67.04,67.64192000000004,0.13608319759368898,linear
,1,1x813x939x648,44.0,1905.0,66.0,70.33899999999998,0.18964479863643646,linear
,1,1x864x847x1010,44.0,1905.0,66.0,74.52515999999997,0.25486080050468446,linear
,1,1x664x874x1607,5.0,1905.0,66.0,78.44319999999995,0.35199359655380247,linear
,1,1x642x964x1558,5.0,1905.0,66.44,79.51236,0.3534463942050934,linear
,1,1x538x927x2047,5.0,1905.0,67.0,81.32064000000003,0.38350719809532163,linear
,1,1x628x1003x2213,5.0,1905.0,67.0,82.35799999999998,0.4567295968532562,linear
,1,1x740x797x2850,5.0,1905.0,67.0,90.95599999999996,0.5759423851966858,linear
,1,1x950x891x3630,5.0,1161.0,67.84,87.68712,1.1135168075561523,linear
,1,1x808x680x7569,5.0,975.0,68.0,55.91240000000003,2.2653120517730714,linear
,1,1x932x792x7492,19.96,1026.0,65.12,58.06575999999998,2.9518528461456297,linear
,1,1x987x742x4316,22.0,1050.0,62.0,58.18320000000001,1.6361728191375733,linear
,1,1x635x796x16271,22.0,1050.0,60.64,52.38004000000001,4.02981128692627,linear
,1,1x662x840x15746,25.0,1082.4,60.36,61.64599999999999,4.284825563430786,linear
,1,1x711x700x9741,37.0,1695.0,61.0,75.20219999999998,1.7371904134750367,linear
,1,1x894x1009x29885,37.0,1743.6,63.8,115.23791999999999,8.052812671661377,linear
,1,1x647x530x32097,37.0,1881.6,66.0,140.5701199999999,3.6296127796173097,linear
,1,1x658x745x26458,44.68,1855.2,75.0,138.77056,4.043008136749267,linear
,1,1x623x546x36653,45.0,1851.0,76.44,152.65171999999995,4.09870719909668,linear
,1,1x872x542x38718,45.0,1804.2,78.88,157.78771999999992,6.059212684631348,linear
,1,1x688x517x39236,45.0,1830.6,76.0,122.61071999999994,4.409100818634033,linear
,1,1x930x1256x161,45.0,1859.4,75.56,156.42232,0.10022400021553039,linear
,1,1x907x1605x234,45.0,1860.0,75.0,71.11219999999997,0.14838400185108186,linear
,1,1x1016x1240x203,45.0,1860.0,75.0,67.83091999999998,0.11669120192527771,linear
,1,1x718x1852x319,45.0,1860.0,68.0,66.64000000000004,0.16785919964313506,linear
,1,1x978x1246x319,45.0,1860.0,68.0,71.22967999999997,0.16055039763450624,linear
,1,1x904x1694x335,14.0,1860.0,68.0,66.50160000000002,0.21175679862499236,linear
,1,1x545x1906x634,14.0,1860.0,67.6,69.43811999999997,0.22954879999160765,linear
,1,1x954x1300x832,14.0,1860.0,67.0,74.25520000000004,0.34899839758872986,linear
,1,1x874x1607x841,14.0,1860.0,67.0,78.92384000000006,0.40398080348968507,linear
,1,1x878x1868x1744,14.0,1860.0,67.0,84.74783999999998,0.9017536044120789,linear
,1,1x846x1101x1968,14.0,1860.0,67.8,95.41068,0.6280383944511414,linear
,1,1x615x1446x1713,14.0,1860.0,68.0,91.34700000000001,0.5270912051200867,linear
,1,1x561x1633x3695,14.0,1860.0,68.0,95.28495999999997,1.1547199964523316,linear
,1,1x820x1911x3332,15.0,1200.0,67.6,88.74272000000002,2.381779193878174,linear
,1,1x957x1147x2870,15.0,1185.6,67.0,52.509000000000015,1.5325632095336914,linear
,1,1x786x1612x5412,15.0,1169.4,64.92,64.65504000000001,3.1697855949401856,linear
,1,1x959x1889x4400,15.0,1366.2,63.0,74.17719999999997,3.041209602355957,linear
,1,1x598x1667x6538,22.36,1537.2,63.56,84.89403999999996,2.520345592498779,linear
,1,1x756x1275x13327,38.0,1674.0,65.0,102.72031999999996,3.9202816486358643,linear
,1,1x773x1139x16227,38.0,1851.6,66.92,122.25000000000004,4.5910016059875485,linear
,1,1x534x1096x9088,38.0,1887.0,68.0,133.48032000000006,1.6826175928115845,linear
,1,1x821x1209x24100,41.84,1798.8,74.08,143.65159999999995,7.492684745788575,linear
,1,1x853x1890x19674,44.0,1751.4,77.6,148.7126,10.115699005126952,linear
,1,1x516x1845x22941,49.28,1786.8,79.0,140.36264000000006,7.328051280975342,linear
,1,1x779x1380x54237,55.64,1666.2,81.44,153.38271999999998,19.673887634277342,linear
,1,1x604x1972x45762,63.0,1564.8,86.08,144.16467999999998,18.247865676879883,linear
,1,1x958x1954x65153,81.0,1393.2,84.88,134.46171999999996,43.355264282226564,linear
,1,1x802x2824x215,93.0,1810.2,85.36,95.36971999999997,0.19711360335350037,linear
,1,1x523x3969x69,93.0,1875.0,78.0,76.29844000000001,0.1044095978140831,linear
,1,1x995x3500x24,93.0,1875.0,78.0,73.57220000000002,0.10850559920072556,linear
,1,1x860x3966x324,93.0,1889.4,74.64,77.50876000000005,0.4241024076938629,linear
,1,1x953x3207x391,30.0,1890.0,72.0,86.60611999999998,0.4520511984825134,linear
,1,1x748x2799x275,30.0,1890.0,72.0,88.98975999999993,0.23803519904613496,linear
,1,1x1017x2509x664,30.0,1890.0,72.0,84.83667999999997,0.5707455992698669,linear
,1,1x591x3057x1023,30.0,1890.0,72.0,98.01500000000001,0.6214400053024292,linear
,1,1x984x4014x977,30.0,1890.0,72.0,109.40139999999995,1.1834367990493775,linear
,1,1x585x3611x1214,30.0,1890.0,72.0,119.15715999999996,0.881273603439331,linear
,1,1x670x2542x1636,30.0,1890.0,72.0,109.77619999999993,0.8701375961303711,linear
,1,1x787x3781x1209,30.0,1890.0,73.0,112.24036000000002,1.1943232059478759,linear
,1,1x598x3239x3966,19.0,1320.0,73.0,98.50979999999993,3.4145023822784424,linear
,1,1x559x2489x3789,19.0,1410.0,67.48,66.33500000000002,2.554099178314209,linear
,1,1x915x2234x2390,19.0,1410.0,67.0,65.75439999999995,1.9942271947860717,linear
,1,1x621x3825x4243,19.0,1501.2,66.0,80.25123999999998,3.6165631771087647,linear
,1,1x822x2407x5121,36.0,1723.2,66.0,96.40128,3.3103871822357176,linear
,1,1x708x2401x6562,36.0,1884.6,70.0,133.55395999999996,3.597638416290283,linear
,1,1x973x3042x11491,36.0,1756.2,74.76,158.62075999999996,10.75317096710205,linear
,1,1x922x4040x16186,55.0,1680.0,76.0,148.73063999999997,18.258016204833986,linear
,1,1x972x3835x8533,60.44,1697.4,83.4,137.70307999999994,10.019513511657715,linear
,1,1x912x3756x28189,54.84,1580.4,85.2,139.68544,31.022777557373047,linear
,1,1x938x4071x26335,73.44,1402.8,85.44,137.19799999999995,35.67304306030273,linear
,1,1x953x2515x23813,73.44,1636.8,77.44,131.29712000000004,17.05917434692383,linear
,1,1x981x2503x39708,59.4,1447.8,84.72,132.77603999999997,32.44740447998047,linear
,1,1x670x3538x54697,65.56,1509.0,83.72,131.388,42.05234603881836,linear
,1,1x785x3574x59967,74.36,1405.2,83.64,134.00331999999997,59.601618957519534,linear
,1,1x966x5289x6,74.6,1825.8,86.0,103.82356000000001,0.14950400590896606,linear
,1,1x815x7531x206,83.0,1860.0,86.0,80.14556000000002,0.48235520124435427,linear
,1,1x715x6567x44,83.0,1860.0,78.96,93.45047999999996,0.16593919992446898,linear
,1,1x777x6074x412,83.0,1860.0,78.0,90.49200000000005,0.7970047950744629,linear
,1,1x977x6873x377,83.0,1875.0,78.0,93.40192,0.8221951961517334,linear
,1,1x613x5297x474,83.0,1875.0,74.96,98.38755999999995,0.5138367891311646,linear
,1,1x917x6257x1023,83.0,1868.4,74.0,106.62504000000003,1.7768831729888916,linear
,1,1x979x7974x546,57.0,1875.0,74.0,128.87280000000007,1.4752832174301147,linear
,1,1x825x7164x823,18.0,1875.0,75.8,125.63148,1.5302847862243651,linear
,1,1x515x5099x1739,18.0,1875.0,77.0,139.2691199999999,1.4965823888778687,linear
,1,1x973x7775x1330,18.0,1844.4,77.0,141.98744000000002,3.197689580917358,linear
,1,1x538x6627x1278,18.0,1798.8,78.0,125.26827999999995,1.4540287971496582,linear
,1,1x967x4790x3361,18.0,1813.2,78.0,133.20156000000003,4.661036777496338,linear
,1,1x606x5036x2455,39.0,1867.2,78.0,133.93008000000003,2.2929792404174805,linear
,1,1x698x4319x2288,39.0,1865.4,78.0,146.73139999999995,2.1299519538879395,linear
,1,1x758x6034x8135,39.0,1766.4,81.04,140.75068,10.64835205078125,linear
,1,1x532x6301x4928,47.28,1766.4,83.0,158.85688000000005,5.413542366027832,linear
,1,1x946x7797x4439,48.0,1708.2,82.84,143.16311999999996,9.589900588989257,linear
,1,1x801x4469x10837,44.0,1689.6,83.72,133.80424000000002,12.027334403991699,linear
,1,1x976x6333x12222,49.52,1561.8,84.8,139.81235999999996,24.203564834594726,linear
,1,1x936x8102x14628,85.64,1526.4,87.12,145.50892000000002,69.2715072631836,linear
,1,1x986x7131x22708,85.28,1434.0,82.32,129.08067999999997,50.350303649902344,linear
,1,1x884x4398x25584,78.28,1470.0,82.96,132.30588,31.436390686035157,linear
,1,1x644x4629x20560,62.8,1491.0,81.04,132.82767999999996,20.6521915435791,linear
,1,1x929x6341x40745,90.04,1522.8,86.04,147.41784000000004,147.28936462402345,linear
,1,1x712x6838x38130,93.92,1390.8,84.92,129.87843999999996,65.49688262939453,linear
,1,1x1004x7635x34343,91.88,1371.6,85.4,125.61995999999999,94.39539947509766,linear
,1,1x1220x229x64,97.0,1806.6,82.0,90.92515999999998,0.022649600356817245,linear
,1,1x1159x53x29,97.0,1875.0,82.0,74.87808000000001,0.010169599950313569,linear
,1,1x1232x174x14,97.0,1875.0,77.84,72.86607999999995,0.014579199999570847,linear
,1,1x2010x228x352,97.0,1885.8,74.0,70.79500000000002,0.07185920029878616,linear
,1,1x1657x176x406,97.0,1890.0,74.0,70.47175999999996,0.06727039963006973,linear
,1,1x1724x97x500,22.2,1890.0,72.24,69.95100000000001,0.05185280069708824,linear
,1,1x1032x115x748,12.0,1890.0,70.0,70.43800000000005,0.04505600035190582,linear
,1,1x1176x184x543,12.0,1890.0,70.0,70.39100000000002,0.055404800176620486,linear
,1,1x1473x135x691,12.0,1890.0,70.0,70.45499999999998,0.07170560210943222,linear
,1,1x1718x108x1649,12.0,1890.0,70.0,71.10899999999998,0.14842239916324615,linear
,1,1x1799x192x1676,12.0,1890.0,68.0,75.00199999999997,0.2369152009487152,linear
,1,1x1453x42x1988,12.0,1901.4,68.0,67.56300000000005,0.10761599987745285,linear
,1,1x1574x206x2198,12.0,718.2,68.0,63.65140000000005,0.48435199856758115,linear
,1,1x1546x44x2599,8.6,606.6,64.0,41.297719999999984,0.33755520582199094,linear
,1,1x1862x189x4086,7.0,559.8,64.0,40.27691999999998,1.661580777168274,linear
,1,1x1185x142x5962,7.0,555.0,61.12,41.90543999999999,1.237343978881836,linear
,1,1x1415x71x6236,7.0,553.8,60.0,42.32431999999997,0.9943423867225647,linear
,1,1x1454x243x6011,7.0,540.0,60.0,43.799279999999996,2.3251391887664794,linear
,1,1x1792x72x10295,16.2,540.0,59.0,44.59231999999997,1.9077759981155396,linear
,1,1x1090x72x10711,30.0,540.0,59.0,45.15339999999998,1.2702847957611083,linear
,1,1x1648x48x11001,30.0,525.0,58.68,41.99603999999997,1.6164672136306764,linear
,1,1x1621x36x31283,30.0,525.0,58.0,46.32028000000001,4.30962553024292,linear
,1,1x1165x200x23150,32.24,697.8,58.0,52.06128,4.645478343963623,linear
,1,1x1317x229x18481,44.0,1063.2,58.0,58.475400000000015,3.20033917427063,linear
,1,1x1825x90x59969,44.0,1639.2,60.0,90.66523999999998,4.999110317230224,linear
,1,1x1622x35x47007,44.0,1899.0,63.84,93.29555999999997,2.5613375663757325,linear
,1,1x1116x237x34519,41.36,1879.2,68.0,118.68200000000004,3.2549376487731934,linear
,1,1x1694x494x249,41.0,1896.6,69.12,125.72299999999997,0.08614400029182434,linear
,1,1x1387x407x64,41.0,1905.0,70.0,69.00099999999999,0.03235200047492981,linear
,1,1x1930x281x53,41.0,1905.0,70.0,65.89799999999997,0.02638079933822155,linear
,1,1x1212x265x472,41.0,1905.0,70.0,65.84300000000002,0.0708543986082077,linear
,1,1x1694x422x354,41.0,1905.0,68.24,67.28848000000002,0.1062527984380722,linear
,1,1x1672x263x456,41.0,1905.0,66.0,69.32200000000003,0.09719679951667785,linear
,1,1x1233x344x770,41.0,1905.0,66.0,68.92980000000001,0.1274623990058899,linear
,1,1x1808x376x526,37.4,1905.0,66.0,70.02019999999999,0.13855359852313995,linear
,1,1x1632x360x668,11.0,1905.0,65.8,70.49492000000002,0.15622400045394896,linear
,1,1x1073x374x1703,11.0,1905.0,65.0,72.39579999999995,0.23943680226802827,linear
,1,1x2031x292x1419,11.0,1905.0,65.0,75.72900000000001,0.3166528046131134,linear
,1,1x1361x358x1526,11.0,1674.6,65.0,77.72299999999997,0.26004480123519896,linear
,1,1x1798x342x3977,11.0,945.0,63.48,57.547999999999995,1.5620160102844238,linear
,1,1x1551x451x3948,11.0,916.2,63.0,45.02304000000001,1.7598464012145996,linear
,1,1x1033x263x3581,14.8,878.4,59.16,37.36895999999998,0.6815168023109436,linear
,1,1x1813x340x5688,16.0,835.2,59.0,44.67488000000003,2.3990399837493896,linear
,1,1x1765x271x5308,16.0,825.0,59.0,46.9988,1.822150421142578,linear
,1,1x1411x473x5455,16.0,825.0,59.0,49.35612000000001,2.577894401550293,linear
,1,1x1840x414x8298,16.0,921.0,59.0,53.044080000000015,3.6603456020355223,linear
,1,1x1406x325x11437,33.28,1090.2,59.0,57.911119999999976,2.89782395362854,linear
,1,1x1927x312x10914,40.0,1185.6,59.24,62.166360000000005,3.2115264415740965,linear
,1,1x1231x261x18385,40.0,1265.4,60.0,66.97700000000002,2.9113343715667725,linear
,1,1x1714x446x27626,40.0,1651.2,63.0,95.01812000000001,6.805452919006347,linear
,1,1x1309x270x20412,49.0,1902.0,66.96,111.28851999999999,2.477824020385742,linear
,1,1x1691x484x48075,49.0,1779.6,71.4,148.372,13.009759902954102,linear
,1,1x1286x511x38476,45.0,1798.8,76.44,140.43068,8.611366462707519,linear
,1,1x1915x271x43270,45.0,1780.8,79.0,160.73552,7.872422409057617,linear
,1,1x1157x864x194,48.8,1877.4,76.2,69.9756,0.10217600017786026,linear
,1,1x1262x889x66,50.0,1890.0,72.0,70.59099999999995,0.06561920046806335,linear
,1,1x1243x917x5,50.0,1890.0,72.0,72.22299999999997,0.03696640059351921,linear
,1,1x1657x639x397,50.0,1900.2,71.04,72.32984000000002,0.19415040016174318,linear
,1,1x2023x914x410,50.0,1905.0,69.0,70.42023999999998,0.28913919925689696,linear
,1,1x1424x916x306,50.0,1905.0,69.0,80.49299999999995,0.16241919994354248,linear
,1,1x1471x713x522,50.0,1905.0,69.0,76.23900000000002,0.22882559895515442,linear
,1,1x1265x859x957,5.0,1905.0,68.0,81.12799999999997,0.36655359864234927,linear
,1,1x1974x904x794,5.0,1905.0,68.0,88.64083999999997,0.43579519987106324,linear
,1,1x1218x698x1811,5.0,1905.0,68.0,93.2192,0.5144767999649048,linear
,1,1x1155x640x1449,5.0,1905.0,68.0,92.24464000000002,0.3738752007484436,linear
,1,1x1550x548x1198,5.0,1905.0,68.8,88.86864000000003,0.36862080693244936,linear
,1,1x2029x833x3491,5.0,1789.8,69.0,107.52576000000006,1.8516351938247682,linear
,1,1x1593x644x3777,5.0,1425.0,69.0,91.47411999999994,1.594214391708374,linear
,1,1x1169x788x2838,5.0,1395.0,66.6,64.24036000000001,1.1259456157684327,linear
,1,1x1250x929x4637,21.0,1335.0,66.0,61.79464,2.1430592060089113,linear
,1,1x1800x620x5108,21.0,1302.6,63.12,55.96296,2.4932543277740478,linear
,1,1x1395x866x7395,21.0,1303.8,63.0,69.44563999999998,3.888716793060303,linear
,1,1x1881x981x11192,28.56,1554.6,64.0,95.14543999999997,6.104262351989746,linear
,1,1x1209x594x9449,42.0,1899.0,65.6,115.00435999999995,2.0782336235046386,linear
,1,1x1280x928x8420,42.0,1883.4,68.0,125.18139999999995,2.8993152141571046,linear
,1,1x1298x874x18053,42.0,1809.0,72.68,150.87952,6.342649650573731,linear
,1,1x1626x784x23366,40.0,1765.8,77.6,156.81416000000007,8.953977584838867,linear
,1,1x1636x875x19896,40.0,1762.2,77.12,134.18668,8.673446464538575,linear
,1,1x1866x639x64712,61.8,1569.6,82.56,145.93048000000002,27.438444900512696,linear
,1,1x1247x962x61562,63.8,1617.0,81.72,147.03907999999998,24.829484939575195,linear
,1,1x1833x944x54475,67.32,1461.6,85.08,136.78220000000002,32.88739204406738,linear
,1,1x1821x1294x57,85.0,1823.4,83.0,103.35755999999998,0.09208960086107254,linear
,1,1x1914x2008x149,85.0,1860.0,83.0,78.38000000000004,0.2751616060733795,linear
,1,1x1903x1431x243,85.0,1874.4,79.16,77.11843999999999,0.25516159534454347,linear
,1,1x1898x1061x359,46.0,1875.0,75.0,81.64628000000002,0.26254079937934877,linear
,1,1x1130x1648x313,46.0,1875.0,75.0,81.11992,0.2342783987522125,linear
,1,1x1683x1459x403,46.0,1875.0,75.0,82.2552,0.37593600153923035,linear
,1,1x1052x1291x852,46.0,1875.0,73.08,86.00400000000003,0.39317761063575746,linear
,1,1x1415x1420x969,46.0,1875.0,72.0,86.44900000000001,0.6434559941291809,linear
,1,1x1736x1774x972,46.0,1875.0,72.0,101.60899999999997,0.98160640001297,linear
,1,1x1414x1839x2038,46.0,1875.0,72.0,126.34456000000009,1.6544511795043946,linear
,1,1x1043x1957x1555,46.0,1875.0,75.0,119.25191999999996,1.0384640216827392,linear
,1,1x1593x1297x1578,18.0,1875.0,75.0,123.16139999999994,1.0420415878295899,linear
,1,1x1628x1689x2283,18.0,1845.0,75.0,122.9492,1.9471232175827027,linear
,1,1x1476x1689x3149,18.0,1727.4,74.04,123.88467999999993,2.621152067184448,linear
,1,1x1965x1403x2770,18.0,1740.0,74.0,110.45911999999997,2.4645312309265135,linear
,1,1x1172x1898x6106,18.0,1768.8,74.68,128.44815999999994,4.058963203430176,linear
,1,1x1295x1533x4781,32.08,1862.4,75.0,139.66183999999998,2.994169569015503,linear
,1,1x1654x1704x8020,40.0,1774.2,79.2,156.41163999999995,6.589350414276123,linear
,1,1x1027x1484x8586,40.0,1835.4,80.32,129.13019999999997,4.034803104400635,linear
,1,1x1484x1233x12810,43.36,1763.4,81.72,146.42415999999994,7.238553714752197,linear
,1,1x1895x1332x13133,46.0,1693.8,82.96,137.66612,9.976076698303222,linear
,1,1x1327x1824x31022,56.84,1570.2,82.24,140.28700000000003,23.906732940673827,linear
,1,1x1678x2037x30273,54.92,1576.2,82.28,129.714,33.29555168151855,linear
,1,1x1888x1474x19244,53.0,1676.4,83.4,139.19815999999994,16.441561698913574,linear
,1,1x1310x1628x62941,68.72,1446.6,83.96,134.35660000000001,45.107443237304686,linear
,1,1x1786x1135x39716,62.04,1527.0,84.48,146.52108,25.542419052124025,linear
,1,1x1331x1398x63555,76.16,1511.4,80.44,131.85396,38.93429107666016,linear
,1,1x1380x2705x6,64.0,1742.4,81.0,78.73579999999995,0.1081727996468544,linear
,1,1x1458x3689x29,64.0,1725.0,81.0,64.97500000000002,0.17251839637756347,linear
,1,1x1893x2846x139,44.0,1725.0,76.6,61.76500000000003,0.4440064013004303,linear
,1,1x1047x3315x353,44.0,1725.0,71.0,72.36120000000004,0.44688640236854554,linear
,1,1x1042x3509x401,44.0,1725.0,71.0,62.08659999999998,0.5987583994865417,linear
,1,1x1073x3614x501,44.0,1725.0,70.12,74.20640000000002,0.6540800094604492,linear
,1,1x1724x3881x647,44.0,1725.0,69.0,83.7116,1.7065792083740234,linear
,1,1x1055x2633x829,44.0,1725.0,69.0,101.84136000000004,0.790995192527771,linear
,1,1x1207x2340x696,44.0,1725.0,69.0,83.12015999999998,0.6899904012680054,linear
,1,1x1862x2577x1927,24.8,1725.0,69.0,99.74851999999996,3.1327616214752196,linear
,1,1x1240x3239x1794,20.0,1743.0,69.0,108.5248,2.560268783569336,linear
,1,1x1200x2787x1246,20.0,1755.0,70.04,99.99868000000001,1.361235213279724,linear
,1,1x1595x3910x2205,20.0,1782.0,71.0,127.99092000000002,4.135078430175781,linear
,1,1x1135x2915x2142,20.0,1885.8,71.44,123.91663999999996,2.217535972595215,linear
,1,1x1884x2925x3111,37.0,1830.0,72.0,149.67319999999998,5.199379253387451,linear
,1,1x1354x3838x7002,37.0,1715.4,79.16,149.09864000000007,11.539519882202148,linear
,1,1x1673x2514x7426,53.56,1695.0,82.84,154.63660000000002,9.595602989196777,linear
,1,1x1467x3474x5815,60.0,1732.2,82.12,140.81332000000003,8.788409614562989,linear
,1,1x1745x3491x15170,45.68,1507.2,85.96,139.91684000000004,30.237766647338866,linear
,1,1x1605x2455x9628,86.0,1644.0,84.28,132.32483999999994,12.362624168395996,linear
,1,1x1481x3911x14436,66.64,1414.2,85.76,131.95376000000002,28.644467163085938,linear
,1,1x1573x3132x26457,87.52,1398.0,83.96,133.97624,44.44221420288086,linear
,1,1x1905x3039x29209,91.4,1354.8,85.64,130.89223999999996,63.13280715942383,linear
,1,1x1228x2566x20263,88.84,1518.0,86.68,135.24724,20.752927780151367,linear
,1,1x1186x3615x34426,78.4,1389.6,80.92,132.38932,50.38284149169922,linear
,1,1x1588x2388x42191,75.12,1411.2,85.88,141.20752,54.35243453979492,linear
,1,1x2037x3529x46398,89.8,1386.0,83.96,131.34816000000004,110.7327880859375,linear
,1,1x1948x5416x93,94.0,1680.0,86.0,111.00128000000001,0.4771712005138397,linear
,1,1x1419x4339x12,86.72,1867.2,76.0,68.56271999999998,0.18718079924583436,linear
,1,1x1585x8042x103,68.0,1875.0,76.0,76.68399999999998,0.5323071956634522,linear
,1,1x1829x4939x416,68.0,1890.0,75.52,90.59199999999996,1.4301312208175658,linear
,1,1x1747x7160x289,68.0,1890.0,75.0,115.26520000000002,1.2329023838043214,linear
,1,1x1904x5620x440,68.0,1890.0,75.0,129.067,1.6254655838012695,linear
,1,1x1462x7909x842,68.0,1876.2,77.8,129.1737600000001,2.9335039138793944,linear
,1,1x1680x5720x714,24.0,1872.0,80.0,122.30943999999994,2.226233625411987,linear
,1,1x1509x4271x804,24.0,1875.0,79.48,143.9264,1.6952127933502197,linear
,1,1x1219x7497x1641,24.0,1795.8,79.0,126.59747999999995,4.486278343200683,linear
,1,1x1273x7160x1235,24.0,1800.0,77.0,131.245,3.3774399757385254,linear
,1,1x1780x4137x1132,34.08,1862.4,77.0,133.80504000000002,2.422918462753296,linear
,1,1x1968x5079x2566,38.0,1728.6,81.24,158.03640000000004,15.313062286376953,linear
,1,1x1213x6258x3262,41.96,1676.4,84.0,151.46048000000002,7.7880512237548825,linear
,1,1x1813x5636x4046,71.0,1527.0,83.24,141.59099999999998,13.18661117553711,linear
,1,1x1951x5760x7375,74.68,1536.0,87.12,146.10183999999998,48.725100708007815,linear
,1,1x1058x7872x5629,90.6,1456.2,86.32,120.87207999999995,14.919577598571777,linear
,1,1x1837x7626x6830,73.4,1623.6,85.96,144.86436,58.66828155517578,linear
,1,1x1386x6357x16280,79.0,1409.4,86.04,129.94636000000003,50.192403411865236,linear
,1,1x1231x6353x11903,88.08,1407.0,86.04,128.20351999999994,31.843648147583007,linear
,1,1x1614x4122x9737,90.0,1399.2,86.04,131.73028000000005,22.847238540649414,linear
,1,1x1051x7984x30407,93.16,1475.4,87.16,143.58712,150.2765106201172,linear
,1,1x1992x4993x17865,83.8,1480.2,83.96,130.27636,55.29787368774414,linear
,1,1x1552x8082x24692,94.88,1474.2,87.48,142.00235999999998,199.0267303466797,linear
,1,1x1476x5257x56178,96.32,1371.6,86.76,131.71559999999997,163.1247528076172,linear
,1,1x1383x6270x55630,92.6,1361.4,85.32,132.92484000000002,169.33462524414062,linear
,1,1x1615x4999x33315,84.6,1410.6,85.28,132.15016000000003,90.31237182617187,linear
,1,1x3908x21x112,96.0,1812.0,83.52,93.94663999999995,0.018732799962162972,linear
,1,1x3483x146x80,96.0,1860.0,81.0,75.99199999999998,0.034854400902986526,linear
,1,1x3631x217x205,96.0,1874.4,81.0,73.87300000000003,0.08898559957742691,linear
,1,1x2866x155x413,96.0,1875.0,73.0,73.71299999999998,0.10444799810647964,linear
,1,1x3499x219x495,96.0,1875.0,73.0,74.48299999999996,0.15991679728031158,linear
,1,1x3250x28x458,96.0,1875.0,73.0,77.61200000000002,0.0556864008307457,linear
,1,1x3239x247x852,96.0,1875.0,73.0,71.76600000000002,0.256415992975235,linear
,1,1x4035x103x630,13.0,1890.0,70.0,69.164,0.13547520339488983,linear
,1,1x2276x63x820,13.0,1890.0,70.0,67.62688000000001,0.08372479826211929,linear
,1,1x3034x88x1435,13.0,1890.0,70.0,69.02948,0.19038720428943634,linear
,1,1x3756x218x1328,13.0,1890.0,69.68,75.28099999999996,0.41974400281906127,linear
,1,1x3965x235x1592,13.0,1890.0,69.0,86.48600000000005,0.5383999824523926,linear
,1,1x2622x143x3289,13.0,1890.0,69.0,95.29800000000002,0.5041983962059021,linear
,1,1x2233x16x2700,13.0,1005.0,69.0,77.02468000000003,0.24706559777259826,linear
,1,1x2312x32x3074,10.44,997.8,66.28,49.65615999999999,0.326828795671463,linear
,1,1x2867x101x6165,9.0,897.0,65.0,42.7532,1.5072320222854614,linear
,1,1x2185x72x4139,9.0,869.4,62.92,44.610079999999996,0.6136512041091919,linear
,1,1x2324x225x7599,9.0,855.0,61.0,48.137079999999976,3.054035186767578,linear
,1,1x2966x149x12311,9.0,997.8,61.0,55.22848000000001,3.5898367881774904,linear
,1,1x3978x135x8684,33.0,1197.0,61.0,62.799760000000035,2.7287487983703613,linear
,1,1x4070x38x8772,33.0,1215.0,61.08,63.360720000000036,1.3683520317077638,linear
,1,1x3483x221x32034,33.0,1602.0,63.08,109.57083999999995,9.46366081237793,linear
,1,1x2561x221x30371,48.2,1816.8,71.0,141.55380000000005,6.444985580444336,linear
,1,1x2425x6x23827,53.0,1888.8,73.0,125.93908000000009,1.9281152009963989,linear
,1,1x3335x180x48775,53.0,1753.2,73.0,149.96027999999995,11.296608161926269,linear
,1,1x3865x155x56816,54.0,1713.6,77.8,164.06244000000004,14.681599807739257,linear
,1,1x2610x119x52753,54.44,1779.0,82.0,137.24420000000012,7.349171257019043,linear
,1,1x3156x399x197,65.0,1841.4,80.72,123.39896000000003,0.11454720050096512,linear
,1,1x2891x451x95,65.0,1860.0,80.0,80.68272,0.07255680114030838,linear
,1,1x3800x286x56,65.0,1884.6,80.0,71.60999999999996,0.047014400362968445,linear
,1,1x3172x300x384,65.0,1890.0,80.0,71.645,0.14280319809913636,linear
,1,1x3132x348x484,65.0,1890.0,71.0,76.84712000000002,0.19309439957141877,linear
,1,1x3181x417x289,65.0,1890.0,71.0,77.5258,0.1728320002555847,linear
,1,1x2517x276x701,65.0,1890.0,71.0,78.12888000000001,0.18928639888763427,linear
,1,1x2496x296x967,57.92,1904.4,70.28,75.93328000000001,0.2565439999103546,linear
,1,1x3386x441x856,6.0,1905.0,69.0,73.35699999999999,0.4195712089538574,linear
,1,1x2915x417x1729,6.0,1905.0,69.0,92.66287999999999,0.7117695927619934,linear
,1,1x3855x419x1576,6.0,1905.0,69.36,107.57792,0.8658431887626648,linear
,1,1x3728x442x1188,6.0,1905.0,72.0,93.86996000000003,0.6634495973587036,linear
,1,1x3115x403x3448,6.0,1369.2,72.0,98.42140000000003,1.3795967817306518,linear
,1,1x2543x471x3127,6.0,1190.4,68.88,63.00280000000001,1.8271104097366333,linear
,1,1x2571x462x3037,17.52,1179.6,66.0,60.685600000000015,1.7258496046066285,linear
,1,1x3233x501x5199,22.0,1177.8,64.32,62.05328000000002,3.9329920291900633,linear
,1,1x3000x409x8138,22.0,1309.2,63.0,73.47652,3.5421376705169676,linear
,1,1x3188x417x4911,22.0,1725.0,65.52,93.25075999999996,2.3584640502929686,linear
,1,1x2483x375x12758,35.44,1791.0,66.0,96.38383999999998,3.7942463397979735,linear
,1,1x3203x475x15481,43.0,1805.4,72.0,134.03704,7.567827224731445,linear
,1,1x2526x438x9488,43.0,1854.0,74.88,149.83831999999995,3.328275203704834,linear
,1,1x3349x354x17552,44.68,1775.4,76.92,163.24548000000004,7.307135963439942,linear
,1,1x3206x324x22891,45.0,1729.2,83.16,157.43072,8.345484924316406,linear
,1,1x3010x435x32252,54.6,1686.6,85.04,140.14728000000005,14.05361270904541,linear
,1,1x2509x404x60267,63.84,1508.4,85.8,136.57636000000008,22.313561630249023,linear
,1,1x4030x507x59770,81.72,1395.0,84.24,128.14248000000003,44.2304573059082,linear
,1,1x3859x474x58896,79.84,1377.0,86.08,130.03988,42.133087921142575,linear
,1,1x2893x625x169,86.0,1859.4,85.0,66.56803999999998,0.1506048023700714,linear
,1,1x2692x918x118,86.0,1875.0,76.0,76.69900000000003,0.12101759910583496,linear
,1,1x3678x1009x22,55.0,1885.2,76.0,74.34588000000002,0.1022527977824211,linear
,1,1x3154x599x296,55.0,1890.0,76.0,72.028,0.21407999694347382,linear
,1,1x3286x793x491,55.0,1890.0,73.12,82.15275999999996,0.43546239733695985,linear
,1,1x3213x763x452,55.0,1890.0,72.0,92.20391999999997,0.39046400785446167,linear
,1,1x4001x624x831,55.0,1890.0,72.0,91.04240000000006,0.6762752056121826,linear
,1,1x3001x573x1018,55.0,1890.0,72.0,98.35400000000001,0.5791167974472046,linear
,1,1x4096x833x754,55.0,1890.0,72.0,98.59099999999995,0.8222784042358399,linear
,1,1x2729x715x1921,55.0,1890.0,72.0,114.79116000000003,1.1979968070983886,linear
,1,1x3832x814x1580,14.0,1890.0,72.0,129.17071999999996,1.4949440002441405,linear
,1,1x2603x681x1995,14.0,1890.0,74.24,120.23199999999999,1.1077503919601441,linear
,1,1x3927x851x2436,14.0,1863.6,76.0,139.94044000000008,2.532249641418457,linear
,1,1x3301x889x3700,14.0,1838.4,76.48,135.96547999999993,3.320499229431152,linear
,1,1x3401x796x3988,14.0,1844.4,79.0,137.22080000000008,3.3191295623779298,linear
,1,1x2367x566x5219,33.32,1874.4,79.0,133.55172000000002,2.1258623600006104,linear
,1,1x3325x837x4737,37.0,1843.8,80.0,132.93499999999997,3.9830591678619385,linear
,1,1x2152x887x7915,37.0,1832.4,81.2,153.23716000000005,4.477177715301513,linear
,1,1x2071x830x13574,38.92,1731.6,82.88,142.75719999999998,7.583820819854736,linear
,1,1x2283x544x15906,40.0,1690.2,84.08,145.71188000000004,6.7368895530700685,linear
,1,1x3767x635x9111,40.0,1656.6,85.52,126.30115999999998,7.369299221038818,linear
,1,1x3700x939x18399,54.0,1593.0,85.24,137.61559999999997,20.092678451538085,linear
,1,1x2062x831x25355,62.0,1459.2,86.0,134.84091999999995,17.03364486694336,linear
,1,1x3349x533x21933,67.76,1477.2,86.0,129.67388,14.9158145904541,linear
,1,1x3224x695x51051,81.92,1383.0,87.0,131.97195999999997,44.42726364135742,linear
,1,1x2427x1014x56044,87.6,1394.4,86.96,131.07583999999997,49.67253723144531,linear
,1,1x3450x788x38716,90.8,1398.6,86.4,124.94524000000001,37.77326126098633,linear
,1,1x3573x1798x18,88.0,1842.6,81.0,76.30051999999999,0.19748480319976808,linear
,1,1x3303x1358x240,88.0,1845.0,81.0,73.89076000000003,0.38378880023956297,linear
,1,1x3692x1639x21,46.0,1845.0,74.16,74.28712000000004,0.1587776005268097,linear
,1,1x2581x1707x284,46.0,1845.0,72.0,68.89899999999996,0.4970304012298584,linear
,1,1x3283x1654x298,46.0,1845.0,72.0,89.05600000000003,0.5861760020256043,linear
,1,1x2458x1989x458,46.0,1845.0,72.0,94.81003999999999,0.773145592212677,linear
,1,1x3208x1894x916,46.0,1845.0,72.0,104.71528,1.9007871866226196,linear
,1,1x2365x1496x654,46.0,1845.0,72.0,136.9180000000001,0.7278975963592529,linear
,1,1x3216x1662x909,46.0,1845.0,72.0,111.00628000000005,1.7378879547119142,linear
,1,1x3705x1050x1354,21.0,1845.0,73.84,117.76424000000003,1.625209593772888,linear
,1,1x2523x1947x1788,21.0,1843.8,74.0,131.25292,2.5831679821014406,linear
,1,1x2858x1956x1915,21.0,1852.2,75.4,145.3192,3.0440383911132813,linear
,1,1x3431x1631x2145,21.0,1851.0,79.0,126.31979999999997,3.589951992034912,linear
,1,1x2198x1836x3067,27.48,1842.0,78.08,127.03276000000001,3.565599966049194,linear
,1,1x2215x1181x3386,39.0,1830.0,78.0,119.85215999999997,2.7284351348876954,linear
,1,1x3101x1187x7647,39.0,1717.8,80.0,161.71868,8.896025657653809,linear
,1,1x3182x1118x7362,43.48,1704.6,83.04,132.07972,8.006783962249756,linear
,1,1x3352x1223x5910,55.0,1665.6,84.88,157.40256000000002,7.460211086273193,linear
,1,1x3453x1722x13430,59.08,1404.6,84.04,126.02771999999999,25.92166404724121,linear
,1,1x4041x1732x9554,72.4,1603.2,81.48,142.15876,20.41937255859375,linear
,1,1x3750x1072x12844,74.32,1462.2,84.92,124.82688000000002,17.07624282836914,linear
,1,1x2780x1350x29528,80.2,1493.4,85.16,126.02732,34.264333724975586,linear
,1,1x4075x1975x25765,76.44,1435.8,84.84,130.62456,68.47882232666015,linear
,1,1x3762x1865x22574,88.32,1398.0,85.76,126.84867999999999,51.28807754516602,linear
,1,1x2142x1822x45419,85.68,1377.0,87.08,130.99800000000002,65.13542404174805,linear
,1,1x2896x1969x62862,95.2,1365.6,86.0,127.55771999999999,128.3484359741211,linear
,1,1x2181x1857x63584,79.8,1465.2,84.56,123.1454,87.08849334716797,linear
,1,1x3537x3685x226,73.0,1858.2,84.0,82.41083999999996,0.973030400276184,linear
,1,1x4025x2909x136,73.0,1874.4,75.0,80.26172,0.7638080000877381,linear
,1,1x3105x3176x19,73.0,1875.0,75.0,101.79795999999999,0.298553603887558,linear
,1,1x3850x3256x336,48.4,1875.0,75.0,99.70628,1.3656960010528565,linear
,1,1x3540x3711x501,32.0,1873.2,76.76,128.57583999999994,1.997446393966675,linear
,1,1x2107x2314x432,32.0,1862.4,79.0,132.1013200000001,0.6994239926338196,linear
,1,1x2984x2878x885,32.0,1875.0,79.0,115.81256000000002,2.322137641906738,linear
,1,1x2797x3052x746,32.0,1864.8,79.56,147.74576000000008,1.8718528032302857,linear
,1,1x2981x3048x1001,32.0,1858.2,80.0,139.56780000000003,2.6744064331054687,linear
,1,1x2458x2929x2022,34.16,1817.4,79.4,126.57555999999997,4.334675312042236,linear
,1,1x2772x3395x2014,35.0,1770.0,79.0,127.44551999999993,5.675084781646729,linear
,1,1x3356x3976x2040,35.48,1695.0,79.28,156.08171999999996,7.904396915435791,linear
,1,1x2922x3307x3299,47.0,1588.8,85.68,138.45948,10.360057830810547,linear
,1,1x2692x3382x3989,49.0,1470.6,84.64,136.88263999999998,10.931539344787598,linear
,1,1x3891x3310x3791,52.0,1494.0,87.28,139.62027999999998,16.041369819641112,linear
,1,1x2903x3097x6511,75.92,1440.6,84.32,130.14211999999998,19.296134185791015,linear
,1,1x3044x2706x6763,74.4,1485.0,84.6,123.29272,17.801683044433595,linear
,1,1x3179x3562x7686,70.84,1551.0,85.36,138.11988000000002,27.036191940307617,linear
,1,1x3844x3053x13564,79.56,1337.4,86.68,130.15916,57.72394943237305,linear
,1,1x2981x3936x14127,79.52,1398.6,84.12,128.36263999999997,56.17832946777344,linear
,1,1x2295x3578x8458,78.0,1383.6,86.4,129.52824000000004,25.692550277709962,linear
,1,1x3967x2830x18779,81.76,1372.2,86.12,126.15416,67.4111701965332,linear
,1,1x3693x3252x16593,85.28,1402.8,86.36,130.554,66.37257766723633,linear
,1,1x3501x2674x22573,86.24,1374.0,83.32,130.14472,70.2304702758789,linear
,1,1x2991x2904x45987,90.64,1377.6,86.0,123.738,136.29478149414064,linear
,1,1x2153x3867x46438,81.96,1365.0,82.4,132.09028,122.13887481689453,linear
,1,1x2716x2907x40656,89.36,1368.0,85.32,129.42088,110.0536117553711,linear
,1,1x2115x4156x195,87.0,1753.2,87.84,93.69199999999996,0.6490047931671142,linear
,1,1x3979x4226x141,87.0,1680.0,84.0,76.72084000000001,1.229702401161194,linear
,1,1x2908x6497x191,72.2,1869.0,84.0,97.75852000000003,1.3036736011505128,linear
,1,1x2884x6604x463,50.0,1835.4,81.0,125.26256,2.780838394165039,linear
,1,1x3593x5487x337,50.0,1848.0,81.0,119.78892000000003,2.206374454498291,linear
,1,1x2599x4102x416,50.0,1827.0,85.0,141.50740000000005,1.537664008140564,linear
,1,1x2580x5265x743,50.0,1681.2,85.0,130.64416000000003,3.190783977508545,linear
,1,1x3141x5175x848,34.36,1683.6,85.0,129.3647200000001,4.569875240325928,linear
,1,1x2712x7347x843,33.0,1750.8,78.6,112.77635999999997,5.189670372009277,linear
,1,1x3193x6860x1715,34.6,1557.6,83.16,134.79967999999997,11.315948677062988,linear
,1,1x2566x4871x1490,35.0,1555.2,83.0,132.09927999999996,5.9359231948852536,linear
,1,1x2847x5257x1479,52.28,1541.4,77.48,105.87739999999998,7.64522876739502,linear
,1,1x2975x5342x3785,60.04,1574.4,85.12,143.65768000000003,19.931699371337892,linear
,1,1x2050x4710x3078,72.0,1602.0,80.84,122.17067999999996,15.921279907226562,linear
,1,1x3765x7300x2841,63.72,1470.0,85.4,130.4224,25.44804458618164,linear
,1,1x3177x6779x4185,73.04,1419.6,88.56,128.2802,29.65278091430664,linear
,1,1x3163x4432x7222,85.72,1393.8,86.44,133.63668,35.38215103149414,linear
,1,1x4074x7639x7551,92.4,1330.8,87.4,134.90068000000002,83.71189727783204,linear
,1,1x4037x6085x16302,93.2,1336.8,86.84,132.99824,146.2554138183594,linear
,1,1x3026x7051x15104,88.8,1393.2,85.92,136.57784,113.65384368896484,linear
,1,1x3396x4906x12981,81.44,1385.4,85.64,134.07000000000002,74.42382049560547,linear
,1,1x3925x6252x21647,97.08,1348.2,86.88,136.1874,197.16156921386718,linear
,1,1x2463x4837x29690,96.2,1297.2,85.92,131.35536000000002,133.0895034790039,linear
,1,1x2739x6741x16906,92.56,1303.8,85.0,128.41028000000003,106.50333404541016,linear
,1,1x2646x6883x55955,96.12,1338.6,85.8,131.64732,393.4623657226563,linear
,1,1x3170x4312x65176,91.68,1368.6,85.08,127.04964,324.7806335449219,linear
,1,1x3846x7492x45367,96.88,1325.4,86.04,129.38404,513.2918518066406,linear
,1,1x7022x40x69,97.0,1681.2,86.0,67.75595999999999,0.02869120053946972,linear
,1,1x4532x236x225,97.0,1838.4,85.12,62.075000000000024,0.11880960166454316,linear
,1,1x4632x142x130,97.0,1845.0,75.0,73.80999999999996,0.06375040113925934,linear
,1,1x5278x162x260,97.0,1845.0,75.0,71.07807999999999,0.13685120046138763,linear
,1,1x8151x62x426,97.0,1845.0,75.0,66.49791999999997,0.16232320070266723,linear
,1,1x7006x91x477,97.0,1845.0,72.2,70.51399999999995,0.1707775980234146,linear
,1,1x4867x132x533,97.0,1845.0,70.0,72.02600000000001,0.17628160119056702,linear
,1,1x7167x36x689,4.0,1845.0,70.0,71.91100000000004,0.1778048038482666,linear
,1,1x7743x16x552,4.0,1845.0,70.0,71.10200000000003,0.15118080377578735,linear
,1,1x7821x200x1942,4.0,1845.0,70.28,72.693,1.0983360052108764,linear
,1,1x4577x246x1227,4.0,1845.0,71.0,114.42000000000003,0.5035519957542419,linear
,1,1x7661x194x1193,4.0,1845.0,71.0,89.60627999999998,0.7229440093040467,linear
,1,1x5637x46x3306,4.0,1845.0,71.0,89.55163999999995,0.6522304058074951,linear
,1,1x7134x23x2927,4.0,1845.0,70.32,86.48415999999997,0.6964479923248291,linear
,1,1x5784x60x3238,4.0,1185.0,70.0,81.90108000000005,0.9085568070411683,linear
,1,1x6212x217x6634,19.0,1166.4,66.6,61.665040000000026,4.877536010742188,linear
,1,1x7336x22x7776,19.0,1209.0,65.0,62.127840000000035,1.8378496170043945,linear
,1,1x7359x146x6443,19.0,1283.4,64.24,71.79256000000001,3.752479982376099,linear
,1,1x8019x56x10018,19.0,1512.0,64.0,75.40220000000001,2.9466176509857176,linear
,1,1x4433x97x11640,43.0,1590.0,64.88,85.39315999999995,2.693407964706421,linear
,1,1x7210x79x12973,43.0,1800.0,65.0,111.40980000000003,3.826355218887329,linear
,1,1x5271x163x18243,43.0,1849.2,70.0,109.84779999999995,6.2811582565307615,linear
,1,1x7219x2x18299,46.84,1888.2,72.64,104.23188000000003,4.549932765960693,linear
,1,1x8115x129x27694,49.0,1768.8,77.56,152.69367999999997,12.478003120422363,linear
,1,1x7112x11x61063,57.64,1837.8,77.72,143.91876,14.930272102355957,linear
,1,1x7519x236x62411,71.88,1561.2,81.4,153.50752000000003,42.894534301757815,linear
,1,1x5691x187x63136,81.36,1427.4,87.32,134.5364,31.132614517211913,linear
,1,1x5730x368x173,82.0,1808.4,86.0,101.88323999999994,0.16283519864082335,linear
,1,1x5717x334x211,82.0,1714.8,86.0,76.16599999999995,0.19633280336856843,linear
,1,1x4529x426x47,82.0,1875.0,75.0,64.067,0.0791935995221138,linear
,1,1x5532x405x412,82.0,1875.0,75.0,74.164,0.3564736008644104,linear
,1,1x5298x484x306,68.0,1875.0,75.0,89.49299999999995,0.3084800004959106,linear
,1,1x4259x508x433,32.0,1875.0,75.0,86.68908000000005,0.34147840142250063,linear
,1,1x6491x299x876,32.0,1875.0,73.16,89.98908,0.5753023862838745,linear
,1,1x4523x379x826,32.0,1875.0,73.0,94.02492000000001,0.5079231977462768,linear
,1,1x4254x411x902,32.0,1875.0,73.0,94.28808,0.5634432077407837,linear
,1,1x5181x434x1560,32.0,1875.0,73.0,95.15299999999998,1.1520447969436645,linear
,1,1x6087x295x1387,32.0,1875.0,74.0,127.37399999999992,0.857260799407959,linear
,1,1x6807x311x1274,32.0,1875.0,74.0,104.90903999999995,0.894976019859314,linear
,1,1x4747x455x3361,26.72,1850.4,74.0,122.26716,2.319385623931885,linear
,1,1x5537x358x3127,21.0,1769.4,75.0,109.23752,2.1486719608306886,linear
,1,1x6435x368x3796,21.0,1762.2,75.0,111.29019999999993,2.954975986480713,linear
,1,1x4591x477x4751,21.0,1850.4,75.72,136.26212,3.389740800857544,linear
,1,1x8190x410x8103,27.96,1777.8,77.68,152.13027999999997,8.804172706604003,linear
,1,1x7901x488x5347,50.0,1803.6,82.04,136.91580000000005,6.310880088806153,linear
,1,1x5512x334x11206,48.88,1725.0,79.72,130.99635999999998,7.023027133941651,linear
,1,1x5393x412x12742,43.0,1668.0,83.0,141.73528,9.710617637634277,linear
,1,1x6745x501x12933,50.28,1512.0,87.0,133.85320000000004,15.805766296386718,linear
,1,1x5095x323x25622,69.0,1476.6,86.64,122.8926,15.832415962219239,linear
,1,1x6769x376x26626,75.72,1480.2,84.72,125.17908000000001,23.402572631835938,linear
,1,1x4255x417x19517,75.08,1701.6,81.0,119.58268000000004,11.824480056762695,linear
,1,1x5269x443x36637,53.48,1555.2,83.4,123.27799999999999,29.79362564086914,linear
,1,1x5735x353x40657,59.2,1508.4,87.08,134.57252000000005,30.963129806518555,linear
,1,1x6522x269x34657,76.84,1490.4,85.8,132.21236,25.177446365356445,linear
,1,1x7832x795x102,83.0,1742.4,87.0,86.04395999999997,0.30780800580978396,linear
,1,1x6679x897x14,83.0,1740.0,76.44,66.61800000000004,0.18267520070075988,linear
,1,1x4620x582x72,50.0,1740.0,76.0,64.40164,0.14362879991531372,linear
,1,1x8131x923x288,50.0,1740.0,74.0,64.84103999999999,0.8423232078552246,linear
,1,1x4295x566x372,50.0,1740.0,71.0,76.01099999999998,0.3154431939125061,linear
,1,1x4254x809x509,50.0,1740.0,71.0,70.64599999999997,0.5880320191383361,linear
,1,1x7112x681x919,50.0,1740.0,71.0,85.43479999999995,1.5548416137695313,linear
,1,1x6776x779x915,50.0,1740.0,71.0,101.36315999999994,1.6614975929260254,linear
,1,1x5781x717x818,37.6,1740.0,71.0,102.61852,1.1674431800842284,linear
,1,1x5579x854x1447,19.0,1740.0,71.0,101.604,2.3031295776367187,linear
,1,1x4099x544x1127,19.0,1740.0,71.0,110.98567999999999,0.8759039998054504,linear
,1,1x7563x894x1180,19.0,1627.8,71.0,96.74663999999996,2.9165631771087646,linear
,1,1x4345x1000x2764,19.0,1751.4,71.96,104.74040000000001,3.534611225128174,linear
,1,1x4630x920x3594,23.6,1845.0,73.0,148.97068,4.508691310882568,linear
,1,1x8022x720x3143,42.0,1838.4,75.0,136.50987999999998,5.382003211975098,linear
,1,1x7079x603x7105,42.0,1763.4,80.12,129.05840000000003,9.408851051330567,linear
,1,1x7926x868x6492,47.0,1702.2,83.72,141.70304000000002,13.808946990966797,linear
,1,1x5442x556x6910,47.0,1590.6,86.0,127.27288000000004,7.187155151367188,linear
,1,1x6183x681x11908,61.0,1443.6,85.44,135.02999999999997,17.377011108398438,linear
,1,1x7813x672x11278,75.28,1515.0,84.4,134.03852,20.279277038574218,linear
,1,1x4289x529x8702,78.0,1566.6,87.44,116.48588000000001,6.881299114227295,linear
,1,1x4183x820x27629,75.0,1457.4,83.48,124.98408,30.08149108886719,linear
,1,1x4351x774x31903,80.4,1417.8,87.24,130.43403999999998,38.57633895874024,linear
,1,1x4851x597x24425,78.0,1387.2,87.0,120.20228000000002,25.242297744750978,linear
,1,1x4874x523x41182,71.8,1358.4,85.48,133.05312000000004,35.53967971801758,linear
,1,1x7797x813x43434,92.76,1365.0,85.92,127.19951999999998,96.65812530517579,linear
,1,1x7269x693x57457,94.96,1367.4,87.08,125.57976000000001,112.18551635742188,linear
,1,1x5178x1073x225,97.0,1713.0,85.0,95.95120000000004,0.48801920413970945,linear
,1,1x4645x1158x45,97.0,1868.4,85.0,78.96796000000003,0.1964416027069092,linear
,1,1x7751x1789x135,97.0,1875.0,77.0,87.16220000000001,0.8826687932014465,linear
,1,1x4188x1786x287,97.0,1875.0,77.0,115.62307999999999,0.790995192527771,linear
,1,1x8015x2005x366,83.8,1872.6,77.0,114.62484000000002,1.7986751794815063,linear
,1,1x7484x1765x372,31.0,1874.4,80.0,141.35559999999995,1.5228928089141847,linear
,1,1x5937x1285x1003,31.0,1855.2,80.0,138.33555999999996,2.313164758682251,linear
,1,1x4424x1781x797,31.0,1863.6,81.68,99.54060000000007,2.027833604812622,linear
,1,1x6858x1211x1014,31.0,1840.2,82.0,120.29203999999994,2.5370496273040772,linear
,1,1x6606x1417x1711,29.24,1637.4,87.0,150.16907999999995,4.964537525177002,linear
,1,1x5517x1265x1621,29.0,1588.2,85.92,107.85332,3.8968960285186767,linear
,1,1x5295x1546x1172,29.0,1674.0,84.0,116.09559999999999,3.2544384002685547,linear
,1,1x5728x1569x2257,34.28,1676.4,84.0,137.23336,6.824518489837646,linear
,1,1x4543x1109x2336,51.0,1579.8,84.0,128.36252000000005,3.9855103969573973,linear
,1,1x6367x1607x3809,51.0,1413.6,85.2,120.49064000000004,12.290009689331054,linear
,1,1x5761x1060x5410,65.4,1582.8,83.44,136.84684,11.131347274780273,linear
,1,1x5902x1597x4976,67.28,1419.0,83.96,127.38227999999995,16.71564826965332,linear
,1,1x7722x1332x7246,74.4,1441.8,86.52,128.34508000000002,27.01667175292969,linear
,1,1x5780x1788x10560,80.44,1418.4,86.4,129.21844000000002,35.376921844482425,linear
,1,1x5988x1802x15888,89.56,1359.0,86.68,128.58199999999997,59.009088134765626,linear
,1,1x7745x1893x9658,84.64,1449.6,83.12,126.41256,45.58209381103516,linear
,1,1x4394x1806x28331,89.48,1356.6,86.6,125.97040000000001,81.7950927734375,linear
,1,1x5257x1917x25511,94.52,1342.2,86.4,126.57768,95.28437805175781,linear
,1,1x7564x1368x24126,86.88,1395.6,85.88,123.30579999999998,82.79953308105469,linear
,1,1x5627x1528x33342,86.56,1427.4,85.48,129.13044,93.960986328125,linear
,1,1x6078x1777x51071,94.48,1346.4,86.88,127.18516000000001,211.23501586914062,linear
,1,1x6449x1968x64878,95.88,1407.0,85.76,125.32316000000003,293.9741638183594,linear
,1,1x4698x3554x153,87.0,1866.6,81.0,74.14060000000005,1.11146240234375,linear
,1,1x7664x2651x231,87.0,1875.0,81.0,125.55112000000007,1.531046414375305,linear
,1,1x7907x3570x105,87.0,1851.6,82.0,128.21071999999995,1.116537618637085,linear
,1,1x7263x3824x296,87.0,1725.0,82.0,120.45360000000001,2.845088005065918,linear
,1,1x4926x2646x395,87.0,1813.2,82.56,113.84868000000002,1.7914240121841432,linear
,1,1x7111x2257x320,26.0,1866.6,83.0,100.65759999999999,1.749830412864685,linear
,1,1x5705x2430x906,26.0,1749.6,85.28,131.95052,4.509452819824219,linear
,1,1x5339x3797x774,27.44,1749.6,79.0,138.17171999999997,6.351436805725098,linear
,1,1x5032x2376x983,35.0,1813.2,80.92,89.7694,3.501235246658325,linear
,1,1x8056x3163x1697,37.24,1580.4,81.16,136.68840000000003,14.309209823608398,linear
,1,1x5352x2452x1768,42.0,1650.0,80.0,102.45099999999996,7.3122687339782715,linear
,1,1x7665x3711x1910,51.12,1608.0,79.36,142.141,17.498240280151368,linear
,1,1x5850x3709x3810,65.52,1468.8,83.48,128.45675999999995,25.652294158935547,linear
,1,1x4166x2663x3804,76.32,1406.4,84.0,107.29023999999998,13.668831825256348,linear
,1,1x4813x2214x2725,81.0,1681.8,82.68,120.03831999999998,9.225087928771973,linear
,1,1x6286x3242x4684,56.4,1491.6,81.52,114.80328,28.82782745361328,linear
,1,1x6871x2715x7969,65.08,1414.8,84.24,129.83164,48.34029998779297,linear
,1,1x5315x2684x4398,75.4,1642.2,79.6,134.81491999999997,19.405612564086915,linear
,1,1x6056x4021x15325,76.8,1377.0,84.76,117.61735999999999,121.86279602050782,linear
,1,1x4497x2177x12324,79.72,1422.0,84.12,122.19435999999997,41.65847625732422,linear
,1,1x4157x2721x12298,64.0,1480.2,78.64,128.50856000000002,45.680172729492185,linear
,1,1x7520x2206x16687,89.32,1379.4,86.48,128.93932,96.08491516113281,linear
,1,1x7297x2854x30637,97.16,1341.0,87.68,129.81652,240.01064758300782,linear
,1,1x7894x2994x26712,97.88,1340.4,87.12,127.43360000000001,231.32033081054686,linear
,1,1x5913x3889x48430,98.48,1382.4,86.28,124.91668,431.30401000976565,linear
,1,1x6452x2523x48159,97.52,1347.6,86.88,127.26007999999997,293.2949645996094,linear
,1,1x5160x3106x43846,97.44,1364.4,86.96,127.92432,266.319775390625,linear
,1,1x4721x5371x63,98.0,1795.2,86.0,94.75232000000001,0.9244736075401306,linear
,1,1x6376x4779x183,98.0,1690.8,86.0,104.14944,2.181465578079224,linear
,1,1x5410x5687x246,98.0,1680.0,83.36,103.76916000000003,2.415999984741211,linear
,1,1x5954x8146x491,98.0,1665.6,83.8,136.65516000000002,7.416537475585938,linear
,1,1x6871x7501x260,42.0,1564.8,87.0,128.95848000000007,9.513759994506836,linear
,1,1x6694x6112x416,42.0,1609.8,86.92,126.93128000000006,9.745715141296387,linear
,1,1x7472x4706x885,59.68,1488.6,86.08,136.91896000000003,11.141075134277344,linear
,1,1x4917x7066x629,68.0,1551.0,87.0,112.47147999999999,7.191340827941895,linear
,1,1x4749x6531x817,66.8,1547.4,85.0,128.94896000000003,8.599526405334473,linear
,1,1x4129x4972x2001,63.0,1497.0,84.48,125.19263999999997,13.280352020263672,linear
,1,1x4947x4234x1988,67.48,1411.2,87.56,127.52852000000001,14.863353729248047,linear
,1,1x5825x7279x1419,71.6,1448.4,84.8,126.79532000000003,21.333113861083984,linear
,1,1x4108x5035x3710,79.52,1437.0,85.92,127.44471999999998,24.523020553588868,linear
,1,1x7330x5186x2942,82.68,1338.0,87.4,129.03176,42.87999954223633,linear
,1,1x5301x5106x3559,85.4,1364.4,86.96,128.96675999999997,34.50238037109375,linear
,1,1x8110x8102x6340,96.0,1344.6,87.28,130.60163999999997,151.64574584960937,linear
,1,1x7483x5001x6449,94.64,1333.8,87.28,125.00687999999998,89.17317199707031,linear
,1,1x7778x5742x6354,94.2,1316.4,86.56,125.46536,95.67259521484375,linear
,1,1x5890x5282x9992,94.88,1402.2,87.04,140.04268,203.9623779296875,linear
,1,1x6162x6098x11190,97.84,1451.4,87.12,138.45184,313.66583862304685,linear
,1,1x6606x7577x12308,98.92,1506.0,86.84,137.88027999999997,569.2589233398437,linear
,1,1x7020x7958x24287,98.6,1333.8,87.28,128.19307999999998,522.4679626464844,linear
,1,1x7923x7475x18764,98.32,1328.4,86.96,131.66832,420.0063232421875,linear
,1,1x5082x6394x31125,98.44,1351.2,86.92,125.30896000000001,384.616064453125,linear
,1,1x4149x8107x46948,98.88,1363.8,86.92,136.11532,625.3347778320312,linear
,1,1x4317x4895x34168,92.6,1349.4,85.72,130.13356,259.8198669433594,linear
,1,1x7872x4598x62225,98.76,1347.6,86.4,124.63932000000004,884.3941040039062,linear
,1,1x194x8317x88,100.0,1807.2,85.0,57.540119999999995,0.10547199845314026,linear
,1,1x223x11949x86,64.0,1875.0,83.8,71.81887999999998,0.16111359894275665,linear
,1,1x110x8521x101,64.0,1875.0,75.0,78.46399999999996,0.06552960127592086,linear
,1,1x70x9058x349,64.0,1882.8,75.0,72.46828000000002,0.15783679783344268,linear
,1,1x70x11114x279,64.0,1890.0,75.0,73.56884000000001,0.17557760179042817,linear
,1,1x236x10890x398,64.0,1890.0,71.0,79.67380000000001,0.42201600670814515,linear
,1,1x98x16070x613,64.0,1890.0,71.0,87.47320000000002,0.47262720465660096,linear
,1,1x82x9586x664,64.0,1890.0,71.0,88.21208000000006,0.3303551971912384,linear
,1,1x223x15849x539,64.0,1890.0,71.0,88.77459999999998,0.7802240014076233,linear
,1,1x208x14381x1276,17.36,1890.0,72.0,101.71496000000003,1.4600448131561279,linear
,1,1x22x8838x1987,11.0,1890.0,72.0,146.32368000000008,0.3177024006843567,linear
,1,1x138x8962x1275,11.0,1890.0,72.0,90.48276,0.6880512118339539,linear
,1,1x97x9244x3686,11.0,1890.0,72.36,108.70699999999997,1.4753152132034302,linear
,1,1x11x12169x3768,11.0,1545.0,75.0,105.7706,1.3422208070755004,linear
,1,1x200x10759x3501,11.0,1500.0,75.0,83.30951999999999,3.3566592216491697,linear
,1,1x44x15890x7187,18.68,1716.6,69.0,94.82203999999994,3.7166143894195556,linear
,1,1x170x10392x7911,35.0,1854.6,71.52,152.10884,7.8728128433227536,linear
,1,1x132x13355x5097,35.0,1847.4,78.0,140.24320000000003,3.808076810836792,linear
,1,1x47x22872x253,35.0,1875.0,76.72,105.80975999999998,0.20084479451179504,linear
,1,1x200x19508x237,35.0,1887.0,74.0,76.24636,0.43047680258750914,linear
,1,1x66x16814x126,40.0,1890.0,74.0,79.00327999999999,0.11314560025930405,linear
,1,1x178x20773x286,40.0,1890.0,73.88,80.7832,0.6280192017555237,linear
,1,1x14x20949x465,40.0,1890.0,71.0,83.92559999999999,0.1956991970539093,linear
,1,1x40x19407x387,40.0,1890.0,71.0,76.28355999999998,0.26535040736198423,linear
,1,1x223x17904x611,40.0,1890.0,71.0,82.50579999999997,0.9025599956512451,linear
,1,1x14x29042x670,40.0,1890.0,71.0,106.25,0.3839743971824646,linear
,1,1x94x30679x624,40.0,1890.0,69.0,86.52328,0.8499520063400269,linear
,1,1x230x22744x1726,40.0,1875.6,69.0,125.84028000000006,3.036236810684204,linear
,1,1x190x31180x1061,21.0,1887.6,70.6,133.13352,2.4711040019989015,linear
,1,1x193x26097x1959,21.0,1860.6,77.0,150.2048,4.294700813293457,linear
,1,1x159x22756x2766,21.0,1861.2,76.2,123.42036000000006,3.794822406768799,linear
,1,1x80x29426x2531,21.0,1858.2,76.0,142.27152,3.1203455924987793,linear
,1,1x71x16958x3215,43.0,1874.4,78.16,139.60019999999997,2.223078393936157,linear
,1,1x223x25102x4862,43.0,1758.6,80.12,158.55088,9.709209632873534,linear
,1,1x161x27422x5081,48.28,1765.8,81.44,115.49116000000002,11.025350570678711,linear
,1,1x115x16417x4150,55.0,1833.0,81.12,138.71111999999997,2.86777606010437,linear
,1,1x14x35909x34,55.0,1845.0,82.0,114.18535999999995,0.053228799253702164,linear
,1,1x227x59713x74,55.0,1874.4,82.0,79.04196000000003,0.6055103898048401,linear
,1,1x30x62196x72,55.0,1875.0,74.0,86.655,0.15718400478363037,linear
,1,1x35x50040x268,34.6,1875.6,74.0,77.97340000000001,0.5189184069633483,linear
,1,1x88x46047x433,25.0,1890.0,74.0,73.43547999999998,0.9253888010978699,linear
,1,1x195x40149x369,25.0,1890.0,72.0,107.58028000000004,1.7077439785003663,linear
,1,1x39x52215x827,25.0,1890.0,72.0,114.25279999999997,1.4108800172805787,linear
,1,1x146x36235x755,25.0,1890.0,72.0,119.55095999999999,1.9770368337631226,linear
,1,1x39x33687x678,25.0,1890.0,75.0,129.5569999999999,0.819212806224823,linear
,1,1x219x47949x1522,29.2,1851.6,76.08,137.9562,8.657855987548828,linear
,1,1x61x62494x2004,30.0,1869.6,78.0,141.7132,4.70881290435791,linear
,1,1x88x44594x1483,30.0,1869.0,78.76,137.54688,2.420134449005127,linear
,1,1x77x37544x2762,39.6,1863.0,79.0,150.53036000000003,6.486220645904541,linear
,1,1x65x35245x3404,54.0,1814.4,81.0,145.20503999999997,5.575046443939209,linear
,1,1x232x62776x2195,57.36,1710.0,86.04,150.30280000000005,18.702508544921876,linear
,1,1x232x50784x7213,72.08,1452.6,87.8,137.20991999999995,34.15477752685547,linear
,1,1x101x65137x4409,85.0,1500.0,86.16,124.03120000000003,12.931161499023437,linear
,1,1x170x62695x4410,76.0,1560.6,86.0,135.22464,28.78538246154785,linear
,1,1x458x11406x72,76.0,1830.6,87.0,118.91668,0.23789440393447875,linear
,1,1x341x12464x41,76.0,1687.2,87.0,88.61300000000003,0.1688127964735031,linear
,1,1x432x14255x53,76.0,1749.0,87.0,70.30200000000002,0.2551360070705414,linear
,1,1x506x12900x390,76.0,1875.0,76.0,86.87820000000002,0.9933119893074036,linear
,1,1x427x12059x394,76.0,1875.0,76.0,102.91611999999999,0.9357247948646545,linear
,1,1x424x11507x311,76.0,1875.0,76.0,103.84116000000003,0.7037247896194458,linear
,1,1x265x12547x666,76.0,1875.0,75.0,105.39400000000005,0.9987327814102173,linear
,1,1x501x8303x791,14.0,1875.0,75.0,123.13140000000001,1.0865023851394653,linear
,1,1x469x15562x965,14.0,1866.0,75.0,129.39456,2.3610047817230226,linear
,1,1x404x11105x1288,14.0,1871.4,78.0,138.04416000000003,2.044812870025635,linear
,1,1x447x11954x1500,14.0,1802.4,78.0,109.1276,2.397433567047119,linear
,1,1x274x11536x1896,14.0,1710.0,76.08,106.54615999999999,2.290777635574341,linear
,1,1x486x15419x3247,34.24,1727.4,76.64,144.1558,7.670963191986084,linear
,1,1x311x10383x2828,36.0,1851.0,80.0,146.02768,2.9834304332733153,linear
,1,1x469x12492x4054,36.0,1762.8,80.0,138.80783999999997,7.0947774887084964,linear
,1,1x436x16058x7900,55.0,1558.8,86.16,144.78243999999998,32.95182723999024,linear
,1,1x489x14458x6072,86.0,1555.2,86.52,127.19424,14.361766624450684,linear
,1,1x483x11752x5621,78.44,1484.4,88.0,128.40616,11.452601623535156,linear
,1,1x412x24127x74,65.0,1814.4,88.0,83.36903999999998,0.450380802154541,linear
,1,1x494x32542x113,65.0,1860.0,79.0,89.39372000000002,0.7566015958786011,linear
,1,1x481x16473x96,65.0,1874.4,79.0,84.10368000000003,0.34642561078071593,linear
,1,1x424x20916x381,59.6,1875.0,74.0,92.87640000000002,1.0527040243148804,linear
,1,1x392x32406x495,20.0,1862.4,74.0,121.9462,2.57541766166687,linear
,1,1x399x26284x377,20.0,1875.0,74.0,123.15203999999994,1.3512896060943604,linear
,1,1x342x27796x537,20.0,1875.0,77.0,130.97276000000008,1.919987177848816,linear
,1,1x364x32764x608,20.0,1866.6,77.0,134.16723999999994,2.2549120426177978,linear
,1,1x495x20960x567,20.0,1749.0,76.12,105.256,2.4948287487030028,linear
,1,1x485x20841x1727,33.0,1813.2,76.2,140.19171999999998,5.880358409881592,linear
,1,1x348x31305x1642,33.0,1764.6,81.0,155.45384000000004,5.817971324920654,linear
,1,1x424x20796x1332,33.0,1825.2,82.36,130.50572000000003,3.802611207962036,linear
,1,1x322x32656x2118,46.0,1685.4,84.2,149.50175999999993,10.800959968566895,linear
,1,1x414x20655x2917,47.44,1701.0,83.32,103.50436000000002,8.34310417175293,linear
,1,1x502x23948x4075,52.24,1631.4,81.96,133.1764,17.629823684692383,linear
,1,1x321x25605x4973,58.0,1475.4,84.84,136.97776000000005,16.645696258544923,linear
,1,1x442x29673x8163,85.16,1479.0,87.52,138.99671999999998,71.0286849975586,linear
,1,1x383x24618x8025,90.12,1396.2,87.76,129.07763999999997,23.34700813293457,linear
,1,1x363x34515x212,89.0,1570.8,86.0,86.25047999999997,1.1911104202270508,linear
,1,1x444x62113x55,77.6,1485.0,84.08,75.84548,1.1129536151885986,linear
,1,1x383x36300x237,70.0,1485.0,74.0,61.63439999999998,1.5217600107192992,linear
,1,1x315x45650x269,70.0,1485.0,71.0,68.9946,1.951372790336609,linear
,1,1x318x33127x427,70.0,1485.0,69.0,81.45063999999996,2.1066047668457033,linear
,1,1x289x48533x327,68.32,1485.0,69.0,79.42851999999998,2.758412790298462,linear
,1,1x291x40402x564,28.0,1680.0,68.0,96.27851999999999,4.596998405456543,linear
,1,1x418x49106x580,28.0,1872.6,69.92,125.37728000000003,6.204870319366455,linear
,1,1x494x61540x636,28.0,1824.6,72.0,159.25808,6.124582386016845,linear
,1,1x505x64219x1570,51.0,1703.4,79.96,151.08800000000002,17.994278335571288,linear
,1,1x392x43591x1907,63.16,1629.0,83.6,147.62883999999994,16.85084800720215,linear
,1,1x271x49775x1219,67.0,1636.8,85.0,132.54312,9.843756866455077,linear
,1,1x461x49810x3294,75.64,1537.2,86.84,133.84360000000004,26.918265533447265,linear
,1,1x270x49775x2240,72.0,1503.6,86.56,138.13267999999997,18.025593948364257,linear
,1,1x300x43112x4095,78.8,1518.6,86.8,133.18012,25.445804595947266,linear
,1,1x317x49719x4821,83.44,1450.2,87.96,136.60623999999996,39.20331497192383,linear
,1,1x450x55971x4973,91.16,1408.2,88.04,137.07815999999997,55.9511604309082,linear
,1,1x270x50178x7808,93.52,1471.8,87.52,136.27796,81.62005767822265,linear
,1,1x761x14855x141,91.6,1687.2,88.0,101.46088000000005,0.801855993270874,linear
,1,1x1004x10672x228,91.0,1730.4,88.0,88.53388,0.8315968036651611,linear
,1,1x722x14867x56,91.0,1874.4,79.0,78.92220000000002,0.38336639404296874,linear
,1,1x923x13639x268,91.0,1875.0,79.0,88.73148,1.516972804069519,linear
,1,1x710x12930x397,91.0,1875.0,79.48,138.88715999999994,1.6895359754562378,linear
,1,1x985x10576x306,91.0,1875.0,82.0,125.779,1.1359935760498048,linear
,1,1x945x12272x918,20.0,1809.6,82.0,138.25848,3.42323842048645,linear
,1,1x651x11151x572,20.0,1794.0,84.0,131.09231999999994,2.150598430633545,linear
,1,1x745x14662x725,20.0,1735.2,84.0,114.36667999999997,2.45348482131958,linear
,1,1x520x8998x1075,20.0,1871.4,84.0,129.2722,1.7778815984725953,linear
,1,1x1022x14917x1127,29.12,1712.4,84.0,126.71691999999992,5.0531007766723635,linear
,1,1x542x15575x1656,39.0,1686.0,84.0,134.68715999999995,4.618489551544189,linear
,1,1x701x15053x3427,41.04,1411.8,86.08,123.67679999999993,12.281823921203614,linear
,1,1x634x11058x2672,56.0,1800.0,76.0,126.72860000000003,5.463123226165772,linear
,1,1x541x9891x2372,56.0,1783.2,82.0,133.46392,4.1422271728515625,linear
,1,1x918x16076x8148,52.8,1434.0,85.16,141.90584000000004,46.84531173706055,linear
,1,1x681x15156x4720,87.12,1439.4,86.44,124.78204,15.815277099609375,linear
,1,1x908x8980x7875,85.96,1428.6,87.32,138.68383999999998,36.721804809570315,linear
,1,1x787x17929x17,85.0,1650.0,86.0,105.04172,0.31717119812965394,linear
,1,1x711x21436x230,78.52,1866.6,86.0,92.44304000000004,1.2002112150192261,linear
,1,1x544x22664x195,67.0,1875.0,80.0,113.54288000000003,0.9408064126968384,linear
,1,1x712x17472x454,67.0,1872.6,80.0,136.68819999999994,1.9932096242904662,linear
,1,1x918x30820x499,67.0,1711.2,83.2,132.7184,5.722438526153565,linear
,1,1x567x23274x442,67.0,1696.8,84.0,110.41599999999998,2.6413119792938233,linear
,1,1x908x30330x671,38.0,1657.2,84.04,132.72467999999998,13.023494338989257,linear
,1,1x751x17578x604,38.0,1684.2,85.0,107.66036000000003,2.5966655731201174,linear
,1,1x667x20078x1024,38.0,1684.2,85.24,129.96792000000002,4.68732795715332,linear
,1,1x528x22450x1496,58.0,1586.4,87.0,143.65735999999995,6.999545669555664,linear
,1,1x908x20372x1047,58.0,1668.6,85.08,129.19856000000001,8.637068748474121,linear
,1,1x600x17937x2013,59.32,1557.6,87.76,126.99692,7.523135948181152,linear
,1,1x530x31361x3704,64.92,1516.2,86.52,136.48488,30.363878631591795,linear
,1,1x956x29162x3777,83.32,1419.0,87.08,136.49988000000002,49.73461761474609,linear
,1,1x970x26999x2460,86.0,1464.0,86.0,125.53044,22.991455841064454,linear
,1,1x899x29664x5402,89.8,1453.2,87.56,137.83339999999998,78.84106903076172,linear
,1,1x952x22303x7070,94.12,1426.2,87.4,136.41652,78.40484466552735,linear
,1,1x978x22505x7211,92.92,1426.8,87.4,136.49403999999998,87.24787902832031,linear
,1,1x984x64662x234,96.0,1701.0,85.0,133.69235999999995,6.641113567352295,linear
,1,1x925x41797x224,96.0,1620.0,86.12,115.84108000000006,3.6960959911346434,linear
,1,1x648x39665x178,79.28,1665.0,87.0,104.57167999999994,2.078758382797241,linear
,1,1x513x33952x282,58.0,1680.0,86.16,109.23560000000002,2.4153600215911863,linear
,1,1x994x44409x340,58.0,1632.0,84.0,137.29487999999998,6.1421311378479,linear
,1,1x652x60273x294,58.0,1553.4,83.0,105.68664000000004,6.041126441955567,linear
,1,1x695x63166x624,53.0,1612.8,84.6,138.42568000000006,15.252089500427246,linear
,1,1x557x34920x986,53.0,1680.0,84.0,140.63656,9.41921272277832,linear
,1,1x657x63461x936,73.0,1544.4,87.0,133.15256,27.298931121826172,linear
,1,1x720x53141x1194,82.68,1452.0,86.68,136.01604,18.040845108032226,linear
,1,1x992x52218x1461,82.8,1481.4,87.16,134.19132,28.18037109375,linear
,1,1x952x62116x1421,82.0,1455.6,87.4,136.08680000000004,36.070771026611325,linear
,1,1x561x54451x3417,87.2,1426.8,87.2,130.07724000000002,43.07872619628906,linear
,1,1x919x43219x2892,87.32,1410.0,86.76,134.19604000000004,45.80725173950195,linear
,1,1x615x38230x2459,85.16,1464.0,87.2,128.68024000000005,21.528179168701172,linear
,1,1x537x59384x7135,90.96,1366.2,86.88,130.29812,99.91683349609374,linear
,1,1x573x33462x5390,93.4,1429.8,87.68,136.27551999999997,54.62585601806641,linear
,1,1x545x61477x6411,94.4,1368.6,86.96,134.85300000000004,94.74683532714843,linear
,1,1x1159x8981x5,96.0,1698.0,88.0,81.5892,0.3078208088874817,linear
,1,1x1464x15212x24,96.0,1857.0,84.92,74.97775999999998,0.714905607700348,linear
,1,1x1722x10593x24,52.0,1875.0,77.0,81.90336000000003,0.5813951969146729,linear
,1,1x1175x14531x481,52.0,1858.8,77.0,115.33975999999998,2.605830430984497,linear
,1,1x1792x11879x267,52.0,1869.0,79.0,143.48828000000006,2.173414373397827,linear
,1,1x1047x9387x509,52.0,1866.0,79.0,125.30843999999998,1.450982403755188,linear
,1,1x1150x11253x666,52.0,1854.0,80.68,134.21524000000008,2.7394367694854735,linear
,1,1x1525x8285x936,29.0,1777.8,81.0,146.65247999999997,3.6266559600830077,linear
,1,1x1601x13673x980,29.0,1733.4,83.88,122.25023999999999,6.459532833099365,linear
,1,1x1517x15059x1391,37.0,1525.8,86.76,135.10564000000005,10.147283363342286,linear
,1,1x1027x15482x1259,54.0,1558.8,86.0,131.60348000000005,6.666495990753174,linear
,1,1x1747x10232x2026,55.2,1585.8,86.0,136.11768000000004,11.295430374145507,linear
,1,1x1974x15900x2734,69.6,1408.2,83.44,127.91576000000003,29.010770797729492,linear
,1,1x1378x12716x3407,76.96,1571.4,84.6,133.72655999999995,18.694393157958984,linear
,1,1x1286x11939x2603,62.0,1326.6,85.8,119.89596000000004,15.77277431488037,linear
,1,1x1888x14089x5704,73.6,1405.2,83.08,127.02644000000001,49.61236419677734,linear
,1,1x1923x16352x7039,80.8,1384.8,86.2,137.55572,82.16934967041016,linear
,1,1x1544x14678x5711,79.16,1411.2,83.28,127.64492000000001,43.60886993408203,linear
,1,1x1170x17135x83,80.0,1657.2,89.0,77.81508000000002,0.8491264104843139,linear
,1,1x1532x25425x35,80.0,1857.0,79.0,81.91387999999999,1.2711103916168214,linear
,1,1x1856x28462x214,80.0,1784.4,79.0,144.05212000000006,3.8471423625946044,linear
,1,1x1645x25787x387,45.44,1776.6,85.0,126.26003999999998,6.061292839050293,linear
,1,1x1644x28736x342,44.0,1744.8,80.2,127.28424000000001,6.188000011444092,linear
,1,1x1468x29850x327,44.48,1543.8,84.16,127.24115999999997,5.546598434448242,linear
,1,1x1198x28845x782,45.0,1573.8,87.44,135.27243999999996,14.788211059570312,linear
,1,1x1485x24430x779,55.56,1512.6,87.0,119.29496,10.177305603027344,linear
,1,1x1981x29177x788,67.24,1591.2,84.68,133.86568000000003,28.042112350463867,linear
,1,1x1579x29263x1816,72.2,1537.2,85.0,126.207,28.234527587890625,linear
,1,1x1041x27265x1652,69.0,1453.8,87.0,133.0182,21.37011833190918,linear
,1,1x1256x24233x1052,67.0,1539.0,87.0,124.41672,11.501817512512208,linear
,1,1x1567x22788x3064,81.2,1398.6,87.36,136.32252000000005,46.322777557373044,linear
,1,1x1487x19801x2123,86.8,1440.0,86.36,124.18284000000001,22.34755210876465,linear
,1,1x1676x21510x2905,85.28,1429.2,87.16,133.50191999999996,45.564089965820315,linear
,1,1x1360x17214x7463,74.28,1441.2,83.16,130.95736,74.640478515625,linear
,1,1x1424x31721x4124,90.12,1411.2,86.96,136.85864,96.53694763183594,linear
,1,1x1099x17214x5342,91.32,1293.6,86.36,129.22328,39.673798370361325,linear
,1,1x1641x47626x64,92.0,1843.2,83.0,95.08055999999995,2.9196863651275633,linear
,1,1x1340x58378x91,83.12,1793.4,83.0,122.82364000000001,3.092755174636841,linear
,1,1x1333x61781x117,55.0,1810.2,84.12,133.81336000000005,3.4876415729522705,linear
,1,1x1899x38477x436,55.0,1665.6,83.92,128.73767999999995,11.456140899658203,linear
,1,1x1434x57746x276,51.16,1546.2,82.56,111.69695999999998,10.887833595275879,linear
,1,1x1915x49948x389,49.56,1678.2,85.12,134.26723999999996,14.61523208618164,linear
,1,1x1355x33875x621,49.0,1621.2,87.44,137.55828,9.191334533691407,linear
,1,1x1716x46601x893,63.4,1518.0,84.52,131.0584,23.687424087524413,linear
,1,1x1239x48256x519,66.0,1509.6,84.6,119.83807999999999,11.721273422241211,linear
,1,1x1846x36526x1612,61.56,1506.6,83.88,142.36668,37.977606201171874,linear
,1,1x1539x37534x1381,80.16,1447.2,85.84,117.79308,28.349773025512697,linear
,1,1x1212x57408x1458,57.28,1503.0,85.24,133.75364000000002,38.4384765625,linear
,1,1x1915x43143x2110,84.2,1354.8,85.52,131.90124,61.63055419921875,linear
,1,1x1972x62516x3711,95.0,1376.4,86.44,136.59735999999998,181.17422790527343,linear
,1,1x1921x58288x2164,95.52,1353.0,87.28,133.60080000000002,100.30162048339844,linear
,1,1x1698x53004x5640,93.36,1389.6,86.84,134.66736,212.65621643066407,linear
,1,1x1739x64638x7194,97.96,1362.6,87.12,136.36496,356.7079711914063,linear
,1,1x1652x53031x7662,92.52,1366.8,85.56,129.93596000000002,264.6858825683594,linear
,1,1x2187x12402x170,85.0,1580.4,84.92,94.47663999999997,1.9649856090545654,linear
,1,1x3796x11248x238,85.0,1807.2,83.0,117.92120000000003,3.4701631546020506,linear
,1,1x2081x11129x189,76.4,1746.6,86.0,107.32207999999999,1.6163391828536988,linear
,1,1x3236x13688x458,42.0,1762.2,85.32,124.42472000000005,6.150150489807129,linear
,1,1x2347x13195x319,42.0,1680.0,84.32,118.68512000000003,3.4999680042266847,linear
,1,1x2750x10586x371,41.76,1690.8,84.0,124.90203999999994,3.350335931777954,linear
,1,1x2081x15492x645,40.0,1607.4,85.68,131.61820000000003,7.669267177581787,linear
,1,1x3566x13709x996,47.0,1443.0,86.32,123.22880000000004,14.534911918640137,linear
,1,1x2656x11853x568,65.0,1740.0,84.2,137.27431999999996,5.58396167755127,linear
,1,1x2828x13612x1715,64.32,1406.4,86.12,126.32472000000003,22.08510055541992,linear
,1,1x3673x14548x1478,72.8,1548.6,80.44,126.76772,24.005568313598634,linear
,1,1x2186x12267x1424,68.0,1312.2,73.6,92.77796000000002,12.163961601257324,linear
,1,1x3751x14685x2163,65.28,1506.6,82.04,145.20128000000003,39.146202087402344,linear
,1,1x3956x12510x2820,71.52,1420.2,84.08,136.30988,51.1585205078125,linear
,1,1x3778x14596x3434,76.48,1369.2,86.0,130.25176000000002,64.07781829833985,linear
,1,1x2599x13602x7384,83.28,1381.2,84.48,127.27568000000001,94.91941680908204,linear
,1,1x2326x10205x7601,95.92,1524.6,86.72,138.01239999999999,176.49586486816406,linear
,1,1x3187x14258x5822,88.56,1387.2,85.8,125.01831999999999,89.16451416015624,linear
,1,1x2240x20548x152,78.64,1692.0,85.0,96.56616,4.909542465209961,linear
,1,1x3848x29937x133,78.0,1646.4,84.4,137.53832,14.579865455627441,linear
,1,1x3522x23836x226,57.84,1640.4,86.48,128.06148000000002,6.5184447288513185,linear
,1,1x3203x24731x332,57.0,1489.2,86.36,130.23019999999997,10.747596740722656,linear
,1,1x2537x31389x278,60.36,1588.2,86.64,120.27403999999996,9.459916687011718,linear
,1,1x3492x19778x385,64.0,1625.4,84.2,126.03179999999993,11.310028839111329,linear
,1,1x3072x23604x978,59.48,1489.8,79.8,115.22739999999996,21.733567810058595,linear
,1,1x3116x28918x709,60.24,1644.6,85.76,136.50228000000004,20.343373107910157,linear
,1,1x2097x25263x988,63.96,1596.0,75.44,120.20483999999996,15.826592063903808,linear
,1,1x2793x29402x1899,67.72,1421.4,85.6,128.9066,49.60206069946289,linear
,1,1x2704x28138x1339,81.68,1473.0,86.28,137.30344,33.7392635345459,linear
,1,1x3219x20219x1171,81.84,1445.4,87.4,136.34023999999997,41.71240310668945,linear
,1,1x2680x29774x2754,92.2,1340.4,87.28,126.99648000000003,83.44178009033203,linear
,1,1x2887x19890x2962,93.4,1425.0,87.6,137.43388000000002,87.5842498779297,linear
,1,1x3573x26086x2510,93.4,1344.0,86.6,129.93547999999998,83.67215423583984,linear
,1,1x2288x29146x6630,91.28,1380.6,85.48,132.32484,153.86117553710938,linear
,1,1x3637x29548x6405,95.36,1321.8,86.24,132.92004,262.9701629638672,linear
,1,1x2782x18845x5680,92.8,1341.0,87.36,129.03679999999997,114.93856201171874,linear
,1,1x2507x38670x242,97.0,1525.2,88.0,117.96644000000002,8.187372779846191,linear
,1,1x3778x59627x11,82.72,1606.8,85.0,89.84507999999998,6.783564853668213,linear
,1,1x2064x53856x24,76.0,1860.0,80.0,122.683,3.4869696617126467,linear
,1,1x3896x58859x478,60.04,1521.6,81.2,132.424,38.6866943359375,linear
,1,1x2390x54803x315,60.08,1617.0,84.56,138.5126,37.76057052612305,linear
,1,1x2684x43048x359,79.56,1525.2,87.56,135.19232,13.945228767395019,linear
,1,1x4024x65078x907,88.64,1392.6,87.72,131.64396,103.84259948730468,linear
,1,1x3870x59622x632,80.6,1396.2,85.76,128.42144000000005,52.628562927246094,linear
,1,1x3592x56928x921,79.32,1446.6,85.4,139.00784000000004,79.61163482666015,linear
,1,1x2964x50649x1916,75.0,1423.2,84.96,133.35224,108.32229766845703,linear
,1,1x2306x61465x1836,95.88,1362.6,87.88,133.80168,117.76769409179687,linear
,1,1x2841x52578x1255,85.88,1385.4,87.36,132.12068000000002,72.34263763427734,linear
,1,1x3135x51775x3343,93.08,1378.8,86.72,135.01404,213.01011657714844,linear
,1,1x2209x58767x3688,94.72,1356.6,86.2,136.26972,201.35788269042968,linear
,1,1x3400x64387x3298,98.36,1361.4,87.36,135.2258,295.43927001953125,linear
,1,1x2242x32810x5840,92.0,1381.8,86.92,134.95404,162.61578979492188,linear
,1,1x3118x45324x7687,97.24,1353.0,85.24,135.39215999999996,450.16875610351565,linear
,1,1x2511x46141x7600,98.48,1353.0,86.64,135.44636000000003,354.7177673339844,linear
,1,1x6343x13811x217,98.0,1687.2,84.64,137.12292000000008,6.339993572235107,linear
,1,1x8010x10436x162,51.8,1761.0,85.96,141.62951999999993,8.169760131835938,linear
,1,1x6215x16367x158,43.0,1740.6,78.28,136.47240000000002,11.092172813415527,linear
,1,1x5942x13313x260,52.0,1617.6,85.0,133.77167999999992,18.8009090423584,linear
,1,1x7327x10285x351,58.48,1639.2,83.56,123.68240000000003,8.888422203063964,linear
,1,1x6726x13456x423,71.44,1589.4,86.76,138.71107999999995,28.12754592895508,linear
,1,1x7113x9569x972,81.84,1443.6,87.0,132.45432000000005,24.865516662597656,linear
,1,1x6302x15919x748,78.6,1413.6,84.76,127.55604000000005,24.490988540649415,linear
,1,1x7860x11460x779,71.44,1522.2,83.04,134.77700000000007,35.289401626586915,linear
,1,1x4778x9317x1436,61.72,1534.2,87.36,134.04904000000002,20.985401916503907,linear
,1,1x4175x12866x1915,80.2,1386.0,86.48,128.9858,37.90592041015625,linear
,1,1x5951x16100x1127,88.64,1428.6,86.76,135.64968,45.80590057373047,linear
,1,1x7723x14400x2714,89.56,1411.8,86.92,137.27316000000002,150.74178466796874,linear
,1,1x4528x8668x2200,94.12,1489.2,87.0,137.16024000000004,69.00056915283203,linear
,1,1x6476x12903x2746,94.76,1348.2,87.72,132.71372,97.49891662597656,linear
,1,1x5132x10014x4517,87.92,1416.6,85.0,131.93332,101.15827789306641,linear
,1,1x4214x13569x6548,90.52,1354.8,87.08,131.29895999999997,142.53922424316406,linear
,1,1x5879x8679x5816,98.08,1518.0,86.92,138.32003999999998,283.8092468261719,linear
,1,1x4960x30976x240,98.0,1665.6,85.56,128.20152,11.579993629455567,linear
,1,1x7903x16774x164,63.0,1540.2,86.6,138.18924,16.07969913482666,linear
,1,1x6615x20789x162,68.6,1561.8,85.48,133.91604,18.741798400878906,linear
,1,1x4596x20829x410,83.0,1486.8,87.72,131.40396000000004,15.510547065734864,linear
,1,1x4743x23496x435,80.6,1480.8,86.92,132.63408000000004,23.694604873657227,linear
,1,1x6488x31142x383,81.28,1425.0,86.76,125.41863999999998,26.169772720336915,linear
,1,1x6474x24449x915,85.24,1365.0,87.6,132.11979999999997,57.147386169433595,linear
,1,1x4135x27628x768,79.56,1474.2,85.0,125.96483999999998,26.938361740112306,linear
,1,1x6745x23093x855,82.72,1399.2,87.36,130.03667999999996,46.723699951171874,linear
,1,1x4164x25037x1317,84.8,1471.8,84.52,125.57759999999996,45.04612503051758,linear
,1,1x6693x23312x1069,78.24,1432.8,84.4,124.65764000000003,56.72461471557617,linear
,1,1x6717x27873x1254,82.6,1356.6,87.6,129.78872000000004,86.70264434814453,linear
,1,1x4962x28959x3158,94.72,1346.4,86.88,134.50932000000003,173.5931182861328,linear
,1,1x5853x29646x3212,91.52,1359.0,86.0,134.17232,209.49636535644532,linear
,1,1x4286x22489x2572,83.64,1411.8,85.88,137.55016,130.895361328125,linear
,1,1x7014x31137x7880,96.44,1333.2,85.6,129.05296,710.5292846679688,linear
,1,1x6314x28549x6064,97.04,1340.4,86.48,128.90955999999997,465.70074462890625,linear
,1,1x7290x24765x7430,98.04,1327.8,87.04,133.13672,547.4650146484375,linear
,1,1x5849x44066x215,84.6,1555.2,86.36,124.41524000000001,20.132454299926756,linear
,1,1x7987x33555x77,65.0,1666.2,80.08,115.45727999999997,10.268934440612792,linear
,1,1x4671x56387x101,59.4,1717.2,79.4,124.33048000000004,10.230393600463866,linear
,1,1x5215x54627x263,51.8,1653.6,82.0,128.72668,36.33218536376953,linear
,1,1x5769x57716x278,67.76,1492.8,85.32,134.78060000000002,45.52059478759766,linear
,1,1x5013x65273x313,91.64,1479.6,87.28,136.65243999999996,71.62138977050782,linear
,1,1x6567x51979x647,94.28,1392.0,87.16,134.60512,104.580908203125,linear
,1,1x5259x33884x791,74.64,1517.4,87.32,124.54963999999998,51.56673965454102,linear
,1,1x5937x41324x994,86.72,1362.6,85.68,130.17912,88.4633544921875,linear
,1,1x4400x41381x1241,93.76,1354.2,87.08,131.90848000000003,87.11499481201172,linear
,1,1x7548x41085x1463,95.16,1386.0,86.04,136.54244,187.8729705810547,linear
,1,1x4994x34900x2029,90.96,1396.8,87.0,128.34716,134.72606811523437,linear
,1,1x6767x47872x3190,98.52,1395.6,86.28,137.67995999999997,431.47003784179685,linear
,1,1x5632x42470x2088,97.56,1338.6,86.96,133.21852,195.3304901123047,linear
,1,1x4113x36764x2133,86.48,1359.0,84.88,127.27140000000003,112.36845397949219,linear
,1,1x6162x40575x7424,98.04,1349.4,85.68,129.57335999999998,823.5385620117188,linear
,1,1x7277x33352x6856,98.24,1338.0,86.76,132.41324,680.8882446289062,linear
,1,1x6137x61248x5069,99.0,1385.4,86.8,134.52504,824.7454711914063,linear
