Kernel Name,Batch Size,Dimension,GPU Utilization Rate (%),GPU Core Frequency (MHz),GPU Temperature (C),GPU Power (W),Latency (ms),OPName
,8,8x2x18x16,0.0,1005.0,61.0,104.046,0.0061440002173185,bmm
,18,18x1x11x28,0.0,1005.0,61.0,104.046,0.0058688000775873,bmm
,6,6x19x24x13,0.0,1005.0,61.0,104.046,0.0143360001966357,bmm
,5,5x11x16x43,0.0,1005.0,61.0,104.046,0.0061440002173185,bmm
,26,26x30x10x49,0.0,1005.0,61.0,104.046,0.0133119998499751,bmm
,5,5x25x25x62,0.0,1005.0,61.0,104.046,0.0163839999586343,bmm
,20,20x33x13x84,0.0,1005.0,61.0,104.046,0.0133119998499751,bmm
,9,9x9x31x86,4.0,1005.0,64.0,121.634,0.0069567998871207,bmm
,15,15x1x5x72,4.0,1005.0,64.0,121.634,0.0051199998706579,bmm
,7,7x7x28x219,4.0,1005.0,64.0,121.634,0.0071680000983178,bmm
,18,18x30x16x148,4.0,1005.0,64.0,121.634,0.0133119998499751,bmm
,25,25x17x30x202,4.0,1005.0,64.0,121.634,0.0163839999586343,bmm
,12,12x5x5x377,4.0,1005.0,64.0,121.634,0.0061440002173185,bmm
,21,21x5x1x491,4.0,1005.0,64.0,121.634,0.0051199998706579,bmm
,9,9x17x8x311,4.0,1005.0,64.0,121.634,0.0116032000631093,bmm
,9,9x17x11x965,4.0,1005.0,64.0,121.634,0.0134719999507069,bmm
,16,16x7x23x929,4.0,1005.0,64.0,121.634,0.0091391999274492,bmm
,15,15x13x30x871,4.0,1005.0,65.0,123.134,0.012288000434637,bmm
,12,12x17x35x7,4.0,1005.0,65.0,123.134,0.0183231998234987,bmm
,22,22x21x40x20,4.0,1005.0,65.0,123.134,0.0174080003052949,bmm
,14,14x28x53x30,4.0,1005.0,65.0,123.134,0.0214016001671552,bmm
,2,2x3x48x63,4.0,1005.0,65.0,123.134,0.0070015999488532,bmm
,16,16x8x62x41,4.0,1005.0,65.0,123.134,0.0071680000983178,bmm
,5,5x19x48x50,4.0,1005.0,65.0,123.134,0.0193983998149633,bmm
,14,14x27x57x67,4.0,1005.0,65.0,123.134,0.0230272006243467,bmm
,26,26x11x62x81,4.0,1005.0,65.0,123.134,0.0081600001081824,bmm
,25,25x18x59x97,4.0,1005.0,65.0,123.134,0.0228800002485513,bmm
,8,8x14x62x194,4.0,1005.0,65.0,123.134,0.007878400105983,bmm
,3,3x23x60x223,5.0,1005.0,67.0,124.393,0.0226944003254175,bmm
,28,28x18x53x191,5.0,1005.0,67.0,124.393,0.0215039998292922,bmm
,18,18x18x33x354,5.0,1005.0,67.0,124.393,0.0184320006519556,bmm
,31,31x23x60x426,5.0,1005.0,67.0,124.393,0.0378880016505718,bmm
,7,7x13x51x373,5.0,1005.0,67.0,124.393,0.0081919999793171,bmm
,29,29x22x44x565,5.0,1005.0,67.0,124.393,0.0317439995706081,bmm
,25,25x29x61x817,5.0,1005.0,67.0,124.393,0.0542591996490955,bmm
,31,31x19x35x750,5.0,1005.0,67.0,124.393,0.0406015999615192,bmm
,20,20x19x121x8,5.0,1005.0,67.0,124.393,0.0351231999695301,bmm
,18,18x3x87x31,5.0,1005.0,67.0,124.393,0.0073280001059174,bmm
,19,19x26x69x30,5.0,1005.0,68.0,125.62899999999996,0.0245696008205413,bmm
,18,18x9x101x61,5.0,1005.0,68.0,125.62899999999996,0.0081919999793171,bmm
,33,33x18x118x63,5.0,1005.0,68.0,125.62899999999996,0.0337920002639293,bmm
,32,32x10x122x63,5.0,1005.0,68.0,125.62899999999996,0.0091264000162482,bmm
,32,32x3x81x129,5.0,1005.0,68.0,125.62899999999996,0.0081919999793171,bmm
,25,25x21x127x69,5.0,1005.0,68.0,125.62899999999996,0.0357952006161212,bmm
,23,23x24x120x83,5.0,1005.0,68.0,125.62899999999996,0.0336767993867397,bmm
,30,30x19x85x147,5.0,1005.0,68.0,125.62899999999996,0.0276480000466108,bmm
,2,2x26x100x131,5.0,1005.0,68.0,125.62899999999996,0.0307007994502782,bmm
,6,6x19x106x235,5.0,1005.0,69.0,126.26299999999996,0.032473599165678,bmm
,26,26x24x76x459,5.0,1005.0,69.0,126.26299999999996,0.0440320000052452,bmm
,20,20x27x79x328,5.0,1005.0,69.0,126.26299999999996,0.0266047995537519,bmm
,27,27x18x69x446,5.0,1005.0,69.0,126.26299999999996,0.0409599989652633,bmm
,2,2x4x107x762,5.0,1005.0,69.0,126.26299999999996,0.0081919999793171,bmm
,9,9x1x110x756,5.0,1005.0,69.0,126.26299999999996,0.0102335998788475,bmm
,3,3x20x123x544,5.0,1005.0,69.0,126.26299999999996,0.0358400009572505,bmm
,19,19x30x239x7,5.0,1005.0,69.0,126.26299999999996,0.0571903996169567,bmm
,10,10x31x146x6,5.0,1005.0,69.0,126.26299999999996,0.0399359986186027,bmm
,7,7x33x183x10,5.0,1005.0,69.0,126.26299999999996,0.0460800006985664,bmm
,23,23x1x175x42,7.0,1005.0,69.96,126.63599999999998,0.0071680000983178,bmm
,10,10x11x141x38,7.0,1005.0,70.0,126.63599999999998,0.0081919999793171,bmm
,3,3x15x230x36,7.0,1005.0,70.0,126.63599999999998,0.0092160003259778,bmm
,33,33x23x147x115,7.0,1005.0,70.0,126.63599999999998,0.0404160000383853,bmm
,24,24x6x240x78,7.0,1005.0,70.0,126.63599999999998,0.0107647998258471,bmm
,10,10x16x155x83,7.0,1005.0,70.0,126.63599999999998,0.0092160003259778,bmm
,20,20x18x143x219,7.0,1005.0,70.0,126.63599999999998,0.0388735987246036,bmm
,21,21x31x257x167,7.0,1005.0,70.0,126.63599999999998,0.0623680002987384,bmm
,27,27x22x142x214,7.0,1005.0,70.0,126.63599999999998,0.0389119982719421,bmm
,25,25x22x161x304,7.0,1005.0,70.0,126.63599999999998,0.043827199935913,bmm
,7,7x33x138x429,7.0,1005.0,70.0,126.63599999999998,0.0389055989682674,bmm
,20,20x31x178x445,6.0,1005.0,70.0,127.326,0.047104001045227,bmm
,6,6x11x198x973,6.0,1005.0,70.0,127.326,0.0146816002205014,bmm
,15,15x2x210x614,6.0,1005.0,70.0,127.326,0.0163647998124361,bmm
,8,8x19x189x821,6.0,1005.0,70.0,127.326,0.0481280013918876,bmm
,16,16x27x352x6,6.0,1005.0,70.0,127.326,0.0785088017582893,bmm
,9,9x3x437x22,6.0,1005.0,70.0,127.326,0.0122688002884387,bmm
,26,26x31x386x3,6.0,1005.0,70.0,127.326,0.0867519989609718,bmm
,24,24x18x299x60,6.0,1005.0,70.0,127.326,0.0696320012211799,bmm
,3,3x23x479x50,6.0,1005.0,70.0,127.326,0.103423997759819,bmm
,3,3x10x487x56,6.0,1005.0,70.0,127.326,0.0136320000514388,bmm
,17,17x29x366x101,8.0,1005.0,71.0,127.90799999999994,0.0819199979305267,bmm
,24,24x33x371x80,8.0,1005.0,71.0,127.90799999999994,0.0849919989705085,bmm
,5,5x9x419x74,8.0,1005.0,71.0,127.90799999999994,0.0127744000405073,bmm
,23,23x19x297x193,8.0,1005.0,71.0,127.90799999999994,0.0696704015135765,bmm
,27,27x2x511x203,8.0,1005.0,71.0,127.90799999999994,0.022444799914956,bmm
,21,21x21x433x231,8.0,1005.0,71.0,127.90799999999994,0.0962560027837753,bmm
,16,16x11x424x417,8.0,1005.0,71.0,127.90799999999994,0.0255999993532896,bmm
,19,19x32x497x403,8.0,1005.0,71.0,127.90799999999994,0.1091135993599891,bmm
,33,33x29x400x317,8.0,1005.0,71.0,127.90799999999994,0.1679167985916137,bmm
,31,31x30x333x656,16.0,1005.0,72.0,129.29,0.2111295968294143,bmm
,31,31x17x373x565,16.0,1005.0,72.0,129.29,0.1595007956027984,bmm
,33,33x31x288x654,16.0,1005.0,72.0,129.29,0.1824448019266128,bmm
,20,20x19x725x32,16.0,1005.0,72.0,129.29,0.1515520066022873,bmm
,17,17x31x732x13,16.0,1005.0,72.0,129.29,0.1534592062234878,bmm
,1,1x11x929x31,16.0,1005.0,72.0,129.29,0.0215039998292922,bmm
,19,19x3x522x52,16.0,1005.0,72.0,129.29,0.0142847999930381,bmm
,22,22x19x710x44,16.0,1005.0,72.0,129.29,0.1484799981117248,bmm
,18,18x22x822x33,16.0,1005.0,72.0,129.29,0.1701375991106033,bmm
,9,9x31x669x123,13.48,1005.0,72.0,130.66544000000005,0.1413120031356811,bmm
,29,29x8x723x127,13.0,1005.0,72.0,130.85300000000004,0.0263871997594833,bmm
,5,5x3x946x109,13.0,1005.0,72.0,130.85300000000004,0.0202047996222972,bmm
,9,9x23x634x174,13.0,1005.0,72.0,130.85300000000004,0.1351680010557174,bmm
,8,8x3x942x133,13.0,1005.0,72.0,130.85300000000004,0.0204735994338989,bmm
,19,19x15x839x211,13.0,1005.0,72.0,130.85300000000004,0.0473024010658264,bmm
,27,27x10x820x449,13.0,1005.0,72.0,130.85300000000004,0.0886784002184867,bmm
,6,6x29x892x304,13.0,1005.0,72.0,130.85300000000004,0.185286396741867,bmm
,31,31x16x722x460,13.0,1005.0,72.0,130.85300000000004,0.130662402510643,bmm
,24,24x21x936x559,12.72,1005.0,72.0,131.15232000000003,0.3758080005645752,bmm
,32,32x30x685x873,12.0,1005.0,72.0,131.922,0.4163200080394745,bmm
,33,33x30x895x574,12.0,1005.0,72.0,131.922,0.5353472232818604,bmm
,13,13x49x23x18,12.0,1005.0,72.0,131.922,0.0153599996119737,bmm
,1,1x43x6x32,12.0,1005.0,72.0,131.922,0.0078464000485837,bmm
,10,10x58x5x20,12.0,1005.0,72.0,131.922,0.019455999135971,bmm
,21,21x34x18x61,12.0,1005.0,72.0,131.922,0.0251903999596834,bmm
,25,25x53x24x39,12.0,1005.0,72.0,131.922,0.0245760008692741,bmm
,6,6x55x6x53,12.0,1005.0,72.0,131.922,0.019455999135971,bmm
,5,5x43x28x100,12.0,1005.0,72.0,131.922,0.0276480000466108,bmm
,25,25x54x29x107,10.0,600.0,70.0,119.95200000000004,0.029696000739932,bmm
,26,26x56x8x90,10.0,600.0,70.0,119.95200000000004,0.0204799994826316,bmm
,5,5x61x31x231,10.0,600.0,70.0,119.95200000000004,0.0303103998303413,bmm
,17,17x47x33x185,10.0,600.0,70.0,119.95200000000004,0.0327679999172687,bmm
,20,20x54x30x181,10.0,600.0,70.0,119.95200000000004,0.0317439995706081,bmm
,12,12x43x22x475,10.0,600.0,70.0,119.95200000000004,0.0286720003932714,bmm
,5,5x39x12x444,10.0,600.0,70.0,119.95200000000004,0.0253951996564865,bmm
,9,9x53x8x379,10.0,600.0,70.0,119.95200000000004,0.0225280001759529,bmm
,19,19x41x12x835,10.0,600.0,70.0,119.95200000000004,0.0389119982719421,bmm
,6,6x34x15x812,12.0,495.0,65.0,90.605,0.0266239996999502,bmm
,16,16x52x3x973,12.0,495.0,65.0,90.605,0.0317439995706081,bmm
,11,11x53x51x19,12.0,495.0,65.0,90.605,0.0440320000052452,bmm
,18,18x59x57x29,12.0,495.0,65.0,90.605,0.0481280013918876,bmm
,28,28x46x64x18,12.0,495.0,65.0,90.605,0.0464896008372306,bmm
,28,28x45x41x52,12.0,495.0,65.0,90.605,0.0409599989652633,bmm
,14,14x63x37x41,12.0,495.0,65.0,90.605,0.0399359986186027,bmm
,24,24x52x41x57,12.0,495.0,65.0,90.605,0.0436223998665809,bmm
,25,25x55x60x105,12.0,495.0,65.0,90.605,0.0511999987065792,bmm
,25,25x40x48x128,12.0,495.0,65.0,90.605,0.0430079996585845,bmm
,3,3x36x58x129,12.8,435.0,65.0,62.07500000000002,0.0511999987065792,bmm
,20,20x60x48x143,13.0,435.0,61.0,62.07500000000002,0.0460800006985664,bmm
,11,11x56x41x197,13.0,435.0,61.0,62.07500000000002,0.047104001045227,bmm
,11,11x49x39x158,13.0,435.0,61.0,62.07500000000002,0.0440320000052452,bmm
,16,16x59x53x395,13.0,435.0,61.0,62.07500000000002,0.0530431993305683,bmm
,24,24x45x51x412,13.0,435.0,61.0,62.07500000000002,0.0864255994558334,bmm
,20,20x39x46x378,13.0,435.0,61.0,62.07500000000002,0.0481280013918876,bmm
,5,5x36x60x646,13.0,435.0,61.0,62.07500000000002,0.0232960000634193,bmm
,11,11x61x62x834,13.0,435.0,61.0,62.07500000000002,0.0235520005226135,bmm
,6,6x48x55x918,12.0,1005.0,59.0,61.85500000000001,0.0215039998292922,bmm
,15,15x41x90x26,12.0,1005.0,59.0,61.85500000000001,0.0286720003932714,bmm
,28,28x58x128x2,12.0,1005.0,59.0,61.85500000000001,0.0356863997876644,bmm
,4,4x38x100x25,12.0,1005.0,59.0,61.85500000000001,0.030681600049138,bmm
,21,21x47x68x50,12.0,1005.0,59.0,61.85500000000001,0.0245760008692741,bmm
,21,21x55x68x55,12.0,1005.0,59.0,61.85500000000001,0.0245760008692741,bmm
,9,9x54x87x53,12.0,1005.0,59.0,61.85500000000001,0.0281472001224756,bmm
,32,32x53x87x110,12.0,1005.0,59.0,61.85500000000001,0.0285567998886108,bmm
,22,22x37x95x109,12.0,1005.0,59.0,61.85500000000001,0.0296896006911993,bmm
,29,29x59x86x117,4.0,1005.0,64.0,90.09099999999997,0.0283967997878789,bmm
,5,5x54x86x225,4.0,1005.0,64.0,90.09099999999997,0.0281408004462718,bmm
,17,17x51x103x189,4.0,1005.0,64.0,90.09099999999997,0.0312639996409416,bmm
,11,11x51x75x250,4.0,1005.0,64.0,90.09099999999997,0.0266239996999502,bmm
,29,29x62x98x372,4.0,1005.0,64.0,90.09099999999997,0.054271999746561,bmm
,26,26x35x129x332,4.0,1005.0,64.0,90.09099999999997,0.0376768015325069,bmm
,6,6x57x115x423,4.0,1005.0,64.0,90.09099999999997,0.0348160006105899,bmm
,32,32x63x69x689,4.0,1005.0,64.0,90.09099999999997,0.0593920014798641,bmm
,18,18x64x77x746,4.0,1005.0,64.0,90.09099999999997,0.0445375993847847,bmm
,20,20x65x116x651,4.96,1005.0,64.96,106.5828,0.0604032017290592,bmm
,8,8x34x190x24,6.0,1005.0,66.0,121.80600000000004,0.0477888002991676,bmm
,15,15x46x197x27,6.0,1005.0,66.0,121.80600000000004,0.0491520017385482,bmm
,14,14x62x206x26,6.0,1005.0,66.0,121.80600000000004,0.0516800001263618,bmm
,16,16x36x232x53,6.0,1005.0,66.0,121.80600000000004,0.0562495999038219,bmm
,12,12x51x153x63,6.0,1005.0,66.0,121.80600000000004,0.0425087995827198,bmm
,31,31x36x147x63,6.0,1005.0,66.0,121.80600000000004,0.0400959990918636,bmm
,6,6x64x214x87,6.0,1005.0,66.0,121.80600000000004,0.0537408001720905,bmm
,25,25x33x138x90,6.0,1005.0,66.0,121.80600000000004,0.0389119982719421,bmm
,5,5x35x205x102,6.0,1005.0,66.0,121.80600000000004,0.0511999987065792,bmm
,33,33x43x160x222,7.0,1005.0,68.0,125.89600000000004,0.0419839993119239,bmm
,14,14x33x206x236,7.0,1005.0,68.0,125.89600000000004,0.0511999987065792,bmm
,27,27x51x170x139,7.0,1005.0,68.0,125.89600000000004,0.0460288003087043,bmm
,15,15x62x204x392,7.0,1005.0,68.0,125.89600000000004,0.0522239990532398,bmm
,23,23x61x197x304,7.0,1005.0,68.0,125.89600000000004,0.0511999987065792,bmm
,7,7x59x252x481,7.0,1005.0,68.0,125.89600000000004,0.062067200243473,bmm
,22,22x39x239x767,7.0,1005.0,68.0,125.89600000000004,0.1072255983948707,bmm
,4,4x65x186x900,7.0,1005.0,68.0,125.89600000000004,0.0491520017385482,bmm
,3,3x33x152x824,7.0,1005.0,68.0,125.89600000000004,0.0399359986186027,bmm
,22,22x55x406x24,7.0,1005.0,68.0,125.89600000000004,0.0911360010504722,bmm
,7,7x59x280x8,7.0,1005.0,69.0,127.361,0.0655231997370719,bmm
,25,25x59x384x18,7.0,1005.0,69.0,127.361,0.0860159993171691,bmm
,12,12x65x422x40,7.0,1005.0,69.0,127.361,0.0952320024371147,bmm
,17,17x42x288x51,7.0,1005.0,69.0,127.361,0.0665600001811981,bmm
,1,1x49x360x61,7.0,1005.0,69.0,127.361,0.0184320006519556,bmm
,9,9x43x387x65,7.0,1005.0,69.0,127.361,0.0880319997668266,bmm
,11,11x59x463x76,7.0,1005.0,69.0,127.361,0.103423997759819,bmm
,21,21x57x315x114,7.0,1005.0,69.0,127.361,0.0747456029057502,bmm
,1,1x37x364x183,7.0,1005.0,69.0,127.361,0.0136320000514388,bmm
,15,15x49x465x228,7.0,1005.0,69.0,127.361,0.1054719984531402,bmm
,6,6x51x481x226,5.0,1005.0,70.0,127.77100000000004,0.108467198908329,bmm
,26,26x38x413x364,5.0,1005.0,70.0,127.77100000000004,0.0936896011233329,bmm
,17,17x39x358x506,5.0,1005.0,70.0,127.77100000000004,0.0826815977692604,bmm
,28,28x43x259x417,5.0,1005.0,70.0,127.77100000000004,0.1166784018278122,bmm
,18,18x41x357x782,5.0,1005.0,70.0,127.77100000000004,0.1536000072956085,bmm
,33,33x65x303x919,5.0,1005.0,70.0,127.77100000000004,0.2549760043621063,bmm
,15,15x37x392x891,5.0,1005.0,70.0,127.77100000000004,0.1658047974109649,bmm
,24,24x37x770x25,5.0,1005.0,70.0,127.77100000000004,0.1617919951677322,bmm
,10,10x44x674x24,8.96,1005.0,70.4,128.68100000000007,0.1433600038290023,bmm
,9,9x65x553x10,14.0,1005.0,71.0,129.52100000000007,0.1216063991189003,bmm
,12,12x65x783x43,14.0,1005.0,71.0,129.52100000000007,0.1669120043516159,bmm
,33,33x40x608x63,14.0,1005.0,71.0,129.52100000000007,0.130048006772995,bmm
,15,15x38x803x59,14.0,1005.0,71.0,129.52100000000007,0.1692800045013427,bmm
,28,28x56x795x115,14.0,1005.0,71.0,129.52100000000007,0.1712128043174743,bmm
,14,14x65x923x108,14.0,1005.0,71.0,129.52100000000007,0.3123199939727783,bmm
,26,26x51x571x87,14.0,1005.0,71.0,129.52100000000007,0.2000831991434097,bmm
,26,26x55x917x232,14.0,1005.0,71.0,129.52100000000007,0.3106560051441193,bmm
,33,33x39x587x257,21.0,630.0,70.0,125.16800000000008,0.4073472023010254,bmm
,5,5x57x738x187,21.0,630.0,70.0,125.16800000000008,0.2660351991653442,bmm
,18,18x44x707x512,21.0,630.0,70.0,125.16800000000008,0.2539519965648651,bmm
,31,31x56x835x509,21.0,630.0,70.0,125.16800000000008,0.5871616005897522,bmm
,30,30x53x521x263,21.0,630.0,70.0,125.16800000000008,0.3762176036834717,bmm
,14,14x59x894x886,21.0,630.0,70.0,125.16800000000008,0.6246399879455566,bmm
,12,12x59x1024x650,21.0,630.0,70.0,125.16800000000008,0.6037504076957703,bmm
,24,24x56x776x865,26.0,570.0,69.0,111.25700000000003,1.400832009315491,bmm
,10,10x86x22x27,26.0,570.0,69.0,111.25700000000003,0.0266239996999502,bmm
,11,11x88x2x9,26.0,570.0,69.0,111.25700000000003,0.0204799994826316,bmm
,10,10x75x25x20,26.0,570.0,69.0,111.25700000000003,0.0286720003932714,bmm
,12,12x123x28x52,26.0,570.0,69.0,111.25700000000003,0.029696000739932,bmm
,31,31x66x32x63,26.0,570.0,69.0,111.25700000000003,0.029696000739932,bmm
,17,17x75x28x48,26.0,570.0,69.0,111.25700000000003,0.0307199992239475,bmm
,2,2x84x4x67,26.0,570.0,69.0,111.25700000000003,0.0215039998292922,bmm
,32,32x112x30x69,26.0,570.0,69.0,111.25700000000003,0.0307199992239475,bmm
,29,29x96x3x90,5.0,540.0,64.0,82.21900000000004,0.0215039998292922,bmm
,14,14x79x16x240,5.0,540.0,64.0,82.21900000000004,0.0255999993532896,bmm
,6,6x108x4x144,5.0,540.0,64.0,82.21900000000004,0.0231424003839492,bmm
,32,32x121x19x254,5.0,540.0,64.0,82.21900000000004,0.0327679999172687,bmm
,12,12x67x24x379,5.0,540.0,64.0,82.21900000000004,0.0305151995271444,bmm
,3,3x90x7x505,5.0,540.0,64.0,82.21900000000004,0.0245760008692741,bmm
,24,24x118x24x286,5.0,540.0,64.0,82.21900000000004,0.0327679999172687,bmm
,23,23x123x28x619,5.0,540.0,64.0,82.21900000000004,0.1361919969320297,bmm
,17,17x111x29x971,5.0,540.0,64.0,82.21900000000004,0.1433600008487701,bmm
,7,7x69x30x877,12.0,435.0,61.0,62.41599999999996,0.0368640013039112,bmm
,7,7x103x35x25,12.0,435.0,61.0,62.41599999999996,0.0423935994505882,bmm
,33,33x93x42x4,12.0,435.0,61.0,62.41599999999996,0.0464896008372306,bmm
,6,6x116x65x28,12.0,435.0,61.0,62.41599999999996,0.0589824013411998,bmm
,28,28x111x55x45,12.0,435.0,61.0,62.41599999999996,0.0511999987065792,bmm
,4,4x96x42x51,12.0,435.0,61.0,62.41599999999996,0.0501759983599185,bmm
,3,3x97x43x36,12.0,435.0,61.0,62.41599999999996,0.0501759983599185,bmm
,33,33x77x53x127,12.0,435.0,61.0,62.41599999999996,0.0552960000932216,bmm
,23,23x103x48x129,12.0,435.0,61.0,62.41599999999996,0.0501759983599185,bmm
,10,10x119x52x107,8.0,375.0,59.0,57.10699999999998,0.0600064016878604,bmm
,10,10x68x53x234,8.0,375.0,59.0,57.10699999999998,0.0593920014798641,bmm
,6,6x126x41x257,8.0,375.0,59.0,57.10699999999998,0.0552960000932216,bmm
,13,13x91x37x174,8.0,375.0,59.0,57.10699999999998,0.0522239990532398,bmm
,16,16x115x35x455,8.0,375.0,59.0,57.10699999999998,0.0552960000932216,bmm
,33,33x79x44x326,8.0,375.0,59.0,57.10699999999998,0.0921600013971328,bmm
,29,29x111x38x453,8.0,375.0,59.0,57.10699999999998,0.1316863983869552,bmm
,19,19x88x40x647,8.0,375.0,59.0,57.10699999999998,0.0829439982771873,bmm
,1,1x96x50x725,6.0,315.0,57.0,56.02999999999998,0.0266239996999502,bmm
,19,19x87x62x881,6.0,315.0,57.0,56.02999999999998,0.1648640006780624,bmm
,14,14x91x72x7,6.0,315.0,57.0,56.02999999999998,0.0796671971678733,bmm
,8,8x68x124x8,6.0,315.0,57.0,56.02999999999998,0.1198080033063888,bmm
,1,1x79x107x22,6.0,315.0,57.0,56.02999999999998,0.0337920002639293,bmm
,4,4x103x105x34,6.0,315.0,57.0,56.02999999999998,0.110182400047779,bmm
,18,18x117x76x64,6.0,315.0,57.0,56.02999999999998,0.0952320024371147,bmm
,33,33x84x89x54,6.0,315.0,57.0,56.02999999999998,0.1062911987304687,bmm
,30,30x70x78x104,6.0,315.0,57.0,56.02999999999998,0.0942080020904541,bmm
,1,1x78x91x109,6.0,315.0,57.0,56.02999999999998,0.0348160006105899,bmm
,25,25x71x76x119,13.0,270.0,56.0,55.05999999999997,0.0993279963731765,bmm
,31,31x94x93x165,13.0,270.0,56.0,55.05999999999997,0.1136640012264251,bmm
,19,19x109x81x155,13.0,270.0,56.0,55.05999999999997,0.1075199991464614,bmm
,28,28x120x108x189,13.0,270.0,56.0,55.05999999999997,0.1411072015762329,bmm
,4,4x76x92x328,13.0,270.0,56.0,55.05999999999997,0.1187840029597282,bmm
,33,33x116x81x407,13.0,270.0,56.0,55.05999999999997,0.4173823952674865,bmm
,14,14x87x125x328,13.0,270.0,56.0,55.05999999999997,0.1464319974184036,bmm
,9,9x118x123x948,13.0,270.0,56.0,55.05999999999997,0.2744320034980774,bmm
,3,3x69x126x890,28.0,240.0,54.0,52.596,0.1454080045223236,bmm
,30,30x125x107x944,28.0,240.0,54.0,52.596,1.093017578125,bmm
,9,9x129x148x18,28.0,240.0,54.0,52.596,0.1759232014417648,bmm
,3,3x108x150x10,28.0,240.0,54.0,52.596,0.1755136042833328,bmm
,31,31x103x250x15,28.0,240.0,54.0,52.596,0.2660351991653442,bmm
,22,22x99x197x39,28.0,240.0,54.0,52.596,0.2199551939964294,bmm
,23,23x93x201x49,28.0,240.0,54.0,52.596,0.2267135977745056,bmm
,30,30x74x245x50,28.0,240.0,54.0,52.596,0.2611199915409088,bmm
,32,32x90x229x87,24.0,225.0,53.0,50.707000000000015,0.2525183916091919,bmm
,10,10x65x138x114,24.0,225.0,53.0,50.707000000000015,0.1681407988071441,bmm
,22,22x103x231x72,24.0,225.0,53.0,50.707000000000015,0.2488320022821426,bmm
,6,6x121x177x164,24.0,225.0,53.0,50.707000000000015,0.206438398361206,bmm
,26,26x80x183x246,24.0,225.0,53.0,50.707000000000015,0.3547135949134826,bmm
,30,30x86x145x156,24.0,225.0,53.0,50.707000000000015,0.1802240014076233,bmm
,5,5x80x199x329,24.0,225.0,53.0,50.707000000000015,0.2191359996795654,bmm
,12,12x76x201x470,24.0,225.0,53.0,50.707000000000015,0.2668543934822082,bmm
,1,1x95x178x317,24.0,210.0,53.0,50.558,0.0528383992612361,bmm
,24,24x101x182x958,24.0,210.0,53.0,50.558,1.1479040145874024,bmm
,13,13x106x187x625,24.0,210.0,53.0,50.558,0.4292608022689819,bmm
,12,12x114x224x652,24.0,210.0,53.0,50.558,0.477593594789505,bmm
,22,22x93x408x11,24.0,210.0,53.0,50.558,0.3766272068023681,bmm
,10,10x65x470x3,24.0,210.0,53.0,50.558,0.4296703934669494,bmm
,19,19x95x303x2,24.0,210.0,53.0,50.558,0.291839987039566,bmm
,3,3x102x475x50,25.0,240.0,52.0,50.622,0.4423680007457733,bmm
,14,14x82x428x48,25.0,240.0,52.0,50.622,0.4012031912803649,bmm
,33,33x80x497x51,25.0,240.0,52.0,50.622,0.5220352053642273,bmm
,32,32x84x361x67,25.0,240.0,52.0,50.622,0.4257791996002197,bmm
,21,21x127x484x123,25.0,240.0,52.0,50.622,0.5744639873504639,bmm
,19,19x88x346x84,25.0,240.0,52.0,50.622,0.3348479866981506,bmm
,29,29x85x411x160,25.0,240.0,52.0,50.622,0.5679104089736938,bmm
,8,8x126x277x164,40.0,240.0,52.0,50.91499999999999,0.2758656024932861,bmm
,29,29x76x458x178,40.0,240.0,52.0,50.91499999999999,0.6367232084274292,bmm
,6,6x92x484x469,40.0,240.0,52.0,50.91499999999999,0.5355520009994507,bmm
,27,27x99x469x346,40.0,240.0,52.0,50.91499999999999,0.9625600099563598,bmm
,17,17x103x498x320,40.0,240.0,52.0,50.91499999999999,0.7055360078811646,bmm
,24,24x67x389x679,44.68,240.0,52.0,51.00808000000003,1.1481088399887085,bmm
,33,33x89x350x609,49.0,240.0,52.0,51.09400000000002,1.6480255842208862,bmm
,11,11x78x368x671,49.0,240.0,52.0,51.09400000000002,0.573849618434906,bmm
,22,22x87x824x2,49.0,240.0,52.0,51.09400000000002,0.5971968173980713,bmm
,3,3x90x623x3,49.0,240.0,52.0,51.09400000000002,0.3756031990051269,bmm
,6,6x83x797x23,49.0,240.0,52.0,51.09400000000002,0.1699839979410171,bmm
,31,31x111x702x61,49.0,362.4,52.0,51.09400000000002,0.1525759994983673,bmm
,19,19x70x597x53,14.0,1005.0,52.0,56.35500000000001,0.130048006772995,bmm
,1,1x127x620x58,14.0,1005.0,52.0,56.35500000000001,0.0143360001966357,bmm
,28,28x128x798x99,14.0,1005.0,52.0,56.35500000000001,0.1729856044054031,bmm
,7,7x71x582x128,14.0,1005.0,52.0,56.35500000000001,0.1278592020273208,bmm
,2,2x69x953x80,14.0,1005.0,52.0,56.35500000000001,0.2022399991750717,bmm
,32,32x79x1015x249,14.0,1005.0,52.0,56.35500000000001,0.2150079995393753,bmm
,2,2x108x902x153,14.0,1005.0,52.0,56.35500000000001,0.1925120055675506,bmm
,2,2x106x551x246,14.0,1005.0,52.0,56.35500000000001,0.1218559965491294,bmm
,33,33x108x683x410,14.0,1005.0,52.0,56.35500000000001,0.2846719920635223,bmm
,5,5x125x950x364,10.0,1005.0,58.0,88.625,0.2036863982677459,bmm
,30,30x99x957x287,10.0,1005.0,58.0,88.625,0.3911167979240417,bmm
,17,17x95x928x757,10.0,1005.0,58.0,88.625,0.3778559863567352,bmm
,17,17x100x693x556,10.0,1005.0,58.0,88.625,0.2867200076580047,bmm
,17,17x128x605x756,10.0,1005.0,58.0,88.625,0.2538623988628387,bmm
,32,32x224x8x21,10.0,1005.0,58.0,88.625,0.0112640000879764,bmm
,24,24x160x16x29,10.0,1005.0,58.0,88.625,0.0133119998499751,bmm
,32,32x249x27x22,10.0,1005.0,58.0,88.625,0.0169215999543666,bmm
,26,26x180x20x53,10.0,1005.0,58.0,88.625,0.0153599996119737,bmm
,27,27x223x12x58,3.0,1005.0,62.0,122.38700000000004,0.0140352001413702,bmm
,24,24x172x8x33,3.0,1005.0,62.0,122.38700000000004,0.0119168000295758,bmm
,13,13x236x12x117,3.0,1005.0,62.0,122.38700000000004,0.0142464000731706,bmm
,25,25x237x17x74,3.0,1005.0,62.0,122.38700000000004,0.0153599996119737,bmm
,3,3x174x17x86,3.0,1005.0,62.0,122.38700000000004,0.0153599996119737,bmm
,24,24x239x19x196,3.0,1005.0,62.0,122.38700000000004,0.0235520005226135,bmm
,17,17x170x30x240,3.0,1005.0,62.0,122.38700000000004,0.0174080003052949,bmm
,11,11x198x14x130,3.0,1005.0,62.0,122.38700000000004,0.0143360001966357,bmm
,6,6x246x31x489,3.0,1005.0,62.0,122.38700000000004,0.0184320006519556,bmm
,17,17x174x16x461,3.0,1005.0,62.0,122.38700000000004,0.0222592003643512,bmm
,24,24x180x32x485,4.0,1005.0,64.0,125.71399999999996,0.0370304010808467,bmm
,10,10x255x6x810,4.0,1005.0,64.0,125.71399999999996,0.0204799994826316,bmm
,33,33x237x27x609,4.0,1005.0,64.0,125.71399999999996,0.059315200895071,bmm
,21,21x245x29x784,4.0,1005.0,64.0,125.71399999999996,0.0491520017385482,bmm
,26,26x253x52x24,4.0,1005.0,64.0,125.71399999999996,0.0215039998292922,bmm
,13,13x151x52x30,4.0,1005.0,64.0,125.71399999999996,0.0215039998292922,bmm
,4,4x214x33x7,4.0,1005.0,64.0,125.71399999999996,0.0184320006519556,bmm
,18,18x235x63x40,4.0,1005.0,64.0,125.71399999999996,0.0235520005226135,bmm
,9,9x204x57x59,4.0,1005.0,64.0,125.71399999999996,0.0235520005226135,bmm
,16,16x182x36x34,4.0,1005.0,64.0,125.71399999999996,0.0184320006519556,bmm
,22,22x219x35x99,3.0,1005.0,65.0,123.95600000000002,0.0190655998885631,bmm
,29,29x256x39x84,3.0,1005.0,65.0,123.95600000000002,0.0187776003032922,bmm
,24,24x235x56x96,3.0,1005.0,65.0,123.95600000000002,0.0215039998292922,bmm
,21,21x231x43x240,3.0,1005.0,65.0,123.95600000000002,0.0326847992837429,bmm
,14,14x242x55x232,3.0,1005.0,65.0,123.95600000000002,0.0224960003048181,bmm
,17,17x190x52x237,3.0,1005.0,65.0,123.95600000000002,0.0532479993999004,bmm
,23,23x205x51x328,3.0,1005.0,65.0,123.95600000000002,0.1423360019922256,bmm
,31,31x183x61x296,3.0,1005.0,65.0,123.95600000000002,0.2029567956924438,bmm
,14,14x245x63x273,3.0,1005.0,65.0,123.95600000000002,0.0901120007038116,bmm
,32,32x136x42x658,13.0,420.0,64.0,112.058,0.3284992039203643,bmm
,22,22x225x63x648,13.0,420.0,64.0,112.058,0.3332095980644226,bmm
,11,11x135x52x639,13.0,420.0,64.0,112.058,0.0913408011198043,bmm
,26,26x140x127x2,13.0,420.0,64.0,112.058,0.0931840017437934,bmm
,6,6x168x104x27,13.0,420.0,64.0,112.058,0.0788479968905448,bmm
,4,4x180x95x16,13.0,420.0,64.0,112.058,0.0757760033011436,bmm
,16,16x161x103x59,13.0,420.0,64.0,112.058,0.0880640000104904,bmm
,4,4x252x99x49,13.0,420.0,64.0,112.058,0.0880640000104904,bmm
,33,33x210x108x49,11.0,345.0,61.0,84.93100000000003,0.0931840017437934,bmm
,32,32x229x75x74,11.0,345.0,61.0,84.93100000000003,0.0737280026078224,bmm
,2,2x200x110x89,11.0,345.0,61.0,84.93100000000003,0.0962560027837753,bmm
,32,32x172x89x87,11.0,345.0,61.0,84.93100000000003,0.0870399996638298,bmm
,27,27x199x80x248,11.0,345.0,61.0,84.93100000000003,0.1583103984594345,bmm
,28,28x148x96x179,11.0,345.0,61.0,84.93100000000003,0.149504005908966,bmm
,4,4x214x95x147,11.0,345.0,61.0,84.93100000000003,0.0909312009811401,bmm
,5,5x155x72x283,11.0,345.0,61.0,84.93100000000003,0.0745472028851509,bmm
,13,13x156x78x263,11.0,345.0,61.0,84.93100000000003,0.0849919989705085,bmm
,33,33x220x104x331,12.0,315.0,58.0,61.28600000000004,0.3577855944633484,bmm
,13,13x146x108x706,12.0,315.0,58.0,61.28600000000004,0.2174976021051406,bmm
,30,30x183x95x1005,12.0,315.0,58.0,61.28600000000004,0.6940672039985657,bmm
,24,24x140x68x716,12.0,315.0,58.0,61.28600000000004,0.3258367955684662,bmm
,25,25x157x215x14,12.0,315.0,58.0,61.28600000000004,0.183705598115921,bmm
,28,28x191x140x13,12.0,315.0,58.0,61.28600000000004,0.132915198802948,bmm
,24,24x256x247x12,12.0,315.0,58.0,61.28600000000004,0.2222079932689666,bmm
,28,28x225x169x56,12.0,315.0,58.0,61.28600000000004,0.1699839979410171,bmm
,24,24x256x210x50,17.0,270.0,57.0,59.555,0.2047999948263168,bmm
,8,8x147x221x35,17.0,270.0,57.0,59.555,0.2127871990203857,bmm
,1,1x249x167x115,17.0,270.0,57.0,59.555,0.0460800006985664,bmm
,2,2x224x164x81,17.0,270.0,57.0,59.555,0.1699839979410171,bmm
,26,26x226x181x115,17.0,270.0,57.0,59.555,0.3837952017784118,bmm
,13,13x146x227x201,17.0,270.0,57.0,59.555,0.2408448010683059,bmm
,31,31x146x228x181,17.0,270.0,57.0,59.555,0.549888014793396,bmm
,26,26x192x213x254,19.64,266.4,56.76,59.16223999999998,0.5724160075187683,bmm
,12,12x153x229x279,39.0,240.0,55.0,56.28199999999999,0.2654208004474639,bmm
,11,11x193x182x279,39.0,240.0,55.0,56.28199999999999,0.2041855990886688,bmm
,32,32x247x146x299,39.0,240.0,55.0,56.28199999999999,0.8624128103256226,bmm
,18,18x168x241x879,39.0,240.0,55.0,56.28199999999999,1.2404736280441284,bmm
,24,24x190x180x606,39.0,240.0,55.0,56.28199999999999,1.0928127765655518,bmm
,13,13x182x230x951,46.0,225.0,54.0,52.615,0.9947136044502258,bmm
,18,18x223x279x5,46.0,225.0,54.0,52.615,0.2437119930982589,bmm
,22,22x133x486x25,46.0,225.0,54.0,52.615,0.4657151997089386,bmm
,13,13x167x449x14,46.0,225.0,54.0,52.615,0.3215360045433044,bmm
,4,4x192x370x57,46.0,225.0,54.0,52.615,0.2727935910224914,bmm
,33,33x149x475x62,46.0,225.0,54.0,52.615,0.6033408045768738,bmm
,25,25x171x498x61,41.0,315.0,53.0,53.41599999999997,0.561356782913208,bmm
,19,19x225x503x74,41.0,315.0,53.0,53.41599999999997,0.5736448049545289,bmm
,32,32x207x293x117,41.0,315.0,53.0,53.41599999999997,0.6004735827445984,bmm
,31,31x137x442x68,41.0,315.0,53.0,53.41599999999997,0.5582848191261292,bmm
,28,28x193x411x257,41.0,315.0,53.0,53.41599999999997,1.2347391843795776,bmm
,5,5x235x470x202,41.0,315.0,53.0,53.41599999999997,0.307200014591217,bmm
,12,12x178x389x233,41.0,315.0,53.0,53.41599999999997,0.4468735933303833,bmm
,1,1x144x393x260,22.0,345.0,53.0,54.440000000000026,0.0532479993999004,bmm
,26,26x225x286x439,22.0,345.0,53.0,54.440000000000026,1.2560384035110477,bmm
,21,21x133x441x280,22.0,345.0,53.0,54.440000000000026,0.7569407939910888,bmm
,32,32x151x411x991,22.0,345.0,53.0,54.440000000000026,1.501798391342163,bmm
,15,15x194x500x639,22.0,345.0,53.0,54.440000000000026,0.5367807984352112,bmm
,8,8x151x431x705,39.0,510.0,54.0,57.20800000000001,0.3219456076622009,bmm
,26,26x131x984x21,39.0,510.0,54.0,57.20800000000001,0.4421631991863251,bmm
,32,32x203x898x4,39.0,510.0,54.0,57.20800000000001,0.4415487945079803,bmm
,26,26x229x586x19,39.0,510.0,54.0,57.20800000000001,0.3069952130317688,bmm
,14,14x179x522x56,39.0,510.0,54.0,57.20800000000001,0.2484223991632461,bmm
,26,26x191x547x40,39.0,510.0,54.0,57.20800000000001,0.28815358877182,bmm
,8,8x254x743x34,39.0,510.0,54.0,57.20800000000001,0.3317759931087494,bmm
,32,32x145x640x91,29.0,630.0,53.0,60.02099999999998,0.4284416019916534,bmm
,33,33x205x885x86,29.0,630.0,53.0,60.02099999999998,0.6090751886367798,bmm
,13,13x165x819x92,29.0,630.0,53.0,60.02099999999998,0.3715071976184845,bmm
,10,10x181x585x197,29.0,630.0,53.0,60.02099999999998,0.2838528037071228,bmm
,22,22x151x884x214,29.0,630.0,53.0,60.02099999999998,0.638975989818573,bmm
,19,19x198x614x141,29.0,630.0,53.0,60.02099999999998,0.3569664061069488,bmm
,24,24x192x941x491,32.12,630.0,53.0,60.07068,1.401036787033081,bmm
,5,5x190x608x341,42.0,630.0,53.0,60.228,0.2637823939323425,bmm
,16,16x139x972x343,42.0,630.0,53.0,60.228,0.6862847805023193,bmm
,19,19x205x1007x813,42.0,630.0,53.0,60.228,1.6418815851211548,bmm
,7,7x130x871x703,42.0,630.0,53.0,60.228,0.5732352137565613,bmm
,15,15x249x917x896,42.0,630.0,53.0,60.228,1.4311424016952514,bmm
,13,13x402x3x9,65.0,825.0,54.0,64.41000000000003,0.0163839999586343,bmm
,25,25x324x8x7,65.0,825.0,54.0,64.41000000000003,0.0163839999586343,bmm
,6,6x476x16x10,65.0,825.0,54.0,64.41000000000003,0.0180224005132913,bmm
,8,8x324x26x35,65.0,825.0,54.0,64.41000000000003,0.0225280001759529,bmm
,4,4x475x4x52,65.0,825.0,54.0,64.41000000000003,0.0172032002359628,bmm
,31,31x400x7x60,65.0,825.0,54.0,64.41000000000003,0.0225280001759529,bmm
,14,14x453x6x78,65.0,825.0,54.0,64.41000000000003,0.0169984001666307,bmm
,27,27x386x23x111,65.0,825.0,54.0,64.41000000000003,0.0307199992239475,bmm
,32,32x295x11x121,65.0,825.0,54.0,64.41000000000003,0.0274431999772787,bmm
,19,19x394x8x172,65.0,825.0,54.0,64.41000000000003,0.0708608016371727,bmm
,21,21x299x17x163,9.0,825.0,53.0,62.189000000000014,0.0325631998479366,bmm
,15,15x423x18x181,9.0,825.0,53.0,62.189000000000014,0.0307199992239475,bmm
,12,12x401x2x415,9.0,825.0,53.0,62.189000000000014,0.1298432052135467,bmm
,25,25x267x8x263,9.0,825.0,53.0,62.189000000000014,0.1114112004637718,bmm
,20,20x426x31x336,9.0,825.0,53.0,62.189000000000014,0.2121728003025055,bmm
,25,25x332x23x806,9.0,825.0,53.0,62.189000000000014,0.4943872094154358,bmm
,10,10x348x28x855,9.0,825.0,53.0,62.189000000000014,0.204799997806549,bmm
,10,10x456x29x1002,9.0,825.0,53.0,62.189000000000014,0.3198975980281829,bmm
,22,22x327x48x25,33.0,825.0,52.0,57.551,0.026419199630618,bmm
,9,9x313x36x23,33.0,825.0,52.0,57.551,0.0245760008692741,bmm
,24,24x284x39x5,33.0,825.0,52.0,57.551,0.0245760008692741,bmm
,31,31x467x54x61,33.0,825.0,52.0,57.551,0.0552960000932216,bmm
,15,15x473x43x50,33.0,825.0,52.0,57.551,0.0266239996999502,bmm
,4,4x447x60x45,33.0,825.0,52.0,57.551,0.0307199992239475,bmm
,13,13x273x48x99,33.0,825.0,52.0,57.551,0.0266239996999502,bmm
,23,23x323x39x107,33.0,825.0,52.0,57.551,0.0266239996999502,bmm
,10,10x339x65x108,33.0,825.0,52.0,57.551,0.0327679999172687,bmm
,20,20x301x64x153,33.0,825.0,52.0,57.551,0.0520191989839077,bmm
,29,29x328x40x253,8.0,825.0,52.0,55.48900000000001,0.1908735990524292,bmm
,4,4x382x33x168,8.0,825.0,52.0,55.48900000000001,0.0247808005660772,bmm
,12,12x312x58x478,8.0,825.0,52.0,55.48900000000001,0.1400831997394561,bmm
,14,14x420x35x451,8.0,825.0,52.0,55.48900000000001,0.4098048031330109,bmm
,26,26x298x52x488,8.0,825.0,52.0,55.48900000000001,0.7272447943687439,bmm
,28,28x438x57x523,8.0,825.0,52.0,55.48900000000001,1.218764805793762,bmm
,9,9x487x39x550,43.72,517.2,52.0,55.15535999999997,0.363315200805664,bmm
,32,32x490x59x933,55.0,420.0,52.0,55.049999999999976,1.2476415872573852,bmm
,7,7x301x78x6,55.0,420.0,52.0,55.049999999999976,0.0563200004398822,bmm
,31,31x320x109x30,55.0,420.0,52.0,55.049999999999976,0.1208320036530494,bmm
,10,10x448x105x22,55.0,420.0,52.0,55.049999999999976,0.0696320012211799,bmm
,7,7x321x129x40,55.0,420.0,52.0,55.049999999999976,0.0808959975838661,bmm
,30,30x440x88x48,55.0,420.0,52.0,55.049999999999976,0.1298432052135467,bmm
,10,10x401x98x44,55.0,420.0,52.0,55.049999999999976,0.0675840005278587,bmm
,21,21x487x85x88,14.0,480.0,51.0,55.02999999999998,0.1142784014344215,bmm
,14,14x443x79x92,14.0,480.0,51.0,55.02999999999998,0.0573440007865428,bmm
,33,33x461x89x97,14.0,480.0,51.0,55.02999999999998,0.2179072052240371,bmm
,28,28x359x110x224,14.0,480.0,51.0,55.02999999999998,0.3403775990009308,bmm
,23,23x382x74x184,14.0,480.0,51.0,55.02999999999998,0.1632256001234054,bmm
,14,14x368x78x200,14.0,480.0,51.0,55.02999999999998,0.0966656029224395,bmm
,11,11x424x114x378,14.0,480.0,51.0,55.02999999999998,0.1935359984636306,bmm
,20,20x397x105x434,14.0,480.0,51.0,55.02999999999998,0.4087807953357696,bmm
,9,9x310x106x480,19.04,480.0,51.0,55.33016000000001,0.1648640006780624,bmm
,18,18x344x82x984,23.0,480.0,51.0,55.56600000000002,0.6045696139335632,bmm
,19,19x299x110x761,23.0,480.0,51.0,55.56600000000002,0.5046272039413452,bmm
,20,20x489x84x621,23.0,480.0,51.0,55.56600000000002,0.5976063966751098,bmm
,7,7x313x190x2,23.0,480.0,51.0,55.56600000000002,0.103423997759819,bmm
,28,28x427x142x29,23.0,480.0,51.0,55.56600000000002,0.1841152012348175,bmm
,16,16x313x185x8,23.0,480.0,51.0,55.56600000000002,0.103423997759819,bmm
,11,11x361x217x51,23.0,480.0,51.0,55.56600000000002,0.1177600026130676,bmm
,1,1x499x238x54,23.0,480.0,51.0,55.56600000000002,0.0346112005412578,bmm
,15,15x342x166x39,12.0,480.0,51.0,56.04700000000002,0.0942080020904541,bmm
,8,8x395x134x83,12.0,480.0,51.0,56.04700000000002,0.0808959975838661,bmm
,12,12x392x218x107,12.0,480.0,51.0,56.04700000000002,0.1474560052156448,bmm
,30,30x333x203x85,12.0,480.0,51.0,56.04700000000002,0.2607104003429413,bmm
,23,23x257x141x193,12.0,480.0,51.0,56.04700000000002,0.1794047981500625,bmm
,16,16x454x237x231,12.0,480.0,51.0,56.04700000000002,0.3018752038478851,bmm
,20,20x493x175x225,12.0,480.0,51.0,56.04700000000002,0.3321855962276459,bmm
,6,6x328x206x381,12.0,480.0,51.0,56.04700000000002,0.1744896054267883,bmm
,22,22x306x203x503,27.0,330.0,51.0,56.01,1.1200511932373047,bmm
,5,5x257x168x318,27.0,330.0,51.0,56.01,0.1331200003623962,bmm
,29,29x320x239x662,27.0,330.0,51.0,56.01,2.26529278755188,bmm
,7,7x494x235x948,27.0,330.0,51.0,56.01,0.9926656007766724,bmm
,1,1x338x220x1025,27.0,330.0,51.0,56.01,0.0870399996638298,bmm
,31,31x449x498x12,16.0,420.0,51.0,54.683,1.0430463552474976,bmm
,15,15x378x310x12,16.0,420.0,51.0,54.683,0.3196927964687347,bmm
,9,9x359x357x17,16.0,420.0,51.0,54.683,0.186982399225235,bmm
,27,27x293x431x44,16.0,420.0,51.0,54.683,0.313753604888916,bmm
,7,7x317x512x47,16.0,420.0,51.0,54.683,0.2467840015888214,bmm
,4,4x313x498x49,16.0,420.0,51.0,54.683,0.2433023959398269,bmm
,23,23x293x470x75,16.0,420.0,51.0,54.683,0.336896002292633,bmm
,2,2x357x451x67,21.6,457.8,51.0,54.7982,0.2222079932689666,bmm
,4,4x378x375x76,23.0,465.0,51.0,54.827,0.187391996383667,bmm
,16,16x406x323x230,23.0,465.0,51.0,54.827,0.3600383996963501,bmm
,33,33x310x284x217,23.0,465.0,51.0,54.827,0.6721535921096802,bmm
,8,8x267x512x137,23.0,465.0,51.0,54.827,0.2691071927547455,bmm
,25,25x351x477x283,23.0,465.0,51.0,54.827,0.8110080003738404,bmm
,28,28x390x340x452,23.0,465.0,51.0,54.827,1.0668031930923465,bmm
,1,1x320x414x421,46.0,480.0,51.0,56.901,0.0491520017385482,bmm
,21,21x289x482x697,46.0,480.0,51.0,56.901,1.200332760810852,bmm
,15,15x288x389x776,46.0,480.0,51.0,56.901,0.7946239829063415,bmm
,28,28x401x330x538,46.0,480.0,51.0,56.901,1.2345343828201294,bmm
,21,21x433x733x25,46.0,480.0,51.0,56.901,0.5330944061279297,bmm
,22,22x381x883x15,46.0,480.0,51.0,56.901,0.5378047823905945,bmm
,9,9x382x930x9,30.0,615.0,52.0,61.51800000000002,0.4196352064609527,bmm
,8,8x471x782x63,30.0,615.0,52.0,61.51800000000002,0.3753983974456787,bmm
,8,8x429x857x39,30.0,615.0,52.0,61.51800000000002,0.3979263961315155,bmm
,30,30x451x841x61,30.0,615.0,52.0,61.51800000000002,0.8939520120620728,bmm
,3,3x364x953x100,30.0,615.0,52.0,61.51800000000002,0.3362815976142883,bmm
,18,18x329x611x91,30.0,615.0,52.0,61.51800000000002,0.3848192036151886,bmm
,8,8x318x968x120,30.0,615.0,52.0,61.51800000000002,0.445849597454071,bmm
,33,33x294x835x138,34.0,615.0,52.0,62.09200000000003,1.25665283203125,bmm
,32,32x401x647x179,34.0,615.0,52.0,62.09200000000003,1.090559959411621,bmm
,20,20x375x812x253,34.0,615.0,52.0,62.09200000000003,0.7759872078895569,bmm
,30,30x420x629x434,34.0,615.0,52.0,62.09200000000003,1.5312895774841309,bmm
,26,26x483x948x461,34.0,615.0,52.0,62.09200000000003,2.0813823699951173,bmm
,2,2x267x901x303,79.0,795.0,53.0,66.05099999999999,0.2461695969104766,bmm
,16,16x263x549x533,79.0,795.0,53.0,66.05099999999999,0.6932479977607727,bmm
,9,9x395x599x591,79.0,795.0,53.0,66.05099999999999,0.6619135737419128,bmm
,7,7x392x995x898,79.0,795.0,53.0,66.05099999999999,1.038540816307068,bmm
,29,29x742x2x26,79.0,795.0,53.0,66.05099999999999,0.0249856002628803,bmm
,26,26x997x15x4,79.0,795.0,53.0,66.05099999999999,0.029696000739932,bmm
,21,21x985x31x33,79.0,795.0,53.0,66.05099999999999,0.0389119982719421,bmm
,11,11x1011x9x59,79.0,795.0,53.0,66.05099999999999,0.0215039998292922,bmm
,30,30x728x22x41,6.0,1005.0,54.0,68.25099999999999,0.0382975995540618,bmm
,7,7x575x30x43,6.0,1005.0,54.0,68.25099999999999,0.019455999135971,bmm
,7,7x734x18x87,6.0,1005.0,54.0,68.25099999999999,0.0174080003052949,bmm
,31,31x513x21x74,6.0,1005.0,54.0,68.25099999999999,0.0266239996999502,bmm
,20,20x837x6x92,6.0,1005.0,54.0,68.25099999999999,0.0968704029917717,bmm
,14,14x708x25x224,6.0,1005.0,54.0,68.25099999999999,0.1499136000871658,bmm
,18,18x1003x26x140,6.0,1005.0,54.0,68.25099999999999,0.1964032053947448,bmm
,6,6x942x8x143,6.0,1005.0,54.0,68.25099999999999,0.0200703993439674,bmm
,13,13x664x18x299,6.0,1005.0,54.0,68.25099999999999,0.1720320016145706,bmm
,6,6x632x6x350,13.0,1005.0,52.0,59.76,0.0739328026771545,bmm
,25,25x806x12x399,13.0,1005.0,52.0,59.76,0.5328896045684814,bmm
,23,23x973x11x550,13.0,1005.0,52.0,59.76,0.8071168065071106,bmm
,3,3x631x12x999,13.0,1005.0,52.0,59.76,0.1196032032370567,bmm
,12,12x879x20x679,13.0,1005.0,52.0,59.76,0.473497599363327,bmm
,15,15x623x59x28,13.0,1005.0,52.0,59.76,0.0255999993532896,bmm
,30,30x918x43x30,13.0,1005.0,52.0,59.76,0.1441791981458663,bmm
,31,31x676x55x7,13.0,1005.0,52.0,59.76,0.0511999987065792,bmm
,26,26x586x55x64,10.0,1005.0,52.0,56.92399999999999,0.0587776012718677,bmm
,14,14x822x60x38,10.0,1005.0,52.0,56.92399999999999,0.0405503988265991,bmm
,30,30x597x55x39,10.0,1005.0,52.0,56.92399999999999,0.0593920014798641,bmm
,29,29x894x63x107,10.0,1005.0,52.0,56.92399999999999,0.3213312029838562,bmm
,3,3x637x64x123,10.0,1005.0,52.0,56.92399999999999,0.0255999993532896,bmm
,20,20x549x40x110,10.0,1005.0,52.0,56.92399999999999,0.0372736014425754,bmm
,5,5x847x56x138,10.0,1005.0,52.0,56.92399999999999,0.0239616006612777,bmm
,20,20x762x36x224,10.0,1005.0,52.0,56.92399999999999,0.2762751996517181,bmm
,27,27x645x50x197,10.0,1005.0,52.0,56.92399999999999,0.3196927964687347,bmm
,22,22x861x53x434,24.0,1005.0,52.0,56.98000000000001,0.6778879880905151,bmm
,20,20x811x53x488,24.0,1005.0,52.0,56.98000000000001,0.6449151873588562,bmm
,26,26x736x46x313,24.0,1005.0,52.0,56.98000000000001,0.5111808180809021,bmm
,32,32x988x51x973,24.0,1005.0,52.0,56.98000000000001,2.3244800567626958,bmm
,9,9x595x59x536,24.0,1005.0,52.0,56.98000000000001,0.2443263977766037,bmm
,13,13x843x41x813,23.04,940.2,52.0,57.50751999999999,0.6756351947784424,bmm
,5,5x520x69x27,20.0,735.0,52.0,59.177999999999976,0.031539199501276,bmm
,29,29x951x80x7,20.0,735.0,52.0,59.177999999999976,0.1916928023099899,bmm
,32,32x763x98x22,20.0,735.0,52.0,59.177999999999976,0.2539519965648651,bmm
,11,11x825x125x61,20.0,735.0,52.0,59.177999999999976,0.0950272023677825,bmm
,26,26x1001x86x55,20.0,735.0,52.0,59.177999999999976,0.2983935952186584,bmm
,15,15x666x100x40,20.0,735.0,52.0,59.177999999999976,0.0690176010131835,bmm
,4,4x970x96x96,20.0,735.0,52.0,59.177999999999976,0.0368640013039112,bmm
,15,15x762x126x124,20.0,735.0,52.0,59.177999999999976,0.2013183981180191,bmm
,28,28x627x121x89,11.36,855.0,52.0,59.75976000000002,0.2760703921318054,bmm
,33,33x829x121x157,11.0,855.0,52.0,59.784000000000034,0.5814272165298462,bmm
,13,13x624x94x183,11.0,855.0,52.0,59.784000000000034,0.1429503977298736,bmm
,31,31x939x99x187,11.0,855.0,52.0,59.784000000000034,0.6479871869087219,bmm
,4,4x931x110x328,11.0,855.0,52.0,59.784000000000034,0.0995327979326248,bmm
,18,18x622x74x381,11.0,855.0,52.0,59.784000000000034,0.3926016092300415,bmm
,29,29x804x79x498,11.0,855.0,52.0,59.784000000000034,1.0369024276733398,bmm
,5,5x834x111x969,45.0,855.0,52.0,58.86899999999999,0.3710976004600524,bmm
,26,26x1011x71x574,45.0,855.0,52.0,58.86899999999999,1.2607487678527831,bmm
,13,13x587x120x796,45.0,855.0,52.0,58.86899999999999,0.58367999792099,bmm
,15,15x843x238x10,45.0,855.0,52.0,58.86899999999999,0.2273280024528503,bmm
,23,23x583x212x21,45.0,855.0,52.0,58.86899999999999,0.234495997428894,bmm
,29,29x726x226x4,45.0,855.0,52.0,58.86899999999999,0.389324802160263,bmm
,27,27x708x182x38,45.0,855.0,52.0,58.86899999999999,0.3125247955322265,bmm
,5,5x957x205x47,26.0,855.0,52.0,60.94499999999999,0.0643071994185447,bmm
,4,4x727x204x56,26.0,855.0,52.0,60.94499999999999,0.0643071994185447,bmm
,17,17x841x136x68,26.0,855.0,52.0,60.94499999999999,0.2093055993318557,bmm
,5,5x628x250x124,26.0,855.0,52.0,60.94499999999999,0.0757760033011436,bmm
,15,15x645x165x93,26.0,855.0,52.0,60.94499999999999,0.1892351984977722,bmm
,24,24x661x137x227,26.0,855.0,52.0,60.94499999999999,0.475135999917984,bmm
,29,29x732x245x196,26.0,855.0,52.0,60.94499999999999,0.879206383228302,bmm
,2,2x642x153x187,26.0,855.0,52.0,60.94499999999999,0.0696320012211799,bmm
,2,2x716x219x334,31.0,630.0,52.0,59.91200000000001,0.0921600013971328,bmm
,25,25x944x250x496,31.0,630.0,52.0,59.91200000000001,1.5650816202163695,bmm
,26,26x676x236x457,31.0,630.0,52.0,59.91200000000001,1.1057151794433593,bmm
,8,8x831x155x995,31.0,630.0,52.0,59.91200000000001,0.6938624024391175,bmm
,32,32x811x186x618,31.0,630.0,52.0,59.91200000000001,1.784012794494629,bmm
,1,1x616x253x761,79.0,645.0,53.0,63.54199999999999,0.0659455999732017,bmm
,26,26x553x434x29,79.0,645.0,53.0,63.54199999999999,0.4786176085472107,bmm
,23,23x873x384x18,79.0,645.0,53.0,63.54199999999999,0.5558272004127502,bmm
,21,21x826x308x6,79.0,645.0,53.0,63.54199999999999,0.3713023960590362,bmm
,8,8x707x415x65,79.0,645.0,53.0,63.54199999999999,0.2574335932731628,bmm
,19,19x597x422x47,79.0,645.0,53.0,63.54199999999999,0.3952640056610107,bmm
,16,16x534x504x61,79.0,645.0,53.0,63.54199999999999,0.3649536073207855,bmm
,9,9x842x383x81,26.0,720.0,52.0,64.44800000000004,0.2764799952507019,bmm
,2,2x972x286x109,26.0,720.0,52.0,64.44800000000004,0.0983040034770965,bmm
,22,22x751x465x83,26.0,720.0,52.0,64.44800000000004,0.6399999976158142,bmm
,22,22x604x305x232,26.0,720.0,52.0,64.44800000000004,0.6551551938056945,bmm
,17,17x924x359x187,26.0,720.0,52.0,64.44800000000004,0.6936575889587402,bmm
,25,25x826x271x224,26.0,720.0,52.0,64.44800000000004,0.9150463938713074,bmm
,3,3x636x416x406,26.0,720.0,52.0,64.44800000000004,0.2123775988817215,bmm
,24,24x657x379x508,46.0,720.0,53.0,61.05299999999996,1.3824000358581543,bmm
,19,19x949x463x479,46.0,720.0,53.0,61.05299999999996,1.5849472284317017,bmm
,20,20x690x417x562,46.0,720.0,53.0,61.05299999999996,1.3312000036239624,bmm
,15,15x840x294x721,46.0,720.0,53.0,61.05299999999996,1.1603968143463137,bmm
,3,3x672x329x765,46.0,720.0,53.0,61.05299999999996,0.1986559987068176,bmm
,3,3x972x644x15,44.0,1005.0,55.0,67.88300000000002,0.1419135987758636,bmm
,8,8x917x719x6,44.0,1005.0,55.0,67.88300000000002,0.1566720008850097,bmm
,24,24x961x659x29,44.0,1005.0,55.0,67.88300000000002,0.4116480052471161,bmm
,10,10x811x578x47,44.0,1005.0,55.0,67.88300000000002,0.1310656011104583,bmm
,2,2x686x842x56,44.0,1005.0,55.0,67.88300000000002,0.1822720021009445,bmm
,19,19x909x973x48,44.0,1005.0,55.0,67.88300000000002,0.4017791926860809,bmm
,2,2x955x820x83,44.0,1005.0,55.0,67.88300000000002,0.178176000714302,bmm
,24,24x858x846x116,44.0,1005.0,55.0,67.88300000000002,0.5244928002357483,bmm
,29,29x820x935x71,27.0,1005.0,57.0,85.537,0.5744640231132507,bmm
,10,10x934x837x248,27.0,1005.0,57.0,85.537,0.3491840064525604,bmm
,10,10x731x827x145,27.0,1005.0,57.0,85.537,0.3440383970737457,bmm
,31,31x800x768x158,27.0,1005.0,57.0,85.537,0.9291647791862488,bmm
,32,32x865x860x300,27.0,1005.0,57.0,85.537,1.5532032251358032,bmm
,11,11x886x771x355,27.0,1005.0,57.0,85.537,0.4812799990177154,bmm
,6,6x853x545x323,25.4,1005.0,58.2,99.01796000000006,0.2334656029939651,bmm
,9,9x867x780x710,23.0,1005.0,62.0,106.60100000000006,0.796671986579895,bmm
,10,10x755x602x590,23.0,1005.0,62.0,106.60100000000006,0.5038080215454102,bmm
,1,1x956x751x728,23.0,1005.0,62.0,106.60100000000006,0.1351680010557174,bmm
,44,44x13x17x10,23.0,1005.0,62.0,106.60100000000006,0.0081919999793171,bmm
,55,55x16x1x17,23.0,1005.0,62.0,106.60100000000006,0.0061440002173185,bmm
,49,49x21x29x23,23.0,1005.0,62.0,106.60100000000006,0.0179327998310327,bmm
,62,62x30x29x42,23.0,1005.0,62.0,106.60100000000006,0.0174080003052949,bmm
,39,39x2x26x63,4.0,1005.0,63.0,111.27,0.0081855999305844,bmm
,43,43x32x4x55,4.0,1005.0,63.0,111.27,0.0125439999625086,bmm
,60,60x8x9x101,4.0,1005.0,63.0,111.27,0.0081919999793171,bmm
,50,50x22x22x89,4.0,1005.0,63.0,111.27,0.0163839999586343,bmm
,62,62x18x5x122,4.0,1005.0,63.0,111.27,0.0128704002127051,bmm
,64,64x21x13x177,4.0,1005.0,63.0,111.27,0.0204799994826316,bmm
,34,34x27x6x223,4.0,1005.0,63.0,111.27,0.0174080003052949,bmm
,53,53x2x8x142,4.0,1005.0,63.0,111.27,0.0094208002090454,bmm
,65,65x4x9x511,4.0,1005.0,63.0,111.27,0.012288000434637,bmm
,58,58x4x27x459,4.0,1005.0,63.0,111.27,0.0133119998499751,bmm
,47,47x15x10x327,8.0,660.0,60.0,94.45800000000004,0.0174080003052949,bmm
,47,47x32x1x870,8.0,660.0,60.0,94.45800000000004,0.0593919992446899,bmm
,45,45x21x17x915,8.0,660.0,60.0,94.45800000000004,0.0778239965438842,bmm
,46,46x20x24x987,8.0,660.0,60.0,94.45800000000004,0.1460224002599716,bmm
,58,58x11x64x31,8.0,660.0,60.0,94.45800000000004,0.0114688001573085,bmm
,56,56x14x45x28,8.0,660.0,60.0,94.45800000000004,0.012288000434637,bmm
,44,44x1x40x6,8.0,660.0,60.0,94.45800000000004,0.0081919999793171,bmm
,62,62x27x44x33,8.0,660.0,60.0,94.45800000000004,0.0348160006105899,bmm
,47,47x4x51x56,8.0,660.0,60.0,94.45800000000004,0.0116736002266407,bmm
,51,51x10x64x59,7.0,570.0,57.0,67.81899999999997,0.0133119998499751,bmm
,41,41x14x58x75,7.0,570.0,57.0,67.81899999999997,0.0153599996119737,bmm
,47,47x23x59x78,7.0,570.0,57.0,67.81899999999997,0.0430079996585845,bmm
,45,45x2x34x68,7.0,570.0,57.0,67.81899999999997,0.012288000434637,bmm
,56,56x14x52x238,7.0,570.0,57.0,67.81899999999997,0.0255999993532896,bmm
,57,57x3x64x151,7.0,570.0,57.0,67.81899999999997,0.0143360001966357,bmm
,59,59x7x33x161,7.0,570.0,57.0,67.81899999999997,0.0153599996119737,bmm
,43,43x3x51x426,7.0,570.0,57.0,67.81899999999997,0.0174080003052949,bmm
,54,54x32x47x484,7.0,570.0,57.0,67.81899999999997,0.1640448004007339,bmm
,50,50x28x60x291,7.0,570.0,57.0,67.81899999999997,0.0778239965438842,bmm
,56,56x17x63x581,14.0,450.0,55.0,54.88000000000002,0.2152448028326034,bmm
,50,50x1x52x653,14.0,450.0,55.0,54.88000000000002,0.1071103990077972,bmm
,37,37x31x65x587,14.0,450.0,55.0,54.88000000000002,0.186982399225235,bmm
,61,61x15x81x31,14.0,450.0,55.0,54.88000000000002,0.0163839999586343,bmm
,58,58x18x124x22,14.0,450.0,55.0,54.88000000000002,0.0796671971678733,bmm
,50,50x19x94x21,14.0,450.0,55.0,54.88000000000002,0.064716799557209,bmm
,53,53x14x124x44,14.0,450.0,55.0,54.88000000000002,0.0225280001759529,bmm
,37,37x17x80x57,14.0,450.0,55.0,54.88000000000002,0.0604160018265247,bmm
,63,63x28x114x53,14.0,450.0,55.0,54.88000000000002,0.0808959975838661,bmm
,36,36x1x79x108,14.0,450.0,55.0,54.88000000000002,0.0182272005826234,bmm
,34,34x11x76x99,11.0,405.0,54.0,54.663,0.0184320006519556,bmm
,60,60x25x122x92,11.0,405.0,54.0,54.663,0.0942080020904541,bmm
,34,34x32x129x228,11.0,405.0,54.0,54.663,0.0993279963731765,bmm
,47,47x25x125x135,11.0,405.0,54.0,54.663,0.1667072027921676,bmm
,55,55x15x99x222,11.0,405.0,54.0,54.663,0.0614399991929531,bmm
,38,38x17x122x333,11.0,405.0,54.0,54.663,0.2998271942138671,bmm
,60,60x11x95x265,11.0,405.0,54.0,54.663,0.2476031988859176,bmm
,50,50x33x67x513,23.16,354.6,53.44,53.74012,0.4452351927757263,bmm
,40,40x16x85x556,30.0,345.0,53.0,53.221,0.371097594499588,bmm
,41,41x3x91x588,30.0,345.0,53.0,53.221,0.3438592016696929,bmm
,61,61x9x103x918,30.0,345.0,53.0,53.221,0.9400319933891296,bmm
,48,48x10x154x19,30.0,345.0,53.0,53.221,0.0245760008692741,bmm
,45,45x20x171x1,30.0,345.0,53.0,53.221,0.0190463997423648,bmm
,56,56x4x160x29,30.0,345.0,53.0,53.221,0.0217087998986244,bmm
,58,58x15x139x35,30.0,345.0,53.0,53.221,0.0327679999172687,bmm
,63,63x5x185x62,30.0,345.0,53.0,53.221,0.0276480000466108,bmm
,60,60x31x198x54,11.0,315.0,52.0,51.38799999999999,0.1546240001916885,bmm
,56,56x27x231x118,11.0,315.0,52.0,51.38799999999999,0.3526656031608581,bmm
,54,54x24x159x104,11.0,315.0,52.0,51.38799999999999,0.1372160017490387,bmm
,39,39x6x150x66,11.0,315.0,52.0,51.38799999999999,0.0276480000466108,bmm
,43,43x20x213x154,11.0,315.0,52.0,51.38799999999999,0.3362815976142883,bmm
,49,49x11x153x256,11.0,315.0,52.0,51.38799999999999,0.3254272043704986,bmm
,53,53x14x190x247,11.0,315.0,52.0,51.38799999999999,0.4730879962444305,bmm
,63,63x28x233x319,20.0,304.2,52.0,51.16695999999998,0.9644032120704652,bmm
,62,62x26x211x487,36.0,285.0,52.0,50.77399999999998,1.1528191566467283,bmm
,65,65x32x200x360,36.0,285.0,52.0,50.77399999999998,0.9781247973442078,bmm
,65,65x18x229x714,36.0,285.0,52.0,50.77399999999998,0.8857600092887878,bmm
,47,47x29x196x820,36.0,285.0,52.0,50.77399999999998,0.686899197101593,bmm
,50,50x27x133x826,51.0,465.0,52.0,53.04299999999998,0.5326848030090332,bmm
,34,34x7x323x17,51.0,465.0,52.0,53.04299999999998,0.0225280001759529,bmm
,33,33x16x290x18,51.0,465.0,52.0,53.04299999999998,0.0235520005226135,bmm
,57,57x13x385x2,51.0,465.0,52.0,53.04299999999998,0.0268287997692823,bmm
,43,43x13x504x37,51.0,465.0,52.0,53.04299999999998,0.0430079996585845,bmm
,59,59x1x418x62,51.0,465.0,52.0,53.04299999999998,0.1142784014344215,bmm
,39,39x4x410x41,51.0,465.0,52.0,53.04299999999998,0.0266239996999502,bmm
,53,53x12x304x82,51.0,465.0,52.0,53.04299999999998,0.043827199935913,bmm
,52,52x20x308x116,51.0,465.0,52.0,53.04299999999998,0.1933311998844146,bmm
,58,58x7x392x85,8.0,510.0,51.0,55.68100000000002,0.1509376019239425,bmm
,64,64x16x287x239,8.0,510.0,51.0,55.68100000000002,0.343449592590332,bmm
,40,40x26x354x193,8.0,510.0,51.0,55.68100000000002,0.2523135960102081,bmm
,46,46x8x264x234,8.0,510.0,51.0,55.68100000000002,0.211353600025177,bmm
,57,57x23x353x381,8.0,510.0,51.0,55.68100000000002,0.6930431962013245,bmm
,40,40x19x329x402,8.0,510.0,51.0,55.68100000000002,0.4063231945037842,bmm
,43,43x31x369x481,8.0,510.0,51.0,55.68100000000002,0.7118848085403442,bmm
,37,37x7x380x802,28.0,510.0,51.0,55.90363999999997,0.7679999947547913,bmm
,60,60x17x396x717,33.0,510.0,51.0,55.933999999999976,1.3586432218551636,bmm
,60,60x2x296x618,33.0,510.0,51.0,55.933999999999976,0.711679995059967,bmm
,35,35x17x524x27,33.0,510.0,51.0,55.933999999999976,0.2238463968038559,bmm
,64,64x14x934x22,33.0,510.0,51.0,55.933999999999976,0.1482751995325088,bmm
,43,43x15x559x12,33.0,510.0,51.0,55.933999999999976,0.0344064004719257,bmm
,42,42x5x675x63,33.0,510.0,51.0,55.933999999999976,0.1411072015762329,bmm
,47,47x11x785x54,33.0,510.0,51.0,55.933999999999976,0.1714175999164581,bmm
,62,62x6x631x41,11.0,555.0,52.0,57.77700000000002,0.130662402510643,bmm
,54,54x6x778x98,11.0,555.0,52.0,57.77700000000002,0.2988032102584839,bmm
,62,62x11x795x108,11.0,555.0,52.0,57.77700000000002,0.392192006111145,bmm
,36,36x2x666x110,11.0,555.0,52.0,57.77700000000002,0.1890303999185562,bmm
,51,51x33x556x209,11.0,555.0,52.0,57.77700000000002,0.5031936168670654,bmm
,50,50x10x927x225,11.0,555.0,52.0,57.77700000000002,0.71249920129776,bmm
,63,63x4x929x182,11.0,555.0,52.0,57.77700000000002,0.6952959895133972,bmm
,49,49x17x694x499,30.0,555.0,51.0,58.14599999999998,1.3420543670654297,bmm
,59,59x20x675x267,30.0,555.0,51.0,58.14599999999998,0.977510392665863,bmm
,55,55x24x810x278,30.0,555.0,51.0,58.14599999999998,1.187225580215454,bmm
,65,65x33x536x744,30.0,555.0,51.0,58.14599999999998,1.8524160146713256,bmm
,46,46x14x726x876,46.32,759.0,52.28,59.79975999999999,1.986355185508728,bmm
,38,38x13x1017x734,54.0,855.0,53.0,60.57799999999998,1.8843648433685305,bmm
,59,59x33x1x12,54.0,855.0,53.0,60.57799999999998,0.0053183998912572,bmm
,40,40x59x1x14,54.0,855.0,53.0,60.57799999999998,0.0051199998706579,bmm
,54,54x34x9x27,54.0,855.0,53.0,60.57799999999998,0.0140543999150395,bmm
,35,35x51x9x59,54.0,855.0,53.0,60.57799999999998,0.0140416000038385,bmm
,45,45x36x14x56,54.0,855.0,53.0,60.57799999999998,0.0140288000926375,bmm
,36,36x60x33x44,54.0,855.0,53.0,60.57799999999998,0.0184320006519556,bmm
,54,54x52x16x126,54.0,855.0,53.0,60.57799999999998,0.0133119998499751,bmm
,51,51x51x12x67,4.0,1005.0,55.0,72.87200000000001,0.0134783998131752,bmm
,39,39x51x2x129,4.0,1005.0,55.0,72.87200000000001,0.012288000434637,bmm
,58,58x40x30x235,4.0,1005.0,55.0,72.87200000000001,0.0255999993532896,bmm
,40,40x42x28x216,4.0,1005.0,55.0,72.87200000000001,0.0173952002078294,bmm
,60,60x39x10x177,4.0,1005.0,55.0,72.87200000000001,0.019455999135971,bmm
,47,47x33x1x479,4.0,1005.0,55.0,72.87200000000001,0.0102271998301148,bmm
,36,36x50x6x407,4.0,1005.0,55.0,72.87200000000001,0.0165440000593662,bmm
,64,64x61x29x401,4.0,1005.0,55.0,72.87200000000001,0.0479232013225555,bmm
,43,43x37x17x536,4.0,1005.0,55.0,72.87200000000001,0.0324415989220142,bmm
,39,39x62x6x988,6.0,1005.0,57.0,86.13799999999998,0.0317375995218753,bmm
,64,64x55x25x637,6.0,1005.0,57.0,86.13799999999998,0.0516095988452434,bmm
,39,39x60x50x19,6.0,1005.0,57.0,86.13799999999998,0.0218304000794887,bmm
,33,33x43x38x32,6.0,1005.0,57.0,86.13799999999998,0.0184320006519556,bmm
,53,53x59x34x22,6.0,1005.0,57.0,86.13799999999998,0.0184320006519556,bmm
,56,56x33x57x42,6.0,1005.0,57.0,86.13799999999998,0.0234624002128839,bmm
,42,42x37x44x37,6.0,1005.0,57.0,86.13799999999998,0.0204799994826316,bmm
,60,60x49x65x51,6.0,1005.0,57.0,86.13799999999998,0.0251456003636121,bmm
,48,48x58x61x114,6.0,1005.0,57.0,86.13799999999998,0.0235520005226135,bmm
,64,64x42x41x105,6.0,1005.0,57.0,86.13799999999998,0.0204799994826316,bmm
,62,62x35x34x80,4.0,1005.0,58.0,92.94700000000006,0.0184320006519556,bmm
,48,48x41x50x229,4.0,1005.0,58.0,92.94700000000006,0.0348160006105899,bmm
,43,43x58x47x185,4.0,1005.0,58.0,92.94700000000006,0.0317439995706081,bmm
,64,64x51x49x186,4.0,1005.0,58.0,92.94700000000006,0.0348160006105899,bmm
,38,38x56x46x458,4.0,1005.0,58.0,92.94700000000006,0.0337920002639293,bmm
,39,39x48x60x486,4.0,1005.0,58.0,92.94700000000006,0.0399359986186027,bmm
,41,41x63x33x396,4.0,1005.0,58.0,92.94700000000006,0.0292031999677419,bmm
,50,50x52x43x654,4.0,1005.0,58.0,92.94700000000006,0.0604160018265247,bmm
,54,54x34x41x519,4.0,1005.0,58.0,92.94700000000006,0.059366401284933,bmm
,53,53x54x63x547,7.0,1005.0,59.0,93.66,0.2150399982929229,bmm
,51,51x59x84x1,7.0,1005.0,59.0,93.66,0.0153599996119737,bmm
,33,33x52x76x4,7.0,1005.0,59.0,93.66,0.0775999993085861,bmm
,62,62x44x88x23,7.0,1005.0,59.0,93.66,0.0849919989705085,bmm
,48,48x39x115x36,7.0,1005.0,59.0,93.66,0.1085439994931221,bmm
,42,42x46x117x43,7.0,1005.0,59.0,93.66,0.1085439994931221,bmm
,59,59x40x127x62,7.0,1005.0,59.0,93.66,0.1136640012264251,bmm
,44,44x44x121x73,7.0,1005.0,59.0,93.66,0.1202176034450531,bmm
,41,41x56x115x71,7.0,1005.0,59.0,93.66,0.1153024017810821,bmm
,48,48x58x72x70,14.0,285.0,57.0,82.88899999999995,0.0798719972372055,bmm
,42,42x43x109x135,14.0,285.0,57.0,82.88899999999995,0.2025471955537796,bmm
,40,40x42x115x141,14.0,285.0,57.0,82.88899999999995,0.1208320036530494,bmm
,58,58x39x81x175,14.0,285.0,57.0,82.88899999999995,0.1679359972476959,bmm
,46,46x33x87x490,14.0,285.0,57.0,82.88899999999995,0.292659193277359,bmm
,51,51x57x81x265,14.0,285.0,57.0,82.88899999999995,0.1912831991910934,bmm
,50,50x45x119x440,14.0,285.0,57.0,82.88899999999995,0.3739647924900054,bmm
,56,56x43x126x749,14.0,285.0,57.0,82.88899999999995,0.6651903986930847,bmm
,54,54x53x98x675,26.0,240.0,55.0,66.75600000000003,0.4603903949260711,bmm
,56,56x61x109x893,26.0,240.0,55.0,66.75600000000003,0.6995968222618103,bmm
,65,65x40x138x14,26.0,240.0,55.0,66.75600000000003,0.1372160017490387,bmm
,39,39x42x136x7,26.0,240.0,55.0,66.75600000000003,0.1290239989757537,bmm
,36,36x51x221x18,26.0,240.0,55.0,66.75600000000003,0.1966080069541931,bmm
,49,49x64x136x46,26.0,240.0,55.0,66.75600000000003,0.131481596827507,bmm
,48,48x41x250x34,26.0,240.0,55.0,66.75600000000003,0.2209791988134384,bmm
,40,40x49x138x34,21.0,270.0,54.0,57.27299999999998,0.1386495977640152,bmm
,58,58x64x186x73,21.0,270.0,54.0,57.27299999999998,0.1839103996753692,bmm
,64,64x63x197x96,21.0,270.0,54.0,57.27299999999998,0.2158592045307159,bmm
,46,46x62x142x123,21.0,270.0,54.0,57.27299999999998,0.1419263988733291,bmm
,40,40x38x242x134,21.0,270.0,54.0,57.27299999999998,0.2226175963878631,bmm
,61,61x33x173x144,21.0,270.0,54.0,57.27299999999998,0.3020800054073334,bmm
,43,43x65x256x198,21.0,270.0,54.0,57.27299999999998,0.4251647889614105,bmm
,55,55x60x140x510,21.0,270.0,54.0,57.27299999999998,0.473497599363327,bmm
,57,57x57x192x392,36.0,270.0,53.0,57.85699999999998,0.9764863967895508,bmm
,55,55x48x233x397,36.0,270.0,53.0,57.85699999999998,1.0838015794754028,bmm
,37,37x60x134x577,36.0,270.0,53.0,57.85699999999998,0.7053312063217163,bmm
,54,54x44x192x557,36.0,270.0,53.0,57.85699999999998,1.155891180038452,bmm
,53,53x35x178x809,36.0,270.0,53.0,57.85699999999998,1.461247992515564,bmm
,50,50x38x483x18,54.0,420.0,53.0,57.45499999999999,0.2537471950054168,bmm
,38,38x53x431x17,54.0,420.0,53.0,57.45499999999999,0.2293760031461715,bmm
,38,38x60x288x15,54.0,420.0,53.0,57.45499999999999,0.1607680022716522,bmm
,36,36x34x411x41,54.0,420.0,53.0,57.45499999999999,0.2211840003728866,bmm
,43,43x33x416x53,54.0,420.0,53.0,57.45499999999999,0.2697215974330902,bmm
,56,56x49x464x57,54.0,420.0,53.0,57.45499999999999,0.4876287996768951,bmm
,40,40x44x334x102,54.0,420.0,53.0,57.45499999999999,0.3784703969955444,bmm
,39,39x38x447x129,54.0,420.0,53.0,57.45499999999999,0.5054463982582093,bmm
,33,33x50x485x82,46.0,420.0,52.0,55.177999999999976,0.4319231986999511,bmm
,55,55x57x281x247,46.0,420.0,52.0,55.177999999999976,0.824729609489441,bmm
,60,60x49x413x223,46.0,420.0,52.0,55.177999999999976,1.0770431756973269,bmm
,58,58x46x381x204,46.0,420.0,52.0,55.177999999999976,0.8830976009368896,bmm
,49,49x54x356x273,46.0,420.0,52.0,55.177999999999976,0.4423679947853088,bmm
,63,63x65x403x291,46.0,420.0,52.0,55.177999999999976,0.7682048082351685,bmm
,61,61x39x264x421,46.0,510.0,52.0,54.64899999999998,0.6023167967796326,bmm
,63,63x39x397x973,46.0,510.0,52.0,54.64899999999998,1.8817024230957031,bmm
,48,48x39x334x628,46.0,510.0,52.0,54.64899999999998,0.8194047927856445,bmm
,44,44x33x265x577,46.0,510.0,52.0,54.64899999999998,0.590233588218689,bmm
,38,38x51x576x16,40.0,570.0,53.0,58.397,0.2213887989521026,bmm
,35,35x33x716x2,40.0,570.0,53.0,58.397,0.2672640085220337,bmm
,60,60x50x607x5,40.0,570.0,53.0,58.397,0.2684927940368652,bmm
,33,33x56x712x60,40.0,570.0,53.0,58.397,0.3332096040248871,bmm
,56,56x34x892x60,40.0,570.0,53.0,58.397,0.427622401714325,bmm
,57,57x33x822x38,40.0,570.0,53.0,58.397,0.3680256009101867,bmm
,64,64x51x907x88,40.0,570.0,53.0,58.397,0.5761023759841919,bmm
,36,36x49x888x99,40.0,570.0,53.0,58.397,0.4419583976268768,bmm
,33,33x34x563x73,38.0,570.0,52.0,59.39799999999998,0.2611200034618378,bmm
,50,50x33x572x151,38.0,570.0,52.0,59.39799999999998,0.4456447958946228,bmm
,55,55x36x606x158,38.0,570.0,52.0,59.39799999999998,0.4863999962806701,bmm
,45,45x35x546x247,38.0,570.0,52.0,59.39799999999998,0.5042176246643066,bmm
,46,46x59x865x324,38.0,570.0,52.0,59.39799999999998,1.0362880229949951,bmm
,35,35x42x873x463,38.0,570.0,52.0,59.39799999999998,1.037107229232788,bmm
,60,60x35x952x486,43.0,615.0,52.0,59.853,1.9824639797210688,bmm
,54,54x36x969x967,43.0,615.0,52.0,59.853,3.413811206817627,bmm
,53,53x39x556x1018,43.0,615.0,52.0,59.853,0.6756352186203003,bmm
,57,57x36x694x685,43.0,615.0,52.0,59.853,0.6956607937812805,bmm
,33,33x85x27x4,45.0,1005.0,55.0,72.722,0.0163839999586343,bmm
,61,61x89x9x30,45.0,1005.0,55.0,72.722,0.0133119998499751,bmm
,50,50x109x9x3,45.0,1005.0,55.0,72.722,0.0133119998499751,bmm
,54,54x83x3x56,45.0,1005.0,55.0,72.722,0.0122432002797722,bmm
,35,35x95x31x65,45.0,1005.0,55.0,72.722,0.0173631999641656,bmm
,53,53x66x14x43,45.0,1005.0,55.0,72.722,0.0133119998499751,bmm
,36,36x88x10x93,45.0,1005.0,55.0,72.722,0.0133119998499751,bmm
,48,48x66x10x79,45.0,1005.0,55.0,72.722,0.0139583999291062,bmm
,60,60x104x11x115,45.0,1005.0,55.0,72.722,0.0142976000905036,bmm
,41,41x65x29x158,45.0,1005.0,55.0,72.722,0.0173311997205019,bmm
,56,56x77x28x156,4.0,1005.0,59.0,99.95,0.0255999993532896,bmm
,48,48x126x14x146,4.0,1005.0,59.0,99.95,0.0204799994826316,bmm
,36,36x87x14x407,4.0,1005.0,59.0,99.95,0.0204287994652986,bmm
,56,56x90x1x321,4.0,1005.0,59.0,99.95,0.0143360001966357,bmm
,56,56x89x3x323,4.0,1005.0,59.0,99.95,0.0235520005226135,bmm
,55,55x115x7x742,4.0,1005.0,59.0,99.95,0.0399231992661952,bmm
,48,48x100x5x909,4.0,1005.0,59.0,99.95,0.0368640013039112,bmm
,62,62x70x25x752,4.0,1005.0,59.0,99.95,0.0574912004172801,bmm
,52,52x89x47x27,4.0,1005.0,59.0,99.95,0.0203712005168199,bmm
,49,49x92x59x9,4.0,1005.0,59.0,99.95,0.0234624002128839,bmm
,45,45x108x48x9,5.0,1005.0,62.0,123.33599999999991,0.019455999135971,bmm
,64,64x116x34x56,5.0,1005.0,62.0,123.33599999999991,0.0184320006519556,bmm
,63,63x99x58x57,5.0,1005.0,62.0,123.33599999999991,0.0235520005226135,bmm
,65,65x76x54x44,5.0,1005.0,62.0,123.33599999999991,0.0215039998292922,bmm
,56,56x80x50x88,5.0,1005.0,62.0,123.33599999999991,0.0215039998292922,bmm
,59,59x93x62x93,5.0,1005.0,62.0,123.33599999999991,0.0235520005226135,bmm
,46,46x111x50x87,5.0,1005.0,62.0,123.33599999999991,0.0220160000026226,bmm
,61,61x124x61x162,5.0,1005.0,62.0,123.33599999999991,0.0389119982719421,bmm
,34,34x112x53x140,5.0,1005.0,62.0,123.33599999999991,0.022342400252819,bmm
,47,47x80x46x230,5.0,1005.0,62.0,123.33599999999991,0.0317439995706081,bmm
,48,48x109x41x448,3.0,1005.0,64.0,123.47699999999998,0.0478272005915641,bmm
,47,47x81x47x473,3.0,1005.0,64.0,123.47699999999998,0.0470720008015632,bmm
,45,45x113x35x307,3.0,1005.0,64.0,123.47699999999998,0.0304000001400709,bmm
,45,45x106x61x781,3.0,1005.0,64.0,123.47699999999998,0.0716800019145011,bmm
,55,55x116x36x899,3.0,1005.0,64.0,123.47699999999998,0.2271232008934021,bmm
,39,39x95x33x1010,3.0,1005.0,64.0,123.47699999999998,0.1566720008850097,bmm
,63,63x111x114x5,3.0,1005.0,64.0,123.47699999999998,0.0995135977864265,bmm
,54,54x107x119x18,3.0,1005.0,64.0,123.47699999999998,0.1044479981064796,bmm
,60,60x85x66x5,3.0,1005.0,64.0,123.47699999999998,0.0737280026078224,bmm
,46,46x74x86x60,3.0,1005.0,64.0,123.47699999999998,0.0839679986238479,bmm
,52,52x90x79x38,11.0,315.0,64.0,117.42599999999996,0.0788479968905448,bmm
,55,55x127x113x50,11.0,315.0,64.0,117.42599999999996,0.1105920001864433,bmm
,52,52x122x122x104,11.0,315.0,64.0,117.42599999999996,0.116736002266407,bmm
,63,63x90x69x114,11.0,315.0,64.0,117.42599999999996,0.0778239965438842,bmm
,33,33x87x112x109,11.0,315.0,64.0,117.42599999999996,0.103423997759819,bmm
,59,59x120x96x205,11.0,315.0,64.0,117.42599999999996,0.1720319986343383,bmm
,47,47x99x117x196,11.0,315.0,64.0,117.42599999999996,0.2058176010847091,bmm
,33,33x122x81x144,11.0,315.0,64.0,117.42599999999996,0.0942080020904541,bmm
,35,35x96x66x278,11.0,315.0,64.0,117.42599999999996,0.1398783981800079,bmm
,62,62x107x115x439,8.0,270.0,64.0,104.65799999999994,0.4071424007415771,bmm
,58,58x114x93x300,8.0,270.0,64.0,104.65799999999994,0.2635775923728943,bmm
,51,51x88x98x929,8.0,270.0,64.0,104.65799999999994,0.4741120040416717,bmm
,38,38x127x121x805,8.0,270.0,64.0,104.65799999999994,0.4632511973381042,bmm
,60,60x115x108x698,8.0,270.0,64.0,104.65799999999994,0.507699191570282,bmm
,46,46x66x187x2,8.0,270.0,64.0,104.65799999999994,0.1943424016237259,bmm
,55,55x105x192x4,8.0,270.0,64.0,104.65799999999994,0.1935359984636306,bmm
,35,35x81x204x30,20.0,240.0,64.0,96.808,0.2080640017986297,bmm
,63,63x128x211x49,20.0,240.0,64.0,96.808,0.2191359996795654,bmm
,42,42x105x139x54,20.0,240.0,64.0,96.808,0.1568639993667602,bmm
,38,38x71x159x62,20.0,240.0,64.0,96.808,0.1689600050449371,bmm
,49,49x110x174x105,20.0,240.0,64.0,96.808,0.1861632019281387,bmm
,51,51x84x165x79,20.0,240.0,64.0,96.808,0.1771519929170608,bmm
,52,52x129x256x107,20.0,240.0,64.0,96.808,0.466944009065628,bmm
,44,44x115x238x182,20.0,240.0,64.0,96.808,0.4419327914714813,bmm
,38,38x116x218x150,20.0,240.0,64.0,96.66784,0.2263039946556091,bmm
,58,58x94x240x191,26.0,240.0,63.0,95.64,0.4382719993591308,bmm
,45,45x91x156x371,26.0,240.0,63.0,95.64,0.3092480003833771,bmm
,42,42x120x235x512,26.0,240.0,63.0,95.64,0.6490111947059631,bmm
,65,65x128x242x502,26.0,240.0,63.0,95.64,0.8847360014915466,bmm
,60,60x83x174x589,26.0,240.0,63.0,95.64,0.641427195072174,bmm
,61,61x84x233x797,26.0,240.0,63.0,95.64,1.2584960460662842,bmm
,45,45x85x215x711,48.0,240.0,64.0,96.08400000000002,0.7720959782600403,bmm
,36,36x72x487x26,48.0,240.0,64.0,96.08400000000002,0.3721216022968292,bmm
,54,54x79x463x12,48.0,240.0,64.0,96.08400000000002,0.3563391983509064,bmm
,39,39x93x435x12,48.0,240.0,64.0,96.08400000000002,0.3409920036792755,bmm
,50,50x96x295x41,48.0,240.0,64.0,96.08400000000002,0.2504703998565674,bmm
,58,58x113x445x58,48.0,240.0,64.0,96.08400000000002,0.3876864016056061,bmm
,33,33x121x409x41,48.0,240.0,64.0,96.08400000000002,0.3330048024654388,bmm
,64,64x97x437x101,48.0,240.0,64.0,96.08400000000002,0.4452351927757263,bmm
,57,57x102x271x98,26.0,285.0,61.0,91.338,0.287334394454956,bmm
,58,58x116x405x72,26.0,285.0,61.0,91.338,0.3745792031288147,bmm
,39,39x109x469x189,26.0,285.0,61.0,91.338,0.4509696006774902,bmm
,55,55x114x406x153,26.0,285.0,61.0,91.338,0.6316031813621521,bmm
,40,40x91x475x224,26.0,285.0,61.0,91.338,0.4827135980129242,bmm
,43,43x103x276x450,26.0,285.0,61.0,91.338,0.7524352073669434,bmm
,48,48x92x407x482,28.88,285.0,60.76,87.70103999999999,1.040384006500244,bmm
,47,47x105x260x507,38.0,285.0,60.0,76.18399999999998,0.7931903958320617,bmm
,63,63x95x330x987,38.0,285.0,60.0,76.18399999999998,2.0641791820526123,bmm
,39,39x116x316x848,38.0,285.0,60.0,76.18399999999998,1.044275164604187,bmm
,50,50x125x374x887,38.0,285.0,60.0,76.18399999999998,1.7096704483032226,bmm
,35,35x107x749x32,38.0,285.0,60.0,76.18399999999998,0.4050943970680237,bmm
,44,44x73x874x12,50.0,420.0,59.0,66.03999999999998,0.4188159942626953,bmm
,46,46x106x744x31,50.0,420.0,59.0,66.03999999999998,0.3897344052791595,bmm
,57,57x85x920x37,50.0,420.0,59.0,66.03999999999998,0.4964352011680603,bmm
,63,63x94x530x47,50.0,420.0,59.0,66.03999999999998,0.3735552012920379,bmm
,43,43x112x1015x54,50.0,420.0,59.0,66.03999999999998,0.5777407884597778,bmm
,33,33x107x819x98,50.0,420.0,59.0,66.03999999999998,0.4593664050102234,bmm
,40,40x75x764x127,50.0,420.0,59.0,66.03999999999998,0.4728832066059112,bmm
,47,47x112x604x105,28.0,510.0,57.0,65.38100000000003,0.4638719856739044,bmm
,63,63x104x650x209,28.0,510.0,57.0,65.38100000000003,0.8937472105026245,bmm
,46,46x124x724x231,28.0,510.0,57.0,65.38100000000003,0.8302592039108276,bmm
,36,36x65x854x211,28.0,510.0,57.0,65.38100000000003,0.602726399898529,bmm
,39,39x113x810x383,28.0,510.0,57.0,65.38100000000003,1.102233600616455,bmm
,51,51x87x597x450,33.2,531.0,57.0,65.20196,1.3223936080932617,bmm
,40,40x69x706x257,54.0,585.0,57.0,64.635,0.6623231768608093,bmm
,40,40x94x837x729,54.0,585.0,57.0,64.635,1.9503104209899904,bmm
,48,48x107x977x652,54.0,585.0,57.0,64.635,2.450636863708496,bmm
,65,65x128x723x994,54.0,585.0,57.0,64.635,1.0444799661636353,bmm
,55,55x178x33x27,54.0,585.0,57.0,64.635,0.029254400357604,bmm
,61,61x247x9x1,42.0,1005.0,58.0,74.05099999999997,0.0065600000321865,bmm
,52,52x154x10x10,42.0,1005.0,58.0,74.05099999999997,0.0204607997089624,bmm
,44,44x203x1x49,42.0,1005.0,58.0,74.05099999999997,0.0081919999793171,bmm
,33,33x167x26x61,42.0,1005.0,58.0,74.05099999999997,0.0177728001028299,bmm
,54,54x248x31x53,42.0,1005.0,58.0,74.05099999999997,0.0266239996999502,bmm
,43,43x170x6x78,42.0,1005.0,58.0,74.05099999999997,0.0174080003052949,bmm
,64,64x157x11x73,42.0,1005.0,58.0,74.05099999999997,0.0204799994826316,bmm
,38,38x230x1x83,42.0,1005.0,58.0,74.05099999999997,0.0099903998896479,bmm
,59,59x219x21x153,42.0,1005.0,58.0,74.05099999999997,0.0389119982719421,bmm
,41,41x156x7x157,5.0,1005.0,60.0,87.57500000000002,0.0174080003052949,bmm
,36,36x131x33x197,5.0,1005.0,60.0,87.57500000000002,0.029696000739932,bmm
,35,35x141x26x360,5.0,1005.0,60.0,87.57500000000002,0.0405503988265991,bmm
,50,50x239x12x332,5.0,1005.0,60.0,87.57500000000002,0.0501631990075111,bmm
,34,34x225x16x406,5.0,1005.0,60.0,87.57500000000002,0.0430079996585845,bmm
,48,48x164x32x719,5.0,1005.0,60.0,87.57500000000002,0.0983040034770965,bmm
,65,65x199x15x768,5.0,1005.0,60.0,87.57500000000002,0.1155072018504142,bmm
,42,42x133x13x779,5.0,1005.0,60.0,87.57500000000002,0.0665600001811981,bmm
,58,58x239x61x10,5.0,1005.0,60.0,87.57500000000002,0.0389119982719421,bmm
,42,42x229x42x3,7.0,1005.0,61.0,97.704,0.0317439995706081,bmm
,62,62x133x33x19,7.0,1005.0,61.0,97.704,0.0295679997652769,bmm
,35,35x144x62x44,7.0,1005.0,61.0,97.704,0.0245696008205413,bmm
,45,45x161x60x37,7.0,1005.0,61.0,97.704,0.0389119982719421,bmm
,52,52x174x42x61,7.0,1005.0,61.0,97.704,0.0327679999172687,bmm
,49,49x189x55x118,7.0,1005.0,61.0,97.704,0.0378880016505718,bmm
,55,55x231x42x81,7.0,1005.0,61.0,97.704,0.0327679999172687,bmm
,59,59x156x65x103,7.0,1005.0,61.0,97.704,0.0430079996585845,bmm
,42,42x151x54x239,7.0,1005.0,61.0,97.704,0.0525759987533092,bmm
,42,42x247x48x129,7.0,1005.0,61.0,97.704,0.0472704008221626,bmm
,34,34x217x39x154,5.0,1005.0,62.0,95.357,0.030707199499011,bmm
,60,60x130x48x511,5.0,1005.0,62.0,95.357,0.0919552013278007,bmm
,35,35x132x46x409,5.0,1005.0,62.0,95.357,0.0604160018265247,bmm
,39,39x201x62x425,5.0,1005.0,62.0,95.357,0.1871871978044509,bmm
,63,63x164x62x570,5.0,1005.0,62.0,95.357,0.3508224010467529,bmm
,40,40x179x64x859,5.0,1005.0,62.0,95.357,0.3031040132045746,bmm
,49,49x204x45x651,5.0,1005.0,62.0,95.357,0.297977602481842,bmm
,61,61x220x73x28,5.0,1005.0,62.0,95.357,0.1187712028622627,bmm
,46,46x179x111x3,20.0,360.0,62.0,95.84200000000004,0.1536000072956085,bmm
,60,60x148x66x21,20.0,360.0,62.0,95.84200000000004,0.110572800040245,bmm
,52,52x152x76x33,20.0,360.0,62.0,95.84200000000004,0.1239039972424507,bmm
,40,40x164x74x61,20.0,360.0,62.0,95.84200000000004,0.0727040022611618,bmm
,43,43x187x114x34,20.0,360.0,62.0,95.84200000000004,0.1699839979410171,bmm
,62,62x181x72x129,20.0,360.0,62.0,95.84200000000004,0.2277311980724334,bmm
,44,44x242x102x74,20.0,360.0,62.0,95.84200000000004,0.1666944026947021,bmm
,52,52x140x122x118,20.0,360.0,62.0,95.84200000000004,0.1980415970087051,bmm
,41,41x220x81x184,20.0,360.0,62.0,95.84200000000004,0.1474560052156448,bmm
,34,34x166x125x180,16.0,300.0,62.0,95.273,0.206847995519638,bmm
,64,64x215x109x194,16.0,300.0,62.0,95.273,0.3493760049343109,bmm
,44,44x173x83x503,16.0,300.0,62.0,95.273,0.3524608016014099,bmm
,40,40x202x99x463,16.0,300.0,62.0,95.273,0.475545597076416,bmm
,44,44x230x99x510,16.0,300.0,62.0,95.273,0.6561792016029357,bmm
,35,35x203x90x726,16.0,300.0,62.0,95.273,0.6375424027442932,bmm
,47,47x137x115x845,16.0,300.0,62.0,95.273,0.9136127948760986,bmm
,57,57x185x109x561,49.0,285.0,61.0,86.77799999999999,0.7892991900444031,bmm
,49,49x224x134x29,49.0,285.0,61.0,86.77799999999999,0.2170879989862442,bmm
,44,44x148x224x20,49.0,285.0,61.0,86.77799999999999,0.3246079981327057,bmm
,55,55x146x139x10,49.0,285.0,61.0,86.77799999999999,0.2150399982929229,bmm
,48,48x178x170x51,49.0,285.0,61.0,86.77799999999999,0.2652159929275512,bmm
,61,61x214x229x53,49.0,285.0,61.0,86.77799999999999,0.3733504056930542,bmm
,33,33x227x175x50,49.0,285.0,61.0,86.77799999999999,0.17879039645195,bmm
,41,41x237x199x125,24.0,315.0,58.0,69.75600000000003,0.2908160090446472,bmm
,53,53x164x198x72,24.0,315.0,58.0,69.75600000000003,0.3010559976100921,bmm
,52,52x189x141x121,24.0,315.0,58.0,69.75600000000003,0.2603008031845092,bmm
,44,44x130x206x252,24.0,315.0,58.0,69.75600000000003,0.475545597076416,bmm
,62,62x203x239x199,24.0,315.0,58.0,69.75600000000003,0.7475200057029724,bmm
,41,41x172x221x207,24.0,315.0,58.0,69.75600000000003,0.3692544043064117,bmm
,52,52x243x173x467,24.0,315.0,58.0,69.75600000000003,0.9840639948844908,bmm
,43,43x242x139x325,37.0,315.0,57.0,62.35200000000002,0.5642240047454834,bmm
,37,37x141x150x369,37.0,315.0,57.0,62.35200000000002,0.4081663966178894,bmm
,42,42x247x253x551,37.0,315.0,57.0,62.35200000000002,1.217740774154663,bmm
,53,53x187x247x690,37.0,315.0,57.0,62.35200000000002,1.4436352252960205,bmm
,38,38x240x205x653,37.0,315.0,57.0,62.35200000000002,1.0399744033813476,bmm
,35,35x237x363x17,37.0,315.0,57.0,62.35200000000002,0.2680832028388977,bmm
,52,52x175x278x11,52.0,390.0,57.0,63.92599999999999,0.319487988948822,bmm
,57,57x194x486x1,52.0,390.0,57.0,63.92599999999999,0.3538943946361542,bmm
,33,33x129x430x47,52.0,390.0,57.0,63.92599999999999,0.2697215974330902,bmm
,49,49x238x282x52,52.0,390.0,57.0,63.92599999999999,0.369049608707428,bmm
,59,59x194x469x62,52.0,390.0,57.0,63.92599999999999,0.5783551931381226,bmm
,33,33x207x428x70,52.0,390.0,57.0,63.92599999999999,0.3352575898170471,bmm
,65,65x191x365x68,52.0,390.0,57.0,63.92599999999999,0.5095424056053162,bmm
,34,34x244x477x107,22.0,390.0,56.0,63.56600000000002,0.4474880039691925,bmm
,53,53x134x411x164,22.0,390.0,56.0,63.56600000000002,0.6981632113456726,bmm
,58,58x170x264x250,22.0,390.0,56.0,63.56600000000002,0.7196671962738037,bmm
,52,52x196x344x232,22.0,390.0,56.0,63.56600000000002,0.8857600092887878,bmm
,57,57x174x289x431,22.0,390.0,56.0,63.56600000000002,1.1008000373840332,bmm
,59,59x249x259x454,34.48,405.6,56.0,63.34188000000001,1.2294143915176392,bmm
,40,40x250x284x336,48.0,420.0,56.0,63.135,0.7815167903900146,bmm
,51,51x205x424x543,48.0,420.0,56.0,63.135,1.654374361038208,bmm
,63,63x232x457x648,48.0,420.0,56.0,63.135,2.408243179321289,bmm
,57,57x176x386x855,54.4,592.8,56.6,66.69788,2.1280767917633057,bmm
,62,62x222x767x1,58.0,690.0,57.0,68.702,0.1013759970664978,bmm
,35,35x219x876x15,58.0,690.0,57.0,68.702,0.188806402683258,bmm
,56,56x199x922x27,58.0,690.0,57.0,68.702,0.3803264021873474,bmm
,44,44x163x564x49,58.0,690.0,57.0,68.702,0.2375680059194564,bmm
,57,57x168x766x46,58.0,690.0,57.0,68.702,0.3184640109539032,bmm
,36,36x193x765x39,58.0,690.0,57.0,68.702,0.1679295986890792,bmm
,42,42x146x825x94,58.0,690.0,57.0,68.702,0.3420160114765167,bmm
,57,57x205x676x82,16.0,1005.0,59.0,82.91599999999997,0.2846719920635223,bmm
,41,41x137x891x116,16.0,1005.0,59.0,82.91599999999997,0.1945600062608719,bmm
,33,33x208x766x207,16.0,1005.0,59.0,82.91599999999997,0.3184640109539032,bmm
,64,64x179x686x147,16.0,1005.0,59.0,82.91599999999997,0.5576832056045532,bmm
,35,35x177x818x176,16.0,1005.0,59.0,82.91599999999997,0.3395135998725891,bmm
,33,33x249x936x421,16.0,1005.0,59.0,82.91599999999997,0.7577599883079529,bmm
,35,35x147x875x257,16.0,1005.0,59.0,82.91599999999997,0.5355520248413086,bmm
,33,33x141x804x262,16.0,1005.0,59.0,88.63631999999996,0.4919231951236725,bmm
,43,43x139x757x893,26.0,1005.0,62.0,100.79199999999996,1.214259147644043,bmm
,48,48x216x940x648,26.0,1005.0,62.0,100.79199999999996,1.4999615907669068,bmm
,38,38x201x740x593,26.0,1005.0,62.0,100.79199999999996,0.7536256074905395,bmm
,40,40x314x26x3,26.0,1005.0,62.0,100.79199999999996,0.0255999993532896,bmm
,36,36x327x13x6,26.0,1005.0,62.0,100.79199999999996,0.0203904002904891,bmm
,53,53x449x1x24,26.0,1005.0,62.0,100.79199999999996,0.0081919999793171,bmm
,54,54x283x26x48,26.0,1005.0,62.0,100.79199999999996,0.0266239996999502,bmm
,35,35x317x11x36,4.0,1005.0,65.0,112.73700000000004,0.0204799994826316,bmm
,44,44x457x3x36,4.0,1005.0,65.0,112.73700000000004,0.0239488001912832,bmm
,54,54x372x33x76,4.0,1005.0,65.0,112.73700000000004,0.0348160006105899,bmm
,40,40x509x32x71,4.0,1005.0,65.0,112.73700000000004,0.0307199992239475,bmm
,42,42x472x26x67,4.0,1005.0,65.0,112.73700000000004,0.039903999119997,bmm
,64,64x305x21x237,4.0,1005.0,65.0,112.73700000000004,0.0718848019838333,bmm
,36,36x449x17x222,4.0,1005.0,65.0,112.73700000000004,0.0528703995048999,bmm
,57,57x320x16x178,4.0,1005.0,65.0,112.73700000000004,0.0497663997113704,bmm
,33,33x308x12x340,4.0,1005.0,65.0,112.73700000000004,0.0450560003519058,bmm
,44,44x325x21x379,5.92,1005.0,64.56,109.55663999999996,0.0759808033704757,bmm
,48,48x350x2x305,7.0,1005.0,64.0,108.05999999999996,0.0569344006478786,bmm
,63,63x426x21x599,7.0,1005.0,64.0,108.05999999999996,0.1914879977703094,bmm
,51,51x382x14x671,7.0,1005.0,64.0,108.05999999999996,0.1411072015762329,bmm
,52,52x501x2x966,7.0,1005.0,64.0,108.05999999999996,0.2277056008577346,bmm
,63,63x409x36x9,7.0,1005.0,64.0,108.05999999999996,0.0522239990532398,bmm
,33,33x277x48x26,7.0,1005.0,64.0,108.05999999999996,0.0317055992782115,bmm
,37,37x388x65x28,7.0,1005.0,64.0,108.05999999999996,0.0419775992631912,bmm
,39,39x323x39x43,7.0,1005.0,64.0,108.05999999999996,0.0296832006424665,bmm
,52,52x511x52x44,5.0,1005.0,64.0,97.529,0.0583680011332035,bmm
,51,51x291x57x36,5.0,1005.0,64.0,97.529,0.0389119982719421,bmm
,57,57x355x48x65,5.0,1005.0,64.0,97.529,0.0491520017385482,bmm
,53,53x439x53x122,5.0,1005.0,64.0,97.529,0.0675840005278587,bmm
,50,50x259x33x71,5.0,1005.0,64.0,97.529,0.029696000739932,bmm
,44,44x388x52x195,5.0,1005.0,64.0,97.529,0.0901120007038116,bmm
,61,61x267x48x233,5.0,1005.0,64.0,97.529,0.0840063989162445,bmm
,37,37x365x50x132,5.0,1005.0,64.0,97.529,0.054271999746561,bmm
,52,52x419x35x494,5.0,1005.0,64.0,97.529,0.1636351972818374,bmm
,43,43x385x50x332,5.0,1005.0,64.0,97.529,0.1214463993906974,bmm
,62,62x498x51x480,13.0,1005.0,64.0,98.49299999999997,0.2535423934459686,bmm
,65,65x398x39x943,13.0,1005.0,64.0,98.49299999999997,0.5898240208625793,bmm
,61,61x355x33x906,13.0,1005.0,64.0,98.49299999999997,0.4177919924259186,bmm
,59,59x268x59x669,13.0,1005.0,64.0,98.49299999999997,0.4239360094070434,bmm
,60,60x418x99x29,13.0,1005.0,64.0,98.49299999999997,0.159129598736763,bmm
,46,46x493x73x23,13.0,1005.0,64.0,98.49299999999997,0.1280000060796737,bmm
,34,34x336x67x31,13.0,1005.0,64.0,98.49299999999997,0.0866175994277,bmm
,41,41x270x127x33,12.0,465.0,65.0,99.57700000000004,0.1345407962799072,bmm
,60,60x412x123x35,12.0,465.0,65.0,99.57700000000004,0.1988543927669525,bmm
,61,61x377x77x43,12.0,465.0,65.0,99.57700000000004,0.1382399946451187,bmm
,49,49x279x104x112,12.0,465.0,65.0,99.57700000000004,0.1185792028903961,bmm
,61,61x315x106x115,12.0,465.0,65.0,99.57700000000004,0.1841152012348175,bmm
,63,63x407x68x94,12.0,465.0,65.0,99.57700000000004,0.1683456003665924,bmm
,64,64x444x122x170,12.0,465.0,65.0,99.57700000000004,0.7766015887260437,bmm
,44,44x410x76x225,12.0,465.0,65.0,99.57700000000004,0.497459203004837,bmm
,44,44x319x109x220,37.0,420.0,64.0,96.756,0.4308992028236389,bmm
,37,37x403x77x373,37.0,420.0,64.0,96.756,0.5957631945610047,bmm
,45,45x271x84x474,37.0,420.0,64.0,96.756,0.6739967942237854,bmm
,33,33x328x105x458,37.0,420.0,64.0,96.756,0.5883904099464417,bmm
,64,64x440x67x609,37.0,420.0,64.0,96.756,1.5937536239624024,bmm
,37,37x491x103x917,43.16,453.0,62.68,89.44540000000002,1.6084992170333865,bmm
,54,54x439x85x700,51.0,495.0,61.0,80.14100000000003,1.5773695945739743,bmm
,50,50x404x194x26,51.0,495.0,61.0,80.14100000000003,0.3983359992504119,bmm
,63,63x406x179x10,51.0,495.0,61.0,80.14100000000003,0.4171776056289673,bmm
,61,61x510x240x28,51.0,495.0,61.0,80.14100000000003,0.6361088156700134,bmm
,37,37x385x187x60,51.0,495.0,61.0,80.14100000000003,0.2772991955280304,bmm
,62,62x284x233x33,51.0,495.0,61.0,80.14100000000003,0.4986880004405975,bmm
,44,44x478x214x54,18.0,585.0,60.0,66.77299999999997,0.4900864064693451,bmm
,37,37x388x210x83,18.0,585.0,60.0,66.77299999999997,0.3207167983055115,bmm
,44,44x347x141x112,18.0,585.0,60.0,66.77299999999997,0.3127295970916748,bmm
,56,56x349x225x79,18.0,585.0,60.0,66.77299999999997,0.5582848072052002,bmm
,61,61x476x130x173,18.0,585.0,60.0,66.77299999999997,0.7532544016838074,bmm
,63,63x375x220x232,18.0,585.0,60.0,66.77299999999997,1.0199040174484253,bmm
,59,59x410x155x197,40.0,600.0,58.0,65.48299999999996,0.7591935992240906,bmm
,59,59x322x215x384,40.0,600.0,58.0,65.48299999999996,1.214463996887207,bmm
,53,53x395x183x403,40.0,600.0,58.0,65.48299999999996,1.2187647819519043,bmm
,55,55x371x257x299,40.0,600.0,58.0,65.48299999999996,1.181491208076477,bmm
,33,33x305x199x946,41.44,654.0,58.0,66.20839999999997,1.2634111642837524,bmm
,53,53x399x165x681,43.0,690.0,58.0,66.87799999999999,1.695129632949829,bmm
,44,44x468x227x812,43.0,690.0,58.0,66.87799999999999,0.7923648118972778,bmm
,55,55x271x315x26,43.0,690.0,58.0,66.87799999999999,0.2031295955181122,bmm
,51,51x280x392x6,43.0,690.0,58.0,66.87799999999999,0.1689472019672394,bmm
,52,52x339x276x10,43.0,690.0,58.0,66.87799999999999,0.1269759982824325,bmm
,49,49x336x287x46,11.0,1005.0,60.0,77.05400000000003,0.131071999669075,bmm
,38,38x510x316x46,11.0,1005.0,60.0,77.05400000000003,0.1433600038290023,bmm
,53,53x326x505x37,11.0,1005.0,60.0,77.05400000000003,0.2181120067834854,bmm
,40,40x451x319x101,11.0,1005.0,60.0,77.05400000000003,0.1454080045223236,bmm
,44,44x455x291x117,11.0,1005.0,60.0,77.05400000000003,0.1986559927463531,bmm
,50,50x440x475x114,11.0,1005.0,60.0,77.05400000000003,0.307200014591217,bmm
,44,44x486x301x245,11.0,1005.0,60.0,77.05400000000003,0.3356671929359436,bmm
,50,50x313x370x130,11.0,1005.0,60.0,77.05400000000003,0.317440003156662,bmm
,42,42x260x498x233,16.0,1005.0,62.0,93.28299999999996,0.4130816042423248,bmm
,50,50x498x424x336,16.0,1005.0,62.0,93.28299999999996,0.7000511884689331,bmm
,55,55x272x417x356,16.0,1005.0,62.0,93.28299999999996,0.6021119952201843,bmm
,34,34x294x269x410,16.0,1005.0,62.0,93.28299999999996,0.2913728058338165,bmm
,41,41x275x346x600,16.0,1005.0,62.0,93.28299999999996,0.5787263989448548,bmm
,48,48x463x264x839,16.0,1005.0,62.0,93.28299999999996,0.9392127990722656,bmm
,60,60x264x450x581,40.0,1005.0,66.0,111.483,1.0158079862594604,bmm
,61,61x469x608x15,40.0,1005.0,66.0,111.483,0.3788799941539764,bmm
,50,50x411x983x32,40.0,1005.0,66.0,111.483,0.5980160236358643,bmm
,62,62x321x828x8,40.0,1005.0,66.0,111.483,0.5082368016242981,bmm
,43,43x399x681x56,40.0,1005.0,66.0,111.483,0.4239360094070434,bmm
,35,35x400x533x41,40.0,1005.0,66.0,111.483,0.2273280024528503,bmm
,62,62x347x635x55,40.0,1005.0,66.0,111.483,0.3986815989017486,bmm
,65,65x280x822x110,24.0,1005.0,67.0,116.419,0.5076480031013488,bmm
,36,36x258x572x67,24.0,1005.0,67.0,116.419,0.2430720001459121,bmm
,33,33x487x659x94,24.0,1005.0,67.0,116.419,0.3454976081848144,bmm
,51,51x382x967x132,24.0,1005.0,67.0,116.419,0.9703295946121216,bmm
,59,59x291x641x135,24.0,1005.0,67.0,116.419,0.8290239930152893,bmm
,34,34x454x1002x238,24.0,1005.0,67.0,116.419,1.026867151260376,bmm
,47,47x511x598x299,24.0,1005.0,67.0,116.419,1.01212158203125,bmm
,49,49x480x865x451,49.0,930.0,69.0,118.875,1.8831360340118408,bmm
,39,39x307x794x272,49.0,930.0,69.0,118.875,0.8683519959449768,bmm
,53,53x433x738x767,49.0,930.0,69.0,118.875,2.3793536186218263,bmm
,40,40x268x827x929,49.0,930.0,69.0,118.875,1.9843071699142456,bmm
,64,64x348x749x840,54.88,999.0,72.6,128.8682799999999,2.554054307937622,bmm
,51,51x1018x30x1,56.0,1005.0,74.0,130.2309999999999,0.0153599996119737,bmm
,61,61x660x16x13,56.0,1005.0,74.0,130.2309999999999,0.0400895990431308,bmm
,60,60x718x1x8,56.0,1005.0,74.0,130.2309999999999,0.0092160003259778,bmm
,57,57x536x33x43,56.0,1005.0,74.0,130.2309999999999,0.054271999746561,bmm
,40,40x705x10x49,56.0,1005.0,74.0,130.2309999999999,0.0286400001496076,bmm
,46,46x549x19x49,56.0,1005.0,74.0,130.2309999999999,0.0327679999172687,bmm
,39,39x794x33x92,56.0,1005.0,74.0,130.2309999999999,0.0552255995571613,bmm
,64,64x974x17x69,56.0,1005.0,74.0,130.2309999999999,0.0675840005278587,bmm
,40,40x600x31x114,5.0,1005.0,74.0,142.69799999999998,0.0419583991169929,bmm
,55,55x581x23x237,5.0,1005.0,74.0,142.69799999999998,0.074752002954483,bmm
,62,62x1006x22x140,5.0,1005.0,74.0,142.69799999999998,0.1187840029597282,bmm
,63,63x906x28x185,5.0,1005.0,74.0,142.69799999999998,0.1383743971586227,bmm
,33,33x996x9x261,5.0,1005.0,74.0,142.69799999999998,0.0818751990795135,bmm
,45,45x514x4x261,5.0,1005.0,74.0,142.69799999999998,0.0591488011181354,bmm
,61,61x993x7x475,5.0,1005.0,74.0,142.69799999999998,0.1648640036582946,bmm
,51,51x785x2x530,5.0,1005.0,74.0,142.69799999999998,0.1388287991285324,bmm
,33,33x982x2x883,21.0,1005.0,74.0,140.71599999999992,0.1521536022424698,bmm
,42,42x942x1x544,21.0,1005.0,74.0,140.71599999999992,0.1054527983069419,bmm
,46,46x879x64x6,21.0,1005.0,74.0,140.71599999999992,0.0706560015678405,bmm
,38,38x1019x41x27,21.0,1005.0,74.0,140.71599999999992,0.061439998447895,bmm
,34,34x913x36x6,21.0,1005.0,74.0,140.71599999999992,0.0511999987065792,bmm
,48,48x840x59x46,21.0,1005.0,74.0,140.71599999999992,0.0873791992664337,bmm
,47,47x856x50x37,21.0,1005.0,74.0,140.71599999999992,0.0792511969804763,bmm
,65,65x597x41x41,21.0,1005.0,74.0,140.71599999999992,0.061439998447895,bmm
,33,33x956x64x90,21.0,1005.0,74.0,140.71599999999992,0.0716800019145011,bmm
,60,60x1003x39x128,6.0,1005.0,74.0,134.864,0.0916928008198738,bmm
,44,44x948x60x120,6.0,1005.0,74.0,134.864,0.0898432001471519,bmm
,41,41x844x54x251,6.0,1005.0,74.0,134.864,0.1116160005331039,bmm
,40,40x964x39x228,6.0,1005.0,74.0,134.864,0.1040383979678154,bmm
,56,56x557x33x176,6.0,1005.0,74.0,134.864,0.0880640000104904,bmm
,54,54x526x37x457,6.0,1005.0,74.0,134.864,0.1654783993959427,bmm
,57,57x685x35x263,6.0,1005.0,74.0,134.864,0.1556479930877685,bmm
,53,53x1019x38x398,6.0,1005.0,74.0,134.864,0.5146623849868774,bmm
,54,54x580x50x902,12.84,816.0,74.0,134.72972,0.7968767881393433,bmm
,52,52x833x48x670,25.0,480.0,74.0,134.491,0.7110527873039245,bmm
,54,54x545x55x537,25.0,480.0,74.0,134.491,0.5095424056053162,bmm
,45,45x559x124x29,25.0,480.0,74.0,134.491,0.1906688034534454,bmm
,35,35x648x65x20,25.0,480.0,74.0,134.491,0.1226623967289924,bmm
,45,45x593x77x8,25.0,480.0,74.0,134.491,0.1361919939517974,bmm
,40,40x565x111x64,25.0,480.0,74.0,134.491,0.1796095967292785,bmm
,52,52x865x110x53,25.0,480.0,74.0,134.491,0.283840012550354,bmm
,41,41x601x105x63,25.0,480.0,74.0,134.491,0.1853439956903457,bmm
,36,36x947x94x75,16.0,450.0,73.0,123.25300000000004,0.2129919975996017,bmm
,61,61x746x77x87,16.0,450.0,73.0,123.25300000000004,0.2265087962150573,bmm
,35,35x661x87x95,16.0,450.0,73.0,123.25300000000004,0.1546240001916885,bmm
,51,51x777x89x150,16.0,450.0,73.0,123.25300000000004,0.4749312102794647,bmm
,42,42x630x124x161,16.0,450.0,73.0,123.25300000000004,0.4116480052471161,bmm
,39,39x765x115x148,16.0,450.0,73.0,123.25300000000004,0.3919872045516968,bmm
,38,38x895x90x285,16.0,450.0,73.0,123.25300000000004,0.5478399991989136,bmm
,43,43x836x129x461,27.96,408.6,71.16,110.50731999999992,1.0995712280273438,bmm
,60,60x611x70x295,29.0,405.0,71.0,109.39899999999994,0.4843519926071167,bmm
,42,42x515x77x753,29.0,405.0,71.0,109.39899999999994,0.7436287999153137,bmm
,48,48x902x66x990,29.0,405.0,71.0,109.39899999999994,1.6177152395248413,bmm
,33,33x980x79x957,29.0,405.0,71.0,109.39899999999994,1.2040191888809204,bmm
,56,56x778x222x27,29.0,405.0,71.0,109.39899999999994,0.5912576079368591,bmm
,65,65x1025x235x10,50.0,525.0,72.0,109.948,0.7653375864028931,bmm
,39,39x713x251x19,50.0,525.0,72.0,109.948,0.320307195186615,bmm
,33,33x816x157x37,50.0,525.0,72.0,109.948,0.2140160053968429,bmm
,63,63x540x193x57,50.0,525.0,72.0,109.948,0.336896002292633,bmm
,47,47x593x217x44,50.0,525.0,72.0,109.948,0.2856959998607635,bmm
,38,38x975x172x81,50.0,525.0,72.0,109.948,0.3020800054073334,bmm
,63,63x804x243x72,50.0,525.0,72.0,109.948,0.6029312014579773,bmm
,37,37x1017x183x105,50.0,525.0,72.0,109.948,0.317440003156662,bmm
,59,59x736x253x147,31.0,525.0,70.0,110.21000000000002,0.9195520281791688,bmm
,40,40x911x185x178,31.0,525.0,70.0,110.21000000000002,0.629305613040924,bmm
,56,56x853x257x186,31.0,525.0,70.0,110.21000000000002,1.0491904020309448,bmm
,44,44x843x146x387,31.0,525.0,70.0,110.21000000000002,0.990003228187561,bmm
,49,49x838x188x305,31.0,525.0,70.0,110.21000000000002,1.008396816253662,bmm
,35,35x693x156x492,31.0,525.0,70.0,110.21000000000002,0.7229440212249756,bmm
,41,41x636x251x744,42.0,615.0,71.0,112.74899999999997,1.3008831977844235,bmm
,53,53x828x132x609,42.0,615.0,71.0,112.74899999999997,1.1038719415664673,bmm
,59,59x872x152x633,42.0,615.0,71.0,112.74899999999997,1.230028772354126,bmm
,35,35x840x416x9,42.0,615.0,71.0,112.74899999999997,0.3737600147724151,bmm
,44,44x549x346x16,42.0,615.0,71.0,112.74899999999997,0.3205119967460632,bmm
,34,34x749x413x9,42.0,615.0,71.0,112.74899999999997,0.374783992767334,bmm
,49,49x726x498x56,29.08,679.8,71.68,115.89468,0.5928959846496582,bmm
,34,34x973x394x46,23.0,705.0,72.0,117.375,0.477183997631073,bmm
,63,63x927x425x35,23.0,705.0,72.0,117.375,0.8794112205505371,bmm
,60,60x973x389x123,23.0,705.0,72.0,117.375,0.7112383842468262,bmm
,39,39x857x457x126,23.0,705.0,72.0,117.375,0.5566464066505432,bmm
,46,46x803x363x112,23.0,705.0,72.0,117.375,0.4452351927757263,bmm
,44,44x958x293x249,23.0,705.0,72.0,117.375,0.7946239709854126,bmm
,65,65x586x467x192,28.0,705.0,72.0,117.36999999999992,1.0938239812850952,bmm
,54,54x599x363x129,28.0,705.0,72.0,117.36999999999992,0.7567359805107117,bmm
,60,60x733x386x412,28.0,705.0,72.0,117.36999999999992,1.8411519527435305,bmm
,38,38x1001x281x486,28.0,705.0,72.0,117.36999999999992,1.155891180038452,bmm
,53,53x555x507x510,28.0,705.0,72.0,117.36999999999992,1.3526976346969604,bmm
,63,63x911x495x942,49.0,1005.0,74.0,124.62399999999994,4.970252895355225,bmm
,38,38x590x419x995,49.0,1005.0,74.0,124.62399999999994,1.6266687870025636,bmm
,49,49x864x382x854,49.0,1005.0,74.0,124.62399999999994,2.3276928424835206,bmm
,37,37x574x764x20,49.0,1005.0,74.0,124.62399999999994,0.4678975939750671,bmm
,60,60x591x832x20,53.0,1005.0,82.0,152.88299999999992,0.6731583952903748,bmm
,41,41x890x926x22,53.0,1005.0,82.0,152.88299999999992,0.7499199986457825,bmm
,63,63x760x945x44,53.0,1005.0,82.0,152.88299999999992,0.9615359902381896,bmm
,46,46x605x772x62,53.0,1005.0,82.0,152.88299999999992,0.4795648097991943,bmm
,47,47x1005x744x55,53.0,1005.0,82.0,152.88299999999992,0.754688024520874,bmm
,55,55x895x713x99,53.0,1005.0,82.0,152.88299999999992,0.7522240042686462,bmm
,54,54x882x626x113,35.4,1005.0,80.24,156.71187999999995,0.6680576205253601,bmm
,49,49x643x690x104,33.0,1005.0,80.0,157.23399999999995,0.5748736023902893,bmm
,51,51x924x603x179,33.0,1005.0,80.0,157.23399999999995,1.2288000583648682,bmm
,61,61x964x603x154,33.0,1005.0,80.0,157.23399999999995,1.4690303802490234,bmm
,42,42x929x786x216,33.0,1005.0,80.0,157.23399999999995,1.430508828163147,bmm
,49,49x650x639x464,34.68,1005.0,80.2,154.36036,1.9193599700927733,bmm
,38,38x516x524x433,40.0,1005.0,81.0,146.971,1.065779209136963,bmm
,64,64x644x773x354,40.0,1005.0,81.0,146.971,2.3103487491607666,bmm
,51,51x542x690x699,40.0,1005.0,81.0,146.971,2.6314176082611085,bmm
,58,58x778x722x549,46.24,1005.0,82.56,150.62036,3.612236833572388,bmm
,57,57x566x939x644,52.0,1005.0,84.0,153.989,3.9186432361602783,bmm
,107,107x8x17x21,52.0,1005.0,84.0,153.989,0.0071488000452518,bmm
,76,76x27x31x14,52.0,1005.0,84.0,153.989,0.0167231999337673,bmm
,85,85x11x1x8,52.0,1005.0,84.0,153.989,0.0051199998706579,bmm
,67,67x26x18x53,52.0,1005.0,84.0,153.989,0.0153535997495055,bmm
,107,107x11x33x64,52.0,1005.0,84.0,153.989,0.0081919999793171,bmm
,107,107x15x18x59,2.0,1005.0,84.0,174.10399999999993,0.0081919999793171,bmm
,88,88x4x8x115,2.0,1005.0,84.0,174.10399999999993,0.0071680000983178,bmm
,117,117x4x17x120,2.0,1005.0,84.0,174.10399999999993,0.007903999928385,bmm
,116,116x26x32x78,2.0,1005.0,84.0,174.10399999999993,0.0245760008692741,bmm
,128,128x9x4x214,2.0,1005.0,84.0,174.10399999999993,0.0117440002039074,bmm
,106,106x14x16x134,2.0,1005.0,84.0,174.10399999999993,0.0110400000587105,bmm
,101,101x26x1x243,2.0,1005.0,84.0,174.10399999999993,0.0081919999793171,bmm
,104,104x11x22x362,2.0,1005.0,84.0,174.10399999999993,0.0177216004580259,bmm
,67,67x24x21x412,2.0,1005.0,84.0,174.10399999999993,0.0398848004639148,bmm
,116,116x16x20x314,4.0,1005.0,81.0,162.33800000000008,0.0225280001759529,bmm
,98,98x16x5x781,4.0,1005.0,81.0,162.33800000000008,0.0354176007211208,bmm
,77,77x26x22x896,4.0,1005.0,81.0,162.33800000000008,0.0665600001811981,bmm
,117,117x26x3x672,4.0,1005.0,81.0,162.33800000000008,0.0570175997912883,bmm
,121,121x7x49x32,4.0,1005.0,81.0,162.33800000000008,0.0071680000983178,bmm
,68,68x13x57x7,4.0,1005.0,81.0,162.33800000000008,0.0081536000594496,bmm
,105,105x21x39x26,4.0,1005.0,81.0,162.33800000000008,0.0283328000456094,bmm
,70,70x32x36x62,4.0,1005.0,81.0,162.33800000000008,0.0184320006519556,bmm
,104,104x11x64x52,4.0,1005.0,81.0,162.33800000000008,0.0091840002685785,bmm
,111,111x28x56x42,4.0,1005.0,81.0,162.33800000000008,0.0337920002639293,bmm
,76,76x9x41x90,4.0,1005.0,81.0,162.33800000000008,0.0092160003259778,bmm
,98,98x18x57x112,4.0,1005.0,79.0,135.25700000000003,0.0378688015043735,bmm
,108,108x10x36x91,4.0,1005.0,79.0,135.25700000000003,0.0112640000879764,bmm
,96,96x13x48x211,4.0,1005.0,79.0,135.25700000000003,0.0153599996119737,bmm
,126,126x3x33x236,4.0,1005.0,79.0,135.25700000000003,0.0092160003259778,bmm
,128,128x10x35x201,4.0,1005.0,79.0,135.25700000000003,0.0166912000626325,bmm
,124,124x20x39x299,4.0,1005.0,79.0,135.25700000000003,0.0636415988206863,bmm
,71,71x8x37x448,4.0,1005.0,79.0,135.25700000000003,0.0153599996119737,bmm
,82,82x22x43x462,4.0,1005.0,79.0,135.25700000000003,0.0583424009382724,bmm
,94,94x33x52x709,4.0,1005.0,79.0,135.25700000000003,0.1054655984044075,bmm
,68,68x11x38x824,6.0,1005.0,78.0,134.1390000000001,0.0310463994741439,bmm
,75,75x32x34x709,6.0,1005.0,78.0,134.1390000000001,0.074752002954483,bmm
,94,94x21x91x16,6.0,1005.0,78.0,134.1390000000001,0.1525759994983673,bmm
,123,123x15x75x31,6.0,1005.0,78.0,134.1390000000001,0.0235520005226135,bmm
,70,70x20x121x14,6.0,1005.0,78.0,134.1390000000001,0.1064959987998008,bmm
,78,78x7x71x63,6.0,1005.0,78.0,134.1390000000001,0.0215039998292922,bmm
,91,91x19x129x54,6.0,1005.0,78.0,134.1390000000001,0.2125568002462387,bmm
,81,81x27x125x35,6.0,1005.0,78.0,134.1390000000001,0.1126400008797645,bmm
,73,73x6x72x121,6.0,1005.0,78.0,134.1390000000001,0.0266239996999502,bmm
,71,71x10x92x94,8.0,285.0,77.04,128.52507999999995,0.0348160006105899,bmm
,115,115x21x82x104,11.0,285.0,75.0,123.34299999999998,0.158720001578331,bmm
,78,78x8x66x194,11.0,285.0,75.0,123.34299999999998,0.0425983995199203,bmm
,119,119x29x115x136,11.0,285.0,75.0,123.34299999999998,0.2938880026340484,bmm
,125,125x31x85x256,11.0,285.0,75.0,123.34299999999998,0.3131392002105713,bmm
,95,95x13x88x260,11.0,285.0,75.0,123.34299999999998,0.0849919989705085,bmm
,75,75x32x111x409,11.0,285.0,75.0,123.34299999999998,0.3825663924217224,bmm
,77,77x23x86x464,11.0,285.0,75.0,123.34299999999998,0.3313663899898529,bmm
,83,83x16x92x920,11.0,285.0,75.0,123.34299999999998,0.3080191969871521,bmm
,77,77x30x65x610,16.0,255.0,73.0,105.977,0.3522560000419616,bmm
,81,81x16x94x665,16.0,255.0,73.0,105.977,0.2500607997179031,bmm
,121,121x6x201x11,16.0,255.0,73.0,105.977,0.0307199992239475,bmm
,75,75x16x146x12,16.0,255.0,73.0,105.977,0.0290624003857374,bmm
,128,128x11x225x24,16.0,255.0,73.0,105.977,0.0403455987572669,bmm
,118,118x4x136x36,16.0,255.0,73.0,105.977,0.0276480000466108,bmm
,111,111x17x168x35,16.0,255.0,73.0,105.977,0.3141632080078125,bmm
,88,88x26x208x37,16.0,255.0,73.0,105.977,0.3788799941539764,bmm
,85,85x16x211x118,16.0,255.0,73.0,105.977,0.1386495977640152,bmm
,66,66x3x180x83,28.0,240.0,71.0,100.003,0.0327679999172687,bmm
,105,105x17x142x101,28.0,240.0,71.0,100.003,0.2787328064441681,bmm
,67,67x18x210x183,28.0,240.0,71.0,100.003,0.3962880074977875,bmm
,100,100x22x192x182,28.0,240.0,71.0,100.003,0.5652480125427246,bmm
,72,72x16x187x217,28.0,240.0,71.0,100.003,0.2580479979515075,bmm
,128,128x4x197x283,28.0,240.0,71.0,100.003,0.5001216053962707,bmm
,69,69x32x148x303,28.0,240.0,71.0,100.003,0.4814848005771637,bmm
,115,115x28x188x345,22.0,210.0,66.0,88.537,0.9476096034049988,bmm
,65,65x30x240x587,22.0,210.0,66.0,88.537,0.9435136079788208,bmm
,119,119x2x139x551,22.0,210.0,66.0,88.537,0.609279990196228,bmm
,79,79x25x191x629,22.0,210.0,66.0,88.537,0.932044804096222,bmm
,87,87x3x263x31,22.0,210.0,66.0,88.537,0.0337920002639293,bmm
,93,93x2x370x4,22.0,210.0,66.0,88.537,0.0378880016505718,bmm
,120,120x25x470x29,9.52,224.4,64.24,74.06883999999995,0.8671231865882874,bmm
,96,96x6x281x61,9.0,225.0,64.0,73.46599999999995,0.1349631994962692,bmm
,90,90x7x450x64,9.0,225.0,64.0,73.46599999999995,0.2019327998161316,bmm
,102,102x22x421x34,9.0,225.0,64.0,73.46599999999995,0.78438401222229,bmm
,77,77x26x366x66,9.0,225.0,64.0,73.46599999999995,0.3659776031970977,bmm
,100,100x7x481x117,9.0,225.0,64.0,73.46599999999995,0.4024319946765899,bmm
,106,106x26x285x65,9.0,225.0,64.0,73.46599999999995,0.5527551770210266,bmm
,112,112x3x391x155,9.0,225.0,64.0,73.46599999999995,0.4579328000545501,bmm
,127,127x3x452x178,30.0,225.0,61.0,62.885,0.6742016077041626,bmm
,97,97x26x354x147,30.0,225.0,61.0,62.885,1.002291202545166,bmm
,98,98x8x384x466,30.0,225.0,61.0,62.885,1.2406784057617188,bmm
,117,117x14x405x289,30.0,225.0,61.0,62.885,0.9654272198677064,bmm
,85,85x21x316x484,30.0,225.0,61.0,62.885,1.2199935913085938,bmm
,92,92x5x268x715,50.8,375.0,60.24,62.83604000000004,1.161420822143555,bmm
,68,68x15x366x973,56.0,375.0,60.0,62.83400000000004,1.6787456274032593,bmm
,114,114x2x371x684,56.0,375.0,60.0,62.83400000000004,1.844428777694702,bmm
,102,102x27x609x11,56.0,375.0,60.0,62.83400000000004,0.3880960047245025,bmm
,97,97x5x991x1,56.0,375.0,60.0,62.83400000000004,0.0137215999886393,bmm
,90,90x3x967x7,56.0,375.0,60.0,62.83400000000004,0.0286720003932714,bmm
,107,107x28x971x50,18.0,690.0,59.0,66.49299999999995,0.6203392148017883,bmm
,65,65x4x831x44,18.0,690.0,59.0,66.49299999999995,0.1789951980113983,bmm
,129,129x32x668x45,18.0,690.0,59.0,66.49299999999995,0.4878335952758789,bmm
,114,114x29x547x120,18.0,690.0,59.0,66.49299999999995,0.633241593837738,bmm
,89,89x24x782x115,18.0,690.0,59.0,66.49299999999995,0.6617087841033935,bmm
,77,77x26x920x84,18.0,690.0,59.0,66.49299999999995,0.5412864089012146,bmm
,119,119x5x938x147,20.0,690.0,58.04,65.509,1.1016192436218262,bmm
,126,126x9x714x184,20.0,690.0,58.0,65.509,1.1182080507278442,bmm
,82,82x9x534x234,20.0,690.0,58.0,65.509,0.6967296004295349,bmm
,95,95x28x706x419,20.0,690.0,58.0,65.509,2.100019216537476,bmm
,123,123x7x692x451,27.92,717.0,58.0,65.60464,2.9005824089050294,bmm
,129,129x8x631x295,86.0,915.0,58.0,66.30600000000003,0.1537856042385101,bmm
,114,114x11x1006x1003,86.0,915.0,58.0,66.30600000000003,0.6846463918685913,bmm
,67,67x14x662x707,86.0,915.0,58.0,66.30600000000003,0.2082560002803802,bmm
,109,109x5x662x773,86.0,915.0,58.0,66.30600000000003,0.2795392096042633,bmm
,120,120x39x7x11,86.0,915.0,58.0,66.30600000000003,0.0163839999586343,bmm
,124,124x47x11x8,86.0,915.0,58.0,66.30600000000003,0.019455999135971,bmm
,65,65x37x29x2,86.0,915.0,58.0,66.30600000000003,0.0163839999586343,bmm
,107,107x38x2x34,4.0,1005.0,63.0,94.31199999999995,0.0163839999586343,bmm
,66,66x61x9x41,4.0,1005.0,63.0,94.31199999999995,0.0138431999832391,bmm
,83,83x34x8x59,4.0,1005.0,63.0,94.31199999999995,0.0158656001091003,bmm
,73,73x34x25x77,4.0,1005.0,63.0,94.31199999999995,0.0165311999619007,bmm
,83,83x59x11x65,4.0,1005.0,63.0,94.31199999999995,0.019455999135971,bmm
,112,112x43x16x85,4.0,1005.0,63.0,94.31199999999995,0.0185984004288911,bmm
,108,108x45x24x140,4.0,1005.0,63.0,94.31199999999995,0.0307199992239475,bmm
,121,121x50x2x189,4.0,1005.0,63.0,94.31199999999995,0.0235520005226135,bmm
,88,88x35x21x219,4.0,1005.0,63.0,94.31199999999995,0.0317439995706081,bmm
,121,121x49x21x310,4.0,1005.0,65.0,120.27399999999992,0.0494720011949539,bmm
,65,65x65x13x396,4.0,1005.0,65.0,120.27399999999992,0.034111999720335,bmm
,78,78x54x26x281,4.0,1005.0,65.0,120.27399999999992,0.0368448011577129,bmm
,65,65x63x16x1021,4.0,1005.0,65.0,120.27399999999992,0.0552960000932216,bmm
,108,108x51x15x817,4.0,1005.0,65.0,120.27399999999992,0.0788351967930793,bmm
,122,122x65x15x1021,4.0,1005.0,65.0,120.27399999999992,0.0952064022421836,bmm
,114,114x39x45x21,4.0,1005.0,65.0,120.27399999999992,0.031615999341011,bmm
,117,117x54x41x22,4.0,1005.0,65.0,120.27399999999992,0.0317311994731426,bmm
,84,84x49x36x13,4.0,1005.0,65.0,120.27399999999992,0.0283327996730804,bmm
,122,122x35x42x35,5.0,1005.0,67.0,125.861,0.0317311994731426,bmm
,78,78x48x38x42,5.0,1005.0,67.0,125.861,0.0184320006519556,bmm
,101,101x59x55x48,5.0,1005.0,67.0,125.861,0.0348160006105899,bmm
,127,127x52x46x94,5.0,1005.0,67.0,125.861,0.0317439995706081,bmm
,88,88x44x42x72,5.0,1005.0,67.0,125.861,0.0316799990832805,bmm
,72,72x46x46x97,5.0,1005.0,67.0,125.861,0.0202879998832941,bmm
,83,83x40x33x215,5.0,1005.0,67.0,125.861,0.0399359986186027,bmm
,123,123x36x53x202,5.0,1005.0,67.0,125.861,0.130048006772995,bmm
,98,98x59x59x222,5.0,1005.0,67.0,125.861,0.1423359960317611,bmm
,111,111x62x46x488,5.0,1005.0,67.0,125.861,0.2185024052858352,bmm
,76,76x42x65x513,14.0,375.0,68.0,124.57299999999998,0.2422656029462814,bmm
,108,108x45x64x295,14.0,375.0,68.0,124.57299999999998,0.1853311955928802,bmm
,124,124x45x40x691,14.0,375.0,68.0,124.57299999999998,0.3143680095672607,bmm
,125,125x33x65x922,14.0,375.0,68.0,124.57299999999998,0.6219776034355163,bmm
,112,112x61x57x976,14.0,375.0,68.0,124.57299999999998,0.5076735973358154,bmm
,68,68x44x66x24,14.0,375.0,68.0,124.57299999999998,0.0665600001811981,bmm
,123,123x54x94x28,14.0,375.0,68.0,124.57299999999998,0.1409024000167846,bmm
,109,109x46x121x19,14.0,375.0,68.0,124.57299999999998,0.1771519929170608,bmm
,108,108x64x76x62,15.0,330.0,67.12,113.075,0.1280000060796737,bmm
,101,101x35x110x61,15.0,330.0,67.0,113.075,0.1658879965543747,bmm
,76,76x36x112x37,15.0,330.0,67.0,113.075,0.0921600013971328,bmm
,90,90x50x66x70,15.0,330.0,67.0,113.075,0.1187840029597282,bmm
,73,73x51x125x97,15.0,330.0,67.0,113.075,0.1095679998397827,bmm
,120,120x38x123x88,15.0,330.0,67.0,113.075,0.1941376030445099,bmm
,100,100x54x98x244,15.0,330.0,67.0,113.075,0.2396160066127777,bmm
,91,91x49x113x192,15.0,330.0,67.0,113.075,0.2805759906768799,bmm
,82,82x41x95x144,15.0,330.0,67.0,113.075,0.1628160029649734,bmm
,96,96x36x92x482,19.8,307.2,66.44,102.82715999999996,0.3741696059703827,bmm
,66,66x64x88x506,23.0,300.0,66.0,99.59099999999997,0.2891775965690613,bmm
,68,68x43x87x430,23.0,300.0,66.0,99.59099999999997,0.2979840040206909,bmm
,107,107x42x70x761,23.0,300.0,66.0,99.59099999999997,0.4935680031776428,bmm
,126,126x57x82x950,23.0,300.0,66.0,99.59099999999997,0.9646080136299132,bmm
,75,75x33x117x699,23.0,300.0,66.0,99.59099999999997,0.5945279955863952,bmm
,97,97x54x183x22,23.0,300.0,66.0,99.59099999999997,0.3061760067939758,bmm
,84,84x54x216x22,23.0,300.0,66.0,99.59099999999997,0.3493888080120086,bmm
,123,123x47x229x22,32.0,270.0,66.0,97.90200000000004,0.3758080005645752,bmm
,124,124x61x136x33,32.0,270.0,66.0,97.90200000000004,0.2355200052261352,bmm
,75,75x41x141x47,32.0,270.0,66.0,97.90200000000004,0.1380351960659027,bmm
,74,74x35x133x40,32.0,270.0,66.0,97.90200000000004,0.131071999669075,bmm
,105,105x57x222x120,32.0,270.0,66.0,97.90200000000004,0.3676159977912903,bmm
,121,121x40x205x111,32.0,270.0,66.0,97.90200000000004,0.3426111996173858,bmm
,77,77x37x176x76,32.0,270.0,66.0,97.90200000000004,0.1693568050861358,bmm
,68,68x65x165x205,32.0,270.0,66.0,97.90200000000004,0.3020800054073334,bmm
,97,97x38x174x151,28.04,255.0,65.6,97.61820000000004,0.4556800127029419,bmm
,103,103x59x131x151,23.0,255.0,65.0,97.25700000000003,0.3850240111351013,bmm
,118,118x38x176x509,23.0,255.0,65.0,97.25700000000003,0.9379839897155762,bmm
,104,104x35x170x282,23.0,255.0,65.0,97.25700000000003,0.6359040141105652,bmm
,91,91x39x242x334,23.0,255.0,65.0,97.25700000000003,0.8202239871025085,bmm
,69,69x53x136x627,23.0,255.0,65.0,97.25700000000003,0.5877760052680969,bmm
,72,72x64x245x868,27.76,255.0,65.0,97.2264,1.598259210586548,bmm
,72,72x53x241x544,30.0,255.0,65.0,97.212,1.0760191917419433,bmm
,96,96x46x493x4,30.0,255.0,65.0,97.212,0.5736448168754578,bmm
,92,92x34x464x22,30.0,255.0,65.0,97.212,0.5363711833953857,bmm
,100,100x55x418x8,30.0,255.0,65.0,97.212,0.496639996767044,bmm
,95,95x34x273x49,30.0,255.0,65.0,97.212,0.3409920036792755,bmm
,76,76x41x276x58,30.0,255.0,65.0,97.212,0.2084863990545273,bmm
,78,78x40x394x49,18.0,360.0,62.0,84.01800000000001,0.2744320034980774,bmm
,68,68x45x449x74,18.0,360.0,62.0,84.01800000000001,0.3141631960868835,bmm
,129,129x49x375x128,18.0,360.0,62.0,84.01800000000001,0.6352896094322205,bmm
,65,65x38x304x117,18.0,360.0,62.0,84.01800000000001,0.256409603357315,bmm
,106,106x61x267x178,18.0,360.0,62.0,84.01800000000001,0.5951488018035889,bmm
,89,89x63x494x137,18.0,360.0,62.0,84.01800000000001,0.8857599854469299,bmm
,82,82x38x500x219,34.8,360.0,60.56,68.47176000000002,0.728063988685608,bmm
,101,101x53x351x376,38.0,360.0,60.0,67.82400000000001,0.2928639948368072,bmm
,78,78x41x402x429,38.0,360.0,60.0,67.82400000000001,0.3358591973781585,bmm
,92,92x63x343x498,38.0,360.0,60.0,67.82400000000001,0.356300801038742,bmm
,81,81x37x496x551,38.0,360.0,60.0,67.82400000000001,0.5015424013137817,bmm
,129,129x48x287x981,38.0,360.0,60.0,67.82400000000001,0.7649279832839966,bmm
,125,125x40x332x861,38.0,360.0,60.0,67.82400000000001,0.7505919933319092,bmm
,83,83x60x882x14,30.0,1005.0,67.0,91.63899999999995,0.3583999872207641,bmm
,70,70x48x1012x4,30.0,1005.0,67.0,91.63899999999995,0.2102592021226882,bmm
,117,117x44x932x23,30.0,1005.0,67.0,91.63899999999995,0.3768192052841186,bmm
,85,85x65x618x61,30.0,1005.0,67.0,91.63899999999995,0.2570239901542663,bmm
,93,93x36x734x41,30.0,1005.0,67.0,91.63899999999995,0.2989632070064544,bmm
,76,76x60x864x42,30.0,1005.0,67.0,91.63899999999995,0.1832959949970245,bmm
,117,117x46x711x82,30.0,1005.0,67.0,91.63899999999995,0.2913919985294342,bmm
,88,88x54x725x78,30.0,1005.0,67.0,91.63899999999995,0.2979840040206909,bmm
,89,89x47x714x80,18.0,1005.0,68.0,125.91400000000009,0.2938368022441864,bmm
,126,126x59x907x133,18.0,1005.0,68.0,125.91400000000009,0.7280640006065369,bmm
,106,106x46x661x244,18.0,1005.0,68.0,125.91400000000009,0.4044800102710724,bmm
,95,95x43x609x224,18.0,1005.0,68.0,125.91400000000009,0.3758015990257263,bmm
,103,103x64x940x498,18.0,1005.0,68.0,125.91400000000009,1.124351978302002,bmm
,84,84x39x846x437,18.0,1005.0,68.0,125.91400000000009,0.8435711860656738,bmm
,111,111x60x889x358,26.16,1005.0,70.72,137.81196000000003,0.8929280042648315,bmm
,86,86x55x912x985,30.0,1005.0,72.0,143.41100000000003,1.6234303712844849,bmm
,66,66x52x954x918,30.0,1005.0,72.0,143.41100000000003,1.3315072059631348,bmm
,72,72x34x715x1020,30.0,1005.0,72.0,143.41100000000003,1.1427839994430542,bmm
,92,92x94x29x4,30.0,1005.0,72.0,143.41100000000003,0.0255999993532896,bmm
,95,95x121x18x16,30.0,1005.0,72.0,143.41100000000003,0.0225280001759529,bmm
,114,114x100x26x11,30.0,1005.0,72.0,143.41100000000003,0.0255999993532896,bmm
,129,129x122x5x33,30.0,1005.0,72.0,143.41100000000003,0.0163839999586343,bmm
,100,100x123x28x40,5.0,1005.0,75.0,152.2110000000001,0.0257535994052886,bmm
,70,70x103x8x53,5.0,1005.0,75.0,152.2110000000001,0.0117760000750422,bmm
,108,108x126x13x66,5.0,1005.0,75.0,152.2110000000001,0.0201535999774932,bmm
,116,116x112x3x110,5.0,1005.0,75.0,152.2110000000001,0.0174080003052949,bmm
,91,91x85x24x67,5.0,1005.0,75.0,152.2110000000001,0.0222016002982854,bmm
,70,70x71x14x251,5.0,1005.0,75.0,152.2110000000001,0.0199807997792959,bmm
,81,81x69x15x144,5.0,1005.0,75.0,152.2110000000001,0.0196031991392374,bmm
,94,94x93x13x144,5.0,1005.0,75.0,152.2110000000001,0.0278016000986099,bmm
,114,114x78x26x281,5.0,1005.0,75.0,152.2110000000001,0.0571392007172107,bmm
,66,66x97x17x465,4.0,1005.0,74.0,145.83100000000002,0.0419839993119239,bmm
,107,107x129x3x468,4.0,1005.0,74.0,145.83100000000002,0.0697920009493827,bmm
,67,67x102x23x978,4.0,1005.0,74.0,145.83100000000002,0.0723328009247779,bmm
,128,128x82x26x639,4.0,1005.0,74.0,145.83100000000002,0.0890432000160217,bmm
,120,120x66x13x828,4.0,1005.0,74.0,145.83100000000002,0.0860159993171691,bmm
,73,73x111x64x9,4.0,1005.0,74.0,145.83100000000002,0.0232896003872156,bmm
,114,114x73x61x12,4.0,1005.0,74.0,145.83100000000002,0.0378880016505718,bmm
,67,67x107x47x19,4.0,1005.0,74.0,145.83100000000002,0.0204799994826316,bmm
,127,127x93x49x45,4.0,1005.0,74.0,145.83100000000002,0.0348160006105899,bmm
,78,78x66x35x57,4.0,1005.0,74.0,145.83100000000002,0.0184320006519556,bmm
,118,118x92x52x65,4.0,1005.0,73.0,127.48799999999996,0.0358400009572505,bmm
,68,68x107x35x96,4.0,1005.0,73.0,127.48799999999996,0.019404799863696,bmm
,81,81x128x52x106,4.0,1005.0,73.0,127.48799999999996,0.0255999993532896,bmm
,115,115x81x39x69,4.0,1005.0,73.0,127.48799999999996,0.0286720003932714,bmm
,104,104x110x62x208,4.0,1005.0,73.0,127.48799999999996,0.0642815992236137,bmm
,68,68x76x34x140,4.0,1005.0,73.0,127.48799999999996,0.0291711997240781,bmm
,79,79x111x42x256,4.0,1005.0,73.0,127.48799999999996,0.0419839993119239,bmm
,106,106x98x35x481,4.0,1005.0,73.0,127.48799999999996,0.0960512027144432,bmm
,67,67x93x58x454,4.0,1005.0,73.0,127.48799999999996,0.0774143993854522,bmm
,86,86x126x49x482,4.0,1005.0,73.0,127.48799999999996,0.1046591982245445,bmm
,99,99x110x47x609,10.0,1005.0,71.0,115.84400000000004,0.126553601026535,bmm
,80,80x68x57x753,10.0,1005.0,71.0,115.84400000000004,0.228966400027275,bmm
,86,86x74x48x1024,10.0,1005.0,71.0,115.84400000000004,0.2684927880764007,bmm
,111,111x91x111x28,10.0,1005.0,71.0,115.84400000000004,0.1275904029607772,bmm
,90,90x66x127x26,10.0,1005.0,71.0,115.84400000000004,0.1515520066022873,bmm
,117,117x97x128x11,10.0,1005.0,71.0,115.84400000000004,0.1515520066022873,bmm
,68,68x113x123x57,10.0,1005.0,71.0,115.84400000000004,0.0870399996638298,bmm
,87,87x72x111x65,10.0,1005.0,71.0,115.84400000000004,0.1421311974525451,bmm
,79,79x107x104x39,12.0,390.0,70.0,103.7,0.0761664032936096,bmm
,109,109x129x113x126,12.0,390.0,70.0,103.7,0.2242559939622879,bmm
,109,109x115x98x107,12.0,390.0,70.0,103.7,0.1380223959684371,bmm
,97,97x68x111x95,12.0,390.0,70.0,103.7,0.1536000072956085,bmm
,126,126x65x112x187,12.0,390.0,70.0,103.7,0.2862912058830261,bmm
,123,123x91x72x199,12.0,390.0,70.0,103.7,0.1595199972391128,bmm
,120,120x91x90x203,12.0,390.0,70.0,103.7,0.2078720033168792,bmm
,107,107x83x71x402,12.0,390.0,70.0,103.7,0.3121087908744812,bmm
,125,125x125x90x357,18.24,348.6,69.04,101.57168,0.336896002292633,bmm
,88,88x117x69x352,25.0,345.0,68.0,100.744,0.2189312011003494,bmm
,92,92x79x81x705,25.0,345.0,68.0,100.744,0.4378623962402344,bmm
,127,127x73x70x927,25.0,345.0,68.0,100.744,0.681984007358551,bmm
,97,97x109x124x731,25.0,345.0,68.0,100.744,0.6866943836212158,bmm
,114,114x97x191x6,25.0,345.0,68.0,100.744,0.262963205575943,bmm
,120,120x65x216x10,25.0,345.0,68.0,100.744,0.2881407916545868,bmm
,116,116x110x196x1,25.0,345.0,68.0,100.744,0.0581632010638713,bmm
,76,76x106x130x34,20.0,315.0,68.0,99.662,0.1157120019197464,bmm
,101,101x122x184x55,20.0,315.0,68.0,99.662,0.2645823895931244,bmm
,82,82x120x199x41,20.0,315.0,68.0,99.662,0.1576959937810897,bmm
,107,107x103x196x129,20.0,315.0,68.0,99.662,0.4411391913890838,bmm
,95,95x107x135x121,20.0,315.0,68.0,99.662,0.2174592018127441,bmm
,122,122x122x256x128,20.0,315.0,68.0,99.662,0.3758080005645752,bmm
,128,128x72x201x213,20.0,315.0,68.0,99.662,0.6270848035812377,bmm
,107,107x111x185x216,20.0,315.0,68.0,99.662,0.4488959908485412,bmm
,111,111x90x145x201,25.0,285.0,67.0,99.85599999999997,0.364326399564743,bmm
,108,108x111x240x352,25.0,285.0,67.0,99.85599999999997,1.0901503562927246,bmm
,71,71x102x180x297,25.0,285.0,67.0,99.85599999999997,0.5642240047454834,bmm
,118,118x69x218x269,25.0,285.0,67.0,99.85599999999997,0.9256960153579712,bmm
,69,69x89x189x735,25.0,285.0,67.0,99.85599999999997,1.1466752290725708,bmm
,122,122x120x232x767,45.4,351.0,64.96,89.92132,2.4293375492095945,bmm
,104,104x100x136x776,55.0,360.0,64.0,88.029,1.381580829620361,bmm
,114,114x122x302x20,55.0,360.0,64.0,88.029,0.3598335981369018,bmm
,113,113x66x449x18,55.0,360.0,64.0,88.029,0.3538943946361542,bmm
,93,93x124x363x15,55.0,360.0,64.0,88.029,0.3532799959182739,bmm
,106,106x114x423x61,55.0,360.0,64.0,88.029,0.5713919997215271,bmm
,98,98x92x469x47,15.0,570.0,62.0,72.25399999999996,0.4669439971446991,bmm
,84,84x76x477x61,15.0,570.0,62.0,72.25399999999996,0.4280320048332214,bmm
,95,95x93x419x105,15.0,570.0,62.0,72.25399999999996,0.5810176134109497,bmm
,91,91x91x306x65,15.0,570.0,62.0,72.25399999999996,0.3483648002147674,bmm
,67,67x107x324x125,15.0,570.0,62.0,72.25399999999996,0.3934208035469055,bmm
,111,111x80x370x139,15.0,570.0,62.0,72.25399999999996,0.7688192129135132,bmm
,84,84x70x402x191,45.0,570.0,61.0,67.01399999999995,0.7753728032112122,bmm
,116,116x76x468x220,45.0,570.0,61.0,67.01399999999995,1.2050431966781616,bmm
,125,125x72x330x489,45.0,570.0,61.0,67.01399999999995,1.860812783241272,bmm
,76,76x114x489x360,45.0,570.0,61.0,67.01399999999995,1.352294373512268,bmm
,121,121x102x353x331,46.56,663.6,60.52,67.08211999999999,1.5210496187210083,bmm
,73,73x73x422x825,48.0,750.0,60.0,67.145,2.120908832550049,bmm
,105,105x126x445x822,48.0,750.0,60.0,67.145,0.8427071809768677,bmm
,99,99x121x288x626,48.0,750.0,60.0,67.145,0.4341184020042419,bmm
,110,110x77x1018x16,48.0,750.0,60.0,67.145,0.4147199988365173,bmm
,68,68x97x820x3,48.0,750.0,60.0,67.145,0.1761280000209808,bmm
,88,88x66x993x21,16.0,1005.0,62.0,81.65200000000003,0.4034560024738312,bmm
,93,93x120x516x37,16.0,1005.0,62.0,81.65200000000003,0.2201599925756454,bmm
,128,128x71x599x50,16.0,1005.0,62.0,81.65200000000003,0.2505983948707581,bmm
,105,105x111x912x40,16.0,1005.0,62.0,81.65200000000003,0.3736960053443908,bmm
,110,110x78x947x124,16.0,1005.0,62.0,81.65200000000003,0.3901055991649628,bmm
,112,112x107x827x92,16.0,1005.0,62.0,81.65200000000003,0.3440639972686767,bmm
,84,84x113x1015x79,16.0,1005.0,62.0,81.65200000000003,0.4147135972976684,bmm
,126,126x112x750x189,16.0,1005.0,62.0,81.65200000000003,0.6147200107574463,bmm
,90,90x102x890x160,20.0,1005.0,65.0,97.80099999999996,0.5457919836044312,bmm
,72,72x105x846x252,20.0,1005.0,65.0,97.80099999999996,0.3510271966457366,bmm
,74,74x73x851x510,20.0,1005.0,65.0,97.80099999999996,0.6891520023345947,bmm
,90,90x90x615x465,20.0,1005.0,65.0,97.80099999999996,0.6266880035400391,bmm
,83,83x127x998x390,20.0,1005.0,65.0,97.80099999999996,1.006592035293579,bmm
,106,106x91x827x592,30.64,1005.0,66.52,110.35164000000005,1.1642752408981325,bmm
,88,88x103x855x844,34.0,1005.0,67.0,114.31500000000004,1.371455979347229,bmm
,75,75x121x765x815,34.0,1005.0,67.0,114.31500000000004,1.092198371887207,bmm
,110,110x156x26x13,34.0,1005.0,67.0,114.31500000000004,0.0368640013039112,bmm
,70,70x215x28x17,34.0,1005.0,67.0,114.31500000000004,0.0264063995331525,bmm
,105,105x158x29x7,34.0,1005.0,67.0,114.31500000000004,0.0368640013039112,bmm
,79,79x203x8x51,34.0,1005.0,67.0,114.31500000000004,0.0167936000972986,bmm
,68,68x156x29x52,34.0,1005.0,67.0,114.31500000000004,0.0266239996999502,bmm
,80,80x192x25x62,6.0,1005.0,69.0,122.20899999999996,0.0266239996999502,bmm
,82,82x184x7x110,6.0,1005.0,69.0,122.20899999999996,0.0235520005226135,bmm
,85,85x131x9x105,6.0,1005.0,69.0,122.20899999999996,0.0286720003932714,bmm
,115,115x249x20x71,6.0,1005.0,69.0,122.20899999999996,0.0419583991169929,bmm
,67,67x255x10x201,6.0,1005.0,69.0,122.20899999999996,0.0464576005935668,bmm
,88,88x185x7x172,6.0,1005.0,69.0,122.20899999999996,0.0399359986186027,bmm
,112,112x189x5x149,6.0,1005.0,69.0,122.20899999999996,0.0430079996585845,bmm
,65,65x205x19x461,6.0,1005.0,69.0,122.20899999999996,0.0906944006681442,bmm
,110,110x200x11x340,6.0,1005.0,69.0,122.20899999999996,0.0911360010504722,bmm
,77,77x135x27x511,9.0,1005.0,67.0,113.52399999999994,0.0986624032258987,bmm
,83,83x165x16x780,9.0,1005.0,67.0,113.52399999999994,0.1304320037364959,bmm
,121,121x210x9x635,9.0,1005.0,67.0,113.52399999999994,0.1701823979616165,bmm
,85,85x190x4x955,9.0,1005.0,67.0,113.52399999999994,0.1521664023399353,bmm
,73,73x257x42x20,9.0,1005.0,67.0,113.52399999999994,0.0460736006498336,bmm
,101,101x251x33x14,9.0,1005.0,67.0,113.52399999999994,0.0417087987065315,bmm
,73,73x140x34x19,9.0,1005.0,67.0,113.52399999999994,0.0296896006911993,bmm
,125,125x166x41x47,9.0,1005.0,67.0,113.52399999999994,0.0609984003007412,bmm
,92,92x257x63x62,9.0,1005.0,67.0,113.52399999999994,0.074752002954483,bmm
,105,105x216x65x59,6.0,1005.0,67.0,99.36499999999997,0.0671616002917289,bmm
,107,107x178x39x106,6.0,1005.0,67.0,99.36499999999997,0.0522239990532398,bmm
,94,94x209x59x123,6.0,1005.0,67.0,99.36499999999997,0.0689920008182525,bmm
,105,105x197x51x69,6.0,1005.0,67.0,99.36499999999997,0.0579584009945392,bmm
,128,128x146x40x173,6.0,1005.0,67.0,99.36499999999997,0.0909312009811401,bmm
,97,97x198x42x239,6.0,1005.0,67.0,99.36499999999997,0.0931840017437934,bmm
,94,94x191x43x212,6.0,1005.0,67.0,99.36499999999997,0.0880640000104904,bmm
,72,72x195x47x308,6.0,1005.0,67.0,99.36499999999997,0.0978944033384323,bmm
,119,119x202x48x326,6.0,1005.0,67.0,99.36499999999997,0.1492992043495178,bmm
,99,99x190x62x395,10.0,465.0,67.0,99.782,0.3510271966457366,bmm
,74,74x215x49x624,10.0,465.0,67.0,99.782,0.3119103908538818,bmm
,87,87x148x52x784,10.0,465.0,67.0,99.782,0.4612095952033996,bmm
,99,99x165x59x600,10.0,465.0,67.0,99.782,0.4567039906978607,bmm
,89,89x163x89x23,10.0,465.0,67.0,99.782,0.1576895952224731,bmm
,76,76x244x92x24,10.0,465.0,67.0,99.782,0.111404800415039,bmm
,69,69x207x119x19,10.0,465.0,67.0,99.782,0.1355775982141494,bmm
,94,94x219x102x57,10.0,465.0,67.0,99.782,0.179199993610382,bmm
,120,120x144x93x42,14.0,441.0,66.56,99.9148,0.1669120043516159,bmm
,81,81x224x72x47,15.0,435.0,66.0,99.948,0.0931840017437934,bmm
,104,104x219x110x123,15.0,435.0,66.0,99.948,0.2086911976337432,bmm
,85,85x183x91x115,15.0,435.0,66.0,99.948,0.178176000714302,bmm
,85,85x225x94x129,15.0,435.0,66.0,99.948,0.2822144031524658,bmm
,118,118x254x126x198,15.0,435.0,66.0,99.948,0.4485119879245758,bmm
,80,80x139x66x164,15.0,435.0,66.0,99.948,0.1931264013051986,bmm
,110,110x250x96x157,15.0,435.0,66.0,99.948,0.3450880050659179,bmm
,94,94x155x81x500,15.0,435.0,66.0,99.948,0.5414912104606628,bmm
,84,84x173x68x501,22.0,375.0,66.0,99.52599999999998,0.4231104016304016,bmm
,109,109x158x123x441,22.0,375.0,66.0,99.52599999999998,0.8230912089347839,bmm
,80,80x185x68x561,22.0,375.0,66.0,99.52599999999998,0.4913151919841766,bmm
,87,87x192x115x935,22.0,375.0,66.0,99.52599999999998,1.243328046798706,bmm
,106,106x140x98x923,22.0,375.0,66.0,99.52599999999998,1.2890048265457152,bmm
,118,118x221x209x29,22.0,375.0,66.0,99.52599999999998,0.3805184066295624,bmm
,92,92x245x250x4,49.0,375.0,67.0,101.98399999999997,0.4413439929485321,bmm
,102,102x139x252x13,49.0,375.0,67.0,101.98399999999997,0.4382719993591308,bmm
,128,128x159x165x56,49.0,375.0,67.0,101.98399999999997,0.3962880074977875,bmm
,88,88x216x228x57,49.0,375.0,67.0,101.98399999999997,0.4044800102710724,bmm
,89,89x161x211x60,49.0,375.0,67.0,101.98399999999997,0.3766272068023681,bmm
,121,121x137x142x100,49.0,375.0,67.0,101.98399999999997,0.2684799909591674,bmm
,126,126x254x206x65,49.0,375.0,67.0,101.98399999999997,0.4841471970081329,bmm
,111,111x188x145x97,49.0,375.0,67.0,101.98399999999997,0.2834432125091553,bmm
,105,105x135x132x247,33.0,375.0,66.0,103.279,0.4812799990177154,bmm
,113,113x228x130x204,33.0,375.0,66.0,103.279,0.4872191905975341,bmm
,114,114x231x193x252,33.0,375.0,66.0,103.279,0.6907776117324829,bmm
,72,72x202x255x325,33.0,375.0,66.0,103.279,0.8609663963317871,bmm
,124,124x188x239x398,33.0,375.0,66.0,103.279,2.0396032333374023,bmm
,89,89x151x177x379,47.0,375.0,66.0,100.25199999999997,1.054310417175293,bmm
,82,82x203x220x670,47.0,375.0,66.0,100.25199999999997,1.9523584127426148,bmm
,129,129x245x151x760,47.0,375.0,66.0,100.25199999999997,2.996019124984741,bmm
,80,80x157x239x645,62.84,828.6,64.56,91.89639999999996,1.5849472284317017,bmm
,120,120x252x281x6,69.0,1005.0,64.0,88.64699999999999,0.6412287950515747,bmm
,70,70x199x437x25,69.0,1005.0,64.0,88.64699999999999,0.4741120040416717,bmm
,69,69x168x404x13,69.0,1005.0,64.0,88.64699999999999,0.1761280000209808,bmm
,85,85x144x329x51,69.0,1005.0,64.0,88.64699999999999,0.2144064038991928,bmm
,98,98x198x259x52,69.0,1005.0,64.0,88.64699999999999,0.1779711991548538,bmm
,120,120x219x432x49,69.0,1005.0,64.0,88.64699999999999,0.2754560112953186,bmm
,88,88x228x465x119,69.0,1005.0,64.0,88.64699999999999,0.3049471974372864,bmm
,93,93x192x282x120,20.0,1005.0,65.0,80.98,0.1935359984636306,bmm
,79,79x166x483x109,20.0,1005.0,65.0,80.98,0.2109439969062805,bmm
,70,70x129x398x193,20.0,1005.0,65.0,80.98,0.3328000009059906,bmm
,72,72x247x333x171,20.0,1005.0,65.0,80.98,0.2928639948368072,bmm
,112,112x184x277x132,20.0,1005.0,65.0,80.98,0.3551231920719147,bmm
,126,126x171x415x493,20.0,1005.0,65.0,80.98,1.095692801475525,bmm
,117,117x180x427x318,20.0,1005.0,65.0,80.98,0.7909183979034424,bmm
,66,66x139x374x369,44.0,1005.0,67.0,98.24299999999997,0.392192006111145,bmm
,108,108x219x502x890,44.0,1005.0,67.0,98.24299999999997,1.9418879985809323,bmm
,88,88x249x280x592,44.0,1005.0,67.0,98.24299999999997,0.6532992243766784,bmm
,76,76x207x458x649,44.0,1005.0,67.0,98.24299999999997,1.1231231689453125,bmm
,129,129x168x831x20,44.0,1005.0,67.0,98.24299999999997,0.6697343826293946,bmm
,107,107x175x855x28,44.0,1005.0,67.0,115.05599999999998,0.5222399830818176,bmm
,125,125x143x789x30,32.0,1005.0,70.0,122.96799999999998,0.6365184187889099,bmm
,113,113x230x685x65,32.0,1005.0,70.0,122.96799999999998,0.4290559887886047,bmm
,99,99x141x746x48,32.0,1005.0,70.0,122.96799999999998,0.4592000067234039,bmm
,76,76x169x676x34,32.0,1005.0,70.0,122.96799999999998,0.2836480140686035,bmm
,89,89x191x917x92,32.0,1005.0,70.0,122.96799999999998,0.5611519813537598,bmm
,88,88x218x531x96,32.0,1005.0,70.0,122.96799999999998,0.3389439880847931,bmm
,104,104x190x776x92,30.32,1005.0,70.0,123.59328000000004,0.475955194234848,bmm
,126,126x165x703x137,25.0,1005.0,70.0,124.922,0.985702395439148,bmm
,92,92x174x784x148,25.0,1005.0,70.0,124.922,0.7874303817749023,bmm
,124,124x217x810x171,25.0,1005.0,70.0,124.922,1.1446272134780884,bmm
,87,87x210x611x427,25.0,1005.0,70.0,124.922,1.115750432014465,bmm
,67,67x201x525x441,25.0,1005.0,70.0,124.922,0.7513728022575379,bmm
,117,117x254x970x288,45.0,1005.0,73.0,121.27,1.75000958442688,bmm
,94,94x211x848x520,45.0,1005.0,73.0,121.27,2.0183041095733643,bmm
,78,78x152x674x577,45.0,1005.0,73.0,121.27,1.358367991447449,bmm
,73,73x145x993x792,45.0,1005.0,73.0,121.27,2.5681600093841555,bmm
,122,122x269x20x20,45.0,1005.0,73.0,121.27,0.0481280013918876,bmm
,81,81x394x26x2,69.0,1005.0,76.0,138.44900000000004,0.0460224002599716,bmm
,65,65x385x23x15,69.0,1005.0,76.0,138.44900000000004,0.0399359986186027,bmm
,111,111x512x12x62,69.0,1005.0,76.0,138.44900000000004,0.0583680011332035,bmm
,101,101x403x18x41,69.0,1005.0,76.0,138.44900000000004,0.0511999987065792,bmm
,107,107x372x16x52,69.0,1005.0,76.0,138.44900000000004,0.0389119982719421,bmm
,115,115x357x17x108,69.0,1005.0,76.0,138.44900000000004,0.0710208013653755,bmm
,111,111x317x20x91,69.0,1005.0,76.0,138.44900000000004,0.0608256004750728,bmm
,103,103x348x20x113,69.0,1005.0,76.0,138.44900000000004,0.061439998447895,bmm
,121,121x345x17x241,69.0,1005.0,76.0,138.44900000000004,0.127385601401329,bmm
,93,93x399x31x174,8.0,1005.0,72.0,129.857,0.1226751968264579,bmm
,95,95x501x25x172,8.0,1005.0,72.0,129.857,0.136543995141983,bmm
,104,104x309x10x289,8.0,1005.0,72.0,129.857,0.1109760001301765,bmm
,65,65x328x13x298,8.0,1005.0,72.0,129.857,0.0786431968212127,bmm
,98,98x408x10x447,8.0,1005.0,72.0,129.857,0.182873597741127,bmm
,115,115x264x31x741,8.0,1005.0,72.0,129.857,0.3235839962959289,bmm
,129,129x344x15x542,8.0,1005.0,72.0,129.857,0.2482175976037979,bmm
,99,99x309x21x517,10.52,1005.0,71.92,127.78159999999998,0.2049599975347519,bmm
,104,104x496x58x2,29.0,1005.0,71.0,112.56199999999994,0.1054719984531402,bmm
,78,78x268x41x18,29.0,1005.0,71.0,112.56199999999994,0.0453887999057769,bmm
,107,107x276x61x27,29.0,1005.0,71.0,112.56199999999994,0.0752256020903587,bmm
,71,71x299x64x53,29.0,1005.0,71.0,112.56199999999994,0.0588608004152774,bmm
,108,108x394x35x61,29.0,1005.0,71.0,112.56199999999994,0.0847743988037109,bmm
,90,90x503x57x48,29.0,1005.0,71.0,112.56199999999994,0.1001407966017723,bmm
,96,96x361x49x117,29.0,1005.0,71.0,112.56199999999994,0.0866111993789672,bmm
,73,73x503x38x114,29.0,1005.0,71.0,112.56199999999994,0.0757760033011436,bmm
,90,90x301x47x125,10.6,1005.0,70.2,106.92976000000004,0.0747136026620864,bmm
,113,113x416x55x218,9.0,1005.0,70.0,106.44000000000004,0.2100864022970199,bmm
,105,105x447x46x189,9.0,1005.0,70.0,106.44000000000004,0.1812287956476211,bmm
,113,113x385x34x239,9.0,1005.0,70.0,106.44000000000004,0.1738240003585815,bmm
,101,101x382x49x326,9.0,1005.0,70.0,106.44000000000004,0.2225407987833023,bmm
,111,111x362x62x493,9.0,1005.0,70.0,106.44000000000004,0.4964351952075958,bmm
,103,103x478x49x421,9.0,1005.0,70.0,106.44000000000004,0.5386239886283875,bmm
,66,66x292x65x994,9.0,1005.0,70.0,106.44000000000004,0.6330368041992187,bmm
,72,72x415x37x985,35.0,540.0,70.0,106.547,0.6164479851722717,bmm
,76,76x454x50x871,35.0,540.0,70.0,106.547,0.6901760101318359,bmm
,115,115x292x109x23,35.0,540.0,70.0,106.547,0.2293760031461715,bmm
,117,117x264x108x24,35.0,540.0,70.0,106.547,0.2287487983703613,bmm
,84,84x448x115x26,35.0,540.0,70.0,106.547,0.2443263977766037,bmm
,93,93x286x109x43,35.0,540.0,70.0,106.547,0.1890047997236252,bmm
,126,126x401x116x33,35.0,540.0,70.0,106.547,0.3338240087032318,bmm
,118,118x333x87x45,28.24,564.0,69.64,107.60859999999995,0.1925120055675506,bmm
,65,65x409x66x69,22.0,570.0,69.0,107.87399999999997,0.1361919939517974,bmm
,108,108x468x75x79,22.0,570.0,69.0,107.87399999999997,0.2125824004411697,bmm
,129,129x297x124x127,22.0,570.0,69.0,107.87399999999997,0.2625536024570465,bmm
,106,106x400x108x131,22.0,570.0,69.0,107.87399999999997,0.4831232130527496,bmm
,97,97x432x81x243,22.0,570.0,69.0,107.87399999999997,0.3647296011447906,bmm
,115,115x425x84x201,22.0,570.0,69.0,107.87399999999997,0.4300799965858459,bmm
,128,128x468x99x302,22.0,570.0,69.0,107.87399999999997,0.7763968110084534,bmm
,81,81x413x98x408,28.0,570.0,70.0,106.302,0.653107225894928,bmm
,109,109x461x121x353,28.0,570.0,70.0,106.302,0.7903231978416443,bmm
,94,94x466x69x1017,28.0,570.0,70.0,106.302,1.0682368278503418,bmm
,93,93x483x85x530,28.0,570.0,70.0,106.302,0.7731007814407349,bmm
,106,106x508x101x711,28.0,570.0,70.0,106.302,1.2345343828201294,bmm
,119,119x510x190x4,28.0,570.0,70.0,106.302,0.4171776056289673,bmm
,71,71x273x212x4,56.0,600.0,71.0,111.53600000000004,0.2385919988155365,bmm
,129,129x420x194x26,56.0,600.0,71.0,111.53600000000004,0.4995071947574615,bmm
,73,73x369x165x39,56.0,600.0,71.0,111.53600000000004,0.1969920039176941,bmm
,102,102x342x201x37,56.0,600.0,71.0,111.53600000000004,0.3069760084152221,bmm
,74,74x360x208x34,56.0,600.0,71.0,111.53600000000004,0.233472004532814,bmm
,88,88x454x226x96,56.0,600.0,71.0,111.53600000000004,0.419622403383255,bmm
,108,108x481x243x116,56.0,600.0,71.0,111.53600000000004,0.5335040092468262,bmm
,88,88x378x132x91,23.0,600.0,70.0,112.29500000000004,0.2142208039760589,bmm
,89,89x464x201x235,23.0,600.0,70.0,112.29500000000004,0.6674432158470154,bmm
,82,82x471x141x157,23.0,600.0,70.0,112.29500000000004,0.4257791936397552,bmm
,128,128x275x223x144,23.0,600.0,70.0,112.29500000000004,0.7831552028656006,bmm
,103,103x433x225x360,23.0,600.0,70.0,112.29500000000004,1.2865280151367189,bmm
,82,82x463x178x260,23.0,600.0,70.0,112.29500000000004,0.6686720252037048,bmm
,92,92x497x135x364,23.0,600.0,70.0,112.29500000000004,0.6039488077163696,bmm
,65,65x457x176x869,27.0,705.0,71.0,112.18199999999996,1.2165119647979736,bmm
,94,94x434x231x743,27.0,705.0,71.0,112.18199999999996,1.9128320217132568,bmm
,119,119x480x164x607,27.0,705.0,71.0,112.18199999999996,1.1427648067474363,bmm
,91,91x267x344x24,27.0,705.0,71.0,112.18199999999996,0.293260794878006,bmm
,78,78x497x337x26,27.0,705.0,71.0,112.18199999999996,0.3010495960712432,bmm
,93,93x274x374x7,16.0,990.0,73.0,121.567,0.3205119967460632,bmm
,107,107x489x450x42,16.0,990.0,73.0,121.567,0.5767295837402344,bmm
,102,102x471x266x39,16.0,990.0,73.0,121.567,0.3020800054073334,bmm
,125,125x370x332x37,16.0,990.0,73.0,121.567,0.3641344010829925,bmm
,124,124x344x448x68,16.0,990.0,73.0,121.567,0.4737024009227752,bmm
,75,75x387x490x105,16.0,990.0,73.0,121.567,0.4225215971469879,bmm
,79,79x482x457x65,16.0,990.0,73.0,121.567,0.3993600010871887,bmm
,95,95x284x383x172,16.0,990.0,73.0,121.567,0.56424320936203,bmm
,97,97x364x393x168,30.0,990.0,72.0,121.78699999999996,0.6715327858924866,bmm
,72,72x396x510x156,30.0,990.0,72.0,121.78699999999996,0.8355839848518372,bmm
,125,125x375x311x293,30.0,990.0,72.0,121.78699999999996,0.9195520281791688,bmm
,102,102x399x450x464,30.0,990.0,72.0,121.78699999999996,1.8350080251693728,bmm
,89,89x480x364x513,30.0,990.0,72.0,121.78699999999996,1.6451584100723269,bmm
,121,121x448x324x953,47.0,1005.0,77.0,124.18699999999994,3.2106494903564453,bmm
,108,108x381x506x907,47.0,1005.0,77.0,124.18699999999994,3.309113550186157,bmm
,95,95x405x272x608,47.0,1005.0,77.0,124.18699999999994,1.335091233253479,bmm
,73,73x415x886x25,51.0,1005.0,80.0,144.9989999999999,0.7157760262489319,bmm
,67,67x407x625x32,51.0,1005.0,80.0,144.9989999999999,0.5160831928253173,bmm
,129,129x493x698x15,51.0,1005.0,80.0,144.9989999999999,0.9933183908462524,bmm
,85,85x291x660x40,51.0,1005.0,80.0,144.9989999999999,0.5410431981086731,bmm
,72,72x399x732x62,51.0,1005.0,80.0,144.9989999999999,0.5980160236358643,bmm
,65,65x259x573x50,51.0,1005.0,80.0,144.9989999999999,0.3594047963619232,bmm
,85,85x347x851x104,51.0,1005.0,80.0,144.9989999999999,0.7022591829299927,bmm
,111,111x493x762x126,27.0,1005.0,77.0,145.46,0.9639680027961732,bmm
,125,125x405x742x67,27.0,1005.0,77.0,145.46,1.0463231801986694,bmm
,83,83x502x513x241,27.0,1005.0,77.0,145.46,0.9689087867736816,bmm
,102,102x364x616x253,27.0,1005.0,77.0,145.46,1.013759970664978,bmm
,104,104x472x792x252,27.0,1005.0,77.0,145.46,1.7530879974365234,bmm
,69,69x351x915x290,49.0,1005.0,80.0,138.88099999999997,1.4684159755706787,bmm
,65,65x423x752x348,49.0,1005.0,80.0,138.88099999999997,1.5022079944610596,bmm
,95,95x273x853x488,49.0,1005.0,80.0,138.88099999999997,2.3793280124664307,bmm
,68,68x482x524x869,49.0,1005.0,80.0,138.88099999999997,2.5650943756103515,bmm
,87,87x419x919x667,86.0,1005.0,83.0,149.63299999999992,4.722425651550293,bmm
,74,74x359x999x769,86.0,1005.0,83.0,149.63299999999992,3.7568511962890634,bmm
,99,99x939x6x26,86.0,1005.0,83.0,149.63299999999992,0.063078399002552,bmm
,65,65x622x18x7,86.0,1005.0,83.0,149.63299999999992,0.0399359986186027,bmm
,66,66x531x21x33,86.0,1005.0,83.0,149.63299999999992,0.0486272007226944,bmm
,113,113x739x22x60,6.0,1005.0,83.0,174.74699999999996,0.103423997759819,bmm
,122,122x945x17x42,6.0,1005.0,83.0,174.74699999999996,0.1157120019197464,bmm
,65,65x665x1x48,6.0,1005.0,83.0,174.74699999999996,0.0225280001759529,bmm
,101,101x866x4x103,6.0,1005.0,83.0,174.74699999999996,0.0923456013202667,bmm
,125,125x664x18x127,6.0,1005.0,83.0,174.74699999999996,0.132083198428154,bmm
,106,106x717x16x104,6.0,1005.0,83.0,174.74699999999996,0.0980864033102989,bmm
,87,87x892x27x165,6.0,1005.0,83.0,174.74699999999996,0.2041343986988067,bmm
,108,108x994x3x170,6.0,1005.0,83.0,174.74699999999996,0.1771519929170608,bmm
,123,123x741x24x183,6.0,1005.0,83.0,174.74699999999996,0.2217151999473571,bmm
,127,127x776x31x503,15.0,1005.0,79.0,157.80000000000007,0.6090687990188599,bmm
,125,125x1000x23x370,15.0,1005.0,79.0,157.80000000000007,0.5146367907524109,bmm
,123,123x980x17x442,15.0,1005.0,79.0,157.80000000000007,0.569920003414154,bmm
,94,94x918x32x817,15.0,1005.0,79.0,157.80000000000007,0.8443903923034668,bmm
,81,81x568x10x837,15.0,1005.0,79.0,157.80000000000007,0.3702783942222595,bmm
,102,102x848x9x579,15.0,1005.0,79.0,157.80000000000007,0.4759296000003815,bmm
,90,90x901x55x19,31.0,1005.0,78.0,121.16199999999996,0.1404671967029571,bmm
,118,118x572x58x12,31.0,1005.0,78.0,121.16199999999996,0.1372160017490387,bmm
,110,110x1008x44x18,31.0,1005.0,78.0,121.16199999999996,0.1574463963508606,bmm
,84,84x852x37x44,31.0,1005.0,78.0,121.16199999999996,0.1155072018504142,bmm
,114,114x855x63x53,31.0,1005.0,78.0,121.16199999999996,0.1853056013584137,bmm
,69,69x1005x49x58,31.0,1005.0,78.0,121.16199999999996,0.1349631994962692,bmm
,96,96x564x46x84,31.0,1005.0,78.0,121.16199999999996,0.1105920001864433,bmm
,128,128x693x47x103,31.0,1005.0,78.0,121.16199999999996,0.1895999997854232,bmm
,107,107x916x52x97,31.0,1005.0,78.0,121.16199999999996,0.2161856025457382,bmm
,110,110x592x57x195,13.0,1005.0,76.0,119.732,0.2670592069625854,bmm
,85,85x1007x43x210,13.0,1005.0,76.0,119.732,0.303270411491394,bmm
,88,88x1002x33x141,13.0,1005.0,76.0,119.732,0.2815999984741211,bmm
,101,101x590x56x512,13.0,1005.0,76.0,119.732,0.5298175930976867,bmm
,84,84x738x56x442,13.0,1005.0,76.0,119.732,0.4792320072650909,bmm
,78,78x896x45x436,13.0,1005.0,76.0,119.732,0.492544001340866,bmm
,78,78x523x40x874,25.0,852.0,75.44,116.96540000000005,0.5249024033546448,bmm
,127,127x1016x49x772,33.0,750.0,75.0,115.12100000000004,1.6668672561645508,bmm
,121,121x966x50x931,33.0,750.0,75.0,115.12100000000004,1.552793598175049,bmm
,128,128x763x101x21,33.0,750.0,75.0,115.12100000000004,0.2437119930982589,bmm
,74,74x789x110x32,33.0,750.0,75.0,115.12100000000004,0.1849215984344482,bmm
,121,121x871x122x20,33.0,750.0,75.0,115.12100000000004,0.3194751918315887,bmm
,108,108x1003x97x63,17.0,1005.0,75.0,121.17999999999998,0.2779136002063751,bmm
,125,125x853x112x64,17.0,1005.0,75.0,121.17999999999998,0.28610560297966,bmm
,111,111x804x69x53,17.0,1005.0,75.0,121.17999999999998,0.1869567990303039,bmm
,108,108x755x90x112,17.0,1005.0,75.0,121.17999999999998,0.2361344009637832,bmm
,129,129x662x125x89,17.0,1005.0,75.0,121.17999999999998,0.304121595621109,bmm
,107,107x524x72x102,17.0,1005.0,75.0,121.17999999999998,0.1511232048273086,bmm
,83,83x972x85x217,17.0,1005.0,75.0,121.17999999999998,0.3833536028861999,bmm
,121,121x681x100x209,16.0,1005.0,74.0,119.881,0.4531840026378632,bmm
,83,83x960x92x223,16.0,1005.0,74.0,119.881,0.4134847998619079,bmm
,96,96x973x68x350,16.0,1005.0,74.0,119.881,0.5351423978805542,bmm
,119,119x709x69x447,16.0,1005.0,74.0,119.881,0.6258623957633972,bmm
,70,70x921x125x503,16.0,1005.0,74.0,119.881,0.8216575980186462,bmm
,70,70x696x107x579,16.0,1005.0,74.0,119.881,0.6911999940872192,bmm
,101,101x629x67x806,37.0,1005.0,75.0,120.07000000000002,0.7815039873123169,bmm
,113,113x960x76x749,37.0,1005.0,75.0,120.07000000000002,1.2560320138931274,bmm
,116,116x551x227x20,37.0,1005.0,75.0,120.07000000000002,0.3926144063472748,bmm
,111,111x846x153x32,37.0,1005.0,75.0,120.07000000000002,0.3550975918769836,bmm
,110,110x729x133x18,37.0,1005.0,75.0,120.07000000000002,0.2744320034980774,bmm
,66,66x631x230x59,37.0,1005.0,75.0,120.07000000000002,0.2572223901748657,bmm
,117,117x907x168x56,37.0,1005.0,75.0,120.07000000000002,0.4347904026508331,bmm
,110,110x1023x208x64,23.0,1005.0,75.0,125.11400000000002,0.5257152080535888,bmm
,100,100x689x226x75,23.0,1005.0,75.0,125.11400000000002,0.4274112045764923,bmm
,129,129x659x235x101,23.0,1005.0,75.0,125.11400000000002,0.5517311811447143,bmm
,96,96x914x212x86,23.0,1005.0,75.0,125.11400000000002,0.5009472012519837,bmm
,89,89x873x177x201,23.0,1005.0,75.0,125.11400000000002,0.6864895820617676,bmm
,74,74x522x219x198,23.0,1005.0,75.0,125.11400000000002,0.5072831869125366,bmm
,74,74x667x229x177,41.0,915.0,75.0,126.05499999999998,0.5939199924468994,bmm
,117,117x641x243x485,41.0,915.0,75.0,126.05499999999998,1.9699647903442383,bmm
,90,90x940x254x434,41.0,915.0,75.0,126.05499999999998,1.9140352249145507,bmm
,89,89x590x230x320,41.0,915.0,75.0,126.05499999999998,0.826367974281311,bmm
,67,67x620x230x925,41.0,915.0,75.0,126.05499999999998,1.6566272020339965,bmm
,95,95x1008x153x881,49.0,1005.0,79.0,131.107,2.322630453109741,bmm
,72,72x809x230x551,49.0,1005.0,79.0,131.107,1.5230976343154907,bmm
,118,118x641x290x4,49.0,1005.0,79.0,131.107,0.5524799942970275,bmm
,118,118x896x282x14,49.0,1005.0,79.0,131.107,0.6582272052764893,bmm
,67,67x712x262x10,49.0,1005.0,79.0,131.107,0.2866880059242248,bmm
,73,73x749x343x62,49.0,1005.0,79.0,131.107,0.4421248018741607,bmm
,102,102x1014x445x51,31.0,1005.0,78.0,144.30200000000002,0.929753589630127,bmm
,95,95x1002x436x56,31.0,1005.0,78.0,144.30200000000002,0.9065983891487122,bmm
,83,83x610x296x94,31.0,1005.0,78.0,144.30200000000002,0.3837184011936188,bmm
,104,104x928x272x76,31.0,1005.0,78.0,144.30200000000002,0.6213632225990295,bmm
,116,116x745x375x79,31.0,1005.0,78.0,144.30200000000002,0.7208832025527954,bmm
,97,97x560x428x157,31.0,1005.0,78.0,144.30200000000002,1.0545088291168212,bmm
,125,125x955x379x221,42.0,1005.0,79.0,142.337,1.9603264093399049,bmm
,86,86x814x342x178,42.0,1005.0,79.0,142.337,1.0577919483184814,bmm
,128,128x1018x435x340,42.0,1005.0,79.0,142.337,3.400659132003784,bmm
,98,98x631x337x406,42.0,1005.0,79.0,142.337,1.6773120164871216,bmm
,116,116x841x415x419,51.0,1005.0,84.0,148.40200000000002,3.344550371170044,bmm
,91,91x550x315x619,51.0,1005.0,84.0,148.40200000000002,1.8388992547988887,bmm
,66,66x544x289x578,51.0,1005.0,84.0,148.40200000000002,1.2752576351165772,bmm
,73,73x638x386x997,50.2,1005.0,84.16,151.87320000000005,2.9042239665985106,bmm
,98,98x922x569x15,46.0,1005.0,85.0,170.0970000000001,1.1581439971923828,bmm
,89,89x752x613x28,46.0,1005.0,85.0,170.0970000000001,0.8760831952095032,bmm
,78,78x525x1021x3,46.0,1005.0,85.0,170.0970000000001,1.022969627380371,bmm
,128,128x759x756x50,46.0,1005.0,85.0,170.0970000000001,1.5282175540924072,bmm
,71,71x773x517x46,46.0,1005.0,85.0,170.0970000000001,0.7391168236732483,bmm
,126,126x669x582x50,51.0,1005.0,83.0,170.47099999999998,1.1763712167739868,bmm
,69,69x903x694x127,51.0,1005.0,83.0,170.47099999999998,1.012121558189392,bmm
,75,75x702x850x114,51.0,1005.0,83.0,170.47099999999998,1.0557440519332886,bmm
,100,100x691x1021x128,51.0,1005.0,83.0,170.47099999999998,1.6674432277679443,bmm
,121,121x757x1005x195,48.12,1005.0,83.36,164.28620000000006,3.605497646331787,bmm
,128,128x742x917x204,43.0,1005.0,84.0,153.29100000000005,3.460076713562012,bmm
,78,78x617x588x190,43.0,1005.0,84.0,153.29100000000005,1.198041558265686,bmm
,92,92x655x642x349,43.0,1005.0,84.0,153.29100000000005,2.714367961883545,bmm
,91,91x1004x686x320,86.0,1005.0,86.0,170.866,3.686726379394531,bmm
,103,103x789x765x258,86.0,1005.0,86.0,170.866,4.104191780090332,bmm
,111,111x833x828x544,73.2,1005.0,87.2,185.5482399999999,7.882751941680908,bmm
,94,94x842x572x652,66.0,1005.0,88.0,193.8069999999999,5.611647891998291,bmm
,92,92x547x969x529,57.16,1005.0,88.0,207.96732000000003,5.571379375457764,bmm
,185,185x2x16x32,53.0,1005.0,88.0,214.63100000000003,0.0061440002173185,bmm
,153,153x9x4x1,53.0,1005.0,88.0,214.63100000000003,0.0051199998706579,bmm
,251,251x16x10x24,53.0,1005.0,88.0,214.63100000000003,0.0100671999156475,bmm
,217,217x31x2x47,53.0,1005.0,88.0,214.63100000000003,0.0232383999973535,bmm
,137,137x21x17x36,53.0,1005.0,88.0,214.63100000000003,0.0225280001759529,bmm
,135,135x5x15x49,53.0,1005.0,88.0,214.63100000000003,0.0071680000983178,bmm
,141,141x1x3x102,53.0,1005.0,88.0,214.63100000000003,0.0061440002173185,bmm
,133,133x19x10x101,53.0,1005.0,88.0,214.63100000000003,0.019455999135971,bmm
,172,172x7x25x110,4.0,1005.0,84.0,199.75200000000004,0.0112640000879764,bmm
,147,147x28x18x252,4.0,1005.0,84.0,199.75200000000004,0.0399359986186027,bmm
,225,225x7x27x194,4.0,1005.0,84.0,199.75200000000004,0.0184320006519556,bmm
,190,190x29x9x198,4.0,1005.0,84.0,199.75200000000004,0.0419263996183872,bmm
,189,189x10x19x510,4.0,1005.0,84.0,199.75200000000004,0.0368640013039112,bmm
,218,218x8x7x489,4.0,1005.0,84.0,199.75200000000004,0.0266111996024847,bmm
,170,170x25x17x321,4.0,1005.0,84.0,199.75200000000004,0.0655359998345375,bmm
,235,235x32x3x823,4.0,1005.0,84.0,199.75200000000004,0.1239039972424507,bmm
,223,223x19x17x801,4.0,1005.0,84.0,199.75200000000004,0.1751040071249008,bmm
,228,228x27x14x760,10.0,1005.0,82.0,158.90599999999998,0.1290176004171371,bmm
,228,228x21x65x32,10.0,1005.0,82.0,158.90599999999998,0.0582976005971431,bmm
,202,202x13x56x3,10.0,1005.0,82.0,158.90599999999998,0.0092160003259778,bmm
,202,202x5x40x25,10.0,1005.0,82.0,158.90599999999998,0.0076928000897169,bmm
,144,144x31x65x42,10.0,1005.0,82.0,158.90599999999998,0.0409599989652633,bmm
,239,239x12x50x51,10.0,1005.0,82.0,158.90599999999998,0.012288000434637,bmm
,247,247x7x49x60,10.0,1005.0,82.0,158.90599999999998,0.0102399997413158,bmm
,203,203x13x46x126,10.0,1005.0,82.0,158.90599999999998,0.0184320006519556,bmm
,243,243x31x41x75,10.0,1005.0,82.0,158.90599999999998,0.0450560003519058,bmm
,191,191x30x42x115,10.0,1005.0,82.0,158.90599999999998,0.0455551996827125,bmm
,142,142x19x34x242,7.44,1005.0,82.0,137.35899999999995,0.0522047989070415,bmm
,134,134x17x37x131,6.0,1005.0,80.0,137.35899999999995,0.0511999987065792,bmm
,185,185x23x53x136,6.0,1005.0,80.0,137.35899999999995,0.0768000036478042,bmm
,185,185x31x36x280,6.0,1005.0,80.0,137.35899999999995,0.0860159993171691,bmm
,245,245x14x48x503,6.0,1005.0,80.0,137.35899999999995,0.0616447985172271,bmm
,182,182x25x54x395,6.0,1005.0,80.0,137.35899999999995,0.1324287950992584,bmm
,206,206x22x36x597,6.0,1005.0,80.0,137.35899999999995,0.1519616037607193,bmm
,141,141x21x49x853,6.0,1005.0,80.0,137.35899999999995,0.1843200027942657,bmm
,235,235x8x64x858,6.0,1005.0,80.0,137.35899999999995,0.0870399996638298,bmm
,219,219x32x70x11,6.0,1005.0,80.0,137.35899999999995,0.1156864017248153,bmm
,133,133x4x109x3,14.0,495.0,79.0,137.9180000000001,0.0132863998413085,bmm
,145,145x27x129x8,14.0,495.0,79.0,137.9180000000001,0.1310400009155273,bmm
,168,168x15x124x58,14.0,495.0,79.0,137.9180000000001,0.0409599989652633,bmm
,218,218x8x65x33,14.0,495.0,79.0,137.9180000000001,0.0204799994826316,bmm
,253,253x9x76x43,14.0,495.0,79.0,137.9180000000001,0.0286720003932714,bmm
,179,179x28x124x100,14.0,495.0,79.0,137.9180000000001,0.1925056040287018,bmm
,144,144x14x118x77,14.0,495.0,79.0,137.9180000000001,0.0468992009758949,bmm
,215,215x23x78x105,14.0,495.0,79.0,137.9180000000001,0.1421247988939285,bmm
,191,191x25x127x177,14.0,495.0,79.0,137.9180000000001,0.3297280073165893,bmm
,153,153x13x101x159,15.0,435.0,76.0,123.75599999999996,0.063078399002552,bmm
,209,209x27x65x256,15.0,435.0,76.0,123.75599999999996,0.2549760043621063,bmm
,132,132x9x127x269,15.0,435.0,76.0,123.75599999999996,0.0917504012584686,bmm
,252,252x14x65x401,15.0,435.0,76.0,123.75599999999996,0.1443839967250824,bmm
,132,132x24x82x441,15.0,435.0,76.0,123.75599999999996,0.3551231920719147,bmm
,132,132x24x80x726,15.0,435.0,76.0,123.75599999999996,0.4566911995410919,bmm
,146,146x22x119x730,15.0,435.0,76.0,123.75599999999996,0.7135232090950012,bmm
,181,181x4x113x565,35.0,405.0,74.0,109.46700000000006,0.1214463993906974,bmm
,209,209x5x185x28,35.0,405.0,74.0,109.46700000000006,0.0225280001759529,bmm
,223,223x3x210x7,35.0,405.0,74.0,109.46700000000006,0.0204799994826316,bmm
,190,190x15x190x7,35.0,405.0,74.0,109.46700000000006,0.0456576004624366,bmm
,206,206x30x139x64,35.0,405.0,74.0,109.46700000000006,0.2514816045761108,bmm
,253,253x13x143x42,35.0,405.0,74.0,109.46700000000006,0.0573440007865428,bmm
,155,155x1x234x45,35.0,405.0,74.0,109.46700000000006,0.0274431999772787,bmm
,208,208x11x223x86,35.0,405.0,74.0,109.46700000000006,0.097484803199768,bmm
,160,160x3x144x92,35.0,405.0,74.0,109.46700000000006,0.0335872001945972,bmm
,228,228x4x175x77,16.0,375.0,72.0,103.97299999999996,0.0477184012532234,bmm
,242,242x12x214x190,16.0,375.0,72.0,103.97299999999996,0.1988608002662658,bmm
,201,201x11x159x251,16.0,375.0,72.0,103.97299999999996,0.1636351972818374,bmm
,251,251x27x240x163,16.0,375.0,72.0,103.97299999999996,1.0086400508880615,bmm
,158,158x32x210x475,16.0,375.0,72.0,103.97299999999996,1.0481663942337036,bmm
,163,163x27x249x395,16.0,375.0,72.0,103.97299999999996,1.208320045471191,bmm
,228,228x9x168x440,49.44,402.6,71.12,103.56996,0.2488320022821426,bmm
,208,208x13x254x594,54.0,405.0,71.0,103.515,0.5064703941345214,bmm
,228,228x3x240x590,54.0,405.0,71.0,103.515,0.3059712052345276,bmm
,153,153x31x197x922,54.0,405.0,71.0,103.515,1.5431679487228394,bmm
,156,156x27x460x24,54.0,405.0,71.0,103.515,0.4741120040416717,bmm
,134,134x27x395x12,54.0,405.0,71.0,103.515,0.3604480028152466,bmm
,256,256x32x391x6,54.0,405.0,71.0,103.515,0.690169608592987,bmm
,217,217x21x340x43,20.0,465.0,71.0,106.576,0.4624256014823913,bmm
,166,166x20x433x62,20.0,465.0,71.0,106.576,0.5814272165298462,bmm
,155,155x1x466x61,20.0,465.0,71.0,106.576,0.0483136013150215,bmm
,257,257x9x473x110,20.0,465.0,71.0,106.576,0.1974271982908249,bmm
,225,225x23x316x83,20.0,465.0,71.0,106.576,0.4331519901752472,bmm
,211,211x29x394x106,20.0,465.0,71.0,106.576,0.5347328186035156,bmm
,194,194x17x510x184,20.0,465.0,71.0,106.576,1.112057614326477,bmm
,242,242x26x348x194,29.0,465.0,70.0,105.62399999999997,0.9297919869422911,bmm
,256,256x32x425x170,29.0,465.0,70.0,105.62399999999997,1.0604544162750245,bmm
,166,166x2x308x471,29.0,465.0,70.0,105.62399999999997,0.2277375966310501,bmm
,243,243x15x293x366,29.0,465.0,70.0,105.62399999999997,0.4806655943393707,bmm
,172,172x32x474x414,29.0,465.0,70.0,105.62399999999997,1.4141440391540527,bmm
,184,184x32x453x726,40.52,537.0,70.48,106.67855999999996,2.0864959239959715,bmm
,170,170x17x362x1016,53.0,615.0,71.0,107.82099999999996,1.260543942451477,bmm
,174,174x17x360x797,53.0,615.0,71.0,107.82099999999996,1.087884831428528,bmm
,218,218x6x634x2,53.0,615.0,71.0,107.82099999999996,0.0276480000466108,bmm
,232,232x30x898x1,53.0,615.0,71.0,107.82099999999996,0.0634879991412162,bmm
,247,247x24x942x26,53.0,615.0,71.0,107.82099999999996,0.747705626487732,bmm
,191,191x4x817x60,53.0,615.0,71.0,107.82099999999996,0.0962560027837753,bmm
,171,171x1x1015x37,30.0,1005.0,72.0,118.514,0.0663295999169349,bmm
,185,185x28x983x36,30.0,1005.0,72.0,118.514,0.5888000130653381,bmm
,141,141x30x790x118,30.0,1005.0,72.0,118.514,0.3235839903354645,bmm
,229,229x28x694x122,30.0,1005.0,72.0,118.514,0.4239360094070434,bmm
,184,184x25x976x84,30.0,1005.0,72.0,118.514,0.5844352006912231,bmm
,149,149x27x846x143,30.0,1005.0,72.0,118.514,0.6766592264175415,bmm
,226,226x2x539x199,30.0,1005.0,72.0,118.514,0.2271488010883331,bmm
,152,152x5x677x240,30.0,1005.0,72.0,118.514,0.2283519953489303,bmm
,248,248x10x797x340,35.0,1005.0,72.0,118.45499999999996,0.6428608059883117,bmm
,201,201x1x547x375,35.0,1005.0,72.0,118.45499999999996,0.3655360102653503,bmm
,196,196x7x789x434,35.0,1005.0,72.0,118.45499999999996,0.6431999921798706,bmm
,250,250x4x848x826,35.0,1005.0,72.0,118.45499999999996,1.601510429382324,bmm
,209,209x22x1001x928,45.2,1005.0,72.68,117.00320000000004,4.155116844177246,bmm
,191,191x8x986x840,50.0,1005.0,73.0,116.32000000000002,1.6332480192184449,bmm
,171,171x33x32x13,50.0,1005.0,73.0,116.32000000000002,0.0348160006105899,bmm
,176,176x56x23x29,50.0,1005.0,73.0,116.32000000000002,0.0327679999172687,bmm
,163,163x59x10x13,50.0,1005.0,73.0,116.32000000000002,0.0204799994826316,bmm
,242,242x63x22x57,50.0,1005.0,73.0,116.32000000000002,0.0337920002639293,bmm
,186,186x57x22x61,5.0,1005.0,73.0,127.40099999999995,0.0331647999584674,bmm
,200,200x59x17x50,5.0,1005.0,73.0,127.40099999999995,0.0333760000765323,bmm
,180,180x42x10x74,5.0,1005.0,73.0,127.40099999999995,0.0286720003932714,bmm
,221,221x57x22x118,5.0,1005.0,73.0,127.40099999999995,0.0395263984799385,bmm
,246,246x39x19x87,5.0,1005.0,73.0,127.40099999999995,0.0337920002639293,bmm
,157,157x45x12x239,5.0,1005.0,73.0,127.40099999999995,0.0358400009572505,bmm
,213,213x57x33x195,5.0,1005.0,73.0,127.40099999999995,0.0788479968905448,bmm
,241,241x52x25x130,5.0,1005.0,73.0,127.40099999999995,0.0690112009644508,bmm
,209,209x38x6x419,5.0,1005.0,73.0,127.40099999999995,0.0696320012211799,bmm
,217,217x47x7x278,5.0,1005.0,73.0,127.40099999999995,0.0530431993305683,bmm
,174,174x34x6x416,7.0,1005.0,71.0,118.48900000000002,0.0583680011332035,bmm
,222,222x36x1x957,7.0,1005.0,71.0,118.48900000000002,0.07639040350914,bmm
,198,198x57x8x1009,7.0,1005.0,71.0,118.48900000000002,0.1337343961000442,bmm
,129,129x63x20x608,7.0,1005.0,71.0,118.48900000000002,0.0931840017437934,bmm
,154,154x53x65x2,7.0,1005.0,71.0,118.48900000000002,0.0419839993119239,bmm
,229,229x56x33x2,7.0,1005.0,71.0,118.48900000000002,0.0419647991657257,bmm
,129,129x39x57x23,7.0,1005.0,71.0,118.48900000000002,0.0389119982719421,bmm
,134,134x50x58x39,7.0,1005.0,71.0,118.48900000000002,0.0389119982719421,bmm
,149,149x34x47x57,7.0,1005.0,71.0,118.48900000000002,0.0327679999172687,bmm
,145,145x51x56x56,5.0,1005.0,70.0,100.287,0.0348160006105899,bmm
,164,164x49x46x117,5.0,1005.0,70.0,100.287,0.0358400009572505,bmm
,130,130x61x51x79,5.0,1005.0,70.0,100.287,0.0358720012009143,bmm
,236,236x44x44x68,5.0,1005.0,70.0,100.287,0.0477376013994216,bmm
,243,243x45x46x183,5.0,1005.0,70.0,100.287,0.0876479998230934,bmm
,225,225x49x62x220,5.0,1005.0,70.0,100.287,0.1044479981064796,bmm
,159,159x33x42x217,5.0,1005.0,70.0,100.287,0.061439998447895,bmm
,218,218x44x46x278,5.0,1005.0,70.0,100.287,0.1122304007411003,bmm
,231,231x42x37x319,10.0,1005.0,69.0,99.94399999999996,0.1126400008797645,bmm
,208,208x48x65x489,10.0,1005.0,69.0,99.94399999999996,0.1955839991569519,bmm
,233,233x47x43x1000,10.0,1005.0,69.0,99.94399999999996,0.5763071775436401,bmm
,188,188x52x45x534,10.0,1005.0,69.0,99.94399999999996,0.3086335957050323,bmm
,176,176x48x60x759,10.0,1005.0,69.0,99.94399999999996,0.406111991405487,bmm
,159,159x60x83x27,10.0,1005.0,69.0,99.94399999999996,0.0931840017437934,bmm
,159,159x50x106x23,10.0,1005.0,69.0,99.94399999999996,0.1120256006717681,bmm
,197,197x47x89x3,10.0,1005.0,69.0,99.94399999999996,0.1429504007101059,bmm
,231,231x44x86x60,14.0,495.0,69.0,101.02500000000003,0.1355583995580673,bmm
,244,244x41x84x45,14.0,495.0,69.0,101.02500000000003,0.1429504007101059,bmm
,251,251x45x117x39,14.0,495.0,69.0,101.02500000000003,0.23715840280056,bmm
,173,173x38x90x115,14.0,495.0,69.0,101.02500000000003,0.1536000072956085,bmm
,132,132x63x85x117,14.0,495.0,69.0,101.02500000000003,0.1048383980989456,bmm
,186,186x36x84x88,14.0,495.0,69.0,101.02500000000003,0.1474560052156448,bmm
,235,235x39x75x216,14.0,495.0,69.0,101.02500000000003,0.2594816088676452,bmm
,129,129x49x102x241,14.0,495.0,69.0,101.02500000000003,0.2207743972539901,bmm
,146,146x63x93x162,14.0,492.0,69.0,101.02500000000003,0.2201599925756454,bmm
,234,234x49x93x469,24.0,420.0,68.0,100.61400000000002,0.6192767977714538,bmm
,164,164x50x108x376,24.0,420.0,68.0,100.61400000000002,0.3647232055664062,bmm
,175,175x55x114x511,24.0,420.0,68.0,100.61400000000002,0.5898240208625793,bmm
,129,129x47x68x824,24.0,420.0,68.0,100.61400000000002,0.5101376056671143,bmm
,255,255x65x91x724,24.0,420.0,68.0,100.61400000000002,1.005568027496338,bmm
,222,222x56x105x999,24.0,420.0,68.0,100.61400000000002,1.3273087739944458,bmm
,158,158x36x232x1,46.0,405.0,68.0,100.616,0.0204799994826316,bmm
,224,224x57x247x6,46.0,405.0,68.0,100.616,0.3328000009059906,bmm
,175,175x59x134x24,46.0,405.0,68.0,100.616,0.1955839991569519,bmm
,134,134x45x236x47,46.0,405.0,68.0,100.616,0.2205695956945419,bmm
,204,204x46x146x43,46.0,405.0,68.0,100.616,0.2158592045307159,bmm
,143,143x57x182x59,46.0,405.0,68.0,100.616,0.1761280000209808,bmm
,253,253x56x180x81,46.0,405.0,68.0,100.616,0.3358719944953918,bmm
,214,214x49x135x85,46.0,405.0,68.0,100.616,0.1986559927463531,bmm
,229,229x33x251x119,24.0,480.0,68.0,102.80600000000004,0.3446528017520904,bmm
,142,142x61x164x221,24.0,480.0,68.0,102.80600000000004,0.3102720081806183,bmm
,210,210x38x191x160,24.0,480.0,68.0,102.80600000000004,0.5111808180809021,bmm
,129,129x63x220x136,24.0,480.0,68.0,102.80600000000004,0.4003584027290344,bmm
,175,175x59x233x482,24.0,480.0,68.0,102.80600000000004,0.9385983943939208,bmm
,206,206x34x193x463,24.0,480.0,68.0,102.80600000000004,0.9586688160896302,bmm
,162,162x39x248x451,24.0,480.0,68.0,102.80600000000004,0.8577023983001709,bmm
,135,135x51x219x921,38.0,480.0,69.0,104.3,1.3545471668243407,bmm
,245,245x53x197x661,38.0,480.0,69.0,104.3,1.5636287927627563,bmm
,152,152x50x194x841,38.0,480.0,69.0,104.3,1.1349952220916748,bmm
,253,253x48x349x27,56.0,870.0,69.0,108.25700000000003,0.3375104069709778,bmm
,173,173x60x390x20,56.0,870.0,69.0,108.25700000000003,0.2842624008655548,bmm
,129,129x64x300x16,56.0,870.0,69.0,108.25700000000003,0.15276800096035,bmm
,217,217x53x394x59,56.0,870.0,69.0,108.25700000000003,0.291839987039566,bmm
,129,129x47x317x53,56.0,870.0,69.0,108.25700000000003,0.1607680022716522,bmm
,141,141x63x511x48,56.0,870.0,69.0,108.25700000000003,0.2490368008613586,bmm
,217,217x57x332x129,56.0,870.0,69.0,108.25700000000003,0.4806655943393707,bmm
,219,219x61x482x88,56.0,870.0,69.0,108.25700000000003,0.3524479985237121,bmm
,216,216x59x337x105,32.0,870.0,69.0,108.97219999999996,0.2560000121593475,bmm
,253,253x54x321x140,26.0,870.0,69.0,109.15099999999995,0.5453887820243836,bmm
,205,205x49x394x132,26.0,870.0,69.0,109.15099999999995,0.4749312102794647,bmm
,193,193x41x478x150,26.0,870.0,69.0,109.15099999999995,0.5638144016265869,bmm
,135,135x48x311x355,26.0,870.0,69.0,109.15099999999995,0.3766272068023681,bmm
,225,225x50x364x276,26.0,870.0,69.0,109.15099999999995,0.7780352234840393,bmm
,158,158x35x451x281,26.0,870.0,69.0,109.15099999999995,0.6410239934921265,bmm
,135,135x65x388x995,35.0,870.0,70.0,110.183,1.2808191776275637,bmm
,186,186x47x461x985,35.0,870.0,70.0,110.183,1.763327956199646,bmm
,183,183x45x392x730,35.0,870.0,70.0,110.183,1.1059199571609497,bmm
,180,180x60x810x6,35.0,870.0,70.0,110.183,0.4943872094154358,bmm
,228,228x47x767x2,35.0,870.0,70.0,110.183,0.4648959934711456,bmm
,210,210x62x1008x9,35.0,870.0,70.0,110.183,0.6062080264091492,bmm
,214,214x42x941x63,20.0,1005.0,72.0,120.20899999999996,0.5693439841270447,bmm
,189,189x55x831x60,20.0,1005.0,72.0,120.20899999999996,0.5062591791152954,bmm
,228,228x57x547x47,20.0,1005.0,72.0,120.20899999999996,0.342630398273468,bmm
,186,186x36x827x127,20.0,1005.0,72.0,120.20899999999996,0.5046272277832031,bmm
,176,176x65x602x106,20.0,1005.0,72.0,120.20899999999996,0.3778559863567352,bmm
,240,240x36x1023x121,20.0,1005.0,72.0,120.20899999999996,0.6166207909584045,bmm
,233,233x51x1024x206,20.24,1005.0,72.0,120.27259999999998,1.2195839881896973,bmm
,196,196x42x899x164,26.0,1005.0,72.0,121.799,0.901087999343872,bmm
,155,155x61x771x195,26.0,1005.0,72.0,121.799,0.6266880035400391,bmm
,247,247x39x766x447,26.0,1005.0,72.0,121.799,1.9742720127105715,bmm
,236,236x52x983x409,26.0,1005.0,72.0,121.799,2.3296000957489014,bmm
,221,221x41x806x317,73.04,1005.0,74.4,126.69031999999996,1.4407680034637451,bmm
,156,156x35x615x812,82.0,1005.0,75.0,127.62199999999996,1.7121280431747437,bmm
,254,254x39x842x907,82.0,1005.0,75.0,127.62199999999996,4.175238418579101,bmm
,140,140x58x780x612,82.0,1005.0,75.0,127.62199999999996,1.4022015571594235,bmm
,172,172x95x25x21,47.0,1005.0,80.0,153.05099999999996,0.0358400009572505,bmm
,245,245x84x26x31,47.0,1005.0,80.0,153.05099999999996,0.0363520003855228,bmm
,171,171x79x24x18,47.0,1005.0,80.0,153.05099999999996,0.0307199992239475,bmm
,207,207x86x25x45,47.0,1005.0,80.0,153.05099999999996,0.0366144008934497,bmm
,185,185x98x26x46,47.0,1005.0,80.0,153.05099999999996,0.0368448011577129,bmm
,145,145x119x30x53,47.0,1005.0,80.0,153.05099999999996,0.0265471998602151,bmm
,252,252x99x17x70,47.0,1005.0,80.0,153.05099999999996,0.0399359986186027,bmm
,256,256x101x14x106,47.0,1005.0,80.0,153.05099999999996,0.036761600524187,bmm
,157,157x81x14x113,47.0,1005.0,80.0,153.05099999999996,0.0204799994826316,bmm
,197,197x119x4x221,47.0,1005.0,80.0,153.05099999999996,0.0399359986186027,bmm
,153,153x72x3x235,5.0,1005.0,77.0,152.64899999999992,0.0286720003932714,bmm
,217,217x123x16x183,5.0,1005.0,77.0,152.64899999999992,0.0532479993999004,bmm
,135,135x119x25x393,5.0,1005.0,77.0,152.64899999999992,0.0812991976737976,bmm
,196,196x108x16x379,5.0,1005.0,77.0,152.64899999999992,0.0716736018657684,bmm
,213,213x114x14x357,5.0,1005.0,77.0,152.64899999999992,0.0737280026078224,bmm
,174,174x78x13x765,5.0,1005.0,77.0,152.64899999999992,0.1040191978216171,bmm
,196,196x65x22x671,5.0,1005.0,77.0,152.64899999999992,0.1357375979423523,bmm
,229,229x76x31x983,5.0,1005.0,77.0,152.64899999999992,0.2375680059194564,bmm
,145,145x82x59x2,5.0,1005.0,77.0,152.64899999999992,0.0378880016505718,bmm
,152,152x94x35x32,19.0,1005.0,77.0,138.40200000000002,0.0286720003932714,bmm
,143,143x88x51x23,19.0,1005.0,77.0,138.40200000000002,0.0348160006105899,bmm
,255,255x72x42x46,19.0,1005.0,77.0,138.40200000000002,0.0585216008126735,bmm
,200,200x118x33x44,19.0,1005.0,77.0,138.40200000000002,0.0411135993897914,bmm
,151,151x99x47x55,19.0,1005.0,77.0,138.40200000000002,0.0327615998685359,bmm
,214,214x101x63x84,19.0,1005.0,77.0,138.40200000000002,0.0583680011332035,bmm
,250,250x111x43x90,19.0,1005.0,77.0,138.40200000000002,0.0624319992959499,bmm
,145,145x84x49x91,19.0,1005.0,77.0,138.40200000000002,0.0358400009572505,bmm
,202,202x66x52x193,19.0,1005.0,77.0,138.40200000000002,0.0788479968905448,bmm
,256,256x82x43x180,19.0,1005.0,77.0,138.40200000000002,0.096601602435112,bmm
,192,192x113x48x216,7.0,1005.0,76.0,135.489,0.0750784024596214,bmm
,162,162x101x54x409,7.0,1005.0,76.0,135.489,0.1208320036530494,bmm
,162,162x122x43x339,7.0,1005.0,76.0,135.489,0.0901120007038116,bmm
,200,200x100x59x506,7.0,1005.0,76.0,135.489,0.1648448020219803,bmm
,229,229x96x48x898,7.0,1005.0,76.0,135.489,0.6395903825759888,bmm
,203,203x106x63x974,7.0,1005.0,76.0,135.489,0.711679995059967,bmm
,179,179x75x45x1025,7.0,1005.0,76.0,135.489,0.5545983910560608,bmm
,172,172x104x108x11,38.68,508.2,76.0,133.64163999999994,0.1720319986343383,bmm
,246,246x100x79x23,43.0,465.0,76.0,133.4809999999999,0.1382399946451187,bmm
,144,144x88x109x31,43.0,465.0,76.0,133.4809999999999,0.1203904032707214,bmm
,201,201x124x109x43,43.0,465.0,76.0,133.4809999999999,0.191865599155426,bmm
,196,196x78x79x36,43.0,465.0,76.0,133.4809999999999,0.1433600038290023,bmm
,231,231x103x126x35,43.0,465.0,76.0,133.4809999999999,0.2115520000457763,bmm
,146,146x102x93x103,43.0,465.0,76.0,133.4809999999999,0.1187840029597282,bmm
,190,190x74x88x85,43.0,465.0,76.0,133.4809999999999,0.1585152000188827,bmm
,234,234x94x69x124,43.0,465.0,76.0,133.4809999999999,0.1447807967662811,bmm
,157,157x126x104x134,39.4,459.6,75.64,131.89435999999995,0.2383872002363204,bmm
,235,235x102x72x196,13.0,420.0,73.0,120.259,0.2736127972602844,bmm
,245,245x105x69x228,13.0,420.0,73.0,120.259,0.282419204711914,bmm
,159,159x99x81x491,13.0,420.0,73.0,120.259,0.4247551918029785,bmm
,153,153x97x91x446,13.0,420.0,73.0,120.259,0.4720639884471893,bmm
,138,138x128x90x512,13.0,420.0,73.0,120.259,0.4200448036193848,bmm
,161,161x105x94x753,13.0,420.0,73.0,120.259,0.7022591829299927,bmm
,176,176x122x104x591,35.0,375.0,72.0,108.11700000000002,0.6897600054740906,bmm
,239,239x115x120x798,35.0,375.0,72.0,108.11700000000002,1.4600192308425903,bmm
,188,188x114x245x30,35.0,375.0,72.0,108.11700000000002,0.3385343968868256,bmm
,174,174x72x175x16,35.0,375.0,72.0,108.11700000000002,0.2447360008955001,bmm
,237,237x79x151x2,35.0,375.0,72.0,108.11700000000002,0.2170879989862442,bmm
,140,140x115x229x58,35.0,375.0,72.0,108.11700000000002,0.2191359996795654,bmm
,141,141x129x138x55,35.0,375.0,72.0,108.11700000000002,0.2707456052303314,bmm
,175,175x70x241x58,35.0,375.0,72.0,108.11700000000002,0.3348479866981506,bmm
,159,159x126x240x121,21.0,480.0,71.0,107.576,0.2303999960422516,bmm
,142,142x96x229x69,21.0,480.0,71.0,107.576,0.2181120067834854,bmm
,192,192x98x255x101,21.0,480.0,71.0,107.576,0.3514175951480865,bmm
,192,192x83x130x257,21.0,480.0,71.0,107.576,0.4962175965309143,bmm
,256,256x115x195x208,21.0,480.0,71.0,107.576,0.6254591941833496,bmm
,133,133x108x197x138,21.0,480.0,71.0,107.576,0.3653504073619842,bmm
,244,244x100x219x354,21.0,480.0,71.0,107.576,0.8853504061698914,bmm
,138,138x72x213x481,25.0,480.0,71.0,107.064,0.6666240096092224,bmm
,253,253x108x169x360,25.0,480.0,71.0,107.064,0.78438401222229,bmm
,238,238x105x243x676,25.0,480.0,71.0,107.064,1.7102784156799316,bmm
,178,178x90x193x899,25.0,480.0,71.0,107.064,1.2445568084716796,bmm
,134,134x126x133x990,25.0,480.0,71.0,107.064,0.5945152044296265,bmm
,193,193x109x396x6,33.0,720.0,71.96,112.227,0.3530688047409057,bmm
,220,220x72x285x29,33.0,720.0,72.0,112.227,0.26009601354599,bmm
,182,182x92x456x5,33.0,720.0,72.0,112.227,0.394239991903305,bmm
,169,169x98x380x59,33.0,720.0,72.0,112.227,0.3391487896442413,bmm
,149,149x128x387x38,33.0,720.0,72.0,112.227,0.2375680059194564,bmm
,251,251x113x425x49,33.0,720.0,72.0,112.227,0.5013504028320312,bmm
,220,220x120x432x88,33.0,720.0,72.0,112.227,0.3825535953044891,bmm
,221,221x110x425x95,33.0,720.0,72.0,112.227,0.3848192095756531,bmm
,146,146x124x454x86,24.0,720.0,71.0,113.54799999999996,0.2744320034980774,bmm
,190,190x105x416x198,24.0,720.0,71.0,113.54799999999996,0.6017023921012878,bmm
,171,171x104x481x248,24.0,720.0,71.0,113.54799999999996,0.7022591829299927,bmm
,225,225x125x300x189,24.0,720.0,71.0,113.54799999999996,0.5404287934303283,bmm
,239,239x126x458x345,24.0,720.0,71.0,113.54799999999996,1.1505663871765135,bmm
,229,229x121x304x394,24.0,720.0,71.0,113.54799999999996,1.004544019699097,bmm
,242,242x95x385x431,51.0,750.0,72.0,115.509,1.172876763343811,bmm
,129,129x122x270x958,51.0,750.0,72.0,115.509,0.8652799725532532,bmm
,218,218x106x261x741,51.0,750.0,72.0,115.509,1.0196736097335817,bmm
,243,243x125x278x751,51.0,750.0,72.0,115.509,1.0926079750061035,bmm
,228,228x89x918x31,51.0,750.0,72.0,115.509,0.5601279735565186,bmm
,243,243x89x655x2,51.0,750.0,72.0,115.509,0.4055039882659912,bmm
,239,239x126x686x4,36.0,1005.0,74.0,125.74600000000004,0.4280320107936859,bmm
,218,218x103x1014x60,36.0,1005.0,74.0,125.74600000000004,0.6207488179206848,bmm
,159,159x100x729x48,36.0,1005.0,74.0,125.74600000000004,0.307200014591217,bmm
,156,156x113x561x37,36.0,1005.0,74.0,125.74600000000004,0.2416640073060989,bmm
,236,236x66x622x75,36.0,1005.0,74.0,125.74600000000004,0.3872639954090118,bmm
,234,234x69x632x112,36.0,1005.0,74.0,125.74600000000004,0.3923840045928955,bmm
,234,234x100x851x106,36.0,1005.0,74.0,125.74600000000004,0.5351424217224121,bmm
,129,129x95x588x230,27.0,1005.0,74.0,125.92000000000004,0.4904960095882416,bmm
,165,165x106x845x252,27.0,1005.0,74.0,125.92000000000004,0.8667135834693909,bmm
,181,181x72x980x193,27.0,1005.0,74.0,125.92000000000004,0.984063982963562,bmm
,255,255x69x515x276,27.0,1005.0,74.0,125.92000000000004,1.0452991724014282,bmm
,166,166x106x882x477,27.0,1005.0,74.0,125.92000000000004,1.603379249572754,bmm
,256,256x120x625x313,55.0,1005.0,76.0,125.73799999999996,1.283071994781494,bmm
,151,151x72x514x591,55.0,1005.0,76.0,125.73799999999996,1.0459007740020752,bmm
,178,178x114x827x614,55.0,1005.0,76.0,125.73799999999996,1.8436095714569087,bmm
,130,130x99x678x583,55.0,1005.0,76.0,125.73799999999996,1.0954240083694458,bmm
,224,224x149x23x30,55.0,1005.0,76.0,125.73799999999996,0.0583680011332035,bmm
,252,252x179x9x20,44.0,1005.0,78.0,136.78499999999997,0.0552960000932216,bmm
,166,166x137x20x22,44.0,1005.0,78.0,136.78499999999997,0.0481280013918876,bmm
,185,185x133x1x40,44.0,1005.0,78.0,136.78499999999997,0.0102399997413158,bmm
,214,214x164x9x63,44.0,1005.0,78.0,136.78499999999997,0.0482816010713577,bmm
,145,145x183x23x33,44.0,1005.0,78.0,136.78499999999997,0.0404480002820491,bmm
,156,156x201x32x105,44.0,1005.0,78.0,136.78499999999997,0.0634431988000869,bmm
,164,164x182x6x103,44.0,1005.0,78.0,136.78499999999997,0.0384320013225078,bmm
,213,213x146x8x80,44.0,1005.0,78.0,136.78499999999997,0.0396927997469902,bmm
,162,162x182x26x174,44.0,1005.0,78.0,136.78499999999997,0.1016831994056701,bmm
,145,145x146x32x195,6.0,1005.0,73.0,125.96799999999998,0.0931776016950607,bmm
,238,238x142x19x208,6.0,1005.0,73.0,125.96799999999998,0.124518397450447,bmm
,241,241x203x24x321,6.0,1005.0,73.0,125.96799999999998,0.2135424017906189,bmm
,241,241x245x2x492,6.0,1005.0,73.0,125.96799999999998,0.2684031963348389,bmm
,167,167x249x12x436,6.0,1005.0,73.0,125.96799999999998,0.1910336017608642,bmm
,249,249x202x23x954,6.0,1005.0,73.0,125.96799999999998,0.582860803604126,bmm
,142,142x199x5x516,6.0,1005.0,73.0,125.96799999999998,0.1461823999881744,bmm
,244,244x188x29x687,34.0,1005.0,72.0,107.03699999999998,0.4579007983207702,bmm
,230,230x228x40x22,34.0,1005.0,72.0,107.03699999999998,0.0798399984836578,bmm
,232,232x137x52x4,34.0,1005.0,72.0,107.03699999999998,0.0929728016257286,bmm
,239,239x219x47x6,34.0,1005.0,72.0,107.03699999999998,0.0901120007038116,bmm
,165,165x248x49x54,34.0,1005.0,72.0,107.03699999999998,0.0925632014870643,bmm
,155,155x145x46x35,34.0,1005.0,72.0,107.03699999999998,0.0624639987945556,bmm
,230,230x190x44x49,34.0,1005.0,72.0,107.03699999999998,0.0921600013971328,bmm
,192,192x179x63x72,34.0,1005.0,72.0,107.03699999999998,0.0942080020904541,bmm
,204,204x150x35x98,34.0,1005.0,72.0,107.03699999999998,0.0786175981163978,bmm
,176,176x199x58x99,9.0,1005.0,71.0,108.05,0.1042239978909492,bmm
,147,147x158x37x254,9.0,1005.0,71.0,108.05,0.1173312023282051,bmm
,194,194x147x61x213,9.0,1005.0,71.0,108.05,0.1658175975084304,bmm
,184,184x189x51x141,9.0,1005.0,71.0,108.05,0.1409024029970169,bmm
,235,235x214x48x283,9.0,1005.0,71.0,108.05,0.3420160114765167,bmm
,185,185x244x38x392,9.0,1005.0,71.0,108.05,0.336678397655487,bmm
,169,169x256x59x321,9.0,1005.0,71.0,108.05,0.3256320059299469,bmm
,136,136x144x49x532,9.0,1005.0,71.0,108.05,0.3684352040290832,bmm
,254,254x188x41x1008,18.0,660.0,71.0,108.357,0.963379204273224,bmm
,221,221x153x38x917,18.0,660.0,71.0,108.357,0.7739391922950745,bmm
,211,211x167x116x26,18.0,660.0,71.0,108.357,0.2549760043621063,bmm
,222,222x142x117x14,18.0,660.0,71.0,108.357,0.260697603225708,bmm
,179,179x225x100x20,18.0,660.0,71.0,108.357,0.1986559927463531,bmm
,159,159x256x124x63,18.0,660.0,71.0,108.357,0.1953792005777359,bmm
,242,242x181x78x62,18.0,660.0,71.0,108.357,0.1925120055675506,bmm
,182,182x211x76x46,18.0,660.0,71.0,108.357,0.1708032041788101,bmm
,220,220x195x92x96,18.0,600.0,71.0,108.74200000000002,0.2312192022800445,bmm
,217,217x246x80x118,18.0,600.0,71.0,108.74200000000002,0.205824002623558,bmm
,240,240x157x93x118,18.0,600.0,71.0,108.74200000000002,0.2441087961196899,bmm
,226,226x249x75x161,18.0,600.0,71.0,108.74200000000002,0.3991551995277405,bmm
,238,238x243x83x142,18.0,600.0,71.0,108.74200000000002,0.4321280121803283,bmm
,158,158x165x111x217,18.0,600.0,71.0,108.74200000000002,0.3676159977912903,bmm
,248,248x161x113x501,18.0,600.0,71.0,108.74200000000002,1.1735039949417114,bmm
,143,143x184x107x421,18.0,555.0,70.0,107.45800000000004,0.6467455863952637,bmm
,233,233x192x111x457,18.0,555.0,70.0,107.45800000000004,1.0496000051498413,bmm
,240,240x223x92x863,18.0,555.0,70.0,107.45800000000004,1.629798412322998,bmm
,214,214x212x100x637,18.0,555.0,70.0,107.45800000000004,1.1503616094589233,bmm
,228,228x166x104x659,49.0,780.0,72.0,111.56399999999998,0.9920511841773988,bmm
,226,226x188x141x29,49.0,780.0,72.0,111.56399999999998,0.2498559951782226,bmm
,155,155x221x139x18,49.0,780.0,72.0,111.56399999999998,0.1746816039085388,bmm
,140,140x145x152x20,49.0,780.0,72.0,111.56399999999998,0.1769471943378448,bmm
,217,217x251x203x53,49.0,780.0,72.0,111.56399999999998,0.3540863931179047,bmm
,180,180x142x164x51,49.0,780.0,72.0,111.56399999999998,0.2396160066127777,bmm
,252,252x178x181x51,49.0,780.0,72.0,111.56399999999998,0.3592191934585571,bmm
,247,247x158x150x68,49.0,780.0,72.0,111.56399999999998,0.3012607991695404,bmm
,145,145x146x177x109,19.0,780.0,71.0,114.40599999999996,0.2140160053968429,bmm
,147,147x250x217x74,19.0,780.0,71.0,114.40599999999996,0.26009601354599,bmm
,252,252x186x185x183,19.0,780.0,71.0,114.40599999999996,0.6780927777290344,bmm
,175,175x135x147x129,19.0,780.0,71.0,114.40599999999996,0.3819519877433777,bmm
,177,177x163x172x155,19.0,780.0,71.0,114.40599999999996,0.4372479915618896,bmm
,187,187x253x162x291,19.0,780.0,71.0,114.40599999999996,0.652288019657135,bmm
,238,238x183x182x268,19.0,780.0,71.0,114.40599999999996,0.8947648167610168,bmm
,182,182x183x206x443,28.0,780.0,72.0,112.84400000000004,1.0061760187149047,bmm
,222,222x182x241x950,28.0,780.0,72.0,112.84400000000004,2.450432062149048,bmm
,130,130x211x159x929,28.0,780.0,72.0,112.84400000000004,0.9887744188308716,bmm
,129,129x208x171x947,28.0,780.0,72.0,112.84400000000004,0.9881344079971314,bmm
,155,155x235x329x30,28.0,780.0,72.0,112.84400000000004,0.2887679934501648,bmm
,163,163x255x450x16,41.0,1005.0,75.0,123.76000000000008,0.3840000033378601,bmm
,186,186x187x426x33,41.0,1005.0,75.0,123.76000000000008,0.447488009929657,bmm
,151,151x256x411x62,41.0,1005.0,75.0,123.76000000000008,0.3573760092258453,bmm
,228,228x155x488x50,41.0,1005.0,75.0,123.76000000000008,0.5949440002441406,bmm
,204,204x151x352x59,41.0,1005.0,75.0,123.76000000000008,0.3676159977912903,bmm
,246,246x223x486x124,41.0,1005.0,75.0,123.76000000000008,0.641433596611023,bmm
,209,209x221x443x85,41.0,1005.0,75.0,123.76000000000008,0.5634047985076904,bmm
,237,237x160x266x66,28.0,1005.0,74.0,128.03600000000003,0.3470847964286804,bmm
,217,217x237x359x181,28.0,1005.0,74.0,128.03600000000003,0.8191743850708008,bmm
,169,169x182x360x153,28.0,1005.0,74.0,128.03600000000003,0.661299180984497,bmm
,253,253x139x292x178,28.0,1005.0,74.0,128.03600000000003,0.788268780708313,bmm
,219,219x250x314x274,28.0,1005.0,74.0,128.03600000000003,1.1147648334503173,bmm
,190,190x255x509x398,32.8,1005.0,74.32,127.20207999999997,1.9654271602630613,bmm
,188,188x233x513x340,43.0,1005.0,75.0,125.42999999999998,1.478649640083313,bmm
,142,142x235x341x557,43.0,1005.0,75.0,125.42999999999998,1.2738560438156128,bmm
,214,214x140x308x620,43.0,1005.0,75.0,125.42999999999998,1.7051647901535034,bmm
,204,204x248x332x569,43.0,1005.0,75.0,125.42999999999998,1.7391168117523192,bmm
,201,201x206x777x20,45.0,1005.0,79.0,137.62899999999993,0.7911424040794373,bmm
,135,135x193x756x6,45.0,1005.0,79.0,137.62899999999993,0.6154111862182617,bmm
,162,162x241x637x24,45.0,1005.0,79.0,137.62899999999993,0.5273600220680237,bmm
,175,175x187x979x42,45.0,1005.0,79.0,137.62899999999993,0.9857280015945434,bmm
,182,182x186x894x43,45.0,1005.0,79.0,137.62899999999993,0.9000959992408752,bmm
,217,217x152x638x39,45.0,1005.0,79.0,137.62899999999993,0.7751680016517639,bmm
,179,179x177x803x123,40.0,1005.0,78.0,142.326,0.8243200182914734,bmm
,186,186x157x898x89,40.0,1005.0,78.0,142.326,0.9082880020141602,bmm
,171,171x222x1020x120,40.0,1005.0,78.0,142.326,1.0424319505691528,bmm
,148,148x220x659x182,40.0,1005.0,78.0,142.326,1.0719232559204102,bmm
,134,134x165x990x241,40.0,1005.0,78.0,142.326,1.3848576545715332,bmm
,227,227x234x870x249,51.0,1005.0,79.0,138.47499999999994,2.1065152168273924,bmm
,173,173x148x675x355,51.0,1005.0,79.0,138.47499999999994,1.7624639511108398,bmm
,241,241x135x884x275,51.0,1005.0,79.0,138.47499999999994,3.1559231758117674,bmm
,148,148x239x607x409,51.0,1005.0,79.0,138.47499999999994,1.822438406944275,bmm
,244,244x227x641x684,50.0,1005.0,83.0,149.7649999999999,4.633299255371094,bmm
,221,221x238x779x663,50.0,1005.0,83.0,149.7649999999999,5.1220479011535645,bmm
,156,156x238x560x638,87.84,1005.0,86.52,181.049,2.236160087585449,bmm
,195,195x366x30x4,93.0,1005.0,87.0,185.315,0.086201599240303,bmm
,252,252x390x9x23,93.0,1005.0,87.0,185.315,0.0983040034770965,bmm
,239,239x503x12x21,93.0,1005.0,87.0,185.315,0.0921600013971328,bmm
,252,252x293x10x62,93.0,1005.0,87.0,185.315,0.0778239965438842,bmm
,143,143x444x14x44,93.0,1005.0,87.0,185.315,0.0570111997425556,bmm
,143,143x365x28x64,93.0,1005.0,87.0,185.315,0.0696192011237144,bmm
,246,246x308x17x117,93.0,1005.0,87.0,185.315,0.0909312009811401,bmm
,141,141x300x3x67,93.0,1005.0,87.0,185.315,0.04026879966259,bmm
,225,225x305x1x108,7.0,1005.0,82.0,185.741,0.0438079997897148,bmm
,139,139x420x7x138,7.0,1005.0,82.0,185.741,0.0880640000104904,bmm
,207,207x297x6x237,7.0,1005.0,82.0,185.741,0.1037503972649574,bmm
,156,156x289x32x134,7.0,1005.0,82.0,185.741,0.1225919991731643,bmm
,213,213x495x23x425,7.0,1005.0,82.0,185.741,0.3808192014694214,bmm
,257,257x483x32x320,7.0,1005.0,82.0,185.741,0.3802752017974853,bmm
,200,200x414x11x348,7.0,1005.0,82.0,185.741,0.2285055965185165,bmm
,225,225x273x11x957,7.0,1005.0,82.0,185.741,0.4956159889698028,bmm
,247,247x317x16x974,27.0,1005.0,82.0,152.22800000000004,0.5232319951057434,bmm
,211,211x388x19x644,27.0,1005.0,82.0,152.22800000000004,0.5457919836044312,bmm
,235,235x424x51x23,27.0,1005.0,82.0,152.22800000000004,0.1748992055654525,bmm
,252,252x445x52x10,27.0,1005.0,82.0,152.22800000000004,0.187756797671318,bmm
,151,151x315x38x23,27.0,1005.0,82.0,152.22800000000004,0.0767616033554077,bmm
,145,145x449x45x61,27.0,1005.0,82.0,152.22800000000004,0.1115135997533798,bmm
,138,138x328x62x64,27.0,1005.0,82.0,152.22800000000004,0.1023999974131584,bmm
,229,229x484x59x47,27.0,1005.0,82.0,152.22800000000004,0.1945600062608719,bmm
,203,203x325x47x68,10.0,1005.0,81.0,148.28400000000008,0.1116160005331039,bmm
,220,220x402x63x98,10.0,1005.0,81.0,148.28400000000008,0.1821247965097427,bmm
,135,135x400x42x80,10.0,1005.0,81.0,148.28400000000008,0.0983040034770965,bmm
,226,226x453x41x239,10.0,1005.0,81.0,148.28400000000008,0.2976512014865875,bmm
,245,245x506x46x156,10.0,1005.0,81.0,148.28400000000008,0.4093952000141144,bmm
,189,189x362x56x179,10.0,1005.0,81.0,148.28400000000008,0.2834432125091553,bmm
,146,146x375x53x367,10.0,1005.0,81.0,148.28400000000008,0.355129599571228,bmm
,239,239x299x42x257,10.0,1005.0,81.0,148.28400000000008,0.4630528032779694,bmm
,219,219x275x57x449,31.0,750.0,79.0,143.46599999999992,0.6850559711456299,bmm
,226,226x419x52x542,31.0,750.0,79.0,143.46599999999992,1.04509437084198,bmm
,166,166x302x60x875,31.0,750.0,79.0,143.46599999999992,0.9031680226325988,bmm
,136,136x259x62x812,31.0,750.0,79.0,143.46599999999992,0.7360512018203735,bmm
,173,173x444x93x16,31.0,750.0,79.0,143.46599999999992,0.2273280024528503,bmm
,245,245x452x119x28,31.0,750.0,79.0,143.46599999999992,0.3651584088802337,bmm
,194,194x511x99x7,15.0,900.0,79.0,132.9699999999999,0.2693119943141937,bmm
,168,168x260x127x39,15.0,900.0,79.0,132.9699999999999,0.2266751945018768,bmm
,153,153x294x124x56,15.0,900.0,79.0,132.9699999999999,0.1992575973272323,bmm
,186,186x343x78x58,15.0,900.0,79.0,132.9699999999999,0.1628160029649734,bmm
,254,254x475x88x109,15.0,900.0,79.0,132.9699999999999,0.3438591957092285,bmm
,245,245x343x125x77,15.0,900.0,79.0,132.9699999999999,0.3096576035022735,bmm
,132,132x499x104x118,15.0,900.0,79.0,132.9699999999999,0.2267135977745056,bmm
,213,213x423x127x249,15.0,900.0,79.0,132.9699999999999,0.6737920045852661,bmm
,238,238x369x127x197,16.0,900.0,76.0,122.15900000000006,0.5748672127723694,bmm
,246,246x326x122x236,16.0,900.0,76.0,122.15900000000006,0.5830655932426453,bmm
,208,208x305x69x385,16.0,900.0,76.0,122.15900000000006,0.5875712037086487,bmm
,179,179x326x71x365,16.0,900.0,76.0,122.15900000000006,0.4155328035354614,bmm
,257,257x508x110x495,16.0,900.0,76.0,122.15900000000006,1.4661695957183838,bmm
,181,181x325x128x920,27.76,904.2,76.28,122.37208000000004,1.656627178192139,bmm
,153,153x306x99x685,58.0,915.0,77.0,122.92000000000004,0.8200191974639892,bmm
,147,147x272x99x681,58.0,915.0,77.0,122.92000000000004,0.7780352115631104,bmm
,179,179x428x205x21,58.0,915.0,77.0,122.92000000000004,0.4017919898033142,bmm
,213,213x278x208x4,58.0,915.0,77.0,122.92000000000004,0.3522560000419616,bmm
,205,205x333x208x5,58.0,915.0,77.0,122.92000000000004,0.3536128044128418,bmm
,255,255x326x255x50,58.0,915.0,77.0,122.92000000000004,0.5396224021911621,bmm
,228,228x298x236x53,58.0,915.0,77.0,122.92000000000004,0.4556800127029419,bmm
,242,242x447x243x62,31.0,1005.0,77.0,130.2220000000001,0.6318079829216003,bmm
,241,241x474x170x100,31.0,1005.0,77.0,130.2220000000001,0.4969919979572296,bmm
,207,207x301x235x103,31.0,1005.0,77.0,130.2220000000001,0.420659190416336,bmm
,224,224x508x223x101,31.0,1005.0,77.0,130.2220000000001,0.5865407943725586,bmm
,173,173x434x246x223,31.0,1005.0,77.0,130.2220000000001,0.8837119936943054,bmm
,154,154x403x167x237,31.0,1005.0,77.0,130.2220000000001,0.5734208106994629,bmm
,165,165x387x209x238,41.0,1005.0,78.0,133.79599999999994,0.7663359999656677,bmm
,167,167x433x160x486,41.0,1005.0,78.0,133.79599999999994,1.1749375820159913,bmm
,163,163x315x135x449,41.0,1005.0,78.0,133.79599999999994,0.7442432165145874,bmm
,151,151x285x244x463,41.0,1005.0,78.0,133.79599999999994,1.1735039949417114,bmm
,184,184x273x221x733,41.0,1005.0,78.0,133.79599999999994,1.8941951990127563,bmm
,177,177x456x218x624,36.0,1005.0,79.0,131.85199999999998,2.0946943759918213,bmm
,232,232x361x218x1000,36.0,1005.0,79.0,131.85199999999998,3.1346176147460936,bmm
,209,209x265x424x5,36.0,1005.0,79.0,131.85199999999998,0.6868991851806641,bmm
,229,229x308x288x32,36.0,1005.0,79.0,131.85199999999998,0.536575973033905,bmm
,166,166x511x262x9,33.8,1005.0,80.32,140.96924,0.5007359981536865,bmm
,158,158x479x293x42,31.0,1005.0,82.0,152.57299999999995,0.5027648091316224,bmm
,210,210x439x480x54,31.0,1005.0,82.0,152.57299999999995,1.0653311967849732,bmm
,142,142x379x297x53,31.0,1005.0,82.0,152.57299999999995,0.3933888137340545,bmm
,253,253x406x278x129,31.0,1005.0,82.0,152.57299999999995,1.4313408374786376,bmm
,189,189x260x352x101,31.0,1005.0,82.0,152.57299999999995,0.5115328073501587,bmm
,196,196x438x472x106,31.0,1005.0,82.0,152.57299999999995,0.9736192226409912,bmm
,246,246x413x498x138,19.0,1005.0,81.0,153.37899999999993,2.420723247528076,bmm
,153,153x327x370x214,19.0,1005.0,81.0,153.37899999999993,0.924780809879303,bmm
,253,253x365x500x192,19.0,1005.0,81.0,153.37899999999993,1.930240035057068,bmm
,164,164x490x473x396,19.0,1005.0,81.0,153.37899999999993,3.084063911437988,bmm
,253,253x487x355x312,56.0,1005.0,84.0,149.02500000000006,2.778316736221313,bmm
,175,175x483x392x335,56.0,1005.0,84.0,149.02500000000006,2.054707145690918,bmm
,249,249x447x284x607,56.0,1005.0,84.0,149.02500000000006,3.5733120441436768,bmm
,198,198x475x465x607,90.0,1005.0,87.0,171.8029999999999,4.628390312194824,bmm
,209,209x427x377x921,90.0,1005.0,87.0,171.8029999999999,6.323801708221436,bmm
,175,175x351x903x28,88.08,1005.0,87.0,186.5788400000001,1.2574016094207765,bmm
,151,151x441x597x13,86.0,1005.0,87.0,202.58600000000013,0.961523187160492,bmm
,178,178x485x687x12,86.0,1005.0,87.0,202.58600000000013,1.234943985939026,bmm
,206,206x264x971x52,86.0,1005.0,87.0,202.58600000000013,1.5513472080230712,bmm
,227,227x320x761x51,86.0,1005.0,87.0,202.58600000000013,1.3834240436553955,bmm
,239,239x378x831x49,54.0,1005.0,85.0,200.50799999999992,1.512447953224182,bmm
,174,174x267x611x111,54.0,1005.0,85.0,200.50799999999992,0.8742527842521668,bmm
,151,151x360x786x74,54.0,1005.0,85.0,200.50799999999992,0.9680895805358888,bmm
,220,220x424x706x127,54.0,1005.0,85.0,200.50799999999992,1.6084991693496704,bmm
,172,172x357x536x137,54.0,1005.0,85.0,200.50799999999992,1.4020479679107667,bmm
,141,141x299x1003x188,51.0,1005.0,85.0,168.88200000000003,2.1981184482574463,bmm
,144,144x391x725x166,51.0,1005.0,85.0,168.88200000000003,2.165964841842652,bmm
,142,142x433x727x496,51.0,1005.0,85.0,168.88200000000003,4.0414719581604,bmm
,248,248x387x524x417,80.0,1005.0,87.0,167.46900000000002,5.149267196655273,bmm
,221,221x404x690x476,80.0,1005.0,87.0,167.46900000000002,6.060390281677246,bmm
,168,168x423x578x1007,81.0,1005.0,87.0,197.25500000000008,7.663616180419922,bmm
,177,177x476x1015x930,85.32,1005.0,88.44,211.48868,14.001971435546874,bmm
,196,196x348x588x821,87.36,1005.0,89.0,218.6482,6.001164722442627,bmm
,138,138x709x22x16,90.0,1005.0,89.0,230.5590000000001,0.100332798063755,bmm
,220,220x1000x21x27,90.0,1005.0,89.0,230.5590000000001,0.1945600062608719,bmm
,153,153x940x33x15,90.0,1005.0,89.0,230.5590000000001,0.1761280000209808,bmm
,196,196x840x13x63,90.0,1005.0,89.0,230.5590000000001,0.130048006772995,bmm
,182,182x695x28x52,90.0,1005.0,89.0,230.5590000000001,0.1464319974184036,bmm
,216,216x968x6x62,90.0,1005.0,89.0,230.5590000000001,0.1334592014551162,bmm
,184,184x850x28x101,90.0,1005.0,89.0,230.5590000000001,0.1750720053911209,bmm
,198,198x911x8x87,90.0,1005.0,89.0,230.5590000000001,0.1228543981909751,bmm
,214,214x722x13x86,19.0,1005.0,84.0,208.2420000000001,0.1262720018625259,bmm
,146,146x573x26x219,19.0,1005.0,84.0,208.2420000000001,0.1924160033464431,bmm
,140,140x722x4x165,19.0,1005.0,84.0,208.2420000000001,0.1315392017364502,bmm
,199,199x854x11x154,19.0,1005.0,84.0,208.2420000000001,0.2580479979515075,bmm
,203,203x515x23x287,19.0,1005.0,84.0,208.2420000000001,0.3354175925254822,bmm
,206,206x976x9x420,19.0,1005.0,84.0,208.2420000000001,0.6051776170730591,bmm
,164,164x889x16x461,19.0,1005.0,84.0,208.2420000000001,0.4227007985115051,bmm
,169,169x553x32x514,41.0,1005.0,84.0,167.55499999999995,0.5099520087242126,bmm
,241,241x569x9x871,41.0,1005.0,84.0,167.55499999999995,0.7810495972633362,bmm
,248,248x601x32x654,41.0,1005.0,84.0,167.55499999999995,0.8928832054138184,bmm
,146,146x708x48x5,41.0,1005.0,84.0,167.55499999999995,0.1478208035230636,bmm
,183,183x531x34x14,41.0,1005.0,84.0,167.55499999999995,0.146220800280571,bmm
,179,179x849x38x20,41.0,1005.0,84.0,167.55499999999995,0.1937279999256134,bmm
,233,233x876x61x62,41.0,1005.0,84.0,167.55499999999995,0.3897343993186951,bmm
,148,148x844x50x35,16.0,1005.0,81.0,151.52500000000006,0.2011135965585708,bmm
,177,177x788x40x49,16.0,1005.0,81.0,151.52500000000006,0.2131968021392822,bmm
,209,209x804x45x114,16.0,1005.0,81.0,151.52500000000006,0.3522560000419616,bmm
,181,181x738x41x127,16.0,1005.0,81.0,151.52500000000006,0.2936576008796692,bmm
,246,246x876x60x80,16.0,1005.0,81.0,151.52500000000006,0.4445887982845306,bmm
,207,207x599x33x226,16.0,1005.0,81.0,151.52500000000006,0.4132863938808441,bmm
,202,202x1007x37x149,16.0,1005.0,81.0,151.52500000000006,0.5498944044113159,bmm
,166,166x714x35x181,28.8,1005.0,80.36,143.87315999999998,0.3638975977897644,bmm
,248,248x912x61x337,36.0,1005.0,80.0,139.569,1.3162432193756104,bmm
,198,198x715x34x463,36.0,1005.0,80.0,139.569,0.8804415941238404,bmm
,198,198x756x46x318,36.0,1005.0,80.0,139.569,0.7389120101928711,bmm
,201,201x757x43x964,36.0,1005.0,80.0,139.569,1.967308807373047,bmm
,158,158x951x47x648,49.0,1005.0,80.0,125.89699999999998,1.438099193572998,bmm
,214,214x787x40x847,49.0,1005.0,80.0,125.89699999999998,1.823129606246948,bmm
,257,257x794x126x7,49.0,1005.0,80.0,125.89699999999998,0.6152191877365112,bmm
,202,202x906x70x9,49.0,1005.0,80.0,125.89699999999998,0.3491840064525604,bmm
,149,149x921x128x25,49.0,1005.0,80.0,125.89699999999998,0.419840008020401,bmm
,256,256x967x70x55,20.0,1005.0,79.0,137.06199999999993,0.4554240047931671,bmm
,152,152x821x94x34,20.0,1005.0,79.0,137.06199999999993,0.291839987039566,bmm
,186,186x765x100x56,20.0,1005.0,79.0,137.06199999999993,0.3444544017314911,bmm
,130,130x909x78x114,20.0,1005.0,79.0,137.06199999999993,0.3229696035385132,bmm
,194,194x775x72x106,20.0,1005.0,79.0,137.06199999999993,0.3659775972366333,bmm
,130,130x792x102x79,20.0,1005.0,79.0,137.06199999999993,0.2946880042552948,bmm
,184,184x867x97x142,24.0,1005.0,77.0,130.44799999999998,0.7470784187316895,bmm
,230,230x912x118x246,24.0,1005.0,77.0,130.44799999999998,1.2297727823257447,bmm
,254,254x703x117x175,24.0,1005.0,77.0,130.44799999999998,1.019916820526123,bmm
,239,239x708x66x386,24.0,1005.0,77.0,130.44799999999998,1.2089344263076782,bmm
,200,200x520x71x383,24.0,1005.0,77.0,130.44799999999998,0.6699007868766784,bmm
,138,138x560x106x285,52.0,1005.0,79.0,127.25100000000006,0.675212812423706,bmm
,235,235x594x117x711,52.0,1005.0,79.0,127.25100000000006,2.386124849319458,bmm
,151,151x784x77x654,52.0,1005.0,79.0,127.25100000000006,1.4288576364517211,bmm
,204,204x595x114x965,50.0,1005.0,79.6,130.4062,2.7228160381317137,bmm
,199,199x830x183x12,42.0,1005.0,82.0,143.02700000000002,0.6684672236442566,bmm
,252,252x745x188x4,42.0,1005.0,82.0,143.02700000000002,0.7682048082351685,bmm
,228,228x941x155x32,42.0,1005.0,82.0,143.02700000000002,0.7823359966278076,bmm
,152,152x553x184x55,42.0,1005.0,82.0,143.02700000000002,0.3940351963043212,bmm
,135,135x569x194x52,42.0,1005.0,82.0,143.02700000000002,0.3891200125217438,bmm
,170,170x629x244x53,42.0,1005.0,82.0,143.02700000000002,0.5828288197517395,bmm
,168,168x798x178x83,20.0,1005.0,81.0,150.63299999999992,0.597376012802124,bmm
,201,201x672x236x69,20.0,1005.0,81.0,150.63299999999992,0.7573247909545898,bmm
,164,164x972x190x98,20.0,1005.0,81.0,150.63299999999992,0.7040768027305603,bmm
,190,190x778x146x199,20.0,1005.0,81.0,150.63299999999992,1.0762239694595337,bmm
,253,253x941x143x233,20.0,1005.0,81.0,150.63299999999992,1.5742591857910155,bmm
,196,196x929x213x152,56.48,1005.0,81.76,148.41455999999997,1.7405952215194702,bmm
,238,238x835x156x386,68.0,1005.0,82.0,147.71399999999997,2.8657663345336912,bmm
,228,228x828x148x325,68.0,1005.0,82.0,147.71399999999997,1.924684810638428,bmm
,169,169x987x160x299,68.0,1005.0,82.0,147.71399999999997,1.6836031436920167,bmm
,253,253x765x203x734,51.0,1005.0,85.0,153.09799999999998,5.050144004821777,bmm
,256,256x724x164x977,51.0,1005.0,85.0,153.09799999999998,5.285683345794678,bmm
,136,136x575x226x921,91.0,1005.0,88.0,181.47400000000005,3.193856000900269,bmm
,228,228x761x299x10,91.0,1005.0,88.0,181.47400000000005,1.0522624254226685,bmm
,153,153x654x438x6,91.0,1005.0,88.0,181.47400000000005,1.061683177947998,bmm
,250,250x893x296x4,91.0,1005.0,88.0,181.47400000000005,1.3279167890548706,bmm
,208,208x945x396x47,48.0,1005.0,85.0,195.5529999999999,1.6984063863754273,bmm
,173,173x592x473x50,48.0,1005.0,85.0,195.5529999999999,1.0788928031921388,bmm
,134,134x1001x318x50,48.0,1005.0,85.0,195.5529999999999,0.925491213798523,bmm
,212,212x961x292x78,48.0,1005.0,85.0,195.5529999999999,1.2945279836654664,bmm
,200,200x950x403x112,48.0,1005.0,85.0,195.5529999999999,1.7041407823562622,bmm
,176,176x1015x293x84,58.0,1005.0,84.0,179.30000000000007,1.125171184539795,bmm
,139,139x900x417x129,58.0,1005.0,84.0,179.30000000000007,2.3833856105804445,bmm
,130,130x558x259x139,58.0,1005.0,84.0,179.30000000000007,0.8764927983283997,bmm
,227,227x585x485x158,58.0,1005.0,84.0,179.30000000000007,2.731699228286743,bmm
,143,143x925x443x493,54.0,1005.0,86.0,157.09400000000002,5.071872043609619,bmm
,180,180x642x494x288,54.0,1005.0,86.0,157.09400000000002,3.955507278442383,bmm
,159,159x797x341x413,57.6,1005.0,86.0,175.1026399999999,3.81562876701355,bmm
,174,174x708x349x663,59.0,1005.0,86.0,182.10599999999988,5.465087890625,bmm
,249,249x1018x464x890,33.0,1005.0,86.0,202.583,15.863391876220703,bmm
,184,184x724x411x600,99.0,1005.0,90.0,227.58399999999992,5.670060825347901,bmm
,215,215x984x849x7,99.0,1005.0,90.0,227.58399999999992,3.546112060546875,bmm
,191,191x888x818x7,74.4,1005.0,88.2,226.46379999999996,2.767840099334717,bmm
,146,146x561x945x24,58.0,1005.0,87.0,225.717,1.696614384651184,bmm
,248,248x834x941x33,58.0,1005.0,87.0,225.717,4.100915241241455,bmm
,252,252x833x954x52,43.6,1005.0,85.08,207.82164,4.163123321533203,bmm
,159,159x999x840x58,43.0,1005.0,85.0,207.076,2.6574399948120115,bmm
,131,131x715x871x72,43.0,1005.0,85.0,207.076,1.7530495882034305,bmm
,244,244x966x727x101,51.0,1005.0,85.8,195.48000000000005,3.473375988006592,bmm
,201,201x557x691x71,53.0,1005.0,86.0,192.58100000000005,1.8012671947479248,bmm
,144,144x541x528x152,53.0,1005.0,86.0,192.58100000000005,1.900864028930664,bmm
,167,167x990x1016x166,58.2,1005.0,87.04,190.61228000000003,6.603552055358887,bmm
,213,213x966x829x253,63.0,1005.0,88.0,188.79500000000004,6.918719959259033,bmm
,147,147x651x899x463,58.4,1005.0,87.08,205.23264,7.835814380645752,bmm
,210,210x988x1015x479,81.12,1005.0,88.36,215.36872,16.42147216796875,bmm
,248,248x802x608x346,82.12,1005.0,89.0,226.31908000000007,7.724851322174072,bmm
,246,246x728x651x581,78.2,1005.0,89.0,234.37980000000013,11.717984008789063,bmm
,256,256x545x962x583,99.0,1005.0,89.0,239.68892,15.052531051635745,bmm
,230,230x1012x640x627,99.0,1005.0,89.0,236.80292000000009,14.365023803710937,bmm
,490,490x12x18x1,99.0,1005.0,89.0,240.84900000000007,0.0061120001599192,bmm
,495,495x8x30x8,99.0,1005.0,89.0,240.84900000000007,0.0112640000879764,bmm
,274,274x13x20x25,99.0,1005.0,89.0,240.84900000000007,0.0102399997413158,bmm
,350,350x16x14x54,99.0,1005.0,89.0,240.84900000000007,0.0152575999498367,bmm
,414,414x33x26x54,99.0,1005.0,89.0,240.84900000000007,0.0645119994878768,bmm
,389,389x30x2x58,99.0,1005.0,89.0,240.84900000000007,0.0341055996716022,bmm
,418,418x14x23x68,99.0,1005.0,89.0,240.84900000000007,0.0220479998737573,bmm
,490,490x6x4x69,6.0,1005.0,85.0,219.51299999999995,0.0140480000525712,bmm
,365,365x16x10x96,6.0,1005.0,85.0,219.51299999999995,0.0212607994675636,bmm
,258,258x2x28x173,6.0,1005.0,85.0,219.51299999999995,0.0112640000879764,bmm
,261,261x32x6x153,6.0,1005.0,85.0,219.51299999999995,0.0456895992159843,bmm
,342,342x30x9x208,6.0,1005.0,85.0,219.51299999999995,0.0696320012211799,bmm
,403,403x25x11x306,6.0,1005.0,85.0,219.51299999999995,0.1136192008852958,bmm
,386,386x11x28x359,6.0,1005.0,85.0,219.51299999999995,0.0593920014798641,bmm
,399,399x17x30x401,6.0,1005.0,85.0,219.51299999999995,0.203289595246315,bmm
,436,436x14x12x765,6.0,1005.0,85.0,219.51299999999995,0.1208000034093856,bmm
,326,326x8x21x974,8.0,1005.0,82.0,175.22699999999998,0.0919552013278007,bmm
,389,389x19x31x681,8.0,1005.0,82.0,175.22699999999998,0.2926143944263458,bmm
,267,267x31x65x1,8.0,1005.0,82.0,175.22699999999998,0.0111936001107096,bmm
,298,298x14x36x11,8.0,1005.0,82.0,175.22699999999998,0.0116096001118421,bmm
,427,427x17x46x11,8.0,1005.0,82.0,175.22699999999998,0.0815807983279228,bmm
,311,311x23x36x57,8.0,1005.0,82.0,175.22699999999998,0.0511999987065792,bmm
,470,470x25x35x34,8.0,1005.0,82.0,175.22699999999998,0.0728640019893646,bmm
,321,321x23x34x39,8.0,1005.0,82.0,175.22699999999998,0.0511999987065792,bmm
,430,430x21x64x75,8.0,1005.0,82.0,175.22699999999998,0.0972800031304359,bmm
,333,333x8x63x87,8.0,1005.0,82.0,138.32700000000008,0.0245760008692741,bmm
,313,313x5x54x103,7.0,1005.0,80.0,138.32700000000008,0.019455999135971,bmm
,456,456x28x52x159,7.0,1005.0,80.0,138.32700000000008,0.1720319986343383,bmm
,349,349x18x50x189,7.0,1005.0,80.0,138.32700000000008,0.131846398115158,bmm
,434,434x19x48x231,7.0,1005.0,80.0,138.32700000000008,0.1413120031356811,bmm
,462,462x6x46x353,7.0,1005.0,80.0,138.32700000000008,0.0694144010543823,bmm
,477,477x18x34x316,7.0,1005.0,80.0,138.32700000000008,0.205824002623558,bmm
,367,367x32x51x396,7.0,1005.0,80.0,138.32700000000008,0.2549760043621063,bmm
,467,467x33x40x520,7.0,1005.0,80.0,138.32700000000008,0.66457599401474,bmm
,345,345x21x54x629,19.0,480.0,79.0,138.73999999999992,0.638975989818573,bmm
,496,496x28x34x575,19.0,480.0,79.0,138.73999999999992,0.7266303896903992,bmm
,301,301x26x73x17,19.0,480.0,79.0,138.73999999999992,0.1599359959363937,bmm
,383,383x30x92x4,19.0,480.0,79.0,138.73999999999992,0.2263039946556091,bmm
,261,261x26x109x5,19.0,480.0,79.0,138.73999999999992,0.2088959962129593,bmm
,328,328x10x123x40,19.0,480.0,79.0,138.73999999999992,0.0446464002132415,bmm
,291,291x14x81x60,19.0,480.0,79.0,138.73999999999992,0.0378880016505718,bmm
,371,371x3x100x58,19.0,480.0,79.0,138.73999999999992,0.0323519997298717,bmm
,469,469x12x123x108,9.0,465.0,76.0,126.15799999999994,0.1085375994443893,bmm
,450,450x25x89x91,9.0,465.0,76.0,126.15799999999994,0.307200014591217,bmm
,301,301x9x112x77,9.0,465.0,76.0,126.15799999999994,0.0593920014798641,bmm
,449,449x10x109x180,9.0,465.0,76.0,126.15799999999994,0.1525759994983673,bmm
,451,451x23x87x182,9.0,465.0,76.0,126.15799999999994,0.5285887718200684,bmm
,439,439x6x122x169,9.0,465.0,76.0,126.15799999999994,0.1460160017013549,bmm
,316,316x6x128x382,9.0,465.0,76.0,126.15799999999994,0.215852802991867,bmm
,470,470x26x109x302,16.28,431.4,74.88,118.07551999999994,1.084006428718567,bmm
,394,394x2x127x466,22.0,405.0,74.0,111.72499999999997,0.2357184022665023,bmm
,408,408x22x95x778,22.0,405.0,74.0,111.72499999999997,1.8968576192855835,bmm
,399,399x30x103x824,22.0,405.0,74.0,111.72499999999997,1.177395224571228,bmm
,285,285x31x73x737,22.0,405.0,74.0,111.72499999999997,0.5781439900398254,bmm
,332,332x22x157x14,22.0,405.0,74.0,111.72499999999997,0.2580479979515075,bmm
,283,283x31x216x14,41.0,675.0,74.0,109.49299999999997,0.2734079957008362,bmm
,442,442x3x229x33,41.0,675.0,74.0,109.49299999999997,0.0434175997972488,bmm
,493,493x12x208x47,41.0,675.0,74.0,109.49299999999997,0.0788479968905448,bmm
,365,365x16x195x53,41.0,675.0,74.0,109.49299999999997,0.0814911976456642,bmm
,440,440x16x143x47,41.0,675.0,74.0,109.49299999999997,0.0735232025384902,bmm
,341,341x25x233x122,41.0,675.0,74.0,109.49299999999997,0.3768320083618164,bmm
,303,303x14x222x107,41.0,675.0,74.0,109.49299999999997,0.1005567967891693,bmm
,500,500x22x240x103,41.0,675.0,74.0,109.49299999999997,0.5191680192947388,bmm
,448,448x21x187x170,24.0,675.0,73.0,108.45699999999994,0.6584320068359375,bmm
,338,338x10x257x201,24.0,675.0,73.0,108.45699999999994,0.2045951962471008,bmm
,346,346x14x237x155,24.0,675.0,73.0,108.45699999999994,0.1718272000551223,bmm
,407,407x1x242x373,24.0,675.0,73.0,108.45699999999994,0.3323775947093964,bmm
,279,279x20x155x414,24.0,675.0,73.0,108.45699999999994,0.7045120000839233,bmm
,289,289x26x201x264,24.0,675.0,73.0,108.45699999999994,0.7086079716682434,bmm
,496,496x25x254x980,28.4,675.0,72.12,108.15780000000002,2.9419519901275635,bmm
,408,408x16x230x582,29.0,675.0,72.0,108.11700000000002,0.7510015964508057,bmm
,465,465x16x198x721,29.0,675.0,72.0,108.11700000000002,0.8108031868934631,bmm
,302,302x9x280x6,29.0,675.0,72.0,108.11700000000002,0.0253376003354787,bmm
,345,345x17x421x10,29.0,675.0,72.0,108.11700000000002,0.4300799965858459,bmm
,425,425x18x348x20,29.0,675.0,72.0,108.11700000000002,0.4311040043830871,bmm
,324,324x16x316x61,29.0,675.0,72.0,108.11700000000002,0.0936000019311904,bmm
,421,421x25x513x35,23.0,1005.0,74.0,118.80400000000004,0.6266880035400391,bmm
,392,392x19x490x53,23.0,1005.0,74.0,118.80400000000004,0.5013311982154847,bmm
,498,498x1x472x126,23.0,1005.0,74.0,118.80400000000004,0.272159993648529,bmm
,267,267x14x420x92,23.0,1005.0,74.0,118.80400000000004,0.1224703967571258,bmm
,387,387x18x342x86,23.0,1005.0,74.0,118.80400000000004,0.3553279936313629,bmm
,379,379x15x485x210,23.0,1005.0,74.0,118.80400000000004,0.4807807981967926,bmm
,387,387x11x346x216,23.0,1005.0,74.0,118.80400000000004,0.2922175943851471,bmm
,259,259x16x258x245,23.0,1005.0,74.0,118.80400000000004,0.2068095982074737,bmm
,370,370x33x365x512,29.0,1005.0,73.0,120.63299999999995,1.40732798576355,bmm
,493,493x26x336x400,29.0,1005.0,73.0,120.63299999999995,1.6869119644165038,bmm
,500,500x2x289x314,29.0,1005.0,73.0,120.63299999999995,0.4075136005878448,bmm
,409,409x17x278x1015,29.0,1005.0,73.0,120.63299999999995,2.2671360969543457,bmm
,318,318x31x318x840,55.0,1005.0,76.0,120.84000000000005,1.8075520515441892,bmm
,334,334x24x271x790,55.0,1005.0,76.0,120.84000000000005,1.6015104055404663,bmm
,471,471x12x544x18,55.0,1005.0,76.0,120.84000000000005,0.1040383979678154,bmm
,388,388x18x793x5,55.0,1005.0,76.0,120.84000000000005,0.7935936212539673,bmm
,280,280x32x651x22,55.0,1005.0,76.0,120.84000000000005,0.5273472189903259,bmm
,380,380x5x636x50,55.0,1005.0,76.0,120.84000000000005,0.1239039972424507,bmm
,313,313x33x794x59,26.0,1005.0,75.0,131.77599999999995,0.6408191919326782,bmm
,475,475x19x923x43,26.0,1005.0,75.0,131.77599999999995,1.100377631187439,bmm
,498,498x16x632x85,26.0,1005.0,75.0,131.77599999999995,0.3688448071479797,bmm
,339,339x31x777x102,26.0,1005.0,75.0,131.77599999999995,0.7830976009368896,bmm
,416,416x2x930x115,26.0,1005.0,75.0,131.77599999999995,0.4325375914573669,bmm
,419,419x14x543x255,26.0,1005.0,75.0,131.77599999999995,0.5744832158088684,bmm
,295,295x3x690x228,26.0,1005.0,75.0,131.77599999999995,0.4350016057491302,bmm
,513,513x17x541x154,35.0,1005.0,75.0,128.576,1.4075775861740112,bmm
,460,460x27x954x495,35.0,1005.0,75.0,128.576,4.339712142944336,bmm
,314,314x20x617x451,35.0,1005.0,75.0,128.576,1.977344036102295,bmm
,463,463x19x868x366,51.0,1005.0,80.0,133.55000000000007,2.919219255447388,bmm
,346,346x22x767x633,51.0,1005.0,80.0,133.55000000000007,3.3300288677215577,bmm
,385,385x28x993x963,71.8,1005.0,81.56,146.12516000000005,7.4534910202026365,bmm
,464,464x31x819x526,91.0,1005.0,83.0,157.73300000000006,4.699135780334473,bmm
,412,412x49x2x12,91.0,1005.0,83.0,157.73300000000006,0.0389119982719421,bmm
,325,325x41x15x23,91.0,1005.0,83.0,157.73300000000006,0.0337920002639293,bmm
,374,374x54x7x32,91.0,1005.0,83.0,157.73300000000006,0.0339776001870632,bmm
,310,310x44x27x54,5.0,1005.0,84.0,187.582,0.0460544005036354,bmm
,310,310x65x29x51,5.0,1005.0,84.0,187.582,0.0470848008990287,bmm
,460,460x35x22x54,5.0,1005.0,84.0,187.582,0.0566271997988224,bmm
,499,499x62x4x75,5.0,1005.0,84.0,187.582,0.0453887999057769,bmm
,378,378x39x28x100,5.0,1005.0,84.0,187.582,0.0573056004941463,bmm
,391,391x48x10x110,5.0,1005.0,84.0,187.582,0.0419839993119239,bmm
,274,274x34x2x167,5.0,1005.0,84.0,187.582,0.0459647998213768,bmm
,457,457x42x32x253,5.0,1005.0,84.0,187.582,0.1208320036530494,bmm
,490,490x53x11x252,5.0,1005.0,84.0,187.582,0.0938560009002685,bmm
,316,316x61x30x407,10.0,1005.0,80.0,170.6970000000001,0.1658687978982925,bmm
,370,370x40x21x372,10.0,1005.0,80.0,170.6970000000001,0.1264640033245086,bmm
,400,400x59x25x352,10.0,1005.0,80.0,170.6970000000001,0.1556479930877685,bmm
,329,329x37x6x781,10.0,1005.0,80.0,170.6970000000001,0.1699391990900039,bmm
,388,388x56x7x779,10.0,1005.0,80.0,170.6970000000001,0.2004671990871429,bmm
,291,291x42x7x519,10.0,1005.0,80.0,170.6970000000001,0.1095359995961189,bmm
,426,426x60x57x10,10.0,1005.0,80.0,170.6970000000001,0.0992959976196289,bmm
,467,467x35x62x1,10.0,1005.0,80.0,170.6970000000001,0.0133119998499751,bmm
,268,268x35x52x13,10.0,1005.0,80.0,170.6970000000001,0.0624639987945556,bmm
,459,459x43x41x54,9.0,1005.0,79.0,138.84099999999992,0.0835775971412658,bmm
,443,443x34x48x36,9.0,1005.0,79.0,138.84099999999992,0.0801919996738433,bmm
,275,275x56x35x36,9.0,1005.0,79.0,138.84099999999992,0.0511999987065792,bmm
,351,351x62x61x114,9.0,1005.0,79.0,138.84099999999992,0.0870399996638298,bmm
,441,441x41x59x121,9.0,1005.0,79.0,138.84099999999992,0.1013759970664978,bmm
,404,404x44x34x93,9.0,1005.0,79.0,138.84099999999992,0.0645119994878768,bmm
,291,291x64x54x218,9.0,1005.0,79.0,138.84099999999992,0.1195712029933929,bmm
,477,477x55x52x228,9.0,1005.0,79.0,138.84099999999992,0.1751040071249008,bmm
,315,315x34x62x209,9.0,1005.0,79.0,138.84099999999992,0.131071999669075,bmm
,301,301x56x34x289,15.0,1005.0,78.0,138.826,0.1396735996007919,bmm
,390,390x44x36x456,15.0,1005.0,78.0,138.826,0.2283519953489303,bmm
,409,409x61x38x257,15.0,1005.0,78.0,138.826,0.3532800078392029,bmm
,275,275x45x52x575,15.0,1005.0,78.0,138.826,0.4884479939937591,bmm
,265,265x37x64x727,15.0,1005.0,78.0,138.826,0.6154239773750305,bmm
,512,512x45x49x618,15.0,1005.0,78.0,138.826,0.8966143965721131,bmm
,313,313x45x76x19,15.0,1005.0,78.0,138.826,0.1607680022716522,bmm
,339,339x61x126x25,15.0,923.4,78.0,138.826,0.2908160090446472,bmm
,319,319x35x116x29,38.0,495.0,77.0,132.7069999999999,0.2297856003046035,bmm
,342,342x54x121x55,38.0,495.0,77.0,132.7069999999999,0.3010559976100921,bmm
,370,370x54x68x44,38.0,495.0,77.0,132.7069999999999,0.1914879977703094,bmm
,508,508x54x82x43,38.0,495.0,77.0,132.7069999999999,0.3053568065166473,bmm
,411,411x56x91x110,38.0,495.0,77.0,132.7069999999999,0.2895807981491088,bmm
,449,449x52x74x126,38.0,495.0,77.0,132.7069999999999,0.2539519965648651,bmm
,336,336x46x76x129,38.0,495.0,77.0,132.7069999999999,0.3655680119991302,bmm
,451,451x65x87x204,38.0,495.0,77.0,132.7069999999999,0.4976640045642853,bmm
,349,349x60x126x199,27.0,450.0,75.0,119.75700000000003,0.5636096000671387,bmm
,473,473x54x78x214,27.0,450.0,75.0,119.75700000000003,0.5021696090698242,bmm
,396,396x46x94x409,27.0,450.0,75.0,119.75700000000003,0.9820160269737244,bmm
,338,338x36x93x300,27.0,450.0,75.0,119.75700000000003,0.6446912169456482,bmm
,463,463x49x97x315,27.0,450.0,75.0,119.75700000000003,0.7915520071983337,bmm
,410,410x53x80x638,27.0,450.0,75.0,119.75700000000003,0.915443193912506,bmm
,425,425x65x92x984,40.0,495.0,74.0,111.329,1.7457151651382443,bmm
,275,275x40x84x880,40.0,495.0,74.0,111.329,0.9342912197113036,bmm
,440,440x61x133x14,40.0,495.0,74.0,111.329,0.2539200007915497,bmm
,401,401x51x148x12,40.0,495.0,74.0,111.329,0.234892800450325,bmm
,328,328x58x198x14,40.0,495.0,74.0,111.329,0.2437119930982589,bmm
,509,509x35x142x60,40.0,495.0,74.0,111.329,0.307200014591217,bmm
,468,468x62x241x54,37.0,522.0,73.92,111.57847999999998,0.437446391582489,bmm
,460,460x40x224x61,15.0,720.0,73.0,113.40799999999994,0.3942527949810028,bmm
,402,402x58x158x83,15.0,720.0,73.0,113.40799999999994,0.2488320022821426,bmm
,363,363x42x164x87,15.0,720.0,73.0,113.40799999999994,0.2574335932731628,bmm
,346,346x47x180x107,15.0,720.0,73.0,113.40799999999994,0.2805759906768799,bmm
,264,264x51x211x250,15.0,720.0,73.0,113.40799999999994,0.447488009929657,bmm
,332,332x60x186x151,15.0,720.0,73.0,113.40799999999994,0.5097472071647644,bmm
,468,468x37x202x222,15.0,720.0,73.0,113.40799999999994,0.7260159850120544,bmm
,364,364x42x139x289,24.0,720.0,73.0,112.329,0.6019071936607361,bmm
,320,320x33x181x414,24.0,720.0,73.0,112.329,0.8587263822555542,bmm
,512,512x35x168x367,24.0,720.0,73.0,112.329,0.9332736134529114,bmm
,415,415x38x136x669,24.0,720.0,73.0,112.329,1.1059199571609497,bmm
,496,496x60x235x602,24.0,720.0,73.0,112.329,1.7151615858078002,bmm
,281,281x34x167x865,54.96,925.2,74.44,115.28244000000002,0.8462464094161988,bmm
,415,415x59x269x24,67.0,1005.0,75.0,116.43100000000004,0.3413952052593231,bmm
,364,364x34x482x29,67.0,1005.0,75.0,116.43100000000004,0.4935680031776428,bmm
,287,287x46x502x31,67.0,1005.0,75.0,116.43100000000004,0.411622405052185,bmm
,499,499x36x360x43,67.0,1005.0,75.0,116.43100000000004,0.512614393234253,bmm
,434,434x53x488x51,67.0,1005.0,75.0,116.43100000000004,0.5928895831108093,bmm
,436,436x48x432x33,67.0,1005.0,75.0,116.43100000000004,0.5261248111724853,bmm
,452,452x55x429x116,32.0,1005.0,74.04,121.24600000000004,0.5345280170440674,bmm
,400,400x58x423x74,32.0,1005.0,74.0,121.24600000000004,0.4374527931213379,bmm
,487,487x61x295x118,32.0,1005.0,74.0,121.24600000000004,0.3798976004123687,bmm
,494,494x53x360x155,32.0,1005.0,74.0,121.24600000000004,0.9445119857788086,bmm
,299,299x47x432x138,32.0,1005.0,74.0,121.24600000000004,0.6975232005119324,bmm
,479,479x52x349x157,32.0,1005.0,74.0,121.24600000000004,0.8577023983001709,bmm
,434,434x56x298x444,43.04,1005.0,74.92,122.10436000000006,1.3567999601364136,bmm
,497,497x51x406x369,44.0,1005.0,75.0,122.17900000000004,1.558521556854248,bmm
,316,316x52x263x508,44.0,1005.0,75.0,122.17900000000004,0.8683519959449768,bmm
,411,411x49x502x857,44.0,1005.0,75.0,122.17900000000004,3.6083712577819824,bmm
,505,505x40x414x902,94.0,1005.0,79.0,133.96300000000008,4.149401664733887,bmm
,336,336x41x503x575,94.0,1005.0,79.0,133.96300000000008,2.1073920726776123,bmm
,341,341x48x766x8,94.0,1005.0,79.0,133.96300000000008,0.7639039754867554,bmm
,280,280x49x799x32,94.0,1005.0,79.0,133.96300000000008,0.638975977897644,bmm
,481,481x45x766x31,94.0,1005.0,79.0,133.96300000000008,0.9170944094657898,bmm
,487,487x49x651x42,45.0,1005.0,81.0,159.14100000000005,0.789689588546753,bmm
,448,448x59x870x42,45.0,1005.0,81.0,159.14100000000005,1.0422271490097046,bmm
,307,307x51x916x48,45.0,1005.0,81.0,159.14100000000005,0.7372480034828186,bmm
,463,463x55x840x128,45.0,1005.0,81.0,159.14100000000005,1.0096640586853027,bmm
,280,280x43x980x100,45.0,1005.0,81.0,159.14100000000005,0.786841607093811,bmm
,333,333x59x649x117,45.0,1005.0,81.0,159.14100000000005,0.6651455879211425,bmm
,329,329x40x981x243,41.0,1005.0,79.0,159.279,1.749183964729309,bmm
,308,308x60x653x246,41.0,1005.0,79.0,159.279,1.052672028541565,bmm
,513,513x64x722x222,41.0,1005.0,79.0,159.279,1.880672001838684,bmm
,281,281x55x986x365,41.0,1005.0,79.0,159.279,2.154585599899292,bmm
,335,335x35x968x324,52.0,1005.0,82.0,143.59099999999992,2.475008010864258,bmm
,262,262x34x976x441,52.0,1005.0,82.0,143.59099999999992,2.4970687866210937,bmm
,259,259x63x525x1022,52.0,1005.0,82.0,143.59099999999992,2.7318272590637207,bmm
,331,331x43x696x821,67.2,1005.0,83.6,158.495,3.982720041275024,bmm
,283,283x52x736x718,71.0,1005.0,84.0,162.221,3.053510332107544,bmm
,342,342x121x14x21,71.0,1005.0,84.0,162.221,0.0419647991657257,bmm
,492,492x97x31x8,71.0,1005.0,84.0,162.221,0.0675840005278587,bmm
,280,280x71x12x11,71.0,1005.0,84.0,162.221,0.0337920002639293,bmm
,416,416x77x11x49,71.0,1005.0,84.0,162.221,0.0484608009457588,bmm
,390,390x109x11x54,6.0,1005.0,83.24,178.98700000000005,0.0419839993119239,bmm
,446,446x127x10x36,6.0,1005.0,83.0,178.98700000000005,0.0490368008613586,bmm
,267,267x118x8x81,6.0,1005.0,83.0,178.98700000000005,0.0286720003932714,bmm
,496,496x105x2x89,6.0,1005.0,83.0,178.98700000000005,0.0460800006985664,bmm
,284,284x94x30x128,6.0,1005.0,83.0,178.98700000000005,0.0522239990532398,bmm
,325,325x91x10x132,6.0,1005.0,83.0,178.98700000000005,0.0642239987850189,bmm
,481,481x101x26x248,6.0,1005.0,83.0,178.98700000000005,0.1382143974304199,bmm
,372,372x84x8x246,6.0,1005.0,83.0,178.98700000000005,0.0645119994878768,bmm
,320,320x122x10x507,6.0,1005.0,83.0,178.98700000000005,0.1431232005357742,bmm
,324,324x81x33x360,6.0,1005.0,83.0,178.98700000000005,0.1433600038290023,bmm
,409,409x89x3x467,12.0,1005.0,80.0,166.16800000000006,0.1267264008522033,bmm
,380,380x80x25x553,12.0,1005.0,80.0,166.16800000000006,0.2449088007211685,bmm
,337,337x80x7x549,12.0,1005.0,80.0,166.16800000000006,0.131071999669075,bmm
,323,323x83x5x521,12.0,1005.0,80.0,166.16800000000006,0.1239039972424507,bmm
,390,390x107x65x3,12.0,1005.0,80.0,166.16800000000006,0.0941888019442558,bmm
,281,281x109x41x7,12.0,1005.0,80.0,166.16800000000006,0.0573440007865428,bmm
,455,455x124x61x4,12.0,1005.0,80.0,166.16800000000006,0.1023999974131584,bmm
,328,328x110x65x49,12.0,1005.0,80.0,166.16800000000006,0.0788479968905448,bmm
,415,415x109x33x42,9.0,1005.0,79.0,139.42299999999992,0.0767680034041404,bmm
,428,428x77x52x58,9.0,1005.0,79.0,139.42299999999992,0.0931840017437934,bmm
,338,338x74x61x108,9.0,1005.0,79.0,139.42299999999992,0.0870399996638298,bmm
,338,338x120x60x119,9.0,1005.0,79.0,139.42299999999992,0.0942080020904541,bmm
,438,438x89x38x65,9.0,1005.0,79.0,139.42299999999992,0.0778111979365348,bmm
,375,375x76x52x228,9.0,1005.0,79.0,139.42299999999992,0.1474560052156448,bmm
,384,384x127x43x194,9.0,1005.0,79.0,139.42299999999992,0.1387711971998214,bmm
,333,333x122x49x223,9.0,1005.0,79.0,139.42299999999992,0.1371904015541076,bmm
,351,351x105x58x343,9.0,1005.0,79.0,139.42299999999992,0.2109439969062805,bmm
,418,418x113x42x473,16.0,1005.0,78.0,139.79599999999994,0.5089280009269714,bmm
,439,439x92x37x368,16.0,1005.0,78.0,139.79599999999994,0.3694464087486267,bmm
,504,504x104x37x693,16.0,1005.0,78.0,139.79599999999994,0.8130559921264648,bmm
,319,319x87x62x868,16.0,1005.0,78.0,139.79599999999994,0.8386560082435608,bmm
,398,398x123x37x909,16.0,1005.0,78.0,139.79599999999994,0.846233606338501,bmm
,513,513x118x103x30,43.0,540.0,77.0,132.011,0.3131392002105713,bmm
,381,381x74x91x31,43.0,540.0,77.0,132.011,0.2127871990203857,bmm
,443,443x82x102x4,43.0,540.0,77.0,132.011,0.2682879865169525,bmm
,365,365x129x75x54,43.0,540.0,77.0,132.011,0.3205119967460632,bmm
,388,388x129x115x55,43.0,540.0,77.0,132.011,0.4921215951442718,bmm
,413,413x101x90x51,43.0,540.0,77.0,132.011,0.2535295963287353,bmm
,436,436x116x74x117,43.0,540.0,77.0,132.011,0.2277312010526657,bmm
,498,498x94x67x122,43.0,540.0,77.0,132.011,0.2385856002569198,bmm
,500,500x102x112x115,27.0,540.0,75.0,120.453,0.3328000009059906,bmm
,489,489x90x73x216,27.0,540.0,75.0,120.453,0.4220799922943115,bmm
,303,303x115x101x256,27.0,540.0,75.0,120.453,0.3575616061687469,bmm
,478,478x78x121x217,27.0,540.0,75.0,120.453,0.6236159801483154,bmm
,350,350x120x118x471,27.0,540.0,75.0,120.453,0.8796160221099854,bmm
,472,472x129x74x321,27.0,540.0,75.0,120.453,1.1933696269989014,bmm
,337,337x92x97x439,46.0,540.0,75.0,112.64100000000003,0.7294848084449768,bmm
,359,359x71x69x779,46.0,540.0,75.0,112.64100000000003,0.8220672011375427,bmm
,316,316x103x99x651,46.0,540.0,75.0,112.64100000000003,0.8576704144477845,bmm
,470,470x125x68x636,46.0,540.0,75.0,112.64100000000003,0.771891188621521,bmm
,460,460x111x129x7,46.0,540.0,75.0,112.64100000000003,0.2623423993587493,bmm
,378,378x67x222x2,46.0,540.0,75.0,112.64100000000003,0.3399679958820343,bmm
,411,411x91x208x20,31.0,705.0,74.0,115.89100000000003,0.3766272068023681,bmm
,262,262x79x252x57,31.0,705.0,74.0,115.89100000000003,0.3133440017700195,bmm
,315,315x93x183x36,31.0,705.0,74.0,115.89100000000003,0.2355200052261352,bmm
,288,288x109x169x63,31.0,705.0,74.0,115.89100000000003,0.2293760031461715,bmm
,384,384x104x160x71,31.0,705.0,74.0,115.89100000000003,0.2580479979515075,bmm
,322,322x82x142x127,31.0,705.0,74.0,115.89100000000003,0.1945600062608719,bmm
,400,400x109x225x72,31.0,705.0,74.0,115.89100000000003,0.3614720106124878,bmm
,357,357x84x196x168,31.0,705.0,74.0,115.89100000000003,0.5435392260551453,bmm
,257,257x98x239x147,28.0,705.0,73.0,114.55900000000004,0.5056511878967285,bmm
,511,511x71x167x166,28.0,705.0,73.0,114.55900000000004,0.6604800224304199,bmm
,319,319x95x194x291,28.0,705.0,73.0,114.55900000000004,0.720249593257904,bmm
,493,493x74x182x277,28.0,705.0,73.0,114.55900000000004,0.9781247973442078,bmm
,274,274x124x223x333,28.0,705.0,73.0,114.55900000000004,0.7032703876495361,bmm
,400,400x86x186x723,37.6,732.0,73.0,114.42699999999996,1.453670430183411,bmm
,397,397x106x191x595,44.0,750.0,73.0,114.33899999999996,1.0725375890731812,bmm
,479,479x93x223x707,44.0,750.0,73.0,114.33899999999996,1.671347165107727,bmm
,471,471x76x433x5,44.0,750.0,73.0,114.33899999999996,0.5394239902496338,bmm
,474,474x73x264x8,44.0,750.0,73.0,114.33899999999996,0.3317759931087494,bmm
,269,269x126x437x13,44.0,750.0,73.0,114.33899999999996,0.3706815958023071,bmm
,325,325x96x350x50,31.0,1005.0,75.0,125.31500000000004,0.3028672039508819,bmm
,318,318x129x396x42,31.0,1005.0,75.0,125.31500000000004,0.653267216682434,bmm
,478,478x116x410x56,31.0,1005.0,75.0,125.31500000000004,0.5279168128967285,bmm
,307,307x127x346x79,31.0,1005.0,75.0,125.31500000000004,0.316620796918869,bmm
,296,296x119x292x78,31.0,1005.0,75.0,125.31500000000004,0.265011191368103,bmm
,275,275x95x318x103,31.0,1005.0,75.0,125.31500000000004,0.2805759906768799,bmm
,371,371x107x332x152,31.0,1005.0,75.0,125.31500000000004,0.6932479739189148,bmm
,301,301x98x492x236,17.0,1005.0,74.0,126.22600000000008,0.8191807866096497,bmm
,397,397x106x336x211,17.0,1005.0,74.0,126.22600000000008,0.7022271871566772,bmm
,334,334x95x402x347,17.0,1005.0,74.0,126.22600000000008,1.0831552267074585,bmm
,309,309x128x406x307,17.0,1005.0,74.0,126.22600000000008,1.0168319940567017,bmm
,298,298x97x377x448,17.0,1005.0,74.0,126.22600000000008,1.1704319715499878,bmm
,257,257x76x335x902,51.0,1005.0,77.0,126.75100000000006,1.7643519639968872,bmm
,260,260x97x454x890,51.0,1005.0,77.0,126.75100000000006,2.1243903636932373,bmm
,424,424x82x348x539,51.0,1005.0,77.0,126.75100000000006,1.8483200073242188,bmm
,351,351x70x820x15,51.0,1005.0,77.0,126.75100000000006,0.8210431933403015,bmm
,333,333x91x553x30,51.0,1005.0,77.0,126.75100000000006,0.5654016137123108,bmm
,421,421x105x765x21,44.0,1005.0,80.0,143.91699999999994,0.920524787902832,bmm
,258,258x102x927x35,44.0,1005.0,80.0,143.91699999999994,0.7450432062149048,bmm
,424,424x110x530x33,44.0,1005.0,80.0,143.91699999999994,0.6512640118598938,bmm
,499,499x117x576x55,44.0,1005.0,80.0,143.91699999999994,0.8198143839836121,bmm
,284,284x80x795x87,44.0,1005.0,80.0,143.91699999999994,0.6502400040626526,bmm
,409,409x70x807x114,44.0,1005.0,80.0,143.91699999999994,0.8222527980804444,bmm
,448,448x106x1017x122,37.0,1005.0,79.0,152.2489999999999,1.2683264017105105,bmm
,280,280x80x633x139,37.0,1005.0,79.0,152.2489999999999,0.9000895977020263,bmm
,359,359x90x603x239,37.0,1005.0,79.0,152.2489999999999,1.112652802467346,bmm
,374,374x100x898x196,37.0,1005.0,79.0,152.2489999999999,1.8030272245407104,bmm
,335,335x67x549x361,74.0,1005.0,80.0,150.62800000000004,1.4368767738342283,bmm
,443,443x111x875x282,74.0,1005.0,80.0,150.62800000000004,2.965292739868164,bmm
,501,501x65x776x302,74.0,1005.0,80.0,150.62800000000004,2.91080961227417,bmm
,447,447x84x1016x859,66.0,1005.0,82.0,154.95499999999996,7.788217639923095,bmm
,511,511x90x776x709,66.0,1005.0,82.0,154.95499999999996,5.821184158325195,bmm
,456,456x115x649x895,84.0,1005.0,88.0,184.344,5.0861695289611815,bmm
,386,386x167x5x17,84.0,1005.0,88.0,184.344,0.0624639987945556,bmm
,321,321x244x20x6,84.0,1005.0,88.0,184.344,0.0757696032524108,bmm
,336,336x256x4x19,84.0,1005.0,88.0,184.344,0.0570175997912883,bmm
,307,307x150x1x37,84.0,1005.0,88.0,184.344,0.0174080003052949,bmm
,375,375x166x16x56,8.0,1005.0,84.0,206.345,0.074752002954483,bmm
,309,309x143x6x46,8.0,1005.0,84.0,206.345,0.0515071995556354,bmm
,481,481x199x22x100,8.0,1005.0,84.0,206.345,0.1136640012264251,bmm
,447,447x147x27x115,8.0,1005.0,84.0,206.345,0.1197952032089233,bmm
,504,504x169x12x81,8.0,1005.0,84.0,206.345,0.1003519967198371,bmm
,423,423x186x1x198,8.0,1005.0,84.0,206.345,0.0876031994819641,bmm
,296,296x214x29x195,8.0,1005.0,84.0,206.345,0.1592383980751037,bmm
,268,268x180x24x166,8.0,1005.0,84.0,206.345,0.1208320036530494,bmm
,451,451x254x32x359,8.32,1005.0,83.76,204.21915999999996,0.3510208070278168,bmm
,355,355x153x13x404,12.0,1005.0,81.0,179.77199999999996,0.2614719986915588,bmm
,290,290x166x11x395,12.0,1005.0,81.0,179.77199999999996,0.2174400001764297,bmm
,473,473x165x11x667,12.0,1005.0,81.0,179.77199999999996,0.5166463971138,bmm
,478,478x230x30x890,12.0,1005.0,81.0,179.77199999999996,0.8488512158393859,bmm
,259,259x231x9x779,12.0,1005.0,81.0,179.77199999999996,0.3411520004272461,bmm
,275,275x197x61x10,12.0,1005.0,81.0,179.77199999999996,0.1177472025156021,bmm
,402,402x192x38x3,12.96,1005.0,81.2,173.38099999999994,0.1199872031807899,bmm
,269,269x184x39x33,18.0,1005.0,82.0,147.817,0.0880640000104904,bmm
,509,509x220x58x56,18.0,1005.0,82.0,147.817,0.2098880022764206,bmm
,261,261x206x59x50,18.0,1005.0,82.0,147.817,0.1185216024518013,bmm
,299,299x146x60x35,18.0,1005.0,82.0,147.817,0.1320703953504562,bmm
,349,349x152x57x99,18.0,1005.0,82.0,147.817,0.1484799981117248,bmm
,439,439x205x33x109,18.0,1005.0,82.0,147.817,0.1366719961166382,bmm
,479,479x141x52x99,18.0,1005.0,82.0,147.817,0.1761216014623642,bmm
,294,294x194x42x152,18.0,1005.0,82.0,147.817,0.1955839991569519,bmm
,345,345x247x40x185,17.0,1005.0,80.0,148.43499999999997,0.3106751978397369,bmm
,271,271x200x65x221,17.0,1005.0,80.0,148.43499999999997,0.3253952026367187,bmm
,303,303x164x35x454,17.0,1005.0,80.0,148.43499999999997,0.4569023966789245,bmm
,510,510x225x58x482,17.0,1005.0,80.0,148.43499999999997,1.0612735748291016,bmm
,437,437x180x41x402,17.0,1005.0,80.0,148.43499999999997,0.7307136178016662,bmm
,355,355x237x56x590,17.0,1005.0,80.0,148.43499999999997,0.84131840467453,bmm
,387,387x152x34x563,33.0,855.0,78.0,135.15000000000006,0.6438912153244019,bmm
,346,346x167x35x853,33.0,855.0,78.0,135.15000000000006,0.8079232096672058,bmm
,457,457x215x106x14,33.0,855.0,78.0,135.15000000000006,0.3543039858341217,bmm
,293,293x202x99x8,33.0,855.0,78.0,135.15000000000006,0.2265087962150573,bmm
,317,317x255x95x31,33.0,855.0,78.0,135.15000000000006,0.2189312011003494,bmm
,311,311x167x80x45,33.0,855.0,78.0,135.15000000000006,0.1832831978797912,bmm
,398,398x195x66x57,33.0,855.0,78.0,135.15000000000006,0.2156416028738021,bmm
,288,288x136x126x51,13.0,855.0,77.0,127.34400000000004,0.2680831909179687,bmm
,486,486x218x114x112,13.0,855.0,77.0,127.34400000000004,0.4114432036876678,bmm
,362,362x139x72x126,13.0,855.0,77.0,127.34400000000004,0.1925120055675506,bmm
,361,361x246x107x104,13.0,855.0,77.0,127.34400000000004,0.3123199939727783,bmm
,318,318x218x118x223,13.0,855.0,77.0,127.34400000000004,0.5062527894973755,bmm
,429,429x256x85x168,13.0,855.0,77.0,127.34400000000004,0.517305600643158,bmm
,357,357x166x94x157,13.0,855.0,77.0,127.34400000000004,0.4560768067836761,bmm
,441,441x175x125x416,39.0,855.0,76.0,118.83599999999991,1.411072015762329,bmm
,461,461x205x104x485,39.0,855.0,76.0,118.83599999999991,1.1898880004882812,bmm
,498,498x165x110x325,39.0,855.0,76.0,118.83599999999991,0.9758719801902772,bmm
,413,413x207x121x896,39.0,855.0,76.0,118.83599999999991,2.061900758743286,bmm
,340,340x221x67x898,59.0,1005.0,79.0,122.84499999999994,1.1737023830413815,bmm
,392,392x137x111x883,59.0,1005.0,79.0,122.84499999999994,1.6332800388336182,bmm
,438,438x210x209x19,59.0,1005.0,79.0,122.84499999999994,0.5038080215454102,bmm
,490,490x136x238x14,59.0,1005.0,79.0,122.84499999999994,0.5980160236358643,bmm
,468,468x161x147x23,59.0,1005.0,79.0,122.84499999999994,0.394239991903305,bmm
,284,284x161x227x65,59.0,1005.0,79.0,122.84499999999994,0.3481599986553192,bmm
,320,320x243x169x62,34.0,1005.0,77.0,136.52399999999992,0.3253952026367187,bmm
,301,301x197x242x49,34.0,1005.0,77.0,136.52399999999992,0.4218687951564789,bmm
,311,311x153x212x107,34.0,1005.0,77.0,136.52399999999992,0.3739584147930145,bmm
,354,354x157x148x120,34.0,1005.0,77.0,136.52399999999992,0.3112959861755371,bmm
,453,453x248x132x72,34.0,1005.0,77.0,136.52399999999992,0.3815423965454101,bmm
,306,306x204x200x139,34.0,1005.0,77.0,136.52399999999992,0.6307839751243591,bmm
,337,337x168x203x149,34.0,1005.0,77.0,136.52399999999992,0.7370752096176147,bmm
,361,361x233x257x211,29.0,1005.0,77.0,131.39699999999996,0.9990079760551452,bmm
,349,349x191x193x388,29.0,1005.0,77.0,131.39699999999996,1.4487551689147948,bmm
,415,415x227x213x273,29.0,1005.0,77.0,131.39699999999996,1.3872831821441651,bmm
,313,313x140x201x492,29.0,1005.0,77.0,131.39699999999996,1.3332480192184448,bmm
,301,301x130x198x883,29.0,1005.0,77.0,131.39699999999996,2.146483135223389,bmm
,472,472x205x156x828,53.0,1005.0,79.0,131.895,2.830649662017822,bmm
,279,279x255x180x659,53.0,1005.0,79.0,131.895,1.6400383710861206,bmm
,420,420x185x363x22,53.0,1005.0,79.0,131.895,0.8203775882720947,bmm
,310,310x165x306x4,53.0,1005.0,79.0,131.895,0.5130239725112915,bmm
,501,501x192x324x24,34.0,1005.0,82.0,150.41600000000005,0.8662655830383301,bmm
,336,336x158x463x60,34.0,1005.0,82.0,150.41600000000005,0.8424383878707886,bmm
,258,258x232x426x65,34.0,1005.0,82.0,150.41600000000005,0.6174719929695129,bmm
,470,470x193x436x33,34.0,1005.0,82.0,150.41600000000005,1.070080041885376,bmm
,506,506x143x284x72,34.0,1005.0,82.0,150.41600000000005,0.7710591793060303,bmm
,270,270x212x471x65,34.0,1005.0,82.0,150.41600000000005,0.6834176182746887,bmm
,484,484x247x331x84,40.72,1005.0,81.04,156.50047999999992,0.8804351806640625,bmm
,291,291x203x456x218,41.0,1005.0,81.0,156.75399999999993,1.3811712265014648,bmm
,287,287x239x380x250,41.0,1005.0,81.0,156.75399999999993,1.1370495557785034,bmm
,386,386x152x373x133,41.0,1005.0,81.0,156.75399999999993,1.44279682636261,bmm
,341,341x201x258x400,41.0,1005.0,81.0,156.75399999999993,1.8339456081390384,bmm
,355,355x238x454x314,58.0,1005.0,81.0,150.72699999999995,2.398207902908325,bmm
,290,290x201x342x455,58.0,1005.0,81.0,150.72699999999995,2.020147132873535,bmm
,454,454x138x377x676,59.12,1005.0,81.16,150.87039999999996,5.152095985412598,bmm
,321,321x215x396x519,86.0,1005.0,85.0,154.31199999999993,3.210227108001709,bmm
,405,405x194x321x686,86.0,1005.0,85.0,154.31199999999993,3.9710591793060304,bmm
,262,262x218x950x7,86.0,1005.0,85.0,154.31199999999993,1.321984052658081,bmm
,347,347x167x591x8,55.0,1005.0,86.0,184.8850000000001,1.0680320262908936,bmm
,266,266x168x929x33,55.0,1005.0,86.0,184.8850000000001,1.304531216621399,bmm
,275,275x246x930x64,55.0,1005.0,86.0,184.8850000000001,1.3242239713668824,bmm
,271,271x166x554x64,55.0,1005.0,86.0,184.8850000000001,0.7936000227928162,bmm
,439,439x225x939x39,55.0,1005.0,86.0,184.8850000000001,2.0692992210388184,bmm
,390,390x217x968x72,37.0,1005.0,83.0,180.448,1.917900800704956,bmm
,319,319x141x1007x70,37.0,1005.0,83.0,180.448,1.598464012145996,bmm
,348,348x221x536x103,37.0,1005.0,83.0,180.448,0.9723584055900574,bmm
,323,323x239x731x240,37.0,1005.0,83.0,180.448,2.382848024368286,bmm
,356,356x205x519x245,55.0,1005.0,84.0,165.30000000000007,1.8922751903533936,bmm
,473,473x186x611x257,55.0,1005.0,84.0,165.30000000000007,4.276800060272217,bmm
,299,299x140x968x429,56.28,1005.0,84.96,168.2968,5.707507133483887,bmm
,341,341x231x745x412,59.0,1005.0,87.0,174.665,5.059078407287598,bmm
,313,313x198x686x328,59.0,1005.0,87.0,174.665,3.139993667602539,bmm
,375,375x248x805x853,75.0,1005.0,88.0,198.9279999999999,10.38599681854248,bmm
,474,474x242x618x661,51.0,1005.0,87.0,220.384,8.671846771240235,bmm
,299,299x184x917x789,68.16,1005.0,87.44,222.6341599999999,9.41218547821045,bmm
,264,264x401x10x5,90.0,1005.0,88.0,225.49799999999996,0.099270398914814,bmm
,273,273x509x3x32,90.0,1005.0,88.0,225.49799999999996,0.0853119984269142,bmm
,298,298x428x10x25,90.0,1005.0,88.0,225.49799999999996,0.1146880015730857,bmm
,404,404x513x1x56,90.0,1005.0,88.0,225.49799999999996,0.1101631999015808,bmm
,402,402x355x33x65,90.0,1005.0,88.0,225.49799999999996,0.2238463968038559,bmm
,495,495x418x7x44,90.0,1005.0,88.0,225.49799999999996,0.154201602935791,bmm
,375,375x343x6x95,12.0,1005.0,83.0,200.074,0.1308352023363113,bmm
,353,353x346x1x69,12.0,1005.0,83.0,200.074,0.0798719972372055,bmm
,319,319x353x27x97,12.0,1005.0,83.0,200.074,0.1810431957244873,bmm
,296,296x270x9x191,12.0,1005.0,83.0,200.074,0.187391996383667,bmm
,308,308x394x6x229,12.0,1005.0,83.0,200.074,0.2734079957008362,bmm
,422,422x318x20x160,12.0,1005.0,83.0,200.074,0.3358527898788452,bmm
,297,297x406x8x257,12.0,1005.0,83.0,200.074,0.3069952130317688,bmm
,331,331x361x30x323,13.2,1005.0,82.76,196.44216000000003,0.519155216217041,bmm
,266,266x306x15x268,27.0,1005.0,80.0,154.67599999999996,0.2701120018959045,bmm
,480,480x316x12x575,27.0,1005.0,80.0,154.67599999999996,0.852134394645691,bmm
,420,420x478x9x682,27.0,1005.0,80.0,154.67599999999996,1.293516755104065,bmm
,411,411x493x7x1008,27.0,1005.0,80.0,154.67599999999996,1.051033616065979,bmm
,470,470x489x65x33,49.0,1005.0,79.0,120.88000000000008,0.3983359932899475,bmm
,389,389x387x36x22,49.0,1005.0,79.0,120.88000000000008,0.2199551939964294,bmm
,400,400x420x56x18,49.0,1005.0,79.0,120.88000000000008,0.2782656013965606,bmm
,492,492x408x42x61,49.0,1005.0,79.0,120.88000000000008,0.3102720081806183,bmm
,289,289x263x54x43,49.0,1005.0,79.0,120.88000000000008,0.1615231961011886,bmm
,371,371x475x47x33,49.0,1005.0,79.0,120.88000000000008,0.2469376027584076,bmm
,303,303x392x57x121,49.0,1005.0,79.0,120.88000000000008,0.2431680023670196,bmm
,470,470x458x53x124,49.0,1005.0,79.0,120.88000000000008,0.3397439956665039,bmm
,466,466x492x57x93,17.0,1005.0,80.0,136.88299999999992,0.3665919899940491,bmm
,362,362x511x51x242,17.0,1005.0,80.0,136.88299999999992,0.5158656001091003,bmm
,445,445x366x51x214,17.0,1005.0,80.0,136.88299999999992,0.4687743961811065,bmm
,260,260x446x61x229,17.0,1005.0,80.0,136.88299999999992,0.4128768086433411,bmm
,301,301x490x47x466,17.0,1005.0,80.0,136.88299999999992,0.7580671906471252,bmm
,448,448x485x59x295,17.0,1005.0,80.0,136.88299999999992,1.028070378303528,bmm
,387,387x387x54x486,41.0,1005.0,81.0,152.1819999999999,1.059833574295044,bmm
,382,382x361x34x1015,41.0,1005.0,81.0,152.1819999999999,1.7836031913757324,bmm
,454,454x286x58x925,41.0,1005.0,81.0,152.1819999999999,2.0598079681396486,bmm
,408,408x394x39x911,76.0,1005.0,82.0,160.92700000000005,2.0878655910491943,bmm
,267,267x260x105x31,76.0,1005.0,82.0,160.92700000000005,0.2529279887676239,bmm
,401,401x391x99x22,76.0,1005.0,82.0,160.92700000000005,0.4617919981479644,bmm
,462,462x474x94x28,76.0,1005.0,82.0,160.92700000000005,0.4986880123615265,bmm
,437,437x459x96x58,76.0,1005.0,82.0,160.92700000000005,0.4802559912204742,bmm
,464,464x351x80x48,76.0,1005.0,82.0,160.92700000000005,0.3256320059299469,bmm
,451,451x352x122x41,64.48,1005.0,81.52,158.63211999999996,0.4861952066421509,bmm
,264,264x454x70x120,28.0,1005.0,80.0,151.36499999999992,0.3258368015289307,bmm
,456,456x266x117x75,28.0,1005.0,80.0,151.36499999999992,0.4526079893112182,bmm
,482,482x374x70x76,28.0,1005.0,80.0,151.36499999999992,0.4069375991821289,bmm
,406,406x426x77x148,28.0,1005.0,80.0,151.36499999999992,0.7419903874397278,bmm
,504,504x476x116x161,28.0,1005.0,80.0,151.36499999999992,1.322393584251404,bmm
,265,265x342x112x244,28.0,1005.0,80.0,151.36499999999992,0.538591992855072,bmm
,279,279x435x101x490,54.0,1005.0,80.0,137.5970000000001,1.3369343757629395,bmm
,271,271x386x88x502,54.0,1005.0,80.0,137.5970000000001,1.0909440040588378,bmm
,455,455x510x129x277,54.0,1005.0,80.0,137.5970000000001,2.039584016799927,bmm
,389,389x424x87x612,54.0,1005.0,80.0,137.5970000000001,1.9189311981201167,bmm
,390,390x310x128x976,55.0,1005.0,81.0,136.37699999999998,3.1260671615600586,bmm
,509,509x469x108x751,55.0,1005.0,81.0,136.37699999999998,3.629670381546021,bmm
,476,476x299x220x18,55.0,1005.0,81.0,136.37699999999998,0.8314880132675171,bmm
,505,505x313x136x24,85.0,1005.0,86.0,165.85800000000006,0.5553408026695251,bmm
,418,418x307x155x28,85.0,1005.0,86.0,165.85800000000006,0.5471487998962402,bmm
,418,418x358x141x58,85.0,1005.0,86.0,165.85800000000006,0.51216641664505,bmm
,494,494x401x183x56,85.0,1005.0,86.0,165.85800000000006,0.9615359902381896,bmm
,488,488x418x187x59,85.0,1005.0,86.0,165.85800000000006,0.9715456008911132,bmm
,283,283x306x205x104,85.0,1005.0,86.0,165.85800000000006,0.5042176246643066,bmm
,398,398x340x239x75,40.0,1005.0,82.0,167.82499999999993,0.7694080114364624,bmm
,321,321x334x219x116,40.0,1005.0,82.0,167.82499999999993,0.6219584107398987,bmm
,510,510x284x177x241,40.0,1005.0,82.0,167.82499999999993,1.465132761001587,bmm
,304,304x309x250x147,40.0,1005.0,82.0,167.82499999999993,1.211174440383911,bmm
,495,495x393x143x257,41.28,1005.0,81.84,165.66884,2.2231040000915527,bmm
,279,279x479x213x478,48.0,1005.0,81.0,154.34900000000005,2.4545280933380127,bmm
,345,345x368x249x356,48.0,1005.0,81.0,154.34900000000005,2.051225519180298,bmm
,463,463x455x170x376,48.0,1005.0,81.0,154.34900000000005,2.49749116897583,bmm
,324,324x313x149x531,57.0,1005.0,85.0,157.71100000000013,1.919999957084656,bmm
,409,409x426x160x1023,57.0,1005.0,85.0,157.71100000000013,5.361817455291748,bmm
,498,498x282x224x839,55.56,1005.0,85.72,180.22756,5.869305515289307,bmm
,274,274x337x410x8,55.0,1005.0,86.0,188.984,0.9218943834304808,bmm
,417,417x412x432x32,55.0,1005.0,86.0,188.984,1.813503980636597,bmm
,416,416x397x500x8,55.0,1005.0,86.0,188.984,2.108416080474853,bmm
,416,416x283x325x64,54.48,1005.0,86.0,198.89572,1.0696704387664795,bmm
,476,476x370x508x57,54.0,1005.0,86.0,208.04500000000004,1.8632704019546509,bmm
,424,424x309x427x50,54.0,1005.0,86.0,208.04500000000004,1.3965312242507937,bmm
,505,505x310x443x96,54.0,1005.0,86.0,208.04500000000004,1.731993556022644,bmm
,422,422x289x472x103,54.0,1005.0,86.0,208.04500000000004,1.5241472244262697,bmm
,306,306x492x352x89,56.0,1005.0,84.0,184.743,1.107103967666626,bmm
,341,341x268x465x203,56.0,1005.0,84.0,184.743,2.3671359539031984,bmm
,347,347x463x360x130,56.0,1005.0,84.0,184.743,2.4631039619445803,bmm
,346,346x351x433x248,56.0,1005.0,84.0,184.743,2.3336959362030028,bmm
,292,292x302x311x351,55.0,1005.0,85.0,168.33399999999995,2.086297512054444,bmm
,287,287x296x273x483,55.0,1005.0,85.0,168.33399999999995,2.397964763641357,bmm
,289,289x422x268x412,55.0,1005.0,85.0,168.33399999999995,3.1549439430236816,bmm
,285,285x505x383x521,78.0,1005.0,87.0,180.09299999999996,5.412659358978272,bmm
,510,510x419x466x578,84.76,1005.0,87.52,188.18212000000003,11.76859531402588,bmm
,438,438x350x374x710,91.0,1005.0,88.0,195.649,7.332454299926757,bmm
,308,308x447x871x29,99.0,1005.0,89.0,220.83,2.7502591609954834,bmm
,274,274x402x689x3,99.0,1005.0,89.0,220.83,1.933721613883972,bmm
,316,316x476x513x4,99.0,1005.0,89.0,220.83,1.6678911685943605,bmm
,467,467x343x922x58,75.6,1005.0,86.92,217.57376000000008,3.307270336151123,bmm
,493,493x493x995x62,54.0,1005.0,85.0,214.56800000000013,4.923391819000244,bmm
,498,498x493x682x48,54.0,1005.0,85.0,214.56800000000013,3.408409595489502,bmm
,453,453x459x516x107,61.0,1005.0,87.0,196.743,2.39288330078125,bmm
,315,315x270x690x99,61.0,1005.0,87.0,196.743,1.6650368452072144,bmm
,316,316x339x850x80,61.0,1005.0,87.0,196.743,2.038476800918579,bmm
,318,318x433x900x220,58.6,1005.0,86.2,196.22539999999992,5.706956768035889,bmm
,274,274x330x623x210,58.0,1005.0,86.0,196.09599999999992,2.6058112144470216,bmm
,265,265x270x959x248,58.0,1005.0,86.0,196.09599999999992,3.795136022567749,bmm
,373,373x425x982x293,56.0,1005.0,88.0,197.82499999999996,10.653817558288576,bmm
,296,296x324x876x431,55.12,1005.0,86.24,206.35748,7.63613452911377,bmm
,397,397x288x700x428,56.76,1005.0,86.0,208.19432000000003,8.206745719909668,bmm
,474,474x360x678x575,99.0,1005.0,88.0,224.354,11.724185562133789,bmm
,325,325x391x968x930,75.6,1005.0,89.52,230.39856,24.18012199401856,bmm
,297,297x320x834x1017,51.96,1005.0,87.08,232.37575999999996,14.42833251953125,bmm
,444,444x769x3x19,50.0,1005.0,87.0,232.40999999999997,0.2221823960542678,bmm
,339,339x819x29x28,50.0,1005.0,87.0,232.40999999999997,0.2949120104312897,bmm
,338,338x975x28x32,20.0,1005.0,87.0,231.77300000000005,0.3348479866981506,bmm
,510,510x723x28x63,20.0,1005.0,87.0,231.77300000000005,0.3850240111351013,bmm
,337,337x980x26x35,20.0,1005.0,87.0,231.77300000000005,0.3358719944953918,bmm
,366,366x690x18x64,20.0,1005.0,87.0,231.77300000000005,0.2385919988155365,bmm
,278,278x557x25x88,20.0,1005.0,87.0,231.77300000000005,0.178176000714302,bmm
,410,410x632x20x88,20.0,1005.0,87.0,231.77300000000005,0.2332224011421203,bmm
,392,392x1015x16x74,20.0,1005.0,87.0,231.77300000000005,0.2824000000953674,bmm
,414,414x560x22x201,15.0,1005.0,84.0,193.528,0.4536319971084595,bmm
,269,269x812x16x212,15.0,1005.0,84.0,193.528,0.3389055967330933,bmm
,320,320x670x16x257,15.0,1005.0,84.0,193.528,0.4996479928493499,bmm
,506,506x906x3x366,15.0,1005.0,84.0,193.528,0.9104896187782288,bmm
,513,513x766x16x369,15.0,1005.0,84.0,193.528,1.4200767755508423,bmm
,413,413x791x5x490,48.0,1005.0,83.0,153.056,1.4663679599761963,bmm
,339,339x653x33x746,48.0,1005.0,83.0,153.056,1.69061119556427,bmm
,432,432x789x20x803,48.0,1005.0,83.0,153.056,2.27650556564331,bmm
,437,437x893x29x737,89.0,1005.0,85.0,159.90999999999994,2.320025634765625,bmm
,450,450x968x55x29,89.0,1005.0,85.0,159.90999999999994,0.6113280057907104,bmm
,429,429x530x40x14,89.0,1005.0,85.0,159.90999999999994,0.2969599962234497,bmm
,299,299x979x47x12,89.0,1005.0,85.0,159.90999999999994,0.3962752044200897,bmm
,488,488x833x60x39,89.0,1005.0,85.0,159.90999999999994,0.6674368143081665,bmm
,322,322x910x51x65,18.0,1005.0,82.0,161.36799999999997,0.4923647940158844,bmm
,450,450x902x52x40,18.0,1005.0,82.0,161.36799999999997,0.6332607984542846,bmm
,283,283x528x33x101,18.0,1005.0,82.0,161.36799999999997,0.2772991955280304,bmm
,267,267x886x46x93,18.0,1005.0,82.0,161.36799999999997,0.4515647947788238,bmm
,332,332x724x43x73,18.0,1005.0,82.0,161.36799999999997,0.4147199988365173,bmm
,274,274x961x62x232,18.0,1005.0,82.0,161.36799999999997,1.0917887687683103,bmm
,341,341x997x38x195,40.96,1005.0,81.48,155.7377599999999,1.002732801437378,bmm
,370,370x598x64x202,59.0,1005.0,81.0,151.31399999999994,0.7524352073669434,bmm
,418,418x1005x56x390,59.0,1005.0,81.0,151.31399999999994,2.685542345046997,bmm
,375,375x857x60x326,59.0,1005.0,81.0,151.31399999999994,1.5036159992218017,bmm
,355,355x518x56x452,56.84,1005.0,81.64,149.63280000000006,1.1847679615020752,bmm
,320,320x541x52x753,53.0,1005.0,83.0,146.6440000000001,1.9724287748336795,bmm
,309,309x969x60x950,53.0,1005.0,83.0,146.6440000000001,3.761945629119873,bmm
,338,338x997x62x817,28.0,1005.0,86.0,161.404,3.624140739440918,bmm
,355,355x1015x114x33,28.0,1005.0,86.0,161.404,0.9201663970947266,bmm
,291,291x1017x72x22,28.0,1005.0,86.0,161.404,0.4864000082015991,bmm
,505,505x987x67x2,28.0,1005.0,86.0,161.404,0.8486912250518799,bmm
,505,505x638x80x36,28.0,1005.0,86.0,161.404,0.5703359961509704,bmm
,422,422x577x116x55,31.0,1005.0,83.0,167.3739999999999,0.6899712085723877,bmm
,377,377x973x121x64,31.0,1005.0,83.0,167.3739999999999,1.044275164604187,bmm
,356,356x844x103x89,31.0,1005.0,83.0,167.3739999999999,0.8367807984352111,bmm
,497,497x756x115x118,31.0,1005.0,83.0,167.3739999999999,1.200716757774353,bmm
,378,378x579x100x89,31.0,1005.0,83.0,167.3739999999999,0.5886208057403565,bmm
,485,485x824x78x195,53.0,1005.0,82.0,156.39199999999994,1.5738303899765014,bmm
,320,320x764x90x192,53.0,1005.0,82.0,156.39199999999994,1.0778623819351196,bmm
,464,464x822x99x235,53.0,1005.0,82.0,156.39199999999994,1.923456025123596,bmm
,271,271x946x67x307,53.0,1005.0,82.0,156.39199999999994,1.3751487970352172,bmm
,506,506x870x115x425,57.0,1005.0,82.0,148.02500000000006,4.568031978607178,bmm
,431,431x920x73x329,57.0,1005.0,82.0,148.02500000000006,2.3182015895843504,bmm
,312,312x794x87x668,67.08,1005.0,84.52,160.81568,3.1618688106536865,bmm
,429,429x552x70x650,69.0,1005.0,85.0,163.25199999999998,2.662604808807373,bmm
,457,457x685x113x728,74.8,1005.0,85.2,169.37084,5.212307167053223,bmm
,342,342x736x160x5,98.0,1005.0,86.0,185.105,0.8707392096519471,bmm
,450,450x549x209x15,98.0,1005.0,86.0,185.105,1.2447296142578126,bmm
,298,298x782x244x27,98.0,1005.0,86.0,185.105,1.324076771736145,bmm
,285,285x594x158x57,98.0,1005.0,86.0,185.105,0.6266880035400391,bmm
,266,266x954x236x55,79.28,1005.0,85.28,181.892,1.3029312133789062,bmm
,326,326x981x242x53,46.0,1005.0,84.0,176.17999999999995,1.6494592428207395,bmm
,283,283x538x204x100,46.0,1005.0,84.0,176.17999999999995,0.7962559819221496,bmm
,267,267x673x144x125,46.0,1005.0,84.0,176.17999999999995,0.6584320068359375,bmm
,374,374x941x209x74,46.0,1005.0,84.0,176.17999999999995,1.670143961906433,bmm
,317,317x881x148x140,57.0,1005.0,84.0,156.808,1.7678528070449828,bmm
,300,300x571x152x171,57.0,1005.0,84.0,156.808,1.1919360160827637,bmm
,453,453x690x178x141,57.0,1005.0,84.0,156.808,2.562636756896973,bmm
,372,372x732x238x351,58.8,1005.0,83.4,156.1906,4.135935974121094,bmm
,476,476x967x208x350,60.0,1005.0,83.0,155.779,5.995283222198486,bmm
,398,398x975x193x261,57.4,1005.0,84.56,171.81371999999988,4.837728023529053,bmm
,327,327x705x137x587,55.0,1005.0,86.0,186.6149999999999,3.660595178604126,bmm
,285,285x576x206x554,55.0,1005.0,86.0,186.6149999999999,3.737536001205444,bmm
,347,347x816x145x588,60.0,1005.0,89.0,211.7020000000001,4.763596820831299,bmm
,317,317x1010x346x5,60.0,1005.0,89.0,211.7020000000001,2.1966528415679933,bmm
,444,444x983x355x7,64.96,1005.0,88.52,211.85100000000008,3.179519891738892,bmm
,362,362x680x313x24,91.0,1005.0,86.0,212.4470000000001,1.745919942855835,bmm
,409,409x547x497x41,91.0,1005.0,86.0,212.4470000000001,2.525798320770264,bmm
,294,294x880x340x64,91.0,1005.0,86.0,212.4470000000001,1.8065152406692504,bmm
,455,455x689x305x62,59.0,1005.0,86.0,193.44999999999996,2.147103929519653,bmm
,291,291x902x345x116,59.0,1005.0,86.0,193.44999999999996,2.067404794692993,bmm
,327,327x975x294x82,59.0,1005.0,86.0,193.44999999999996,1.9628031969070436,bmm
,330,330x954x506x118,77.0,1005.0,85.4,188.83600000000013,3.37993597984314,bmm
,384,384x994x263x156,89.0,1005.0,85.0,185.7600000000001,4.032704162597656,bmm
,471,471x943x393x169,91.8,1005.0,85.72,190.94980000000007,7.376691150665283,bmm
,354,354x730x508x238,99.0,1005.0,88.0,204.29500000000004,5.319680213928223,bmm
,431,431x653x505x394,82.44,1005.0,86.16,212.60628,12.929433441162107,bmm
,453,453x769x317x374,87.6,1005.0,86.6,222.6006799999999,7.5609663963317875,bmm
,283,283x590x390x264,92.0,1005.0,87.0,227.8159999999999,4.091046333312988,bmm
,268,268x856x407x727,90.16,1005.0,87.0,226.16184,11.298726272583009,bmm
,439,439x1007x284x660,76.56,1005.0,87.0,224.44072,15.02360954284668,bmm
,510,510x838x324x806,81.72,1005.0,87.84,233.59715999999983,20.1987907409668,bmm
,306,306x824x635x26,99.0,1005.0,90.0,240.5069999999999,3.428352117538452,bmm
,327,327x668x950x22,66.0,1005.0,86.0,214.777,4.496371269226074,bmm
,452,452x618x818x27,66.0,1005.0,86.0,214.777,4.54860782623291,bmm
,385,385x786x828x63,46.0,1005.0,87.0,202.546,5.415718460083008,bmm
,401,401x701x991x35,46.0,1005.0,87.0,202.546,5.856838321685791,bmm
,469,469x925x695x35,56.0,1005.0,88.0,206.324,6.3285120010375975,bmm
,303,303x880x547x84,56.0,1005.0,88.0,206.324,2.8658943653106688,bmm
,465,465x810x955x129,60.0,1005.0,88.0,208.06300000000007,15.10481948852539,bmm
,331,331x622x621x81,61.0,1005.0,89.0,221.80100000000004,2.610176086425781,bmm
,425,425x701x934x217,71.36,1005.0,89.0,224.8574799999999,11.621171188354491,bmm
,348,348x765x847x240,98.0,1005.0,89.0,232.71699999999996,8.55281925201416,bmm
,454,454x550x563x256,55.0,1005.0,89.0,227.152,6.32504301071167,bmm
,401,401x858x980x448,89.64,1005.0,88.72,232.22987999999995,26.53347816467285,bmm
,285,285x751x612x443,99.0,1005.0,89.56,239.18484000000012,10.318796730041504,bmm
,474,474x813x604x285,99.0,1005.0,88.48,230.4578400000001,14.702387046813964,bmm
,360,360x777x720x802,94.52,1005.0,88.92,230.33104000000003,30.71057929992676,bmm
,402,402x1015x896x573,99.32,851.4,88.76,224.47928000000005,34.79362564086914,bmm
,471,471x788x616x921,95.16,808.2,89.0,228.00687999999997,39.29125747680664,bmm
,907,907x12x30x10,100.0,390.0,91.0,241.34199999999996,0.0215039998292922,bmm
,709,709x28x32x16,4.0,1005.0,88.0,231.0140000000001,0.0911296010017395,bmm
,994,994x13x24x24,4.0,1005.0,88.0,231.0140000000001,0.021119999885559,bmm
,900,900x29x20x53,4.0,1005.0,88.0,231.0140000000001,0.1001984030008316,bmm
,716,716x8x10x37,4.0,1005.0,88.0,231.0140000000001,0.0133119998499751,bmm
,773,773x28x17x44,4.0,1005.0,88.0,231.0140000000001,0.0907839998602867,bmm
,680,680x32x33x89,4.0,1005.0,88.0,231.0140000000001,0.1074943989515304,bmm
,972,972x3x5x125,4.0,1005.0,88.0,231.0140000000001,0.0151807999238371,bmm
,643,643x11x27x103,4.0,1005.0,88.0,231.0140000000001,0.03496960029006,bmm
,841,841x12x13x167,4.0,1005.0,88.0,231.0140000000001,0.0583680011332035,bmm
,806,806x23x19x232,4.6,1005.0,87.6,210.43079999999995,0.1765375971794128,bmm
,996,996x30x17x199,9.0,1005.0,83.0,179.55599999999998,0.2189184010028839,bmm
,942,942x9x23x303,9.0,1005.0,83.0,179.55599999999998,0.103423997759819,bmm
,968,968x19x31x295,9.0,1005.0,83.0,179.55599999999998,0.3604480028152466,bmm
,767,767x25x10x331,9.0,1005.0,83.0,179.55599999999998,0.2126911997795105,bmm
,565,565x30x14x666,9.0,1005.0,83.0,179.55599999999998,0.307200014591217,bmm
,927,927x27x10x975,9.0,1005.0,83.0,179.55599999999998,0.6558847904205323,bmm
,662,662x31x9x832,9.0,1005.0,83.0,179.55599999999998,0.413676792383194,bmm
,962,962x30x33x13,40.0,1005.0,82.0,143.069,0.1388543993234634,bmm
,703,703x13x54x31,40.0,1005.0,82.0,143.069,0.0266239996999502,bmm
,832,832x20x37x18,40.0,1005.0,82.0,143.069,0.1269759982824325,bmm
,962,962x25x51x51,40.0,1005.0,82.0,143.069,0.1720319986343383,bmm
,565,565x30x45x63,40.0,1005.0,82.0,143.069,0.0961792021989822,bmm
,714,714x9x65x55,40.0,1005.0,82.0,143.069,0.0286720003932714,bmm
,956,956x3x51x124,40.0,1005.0,82.0,143.069,0.0430079996585845,bmm
,771,771x26x57x91,40.0,1005.0,82.0,143.069,0.159743994474411,bmm
,646,646x15x37x117,40.0,1005.0,82.0,143.069,0.0563200004398822,bmm
,1023,1023x12x36x137,11.0,1005.0,80.0,142.404,0.0790143981575965,bmm
,663,663x3x33x179,11.0,1005.0,80.0,142.404,0.0317439995706081,bmm
,1021,1021x5x59x195,11.0,1005.0,80.0,142.404,0.0825215980410575,bmm
,702,702x24x58x380,11.0,1005.0,80.0,142.404,0.4032512009143829,bmm
,586,586x30x64x308,11.0,1005.0,80.0,142.404,0.5435392260551453,bmm
,910,910x12x40x397,11.0,1005.0,80.0,142.404,0.2596864104270935,bmm
,833,833x4x41x578,11.0,1005.0,80.0,142.404,0.2033663988113403,bmm
,519,519x2x49x578,11.0,1005.0,80.0,142.404,0.1484799981117248,bmm
,753,753x12x47x686,14.0,585.0,78.0,134.48300000000006,0.4163456082344055,bmm
,1025,1025x6x85x8,14.0,585.0,78.0,134.48300000000006,0.0389119982719421,bmm
,829,829x5x78x12,14.0,585.0,78.0,134.48300000000006,0.0286464001983404,bmm
,538,538x13x101x13,14.0,585.0,78.0,134.48300000000006,0.0368640013039112,bmm
,1015,1015x29x78x53,14.0,585.0,78.0,134.48300000000006,0.4263871967792511,bmm
,514,514x13x85x57,14.0,585.0,78.0,134.48300000000006,0.0511999987065792,bmm
,584,584x29x91x40,14.0,585.0,78.0,134.48300000000006,0.3251967966556549,bmm
,707,707x7x114x122,14.0,585.0,78.0,134.48300000000006,0.1171456024050712,bmm
,958,958x30x108x125,15.0,540.0,76.08,119.32999999999996,0.5648383855819702,bmm
,752,752x27x71x120,15.0,540.0,76.0,119.32999999999996,0.3438591957092285,bmm
,584,584x24x93x129,15.0,540.0,76.0,119.32999999999996,0.629964816570282,bmm
,978,978x1x119x249,15.0,540.0,76.0,119.32999999999996,0.2834240078926086,bmm
,859,859x29x117x160,15.0,540.0,76.0,119.32999999999996,1.1001856327056885,bmm
,721,721x30x85x487,15.0,540.0,76.0,119.32999999999996,1.183743953704834,bmm
,612,612x31x73x275,15.0,540.0,76.0,119.32999999999996,0.706764817237854,bmm
,804,804x4x92x391,51.0,600.0,75.0,111.74499999999996,0.279552012681961,bmm
,566,566x27x82x706,51.0,600.0,75.0,111.74499999999996,1.377676796913147,bmm
,847,847x11x108x582,51.0,600.0,75.0,111.74499999999996,0.6340543985366821,bmm
,566,566x3x118x758,51.0,600.0,75.0,111.74499999999996,0.4677631914615631,bmm
,945,945x14x179x30,51.0,600.0,75.0,111.74499999999996,0.0952320024371147,bmm
,1017,1017x30x134x22,51.0,600.0,75.0,111.74499999999996,0.5079039931297302,bmm
,1010,1010x19x147x1,43.44,642.0,74.8,112.44920000000003,0.0409599989652633,bmm
,594,594x21x255x43,24.0,750.0,74.0,114.26000000000008,0.5662720203399658,bmm
,813,813x32x202x44,24.0,750.0,74.0,114.26000000000008,0.5816320180892944,bmm
,978,978x20x211x48,24.0,750.0,74.0,114.26000000000008,0.7194431900978089,bmm
,678,678x9x234x90,24.0,750.0,74.0,114.26000000000008,0.1689472049474716,bmm
,818,818x21x132x89,24.0,750.0,74.0,114.26000000000008,0.3952639997005462,bmm
,536,536x4x213x123,24.0,750.0,74.0,114.26000000000008,0.1423359960317611,bmm
,554,554x26x223x189,24.0,750.0,74.0,114.26000000000008,0.867519986629486,bmm
,664,664x18x248x131,41.0,750.0,73.0,114.302,1.1513663530349731,bmm
,567,567x2x210x242,41.0,750.0,73.0,114.302,0.2701312005519867,bmm
,540,540x32x240x431,41.0,750.0,73.0,114.302,1.702079963684082,bmm
,529,529x32x196x329,41.0,750.0,73.0,114.302,0.9264960169792176,bmm
,590,590x27x160x440,41.0,750.0,73.0,114.302,1.083187222480774,bmm
,571,571x20x242x928,46.0,900.0,74.0,116.727,2.9079551696777344,bmm
,530,530x20x162x930,46.0,900.0,74.0,116.727,1.813657593727112,bmm
,716,716x32x236x659,46.0,900.0,74.0,116.727,2.5881791591644285,bmm
,747,747x24x272x28,46.0,900.0,74.0,116.727,0.5539839863777161,bmm
,639,639x10x377x29,37.0,1005.0,80.0,140.71,0.0778239965438842,bmm
,807,807x7x269x25,37.0,1005.0,80.0,140.71,0.0511551991105079,bmm
,965,965x22x498x43,37.0,1005.0,80.0,140.71,1.2042239904403689,bmm
,619,619x31x410x53,37.0,1005.0,80.0,140.71,0.6707199811935425,bmm
,900,900x19x297x37,37.0,1005.0,80.0,140.71,0.6796671986579895,bmm
,590,590x28x507x83,37.0,1005.0,80.0,140.71,0.8200127840042114,bmm
,738,738x6x511x77,37.0,1005.0,80.0,140.71,0.1994623959064483,bmm
,716,716x2x426x121,15.0,1005.0,80.0,154.18499999999997,0.1812479943037033,bmm
,891,891x15x440x228,15.0,1005.0,80.0,154.18499999999997,0.981811225414276,bmm
,739,739x20x387x205,15.0,1005.0,80.0,154.18499999999997,1.4907392263412476,bmm
,1024,1024x21x479x232,15.0,1005.0,80.0,154.18499999999997,2.3894912242889403,bmm
,689,689x28x412x500,38.4,1005.0,81.04,158.08448000000007,2.825216054916382,bmm
,917,917x30x435x298,60.0,1005.0,82.0,161.68400000000008,2.981388854980469,bmm
,635,635x12x259x390,60.0,1005.0,82.0,161.68400000000008,0.6356992125511169,bmm
,868,868x24x476x864,74.4,1005.0,81.2,160.6474399999999,7.14218225479126,bmm
,860,860x4x334x987,78.0,1005.0,81.0,160.44999999999993,1.3624703884124756,bmm
,693,693x2x291x588,78.0,1005.0,81.0,160.44999999999993,0.5601087927818298,bmm
,863,863x19x1002x13,78.0,1005.0,81.0,160.44999999999993,2.174560070037842,bmm
,900,900x7x911x25,66.0,1005.0,83.0,169.83100000000002,0.2662400007247925,bmm
,601,601x3x993x29,66.0,1005.0,83.0,169.83100000000002,0.206847995519638,bmm
,692,692x30x656x36,66.0,1005.0,83.0,169.83100000000002,1.1712511777877808,bmm
,999,999x23x983x35,66.0,1005.0,83.0,169.83100000000002,2.511462450027466,bmm
,717,717x4x618x56,66.0,1005.0,83.0,169.83100000000002,0.2410752028226852,bmm
,832,832x7x780x98,66.0,1005.0,83.0,169.83100000000002,0.6279104113578796,bmm
,750,750x13x848x113,40.0,1005.0,81.0,160.84299999999993,0.724729597568512,bmm
,978,978x13x989x111,40.0,1005.0,81.0,160.84299999999993,1.0780223846435546,bmm
,565,565x22x632x152,40.0,1005.0,81.0,160.84299999999993,1.751859188079834,bmm
,867,867x9x898x173,40.0,1005.0,81.0,160.84299999999993,1.2644351720809937,bmm
,926,926x7x609x144,43.0,1005.0,81.0,135.97600000000008,0.7587839961051941,bmm
,596,596x31x732x318,43.0,1005.0,81.0,135.97600000000008,3.1952896118164062,bmm
,644,644x29x761x371,43.0,1005.0,81.0,135.97600000000008,3.634176015853882,bmm
,947,947x25x741x265,52.0,1005.0,83.0,149.15599999999998,5.125120162963867,bmm
,569,569x27x534x713,52.0,1005.0,83.0,149.15599999999998,4.46190071105957,bmm
,965,965x23x596x857,89.0,1005.0,84.0,177.03899999999987,9.832857704162596,bmm
,529,529x16x620x758,89.0,1005.0,84.0,177.03899999999987,2.7807743549346924,bmm
,553,553x33x8x12,59.0,1005.0,87.0,204.165,0.0440320000052452,bmm
,931,931x35x25x2,59.0,1005.0,87.0,204.165,0.1228799968957901,bmm
,957,957x61x32x10,59.0,1005.0,87.0,204.165,0.1218559965491294,bmm
,919,919x65x9x45,59.0,1005.0,87.0,204.165,0.0921600013971328,bmm
,974,974x53x25x55,59.0,1005.0,87.0,204.165,0.1269759982824325,bmm
,536,536x39x22x33,59.0,1005.0,87.0,204.165,0.0654527992010116,bmm
,854,854x49x6x112,59.0,1005.0,87.0,204.165,0.0755200028419494,bmm
,846,846x38x19x119,59.0,1005.0,87.0,204.165,0.1064511984586715,bmm
,877,877x41x9x129,59.0,1005.0,87.0,204.165,0.1638399958610534,bmm
,937,937x35x31x173,12.0,1005.0,81.0,167.23399999999998,0.2365439981222152,bmm
,637,637x62x6x240,12.0,1005.0,81.0,167.23399999999998,0.1193920031189918,bmm
,984,984x53x20x223,12.0,1005.0,81.0,167.23399999999998,0.2273280024528503,bmm
,736,736x37x15x334,12.0,1005.0,81.0,167.23399999999998,0.205824002623558,bmm
,990,990x57x33x437,12.0,1005.0,81.0,167.23399999999998,0.5596544146537781,bmm
,1006,1006x41x17x338,12.0,1005.0,81.0,167.23399999999998,0.3276799917221069,bmm
,737,737x46x32x873,12.0,1005.0,81.0,167.23399999999998,0.6569599986076355,bmm
,699,699x52x30x929,32.88,1005.0,79.56,138.74648000000008,0.6973119974136353,bmm
,945,945x42x7x735,41.0,1005.0,79.0,127.66800000000008,0.4300799965858459,bmm
,1024,1024x53x37x7,41.0,1005.0,79.0,127.66800000000008,0.1520768046379089,bmm
,590,590x49x50x22,41.0,1005.0,79.0,127.66800000000008,0.1193536028265953,bmm
,846,846x48x56x9,41.0,1005.0,79.0,127.66800000000008,0.1566720008850097,bmm
,645,645x60x38x58,41.0,1005.0,79.0,127.66800000000008,0.1029695987701416,bmm
,569,569x59x64x48,41.0,1005.0,79.0,127.66800000000008,0.116736002266407,bmm
,966,966x38x43x44,41.0,1005.0,79.0,127.66800000000008,0.159743994474411,bmm
,668,668x33x50x92,13.0,1005.0,76.0,116.61200000000004,0.1341119945049285,bmm
,676,676x50x41x124,13.0,1005.0,76.0,116.61200000000004,0.1294272035360336,bmm
,561,561x56x49x124,13.0,1005.0,76.0,116.61200000000004,0.1197696030139923,bmm
,602,602x35x44x165,13.0,1005.0,76.0,116.61200000000004,0.1969728052616119,bmm
,862,862x50x35x233,13.0,1005.0,76.0,116.61200000000004,0.2583680033683777,bmm
,877,877x57x57x192,13.0,1005.0,76.0,116.61200000000004,0.5115776181221008,bmm
,574,574x61x61x276,13.0,1005.0,76.0,116.61200000000004,0.4915199875831604,bmm
,585,585x41x37x388,13.0,1005.0,76.0,116.61200000000004,0.4898816049098968,bmm
,569,569x44x33x349,32.0,675.0,75.0,114.398,0.3665919899940491,bmm
,998,998x47x33x568,32.0,675.0,75.0,114.398,1.0397696495056152,bmm
,867,867x51x33x881,32.0,675.0,75.0,114.398,1.2711936235427856,bmm
,699,699x60x41x665,32.0,675.0,75.0,114.398,0.9887616157531738,bmm
,538,538x61x115x25,32.0,675.0,75.0,114.398,0.2232320010662078,bmm
,662,662x50x71x17,32.0,675.0,75.0,114.398,0.1871871978044509,bmm
,758,758x62x78x4,17.0,855.0,75.0,114.11400000000002,0.2232320010662078,bmm
,588,588x62x129x33,17.0,855.0,75.0,114.11400000000002,0.2826240062713623,bmm
,641,641x60x95x46,17.0,855.0,75.0,114.11400000000002,0.2119680047035217,bmm
,630,630x52x124x57,17.0,855.0,75.0,114.11400000000002,0.2682879865169525,bmm
,587,587x40x98x118,17.0,855.0,75.0,114.11400000000002,0.2252800017595291,bmm
,1010,1010x42x70x120,17.0,855.0,75.0,114.11400000000002,0.2703231990337372,bmm
,1005,1005x52x75x103,17.0,855.0,75.0,114.11400000000002,0.2912256002426147,bmm
,627,627x55x74x150,16.0,855.0,73.0,112.471,0.3512319922447204,bmm
,891,891x61x115x240,16.0,855.0,73.0,112.471,0.6758400201797485,bmm
,988,988x36x75x167,16.0,855.0,73.0,112.471,0.5414912104606628,bmm
,544,544x62x79x470,16.0,855.0,73.0,112.471,0.5877760052680969,bmm
,794,794x54x95x389,16.0,855.0,73.0,112.471,0.9697279930114746,bmm
,664,664x43x90x504,16.0,855.0,73.0,112.471,0.7690240144729614,bmm
,609,609x38x109x542,36.0,915.0,74.0,113.29199999999996,1.008230447769165,bmm
,705,705x60x67x554,36.0,915.0,74.0,113.29199999999996,0.8046591877937317,bmm
,579,579x39x114x715,36.0,915.0,74.0,113.29199999999996,1.214252758026123,bmm
,545,545x34x182x22,36.0,915.0,74.0,113.29199999999996,0.2758656024932861,bmm
,704,704x49x165x15,36.0,915.0,74.0,113.29199999999996,0.3246079981327057,bmm
,851,851x65x180x16,36.0,915.0,74.0,113.29199999999996,0.4290559887886047,bmm
,525,525x65x155x40,36.0,918.6,74.0,113.29199999999996,0.2467840015888214,bmm
,817,817x47x245x35,22.0,1005.0,75.0,121.29599999999996,0.5156863927841187,bmm
,574,574x47x191x56,22.0,1005.0,75.0,121.29599999999996,0.2897791981697082,bmm
,641,641x60x129x86,22.0,1005.0,75.0,121.29599999999996,0.2465535998344421,bmm
,851,851x38x146x65,22.0,1005.0,75.0,121.29599999999996,0.3604480028152466,bmm
,551,551x47x170x83,22.0,1005.0,75.0,121.29599999999996,0.2691071927547455,bmm
,809,809x43x213x225,22.0,1005.0,75.0,121.29599999999996,0.894976019859314,bmm
,564,564x34x173x212,22.0,1005.0,75.0,121.29599999999996,0.5212031841278076,bmm
,1018,1018x48x130x218,49.0,1005.0,74.0,120.34099999999994,0.728057599067688,bmm
,763,763x61x227x505,49.0,1005.0,74.0,120.34099999999994,1.8083839416503904,bmm
,817,817x34x155x377,49.0,1005.0,74.0,120.34099999999994,1.0085952043533326,bmm
,521,521x44x214x333,49.0,1005.0,74.0,120.34099999999994,0.8916991949081421,bmm
,705,705x41x159x987,49.52,1005.0,75.04,122.64036000000006,2.3031615257263183,bmm
,745,745x54x228x721,50.0,1005.0,76.0,124.44700000000007,2.6062464237213137,bmm
,747,747x54x217x599,50.0,1005.0,76.0,124.44700000000007,2.1097792625427245,bmm
,835,835x47x462x4,50.0,1005.0,76.0,124.44700000000007,1.021721625328064,bmm
,979,979x36x268x29,50.0,1005.0,76.0,124.44700000000007,0.6676480174064636,bmm
,614,614x51x410x20,43.0,1005.0,80.0,148.326,0.6732992053031921,bmm
,998,998x43x417x42,43.0,1005.0,80.0,148.326,1.1063039779663086,bmm
,973,973x63x435x54,43.0,1005.0,80.0,148.326,1.06386559009552,bmm
,669,669x59x483x46,43.0,1005.0,80.0,148.326,0.8836927890777588,bmm
,671,671x34x503x104,43.0,1005.0,80.0,148.326,0.9113600254058838,bmm
,686,686x38x436x83,41.56,1005.0,79.64,148.13808000000003,0.7989248037338257,bmm
,583,583x36x355x97,39.0,1005.0,79.0,147.80400000000006,0.5887936115264892,bmm
,1006,1006x37x397x251,39.0,1005.0,79.0,147.80400000000006,2.006425619125366,bmm
,983,983x62x334x149,39.0,1005.0,79.0,147.80400000000006,1.6281856060028077,bmm
,687,687x35x404x133,39.0,1005.0,79.0,147.80400000000006,1.3905919790267944,bmm
,924,924x38x445x465,45.0,1005.0,80.0,138.18499999999997,4.1023486137390135,bmm
,908,908x64x415x344,45.0,1005.0,80.0,138.18499999999997,2.829459285736084,bmm
,1013,1013x36x480x403,61.56,1005.0,81.08,147.58388000000002,4.762009525299073,bmm
,585,585x65x428x514,91.0,1005.0,83.0,164.29300000000006,3.106278419494629,bmm
,810,810x33x453x670,91.0,1005.0,83.0,164.29300000000006,5.439462375640869,bmm
,784,784x52x405x589,91.0,1005.0,86.0,192.652,3.913727998733521,bmm
,1020,1020x63x558x19,91.0,1005.0,86.0,192.652,1.4479232549667358,bmm
,782,782x65x952x33,91.0,1005.0,86.0,192.652,1.877555203437805,bmm
,654,654x40x904x23,85.84,1005.0,86.0,193.40032,1.4243839979171753,bmm
,752,752x42x664x46,48.0,1005.0,86.0,197.329,1.3173184156417848,bmm
,579,579x61x668x35,48.0,1005.0,86.0,197.329,1.0721280574798584,bmm
,647,647x33x553x58,48.0,1005.0,86.0,197.329,0.8967872023582458,bmm
,1019,1019x55x521x65,48.0,1005.0,86.0,197.329,1.374188780784607,bmm
,892,892x45x822x106,48.84,1005.0,85.64,194.34352,1.7993535995483398,bmm
,704,704x55x1002x80,55.0,1005.0,83.0,172.44999999999993,1.7950719594955444,bmm
,583,583x48x833x149,55.0,1005.0,83.0,172.44999999999993,2.485235261917114,bmm
,925,925x54x658x185,55.0,1005.0,83.0,172.44999999999993,3.0217535495758057,bmm
,720,720x44x873x247,61.0,1005.0,85.0,157.59400000000002,3.124991941452026,bmm
,967,967x46x738x507,61.0,1005.0,85.0,157.59400000000002,7.039910316467285,bmm
,882,882x53x930x319,55.0,1005.0,87.0,177.824,6.072115230560303,bmm
,700,700x63x1007x359,55.0,1005.0,87.0,177.824,5.154764842987061,bmm
,684,684x54x842x980,98.0,1005.0,87.0,199.52900000000008,11.176915168762209,bmm
,887,887x47x718x771,80.0,1005.0,88.0,209.29399999999995,10.782924461364749,bmm
,585,585x34x646x584,52.0,1005.0,87.0,216.93999999999997,4.609823894500733,bmm
,593,593x121x31x33,52.0,1005.0,87.0,216.93999999999997,0.0880447998642921,bmm
,592,592x124x19x3,52.0,1005.0,87.0,216.93999999999997,0.0737280026078224,bmm
,902,902x106x9x31,52.0,1005.0,87.0,216.93999999999997,0.0849919989705085,bmm
,811,811x97x18x55,52.0,1005.0,87.0,216.93999999999997,0.0931136012077331,bmm
,558,558x82x30x51,52.0,1005.0,87.0,216.93999999999997,0.0778239965438842,bmm
,855,855x129x26x36,52.0,1005.0,87.0,216.93999999999997,0.2140160053968429,bmm
,802,802x108x11x79,13.0,1005.0,84.0,193.81199999999995,0.0808959975838661,bmm
,634,634x117x12x65,13.0,1005.0,84.0,193.81199999999995,0.0655359998345375,bmm
,529,529x125x2x92,13.0,1005.0,84.0,193.81199999999995,0.0481280013918876,bmm
,1009,1009x110x20x158,13.0,1005.0,84.0,193.81199999999995,0.2238143980503082,bmm
,925,925x74x7x242,13.0,1005.0,84.0,193.81199999999995,0.1433600038290023,bmm
,988,988x124x21x176,13.0,1005.0,84.0,193.81199999999995,0.2288319945335388,bmm
,837,837x112x16x495,13.0,1005.0,84.0,193.81199999999995,0.3368768036365509,bmm
,993,993x92x27x263,13.0,1005.0,84.0,193.81199999999995,0.374783992767334,bmm
,730,730x106x15x406,26.0,1005.0,82.0,158.79100000000005,0.2764799892902374,bmm
,751,751x77x16x712,26.0,1005.0,82.0,158.79100000000005,0.3907391965389252,bmm
,950,950x110x9x927,26.0,1005.0,82.0,158.79100000000005,0.7010303974151612,bmm
,520,520x110x19x1017,26.0,1005.0,82.0,158.79100000000005,0.4633472084999084,bmm
,542,542x75x44x32,26.0,1005.0,82.0,158.79100000000005,0.0962560027837753,bmm
,777,777x104x39x23,26.0,1005.0,82.0,158.79100000000005,0.1209920033812523,bmm
,698,698x111x55x33,26.0,1005.0,82.0,158.79100000000005,0.1361855953931808,bmm
,555,555x98x60x56,13.0,1005.0,81.0,148.605,0.1187456026673317,bmm
,945,945x105x39x42,13.0,1005.0,81.0,148.605,0.1443839967250824,bmm
,662,662x84x61x60,13.0,1005.0,81.0,148.605,0.1474560052156448,bmm
,602,602x92x43x126,13.0,1005.0,81.0,148.605,0.118086402118206,bmm
,786,786x78x62x89,13.0,1005.0,81.0,148.605,0.1643839985132217,bmm
,873,873x116x42x122,13.0,1005.0,81.0,148.605,0.1721791982650757,bmm
,547,547x103x34x203,13.0,1005.0,81.0,148.605,0.1677120000123977,bmm
,570,570x75x59x187,13.0,1005.0,81.0,148.605,0.2232320010662078,bmm
,906,906x71x58x197,13.0,1005.0,81.0,148.605,0.3592063903808594,bmm
,946,946x102x53x311,26.0,1005.0,80.0,149.317,0.684441602230072,bmm
,990,990x92x44x302,26.0,1005.0,80.0,149.317,0.647167980670929,bmm
,514,514x101x56x449,26.0,1005.0,80.0,149.317,0.5146623849868774,bmm
,597,597x91x58x699,26.0,1005.0,80.0,149.317,0.9390079975128174,bmm
,629,629x109x52x991,26.0,1005.0,80.0,149.317,1.2527616024017334,bmm
,741,741x120x55x672,75.0,720.0,78.0,137.5949999999999,1.0604543924331664,bmm
,913,913x72x122x19,75.0,720.0,78.0,137.5949999999999,0.336896002292633,bmm
,810,810x88x99x9,75.0,720.0,78.0,137.5949999999999,0.2396160066127777,bmm
,789,789x67x99x29,75.0,720.0,78.0,137.5949999999999,0.2381824016571045,bmm
,566,566x128x77x63,75.0,720.0,78.0,137.5949999999999,0.185139200091362,bmm
,608,608x79x71x43,75.0,720.0,78.0,137.5949999999999,0.149504005908966,bmm
,771,771x83x121x59,75.0,720.0,78.0,137.5949999999999,0.2891583919525146,bmm
,929,929x108x73x98,18.0,1005.0,77.0,125.73999999999992,0.3088191986083984,bmm
,640,640x88x105x100,18.0,1005.0,77.0,125.73999999999992,0.2293568015098571,bmm
,984,984x97x72x125,18.0,1005.0,77.0,125.73999999999992,0.3037184000015259,bmm
,574,574x65x81x174,18.0,1005.0,77.0,125.73999999999992,0.2856959998607635,bmm
,734,734x94x103x160,18.0,1005.0,77.0,125.73999999999992,0.4228991985321045,bmm
,579,579x113x78x177,18.0,1005.0,77.0,125.73999999999992,0.313753604888916,bmm
,668,668x84x108x317,18.0,1005.0,77.0,125.73999999999992,0.6225919723510742,bmm
,872,872x99x87x274,43.0,1005.0,76.0,120.03999999999998,0.6715327858924866,bmm
,722,722x82x69x490,43.0,1005.0,76.0,120.03999999999998,0.666208004951477,bmm
,778,778x65x77x1011,43.0,1005.0,76.0,120.03999999999998,1.4235647916793823,bmm
,519,519x103x96x972,43.0,1005.0,76.0,120.03999999999998,1.1474560260772706,bmm
,550,550x70x109x986,43.0,1005.0,76.0,120.03999999999998,1.3172736167907717,bmm
,938,938x73x248x22,53.0,1005.0,78.0,129.8360000000001,0.6133440136909485,bmm
,821,821x128x207x26,53.0,1005.0,78.0,129.8360000000001,0.4922752022743225,bmm
,809,809x77x246x33,53.0,1005.0,78.0,129.8360000000001,0.5188928008079529,bmm
,637,637x72x206x39,53.0,1005.0,78.0,129.8360000000001,0.3553151965141296,bmm
,798,798x90x253x40,53.0,1005.0,78.0,129.8360000000001,0.5377599835395813,bmm
,539,539x94x248x58,53.0,1005.0,78.0,129.8360000000001,0.369862413406372,bmm
,513,513x113x166x97,53.0,1005.0,78.0,129.8360000000001,0.2895359992980957,bmm
,588,588x94x193x93,23.0,1005.0,77.0,131.44799999999998,0.3589695930480957,bmm
,1002,1002x86x238x86,23.0,1005.0,77.0,131.44799999999998,0.661299180984497,bmm
,752,752x115x202x139,23.0,1005.0,77.0,131.44799999999998,0.832473611831665,bmm
,833,833x93x169x157,23.0,1005.0,77.0,131.44799999999998,0.7811840057373047,bmm
,736,736x88x194x132,23.0,1005.0,77.0,131.44799999999998,0.7531840085983277,bmm
,900,900x119x209x284,35.96,1005.0,77.0,129.37200000000004,1.4941696405410767,bmm
,564,564x66x164x360,50.0,1005.0,77.0,127.12300000000003,0.7464960217475891,bmm
,543,543x71x131x290,50.0,1005.0,77.0,127.12300000000003,0.5860991954803467,bmm
,929,929x86x257x955,50.0,1005.0,77.0,127.12300000000003,4.882431983947754,bmm
,925,925x69x221x981,55.0,1005.0,82.0,143.9139999999999,4.167654228210449,bmm
,780,780x112x254x753,55.0,1005.0,82.0,143.9139999999999,3.0371647834777837,bmm
,649,649x112x286x7,55.0,1005.0,82.0,143.9139999999999,0.4767487943172455,bmm
,660,660x115x362x11,51.88,1005.0,82.24,147.88491999999994,0.6735743999481201,bmm
,961,961x109x502x13,29.0,1005.0,84.0,177.00500000000008,1.221216011047363,bmm
,761,761x121x277x40,29.0,1005.0,84.0,177.00500000000008,0.5984511971473694,bmm
,970,970x119x447x38,29.0,1005.0,84.0,177.00500000000008,1.107763171195984,bmm
,931,931x76x270x55,29.0,1005.0,84.0,177.00500000000008,0.6758400201797485,bmm
,845,845x117x265x65,29.0,1005.0,84.0,177.00500000000008,0.6512640118598938,bmm
,535,535x77x300x94,29.0,1005.0,84.0,177.00500000000008,0.4497087955474853,bmm
,856,856x116x276x82,34.0,1005.0,81.0,173.17700000000002,0.6791167855262756,bmm
,659,659x100x391x184,34.0,1005.0,81.0,173.17700000000002,1.3522944450378418,bmm
,935,935x112x359x216,34.0,1005.0,81.0,173.17700000000002,1.7174527883529662,bmm
,839,839x86x264x142,34.0,1005.0,81.0,173.17700000000002,1.1335680484771729,bmm
,934,934x66x309x351,46.0,1005.0,81.0,142.96599999999992,2.209350347518921,bmm
,605,605x89x336x429,46.0,1005.0,81.0,142.96599999999992,2.0329472064971923,bmm
,916,916x119x266x343,46.0,1005.0,81.0,142.96599999999992,1.892959976196289,bmm
,1004,1004x118x259x1012,72.0,1005.0,84.0,156.51699999999994,5.2848639488220215,bmm
,926,926x103x509x941,76.16,1005.0,84.64,163.7466,9.274163436889648,bmm
,637,637x129x498x526,98.0,1005.0,88.0,201.7020000000001,7.810182380676269,bmm
,814,814x90x761x17,98.0,1005.0,88.0,201.7020000000001,1.5226880311965942,bmm
,652,652x84x1003x28,57.0,1005.0,86.0,220.482,1.593286395072937,bmm
,947,947x116x754x8,57.0,1005.0,86.0,220.482,1.8167296171188356,bmm
,858,858x95x992x62,57.0,1005.0,86.0,220.482,2.1614399909973145,bmm
,810,810x103x762x46,57.0,1005.0,86.0,220.482,1.5421055555343628,bmm
,898,898x86x920x65,60.0,1005.0,84.0,196.81599999999992,2.0017087936401365,bmm
,857,857x104x878x117,60.0,1005.0,84.0,196.81599999999992,1.939987206459045,bmm
,687,687x84x876x73,60.0,1005.0,84.0,196.81599999999992,1.5798271894454956,bmm
,548,548x78x548x115,60.0,1005.0,84.0,196.81599999999992,0.7937664151191711,bmm
,1018,1018x118x652x209,37.0,1005.0,84.0,169.05499999999995,3.3058111667633057,bmm
,959,959x125x982x255,37.0,1005.0,84.0,169.05499999999995,4.681235218048096,bmm
,619,619x89x905x226,54.48,1005.0,86.76,179.65892000000002,2.884608030319214,bmm
,991,991x108x768x489,56.0,1005.0,87.0,180.581,7.441196918487549,bmm
,857,857x103x566x484,48.0,1005.0,88.0,200.69800000000004,4.747187232971191,bmm
,921,921x123x672x260,48.0,1005.0,88.0,200.69800000000004,4.53114881515503,bmm
,886,886x127x557x797,59.0,1005.0,87.0,215.241,8.481587600708007,bmm
,936,936x109x730x575,78.2,1005.0,87.0,219.2166800000001,8.44056968688965,bmm
,618,618x120x527x530,89.0,1005.0,87.0,221.4530000000001,4.004825782775879,bmm
,765,765x196x24x15,89.0,1005.0,87.0,221.4530000000001,0.1610880017280578,bmm
,573,573x204x16x4,89.0,1005.0,87.0,221.4530000000001,0.1023999974131584,bmm
,863,863x227x5x17,35.96,1005.0,86.8,219.24300000000005,0.130048006772995,bmm
,665,665x168x2x53,11.0,1005.0,86.0,219.24300000000005,0.1023807972669601,bmm
,981,981x167x13x33,11.0,1005.0,86.0,219.24300000000005,0.179199993610382,bmm
,882,882x203x30x58,11.0,1005.0,86.0,219.24300000000005,0.2272960007190704,bmm
,530,530x176x7x126,11.0,1005.0,86.0,219.24300000000005,0.0896768003702163,bmm
,870,870x213x2x80,11.0,1005.0,86.0,219.24300000000005,0.1314303994178772,bmm
,766,766x207x1x92,11.0,1005.0,86.0,219.24300000000005,0.0792447999119758,bmm
,686,686x140x11x193,11.0,1005.0,86.0,219.24300000000005,0.2529279887676239,bmm
,794,794x211x14x170,21.0,1005.0,82.0,187.50399999999996,0.2938880026340484,bmm
,943,943x154x5x202,21.0,1005.0,82.0,187.50399999999996,0.2748032033443451,bmm
,812,812x207x25x278,21.0,1005.0,82.0,187.50399999999996,0.605184018611908,bmm
,914,914x222x17x277,21.0,1005.0,82.0,187.50399999999996,0.5888000130653381,bmm
,659,659x149x2x419,21.0,1005.0,82.0,187.50399999999996,0.3795072019100189,bmm
,969,969x224x33x844,21.0,1005.0,82.0,187.50399999999996,1.875763177871704,bmm
,794,794x237x6x918,87.0,1005.0,82.0,154.62899999999993,0.9602175951004028,bmm
,774,774x134x30x954,87.0,1005.0,82.0,154.62899999999993,1.5206400156021118,bmm
,652,652x217x35x29,87.0,1005.0,82.0,154.62899999999993,0.187391996383667,bmm
,580,580x161x56x31,87.0,1005.0,82.0,154.62899999999993,0.2099200040102005,bmm
,628,628x156x36x8,87.0,1005.0,82.0,154.62899999999993,0.184876799583435,bmm
,518,518x187x45x52,87.0,1005.0,82.0,154.62899999999993,0.1730560064315796,bmm
,883,883x257x39x38,15.0,1005.0,82.0,163.66399999999987,0.3733120083808899,bmm
,589,589x255x44x64,15.0,1005.0,82.0,163.66399999999987,0.1996800005435943,bmm
,700,700x172x39x98,15.0,1005.0,82.0,163.66399999999987,0.2109439969062805,bmm
,795,795x203x46x88,15.0,1005.0,82.0,163.66399999999987,0.2617151975631714,bmm
,763,763x224x39x70,15.0,1005.0,82.0,163.66399999999987,0.2242559939622879,bmm
,519,519x206x59x153,15.0,1005.0,82.0,163.66399999999987,0.4065279960632324,bmm
,918,918x177x51x138,21.0,1005.0,81.0,159.13000000000008,0.6246399879455566,bmm
,647,647x180x62x257,21.0,1005.0,81.0,159.13000000000008,0.7444480061531067,bmm
,695,695x187x43x259,21.0,1005.0,81.0,159.13000000000008,0.644268810749054,bmm
,618,618x140x33x432,21.0,1005.0,81.0,159.13000000000008,0.6991872191429138,bmm
,524,524x232x42x301,21.0,1005.0,81.0,159.13000000000008,0.6291776180267334,bmm
,900,900x136x36x972,30.92,1005.0,80.84,157.28088000000002,1.99454083442688,bmm
,625,625x239x61x853,83.0,1005.0,80.0,147.57299999999995,1.6783360242843628,bmm
,521,521x219x38x630,83.0,1005.0,80.0,147.57299999999995,0.7368640065193176,bmm
,662,662x145x124x18,83.0,1005.0,80.0,147.57299999999995,0.4710400104522705,bmm
,632,632x134x81x3,83.0,1005.0,80.0,147.57299999999995,0.3225600123405456,bmm
,790,790x165x88x2,83.0,1005.0,80.0,147.57299999999995,0.3956543982028961,bmm
,910,910x142x121x42,24.0,1005.0,81.0,150.75300000000004,0.634880006313324,bmm
,601,601x161x121x42,24.0,1005.0,81.0,150.75300000000004,0.4218559980392456,bmm
,557,557x196x86x64,24.0,1005.0,81.0,150.75300000000004,0.2932415962219238,bmm
,926,926x226x124x87,24.0,1005.0,81.0,150.75300000000004,0.6723583936691284,bmm
,571,571x217x94x85,24.0,1005.0,81.0,150.75300000000004,0.3526272058486938,bmm
,619,619x255x101x87,24.0,1005.0,81.0,150.75300000000004,0.4661247968673706,bmm
,898,898x156x96x187,28.68,1005.0,80.64,147.03743999999992,0.9308159947395324,bmm
,1023,1023x207x95x225,37.0,1005.0,80.0,140.4319999999999,1.1345919609069823,bmm
,717,717x250x67x242,37.0,1005.0,80.0,140.4319999999999,0.7804927825927734,bmm
,595,595x250x121x471,37.0,1005.0,80.0,140.4319999999999,1.7327807903289796,bmm
,668,668x236x65x461,37.0,1005.0,80.0,140.4319999999999,1.1988991737365722,bmm
,741,741x200x109x462,49.0,1005.0,80.0,134.65099999999995,1.87162880897522,bmm
,646,646x135x125x936,49.0,1005.0,80.0,134.65099999999995,3.445753622055053,bmm
,831,831x150x118x946,63.4,1005.0,80.72,141.33080000000007,4.168697643280029,bmm
,922,922x145x98x632,89.0,1005.0,82.0,153.20600000000005,2.5460224628448485,bmm
,855,855x152x155x11,89.0,1005.0,82.0,153.20600000000005,0.7065600156784058,bmm
,817,817x172x217x16,89.0,1005.0,82.0,153.20600000000005,0.9272960066795348,bmm
,837,837x168x164x8,89.0,1005.0,82.0,153.20600000000005,0.7423999905586243,bmm
,822,822x149x137x44,80.2,1005.0,82.16,155.42408,0.6447104215621948,bmm
,687,687x168x190x50,34.0,1005.0,83.0,167.069,0.6879807949066162,bmm
,898,898x140x248x37,34.0,1005.0,83.0,167.069,1.1161600351333618,bmm
,1010,1010x172x186x114,34.0,1005.0,83.0,167.069,1.0262271642684937,bmm
,562,562x246x206x105,34.0,1005.0,83.0,167.069,0.6983680129051208,bmm
,862,862x163x250x106,34.0,1005.0,83.0,167.069,1.1622400283813477,bmm
,880,880x176x147x204,55.0,1005.0,82.0,164.22400000000005,1.3825920343399047,bmm
,515,515x240x226x237,55.0,1005.0,82.0,164.22400000000005,1.2764543771743777,bmm
,987,987x170x245x201,55.0,1005.0,82.0,164.22400000000005,2.4815808296203614,bmm
,806,806x143x130x437,55.0,1005.0,82.0,164.22400000000005,2.2748287677764893,bmm
,582,582x249x224x299,82.0,1005.0,82.0,148.913,1.9850303649902343,bmm
,671,671x184x242x400,82.0,1005.0,82.0,148.913,3.336582326889038,bmm
,643,643x129x245x551,82.36,1005.0,82.08,149.77036,3.986022472381592,bmm
,868,868x197x161x717,91.0,1005.0,84.0,170.3470000000001,4.480614280700683,bmm
,537,537x221x244x833,91.0,1005.0,84.0,170.3470000000001,4.664505577087402,bmm
,974,974x224x261x19,79.0,1005.0,88.0,199.344,1.292697548866272,bmm
,1004,1004x203x269x21,79.0,1005.0,88.0,199.344,1.3841472148895264,bmm
,718,718x138x340x28,79.0,1005.0,88.0,199.344,1.2519360065460206,bmm
,866,866x159x433x39,79.0,1005.0,88.0,199.344,1.938425588607788,bmm
,797,797x239x264x35,79.0,1005.0,88.0,199.344,1.0888831853866576,bmm
,616,616x166x385x34,52.0,1005.0,85.0,192.212,1.2642303705215454,bmm
,685,685x242x309x123,52.0,1005.0,85.0,192.212,1.2077056169509888,bmm
,1006,1006x186x431x109,52.0,1005.0,85.0,192.212,2.195641613006592,bmm
,713,713x194x441x99,52.0,1005.0,85.0,192.212,1.643718409538269,bmm
,621,621x207x320x140,67.0,1005.0,84.0,160.63799999999995,2.0024703979492187,bmm
,707,707x256x433x208,67.0,1005.0,84.0,160.63799999999995,3.1086207389831544,bmm
,705,705x253x393x243,67.0,1005.0,84.0,160.63799999999995,2.831123256683349,bmm
,628,628x194x338x507,59.0,1005.0,87.0,173.1390000000001,4.297728061676025,bmm
,630,630x240x359x393,59.0,1005.0,87.0,173.1390000000001,4.497203159332275,bmm
,787,787x136x322x367,60.68,1005.0,86.44,187.69116,3.835552024841309,bmm
,674,674x146x342x874,62.0,1005.0,86.0,199.125,8.011148643493652,bmm
,915,915x158x400x758,56.0,1005.0,88.0,213.73400000000004,10.714713668823242,bmm
,889,889x226x415x770,64.0,1005.0,86.0,210.42600000000004,12.66585636138916,bmm
,1016,1016x190x671x1,64.0,1005.0,86.0,210.42600000000004,0.6041600108146667,bmm
,627,627x233x610x5,32.0,1005.0,87.0,222.183,1.9590720176696776,bmm
,758,758x131x682x27,32.0,1005.0,87.0,222.183,2.583347129821777,bmm
,675,675x182x586x61,32.0,1005.0,87.0,222.183,2.0078080177307127,bmm
,541,541x243x799x65,37.6,1005.0,86.8,218.2977999999999,2.224128007888794,bmm
,741,741x199x656x62,60.0,1005.0,86.0,202.757,2.469228792190552,bmm
,930,930x236x1005x96,60.0,1005.0,86.0,202.757,4.650598430633545,bmm
,890,890x156x884x73,49.08,1005.0,86.8,186.81632000000005,3.853516817092896,bmm
,520,520x184x759x110,47.0,1005.0,87.0,183.7800000000001,1.96583034992218,bmm
,978,978x221x864x233,67.8,1005.0,87.0,187.9556000000001,8.188915252685547,bmm
,691,691x191x936x185,99.0,1005.0,87.0,194.219,6.263571071624756,bmm
,718,718x197x602x143,82.36,1005.0,86.48,201.1001600000001,4.332537651062012,bmm
,982,982x145x709x481,74.68,1005.0,86.48,211.12040000000007,13.50015335083008,bmm
,1025,1025x251x526x287,99.0,1005.0,88.0,222.73700000000005,7.891487979888916,bmm
,688,688x173x547x294,53.0,1005.0,89.0,224.28899999999987,5.590585517883301,bmm
,713,713x185x566x525,65.88,1005.0,88.72,225.02316,9.80664291381836,bmm
,823,823x232x557x535,99.0,1005.0,88.04,226.90828000000005,11.24205436706543,bmm
,703,703x133x686x956,99.0,1005.0,88.56,228.0522399999999,18.73080368041992,bmm
,703,703x453x18x3,99.0,1005.0,88.0,229.54799999999983,0.304121595621109,bmm
,912,912x418x20x22,99.0,1005.0,88.0,229.54799999999983,0.3891200125217438,bmm
,741,741x273x5x30,99.0,1005.0,88.0,229.54799999999983,0.1638335973024368,bmm
,1016,1016x360x33x33,99.0,1005.0,88.0,229.54799999999983,0.4308863997459412,bmm
,957,957x490x27x56,25.0,1005.0,85.0,213.02599999999995,0.4751360118389129,bmm
,551,551x368x1x38,25.0,1005.0,85.0,213.02599999999995,0.0564992003142833,bmm
,989,989x339x28x111,25.0,1005.0,85.0,213.02599999999995,0.3845696032047271,bmm
,822,822x338x12x71,25.0,1005.0,85.0,213.02599999999995,0.2314240038394928,bmm
,811,811x457x26x72,25.0,1005.0,85.0,213.02599999999995,0.4065023958683014,bmm
,957,957x288x29x135,25.0,1005.0,85.0,213.02599999999995,0.7098175883293152,bmm
,722,722x369x23x256,25.0,1005.0,85.0,213.02599999999995,0.5226239919662475,bmm
,741,741x494x7x217,45.0,1005.0,83.0,183.27599999999995,0.7684096097946167,bmm
,779,779x376x19x317,45.0,1005.0,83.0,183.27599999999995,1.049824023246765,bmm
,601,601x350x29x267,45.0,1005.0,83.0,183.27599999999995,0.8294399976730347,bmm
,674,674x468x32x406,42.2,1005.0,81.88,160.63127999999998,1.6740288019180298,bmm
,766,766x314x21x739,40.0,1005.0,81.0,142.83899999999997,2.004377603530884,bmm
,786,786x377x5x702,40.0,1005.0,81.0,142.83899999999997,1.0775487899780274,bmm
,915,915x258x8x782,40.0,1005.0,81.0,142.83899999999997,1.33886079788208,bmm
,555,555x441x53x8,61.0,1005.0,82.0,145.91199999999992,0.400787204504013,bmm
,766,766x493x39x14,61.0,1005.0,82.0,145.91199999999992,0.4370303988456726,bmm
,996,996x290x55x18,61.0,1005.0,82.0,145.91199999999992,0.5210111856460571,bmm
,898,898x310x54x45,61.0,1005.0,82.0,145.91199999999992,0.4767040014266968,bmm
,557,557x338x45x53,61.0,1005.0,82.0,145.91199999999992,0.3106432020664215,bmm
,793,793x290x42x40,61.0,1005.0,82.0,145.91199999999992,0.3835775971412659,bmm
,729,729x268x43x79,61.0,1005.0,82.0,145.91199999999992,0.3858431935310363,bmm
,600,600x352x49x100,20.0,1005.0,80.0,140.82900000000006,0.4547904074192047,bmm
,704,704x283x53x107,20.0,1005.0,80.0,140.82900000000006,0.4738624036312103,bmm
,919,919x358x34x135,20.0,1005.0,80.0,140.82900000000006,0.863155210018158,bmm
,793,793x395x48x134,20.0,1005.0,80.0,140.82900000000006,0.9605119824409484,bmm
,948,948x317x38x149,20.0,1005.0,80.0,140.82900000000006,0.8882047891616821,bmm
,992,992x501x42x499,44.0,1005.0,79.0,129.163,3.3927040100097656,bmm
,733,733x286x61x401,44.0,1005.0,79.0,129.163,1.6657408237457276,bmm
,942,942x343x52x411,44.0,1005.0,79.0,129.163,2.273452711105347,bmm
,808,808x267x34x588,84.0,1005.0,82.0,149.49200000000008,1.665766429901123,bmm
,544,544x407x53x982,84.0,1005.0,82.0,149.49200000000008,2.9455872058868406,bmm
,873,873x372x35x781,84.96,1005.0,82.48,154.50200000000007,2.5489152908325194,bmm
,991,991x382x95x32,88.0,1005.0,84.0,170.36700000000008,0.784332811832428,bmm
,898,898x456x94x5,88.0,1005.0,84.0,170.36700000000008,0.9291711807250976,bmm
,914,914x273x122x6,88.0,1005.0,84.0,170.36700000000008,0.9326592087745668,bmm
,601,601x354x111x61,88.0,1005.0,84.0,170.36700000000008,0.5707583904266358,bmm
,998,998x490x90x65,88.0,1005.0,84.0,170.36700000000008,1.0807487964630127,bmm
,541,541x415x82x39,54.0,1005.0,82.0,172.39899999999994,0.5416960120201111,bmm
,1012,1012x368x92x88,54.0,1005.0,82.0,172.39899999999994,1.0010624051094057,bmm
,620,620x356x117x83,54.0,1005.0,82.0,172.39899999999994,0.6475775837898254,bmm
,590,590x427x115x82,54.0,1005.0,82.0,172.39899999999994,0.7780224204063415,bmm
,570,570x469x112x233,54.0,1005.0,82.0,172.39899999999994,1.442406415939331,bmm
,911,911x287x126x254,58.0,1005.0,81.0,155.5140000000001,1.8683456182479856,bmm
,620,620x434x103x238,58.0,1005.0,81.0,155.5140000000001,1.4495039701461792,bmm
,967,967x389x129x286,58.0,1005.0,81.0,155.5140000000001,4.087808132171631,bmm
,988,988x447x69x284,56.08,1005.0,85.6,159.94631999999993,2.4464832305908204,bmm
,859,859x350x78x439,56.0,1005.0,86.0,160.13099999999994,2.3058431148529053,bmm
,725,725x406x110x892,68.16,1005.0,85.36,168.05163999999994,5.992191982269287,bmm
,605,605x466x120x522,94.0,1005.0,84.0,184.88299999999992,3.794944047927856,bmm
,719,719x357x108x947,93.52,1005.0,84.4,188.84804,5.11605749130249,bmm
,573,573x313x242x32,92.0,1005.0,86.0,201.40400000000008,1.0670016050338744,bmm
,572,572x463x165x2,92.0,1005.0,86.0,201.40400000000008,0.9850367903709412,bmm
,547,547x349x209x21,92.0,1005.0,86.0,201.40400000000008,0.9351168155670166,bmm
,593,593x286x159x34,92.0,1005.0,86.0,201.40400000000008,0.749567985534668,bmm
,808,808x513x158x38,87.08,1005.0,85.76,200.8448,1.676902413368225,bmm
,628,628x340x256x45,51.0,1005.0,84.0,196.744,1.2134143829345705,bmm
,755,755x299x233x78,51.0,1005.0,84.0,196.744,1.3934592008590698,bmm
,1004,1004x329x257x83,51.0,1005.0,84.0,196.744,2.0252671241760254,bmm
,924,924x428x144x72,51.0,1005.0,84.0,196.744,1.394047999382019,bmm
,669,669x378x246x208,52.0,1005.0,84.0,176.72400000000005,2.4897215366363525,bmm
,698,698x311x206x149,52.0,1005.0,84.0,176.72400000000005,2.2291712284088137,bmm
,818,818x405x253x234,52.0,1005.0,84.0,176.72400000000005,4.182713603973388,bmm
,835,835x388x221x343,95.0,1005.0,86.0,174.78200000000004,5.645715141296387,bmm
,602,602x423x207x262,95.0,1005.0,86.0,174.78200000000004,3.8051838874816895,bmm
,978,978x352x239x363,65.0,1005.0,88.0,200.2020000000001,5.314521503448487,bmm
,653,653x424x135x788,69.08,1005.0,87.88,202.5988800000001,6.428409576416016,bmm
,584,584x382x164x911,99.0,1005.0,87.0,220.17600000000004,6.030700778961181,bmm
,685,685x298x132x773,97.72,1005.0,87.0,220.51168000000004,5.064703941345215,bmm
,580,580x295x264x27,91.0,1005.0,87.0,222.274,1.181049633026123,bmm
,533,533x413x398x28,91.0,1005.0,87.0,222.274,2.085183954238892,bmm
,576,576x427x394x8,91.0,1005.0,87.0,222.274,2.3255040645599365,bmm
,846,846x269x470x63,62.12,1005.0,86.24,211.8901199999999,2.92446722984314,bmm
,652,652x302x492x34,53.0,1005.0,86.0,208.6109999999999,2.37870078086853,bmm
,853,853x365x469x37,53.0,1005.0,86.0,208.6109999999999,3.0156800746917725,bmm
,1005,1005x381x337x115,51.08,1005.0,86.64,195.08075999999997,2.5898815631866454,bmm
,837,837x469x491x113,50.0,1005.0,87.0,187.47,4.147571277618408,bmm
,661,661x412x328x119,50.0,1005.0,87.0,187.47,2.190675210952759,bmm
,947,947x395x278x203,59.0,1005.0,87.0,188.609,5.285888195037842,bmm
,584,584x370x263x249,59.0,1005.0,87.0,188.609,2.3330560684204102,bmm
,714,714x384x434x198,74.6,1005.0,85.96,191.90736000000007,4.69992961883545,bmm
,833,833x502x375x446,91.0,1005.0,85.6,197.84180000000003,12.324249839782714,bmm
,727,727x405x464x369,99.0,1005.0,88.0,209.40099999999995,9.902252388000488,bmm
,927,927x283x479x375,84.0,1005.0,89.0,227.3230000000001,9.76872959136963,bmm
,838,838x316x295x950,68.0,1005.0,86.0,230.205,14.72875518798828,bmm
,747,747x397x454x561,83.16,1005.0,89.0,233.1530400000001,16.637747955322265,bmm
,551,551x409x495x592,99.0,1005.0,89.0,233.9506,13.328179550170898,bmm
,540,540x298x733x27,99.0,1005.0,89.0,235.67299999999983,2.909388780593872,bmm
,699,699x426x877x25,98.84,1005.0,88.52,232.91011999999984,6.055916786193848,bmm
,918,918x493x751x26,98.0,1005.0,86.0,218.405,6.673203182220459,bmm
,547,547x275x687x53,98.0,1005.0,86.0,218.405,2.8520448207855225,bmm
,618,618x499x666x65,90.0,1005.0,86.0,209.537,4.133247947692871,bmm
,569,569x473x885x55,90.0,1005.0,86.0,209.537,4.903475284576416,bmm
,541,541x274x602x87,65.0,1005.0,88.0,211.14,2.41971206665039,bmm
,890,890x327x844x115,65.0,1005.0,88.0,211.14,5.58157434463501,bmm
,695,695x512x846x65,46.0,1005.0,87.0,202.75799999999992,5.699584007263184,bmm
,713,713x418x785x196,60.84,1005.0,87.28,205.8914799999999,10.94488983154297,bmm
,704,704x486x709x151,99.0,1005.0,88.0,213.949,9.714201736450196,bmm
,652,652x300x953x214,96.0,1005.0,88.0,227.55199999999996,9.07612190246582,bmm
,940,940x425x1013x377,93.24,1005.0,87.32,228.1361599999999,27.59352302551269,bmm
,736,736x459x685x425,99.56,643.8,89.12,229.96416,19.60364189147949,bmm
,695,695x324x678x355,99.0,1005.0,88.48,224.01736000000005,10.369842910766602,bmm
,525,525x396x876x734,68.0,1005.0,87.24,223.24548,26.702003479003903,bmm
,715,715x391x991x971,94.68,997.8,88.72,215.71752000000004,54.59224319458008,bmm
,870,870x455x886x890,93.6,958.8,88.76,209.88096,52.375762939453125,bmm
,731,731x623x33x12,100.0,1005.0,87.0,215.00699999999995,0.5061951875686646,bmm
,799,799x833x6x16,100.0,1005.0,87.0,215.00699999999995,0.4024319946765899,bmm
,841,841x796x21x15,100.0,1005.0,87.0,215.00699999999995,0.6248191952705383,bmm
,657,657x673x22x37,100.0,1005.0,87.0,215.00699999999995,0.4300799965858459,bmm
,893,893x989x18x34,100.0,1005.0,87.0,215.00699999999995,0.7632640123367309,bmm
,1024,1024x788x29x65,27.0,1005.0,83.0,163.15599999999998,1.0330111980438232,bmm
,836,836x651x3x99,27.0,1005.0,83.0,163.15599999999998,0.5150591969490051,bmm
,862,862x981x27x68,27.0,1005.0,83.0,163.15599999999998,1.0471231937408447,bmm
,770,770x936x23x87,27.0,1005.0,83.0,163.15599999999998,0.8679103851318359,bmm
,657,657x798x18x161,29.4,1005.0,82.2,153.22080000000008,1.1364287853240966,bmm
,581,581x758x20x164,33.0,1005.0,81.0,138.3180000000001,0.9457599997520448,bmm
,669,669x516x8x155,33.0,1005.0,81.0,138.3180000000001,0.5347328186035156,bmm
,640,640x620x33x423,33.0,1005.0,81.0,138.3180000000001,2.300096035003662,bmm
,1016,1016x928x1x385,39.0,1005.0,81.0,131.34400000000002,1.9691519737243648,bmm
,729,729x886x8x365,39.0,1005.0,81.0,131.34400000000002,1.1993087530136108,bmm
,911,911x904x26x734,60.12,1005.0,81.0,147.03519999999995,5.401158428192138,bmm
,953,953x699x28x741,61.0,1005.0,81.0,147.68899999999994,4.273151874542236,bmm
,784,784x695x8x828,35.0,1005.0,88.0,186.695,2.339769554138184,bmm
,608,608x690x49x15,35.0,1005.0,88.0,186.695,0.621337616443634,bmm
,711,711x827x56x9,35.0,1005.0,88.0,186.695,0.826367974281311,bmm
,890,890x927x53x11,35.0,1005.0,88.0,186.695,1.1919040203094482,bmm
,832,832x638x57x64,35.0,1005.0,88.0,186.695,1.002892804145813,bmm
,872,872x526x41x40,51.0,1005.0,84.0,194.274,0.6912192106246948,bmm
,633,633x1008x42x62,51.0,1005.0,84.0,194.274,1.0131327867507935,bmm
,870,870x882x52x74,51.0,1005.0,84.0,194.274,1.3756415843963623,bmm
,542,542x689x46x122,51.0,1005.0,84.0,194.274,0.7947775959968567,bmm
,778,778x672x53x93,51.0,1005.0,84.0,194.274,1.0620927810668943,bmm
,910,910x861x33x141,50.0,1005.0,82.0,158.76299999999995,2.007244825363159,bmm
,728,728x663x46x213,50.0,1005.0,82.0,158.76299999999995,1.3527040481567385,bmm
,608,608x856x35x252,50.0,1005.0,82.0,158.76299999999995,1.1910848140716552,bmm
,739,739x644x35x375,55.2,1005.0,82.2,157.10219999999993,2.4260351181030275,bmm
,994,994x768x51x406,76.0,1005.0,83.0,150.45899999999995,4.042751789093018,bmm
,518,518x1018x38x386,76.0,1005.0,83.0,150.45899999999995,2.2961856842041017,bmm
,817,817x797x47x516,83.0,1005.0,85.0,175.74400000000003,4.381875324249267,bmm
,875,875x813x43x765,75.0,1005.0,84.24,183.2432,5.65917444229126,bmm
,855,855x921x40x814,79.0,1005.0,84.48,189.82968,6.399532794952393,bmm
,900,900x645x75x5,98.0,1005.0,86.0,204.75,1.19726722240448,bmm
,727,727x546x76x21,98.0,1005.0,86.0,204.75,0.8267775774002075,bmm
,643,643x793x100x1,98.0,1005.0,86.0,204.75,0.4755072057247161,bmm
,998,998x914x102x41,98.0,1005.0,86.0,204.75,2.2130239486694334,bmm
,526,526x853x112x39,88.0,1005.0,84.0,194.40999999999997,1.0970815896987915,bmm
,771,771x975x129x44,88.0,1005.0,84.0,194.40999999999997,2.187878370285034,bmm
,728,728x574x89x127,88.0,1005.0,84.0,194.40999999999997,1.2728320121765138,bmm
,870,870x941x123x93,88.0,1005.0,84.0,194.40999999999997,2.3236160278320312,bmm
,992,992x889x100x78,75.0,1005.0,84.0,180.891,1.927123212814331,bmm
,767,767x846x94x199,75.0,1005.0,84.0,180.891,2.987392044067383,bmm
,878,878x895x129x191,79.16,1005.0,84.52,179.07568000000003,4.338252830505371,bmm
,589,589x868x101x257,83.0,1005.0,85.0,177.40000000000003,3.424569654464721,bmm
,803,803x532x113x423,84.6,1005.0,85.0,181.22220000000007,5.0409088134765625,bmm
,801,801x732x125x368,91.0,1005.0,85.0,196.51100000000005,4.827929496765137,bmm
,1009,1009x627x90x268,90.92,1005.0,85.04,197.15036000000003,3.9005759239196776,bmm
,536,536x678x76x638,89.0,1005.0,86.0,212.49499999999992,3.596742391586304,bmm
,930,930x755x88x999,84.0,1005.0,85.0,204.887,10.680115127563475,bmm
,928,928x785x96x961,84.0,1005.0,87.0,211.778,13.32855682373047,bmm
,736,736x830x204x21,60.6,1005.0,88.44,223.65480000000008,2.689011192321777,bmm
,988,988x684x225x2,39.0,1005.0,90.0,234.6180000000001,3.45348482131958,bmm
,708,708x787x255x15,39.0,1005.0,90.0,234.6180000000001,3.1730112075805663,bmm
,669,669x928x253x49,54.2,1005.0,87.6,221.3748,3.4365439414978027,bmm
,702,702x683x205x36,58.0,1005.0,87.0,218.06400000000005,2.225152015686035,bmm
,536,536x1006x177x34,58.0,1005.0,87.0,218.06400000000005,2.035097599029541,bmm
,951,951x514x254x108,58.0,1005.0,86.44,199.29532000000003,3.0375936031341557,bmm
,737,737x674x155x107,58.0,1005.0,86.0,190.463,1.8237440586090088,bmm
,892,892x827x252x82,58.0,1005.0,86.0,190.463,4.014419269561768,bmm
,933,933x943x204x255,55.0,1005.0,88.0,195.104,7.851168060302735,bmm
,532,532x542x168x251,55.0,1005.0,88.0,195.104,2.287167978286744,bmm
,636,636x643x165x148,65.0,1005.0,88.0,209.63600000000008,3.289088010787964,bmm
,998,998x771x219x272,74.52,1005.0,88.0,211.07968000000008,11.726348686218262,bmm
,700,700x910x218x474,99.0,1005.0,88.0,215.44927999999985,12.586784362792969,bmm
,619,619x588x181x292,99.0,1005.0,88.0,216.84599999999992,4.35011854171753,bmm
,585,585x641x164x851,75.0,1005.0,86.0,225.1329999999999,10.527539443969726,bmm
,795,795x593x153x885,83.0,1005.0,86.0,217.595,11.42860164642334,bmm
,564,564x1024x142x988,43.0,1005.0,88.0,213.06900000000007,13.50389747619629,bmm
,825,825x638x491x7,99.0,1005.0,90.0,224.93800000000007,5.028198528289795,bmm
,743,743x646x269x14,99.0,1005.0,90.0,224.93800000000007,3.029958391189575,bmm
,732,732x634x401x8,63.12,1005.0,87.24,215.21083999999988,3.6710400581359854,bmm
,630,630x882x449x58,60.0,1005.0,87.0,214.3649999999999,4.916224002838135,bmm
,1017,1017x729x322x59,64.08,1005.0,86.32,211.85104,4.955135822296143,bmm
,676,676x769x429x46,66.0,1005.0,86.0,210.668,5.001215934753418,bmm
,980,980x869x284x102,64.4,1005.0,86.0,208.1376000000001,4.921343803405762,bmm
,617,617x542x472x120,64.0,1005.0,86.0,207.50500000000008,3.585024118423462,bmm
,725,725x887x343x79,68.8,1005.0,86.0,208.792,4.304819107055664,bmm
,662,662x826x339x234,88.0,1005.0,86.0,213.93999999999997,7.90318078994751,bmm
,638,638x1017x355x225,54.0,1005.0,88.0,217.66100000000003,9.08083152770996,bmm
,889,889x902x449x178,86.56,1005.0,86.24,224.14219999999997,15.826041793823242,bmm
,733,733x723x498x508,67.04,1005.0,88.56,233.03784,21.60389175415039,bmm
,943,943x764x511x449,94.48,843.0,88.44,209.87335999999988,28.19274864196777,bmm
,790,790x979x466x337,88.8,1005.0,87.8,213.11260000000004,21.85640335083008,bmm
,819,819x988x448x829,96.36,595.8,88.84,213.72848,50.1997573852539,bmm
,874,874x904x407x987,99.68,774.0,87.68,209.55136000000005,56.00362930297852,bmm
,623,623x942x319x746,51.6,1005.0,87.2,205.1144,23.63513565063477,bmm
,913,913x989x601x23,70.2,1005.0,89.92,217.95632,10.81446361541748,bmm
,609,609x625x628x12,99.0,1005.0,88.0,210.116,4.751340770721436,bmm
,838,838x853x527x13,96.48,1005.0,87.64,205.56739999999996,7.53868818283081,bmm
,1019,1019x942x830x42,95.64,1005.0,87.52,206.63560000000007,16.379212188720704,bmm
,555,555x997x869x64,93.8,1005.0,88.0,219.8892400000001,9.444966697692871,bmm
,553,553x831x567x59,89.0,1005.0,88.0,224.3230000000001,5.409094524383545,bmm
,790,790x956x764x85,55.0,1005.0,88.0,231.235,11.825996589660644,bmm
,582,582x583x746x68,40.0,1005.0,86.0,231.674,5.353881740570069,bmm
,639,639x710x882x104,47.08,1005.0,86.24,230.82056000000003,8.24192008972168,bmm
,518,518x816x556x147,99.0,1005.0,88.0,226.3400000000001,9.891839981079102,bmm
,824,824x875x936x175,89.8,976.2,88.24,227.77599999999995,25.972691345214844,bmm
,836,836x955x718x244,100.0,663.0,89.84,224.06443999999988,23.36276512145996,bmm
,737,737x860x567x352,95.44,852.6,87.52,218.29192,21.32067794799805,bmm
,813,813x776x658x286,96.16,979.2,87.0,213.21944000000013,27.43726043701172,bmm
,793,793x788x776x399,96.92,772.8,87.16,209.2448,41.47382354736328,bmm
,849,849x670x772x826,96.76,817.8,88.04,217.3305999999999,67.39341278076172,bmm
,938,938x623x897x688,99.6,693.6,88.64,215.64811999999992,61.35375900268555,bmm
,568,568x699x684x1012,99.48,759.6,86.96,214.17552,45.65233917236328,bmm
,1,1x58x13x141,100.0,270.0,86.0,208.3760000000001,0.012288000434637,linear
,1,1x102x215x113,100.0,270.0,86.0,208.3760000000001,0.0276480000466108,linear
,1,1x195x50x184,100.0,270.0,86.0,208.3760000000001,0.021094399690628,linear
,1,1x117x149x297,100.0,270.0,86.0,208.3760000000001,0.0266111996024847,linear
,1,1x88x126x340,100.0,270.0,86.0,208.3760000000001,0.0245760008692741,linear
,1,1x109x162x365,100.0,270.0,86.0,208.3760000000001,0.0278528001159429,linear
,1,1x71x253x606,100.0,270.0,86.0,208.3760000000001,0.0308991990983486,linear
,1,1x137x175x627,7.0,615.0,81.0,169.36200000000005,0.0317439995706081,linear
,1,1x192x83x513,7.0,615.0,81.0,169.36200000000005,0.0266175996512174,linear
,1,1x36x65x1287,7.0,615.0,81.0,169.36200000000005,0.0225280001759529,linear
,1,1x127x116x1156,7.0,615.0,81.0,169.36200000000005,0.0286720003932714,linear
,1,1x122x143x2019,7.0,615.0,81.0,169.36200000000005,0.0430079996585845,linear
,1,1x211x240x2270,7.0,615.0,81.0,169.36200000000005,0.0728960022330284,linear
,1,1x143x237x3072,7.0,615.0,81.0,169.36200000000005,0.0696320012211799,linear
,1,1x206x31x2723,7.0,615.0,81.0,169.36200000000005,0.0327679999172687,linear
,1,1x30x32x6666,7.0,615.0,81.0,169.36200000000005,0.0225280001759529,linear
,1,1x127x21x4768,7.0,615.0,81.0,169.36200000000005,0.0300800006836652,linear
,1,1x38x5x7851,7.0,615.0,77.0,120.46500000000002,0.0235520005226135,linear
,1,1x155x5x13098,7.0,615.0,77.0,120.46500000000002,0.0673792004585266,linear
,1,1x251x129x9025,7.0,615.0,77.0,120.46500000000002,0.1474496036767959,linear
,1,1x58x39x10635,7.0,615.0,77.0,120.46500000000002,0.0409599989652633,linear
,1,1x53x182x29701,7.0,615.0,77.0,120.46500000000002,0.1556479930877685,linear
,1,1x56x196x17653,7.0,615.0,77.0,120.46500000000002,0.1064959987998008,linear
,1,1x143x36x25531,7.0,615.0,77.0,120.46500000000002,0.1490944057703018,linear
,1,1x161x224x40347,7.0,615.0,77.0,120.46500000000002,0.5539839863777161,linear
,1,1x64x154x53038,22.36,615.0,76.2,106.57852000000004,0.2744320034980774,linear
,1,1x156x147x46543,31.0,615.0,75.0,105.37100000000004,0.4745216071605682,linear
,1,1x121x415x116,31.0,615.0,75.0,105.37100000000004,0.0286720003932714,linear
,1,1x205x381x76,31.0,615.0,75.0,105.37100000000004,0.0296768005937337,linear
,1,1x163x483x219,31.0,615.0,75.0,105.37100000000004,0.0378880016505718,linear
,1,1x147x377x396,31.0,615.0,75.0,105.37100000000004,0.0397247985005378,linear
,1,1x170x495x469,31.0,615.0,75.0,105.37100000000004,0.0532479993999004,linear
,1,1x113x506x369,31.0,615.0,75.0,105.37100000000004,0.0437823995947837,linear
,1,1x14x299x951,31.0,615.0,75.0,105.37100000000004,0.0286720003932714,linear
,1,1x143x472x771,10.0,615.0,73.0,104.515,0.0749440029263496,linear
,1,1x79x379x642,10.0,615.0,73.0,104.515,0.0528127990663051,linear
,1,1x160x449x1837,10.0,615.0,73.0,104.515,0.1218559965491294,linear
,1,1x7x472x2028,10.0,615.0,73.0,104.515,0.0555008001625537,linear
,1,1x166x382x1202,10.0,615.0,73.0,104.515,0.1071103990077972,linear
,1,1x182x389x3443,10.0,615.0,73.0,104.515,0.1888256013393402,linear
,1,1x9x304x3254,10.0,615.0,73.0,104.515,0.0593920014798641,linear
,1,1x157x385x2993,10.0,615.0,73.0,104.515,0.1634303987026214,linear
,1,1x152x373x7053,10.0,615.0,73.0,104.515,0.3246079981327057,linear
,1,1x146x497x8018,14.0,345.0,72.0,100.67799999999994,0.4405183851718902,linear
,1,1x78x333x6586,14.0,345.0,72.0,100.67799999999994,0.1812479943037033,linear
,1,1x51x363x11650,14.0,345.0,72.0,100.67799999999994,0.267462408542633,linear
,1,1x17x375x12913,14.0,345.0,72.0,100.67799999999994,0.1730560064315796,linear
,1,1x37x287x10911,14.0,345.0,72.0,100.67799999999994,0.1984191983938217,linear
,1,1x222x422x24589,14.0,345.0,72.0,100.67799999999994,1.4555007934570312,linear
,1,1x252x303x31786,50.0,333.0,72.0,100.73719999999996,1.4262207984924316,linear
,1,1x233x302x26691,59.0,330.0,72.0,100.75199999999997,1.2058560132980347,linear
,1,1x27x361x50270,59.0,330.0,72.0,100.75199999999997,0.3655680119991302,linear
,1,1x116x315x63010,59.0,330.0,72.0,100.75199999999997,1.022976040840149,linear
,1,1x98x326x37344,59.0,330.0,72.0,100.75199999999997,0.6492159962654114,linear
,1,1x171x899x234,59.0,330.0,72.0,100.75199999999997,0.0563200004398822,linear
,1,1x254x550x65,59.0,330.0,72.0,100.75199999999997,0.0397119991481304,linear
,1,1x174x920x42,27.0,480.0,72.0,108.265,0.0389119982719421,linear
,1,1x52x967x342,27.0,480.0,72.0,108.265,0.0491520017385482,linear
,1,1x93x687x346,27.0,480.0,72.0,108.265,0.0501759983599185,linear
,1,1x148x674x294,27.0,480.0,72.0,108.265,0.0511999987065792,linear
,1,1x196x880x815,27.0,480.0,72.0,108.265,0.1380351960659027,linear
,1,1x129x653x612,27.0,480.0,72.0,108.265,0.0702144011855125,linear
,1,1x68x887x792,27.0,480.0,72.0,108.265,0.0686080008745193,linear
,1,1x47x917x1053,27.0,480.0,72.0,108.265,0.0716800019145011,linear
,1,1x114x577x1975,27.0,480.0,72.0,108.265,0.1136640012264251,linear
,1,1x199x977x1784,11.0,480.0,70.0,106.49499999999996,0.216864001750946,linear
,1,1x121x884x2455,11.0,480.0,70.0,106.49499999999996,0.1576959937810897,linear
,1,1x171x762x2564,11.0,480.0,70.0,106.49499999999996,0.2129855990409851,linear
,1,1x90x625x2154,11.0,480.0,70.0,106.49499999999996,0.0980992034077644,linear
,1,1x33x1000x7769,11.0,480.0,70.0,106.49499999999996,0.2496511965990066,linear
,1,1x56x1015x7730,11.0,480.0,70.0,106.49499999999996,0.2310144007205963,linear
,1,1x51x630x5858,11.0,480.0,70.0,106.49499999999996,0.150527998805046,linear
,1,1x131x896x10693,11.0,480.0,70.0,106.49499999999996,0.7014271855354309,linear
,1,1x211x875x15122,35.0,480.0,71.0,100.49499999999996,1.1927552223205566,linear
,1,1x59x798x11898,35.0,480.0,71.0,100.49499999999996,0.3737600147724151,linear
,1,1x206x584x21033,35.0,480.0,71.0,100.49499999999996,1.1505663871765135,linear
,1,1x27x672x21543,35.0,480.0,71.0,100.49499999999996,0.284057605266571,linear
,1,1x221x626x25666,35.0,480.0,71.0,100.49499999999996,1.4174143552780152,linear
,1,1x149x848x40632,37.56,494.4,71.64,102.85468,2.1057536602020264,linear
,1,1x224x532x62899,43.0,525.0,73.0,107.869,1.7721408367156983,linear
,1,1x186x603x61389,43.0,525.0,73.0,107.869,1.329971194267273,linear
,1,1x59x1422x179,43.0,525.0,73.0,107.869,0.026419199630618,linear
,1,1x238x1944x166,43.0,525.0,73.0,107.869,0.0481152012944221,linear
,1,1x237x1950x20,43.0,525.0,73.0,107.869,0.0255999993532896,linear
,1,1x257x1333x288,43.0,525.0,73.0,107.869,0.054271999746561,linear
,1,1x145x1818x466,7.0,960.0,73.0,122.04199999999996,0.0593920014798641,linear
,1,1x73x1741x415,7.0,960.0,73.0,122.04199999999996,0.0444223999977111,linear
,1,1x159x1394x732,7.0,960.0,73.0,122.04199999999996,0.071475201845169,linear
,1,1x193x1340x679,7.0,960.0,73.0,122.04199999999996,0.0808895975351333,linear
,1,1x159x1985x711,7.0,960.0,73.0,122.04199999999996,0.0913152009248733,linear
,1,1x191x1235x1280,7.0,960.0,73.0,122.04199999999996,0.1105920001864433,linear
,1,1x213x1134x1836,7.0,960.0,73.0,122.04199999999996,0.1349631994962692,linear
,1,1x20x1612x1992,7.0,960.0,73.0,122.04199999999996,0.0645119994878768,linear
,1,1x122x1641x2548,7.0,960.0,73.0,122.04199999999996,0.150527998805046,linear
,1,1x1x1747x3034,12.0,960.0,72.0,116.83599999999991,0.0589824013411998,linear
,1,1x9x1756x2325,12.0,960.0,72.0,116.83599999999991,0.0620543986558914,linear
,1,1x70x1154x7846,12.0,960.0,72.0,116.83599999999991,0.2351104021072387,linear
,1,1x98x1610x7021,12.0,960.0,72.0,116.83599999999991,0.313753604888916,linear
,1,1x255x1777x6281,12.0,960.0,72.0,116.83599999999991,0.5388415932655335,linear
,1,1x229x1897x10923,12.0,960.0,72.0,116.83599999999991,0.9373695850372314,linear
,1,1x16x1317x15372,12.0,960.0,72.0,116.83599999999991,0.2150399982929229,linear
,1,1x228x1182x10448,12.0,960.0,72.0,116.83599999999991,0.5775231838226318,linear
,1,1x134x1938x23416,21.0,960.0,73.0,108.79199999999996,1.531494379043579,linear
,1,1x34x1619x26213,21.0,960.0,73.0,108.79199999999996,0.5834751844406127,linear
,1,1x240x1290x19210,21.0,960.0,73.0,108.79199999999996,1.0796736001968383,linear
,1,1x177x1287x44694,21.0,960.0,73.0,108.79199999999996,1.8356224298477173,linear
,1,1x41x1538x45633,28.6,969.0,73.8,112.6422,1.526579213142395,linear
,1,1x136x1456x60070,59.0,1005.0,77.0,128.0430000000001,2.718495988845825,linear
,1,1x226x3751x248,59.0,1005.0,77.0,128.0430000000001,0.0757760033011436,linear
,1,1x124x3959x63,59.0,1005.0,77.0,128.0430000000001,0.0266239996999502,linear
,1,1x161x2826x82,59.0,1005.0,77.0,128.0430000000001,0.0337856002151966,linear
,1,1x25x2256x401,59.0,1005.0,77.0,128.0430000000001,0.0255359999835491,linear
,1,1x206x2258x356,59.0,1005.0,77.0,128.0430000000001,0.0738752022385597,linear
,1,1x188x2639x358,59.0,1005.0,77.0,128.0430000000001,0.0609216012060642,linear
,1,1x164x2714x915,6.0,1005.0,77.0,143.076,0.1820160001516342,linear
,1,1x243x3136x746,6.0,1005.0,77.0,143.076,0.1961216032505035,linear
,1,1x215x2669x935,6.0,1005.0,77.0,143.076,0.1546240001916885,linear
,1,1x176x3500x1566,6.0,1005.0,77.0,143.076,0.249587196111679,linear
,1,1x179x3169x1614,6.0,1005.0,77.0,143.076,0.2314112037420272,linear
,1,1x246x2925x1438,6.0,1005.0,77.0,143.076,0.2339968025684356,linear
,1,1x170x3983x2460,6.0,1005.0,77.0,143.076,0.3460608124732971,linear
,1,1x119x2201x2766,6.0,1005.0,77.0,143.076,0.1837887972593307,linear
,1,1x146x3910x4072,16.8,1005.0,77.76,146.50360000000012,0.5289215922355652,linear
,1,1x152x2840x5534,21.0,1005.0,78.0,147.5860000000001,0.5791615962982177,linear
,1,1x134x3620x6026,21.0,1005.0,78.0,147.5860000000001,0.7640959978103637,linear
,1,1x82x3709x6644,21.0,1005.0,78.0,147.5860000000001,0.5244863986968994,linear
,1,1x112x3062x9534,21.0,1005.0,78.0,147.5860000000001,0.6655936002731323,linear
,1,1x251x2421x15491,21.0,1005.0,78.0,147.5860000000001,1.5396672248840333,linear
,1,1x112x2348x8935,21.0,1005.0,78.0,147.5860000000001,0.4628480076789856,linear
,1,1x192x3615x31082,52.0,1005.0,82.0,155.75500000000008,3.401702404022217,linear
,1,1x153x3945x30282,52.0,1005.0,82.0,155.75500000000008,3.6337279796600335,linear
,1,1x124x2893x18589,52.0,1005.0,82.0,155.75500000000008,1.3983104228973389,linear
,1,1x149x3008x53668,29.0,1005.0,84.0,175.69,4.792851161956787,linear
,1,1x25x3459x57748,29.0,1005.0,84.0,175.69,1.4802047729492187,linear
,1,1x238x2285x59814,46.16,1005.0,85.76,183.39968,5.55806713104248,linear
,1,1x27x6296x194,68.0,1005.0,88.0,193.212,0.0337920002639293,linear
,1,1x246x6084x105,68.0,1005.0,88.0,193.212,0.0655359998345375,linear
,1,1x51x7943x164,68.0,1005.0,88.0,193.212,0.0583680011332035,linear
,1,1x101x6799x374,68.0,1005.0,88.0,193.212,0.0822719976305961,linear
,1,1x251x5604x287,68.0,1005.0,88.0,193.212,0.1207744032144546,linear
,1,1x192x4592x504,68.0,1005.0,88.0,193.212,0.1310207992792129,linear
,1,1x50x5316x759,68.0,1005.0,88.0,193.212,0.0808959975838661,linear
,1,1x42x4356x608,68.0,1005.0,88.0,193.212,0.0644735991954803,linear
,1,1x22x5979x729,11.0,1005.0,82.0,190.491,0.0642623990774154,linear
,1,1x40x6548x1357,11.0,1005.0,82.0,190.491,0.1576959937810897,linear
,1,1x39x6887x1837,11.0,1005.0,82.0,190.491,0.2170879989862442,linear
,1,1x152x6115x1175,11.0,1005.0,82.0,190.491,0.3120511949062347,linear
,1,1x228x7045x3153,11.0,1005.0,82.0,190.491,0.923910403251648,linear
,1,1x167x7252x2099,11.0,1005.0,82.0,190.491,0.6007871985435486,linear
,1,1x253x5292x2308,11.0,1005.0,82.0,190.491,0.5773183822631835,linear
,1,1x235x4973x5206,11.0,1005.0,82.0,190.491,1.059993577003479,linear
,1,1x103x8021x6670,22.0,1005.0,83.0,171.21599999999995,1.1398207902908326,linear
,1,1x103x5570x4317,22.0,1005.0,83.0,171.21599999999995,0.549177610874176,linear
,1,1x217x7185x9404,22.0,1005.0,83.0,171.21599999999995,2.7870912075042726,linear
,1,1x205x6813x15245,28.0,1005.0,83.48,171.48515999999992,4.170508766174317,linear
,1,1x13x8051x9905,72.0,1005.0,87.0,173.45899999999995,0.5916095972061157,linear
,1,1x244x4896x30742,72.0,1005.0,87.0,173.45899999999995,6.135808181762696,linear
,1,1x82x6808x30356,60.6,1005.0,87.0,185.987,4.165971088409424,linear
,1,1x3x5856x23128,53.0,1005.0,87.0,194.339,0.6430720090866089,linear
,1,1x199x7312x40255,71.4,1005.0,87.4,197.57020000000003,11.531852722167969,linear
,1,1x94x7155x42033,99.0,1005.0,88.0,202.417,6.030617523193359,linear
,1,1x96x6674x62325,56.0,1005.0,86.0,214.408,7.889203262329102,linear
,1,1x507x86x43,56.0,1005.0,86.0,214.408,0.0161535996943712,linear
,1,1x394x188x22,56.0,1005.0,86.0,214.408,0.0168512001633644,linear
,1,1x317x122x108,56.0,1005.0,86.0,214.408,0.016211199760437,linear
,1,1x405x137x305,56.0,1005.0,86.0,214.408,0.019455999135971,linear
,1,1x329x138x469,56.0,1005.0,86.0,214.408,0.0238656003028154,linear
,1,1x491x184x289,5.0,1005.0,85.0,227.875,0.0204799994826316,linear
,1,1x281x24x614,5.0,1005.0,85.0,227.875,0.0141567999497056,linear
,1,1x397x48x882,5.0,1005.0,85.0,227.875,0.0276480000466108,linear
,1,1x366x245x592,5.0,1005.0,85.0,227.875,0.0337920002639293,linear
,1,1x453x46x1234,5.0,1005.0,85.0,227.875,0.0224704001098871,linear
,1,1x436x110x1335,5.0,1005.0,85.0,227.875,0.0307199992239475,linear
,1,1x383x142x1197,5.0,1005.0,85.0,227.875,0.0337920002639293,linear
,1,1x314x124x4095,5.0,1005.0,85.0,227.875,0.0508992001414299,linear
,1,1x291x8x3122,5.0,1005.0,85.0,227.875,0.0222080003470182,linear
,1,1x415x41x2881,7.0,1005.0,81.0,183.1350000000001,0.0348160006105899,linear
,1,1x489x29x6630,7.0,1005.0,81.0,183.1350000000001,0.0677440002560615,linear
,1,1x394x61x4337,7.0,1005.0,81.0,183.1350000000001,0.0544319994747638,linear
,1,1x445x81x6186,7.0,1005.0,81.0,183.1350000000001,0.0859007984399795,linear
,1,1x348x19x15063,7.0,1005.0,81.0,183.1350000000001,0.0931456014513969,linear
,1,1x280x206x9322,7.0,1005.0,81.0,183.1350000000001,0.159539195895195,linear
,1,1x494x189x16276,7.0,1005.0,81.0,183.1350000000001,0.3261952102184295,linear
,1,1x414x54x23108,7.0,1005.0,81.0,183.1350000000001,0.2155840009450912,linear
,1,1x300x49x20759,7.0,1005.0,81.0,183.1350000000001,0.1484799981117248,linear
,1,1x488x140x24039,16.0,1005.0,81.0,139.74400000000003,0.3737408101558685,linear
,1,1x440x107x62385,16.0,1005.0,81.0,139.74400000000003,0.6911488175392151,linear
,1,1x384x183x58737,16.0,1005.0,81.0,139.74400000000003,0.8089600205421448,linear
,1,1x319x7x36810,16.0,1005.0,81.0,139.74400000000003,0.1812479943037033,linear
,1,1x322x304x170,16.0,1005.0,81.0,139.74400000000003,0.0225280001759529,linear
,1,1x438x366x96,16.0,1005.0,81.0,139.74400000000003,0.0215039998292922,linear
,1,1x400x453x71,16.0,1005.0,81.0,139.74400000000003,0.0225280001759529,linear
,1,1x349x270x420,16.0,1005.0,81.0,139.74400000000003,0.0274240002036094,linear
,1,1x285x369x455,6.32,1005.0,80.16,148.66708000000008,0.0307199992239475,linear
,1,1x346x508x276,5.0,1005.0,80.0,149.4430000000001,0.0326911993324756,linear
,1,1x422x287x535,5.0,1005.0,80.0,149.4430000000001,0.0522239990532398,linear
,1,1x337x480x1011,5.0,1005.0,80.0,149.4430000000001,0.0993279963731765,linear
,1,1x273x350x838,5.0,1005.0,80.0,149.4430000000001,0.0593920014798641,linear
,1,1x485x262x1568,5.0,1005.0,80.0,149.4430000000001,0.0993279963731765,linear
,1,1x468x509x1800,5.0,1005.0,80.0,149.4430000000001,0.1646592020988464,linear
,1,1x390x310x1176,5.0,1005.0,80.0,149.4430000000001,0.0860159993171691,linear
,1,1x337x284x2463,5.0,1005.0,80.0,149.4430000000001,0.1173440024256706,linear
,1,1x335x284x3526,5.4,681.0,80.0,143.09116000000003,0.1603583991527557,linear
,1,1x499x316x3312,10.0,600.0,77.0,136.21,0.2140032052993774,linear
,1,1x279x391x7699,10.0,600.0,77.0,136.21,0.3317759931087494,linear
,1,1x455x471x7986,10.0,600.0,77.0,136.21,0.652288019657135,linear
,1,1x355x321x4446,10.0,600.0,77.0,136.21,0.2291584014892578,linear
,1,1x398x491x8395,10.0,600.0,77.0,136.21,0.6096895933151245,linear
,1,1x453x505x15943,10.0,600.0,77.0,136.21,1.2947455644607544,linear
,1,1x394x447x8524,10.0,600.0,77.0,136.21,0.5578752160072327,linear
,1,1x470x302x22543,52.0,570.0,77.0,117.70499999999996,0.9951232075691224,linear
,1,1x345x355x22962,52.0,570.0,77.0,117.70499999999996,0.905625581741333,linear
,1,1x272x380x28589,52.0,570.0,77.0,117.70499999999996,0.9572352170944214,linear
,1,1x282x340x46814,52.0,570.0,77.0,117.70499999999996,1.2953535795211792,linear
,1,1x386x413x50816,52.0,570.0,77.0,117.70499999999996,1.8933759927749636,linear
,1,1x401x409x39853,47.0,870.0,79.0,123.79199999999996,1.5157119750976562,linear
,1,1x463x840x72,47.0,870.0,79.0,123.79199999999996,0.0358400009572505,linear
,1,1x440x820x88,47.0,870.0,79.0,123.79199999999996,0.0327487997710704,linear
,1,1x414x943x170,47.0,870.0,79.0,123.79199999999996,0.0429567992687225,linear
,1,1x452x818x468,47.0,870.0,79.0,123.79199999999996,0.0757760033011436,linear
,1,1x427x694x417,47.0,870.0,79.0,123.79199999999996,0.061439998447895,linear
,1,1x463x952x501,47.0,870.0,79.0,123.79199999999996,0.0866111993789672,linear
,1,1x433x832x645,47.0,870.0,79.0,123.79199999999996,0.0806911975145339,linear
,1,1x432x1014x880,9.0,1005.0,76.0,128.55099999999996,0.131071999669075,linear
,1,1x276x897x774,9.0,1005.0,76.0,128.55099999999996,0.0767872035503387,linear
,1,1x335x723x1044,9.0,1005.0,76.0,128.55099999999996,0.0872255995869636,linear
,1,1x358x717x1563,9.0,1005.0,76.0,128.55099999999996,0.1062911987304687,linear
,1,1x263x604x1251,9.0,1005.0,76.0,128.55099999999996,0.0798719972372055,linear
,1,1x308x691x2210,9.0,1005.0,76.0,128.55099999999996,0.1269759982824325,linear
,1,1x481x787x2429,9.0,1005.0,76.0,128.55099999999996,0.1959936022758484,linear
,1,1x314x648x2289,9.0,1005.0,76.0,128.55099999999996,0.1187840029597282,linear
,1,1x314x934x7707,9.0,1005.0,76.0,128.55099999999996,0.4546560049057007,linear
,1,1x454x665x4544,15.0,1005.0,75.0,116.279,0.3125247955322265,linear
,1,1x371x900x7400,15.0,1005.0,75.0,116.279,0.4818944036960602,linear
,1,1x309x926x14948,15.0,1005.0,75.0,116.279,0.827187180519104,linear
,1,1x499x885x15607,15.0,1005.0,75.0,116.279,1.193779230117798,linear
,1,1x328x932x9945,15.0,1005.0,75.0,116.279,0.6315967798233032,linear
,1,1x320x974x31372,15.0,1005.0,75.0,116.279,1.76353280544281,linear
,1,1x453x941x24519,40.0,1005.0,78.0,117.54500000000004,1.983846378326416,linear
,1,1x364x810x27699,40.0,1005.0,78.0,117.54500000000004,1.4597632169723511,linear
,1,1x452x661x36246,40.0,1005.0,78.0,117.54500000000004,2.072544050216675,linear
,1,1x488x617x47469,40.0,1005.0,78.0,117.54500000000004,2.5925631523132324,linear
,1,1x483x743x56869,51.0,1005.0,83.0,148.056,3.612166404724121,linear
,1,1x399x1566x67,51.0,1005.0,83.0,148.056,0.0409599989652633,linear
,1,1x440x1174x163,51.0,1005.0,83.0,148.056,0.0491520017385482,linear
,1,1x441x1626x112,51.0,1005.0,83.0,148.056,0.0507327988743782,linear
,1,1x388x1604x269,51.0,1005.0,83.0,148.056,0.0714752003550529,linear
,1,1x364x1461x474,51.0,1005.0,83.0,148.056,0.1013311982154846,linear
,1,1x348x1540x293,51.0,1005.0,83.0,148.056,0.0661504000425338,linear
,1,1x289x1118x587,9.0,1005.0,81.0,166.30000000000007,0.0792511969804763,linear
,1,1x369x1304x913,9.0,1005.0,81.0,166.30000000000007,0.1167040020227432,linear
,1,1x364x1729x729,9.0,1005.0,81.0,166.30000000000007,0.1361919939517974,linear
,1,1x405x1162x1538,9.0,1005.0,81.0,166.30000000000007,0.1766272008419037,linear
,1,1x505x1947x1697,9.0,1005.0,81.0,166.30000000000007,0.3158975958824158,linear
,1,1x441x1300x1704,9.0,1005.0,81.0,166.30000000000007,0.1973120033740997,linear
,1,1x391x1181x2357,9.0,1005.0,81.0,166.30000000000007,0.2465792000293731,linear
,1,1x325x1976x2419,9.0,1005.0,81.0,166.30000000000007,0.3307519853115082,linear
,1,1x277x1473x4046,14.2,1005.0,80.6,162.33879999999996,0.3307519853115082,linear
,1,1x277x1688x4942,22.0,1005.0,80.0,156.39699999999996,0.471424001455307,linear
,1,1x433x2022x8046,22.0,1005.0,80.0,156.39699999999996,1.1922560214996338,linear
,1,1x317x1496x7493,22.0,1005.0,80.0,156.39699999999996,0.6274495959281922,linear
,1,1x339x1300x8835,22.0,1005.0,80.0,156.39699999999996,0.762220811843872,linear
,1,1x503x1374x11787,22.0,1005.0,80.0,156.39699999999996,1.439302396774292,linear
,1,1x312x1058x11508,24.16,1005.0,80.0,156.42339999999996,0.6563392043113708,linear
,1,1x472x1783x17808,49.0,1005.0,83.0,156.56199999999993,2.5828608512878417,linear
,1,1x402x1861x24832,49.0,1005.0,83.0,156.56199999999993,3.281062364578247,linear
,1,1x475x1544x24947,49.0,1005.0,83.0,156.56199999999993,3.1944064140319823,linear
,1,1x433x1840x41817,87.0,1005.0,87.0,191.531,5.364121532440185,linear
,1,1x303x1322x63680,87.0,1005.0,87.0,191.531,4.46498556137085,linear
,1,1x346x2037x61537,46.0,1005.0,86.0,222.5190000000001,7.569939231872558,linear
,1,1x301x3179x205,46.0,1005.0,86.0,222.5190000000001,0.0675776004791259,linear
,1,1x356x3911x207,46.0,1005.0,86.0,222.5190000000001,0.0911360010504722,linear
,1,1x450x4029x125,46.0,1005.0,86.0,222.5190000000001,0.0779839977622032,linear
,1,1x468x3495x261,46.0,1005.0,86.0,222.5190000000001,0.1433600038290023,linear
,1,1x394x2797x354,46.0,1005.0,86.0,222.5190000000001,0.177126395702362,linear
,1,1x318x2370x509,10.0,1005.0,85.0,225.704,0.1728768020868301,linear
,1,1x322x2270x946,10.0,1005.0,85.0,225.704,0.1983679980039596,linear
,1,1x451x2461x846,10.0,1005.0,85.0,225.704,0.2324479967355728,linear
,1,1x364x3765x894,10.0,1005.0,85.0,225.704,0.2682879865169525,linear
,1,1x357x2646x1331,10.0,1005.0,85.0,225.704,0.2702848017215729,linear
,1,1x307x2718x1147,10.0,1005.0,85.0,225.704,0.1947136044502258,linear
,1,1x467x2545x1744,10.0,1005.0,85.0,225.704,0.3954303979873657,linear
,1,1x342x3430x3776,10.0,1005.0,85.0,225.704,0.8282111883163452,linear
,1,1x484x3536x3893,18.0,1005.0,83.0,182.86999999999992,1.1963136196136477,linear
,1,1x305x2310x3987,18.0,1005.0,83.0,182.86999999999992,0.5045568108558655,linear
,1,1x402x3864x5132,18.0,1005.0,83.0,182.86999999999992,1.4510079622268677,linear
,1,1x490x3830x6633,18.0,1005.0,83.0,182.86999999999992,2.1395456790924072,linear
,1,1x257x2607x6914,18.0,1005.0,83.0,182.86999999999992,0.9901952266693116,linear
,1,1x353x3735x15354,52.0,1005.0,85.0,163.23700000000005,3.5280575275421144,linear
,1,1x394x3740x11273,52.0,1005.0,85.0,163.23700000000005,2.996787166595459,linear
,1,1x334x2252x8555,52.0,1005.0,85.0,163.23700000000005,1.2275712490081787,linear
,1,1x368x3449x30155,47.24,1005.0,86.36,176.77579999999998,6.354329681396484,linear
,1,1x497x2792x22682,45.0,1005.0,87.0,183.147,5.124454307556152,linear
,1,1x363x3985x29135,58.0,1005.0,87.52,197.95971999999992,6.9218110084533695,linear
,1,1x314x3015x61222,70.0,1005.0,88.0,211.6329999999999,9.75155200958252,linear
,1,1x302x3067x43103,99.0,1005.0,93.0,248.8090000000001,6.784787273406982,linear
,1,1x434x3845x45415,93.4,618.0,89.88,244.64404000000005,12.053887939453125,linear
,1,1x435x6748x240,99.0,405.0,87.0,227.955,0.2119680047035217,linear
,1,1x266x7079x123,99.0,405.0,87.0,227.955,0.0888640001416206,linear
,1,1x291x4455x67,99.0,405.0,87.0,227.955,0.0574912004172801,linear
,1,1x444x5905x293,99.0,405.0,87.0,227.955,0.2221375972032547,linear
,1,1x293x6586x296,99.0,405.0,87.0,227.955,0.1684159994125366,linear
,1,1x491x7595x310,99.0,405.0,87.0,227.955,0.2797312080860138,linear
,1,1x422x6068x732,99.0,405.0,87.0,227.955,0.3983295917510986,linear
,1,1x260x6557x740,16.0,1005.0,84.0,192.48899999999995,0.2949120104312897,linear
,1,1x444x6143x751,16.0,1005.0,84.0,192.48899999999995,0.4259199976921081,linear
,1,1x276x7222x1185,16.0,1005.0,84.0,192.48899999999995,0.6153727769851685,linear
,1,1x420x5322x1694,16.0,1005.0,84.0,192.48899999999995,0.7079808115959167,linear
,1,1x429x4773x1999,16.0,1005.0,84.0,192.48899999999995,0.7864320278167725,linear
,1,1x357x6114x3041,16.0,1005.0,84.0,192.48899999999995,1.1806720495224,linear
,1,1x433x4295x3297,31.6,1005.0,84.44,182.38603999999995,1.0331712007522582,linear
,1,1x284x6088x2653,46.0,1005.0,85.0,174.44799999999998,0.8458304047584534,linear
,1,1x389x8053x5254,46.0,1005.0,85.0,174.44799999999998,3.1403712749481203,linear
,1,1x291x7280x6319,46.0,1005.0,85.0,174.44799999999998,2.367219161987305,linear
,1,1x358x7848x4273,46.0,1005.0,85.0,174.44799999999998,2.1102528095245363,linear
,1,1x377x6356x9208,54.0,1005.0,87.0,178.78600000000003,3.616652822494507,linear
,1,1x470x6066x10695,54.0,1005.0,87.0,178.78600000000003,5.152563285827637,linear
,1,1x331x5391x13394,36.52,1005.0,86.24,199.8012,4.406188678741455,linear
,1,1x334x5636x19883,31.0,1005.0,86.0,205.055,6.656819152832031,linear
,1,1x497x7160x22413,55.84,1005.0,86.92,214.93580000000009,12.67053451538086,linear
,1,1x370x5758x23088,71.0,1005.0,89.08,222.44736,7.825145626068116,linear
,1,1x458x4412x39933,93.88,566.4,89.64,233.6404,14.240479850769043,linear
,1,1x412x6439x63003,99.36,794.4,89.12,222.35435999999987,27.821260833740237,linear
,1,1x468x6746x62318,91.44,789.0,88.2,226.5594400000001,32.93409271240235,linear
,1,1x973x186x44,100.0,405.0,87.0,226.64,0.0180800005793571,linear
,1,1x942x158x159,100.0,405.0,87.0,226.64,0.0208063997328281,linear
,1,1x518x253x122,100.0,789.0,87.0,220.45248,0.0225280001759529,linear
,1,1x664x29x435,10.0,1005.0,87.0,216.972,0.0177344001829624,linear
,1,1x694x234x441,10.0,1005.0,87.0,216.972,0.0409599989652633,linear
,1,1x637x141x425,10.0,1005.0,87.0,216.972,0.0251136001199483,linear
,1,1x645x255x1022,10.0,1005.0,87.0,216.972,0.0675840005278587,linear
,1,1x936x24x854,10.0,1005.0,87.0,216.972,0.0224448002874851,linear
,1,1x854x175x918,10.0,1005.0,87.0,216.972,0.0541695989668369,linear
,1,1x856x237x1872,10.0,1005.0,87.0,216.972,0.1024447977542877,linear
,1,1x897x85x1822,10.0,1005.0,87.0,216.972,0.0542591996490955,linear
,1,1x822x111x1644,10.0,1005.0,87.0,216.972,0.0604160018265247,linear
,1,1x861x248x3320,9.0,1005.0,82.0,181.1350000000001,0.1635263979434967,linear
,1,1x602x171x3961,9.0,1005.0,82.0,181.1350000000001,0.1070527985692024,linear
,1,1x964x61x3165,9.0,1005.0,82.0,181.1350000000001,0.0849919989705085,linear
,1,1x763x88x4680,9.0,1005.0,82.0,181.1350000000001,0.1015743970870971,linear
,1,1x949x201x5563,9.0,1005.0,82.0,181.1350000000001,0.2426880002021789,linear
,1,1x830x239x7951,9.0,1005.0,82.0,181.1350000000001,0.3085439980030059,linear
,1,1x579x244x10042,9.0,1005.0,82.0,181.1350000000001,0.3080063998699188,linear
,1,1x822x237x14759,9.0,1005.0,82.0,181.1350000000001,0.5608191847801208,linear
,1,1x754x89x9469,24.0,1005.0,81.0,143.22899999999993,0.1787647992372512,linear
,1,1x848x254x18399,24.0,1005.0,81.0,143.22899999999993,0.7720831871032715,linear
,1,1x837x154x26364,24.0,1005.0,81.0,143.22899999999993,0.748915183544159,linear
,1,1x625x145x17406,24.0,1005.0,81.0,143.22899999999993,0.3540863931179047,linear
,1,1x705x197x56380,24.0,1005.0,81.0,143.22899999999993,1.603584051132202,linear
,1,1x599x71x60022,24.0,1005.0,81.0,143.22899999999993,0.945958399772644,linear
,1,1x1023x122x50414,53.0,1005.0,84.0,158.16899999999995,1.605017614364624,linear
,1,1x593x302x126,53.0,1005.0,84.0,158.16899999999995,0.0252992000430822,linear
,1,1x814x405x86,53.0,1005.0,84.0,158.16899999999995,0.0276480000466108,linear
,1,1x642x296x143,53.0,1005.0,84.0,158.16899999999995,0.0255999993532896,linear
,1,1x780x377x505,53.0,1005.0,84.0,158.16899999999995,0.0593920014798641,linear
,1,1x728x433x284,53.0,1005.0,84.0,158.16899999999995,0.0430079996585845,linear
,1,1x998x391x331,53.0,1005.0,84.0,158.16899999999995,0.0587712012231349,linear
,1,1x789x393x613,53.0,1005.0,84.0,158.16899999999995,0.0686080008745193,linear
,1,1x934x307x619,9.0,1005.0,79.0,154.07499999999993,0.0583616010844707,linear
,1,1x635x301x646,9.0,1005.0,79.0,154.07499999999993,0.0521599993109703,linear
,1,1x776x339x1176,9.0,1005.0,79.0,154.07499999999993,0.0921600013971328,linear
,1,1x718x458x1390,9.0,1005.0,79.0,154.07499999999993,0.1211712032556533,linear
,1,1x769x485x1063,9.0,1005.0,79.0,154.07499999999993,0.1054719984531402,linear
,1,1x959x463x2336,9.0,1005.0,79.0,154.07499999999993,0.2293312013149261,linear
,1,1x861x298x3931,9.0,1005.0,79.0,154.07499999999993,0.2481727957725525,linear
,1,1x961x354x2622,9.0,1005.0,79.0,154.07499999999993,0.2250047981739044,linear
,1,1x860x285x6863,10.76,1005.0,78.76,148.8678,0.3806784033775329,linear
,1,1x995x280x6085,20.0,1005.0,77.0,121.53000000000006,0.3696640133857727,linear
,1,1x738x289x5757,20.0,1005.0,77.0,121.53000000000006,0.2826240062713623,linear
,1,1x636x397x10507,20.0,1005.0,77.0,121.53000000000006,0.5413120031356812,linear
,1,1x1011x298x8297,20.0,1005.0,77.0,121.53000000000006,0.5160640001296997,linear
,1,1x757x346x8809,20.0,1005.0,77.0,121.53000000000006,0.4880191922187805,linear
,1,1x737x494x23204,20.0,1005.0,77.0,121.53000000000006,1.5541759967803954,linear
,1,1x804x364x30628,29.0,1005.0,79.0,115.823,1.7727424144744872,linear
,1,1x753x484x27066,29.0,1005.0,79.0,115.823,1.814527988433838,linear
,1,1x738x294x63635,29.0,1005.0,79.0,115.823,2.7104959011077883,linear
,1,1x880x395x46021,31.4,1005.0,79.4,120.37772,2.7885056018829344,linear
,1,1x738x408x43044,49.0,1005.0,84.0,144.29,2.276140737533569,linear
,1,1x766x848x223,49.0,1005.0,84.0,144.29,0.0589824013411998,linear
,1,1x976x1020x124,49.0,1005.0,84.0,144.29,0.0532159991562366,linear
,1,1x678x983x13,49.0,1005.0,84.0,144.29,0.0245312005281448,linear
,1,1x816x949x395,49.0,1005.0,84.0,144.29,0.1126400008797645,linear
,1,1x888x692x291,49.0,1005.0,84.0,144.29,0.0655359998345375,linear
,1,1x796x568x289,49.0,1005.0,84.0,144.29,0.0559807993471622,linear
,1,1x602x595x913,9.0,1005.0,81.0,170.9859999999999,0.089088000357151,linear
,1,1x813x939x648,9.0,1005.0,81.0,170.9859999999999,0.1239039972424507,linear
,1,1x864x847x1010,9.0,1005.0,81.0,170.9859999999999,0.1610944002866745,linear
,1,1x664x874x1607,9.0,1005.0,81.0,170.9859999999999,0.2047999948263168,linear
,1,1x642x964x1558,9.0,1005.0,81.0,170.9859999999999,0.2227519959211349,linear
,1,1x538x927x2047,9.0,1005.0,81.0,170.9859999999999,0.2155647993087768,linear
,1,1x628x1003x2213,9.0,1005.0,81.0,170.9859999999999,0.2777728021144867,linear
,1,1x740x797x2850,9.0,1005.0,81.0,170.9859999999999,0.3276799917221069,linear
,1,1x950x891x3630,9.0,1005.0,81.0,170.9859999999999,0.5550079941749573,linear
,1,1x808x680x7569,22.0,1005.0,81.0,161.99499999999992,0.7478848099708557,linear
,1,1x932x792x7492,22.0,1005.0,81.0,161.99499999999992,0.948192012310028,linear
,1,1x987x742x4316,22.0,1005.0,81.0,161.99499999999992,0.5720064043998718,linear
,1,1x635x796x16271,22.0,1005.0,81.0,161.99499999999992,1.4077823877334594,linear
,1,1x662x840x15746,22.0,1005.0,81.0,161.99499999999992,1.5747071504592896,linear
,1,1x711x700x9741,31.52,1005.0,81.56,161.22583999999998,0.942899227142334,linear
,1,1x894x1009x29885,56.0,1005.0,83.0,159.24800000000002,4.423065567016602,linear
,1,1x647x530x32097,56.0,1005.0,83.0,159.24800000000002,1.9955072402954104,linear
,1,1x658x745x26458,56.0,1005.0,83.0,159.24800000000002,2.262208032608032,linear
,1,1x623x546x36653,42.0,1005.0,87.0,183.346,2.2191935539245606,linear
,1,1x872x542x38718,42.0,1005.0,87.0,183.346,3.234201669692993,linear
,1,1x688x517x39236,42.0,1005.0,87.0,183.346,2.3961534976959227,linear
,1,1x930x1256x161,42.0,1005.0,87.0,183.346,0.0740608021616935,linear
,1,1x907x1605x234,63.0,1005.0,86.0,193.247,0.1218047991394996,linear
,1,1x1016x1240x203,63.0,1005.0,86.0,193.247,0.0955520018935203,linear
,1,1x718x1852x319,63.0,1005.0,86.0,193.247,0.1279872059822082,linear
,1,1x978x1246x319,63.0,1005.0,86.0,193.247,0.1052287980914115,linear
,1,1x904x1694x335,63.0,1005.0,86.0,193.247,0.1382399946451187,linear
,1,1x545x1906x634,63.0,1005.0,86.0,193.247,0.1515520066022873,linear
,1,1x954x1300x832,63.0,1005.0,86.0,193.247,0.2211840003728866,linear
,1,1x874x1607x841,63.0,1005.0,86.0,193.247,0.2367231994867324,linear
,1,1x878x1868x1744,63.0,1005.0,86.0,193.247,0.5217983841896057,linear
,1,1x846x1101x1968,15.0,1005.0,83.0,171.69999999999993,0.3785599946975708,linear
,1,1x615x1446x1713,15.0,1005.0,83.0,171.69999999999993,0.2976512014865875,linear
,1,1x561x1633x3695,15.0,1005.0,83.0,171.69999999999993,0.605344009399414,linear
,1,1x820x1911x3332,15.0,1005.0,83.0,171.69999999999993,0.9275391817092896,linear
,1,1x957x1147x2870,15.0,1005.0,83.0,171.69999999999993,0.5570240020751953,linear
,1,1x786x1612x5412,15.0,1005.0,83.0,171.69999999999993,1.2072256088256836,linear
,1,1x959x1889x4400,15.0,1005.0,83.0,171.69999999999993,1.3356544256210328,linear
,1,1x598x1667x6538,46.0,1005.0,85.0,164.80400000000006,1.268121647834778,linear
,1,1x756x1275x13327,46.0,1005.0,85.0,164.80400000000006,2.167398452758789,linear
,1,1x773x1139x16227,46.0,1005.0,85.0,164.80400000000006,2.577209663391113,linear
,1,1x534x1096x9088,46.0,1005.0,85.0,164.80400000000006,0.9997567653656004,linear
,1,1x821x1209x24100,51.0,1005.0,85.0,176.93800000000007,3.956121683120728,linear
,1,1x853x1890x19674,51.0,1005.0,85.0,176.93800000000007,5.270732688903808,linear
,1,1x516x1845x22941,49.56,1005.0,86.28,185.09308000000004,3.885401582717896,linear
,1,1x779x1380x54237,47.0,1005.0,89.0,199.591,9.786982154846193,linear
,1,1x604x1972x45762,57.92,1005.0,89.0,227.25908000000007,9.059071922302246,linear
,1,1x958x1954x65153,66.4,547.8,90.36,237.01107999999985,19.147161102294923,linear
,1,1x802x2824x215,100.0,285.0,88.0,212.63600000000008,0.1488831996917724,linear
,1,1x523x3969x69,100.0,285.0,88.0,212.63600000000008,0.0879871994256973,linear
,1,1x995x3500x24,100.0,285.0,88.0,212.63600000000008,0.0491520017385482,linear
,1,1x860x3966x324,100.0,285.0,88.0,212.63600000000008,0.2660351991653442,linear
,1,1x953x3207x391,100.0,285.0,88.0,212.63600000000008,0.2947072088718414,linear
,1,1x748x2799x275,100.0,285.0,88.0,212.63600000000008,0.1608959972858429,linear
,1,1x1017x2509x664,100.0,285.0,88.0,212.63600000000008,0.3428031980991363,linear
,1,1x591x3057x1023,100.0,285.0,88.0,212.63600000000008,0.3509696006774902,linear
,1,1x984x4014x977,20.0,1005.0,84.0,186.341,0.7565311789512634,linear
,1,1x585x3611x1214,20.0,1005.0,84.0,186.341,0.4992000043392181,linear
,1,1x670x2542x1636,20.0,1005.0,84.0,186.341,0.495551997423172,linear
,1,1x787x3781x1209,20.0,1005.0,84.0,186.341,0.7153664231300354,linear
,1,1x598x3239x3966,20.0,1005.0,84.0,186.341,1.375820779800415,linear
,1,1x559x2489x3789,20.0,1005.0,84.0,186.341,0.8939136028289795,linear
,1,1x915x2234x2390,37.92,1005.0,84.48,173.35347999999988,0.8457216024398804,linear
,1,1x621x3825x4243,52.0,1005.0,85.0,166.0479999999999,1.7258496284484863,linear
,1,1x822x2407x5121,52.0,1005.0,85.0,166.0479999999999,1.7049599885940552,linear
,1,1x708x2401x6562,52.0,1005.0,85.0,166.0479999999999,2.357235240936279,linear
,1,1x973x3042x11491,56.76,1005.0,85.0,169.4276,5.723744010925293,linear
,1,1x922x4040x16186,59.0,1005.0,85.0,171.018,9.733856201171877,linear
,1,1x972x3835x8533,99.0,1005.0,91.0,209.467,5.445631980895996,linear
,1,1x912x3756x28189,98.48,1005.0,91.0,222.5101600000001,15.575654411315918,linear
,1,1x938x4071x26335,98.56,1005.0,88.0,228.30076000000008,15.848851013183594,linear
,1,1x953x2515x23813,99.0,880.2,89.56,223.7971999999999,9.610259246826171,linear
,1,1x981x2503x39708,99.0,285.0,87.0,219.68664000000004,15.825305557250976,linear
,1,1x670x3538x54697,99.28,954.6,90.16,223.84648,21.170285415649413,linear
,1,1x785x3574x59967,99.44,627.0,88.6,226.13652,27.671430587768555,linear
,1,1x966x5289x6,99.0,1005.0,93.0,235.70300000000012,0.0696320012211799,linear
,1,1x815x7531x206,99.0,1005.0,93.0,235.70300000000012,0.3198975920677185,linear
,1,1x715x6567x44,99.0,1005.0,93.0,235.70300000000012,0.0837375983595848,linear
,1,1x777x6074x412,99.0,1005.0,93.0,235.70300000000012,0.5267072081565857,linear
,1,1x977x6873x377,99.0,1005.0,93.0,235.70300000000012,0.5001215934753418,linear
,1,1x613x5297x474,99.0,1005.0,93.0,235.70300000000012,0.3612672090530395,linear
,1,1x917x6257x1023,99.0,1005.0,93.0,235.70300000000012,1.0219776153564453,linear
,1,1x979x7974x546,99.0,1005.0,93.0,235.70300000000012,1.0318975925445557,linear
,1,1x825x7164x823,38.0,1005.0,86.0,200.5869999999999,1.095641589164734,linear
,1,1x515x5099x1739,38.0,1005.0,86.0,200.5869999999999,0.9492480158805848,linear
,1,1x973x7775x1330,38.0,1005.0,86.0,200.5869999999999,1.8595391750335688,linear
,1,1x538x6627x1278,38.0,1005.0,86.0,200.5869999999999,0.8978111982345581,linear
,1,1x967x4790x3361,38.84,1005.0,86.0,196.95796,2.743910312652588,linear
,1,1x606x5036x2455,45.0,1005.0,86.0,170.3449999999999,1.3365056276321412,linear
,1,1x698x4319x2288,45.0,1005.0,86.0,170.3449999999999,1.1511359453201293,linear
,1,1x758x6034x8135,45.0,1005.0,86.0,170.3449999999999,6.105209827423096,linear
,1,1x532x6301x4928,90.76,1005.0,86.88,182.99764,2.828288078308105,linear
,1,1x946x7797x4439,97.0,1005.0,87.0,184.723,5.220908832550049,linear
,1,1x801x4469x10837,94.84,1005.0,87.48,190.87588,6.305382347106933,linear
,1,1x976x6333x12222,88.0,1005.0,89.0,210.36,12.269510650634766,linear
,1,1x936x8102x14628,99.0,556.8,89.68,225.18856,18.132160186767575,linear
,1,1x986x7131x22708,99.32,664.2,88.52,215.44684,25.4009090423584,linear
,1,1x884x4398x25584,86.2,882.0,87.8,220.195,15.505190658569337,linear
,1,1x644x4629x20560,99.0,458.4,87.96,222.28115999999991,10.435359954833984,linear
,1,1x929x6341x40745,97.12,565.2,88.84,219.224,37.96172790527344,linear
,1,1x712x6838x38130,98.36,525.0,88.48,221.44000000000003,30.58094062805176,linear
,1,1x1004x7635x34343,97.48,695.4,89.04,215.8714400000001,41.12803268432617,linear
,1,1x1220x229x64,100.0,360.0,88.0,207.707,0.0204799994826316,linear
,1,1x1159x53x29,100.0,360.0,88.0,207.707,0.0138047998771071,linear
,1,1x1232x174x14,100.0,360.0,88.0,207.707,0.0168703999370336,linear
,1,1x2010x228x352,100.0,360.0,88.0,207.707,0.0624639987945556,linear
,1,1x1657x176x406,100.0,360.0,88.0,207.707,0.0503359988331794,linear
,1,1x1724x97x500,96.24,411.6,87.6,207.17996,0.0404671996831893,linear
,1,1x1032x115x748,6.0,1005.0,83.0,201.119,0.0419839993119239,linear
,1,1x1176x184x543,6.0,1005.0,83.0,201.119,0.0496448010206222,linear
,1,1x1473x135x691,6.0,1005.0,83.0,201.119,0.0492992013692855,linear
,1,1x1718x108x1649,6.0,1005.0,83.0,201.119,0.0957248017191886,linear
,1,1x1799x192x1676,6.0,1005.0,83.0,201.119,0.1533952057361602,linear
,1,1x1453x42x1988,6.0,1005.0,83.0,201.119,0.0675456002354621,linear
,1,1x1574x206x2198,6.0,1005.0,83.0,201.119,0.1689344048500061,linear
,1,1x1546x44x2599,6.0,1005.0,83.0,201.119,0.0908992007374763,linear
,1,1x1862x189x4086,6.0,1005.0,81.0,152.1680000000001,0.3041279911994934,linear
,1,1x1185x142x5962,6.0,1005.0,81.0,152.1680000000001,0.2289215981960296,linear
,1,1x1415x71x6236,6.0,1005.0,81.0,152.1680000000001,0.1899904012680053,linear
,1,1x1454x243x6011,6.0,1005.0,81.0,152.1680000000001,0.428409606218338,linear
,1,1x1792x72x10295,6.0,1005.0,81.0,152.1680000000001,0.353273606300354,linear
,1,1x1090x72x10711,6.0,1005.0,81.0,152.1680000000001,0.240582400560379,linear
,1,1x1648x48x11001,6.0,1005.0,81.0,152.1680000000001,0.3405312001705169,linear
,1,1x1621x36x31283,15.6,1005.0,81.0,149.17328000000006,0.8985407948493958,linear
,1,1x1165x200x23150,26.0,1005.0,81.0,145.92900000000006,1.0390912294387815,linear
,1,1x1317x229x18481,26.0,1005.0,81.0,145.92900000000006,1.069043231010437,linear
,1,1x1825x90x59969,26.0,1005.0,81.0,145.92900000000006,2.431999921798706,linear
,1,1x1622x35x47007,26.0,1005.0,81.0,145.92900000000006,1.3694144248962403,linear
,1,1x1116x237x34519,51.0,1005.0,86.0,174.90099999999995,1.7278464317321778,linear
,1,1x1694x494x249,51.0,1005.0,86.0,174.90099999999995,0.0696320012211799,linear
,1,1x1387x407x64,51.0,1005.0,86.0,174.90099999999995,0.0286720003932714,linear
,1,1x1930x281x53,51.0,1005.0,86.0,174.90099999999995,0.0255999993532896,linear
,1,1x1212x265x472,51.0,1005.0,86.0,174.90099999999995,0.0511999987065792,linear
,1,1x1694x422x354,51.0,1005.0,86.0,174.90099999999995,0.0716480016708374,linear
,1,1x1672x263x456,51.0,1005.0,86.0,174.90099999999995,0.070643201470375,linear
,1,1x1233x344x770,51.0,1005.0,86.0,174.90099999999995,0.0911360010504722,linear
,1,1x1808x376x526,51.0,1005.0,86.0,174.90099999999995,0.0983040034770965,linear
,1,1x1632x360x668,9.0,1005.0,82.0,179.14899999999997,0.0962560027837753,linear
,1,1x1073x374x1703,9.0,1005.0,82.0,179.14899999999997,0.1492800027132034,linear
,1,1x2031x292x1419,9.0,1005.0,82.0,179.14899999999997,0.1906560033559799,linear
,1,1x1361x358x1526,9.0,1005.0,82.0,179.14899999999997,0.1715392023324966,linear
,1,1x1798x342x3977,9.0,1005.0,82.0,179.14899999999997,0.4839104056358337,linear
,1,1x1551x451x3948,9.0,1005.0,82.0,179.14899999999997,0.52019202709198,linear
,1,1x1033x263x3581,9.0,1005.0,82.0,179.14899999999997,0.205158394575119,linear
,1,1x1813x340x5688,9.0,1005.0,82.0,179.14899999999997,0.6420223951339722,linear
,1,1x1765x271x5308,18.0,1005.0,82.0,158.94500000000005,0.4935488045215607,linear
,1,1x1411x473x5455,18.0,1005.0,82.0,158.94500000000005,0.698304009437561,linear
,1,1x1840x414x8298,18.0,1005.0,82.0,158.94500000000005,1.0884799480438232,linear
,1,1x1406x325x11437,18.0,1005.0,82.0,158.94500000000005,0.9532927870750428,linear
,1,1x1927x312x10914,18.0,1005.0,82.0,158.94500000000005,1.190835189819336,linear
,1,1x1231x261x18385,18.0,1005.0,82.0,158.94500000000005,1.126195192337036,linear
,1,1x1714x446x27626,42.0,1005.0,85.0,161.21900000000002,3.771392107009888,linear
,1,1x1309x270x20412,42.0,1005.0,85.0,161.21900000000002,1.31779203414917,linear
,1,1x1691x484x48075,51.24,1005.0,85.84,168.51384000000002,6.647532749176025,linear
,1,1x1286x511x38476,75.0,1005.0,88.0,187.272,4.37652473449707,linear
,1,1x1915x271x43270,75.0,1005.0,88.0,187.272,3.990323305130005,linear
,1,1x1157x864x194,75.0,1005.0,88.0,187.272,0.0749056026339531,linear
,1,1x1262x889x66,97.0,1005.0,88.0,224.347,0.0450432002544403,linear
,1,1x1243x917x5,97.0,1005.0,88.0,224.347,0.0266239996999502,linear
,1,1x1657x639x397,97.0,1005.0,88.0,224.347,0.1185664027929306,linear
,1,1x2023x914x410,97.0,1005.0,88.0,224.347,0.1838527977466583,linear
,1,1x1424x916x306,97.0,1005.0,88.0,224.347,0.1306240022182464,linear
,1,1x1471x713x522,97.0,1005.0,88.0,224.347,0.1413120031356811,linear
,1,1x1265x859x957,97.0,1005.0,88.0,224.347,0.2096576005220413,linear
,1,1x1974x904x794,97.0,1005.0,88.0,224.347,0.3205119967460632,linear
,1,1x1218x698x1811,31.4,1005.0,82.68,196.29500000000007,0.3327871978282928,linear
,1,1x1155x640x1449,15.0,1005.0,81.0,189.28200000000007,0.2393792033195495,linear
,1,1x1550x548x1198,15.0,1005.0,81.0,189.28200000000007,0.2492351979017257,linear
,1,1x2029x833x3491,15.0,1005.0,81.0,189.28200000000007,1.04038405418396,linear
,1,1x1593x644x3777,15.0,1005.0,81.0,189.28200000000007,0.7628480195999146,linear
,1,1x1169x788x2838,15.0,1005.0,81.0,189.28200000000007,0.5146175861358643,linear
,1,1x1250x929x4637,15.0,1005.0,81.0,189.28200000000007,1.0014079809188845,linear
,1,1x1800x620x5108,33.48,1005.0,81.84,152.48664000000005,1.0636607885360718,linear
,1,1x1395x866x7395,37.0,1005.0,82.0,145.47800000000004,1.5859520196914674,linear
,1,1x1881x981x11192,37.0,1005.0,82.0,145.47800000000004,3.5492096900939942,linear
,1,1x1209x594x9449,37.0,1005.0,82.0,145.47800000000004,1.2357631921768188,linear
,1,1x1280x928x8420,37.8,1005.0,82.32,146.43048000000005,1.6578495979309082,linear
,1,1x1298x874x18053,42.0,1005.0,84.0,151.431,3.4721791744232178,linear
,1,1x1626x784x23366,42.0,1005.0,84.0,151.431,4.910022354125976,linear
,1,1x1636x875x19896,51.88,1005.0,86.08,173.93347999999995,4.66431999206543,linear
,1,1x1866x639x64712,62.48,1005.0,88.08,198.04516,12.79221782684326,linear
,1,1x1247x962x61562,98.8,747.0,88.8,241.41459999999984,11.99921932220459,linear
,1,1x1833x944x54475,85.56,850.2,88.52,230.03415999999996,15.000953674316406,linear
,1,1x1821x1294x57,100.0,420.0,89.0,219.409,0.0624639987945556,linear
,1,1x1914x2008x149,100.0,420.0,89.0,219.409,0.1576703935861587,linear
,1,1x1903x1431x243,100.0,420.0,89.0,219.409,0.1614591985940933,linear
,1,1x1898x1061x359,100.0,420.0,89.0,219.409,0.176486399769783,linear
,1,1x1130x1648x313,100.0,420.0,89.0,219.409,0.1413120031356811,linear
,1,1x1683x1459x403,100.0,420.0,89.0,219.409,0.2447360008955001,linear
,1,1x1052x1291x852,100.0,420.0,89.0,219.409,0.2488128006458282,linear
,1,1x1415x1420x969,100.0,420.0,89.0,219.409,0.3714688003063202,linear
,1,1x1736x1774x972,17.0,1005.0,84.0,202.1390000000001,0.5924479961395264,linear
,1,1x1414x1839x2038,17.0,1005.0,84.0,202.1390000000001,0.8939456105232239,linear
,1,1x1043x1957x1555,17.0,1005.0,84.0,202.1390000000001,0.5967680096626282,linear
,1,1x1593x1297x1578,17.0,1005.0,84.0,202.1390000000001,0.5785599946975708,linear
,1,1x1628x1689x2283,17.0,1005.0,84.0,202.1390000000001,1.088511943817139,linear
,1,1x1476x1689x3149,17.0,1005.0,84.0,202.1390000000001,1.3547519445419312,linear
,1,1x1965x1403x2770,25.12,1005.0,84.28,192.02512000000007,1.2836416006088256,linear
,1,1x1172x1898x6106,46.0,1005.0,85.0,166.018,2.3334975719451903,linear
,1,1x1295x1533x4781,46.0,1005.0,85.0,166.018,1.6574143886566162,linear
,1,1x1654x1704x8020,46.0,1005.0,85.0,166.018,3.649484729766846,linear
,1,1x1027x1484x8586,58.8,1005.0,85.4,173.06120000000007,2.2791104316711426,linear
,1,1x1484x1233x12810,78.0,1005.0,86.0,183.6260000000001,3.9063039302825926,linear
,1,1x1895x1332x13133,78.0,1005.0,86.0,183.6260000000001,5.302246379852295,linear
,1,1x1327x1824x31022,93.0,1005.0,87.0,208.94400000000007,11.837580680847168,linear
,1,1x1678x2037x30273,79.6,702.6,90.16,233.45891999999992,17.620345687866212,linear
,1,1x1888x1474x19244,84.28,954.6,87.16,208.64800000000005,8.55920639038086,linear
,1,1x1310x1628x62941,92.36,767.4,88.56,225.32408,21.443788528442383,linear
,1,1x1786x1135x39716,48.4,952.2,87.08,222.6036399999999,12.768832206726074,linear
,1,1x1331x1398x63555,77.16,627.0,89.44,231.03499999999988,18.872294235229493,linear
,1,1x1380x2705x6,99.0,450.0,88.0,217.649,0.0460800006985664,linear
,1,1x1458x3689x29,99.0,450.0,88.0,217.649,0.0664703994989395,linear
,1,1x1893x2846x139,99.0,450.0,88.0,217.649,0.2211712002754211,linear
,1,1x1047x3315x353,99.0,450.0,88.0,217.649,0.3014656007289886,linear
,1,1x1042x3509x401,99.0,450.0,88.0,217.649,0.39132159948349,linear
,1,1x1073x3614x501,99.0,450.0,88.0,217.649,0.4065279960632324,linear
,1,1x1724x3881x647,99.0,450.0,88.0,217.649,0.8363711953163147,linear
,1,1x1055x2633x829,99.0,450.0,88.0,217.649,0.4661119997501373,linear
,1,1x1207x2340x696,31.8,982.8,85.24,202.90628,0.3905088007450104,linear
,1,1x1862x2577x1927,29.0,1005.0,85.0,202.292,1.6359423875808716,linear
,1,1x1240x3239x1794,29.0,1005.0,85.0,202.292,1.2564032077789309,linear
,1,1x1200x2787x1246,29.0,1005.0,85.0,202.292,0.7239680290222168,linear
,1,1x1595x3910x2205,29.0,1005.0,85.0,202.292,2.267340898513794,linear
,1,1x1135x2915x2142,38.4,1005.0,85.0,196.12539999999996,1.187827181816101,linear
,1,1x1884x2925x3111,76.0,1005.0,85.0,171.45899999999995,3.024467134475708,linear
,1,1x1354x3838x7002,76.0,1005.0,85.0,171.45899999999995,5.857868766784668,linear
,1,1x1673x2514x7426,68.2,1005.0,86.2,178.46339999999992,5.109305572509766,linear
,1,1x1467x3474x5815,63.0,1005.0,87.0,183.13299999999992,4.944595241546631,linear
,1,1x1745x3491x15170,80.28,1005.0,88.44,205.2982,14.728979110717772,linear
,1,1x1605x2455x9628,99.0,450.0,91.0,241.991,6.246336078643799,linear
,1,1x1481x3911x14436,69.76,810.6,89.4,227.4838400000001,13.433158493041992,linear
,1,1x1573x3132x26457,99.2,429.0,87.8,206.06020000000012,20.42691841125488,linear
,1,1x1905x3039x29209,78.64,716.4,88.92,218.07548000000008,25.859590148925783,linear
,1,1x1228x2566x20263,99.0,1005.0,89.0,227.933,10.368793869018557,linear
,1,1x1186x3615x34426,98.8,636.0,89.2,227.7873999999999,23.15178184509277,linear
,1,1x1588x2388x42191,100.0,1005.0,89.16,216.03199999999987,24.76398048400879,linear
,1,1x2037x3529x46398,99.16,848.4,87.4,218.50548,51.59701156616211,linear
,1,1x1948x5416x93,100.0,315.0,88.0,220.99399999999997,0.2566143989562988,linear
,1,1x1419x4339x12,100.0,591.0,88.0,220.99399999999997,0.0716544017195701,linear
,1,1x1585x8042x103,62.0,1005.0,86.0,226.714,0.3089792013168335,linear
,1,1x1829x4939x416,62.0,1005.0,86.0,226.714,0.8412800073623657,linear
,1,1x1747x7160x289,62.0,1005.0,86.0,226.714,0.6971392035484314,linear
,1,1x1904x5620x440,62.0,1005.0,86.0,226.714,0.9541311979293824,linear
,1,1x1462x7909x842,62.0,1005.0,86.0,226.714,2.156339168548584,linear
,1,1x1680x5720x714,53.36,1005.0,86.0,189.94599999999988,1.2016831874847411,linear
,1,1x1509x4271x804,53.0,1005.0,86.0,188.41399999999987,0.9994239807128906,linear
,1,1x1219x7497x1641,53.0,1005.0,86.0,188.41399999999987,2.572044849395752,linear
,1,1x1273x7160x1235,53.0,1005.0,86.0,188.41399999999987,1.8765759944915767,linear
,1,1x1780x4137x1132,53.0,1005.0,86.0,188.41399999999987,1.4264320135116575,linear
,1,1x1968x5079x2566,53.0,1005.0,86.0,178.748,4.218636894226075,linear
,1,1x1213x6258x3262,53.0,1005.0,86.0,178.748,4.032921600341797,linear
,1,1x1813x5636x4046,53.8,1005.0,87.2,185.8728,6.552550411224365,linear
,1,1x1951x5760x7375,56.76,1005.0,89.16,198.34096,12.90136947631836,linear
,1,1x1058x7872x5629,99.0,607.2,89.88,234.20283999999992,8.83995532989502,linear
,1,1x1837x7626x6830,97.2,699.0,88.8,212.25280000000004,15.034572792053222,linear
,1,1x1386x6357x16280,99.8,760.2,89.16,217.94816,22.33277473449707,linear
,1,1x1231x6353x11903,99.0,614.4,88.96,216.25083999999995,14.895065689086914,linear
,1,1x1614x4122x9737,99.0,513.6,88.0,223.09355999999983,10.357350540161132,linear
,1,1x1051x7984x30407,99.6,730.8,88.84,222.59068,40.62611846923828,linear
,1,1x1992x4993x17865,97.4,662.4,88.32,216.92264000000003,27.99939765930176,linear
,1,1x1552x8082x24692,99.28,465.6,88.12,214.48912,50.09465560913086,linear
,1,1x1476x5257x56178,98.6,750.0,88.4,220.69748000000007,69.79825897216797,linear
,1,1x1383x6270x55630,99.88,747.0,88.64,229.18068,76.04298248291016,linear
,1,1x1615x4999x33315,99.8,826.8,88.36,227.6937600000001,42.33251800537109,linear
,1,1x3908x21x112,100.0,420.0,88.0,229.08600000000013,0.0184320006519556,linear
,1,1x3483x146x80,100.0,420.0,88.0,229.08600000000013,0.0327679999172687,linear
,1,1x3631x217x205,100.0,420.0,88.0,229.08600000000013,0.0630463987588882,linear
,1,1x2866x155x413,100.0,420.0,88.0,229.08600000000013,0.0591488011181354,linear
,1,1x3499x219x495,100.0,420.0,88.0,229.08600000000013,0.0994879975914955,linear
,1,1x3250x28x458,100.0,420.0,88.0,229.08600000000013,0.0358400009572505,linear
,1,1x3239x247x852,100.0,420.0,88.0,229.08600000000013,0.1648640036582946,linear
,1,1x4035x103x630,100.0,420.0,88.0,229.08600000000013,0.0788159981369972,linear
,1,1x2276x63x820,8.0,1005.0,83.0,206.333,0.0563200004398822,linear
,1,1x3034x88x1435,8.0,1005.0,83.0,206.333,0.1170496016740798,linear
,1,1x3756x218x1328,8.0,1005.0,83.0,206.333,0.2342335999011993,linear
,1,1x3965x235x1592,8.0,1005.0,83.0,206.333,0.3041279911994934,linear
,1,1x2622x143x3289,8.0,1005.0,83.0,206.333,0.2689023911952972,linear
,1,1x2233x16x2700,8.0,1005.0,83.0,206.333,0.0970624029636383,linear
,1,1x2312x32x3074,8.0,1005.0,83.0,206.333,0.1268544018268585,linear
,1,1x2867x101x6165,9.0,1005.0,81.0,151.85399999999993,0.4304063975811004,linear
,1,1x2185x72x4139,9.0,1005.0,81.0,151.85399999999993,0.1904512017965317,linear
,1,1x2324x225x7599,9.0,1005.0,81.0,151.85399999999993,0.7943167924880982,linear
,1,1x2966x149x12311,9.0,1005.0,81.0,151.85399999999993,1.12248957157135,linear
,1,1x3978x135x8684,9.0,1005.0,81.0,151.85399999999993,0.9807872176170348,linear
,1,1x4070x38x8772,9.0,1005.0,81.0,151.85399999999993,0.6379520297050476,linear
,1,1x3483x221x32034,48.0,1005.0,83.0,158.20499999999996,4.580531120300293,linear
,1,1x2561x221x30371,48.0,1005.0,83.0,158.20499999999996,3.2333824634552,linear
,1,1x2425x6x23827,48.0,1005.0,83.0,158.20499999999996,0.8459519863128662,linear
,1,1x3335x180x48775,43.0,1005.0,85.0,191.87700000000004,6.432934284210205,linear
,1,1x3865x155x56816,44.92,1005.0,85.0,192.73556000000005,6.839910411834717,linear
,1,1x2610x119x52753,91.0,1005.0,89.0,213.341,3.5075327873229982,linear
,1,1x3156x399x197,91.0,1005.0,89.0,213.341,0.0870399996638298,linear
,1,1x2891x451x95,91.0,1005.0,89.0,213.341,0.0490688011050224,linear
,1,1x3800x286x56,91.0,1005.0,89.0,213.341,0.0358400009572505,linear
,1,1x3172x300x384,91.0,1005.0,89.0,213.341,0.0878143996000289,linear
,1,1x3132x348x484,91.0,1005.0,89.0,213.341,0.1381887942552566,linear
,1,1x3181x417x289,7.0,1005.0,84.0,216.378,0.1204224035143852,linear
,1,1x2517x276x701,7.0,1005.0,84.0,216.378,0.1361983954906463,linear
,1,1x2496x296x967,7.0,1005.0,84.0,216.378,0.1820607990026474,linear
,1,1x3386x441x856,7.0,1005.0,84.0,216.378,0.2856703996658325,linear
,1,1x2915x417x1729,7.0,1005.0,84.0,216.378,0.4271935999393463,linear
,1,1x3855x419x1576,7.0,1005.0,84.0,216.378,0.5187584161758423,linear
,1,1x3728x442x1188,7.0,1005.0,84.0,216.378,0.4173760056495667,linear
,1,1x3115x403x3448,8.04,1005.0,83.88,215.06492,0.8738815784454346,linear
,1,1x2543x471x3127,33.0,1005.0,81.0,183.551,0.7460800170898437,linear
,1,1x2571x462x3037,33.0,1005.0,81.0,183.551,0.7106559872627258,linear
,1,1x3233x501x5199,33.0,1005.0,81.0,183.551,1.5234880208969117,linear
,1,1x3000x409x8138,33.0,1005.0,81.0,183.551,1.839308834075928,linear
,1,1x3188x417x4911,33.0,1005.0,81.0,183.551,1.2230656147003174,linear
,1,1x2483x375x12758,60.0,1005.0,83.0,142.21700000000007,2.184191942214966,linear
,1,1x3203x475x15481,60.0,1005.0,83.0,142.21700000000007,4.017094326019287,linear
,1,1x2526x438x9488,60.0,1005.0,83.0,142.21700000000007,1.8151423931121824,linear
,1,1x3349x354x17552,61.52,1005.0,85.28,166.07643999999993,3.657439947128296,linear
,1,1x3206x324x22891,62.0,1005.0,86.0,173.6109999999999,4.190355205535889,linear
,1,1x3010x435x32252,69.2,1005.0,87.2,188.1418,7.204576015472412,linear
,1,1x2509x404x60267,80.0,1005.0,89.0,209.93800000000007,10.455039978027344,linear
,1,1x4030x507x59770,99.0,852.0,90.88,243.984,20.08264274597168,linear
,1,1x3859x474x58896,60.28,974.4,85.84,208.49988,18.0737663269043,linear
,1,1x2893x625x169,99.0,1005.0,94.0,222.25600000000009,0.1903232008218765,linear
,1,1x2692x918x118,99.0,1005.0,94.0,222.25600000000009,0.1116160005331039,linear
,1,1x3678x1009x22,99.0,1005.0,94.0,222.25600000000009,0.061439998447895,linear
,1,1x3154x599x296,99.0,1005.0,94.0,222.25600000000009,0.1646592020988464,linear
,1,1x3286x793x491,99.0,1005.0,94.0,222.25600000000009,0.3182592093944549,linear
,1,1x3213x763x452,99.0,1005.0,94.0,222.25600000000009,0.2805695950984955,linear
,1,1x4001x624x831,99.0,1005.0,94.0,222.25600000000009,0.4425599992275238,linear
,1,1x3001x573x1018,21.0,915.0,84.0,211.199,0.3856383979320526,linear
,1,1x4096x833x754,21.0,915.0,84.0,211.199,0.536575973033905,linear
,1,1x2729x715x1921,21.0,915.0,84.0,211.199,0.8056447863578796,linear
,1,1x3832x814x1580,21.0,915.0,84.0,211.199,1.0004479885101318,linear
,1,1x2603x681x1995,21.0,915.0,84.0,211.199,0.7157760262489319,linear
,1,1x3927x851x2436,21.0,915.0,84.0,211.199,1.640831971168518,linear
,1,1x3301x889x3700,32.0,915.0,84.0,160.366,2.032435178756714,linear
,1,1x3401x796x3988,32.0,915.0,84.0,160.366,1.9343359470367432,linear
,1,1x2367x566x5219,32.0,915.0,84.0,160.366,1.2793471813201904,linear
,1,1x3325x837x4737,32.0,915.0,84.0,160.366,2.326636838912964,linear
,1,1x2152x887x7915,42.0,1005.0,86.0,152.40799999999993,2.539520025253296,linear
,1,1x2071x830x13574,42.0,1005.0,86.0,152.40799999999993,3.89263367652893,linear
,1,1x2283x544x15906,42.0,1005.0,86.0,152.40799999999993,3.2624640464782715,linear
,1,1x3767x635x9111,81.56,1005.0,86.92,181.503,3.6028223991394044,linear
,1,1x3700x939x18399,85.0,1005.0,87.0,184.033,10.131820678710938,linear
,1,1x2062x831x25355,99.0,1005.0,90.0,221.199,7.153983974456788,linear
,1,1x3349x533x21933,91.72,1005.0,89.72,228.02428,6.645350456237793,linear
,1,1x3224x695x51051,84.44,915.0,90.8,246.53932,18.83545608520508,linear
,1,1x2427x1014x56044,99.12,705.0,88.64,213.1438,21.78780784606933,linear
,1,1x3450x788x38716,94.24,808.2,87.96,222.50231999999997,16.791347122192384,linear
,1,1x3573x1798x18,100.0,420.0,89.0,219.86999999999992,0.0726272016763687,linear
,1,1x3303x1358x240,100.0,420.0,89.0,219.86999999999992,0.2416640073060989,linear
,1,1x3692x1639x21,100.0,420.0,89.0,219.86999999999992,0.0675328001379966,linear
,1,1x2581x1707x284,100.0,420.0,89.0,219.86999999999992,0.2969599962234497,linear
,1,1x3283x1654x298,100.0,420.0,89.0,219.86999999999992,0.3658688068389892,linear
,1,1x2458x1989x458,100.0,420.0,89.0,219.86999999999992,0.4370431959629058,linear
,1,1x3208x1894x916,23.0,1005.0,84.2,209.58100000000005,1.018617582321167,linear
,1,1x2365x1496x654,23.0,1005.0,84.0,209.58100000000005,0.5007359981536865,linear
,1,1x3216x1662x909,23.0,1005.0,84.0,209.58100000000005,0.8978303909301758,linear
,1,1x3705x1050x1354,23.0,1005.0,84.0,209.58100000000005,0.9236479997634888,linear
,1,1x2523x1947x1788,23.0,1005.0,84.0,209.58100000000005,1.4315520524978638,linear
,1,1x2858x1956x1915,23.0,1005.0,84.0,209.58100000000005,1.7661439895629882,linear
,1,1x3431x1631x2145,46.0,1005.0,85.0,169.56599999999992,1.9896320104599,linear
,1,1x2198x1836x3067,46.0,1005.0,85.0,169.56599999999992,2.036672019958496,linear
,1,1x2215x1181x3386,46.0,1005.0,85.0,169.56599999999992,1.5247296333312987,linear
,1,1x3101x1187x7647,46.48,1005.0,85.24,171.78599999999992,4.6163839340209964,linear
,1,1x3182x1118x7362,50.0,1005.0,87.0,188.06599999999992,4.250214576721191,linear
,1,1x3352x1223x5910,50.0,1005.0,87.0,188.06599999999992,3.9841472625732415,linear
,1,1x3453x1722x13430,60.12,1005.0,87.0,215.25843999999995,12.41884174346924,linear
,1,1x4041x1732x9554,63.6,878.4,88.48,231.3473600000001,10.897785758972168,linear
,1,1x3750x1072x12844,100.0,300.0,86.0,233.53499999999997,8.197932815551757,linear
,1,1x2780x1350x29528,84.6,856.8,87.56,218.59128,17.318265533447267,linear
,1,1x4075x1975x25765,95.64,597.0,87.72,218.53388000000004,31.865836715698244,linear
,1,1x3762x1865x22574,99.76,430.8,87.92,222.6355600000001,24.689229202270507,linear
,1,1x2142x1822x45419,96.4,744.0,87.72,218.2674800000001,27.628908920288087,linear
,1,1x2896x1969x62862,98.48,694.2,88.52,228.1371200000001,55.77359313964844,linear
,1,1x2181x1857x63584,99.84,708.6,88.68,220.39712,41.24773788452149,linear
,1,1x3537x3685x226,100.0,285.0,87.0,215.646,0.6127488136291503,linear
,1,1x4025x2909x136,100.0,285.0,87.0,215.646,0.4030016005039215,linear
,1,1x3105x3176x19,100.0,285.0,87.0,215.646,0.1224447980523109,linear
,1,1x3850x3256x336,18.0,1005.0,85.0,190.64800000000005,0.8875968217849731,linear
,1,1x3540x3711x501,18.0,1005.0,85.0,190.64800000000005,1.2269440174102784,linear
,1,1x2107x2314x432,18.0,1005.0,85.0,190.64800000000005,0.4478976011276245,linear
,1,1x2984x2878x885,18.0,1005.0,85.0,190.64800000000005,1.3109119653701782,linear
,1,1x2797x3052x746,18.0,1005.0,85.0,190.64800000000005,1.0809344053268433,linear
,1,1x2981x3048x1001,29.52,1005.0,84.64,181.93384000000003,1.6133952140808103,linear
,1,1x2458x2929x2022,50.0,1005.0,84.0,166.442,2.7772671222686767,linear
,1,1x2772x3395x2014,50.0,1005.0,84.0,166.442,3.19299840927124,linear
,1,1x3356x3976x2040,49.88,1005.0,84.08,166.4664,4.3089344024658205,linear
,1,1x2922x3307x3299,47.0,1005.0,86.0,167.05200000000005,5.06982421875,linear
,1,1x2692x3382x3989,47.0,1005.0,86.0,167.05200000000005,5.9379456520080565,linear
,1,1x3891x3310x3791,98.0,1005.0,89.0,205.87399999999988,7.670937538146973,linear
,1,1x2903x3097x6511,96.08,1005.0,89.32,219.97511999999983,9.26429443359375,linear
,1,1x3044x2706x6763,92.96,899.4,90.0,248.54336,8.90174732208252,linear
,1,1x3179x3562x7686,99.64,582.6,90.0,237.10808000000011,13.709049797058103,linear
,1,1x3844x3053x13564,98.8,637.8,88.16,213.89484,24.777024459838863,linear
,1,1x2981x3936x14127,99.68,778.2,88.88,217.28004,25.8054141998291,linear
,1,1x2295x3578x8458,100.0,400.2,88.0,208.2700000000001,10.8785213470459,linear
,1,1x3967x2830x18779,99.4,604.2,87.96,229.00896000000003,33.13500213623047,linear
,1,1x3693x3252x16593,99.2,648.6,88.76,226.93375999999992,30.27205123901367,linear
,1,1x3501x2674x22573,99.72,619.8,88.96,230.21472000000009,33.143751525878905,linear
,1,1x2991x2904x45987,99.92,522.6,88.84,214.85119999999995,62.66284255981445,linear
,1,1x2153x3867x46438,97.88,862.8,88.04,221.50144,60.13359375,linear
,1,1x2716x2907x40656,98.4,633.0,88.6,219.38,50.34028778076172,linear
,1,1x2115x4156x195,100.0,330.0,87.0,218.29100000000008,0.4392640054225921,linear
,1,1x3979x4226x141,88.48,438.0,87.16,216.06636000000003,0.5979391932487488,linear
,1,1x2908x6497x191,28.0,1005.0,88.0,204.387,0.7467008233070374,linear
,1,1x2884x6604x463,28.0,1005.0,88.0,204.387,1.5675392150878906,linear
,1,1x3593x5487x337,28.0,1005.0,88.0,204.387,1.399808049201965,linear
,1,1x2599x4102x416,28.0,1005.0,88.0,204.387,0.8222527980804444,linear
,1,1x2580x5265x743,28.0,1005.0,88.0,204.387,1.7278592348098756,linear
,1,1x3141x5175x848,60.0,1005.0,85.0,193.97,2.425024080276489,linear
,1,1x2712x7347x843,60.0,1005.0,85.0,193.97,2.8509312152862547,linear
,1,1x3193x6860x1715,60.0,1005.0,85.0,193.97,6.280396747589111,linear
,1,1x2566x4871x1490,95.0,1005.0,87.0,183.35100000000003,3.0461824417114256,linear
,1,1x2847x5257x1479,95.0,1005.0,87.0,183.35100000000003,3.763583898544312,linear
,1,1x2975x5342x3785,96.68,1005.0,87.0,195.48172,9.692569351196289,linear
,1,1x2050x4710x3078,98.0,1005.0,87.0,205.01299999999995,4.984806251525879,linear
,1,1x3765x7300x2841,86.8,1005.0,87.0,221.4178000000001,12.597190475463869,linear
,1,1x3177x6779x4185,94.8,774.6,89.0,233.78908,14.733894348144531,linear
,1,1x3163x4432x7222,99.0,745.8,87.6,212.90872,15.67786865234375,linear
,1,1x4074x7639x7551,98.92,414.0,87.56,217.42499999999995,36.07834243774414,linear
,1,1x4037x6085x16302,97.88,622.2,88.04,223.12668000000005,62.19470062255859,linear
,1,1x3026x7051x15104,99.68,701.4,87.8,227.23664,49.451148986816406,linear
,1,1x3396x4906x12981,99.68,688.2,88.48,225.13064,33.86839141845703,linear
,1,1x3925x6252x21647,99.4,606.0,88.04,226.98732,83.2055679321289,linear
,1,1x2463x4837x29690,99.76,460.8,88.48,220.27356,54.90540771484375,linear
,1,1x2739x6741x16906,98.08,660.6,88.88,220.4986800000001,48.73477020263672,linear
,1,1x2646x6883x55955,100.0,604.2,87.84,224.05528000000007,161.29986572265625,linear
,1,1x3170x4312x65176,98.32,606.6,87.6,226.2186,139.2877166748047,linear
,1,1x3846x7492x45367,100.0,630.0,88.12,224.94768000000005,212.30121154785155,linear
,1,1x7022x40x69,100.0,375.0,91.0,222.098,0.0235456004738807,linear
,1,1x4532x236x225,100.0,375.0,91.0,222.098,0.0716800019145011,linear
,1,1x4632x142x130,100.0,375.0,91.0,222.098,0.0457727998495101,linear
,1,1x5278x162x260,100.0,375.0,91.0,222.098,0.0819199979305267,linear
,1,1x8151x62x426,100.0,375.0,91.0,222.098,0.0933376014232635,linear
,1,1x7006x91x477,100.0,375.0,91.0,222.098,0.1001407966017723,linear
,1,1x4867x132x533,100.0,375.0,91.0,222.098,0.1095679998397827,linear
,1,1x7167x36x689,100.0,375.0,91.0,222.098,0.100953596830368,linear
,1,1x7743x16x552,11.0,1005.0,83.0,202.22,0.0716672018170356,linear
,1,1x7821x200x1942,11.0,1005.0,83.0,202.22,0.6008255958557129,linear
,1,1x4577x246x1227,11.0,1005.0,83.0,202.22,0.2826240062713623,linear
,1,1x7661x194x1193,11.0,1005.0,83.0,202.22,0.3843584001064301,linear
,1,1x5637x46x3306,11.0,1005.0,83.0,202.22,0.311679995059967,linear
,1,1x7134x23x2927,11.0,1005.0,83.0,202.22,0.3214464008808136,linear
,1,1x5784x60x3238,11.0,1005.0,83.0,202.22,0.3491456031799316,linear
,1,1x6212x217x6634,17.72,1005.0,82.04,155.57935999999998,1.7158015727996827,linear
,1,1x7336x22x7776,18.0,1005.0,82.0,153.636,0.8452095985412598,linear
,1,1x7359x146x6443,18.0,1005.0,82.0,153.636,1.4397119998931884,linear
,1,1x8019x56x10018,18.0,1005.0,82.0,153.636,2.2224639892578124,linear
,1,1x4433x97x11640,29.52,1005.0,82.72,158.18243999999996,1.5196032047271728,linear
,1,1x7210x79x12973,50.0,1005.0,84.0,166.26499999999993,2.6290175914764404,linear
,1,1x5271x163x18243,50.0,1005.0,84.0,166.26499999999993,3.113088083267212,linear
,1,1x7219x2x18299,51.76,1005.0,84.16,169.27251999999993,1.866496014595032,linear
,1,1x8115x129x27694,61.0,1005.0,85.0,185.06199999999995,6.167743968963623,linear
,1,1x7112x11x61063,76.0,1005.0,86.0,201.59700000000004,6.423942375183105,linear
,1,1x7519x236x62411,90.48,916.2,86.4,220.2151600000001,20.103372955322264,linear
,1,1x5691x187x63136,94.2,916.2,88.2,239.07339999999996,12.82744312286377,linear
,1,1x5730x368x173,93.0,1005.0,87.0,238.0829999999999,0.4028287947177887,linear
,1,1x5717x334x211,41.0,240.0,89.0,218.4290000000001,0.4335359930992126,linear
,1,1x4529x426x47,41.0,240.0,89.0,218.4290000000001,0.179103997349739,linear
,1,1x5532x405x412,41.0,240.0,89.0,218.4290000000001,0.4071424007415771,linear
,1,1x5298x484x306,41.0,240.0,89.0,218.4290000000001,0.3642623960971832,linear
,1,1x4259x508x433,41.0,240.0,89.0,218.4290000000001,0.3819519877433777,linear
,1,1x6491x299x876,41.0,240.0,89.0,218.4290000000001,0.6502143979072571,linear
,1,1x4523x379x826,41.0,240.0,89.0,218.4290000000001,0.5674304127693176,linear
,1,1x4254x411x902,37.4,369.6,88.04,211.39856,0.6666240096092224,linear
,1,1x5181x434x1560,26.0,510.0,83.0,198.9,1.2748672485351562,linear
,1,1x6087x295x1387,26.0,510.0,83.0,198.9,0.9113600134849548,linear
,1,1x6807x311x1274,26.0,510.0,83.0,198.9,0.9412543892860412,linear
,1,1x4747x455x3361,26.0,510.0,83.0,198.9,2.201395273208618,linear
,1,1x5537x358x3127,51.6,666.0,81.48,154.27439999999996,1.6240639686584473,linear
,1,1x6435x368x3796,58.0,705.0,81.0,143.11799999999997,2.255244827270508,linear
,1,1x4591x477x4751,58.0,705.0,81.0,143.11799999999997,1.9027967691421508,linear
,1,1x8190x410x8103,61.2,729.0,81.24,144.23519999999996,4.925420665740967,linear
,1,1x7901x488x5347,98.0,1005.0,84.0,157.08300000000006,3.4285568714141847,linear
,1,1x5512x334x11206,98.0,1005.0,84.0,157.08300000000006,3.603251218795776,linear
,1,1x5393x412x12742,46.0,1005.0,85.6,183.1526,5.0425409317016605,linear
,1,1x6745x501x12933,33.0,1005.0,86.0,189.67000000000004,7.304972743988037,linear
,1,1x5095x323x25622,39.0,1005.0,89.0,224.085,7.531654357910156,linear
,1,1x6769x376x26626,76.76,1005.0,87.72,230.93811999999997,11.39506549835205,linear
,1,1x4255x417x19517,98.0,1005.0,87.0,234.79299999999995,5.934854412078858,linear
,1,1x5269x443x36637,99.0,548.4,89.24,230.04548000000003,14.401535987854004,linear
,1,1x5735x353x40657,94.44,737.4,87.84,222.7846000000001,14.547993659973145,linear
,1,1x6522x269x34657,97.44,751.2,87.36,220.25552000000013,10.75336971282959,linear
,1,1x7832x795x102,96.0,1005.0,87.0,213.8270000000001,0.1539584040641784,linear
,1,1x6679x897x14,96.0,1005.0,87.0,213.8270000000001,0.0761088028550148,linear
,1,1x4620x582x72,96.0,1005.0,87.0,213.8270000000001,0.0818751990795135,linear
,1,1x8131x923x288,96.0,1005.0,87.0,213.8270000000001,0.454636800289154,linear
,1,1x4295x566x372,96.0,1005.0,87.0,213.8270000000001,0.1998528003692627,linear
,1,1x4254x809x509,20.0,1005.0,84.0,199.43400000000008,0.3460160076618194,linear
,1,1x7112x681x919,20.0,1005.0,84.0,199.43400000000008,0.8608768105506897,linear
,1,1x6776x779x915,20.0,1005.0,84.0,199.43400000000008,0.929964792728424,linear
,1,1x5781x717x818,20.0,1005.0,84.0,199.43400000000008,0.659603214263916,linear
,1,1x5579x854x1447,20.0,1005.0,84.0,199.43400000000008,1.2642303705215454,linear
,1,1x4099x544x1127,20.0,1005.0,84.0,199.43400000000008,0.4982592046260833,linear
,1,1x7563x894x1180,18.4,1005.0,83.2,184.6163999999999,1.49278724193573,linear
,1,1x4345x1000x2764,18.0,1005.0,83.0,180.91199999999992,2.060697555541992,linear
,1,1x4630x920x3594,18.0,1005.0,83.0,180.91199999999992,2.537651205062866,linear
,1,1x8022x720x3143,18.0,1005.0,83.0,180.91199999999992,3.023366355895996,linear
,1,1x7079x603x7105,84.0,1005.0,85.0,172.567,5.211744022369385,linear
,1,1x7926x868x6492,84.0,1005.0,85.0,172.567,7.197849655151368,linear
,1,1x5442x556x6910,76.0,1005.0,89.0,208.26299999999995,3.478316831588745,linear
,1,1x6183x681x11908,76.0,1005.0,89.0,208.26299999999995,8.244594955444336,linear
,1,1x7813x672x11278,61.0,1005.0,91.0,241.735,9.633983993530274,linear
,1,1x4289x529x8702,61.0,1005.0,91.0,241.735,3.34334077835083,linear
,1,1x4183x820x27629,98.6,642.0,89.0,235.8464000000001,15.165485000610351,linear
,1,1x4351x774x31903,91.88,891.6,87.4,224.28688,17.14031982421875,linear
,1,1x4851x597x24425,99.52,677.4,89.6,237.39775999999992,11.53594226837158,linear
,1,1x4874x523x41182,99.0,892.2,88.36,226.76519999999996,17.42373123168945,linear
,1,1x7797x813x43434,99.64,685.2,87.68,220.31124,43.95642242431641,linear
,1,1x7269x693x57457,88.24,685.2,88.4,227.97652,46.62373733520508,linear
,1,1x5178x1073x225,100.0,240.0,89.0,226.99700000000004,0.2467264026403427,linear
,1,1x4645x1158x45,100.0,240.0,89.0,226.99700000000004,0.0933440014719963,linear
,1,1x7751x1789x135,9.0,1005.0,86.0,216.4229999999999,0.5015552043914795,linear
,1,1x4188x1786x287,9.0,1005.0,86.0,216.4229999999999,0.4970495998859405,linear
,1,1x8015x2005x366,9.0,1005.0,86.0,216.4229999999999,1.0734847784042358,linear
,1,1x7484x1765x372,9.0,1005.0,86.0,216.4229999999999,0.8611840009689331,linear
,1,1x5937x1285x1003,9.0,1005.0,86.0,216.4229999999999,1.321984052658081,linear
,1,1x4424x1781x797,9.0,1005.0,86.0,216.4229999999999,1.1415551900863647,linear
,1,1x6858x1211x1014,49.0,1005.0,85.0,185.2359999999999,1.4581952095031738,linear
,1,1x6606x1417x1711,49.0,1005.0,85.0,185.2359999999999,2.758188772201538,linear
,1,1x5517x1265x1621,49.0,1005.0,85.0,185.2359999999999,1.9402495861053464,linear
,1,1x5295x1546x1172,49.0,1005.0,85.0,185.2359999999999,1.7508095741271972,linear
,1,1x5728x1569x2257,51.88,1005.0,85.0,179.24752,3.323628807067871,linear
,1,1x4543x1109x2336,52.0,1005.0,85.0,178.998,1.9824639558792116,linear
,1,1x6367x1607x3809,52.0,1005.0,85.0,178.998,6.285312175750732,linear
,1,1x5761x1060x5410,87.0,1005.0,88.0,199.78200000000007,5.372640037536621,linear
,1,1x5902x1597x4976,87.0,1005.0,88.0,199.78200000000007,7.473152160644531,linear
,1,1x7722x1332x7246,84.0,1005.0,90.0,230.903,11.81143035888672,linear
,1,1x5780x1788x10560,51.4,484.8,93.04,243.13339999999985,17.46206741333008,linear
,1,1x5988x1802x15888,81.96,835.8,88.24,211.30808000000007,26.59589729309082,linear
,1,1x7745x1893x9658,93.84,732.6,88.16,229.7919200000001,22.083993911743164,linear
,1,1x4394x1806x28331,95.2,695.4,87.6,215.55,34.85654983520508,linear
,1,1x5257x1917x25511,99.44,748.8,88.64,225.08332,41.00813446044922,linear
,1,1x7564x1368x24126,97.16,483.0,88.68,229.2388000000001,39.35598678588868,linear
,1,1x5627x1528x33342,82.4,780.6,88.28,226.09500000000008,44.17780532836914,linear
,1,1x6078x1777x51071,98.88,686.4,88.48,225.28116000000009,87.21289672851563,linear
,1,1x6449x1968x64878,97.28,676.2,88.48,227.75248,130.90296630859376,linear
,1,1x4698x3554x153,78.88,930.0,89.0,218.53200000000007,0.6192448019981385,linear
,1,1x7664x2651x231,78.0,930.0,89.0,218.53200000000007,0.8544256091117859,linear
,1,1x7907x3570x105,78.0,930.0,89.0,218.53200000000007,0.7716544032096863,linear
,1,1x7263x3824x296,78.0,930.0,89.0,218.53200000000007,1.4820927858352662,linear
,1,1x4926x2646x395,78.0,930.0,89.0,218.53200000000007,1.0413503646850586,linear
,1,1x7111x2257x320,78.0,930.0,89.0,218.53200000000007,0.9529343843460084,linear
,1,1x5705x2430x906,43.0,1005.0,86.0,205.402,2.3003328800201417,linear
,1,1x5339x3797x774,43.0,1005.0,86.0,205.402,2.8817088127136232,linear
,1,1x5032x2376x983,43.0,1005.0,86.0,205.402,2.077478456497192,linear
,1,1x8056x3163x1697,54.4,1005.0,86.0,187.91800000000003,7.064326477050781,linear
,1,1x5352x2452x1768,62.0,1005.0,86.0,176.26200000000006,3.710739183425903,linear
,1,1x7665x3711x1910,74.96,1005.0,86.36,185.89164000000005,8.265459251403808,linear
,1,1x5850x3709x3810,98.12,1005.0,87.6,208.0384,12.932095527648926,linear
,1,1x4166x2663x3804,99.0,747.0,90.0,237.89760000000007,16.757113456726074,linear
,1,1x4813x2214x2725,99.0,360.0,87.0,227.3850000000001,4.740467166900634,linear
,1,1x6286x3242x4684,61.28,959.4,89.24,207.38831999999996,14.940127944946289,linear
,1,1x6871x2715x7969,99.72,556.2,88.24,227.28144000000003,23.159174728393555,linear
,1,1x5315x2684x4398,99.0,1005.0,86.0,216.79599999999996,9.897983932495118,linear
,1,1x6056x4021x15325,98.84,744.0,88.84,218.4972000000001,57.88556900024414,linear
,1,1x4497x2177x12324,99.76,891.6,88.2,214.55708,18.86679039001465,linear
,1,1x4157x2721x12298,99.48,622.2,88.92,215.22947999999988,21.532262802124023,linear
,1,1x7520x2206x16687,93.56,783.6,88.16,219.15204000000008,43.17039413452149,linear
,1,1x7297x2854x30637,100.0,621.6,88.64,223.8309600000001,101.37863159179688,linear
,1,1x7894x2994x26712,99.96,535.8,88.6,226.35828000000004,98.66545867919922,linear
,1,1x5913x3889x48430,99.96,568.2,89.32,218.81012,184.08179931640623,linear
,1,1x6452x2523x48159,99.68,694.8,88.32,224.14528,124.65794067382812,linear
,1,1x5160x3106x43846,99.52,531.6,88.2,224.17244000000005,111.6436538696289,linear
,1,1x4721x5371x63,100.0,1005.0,88.0,225.83600000000013,0.4023423969745636,linear
,1,1x6376x4779x183,100.0,1005.0,88.0,225.83600000000013,1.0842048168182372,linear
,1,1x5410x5687x246,100.0,1005.0,88.0,225.83600000000013,1.4184767961502076,linear
,1,1x5954x8146x491,100.0,1005.0,88.0,225.83600000000013,3.9356415271759033,linear
,1,1x6871x7501x260,76.8,1005.0,86.4,205.73119999999997,3.005017566680908,linear
,1,1x6694x6112x416,71.0,1005.0,86.0,200.705,2.971238374710083,linear
,1,1x7472x4706x885,71.0,1005.0,86.0,200.705,4.917247867584228,linear
,1,1x4917x7066x629,75.4,1005.0,86.88,208.31524000000005,3.4641919136047363,linear
,1,1x4749x6531x817,76.0,1005.0,87.0,209.35300000000004,4.351782321929932,linear
,1,1x4129x4972x2001,77.76,1005.0,87.08,210.70852,6.549823951721192,linear
,1,1x4947x4234x1988,98.0,1005.0,89.0,226.2969999999999,6.87077112197876,linear
,1,1x5825x7279x1419,97.52,1005.0,89.0,230.7907599999999,10.251052856445312,linear
,1,1x4108x5035x3710,97.16,1005.0,89.16,236.66932,11.839673614501953,linear
,1,1x7330x5186x2942,99.0,450.6,87.12,227.3417599999999,17.450393295288087,linear
,1,1x5301x5106x3559,99.0,566.4,88.92,215.7774,15.112192153930664,linear
,1,1x8110x8102x6340,99.8,565.8,89.32,223.56832000000009,66.69018859863282,linear
,1,1x7483x5001x6449,99.8,581.4,89.52,223.7102,37.59713287353516,linear
,1,1x7778x5742x6354,87.52,639.0,88.56,219.5506000000001,43.79299774169922,linear
,1,1x5890x5282x9992,96.16,651.6,87.92,216.6924,48.81387557983398,linear
,1,1x6162x6098x11190,98.72,676.8,89.12,218.29,66.54871215820313,linear
,1,1x6606x7577x12308,97.6,774.6,88.0,211.27360000000007,96.59973907470705,linear
,1,1x7020x7958x24287,100.0,728.4,88.44,212.80528,212.0685546875,linear
,1,1x7923x7475x18764,100.0,669.6,87.88,211.02364000000009,174.69820861816407,linear
,1,1x5082x6394x31125,99.68,628.2,87.64,224.28076,159.33851318359376,linear
,1,1x4149x8107x46948,99.68,655.2,88.96,217.35624,251.99062805175785,linear
,1,1x4317x4895x34168,97.92,534.6,88.64,226.8264,112.2000503540039,linear
,1,1x7872x4598x62225,100.0,554.4,88.6,218.2804,524.68466796875,linear
,1,1x194x8317x88,100.0,420.0,90.0,220.6149999999999,0.0716672018170356,linear
,1,1x223x11949x86,100.0,420.0,90.0,220.6149999999999,0.0931840017437934,linear
,1,1x110x8521x101,100.0,420.0,90.0,220.6149999999999,0.0548095993697643,linear
,1,1x70x9058x349,4.0,1005.0,84.0,210.68999999999997,0.0962048023939132,linear
,1,1x70x11114x279,4.0,1005.0,84.0,210.68999999999997,0.1003519967198371,linear
,1,1x236x10890x398,4.0,1005.0,84.0,210.68999999999997,0.26214399933815,linear
,1,1x98x16070x613,4.0,1005.0,84.0,210.68999999999997,0.2897855997085571,linear
,1,1x82x9586x664,4.0,1005.0,84.0,210.68999999999997,0.1822720021009445,linear
,1,1x223x15849x539,4.0,1005.0,84.0,210.68999999999997,0.4732479989528656,linear
,1,1x208x14381x1276,4.0,1005.0,84.0,210.68999999999997,0.839680016040802,linear
,1,1x22x8838x1987,4.0,1005.0,84.0,210.68999999999997,0.14268159866333,linear
,1,1x138x8962x1275,41.0,1005.0,82.0,167.96799999999996,0.4409343898296356,linear
,1,1x97x9244x3686,41.0,1005.0,82.0,167.96799999999996,0.7810687899589539,linear
,1,1x11x12169x3768,41.0,1005.0,82.0,167.96799999999996,0.3929408013820648,linear
,1,1x200x10759x3501,41.0,1005.0,82.0,167.96799999999996,1.6143359899520875,linear
,1,1x44x15890x7187,41.0,1005.0,82.0,167.96799999999996,1.5945279836654662,linear
,1,1x170x10392x7911,55.28,1005.0,83.36,163.73568000000006,2.594764804840088,linear
,1,1x132x13355x5097,62.0,1005.0,84.0,161.74400000000006,2.413094425201416,linear
,1,1x47x22872x253,62.0,1005.0,84.0,161.74400000000006,0.1208320036530494,linear
,1,1x200x19508x237,62.0,1005.0,84.0,161.74400000000006,0.2949120104312897,linear
,1,1x66x16814x126,62.0,1005.0,84.0,161.74400000000006,0.0712704017758369,linear
,1,1x178x20773x286,62.0,1005.0,84.0,161.74400000000006,0.310643208026886,linear
,1,1x14x20949x465,62.0,1005.0,84.0,161.74400000000006,0.1484543979167938,linear
,1,1x40x19407x387,14.0,1005.0,81.0,170.23500000000007,0.1730048030614853,linear
,1,1x223x17904x611,14.0,1005.0,81.0,170.23500000000007,0.5806080102920532,linear
,1,1x14x29042x670,14.0,1005.0,81.0,170.23500000000007,0.2127871990203857,linear
,1,1x94x30679x624,14.0,1005.0,81.0,170.23500000000007,0.4474624097347259,linear
,1,1x230x22744x1726,14.0,1005.0,81.0,170.23500000000007,1.8081599712371823,linear
,1,1x190x31180x1061,14.0,1005.0,81.0,170.23500000000007,1.5602943897247314,linear
,1,1x193x26097x1959,52.0,1005.0,81.0,148.68899999999994,2.434457540512085,linear
,1,1x159x22756x2766,52.0,1005.0,81.0,148.68899999999994,2.397145652770996,linear
,1,1x80x29426x2531,52.0,1005.0,81.0,148.68899999999994,1.5078912258148194,linear
,1,1x71x16958x3215,52.0,1005.0,81.0,148.68899999999994,1.2050431966781616,linear
,1,1x223x25102x4862,50.0,1005.0,83.0,148.78299999999993,4.852505683898926,linear
,1,1x161x27422x5081,50.0,1005.0,83.0,148.78299999999993,5.509900951385498,linear
,1,1x115x16417x4150,55.92,1005.0,83.32,154.88539999999995,1.5201792001724244,linear
,1,1x14x35909x34,87.0,1005.0,85.0,186.9229999999999,0.0422912001609802,linear
,1,1x227x59713x74,87.0,1005.0,85.0,186.9229999999999,0.4748735964298248,linear
,1,1x30x62196x72,87.0,1005.0,85.0,186.9229999999999,0.0752576023340225,linear
,1,1x35x50040x268,87.0,1005.0,85.0,186.9229999999999,0.2512896060943603,linear
,1,1x88x46047x433,87.0,1005.0,85.0,186.9229999999999,0.4964351952075958,linear
,1,1x195x40149x369,87.0,1005.0,85.0,186.9229999999999,0.7216064095497131,linear
,1,1x39x52215x827,79.64,1005.0,84.64,186.72492,0.6501888036727905,linear
,1,1x146x36235x755,41.0,1005.0,82.0,185.685,1.064339208602905,linear
,1,1x39x33687x678,41.0,1005.0,82.0,185.685,0.3716543972492218,linear
,1,1x219x47949x1522,41.0,1005.0,82.0,185.685,3.561209535598755,linear
,1,1x61x62494x2004,41.0,1005.0,82.0,185.685,1.9793408393859864,linear
,1,1x88x44594x1483,40.0,1005.0,82.0,172.27199999999996,1.4833215713500976,linear
,1,1x77x37544x2762,40.0,1005.0,82.0,172.27199999999996,2.329152059555054,linear
,1,1x65x35245x3404,40.0,1005.0,82.0,172.27199999999996,2.409875202178955,linear
,1,1x232x62776x2195,54.4,1005.0,82.72,171.88032000000004,7.359078407287598,linear
,1,1x232x50784x7213,80.28,1005.0,84.56,176.68516000000002,17.083360290527345,linear
,1,1x101x65137x4409,95.92,1005.0,86.28,188.22852000000003,7.650067138671875,linear
,1,1x170x62695x4410,88.0,1005.0,87.0,206.1450000000001,11.575270462036134,linear
,1,1x458x11406x72,99.0,1005.0,88.0,229.96799999999996,0.143340802192688,linear
,1,1x341x12464x41,99.0,1005.0,88.0,229.96799999999996,0.0880640000104904,linear
,1,1x432x14255x53,99.0,1005.0,88.0,229.96799999999996,0.1136640012264251,linear
,1,1x506x12900x390,99.0,1005.0,88.0,229.96799999999996,0.6776831865310669,linear
,1,1x427x12059x394,99.0,1005.0,88.0,229.96799999999996,0.4626432001590729,linear
,1,1x424x11507x311,99.0,1005.0,88.0,229.96799999999996,0.38296959400177,linear
,1,1x265x12547x666,99.0,1005.0,88.0,229.96799999999996,0.5888000130653381,linear
,1,1x501x8303x791,99.0,1005.0,88.0,229.96799999999996,0.6694015860557556,linear
,1,1x469x15562x965,35.0,1005.0,83.0,206.63199999999995,1.5235072374343872,linear
,1,1x404x11105x1288,35.0,1005.0,83.0,206.63199999999995,1.1909120082855225,linear
,1,1x447x11954x1500,35.0,1005.0,83.0,206.63199999999995,1.489913606643677,linear
,1,1x274x11536x1896,35.0,1005.0,83.0,206.63199999999995,1.219379186630249,linear
,1,1x486x15419x3247,40.4,1005.0,83.36,197.16076000000004,4.03822078704834,linear
,1,1x311x10383x2828,50.0,1005.0,84.0,180.323,1.567903995513916,linear
,1,1x469x12492x4054,50.0,1005.0,84.0,180.323,4.012684774398804,linear
,1,1x436x16058x7900,52.72,1005.0,85.36,183.04244,10.150041580200195,linear
,1,1x489x14458x6072,54.0,1005.0,86.0,184.1,7.2840895652771,linear
,1,1x483x11752x5621,98.0,1005.0,88.0,212.12399999999988,5.227724838256836,linear
,1,1x412x24127x74,98.0,1005.0,88.0,212.12399999999988,0.3031040012836456,linear
,1,1x494x32542x113,98.0,1005.0,88.0,212.12399999999988,0.4826815962791443,linear
,1,1x481x16473x96,98.0,1005.0,88.0,212.12399999999988,0.2004991948604583,linear
,1,1x424x20916x381,98.0,1005.0,88.0,212.12399999999988,1.1695488214492795,linear
,1,1x392x32406x495,14.0,1005.0,84.0,219.06400000000005,1.4550976037979126,linear
,1,1x399x26284x377,14.0,1005.0,84.0,219.06400000000005,0.9365503787994384,linear
,1,1x342x27796x537,14.0,1005.0,84.0,219.06400000000005,1.0608191728591918,linear
,1,1x364x32764x608,14.0,1005.0,84.0,219.06400000000005,1.8984960317611692,linear
,1,1x495x20960x567,14.0,1005.0,84.0,219.06400000000005,1.3461503982543943,linear
,1,1x485x20841x1727,61.0,1005.0,83.0,189.37899999999996,3.0382080078125,linear
,1,1x348x31305x1642,61.0,1005.0,83.0,189.37899999999996,3.546873617172241,linear
,1,1x424x20796x1332,61.0,1005.0,83.0,189.37899999999996,2.424211263656616,linear
,1,1x322x32656x2118,67.16,1005.0,84.76,175.81731999999994,5.225260829925537,linear
,1,1x414x20655x2917,68.0,1005.0,85.0,173.96799999999996,4.868460750579834,linear
,1,1x502x23948x4075,58.4,1005.0,85.6,185.77239999999995,7.758214378356934,linear
,1,1x321x25605x4973,52.0,1005.0,86.0,193.64199999999997,7.599072074890136,linear
,1,1x442x29673x8163,95.64,1005.0,87.32,229.91012000000003,20.63399658203125,linear
,1,1x383x24618x8025,98.96,1005.0,89.0,245.94348000000005,11.745657539367675,linear
,1,1x363x34515x212,98.0,1005.0,89.0,251.0910000000001,0.6241663932800293,linear
,1,1x444x62113x55,98.0,1005.0,89.0,251.0910000000001,0.4280320107936859,linear
,1,1x383x36300x237,98.0,1005.0,89.0,251.0910000000001,0.6592512130737305,linear
,1,1x315x45650x269,98.0,1005.0,89.0,251.0910000000001,1.1239423751831057,linear
,1,1x318x33127x427,98.0,1005.0,89.0,251.0910000000001,1.1730495929718017,linear
,1,1x289x48533x327,7.0,1005.0,84.0,211.03000000000003,1.409171199798584,linear
,1,1x291x40402x564,7.0,1005.0,84.0,211.03000000000003,1.6098047733306884,linear
,1,1x418x49106x580,7.0,1005.0,84.0,211.03000000000003,2.9063039779663087,linear
,1,1x494x61540x636,7.0,1005.0,84.0,211.03000000000003,4.118310356140137,linear
,1,1x505x64219x1570,70.0,1005.0,86.0,179.16399999999987,11.773747062683103,linear
,1,1x392x43591x1907,66.64,1005.0,85.16,182.05192,7.317017650604248,linear
,1,1x271x49775x1219,66.0,1005.0,85.0,182.602,3.8774783611297607,linear
,1,1x461x49810x3294,61.6,1005.0,85.88,205.78471999999996,16.63219795227051,linear
,1,1x270x49775x2240,72.0,1005.0,86.0,229.11499999999987,6.760448169708252,linear
,1,1x300x43112x4095,82.4,1005.0,86.8,226.22259999999997,11.538431930541991,linear
,1,1x317x49719x4821,98.48,1005.0,87.56,218.97904000000003,15.910502243041991,linear
,1,1x450x55971x4973,93.56,1005.0,87.0,225.96016,27.66723175048828,linear
,1,1x270x50178x7808,99.0,1005.0,87.56,228.01547999999988,23.48026237487793,linear
,1,1x761x14855x141,99.0,1005.0,88.0,226.9409999999999,0.4185855984687805,linear
,1,1x1004x10672x228,99.0,1005.0,88.0,226.9409999999999,0.5130239725112915,linear
,1,1x722x14867x56,38.0,1005.0,86.0,234.771,0.1545088022947311,linear
,1,1x923x13639x268,38.0,1005.0,86.0,234.771,0.7880320072174072,linear
,1,1x710x12930x397,38.0,1005.0,86.0,234.771,0.9134015798568724,linear
,1,1x985x10576x306,38.0,1005.0,86.0,234.771,0.6205440163612366,linear
,1,1x945x12272x918,38.0,1005.0,86.0,234.771,1.9748608112335204,linear
,1,1x651x11151x572,38.0,1005.0,86.0,234.771,0.8974335789680481,linear
,1,1x745x14662x725,63.0,1005.0,85.0,216.05500000000004,1.5558656454086304,linear
,1,1x520x8998x1075,63.0,1005.0,85.0,216.05500000000004,0.9707520008087158,linear
,1,1x1022x14917x1127,63.0,1005.0,85.0,216.05500000000004,3.0414656162261964,linear
,1,1x542x15575x1656,63.0,1005.0,85.0,216.05500000000004,2.6623551845550537,linear
,1,1x701x15053x3427,51.0,1005.0,85.0,171.45899999999995,6.130035305023194,linear
,1,1x634x11058x2672,51.0,1005.0,85.0,171.45899999999995,2.9127552032470705,linear
,1,1x541x9891x2372,51.0,1005.0,85.0,171.45899999999995,2.3252992630004883,linear
,1,1x918x16076x8148,64.44,1005.0,86.84,192.25024,20.36735954284668,linear
,1,1x681x15156x4720,99.0,978.6,89.08,213.15347999999992,8.295769691467285,linear
,1,1x908x8980x7875,99.0,477.0,90.4,232.4945999999999,10.612531280517578,linear
,1,1x787x17929x17,99.0,1005.0,88.0,218.3249999999999,0.1536000043153763,linear
,1,1x711x21436x230,99.0,1005.0,88.0,218.3249999999999,0.8314240097999572,linear
,1,1x544x22664x195,99.0,1005.0,88.0,218.3249999999999,0.7442432045936584,linear
,1,1x712x17472x454,99.0,1005.0,88.0,218.3249999999999,1.3815744161605834,linear
,1,1x918x30820x499,87.96,1005.0,87.2,211.91552,2.845292806625366,linear
,1,1x567x23274x442,53.0,1005.0,84.0,195.43400000000008,1.4083071947097778,linear
,1,1x908x30330x671,53.0,1005.0,84.0,195.43400000000008,4.155801677703858,linear
,1,1x751x17578x604,53.0,1005.0,84.0,195.43400000000008,1.5472319841384887,linear
,1,1x667x20078x1024,51.4,1005.0,84.8,196.042,2.9044735431671143,linear
,1,1x528x22450x1496,49.0,1005.0,86.0,196.954,3.7890048027038574,linear
,1,1x908x20372x1047,49.0,1005.0,86.0,196.954,4.110713577270508,linear
,1,1x600x17937x2013,57.36,1005.0,86.0,194.94452,3.6400640487670897,linear
,1,1x530x31361x3704,68.0,1005.0,86.0,192.387,12.97587833404541,linear
,1,1x956x29162x3777,99.0,1005.0,88.28,224.7856399999999,19.960832595825195,linear
,1,1x970x26999x2460,99.0,1005.0,89.0,245.87191999999988,11.668479919433594,linear
,1,1x899x29664x5402,99.0,1005.0,89.0,254.39299999999983,28.408838272094727,linear
,1,1x952x22303x7070,99.0,984.6,89.44,264.63568,24.85389404296875,linear
,1,1x978x22505x7211,99.0,739.8,88.76,226.47367999999997,25.504121780395508,linear
,1,1x984x64662x234,99.0,1005.0,89.0,222.1109999999999,3.4291711330413817,linear
,1,1x925x41797x224,99.0,1005.0,89.0,222.1109999999999,2.173075294494629,linear
,1,1x648x39665x178,99.0,1005.0,89.0,222.1109999999999,1.165766429901123,linear
,1,1x513x33952x282,91.48,1005.0,89.0,220.5859999999999,1.3330432176589966,linear
,1,1x994x44409x340,52.0,1005.0,87.0,214.4859999999999,3.681459140777588,linear
,1,1x652x60273x294,52.0,1005.0,87.0,214.4859999999999,2.8085823535919188,linear
,1,1x695x63166x624,52.72,1005.0,87.0,211.29747999999992,6.05546236038208,linear
,1,1x557x34920x986,54.0,1005.0,87.0,205.62899999999996,4.410367965698242,linear
,1,1x657x63461x936,65.52,1005.0,87.32,203.90964,8.656281661987304,linear
,1,1x720x53141x1194,90.0,1005.0,88.0,200.25600000000003,9.718547058105468,linear
,1,1x992x52218x1461,99.0,1005.0,87.0,224.55199999999996,15.488819313049316,linear
,1,1x952x62116x1421,63.8,1005.0,87.0,224.84876,18.602124786376955,linear
,1,1x561x54451x3417,99.0,1005.0,87.88,225.87263999999996,21.833062362670898,linear
,1,1x919x43219x2892,92.6,1005.0,87.4,233.64599999999984,23.383839797973632,linear
,1,1x615x38230x2459,99.0,1005.0,88.0,235.59299999999996,12.70845432281494,linear
,1,1x537x59384x7135,88.4,974.4,88.72,235.16592,46.60690612792969,linear
,1,1x573x33462x5390,99.44,668.4,88.88,235.94888,21.95517425537109,linear
,1,1x545x61477x6411,83.16,1005.0,88.32,241.7893599999999,46.48927383422851,linear
,1,1x1159x8981x5,99.0,1005.0,91.0,257.5559999999998,0.0942080020904541,linear
,1,1x1464x15212x24,99.0,1005.0,89.0,234.171,0.2383552014827728,linear
,1,1x1722x10593x24,99.0,1005.0,89.0,234.171,0.227481597661972,linear
,1,1x1175x14531x481,99.0,1005.0,89.0,234.171,1.5070144176483151,linear
,1,1x1792x11879x267,99.0,1005.0,89.0,234.171,1.2339200258255003,linear
,1,1x1047x9387x509,99.0,1005.0,89.0,234.171,0.8992447972297668,linear
,1,1x1150x11253x666,66.0,1005.0,86.0,204.12599999999992,2.043270444869995,linear
,1,1x1525x8285x936,44.0,1005.0,84.0,184.096,2.155519962310791,linear
,1,1x1601x13673x980,44.0,1005.0,84.0,184.096,3.575174427032471,linear
,1,1x1517x15059x1391,46.52,1005.0,84.56,181.55836,5.077702426910401,linear
,1,1x1027x15482x1259,53.0,1005.0,86.0,175.03299999999996,3.5911423206329345,linear
,1,1x1747x10232x2026,53.0,1005.0,86.0,175.03299999999996,5.93612813949585,linear
,1,1x1974x15900x2734,99.0,1005.0,88.0,204.87399999999988,14.160441589355468,linear
,1,1x1378x12716x3407,47.16,1005.0,88.0,233.25544000000005,9.572742462158203,linear
,1,1x1286x11939x2603,48.48,1005.0,88.0,235.18368000000007,6.918553733825684,linear
,1,1x1888x14089x5704,85.12,922.2,88.64,239.4961600000001,23.538483810424804,linear
,1,1x1923x16352x7039,99.6,609.0,88.84,217.42319999999992,35.643801879882815,linear
,1,1x1544x14678x5711,99.64,601.8,89.0,222.30212000000012,21.160140991210938,linear
,1,1x1170x17135x83,92.0,1005.0,89.0,225.87200000000004,0.5515263915061951,linear
,1,1x1532x25425x35,92.0,1005.0,89.0,225.87200000000004,0.5606783866882324,linear
,1,1x1856x28462x214,92.0,1005.0,89.0,225.87200000000004,2.9409279823303223,linear
,1,1x1645x25787x387,92.0,1005.0,89.0,225.87200000000004,3.5200640678405763,linear
,1,1x1644x28736x342,55.0,1005.0,88.0,208.44599999999997,3.05930233001709,linear
,1,1x1468x29850x327,55.0,1005.0,88.0,208.44599999999997,3.754553604125976,linear
,1,1x1198x28845x782,56.72,1005.0,87.96,208.57047999999995,6.224448013305664,linear
,1,1x1485x24430x779,98.0,1005.0,87.0,211.558,6.360473537445069,linear
,1,1x1981x29177x788,98.36,1005.0,87.36,217.15491999999992,9.978182411193847,linear
,1,1x1579x29263x1816,99.0,1005.0,88.28,233.29328,16.076979446411134,linear
,1,1x1041x27265x1652,99.0,1005.0,89.0,249.20600000000005,8.56592617034912,linear
,1,1x1256x24233x1052,56.68,1005.0,88.08,251.56579999999997,5.75856647491455,linear
,1,1x1567x22788x3064,74.6,1005.0,88.48,249.2164399999999,17.889075088500977,linear
,1,1x1487x19801x2123,98.56,593.4,90.68,241.17492,10.015129470825196,linear
,1,1x1676x21510x2905,98.28,799.2,89.12,231.51723999999987,17.434386825561525,linear
,1,1x1360x17214x7463,85.56,789.0,88.96,216.4471200000001,27.76576042175293,linear
,1,1x1424x31721x4124,97.44,1005.0,86.96,220.59668,35.442431640625,linear
,1,1x1099x17214x5342,60.0,1005.0,88.0,238.00399999999996,16.362873077392578,linear
,1,1x1641x47626x64,70.0,1005.0,91.0,246.46,1.169817566871643,linear
,1,1x1340x58378x91,70.0,1005.0,91.0,246.46,2.2457855224609373,linear
,1,1x1333x61781x117,70.0,1005.0,91.0,246.46,2.5269695281982423,linear
,1,1x1899x38477x436,79.88,1005.0,88.92,234.45164000000008,6.964979267120361,linear
,1,1x1434x57746x276,89.0,1005.0,87.0,223.3670000000001,5.606982326507568,linear
,1,1x1915x49948x389,89.72,1005.0,87.0,215.80267999999992,9.144319915771485,linear
,1,1x1355x33875x621,90.0,1005.0,87.0,212.8609999999999,6.235705471038818,linear
,1,1x1716x46601x893,59.0,1005.0,88.0,227.87299999999988,14.973587036132812,linear
,1,1x1239x48256x519,50.2,1005.0,87.12,232.68923999999984,7.334502410888672,linear
,1,1x1846x36526x1612,81.0,1005.0,87.0,232.56840000000005,21.748659133911133,linear
,1,1x1539x37534x1381,90.72,1005.0,86.08,225.2724000000001,16.559693145751954,linear
,1,1x1212x57408x1458,67.92,1005.0,86.16,233.20692,21.27317771911621,linear
,1,1x1915x43143x2110,99.24,1005.0,87.0,224.19152000000005,38.3350341796875,linear
,1,1x1972x62516x3711,99.84,847.2,88.68,231.78088,92.60597076416016,linear
,1,1x1921x58288x2164,99.64,760.8,88.6,229.7298,51.508154296875,linear
,1,1x1698x53004x5640,99.4,1005.0,86.8,230.3727199999999,106.49185333251953,linear
,1,1x1739x64638x7194,99.92,1005.0,87.36,235.62904000000003,166.69463500976562,linear
,1,1x1652x53031x7662,99.96,1005.0,86.92,228.6598,141.3587188720703,linear
,1,1x2187x12402x170,100.0,1005.0,87.0,230.27499999999992,1.0618559837341308,linear
,1,1x3796x11248x238,39.0,1005.0,85.0,223.85199999999995,1.7582016229629516,linear
,1,1x2081x11129x189,39.0,1005.0,85.0,223.85199999999995,0.9738240242004396,linear
,1,1x3236x13688x458,39.0,1005.0,85.0,223.85199999999995,3.7428991317749034,linear
,1,1x2347x13195x319,39.0,1005.0,85.0,223.85199999999995,2.0291327476501464,linear
,1,1x2750x10586x371,47.28,1005.0,85.92,200.78024,1.8102271556854248,linear
,1,1x2081x15492x645,48.0,1005.0,86.0,198.774,3.9579648971557617,linear
,1,1x3566x13709x996,54.0,1005.0,86.12,198.2718,7.912652778625488,linear
,1,1x2656x11853x568,98.0,1005.0,87.0,194.589,3.236441659927368,linear
,1,1x2828x13612x1715,98.0,1005.0,87.16,198.91108,11.010592079162596,linear
,1,1x3673x14548x1478,98.0,1005.0,88.0,221.60199999999995,12.580172729492189,linear
,1,1x2186x12267x1424,85.0,1005.0,90.0,243.54100000000008,6.74128646850586,linear
,1,1x3751x14685x2163,95.08,1005.0,88.56,243.0168400000001,18.654591751098632,linear
,1,1x3956x12510x2820,79.92,931.2,89.72,227.25671999999997,22.17225646972656,linear
,1,1x3778x14596x3434,99.68,556.8,88.6,217.96975999999992,29.40743675231933,linear
,1,1x2599x13602x7384,86.88,904.2,89.16,222.27599999999995,41.14530639648437,linear
,1,1x2326x10205x7601,95.6,685.8,88.44,221.81632,28.609503936767577,linear
,1,1x3187x14258x5822,99.72,663.6,89.04,230.09328,40.94908828735352,linear
,1,1x2240x20548x152,66.4,957.0,88.8,217.01459999999997,1.7678079843521115,linear
,1,1x3848x29937x133,60.0,1005.0,88.0,216.17699999999996,4.764806270599365,linear
,1,1x3522x23836x226,60.0,1005.0,88.0,216.17699999999996,3.6394816398620606,linear
,1,1x3203x24731x332,61.0,1005.0,87.0,197.009,5.028800010681152,linear
,1,1x2537x31389x278,61.0,1005.0,87.0,197.009,4.995839977264405,linear
,1,1x3492x19778x385,67.4,1005.0,86.36,203.68612,5.676415920257568,linear
,1,1x3072x23604x978,71.0,1005.0,86.0,207.442,11.658220672607422,linear
,1,1x3116x28918x709,99.0,1005.0,89.0,228.5500000000001,14.441228675842286,linear
,1,1x2097x25263x988,84.0,1005.0,90.0,245.66100000000003,8.783423805236817,linear
,1,1x2793x29402x1899,93.32,1005.0,88.8,240.21432,29.33426551818848,linear
,1,1x2704x28138x1339,99.0,1005.0,88.0,232.45479999999992,18.750777435302734,linear
,1,1x3219x20219x1171,98.32,1005.0,88.0,240.33172000000005,13.38081283569336,linear
,1,1x2680x29774x2754,95.56,1005.0,87.52,244.32004000000003,39.37432327270508,linear
,1,1x2887x19890x2962,75.6,936.6,88.84,237.9516,27.464671325683597,linear
,1,1x3573x26086x2510,99.68,723.0,89.64,232.27112,40.20299530029297,linear
,1,1x2288x29146x6630,98.52,1005.0,87.76,240.30232,77.37630157470703,linear
,1,1x3637x29548x6405,97.92,864.0,89.4,258.85084,133.62704162597657,linear
,1,1x2782x18845x5680,94.56,625.8,90.0,232.56379999999996,46.28053817749024,linear
,1,1x2507x38670x242,99.0,1005.0,91.0,232.73999999999987,5.0698240280151365,linear
,1,1x3778x59627x11,99.0,1005.0,91.0,232.73999999999987,2.0645375728607176,linear
,1,1x2064x53856x24,70.0,1005.0,86.0,211.6260000000001,0.939622402191162,linear
,1,1x3896x58859x478,86.24,1005.0,87.68,209.95776,24.011942291259764,linear
,1,1x2390x54803x315,58.0,1005.0,93.0,228.17699999999996,8.560224151611328,linear
,1,1x2684x43048x359,64.4,1005.0,89.0,232.4538000000001,8.952601623535156,linear
,1,1x4024x65078x907,94.64,1005.0,87.6,227.06772000000004,50.22590713500976,linear
,1,1x3870x59622x632,99.16,1005.0,89.4,245.02368,30.01323509216309,linear
,1,1x3592x56928x921,99.48,1005.0,88.0,225.1584800000001,38.94947738647461,linear
,1,1x2964x50649x1916,97.36,1005.0,87.68,233.25952,56.41676177978516,linear
,1,1x2306x61465x1836,89.52,787.2,89.36,236.19640000000007,54.06945953369141,linear
,1,1x2841x52578x1255,97.4,900.6,88.88,232.1676,38.738111877441405,linear
,1,1x3135x51775x3343,98.6,1005.0,88.0,239.9854799999999,111.01141052246092,linear
,1,1x2209x58767x3688,99.84,1005.0,87.8,238.626,97.71867980957032,linear
,1,1x3400x64387x3298,99.04,708.6,89.24,228.84464000000003,149.25304565429687,linear
,1,1x2242x32810x5840,99.0,1005.0,87.8,237.65383999999983,80.59170684814453,linear
,1,1x3118x45324x7687,99.92,1005.0,88.0,248.41276,212.85150756835935,linear
,1,1x2511x46141x7600,100.0,1005.0,87.8,240.75844,170.7241668701172,linear
,1,1x6343x13811x217,97.44,1005.0,87.76,242.21484,3.4320383071899414,linear
,1,1x8010x10436x162,68.0,1005.0,85.0,237.107,2.929446315765381,linear
,1,1x6215x16367x158,68.0,1005.0,85.0,237.107,4.047827243804932,linear
,1,1x5942x13313x260,57.2,1005.0,86.2,229.90579999999989,4.735769557952881,linear
,1,1x7327x10285x351,50.0,1005.0,87.0,225.1049999999999,4.653670406341552,linear
,1,1x6726x13456x423,61.52,1005.0,87.0,224.05356000000003,7.052044773101807,linear
,1,1x7113x9569x972,98.0,1005.0,87.0,220.72400000000007,10.58344955444336,linear
,1,1x6302x15919x748,58.0,1005.0,89.0,232.17000000000004,11.74405117034912,linear
,1,1x7860x11460x779,68.92,1005.0,87.32,238.59683999999996,12.4639102935791,linear
,1,1x4778x9317x1436,85.04,1005.0,87.52,241.6940399999999,10.55517463684082,linear
,1,1x4175x12866x1915,98.4,1005.0,88.8,246.35780000000003,15.968031883239746,linear
,1,1x5951x16100x1127,87.24,513.6,88.32,236.25044,17.23194236755371,linear
,1,1x7723x14400x2714,99.44,831.0,88.96,219.2045199999999,47.50127410888672,linear
,1,1x4528x8668x2200,97.28,813.0,87.32,218.44372,14.060102462768556,linear
,1,1x6476x12903x2746,97.48,517.8,89.36,226.96324000000013,36.38126068115234,linear
,1,1x5132x10014x4517,99.44,730.2,88.72,224.51136000000008,36.11830291748047,linear
,1,1x4214x13569x6548,99.4,864.6,88.04,215.05120000000005,58.15249252319336,linear
,1,1x5879x8679x5816,89.24,604.8,88.76,214.57231999999988,45.56474151611328,linear
,1,1x4960x30976x240,100.0,315.0,90.0,223.396,7.329382514953613,linear
,1,1x7903x16774x164,58.0,1005.0,86.0,203.738,5.258022499084473,linear
,1,1x6615x20789x162,58.0,1005.0,86.0,203.738,5.58220157623291,linear
,1,1x4596x20829x410,49.72,1005.0,86.92,201.6036,7.696179294586182,linear
,1,1x4743x23496x435,54.88,1005.0,87.12,204.36184,9.118470382690427,linear
,1,1x6488x31142x383,98.12,1005.0,88.0,226.54531999999992,14.839961624145507,linear
,1,1x6474x24449x915,99.08,955.8,88.72,235.88196000000005,24.952012634277345,linear
,1,1x4135x27628x768,98.56,832.8,88.12,220.64984,18.197260665893555,linear
,1,1x6745x23093x855,83.6,1005.0,88.92,221.95832,21.65919303894043,linear
,1,1x4164x25037x1317,71.0,1005.0,89.0,217.1328,23.44036445617676,linear
,1,1x6693x23312x1069,82.48,592.8,88.44,220.57832,28.783814239501957,linear
,1,1x6717x27873x1254,95.84,979.2,87.0,216.14728,45.18415908813476,linear
,1,1x4962x28959x3158,98.04,1005.0,87.72,237.90255999999997,80.88662414550781,linear
,1,1x5853x29646x3212,100.0,1005.0,88.0,244.07684,100.91409301757812,linear
,1,1x4286x22489x2572,80.44,789.0,89.2,242.9692800000001,40.641900634765626,linear
,1,1x7014x31137x7880,99.68,1005.0,88.0,249.58268000000004,317.5370239257812,linear
,1,1x6314x28549x6064,100.0,1005.0,87.56,237.78819999999996,217.35250854492188,linear
,1,1x7290x24765x7430,100.0,668.4,88.72,238.01956,224.36203002929688,linear
,1,1x5849x44066x215,99.2,663.0,86.4,212.8936,11.803776168823244,linear
,1,1x7987x33555x77,98.0,1005.0,87.0,203.284,5.651200103759765,linear
,1,1x4671x56387x101,35.0,1005.0,85.0,212.62700000000007,6.997331237792968,linear
,1,1x5215x54627x263,78.52,1005.0,87.04,216.18952,18.44561920166016,linear
,1,1x5769x57716x278,83.88,1005.0,88.24,231.17675999999997,22.317389297485352,linear
,1,1x5013x65273x313,99.12,931.2,90.4,250.26896000000008,21.13367691040039,linear
,1,1x6567x51979x647,96.28,955.8,87.76,217.36352,48.58326416015625,linear
,1,1x5259x33884x791,99.28,841.2,89.6,243.33588,30.50311698913574,linear
,1,1x5937x41324x994,99.24,889.8,87.76,220.49032,46.612064361572266,linear
,1,1x4400x41381x1241,83.88,1005.0,86.64,227.24160000000003,45.87745208740235,linear
,1,1x7548x41085x1463,100.0,1005.0,87.84,240.1596800000001,85.7049072265625,linear
,1,1x4994x34900x2029,99.32,1005.0,87.72,243.3364399999999,63.83834838867188,linear
,1,1x6767x47872x3190,100.0,1005.0,87.48,245.43232000000003,200.95938415527343,linear
,1,1x5632x42470x2088,94.4,1005.0,86.88,232.9822400000001,107.99983215332033,linear
,1,1x4113x36764x2133,100.0,1005.0,87.28,232.06075999999987,61.52387237548828,linear
,1,1x6162x40575x7424,100.0,1005.0,87.68,243.02208,356.953857421875,linear
,1,1x7277x33352x6856,100.0,1005.0,87.92,251.87092000000004,300.1632141113281,linear
,1,1x6137x61248x5069,100.0,1005.0,87.0,238.8680000000001,376.4289245605469,linear
,60,60x272,100.0,1005.0,87.0,241.0600000000001,0.0081919999793171,ln
,16,16x304,100.0,1005.0,87.0,241.0600000000001,0.0083712000399827,ln
,144,144x260,100.0,1005.0,87.0,241.0600000000001,0.0094656003639101,ln
,48,48x452,3.0,1005.0,83.0,231.616,0.0092160003259778,ln
,44,44x408,3.0,1005.0,83.0,231.616,0.0092160003259778,ln
,52,52x452,3.0,1005.0,83.0,231.616,0.0092160003259778,ln
,40,40x344,3.0,1005.0,83.0,231.616,0.0092160003259778,ln
,120,120x276,3.0,1005.0,83.0,231.616,0.0098496001213788,ln
,204,204x492,3.0,1005.0,83.0,231.616,0.0102399997413158,ln
,116,116x328,3.0,1005.0,83.0,231.616,0.0100287999957799,ln
,200,200x904,3.0,1005.0,83.0,231.616,0.0112640000879764,ln
,224,224x676,3.0,1005.0,83.0,231.616,0.0112640000879764,ln
,80,80x896,5.0,1005.0,77.0,162.93899999999994,0.0102399997413158,ln
,124,124x572,5.0,1005.0,77.0,162.93899999999994,0.0106367997825145,ln
,88,88x784,5.0,1005.0,77.0,162.93899999999994,0.0112191997468471,ln
,64,64x768,5.0,1005.0,77.0,162.93899999999994,0.0102399997413158,ln
,32,32x748,5.0,1005.0,77.0,162.93899999999994,0.0092160003259778,ln
,68,68x1000,5.0,1005.0,77.0,162.93899999999994,0.0112640000879764,ln
,220,220x936,5.0,1005.0,77.0,162.93899999999994,0.0112640000879764,ln
,100,100x708,5.0,1005.0,77.0,162.93899999999994,0.0104191998019814,ln
,228,228x1228,5.0,1005.0,77.0,162.93899999999994,0.0129215998575091,ln
,112,112x1848,5.0,1005.0,77.0,162.93899999999994,0.0153599996119737,ln
,220,220x2024,7.0,1005.0,74.0,109.59999999999997,0.0153599996119737,ln
,28,28x2004,7.0,1005.0,74.0,109.59999999999997,0.0140863999724388,ln
,208,208x1272,7.0,1005.0,74.0,109.59999999999997,0.0133119998499751,ln
,124,124x1568,7.0,1005.0,74.0,109.59999999999997,0.0163839999586343,ln
,52,52x1176,7.0,1005.0,74.0,109.59999999999997,0.0112640000879764,ln
,84,84x1924,7.0,1005.0,74.0,109.59999999999997,0.0143360001966357,ln
,80,80x1584,7.0,1005.0,74.0,109.59999999999997,0.0153599996119737,ln
,48,48x1892,7.0,1005.0,74.0,109.59999999999997,0.0143360001966357,ln
,220,220x2088,7.0,1005.0,74.0,109.59999999999997,0.0143360001966357,ln
,24,24x3312,7.0,1005.0,74.0,109.59999999999997,0.0145280001685023,ln
,80,80x3020,5.0,1005.0,72.0,102.77,0.0161535996943712,ln
,140,140x2704,5.0,1005.0,72.0,102.77,0.0163839999586343,ln
,160,160x2984,5.0,1005.0,72.0,102.77,0.0163839999586343,ln
,180,180x3688,5.0,1005.0,72.0,102.77,0.0200383998453617,ln
,224,224x3464,5.0,1005.0,72.0,102.77,0.0184320006519556,ln
,4,4x2856,5.0,1005.0,72.0,102.77,0.0307199992239475,ln
,212,212x3388,5.0,1005.0,72.0,102.77,0.0407551988959312,ln
,208,208x2052,5.0,1005.0,72.0,102.77,0.0317247994244098,ln
,368,368x500,5.0,1005.0,72.0,102.77,0.0225280001759529,ln
,360,360x332,5.0,1005.0,72.0,102.77,0.0215039998292922,ln
,456,456x512,12.0,315.0,70.0,99.47499999999997,0.0245760008692741,ln
,496,496x284,12.0,315.0,70.0,99.47499999999997,0.0225280001759529,ln
,476,476x488,12.0,315.0,70.0,99.47499999999997,0.0255999993532896,ln
,400,400x484,12.0,315.0,70.0,99.47499999999997,0.0245760008692741,ln
,336,336x376,12.0,315.0,70.0,99.47499999999997,0.0225280001759529,ln
,472,472x288,12.0,315.0,70.0,99.47499999999997,0.0225280001759529,ln
,412,412x456,12.0,315.0,70.0,99.47499999999997,0.0255999993532896,ln
,456,456x432,12.0,315.0,70.0,99.47499999999997,0.0259583998471498,ln
,476,476x652,12.0,315.0,70.0,99.47499999999997,0.029696000739932,ln
,424,424x860,12.0,289.8,70.0,97.65051999999994,0.0307199992239475,ln
,436,436x744,12.0,285.0,69.0,97.30299999999994,0.0317439995706081,ln
,324,324x1000,12.0,285.0,69.0,97.30299999999994,0.0298880007117986,ln
,416,416x624,12.0,285.0,69.0,97.30299999999994,0.029696000739932,ln
,412,412x636,12.0,285.0,69.0,97.30299999999994,0.029696000739932,ln
,508,508x624,12.0,285.0,69.0,97.30299999999994,0.0329663999378681,ln
,496,496x960,12.0,285.0,69.0,97.30299999999994,0.0368640013039112,ln
,452,452x860,12.0,285.0,69.0,97.30299999999994,0.0342016004025936,ln
,432,432x800,12.0,285.0,69.0,97.30299999999994,0.0335872001945972,ln
,500,500x2032,12.0,285.0,69.0,97.30299999999994,0.0645119994878768,ln
,448,448x1996,12.0,240.0,68.0,95.30600000000004,0.0604160018265247,ln
,376,376x1272,12.0,240.0,68.0,95.30600000000004,0.0395263984799385,ln
,404,404x1232,12.0,240.0,68.0,95.30600000000004,0.0399359986186027,ln
,400,400x1120,12.0,240.0,68.0,95.30600000000004,0.0386943995952606,ln
,504,504x1928,12.0,240.0,68.0,95.30600000000004,0.0643071994185447,ln
,508,508x1176,12.0,240.0,68.0,95.30600000000004,0.0440320000052452,ln
,372,372x1804,12.0,240.0,68.0,95.30600000000004,0.054271999746561,ln
,368,368x1568,12.0,240.0,68.0,95.30600000000004,0.0514047987759113,ln
,488,488x1988,12.0,240.0,68.0,95.30600000000004,0.0614335983991622,ln
,392,392x2860,14.0,240.0,68.0,94.90599999999996,0.0628735989332199,ln
,344,344x3308,14.0,240.0,68.0,94.90599999999996,0.0690176010131835,ln
,512,512x3844,14.0,240.0,68.0,94.90599999999996,0.0983040034770965,ln
,268,268x3152,14.0,240.0,68.0,94.90599999999996,0.0589824013411998,ln
,304,304x3976,14.0,240.0,68.0,94.90599999999996,0.0772096008062362,ln
,512,512x3232,14.0,240.0,68.0,94.90599999999996,0.0806783974170684,ln
,464,464x2056,14.0,240.0,68.0,94.90599999999996,0.0552960000932216,ln
,364,364x3144,14.0,240.0,68.0,94.90599999999996,0.0667584002017974,ln
,416,416x2108,14.0,240.0,68.0,94.90599999999996,0.055910400301218,ln
,408,408x3168,15.0,240.0,67.0,94.99499999999996,0.0685952007770538,ln
,652,652x292,15.0,240.0,67.0,94.99499999999996,0.029696000739932,ln
,1016,1016x336,15.0,240.0,67.0,94.99499999999996,0.047104001045227,ln
,760,760x456,15.0,240.0,67.0,94.99499999999996,0.0386943995952606,ln
,1020,1020x276,15.0,240.0,67.0,94.99499999999996,0.0452416002750396,ln
,660,660x468,15.0,240.0,67.0,94.99499999999996,0.0358400009572505,ln
,904,904x420,15.0,240.0,67.0,94.99499999999996,0.0520191989839077,ln
,616,616x308,15.0,240.0,67.0,94.99499999999996,0.0327679999172687,ln
,880,880x448,15.0,240.0,67.0,94.99499999999996,0.0518143989145755,ln
,904,904x380,11.0,210.0,65.0,91.66400000000002,0.0501759983599185,ln
,992,992x404,11.0,210.0,65.0,91.66400000000002,0.052633599191904,ln
,824,824x716,11.0,210.0,65.0,91.66400000000002,0.0581632010638713,ln
,536,536x920,11.0,210.0,65.0,91.66400000000002,0.0440320000052452,ln
,708,708x772,11.0,210.0,65.0,91.66400000000002,0.0495616003870964,ln
,608,608x816,11.0,210.0,65.0,91.66400000000002,0.0460800006985664,ln
,684,684x776,11.0,210.0,65.0,91.66400000000002,0.0495616003870964,ln
,920,920x888,11.0,210.0,65.0,91.66400000000002,0.0761856034398078,ln
,904,904x896,13.0,210.0,63.0,75.34200000000004,0.0706560015678405,ln
,824,824x932,13.0,210.0,63.0,75.34200000000004,0.063078399002552,ln
,756,756x652,13.0,210.0,63.0,75.34200000000004,0.0485376015305519,ln
,932,932x800,13.0,210.0,63.0,75.34200000000004,0.0653311997652053,ln
,892,892x1760,13.0,210.0,63.0,75.34200000000004,0.2641920030117035,ln
,536,536x1128,13.0,210.0,63.0,75.34200000000004,0.0481280013918876,ln
,852,852x1328,13.0,210.0,63.0,75.34200000000004,0.1415167987346649,ln
,648,648x1056,13.0,210.0,63.0,75.34200000000004,0.0511999987065792,ln
,944,944x1260,13.0,210.0,63.0,75.34200000000004,0.16076799929142,ln
,560,560x1644,19.0,210.0,61.0,58.97600000000002,0.106700798869133,ln
,968,968x1176,19.0,210.0,61.0,58.97600000000002,0.1603583991527557,ln
,816,816x1956,19.0,210.0,61.0,58.97600000000002,0.2674687981605529,ln
,860,860x1956,19.0,210.0,61.0,58.97600000000002,0.2975744009017944,ln
,672,672x1996,19.0,210.0,61.0,58.97600000000002,0.1949696034193039,ln
,576,576x3400,19.0,210.0,61.0,58.97600000000002,0.3577855944633484,ln
,620,620x2920,19.0,210.0,61.0,58.97600000000002,0.3225600004196167,ln
,744,744x3808,44.0,210.0,60.04,59.13300000000002,0.5609471797943115,ln
,520,520x2792,44.0,210.0,60.0,59.13300000000002,0.2211839973926544,ln
,944,944x3908,44.0,210.0,60.0,59.13300000000002,0.713318407535553,ln
,676,676x2252,44.0,210.0,60.0,59.13300000000002,0.2332671999931335,ln
,736,736x2516,44.0,210.0,60.0,59.13300000000002,0.3155967950820922,ln
,920,920x2276,44.0,210.0,60.0,59.13300000000002,0.360857605934143,ln
,636,636x2080,38.88,234.0,60.0,59.84851999999999,0.1732608020305633,ln
,588,588x3676,28.0,285.0,60.0,61.36899999999999,0.4040704011917114,ln
,1880,1880x408,28.0,285.0,60.0,61.36899999999999,0.0643071994185447,ln
,1920,1920x312,28.0,285.0,60.0,61.36899999999999,0.0573440007865428,ln
,1708,1708x344,28.0,285.0,60.0,61.36899999999999,0.0552960000932216,ln
,1324,1324x388,28.0,285.0,60.0,61.36899999999999,0.0501759983599185,ln
,1688,1688x420,28.0,285.0,60.0,61.36899999999999,0.061439998447895,ln
,1748,1748x516,28.0,285.0,60.0,61.36899999999999,0.2392064034938812,ln
,1184,1184x304,28.0,285.0,60.0,61.36899999999999,0.0440320000052452,ln
,1336,1336x288,28.0,285.0,60.0,61.032040000000016,0.0456704005599021,ln
,1924,1924x340,25.0,285.0,59.0,60.433,0.061439998447895,ln
,1160,1160x428,25.0,285.0,59.0,60.433,0.047104001045227,ln
,1744,1744x832,25.0,285.0,59.0,60.433,0.4546560049057007,ln
,1892,1892x884,25.0,285.0,59.0,60.433,0.5210111856460571,ln
,1488,1488x656,25.0,285.0,59.0,60.433,0.2609152019023895,ln
,1340,1340x680,25.0,285.0,59.0,60.433,0.2369536012411117,ln
,1608,1608x972,25.0,285.0,59.0,60.18116,0.492544001340866,ln
,1604,1604x904,34.0,285.0,59.0,56.68599999999999,0.454451197385788,ln
,1236,1236x640,34.0,285.0,59.0,56.68599999999999,0.1079295992851257,ln
,1480,1480x976,34.0,285.0,59.0,56.68599999999999,0.4425727963447571,ln
,1816,1816x596,34.0,285.0,59.0,56.68599999999999,0.3205120027065277,ln
,1104,1104x808,34.0,285.0,59.0,56.68599999999999,0.2285567969083786,ln
,1468,1468x1332,43.0,285.0,58.0,54.77700000000002,0.6412288188934326,ln
,1884,1884x1964,43.0,285.0,58.0,54.77700000000002,1.4956543684005736,ln
,1028,1028x1748,43.0,285.0,58.0,54.77700000000002,0.6045696020126343,ln
,1988,1988x1116,43.0,285.0,58.0,54.77700000000002,0.3188736021518707,ln
,1240,1240x1708,43.0,285.0,58.0,54.77700000000002,0.3190783977508545,ln
,1304,1304x1156,38.0,549.0,58.0,55.70044,0.2072576016187667,ln
,1660,1660x1840,18.0,585.0,58.0,56.426,0.5193727970123291,ln
,1584,1584x1280,18.0,585.0,58.0,56.426,0.2891775965690613,ln
,2044,2044x1780,18.0,585.0,58.0,56.426,0.6111232042312622,ln
,1236,1236x1188,18.0,585.0,58.0,56.426,0.1998847961425781,ln
,1940,1940x2224,18.0,585.0,58.0,56.426,0.71495680809021,ln
,1088,1088x2636,18.0,585.0,58.0,56.426,0.4777984023094177,ln
,1092,1092x2680,33.0,585.0,58.0,59.381000000000014,0.4888576030731201,ln
,1668,1668x3192,33.0,585.0,58.0,59.381000000000014,1.0067968368530271,ln
,1560,1560x3876,33.0,585.0,58.0,59.381000000000014,1.1644928455352783,ln
,1380,1380x3872,33.0,585.0,58.0,59.381000000000014,1.0385408401489258,ln
,1768,1768x2968,34.04,616.2,58.08,59.62732000000001,0.9455615997314452,ln
,1984,1984x2580,46.0,975.0,59.0,62.460000000000015,0.1331135988235473,ln
,1284,1284x3348,46.0,975.0,59.0,62.460000000000015,0.1157120019197464,ln
,1140,1140x2560,46.0,975.0,59.0,62.460000000000015,0.0753600031137466,ln
,2372,2372x388,46.0,975.0,59.0,62.460000000000015,0.0266239996999502,ln
,2752,2752x432,46.0,975.0,59.0,62.460000000000015,0.0307199992239475,ln
,4088,4088x408,46.0,975.0,59.0,62.460000000000015,0.0399359986186027,ln
,2696,2696x484,46.0,975.0,59.0,62.460000000000015,0.0325631998479366,ln
,3464,3464x464,46.0,975.0,59.0,62.460000000000015,0.0378880016505718,ln
,3892,3892x384,46.0,975.0,59.0,62.460000000000015,0.0358400009572505,ln
,3392,3392x420,9.0,1005.0,62.0,76.02999999999999,0.0348160006105899,ln
,2420,2420x460,9.0,1005.0,62.0,76.02999999999999,0.0286720003932714,ln
,3976,3976x404,9.0,1005.0,62.0,76.02999999999999,0.0389119982719421,ln
,2236,2236x464,9.0,1005.0,62.0,76.02999999999999,0.0266239996999502,ln
,2536,2536x644,9.0,1005.0,62.0,76.02999999999999,0.0409599989652633,ln
,4100,4100x556,9.0,1005.0,62.0,76.02999999999999,0.0532479993999004,ln
,3392,3392x840,9.0,1005.0,62.0,76.02999999999999,0.0638975992798805,ln
,3560,3560x852,9.0,1005.0,62.0,76.02999999999999,0.0679872006177902,ln
,4016,4016x688,9.0,1005.0,62.0,76.02999999999999,0.0622591987252235,ln
,3336,3336x944,10.0,1005.0,63.0,91.05400000000004,0.070227201282978,ln
,3380,3380x1004,10.0,1005.0,63.0,91.05400000000004,0.0757696032524108,ln
,2836,2836x768,10.0,1005.0,63.0,91.05400000000004,0.050995198637247,ln
,4016,4016x872,10.0,1005.0,63.0,91.05400000000004,0.0774143993854522,ln
,2224,2224x808,10.0,1005.0,63.0,91.05400000000004,0.0428031995892524,ln
,3164,3164x1308,10.0,1005.0,63.0,91.05400000000004,0.0989184007048606,ln
,3744,3744x1704,10.0,1005.0,63.0,91.05400000000004,0.1619967967271804,ln
,2868,2868x1616,10.0,1005.0,63.0,91.05400000000004,0.11509760171175,ln
,2772,2772x1100,10.0,1005.0,63.0,91.05400000000004,0.0722944021224975,ln
,3424,3424x1608,14.0,1005.0,63.16,97.596,0.1390399992465973,ln
,2716,2716x1964,14.0,1005.0,64.0,97.596,0.1382399946451187,ln
,3800,3800x1696,14.0,1005.0,64.0,97.596,0.1695743978023529,ln
,2076,2076x1560,14.0,1005.0,64.0,97.596,0.0839679986238479,ln
,3524,3524x1508,14.0,1005.0,64.0,97.596,0.1280000030994415,ln
,3260,3260x1780,14.0,1005.0,64.0,97.596,0.1468416005373001,ln
,3980,3980x2944,14.0,1005.0,64.0,97.596,0.3221504092216491,ln
,2664,2664x2724,14.0,1005.0,64.0,97.596,0.2017280012369156,ln
,3908,3908x2592,22.0,510.0,65.0,99.518,0.2778880000114441,ln
,2064,2064x2944,22.0,510.0,65.0,99.518,0.1710080057382583,ln
,2180,2180x3224,22.0,510.0,65.0,99.518,0.1955839991569519,ln
,3588,3588x2380,22.0,510.0,65.0,99.518,0.2314240038394928,ln
,2144,2144x3272,22.0,510.0,65.0,99.518,0.1955776005983352,ln
,3180,3180x2824,22.0,510.0,65.0,99.518,0.2453503966331482,ln
,2188,2188x3880,22.0,510.0,65.0,99.518,0.2424832016229629,ln
,2624,2624x3236,22.0,510.0,65.0,99.518,0.2391872018575668,ln
,6560,6560x400,26.0,465.0,65.0,100.826,0.1116160005331039,ln
,7508,7508x468,26.0,465.0,65.0,100.826,0.1280000060796737,ln
,5280,5280x496,26.0,465.0,65.0,100.826,0.1003519967198371,ln
,6804,6804x300,26.0,465.0,65.0,100.826,0.1116160005331039,ln
,4696,4696x356,26.0,465.0,65.0,100.826,0.0819199979305267,ln
,5060,5060x504,26.0,465.0,65.0,100.826,0.103423997759819,ln
,7040,7040x416,26.0,465.0,65.0,100.826,0.1351680010557174,ln
,7136,7136x420,26.0,465.0,65.0,100.826,0.1378175973892212,ln
,5348,5348x360,17.0,405.0,66.0,99.23,0.0978944033384323,ln
,8116,8116x492,17.0,405.0,66.0,99.23,0.1628160029649734,ln
,4708,4708x564,17.0,405.0,66.0,99.23,0.1116160005331039,ln
,7832,7832x896,17.0,405.0,66.0,99.23,0.1945344030857086,ln
,6348,6348x808,17.0,405.0,66.0,99.23,0.1648640036582946,ln
,5672,5672x772,17.0,405.0,66.0,99.23,0.1484799981117248,ln
,5948,5948x820,17.0,405.0,66.0,99.23,0.1566720008850097,ln
,4176,4176x688,17.0,405.0,66.0,99.23,0.1105920001864433,ln
,7992,7992x792,17.0,405.0,66.0,99.23,0.2099200040102005,ln
,5280,5280x920,19.0,360.0,66.0,97.95499999999996,0.1515520066022873,ln
,4740,4740x1028,19.0,360.0,66.0,97.95499999999996,0.150118401646614,ln
,6772,6772x544,19.0,360.0,66.0,97.95499999999996,0.1710080057382583,ln
,7212,7212x1200,19.0,360.0,66.0,97.95499999999996,0.2488320022821426,ln
,7288,7288x1676,19.0,360.0,66.0,97.95499999999996,0.3673919975757599,ln
,4936,4936x1296,19.0,360.0,66.0,97.95499999999996,0.1914879977703094,ln
,6996,6996x1216,19.0,360.0,66.0,97.95499999999996,0.2508800029754638,ln
,5488,5488x1804,18.0,330.0,66.0,98.434,0.3045375943183899,ln
,5468,5468x1916,18.0,330.0,66.0,98.434,0.3047423958778381,ln
,8160,8160x1428,18.0,330.0,66.0,98.434,0.3164159953594208,ln
,6796,6796x1928,18.0,330.0,66.0,98.434,0.3799040019512176,ln
,5552,5552x1840,18.0,330.0,66.0,98.434,0.317440003156662,ln
,7088,7088x1260,18.0,330.0,66.0,98.434,0.2668544054031372,ln
,7448,7448x4096,18.0,330.0,66.0,98.434,0.8398592114448548,ln
,7776,7776x4012,39.0,315.0,67.0,100.596,0.8704000115394592,ln
,5460,5460x2232,39.0,315.0,67.0,100.596,0.3374848008155823,ln
,5908,5908x3876,39.0,315.0,67.0,100.596,0.6403711915016175,ln
,4956,4956x3260,39.0,315.0,67.0,100.596,0.4454207956790924,ln
,5792,5792x4028,39.0,315.0,67.0,100.596,0.6500352025032043,ln
,4464,4464x2520,39.0,315.0,67.0,100.596,0.3123007953166962,ln
,7592,7592x3944,43.0,360.0,67.0,105.86100000000002,0.8198143839836121,ln
,7780,7780x3808,43.0,360.0,67.0,105.86100000000002,0.8155136108398438,ln
,7096,7096x3384,43.0,360.0,67.0,105.86100000000002,0.6436864137649536,ln
,10064,10064x436,43.0,360.0,67.0,105.86100000000002,0.1611456006765365,ln
,12104,12104x416,43.0,360.0,67.0,105.86100000000002,0.1904640048742294,ln
,15124,15124x352,43.0,360.0,67.0,105.86100000000002,0.2160640060901641,ln
,15584,15584x284,43.0,360.0,67.0,105.86100000000002,0.2181120067834854,ln
,16252,16252x472,22.0,480.0,67.0,106.98999999999997,0.2560000121593475,ln
,12696,12696x372,22.0,480.0,67.0,106.98999999999997,0.1843200027942657,ln
,8876,8876x484,22.0,480.0,67.0,106.98999999999997,0.1454080045223236,ln
,13904,13904x304,22.0,480.0,67.0,106.98999999999997,0.1966080069541931,ln
,11580,11580x364,22.0,480.0,67.0,106.98999999999997,0.1689600050449371,ln
,9756,9756x328,22.0,480.0,67.0,106.98999999999997,0.1425407975912094,ln
,12248,12248x916,22.0,480.0,67.0,106.98999999999997,0.2570239901542663,ln
,14796,14796x800,22.0,480.0,67.0,106.98999999999997,0.2891519963741302,ln
,9232,9232x920,27.0,480.0,67.0,103.51299999999996,0.1986559927463531,ln
,10332,10332x1012,27.0,480.0,67.0,103.51299999999996,0.250668802857399,ln
,15424,15424x980,27.0,480.0,67.0,103.51299999999996,0.3534847915172577,ln
,14100,14100x772,27.0,480.0,67.0,103.51299999999996,0.2742272019386291,ln
,9688,9688x612,27.0,480.0,67.0,103.51299999999996,0.1802240014076233,ln
,8328,8328x864,27.0,480.0,67.0,103.51299999999996,0.1740799993276596,ln
,9872,9872x620,27.0,480.0,67.0,103.51299999999996,0.1832959949970245,ln
,8332,8332x684,27.0,480.0,67.0,103.51299999999996,0.1634303987026214,ln
,9840,9840x1312,19.0,480.0,67.0,101.172,0.3346431910991668,ln
,9576,9576x1536,19.0,480.0,67.0,101.172,0.3864575982093811,ln
,12116,12116x2040,19.0,480.0,67.0,101.172,0.6422528028488159,ln
,10356,10356x1820,19.0,480.0,67.0,101.172,0.4962303936481476,ln
,12488,12488x1468,19.0,480.0,67.0,101.172,0.4616191983222961,ln
,10696,10696x1596,19.0,480.0,67.0,101.172,0.4462592005729675,ln
,13276,13276x1920,27.0,480.0,67.0,104.18,0.6791167974472045,ln
,13260,13260x1384,27.0,480.0,67.0,104.18,0.4671488046646118,ln
,10928,10928x1788,27.0,480.0,67.0,104.18,0.5107712149620056,ln
,12504,12504x1184,27.0,480.0,67.0,104.18,0.3840000033378601,ln
,12372,12372x2472,27.0,480.0,67.0,104.18,0.8034303903579711,ln
,14156,14156x3620,44.6,466.2,67.88,105.75872,1.387110376358032,ln
,13436,13436x3160,47.0,465.0,68.0,105.97400000000002,1.1241472005844115,ln
,9324,9324x3956,47.0,465.0,68.0,105.97400000000002,0.992460799217224,ln
,12972,12972x3296,47.0,465.0,68.0,105.97400000000002,1.143193602561951,ln
,14912,14912x2148,47.0,465.0,68.0,105.97400000000002,0.8228864073753357,ln
,11556,11556x3024,50.0,720.0,69.0,110.49200000000002,0.9226239919662476,ln
,14960,14960x3576,50.0,720.0,69.0,110.49200000000002,1.416000032424927,ln
,10336,10336x3020,50.0,720.0,69.0,110.49200000000002,0.8163328170776367,ln
,12020,12020x2356,50.0,720.0,69.0,110.49200000000002,0.7227520108222961,ln
,127,127x168,50.0,720.0,69.0,110.49200000000002,0.0061440002173185,softmax
,18,18x218,36.0,1005.0,69.0,114.73300000000005,0.0061440002173185,softmax
,209,209x112,36.0,1005.0,69.0,114.73300000000005,0.0065344001166522,softmax
,83,83x236,36.0,1005.0,69.0,114.73300000000005,0.0067136000841856,softmax
,1,1x37,36.0,1005.0,69.0,114.73300000000005,0.0060928001068532,softmax
,172,172x29,36.0,1005.0,69.0,114.73300000000005,0.0061440002173185,softmax
,188,188x90,36.0,1005.0,69.0,114.73300000000005,0.0067712000571191,softmax
,116,116x165,36.0,1005.0,69.0,114.73300000000005,0.0061440002173185,softmax
,232,232x249,36.0,1005.0,69.0,114.73300000000005,0.006540800165385,softmax
,235,235x45,36.0,1005.0,69.0,114.73300000000005,0.0061440002173185,softmax
,58,58x332,36.0,1005.0,69.0,114.73300000000005,0.0071680000983178,softmax
,178,178x472,6.0,1005.0,68.0,107.954,0.0081919999793171,softmax
,211,211x432,6.0,1005.0,68.0,107.954,0.0079295999370515,softmax
,134,134x373,6.0,1005.0,68.0,107.954,0.0071744000539183,softmax
,86,86x339,6.0,1005.0,68.0,107.954,0.0071680000983178,softmax
,163,163x321,6.0,1005.0,68.0,107.954,0.0071680000983178,softmax
,76,76x447,6.0,1005.0,68.0,107.954,0.0081280000507831,softmax
,235,235x420,6.0,1005.0,68.0,107.954,0.0081919999793171,softmax
,174,174x314,6.0,1005.0,68.0,107.954,0.0071680000983178,softmax
,229,229x439,6.0,1005.0,68.0,107.954,0.0081919999793171,softmax
,43,43x969,6.0,1005.0,68.0,107.954,0.0102399997413158,softmax
,76,76x950,6.0,1005.0,68.0,107.954,0.0104191998019814,softmax
,229,229x602,5.0,1005.0,67.0,98.73099999999997,0.0092160003259778,softmax
,72,72x601,5.0,1005.0,67.0,98.73099999999997,0.0092160003259778,softmax
,4,4x932,5.0,1005.0,67.0,98.73099999999997,0.0102399997413158,softmax
,149,149x1015,5.0,1005.0,67.0,98.73099999999997,0.0107903998345136,softmax
,79,79x781,5.0,1005.0,67.0,98.73099999999997,0.0096000000834465,softmax
,15,15x635,5.0,1005.0,67.0,98.73099999999997,0.0092160003259778,softmax
,62,62x895,5.0,1005.0,67.0,98.73099999999997,0.0102399997413158,softmax
,183,183x680,5.0,1005.0,67.0,98.73099999999997,0.0092160003259778,softmax
,40,40x1421,5.0,1005.0,67.0,98.73099999999997,0.0092160003259778,softmax
,50,50x1745,6.0,1005.0,67.0,96.896,0.0102399997413158,softmax
,84,84x1234,6.0,1005.0,67.0,96.896,0.0204799994826316,softmax
,60,60x1293,6.0,1005.0,67.0,96.896,0.0174080003052949,softmax
,89,89x1648,6.0,1005.0,67.0,96.896,0.0212927997112274,softmax
,108,108x1291,6.0,1005.0,67.0,96.896,0.019455999135971,softmax
,101,101x1245,6.0,1005.0,67.0,96.896,0.0214911997318267,softmax
,6,6x1222,6.0,1005.0,67.0,96.896,0.019455999135971,softmax
,143,143x1737,6.0,1005.0,67.0,96.896,0.0215039998292922,softmax
,99,99x1602,6.0,1005.0,67.0,96.896,0.0215039998292922,softmax
,55,55x2789,6.0,1005.0,67.0,96.896,0.0225280001759529,softmax
,64,64x3957,10.0,345.0,67.0,95.985,0.0255999993532896,softmax
,253,253x2522,10.0,345.0,67.0,95.985,0.0440320000052452,softmax
,220,220x2822,10.0,345.0,67.0,95.985,0.0327679999172687,softmax
,225,225x2397,10.0,345.0,67.0,95.985,0.0354304008185863,softmax
,102,102x3436,10.0,345.0,67.0,95.985,0.0317439995706081,softmax
,205,205x3507,10.0,345.0,67.0,95.985,0.0389119982719421,softmax
,129,129x4053,10.0,345.0,67.0,95.985,0.0347968004643917,softmax
,14,14x2782,10.0,345.0,67.0,95.985,0.0245760008692741,softmax
,104,104x3251,10.0,345.0,67.0,95.985,0.0325631998479366,softmax
,453,453x231,10.0,345.0,67.0,95.985,0.0143360001966357,softmax
,341,341x252,10.0,300.0,66.0,94.93699999999995,0.0143360001966357,softmax
,500,500x81,10.0,300.0,66.0,94.93699999999995,0.0133119998499751,softmax
,288,288x15,10.0,300.0,66.0,94.93699999999995,0.0104319997131824,softmax
,476,476x177,10.0,300.0,66.0,94.93699999999995,0.0143360001966357,softmax
,300,300x34,10.0,300.0,66.0,94.93699999999995,0.0120704002678394,softmax
,473,473x216,10.0,300.0,66.0,94.93699999999995,0.0153599996119737,softmax
,307,307x251,10.0,300.0,66.0,94.93699999999995,0.0151167999953031,softmax
,480,480x104,10.0,300.0,66.0,94.93699999999995,0.0153471998870372,softmax
,372,372x48,10.0,300.0,66.0,94.93699999999995,0.012288000434637,softmax
,296,296x411,10.0,300.0,66.0,94.93699999999995,0.019455999135971,softmax
,349,349x266,12.0,255.0,66.0,94.10899999999997,0.0184128005057573,softmax
,443,443x493,12.0,255.0,66.0,94.10899999999997,0.0233472004532814,softmax
,361,361x468,12.0,255.0,66.0,94.10899999999997,0.022316800057888,softmax
,333,333x355,12.0,255.0,66.0,94.10899999999997,0.0212863996624946,softmax
,360,360x338,12.0,255.0,66.0,94.10899999999997,0.0204799994826316,softmax
,267,267x285,12.0,255.0,66.0,94.10899999999997,0.0174080003052949,softmax
,328,328x377,12.0,255.0,66.0,94.10899999999997,0.0196479994803667,softmax
,417,417x425,12.0,255.0,66.0,94.10899999999997,0.0225280001759529,softmax
,397,397x482,12.0,255.0,66.0,94.10899999999997,0.0235520005226135,softmax
,500,500x765,12.0,255.0,66.0,94.10899999999997,0.0325631998479366,softmax
,284,284x758,13.0,240.0,66.0,93.74800000000003,0.0286720003932714,softmax
,261,261x915,13.0,240.0,66.0,93.74800000000003,0.0317439995706081,softmax
,419,419x929,13.0,240.0,66.0,93.74800000000003,0.0364544011652469,softmax
,308,308x677,13.0,240.0,66.0,93.74800000000003,0.0276480000466108,softmax
,351,351x967,13.0,240.0,66.0,93.74800000000003,0.0409599989652633,softmax
,337,337x768,13.0,240.0,66.0,93.74800000000003,0.0358400009572505,softmax
,424,424x801,13.0,240.0,66.0,93.74800000000003,0.0372736014425754,softmax
,267,267x536,13.0,240.0,66.0,93.74800000000003,0.0276480000466108,softmax
,476,476x779,13.0,240.0,66.0,93.74800000000003,0.036659201234579,softmax
,510,510x1267,14.6,217.2,65.36,91.34320000000004,0.0616447985172271,softmax
,477,477x1448,18.0,210.0,64.0,87.06800000000001,0.0501759983599185,softmax
,405,405x1561,18.0,210.0,64.0,87.06800000000001,0.0481280013918876,softmax
,325,325x1687,18.0,210.0,64.0,87.06800000000001,0.0440320000052452,softmax
,283,283x1706,18.0,210.0,64.0,87.06800000000001,0.0430079996585845,softmax
,459,459x1784,18.0,210.0,64.0,87.06800000000001,0.0864255994558334,softmax
,324,324x1208,18.0,210.0,64.0,87.06800000000001,0.036659201234579,softmax
,512,512x1600,18.0,210.0,64.0,87.06800000000001,0.087449599802494,softmax
,418,418x2031,18.0,210.0,64.0,87.06800000000001,0.0980992004275322,softmax
,275,275x1988,19.0,210.0,62.0,68.80099999999999,0.0460800006985664,softmax
,439,439x4036,19.0,210.0,62.0,68.80099999999999,0.2654208004474639,softmax
,402,402x2788,19.0,210.0,62.0,68.80099999999999,0.1822720021009445,softmax
,512,512x2435,19.0,210.0,62.0,68.80099999999999,0.1822720021009445,softmax
,335,335x2167,19.0,210.0,62.0,68.80099999999999,0.071475201845169,softmax
,488,488x3379,19.0,210.0,62.0,68.80099999999999,0.2471935987472534,softmax
,304,304x3682,19.0,210.0,62.0,68.80099999999999,0.1826815992593765,softmax
,455,455x3697,19.0,210.0,62.0,68.80099999999999,0.2541568011045456,softmax
,440,440x2442,22.92,210.0,61.48,62.38947999999996,0.1632256001234054,softmax
,303,303x3779,26.0,210.0,61.0,58.78299999999997,0.1828863978385925,softmax
,371,371x2684,26.0,210.0,61.0,58.78299999999997,0.1636351972818374,softmax
,665,665x66,26.0,210.0,61.0,58.78299999999997,0.0174080003052949,softmax
,948,948x212,26.0,210.0,61.0,58.78299999999997,0.0204799994826316,softmax
,986,986x92,26.0,210.0,61.0,58.78299999999997,0.0184320006519556,softmax
,973,973x136,26.0,210.0,61.0,58.78299999999997,0.0184320006519556,softmax
,531,531x3,26.0,210.0,61.0,58.78299999999997,0.012288000434637,softmax
,823,823x185,26.0,210.0,61.0,58.78299999999997,0.019455999135971,softmax
,529,529x97,20.0,210.0,60.0,58.33300000000001,0.0174080003052949,softmax
,821,821x238,20.0,210.0,60.0,58.33300000000001,0.0231424003839492,softmax
,1009,1009x242,20.0,210.0,60.0,58.33300000000001,0.0245760008692741,softmax
,521,521x53,20.0,210.0,60.0,58.33300000000001,0.0174080003052949,softmax
,1012,1012x375,20.0,210.0,60.0,58.33300000000001,0.0307199992239475,softmax
,632,632x510,20.0,210.0,60.0,58.33300000000001,0.029696000739932,softmax
,865,865x481,20.0,210.0,60.0,58.33300000000001,0.0317439995706081,softmax
,881,881x498,20.0,210.0,60.0,58.33300000000001,0.0323583997786045,softmax
,673,673x508,20.0,210.0,60.0,58.33300000000001,0.0307199992239475,softmax
,880,880x390,20.0,210.0,60.0,58.33300000000001,0.029696000739932,softmax
,745,745x318,20.0,210.0,59.0,54.923,0.0266239996999502,softmax
,619,619x282,20.0,210.0,59.0,54.923,0.0237568005919456,softmax
,633,633x362,20.0,210.0,59.0,54.923,0.0266239996999502,softmax
,855,855x327,20.0,210.0,59.0,54.923,0.0276480000466108,softmax
,806,806x688,20.0,210.0,59.0,54.923,0.0399359986186027,softmax
,746,746x654,20.0,210.0,59.0,54.923,0.0391167983412742,softmax
,523,523x584,20.0,210.0,59.0,54.923,0.0337920002639293,softmax
,550,550x667,20.0,210.0,59.0,54.923,0.0358400009572505,softmax
,799,799x663,20.0,210.0,59.0,54.923,0.0399359986186027,softmax
,599,599x550,17.0,210.0,58.0,53.44700000000002,0.0337920002639293,softmax
,676,676x536,17.0,210.0,58.0,53.44700000000002,0.0358400009572505,softmax
,778,778x875,17.0,210.0,58.0,53.44700000000002,0.0450560003519058,softmax
,754,754x752,17.0,210.0,58.0,53.44700000000002,0.0421887993812561,softmax
,710,710x882,17.0,210.0,58.0,53.44700000000002,0.0450560003519058,softmax
,948,948x1291,17.0,210.0,58.0,53.44700000000002,0.3708928048610687,softmax
,1023,1023x1892,43.64,220.8,58.0,52.91996,0.6242304086685181,softmax
,645,645x1266,54.0,225.0,58.0,52.715,0.1406975984573364,softmax
,625,625x1272,54.0,225.0,58.0,52.715,0.1085439994931221,softmax
,823,823x1627,54.0,225.0,58.0,52.715,0.3880959987640381,softmax
,733,733x1399,54.0,225.0,58.0,52.715,0.287743991613388,softmax
,830,830x1951,54.0,225.0,58.0,52.715,0.4863999962806701,softmax
,665,665x1691,54.0,225.0,58.0,52.715,0.3319807946681976,softmax
,797,797x1206,54.0,225.0,58.0,52.715,0.2453503996133804,softmax
,1000,1000x1063,36.0,300.0,58.0,54.183999999999976,0.3192831993103027,softmax
,841,841x3694,36.0,300.0,58.0,54.183999999999976,0.9697279930114746,softmax
,837,837x3613,36.0,300.0,58.0,54.183999999999976,0.9365504145622252,softmax
,774,774x2416,44.64,367.2,58.0,54.6232,0.2488319963216781,softmax
,572,572x3269,90.0,720.0,58.0,56.929000000000016,0.2510847955942153,softmax
,636,636x2261,90.0,720.0,58.0,56.929000000000016,0.1931264013051986,softmax
,838,838x3952,90.0,720.0,58.0,56.929000000000016,0.4648959994316101,softmax
,616,616x3057,90.0,720.0,58.0,56.929000000000016,0.2486271977424621,softmax
,685,685x3053,90.0,720.0,58.0,56.929000000000016,0.2750463962554931,softmax
,574,574x4024,90.0,720.0,58.0,56.929000000000016,0.31457279920578,softmax
,584,584x3280,21.92,780.0,58.0,59.298,0.2547712087631225,softmax
,1726,1726x134,16.0,780.0,58.0,59.298,0.0112640000879764,softmax
,1057,1057x69,16.0,780.0,58.0,59.298,0.0102399997413158,softmax
,1191,1191x40,16.0,780.0,58.0,59.298,0.0092160003259778,softmax
,1042,1042x64,16.0,780.0,58.0,59.298,0.0092160003259778,softmax
,1757,1757x99,16.0,780.0,58.0,59.298,0.0112640000879764,softmax
,2034,2034x108,16.0,780.0,58.0,59.298,0.0112640000879764,softmax
,1421,1421x90,16.0,780.0,58.0,59.298,0.0102399997413158,softmax
,1072,1072x130,16.0,780.0,58.0,59.298,0.0102399997413158,softmax
,1274,1274x239,16.0,780.0,58.0,59.298,0.0112640000879764,softmax
,1672,1672x3,9.0,780.0,58.0,59.335000000000015,0.0081919999793171,softmax
,1536,1536x357,9.0,780.0,58.0,59.335000000000015,0.0143360001966357,softmax
,1074,1074x428,9.0,780.0,58.0,59.335000000000015,0.0133119998499751,softmax
,1509,1509x294,9.0,780.0,58.0,59.335000000000015,0.0133119998499751,softmax
,1666,1666x290,9.0,780.0,58.0,59.335000000000015,0.0143360001966357,softmax
,1139,1139x283,9.0,780.0,58.0,59.335000000000015,0.012288000434637,softmax
,1811,1811x494,9.0,780.0,58.0,59.335000000000015,0.0985088005661964,softmax
,1235,1235x263,9.0,780.0,58.0,59.335000000000015,0.012288000434637,softmax
,1405,1405x381,9.0,780.0,58.0,59.335000000000015,0.0143360001966357,softmax
,1323,1323x332,14.0,780.0,57.0,56.85799999999997,0.0133119998499751,softmax
,1511,1511x284,14.0,780.0,57.0,56.85799999999997,0.0133119998499751,softmax
,1999,1999x991,14.0,780.0,57.0,56.85799999999997,0.2570239961147308,softmax
,1111,1111x1020,14.0,780.0,57.0,56.85799999999997,0.125542402267456,softmax
,1703,1703x897,14.0,780.0,57.0,56.85799999999997,0.1966080009937286,softmax
,1086,1086x630,14.0,780.0,57.0,56.85799999999997,0.0163839999586343,softmax
,1430,1430x803,14.0,780.0,57.0,56.85799999999997,0.1243135973811149,softmax
,1069,1069x693,14.0,780.0,57.0,56.85799999999997,0.0174080003052949,softmax
,1649,1649x980,14.0,780.0,57.0,56.85799999999997,0.2123775988817215,softmax
,1292,1292x707,12.0,780.0,57.0,56.34300000000001,0.0999423965811729,softmax
,1627,1627x665,12.0,780.0,57.0,56.34300000000001,0.1175552025437355,softmax
,1988,1988x579,12.0,780.0,57.0,56.34300000000001,0.2783231973648071,softmax
,2014,2014x2038,12.0,780.0,57.0,56.34300000000001,1.4508032083511353,softmax
,1505,1505x1835,12.0,780.0,57.0,56.34300000000001,0.3827711999416351,softmax
,1300,1300x1197,12.0,780.0,57.0,56.34300000000001,0.2113536030054092,softmax
,1948,1948x1982,19.92,700.8,57.88,57.749240000000015,0.5576703906059265,softmax
,1392,1392x1929,21.0,690.0,58.0,57.94100000000002,0.3733503997325897,softmax
,1491,1491x1226,21.0,690.0,58.0,57.94100000000002,0.2476032018661499,softmax
,1537,1537x1644,21.0,690.0,58.0,57.94100000000002,0.3473408043384552,softmax
,1852,1852x1855,21.0,690.0,58.0,57.94100000000002,0.4837375998497009,softmax
,1503,1503x1984,21.0,690.0,58.0,57.94100000000002,0.4542464017868042,softmax
,1923,1923x1946,21.0,690.0,58.0,57.94100000000002,0.5320703983306885,softmax
,1720,1720x2972,31.0,690.0,58.0,59.805,0.6922240257263184,softmax
,1339,1339x3401,31.0,690.0,58.0,59.805,0.6166527986526489,softmax
,1247,1247x3395,31.0,690.0,58.0,59.805,0.5701632022857666,softmax
,1079,1079x2813,31.0,690.0,58.0,59.805,0.4034560024738312,softmax
,1956,1956x2284,31.0,690.0,58.0,59.805,0.5898240208625793,softmax
,1289,1289x3762,38.28,732.0,58.0,60.83763999999996,0.6721535921096802,softmax
,1997,1997x2699,44.0,765.0,58.0,61.64899999999996,0.7131136059761047,softmax
,1156,1156x3684,44.0,765.0,58.0,61.64899999999996,0.0991167992353439,softmax
,1959,1959x3469,44.0,765.0,58.0,61.64899999999996,0.1441791981458663,softmax
,1812,1812x2800,44.0,765.0,58.0,61.64899999999996,0.1118400007486343,softmax
,2938,2938x253,44.0,765.0,58.0,61.64899999999996,0.0110463999211788,softmax
,2724,2724x130,44.0,765.0,58.0,61.64899999999996,0.0091583998873829,softmax
,3684,3684x100,13.0,1005.0,60.0,69.443,0.0092032002285122,softmax
,4034,4034x237,13.0,1005.0,60.0,69.443,0.0184320006519556,softmax
,2747,2747x10,13.0,1005.0,60.0,69.443,0.0061440002173185,softmax
,3168,3168x79,13.0,1005.0,60.0,69.443,0.0081919999793171,softmax
,2470,2470x200,13.0,1005.0,60.0,69.443,0.0092160003259778,softmax
,3583,3583x123,13.0,1005.0,60.0,69.443,0.0092160003259778,softmax
,2307,2307x113,13.0,1005.0,60.0,69.443,0.0081919999793171,softmax
,2825,2825x107,13.0,1005.0,60.0,69.443,0.0089920001104474,softmax
,2760,2760x264,13.0,1005.0,60.0,69.443,0.0112767999991774,softmax
,3189,3189x445,13.0,1005.0,60.0,69.443,0.0294912006705999,softmax
,3080,3080x305,6.0,1005.0,62.0,84.29199999999997,0.019455999135971,softmax
,3421,3421x266,6.0,1005.0,62.0,84.29199999999997,0.0192511994391679,softmax
,3017,3017x476,6.0,1005.0,62.0,84.29199999999997,0.029696000739932,softmax
,2670,2670x449,6.0,1005.0,62.0,84.29199999999997,0.0235520005226135,softmax
,2211,2211x469,6.0,1005.0,62.0,84.29199999999997,0.0215039998292922,softmax
,3066,3066x370,6.0,1005.0,62.0,84.29199999999997,0.0231424003839492,softmax
,2837,2837x283,6.0,1005.0,62.0,84.29199999999997,0.012288000434637,softmax
,3794,3794x496,6.0,1005.0,62.0,84.29199999999997,0.0378880016505718,softmax
,3217,3217x972,6.0,1005.0,62.0,84.29199999999997,0.063078399002552,softmax
,3977,3977x964,6.0,1005.0,63.0,95.452,0.074752002954483,softmax
,3278,3278x669,6.0,1005.0,63.0,95.452,0.0458752006292343,softmax
,4018,4018x586,6.0,1005.0,63.0,95.452,0.0491520017385482,softmax
,3581,3581x1016,6.0,1005.0,63.0,95.452,0.072281602025032,softmax
,3723,3723x552,6.0,1005.0,63.0,95.452,0.0440320000052452,softmax
,3557,3557x572,6.0,1005.0,63.0,95.452,0.0423935994505882,softmax
,2654,2654x780,6.0,1005.0,63.0,95.452,0.0419839993119239,softmax
,3623,3623x920,6.0,1005.0,63.0,95.452,0.0669696003198623,softmax
,3616,3616x828,6.0,1005.0,63.0,95.452,0.0604160003364086,softmax
,3310,3310x1038,10.0,1005.0,64.0,96.546,0.0727040022611618,softmax
,3814,3814x1374,10.0,1005.0,64.0,96.546,0.149504005908966,softmax
,3894,3894x1460,10.0,1005.0,64.0,96.546,0.1566720008850097,softmax
,2496,2496x1365,10.0,1005.0,64.0,96.546,0.1048575982451438,softmax
,2170,2170x1505,10.0,1005.0,64.0,96.546,0.1023935973644256,softmax
,2445,2445x1457,10.0,1005.0,64.0,96.546,0.1103872001171112,softmax
,3567,3567x1727,10.0,1005.0,64.0,96.546,0.1728512048721313,softmax
,2459,2459x1031,10.0,1005.0,64.0,96.546,0.3932160079479218,softmax
,3900,3900x1998,16.0,390.0,65.0,97.366,1.1911167860031129,softmax
,3868,3868x1503,16.0,390.0,65.0,97.366,0.8167423963546753,softmax
,3252,3252x2848,16.0,390.0,65.0,97.366,1.2642303943634032,softmax
,3876,3876x2522,16.0,390.0,65.0,97.366,1.2953599691390991,softmax
,2168,2168x2705,41.6,601.2,63.08,88.51736,0.7792639851570129,softmax
,4064,4064x2419,56.0,720.0,62.0,83.53999999999998,1.296179175376892,softmax
,2964,2964x3110,56.0,720.0,62.0,83.53999999999998,0.1894400000572204,softmax
,3555,3555x2570,56.0,720.0,62.0,83.53999999999998,0.1769343972206115,softmax
,3358,3358x3544,56.0,720.0,62.0,83.53999999999998,0.2447359979152679,softmax
,3264,3264x2945,56.0,720.0,62.0,83.53999999999998,0.1873791992664337,softmax
,2554,2554x3169,56.0,720.0,62.0,83.53999999999998,0.1664896011352539,softmax
,2911,2911x2970,23.0,1005.0,64.0,77.202,0.1712128013372421,softmax
,6861,6861x217,23.0,1005.0,64.0,77.202,0.0327679999172687,softmax
,7322,7322x50,23.0,1005.0,64.0,77.202,0.0092160003259778,softmax
,8049,8049x150,23.0,1005.0,64.0,77.202,0.024575999751687,softmax
,7181,7181x219,23.0,1005.0,64.0,77.202,0.0335872001945972,softmax
,6869,6869x223,23.0,1005.0,64.0,77.202,0.0327679999172687,softmax
,6576,6576x89,23.0,1005.0,64.0,77.202,0.0102399997413158,softmax
,5080,5080x60,23.0,1005.0,64.0,77.202,0.0081919999793171,softmax
,5580,5580x197,23.0,1005.0,64.0,77.202,0.0214975997805595,softmax
,7417,7417x11,6.0,1005.0,65.0,87.94499999999996,0.0067264000885188,softmax
,4140,4140x229,6.0,1005.0,65.0,87.94499999999996,0.0184320006519556,softmax
,4383,4383x300,6.0,1005.0,65.0,87.94499999999996,0.026419199630618,softmax
,4475,4475x407,6.0,1005.0,65.0,87.94499999999996,0.037881601601839,softmax
,6039,6039x275,6.0,1005.0,65.0,87.94499999999996,0.0358400009572505,softmax
,5149,5149x473,6.0,1005.0,65.0,87.94499999999996,0.0475264005362987,softmax
,6179,6179x474,6.0,1005.0,65.0,87.94499999999996,0.0563072003424167,softmax
,5354,5354x418,6.0,1005.0,65.0,87.94499999999996,0.0460800006985664,softmax
,7429,7429x290,6.0,1005.0,65.0,87.94499999999996,0.0436223998665809,softmax
,4177,4177x307,6.0,1005.0,65.0,87.94499999999996,0.0255999993532896,softmax
,4879,4879x435,9.0,1005.0,65.0,98.33599999999996,0.0437951996922493,softmax
,6924,6924x463,9.0,1005.0,65.0,98.33599999999996,0.0624191999435424,softmax
,6287,6287x567,9.0,1005.0,65.0,98.33599999999996,0.0690112009644508,softmax
,6446,6446x795,9.0,1005.0,65.0,98.33599999999996,0.0980864033102989,softmax
,4748,4748x591,9.0,1005.0,65.0,98.33599999999996,0.0563072003424167,softmax
,7570,7570x652,9.0,1005.0,65.0,98.33599999999996,0.0933888018131256,softmax
,6923,6923x763,9.0,1005.0,65.0,98.33599999999996,0.1003519967198371,softmax
,6991,6991x565,9.0,1005.0,65.0,98.33599999999996,0.0768000036478042,softmax
,5062,5062x810,9.0,1005.0,65.0,98.33599999999996,0.0788479968905448,softmax
,6594,6594x549,11.0,1005.0,66.0,98.212,0.0743424028158187,softmax
,6996,6996x622,11.0,1005.0,66.0,98.212,0.0872447997331619,softmax
,8127,8127x715,11.0,1005.0,66.0,98.212,0.1144832015037536,softmax
,5949,5949x1988,11.0,1005.0,66.0,98.212,0.2781184017658233,softmax
,7689,7689x1924,11.0,1005.0,66.0,98.212,0.3481599986553192,softmax
,5649,5649x1608,11.0,1005.0,66.0,98.212,0.2328575998544693,softmax
,8023,8023x1569,11.0,1005.0,66.0,98.212,0.3041279911994934,softmax
,5173,5173x1249,11.0,1005.0,66.0,98.212,0.1972224026918411,softmax
,4523,4523x1725,28.0,450.0,66.0,99.672,0.1964032053947448,softmax
,7610,7610x1532,28.0,450.0,66.0,99.672,0.2834304094314575,softmax
,5722,5722x1995,28.0,450.0,66.0,99.672,0.2787328064441681,softmax
,4411,4411x1585,28.0,450.0,66.0,99.672,0.1892351984977722,softmax
,7433,7433x1652,28.0,450.0,66.0,99.672,0.3182464063167572,softmax
,6589,6589x2499,28.0,450.0,66.0,99.672,0.545580780506134,softmax
,5585,5585x2216,28.0,450.0,66.0,99.672,0.3932160019874572,softmax
,7626,7626x2806,42.0,420.0,67.0,101.131,0.6094847917556763,softmax
,5164,5164x3405,42.0,420.0,67.0,101.131,0.4763455986976623,softmax
,4968,4968x2583,42.0,420.0,67.0,101.131,0.395059198141098,softmax
,6566,6566x3991,42.0,420.0,67.0,101.131,0.68853759765625,softmax
,7095,7095x3885,42.0,420.0,67.0,101.131,0.693452787399292,softmax
,5153,5153x3235,50.0,435.0,67.0,103.09799999999996,0.4521983981132507,softmax
,7243,7243x3647,50.0,435.0,67.0,103.09799999999996,0.6793215990066528,softmax
,7827,7827x3109,50.0,435.0,67.0,103.09799999999996,0.6567935943603516,softmax
,12095,12095x150,50.0,435.0,67.0,103.09799999999996,0.0399295985698699,softmax
,10096,10096x1,50.0,435.0,67.0,103.09799999999996,0.0081919999793171,softmax
,13511,13511x30,50.0,435.0,67.0,103.09799999999996,0.0184320006519556,softmax
,14451,14451x132,50.0,435.0,67.0,103.09799999999996,0.042579199373722,softmax
,15501,15501x119,50.0,435.0,67.0,103.09799999999996,0.0417791992425918,softmax
,11224,11224x91,8.0,435.0,67.0,103.90500000000004,0.0266239996999502,softmax
,14651,14651x97,8.0,435.0,67.0,103.90500000000004,0.0337920002639293,softmax
,10442,10442x7,8.0,435.0,67.0,103.90500000000004,0.0092160003259778,softmax
,12261,12261x43,8.0,435.0,67.0,103.90500000000004,0.0204799994826316,softmax
,10474,10474x246,8.0,435.0,67.0,103.90500000000004,0.055078399926424,softmax
,12575,12575x320,8.0,435.0,67.0,103.90500000000004,0.0811007976531982,softmax
,11868,11868x269,8.0,435.0,67.0,103.90500000000004,0.0663552001118659,softmax
,10034,10034x508,8.0,435.0,67.0,103.90500000000004,0.1003519967198371,softmax
,10132,10132x441,8.0,435.0,67.0,103.90500000000004,0.0911360010504722,softmax
,10654,10654x411,13.0,435.0,67.0,100.232,0.0892928004264831,softmax
,8228,8228x333,13.0,435.0,67.0,100.232,0.059187201410532,softmax
,15196,15196x399,13.0,435.0,67.0,100.232,0.1193984031677246,softmax
,16290,16290x474,13.0,435.0,67.0,100.232,0.1488896012306213,softmax
,16263,16263x374,13.0,435.0,67.0,100.232,0.1185728028416633,softmax
,11523,11523x265,13.0,435.0,67.0,100.232,0.0634879991412162,softmax
,13021,13021x984,13.0,435.0,67.0,100.232,0.2387968003749847,softmax
,10537,10537x899,13.0,435.0,67.0,100.232,0.1882112026214599,softmax
,8687,8687x663,16.0,435.0,67.0,96.183,0.1157056018710136,softmax
,11181,11181x994,16.0,435.0,67.0,96.183,0.2172928005456924,softmax
,10015,10015x672,16.0,435.0,67.0,96.183,0.130867201089859,softmax
,12420,12420x826,16.0,435.0,67.0,96.183,0.2437119930982589,softmax
,14753,14753x570,16.0,435.0,67.0,96.183,0.2017280012369156,softmax
,14426,14426x681,16.0,435.0,67.0,96.183,0.2433023959398269,softmax
,14135,14135x856,16.0,435.0,67.0,96.183,0.2426880002021789,softmax
,13257,13257x705,33.0,255.0,67.0,98.633,0.2467840015888214,softmax
,8980,8980x1669,33.0,255.0,67.0,98.633,0.5908480286598206,softmax
,14593,14593x1753,33.0,255.0,67.0,98.633,0.9623551964759828,softmax
,16007,16007x1101,33.0,255.0,67.0,98.633,0.795852780342102,softmax
,10500,10500x1354,33.0,255.0,67.0,98.633,0.5138431787490845,softmax
,14543,14543x1514,33.0,255.0,67.0,98.633,0.7411647796630859,softmax
,9621,9621x2046,44.0,300.0,67.0,101.672,0.5691391825675964,softmax
,14145,14145x1748,44.0,300.0,67.0,101.672,0.7309312224388123,softmax
,10494,10494x1278,44.0,300.0,67.0,101.672,0.4370431959629058,softmax
,14201,14201x1667,44.0,300.0,67.0,101.672,0.7237632274627686,softmax
,8323,8323x1341,44.0,300.0,67.0,101.672,0.3758080005645752,softmax
,15766,15766x2431,40.8,312.0,67.36,102.7868,1.5804415941238403,softmax
,14696,14696x3823,36.0,330.0,68.0,104.459,1.2775423765182494,softmax
,15995,15995x2517,36.0,330.0,68.0,104.459,1.1233279705047607,softmax
,8706,8706x3606,36.0,330.0,68.0,104.459,0.6985728144645691,softmax
,15122,15122x3154,36.0,330.0,68.0,104.459,1.0168319940567017,softmax
,13080,13080x3898,39.0,645.0,68.0,108.75700000000003,1.078271985054016,softmax
,13057,13057x2722,39.0,645.0,68.0,108.75700000000003,0.6543168067932129,softmax
,14568,14568x2089,39.0,645.0,68.0,108.75700000000003,0.6225919723510742,softmax
,10609,10609x4094,39.0,645.0,68.0,108.75700000000003,0.8638463973999023,softmax
,9789,9789x2198,39.0,645.0,68.0,108.75700000000003,0.4081920087337494,softmax
,127,127x168,51.0,1005.0,69.0,113.47200000000004,0.0053119999356567,add
,18,18x218,51.0,1005.0,69.0,113.47200000000004,0.0053119999356567,add
,209,209x112,51.0,1005.0,69.0,113.47200000000004,0.0057088000699877,add
,83,83x236,51.0,1005.0,69.0,113.47200000000004,0.0055040000006556,add
,1,1x37,51.0,1005.0,69.0,113.47200000000004,0.0051199998706579,add
,172,172x29,51.0,1005.0,69.0,113.47200000000004,0.0053439998999238,add
,188,188x90,51.0,1005.0,69.0,113.47200000000004,0.0055040000006556,add
,116,116x165,51.0,1005.0,69.0,113.47200000000004,0.0051199998706579,add
,232,232x249,51.0,1005.0,69.0,113.47200000000004,0.0061440002173185,add
,235,235x45,51.0,1005.0,69.0,113.47200000000004,0.0051199998706579,add
,58,58x332,5.0,1005.0,68.0,108.02500000000003,0.0056960000656545,add
,178,178x472,5.0,1005.0,68.0,108.02500000000003,0.0061440002173185,add
,211,211x432,5.0,1005.0,68.0,108.02500000000003,0.0061440002173185,add
,134,134x373,5.0,1005.0,68.0,108.02500000000003,0.0061440002173185,add
,86,86x339,5.0,1005.0,68.0,108.02500000000003,0.0051199998706579,add
,163,163x321,5.0,1005.0,68.0,108.02500000000003,0.0061440002173185,add
,76,76x447,5.0,1005.0,68.0,108.02500000000003,0.0061440002173185,add
,235,235x420,5.0,1005.0,68.0,108.02500000000003,0.0061440002173185,add
,174,174x314,5.0,1005.0,68.0,108.02500000000003,0.0061440002173185,add
,229,229x439,5.0,1005.0,68.0,108.02500000000003,0.0061440002173185,add
,43,43x969,6.0,1005.0,68.0,99.97600000000006,0.0061440002173185,add
,76,76x950,6.0,1005.0,68.0,99.97600000000006,0.0061440002173185,add
,229,229x602,6.0,1005.0,68.0,99.97600000000006,0.0061440002173185,add
,72,72x601,6.0,1005.0,68.0,99.97600000000006,0.0061440002173185,add
,4,4x932,6.0,1005.0,68.0,99.97600000000006,0.0055168000049889,add
,149,149x1015,6.0,1005.0,68.0,99.97600000000006,0.0069439998827874,add
,79,79x781,6.0,1005.0,68.0,99.97600000000006,0.0061440002173185,add
,15,15x635,6.0,1005.0,68.0,99.97600000000006,0.0055296000093221,add
,62,62x895,6.0,1005.0,68.0,99.97600000000006,0.0061440002173185,add
,183,183x680,7.0,1005.0,67.0,96.866,0.0061440002173185,add
,40,40x1421,7.0,1005.0,67.0,96.866,0.0061440002173185,add
,50,50x1745,7.0,1005.0,67.0,96.866,0.0061440002173185,add
,84,84x1234,7.0,1005.0,67.0,96.866,0.0061440002173185,add
,60,60x1293,7.0,1005.0,67.0,96.866,0.0061440002173185,add
,89,89x1648,7.0,1005.0,67.0,96.866,0.010623999685049,add
,108,108x1291,7.0,1005.0,67.0,96.866,0.0102399997413158,add
,101,101x1245,7.0,1005.0,67.0,96.866,0.0102399997413158,add
,6,6x1222,7.0,1005.0,67.0,96.866,0.0081919999793171,add
,143,143x1737,7.0,1005.0,67.0,96.866,0.012288000434637,add
,99,99x1602,12.0,330.0,67.0,96.41499999999998,0.0110592000186443,add
,55,55x2789,12.0,330.0,67.0,96.41499999999998,0.0112640000879764,add
,64,64x3957,12.0,330.0,67.0,96.41499999999998,0.012288000434637,add
,253,253x2522,12.0,330.0,67.0,96.41499999999998,0.022732800245285,add
,220,220x2822,12.0,330.0,67.0,96.41499999999998,0.0225280001759529,add
,225,225x2397,12.0,330.0,67.0,96.41499999999998,0.0184320006519556,add
,102,102x3436,12.0,330.0,67.0,96.41499999999998,0.0151551997289061,add
,205,205x3507,12.0,330.0,67.0,96.41499999999998,0.0255999993532896,add
,129,129x4053,12.0,330.0,67.0,96.41499999999998,0.0184320006519556,add
,14,14x2782,12.0,330.0,67.0,96.41499999999998,0.0102399997413158,add
,104,104x3251,12.0,285.0,67.0,95.297,0.0163839999586343,add
,453,453x231,12.0,285.0,67.0,95.297,0.0112640000879764,add
,341,341x252,12.0,285.0,67.0,95.297,0.0112640000879764,add
,500,500x81,12.0,285.0,67.0,95.297,0.0102335998788475,add
,288,288x15,12.0,285.0,67.0,95.297,0.0092160003259778,add
,476,476x177,12.0,285.0,67.0,95.297,0.0112640000879764,add
,300,300x34,12.0,285.0,67.0,95.297,0.0092160003259778,add
,473,473x216,12.0,285.0,67.0,95.297,0.0112640000879764,add
,307,307x251,12.0,285.0,67.0,95.297,0.0112640000879764,add
,480,480x104,12.0,285.0,67.0,95.297,0.0112640000879764,add
,372,372x48,14.0,240.0,66.0,93.983,0.0102143999189138,add
,296,296x411,14.0,240.0,66.0,93.983,0.012288000434637,add
,349,349x266,14.0,240.0,66.0,93.983,0.012288000434637,add
,443,443x493,14.0,240.0,66.0,93.983,0.0147136000916361,add
,361,361x468,14.0,240.0,66.0,93.983,0.0143360001966357,add
,333,333x355,14.0,240.0,66.0,93.983,0.0126848002895712,add
,360,360x338,14.0,240.0,66.0,93.983,0.0143360001966357,add
,267,267x285,14.0,240.0,66.0,93.983,0.0129024000838398,add
,328,328x377,14.0,240.0,66.0,93.983,0.0143360001966357,add
,417,417x425,14.0,240.0,66.0,93.983,0.0161791998893022,add
,397,397x482,17.0,210.0,65.0,90.488,0.0163839999586343,add
,500,500x765,17.0,210.0,65.0,90.488,0.0204799994826316,add
,284,284x758,17.0,210.0,65.0,90.488,0.0167936000972986,add
,261,261x915,17.0,210.0,65.0,90.488,0.0174080003052949,add
,419,419x929,17.0,210.0,65.0,90.488,0.0204799994826316,add
,308,308x677,17.0,210.0,65.0,90.488,0.0163839999586343,add
,351,351x967,17.0,210.0,65.0,90.488,0.019455999135971,add
,337,337x768,17.0,210.0,65.0,90.488,0.0172032002359628,add
,424,424x801,17.0,210.0,65.0,90.488,0.019455999135971,add
,267,267x536,15.0,210.0,62.0,72.78299999999996,0.0143360001966357,add
,476,476x779,15.0,210.0,62.0,72.78299999999996,0.0202751994132995,add
,510,510x1267,15.0,210.0,62.0,72.78299999999996,0.1232895985245704,add
,477,477x1448,15.0,210.0,62.0,72.78299999999996,0.1359872013330459,add
,405,405x1561,15.0,210.0,62.0,72.78299999999996,0.1206272035837173,add
,325,325x1687,15.0,210.0,62.0,72.78299999999996,0.0663552001118659,add
,283,283x1706,15.0,210.0,62.0,72.78299999999996,0.0225280001759529,add
,459,459x1784,15.0,210.0,62.0,72.78299999999996,0.1644544005393982,add
,324,324x1208,15.0,210.0,62.0,72.78299999999996,0.0204799994826316,add
,512,512x1600,21.0,210.0,61.0,58.215999999999966,0.1644543975591659,add
,418,418x2031,21.0,210.0,61.0,58.215999999999966,0.1705984026193618,add
,275,275x1988,21.0,210.0,61.0,58.215999999999966,0.0700416013598442,add
,439,439x4036,21.0,210.0,61.0,58.215999999999966,0.3549183905124664,add
,402,402x2788,21.0,210.0,61.0,58.215999999999966,0.2260991960763931,add
,512,512x2435,21.0,210.0,61.0,58.215999999999966,0.211558398604393,add
,335,335x2167,21.0,210.0,61.0,58.215999999999966,0.1460224002599716,add
,488,488x3379,21.0,210.0,61.0,58.215999999999966,0.3307519972324371,add
,304,304x3682,24.0,210.0,60.0,58.76999999999999,0.2267135977745056,add
,455,455x3697,24.0,210.0,60.0,58.76999999999999,0.3381247997283935,add
,440,440x2442,24.0,210.0,60.0,58.76999999999999,0.5074944019317627,add
,303,303x3779,24.0,210.0,60.0,58.76999999999999,0.5328895926475525,add
,371,371x2684,24.0,210.0,60.0,58.76999999999999,0.4659199953079224,add
,665,665x66,24.0,210.0,60.0,58.76999999999999,0.0143360001966357,add
,948,948x212,24.0,210.0,60.0,58.76999999999999,0.0180224005132913,add
,986,986x92,41.0,225.0,59.0,58.73499999999997,0.0159743998199701,add
,973,973x136,41.0,225.0,59.0,58.73499999999997,0.0163839999586343,add
,531,531x3,41.0,225.0,59.0,58.73499999999997,0.0133119998499751,add
,823,823x185,41.0,225.0,59.0,58.73499999999997,0.0163839999586343,add
,529,529x97,41.0,225.0,59.0,58.73499999999997,0.0143360001966357,add
,821,821x238,41.0,225.0,59.0,58.73499999999997,0.0184320006519556,add
,1009,1009x242,41.0,225.0,59.0,58.73499999999997,0.0192511994391679,add
,521,521x53,41.0,225.0,59.0,58.73499999999997,0.0135167999193072,add
,1012,1012x375,41.0,225.0,59.0,58.73499999999997,0.0215039998292922,add
,632,632x510,23.0,225.0,59.0,55.362000000000016,0.0204799994826316,add
,865,865x481,23.0,225.0,59.0,55.362000000000016,0.0225280001759529,add
,881,881x498,23.0,225.0,59.0,55.362000000000016,0.0231424003839492,add
,673,673x508,23.0,225.0,59.0,55.362000000000016,0.0212991997599601,add
,880,880x390,23.0,225.0,59.0,55.362000000000016,0.0215039998292922,add
,745,745x318,23.0,225.0,59.0,55.362000000000016,0.0184320006519556,add
,619,619x282,23.0,225.0,59.0,55.362000000000016,0.0174080003052949,add
,633,633x362,23.0,225.0,59.0,55.362000000000016,0.0186368003487586,add
,855,855x327,23.0,225.0,59.0,55.362000000000016,0.019455999135971,add
,806,806x688,16.0,225.0,58.0,51.477,0.1546240001916885,add
,746,746x654,16.0,225.0,58.0,51.477,0.024371200799942,add
,523,523x584,16.0,225.0,58.0,51.477,0.0204799994826316,add
,550,550x667,16.0,225.0,58.0,51.477,0.0225280001759529,add
,799,799x663,16.0,225.0,58.0,51.477,0.113459201157093,add
,599,599x550,16.0,225.0,58.0,51.477,0.0204799994826316,add
,676,676x536,16.0,225.0,58.0,51.477,0.0215039998292922,add
,778,778x875,16.0,225.0,58.0,51.477,0.3051519989967346,add
,754,754x752,23.0,225.0,58.0,51.801,0.1841151982545852,add
,710,710x882,23.0,225.0,58.0,51.801,0.262553596496582,add
,948,948x1291,23.0,225.0,58.0,51.801,0.5699584126472473,add
,1023,1023x1892,23.0,225.0,58.0,51.801,0.8996864080429077,add
,645,645x1266,23.0,225.0,58.0,51.801,0.3895296037197113,add
,625,625x1272,23.0,225.0,58.0,51.801,0.3743744015693664,add
,823,823x1627,23.0,225.0,58.0,51.801,0.6287359952926636,add
,733,733x1399,41.0,255.0,58.0,53.90200000000002,0.4831232070922852,add
,830,830x1951,41.0,255.0,58.0,53.90200000000002,0.7573503851890564,add
,665,665x1691,41.0,255.0,58.0,53.90200000000002,0.5271551966667175,add
,797,797x1206,41.0,255.0,58.0,53.90200000000002,0.4507648050785064,add
,1000,1000x1063,41.0,255.0,58.0,53.90200000000002,0.4995072066783905,add
,841,841x3694,41.0,255.0,58.0,53.90200000000002,1.426841640472412,add
,837,837x3613,40.0,270.0,58.0,55.41100000000003,1.384652805328369,add
,774,774x2416,40.0,270.0,58.0,55.41100000000003,0.8640512108802796,add
,572,572x3269,40.0,270.0,58.0,55.41100000000003,0.8708096146583557,add
,636,636x2261,40.0,270.0,58.0,55.41100000000003,0.6705152153968811,add
,838,838x3952,40.0,270.0,58.0,55.41100000000003,1.5046656131744385,add
,616,616x3057,42.0,360.0,58.0,56.135,0.3751936018466949,add
,685,685x3053,42.0,360.0,58.0,56.135,0.4163584113121032,add
,574,574x4024,42.0,360.0,58.0,56.135,0.4583424031734466,add
,584,584x3280,42.0,360.0,58.0,56.135,0.3821567952632904,add
,1726,1726x134,42.0,360.0,58.0,56.135,0.0133119998499751,add
,1057,1057x69,42.0,360.0,58.0,56.135,0.0112640000879764,add
,1191,1191x40,42.0,360.0,58.0,56.135,0.0112640000879764,add
,1042,1042x64,42.0,360.0,58.0,56.135,0.0112640000879764,add
,1757,1757x99,12.0,465.0,57.0,57.38000000000004,0.012288000434637,add
,2034,2034x108,12.0,465.0,57.0,57.38000000000004,0.0131071999669075,add
,1421,1421x90,12.0,465.0,57.0,57.38000000000004,0.0116736002266407,add
,1072,1072x130,12.0,465.0,57.0,57.38000000000004,0.012288000434637,add
,1274,1274x239,12.0,465.0,57.0,57.38000000000004,0.0137215999886393,add
,1672,1672x3,12.0,465.0,57.0,57.38000000000004,0.0102399997413158,add
,1536,1536x357,12.0,465.0,57.0,57.38000000000004,0.0653311997652053,add
,1074,1074x428,12.0,465.0,57.0,57.38000000000004,0.0153599996119737,add
,1509,1509x294,12.0,465.0,57.0,57.38000000000004,0.0153599996119737,add
,1666,1666x290,10.0,465.0,57.0,56.63000000000002,0.0159743998199701,add
,1139,1139x283,10.0,465.0,57.0,56.63000000000002,0.0143360001966357,add
,1811,1811x494,10.0,465.0,57.0,56.63000000000002,0.1808383971452713,add
,1235,1235x263,10.0,465.0,57.0,56.63000000000002,0.0143360001966357,add
,1405,1405x381,10.0,465.0,57.0,56.63000000000002,0.0483328007161617,add
,1323,1323x332,10.0,465.0,57.0,56.63000000000002,0.0153599996119737,add
,1511,1511x284,10.0,465.0,57.0,56.63000000000002,0.0153599996119737,add
,1999,1999x991,10.0,465.0,57.0,56.63000000000002,0.394239991903305,add
,1111,1111x1020,10.0,465.0,57.0,56.63000000000002,0.2303999990224838,add
,1703,1703x897,20.0,465.0,57.0,55.14200000000003,0.3076096057891845,add
,1086,1086x630,20.0,465.0,57.0,55.14200000000003,0.1345535963773727,add
,1430,1430x803,20.0,465.0,57.0,55.14200000000003,0.234086400270462,add
,1069,1069x693,20.0,465.0,57.0,55.14200000000003,0.1482751995325088,add
,1649,1649x980,20.0,465.0,57.0,55.14200000000003,0.3239935994148254,add
,1292,1292x707,20.0,465.0,57.0,55.14200000000003,0.1859584003686905,add
,1627,1627x665,20.0,465.0,57.0,55.14200000000003,0.5054464101791382,add
,1988,1988x579,20.0,465.0,57.0,55.14200000000003,0.5390336036682128,add
,2014,2014x2038,35.0,315.0,57.0,56.067,1.8434048175811768,add
,1505,1505x1835,35.0,315.0,57.0,56.067,1.265459203720093,add
,1300,1300x1197,35.0,315.0,57.0,56.067,0.3115007996559143,add
,1948,1948x1982,35.0,315.0,57.0,56.067,0.7573503971099853,add
,1392,1392x1929,35.0,315.0,57.0,56.067,0.5263360142707825,add
,1491,1491x1226,35.0,387.0,57.0,56.66475999999999,0.3657728016376495,add
,1537,1537x1644,37.0,540.0,57.0,57.93499999999997,0.5003264009952545,add
,1852,1852x1855,37.0,540.0,57.0,57.93499999999997,0.675430417060852,add
,1503,1503x1984,37.0,540.0,57.0,57.93499999999997,0.5873664021492004,add
,1923,1923x1946,37.0,540.0,57.0,57.93499999999997,0.7335935950279235,add
,1720,1720x2972,37.0,540.0,57.0,57.93499999999997,0.99655681848526,add
,1339,1339x3401,43.72,552.6,57.84,59.578880000000034,0.8896511912345886,add
,1247,1247x3395,45.0,555.0,58.0,59.89200000000003,0.8273919939994812,add
,1079,1079x2813,45.0,555.0,58.0,59.89200000000003,0.5961728096008301,add
,1956,1956x2284,45.0,555.0,58.0,59.89200000000003,0.8699904084205627,add
,1289,1289x3762,45.0,555.0,58.0,59.89200000000003,0.9433087944984436,add
,1997,1997x2699,45.0,555.0,58.0,59.89200000000003,1.0471423864364624,add
,1156,1156x3684,36.0,690.0,58.0,62.50900000000001,0.8306688070297241,add
,1959,1959x3469,36.0,690.0,58.0,62.50900000000001,1.3158400058746338,add
,1812,1812x2800,36.0,690.0,58.0,62.50900000000001,0.9842687964439392,add
,2938,2938x253,36.0,690.0,58.0,62.50900000000001,0.1447935998439788,add
,2724,2724x130,36.0,690.0,58.0,62.50900000000001,0.0092160003259778,add
,3684,3684x100,36.0,690.0,58.0,62.50900000000001,0.0092160003259778,add
,4034,4034x237,36.0,690.0,58.0,62.50900000000001,0.1910784035921096,add
,2747,2747x10,11.0,870.0,58.0,63.10100000000004,0.0069632001221179,add
,3168,3168x79,11.0,870.0,58.0,63.10100000000004,0.0081919999793171,add
,2470,2470x200,11.0,870.0,58.0,63.10100000000004,0.01064959987998,add
,3583,3583x123,11.0,870.0,58.0,63.10100000000004,0.009625600092113,add
,2307,2307x113,11.0,870.0,58.0,63.10100000000004,0.0081919999793171,add
,2825,2825x107,11.0,870.0,58.0,63.10100000000004,0.0092160003259778,add
,2760,2760x264,11.0,870.0,58.0,63.10100000000004,0.1423359960317611,add
,3189,3189x445,11.0,870.0,58.0,63.10100000000004,0.2813951969146728,add
,3080,3080x305,11.0,870.0,58.0,63.10100000000004,0.1843199998140335,add
,3421,3421x266,18.0,870.0,58.0,60.60799999999997,0.181862398982048,add
,3017,3017x476,18.0,870.0,58.0,60.60799999999997,0.2852864027023315,add
,2670,2670x449,18.0,870.0,58.0,60.60799999999997,0.2400256037712097,add
,2211,2211x469,18.0,870.0,58.0,60.60799999999997,0.2084864020347595,add
,3066,3066x370,18.0,870.0,58.0,60.60799999999997,0.2285567998886108,add
,2837,2837x283,18.0,870.0,58.0,60.60799999999997,0.1581055968999862,add
,3794,3794x496,18.0,870.0,58.0,60.60799999999997,0.3731456100940704,add
,3217,3217x972,18.0,870.0,58.0,60.60799999999997,0.6100992083549499,add
,3977,3977x964,23.0,870.0,58.0,58.30199999999998,0.7499775886535645,add
,3278,3278x669,23.0,870.0,58.0,58.30199999999998,0.4315135955810547,add
,4018,4018x586,23.0,870.0,58.0,58.30199999999998,0.4636671960353851,add
,3581,3581x1016,23.0,870.0,58.0,58.30199999999998,0.7098367929458618,add
,3723,3723x552,23.0,870.0,58.0,58.30199999999998,0.4050943911075592,add
,3557,3557x572,23.0,870.0,58.0,58.30199999999998,0.4016127943992614,add
,2654,2654x780,24.0,870.0,58.0,58.64199999999999,0.4108288049697876,add
,3623,3623x920,28.0,870.0,58.0,60.00199999999997,0.6516736149787903,add
,3616,3616x828,28.0,870.0,58.0,60.00199999999997,0.5875712037086487,add
,3310,3310x1038,28.0,870.0,58.0,60.00199999999997,0.6746112108230591,add
,3814,3814x1374,28.0,870.0,58.0,60.00199999999997,1.0203136205673218,add
,3894,3894x1460,28.0,870.0,58.0,60.00199999999997,1.1065343618392944,add
,2496,2496x1365,51.0,720.0,58.0,61.25800000000002,0.0962560027837753,add
,2170,2170x1505,51.0,720.0,58.0,61.25800000000002,0.0929792016744613,add
,2445,2445x1457,51.0,720.0,58.0,61.25800000000002,0.1009343966841697,add
,3567,3567x1727,51.0,720.0,58.0,61.25800000000002,0.1689600020647049,add
,2459,2459x1031,51.0,720.0,58.0,61.25800000000002,0.0733184024691581,add
,3900,3900x1998,51.0,720.0,58.0,61.25800000000002,0.2129919975996017,add
,3868,3868x1503,51.0,720.0,58.0,61.25800000000002,0.1607680022716522,add
,3252,3252x2848,51.0,720.0,58.0,61.25800000000002,0.2520896077156067,add
,3876,3876x2522,26.0,1005.0,61.0,74.85400000000003,0.2662400007247925,add
,2168,2168x2705,26.0,1005.0,61.0,74.85400000000003,0.1617919951677322,add
,4064,4064x2419,26.0,1005.0,61.0,74.85400000000003,0.2670592069625854,add
,2964,2964x3110,26.0,1005.0,61.0,74.85400000000003,0.2506687998771667,add
,3555,3555x2570,26.0,1005.0,61.0,74.85400000000003,0.2490175992250442,add
,3358,3358x3544,26.0,1005.0,61.0,74.85400000000003,0.3217472076416016,add
,3264,3264x2945,26.0,1005.0,61.0,74.85400000000003,0.26110720038414,add
,2554,2554x3169,35.0,1005.0,63.0,93.189,0.2213887989521026,add
,2911,2911x2970,35.0,1005.0,63.0,93.189,0.235929599404335,add
,6861,6861x217,35.0,1005.0,63.0,93.189,0.0450560003519058,add
,7322,7322x50,35.0,1005.0,63.0,93.189,0.0081792000681161,add
,8049,8049x150,35.0,1005.0,63.0,93.189,0.0368640013039112,add
,7181,7181x219,35.0,1005.0,63.0,93.189,0.047104001045227,add
,6869,6869x223,35.0,1005.0,63.0,93.189,0.0460800006985664,add
,6576,6576x89,35.0,1005.0,63.0,93.189,0.0174080003052949,add
,5080,5080x60,35.0,1005.0,63.0,93.189,0.0071680000983178,add
,5580,5580x197,33.88,1005.0,63.0,93.73292,0.0331776000559329,add
,7417,7417x11,7.0,1005.0,64.0,99.988,0.0061440002173185,add
,4140,4140x229,7.0,1005.0,64.0,99.988,0.0286784004420042,add
,4383,4383x300,7.0,1005.0,64.0,99.988,0.0399359986186027,add
,4475,4475x407,7.0,1005.0,64.0,99.988,0.0538495995104312,add
,6039,6039x275,7.0,1005.0,64.0,99.988,0.0491648010909557,add
,5149,5149x473,7.0,1005.0,64.0,99.988,0.0704512014985084,add
,6179,6179x474,7.0,1005.0,64.0,99.988,0.0839679986238479,add
,5354,5354x418,7.0,1005.0,64.0,99.988,0.0655359998345375,add
,7429,7429x290,7.0,1005.0,64.0,99.988,0.0634879991412162,add
,4177,4177x307,12.0,615.0,65.0,98.183,0.0399359986186027,add
,4879,4879x435,12.0,615.0,65.0,98.183,0.0626687988638877,add
,6924,6924x463,12.0,615.0,65.0,98.183,0.0915456011891365,add
,6287,6287x567,12.0,615.0,65.0,98.183,0.1013759970664978,add
,6446,6446x795,12.0,615.0,65.0,98.183,0.1431552022695541,add
,4748,4748x591,12.0,615.0,65.0,98.183,0.0812991976737976,add
,7570,7570x652,12.0,615.0,65.0,98.183,0.1382399946451187,add
,6923,6923x763,12.0,615.0,65.0,98.183,0.1474560052156448,add
,6991,6991x565,12.0,615.0,65.0,98.183,0.111820800602436,add
,5062,5062x810,16.0,525.0,65.0,96.57999999999996,0.1161024019122123,add
,6594,6594x549,16.0,525.0,65.0,96.57999999999996,0.1030015975236892,add
,6996,6996x622,16.0,525.0,65.0,96.57999999999996,0.1226751968264579,add
,8127,8127x715,16.0,525.0,65.0,96.57999999999996,0.1617919951677322,add
,5949,5949x1988,16.0,525.0,65.0,96.57999999999996,0.3215360045433044,add
,7689,7689x1924,16.0,525.0,65.0,96.57999999999996,0.3997696042060852,add
,5649,5649x1608,16.0,525.0,65.0,96.57999999999996,0.2492351979017257,add
,8023,8023x1569,27.0,480.0,65.0,97.78600000000004,0.3430399894714355,add
,5173,5173x1249,27.0,480.0,65.0,97.78600000000004,0.178995195031166,add
,4523,4523x1725,27.0,480.0,65.0,97.78600000000004,0.2142208039760589,add
,7610,7610x1532,27.0,480.0,65.0,97.78600000000004,0.317440003156662,add
,5722,5722x1995,27.0,480.0,65.0,97.78600000000004,0.3108863949775696,add
,4411,4411x1585,27.0,480.0,65.0,97.78600000000004,0.1931264013051986,add
,7433,7433x1652,27.0,480.0,65.0,97.78600000000004,0.3344383955001831,add
,6589,6589x2499,16.0,435.0,66.0,99.41100000000004,0.4456447958946228,add
,5585,5585x2216,16.0,435.0,66.0,99.41100000000004,0.3371008038520813,add
,7626,7626x2806,16.0,435.0,66.0,99.41100000000004,0.5761023759841919,add
,5164,5164x3405,16.0,435.0,66.0,99.41100000000004,0.4755456030368805,add
,4968,4968x2583,16.0,435.0,66.0,99.41100000000004,0.3479551970958709,add
,6566,6566x3991,16.0,435.0,66.0,99.41100000000004,0.7040895938873291,add
,7095,7095x3885,30.0,420.0,66.0,101.46099999999996,0.7401343822479248,add
,5153,5153x3235,30.0,420.0,66.0,101.46099999999996,0.4507520020008087,add
,7243,7243x3647,30.0,420.0,66.0,101.46099999999996,0.7102399826049804,add
,7827,7827x3109,30.0,420.0,66.0,101.46099999999996,0.6541311979293823,add
,12095,12095x150,30.0,420.0,66.0,101.46099999999996,0.0548863999545574,add
,10096,10096x1,30.0,420.0,66.0,101.46099999999996,0.0071680000983178,add
,13511,13511x30,30.0,420.0,66.0,101.46099999999996,0.0112640000879764,add
,14451,14451x132,13.0,480.0,67.0,103.637,0.0581568010151386,add
,15501,15501x119,13.0,480.0,67.0,103.637,0.0556928001344203,add
,11224,11224x91,13.0,480.0,67.0,103.637,0.0327551998198032,add
,14651,14651x97,13.0,480.0,67.0,103.637,0.0442304000258445,add
,10442,10442x7,13.0,480.0,67.0,103.637,0.0075776000507175,add
,12261,12261x43,13.0,480.0,67.0,103.637,0.012288000434637,add
,10474,10474x246,13.0,480.0,67.0,103.637,0.0753600031137466,add
,12575,12575x320,13.0,480.0,67.0,103.637,0.1136640012264251,add
,11868,11868x269,13.0,480.0,67.0,103.637,0.0917312011122703,add
,10034,10034x508,12.0,480.0,66.0,99.762,0.1431552022695541,add
,10132,10132x441,12.0,480.0,66.0,99.762,0.1253376007080078,add
,10654,10654x411,12.0,480.0,66.0,99.762,0.1234943971037864,add
,8228,8228x333,12.0,480.0,66.0,99.762,0.0798719972372055,add
,15196,15196x399,12.0,480.0,66.0,99.762,0.1683456003665924,add
,16290,16290x474,12.0,480.0,66.0,99.762,0.2127871990203857,add
,16263,16263x374,12.0,480.0,66.0,99.762,0.1689600050449371,add
,11523,11523x265,12.0,480.0,66.0,99.762,0.0880640000104904,add
,13021,13021x984,25.0,480.0,67.0,97.14899999999994,0.3479551970958709,add
,10537,10537x899,25.0,480.0,67.0,97.14899999999994,0.2592640042304993,add
,8687,8687x663,25.0,480.0,67.0,97.14899999999994,0.1605504006147384,add
,11181,11181x994,25.0,480.0,67.0,97.14899999999994,0.3028992116451263,add
,10015,10015x672,25.0,480.0,67.0,97.14899999999994,0.186572802066803,add
,12420,12420x826,25.0,480.0,67.0,97.14899999999994,0.2801663994789123,add
,14753,14753x570,25.0,480.0,67.0,97.14899999999994,0.230809599161148,add
,14426,14426x681,21.8,480.0,67.0,98.87732,0.2691071927547455,add
,14135,14135x856,21.0,480.0,67.0,99.113,0.3297280073165893,add
,13257,13257x705,21.0,480.0,67.0,99.113,0.2568191945552825,add
,8980,8980x1669,21.0,480.0,67.0,99.113,0.4063231945037842,add
,14593,14593x1753,21.0,480.0,67.0,99.113,0.6881279945373535,add
,16007,16007x1101,21.0,480.0,67.0,99.113,0.4757503986358642,add
,10500,10500x1354,21.0,480.0,67.0,99.113,0.3860479891300201,add
,14543,14543x1514,32.0,390.0,67.0,102.25,0.5928959846496582,add
,9621,9621x2046,32.0,390.0,67.0,102.25,0.5298175811767578,add
,14145,14145x1748,32.0,390.0,67.0,102.25,0.6647807955741882,add
,10494,10494x1278,32.0,390.0,67.0,102.25,0.3651584088802337,add
,14201,14201x1667,32.0,390.0,67.0,102.25,0.636512017250061,add
,8323,8323x1341,32.0,390.0,67.0,102.25,0.3045375943183899,add
,15766,15766x2431,22.0,405.0,67.0,104.038,1.0270719528198242,add
,14696,14696x3823,22.0,405.0,67.0,104.038,1.4974975824356078,add
,15995,15995x2517,22.0,405.0,67.0,104.038,1.0762239694595337,add
,8706,8706x3606,22.0,405.0,67.0,104.038,0.8413183808326721,add
,15122,15122x3154,51.0,840.0,68.0,106.87399999999997,1.272211217880249,add
,13080,13080x3898,51.0,840.0,68.0,106.87399999999997,1.3602815866470337,add
,13057,13057x2722,51.0,840.0,68.0,106.87399999999997,0.9504768133163451,add
,14568,14568x2089,51.0,840.0,68.0,106.87399999999997,0.8124095916748046,add
,10609,10609x4094,51.0,840.0,68.0,106.87399999999997,1.1564799785614013,add
,9789,9789x2198,57.0,1005.0,68.0,111.49299999999997,0.5779199838638306,add
,127,127x168,57.0,1005.0,68.0,111.49299999999997,0.0051199998706579,mul
,18,18x218,57.0,1005.0,68.0,111.49299999999997,0.0051199998706579,mul
,209,209x112,57.0,1005.0,68.0,111.49299999999997,0.0051199998706579,mul
,83,83x236,57.0,1005.0,68.0,111.49299999999997,0.0051199998706579,mul
,1,1x37,57.0,1005.0,68.0,111.49299999999997,0.0051199998706579,mul
,172,172x29,57.0,1005.0,68.0,111.49299999999997,0.0051199998706579,mul
,188,188x90,57.0,1005.0,68.0,111.49299999999997,0.0051199998706579,mul
,116,116x165,57.0,1005.0,68.0,111.49299999999997,0.0051199998706579,mul
,232,232x249,5.0,1005.0,68.0,108.90900000000006,0.0056575999595224,mul
,235,235x45,5.0,1005.0,68.0,108.90900000000006,0.0051199998706579,mul
,58,58x332,5.0,1005.0,68.0,108.90900000000006,0.0051199998706579,mul
,178,178x472,5.0,1005.0,68.0,108.90900000000006,0.0058688000775873,mul
,211,211x432,5.0,1005.0,68.0,108.90900000000006,0.0060608001425862,mul
,134,134x373,5.0,1005.0,68.0,108.90900000000006,0.005702400021255,mul
,86,86x339,5.0,1005.0,68.0,108.90900000000006,0.0051199998706579,mul
,163,163x321,5.0,1005.0,68.0,108.90900000000006,0.0054847999475896,mul
,76,76x447,5.0,1005.0,68.0,108.90900000000006,0.0051519999280571,mul
,235,235x420,5.0,1005.0,68.0,108.90900000000006,0.0061376001685857,mul
,174,174x314,5.0,1005.0,68.0,100.517,0.0051199998706579,mul
,229,229x439,5.0,1005.0,68.0,100.517,0.0060928001068532,mul
,43,43x969,5.0,1005.0,68.0,100.517,0.0051391999237239,mul
,76,76x950,5.0,1005.0,68.0,100.517,0.0061312002129852,mul
,229,229x602,5.0,1005.0,68.0,100.517,0.0061440002173185,mul
,72,72x601,5.0,1005.0,68.0,100.517,0.0052927998825907,mul
,4,4x932,5.0,1005.0,68.0,100.517,0.0051519999280571,mul
,149,149x1015,5.0,1005.0,68.0,100.517,0.0061440002173185,mul
,79,79x781,5.0,1005.0,68.0,100.517,0.0051199998706579,mul
,15,15x635,5.0,1005.0,68.0,100.517,0.0051199998706579,mul
,62,62x895,5.0,1005.0,67.0,96.99800000000003,0.0053119999356567,mul
,183,183x680,5.0,1005.0,67.0,96.99800000000003,0.0061440002173185,mul
,40,40x1421,5.0,1005.0,67.0,96.99800000000003,0.0054975999519228,mul
,50,50x1745,5.0,1005.0,67.0,96.99800000000003,0.006118400208652,mul
,84,84x1234,5.0,1005.0,67.0,96.99800000000003,0.0061440002173185,mul
,60,60x1293,5.0,1005.0,67.0,96.99800000000003,0.006099200155586,mul
,89,89x1648,5.0,1005.0,67.0,96.99800000000003,0.0061440002173185,mul
,108,108x1291,5.0,1005.0,67.0,96.99800000000003,0.0102399997413158,mul
,101,101x1245,5.0,1005.0,67.0,96.99800000000003,0.0102399997413158,mul
,6,6x1222,5.0,1005.0,67.0,96.99800000000003,0.0081919999793171,mul
,143,143x1737,5.0,345.0,67.0,96.53099999999996,0.012288000434637,mul
,99,99x1602,10.0,345.0,67.0,96.53099999999996,0.0112640000879764,mul
,55,55x2789,10.0,345.0,67.0,96.53099999999996,0.0112640000879764,mul
,64,64x3957,10.0,345.0,67.0,96.53099999999996,0.0133119998499751,mul
,253,253x2522,10.0,345.0,67.0,96.53099999999996,0.0225280001759529,mul
,220,220x2822,10.0,345.0,67.0,96.53099999999996,0.0225280001759529,mul
,225,225x2397,10.0,345.0,67.0,96.53099999999996,0.0184320006519556,mul
,102,102x3436,10.0,345.0,67.0,96.53099999999996,0.0151551997289061,mul
,205,205x3507,10.0,345.0,67.0,96.53099999999996,0.0255999993532896,mul
,129,129x4053,10.0,345.0,67.0,96.53099999999996,0.0184320006519556,mul
,14,14x2782,11.0,285.0,67.0,95.285,0.0101631999015808,mul
,104,104x3251,11.0,285.0,67.0,95.285,0.0153599996119737,mul
,453,453x231,11.0,285.0,67.0,95.285,0.0112640000879764,mul
,341,341x252,11.0,285.0,67.0,95.285,0.0112640000879764,mul
,500,500x81,11.0,285.0,67.0,95.285,0.0094208002090454,mul
,288,288x15,11.0,285.0,67.0,95.285,0.0092160003259778,mul
,476,476x177,11.0,285.0,67.0,95.285,0.0112640000879764,mul
,300,300x34,11.0,285.0,67.0,95.285,0.0092160003259778,mul
,473,473x216,11.0,285.0,67.0,95.285,0.0114624001085758,mul
,307,307x251,11.0,285.0,67.0,95.285,0.0112640000879764,mul
,480,480x104,11.0,255.0,67.0,93.983,0.0102399997413158,mul
,372,372x48,13.0,255.0,66.0,93.983,0.0102399997413158,mul
,296,296x411,13.0,255.0,66.0,93.983,0.012288000434637,mul
,349,349x266,13.0,255.0,66.0,93.983,0.012288000434637,mul
,443,443x493,13.0,255.0,66.0,93.983,0.0151423998177051,mul
,361,361x468,13.0,255.0,66.0,93.983,0.0133119998499751,mul
,333,333x355,13.0,255.0,66.0,93.983,0.0124928003177046,mul
,360,360x338,13.0,255.0,66.0,93.983,0.0124928003177046,mul
,267,267x285,13.0,255.0,66.0,93.983,0.0112640000879764,mul
,328,328x377,13.0,255.0,66.0,93.983,0.0126720003783702,mul
,417,417x425,13.0,240.0,66.0,93.735,0.0134975999593734,mul
,397,397x482,13.0,240.0,66.0,93.735,0.0143360001966357,mul
,500,500x765,13.0,240.0,66.0,93.735,0.0184000004082918,mul
,284,284x758,13.0,240.0,66.0,93.735,0.0149503998458385,mul
,261,261x915,13.0,240.0,66.0,93.735,0.0149503998458385,mul
,419,419x929,13.0,240.0,66.0,93.735,0.0184320006519556,mul
,308,308x677,13.0,240.0,66.0,93.735,0.0143360001966357,mul
,351,351x967,13.0,240.0,66.0,93.735,0.0174080003052949,mul
,337,337x768,13.0,240.0,66.0,93.735,0.0153599996119737,mul
,424,424x801,12.0,240.0,66.0,93.566,0.0174080003052949,mul
,267,267x536,12.0,240.0,66.0,93.566,0.0131007999181747,mul
,476,476x779,12.0,240.0,66.0,93.566,0.0180224005132913,mul
,510,510x1267,12.0,240.0,66.0,93.566,0.0245760008692741,mul
,477,477x1448,12.0,240.0,66.0,93.566,0.1357823967933654,mul
,405,405x1561,12.0,240.0,66.0,93.566,0.1202176034450531,mul
,325,325x1687,12.0,240.0,66.0,93.566,0.0669696003198623,mul
,283,283x1706,12.0,240.0,66.0,93.566,0.0225280001759529,mul
,459,459x1784,12.0,240.0,66.0,93.566,0.1652736008167266,mul
,324,324x1208,12.0,240.0,66.0,93.566,0.0204799994826316,mul
,512,512x1600,20.0,210.0,64.0,86.92299999999999,0.1646592020988464,mul
,418,418x2031,20.0,210.0,64.0,86.92299999999999,0.1708032041788101,mul
,275,275x1988,20.0,210.0,64.0,86.92299999999999,0.0708608016371727,mul
,439,439x4036,20.0,210.0,64.0,86.92299999999999,0.3549183964729309,mul
,402,402x2788,20.0,210.0,64.0,86.92299999999999,0.2277375966310501,mul
,512,512x2435,20.0,210.0,64.0,86.92299999999999,0.2533375978469848,mul
,335,335x2167,20.0,210.0,64.0,86.92299999999999,0.1462271988391876,mul
,488,488x3379,21.6,210.0,63.6,78.09087999999996,0.3305471897125244,mul
,304,304x3682,25.0,210.0,62.0,66.84999999999997,0.2263039976358413,mul
,455,455x3697,25.0,210.0,62.0,66.84999999999997,0.339353597164154,mul
,440,440x2442,25.0,210.0,62.0,66.84999999999997,0.2197503954172134,mul
,303,303x3779,25.0,210.0,62.0,66.84999999999997,0.2332672029733657,mul
,371,371x2684,25.0,210.0,62.0,66.84999999999997,0.202956798672676,mul
,665,665x66,25.0,210.0,62.0,66.84999999999997,0.0120832003653049,mul
,948,948x212,25.0,210.0,62.0,66.84999999999997,0.0159743998199701,mul
,986,986x92,25.0,210.0,62.0,66.84999999999997,0.0133119998499751,mul
,973,973x136,13.0,210.0,61.0,59.77399999999998,0.0143360001966357,mul
,531,531x3,13.0,210.0,61.0,59.77399999999998,0.0112640000879764,mul
,823,823x185,13.0,210.0,61.0,59.77399999999998,0.0143360001966357,mul
,529,529x97,13.0,210.0,61.0,59.77399999999998,0.0120832003653049,mul
,821,821x238,13.0,210.0,61.0,59.77399999999998,0.0163839999586343,mul
,1009,1009x242,13.0,210.0,61.0,59.77399999999998,0.0174080003052949,mul
,521,521x53,13.0,210.0,61.0,59.77399999999998,0.0112640000879764,mul
,1012,1012x375,13.0,210.0,61.0,59.77399999999998,0.0200703993439674,mul
,632,632x510,13.0,210.0,61.0,59.77399999999998,0.0184320006519556,mul
,865,865x481,16.0,210.0,60.0,58.460000000000015,0.0233472004532814,mul
,881,881x498,16.0,210.0,60.0,58.460000000000015,0.0233472004532814,mul
,673,673x508,16.0,210.0,60.0,58.460000000000015,0.0215039998292922,mul
,880,880x390,16.0,210.0,60.0,58.460000000000015,0.0215039998292922,mul
,745,745x318,16.0,210.0,60.0,58.460000000000015,0.0186368003487586,mul
,619,619x282,16.0,210.0,60.0,58.460000000000015,0.0174080003052949,mul
,633,633x362,16.0,210.0,60.0,58.460000000000015,0.0192511994391679,mul
,855,855x327,16.0,210.0,60.0,58.460000000000015,0.019455999135971,mul
,806,806x688,16.0,210.0,60.0,58.460000000000015,0.1538047969341278,mul
,746,746x654,21.0,210.0,59.0,55.11599999999999,0.024371200799942,mul
,523,523x584,21.0,210.0,59.0,55.11599999999999,0.0204799994826316,mul
,550,550x667,21.0,210.0,59.0,55.11599999999999,0.0229376003146171,mul
,799,799x663,21.0,210.0,59.0,55.11599999999999,0.118374402821064,mul
,599,599x550,21.0,210.0,59.0,55.11599999999999,0.0208895996212959,mul
,676,676x536,21.0,210.0,59.0,55.11599999999999,0.0215039998292922,mul
,778,778x875,21.0,210.0,59.0,55.11599999999999,0.3051520049571991,mul
,754,754x752,21.0,210.0,59.0,55.11599999999999,0.1839103996753692,mul
,710,710x882,19.32,210.0,59.0,54.04808000000003,0.2633727967739105,mul
,948,948x1291,18.0,210.0,59.0,53.20900000000003,0.5718015909194947,mul
,1023,1023x1892,18.0,210.0,59.0,53.20900000000003,0.8953855991363525,mul
,645,645x1266,18.0,210.0,59.0,53.20900000000003,0.3868672072887421,mul
,625,625x1272,18.0,210.0,59.0,53.20900000000003,0.3721216022968292,mul
,823,823x1627,18.0,210.0,59.0,53.20900000000003,0.6240256071090698,mul
,733,733x1399,18.0,210.0,59.0,53.20900000000003,0.4829183995723724,mul
,830,830x1951,40.0,285.0,58.0,54.41599999999997,0.7548927783966064,mul
,665,665x1691,40.0,285.0,58.0,54.41599999999997,0.5277696013450622,mul
,797,797x1206,40.0,285.0,58.0,54.41599999999997,0.4550656080245971,mul
,1000,1000x1063,40.0,285.0,58.0,54.41599999999997,0.4958208084106445,mul
,841,841x3694,40.0,285.0,58.0,54.41599999999997,1.4112768411636352,mul
,837,837x3613,54.4,285.0,58.0,55.99519999999998,1.382604789733887,mul
,774,774x2416,58.0,285.0,58.0,56.06099999999999,0.8609791994094849,mul
,572,572x3269,58.0,285.0,58.0,56.06099999999999,0.8663040041923523,mul
,636,636x2261,58.0,285.0,58.0,56.06099999999999,0.2912256002426147,mul
,838,838x3952,58.0,285.0,58.0,56.06099999999999,0.6510592103004456,mul
,616,616x3057,58.0,285.0,58.0,56.06099999999999,0.3760128021240234,mul
,685,685x3053,39.64,403.8,58.0,57.034079999999975,0.417382401227951,mul
,574,574x4024,31.0,450.0,58.0,57.49199999999998,0.4581376016139984,mul
,584,584x3280,31.0,450.0,58.0,57.49199999999998,0.3831807971000671,mul
,1726,1726x134,31.0,450.0,58.0,57.49199999999998,0.0133119998499751,mul
,1057,1057x69,31.0,450.0,58.0,57.49199999999998,0.0112640000879764,mul
,1191,1191x40,31.0,450.0,58.0,57.49199999999998,0.0110592000186443,mul
,1042,1042x64,31.0,450.0,58.0,57.49199999999998,0.0112640000879764,mul
,1757,1757x99,31.0,450.0,58.0,57.49199999999998,0.0133119998499751,mul
,2034,2034x108,31.0,450.0,58.0,57.49199999999998,0.0133119998499751,mul
,1421,1421x90,11.0,450.0,58.0,58.34300000000001,0.0120832003653049,mul
,1072,1072x130,11.0,450.0,58.0,58.34300000000001,0.012288000434637,mul
,1274,1274x239,11.0,450.0,58.0,58.34300000000001,0.0141312001273036,mul
,1672,1672x3,11.0,450.0,58.0,58.34300000000001,0.0102399997413158,mul
,1536,1536x357,11.0,450.0,58.0,58.34300000000001,0.0655359998345375,mul
,1074,1074x428,11.0,450.0,58.0,58.34300000000001,0.0153599996119737,mul
,1509,1509x294,11.0,450.0,58.0,58.34300000000001,0.0153599996119737,mul
,1666,1666x290,11.0,450.0,58.0,58.34300000000001,0.0163839999586343,mul
,1139,1139x283,11.0,450.0,58.0,58.34300000000001,0.0143360001966357,mul
,1811,1811x494,11.0,450.0,58.0,58.34300000000001,0.1800191938877105,mul
,1235,1235x263,17.0,450.0,58.0,55.97000000000002,0.0143360001966357,mul
,1405,1405x381,17.0,450.0,58.0,55.97000000000002,0.0483327999711036,mul
,1323,1323x332,17.0,450.0,58.0,55.97000000000002,0.0153599996119737,mul
,1511,1511x284,17.0,450.0,58.0,55.97000000000002,0.0153599996119737,mul
,1999,1999x991,17.0,450.0,58.0,55.97000000000002,0.3952639997005462,mul
,1111,1111x1020,17.0,450.0,58.0,55.97000000000002,0.2271232008934021,mul
,1703,1703x897,17.0,450.0,58.0,55.97000000000002,0.3055616080760955,mul
,1086,1086x630,17.0,450.0,58.0,55.97000000000002,0.1318911969661712,mul
,1430,1430x803,16.08,450.0,57.12,55.92488,0.2332671999931335,mul
,1069,1069x693,16.0,450.0,57.0,55.923,0.3467263996601105,mul
,1649,1649x980,16.0,450.0,57.0,55.923,0.7542783856391907,mul
,1292,1292x707,16.0,450.0,57.0,55.923,0.4300799965858459,mul
,1627,1627x665,16.0,450.0,57.0,55.923,0.5056512117385864,mul
,1988,1988x579,16.0,450.0,57.0,55.923,0.5419008016586304,mul
,2014,2014x2038,18.56,426.0,57.0,56.04924,1.8718720197677607,mul
,1505,1505x1835,32.0,300.0,57.0,56.712,1.263820767402649,mul
,1300,1300x1197,32.0,300.0,57.0,56.712,0.3129344046115875,mul
,1948,1948x1982,32.0,300.0,57.0,56.712,0.7587839961051941,mul
,1392,1392x1929,32.0,300.0,57.0,56.712,0.5310463905334473,mul
,1491,1491x1226,32.0,300.0,57.0,56.712,0.3667967915534973,mul
,1537,1537x1644,32.0,300.0,57.0,56.712,0.5007359981536865,mul
,1852,1852x1855,33.0,480.0,58.0,57.72900000000002,0.6750208139419556,mul
,1503,1503x1984,33.0,480.0,58.0,57.72900000000002,0.5885952115058899,mul
,1923,1923x1946,33.0,480.0,58.0,57.72900000000002,0.7350271940231323,mul
,1720,1720x2972,33.0,480.0,58.0,57.72900000000002,0.9971712231636048,mul
,1339,1339x3401,33.0,480.0,58.0,57.72900000000002,0.8908799886703491,mul
,1247,1247x3395,38.0,495.0,58.0,60.14200000000003,0.8284159898757935,mul
,1079,1079x2813,38.0,495.0,58.0,60.14200000000003,0.5982207894325257,mul
,1956,1956x2284,38.0,495.0,58.0,60.14200000000003,0.8706048011779786,mul
,1289,1289x3762,38.0,495.0,58.0,60.14200000000003,0.947814404964447,mul
,1997,1997x2699,38.0,495.0,58.0,60.14200000000003,1.0496000051498413,mul
,1156,1156x3684,38.84,549.0,58.0,60.55220000000001,0.8327168226242065,mul
,1959,1959x3469,45.0,630.0,58.0,61.60699999999998,1.3189120292663574,mul
,1812,1812x2800,45.0,630.0,58.0,61.60699999999998,0.9871360063552856,mul
,2938,2938x253,45.0,630.0,58.0,61.60699999999998,0.1452032029628753,mul
,2724,2724x130,45.0,630.0,58.0,61.60699999999998,0.009625600092113,mul
,3684,3684x100,45.0,630.0,58.0,61.60699999999998,0.0092160003259778,mul
,4034,4034x237,45.0,630.0,58.0,61.60699999999998,0.1896448016166687,mul
,2747,2747x10,45.0,630.0,58.0,61.60699999999998,0.0071680000983178,mul
,3168,3168x79,16.0,735.0,58.0,61.748000000000026,0.0092160003259778,mul
,2470,2470x200,16.0,735.0,58.0,61.748000000000026,0.0112640000879764,mul
,3583,3583x123,16.0,735.0,58.0,61.748000000000026,0.012288000434637,mul
,2307,2307x113,16.0,735.0,58.0,61.748000000000026,0.0104447998106479,mul
,2825,2825x107,16.0,735.0,58.0,61.748000000000026,0.0112640000879764,mul
,2760,2760x264,16.0,735.0,58.0,61.748000000000026,0.1441792011260986,mul
,3189,3189x445,16.0,735.0,58.0,61.748000000000026,0.2828288078308105,mul
,3080,3080x305,16.0,735.0,58.0,61.748000000000026,0.1896447986364364,mul
,3421,3421x266,16.0,735.0,58.0,58.404,0.1826815992593765,mul
,3017,3017x476,16.0,735.0,58.0,58.404,0.2877439856529236,mul
,2670,2670x449,16.0,735.0,58.0,58.404,0.2426880002021789,mul
,2211,2211x469,16.0,735.0,58.0,58.404,0.2095103979110718,mul
,3066,3066x370,16.0,735.0,58.0,58.404,0.2303999960422516,mul
,2837,2837x283,16.0,735.0,58.0,58.404,0.159743994474411,mul
,3794,3794x496,16.0,735.0,58.0,58.404,0.3749888062477112,mul
,3217,3217x972,16.0,735.0,58.0,58.404,0.6125568151473999,mul
,3977,3977x964,29.0,735.0,58.0,57.478,0.7489535927772522,mul
,3278,3278x669,29.0,735.0,58.0,57.478,0.4335615932941437,mul
,4018,4018x586,29.0,735.0,58.0,57.478,0.4655103981494903,mul
,3581,3581x1016,29.0,735.0,58.0,57.478,0.7114751935005188,mul
,3723,3723x552,29.0,735.0,58.0,57.478,0.4073472023010254,mul
,3557,3557x572,29.0,735.0,58.0,57.478,0.4020224034786224,mul
,2654,2654x780,29.0,735.0,58.0,57.478,0.4124672055244446,mul
,3623,3623x920,21.0,735.0,58.0,59.11999999999996,0.6551551818847656,mul
,3616,3616x828,21.0,735.0,58.0,59.11999999999996,0.5877760052680969,mul
,3310,3310x1038,21.0,735.0,58.0,59.11999999999996,0.6758400201797485,mul
,3814,3814x1374,21.0,735.0,58.0,59.11999999999996,1.02051842212677,mul
,3894,3894x1460,21.0,735.0,58.0,59.11999999999996,1.107763171195984,mul
,2496,2496x1365,27.0,726.0,58.0,60.32959999999999,0.667033588886261,mul
,2170,2170x1505,31.0,720.0,58.0,61.13599999999999,0.6408191919326782,mul
,2445,2445x1457,31.0,720.0,58.0,61.13599999999999,0.6969344019889832,mul
,3567,3567x1727,31.0,720.0,58.0,61.13599999999999,1.1958272218704225,mul
,2459,2459x1031,31.0,720.0,58.0,61.13599999999999,0.499916797876358,mul
,3900,3900x1998,31.0,720.0,58.0,61.13599999999999,1.5106047868728638,mul
,3868,3868x1503,56.0,735.0,58.0,62.70399999999997,1.1304960250854492,mul
,3252,3252x2848,56.0,735.0,58.0,62.70399999999997,1.792409563064575,mul
,3876,3876x2522,56.0,735.0,58.0,62.70399999999997,0.2670528054237365,mul
,2168,2168x2705,56.0,735.0,58.0,62.70399999999997,0.1613823980093002,mul
,4064,4064x2419,56.0,735.0,58.0,62.70399999999997,0.2670528054237365,mul
,2964,2964x3110,56.0,735.0,58.0,62.70399999999997,0.2504703998565674,mul
,3555,3555x2570,40.16,875.4,59.44,67.87311999999997,0.2486272007226944,mul
,3358,3358x3544,23.0,1005.0,61.0,73.47299999999997,0.3221504092216491,mul
,3264,3264x2945,23.0,1005.0,61.0,73.47299999999997,0.261324793100357,mul
,2554,2554x3169,23.0,1005.0,61.0,73.47299999999997,0.2214015990495682,mul
,2911,2911x2970,23.0,1005.0,61.0,73.47299999999997,0.235315203666687,mul
,6861,6861x217,23.0,1005.0,61.0,73.47299999999997,0.0446464002132415,mul
,7322,7322x50,23.0,1005.0,61.0,73.47299999999997,0.0081919999793171,mul
,8049,8049x150,23.0,1005.0,61.0,73.47299999999997,0.0368640013039112,mul
,7181,7181x219,23.0,1005.0,61.0,74.80755999999998,0.047104001045227,mul
,6869,6869x223,8.0,1005.0,63.0,90.155,0.0460800006985664,mul
,6576,6576x89,8.0,1005.0,63.0,90.155,0.0174080003052949,mul
,5080,5080x60,8.0,1005.0,63.0,90.155,0.0071680000983178,mul
,5580,5580x197,8.0,1005.0,63.0,90.155,0.0335744000971317,mul
,7417,7417x11,8.0,1005.0,63.0,90.155,0.0061440002173185,mul
,4140,4140x229,8.0,1005.0,63.0,90.155,0.0294912006705999,mul
,4383,4383x300,8.0,1005.0,63.0,90.155,0.0399359986186027,mul
,4475,4475x407,8.0,1005.0,63.0,90.155,0.0540607996284961,mul
,6039,6039x275,8.0,1005.0,63.0,90.155,0.0493824005126953,mul
,5149,5149x473,8.0,1005.0,64.0,97.802,0.0706560015678405,mul
,6179,6179x474,8.0,1005.0,64.0,97.802,0.0835583984851837,mul
,5354,5354x418,8.0,1005.0,64.0,97.802,0.0653567999601364,mul
,7429,7429x290,8.0,1005.0,64.0,97.802,0.0624639987945556,mul
,4177,4177x307,8.0,1005.0,64.0,97.802,0.0389247983694076,mul
,4879,4879x435,8.0,1005.0,64.0,97.802,0.0606207989156246,mul
,6924,6924x463,8.0,1005.0,64.0,97.802,0.0897024005651474,mul
,6287,6287x567,8.0,1005.0,64.0,97.802,0.100537596642971,mul
,6446,6446x795,8.0,1005.0,64.0,97.802,0.1423359960317611,mul
,4748,4748x591,12.0,1005.0,65.0,96.93000000000002,0.0815103977918624,mul
,7570,7570x652,12.0,1005.0,65.0,96.93000000000002,0.1382399946451187,mul
,6923,6923x763,12.0,1005.0,65.0,96.93000000000002,0.1478592038154602,mul
,6991,6991x565,12.0,1005.0,65.0,96.93000000000002,0.1118080005049705,mul
,5062,5062x810,12.0,1005.0,65.0,96.93000000000002,0.1163264021277427,mul
,6594,6594x549,12.0,1005.0,65.0,96.93000000000002,0.1032191976904869,mul
,6996,6996x622,12.0,1005.0,65.0,96.93000000000002,0.1228799968957901,mul
,8127,8127x715,12.0,1005.0,65.0,96.93000000000002,0.1615871965885162,mul
,5949,5949x1988,20.0,450.0,65.0,97.54199999999996,0.3219135999679565,mul
,7689,7689x1924,20.0,450.0,65.0,97.54199999999996,0.4005888044834137,mul
,5649,5649x1608,20.0,450.0,65.0,97.54199999999996,0.2494463980197906,mul
,8023,8023x1569,20.0,450.0,65.0,97.54199999999996,0.342630398273468,mul
,5173,5173x1249,20.0,450.0,65.0,97.54199999999996,0.178995195031166,mul
,4523,4523x1725,20.0,450.0,65.0,97.54199999999996,0.2150335997343063,mul
,7610,7610x1532,21.12,445.2,65.12,97.70167999999998,0.3178496062755584,mul
,5722,5722x1995,27.0,420.0,66.0,98.53999999999998,0.3119103908538818,mul
,4411,4411x1585,27.0,420.0,66.0,98.53999999999998,0.1935359984636306,mul
,7433,7433x1652,27.0,420.0,66.0,98.53999999999998,0.3338240087032318,mul
,6589,6589x2499,27.0,420.0,66.0,98.53999999999998,0.4450303971767425,mul
,5585,5585x2216,27.0,420.0,66.0,98.53999999999998,0.337715208530426,mul
,7626,7626x2806,27.0,420.0,66.0,98.53999999999998,0.5761023759841919,mul
,5164,5164x3405,40.0,390.0,66.0,100.78000000000002,0.4751360058784485,mul
,4968,4968x2583,40.0,390.0,66.0,100.78000000000002,0.3489792048931122,mul
,6566,6566x3991,40.0,390.0,66.0,100.78000000000002,0.7043071985244751,mul
,7095,7095x3885,40.0,390.0,66.0,100.78000000000002,0.739737606048584,mul
,5153,5153x3235,40.0,390.0,66.0,100.78000000000002,0.4511744081974029,mul
,7243,7243x3647,42.64,405.0,66.76,102.47499999999997,0.7102463841438293,mul
,7827,7827x3109,43.0,405.0,67.0,102.47499999999997,0.654745590686798,mul
,12095,12095x150,43.0,405.0,67.0,102.47499999999997,0.0552960000932216,mul
,10096,10096x1,43.0,405.0,67.0,102.47499999999997,0.0071680000983178,mul
,13511,13511x30,43.0,405.0,67.0,102.47499999999997,0.0126784002408385,mul
,14451,14451x132,43.0,405.0,67.0,102.47499999999997,0.0583680011332035,mul
,15501,15501x119,43.0,405.0,67.0,102.47499999999997,0.0563200004398822,mul
,11224,11224x91,43.0,405.0,67.0,102.47499999999997,0.0327679999172687,mul
,14651,14651x97,43.0,405.0,67.0,102.47499999999997,0.0450560003519058,mul
,10442,10442x7,11.0,405.0,67.0,101.78400000000003,0.0081919999793171,mul
,12261,12261x43,11.0,405.0,67.0,101.78400000000003,0.0143360001966357,mul
,10474,10474x246,11.0,405.0,67.0,101.78400000000003,0.075974403321743,mul
,12575,12575x320,11.0,405.0,67.0,101.78400000000003,0.1144640013575553,mul
,11868,11868x269,11.0,405.0,67.0,101.78400000000003,0.092364801466465,mul
,10034,10034x508,11.0,405.0,67.0,101.78400000000003,0.1433600038290023,mul
,10132,10132x441,11.0,405.0,67.0,101.78400000000003,0.126144003868103,mul
,10654,10654x411,11.0,405.0,67.0,101.78400000000003,0.1239039972424507,mul
,8228,8228x333,11.0,405.0,67.0,101.78400000000003,0.0798719972372055,mul
,15196,15196x399,17.0,405.0,66.0,97.951,0.1689600050449371,mul
,16290,16290x474,17.0,405.0,66.0,97.951,0.2138112038373947,mul
,16263,16263x374,17.0,405.0,66.0,97.951,0.1691520035266876,mul
,11523,11523x265,17.0,405.0,66.0,97.951,0.0882688000798225,mul
,13021,13021x984,17.0,405.0,66.0,97.951,0.3483456015586853,mul
,10537,10537x899,17.0,405.0,66.0,97.951,0.2596864104270935,mul
,8687,8687x663,17.0,405.0,66.0,97.951,0.1613823980093002,mul
,11181,11181x994,15.0,405.0,67.0,97.45800000000004,0.3028992116451263,mul
,10015,10015x672,15.0,405.0,67.0,97.45800000000004,0.186572802066803,mul
,12420,12420x826,15.0,405.0,67.0,97.45800000000004,0.2824064016342163,mul
,14753,14753x570,15.0,405.0,67.0,97.45800000000004,0.2328575998544693,mul
,14426,14426x681,15.0,405.0,67.0,97.45800000000004,0.2705408036708832,mul
,14135,14135x856,15.0,405.0,67.0,97.45800000000004,0.3303423941135406,mul
,13257,13257x705,15.0,405.0,67.0,97.45800000000004,0.2578431963920593,mul
,8980,8980x1669,28.0,285.0,67.0,99.31199999999995,0.4071424007415771,mul
,14593,14593x1753,28.0,285.0,67.0,99.31199999999995,0.6889407992362976,mul
,16007,16007x1101,28.0,285.0,67.0,99.31199999999995,0.4765695929527282,mul
,10500,10500x1354,28.0,285.0,67.0,99.31199999999995,0.3876864016056061,mul
,14543,14543x1514,28.0,285.0,67.0,99.31199999999995,0.5937151908874512,mul
,9621,9621x2046,28.0,285.0,67.0,99.31199999999995,0.5318655967712402,mul
,14145,14145x1748,39.0,270.0,67.0,101.788,0.6656000018119812,mul
,10494,10494x1278,39.0,270.0,67.0,101.788,0.3655680119991302,mul
,14201,14201x1667,39.0,270.0,67.0,101.788,0.6369280219078064,mul
,8323,8323x1341,39.0,270.0,67.0,101.788,0.3059712052345276,mul
,15766,15766x2431,39.0,270.0,67.0,101.788,1.0270655632019043,mul
,14696,14696x3823,57.0,300.0,68.0,103.99899999999997,1.5001407861709597,mul
,15995,15995x2517,57.0,300.0,68.0,103.99899999999997,1.078067183494568,mul
,8706,8706x3606,57.0,300.0,68.0,103.99899999999997,0.8409024000167846,mul
,15122,15122x3154,57.0,300.0,68.0,103.99899999999997,1.2734464406967163,mul
,13080,13080x3898,52.24,667.2,68.0,106.60748,1.3611007928848269,mul
,13057,13057x2722,50.0,840.0,68.0,107.83500000000002,0.9504639983177186,mul
,14568,14568x2089,50.0,840.0,68.0,107.83500000000002,0.8132607936859131,mul
,10609,10609x4094,50.0,840.0,68.0,107.83500000000002,1.1571327924728394,mul
,9789,9789x2198,50.0,840.0,68.0,107.83500000000002,0.5771391868591309,mul
,127,127x168,24.0,1005.0,69.0,112.77399999999994,0.0061440002173185,pow
,18,18x218,24.0,1005.0,69.0,112.77399999999994,0.0061440002173185,pow
,209,209x112,24.0,1005.0,69.0,112.77399999999994,0.0061440002173185,pow
,83,83x236,24.0,1005.0,69.0,112.77399999999994,0.0061440002173185,pow
,1,1x37,24.0,1005.0,69.0,112.77399999999994,0.0051199998706579,pow
,172,172x29,24.0,1005.0,69.0,112.77399999999994,0.0061440002173185,pow
,188,188x90,24.0,1005.0,69.0,112.77399999999994,0.0061440002173185,pow
,116,116x165,24.0,1005.0,69.0,112.77399999999994,0.0061440002173185,pow
,232,232x249,24.0,1005.0,69.0,112.77399999999994,0.0071680000983178,pow
,235,235x45,24.0,1005.0,69.0,112.77399999999994,0.0061440002173185,pow
,58,58x332,5.0,1005.0,68.0,105.46099999999996,0.0061440002173185,pow
,178,178x472,5.0,1005.0,68.0,105.46099999999996,0.0071680000983178,pow
,211,211x432,5.0,1005.0,68.0,105.46099999999996,0.0071680000983178,pow
,134,134x373,5.0,1005.0,68.0,105.46099999999996,0.0071424000896513,pow
,86,86x339,5.0,1005.0,68.0,105.46099999999996,0.0071680000983178,pow
,163,163x321,5.0,1005.0,68.0,105.46099999999996,0.0071232000365853,pow
,76,76x447,5.0,1005.0,68.0,105.46099999999996,0.0063360000960528,pow
,235,235x420,5.0,1005.0,68.0,105.46099999999996,0.0071680000983178,pow
,174,174x314,5.0,1005.0,68.0,105.46099999999996,0.0071552000939846,pow
,229,229x439,5.0,1005.0,68.0,105.46099999999996,0.0071680000983178,pow
,43,43x969,5.0,1005.0,68.0,98.31199999999995,0.0061440002173185,pow
,76,76x950,5.0,1005.0,68.0,98.31199999999995,0.007123199943453,pow
,229,229x602,5.0,1005.0,68.0,98.31199999999995,0.0081151999533176,pow
,72,72x601,5.0,1005.0,68.0,98.31199999999995,0.0065152001567184,pow
,4,4x932,5.0,1005.0,68.0,98.31199999999995,0.0061440002173185,pow
,149,149x1015,5.0,1005.0,68.0,98.31199999999995,0.0079168000258505,pow
,79,79x781,5.0,1005.0,68.0,98.31199999999995,0.0071616000495851,pow
,15,15x635,5.0,1005.0,68.0,98.31199999999995,0.0061440002173185,pow
,62,62x895,5.0,1005.0,68.0,98.31199999999995,0.0069248000159859,pow
,183,183x680,5.0,1005.0,68.0,98.31199999999995,0.0071680000983178,pow
,40,40x1421,6.0,1005.0,68.0,97.137,0.007129600085318,pow
,50,50x1745,6.0,1005.0,68.0,97.137,0.0071680000983178,pow
,84,84x1234,6.0,1005.0,68.0,97.137,0.0073728000745177,pow
,60,60x1293,6.0,1005.0,68.0,97.137,0.0132927998900413,pow
,89,89x1648,6.0,1005.0,68.0,97.137,0.0153599996119737,pow
,108,108x1291,6.0,1005.0,68.0,97.137,0.0143360001966357,pow
,101,101x1245,6.0,1005.0,68.0,97.137,0.0147392001003026,pow
,6,6x1222,6.0,1005.0,68.0,97.137,0.012288000434637,pow
,143,143x1737,6.0,1005.0,68.0,97.137,0.019455999135971,pow
,99,99x1602,6.0,1005.0,68.0,97.137,0.0163839999586343,pow
,55,55x2789,10.0,345.0,67.0,96.06999999999998,0.0167872000485658,pow
,64,64x3957,10.0,345.0,67.0,96.06999999999998,0.0204799994826316,pow
,253,253x2522,10.0,345.0,67.0,96.06999999999998,0.0368640013039112,pow
,220,220x2822,10.0,345.0,67.0,96.06999999999998,0.0358400009572505,pow
,225,225x2397,10.0,345.0,67.0,96.06999999999998,0.0335872001945972,pow
,102,102x3436,10.0,345.0,67.0,96.06999999999998,0.0266239996999502,pow
,205,205x3507,10.0,345.0,67.0,96.06999999999998,0.0419839993119239,pow
,129,129x4053,11.0,285.0,67.0,94.73099999999998,0.0339968003332614,pow
,14,14x2782,11.0,285.0,67.0,94.73099999999998,0.0143360001966357,pow
,104,104x3251,11.0,285.0,67.0,94.73099999999998,0.0270335998386144,pow
,453,453x231,11.0,285.0,67.0,94.73099999999998,0.0172032002359628,pow
,341,341x252,11.0,285.0,67.0,94.73099999999998,0.0174080003052949,pow
,500,500x81,11.0,285.0,67.0,94.73099999999998,0.014534400217235,pow
,288,288x15,11.0,285.0,67.0,94.73099999999998,0.0143360001966357,pow
,476,476x177,11.0,285.0,67.0,94.73099999999998,0.0174080003052949,pow
,300,300x34,11.0,285.0,67.0,94.73099999999998,0.0153599996119737,pow
,473,473x216,11.0,285.0,67.0,94.73099999999998,0.0178176004439592,pow
,307,307x251,11.0,255.0,67.0,93.95,0.0174080003052949,pow
,480,480x104,11.0,255.0,67.0,93.95,0.0172032002359628,pow
,372,372x48,11.0,255.0,67.0,93.95,0.0163839999586343,pow
,296,296x411,11.0,255.0,67.0,93.95,0.0188416000455617,pow
,349,349x266,11.0,255.0,67.0,93.95,0.0184320006519556,pow
,443,443x493,11.0,255.0,67.0,93.95,0.0255935993045568,pow
,361,361x468,11.0,255.0,67.0,93.95,0.0225152000784873,pow
,333,333x355,11.0,255.0,67.0,93.95,0.019455999135971,pow
,360,360x338,11.0,255.0,67.0,93.95,0.0212991997599601,pow
,267,267x285,11.0,255.0,67.0,93.95,0.019455999135971,pow
,328,328x377,12.0,210.0,66.0,90.501,0.0215039998292922,pow
,417,417x425,12.0,210.0,66.0,90.501,0.0255999993532896,pow
,397,397x482,12.0,210.0,66.0,90.501,0.026419199630618,pow
,500,500x765,12.0,210.0,66.0,90.501,0.036659201234579,pow
,284,284x758,12.0,210.0,66.0,90.501,0.0276480000466108,pow
,261,261x915,12.0,210.0,66.0,90.501,0.0286720003932714,pow
,419,419x929,12.0,210.0,66.0,90.501,0.0368640013039112,pow
,308,308x677,12.0,210.0,66.0,90.501,0.0266239996999502,pow
,351,351x967,12.0,210.0,66.0,90.501,0.0337920002639293,pow
,337,337x768,14.0,210.0,63.0,72.634,0.029696000739932,pow
,424,424x801,14.0,210.0,63.0,72.634,0.0346112005412578,pow
,267,267x536,14.0,210.0,63.0,72.634,0.0225280001759529,pow
,476,476x779,14.0,210.0,63.0,72.634,0.0356352008879184,pow
,510,510x1267,14.0,210.0,63.0,72.634,0.1277952015399933,pow
,477,477x1448,14.0,210.0,63.0,72.634,0.1419263988733291,pow
,405,405x1561,14.0,210.0,63.0,72.634,0.1206272020936012,pow
,325,325x1687,14.0,210.0,63.0,72.634,0.0653311997652053,pow
,283,283x1706,14.0,210.0,63.0,72.634,0.0403455987572669,pow
,459,459x1784,18.0,210.0,61.0,58.95000000000002,0.1701888024806976,pow
,324,324x1208,18.0,210.0,61.0,58.95000000000002,0.036659201234579,pow
,512,512x1600,18.0,210.0,61.0,58.95000000000002,0.1699839979410171,pow
,418,418x2031,18.0,210.0,61.0,58.95000000000002,0.1759232014417648,pow
,275,275x1988,18.0,210.0,61.0,58.95000000000002,0.0708608016371727,pow
,439,439x4036,18.0,210.0,61.0,58.95000000000002,0.3606528043746948,pow
,402,402x2788,18.0,210.0,61.0,58.95000000000002,0.2320383995771408,pow
,512,512x2435,18.0,210.0,61.0,58.95000000000002,0.257228797674179,pow
,335,335x2167,23.0,210.0,61.0,59.294000000000025,0.151347205042839,pow
,488,488x3379,23.0,210.0,61.0,59.294000000000025,0.3348479926586151,pow
,304,304x3682,23.0,210.0,61.0,59.294000000000025,0.234291198849678,pow
,455,455x3697,23.0,210.0,61.0,59.294000000000025,0.3420159935951233,pow
,440,440x2442,23.0,210.0,61.0,59.294000000000025,0.2209791958332062,pow
,303,303x3779,23.0,210.0,61.0,59.294000000000025,0.237363201379776,pow
,371,371x2684,23.0,210.0,61.0,59.294000000000025,0.206438398361206,pow
,665,665x66,29.0,240.0,60.0,60.00900000000001,0.0174080003052949,pow
,948,948x212,29.0,240.0,60.0,60.00900000000001,0.0239616006612777,pow
,986,986x92,29.0,240.0,60.0,60.00900000000001,0.019455999135971,pow
,973,973x136,29.0,240.0,60.0,60.00900000000001,0.0208895996212959,pow
,531,531x3,29.0,240.0,60.0,60.00900000000001,0.0155647996813058,pow
,823,823x185,29.0,240.0,60.0,60.00900000000001,0.0215039998292922,pow
,529,529x97,29.0,240.0,60.0,60.00900000000001,0.019455999135971,pow
,821,821x238,29.0,240.0,60.0,60.00900000000001,0.0266239996999502,pow
,1009,1009x242,29.0,240.0,60.0,60.00900000000001,0.029696000739932,pow
,521,521x53,29.0,240.0,60.0,60.00900000000001,0.019455999135971,pow
,1012,1012x375,19.0,240.0,59.0,57.53199999999999,0.0358400009572505,pow
,632,632x510,19.0,240.0,59.0,57.53199999999999,0.0331776000559329,pow
,865,865x481,19.0,240.0,59.0,57.53199999999999,0.0372736014425754,pow
,881,881x498,19.0,240.0,59.0,57.53199999999999,0.0389119982719421,pow
,673,673x508,19.0,240.0,59.0,57.53199999999999,0.0348160006105899,pow
,880,880x390,19.0,240.0,59.0,57.53199999999999,0.0348160006105899,pow
,745,745x318,19.0,240.0,59.0,57.53199999999999,0.0286720003932714,pow
,619,619x282,19.0,240.0,59.0,57.53199999999999,0.0258047994226217,pow
,633,633x362,19.0,240.0,59.0,57.53199999999999,0.0286720003932714,pow
,855,855x327,20.0,240.0,59.0,54.06199999999998,0.0309247992932796,pow
,806,806x688,20.0,240.0,59.0,54.06199999999998,0.1521664023399353,pow
,746,746x654,20.0,240.0,59.0,54.06199999999998,0.0405503988265991,pow
,523,523x584,20.0,240.0,59.0,54.06199999999998,0.0327679999172687,pow
,550,550x667,20.0,240.0,59.0,54.06199999999998,0.0356352008879184,pow
,799,799x663,20.0,240.0,59.0,54.06199999999998,0.1159168019890785,pow
,599,599x550,20.0,240.0,59.0,54.06199999999998,0.0358400009572505,pow
,676,676x536,20.0,240.0,59.0,54.06199999999998,0.0378880016505718,pow
,778,778x875,26.0,210.0,58.0,52.10699999999998,0.3061760067939758,pow
,754,754x752,26.0,210.0,58.0,52.10699999999998,0.1703936040401458,pow
,710,710x882,26.0,210.0,58.0,52.10699999999998,0.26214399933815,pow
,948,948x1291,26.0,210.0,58.0,52.10699999999998,0.5754879951477051,pow
,1023,1023x1892,26.0,210.0,58.0,52.10699999999998,0.9017343878746032,pow
,645,645x1266,26.0,210.0,58.0,52.10699999999998,0.3932160079479218,pow
,625,625x1272,26.0,210.0,58.0,52.10699999999998,0.3780607998371124,pow
,823,823x1627,50.0,225.0,58.0,53.92200000000002,0.6313984036445618,pow
,733,733x1399,50.0,225.0,58.0,53.92200000000002,0.4874240040779113,pow
,830,830x1951,50.0,225.0,58.0,53.92200000000002,0.7512063980102539,pow
,665,665x1691,50.0,225.0,58.0,53.92200000000002,0.5326848030090332,pow
,797,797x1206,50.0,225.0,58.0,53.92200000000002,0.4536320030689239,pow
,1000,1000x1063,50.0,225.0,58.0,53.92200000000002,0.5048320055007934,pow
,841,841x3694,37.0,315.0,58.0,55.57500000000002,1.415987205505371,pow
,837,837x3613,37.0,315.0,58.0,55.57500000000002,1.3883392095565796,pow
,774,774x2416,37.0,315.0,58.0,55.57500000000002,0.3758080065250396,pow
,572,572x3269,37.0,315.0,58.0,55.57500000000002,0.3743743956089019,pow
,636,636x2261,37.0,315.0,58.0,55.57500000000002,0.292249596118927,pow
,838,838x3952,37.0,315.0,58.0,55.57500000000002,0.6529024004936218,pow
,616,616x3057,35.0,480.0,58.0,58.09300000000001,0.3772415995597839,pow
,685,685x3053,35.0,480.0,58.0,58.09300000000001,0.4184064030647277,pow
,574,574x4024,35.0,480.0,58.0,58.09300000000001,0.4607999920845032,pow
,584,584x3280,35.0,480.0,58.0,58.09300000000001,0.3842048048973083,pow
,1726,1726x134,35.0,480.0,58.0,58.09300000000001,0.0184320006519556,pow
,1057,1057x69,35.0,480.0,58.0,58.09300000000001,0.0143360001966357,pow
,1191,1191x40,35.0,480.0,58.0,58.09300000000001,0.0133119998499751,pow
,1042,1042x64,35.0,480.0,58.0,58.09300000000001,0.0141312001273036,pow
,1757,1757x99,10.0,480.0,58.0,58.75900000000001,0.0172032002359628,pow
,2034,2034x108,10.0,480.0,58.0,58.75900000000001,0.0184320006519556,pow
,1421,1421x90,10.0,480.0,58.0,58.75900000000001,0.0161791998893022,pow
,1072,1072x130,10.0,480.0,58.0,58.75900000000001,0.0153599996119737,pow
,1274,1274x239,10.0,480.0,58.0,58.75900000000001,0.0204799994826316,pow
,1672,1672x3,10.0,480.0,58.0,58.75900000000001,0.0133119998499751,pow
,1536,1536x357,10.0,480.0,58.0,58.75900000000001,0.0622591994702816,pow
,1074,1074x428,10.0,480.0,58.0,58.75900000000001,0.0233472004532814,pow
,1509,1509x294,10.0,480.0,58.0,58.75900000000001,0.0235520005226135,pow
,1666,1666x290,11.04,480.0,58.0,57.09300000000001,0.0245760008692741,pow
,1139,1139x283,12.0,480.0,58.0,57.09300000000001,0.0204799994826316,pow
,1811,1811x494,12.0,480.0,58.0,57.09300000000001,0.1816575974225998,pow
,1235,1235x263,12.0,480.0,58.0,57.09300000000001,0.0204799994826316,pow
,1405,1405x381,12.0,480.0,58.0,57.09300000000001,0.0485376015305519,pow
,1323,1323x332,12.0,480.0,58.0,57.09300000000001,0.0235520005226135,pow
,1511,1511x284,12.0,480.0,58.0,57.09300000000001,0.0235520005226135,pow
,1999,1999x991,12.0,480.0,58.0,57.09300000000001,0.3950592041015625,pow
,1111,1111x1020,12.0,480.0,58.0,57.09300000000001,0.2334719985723495,pow
,1703,1703x897,33.0,480.0,57.0,56.21299999999999,0.7155711770057678,pow
,1086,1086x630,33.0,480.0,57.0,56.21299999999999,0.3117056012153625,pow
,1430,1430x803,33.0,480.0,57.0,56.21299999999999,0.5404672145843505,pow
,1069,1069x693,33.0,480.0,57.0,56.21299999999999,0.3497984111309051,pow
,1649,1649x980,33.0,480.0,57.0,56.21299999999999,0.7491584181785583,pow
,1292,1292x707,33.0,480.0,57.0,56.21299999999999,0.4282368004322052,pow
,1627,1627x665,36.0,360.0,58.0,56.82,0.513433575630188,pow
,1988,1988x579,36.0,360.0,58.0,56.82,0.5439487814903259,pow
,2014,2014x2038,36.0,360.0,58.0,56.82,1.870438432693481,pow
,1505,1505x1835,36.0,360.0,58.0,56.82,0.5468159914016724,pow
,1300,1300x1197,36.0,360.0,58.0,56.82,0.3147775948047638,pow
,1948,1948x1982,36.0,360.0,58.0,56.82,0.7610368132591248,pow
,1392,1392x1929,41.0,525.0,58.0,58.112000000000016,0.5310464024543762,pow
,1491,1491x1226,41.0,525.0,58.0,58.112000000000016,0.3667968034744263,pow
,1537,1537x1644,41.0,525.0,58.0,58.112000000000016,0.5021696150302887,pow
,1852,1852x1855,41.0,525.0,58.0,58.112000000000016,0.6758399963378906,pow
,1503,1503x1984,41.0,525.0,58.0,58.112000000000016,0.5900287985801697,pow
,1923,1923x1946,41.0,525.0,58.0,58.112000000000016,0.7370752096176147,pow
,1720,1720x2972,35.0,525.0,58.0,59.67699999999998,0.9979903936386108,pow
,1339,1339x3401,35.0,525.0,58.0,59.67699999999998,0.8906752109527588,pow
,1247,1247x3395,35.0,525.0,58.0,59.67699999999998,0.8310784101486206,pow
,1079,1079x2813,35.0,525.0,58.0,59.67699999999998,0.5994495987892151,pow
,1956,1956x2284,35.0,525.0,58.0,59.67699999999998,0.875929594039917,pow
,1289,1289x3762,35.0,525.0,58.0,59.95651999999999,0.949452817440033,pow
,1997,1997x2699,49.0,525.0,58.0,61.42399999999999,1.0520576238632202,pow
,1156,1156x3684,49.0,525.0,58.0,61.42399999999999,0.8347648024559021,pow
,1959,1959x3469,49.0,525.0,58.0,61.42399999999999,1.3236223459243774,pow
,1812,1812x2800,49.0,525.0,58.0,61.42399999999999,0.9916415929794312,pow
,2938,2938x253,49.0,525.0,58.0,61.42399999999999,0.1456128001213073,pow
,2724,2724x130,31.0,840.0,59.0,62.87400000000002,0.0133119998499751,pow
,3684,3684x100,31.0,840.0,59.0,62.87400000000002,0.0133119998499751,pow
,4034,4034x237,31.0,840.0,59.0,62.87400000000002,0.1918976038694381,pow
,2747,2747x10,31.0,840.0,59.0,62.87400000000002,0.0083968000486493,pow
,3168,3168x79,31.0,840.0,59.0,62.87400000000002,0.0112640000879764,pow
,2470,2470x200,31.0,840.0,59.0,62.87400000000002,0.0151551997289061,pow
,3583,3583x123,31.0,840.0,59.0,62.87400000000002,0.0143360001966357,pow
,2307,2307x113,31.0,840.0,59.0,62.87400000000002,0.012288000434637,pow
,2825,2825x107,31.0,840.0,59.0,62.87400000000002,0.0124928003177046,pow
,2760,2760x264,31.0,840.0,59.0,62.87400000000002,0.1425408005714416,pow
,3189,3189x445,11.0,840.0,58.0,60.72800000000001,0.284057605266571,pow
,3080,3080x305,11.0,840.0,58.0,60.72800000000001,0.1888256013393402,pow
,3421,3421x266,11.0,840.0,58.0,60.72800000000001,0.1822720021009445,pow
,3017,3017x476,11.0,840.0,58.0,60.72800000000001,0.2863103926181793,pow
,2670,2670x449,11.0,840.0,58.0,60.72800000000001,0.2420736014842987,pow
,2211,2211x469,11.0,840.0,58.0,60.72800000000001,0.2058239996433258,pow
,3066,3066x370,11.0,840.0,58.0,60.72800000000001,0.2299903959035873,pow
,2837,2837x283,11.0,840.0,58.0,60.72800000000001,0.1583103984594345,pow
,3794,3794x496,19.0,840.0,58.0,58.63400000000001,0.3747839987277984,pow
,3217,3217x972,19.0,840.0,58.0,58.63400000000001,0.6127616167068481,pow
,3977,3977x964,19.0,840.0,58.0,58.63400000000001,0.7507967948913574,pow
,3278,3278x669,19.0,840.0,58.0,58.63400000000001,0.4315135955810547,pow
,4018,4018x586,19.0,840.0,58.0,58.63400000000001,0.465715205669403,pow
,3581,3581x1016,19.0,840.0,58.0,58.63400000000001,0.7122943997383118,pow
,3723,3723x552,19.0,840.0,58.0,58.63400000000001,0.4067327976226806,pow
,3557,3557x572,43.0,840.0,59.0,60.13599999999999,0.4024320065975189,pow
,2654,2654x780,43.0,840.0,59.0,60.13599999999999,0.4122624039649963,pow
,3623,3623x920,43.0,840.0,59.0,60.13599999999999,0.6539263844490051,pow
,3616,3616x828,43.0,840.0,59.0,60.13599999999999,0.5896192193031311,pow
,3310,3310x1038,43.0,840.0,59.0,60.13599999999999,0.6746112108230591,pow
,3814,3814x1374,41.72,801.6,58.68,60.67775999999998,1.0184704303741454,pow
,3894,3894x1460,39.0,720.0,58.0,61.82899999999997,1.1094015836715698,pow
,2496,2496x1365,39.0,720.0,58.0,61.82899999999997,0.6684671998023987,pow
,2170,2170x1505,39.0,720.0,58.0,61.82899999999997,0.6418431997299194,pow
,2445,2445x1457,39.0,720.0,58.0,61.82899999999997,0.6987776160240173,pow
,3567,3567x1727,39.0,720.0,58.0,61.82899999999997,1.197875189781189,pow
,2459,2459x1031,49.0,750.0,59.0,63.247000000000014,0.501964807510376,pow
,3900,3900x1998,49.0,750.0,59.0,63.247000000000014,1.5120383739471437,pow
,3868,3868x1503,49.0,750.0,59.0,63.247000000000014,1.1313152313232422,pow
,3252,3252x2848,49.0,750.0,59.0,63.247000000000014,1.7924095869064331,pow
,3876,3876x2522,49.0,750.0,59.0,63.247000000000014,0.2680831909179687,pow
,2168,2168x2705,49.0,750.0,59.0,63.247000000000014,0.162617602944374,pow
,4064,4064x2419,24.0,1005.0,60.0,67.77700000000003,0.2684927880764007,pow
,2964,2964x3110,24.0,1005.0,60.0,67.77700000000003,0.2521088063716888,pow
,3555,3555x2570,24.0,1005.0,60.0,67.77700000000003,0.2498559951782226,pow
,3358,3358x3544,24.0,1005.0,60.0,67.77700000000003,0.3233983933925629,pow
,3264,3264x2945,24.0,1005.0,60.0,67.77700000000003,0.2637823939323425,pow
,2554,2554x3169,24.0,1005.0,60.0,67.77700000000003,0.2222079932689666,pow
,2911,2911x2970,16.0,1005.0,63.0,85.42100000000002,0.2375680059194564,pow
,6861,6861x217,16.0,1005.0,63.0,85.42100000000002,0.0458752006292343,pow
,7322,7322x50,16.0,1005.0,63.0,85.42100000000002,0.0112640000879764,pow
,8049,8049x150,16.0,1005.0,63.0,85.42100000000002,0.0378880016505718,pow
,7181,7181x219,16.0,1005.0,63.0,85.42100000000002,0.0487360015511512,pow
,6869,6869x223,16.0,1005.0,63.0,85.42100000000002,0.047104001045227,pow
,6576,6576x89,16.0,1005.0,63.0,85.42100000000002,0.0184320006519556,pow
,5080,5080x60,16.0,1005.0,63.0,85.42100000000002,0.0112447999417781,pow
,5580,5580x197,16.0,1005.0,63.0,85.42100000000002,0.0346112005412578,pow
,7417,7417x11,16.0,1005.0,63.0,85.42100000000002,0.0071680000983178,pow
,4140,4140x229,6.0,1005.0,64.0,99.451,0.0307199992239475,pow
,4383,4383x300,6.0,1005.0,64.0,99.451,0.0415679991245269,pow
,4475,4475x407,6.0,1005.0,64.0,99.451,0.0550912000238895,pow
,6039,6039x275,6.0,1005.0,64.0,99.451,0.0511935986578464,pow
,5149,5149x473,6.0,1005.0,64.0,99.451,0.0716800019145011,pow
,6179,6179x474,6.0,1005.0,64.0,99.451,0.0847871989011764,pow
,5354,5354x418,6.0,1005.0,64.0,99.451,0.0665600001811981,pow
,7429,7429x290,6.0,1005.0,64.0,99.451,0.0645119994878768,pow
,4177,4177x307,6.0,1005.0,64.0,99.451,0.0403327986598014,pow
,4879,4879x435,8.0,1005.0,65.0,97.57999999999996,0.0634879991412162,pow
,6924,6924x463,8.0,1005.0,65.0,97.57999999999996,0.0925760015845298,pow
,6287,6287x567,8.0,1005.0,65.0,97.57999999999996,0.1023999974131584,pow
,6446,6446x795,8.0,1005.0,65.0,97.57999999999996,0.14478719830513,pow
,4748,4748x591,8.0,1005.0,65.0,97.57999999999996,0.0849919989705085,pow
,7570,7570x652,8.0,1005.0,65.0,97.57999999999996,0.1413120031356811,pow
,6923,6923x763,8.0,1005.0,65.0,97.57999999999996,0.1505088001489639,pow
,6991,6991x565,8.0,1005.0,65.0,97.57999999999996,0.1165312021970748,pow
,5062,5062x810,13.0,465.0,65.0,98.169,0.1208320036530494,pow
,6594,6594x549,13.0,465.0,65.0,98.169,0.1081279993057251,pow
,6996,6996x622,13.0,465.0,65.0,98.169,0.1275776028633117,pow
,8127,8127x715,13.0,465.0,65.0,98.169,0.1658879965543747,pow
,5949,5949x1988,13.0,465.0,65.0,98.169,0.3254272043704986,pow
,7689,7689x1924,13.0,465.0,65.0,98.169,0.4042752087116241,pow
,5649,5649x1608,13.0,465.0,65.0,98.169,0.2527231931686401,pow
,8023,8023x1569,23.0,435.0,66.0,99.48900000000002,0.3450880050659179,pow
,5173,5173x1249,23.0,435.0,66.0,99.48900000000002,0.1832959949970245,pow
,4523,4523x1725,23.0,435.0,66.0,99.48900000000002,0.2193216025829315,pow
,7610,7610x1532,23.0,435.0,66.0,99.48900000000002,0.319487988948822,pow
,5722,5722x1995,23.0,435.0,66.0,99.48900000000002,0.3129279971122741,pow
,4411,4411x1585,23.0,435.0,66.0,99.48900000000002,0.1959936022758484,pow
,7433,7433x1652,23.0,435.0,66.0,99.48900000000002,0.3358719944953918,pow
,6589,6589x2499,23.0,435.0,66.0,99.48900000000002,0.4466624021530151,pow
,5585,5585x2216,40.0,405.0,67.0,101.2,0.3389439880847931,pow
,7626,7626x2806,40.0,405.0,67.0,101.2,0.5771263837814331,pow
,5164,5164x3405,40.0,405.0,67.0,101.2,0.4753408014774322,pow
,4968,4968x2583,40.0,405.0,67.0,101.2,0.3573760092258453,pow
,6566,6566x3991,40.0,405.0,67.0,101.2,0.7151616215705872,pow
,7095,7095x3885,44.32,399.6,67.36,102.37468000000004,0.7427903890609742,pow
,5153,5153x3235,52.0,390.0,68.0,104.46300000000002,0.4542464017868042,pow
,7243,7243x3647,52.0,390.0,68.0,104.46300000000002,0.71249920129776,pow
,7827,7827x3109,52.0,390.0,68.0,104.46300000000002,0.6563839912414551,pow
,12095,12095x150,52.0,390.0,68.0,104.46300000000002,0.0573440007865428,pow
,10096,10096x1,52.0,390.0,68.0,104.46300000000002,0.0092160003259778,pow
,13511,13511x30,52.0,390.0,68.0,104.46300000000002,0.0169856000691652,pow
,14451,14451x132,52.0,390.0,68.0,104.46300000000002,0.0599936015903949,pow
,15501,15501x119,8.0,585.0,68.0,106.84400000000004,0.0583616010844707,pow
,11224,11224x91,8.0,585.0,68.0,106.84400000000004,0.0348160006105899,pow
,14651,14651x97,8.0,585.0,68.0,106.84400000000004,0.0466944009065628,pow
,10442,10442x7,8.0,585.0,68.0,106.84400000000004,0.0102399997413158,pow
,12261,12261x43,8.0,585.0,68.0,106.84400000000004,0.019455999135971,pow
,10474,10474x246,8.0,585.0,68.0,106.84400000000004,0.0778239965438842,pow
,12575,12575x320,8.0,585.0,68.0,106.84400000000004,0.115904001891613,pow
,11868,11868x269,8.0,585.0,68.0,106.84400000000004,0.0937984019517898,pow
,10034,10034x508,8.0,585.0,68.0,106.84400000000004,0.1452032029628753,pow
,10132,10132x441,16.0,585.0,67.0,102.575,0.1275904029607772,pow
,10654,10654x411,16.0,585.0,67.0,102.575,0.1257472038269043,pow
,8228,8228x333,16.0,585.0,67.0,102.575,0.0819199979305267,pow
,15196,15196x399,16.0,585.0,67.0,102.575,0.1705984026193618,pow
,16290,16290x474,16.0,585.0,67.0,102.575,0.2148351997137069,pow
,16263,16263x374,16.0,585.0,67.0,102.575,0.1714112013578415,pow
,11523,11523x265,16.0,585.0,67.0,102.575,0.0901120007038116,pow
,13021,13021x984,16.0,585.0,67.0,102.575,0.3506176054477691,pow
,10537,10537x899,28.0,585.0,68.0,98.494,0.2611199915409088,pow
,8687,8687x663,28.0,585.0,68.0,98.494,0.1628160029649734,pow
,11181,11181x994,28.0,585.0,68.0,98.494,0.3051519989967346,pow
,10015,10015x672,28.0,585.0,68.0,98.494,0.1880064010620117,pow
,12420,12420x826,28.0,585.0,68.0,98.494,0.283238410949707,pow
,14753,14753x570,28.0,585.0,68.0,98.494,0.2330624014139175,pow
,14426,14426x681,28.0,585.0,68.0,98.494,0.2711552083492279,pow
,14135,14135x856,21.0,585.0,68.0,101.28099999999996,0.3328000009059906,pow
,13257,13257x705,21.0,585.0,68.0,101.28099999999996,0.26009601354599,pow
,8980,8980x1669,21.0,585.0,68.0,101.28099999999996,0.4091903984546661,pow
,14593,14593x1753,21.0,585.0,68.0,101.28099999999996,0.6895616054534912,pow
,16007,16007x1101,21.0,585.0,68.0,101.28099999999996,0.4780032038688659,pow
,10500,10500x1354,21.0,585.0,68.0,101.28099999999996,0.3895103991031646,pow
,14543,14543x1514,30.0,450.0,68.0,104.204,0.5965824127197266,pow
,9621,9621x2046,30.0,450.0,68.0,104.204,0.5335040092468262,pow
,14145,14145x1748,30.0,450.0,68.0,104.204,0.667846417427063,pow
,10494,10494x1278,30.0,450.0,68.0,104.204,0.3684352040290832,pow
,14201,14201x1667,30.0,450.0,68.0,104.204,0.6387712001800537,pow
,8323,8323x1341,30.0,450.0,68.0,104.204,0.3074048101902008,pow
,15766,15766x2431,25.0,495.0,68.0,106.69599999999996,1.030143976211548,pow
,14696,14696x3823,25.0,495.0,68.0,106.69599999999996,1.502617597579956,pow
,15995,15995x2517,25.0,495.0,68.0,106.69599999999996,1.079091191291809,pow
,8706,8706x3606,25.0,495.0,68.0,106.69599999999996,0.8423423767089844,pow
,15122,15122x3154,41.0,915.0,69.0,111.37600000000003,1.2765183925628665,pow
,13080,13080x3898,41.0,915.0,69.0,111.37600000000003,1.3599167823791505,pow
,13057,13057x2722,41.0,915.0,69.0,111.37600000000003,0.9507200002670289,pow
,14568,14568x2089,41.0,915.0,69.0,111.37600000000003,0.8136255979537964,pow
,10609,10609x4094,41.0,915.0,69.0,111.37600000000003,1.1601920127868652,pow
,9789,9789x2198,51.0,1005.0,70.0,117.48799999999996,0.5785344004631042,pow
,127,127x168,51.0,1005.0,70.0,117.48799999999996,0.0061440002173185,div
,18,18x218,51.0,1005.0,70.0,117.48799999999996,0.0061248001642525,div
,209,209x112,51.0,1005.0,70.0,117.48799999999996,0.0061440002173185,div
,83,83x236,51.0,1005.0,70.0,117.48799999999996,0.0061440002173185,div
,1,1x37,51.0,1005.0,70.0,117.48799999999996,0.0051199998706579,div
,172,172x29,51.0,1005.0,70.0,117.48799999999996,0.0061120001599192,div
,188,188x90,51.0,1005.0,70.0,117.48799999999996,0.0061312002129852,div
,116,116x165,51.0,1005.0,70.0,117.48799999999996,0.0061440002173185,div
,232,232x249,6.0,1005.0,69.0,112.73,0.0061440002173185,div
,235,235x45,6.0,1005.0,69.0,112.73,0.0059392001479864,div
,58,58x332,6.0,1005.0,69.0,112.73,0.0061120001599192,div
,178,178x472,6.0,1005.0,69.0,112.73,0.0061440002173185,div
,211,211x432,6.0,1005.0,69.0,112.73,0.0064960001036524,div
,134,134x373,6.0,1005.0,69.0,112.73,0.0061440002173185,div
,86,86x339,6.0,1005.0,69.0,112.73,0.0061440002173185,div
,163,163x321,6.0,1005.0,69.0,112.73,0.0061440002173185,div
,76,76x447,6.0,1005.0,69.0,112.73,0.0061440002173185,div
,235,235x420,6.0,1005.0,69.0,112.73,0.0071680000983178,div
,174,174x314,6.0,1005.0,69.0,101.712,0.0061440002173185,div
,229,229x439,6.0,1005.0,69.0,101.712,0.0067200001329183,div
,43,43x969,6.0,1005.0,69.0,101.712,0.0061440002173185,div
,76,76x950,6.0,1005.0,69.0,101.712,0.0061440002173185,div
,229,229x602,6.0,1005.0,69.0,101.712,0.0071616000495851,div
,72,72x601,6.0,1005.0,69.0,101.712,0.0061440002173185,div
,4,4x932,6.0,1005.0,69.0,101.712,0.0061440002173185,div
,149,149x1015,6.0,1005.0,69.0,101.712,0.0071680000983178,div
,79,79x781,6.0,1005.0,69.0,101.712,0.0061440002173185,div
,15,15x635,6.0,1005.0,69.0,101.712,0.0061248001642525,div
,62,62x895,5.0,1005.0,68.0,97.338,0.0061440002173185,div
,183,183x680,5.0,1005.0,68.0,97.338,0.0071039999835193,div
,40,40x1421,5.0,1005.0,68.0,97.338,0.0061440002173185,div
,50,50x1745,5.0,1005.0,68.0,97.338,0.006182400137186,div
,84,84x1234,5.0,1005.0,68.0,97.338,0.0063488001935184,div
,60,60x1293,5.0,1005.0,68.0,97.338,0.0061440002173185,div
,89,89x1648,5.0,1005.0,68.0,97.338,0.0135039998218417,div
,108,108x1291,5.0,1005.0,68.0,97.338,0.0133119998499751,div
,101,101x1245,5.0,1005.0,68.0,97.338,0.0133119998499751,div
,6,6x1222,5.0,1005.0,68.0,97.338,0.0102399997413158,div
,143,143x1737,9.0,345.0,68.0,96.61100000000002,0.0153599996119737,div
,99,99x1602,9.0,345.0,68.0,96.61100000000002,0.0143360001966357,div
,55,55x2789,9.0,345.0,68.0,96.61100000000002,0.0143360001966357,div
,64,64x3957,9.0,345.0,68.0,96.61100000000002,0.0172032002359628,div
,253,253x2522,9.0,345.0,68.0,96.61100000000002,0.0262015994638204,div
,220,220x2822,9.0,345.0,68.0,96.61100000000002,0.0255999993532896,div
,225,225x2397,9.0,345.0,68.0,96.61100000000002,0.0227264001965522,div
,102,102x3436,9.0,345.0,68.0,96.61100000000002,0.019455999135971,div
,205,205x3507,9.0,345.0,68.0,96.61100000000002,0.0286720003932714,div
,129,129x4053,9.0,345.0,68.0,96.61100000000002,0.0231424003839492,div
,14,14x2782,13.0,285.0,68.0,95.503,0.012288000434637,div
,104,104x3251,13.0,285.0,68.0,95.503,0.0204799994826316,div
,453,453x231,13.0,285.0,68.0,95.503,0.0145152000710368,div
,341,341x252,13.0,285.0,68.0,95.503,0.0143360001966357,div
,500,500x81,13.0,285.0,68.0,95.503,0.0130880000069737,div
,288,288x15,13.0,285.0,68.0,95.503,0.0126656003296375,div
,476,476x177,13.0,285.0,68.0,95.503,0.0153599996119737,div
,300,300x34,13.0,285.0,68.0,95.503,0.0133119998499751,div
,473,473x216,13.0,285.0,68.0,95.503,0.0153599996119737,div
,307,307x251,13.0,285.0,68.0,95.503,0.0153599996119737,div
,480,480x104,12.0,255.0,67.0,94.22800000000002,0.0151551997289061,div
,372,372x48,12.0,255.0,67.0,94.22800000000002,0.0138879999518394,div
,296,296x411,12.0,255.0,67.0,94.22800000000002,0.0163839999586343,div
,349,349x266,12.0,255.0,67.0,94.22800000000002,0.0163839999586343,div
,443,443x493,12.0,255.0,67.0,94.22800000000002,0.019455999135971,div
,361,361x468,12.0,255.0,67.0,94.22800000000002,0.0175936002284288,div
,333,333x355,12.0,255.0,67.0,94.22800000000002,0.0173952002078294,div
,360,360x338,12.0,255.0,67.0,94.22800000000002,0.0163839999586343,div
,267,267x285,12.0,255.0,67.0,94.22800000000002,0.0153599996119737,div
,328,328x377,12.0,240.0,67.0,93.76399999999998,0.0163839999586343,div
,417,417x425,12.0,240.0,67.0,93.76399999999998,0.0184320006519556,div
,397,397x482,12.0,240.0,67.0,93.76399999999998,0.0190463997423648,div
,500,500x765,12.0,240.0,67.0,93.76399999999998,0.0229376003146171,div
,284,284x758,12.0,240.0,67.0,93.76399999999998,0.019455999135971,div
,261,261x915,12.0,240.0,67.0,93.76399999999998,0.019455999135971,div
,419,419x929,12.0,240.0,67.0,93.76399999999998,0.0255999993532896,div
,308,308x677,12.0,240.0,67.0,93.76399999999998,0.0215039998292922,div
,351,351x967,12.0,240.0,67.0,93.76399999999998,0.0245760008692741,div
,337,337x768,12.0,240.0,67.0,93.76399999999998,0.0225280001759529,div
,424,424x801,13.0,210.0,65.0,87.62799999999999,0.0245760008692741,div
,267,267x536,13.0,210.0,65.0,87.62799999999999,0.019455999135971,div
,476,476x779,13.0,210.0,65.0,87.62799999999999,0.0255999993532896,div
,510,510x1267,13.0,210.0,65.0,87.62799999999999,0.1290239989757537,div
,477,477x1448,13.0,210.0,65.0,87.62799999999999,0.1411072015762329,div
,405,405x1561,13.0,210.0,65.0,87.62799999999999,0.1218559980392456,div
,325,325x1687,13.0,210.0,65.0,87.62799999999999,0.0694272011518478,div
,283,283x1706,13.0,210.0,65.0,87.62799999999999,0.0276480000466108,div
,459,459x1784,13.28,210.0,64.92,81.75248000000002,0.1687552034854889,div
,324,324x1208,14.0,210.0,63.0,69.26700000000004,0.0255999993532896,div
,512,512x1600,14.0,210.0,63.0,69.26700000000004,0.1675264000892639,div
,418,418x2031,14.0,210.0,63.0,69.26700000000004,0.1734656006097793,div
,275,275x1988,14.0,210.0,63.0,69.26700000000004,0.0735232025384902,div
,439,439x4036,14.0,210.0,63.0,69.26700000000004,0.3583999931812286,div
,402,402x2788,14.0,210.0,63.0,69.26700000000004,0.2291712015867233,div
,512,512x2435,14.0,210.0,63.0,69.26700000000004,0.257228797674179,div
,335,335x2167,14.0,210.0,63.0,58.72900000000002,0.1484800040721893,div
,488,488x3379,16.0,210.0,62.0,58.72900000000002,0.3323903918266296,div
,304,304x3682,16.0,210.0,62.0,58.72900000000002,0.2299903988838195,div
,455,455x3697,16.0,210.0,62.0,58.72900000000002,0.341401594877243,div
,440,440x2442,16.0,210.0,62.0,58.72900000000002,0.2236415982246399,div
,303,303x3779,16.0,210.0,62.0,58.72900000000002,0.235929599404335,div
,371,371x2684,16.0,210.0,62.0,58.72900000000002,0.2066431999206543,div
,665,665x66,16.0,210.0,62.0,58.72900000000002,0.0163839999586343,div
,948,948x212,16.0,210.0,62.0,58.72900000000002,0.0212991997599601,div
,986,986x92,14.0,210.0,61.0,59.20399999999997,0.0174080003052949,div
,973,973x136,14.0,210.0,61.0,59.20399999999997,0.0184320006519556,div
,531,531x3,14.0,210.0,61.0,59.20399999999997,0.0143360001966357,div
,823,823x185,14.0,210.0,61.0,59.20399999999997,0.019455999135971,div
,529,529x97,14.0,210.0,61.0,59.20399999999997,0.0163839999586343,div
,821,821x238,14.0,210.0,61.0,59.20399999999997,0.0212991997599601,div
,1009,1009x242,14.0,210.0,61.0,59.20399999999997,0.0221184000372886,div
,521,521x53,14.0,210.0,61.0,59.20399999999997,0.0153599996119737,div
,1012,1012x375,14.0,210.0,61.0,59.20399999999997,0.0253951996564865,div
,632,632x510,14.0,210.0,61.0,59.20399999999997,0.0235520005226135,div
,865,865x481,13.0,210.0,60.0,57.92100000000003,0.0266239996999502,div
,881,881x498,13.0,210.0,60.0,57.92100000000003,0.0266239996999502,div
,673,673x508,13.0,210.0,60.0,57.92100000000003,0.024371200799942,div
,880,880x390,13.0,210.0,60.0,57.92100000000003,0.0266239996999502,div
,745,745x318,13.0,210.0,60.0,57.92100000000003,0.0245760008692741,div
,619,619x282,13.0,210.0,60.0,57.92100000000003,0.0225280001759529,div
,633,633x362,13.0,210.0,60.0,57.92100000000003,0.0245760008692741,div
,855,855x327,13.0,210.0,60.0,57.92100000000003,0.0249856002628803,div
,806,806x688,18.28,210.0,59.4,55.78299999999999,0.1564671963453293,div
,746,746x654,19.0,210.0,59.0,55.78299999999999,0.029696000739932,div
,523,523x584,19.0,210.0,59.0,55.78299999999999,0.0258047994226217,div
,550,550x667,19.0,210.0,59.0,55.78299999999999,0.0276480000466108,div
,799,799x663,19.0,210.0,59.0,55.78299999999999,0.1200128033757209,div
,599,599x550,19.0,210.0,59.0,55.78299999999999,0.0260095994919538,div
,676,676x536,19.0,210.0,59.0,55.78299999999999,0.0272383999079465,div
,778,778x875,19.0,210.0,59.0,55.78299999999999,0.3088383972644806,div
,754,754x752,19.0,210.0,59.0,55.78299999999999,0.1806335985660553,div
,710,710x882,33.0,210.0,59.0,54.01999999999999,0.2635775983333587,div
,948,948x1291,33.0,210.0,59.0,54.01999999999999,0.5767168045043946,div
,1023,1023x1892,33.0,210.0,59.0,54.01999999999999,0.9011199951171877,div
,645,645x1266,33.0,210.0,59.0,54.01999999999999,0.393011212348938,div
,625,625x1272,33.0,210.0,59.0,54.01999999999999,0.3807232022285461,div
,823,823x1627,33.0,210.0,59.0,54.01999999999999,0.6270975947380066,div
,733,733x1399,33.0,210.0,59.0,54.01999999999999,0.4874239981174469,div
,830,830x1951,51.0,225.0,58.0,54.326000000000015,0.7540735960006714,div
,665,665x1691,51.0,225.0,58.0,54.326000000000015,0.5351424217224121,div
,797,797x1206,51.0,225.0,58.0,54.326000000000015,0.4534272015094757,div
,1000,1000x1063,51.0,225.0,58.0,54.326000000000015,0.5021695971488953,div
,841,841x3694,51.0,225.0,58.0,54.326000000000015,1.4215167999267575,div
,837,837x3613,54.8,259.2,58.0,55.70843999999999,1.379532814025879,div
,774,774x2416,56.0,270.0,58.0,56.14499999999999,0.8622080087661743,div
,572,572x3269,56.0,270.0,58.0,56.14499999999999,0.868556809425354,div
,636,636x2261,56.0,270.0,58.0,56.14499999999999,0.6735872149467468,div
,838,838x3952,56.0,270.0,58.0,56.14499999999999,1.505075216293335,div
,616,616x3057,56.0,270.0,58.0,56.14499999999999,0.3770367920398712,div
,685,685x3053,34.0,525.0,58.0,57.79099999999996,0.4184063971042633,div
,574,574x4024,34.0,525.0,58.0,57.79099999999996,0.448716801404953,div
,584,584x3280,34.0,525.0,58.0,57.79099999999996,0.3835904061794281,div
,1726,1726x134,34.0,525.0,58.0,57.79099999999996,0.0147455999627709,div
,1057,1057x69,34.0,525.0,58.0,57.79099999999996,0.012288000434637,div
,1191,1191x40,34.0,525.0,58.0,57.79099999999996,0.012288000434637,div
,1042,1042x64,34.0,525.0,58.0,57.79099999999996,0.012288000434637,div
,1757,1757x99,34.0,525.0,58.0,57.79099999999996,0.0143360001966357,div
,2034,2034x108,10.0,525.0,58.0,58.424999999999976,0.0143360001966357,div
,1421,1421x90,10.0,525.0,58.0,58.424999999999976,0.0133119998499751,div
,1072,1072x130,10.0,525.0,58.0,58.424999999999976,0.0133119998499751,div
,1274,1274x239,10.0,525.0,58.0,58.424999999999976,0.0153599996119737,div
,1672,1672x3,10.0,525.0,58.0,58.424999999999976,0.0112640000879764,div
,1536,1536x357,10.0,525.0,58.0,58.424999999999976,0.073113602399826,div
,1074,1074x428,10.0,525.0,58.0,58.424999999999976,0.0174080003052949,div
,1509,1509x294,10.0,525.0,58.0,58.424999999999976,0.0169984001666307,div
,1666,1666x290,10.0,525.0,58.0,58.424999999999976,0.0174080003052949,div
,1139,1139x283,9.0,525.0,58.0,57.099,0.0153599996119737,div
,1811,1811x494,9.0,525.0,58.0,57.099,0.1822719991207123,div
,1235,1235x263,9.0,525.0,58.0,57.099,0.0163839999586343,div
,1405,1405x381,9.0,525.0,58.0,57.099,0.055910401046276,div
,1323,1323x332,9.0,525.0,58.0,57.099,0.0172032002359628,div
,1511,1511x284,9.0,525.0,58.0,57.099,0.0169984001666307,div
,1999,1999x991,9.0,525.0,58.0,57.099,0.3960832059383392,div
,1111,1111x1020,9.0,525.0,58.0,57.099,0.2316287964582443,div
,1703,1703x897,9.0,525.0,58.0,57.099,0.3084288001060485,div
,1086,1086x630,28.0,525.0,58.0,56.748000000000026,0.1363967984914779,div
,1430,1430x803,28.0,525.0,58.0,56.748000000000026,0.232243201136589,div
,1069,1069x693,28.0,525.0,58.0,56.748000000000026,0.1486848026514053,div
,1649,1649x980,28.0,525.0,58.0,56.748000000000026,0.7499775886535645,div
,1292,1292x707,28.0,525.0,58.0,56.748000000000026,0.4296703994274139,div
,1627,1627x665,28.0,525.0,58.0,56.748000000000026,0.5109760165214539,div
,1988,1988x579,28.0,525.0,58.0,56.748000000000026,0.538214385509491,div
,2014,2014x2038,46.0,405.0,58.0,57.35699999999998,0.8058879971504211,div
,1505,1505x1835,46.0,405.0,58.0,57.35699999999998,0.5482496023178101,div
,1300,1300x1197,46.0,405.0,58.0,57.35699999999998,0.3133440017700195,div
,1948,1948x1982,46.0,405.0,58.0,57.35699999999998,0.7573503971099853,div
,1392,1392x1929,46.0,405.0,58.0,57.35699999999998,0.5318655967712402,div
,1491,1491x1226,34.56,436.2,58.0,58.05068,0.3676160037517547,div
,1537,1537x1644,24.0,465.0,58.0,58.69100000000002,0.5038080215454102,div
,1852,1852x1855,24.0,465.0,58.0,58.69100000000002,0.6760448217391968,div
,1503,1503x1984,24.0,465.0,58.0,58.69100000000002,0.5898240208625793,div
,1923,1923x1946,24.0,465.0,58.0,58.69100000000002,0.7370752096176147,div
,1720,1720x2972,24.0,465.0,58.0,58.69100000000002,0.9983999848365784,div
,1339,1339x3401,73.0,465.0,58.0,60.51700000000003,0.8927232027053833,div
,1247,1247x3395,73.0,465.0,58.0,60.51700000000003,0.8265727996826172,div
,1079,1079x2813,73.0,465.0,58.0,60.51700000000003,0.5951488018035889,div
,1956,1956x2284,73.0,465.0,58.0,60.51700000000003,0.8722432017326355,div
,1289,1289x3762,73.0,465.0,58.0,60.51700000000003,0.9414655804634094,div
,1997,1997x2699,42.0,780.0,59.0,62.795000000000016,1.0471423864364624,div
,1156,1156x3684,42.0,780.0,59.0,62.795000000000016,0.8312832117080688,div
,1959,1959x3469,42.0,780.0,59.0,62.795000000000016,1.3199360370635986,div
,1812,1812x2800,42.0,780.0,59.0,62.795000000000016,0.9863168120384216,div
,2938,2938x253,42.0,780.0,59.0,62.795000000000016,0.0235520005226135,div
,2724,2724x130,42.0,780.0,59.0,62.795000000000016,0.0084031999111175,div
,3684,3684x100,5.0,1005.0,59.0,67.91499999999998,0.0085632000118494,div
,4034,4034x237,5.0,1005.0,59.0,67.91499999999998,0.0307199992239475,div
,2747,2747x10,5.0,1005.0,59.0,67.91499999999998,0.0061440002173185,div
,3168,3168x79,5.0,1005.0,59.0,67.91499999999998,0.0081919999793171,div
,2470,2470x200,5.0,1005.0,59.0,67.91499999999998,0.0092160003259778,div
,3583,3583x123,5.0,1005.0,59.0,67.91499999999998,0.0092160003259778,div
,2307,2307x113,5.0,1005.0,59.0,67.91499999999998,0.0081919999793171,div
,2825,2825x107,5.0,1005.0,59.0,67.91499999999998,0.0081919999793171,div
,2760,2760x264,5.0,1005.0,59.0,67.91499999999998,0.0233472004532814,div
,3189,3189x445,5.0,1005.0,59.0,67.91499999999998,0.0431871995329856,div
,3080,3080x305,8.0,1005.0,62.0,81.23800000000004,0.029696000739932,div
,3421,3421x266,8.0,1005.0,62.0,81.23800000000004,0.0286720003932714,div
,3017,3017x476,8.0,1005.0,62.0,81.23800000000004,0.0440063998103141,div
,2670,2670x449,8.0,1005.0,62.0,81.23800000000004,0.0368000008165836,div
,2211,2211x469,8.0,1005.0,62.0,81.23800000000004,0.0325631998479366,div
,3066,3066x370,8.0,1005.0,62.0,81.23800000000004,0.0356352008879184,div
,2837,2837x283,8.0,1005.0,62.0,81.23800000000004,0.0255999993532896,div
,3794,3794x496,8.0,1005.0,62.0,81.23800000000004,0.0563200004398822,div
,3217,3217x972,8.0,1005.0,62.0,81.23800000000004,0.089088000357151,div
,3977,3977x964,11.0,1005.0,64.0,94.977,0.1085439994931221,div
,3278,3278x669,11.0,1005.0,64.0,94.977,0.0645055994391441,div
,4018,4018x586,11.0,1005.0,64.0,94.977,0.0686080008745193,div
,3581,3581x1016,11.0,1005.0,64.0,94.977,0.1022207975387573,div
,3723,3723x552,11.0,1005.0,64.0,94.977,0.0604160018265247,div
,3557,3557x572,11.0,1005.0,64.0,94.977,0.0600256010890007,div
,2654,2654x780,11.0,1005.0,64.0,94.977,0.0606528006494045,div
,3623,3623x920,11.0,1005.0,64.0,94.977,0.0948096022009849,div
,3616,3616x828,11.0,1005.0,64.0,94.977,0.0860159993171691,div
,3310,3310x1038,13.0,1005.0,65.0,97.367,0.0976704031229019,div
,3814,3814x1374,13.0,1005.0,65.0,97.367,0.1462463974952697,div
,3894,3894x1460,13.0,1005.0,65.0,97.367,0.1566399991512298,div
,2496,2496x1365,13.0,1005.0,65.0,97.367,0.6672384023666382,div
,2170,2170x1505,13.0,1005.0,65.0,97.367,0.6420480012893677,div
,2445,2445x1457,13.0,1005.0,65.0,97.367,0.6961151957511902,div
,3567,3567x1727,28.64,648.0,63.72,92.01608000000002,1.196236801147461,div
,2459,2459x1031,36.0,480.0,63.0,89.49800000000003,0.5023744106292725,div
,3900,3900x1998,36.0,480.0,63.0,89.49800000000003,0.2158592045307159,div
,3868,3868x1503,36.0,480.0,63.0,89.49800000000003,0.1636095970869064,div
,3252,3252x2848,36.0,480.0,63.0,89.49800000000003,0.2557952105998993,div
,3876,3876x2522,36.0,480.0,63.0,89.49800000000003,0.2699263989925384,div
,2168,2168x2705,36.0,480.0,63.0,89.49800000000003,0.1648640036582946,div
,4064,4064x2419,14.0,450.0,64.0,86.09200000000004,0.2709504067897796,div
,2964,2964x3110,14.0,450.0,64.0,86.09200000000004,0.2541567981243133,div
,3555,3555x2570,14.0,450.0,64.0,86.09200000000004,0.2518912076950073,div
,3358,3358x3544,14.0,450.0,64.0,86.09200000000004,0.3264512121677398,div
,3264,3264x2945,14.0,450.0,64.0,86.09200000000004,0.265011191368103,div
,2554,2554x3169,14.0,450.0,64.0,86.09200000000004,0.2252800017595291,div
,2911,2911x2970,14.0,450.0,64.0,86.09200000000004,0.2391872018575668,div
,6861,6861x217,14.0,450.0,64.0,86.09200000000004,0.0481280013918876,div
,7322,7322x50,16.88,435.0,64.0,92.79199999999996,0.0143360001966357,div
,8049,8049x150,22.0,435.0,66.0,92.79199999999996,0.0399359986186027,div
,7181,7181x219,22.0,435.0,66.0,92.79199999999996,0.0511999987065792,div
,6869,6869x223,22.0,435.0,66.0,92.79199999999996,0.0501759983599185,div
,6576,6576x89,22.0,435.0,66.0,92.79199999999996,0.021094399690628,div
,5080,5080x60,22.0,435.0,66.0,92.79199999999996,0.0143360001966357,div
,5580,5580x197,22.0,435.0,66.0,92.79199999999996,0.0378880016505718,div
,7417,7417x11,22.0,435.0,66.0,92.79199999999996,0.0122688002884387,div
,4140,4140x229,22.0,435.0,66.0,92.79199999999996,0.0325631998479366,div
,4383,4383x300,22.0,435.0,66.0,92.79199999999996,0.0440320000052452,div
,4475,4475x407,11.0,360.0,65.0,97.46800000000002,0.0583680011332035,div
,6039,6039x275,11.0,360.0,65.0,97.46800000000002,0.054271999746561,div
,5149,5149x473,11.0,360.0,65.0,97.46800000000002,0.074752002954483,div
,6179,6179x474,11.0,360.0,65.0,97.46800000000002,0.0884544000029563,div
,5354,5354x418,11.0,360.0,65.0,97.46800000000002,0.0696320012211799,div
,7429,7429x290,11.0,360.0,65.0,97.46800000000002,0.0675840005278587,div
,4177,4177x307,11.0,360.0,65.0,97.46800000000002,0.043827199935913,div
,4879,4879x435,11.0,360.0,65.0,97.46800000000002,0.0669696003198623,div
,6924,6924x463,11.0,360.0,65.0,97.46800000000002,0.0960512027144432,div
,6287,6287x567,15.0,315.0,66.0,95.31899999999996,0.1056767985224723,div
,6446,6446x795,15.0,315.0,66.0,95.31899999999996,0.1484799981117248,div
,4748,4748x591,15.0,315.0,66.0,95.31899999999996,0.085811199247837,div
,7570,7570x652,15.0,315.0,66.0,95.31899999999996,0.1427455991506576,div
,6923,6923x763,15.0,315.0,66.0,95.31899999999996,0.1525759994983673,div
,6991,6991x565,15.0,315.0,66.0,95.31899999999996,0.1169408023357391,div
,5062,5062x810,15.0,315.0,66.0,95.31899999999996,0.1208320036530494,div
,6594,6594x549,15.0,315.0,66.0,95.31899999999996,0.1085439994931221,div
,6996,6996x622,21.0,285.0,66.0,96.175,0.1273728013038635,div
,8127,8127x715,21.0,285.0,66.0,96.175,0.1664896011352539,div
,5949,5949x1988,21.0,285.0,66.0,96.175,0.3262464106082916,div
,7689,7689x1924,21.0,285.0,66.0,96.175,0.4067263960838317,div
,5649,5649x1608,21.0,285.0,66.0,96.175,0.2537471950054168,div
,8023,8023x1569,21.0,285.0,66.0,96.175,0.3477503955364227,div
,5173,5173x1249,21.0,285.0,66.0,96.175,0.1843200027942657,div
,4523,4523x1725,21.0,270.0,67.0,98.483,0.2199551939964294,div
,7610,7610x1532,21.0,270.0,67.0,98.483,0.3227648079395294,div
,5722,5722x1995,21.0,270.0,67.0,98.483,0.3158015966415405,div
,4411,4411x1585,21.0,270.0,67.0,98.483,0.1984511941671371,div
,7433,7433x1652,21.0,270.0,67.0,98.483,0.3391487896442413,div
,6589,6589x2499,21.0,270.0,67.0,98.483,0.4513792097568512,div
,5585,5585x2216,21.0,270.0,67.0,98.483,0.3428095996379852,div
,7626,7626x2806,35.0,255.0,67.0,101.012,0.581222414970398,div
,5164,5164x3405,35.0,255.0,67.0,101.012,0.4806655943393707,div
,4968,4968x2583,35.0,255.0,67.0,101.012,0.3534848034381866,div
,6566,6566x3991,35.0,255.0,67.0,101.012,0.7094271898269653,div
,7095,7095x3885,35.0,255.0,67.0,101.012,0.7448576092720032,div
,5153,5153x3235,40.0,300.0,67.0,103.11700000000002,0.4560896039009094,div
,7243,7243x3647,40.0,300.0,67.0,103.11700000000002,0.7147520184516907,div
,7827,7827x3109,40.0,300.0,67.0,103.11700000000002,0.6600704193115234,div
,12095,12095x150,40.0,300.0,67.0,103.11700000000002,0.0589824013411998,div
,10096,10096x1,40.0,300.0,67.0,103.11700000000002,0.0112640000879764,div
,13511,13511x30,40.0,300.0,67.0,103.11700000000002,0.0192383997142314,div
,14451,14451x132,40.0,300.0,67.0,103.11700000000002,0.061439998447895,div
,15501,15501x119,40.0,300.0,67.0,103.11700000000002,0.0593920014798641,div
,11224,11224x91,13.0,315.0,67.0,103.253,0.0368640013039112,div
,14651,14651x97,13.0,315.0,67.0,103.253,0.04791040122509,div
,10442,10442x7,13.0,315.0,67.0,103.253,0.0133119998499751,div
,12261,12261x43,13.0,315.0,67.0,103.253,0.0215039998292922,div
,10474,10474x246,13.0,315.0,67.0,103.253,0.0792575970292091,div
,12575,12575x320,13.0,315.0,67.0,103.253,0.1181696027517318,div
,11868,11868x269,13.0,315.0,67.0,103.253,0.095846402645111,div
,10034,10034x508,13.0,315.0,67.0,103.253,0.1468416005373001,div
,10132,10132x441,17.76,315.0,67.0,99.64899999999994,0.130048006772995,div
,10654,10654x411,20.0,315.0,67.0,99.64899999999994,0.1273728013038635,div
,8228,8228x333,20.0,315.0,67.0,99.64899999999994,0.0835519984364509,div
,15196,15196x399,20.0,315.0,67.0,99.64899999999994,0.1720319986343383,div
,16290,16290x474,20.0,315.0,67.0,99.64899999999994,0.2166784018278122,div
,16263,16263x374,20.0,315.0,67.0,99.64899999999994,0.1730560064315796,div
,11523,11523x265,20.0,315.0,67.0,99.64899999999994,0.0921600013971328,div
,13021,13021x984,20.0,315.0,67.0,99.64899999999994,0.3522560000419616,div
,10537,10537x899,22.16,315.0,67.0,99.11044,0.263372802734375,div
,8687,8687x663,29.0,315.0,67.0,97.40500000000002,0.1638399958610534,div
,11181,11181x994,29.0,315.0,67.0,97.40500000000002,0.307200014591217,div
,10015,10015x672,29.0,315.0,67.0,97.40500000000002,0.1902592033147812,div
,12420,12420x826,29.0,315.0,67.0,97.40500000000002,0.2852799952030181,div
,14753,14753x570,29.0,315.0,67.0,97.40500000000002,0.235315203666687,div
,14426,14426x681,29.0,315.0,67.0,97.40500000000002,0.2744320034980774,div
,14135,14135x856,29.0,315.0,67.0,97.40500000000002,0.3352575898170471,div
,13257,13257x705,36.0,240.0,67.0,99.729,0.2619391977787018,div
,8980,8980x1669,36.0,240.0,67.0,99.729,0.4114432036876678,div
,14593,14593x1753,36.0,240.0,67.0,99.729,0.693452787399292,div
,16007,16007x1101,36.0,240.0,67.0,99.729,0.4812799990177154,div
,10500,10500x1354,36.0,240.0,67.0,99.729,0.3909631967544555,div
,14543,14543x1514,36.0,240.0,67.0,99.729,0.5965824127197266,div
,9621,9621x2046,46.0,300.0,68.0,102.814,0.5355520248413086,div
,14145,14145x1748,46.0,300.0,68.0,102.814,0.6702911853790283,div
,10494,10494x1278,46.0,300.0,68.0,102.814,0.3692544102668762,div
,14201,14201x1667,46.0,300.0,68.0,102.814,0.6408191919326782,div
,8323,8323x1341,46.0,300.0,68.0,102.814,0.3090431988239288,div
,15766,15766x2431,42.8,300.0,68.0,104.28316000000008,1.0323967933654783,div
,14696,14696x3823,42.0,300.0,68.0,104.56300000000006,1.5024127960205078,div
,15995,15995x2517,42.0,300.0,68.0,104.56300000000006,1.0803200006484983,div
,8706,8706x3606,42.0,300.0,68.0,104.56300000000006,0.8431615829467773,div
,15122,15122x3154,51.0,705.0,69.0,108.16400000000004,1.2758784294128418,div
,13080,13080x3898,51.0,705.0,69.0,108.16400000000004,1.3645824193954468,div
,13057,13057x2722,51.0,705.0,69.0,108.16400000000004,0.9515071868896484,div
,14568,14568x2089,51.0,705.0,69.0,108.16400000000004,0.8148864030838012,div
,10609,10609x4094,51.0,705.0,69.0,108.16400000000004,1.161408019065857,div
,9789,9789x2198,58.0,1005.0,70.0,114.42599999999996,0.5789695978164673,div
,127,127x168,58.0,1005.0,70.0,114.42599999999996,0.0051199998706579,addu
,18,18x218,58.0,1005.0,70.0,114.42599999999996,0.0051199998706579,addu
,209,209x112,58.0,1005.0,70.0,114.42599999999996,0.0051199998706579,addu
,83,83x236,58.0,1005.0,70.0,114.42599999999996,0.0051199998706579,addu
,1,1x37,58.0,1005.0,70.0,114.42599999999996,0.0051199998706579,addu
,172,172x29,58.0,1005.0,70.0,114.42599999999996,0.0051199998706579,addu
,188,188x90,58.0,1005.0,70.0,114.42599999999996,0.0051199998706579,addu
,116,116x165,58.0,1005.0,70.0,114.42599999999996,0.0051199998706579,addu
,232,232x249,6.0,1005.0,69.0,109.37899999999996,0.0051199998706579,addu
,235,235x45,6.0,1005.0,69.0,109.37899999999996,0.0051199998706579,addu
,58,58x332,6.0,1005.0,69.0,109.37899999999996,0.0051199998706579,addu
,178,178x472,6.0,1005.0,69.0,109.37899999999996,0.0051199998706579,addu
,211,211x432,6.0,1005.0,69.0,109.37899999999996,0.0051199998706579,addu
,134,134x373,6.0,1005.0,69.0,109.37899999999996,0.0051199998706579,addu
,86,86x339,6.0,1005.0,69.0,109.37899999999996,0.0051199998706579,addu
,163,163x321,6.0,1005.0,69.0,109.37899999999996,0.0051199998706579,addu
,76,76x447,6.0,1005.0,69.0,109.37899999999996,0.0051199998706579,addu
,235,235x420,6.0,1005.0,69.0,109.37899999999996,0.0051199998706579,addu
,174,174x314,5.0,1005.0,68.0,100.744,0.0051199998706579,addu
,229,229x439,5.0,1005.0,68.0,100.744,0.0051199998706579,addu
,43,43x969,5.0,1005.0,68.0,100.744,0.0051199998706579,addu
,76,76x950,5.0,1005.0,68.0,100.744,0.0051199998706579,addu
,229,229x602,5.0,1005.0,68.0,100.744,0.0055040000006556,addu
,72,72x601,5.0,1005.0,68.0,100.744,0.0051199998706579,addu
,4,4x932,5.0,1005.0,68.0,100.744,0.0051199998706579,addu
,149,149x1015,5.0,1005.0,68.0,100.744,0.0054783999919891,addu
,79,79x781,5.0,1005.0,68.0,100.744,0.0051199998706579,addu
,15,15x635,5.0,1005.0,68.0,100.744,0.0051199998706579,addu
,62,62x895,5.0,1005.0,68.0,97.369,0.0051199998706579,addu
,183,183x680,5.0,1005.0,68.0,97.369,0.0051199998706579,addu
,40,40x1421,5.0,1005.0,68.0,97.369,0.0051199998706579,addu
,50,50x1745,5.0,1005.0,68.0,97.369,0.0051199998706579,addu
,84,84x1234,5.0,1005.0,68.0,97.369,0.0051199998706579,addu
,60,60x1293,5.0,1005.0,68.0,97.369,0.0052991999313235,addu
,89,89x1648,5.0,1005.0,68.0,97.369,0.0054527999833226,addu
,108,108x1291,5.0,1005.0,68.0,97.369,0.0058880001306533,addu
,101,101x1245,5.0,1005.0,68.0,97.369,0.0094016002491116,addu
,6,6x1222,5.0,1005.0,68.0,97.369,0.0081919999793171,addu
,143,143x1737,5.0,1005.0,68.0,97.369,0.0112640000879764,addu
,99,99x1602,11.0,315.0,68.0,97.19499999999998,0.0102399997413158,addu
,55,55x2789,11.0,315.0,68.0,97.19499999999998,0.0102399997413158,addu
,64,64x3957,11.0,315.0,68.0,97.19499999999998,0.0112640000879764,addu
,253,253x2522,11.0,315.0,68.0,97.19499999999998,0.0161727998405694,addu
,220,220x2822,11.0,315.0,68.0,97.19499999999998,0.0153599996119737,addu
,225,225x2397,11.0,315.0,68.0,97.19499999999998,0.0153599996119737,addu
,102,102x3436,11.0,315.0,68.0,97.19499999999998,0.0130880000069737,addu
,205,205x3507,11.0,315.0,68.0,97.19499999999998,0.0174080003052949,addu
,129,129x4053,11.0,315.0,68.0,97.19499999999998,0.0153599996119737,addu
,14,14x2782,11.0,315.0,68.0,97.19499999999998,0.0092160003259778,addu
,104,104x3251,11.0,255.0,67.0,95.89699999999998,0.0133119998499751,addu
,453,453x231,11.0,255.0,67.0,95.89699999999998,0.0104383997619152,addu
,341,341x252,11.0,255.0,67.0,95.89699999999998,0.0102399997413158,addu
,500,500x81,11.0,255.0,67.0,95.89699999999998,0.0102399997413158,addu
,288,288x15,11.0,255.0,67.0,95.89699999999998,0.0092160003259778,addu
,476,476x177,11.0,255.0,67.0,95.89699999999998,0.0102399997413158,addu
,300,300x34,11.0,255.0,67.0,95.89699999999998,0.0094144003465771,addu
,473,473x216,11.0,255.0,67.0,95.89699999999998,0.0112511999905109,addu
,307,307x251,11.0,255.0,67.0,95.89699999999998,0.0110336000099778,addu
,480,480x104,11.0,255.0,67.0,95.89699999999998,0.0102399997413158,addu
,372,372x48,14.0,240.0,67.0,94.232,0.0092160003259778,addu
,296,296x411,14.0,240.0,67.0,94.232,0.0112640000879764,addu
,349,349x266,14.0,240.0,67.0,94.232,0.0112640000879764,addu
,443,443x493,14.0,240.0,67.0,94.232,0.012288000434637,addu
,361,361x468,14.0,240.0,67.0,94.232,0.0120704002678394,addu
,333,333x355,14.0,240.0,67.0,94.232,0.0112640000879764,addu
,360,360x338,14.0,240.0,67.0,94.232,0.0112640000879764,addu
,267,267x285,14.0,240.0,67.0,94.232,0.0104319997131824,addu
,328,328x377,14.0,240.0,67.0,94.232,0.0112640000879764,addu
,417,417x425,14.0,240.0,67.0,94.232,0.012288000434637,addu
,397,397x482,11.0,240.0,67.0,93.817,0.012288000434637,addu
,500,500x765,11.0,240.0,67.0,93.817,0.0143360001966357,addu
,284,284x758,11.0,240.0,67.0,93.817,0.012288000434637,addu
,261,261x915,11.0,240.0,67.0,93.817,0.0124800004065036,addu
,419,419x929,11.0,240.0,67.0,93.817,0.0143360001966357,addu
,308,308x677,11.0,240.0,67.0,93.817,0.012288000434637,addu
,351,351x967,11.0,240.0,67.0,93.817,0.0143360001966357,addu
,337,337x768,11.0,240.0,67.0,93.817,0.0129024000838398,addu
,424,424x801,11.0,240.0,67.0,93.817,0.0143296001479029,addu
,267,267x536,11.0,240.0,67.0,93.817,0.0112640000879764,addu
,476,476x779,12.0,240.0,67.0,93.691,0.0143360001966357,addu
,510,510x1267,12.0,240.0,67.0,93.691,0.0215039998292922,addu
,477,477x1448,12.0,240.0,67.0,93.691,0.0217087998986244,addu
,405,405x1561,12.0,240.0,67.0,93.691,0.0208895996212959,addu
,325,325x1687,12.0,240.0,67.0,93.691,0.019455999135971,addu
,283,283x1706,12.0,240.0,67.0,93.691,0.0184320006519556,addu
,459,459x1784,12.0,240.0,67.0,93.691,0.0702464014291763,addu
,324,324x1208,12.0,240.0,67.0,93.691,0.0163839999586343,addu
,512,512x1600,16.0,210.0,64.0,80.35799999999996,0.0694272011518478,addu
,418,418x2031,16.0,210.0,64.0,80.35799999999996,0.0796671971678733,addu
,275,275x1988,16.0,210.0,64.0,80.35799999999996,0.019455999135971,addu
,439,439x4036,16.0,210.0,64.0,80.35799999999996,0.2351103991270065,addu
,402,402x2788,16.0,210.0,64.0,80.35799999999996,0.1415167987346649,addu
,512,512x2435,16.0,210.0,64.0,80.35799999999996,0.1632255971431732,addu
,335,335x2167,16.0,210.0,64.0,80.35799999999996,0.0219135999679565,addu
,488,488x3379,16.0,210.0,64.0,80.35799999999996,0.2197503954172134,addu
,304,304x3682,10.0,210.0,62.0,63.511999999999965,0.1411072015762329,addu
,455,455x3697,10.0,210.0,62.0,63.511999999999965,0.2230271995067596,addu
,440,440x2442,10.0,210.0,62.0,63.511999999999965,0.1323007941246032,addu
,303,303x3779,10.0,210.0,62.0,63.511999999999965,0.1468416005373001,addu
,371,371x2684,10.0,210.0,62.0,63.511999999999965,0.1210368007421493,addu
,665,665x66,10.0,210.0,62.0,63.511999999999965,0.0112640000879764,addu
,948,948x212,10.0,210.0,62.0,63.511999999999965,0.0133119998499751,addu
,986,986x92,10.0,210.0,62.0,63.511999999999965,0.012288000434637,addu
,973,973x136,10.0,210.0,62.0,63.511999999999965,0.012288000434637,addu
,531,531x3,14.0,210.0,61.0,59.03199999999999,0.0102399997413158,addu
,823,823x185,14.0,210.0,61.0,59.03199999999999,0.0131071999669075,addu
,529,529x97,14.0,210.0,61.0,59.03199999999999,0.0112640000879764,addu
,821,821x238,14.0,210.0,61.0,59.03199999999999,0.0133119998499751,addu
,1009,1009x242,14.0,210.0,61.0,59.03199999999999,0.0143360001966357,addu
,521,521x53,14.0,210.0,61.0,59.03199999999999,0.0112640000879764,addu
,1012,1012x375,14.0,210.0,61.0,59.03199999999999,0.0161791998893022,addu
,632,632x510,14.0,210.0,61.0,59.03199999999999,0.0174080003052949,addu
,865,865x481,14.0,210.0,61.0,59.03199999999999,0.0188416000455617,addu
,881,881x498,14.0,210.0,61.0,59.03199999999999,0.019455999135971,addu
,673,673x508,15.0,210.0,60.0,57.76800000000002,0.0180224005132913,addu
,880,880x390,15.0,210.0,60.0,57.76800000000002,0.0174080003052949,addu
,745,745x318,15.0,210.0,60.0,57.76800000000002,0.0163839999586343,addu
,619,619x282,15.0,210.0,60.0,57.76800000000002,0.0153599996119737,addu
,633,633x362,15.0,210.0,60.0,57.76800000000002,0.0161791998893022,addu
,855,855x327,15.0,210.0,60.0,57.76800000000002,0.0169984001666307,addu
,806,806x688,15.0,210.0,60.0,57.76800000000002,0.0215039998292922,addu
,746,746x654,15.0,210.0,60.0,57.76800000000002,0.0204799994826316,addu
,523,523x584,15.0,210.0,60.0,57.76800000000002,0.0174080003052949,addu
,550,550x667,16.0,210.0,59.0,54.99900000000002,0.0182272005826234,addu
,799,799x663,16.0,210.0,59.0,54.99900000000002,0.0215039998292922,addu
,599,599x550,16.0,210.0,59.0,54.99900000000002,0.0176128003746271,addu
,676,676x536,16.0,210.0,59.0,54.99900000000002,0.0182272005826234,addu
,778,778x875,16.0,210.0,59.0,54.99900000000002,0.0235520005226135,addu
,754,754x752,16.0,210.0,59.0,54.99900000000002,0.0219135999679565,addu
,710,710x882,16.0,210.0,59.0,54.99900000000002,0.0229376003146171,addu
,948,948x1291,16.0,210.0,59.0,54.99900000000002,0.3583999931812286,addu
,1023,1023x1892,30.4,210.0,59.0,53.398,0.5767168164253235,addu
,645,645x1266,31.0,210.0,59.0,53.398,0.1337343990802764,addu
,625,625x1272,31.0,210.0,59.0,53.398,0.1030143976211547,addu
,823,823x1627,31.0,210.0,59.0,53.398,0.399974399805069,addu
,733,733x1399,31.0,210.0,59.0,53.398,0.2820096015930176,addu
,830,830x1951,31.0,210.0,59.0,53.398,0.4839424073696136,addu
,665,665x1691,31.0,210.0,59.0,53.398,0.3190783977508545,addu
,797,797x1206,41.0,225.0,59.0,53.89899999999998,0.2635775983333587,addu
,1000,1000x1063,41.0,225.0,59.0,53.89899999999998,0.2887679934501648,addu
,841,841x3694,41.0,225.0,59.0,53.89899999999998,0.9275391936302184,addu
,837,837x3613,41.0,225.0,59.0,53.89899999999998,0.901529598236084,addu
,774,774x2416,41.0,225.0,59.0,53.89899999999998,0.5617663860321045,addu
,572,572x3269,41.0,225.0,59.0,53.89899999999998,0.5599231958389282,addu
,636,636x2261,41.0,225.0,59.0,53.89899999999998,0.4241408050060272,addu
,838,838x3952,32.0,330.0,58.0,55.42399999999999,0.9836543917655944,addu
,616,616x3057,32.0,330.0,58.0,55.42399999999999,0.5603327870368957,addu
,685,685x3053,32.0,330.0,58.0,55.42399999999999,0.6217728018760681,addu
,574,574x4024,32.0,330.0,58.0,55.42399999999999,0.686080002784729,addu
,584,584x3280,32.0,330.0,58.0,55.42399999999999,0.5707775950431824,addu
,1726,1726x134,32.0,330.0,58.0,55.42399999999999,0.0133119998499751,addu
,1057,1057x69,35.0,345.0,58.0,56.32799999999998,0.0112640000879764,addu
,1191,1191x40,35.0,345.0,58.0,56.32799999999998,0.0112640000879764,addu
,1042,1042x64,35.0,345.0,58.0,56.32799999999998,0.0114688001573085,addu
,1757,1757x99,35.0,345.0,58.0,56.32799999999998,0.0131071999669075,addu
,2034,2034x108,35.0,345.0,58.0,56.32799999999998,0.0133119998499751,addu
,1421,1421x90,35.0,345.0,58.0,56.32799999999998,0.012288000434637,addu
,1072,1072x130,35.0,345.0,58.0,56.32799999999998,0.012288000434637,addu
,1274,1274x239,35.0,345.0,58.0,56.32799999999998,0.0133119998499751,addu
,1672,1672x3,35.0,345.0,58.0,56.32799999999998,0.0108543999493122,addu
,1536,1536x357,35.0,345.0,58.0,56.32799999999998,0.0163839999586343,addu
,1074,1074x428,14.0,345.0,58.0,54.007,0.0153599996119737,addu
,1509,1509x294,14.0,345.0,58.0,54.007,0.0153599996119737,addu
,1666,1666x290,14.0,345.0,58.0,54.007,0.0153599996119737,addu
,1139,1139x283,14.0,345.0,58.0,54.007,0.0143360001966357,addu
,1811,1811x494,14.0,345.0,58.0,54.007,0.2318335980176925,addu
,1235,1235x263,14.0,345.0,58.0,54.007,0.0141312001273036,addu
,1405,1405x381,14.0,345.0,58.0,54.007,0.0161791998893022,addu
,1323,1323x332,14.0,345.0,58.0,54.007,0.0153599996119737,addu
,1511,1511x284,15.0,345.0,58.0,52.641000000000005,0.0149503998458385,addu
,1999,1999x991,15.0,345.0,58.0,52.641000000000005,0.5888000130653381,addu
,1111,1111x1020,15.0,345.0,58.0,52.641000000000005,0.3131392061710357,addu
,1703,1703x897,15.0,345.0,58.0,52.641000000000005,0.4595712065696716,addu
,1086,1086x630,15.0,345.0,58.0,52.641000000000005,0.0178176004439592,addu
,1430,1430x803,15.0,345.0,58.0,52.641000000000005,0.3170304000377655,addu
,1069,1069x693,15.0,345.0,58.0,52.641000000000005,0.022732800245285,addu
,1649,1649x980,15.0,345.0,58.0,52.641000000000005,0.4798464059829712,addu
,1292,1292x707,32.0,345.0,58.0,53.80700000000001,0.2412544012069702,addu
,1627,1627x665,32.0,345.0,58.0,53.80700000000001,0.2990080058574677,addu
,1988,1988x579,32.0,345.0,58.0,53.80700000000001,0.3203072011470794,addu
,2014,2014x2038,32.0,345.0,58.0,53.80700000000001,1.2216320037841797,addu
,1505,1505x1835,32.0,345.0,58.0,53.80700000000001,0.8232959985733033,addu
,1300,1300x1197,32.0,345.0,58.0,53.80700000000001,0.207872000336647,addu
,1948,1948x1982,41.0,360.0,58.0,55.28199999999999,0.5113856077194214,addu
,1392,1392x1929,41.0,360.0,58.0,55.28199999999999,0.3530752003192902,addu
,1491,1491x1226,41.0,360.0,58.0,55.28199999999999,0.2416640013456344,addu
,1537,1537x1644,41.0,360.0,58.0,55.28199999999999,0.3323903918266296,addu
,1852,1852x1855,41.0,360.0,58.0,55.28199999999999,0.4519936025142669,addu
,1503,1503x1984,41.0,360.0,58.0,55.28199999999999,0.39096320271492,addu
,1923,1923x1946,20.0,540.0,58.0,58.42200000000002,0.4884479999542236,addu
,1720,1720x2972,20.0,540.0,58.0,58.42200000000002,0.6729727983474731,addu
,1339,1339x3401,20.0,540.0,58.0,58.42200000000002,0.5963776111602783,addu
,1247,1247x3395,20.0,540.0,58.0,58.42200000000002,0.5541887879371643,addu
,1079,1079x2813,20.0,540.0,58.0,58.42200000000002,0.3991551995277405,addu
,1956,1956x2284,20.0,540.0,58.0,58.42200000000002,0.5871616125106811,addu
,1289,1289x3762,20.0,540.0,58.0,58.42200000000002,0.6338560104370117,addu
,1997,1997x2699,32.0,540.0,58.0,60.099,0.7086080074310303,addu
,1156,1156x3684,32.0,540.0,58.0,60.099,0.556441605091095,addu
,1959,1959x3469,32.0,540.0,58.0,60.099,0.8951807975769043,addu
,1812,1812x2800,32.0,540.0,58.0,60.099,0.6660096049308777,addu
,2938,2938x253,32.0,540.0,58.0,60.099,0.0141312001273036,addu
,2724,2724x130,32.0,540.0,58.0,60.099,0.0120832003653049,addu
,3684,3684x100,9.0,600.0,58.0,60.38300000000002,0.0116736002266407,addu
,4034,4034x237,9.0,600.0,58.0,60.38300000000002,0.1132544010877609,addu
,2747,2747x10,9.0,600.0,58.0,60.38300000000002,0.0092160003259778,addu
,3168,3168x79,9.0,600.0,58.0,60.38300000000002,0.0112640000879764,addu
,2470,2470x200,9.0,600.0,58.0,60.38300000000002,0.0126976002007722,addu
,3583,3583x123,9.0,600.0,58.0,60.38300000000002,0.012288000434637,addu
,2307,2307x113,9.0,600.0,58.0,60.38300000000002,0.0112640000879764,addu
,2825,2825x107,9.0,600.0,58.0,60.38300000000002,0.0112640000879764,addu
,2760,2760x264,9.0,600.0,58.0,60.38300000000002,0.0241664007306098,addu
,3189,3189x445,9.0,600.0,58.0,60.38300000000002,0.1882112026214599,addu
,3080,3080x305,11.0,600.0,58.0,58.72199999999999,0.1105920001864433,addu
,3421,3421x266,11.0,600.0,58.0,58.72199999999999,0.1048575982451438,addu
,3017,3017x476,11.0,600.0,58.0,58.72199999999999,0.1894400000572204,addu
,2670,2670x449,11.0,600.0,58.0,58.72199999999999,0.1523712009191513,addu
,2211,2211x469,11.0,600.0,58.0,58.72199999999999,0.1253376007080078,addu
,3066,3066x370,11.0,600.0,58.0,58.72199999999999,0.1435648024082184,addu
,2837,2837x283,11.0,600.0,58.0,58.72199999999999,0.0520191989839077,addu
,3794,3794x496,11.0,600.0,58.0,58.72199999999999,0.2482175976037979,addu
,3217,3217x972,20.0,600.0,58.0,56.743,0.4100095927715301,addu
,3977,3977x964,20.0,600.0,58.0,56.743,0.501964807510376,addu
,3278,3278x669,20.0,600.0,58.0,56.743,0.2867200016975403,addu
,4018,4018x586,20.0,600.0,58.0,56.743,0.3096576035022735,addu
,3581,3581x1016,20.0,600.0,58.0,56.743,0.4777984023094177,addu
,3723,3723x552,20.0,600.0,58.0,56.743,0.2707456052303314,addu
,3557,3557x572,20.0,600.0,58.0,56.743,0.2680831968784332,addu
,2654,2654x780,24.0,600.0,58.0,58.15499999999998,0.2723839938640594,addu
,3623,3623x920,24.0,600.0,58.0,58.15499999999998,0.4380672037601471,addu
,3616,3616x828,24.0,600.0,58.0,58.15499999999998,0.3932159960269928,addu
,3310,3310x1038,24.0,600.0,58.0,58.15499999999998,0.450764799118042,addu
,3814,3814x1374,24.0,600.0,58.0,58.15499999999998,0.6832127928733825,addu
,3894,3894x1460,24.0,600.0,58.0,58.15499999999998,0.7464960217475891,addu
,2496,2496x1365,24.0,600.0,58.0,58.15499999999998,0.4462592005729675,addu
,2170,2170x1505,43.0,465.0,58.0,59.09400000000003,0.4288511991500854,addu
,2445,2445x1457,43.0,465.0,58.0,59.09400000000003,0.4669439971446991,addu
,3567,3567x1727,43.0,465.0,58.0,59.09400000000003,0.8138752102851867,addu
,2459,2459x1031,43.0,465.0,58.0,59.09400000000003,0.3332096040248871,addu
,3900,3900x1998,43.0,465.0,58.0,59.09400000000003,1.016217589378357,addu
,3868,3868x1503,43.0,465.0,58.0,59.09400000000003,0.7583744049072265,addu
,3252,3252x2848,33.0,525.0,58.0,60.237000000000016,1.2056576013565063,addu
,3876,3876x2522,33.0,525.0,58.0,60.237000000000016,1.2734464406967163,addu
,2168,2168x2705,33.0,525.0,58.0,60.237000000000016,0.7620607852935791,addu
,4064,4064x2419,33.0,525.0,58.0,60.237000000000016,1.2750847816467286,addu
,2964,2964x3110,33.0,525.0,58.0,60.237000000000016,1.1962368488311768,addu
,3555,3555x2570,52.0,840.0,59.0,62.43100000000002,1.1853823900222775,addu
,3358,3358x3544,52.0,840.0,59.0,62.43100000000002,1.5419391870498658,addu
,3264,3264x2945,52.0,840.0,59.0,62.43100000000002,0.1771519929170608,addu
,2554,2554x3169,52.0,840.0,59.0,62.43100000000002,0.149504005908966,addu
,2911,2911x2970,52.0,840.0,59.0,62.43100000000002,0.1597311943769455,addu
,6861,6861x217,52.0,840.0,59.0,62.43100000000002,0.0313343998044729,addu
,7322,7322x50,11.0,1005.0,60.0,70.28299999999996,0.0061440002173185,addu
,8049,8049x150,11.0,1005.0,60.0,70.28299999999996,0.0235520005226135,addu
,7181,7181x219,11.0,1005.0,60.0,70.28299999999996,0.0327679999172687,addu
,6869,6869x223,11.0,1005.0,60.0,70.28299999999996,0.0317439995706081,addu
,6576,6576x89,11.0,1005.0,60.0,70.28299999999996,0.0071680000983178,addu
,5080,5080x60,11.0,1005.0,60.0,70.28299999999996,0.0061440002173185,addu
,5580,5580x197,11.0,1005.0,60.0,70.28299999999996,0.0204799994826316,addu
,7417,7417x11,11.0,1005.0,60.0,70.28299999999996,0.0051199998706579,addu
,4140,4140x229,11.0,1005.0,60.0,70.28299999999996,0.0174080003052949,addu
,4383,4383x300,11.0,1005.0,60.0,70.28299999999996,0.0276480000466108,addu
,4475,4475x407,5.0,1005.0,62.0,85.11300000000003,0.0376832015812397,addu
,6039,6039x275,5.0,1005.0,62.0,85.11300000000003,0.0346112005412578,addu
,5149,5149x473,5.0,1005.0,62.0,85.11300000000003,0.0484992012381553,addu
,6179,6179x474,5.0,1005.0,62.0,85.11300000000003,0.0573440007865428,addu
,5354,5354x418,5.0,1005.0,62.0,85.11300000000003,0.0448512002825737,addu
,7429,7429x290,5.0,1005.0,62.0,85.11300000000003,0.0436031997203826,addu
,4177,4177x307,5.0,1005.0,62.0,85.11300000000003,0.0266239996999502,addu
,4879,4879x435,5.0,1005.0,62.0,85.11300000000003,0.0430079996585845,addu
,6924,6924x463,5.0,1005.0,62.0,85.11300000000003,0.0618495985865592,addu
,6287,6287x567,9.0,1005.0,64.0,96.12600000000002,0.0691968008875846,addu
,6446,6446x795,9.0,1005.0,64.0,96.12600000000002,0.0970624029636383,addu
,4748,4748x591,9.0,1005.0,64.0,96.12600000000002,0.055129600316286,addu
,7570,7570x652,9.0,1005.0,64.0,96.12600000000002,0.0939456015825271,addu
,6923,6923x763,9.0,1005.0,64.0,96.12600000000002,0.1000895991921424,addu
,6991,6991x565,9.0,1005.0,64.0,96.12600000000002,0.0755648031830787,addu
,5062,5062x810,9.0,1005.0,64.0,96.12600000000002,0.0788479968905448,addu
,6594,6594x549,9.0,1005.0,64.0,96.12600000000002,0.0704320013523101,addu
,6996,6996x622,9.0,1005.0,64.0,96.12600000000002,0.0831231981515884,addu
,8127,8127x715,12.0,1005.0,65.0,97.28000000000002,0.1091455996036529,addu
,5949,5949x1988,12.0,1005.0,65.0,97.28000000000002,0.2177024036645889,addu
,7689,7689x1924,12.0,1005.0,65.0,97.28000000000002,0.2715584099292755,addu
,5649,5649x1608,12.0,1005.0,65.0,97.28000000000002,0.1693696022033691,addu
,8023,8023x1569,12.0,1005.0,65.0,97.28000000000002,0.2322239995002746,addu
,5173,5173x1249,12.0,1005.0,65.0,97.28000000000002,0.1232767969369888,addu
,4523,4523x1725,12.0,1005.0,65.0,97.28000000000002,0.1464319974184036,addu
,7610,7610x1532,12.0,1005.0,65.0,97.28000000000002,0.2152447998523712,addu
,5722,5722x1995,27.0,450.0,65.0,98.602,0.2119680047035217,addu
,4411,4411x1585,27.0,450.0,65.0,98.602,0.132095992565155,addu
,7433,7433x1652,27.0,450.0,65.0,98.602,0.2273280024528503,addu
,6589,6589x2499,27.0,450.0,65.0,98.602,0.3012607991695404,addu
,5585,5585x2216,27.0,450.0,65.0,98.602,0.2291519999504089,addu
,7626,7626x2806,27.0,450.0,65.0,98.602,0.3891200125217438,addu
,5164,5164x3405,27.0,450.0,65.0,98.602,0.3217280030250549,addu
,4968,4968x2583,27.0,450.0,65.0,98.602,0.2357247978448867,addu
,6566,6566x3991,26.0,420.0,66.0,99.404,0.4747264087200165,addu
,7095,7095x3885,26.0,420.0,66.0,99.404,0.499097603559494,addu
,5153,5153x3235,26.0,420.0,66.0,99.404,0.3051519989967346,addu
,7243,7243x3647,26.0,420.0,66.0,99.404,0.4792320132255554,addu
,7827,7827x3109,26.0,420.0,66.0,99.404,0.4419583976268768,addu
,12095,12095x150,26.0,420.0,66.0,99.404,0.0399359986186027,addu
,10096,10096x1,31.0,405.0,67.0,100.91699999999996,0.0071680000983178,addu
,13511,13511x30,31.0,405.0,67.0,100.91699999999996,0.0102399997413158,addu
,14451,14451x132,31.0,405.0,67.0,100.91699999999996,0.0411519989371299,addu
,15501,15501x119,31.0,405.0,67.0,100.91699999999996,0.0403455987572669,addu
,11224,11224x91,31.0,405.0,67.0,100.91699999999996,0.0212991997599601,addu
,14651,14651x97,31.0,405.0,67.0,100.91699999999996,0.0327679999172687,addu
,10442,10442x7,31.0,405.0,67.0,100.91699999999996,0.0081919999793171,addu
,12261,12261x43,31.0,405.0,67.0,100.91699999999996,0.0128896001726388,addu
,10474,10474x246,31.0,405.0,67.0,100.91699999999996,0.054271999746561,addu
,12575,12575x320,31.0,405.0,67.0,100.91699999999996,0.0798719972372055,addu
,11868,11868x269,15.0,345.0,66.0,98.58199999999994,0.0655359998345375,addu
,10034,10034x508,15.0,345.0,66.0,98.58199999999994,0.0989183992147445,addu
,10132,10132x441,15.0,345.0,66.0,98.58199999999994,0.0886784002184867,addu
,10654,10654x411,15.0,345.0,66.0,98.58199999999994,0.0860159993171691,addu
,8228,8228x333,15.0,345.0,66.0,98.58199999999994,0.0573440007865428,addu
,15196,15196x399,15.0,345.0,66.0,98.58199999999994,0.116736002266407,addu
,16290,16290x474,15.0,345.0,66.0,98.58199999999994,0.1464319974184036,addu
,16263,16263x374,15.0,345.0,66.0,98.58199999999994,0.1175360023975372,addu
,11523,11523x265,15.0,345.0,66.0,98.58199999999994,0.0630719989538192,addu
,13021,13021x984,16.0,300.0,66.0,96.12399999999998,0.2377664059400558,addu
,10537,10537x899,16.0,300.0,66.0,96.12399999999998,0.178176000714302,addu
,8687,8687x663,16.0,300.0,66.0,96.12399999999998,0.1114112004637718,addu
,11181,11181x994,16.0,300.0,66.0,96.12399999999998,0.2078720033168792,addu
,10015,10015x672,16.0,300.0,66.0,96.12399999999998,0.1290239989757537,addu
,12420,12420x826,16.0,300.0,66.0,96.12399999999998,0.1923072040081024,addu
,14753,14753x570,16.0,300.0,66.0,96.12399999999998,0.1585152000188827,addu
,14426,14426x681,16.0,300.0,66.0,96.12399999999998,0.1843072026968002,addu
,14135,14135x856,22.0,285.0,67.0,97.242,0.2248703986406326,addu
,13257,13257x705,22.0,285.0,67.0,97.242,0.1761151999235153,addu
,8980,8980x1669,22.0,285.0,67.0,97.242,0.2772863984107971,addu
,14593,14593x1753,22.0,285.0,67.0,97.242,0.4644863903522491,addu
,16007,16007x1101,22.0,285.0,67.0,97.242,0.3233791947364807,addu
,10500,10500x1354,22.0,285.0,67.0,97.242,0.262963205575943,addu
,14543,14543x1514,22.0,285.0,67.0,97.242,0.4012031912803649,addu
,9621,9621x2046,43.0,270.0,67.0,99.177,0.3612672090530395,addu
,14145,14145x1748,43.0,270.0,67.0,99.177,0.4491263926029205,addu
,10494,10494x1278,43.0,270.0,67.0,99.177,0.2492415994405746,addu
,14201,14201x1667,43.0,270.0,67.0,99.177,0.4315072059631347,addu
,8323,8323x1341,43.0,270.0,67.0,99.177,0.2091008007526397,addu
,15766,15766x2431,43.0,270.0,67.0,99.177,0.6911936163902282,addu
,14696,14696x3823,49.0,270.0,67.0,101.76099999999998,1.009459233283997,addu
,15995,15995x2517,49.0,270.0,67.0,101.76099999999998,0.7251967787742615,addu
,8706,8706x3606,49.0,270.0,67.0,101.76099999999998,0.5679103970527649,addu
,15122,15122x3154,49.0,270.0,67.0,101.76099999999998,0.8579071879386901,addu
,13080,13080x3898,49.0,270.0,67.0,101.76099999999998,0.915660798549652,addu
,13057,13057x2722,38.0,495.0,68.0,104.23999999999997,0.6416319966316223,addu
,14568,14568x2089,38.0,495.0,68.0,104.23999999999997,0.549888014793396,addu
,10609,10609x4094,38.0,495.0,68.0,104.23999999999997,0.7817215919494629,addu
,9789,9789x2198,38.0,495.0,68.0,104.23999999999997,0.391372799873352,addu
,127,127x168,38.0,495.0,68.0,104.23999999999997,0.0071552000939846,mulu
,18,18x218,38.0,495.0,68.0,104.23999999999997,0.0061440002173185,mulu
,209,209x112,7.0,570.0,68.0,105.76000000000003,0.0067520000971853,mulu
,83,83x236,7.0,570.0,68.0,105.76000000000003,0.0061440002173185,mulu
,1,1x37,7.0,570.0,68.0,105.76000000000003,0.0061440002173185,mulu
,172,172x29,7.0,570.0,68.0,105.76000000000003,0.0061440002173185,mulu
,188,188x90,7.0,570.0,68.0,105.76000000000003,0.0061440002173185,mulu
,116,116x165,7.0,570.0,68.0,105.76000000000003,0.0061440002173185,mulu
,232,232x249,7.0,570.0,68.0,105.76000000000003,0.0071680000983178,mulu
,235,235x45,7.0,570.0,68.0,105.76000000000003,0.0061440002173185,mulu
,58,58x332,7.0,570.0,68.0,105.76000000000003,0.0061440002173185,mulu
,178,178x472,7.0,570.0,68.0,105.76000000000003,0.0071680000983178,mulu
,211,211x432,7.0,570.0,67.0,100.06199999999995,0.0071680000983178,mulu
,134,134x373,7.0,570.0,67.0,100.06199999999995,0.0071680000983178,mulu
,86,86x339,7.0,570.0,67.0,100.06199999999995,0.0069632001221179,mulu
,163,163x321,7.0,570.0,67.0,100.06199999999995,0.0069440000690519,mulu
,76,76x447,7.0,570.0,67.0,100.06199999999995,0.0069183999672532,mulu
,235,235x420,7.0,570.0,67.0,100.06199999999995,0.0071680000983178,mulu
,174,174x314,7.0,570.0,67.0,100.06199999999995,0.0071680000983178,mulu
,229,229x439,7.0,570.0,67.0,100.06199999999995,0.0071680000983178,mulu
,43,43x969,7.0,570.0,67.0,100.06199999999995,0.0071680000983178,mulu
,76,76x950,7.0,570.0,67.0,100.06199999999995,0.0071680000983178,mulu
,229,229x602,8.0,570.0,67.0,94.90900000000003,0.0071680000983178,mulu
,72,72x601,8.0,570.0,67.0,94.90900000000003,0.0071680000983178,mulu
,4,4x932,8.0,570.0,67.0,94.90900000000003,0.0061440002173185,mulu
,149,149x1015,8.0,570.0,67.0,94.90900000000003,0.0071680000983178,mulu
,79,79x781,8.0,570.0,67.0,94.90900000000003,0.0071680000983178,mulu
,15,15x635,8.0,570.0,67.0,94.90900000000003,0.0063360001891851,mulu
,62,62x895,8.0,570.0,67.0,94.90900000000003,0.0071680000983178,mulu
,183,183x680,8.0,570.0,67.0,94.90900000000003,0.0071680000983178,mulu
,40,40x1421,8.0,570.0,67.0,94.90900000000003,0.0071680000983178,mulu
,50,50x1745,8.0,570.0,67.0,94.90900000000003,0.0102399997413158,mulu
,84,84x1234,7.0,240.0,67.0,94.82099999999996,0.0112640000879764,mulu
,60,60x1293,7.0,240.0,67.0,94.82099999999996,0.0110143998637795,mulu
,89,89x1648,7.0,240.0,67.0,94.82099999999996,0.0112640000879764,mulu
,108,108x1291,7.0,240.0,67.0,94.82099999999996,0.0112640000879764,mulu
,101,101x1245,7.0,240.0,67.0,94.82099999999996,0.0112640000879764,mulu
,6,6x1222,7.0,240.0,67.0,94.82099999999996,0.0092160003259778,mulu
,143,143x1737,7.0,240.0,67.0,94.82099999999996,0.0130943998694419,mulu
,99,99x1602,7.0,240.0,67.0,94.82099999999996,0.0118592001497745,mulu
,55,55x2789,7.0,240.0,67.0,94.82099999999996,0.0112640000879764,mulu
,64,64x3957,7.0,240.0,67.0,94.82099999999996,0.0126912001520395,mulu
,253,253x2522,11.0,240.0,67.0,94.482,0.0184320006519556,mulu
,220,220x2822,11.0,240.0,67.0,94.482,0.0184320006519556,mulu
,225,225x2397,11.0,240.0,67.0,94.482,0.0174080003052949,mulu
,102,102x3436,11.0,240.0,67.0,94.482,0.0143360001966357,mulu
,205,205x3507,11.0,240.0,67.0,94.482,0.0204799994826316,mulu
,129,129x4053,11.0,240.0,67.0,94.482,0.0174080003052949,mulu
,14,14x2782,11.0,240.0,67.0,94.482,0.0100096000358462,mulu
,104,104x3251,11.0,240.0,67.0,94.482,0.0143168002367019,mulu
,453,453x231,11.0,240.0,67.0,94.482,0.0112640000879764,mulu
,341,341x252,11.0,240.0,67.0,94.482,0.0108543999493122,mulu
,500,500x81,12.0,240.0,67.0,94.03299999999996,0.0102399997413158,mulu
,288,288x15,12.0,240.0,67.0,94.03299999999996,0.0092160003259778,mulu
,476,476x177,12.0,240.0,67.0,94.03299999999996,0.0112640000879764,mulu
,300,300x34,12.0,240.0,67.0,94.03299999999996,0.0092160003259778,mulu
,473,473x216,12.0,240.0,67.0,94.03299999999996,0.0112640000879764,mulu
,307,307x251,12.0,240.0,67.0,94.03299999999996,0.0110592000186443,mulu
,480,480x104,12.0,240.0,67.0,94.03299999999996,0.0102399997413158,mulu
,372,372x48,12.0,240.0,67.0,94.03299999999996,0.0092160003259778,mulu
,296,296x411,12.0,240.0,67.0,94.03299999999996,0.0112640000879764,mulu
,349,349x266,12.0,240.0,67.0,94.03299999999996,0.0110400000587105,mulu
,443,443x493,11.0,240.0,67.0,93.721,0.012288000434637,mulu
,361,361x468,11.0,240.0,67.0,93.721,0.0133119998499751,mulu
,333,333x355,11.0,240.0,67.0,93.721,0.012288000434637,mulu
,360,360x338,11.0,240.0,67.0,93.721,0.0124928003177046,mulu
,267,267x285,11.0,240.0,67.0,93.721,0.012288000434637,mulu
,328,328x377,11.0,240.0,67.0,93.721,0.0131071999669075,mulu
,417,417x425,11.0,240.0,67.0,93.721,0.0133119998499751,mulu
,397,397x482,11.0,240.0,67.0,93.721,0.0133119998499751,mulu
,500,500x765,11.0,240.0,67.0,93.721,0.0163839999586343,mulu
,284,284x758,14.0,210.0,64.0,81.01600000000003,0.0139264000579714,mulu
,261,261x915,14.0,210.0,64.0,81.01600000000003,0.0143360001966357,mulu
,419,419x929,14.0,210.0,64.0,81.01600000000003,0.0163839999586343,mulu
,308,308x677,14.0,210.0,64.0,81.01600000000003,0.0141312001273036,mulu
,351,351x967,14.0,210.0,64.0,81.01600000000003,0.0153599996119737,mulu
,337,337x768,14.0,210.0,64.0,81.01600000000003,0.0143360001966357,mulu
,424,424x801,14.0,210.0,64.0,81.01600000000003,0.0153599996119737,mulu
,267,267x536,14.0,210.0,64.0,81.01600000000003,0.012288000434637,mulu
,476,476x779,14.0,210.0,64.0,81.01600000000003,0.0161791998893022,mulu
,510,510x1267,13.0,210.0,62.0,62.137999999999984,0.0204799994826316,mulu
,477,477x1448,13.0,210.0,62.0,62.137999999999984,0.0215039998292922,mulu
,405,405x1561,13.0,210.0,62.0,62.137999999999984,0.0204799994826316,mulu
,325,325x1687,13.0,210.0,62.0,62.137999999999984,0.0192511994391679,mulu
,283,283x1706,13.0,210.0,62.0,62.137999999999984,0.0176128003746271,mulu
,459,459x1784,13.0,210.0,62.0,62.137999999999984,0.0694272011518478,mulu
,324,324x1208,13.0,210.0,62.0,62.137999999999984,0.0163839999586343,mulu
,512,512x1600,13.0,210.0,62.0,62.137999999999984,0.0692224010825157,mulu
,418,418x2031,13.0,210.0,62.0,62.137999999999984,0.0800767973065376,mulu
,275,275x1988,19.0,210.0,61.0,57.98900000000001,0.019455999135971,mulu
,439,439x4036,19.0,210.0,61.0,57.98900000000001,0.2328575998544693,mulu
,402,402x2788,19.0,210.0,61.0,57.98900000000001,0.1413120031356811,mulu
,512,512x2435,19.0,210.0,61.0,57.98900000000001,0.1644544005393982,mulu
,335,335x2167,19.0,210.0,61.0,57.98900000000001,0.0225280001759529,mulu
,488,488x3379,19.0,210.0,61.0,57.98900000000001,0.2203647941350937,mulu
,304,304x3682,19.0,210.0,61.0,57.98900000000001,0.3155967950820922,mulu
,455,455x3697,19.0,210.0,61.0,57.98900000000001,0.5031936168670654,mulu
,440,440x2442,38.0,210.0,60.0,57.91000000000001,0.2998271942138671,mulu
,303,303x3779,38.0,210.0,60.0,57.91000000000001,0.3227648019790649,mulu
,371,371x2684,38.0,210.0,60.0,57.91000000000001,0.2772992014884948,mulu
,665,665x66,38.0,210.0,60.0,57.91000000000001,0.0133119998499751,mulu
,948,948x212,38.0,210.0,60.0,57.91000000000001,0.0153599996119737,mulu
,986,986x92,38.0,210.0,60.0,57.91000000000001,0.0143360001966357,mulu
,973,973x136,38.0,210.0,60.0,57.91000000000001,0.0149503998458385,mulu
,531,531x3,38.0,210.0,60.0,57.91000000000001,0.0131071999669075,mulu
,823,823x185,38.0,210.0,60.0,57.91000000000001,0.0153599996119737,mulu
,529,529x97,19.0,210.0,59.0,56.10899999999999,0.0133119998499751,mulu
,821,821x238,19.0,210.0,59.0,56.10899999999999,0.015769599750638,mulu
,1009,1009x242,19.0,210.0,59.0,56.10899999999999,0.0163839999586343,mulu
,521,521x53,19.0,210.0,59.0,56.10899999999999,0.0133119998499751,mulu
,1012,1012x375,19.0,210.0,59.0,56.10899999999999,0.0184320006519556,mulu
,632,632x510,19.0,210.0,59.0,56.10899999999999,0.0174080003052949,mulu
,865,865x481,19.0,210.0,59.0,56.10899999999999,0.0192511994391679,mulu
,881,881x498,19.0,210.0,59.0,56.10899999999999,0.019455999135971,mulu
,673,673x508,19.0,210.0,59.0,56.10899999999999,0.0174080003052949,mulu
,880,880x390,17.0,210.0,59.0,53.065000000000026,0.0178176004439592,mulu
,745,745x318,17.0,210.0,59.0,53.065000000000026,0.0163839999586343,mulu
,619,619x282,17.0,210.0,59.0,53.065000000000026,0.0153599996119737,mulu
,633,633x362,17.0,210.0,59.0,53.065000000000026,0.0163839999586343,mulu
,855,855x327,17.0,210.0,59.0,53.065000000000026,0.0163839999586343,mulu
,806,806x688,17.0,210.0,59.0,53.065000000000026,0.0215039998292922,mulu
,746,746x654,17.0,210.0,59.0,53.065000000000026,0.0202751994132995,mulu
,523,523x584,17.0,210.0,59.0,53.065000000000026,0.0174080003052949,mulu
,550,550x667,17.0,210.0,59.0,53.065000000000026,0.0184320006519556,mulu
,799,799x663,25.0,210.0,58.0,51.765000000000015,0.0215039998292922,mulu
,599,599x550,25.0,210.0,58.0,51.765000000000015,0.0174080003052949,mulu
,676,676x536,25.0,210.0,58.0,51.765000000000015,0.0182272005826234,mulu
,778,778x875,25.0,210.0,58.0,51.765000000000015,0.0235520005226135,mulu
,754,754x752,25.0,210.0,58.0,51.765000000000015,0.0215039998292922,mulu
,710,710x882,25.0,210.0,58.0,51.765000000000015,0.0225280001759529,mulu
,948,948x1291,25.0,210.0,58.0,51.765000000000015,0.3577855944633484,mulu
,1023,1023x1892,25.0,210.0,58.0,51.765000000000015,0.577945601940155,mulu
,645,645x1266,25.0,210.0,58.0,51.765000000000015,0.131071999669075,mulu
,625,625x1272,37.0,210.0,58.0,51.97600000000002,0.1038335978984832,mulu
,823,823x1627,37.0,210.0,58.0,51.97600000000002,0.399155193567276,mulu
,733,733x1399,37.0,210.0,58.0,51.97600000000002,0.2621440052986145,mulu
,830,830x1951,37.0,210.0,58.0,51.97600000000002,0.4798464000225067,mulu
,665,665x1691,37.0,210.0,58.0,51.97600000000002,0.3198975980281829,mulu
,797,797x1206,37.0,210.0,58.0,51.97600000000002,0.2627583920955658,mulu
,1000,1000x1063,33.0,225.0,58.0,53.27700000000002,0.2885631918907165,mulu
,841,841x3694,33.0,225.0,58.0,53.27700000000002,0.9275391936302184,mulu
,837,837x3613,33.0,225.0,58.0,53.27700000000002,0.9033728003501892,mulu
,774,774x2416,33.0,225.0,58.0,53.27700000000002,0.55971839427948,mulu
,572,572x3269,33.0,225.0,58.0,53.27700000000002,0.558080005645752,mulu
,636,636x2261,33.0,225.0,58.0,53.27700000000002,0.4284416019916534,mulu
,838,838x3952,52.0,285.0,58.0,55.25299999999999,0.9826303958892822,mulu
,616,616x3057,52.0,285.0,58.0,55.25299999999999,0.558899188041687,mulu
,685,685x3053,52.0,285.0,58.0,55.25299999999999,0.6248448014259338,mulu
,574,574x4024,52.0,285.0,58.0,55.25299999999999,0.687718391418457,mulu
,584,584x3280,52.0,285.0,58.0,55.25299999999999,0.5687295913696289,mulu
,1726,1726x134,52.0,285.0,58.0,55.25299999999999,0.0126976002007722,mulu
,1057,1057x69,52.0,285.0,58.0,55.25299999999999,0.0112640000879764,mulu
,1191,1191x40,34.0,405.0,58.0,56.43800000000002,0.0108543999493122,mulu
,1042,1042x64,34.0,405.0,58.0,56.43800000000002,0.0112640000879764,mulu
,1757,1757x99,34.0,405.0,58.0,56.43800000000002,0.012288000434637,mulu
,2034,2034x108,34.0,405.0,58.0,56.43800000000002,0.012288000434637,mulu
,1421,1421x90,34.0,405.0,58.0,56.43800000000002,0.0112640000879764,mulu
,1072,1072x130,34.0,405.0,58.0,56.43800000000002,0.0120832003653049,mulu
,1274,1274x239,34.0,405.0,58.0,56.43800000000002,0.0124928003177046,mulu
,1672,1672x3,34.0,405.0,58.0,56.43800000000002,0.0102399997413158,mulu
,1536,1536x357,34.0,405.0,58.0,56.43800000000002,0.0153599996119737,mulu
,1074,1074x428,14.0,405.0,57.0,54.15599999999997,0.0143360001966357,mulu
,1509,1509x294,14.0,405.0,57.0,54.15599999999997,0.0143360001966357,mulu
,1666,1666x290,14.0,405.0,57.0,54.15599999999997,0.0143360001966357,mulu
,1139,1139x283,14.0,405.0,57.0,54.15599999999997,0.0133119998499751,mulu
,1811,1811x494,14.0,405.0,57.0,54.15599999999997,0.232447999715805,mulu
,1235,1235x263,14.0,405.0,57.0,54.15599999999997,0.0133119998499751,mulu
,1405,1405x381,14.0,405.0,57.0,54.15599999999997,0.0151551997289061,mulu
,1323,1323x332,14.0,405.0,57.0,54.15599999999997,0.0141312001273036,mulu
,1511,1511x284,14.0,405.0,57.0,54.15599999999997,0.0141312001273036,mulu
,1999,1999x991,16.0,405.0,57.0,51.365,0.5861376047134399,mulu
,1111,1111x1020,16.0,405.0,57.0,51.365,0.3112959921360015,mulu
,1703,1703x897,16.0,405.0,57.0,51.365,0.4571135997772216,mulu
,1086,1086x630,16.0,405.0,57.0,51.365,0.0163839999586343,mulu
,1430,1430x803,16.0,405.0,57.0,51.365,0.3198975980281829,mulu
,1069,1069x693,16.0,405.0,57.0,51.365,0.021094399690628,mulu
,1649,1649x980,16.0,405.0,57.0,51.365,0.4820992052555084,mulu
,1292,1292x707,16.0,405.0,57.0,51.365,0.2416640043258667,mulu
,1627,1627x665,33.0,405.0,57.0,52.577,0.2994175970554352,mulu
,1988,1988x579,33.0,405.0,57.0,52.577,0.3196928024291992,mulu
,2014,2014x2038,33.0,405.0,57.0,52.577,1.2204031944274902,mulu
,1505,1505x1835,33.0,405.0,57.0,52.577,0.3631103992462158,mulu
,1300,1300x1197,33.0,405.0,57.0,52.577,0.2070528000593185,mulu
,1948,1948x1982,33.0,405.0,57.0,52.577,0.5097472071647644,mulu
,1392,1392x1929,31.0,525.0,57.0,55.84300000000001,0.3536895990371704,mulu
,1491,1491x1226,31.0,525.0,57.0,55.84300000000001,0.2428927987813949,mulu
,1537,1537x1644,31.0,525.0,57.0,55.84300000000001,0.3330048024654388,mulu
,1852,1852x1855,31.0,525.0,57.0,55.84300000000001,0.4564992010593414,mulu
,1503,1503x1984,31.0,525.0,57.0,55.84300000000001,0.3911679983139038,mulu
,1923,1923x1946,31.0,525.0,57.0,55.84300000000001,0.4876288056373596,mulu
,1720,1720x2972,33.24,525.0,57.24,56.49371999999997,0.6748160004615784,mulu
,1339,1339x3401,39.0,525.0,58.0,58.16699999999999,0.5957632064819336,mulu
,1247,1247x3395,39.0,525.0,58.0,58.16699999999999,0.5545983910560608,mulu
,1079,1079x2813,39.0,525.0,58.0,58.16699999999999,0.3995648026466369,mulu
,1956,1956x2284,39.0,525.0,58.0,58.16699999999999,0.5883903980255127,mulu
,1289,1289x3762,39.0,525.0,58.0,58.16699999999999,0.6408191919326782,mulu
,1997,1997x2699,39.0,525.0,58.0,58.16699999999999,0.7045120000839233,mulu
,1156,1156x3684,44.0,525.0,58.0,59.75800000000002,0.5578752160072327,mulu
,1959,1959x3469,44.0,525.0,58.0,59.75800000000002,0.8857600092887878,mulu
,1812,1812x2800,44.0,525.0,58.0,59.75800000000002,0.6631423950195312,mulu
,2938,2938x253,44.0,525.0,58.0,59.75800000000002,0.0153599996119737,mulu
,2724,2724x130,44.0,525.0,58.0,59.75800000000002,0.012288000434637,mulu
,3684,3684x100,44.0,525.0,58.0,59.75800000000002,0.012288000434637,mulu
,4034,4034x237,44.0,525.0,58.0,59.75800000000002,0.1136640012264251,mulu
,2747,2747x10,10.0,525.0,58.0,59.72600000000002,0.0102399997413158,mulu
,3168,3168x79,10.0,525.0,58.0,59.72600000000002,0.0120832003653049,mulu
,2470,2470x200,10.0,525.0,58.0,59.72600000000002,0.0133119998499751,mulu
,3583,3583x123,10.0,525.0,58.0,59.72600000000002,0.0133119998499751,mulu
,2307,2307x113,10.0,525.0,58.0,59.72600000000002,0.0120832003653049,mulu
,2825,2825x107,10.0,525.0,58.0,59.72600000000002,0.012288000434637,mulu
,2760,2760x264,10.0,525.0,58.0,59.72600000000002,0.0235520005226135,mulu
,3189,3189x445,10.0,525.0,58.0,59.72600000000002,0.1890303999185562,mulu
,3080,3080x305,10.0,525.0,58.0,59.72600000000002,0.110182400047779,mulu
,3421,3421x266,18.8,420.0,57.36,57.35200000000002,0.2406400024890899,mulu
,3017,3017x476,20.0,420.0,57.0,57.35200000000002,0.4317183971405029,mulu
,2670,2670x449,20.0,420.0,57.0,57.35200000000002,0.3385343968868256,mulu
,2211,2211x469,20.0,420.0,57.0,57.35200000000002,0.284057605266571,mulu
,3066,3066x370,20.0,420.0,57.0,57.35200000000002,0.3198975920677185,mulu
,2837,2837x283,20.0,420.0,57.0,57.35200000000002,0.1083391994237899,mulu
,3794,3794x496,20.0,420.0,57.0,57.35200000000002,0.5576704144477844,mulu
,3217,3217x972,25.28,405.6,57.0,56.25711999999998,0.9277439832687376,mulu
,3977,3977x964,31.0,390.0,57.0,55.071,1.1431936264038085,mulu
,3278,3278x669,31.0,390.0,57.0,55.071,0.6451200008392334,mulu
,4018,4018x586,31.0,390.0,57.0,55.071,0.3096576035022735,mulu
,3581,3581x1016,31.0,390.0,57.0,55.071,0.4777984023094177,mulu
,3723,3723x552,31.0,390.0,57.0,55.071,0.2727935969829559,mulu
,3557,3557x572,31.0,390.0,57.0,55.071,0.2695167958736419,mulu
,2654,2654x780,33.0,435.0,57.0,56.29400000000001,0.2732031941413879,mulu
,3623,3623x920,33.0,435.0,57.0,56.29400000000001,0.4382720053195953,mulu
,3616,3616x828,33.0,435.0,57.0,56.29400000000001,0.394240003824234,mulu
,3310,3310x1038,33.0,435.0,57.0,56.29400000000001,0.4521983981132507,mulu
,3814,3814x1374,33.0,435.0,57.0,56.29400000000001,0.6848512053489685,mulu
,3894,3894x1460,33.0,435.0,57.0,56.29400000000001,0.7442432045936584,mulu
,2496,2496x1365,38.0,435.0,58.0,58.202,0.4472832083702087,mulu
,2170,2170x1505,38.0,435.0,58.0,58.202,0.4278272032737732,mulu
,2445,2445x1457,38.0,435.0,58.0,58.202,0.4675583958625793,mulu
,3567,3567x1727,38.0,435.0,58.0,58.202,0.8116224050521851,mulu
,2459,2459x1031,38.0,435.0,58.0,58.202,0.3334144055843353,mulu
,3900,3900x1998,38.0,435.0,58.0,58.202,1.0131455898284911,mulu
,3868,3868x1503,46.0,495.0,57.0,59.56099999999999,0.7596032023429871,mulu
,3252,3252x2848,46.0,495.0,57.0,59.56099999999999,1.2085248231887815,mulu
,3876,3876x2522,46.0,495.0,57.0,59.56099999999999,1.2722176313400269,mulu
,2168,2168x2705,46.0,495.0,57.0,59.56099999999999,0.7651327848434448,mulu
,4064,4064x2419,46.0,495.0,57.0,59.56099999999999,1.2752896070480346,mulu
,2964,2964x3110,50.0,795.0,58.0,61.75299999999999,1.1954176425933838,mulu
,3555,3555x2570,50.0,795.0,58.0,61.75299999999999,1.1837439775466918,mulu
,3358,3358x3544,50.0,795.0,58.0,61.75299999999999,0.2170688033103943,mulu
,3264,3264x2945,50.0,795.0,58.0,61.75299999999999,0.1765375971794128,mulu
,2554,2554x3169,50.0,795.0,58.0,61.75299999999999,0.1497024059295654,mulu
,2911,2911x2970,50.0,795.0,58.0,61.75299999999999,0.1595519959926605,mulu
,6861,6861x217,15.0,1005.0,60.0,70.26800000000001,0.031539199501276,mulu
,7322,7322x50,15.0,1005.0,60.0,70.26800000000001,0.0061440002173185,mulu
,8049,8049x150,15.0,1005.0,60.0,70.26800000000001,0.023539200425148,mulu
,7181,7181x219,15.0,1005.0,60.0,70.26800000000001,0.0327679999172687,mulu
,6869,6869x223,15.0,1005.0,60.0,70.26800000000001,0.0323583997786045,mulu
,6576,6576x89,15.0,1005.0,60.0,70.26800000000001,0.0071680000983178,mulu
,5080,5080x60,15.0,1005.0,60.0,70.26800000000001,0.0061440002173185,mulu
,5580,5580x197,15.0,1005.0,60.0,70.26800000000001,0.0204799994826316,mulu
,7417,7417x11,15.0,1005.0,60.0,70.26800000000001,0.0051199998706579,mulu
,4140,4140x229,15.0,1005.0,60.0,70.26800000000001,0.0174080003052949,mulu
,4383,4383x300,7.0,1005.0,62.0,85.17399999999999,0.0278400000184774,mulu
,4475,4475x407,7.0,1005.0,62.0,85.17399999999999,0.0376512013375759,mulu
,6039,6039x275,7.0,1005.0,62.0,85.17399999999999,0.0346112005412578,mulu
,5149,5149x473,7.0,1005.0,62.0,85.17399999999999,0.0481408007442951,mulu
,6179,6179x474,7.0,1005.0,62.0,85.17399999999999,0.0573440007865428,mulu
,5354,5354x418,7.0,1005.0,62.0,85.17399999999999,0.0450560003519058,mulu
,7429,7429x290,7.0,1005.0,62.0,85.17399999999999,0.043827199935913,mulu
,4177,4177x307,7.0,1005.0,62.0,85.17399999999999,0.0266239996999502,mulu
,4879,4879x435,7.0,1005.0,62.0,85.17399999999999,0.0427967995405197,mulu
,6924,6924x463,8.0,1005.0,64.0,96.16100000000004,0.0624639987945556,mulu
,6287,6287x567,8.0,1005.0,64.0,96.16100000000004,0.0686080008745193,mulu
,6446,6446x795,8.0,1005.0,64.0,96.16100000000004,0.0964608028531074,mulu
,4748,4748x591,8.0,1005.0,64.0,96.16100000000004,0.0550719998776912,mulu
,7570,7570x652,8.0,1005.0,64.0,96.16100000000004,0.0931840017437934,mulu
,6923,6923x763,8.0,1005.0,64.0,96.16100000000004,0.0993279963731765,mulu
,6991,6991x565,8.0,1005.0,64.0,96.16100000000004,0.0757760033011436,mulu
,5062,5062x810,8.0,1005.0,64.0,96.16100000000004,0.0786431968212127,mulu
,6594,6594x549,12.0,1005.0,65.0,97.061,0.0702144011855125,mulu
,6996,6996x622,12.0,1005.0,65.0,97.061,0.0855871990323066,mulu
,8127,8127x715,12.0,1005.0,65.0,97.061,0.1110016003251075,mulu
,5949,5949x1988,12.0,1005.0,65.0,97.061,0.2191296011209487,mulu
,7689,7689x1924,12.0,1005.0,65.0,97.061,0.2711552083492279,mulu
,5649,5649x1608,12.0,1005.0,65.0,97.061,0.1693696022033691,mulu
,8023,8023x1569,12.0,1005.0,65.0,97.061,0.2324479967355728,mulu
,5173,5173x1249,12.0,1005.0,65.0,97.061,0.1226751968264579,mulu
,4523,4523x1725,26.0,405.0,65.0,98.148,0.1470464020967483,mulu
,7610,7610x1532,26.0,405.0,65.0,98.148,0.2156544029712677,mulu
,5722,5722x1995,26.0,405.0,65.0,98.148,0.210944002866745,mulu
,4411,4411x1585,26.0,405.0,65.0,98.148,0.1322879940271377,mulu
,7433,7433x1652,26.0,405.0,65.0,98.148,0.226918402314186,mulu
,6589,6589x2499,26.0,405.0,65.0,98.148,0.3008511960506439,mulu
,5585,5585x2216,26.0,405.0,65.0,98.148,0.2293760031461715,mulu
,7626,7626x2806,25.0,375.0,66.0,98.58199999999994,0.3899391949176788,mulu
,5164,5164x3405,25.0,375.0,66.0,98.58199999999994,0.3211264014244079,mulu
,4968,4968x2583,25.0,375.0,66.0,98.58199999999994,0.23715840280056,mulu
,6566,6566x3991,25.0,375.0,66.0,98.58199999999994,0.4751360118389129,mulu
,7095,7095x3885,25.0,375.0,66.0,98.58199999999994,0.4997055947780609,mulu
,5153,5153x3235,25.0,375.0,66.0,98.58199999999994,0.3053503990173339,mulu
,7243,7243x3647,25.0,375.0,66.0,98.58199999999994,0.4790272116661072,mulu
,7827,7827x3109,36.0,375.0,66.0,99.97499999999997,0.4421631991863251,mulu
,12095,12095x150,36.0,375.0,66.0,99.97499999999997,0.0399359986186027,mulu
,10096,10096x1,36.0,375.0,66.0,99.97499999999997,0.0079743999056518,mulu
,13511,13511x30,36.0,375.0,66.0,99.97499999999997,0.0112640000879764,mulu
,14451,14451x132,36.0,375.0,66.0,99.97499999999997,0.0419839993119239,mulu
,15501,15501x119,36.0,375.0,66.0,99.97499999999997,0.0409599989652633,mulu
,11224,11224x91,36.0,375.0,66.0,99.97499999999997,0.0217087998986244,mulu
,14651,14651x97,36.0,375.0,66.0,99.97499999999997,0.0327679999172687,mulu
,10442,10442x7,36.0,375.0,66.0,99.97499999999997,0.0092160003259778,mulu
,12261,12261x43,15.0,330.0,66.0,99.59,0.0137215999886393,mulu
,10474,10474x246,15.0,330.0,66.0,99.59,0.0540671996772289,mulu
,12575,12575x320,15.0,330.0,66.0,99.59,0.0798719972372055,mulu
,11868,11868x269,15.0,330.0,66.0,99.59,0.0655359998345375,mulu
,10034,10034x508,15.0,330.0,66.0,99.59,0.0993279963731765,mulu
,10132,10132x441,15.0,330.0,66.0,99.59,0.0888832002878189,mulu
,10654,10654x411,15.0,330.0,66.0,99.59,0.0864255994558334,mulu
,8228,8228x333,15.0,330.0,66.0,99.59,0.0573440007865428,mulu
,15196,15196x399,15.0,330.0,66.0,99.59,0.1163264021277427,mulu
,16290,16290x474,17.0,285.0,66.0,96.59,0.1468416005373001,mulu
,16263,16263x374,17.0,285.0,66.0,96.59,0.1171456024050712,mulu
,11523,11523x265,17.0,285.0,66.0,96.59,0.063078399002552,mulu
,13021,13021x984,17.0,285.0,66.0,96.59,0.2373632043600082,mulu
,10537,10537x899,17.0,285.0,66.0,96.59,0.178176000714302,mulu
,8687,8687x663,17.0,285.0,66.0,96.59,0.1116160005331039,mulu
,11181,11181x994,17.0,285.0,66.0,96.59,0.2078720033168792,mulu
,10015,10015x672,17.0,285.0,66.0,96.59,0.1290176004171371,mulu
,12420,12420x826,23.0,270.0,66.0,96.18699999999995,0.1923072040081024,mulu
,14753,14753x570,23.0,270.0,66.0,96.18699999999995,0.159539195895195,mulu
,14426,14426x681,23.0,270.0,66.0,96.18699999999995,0.1843200027942657,mulu
,14135,14135x856,23.0,270.0,66.0,96.18699999999995,0.2252800017595291,mulu
,13257,13257x705,23.0,270.0,66.0,96.18699999999995,0.1761280000209808,mulu
,8980,8980x1669,23.0,270.0,66.0,96.18699999999995,0.2772863984107971,mulu
,14593,14593x1753,23.0,270.0,66.0,96.18699999999995,0.4648959934711456,mulu
,16007,16007x1101,43.0,240.0,67.0,98.03400000000003,0.3246079981327057,mulu
,10500,10500x1354,43.0,240.0,67.0,98.03400000000003,0.2635775923728943,mulu
,14543,14543x1514,43.0,240.0,67.0,98.03400000000003,0.4014079988002777,mulu
,9621,9621x2046,43.0,240.0,67.0,98.03400000000003,0.360857605934143,mulu
,14145,14145x1748,43.0,240.0,67.0,98.03400000000003,0.4501504004001617,mulu
,10494,10494x1278,43.0,240.0,67.0,98.03400000000003,0.2488320022821426,mulu
,14201,14201x1667,27.04,266.4,67.0,99.82304,0.4313088059425354,mulu
,8323,8323x1341,24.0,270.0,67.0,100.067,0.2088959962129593,mulu
,15766,15766x2431,24.0,270.0,67.0,100.067,0.6905856132507324,mulu
,14696,14696x3823,24.0,270.0,67.0,100.067,1.0100736141204834,mulu
,15995,15995x2517,24.0,270.0,67.0,100.067,0.7262207865715027,mulu
,8706,8706x3606,24.0,270.0,67.0,100.067,0.5675008177757264,mulu
,15122,15122x3154,49.0,405.0,68.0,103.38000000000004,0.8583167910575866,mulu
,13080,13080x3898,49.0,405.0,68.0,103.38000000000004,0.9156479954719544,mulu
,13057,13057x2722,49.0,405.0,68.0,103.38000000000004,0.6420480012893677,mulu
,14568,14568x2089,49.0,405.0,68.0,103.38000000000004,0.5498816132545471,mulu
,10609,10609x4094,49.0,421.8,68.0,103.38000000000004,0.7815167903900146,mulu
,9789,9789x2198,40.0,510.0,68.0,104.82999999999996,0.391372799873352,mulu
,127,127x168,40.0,510.0,68.0,104.82999999999996,0.0092160003259778,powu
,18,18x218,40.0,510.0,68.0,104.82999999999996,0.0092160003259778,powu
,209,209x112,40.0,510.0,68.0,104.82999999999996,0.0092160003259778,powu
,83,83x236,40.0,510.0,68.0,104.82999999999996,0.0092160003259778,powu
,1,1x37,40.0,510.0,68.0,104.82999999999996,0.0071680000983178,powu
,172,172x29,40.0,510.0,68.0,104.82999999999996,0.0092160003259778,powu
,188,188x90,40.0,510.0,68.0,104.82999999999996,0.0092160003259778,powu
,116,116x165,40.0,510.0,68.0,104.82999999999996,0.0092160003259778,powu
,232,232x249,8.0,570.0,68.0,102.91,0.0102271998301148,powu
,235,235x45,8.0,570.0,68.0,102.91,0.0092160003259778,powu
,58,58x332,8.0,570.0,68.0,102.91,0.0092160003259778,powu
,178,178x472,8.0,570.0,68.0,102.91,0.0102335998788475,powu
,211,211x432,8.0,570.0,68.0,102.91,0.0102399997413158,powu
,134,134x373,8.0,570.0,68.0,102.91,0.0092160003259778,powu
,86,86x339,8.0,570.0,68.0,102.91,0.0092160003259778,powu
,163,163x321,8.0,570.0,68.0,102.91,0.009625600092113,powu
,76,76x447,8.0,570.0,68.0,102.91,0.0092160003259778,powu
,235,235x420,8.88,570.0,67.72,96.96399999999996,0.0102399997413158,powu
,174,174x314,9.0,570.0,67.0,96.96399999999996,0.0092160003259778,powu
,229,229x439,9.0,570.0,67.0,96.96399999999996,0.0102399997413158,powu
,43,43x969,9.0,570.0,67.0,96.96399999999996,0.0092160003259778,powu
,76,76x950,9.0,570.0,67.0,96.96399999999996,0.0098240001127123,powu
,229,229x602,9.0,570.0,67.0,96.96399999999996,0.0108543999493122,powu
,72,72x601,9.0,570.0,67.0,96.96399999999996,0.0092160003259778,powu
,4,4x932,9.0,570.0,67.0,96.96399999999996,0.0092160003259778,powu
,149,149x1015,9.0,570.0,67.0,96.96399999999996,0.0112640000879764,powu
,79,79x781,9.0,570.0,67.0,96.96399999999996,0.0092160003259778,powu
,15,15x635,11.0,570.0,67.0,95.009,0.0092160003259778,powu
,62,62x895,11.0,570.0,67.0,95.009,0.0092160003259778,powu
,183,183x680,11.0,570.0,67.0,95.009,0.0102399997413158,powu
,40,40x1421,11.0,570.0,67.0,95.009,0.0092160003259778,powu
,50,50x1745,11.0,570.0,67.0,95.009,0.0102399997413158,powu
,84,84x1234,11.0,570.0,67.0,95.009,0.0102399997413158,powu
,60,60x1293,11.0,570.0,67.0,95.009,0.0100351998582482,powu
,89,89x1648,11.0,570.0,67.0,95.009,0.0196543991565704,powu
,108,108x1291,11.0,570.0,67.0,95.009,0.019455999135971,powu
,101,101x1245,11.0,570.0,67.0,95.009,0.0184320006519556,powu
,6,6x1222,12.0,240.0,67.0,94.936,0.0153599996119737,powu
,143,143x1737,12.0,240.0,67.0,94.936,0.0241664007306098,powu
,99,99x1602,12.0,240.0,67.0,94.936,0.0202687993645668,powu
,55,55x2789,12.0,240.0,67.0,94.936,0.019455999135971,powu
,64,64x3957,12.0,240.0,67.0,94.936,0.0251776002347469,powu
,253,253x2522,12.0,240.0,67.0,94.936,0.0399359986186027,powu
,220,220x2822,12.0,240.0,67.0,94.936,0.0397183991968631,powu
,225,225x2397,12.0,240.0,67.0,94.936,0.0362496010959148,powu
,102,102x3436,12.0,240.0,67.0,94.936,0.0286720003932714,powu
,205,205x3507,12.0,240.0,67.0,94.936,0.0431999996304512,powu
,129,129x4053,20.0,240.0,67.0,94.471,0.0358400009572505,powu
,14,14x2782,20.0,240.0,67.0,94.471,0.0163839999586343,powu
,104,104x3251,20.0,240.0,67.0,94.471,0.0282624002546072,powu
,453,453x231,20.0,240.0,67.0,94.471,0.0184320006519556,powu
,341,341x252,20.0,240.0,67.0,94.471,0.0181888002902269,powu
,500,500x81,20.0,240.0,67.0,94.471,0.0161727998405694,powu
,288,288x15,20.0,240.0,67.0,94.471,0.0153599996119737,powu
,476,476x177,20.0,240.0,67.0,94.471,0.0174080003052949,powu
,300,300x34,20.0,240.0,67.0,94.471,0.0163839999586343,powu
,473,473x216,12.0,240.0,67.0,93.87899999999996,0.0184320006519556,powu
,307,307x251,12.0,240.0,67.0,93.87899999999996,0.0174080003052949,powu
,480,480x104,12.0,240.0,67.0,93.87899999999996,0.0163839999586343,powu
,372,372x48,12.0,240.0,67.0,93.87899999999996,0.0163839999586343,powu
,296,296x411,12.0,240.0,67.0,93.87899999999996,0.0184320006519556,powu
,349,349x266,12.0,240.0,67.0,93.87899999999996,0.0174080003052949,powu
,443,443x493,12.0,240.0,67.0,93.87899999999996,0.026419199630618,powu
,361,361x468,12.0,240.0,67.0,93.87899999999996,0.0235520005226135,powu
,333,333x355,12.0,240.0,67.0,93.87899999999996,0.0204799994826316,powu
,360,360x338,12.0,240.0,67.0,93.87899999999996,0.0204799994826316,powu
,267,267x285,12.0,240.0,67.0,93.87899999999996,0.019455999135971,powu
,328,328x377,13.0,210.0,64.0,87.68699999999995,0.0204799994826316,powu
,417,417x425,13.0,210.0,64.0,87.68699999999995,0.0239616006612777,powu
,397,397x482,13.0,210.0,64.0,87.68699999999995,0.0245760008692741,powu
,500,500x765,13.0,210.0,64.0,87.68699999999995,0.0337920002639293,powu
,284,284x758,13.0,210.0,64.0,87.68699999999995,0.0262143995612859,powu
,261,261x915,13.0,210.0,64.0,87.68699999999995,0.0266239996999502,powu
,419,419x929,13.0,210.0,64.0,87.68699999999995,0.0337920002639293,powu
,308,308x677,13.0,210.0,64.0,87.68699999999995,0.0245760008692741,powu
,351,351x967,12.0,210.0,63.0,71.36400000000002,0.0307199992239475,powu
,337,337x768,12.0,210.0,63.0,71.36400000000002,0.0276480000466108,powu
,424,424x801,12.0,210.0,63.0,71.36400000000002,0.0309247992932796,powu
,267,267x536,12.0,210.0,63.0,71.36400000000002,0.0215039998292922,powu
,476,476x779,12.0,210.0,63.0,71.36400000000002,0.0317439995706081,powu
,510,510x1267,12.0,210.0,63.0,71.36400000000002,0.0440320000052452,powu
,477,477x1448,12.0,210.0,63.0,71.36400000000002,0.0460800006985664,powu
,405,405x1561,12.0,210.0,63.0,71.36400000000002,0.043827199935913,powu
,325,325x1687,12.0,210.0,63.0,71.36400000000002,0.0399359986186027,powu
,283,283x1706,12.0,210.0,63.0,71.36400000000002,0.0368640013039112,powu
,459,459x1784,15.0,210.0,62.0,58.18200000000001,0.071475201845169,powu
,324,324x1208,15.0,210.0,62.0,58.18200000000001,0.0331776000559329,powu
,512,512x1600,15.0,210.0,62.0,58.18200000000001,0.0716800019145011,powu
,418,418x2031,15.0,210.0,62.0,58.18200000000001,0.0800767987966537,powu
,275,275x1988,15.0,210.0,62.0,58.18200000000001,0.0399359986186027,powu
,439,439x4036,15.0,210.0,62.0,58.18200000000001,0.2412544041872024,powu
,402,402x2788,15.0,210.0,62.0,58.18200000000001,0.1492992013692856,powu
,512,512x2435,15.0,210.0,62.0,58.18200000000001,0.1705984055995941,powu
,335,335x2167,25.0,210.0,61.0,58.33300000000001,0.0481280013918876,powu
,488,488x3379,25.0,210.0,61.0,58.33300000000001,0.4966400027275085,powu
,304,304x3682,25.0,210.0,61.0,58.33300000000001,0.3194879949092865,powu
,455,455x3697,25.0,210.0,61.0,58.33300000000001,0.505241596698761,powu
,440,440x2442,25.0,210.0,61.0,58.33300000000001,0.3018752098083496,powu
,303,303x3779,25.0,210.0,61.0,58.33300000000001,0.3287039995193481,powu
,371,371x2684,25.0,210.0,61.0,58.33300000000001,0.2785280048847198,powu
,665,665x66,26.0,240.0,60.0,57.365,0.019455999135971,powu
,948,948x212,26.0,240.0,60.0,57.365,0.0245760008692741,powu
,986,986x92,26.0,240.0,60.0,57.365,0.0204799994826316,powu
,973,973x136,26.0,240.0,60.0,57.365,0.0225280001759529,powu
,531,531x3,26.0,240.0,60.0,57.365,0.0184320006519556,powu
,823,823x185,26.0,240.0,60.0,57.365,0.0225280001759529,powu
,529,529x97,26.0,240.0,60.0,57.365,0.019455999135971,powu
,821,821x238,26.0,240.0,60.0,57.365,0.0245760008692741,powu
,1009,1009x242,26.0,240.0,60.0,57.365,0.0270335998386144,powu
,521,521x53,26.0,240.0,60.0,57.365,0.019455999135971,powu
,1012,1012x375,17.0,240.0,59.0,54.951000000000015,0.0327679999172687,powu
,632,632x510,17.0,240.0,59.0,54.951000000000015,0.0307199992239475,powu
,865,865x481,17.0,240.0,59.0,54.951000000000015,0.0337920002639293,powu
,881,881x498,17.0,240.0,59.0,54.951000000000015,0.0356352008879184,powu
,673,673x508,17.0,240.0,59.0,54.951000000000015,0.0317439995706081,powu
,880,880x390,17.0,240.0,59.0,54.951000000000015,0.0319487996399402,powu
,745,745x318,17.0,240.0,59.0,54.951000000000015,0.0266239996999502,powu
,619,619x282,17.0,240.0,59.0,54.951000000000015,0.0245760008692741,powu
,633,633x362,17.68,240.0,59.0,53.38836000000001,0.0270335998386144,powu
,855,855x327,18.0,240.0,59.0,52.65300000000001,0.0286720003932714,powu
,806,806x688,18.0,240.0,59.0,52.65300000000001,0.0405503988265991,powu
,746,746x654,18.0,240.0,59.0,52.65300000000001,0.0368640013039112,powu
,523,523x584,18.0,240.0,59.0,52.65300000000001,0.0307199992239475,powu
,550,550x667,18.0,240.0,59.0,52.65300000000001,0.0325631998479366,powu
,799,799x663,18.0,240.0,59.0,52.65300000000001,0.0389119982719421,powu
,599,599x550,18.0,240.0,59.0,52.65300000000001,0.0307199992239475,powu
,676,676x536,18.0,240.0,59.0,52.65300000000001,0.0321535997092723,powu
,778,778x875,18.0,240.0,59.0,52.65300000000001,0.0448512002825737,powu
,754,754x752,28.0,240.0,58.0,52.215,0.0409599989652633,powu
,710,710x882,28.0,240.0,58.0,52.215,0.0460800006985664,powu
,948,948x1291,28.0,240.0,58.0,52.215,0.3637248039245605,powu
,1023,1023x1892,28.0,240.0,58.0,52.215,0.5763072013854981,powu
,645,645x1266,28.0,240.0,58.0,52.215,0.1290239989757537,powu
,625,625x1272,28.0,240.0,58.0,52.215,0.0989183992147445,powu
,823,823x1627,28.0,286.8,58.0,52.9638,0.4012031972408295,powu
,733,733x1399,28.0,330.0,58.0,53.65499999999998,0.2840575993061066,powu
,830,830x1951,28.0,330.0,58.0,53.65499999999998,0.4841472029685974,powu
,665,665x1691,28.0,330.0,58.0,53.65499999999998,0.3231743991374969,powu
,797,797x1206,28.0,330.0,58.0,53.65499999999998,0.2637823939323425,powu
,1000,1000x1063,28.0,330.0,58.0,53.65499999999998,0.2908159971237182,powu
,841,841x3694,28.0,330.0,58.0,53.65499999999998,0.927948784828186,powu
,837,837x3613,64.96,330.0,58.0,55.39296,0.9009152054786682,powu
,774,774x2416,72.0,330.0,58.0,55.724,0.2492415964603424,powu
,572,572x3269,72.0,330.0,58.0,55.724,0.2510848045349121,powu
,636,636x2261,72.0,330.0,58.0,55.724,0.1921023994684219,powu
,838,838x3952,72.0,330.0,58.0,55.724,0.424755197763443,powu
,616,616x3057,72.0,330.0,58.0,55.724,0.2514943987131118,powu
,685,685x3053,72.0,330.0,58.0,55.724,0.2781184017658233,powu
,574,574x4024,42.32,422.4,58.0,56.43575999999997,0.3074048042297363,powu
,584,584x3280,19.0,495.0,58.0,56.99499999999996,0.2553856074810028,powu
,1726,1726x134,19.0,495.0,58.0,56.99499999999996,0.0169984001666307,powu
,1057,1057x69,19.0,495.0,58.0,56.99499999999996,0.0133119998499751,powu
,1191,1191x40,19.0,495.0,58.0,56.99499999999996,0.0133119998499751,powu
,1042,1042x64,19.0,495.0,58.0,56.99499999999996,0.0133119998499751,powu
,1757,1757x99,19.0,495.0,58.0,56.99499999999996,0.0153599996119737,powu
,2034,2034x108,19.0,495.0,58.0,56.99499999999996,0.0163839999586343,powu
,1421,1421x90,19.0,495.0,58.0,56.99499999999996,0.0151551997289061,powu
,1072,1072x130,19.0,495.0,58.0,56.99499999999996,0.0151551997289061,powu
,1274,1274x239,19.0,495.0,58.0,57.38572000000001,0.0184320006519556,powu
,1672,1672x3,10.0,495.0,58.0,57.88300000000002,0.0133119998499751,powu
,1536,1536x357,10.0,495.0,58.0,57.88300000000002,0.0235520005226135,powu
,1074,1074x428,10.0,495.0,58.0,57.88300000000002,0.0215039998292922,powu
,1509,1509x294,10.0,495.0,58.0,57.88300000000002,0.0215039998292922,powu
,1666,1666x290,10.0,495.0,58.0,57.88300000000002,0.0225280001759529,powu
,1139,1139x283,10.0,495.0,58.0,57.88300000000002,0.019455999135971,powu
,1811,1811x494,10.0,495.0,58.0,57.88300000000002,0.0997375980019569,powu
,1235,1235x263,10.0,495.0,58.0,57.88300000000002,0.019455999135971,powu
,1405,1405x381,11.0,495.0,57.0,56.243,0.0231424003839492,powu
,1323,1323x332,11.0,495.0,57.0,56.243,0.0215039998292922,powu
,1511,1511x284,11.0,495.0,57.0,56.243,0.0212991997599601,powu
,1999,1999x991,11.0,495.0,57.0,56.243,0.263372790813446,powu
,1111,1111x1020,11.0,495.0,57.0,56.243,0.1443839967250824,powu
,1703,1703x897,11.0,495.0,57.0,56.243,0.2056192010641098,powu
,1086,1086x630,11.0,495.0,57.0,56.243,0.0362496010959148,powu
,1430,1430x803,11.0,495.0,57.0,56.243,0.3229695975780487,powu
,1069,1069x693,23.96,343.8,57.72,56.13500000000001,0.038502399623394,powu
,1649,1649x980,29.0,315.0,58.0,56.09300000000001,0.4820992052555084,powu
,1292,1292x707,29.0,315.0,58.0,56.09300000000001,0.2400256037712097,powu
,1627,1627x665,29.0,315.0,58.0,56.09300000000001,0.3033088028430938,powu
,1988,1988x579,29.0,315.0,58.0,56.09300000000001,0.3258368015289307,powu
,2014,2014x2038,29.0,315.0,58.0,56.09300000000001,1.2206079959869385,powu
,1505,1505x1835,29.0,315.0,58.0,56.09300000000001,0.8257535934448242,powu
,1300,1300x1197,55.0,420.0,58.0,55.994,0.4665343999862671,powu
,1948,1948x1982,55.0,420.0,58.0,55.994,1.149951982498169,powu
,1392,1392x1929,55.0,420.0,58.0,55.994,0.3553279936313629,powu
,1491,1491x1226,55.0,420.0,58.0,55.994,0.2451455950736999,powu
,1537,1537x1644,55.0,420.0,58.0,55.994,0.3352575957775116,powu
,1852,1852x1855,55.0,420.0,58.0,55.994,0.4548608005046844,powu
,1503,1503x1984,34.0,465.0,58.0,57.25199999999997,0.3934208035469055,powu
,1923,1923x1946,34.0,465.0,58.0,57.25199999999997,0.4919295907020569,powu
,1720,1720x2972,34.0,465.0,58.0,57.25199999999997,0.6709247827529907,powu
,1339,1339x3401,34.0,465.0,58.0,57.25199999999997,0.5992447972297669,powu
,1247,1247x3395,34.0,465.0,58.0,57.25199999999997,0.5572608113288879,powu
,1079,1079x2813,34.0,465.0,58.0,57.25199999999997,0.4024320006370544,powu
,1956,1956x2284,34.0,465.0,58.0,57.25199999999997,0.5963775992393494,powu
,1289,1289x3762,37.0,465.0,58.0,59.08200000000004,0.6463487982749939,powu
,1997,1997x2699,37.0,465.0,58.0,59.08200000000004,0.7071744203567505,powu
,1156,1156x3684,37.0,465.0,58.0,59.08200000000004,0.55971839427948,powu
,1959,1959x3469,37.0,465.0,58.0,59.08200000000004,0.8894464015960694,powu
,1812,1812x2800,37.0,465.0,58.0,59.08200000000004,0.6639616012573242,powu
,2938,2938x253,37.0,465.0,58.0,59.08200000000004,0.0282624002546072,powu
,2724,2724x130,35.0,465.0,58.0,60.36400000000001,0.0204799994826316,powu
,3684,3684x100,35.0,465.0,58.0,60.36400000000001,0.0204799994826316,powu
,4034,4034x237,35.0,465.0,58.0,60.36400000000001,0.1146880015730857,powu
,2747,2747x10,35.0,465.0,58.0,60.36400000000001,0.0133119998499751,powu
,3168,3168x79,35.0,465.0,58.0,60.36400000000001,0.0174080003052949,powu
,2470,2470x200,35.0,465.0,58.0,60.36400000000001,0.0225280001759529,powu
,3583,3583x123,35.0,465.0,58.0,60.36400000000001,0.0225280001759529,powu
,2307,2307x113,35.0,465.0,58.0,60.36400000000001,0.0184320006519556,powu
,2825,2825x107,35.0,465.0,58.0,60.36400000000001,0.019455999135971,powu
,2760,2760x264,35.0,465.0,58.0,60.36400000000001,0.043827199935913,powu
,3189,3189x445,11.0,375.0,58.0,58.44399999999998,0.4235264003276825,powu
,3080,3080x305,11.0,375.0,58.0,58.44399999999998,0.2541567981243133,powu
,3421,3421x266,11.0,375.0,58.0,58.44399999999998,0.2367488026618957,powu
,3017,3017x476,11.0,375.0,58.0,58.44399999999998,0.4352000057697296,powu
,2670,2670x449,11.0,375.0,58.0,58.44399999999998,0.3452928066253662,powu
,2211,2211x469,11.0,375.0,58.0,58.44399999999998,0.2871295928955078,powu
,3066,3066x370,11.0,375.0,58.0,58.44399999999998,0.3235839962959289,powu
,2837,2837x283,25.0,360.0,57.0,55.59,0.1054719984531402,powu
,3794,3794x496,25.0,360.0,57.0,55.59,0.5574655890464782,powu
,3217,3217x972,25.0,360.0,57.0,55.59,0.9291775941848754,powu
,3977,3977x964,25.0,360.0,57.0,55.59,1.14933762550354,powu
,3278,3278x669,25.0,360.0,57.0,55.59,0.6498304009437561,powu
,4018,4018x586,55.0,540.0,58.0,55.89499999999999,0.3096576035022735,powu
,3581,3581x1016,55.0,540.0,58.0,55.89499999999999,0.4782080054283142,powu
,3723,3723x552,55.0,540.0,58.0,55.89499999999999,0.2729983925819397,powu
,3557,3557x572,55.0,540.0,58.0,55.89499999999999,0.2705408036708832,powu
,2654,2654x780,55.0,540.0,58.0,55.89499999999999,0.2744320034980774,powu
,3623,3623x920,55.0,540.0,58.0,55.89499999999999,0.4395007967948913,powu
,3616,3616x828,55.0,540.0,58.0,55.89499999999999,0.3952639997005462,powu
,3310,3310x1038,24.0,540.0,58.0,58.04500000000001,0.4554751992225647,powu
,3814,3814x1374,24.0,540.0,58.0,58.04500000000001,0.6897664070129395,powu
,3894,3894x1460,24.0,540.0,58.0,58.04500000000001,0.7499776005744934,powu
,2496,2496x1365,24.0,540.0,58.0,58.04500000000001,0.44789759516716,powu
,2170,2170x1505,24.0,540.0,58.0,58.04500000000001,0.4306944012641907,powu
,2445,2445x1457,24.0,540.0,58.0,58.04500000000001,0.4700160026550293,powu
,3567,3567x1727,42.0,570.0,58.0,59.87599999999998,0.815718412399292,powu
,2459,2459x1031,42.0,570.0,58.0,59.87599999999998,0.3352575898170471,powu
,3900,3900x1998,42.0,570.0,58.0,59.87599999999998,1.0156031847000122,powu
,3868,3868x1503,42.0,570.0,58.0,59.87599999999998,0.7600128054618835,powu
,3252,3252x2848,42.0,570.0,58.0,59.87599999999998,1.2066816091537476,powu
,3876,3876x2522,71.0,735.0,58.0,62.170000000000016,0.1824767976999282,powu
,2168,2168x2705,71.0,735.0,58.0,62.170000000000016,0.1116160005331039,powu
,4064,4064x2419,71.0,735.0,58.0,62.170000000000016,0.1828671991825103,powu
,2964,2964x3110,71.0,735.0,58.0,62.170000000000016,0.1718272000551223,powu
,3555,3555x2570,71.0,735.0,58.0,62.170000000000016,0.1699839979410171,powu
,3358,3358x3544,71.0,735.0,58.0,62.170000000000016,0.2199487954378128,powu
,3264,3264x2945,71.0,735.0,58.0,62.170000000000016,0.1789887964725494,powu
,2554,2554x3169,26.0,1005.0,61.0,76.721,0.1521664023399353,powu
,2911,2911x2970,26.0,1005.0,61.0,76.721,0.1617919951677322,powu
,6861,6861x217,26.0,1005.0,61.0,76.721,0.0335872001945972,powu
,7322,7322x50,26.0,1005.0,61.0,76.721,0.0102399997413158,powu
,8049,8049x150,26.0,1005.0,61.0,76.721,0.0255999993532896,powu
,7181,7181x219,26.0,1005.0,61.0,76.721,0.0348160006105899,powu
,6869,6869x223,26.0,1005.0,61.0,76.721,0.0339904002845287,powu
,6576,6576x89,26.0,1005.0,61.0,76.721,0.012288000434637,powu
,5080,5080x60,26.0,1005.0,61.0,76.721,0.010220799781382,powu
,5580,5580x197,26.0,1005.0,61.0,76.721,0.0225280001759529,powu
,7417,7417x11,6.0,1005.0,63.0,92.693,0.0071680000983178,powu
,4140,4140x229,6.0,1005.0,63.0,92.693,0.0192383997142314,powu
,4383,4383x300,6.0,1005.0,63.0,92.693,0.0294848006218671,powu
,4475,4475x407,6.0,1005.0,63.0,92.693,0.0397311985492706,powu
,6039,6039x275,6.0,1005.0,63.0,92.693,0.036659201234579,powu
,5149,5149x473,6.0,1005.0,63.0,92.693,0.0501951985061168,powu
,6179,6179x474,6.0,1005.0,63.0,92.693,0.059187201410532,powu
,5354,5354x418,6.0,1005.0,63.0,92.693,0.0464896008372306,powu
,7429,7429x290,6.0,1005.0,63.0,92.693,0.0456704005599021,powu
,4177,4177x307,8.0,1005.0,64.0,97.87300000000003,0.0286720003932714,powu
,4879,4879x435,8.0,1005.0,64.0,97.87300000000003,0.0444416001439094,powu
,6924,6924x463,8.0,1005.0,64.0,97.87300000000003,0.0645119994878768,powu
,6287,6287x567,8.0,1005.0,64.0,97.87300000000003,0.0704640015959739,powu
,6446,6446x795,8.0,1005.0,64.0,97.87300000000003,0.0984960034489631,powu
,4748,4748x591,8.0,1005.0,64.0,97.87300000000003,0.0573440007865428,powu
,7570,7570x652,8.0,1005.0,64.0,97.87300000000003,0.0950272023677825,powu
,6923,6923x763,8.0,1005.0,64.0,97.87300000000003,0.113459201157093,powu
,6991,6991x565,8.0,1005.0,64.0,97.87300000000003,0.0870399996638298,powu
,5062,5062x810,13.0,495.0,65.0,97.45499999999996,0.0901120007038116,powu
,6594,6594x549,13.0,495.0,65.0,97.45499999999996,0.0858047991991043,powu
,6996,6996x622,13.0,495.0,65.0,97.45499999999996,0.1011711969971656,powu
,8127,8127x715,13.0,495.0,65.0,97.45499999999996,0.131071999669075,powu
,5949,5949x1988,13.0,495.0,65.0,97.45499999999996,0.2713600099086761,powu
,7689,7689x1924,13.0,495.0,65.0,97.45499999999996,0.336896002292633,powu
,5649,5649x1608,13.0,495.0,65.0,97.45499999999996,0.2109439969062805,powu
,8023,8023x1569,13.0,495.0,65.0,97.45499999999996,0.2879423856735229,powu
,5173,5173x1249,27.0,435.0,66.0,98.74299999999997,0.1536000072956085,powu
,4523,4523x1725,27.0,435.0,66.0,98.74299999999997,0.1832959949970245,powu
,7610,7610x1532,27.0,435.0,66.0,98.74299999999997,0.2768895924091339,powu
,5722,5722x1995,27.0,435.0,66.0,98.74299999999997,0.2713600099086761,powu
,4411,4411x1585,27.0,435.0,66.0,98.74299999999997,0.1710080057382583,powu
,7433,7433x1652,27.0,435.0,66.0,98.74299999999997,0.2938879907131195,powu
,6589,6589x2499,27.0,435.0,66.0,98.74299999999997,0.4014079868793487,powu
,5585,5585x2216,34.68,405.0,66.4,100.45200000000004,0.3041279911994934,powu
,7626,7626x2806,39.0,405.0,67.0,100.45200000000004,0.536575973033905,powu
,5164,5164x3405,39.0,405.0,67.0,100.45200000000004,0.4433920085430145,powu
,4968,4968x2583,39.0,405.0,67.0,100.45200000000004,0.3266560137271881,powu
,6566,6566x3991,39.0,405.0,67.0,100.45200000000004,0.6553599834442139,powu
,7095,7095x3885,39.0,405.0,67.0,100.45200000000004,0.6881279945373535,powu
,5153,5153x3235,39.0,405.0,67.0,100.45200000000004,0.3911679983139038,powu
,7243,7243x3647,40.0,420.0,67.0,104.299,0.6133760213851929,powu
,7827,7827x3109,40.0,420.0,67.0,104.299,0.5652480125427246,powu
,12095,12095x150,40.0,420.0,67.0,104.299,0.0530431993305683,powu
,10096,10096x1,40.0,420.0,67.0,104.299,0.0102399997413158,powu
,13511,13511x30,40.0,420.0,67.0,104.299,0.019455999135971,powu
,14451,14451x132,40.0,420.0,67.0,104.299,0.0552960000932216,powu
,15501,15501x119,40.0,420.0,67.0,104.299,0.0532479993999004,powu
,11224,11224x91,11.0,420.0,67.0,104.51900000000003,0.0348160006105899,powu
,14651,14651x97,11.0,420.0,67.0,104.51900000000003,0.0440320000052452,powu
,10442,10442x7,11.0,420.0,67.0,104.51900000000003,0.01187200024724,powu
,12261,12261x43,11.0,420.0,67.0,104.51900000000003,0.0225280001759529,powu
,10474,10474x246,11.0,420.0,67.0,104.51900000000003,0.0700416013598442,powu
,12575,12575x320,11.0,420.0,67.0,104.51900000000003,0.103423997759819,powu
,11868,11868x269,11.0,420.0,67.0,104.51900000000003,0.0843583986163139,powu
,10034,10034x508,11.0,420.0,67.0,104.51900000000003,0.1277952045202255,powu
,10132,10132x441,11.0,420.0,67.0,104.51900000000003,0.1136640012264251,powu
,10654,10654x411,13.16,420.0,67.0,101.28976,0.1113856002688407,powu
,8228,8228x333,20.0,420.0,67.0,100.27,0.0737280026078224,powu
,15196,15196x399,20.0,420.0,67.0,100.27,0.149504005908966,powu
,16290,16290x474,20.0,420.0,67.0,100.27,0.187391996383667,powu
,16263,16263x374,20.0,420.0,67.0,100.27,0.1503040015697479,powu
,11523,11523x265,20.0,420.0,67.0,100.27,0.0808959975838661,powu
,13021,13021x984,20.0,420.0,67.0,100.27,0.3031040132045746,powu
,10537,10537x899,20.0,420.0,67.0,100.27,0.2273280024528503,powu
,8687,8687x663,20.0,420.0,67.0,100.27,0.1431552022695541,powu
,11181,11181x994,19.0,420.0,68.0,97.83500000000002,0.2647935926914215,powu
,10015,10015x672,19.0,420.0,68.0,97.83500000000002,0.1648640036582946,powu
,12420,12420x826,19.0,420.0,68.0,97.83500000000002,0.2453503966331482,powu
,14753,14753x570,19.0,420.0,68.0,97.83500000000002,0.2029503941535949,powu
,14426,14426x681,19.0,420.0,68.0,97.83500000000002,0.3266560137271881,powu
,14135,14135x856,19.0,420.0,68.0,97.83500000000002,0.3993600010871887,powu
,13257,13257x705,19.0,420.0,68.0,97.83500000000002,0.3112959861755371,powu
,8980,8980x1669,36.0,300.0,68.0,100.38000000000004,0.4913151919841766,powu
,14593,14593x1753,36.0,300.0,68.0,100.38000000000004,0.8292351961135864,powu
,16007,16007x1101,36.0,300.0,68.0,100.38000000000004,0.5754879713058472,powu
,10500,10500x1354,36.0,300.0,68.0,100.38000000000004,0.466944009065628,powu
,14543,14543x1514,36.0,300.0,68.0,100.38000000000004,0.651468813419342,powu
,9621,9621x2046,36.0,300.0,68.0,100.38000000000004,0.582860815525055,powu
,14145,14145x1748,41.0,330.0,68.0,103.628,0.7290880084037781,powu
,10494,10494x1278,41.0,330.0,68.0,103.628,0.3686400055885315,powu
,14201,14201x1667,41.0,330.0,68.0,103.628,0.6410239934921265,powu
,8323,8323x1341,41.0,330.0,68.0,103.628,0.3086271941661834,powu
,15766,15766x2431,41.0,330.0,68.0,103.628,1.0307199954986572,powu
,14696,14696x3823,41.0,330.0,68.0,103.628,1.1313088178634645,powu
,15995,15995x2517,59.0,480.0,69.0,106.24800000000003,0.8134655952453613,powu
,8706,8706x3606,59.0,480.0,69.0,106.24800000000003,0.6000639796257019,powu
,15122,15122x3154,59.0,480.0,69.0,106.24800000000003,0.9062399864196776,powu
,13080,13080x3898,59.0,480.0,69.0,106.24800000000003,0.94371200799942,powu
,13057,13057x2722,61.04,512.4,69.0,109.45148,0.6608896017074585,powu
,14568,14568x2089,62.0,525.0,69.0,110.959,0.5515263915061951,powu
,10609,10609x4094,62.0,525.0,69.0,110.959,0.7823359966278076,powu
,9789,9789x2198,62.0,525.0,69.0,110.959,0.3928064107894897,powu
,127,127x168,62.0,525.0,69.0,110.959,0.0061440002173185,divu
,18,18x218,62.0,525.0,69.0,110.959,0.0061440002173185,divu
,209,209x112,62.0,525.0,69.0,110.959,0.0061440002173185,divu
,83,83x236,62.0,525.0,69.0,110.959,0.0061440002173185,divu
,1,1x37,6.0,660.0,69.0,111.65000000000003,0.0061440002173185,divu
,172,172x29,6.0,660.0,69.0,111.65000000000003,0.0061440002173185,divu
,188,188x90,6.0,660.0,69.0,111.65000000000003,0.0061440002173185,divu
,116,116x165,6.0,660.0,69.0,111.65000000000003,0.0061440002173185,divu
,232,232x249,6.0,660.0,69.0,111.65000000000003,0.0065536001697182,divu
,235,235x45,6.0,660.0,69.0,111.65000000000003,0.0061440002173185,divu
,58,58x332,6.0,660.0,69.0,111.65000000000003,0.0061440002173185,divu
,178,178x472,6.0,660.0,69.0,111.65000000000003,0.0069504001177847,divu
,211,211x432,6.0,660.0,69.0,111.65000000000003,0.0067456001415848,divu
,134,134x373,6.0,660.0,69.0,111.65000000000003,0.0069311999715864,divu
,86,86x339,7.0,660.0,68.0,103.43199999999996,0.0061440002173185,divu
,163,163x321,7.0,660.0,68.0,103.43199999999996,0.0061440002173185,divu
,76,76x447,7.0,660.0,68.0,103.43199999999996,0.0061440002173185,divu
,235,235x420,7.0,660.0,68.0,103.43199999999996,0.0071680000983178,divu
,174,174x314,7.0,660.0,68.0,103.43199999999996,0.0061440002173185,divu
,229,229x439,7.0,660.0,68.0,103.43199999999996,0.0067584001459181,divu
,43,43x969,7.0,660.0,68.0,103.43199999999996,0.0061440002173185,divu
,76,76x950,7.0,660.0,68.0,103.43199999999996,0.0063360001891851,divu
,229,229x602,7.0,660.0,68.0,103.43199999999996,0.0071680000983178,divu
,72,72x601,7.0,660.0,68.0,95.84200000000004,0.0061440002173185,divu
,4,4x932,7.0,660.0,68.0,95.84200000000004,0.0061440002173185,divu
,149,149x1015,7.0,660.0,68.0,95.84200000000004,0.0071680000983178,divu
,79,79x781,7.0,660.0,68.0,95.84200000000004,0.0061440002173185,divu
,15,15x635,7.0,660.0,68.0,95.84200000000004,0.0061440002173185,divu
,62,62x895,7.0,660.0,68.0,95.84200000000004,0.0069632001221179,divu
,183,183x680,7.0,660.0,68.0,95.84200000000004,0.0071680000983178,divu
,40,40x1421,7.0,660.0,68.0,95.84200000000004,0.0063360001891851,divu
,50,50x1745,7.0,660.0,68.0,95.84200000000004,0.0067264000885188,divu
,84,84x1234,7.0,660.0,68.0,95.84200000000004,0.0071680000983178,divu
,60,60x1293,7.0,660.0,68.0,95.79300000000006,0.0067392000928521,divu
,89,89x1648,7.0,660.0,68.0,95.79300000000006,0.0071680000983178,divu
,108,108x1291,7.0,660.0,68.0,95.79300000000006,0.0112640000879764,divu
,101,101x1245,7.0,660.0,68.0,95.79300000000006,0.0112640000879764,divu
,6,6x1222,7.0,660.0,68.0,95.79300000000006,0.0092160003259778,divu
,143,143x1737,7.0,660.0,68.0,95.79300000000006,0.0124928003177046,divu
,99,99x1602,7.0,660.0,68.0,95.79300000000006,0.0112640000879764,divu
,55,55x2789,7.0,660.0,68.0,95.79300000000006,0.0114688001573085,divu
,64,64x3957,7.0,660.0,68.0,95.79300000000006,0.0131071999669075,divu
,253,253x2522,7.0,660.0,68.0,95.79300000000006,0.0184320006519556,divu
,220,220x2822,14.0,240.0,67.0,95.33400000000002,0.0184320006519556,divu
,225,225x2397,14.0,240.0,67.0,95.33400000000002,0.0172032002359628,divu
,102,102x3436,14.0,240.0,67.0,95.33400000000002,0.0143232000991702,divu
,205,205x3507,14.0,240.0,67.0,95.33400000000002,0.0202751994132995,divu
,129,129x4053,14.0,240.0,67.0,95.33400000000002,0.0172032002359628,divu
,14,14x2782,14.0,240.0,67.0,95.33400000000002,0.0102399997413158,divu
,104,104x3251,14.0,240.0,67.0,95.33400000000002,0.0138943998143076,divu
,453,453x231,14.0,240.0,67.0,95.33400000000002,0.0112640000879764,divu
,341,341x252,14.0,240.0,67.0,95.33400000000002,0.0106175998225808,divu
,500,500x81,14.0,240.0,67.0,95.33400000000002,0.0102399997413158,divu
,288,288x15,13.0,240.0,67.0,94.59300000000002,0.0092160003259778,divu
,476,476x177,13.0,240.0,67.0,94.59300000000002,0.0106175998225808,divu
,300,300x34,13.0,240.0,67.0,94.59300000000002,0.0092160003259778,divu
,473,473x216,13.0,240.0,67.0,94.59300000000002,0.0112640000879764,divu
,307,307x251,13.0,240.0,67.0,94.59300000000002,0.0108223997056484,divu
,480,480x104,13.0,240.0,67.0,94.59300000000002,0.0102399997413158,divu
,372,372x48,13.0,240.0,67.0,94.59300000000002,0.0092160003259778,divu
,296,296x411,13.0,240.0,67.0,94.59300000000002,0.0112640000879764,divu
,349,349x266,13.0,240.0,67.0,94.59300000000002,0.011039999872446,divu
,443,443x493,13.0,237.6,67.0,94.59300000000002,0.0141312001273036,divu
,361,361x468,11.0,210.0,66.0,94.11499999999997,0.0133119998499751,divu
,333,333x355,11.0,210.0,66.0,94.11499999999997,0.012288000434637,divu
,360,360x338,11.0,210.0,66.0,94.11499999999997,0.012288000434637,divu
,267,267x285,11.0,210.0,66.0,94.11499999999997,0.012288000434637,divu
,328,328x377,11.0,210.0,66.0,94.11499999999997,0.0133119998499751,divu
,417,417x425,11.0,210.0,66.0,94.11499999999997,0.0133119998499751,divu
,397,397x482,11.0,210.0,66.0,94.11499999999997,0.0135167999193072,divu
,500,500x765,11.0,210.0,66.0,94.11499999999997,0.0163839999586343,divu
,284,284x758,11.0,210.0,66.0,94.11499999999997,0.0143360001966357,divu
,261,261x915,14.0,210.0,63.0,76.68900000000002,0.0143360001966357,divu
,419,419x929,14.0,210.0,63.0,76.68900000000002,0.0163839999586343,divu
,308,308x677,14.0,210.0,63.0,76.68900000000002,0.0141312001273036,divu
,351,351x967,14.0,210.0,63.0,76.68900000000002,0.0153599996119737,divu
,337,337x768,14.0,210.0,63.0,76.68900000000002,0.0143360001966357,divu
,424,424x801,14.0,210.0,63.0,76.68900000000002,0.0153599996119737,divu
,267,267x536,14.0,210.0,63.0,76.68900000000002,0.0131071999669075,divu
,476,476x779,14.0,210.0,63.0,76.68900000000002,0.0163839999586343,divu
,510,510x1267,14.0,210.0,63.0,76.68900000000002,0.0212991997599601,divu
,477,477x1448,14.0,210.0,62.0,58.965999999999966,0.0215039998292922,divu
,405,405x1561,14.0,210.0,62.0,58.965999999999966,0.0206847995519638,divu
,325,325x1687,14.0,210.0,62.0,58.965999999999966,0.019455999135971,divu
,283,283x1706,14.0,210.0,62.0,58.965999999999966,0.0174080003052949,divu
,459,459x1784,14.0,210.0,62.0,58.965999999999966,0.0688128009438514,divu
,324,324x1208,14.0,210.0,62.0,58.965999999999966,0.0161791998893022,divu
,512,512x1600,14.0,210.0,62.0,58.965999999999966,0.0694272011518478,divu
,418,418x2031,14.0,210.0,62.0,58.965999999999966,0.0790527984499931,divu
,275,275x1988,14.0,210.0,62.0,58.965999999999966,0.019455999135971,divu
,439,439x4036,16.0,210.0,61.0,57.78199999999999,0.2344960004091262,divu
,402,402x2788,16.0,210.0,61.0,57.78199999999999,0.1413120001554489,divu
,512,512x2435,16.0,210.0,61.0,57.78199999999999,0.1644544005393982,divu
,335,335x2167,16.0,210.0,61.0,57.78199999999999,0.0225280001759529,divu
,488,488x3379,16.0,210.0,61.0,57.78199999999999,0.4927488029003143,divu
,304,304x3682,16.0,210.0,61.0,57.78199999999999,0.3143680095672607,divu
,455,455x3697,16.0,210.0,61.0,57.78199999999999,0.5048320055007934,divu
,440,440x2442,16.0,210.0,61.0,57.78199999999999,0.2981887996196747,divu
,303,303x3779,40.0,225.0,60.0,57.37400000000002,0.3235840022563934,divu
,371,371x2684,40.0,225.0,60.0,57.37400000000002,0.2756607949733734,divu
,665,665x66,40.0,225.0,60.0,57.37400000000002,0.0133119998499751,divu
,948,948x212,40.0,225.0,60.0,57.37400000000002,0.0153599996119737,divu
,986,986x92,40.0,225.0,60.0,57.37400000000002,0.0143360001966357,divu
,973,973x136,40.0,225.0,60.0,57.37400000000002,0.0143360001966357,divu
,531,531x3,40.0,225.0,60.0,57.37400000000002,0.012288000434637,divu
,823,823x185,40.0,225.0,60.0,57.37400000000002,0.0153599996119737,divu
,529,529x97,40.0,225.0,60.0,57.37400000000002,0.0141312001273036,divu
,821,821x238,17.0,210.0,59.0,55.632,0.0155647996813058,divu
,1009,1009x242,17.0,210.0,59.0,55.632,0.0163839999586343,divu
,521,521x53,17.0,210.0,59.0,55.632,0.0133119998499751,divu
,1012,1012x375,17.0,210.0,59.0,55.632,0.0184320006519556,divu
,632,632x510,17.0,210.0,59.0,55.632,0.0174080003052949,divu
,865,865x481,17.0,210.0,59.0,55.632,0.0190463997423648,divu
,881,881x498,17.0,210.0,59.0,55.632,0.019455999135971,divu
,673,673x508,17.0,210.0,59.0,55.632,0.0174080003052949,divu
,880,880x390,17.0,210.0,59.0,55.632,0.0176128003746271,divu
,745,745x318,17.0,210.0,59.0,53.10699999999998,0.0163839999586343,divu
,619,619x282,17.0,210.0,59.0,53.10699999999998,0.015769599750638,divu
,633,633x362,17.0,210.0,59.0,53.10699999999998,0.015769599750638,divu
,855,855x327,17.0,210.0,59.0,53.10699999999998,0.0167936000972986,divu
,806,806x688,17.0,210.0,59.0,53.10699999999998,0.0215039998292922,divu
,746,746x654,17.0,210.0,59.0,53.10699999999998,0.0202751994132995,divu
,523,523x584,17.0,210.0,59.0,53.10699999999998,0.0174080003052949,divu
,550,550x667,17.0,210.0,59.0,53.10699999999998,0.0176128003746271,divu
,799,799x663,17.0,210.0,59.0,53.10699999999998,0.0212991997599601,divu
,599,599x550,19.0,210.0,58.8,52.18100000000002,0.0174080003052949,divu
,676,676x536,19.0,210.0,58.0,52.18100000000002,0.0174080003052949,divu
,778,778x875,19.0,210.0,58.0,52.18100000000002,0.0235520005226135,divu
,754,754x752,19.0,210.0,58.0,52.18100000000002,0.0215039998292922,divu
,710,710x882,19.0,210.0,58.0,52.18100000000002,0.0225280001759529,divu
,948,948x1291,19.0,210.0,58.0,52.18100000000002,0.3594240069389343,divu
,1023,1023x1892,19.0,210.0,58.0,52.18100000000002,0.5746687889099121,divu
,645,645x1266,33.0,210.0,58.0,52.526,0.1314815998077392,divu
,625,625x1272,33.0,210.0,58.0,52.526,0.1015807971358299,divu
,823,823x1627,33.0,210.0,58.0,52.526,0.3995647966861725,divu
,733,733x1399,33.0,210.0,58.0,52.526,0.2813951969146728,divu
,830,830x1951,33.0,210.0,58.0,52.526,0.4798464000225067,divu
,665,665x1691,33.0,210.0,58.0,52.526,0.320307195186615,divu
,797,797x1206,33.0,210.0,58.0,52.526,0.2621439933776855,divu
,1000,1000x1063,30.0,240.0,58.0,54.02399999999998,0.2879487872123718,divu
,841,841x3694,30.0,240.0,58.0,54.02399999999998,0.9269248008728028,divu
,837,837x3613,30.0,240.0,58.0,54.02399999999998,0.903987193107605,divu
,774,774x2416,30.0,240.0,58.0,54.02399999999998,0.5599231839179992,divu
,572,572x3269,30.0,240.0,58.0,54.02399999999998,0.558899199962616,divu
,636,636x2261,30.0,240.0,58.0,54.02399999999998,0.4286464035511017,divu
,838,838x3952,40.56,254.4,58.0,55.56960000000001,0.981606388092041,divu
,616,616x3057,41.0,255.0,58.0,55.63400000000001,0.5619712114334107,divu
,685,685x3053,41.0,255.0,58.0,55.63400000000001,0.6240255951881408,divu
,574,574x4024,41.0,255.0,58.0,55.63400000000001,0.6871039867401123,divu
,584,584x3280,41.0,255.0,58.0,55.63400000000001,0.5715968132019043,divu
,1726,1726x134,41.0,255.0,58.0,55.63400000000001,0.0147455999627709,divu
,1057,1057x69,41.0,255.0,58.0,55.63400000000001,0.0131071999669075,divu
,1191,1191x40,31.0,270.0,58.0,55.433999999999976,0.012288000434637,divu
,1042,1042x64,31.0,270.0,58.0,55.433999999999976,0.0133119998499751,divu
,1757,1757x99,31.0,270.0,58.0,55.433999999999976,0.0143360001966357,divu
,2034,2034x108,31.0,270.0,58.0,55.433999999999976,0.0143360001966357,divu
,1421,1421x90,31.0,270.0,58.0,55.433999999999976,0.0143360001966357,divu
,1072,1072x130,31.0,270.0,58.0,55.433999999999976,0.0143360001966357,divu
,1274,1274x239,31.0,270.0,58.0,55.433999999999976,0.0153599996119737,divu
,1672,1672x3,31.0,270.0,58.0,55.433999999999976,0.0120832003653049,divu
,1536,1536x357,31.0,270.0,58.0,55.433999999999976,0.0188416000455617,divu
,1074,1074x428,31.0,270.0,58.0,55.433999999999976,0.0174080003052949,divu
,1509,1509x294,14.0,270.0,57.0,53.28600000000003,0.0172032002359628,divu
,1666,1666x290,14.0,270.0,57.0,53.28600000000003,0.0174080003052949,divu
,1139,1139x283,14.0,270.0,57.0,53.28600000000003,0.0153599996119737,divu
,1811,1811x494,14.0,270.0,57.0,53.28600000000003,0.2361344009637832,divu
,1235,1235x263,14.0,270.0,57.0,53.28600000000003,0.0153599996119737,divu
,1405,1405x381,14.0,270.0,57.0,53.28600000000003,0.0186368003487586,divu
,1323,1323x332,14.0,270.0,57.0,53.28600000000003,0.0174080003052949,divu
,1511,1511x284,14.0,270.0,57.0,53.28600000000003,0.0172032002359628,divu
,1999,1999x991,25.0,270.0,57.0,51.40599999999997,0.5892096161842346,divu
,1111,1111x1020,25.0,270.0,57.0,51.40599999999997,0.3143679976463318,divu
,1703,1703x897,25.0,270.0,57.0,51.40599999999997,0.4575232028961181,divu
,1086,1086x630,25.0,270.0,57.0,51.40599999999997,0.0208895996212959,divu
,1430,1430x803,25.0,270.0,57.0,51.40599999999997,0.3221504032611847,divu
,1069,1069x693,25.0,270.0,57.0,51.40599999999997,0.0245760008692741,divu
,1649,1649x980,25.0,270.0,57.0,51.40599999999997,0.4839424073696136,divu
,1292,1292x707,21.0,225.0,57.0,52.335000000000015,0.2430976003408432,divu
,1627,1627x665,21.0,225.0,57.0,52.335000000000015,0.3000319957733154,divu
,1988,1988x579,21.0,225.0,57.0,52.335000000000015,0.3221503973007202,divu
,2014,2014x2038,21.0,225.0,57.0,52.335000000000015,1.2183552026748656,divu
,1505,1505x1835,21.0,225.0,57.0,52.335000000000015,0.8226816177368164,divu
,1300,1300x1197,21.0,225.0,57.0,52.335000000000015,0.4624383926391601,divu
,1948,1948x1982,38.0,390.0,57.0,55.262999999999984,1.148313617706299,divu
,1392,1392x1929,38.0,390.0,57.0,55.262999999999984,0.796671986579895,divu
,1491,1491x1226,38.0,390.0,57.0,55.262999999999984,0.5459967970848083,divu
,1537,1537x1644,38.0,390.0,57.0,55.262999999999984,0.3330048084259033,divu
,1852,1852x1855,38.0,390.0,57.0,55.262999999999984,0.4530175983905792,divu
,1503,1503x1984,38.0,390.0,57.0,55.262999999999984,0.391372799873352,divu
,1923,1923x1946,23.0,540.0,57.0,56.76600000000001,0.4886528015136718,divu
,1720,1720x2972,23.0,540.0,57.0,56.76600000000001,0.6719488024711608,divu
,1339,1339x3401,23.0,540.0,57.0,56.76600000000001,0.5959680080413818,divu
,1247,1247x3395,23.0,540.0,57.0,56.76600000000001,0.5521407961845398,divu
,1079,1079x2813,23.0,540.0,57.0,56.76600000000001,0.3995648026466369,divu
,1956,1956x2284,23.0,540.0,57.0,56.76600000000001,0.5910528182983399,divu
,1289,1289x3762,39.0,540.0,58.0,58.84799999999998,0.6336512088775634,divu
,1997,1997x2699,39.0,540.0,58.0,58.84799999999998,0.7045120120048523,divu
,1156,1156x3684,39.0,540.0,58.0,58.84799999999998,0.5570560097694397,divu
,1959,1959x3469,39.0,540.0,58.0,58.84799999999998,0.8853503942489624,divu
,1812,1812x2800,39.0,540.0,58.0,58.84799999999998,0.6682623982429504,divu
,2938,2938x253,39.0,540.0,58.0,58.84799999999998,0.0153599996119737,divu
,2724,2724x130,39.0,540.0,58.0,58.84799999999998,0.012288000434637,divu
,3684,3684x100,28.0,540.0,58.0,60.54700000000002,0.012288000434637,divu
,4034,4034x237,28.0,540.0,58.0,60.54700000000002,0.1128448009490966,divu
,2747,2747x10,28.0,540.0,58.0,60.54700000000002,0.0102399997413158,divu
,3168,3168x79,28.0,540.0,58.0,60.54700000000002,0.0112640000879764,divu
,2470,2470x200,28.0,540.0,58.0,60.54700000000002,0.0126976002007722,divu
,3583,3583x123,28.0,540.0,58.0,60.54700000000002,0.012288000434637,divu
,2307,2307x113,28.0,540.0,58.0,60.54700000000002,0.0112640000879764,divu
,2825,2825x107,28.0,540.0,58.0,60.54700000000002,0.0118784002959728,divu
,2760,2760x264,28.0,540.0,58.0,60.54700000000002,0.0237568005919456,divu
,3189,3189x445,11.0,540.0,58.0,59.10699999999998,0.1871872007846832,divu
,3080,3080x305,11.0,540.0,58.0,59.10699999999998,0.1093631997704505,divu
,3421,3421x266,11.0,540.0,58.0,59.10699999999998,0.1040383979678154,divu
,3017,3017x476,11.0,540.0,58.0,59.10699999999998,0.1888255983591079,divu
,2670,2670x449,11.0,540.0,58.0,59.10699999999998,0.1501184046268463,divu
,2211,2211x469,11.0,540.0,58.0,59.10699999999998,0.2850815951824188,divu
,3066,3066x370,11.0,540.0,58.0,59.10699999999998,0.3190783977508545,divu
,2837,2837x283,11.0,540.0,58.0,59.10699999999998,0.1073151990771293,divu
,3794,3794x496,11.0,540.0,58.0,59.10699999999998,0.5568512082099915,divu
,3217,3217x972,30.0,405.0,57.0,56.72299999999998,0.9308159828186036,divu
,3977,3977x964,30.0,405.0,57.0,56.72299999999998,1.1331583976745605,divu
,3278,3278x669,30.0,405.0,57.0,56.72299999999998,0.649011206626892,divu
,4018,4018x586,30.0,405.0,57.0,56.72299999999998,0.6983680129051208,divu
,3581,3581x1016,30.0,405.0,57.0,56.72299999999998,0.4765695989131927,divu
,3723,3723x552,40.0,510.0,58.0,57.22499999999998,0.2713599920272827,divu
,3557,3557x572,40.0,510.0,58.0,57.22499999999998,0.2684927880764007,divu
,2654,2654x780,40.0,510.0,58.0,57.22499999999998,0.2721791982650757,divu
,3623,3623x920,40.0,510.0,58.0,57.22499999999998,0.4388863980770111,divu
,3616,3616x828,40.0,510.0,58.0,57.22499999999998,0.3926016092300415,divu
,3310,3310x1038,40.0,510.0,58.0,57.22499999999998,0.4517887949943542,divu
,3814,3814x1374,40.0,510.0,58.0,57.22499999999998,0.6856703996658325,divu
,3894,3894x1460,41.0,510.0,58.0,58.47600000000002,0.7399423956871033,divu
,2496,2496x1365,41.0,510.0,58.0,58.47600000000002,0.4464640021324157,divu
,2170,2170x1505,41.0,510.0,58.0,58.47600000000002,0.4282368004322052,divu
,2445,2445x1457,41.0,510.0,58.0,58.47600000000002,0.4681727945804596,divu
,3567,3567x1727,41.0,510.0,58.0,58.47600000000002,0.8077311992645264,divu
,2459,2459x1031,41.0,510.0,58.0,58.47600000000002,0.3336192071437835,divu
,3900,3900x1998,35.0,510.0,58.0,59.21900000000003,1.0123263835906982,divu
,3868,3868x1503,35.0,510.0,58.0,59.21900000000003,0.7585791945457458,divu
,3252,3252x2848,35.0,510.0,58.0,59.21900000000003,1.2072960138320925,divu
,3876,3876x2522,35.0,510.0,58.0,59.21900000000003,1.2738560438156128,divu
,2168,2168x2705,35.0,510.0,58.0,59.21900000000003,0.7663615942001343,divu
,4064,4064x2419,40.0,735.0,58.0,60.93100000000002,1.2752896547317505,divu
,2964,2964x3110,40.0,735.0,58.0,60.93100000000002,1.194803237915039,divu
,3555,3555x2570,40.0,735.0,58.0,60.93100000000002,1.1851775646209717,divu
,3358,3358x3544,40.0,735.0,58.0,60.93100000000002,0.2187264025211334,divu
,3264,3264x2945,40.0,735.0,58.0,60.93100000000002,0.1771519929170608,divu
,2554,2554x3169,40.0,735.0,58.0,60.93100000000002,0.15032320022583,divu
,2911,2911x2970,36.0,1005.0,60.0,67.51800000000001,0.1599295943975448,divu
,6861,6861x217,36.0,1005.0,60.0,67.51800000000001,0.0317439995706081,divu
,7322,7322x50,36.0,1005.0,60.0,67.51800000000001,0.00670079998672,divu
,8049,8049x150,36.0,1005.0,60.0,67.51800000000001,0.0241408005356788,divu
,7181,7181x219,36.0,1005.0,60.0,67.51800000000001,0.0335872001945972,divu
,6869,6869x223,36.0,1005.0,60.0,67.51800000000001,0.0325631998479366,divu
,6576,6576x89,36.0,1005.0,60.0,67.51800000000001,0.0071680000983178,divu
,5080,5080x60,36.0,1005.0,60.0,67.51800000000001,0.0061440002173185,divu
,5580,5580x197,36.0,1005.0,60.0,67.51800000000001,0.0208575997501611,divu
,7417,7417x11,6.0,1005.0,60.0,84.19700000000006,0.0054911999031901,divu
,4140,4140x229,6.0,1005.0,63.0,84.19700000000006,0.01841920055449,divu
,4383,4383x300,6.0,1005.0,63.0,84.19700000000006,0.028448000177741,divu
,4475,4475x407,6.0,1005.0,63.0,84.19700000000006,0.0376832015812397,divu
,6039,6039x275,6.0,1005.0,63.0,84.19700000000006,0.0348160006105899,divu
,5149,5149x473,6.0,1005.0,63.0,84.19700000000006,0.0483136013150215,divu
,6179,6179x474,6.0,1005.0,63.0,84.19700000000006,0.0581248007714748,divu
,5354,5354x418,6.0,1005.0,63.0,84.19700000000006,0.0450880005955696,divu
,7429,7429x290,6.0,1005.0,63.0,84.19700000000006,0.0440255999565124,divu
,4177,4177x307,6.0,1005.0,63.0,84.19700000000006,0.0266239996999502,divu
,4879,4879x435,8.0,1005.0,64.0,95.98600000000002,0.0430079996585845,divu
,6924,6924x463,8.0,1005.0,64.0,95.98600000000002,0.0624639987945556,divu
,6287,6287x567,8.0,1005.0,64.0,95.98600000000002,0.0692224010825157,divu
,6446,6446x795,8.0,1005.0,64.0,95.98600000000002,0.0972800031304359,divu
,4748,4748x591,8.0,1005.0,64.0,95.98600000000002,0.0552960000932216,divu
,7570,7570x652,8.0,1005.0,64.0,95.98600000000002,0.0934016019105911,divu
,6923,6923x763,8.0,1005.0,64.0,95.98600000000002,0.0993279963731765,divu
,6991,6991x565,8.0,1005.0,64.0,95.98600000000002,0.0757760033011436,divu
,5062,5062x810,9.0,1005.0,65.0,96.892,0.0788479968905448,divu
,6594,6594x549,9.0,1005.0,65.0,96.892,0.070227201282978,divu
,6996,6996x622,9.0,1005.0,65.0,96.892,0.0837631985545158,divu
,8127,8127x715,9.0,1005.0,65.0,96.892,0.1112064003944397,divu
,5949,5949x1988,9.0,1005.0,65.0,96.892,0.2187264025211334,divu
,7689,7689x1924,9.0,1005.0,65.0,96.892,0.2711552083492279,divu
,5649,5649x1608,9.0,1005.0,65.0,96.892,0.1693695992231369,divu
,8023,8023x1569,9.0,1005.0,65.0,96.892,0.2318336009979248,divu
,5173,5173x1249,24.0,420.0,66.0,98.299,0.1228799968957901,divu
,4523,4523x1725,24.0,420.0,66.0,98.299,0.1468416005373001,divu
,7610,7610x1532,24.0,420.0,66.0,98.299,0.2160640060901641,divu
,5722,5722x1995,24.0,420.0,66.0,98.299,0.2111487984657287,divu
,4411,4411x1585,24.0,420.0,66.0,98.299,0.132915198802948,divu
,7433,7433x1652,24.0,420.0,66.0,98.299,0.2267135977745056,divu
,6589,6589x2499,24.0,420.0,66.0,98.299,0.3018752038478851,divu
,5585,5585x2216,24.0,420.0,66.0,98.299,0.2287615984678268,divu
,7626,7626x2806,29.0,390.0,66.0,98.99499999999996,0.3899136006832123,divu
,5164,5164x3405,29.0,390.0,66.0,98.99499999999996,0.3217408061027527,divu
,4968,4968x2583,29.0,390.0,66.0,98.99499999999996,0.2367488026618957,divu
,6566,6566x3991,29.0,390.0,66.0,98.99499999999996,0.4749248087406158,divu
,7095,7095x3885,29.0,390.0,66.0,98.99499999999996,0.4993023991584778,divu
,5153,5153x3235,29.0,390.0,66.0,98.99499999999996,0.3051519989967346,divu
,7243,7243x3647,29.0,390.0,66.0,98.99499999999996,0.4788224101066589,divu
,7827,7827x3109,22.0,390.0,66.0,100.491,0.4413439929485321,divu
,12095,12095x150,22.0,390.0,66.0,100.491,0.0397311985492706,divu
,10096,10096x1,22.0,390.0,66.0,100.491,0.0071680000983178,divu
,13511,13511x30,22.0,390.0,66.0,100.491,0.0110592000186443,divu
,14451,14451x132,22.0,390.0,66.0,100.491,0.0419839993119239,divu
,15501,15501x119,22.0,390.0,66.0,100.491,0.0409599989652633,divu
,11224,11224x91,22.0,390.0,66.0,100.491,0.0215039998292922,divu
,14651,14651x97,22.0,390.0,66.0,100.491,0.0327679999172687,divu
,10442,10442x7,10.0,390.0,66.0,99.99299999999997,0.0081919999793171,divu
,12261,12261x43,10.0,390.0,66.0,99.99299999999997,0.012288000434637,divu
,10474,10474x246,10.0,390.0,66.0,99.99299999999997,0.054271999746561,divu
,12575,12575x320,10.0,390.0,66.0,99.99299999999997,0.0798719972372055,divu
,11868,11868x269,10.0,390.0,66.0,99.99299999999997,0.0645119994878768,divu
,10034,10034x508,10.0,390.0,66.0,99.99299999999997,0.0989183992147445,divu
,10132,10132x441,10.0,390.0,66.0,99.99299999999997,0.0878591999411582,divu
,10654,10654x411,10.0,390.0,66.0,99.99299999999997,0.0855935990810394,divu
,8228,8228x333,10.0,390.0,66.0,99.99299999999997,0.0563200004398822,divu
,15196,15196x399,10.0,390.0,66.0,99.99299999999997,0.1157120019197464,divu
,16290,16290x474,13.0,390.0,66.0,97.30099999999996,0.1454080015420913,divu
,16263,16263x374,13.0,390.0,66.0,97.30099999999996,0.1165312021970748,divu
,11523,11523x265,13.0,390.0,66.0,97.30099999999996,0.0618495985865592,divu
,13021,13021x984,13.0,390.0,66.0,97.30099999999996,0.2361152023077011,divu
,10537,10537x899,13.0,390.0,66.0,97.30099999999996,0.1769471943378448,divu
,8687,8687x663,13.0,390.0,66.0,97.30099999999996,0.1109760001301765,divu
,11181,11181x994,13.0,390.0,66.0,97.30099999999996,0.205824002623558,divu
,10015,10015x672,13.0,390.0,66.0,97.30099999999996,0.1277952045202255,divu
,12420,12420x826,26.0,390.0,67.0,96.95699999999994,0.1912831991910934,divu
,14753,14753x570,26.0,390.0,67.0,96.95699999999994,0.1579007983207702,divu
,14426,14426x681,26.0,390.0,67.0,96.95699999999994,0.1841152012348175,divu
,14135,14135x856,26.0,390.0,67.0,96.95699999999994,0.2252800017595291,divu
,13257,13257x705,26.0,390.0,67.0,96.95699999999994,0.1761280000209808,divu
,8980,8980x1669,26.0,390.0,67.0,96.95699999999994,0.2770879924297332,divu
,14593,14593x1753,26.0,390.0,67.0,96.95699999999994,0.4655103981494903,divu
,16007,16007x1101,45.0,255.0,67.0,98.28600000000004,0.3244031965732574,divu
,10500,10500x1354,45.0,255.0,67.0,98.28600000000004,0.2625536024570465,divu
,14543,14543x1514,45.0,255.0,67.0,98.28600000000004,0.4009983956813812,divu
,9621,9621x2046,45.0,255.0,67.0,98.28600000000004,0.3604480028152466,divu
,14145,14145x1748,45.0,255.0,67.0,98.28600000000004,0.4497279942035675,divu
,10494,10494x1278,45.0,255.0,67.0,98.28600000000004,0.2488320022821426,divu
,14201,14201x1667,37.8,283.8,67.0,100.1036,0.4313088059425354,divu
,8323,8323x1341,35.0,285.0,67.0,100.558,0.2086911976337432,divu
,15766,15766x2431,35.0,285.0,67.0,100.558,0.6913984179496765,divu
,14696,14696x3823,35.0,285.0,67.0,100.558,1.0094592571258545,divu
,15995,15995x2517,35.0,285.0,67.0,100.558,0.7254015922546386,divu
,8706,8706x3606,35.0,285.0,67.0,100.558,0.5670912265777588,divu
,15122,15122x3154,48.0,390.0,68.0,103.314,0.8570880174636841,divu
,13080,13080x3898,48.0,390.0,68.0,103.314,0.917299211025238,divu
,13057,13057x2722,48.0,390.0,68.0,103.314,0.6420480012893677,divu
,14568,14568x2089,48.0,390.0,68.0,103.314,0.5486592054367065,divu
,10609,10609x4094,48.0,390.0,68.0,103.314,0.780083179473877,divu
,9789,9789x2198,29.0,600.0,68.0,106.131,0.3907583951950073,divu
,127,127x168,29.0,600.0,68.0,106.131,0.0065344001166522,relu
,18,18x218,29.0,600.0,68.0,106.131,0.0065536001697182,relu
,209,209x112,29.0,600.0,68.0,106.131,0.0067392000928521,relu
,83,83x236,29.0,600.0,68.0,106.131,0.0061440002173185,relu
,1,1x37,29.0,600.0,68.0,106.131,0.0061440002173185,relu
,172,172x29,29.0,600.0,68.0,106.131,0.0063488001935184,relu
,188,188x90,29.0,600.0,68.0,106.131,0.0063488001935184,relu
,116,116x165,29.0,600.0,68.0,106.131,0.0069248001091182,relu
,232,232x249,8.0,600.0,68.0,103.79799999999996,0.0071680000983178,relu
,235,235x45,8.0,600.0,68.0,103.79799999999996,0.0061440002173185,relu
,58,58x332,8.0,600.0,68.0,103.79799999999996,0.0061440002173185,relu
,178,178x472,8.0,600.0,68.0,103.79799999999996,0.0071680000983178,relu
,211,211x432,8.0,600.0,68.0,103.79799999999996,0.0071680000983178,relu
,134,134x373,8.0,600.0,68.0,103.79799999999996,0.0071616000495851,relu
,86,86x339,8.0,600.0,68.0,103.79799999999996,0.0071488000452518,relu
,163,163x321,8.0,600.0,68.0,103.79799999999996,0.0071680000983178,relu
,76,76x447,8.0,600.0,68.0,103.79799999999996,0.0071424000896513,relu
,235,235x420,8.0,600.0,68.0,103.79799999999996,0.0071680000983178,relu
,174,174x314,10.0,600.0,67.0,97.33400000000002,0.0071680000983178,relu
,229,229x439,10.0,600.0,67.0,97.33400000000002,0.0071680000983178,relu
,43,43x969,10.0,600.0,67.0,97.33400000000002,0.0071680000983178,relu
,76,76x950,10.0,600.0,67.0,97.33400000000002,0.0071680000983178,relu
,229,229x602,10.0,600.0,67.0,97.33400000000002,0.0071680000983178,relu
,72,72x601,10.0,600.0,67.0,97.33400000000002,0.0071680000983178,relu
,4,4x932,10.0,600.0,67.0,97.33400000000002,0.0069504000246524,relu
,149,149x1015,10.0,600.0,67.0,97.33400000000002,0.0079807999543845,relu
,79,79x781,10.0,600.0,67.0,97.33400000000002,0.0071680000983178,relu
,15,15x635,10.0,600.0,67.0,97.33400000000002,0.0061440002173185,relu
,62,62x895,6.0,600.0,67.0,95.259,0.0071680000983178,relu
,183,183x680,6.0,600.0,67.0,95.259,0.0102399997413158,relu
,40,40x1421,6.0,600.0,67.0,95.259,0.0100096002221107,relu
,50,50x1745,6.0,600.0,67.0,95.259,0.0102399997413158,relu
,84,84x1234,6.0,600.0,67.0,95.259,0.0102399997413158,relu
,60,60x1293,6.0,600.0,67.0,95.259,0.0102399997413158,relu
,89,89x1648,6.0,600.0,67.0,95.259,0.0112640000879764,relu
,108,108x1291,6.0,600.0,67.0,95.259,0.0112640000879764,relu
,101,101x1245,6.0,600.0,67.0,95.259,0.0112640000879764,relu
,6,6x1222,6.0,600.0,67.0,95.259,0.0092160003259778,relu
,143,143x1737,12.0,255.0,67.0,94.854,0.0132927998900413,relu
,99,99x1602,12.0,255.0,67.0,94.854,0.0112640000879764,relu
,55,55x2789,12.0,255.0,67.0,94.854,0.0114688001573085,relu
,64,64x3957,12.0,255.0,67.0,94.854,0.0133119998499751,relu
,253,253x2522,12.0,255.0,67.0,94.854,0.019455999135971,relu
,220,220x2822,12.0,255.0,67.0,94.854,0.019455999135971,relu
,225,225x2397,12.0,255.0,67.0,94.854,0.018003200367093,relu
,102,102x3436,12.0,255.0,67.0,94.854,0.0153471997007727,relu
,205,205x3507,12.0,255.0,67.0,94.854,0.0204799994826316,relu
,129,129x4053,13.0,240.0,67.0,94.31899999999996,0.0174080003052949,relu
,14,14x2782,13.0,240.0,67.0,94.31899999999996,0.0102399997413158,relu
,104,104x3251,13.0,240.0,67.0,94.31899999999996,0.0143360001966357,relu
,453,453x231,13.0,240.0,67.0,94.31899999999996,0.0112640000879764,relu
,341,341x252,13.0,240.0,67.0,94.31899999999996,0.0112640000879764,relu
,500,500x81,13.0,240.0,67.0,94.31899999999996,0.0102399997413158,relu
,288,288x15,13.0,240.0,67.0,94.31899999999996,0.0102335998788475,relu
,476,476x177,13.0,240.0,67.0,94.31899999999996,0.0112640000879764,relu
,300,300x34,13.0,240.0,67.0,94.31899999999996,0.0102399997413158,relu
,473,473x216,13.0,240.0,67.0,94.31899999999996,0.0112640000879764,relu
,307,307x251,13.0,240.0,67.0,93.94599999999996,0.0112640000879764,relu
,480,480x104,13.0,240.0,67.0,93.94599999999996,0.0102399997413158,relu
,372,372x48,13.0,240.0,67.0,93.94599999999996,0.0102399997413158,relu
,296,296x411,13.0,240.0,67.0,93.94599999999996,0.0133119998499751,relu
,349,349x266,13.0,240.0,67.0,93.94599999999996,0.0131071999669075,relu
,443,443x493,13.0,240.0,67.0,93.94599999999996,0.0143360001966357,relu
,361,361x468,13.0,240.0,67.0,93.94599999999996,0.0137215999886393,relu
,333,333x355,13.0,240.0,67.0,93.94599999999996,0.0133119998499751,relu
,360,360x338,13.0,240.0,67.0,93.94599999999996,0.0133119998499751,relu
,267,267x285,16.0,210.0,64.0,83.48299999999998,0.0131071999669075,relu
,328,328x377,16.0,210.0,64.0,83.48299999999998,0.0133119998499751,relu
,417,417x425,16.0,210.0,64.0,83.48299999999998,0.0143360001966357,relu
,397,397x482,16.0,210.0,64.0,83.48299999999998,0.0143360001966357,relu
,500,500x765,16.0,210.0,64.0,83.48299999999998,0.0172032002359628,relu
,284,284x758,16.0,210.0,64.0,83.48299999999998,0.0143360001966357,relu
,261,261x915,16.0,210.0,64.0,83.48299999999998,0.0153599996119737,relu
,419,419x929,16.0,210.0,64.0,83.48299999999998,0.0172032002359628,relu
,308,308x677,16.0,210.0,64.0,83.48299999999998,0.0143360001966357,relu
,351,351x967,17.0,210.0,62.0,65.46000000000002,0.0163839999586343,relu
,337,337x768,17.0,210.0,62.0,65.46000000000002,0.0151551997289061,relu
,424,424x801,17.0,210.0,62.0,65.46000000000002,0.0163839999586343,relu
,267,267x536,17.0,210.0,62.0,65.46000000000002,0.0133119998499751,relu
,476,476x779,17.0,210.0,62.0,65.46000000000002,0.0172032002359628,relu
,510,510x1267,17.0,210.0,62.0,65.46000000000002,0.0215039998292922,relu
,477,477x1448,17.0,210.0,62.0,65.46000000000002,0.0225280001759529,relu
,405,405x1561,17.0,210.0,62.0,65.46000000000002,0.0215039998292922,relu
,325,325x1687,17.0,210.0,62.0,65.46000000000002,0.0202751994132995,relu
,283,283x1706,17.0,210.0,62.0,63.93419999999999,0.0184320006519556,relu
,459,459x1784,13.0,210.0,61.0,57.830999999999975,0.0667648002505302,relu
,324,324x1208,13.0,210.0,61.0,57.830999999999975,0.0167936000972986,relu
,512,512x1600,13.0,210.0,61.0,57.830999999999975,0.0663552001118659,relu
,418,418x2031,13.0,210.0,61.0,57.830999999999975,0.0774143993854522,relu
,275,275x1988,13.0,210.0,61.0,57.830999999999975,0.0202751994132995,relu
,439,439x4036,13.0,210.0,61.0,57.830999999999975,0.2357248038053512,relu
,402,402x2788,13.0,210.0,61.0,57.830999999999975,0.1417215973138809,relu
,512,512x2435,13.0,210.0,61.0,57.830999999999975,0.3418112009763717,relu
,335,335x2167,19.0,210.0,60.0,57.82200000000002,0.0253951996564865,relu
,488,488x3379,19.0,210.0,60.0,57.82200000000002,0.4927487969398498,relu
,304,304x3682,19.0,210.0,60.0,57.82200000000002,0.3160064041614532,relu
,455,455x3697,19.0,210.0,60.0,57.82200000000002,0.4997120022773743,relu
,440,440x2442,19.0,210.0,60.0,57.82200000000002,0.2985983967781067,relu
,303,303x3779,19.0,210.0,60.0,57.82200000000002,0.3227647960186005,relu
,371,371x2684,19.0,210.0,60.0,57.82200000000002,0.2734080016613006,relu
,665,665x66,35.0,210.0,60.0,56.955999999999975,0.0143360001966357,relu
,948,948x212,35.0,210.0,60.0,56.955999999999975,0.0163839999586343,relu
,986,986x92,35.0,210.0,60.0,56.955999999999975,0.0149503998458385,relu
,973,973x136,35.0,210.0,60.0,56.955999999999975,0.0153599996119737,relu
,531,531x3,35.0,210.0,60.0,56.955999999999975,0.0133119998499751,relu
,823,823x185,35.0,210.0,60.0,56.955999999999975,0.0159743998199701,relu
,529,529x97,35.0,210.0,60.0,56.955999999999975,0.0143360001966357,relu
,821,821x238,35.0,210.0,60.0,56.955999999999975,0.0163839999586343,relu
,1009,1009x242,35.0,210.0,60.0,56.955999999999975,0.0172032002359628,relu
,521,521x53,22.0,210.0,59.0,54.44100000000002,0.0141312001273036,relu
,1012,1012x375,22.0,210.0,59.0,54.44100000000002,0.019455999135971,relu
,632,632x510,22.0,210.0,59.0,54.44100000000002,0.0184320006519556,relu
,865,865x481,22.0,210.0,59.0,54.44100000000002,0.019455999135971,relu
,881,881x498,22.0,210.0,59.0,54.44100000000002,0.0200703993439674,relu
,673,673x508,22.0,210.0,59.0,54.44100000000002,0.0184320006519556,relu
,880,880x390,22.0,210.0,59.0,54.44100000000002,0.0184320006519556,relu
,745,745x318,22.0,210.0,59.0,54.44100000000002,0.0174080003052949,relu
,619,619x282,22.0,210.0,59.0,54.44100000000002,0.0163839999586343,relu
,633,633x362,18.0,210.0,58.0,52.53299999999999,0.0172032002359628,relu
,855,855x327,18.0,210.0,58.0,52.53299999999999,0.0174080003052949,relu
,806,806x688,18.0,210.0,58.0,52.53299999999999,0.0225280001759529,relu
,746,746x654,18.0,210.0,58.0,52.53299999999999,0.0204799994826316,relu
,523,523x584,18.0,210.0,58.0,52.53299999999999,0.0178176004439592,relu
,550,550x667,18.0,210.0,58.0,52.53299999999999,0.0190463997423648,relu
,799,799x663,18.0,210.0,58.0,52.53299999999999,0.0225280001759529,relu
,599,599x550,18.0,210.0,58.0,52.53299999999999,0.0184320006519556,relu
,676,676x536,18.0,210.0,58.0,52.53299999999999,0.0184320006519556,relu
,778,778x875,15.0,210.0,58.0,51.88699999999997,0.0245760008692741,relu
,754,754x752,15.0,210.0,58.0,51.88699999999997,0.0225280001759529,relu
,710,710x882,15.0,210.0,58.0,51.88699999999997,0.0235520005226135,relu
,948,948x1291,15.0,210.0,58.0,51.88699999999997,0.3592191994190216,relu
,1023,1023x1892,15.0,210.0,58.0,51.88699999999997,0.5793792009353638,relu
,645,645x1266,15.0,210.0,58.0,51.88699999999997,0.1255424007773399,relu
,625,625x1272,15.0,210.0,58.0,51.88699999999997,0.0983039990067482,relu
,823,823x1627,15.0,210.0,58.0,51.88699999999997,0.397926390171051,relu
,733,733x1399,15.0,210.0,58.0,51.87200000000001,0.2820096015930176,relu
,830,830x1951,30.0,210.0,58.0,51.86200000000001,0.4833279967308044,relu
,665,665x1691,30.0,210.0,58.0,51.86200000000001,0.3209215998649597,relu
,797,797x1206,30.0,210.0,58.0,51.86200000000001,0.2633727967739105,relu
,1000,1000x1063,30.0,210.0,58.0,51.86200000000001,0.2879487931728363,relu
,841,841x3694,30.0,210.0,58.0,51.86200000000001,0.9220095992088316,relu
,837,837x3613,30.0,210.0,58.0,51.86200000000001,0.9013247966766358,relu
,774,774x2416,51.0,225.0,58.0,54.03600000000003,0.5617663860321045,relu
,572,572x3269,51.0,225.0,58.0,54.03600000000003,0.5609471797943115,relu
,636,636x2261,51.0,225.0,58.0,54.03600000000003,0.4265983998775482,relu
,838,838x3952,51.0,225.0,58.0,54.03600000000003,0.9840639948844908,relu
,616,616x3057,51.0,225.0,58.0,54.03600000000003,0.5654528141021729,relu
,685,685x3053,51.0,225.0,58.0,54.03600000000003,0.6232063889503479,relu
,574,574x4024,30.0,240.0,58.0,55.10100000000002,0.6879232048988342,relu
,584,584x3280,30.0,240.0,58.0,55.10100000000002,0.5691391944885253,relu
,1726,1726x134,30.0,240.0,58.0,55.10100000000002,0.0163839999586343,relu
,1057,1057x69,30.0,240.0,58.0,55.10100000000002,0.0143360001966357,relu
,1191,1191x40,30.0,240.0,58.0,55.10100000000002,0.0137215999886393,relu
,1042,1042x64,30.0,240.0,58.0,55.10100000000002,0.0141312001273036,relu
,1757,1757x99,30.0,240.0,58.0,55.10100000000002,0.0153599996119737,relu
,2034,2034x108,30.0,240.0,58.0,55.10100000000002,0.0163839999586343,relu
,1421,1421x90,18.0,240.0,57.0,54.65200000000002,0.0151551997289061,relu
,1072,1072x130,18.0,240.0,57.0,54.65200000000002,0.0153599996119737,relu
,1274,1274x239,18.0,240.0,57.0,54.65200000000002,0.0174080003052949,relu
,1672,1672x3,18.0,240.0,57.0,54.65200000000002,0.0133119998499751,relu
,1536,1536x357,18.0,240.0,57.0,54.65200000000002,0.0215039998292922,relu
,1074,1074x428,18.0,240.0,57.0,54.65200000000002,0.019455999135971,relu
,1509,1509x294,18.0,240.0,57.0,54.65200000000002,0.0186368003487586,relu
,1666,1666x290,18.0,240.0,57.0,54.65200000000002,0.019455999135971,relu
,1139,1139x283,18.0,240.0,57.0,54.65200000000002,0.0176128003746271,relu
,1811,1811x494,21.0,240.0,57.0,51.78600000000003,0.2310144007205963,relu
,1235,1235x263,21.0,240.0,57.0,51.78600000000003,0.0174080003052949,relu
,1405,1405x381,21.0,240.0,57.0,51.78600000000003,0.0208895996212959,relu
,1323,1323x332,21.0,240.0,57.0,51.78600000000003,0.019455999135971,relu
,1511,1511x284,21.0,240.0,57.0,51.78600000000003,0.0184320006519556,relu
,1999,1999x991,21.0,240.0,57.0,51.78600000000003,0.5881856083869934,relu
,1111,1111x1020,21.0,240.0,57.0,51.78600000000003,0.3137535989284515,relu
,1703,1703x897,21.0,240.0,57.0,51.78600000000003,0.4583424031734466,relu
,1086,1086x630,28.0,210.0,57.0,51.21900000000003,0.0245760008692741,relu
,1430,1430x803,28.0,210.0,57.0,51.21900000000003,0.3227647960186005,relu
,1069,1069x693,28.0,210.0,57.0,51.21900000000003,0.0262143995612859,relu
,1649,1649x980,28.0,210.0,57.0,51.21900000000003,0.4818944036960602,relu
,1292,1292x707,28.0,210.0,57.0,51.21900000000003,0.2402304023504257,relu
,1627,1627x665,28.0,210.0,57.0,51.21900000000003,0.3000320017337799,relu
,1988,1988x579,28.0,210.0,57.0,51.21900000000003,0.3213312029838562,relu
,2014,2014x2038,35.0,210.0,57.0,52.61800000000001,1.225113606452942,relu
,1505,1505x1835,35.0,210.0,57.0,52.61800000000001,0.8216575980186462,relu
,1300,1300x1197,35.0,210.0,57.0,52.61800000000001,0.4679679989814758,relu
,1948,1948x1982,35.0,210.0,57.0,52.61800000000001,1.153433585166931,relu
,1392,1392x1929,41.16,303.6,57.0,53.45392000000003,0.7919615983963013,relu
,1491,1491x1226,57.0,405.0,57.0,54.940000000000026,0.5427200198173523,relu
,1537,1537x1644,57.0,405.0,57.0,54.940000000000026,0.7503871917724609,relu
,1852,1852x1855,57.0,405.0,57.0,54.940000000000026,0.4511744081974029,relu
,1503,1503x1984,57.0,405.0,57.0,54.940000000000026,0.3911679983139038,relu
,1923,1923x1946,57.0,405.0,57.0,54.940000000000026,0.4902912080287933,relu
,1720,1720x2972,57.0,405.0,57.0,54.940000000000026,0.6744064092636108,relu
,1339,1339x3401,36.0,540.0,58.0,57.24399999999999,0.5965824127197266,relu
,1247,1247x3395,36.0,540.0,58.0,57.24399999999999,0.5537791848182678,relu
,1079,1079x2813,36.0,540.0,58.0,57.24399999999999,0.4001792013645172,relu
,1956,1956x2284,36.0,540.0,58.0,57.24399999999999,0.5873664021492004,relu
,1289,1289x3762,36.0,540.0,58.0,57.24399999999999,0.6336511969566345,relu
,1997,1997x2699,36.0,540.0,58.0,57.24399999999999,0.7120895862579346,relu
,1156,1156x3684,36.0,540.0,58.0,57.24399999999999,0.5572608113288879,relu
,1959,1959x3469,48.0,645.0,58.0,59.68800000000003,0.8929280161857605,relu
,1812,1812x2800,48.0,645.0,58.0,59.68800000000003,0.6699007987976074,relu
,2938,2938x253,48.0,645.0,58.0,59.68800000000003,0.0143360001966357,relu
,2724,2724x130,48.0,645.0,58.0,59.68800000000003,0.0114688001573085,relu
,3684,3684x100,48.0,645.0,58.0,59.68800000000003,0.0112640000879764,relu
,4034,4034x237,48.0,645.0,58.0,59.68800000000003,0.1114112004637718,relu
,2747,2747x10,48.0,645.0,58.0,59.68800000000003,0.0092160003259778,relu
,3168,3168x79,48.0,645.0,58.0,59.68800000000003,0.0112640000879764,relu
,2470,2470x200,15.0,645.0,58.0,60.087,0.012288000434637,relu
,3583,3583x123,15.0,645.0,58.0,60.087,0.012288000434637,relu
,2307,2307x113,15.0,645.0,58.0,60.087,0.0112640000879764,relu
,2825,2825x107,15.0,645.0,58.0,60.087,0.0112640000879764,relu
,2760,2760x264,15.0,645.0,58.0,60.087,0.024371200799942,relu
,3189,3189x445,15.0,645.0,58.0,60.087,0.1888255983591079,relu
,3080,3080x305,15.0,645.0,58.0,60.087,0.1089535996317863,relu
,3421,3421x266,15.0,645.0,58.0,60.087,0.1028095975518226,relu
,3017,3017x476,15.0,645.0,58.0,60.087,0.1923072040081024,relu
,2670,2670x449,16.0,645.0,58.0,57.512999999999984,0.1538048028945922,relu
,2211,2211x469,16.0,645.0,58.0,57.512999999999984,0.1257472023367881,relu
,3066,3066x370,16.0,645.0,58.0,57.512999999999984,0.1427456021308898,relu
,2837,2837x283,16.0,645.0,58.0,57.512999999999984,0.0491520017385482,relu
,3794,3794x496,16.0,645.0,58.0,57.512999999999984,0.2469887971878051,relu
,3217,3217x972,16.0,645.0,58.0,57.512999999999984,0.4093951940536499,relu
,3977,3977x964,16.0,645.0,58.0,57.512999999999984,0.5087231874465943,relu
,3278,3278x669,16.0,645.0,58.0,57.512999999999984,0.2881535947322845,relu
,4018,4018x586,28.0,645.0,58.0,56.70299999999998,0.3094527959823608,relu
,3581,3581x1016,28.0,645.0,58.0,56.70299999999998,0.477183997631073,relu
,3723,3723x552,28.0,645.0,58.0,56.70299999999998,0.2707456052303314,relu
,3557,3557x572,28.0,645.0,58.0,56.70299999999998,0.2666495978832245,relu
,2654,2654x780,28.0,645.0,58.0,56.70299999999998,0.2732032001018524,relu
,3623,3623x920,28.0,645.0,58.0,56.70299999999998,0.4386816024780273,relu
,3616,3616x828,28.0,645.0,58.0,56.70299999999998,0.3936255991458893,relu
,3310,3310x1038,23.0,465.0,58.0,58.19800000000002,0.4536320030689239,relu
,3814,3814x1374,23.0,465.0,58.0,58.19800000000002,0.6883327960968018,relu
,3894,3894x1460,23.0,465.0,58.0,58.19800000000002,0.7432191967964172,relu
,2496,2496x1365,23.0,465.0,58.0,58.19800000000002,0.4464640021324157,relu
,2170,2170x1505,23.0,465.0,58.0,58.19800000000002,0.4290559947490692,relu
,2445,2445x1457,23.0,465.0,58.0,58.19800000000002,0.4663296043872833,relu
,3567,3567x1727,39.0,450.0,58.0,59.60999999999997,0.8153088092803955,relu
,2459,2459x1031,39.0,450.0,58.0,59.60999999999997,0.3332096040248871,relu
,3900,3900x1998,39.0,450.0,58.0,59.60999999999997,1.0143743753433228,relu
,3868,3868x1503,39.0,450.0,58.0,59.60999999999997,0.7596032023429871,relu
,3252,3252x2848,39.0,450.0,58.0,59.60999999999997,1.2077056169509888,relu
,3876,3876x2522,48.0,675.0,58.0,61.22299999999998,1.2718080282211304,relu
,2168,2168x2705,48.0,675.0,58.0,61.22299999999998,0.7639039874076843,relu
,4064,4064x2419,48.0,675.0,58.0,61.22299999999998,1.274060845375061,relu
,2964,2964x3110,48.0,675.0,58.0,61.22299999999998,1.195622444152832,relu
,3555,3555x2570,48.0,675.0,58.0,61.22299999999998,1.1857919692993164,relu
,3358,3358x3544,51.0,855.0,59.0,63.365,0.2177024036645889,relu
,3264,3264x2945,51.0,855.0,59.0,63.365,0.1769471943378448,relu
,2554,2554x3169,51.0,855.0,59.0,63.365,0.1500864028930664,relu
,2911,2911x2970,51.0,855.0,59.0,63.365,0.1603583991527557,relu
,6861,6861x217,51.0,855.0,59.0,63.365,0.0317439995706081,relu
,7322,7322x50,51.0,855.0,59.0,63.365,0.0063360001891851,relu
,8049,8049x150,51.0,855.0,59.0,63.365,0.024524800479412,relu
,7181,7181x219,51.0,855.0,59.0,63.365,0.0329727999866008,relu
,6869,6869x223,8.0,1005.0,62.0,75.87799999999997,0.0325823999941349,relu
,6576,6576x89,8.0,1005.0,62.0,75.87799999999997,0.007417600043118,relu
,5080,5080x60,8.0,1005.0,62.0,75.87799999999997,0.0061440002173185,relu
,5580,5580x197,8.0,1005.0,62.0,75.87799999999997,0.0204799994826316,relu
,7417,7417x11,8.0,1005.0,62.0,75.87799999999997,0.0051199998706579,relu
,4140,4140x229,8.0,1005.0,62.0,75.87799999999997,0.0172032002359628,relu
,4383,4383x300,8.0,1005.0,62.0,75.87799999999997,0.0282624002546072,relu
,4475,4475x407,8.0,1005.0,62.0,75.87799999999997,0.0378880016505718,relu
,6039,6039x275,8.0,1005.0,62.0,75.87799999999997,0.0348160006105899,relu
,5149,5149x473,8.0,1005.0,62.0,75.87799999999997,0.0488960012793541,relu
,6179,6179x474,5.0,1005.0,63.0,90.39799999999995,0.0579520009458065,relu
,5354,5354x418,5.0,1005.0,63.0,90.39799999999995,0.0450560003519058,relu
,7429,7429x290,5.0,1005.0,63.0,90.39799999999995,0.043827199935913,relu
,4177,4177x307,5.0,1005.0,63.0,90.39799999999995,0.0266239996999502,relu
,4879,4879x435,5.0,1005.0,63.0,90.39799999999995,0.0433727994561195,relu
,6924,6924x463,5.0,1005.0,63.0,90.39799999999995,0.0626751989126205,relu
,6287,6287x567,5.0,1005.0,63.0,90.39799999999995,0.0692096009850502,relu
,6446,6446x795,5.0,1005.0,63.0,90.39799999999995,0.0972800031304359,relu
,4748,4748x591,5.0,1005.0,63.0,90.39799999999995,0.0552960000932216,relu
,7570,7570x652,13.0,1005.0,65.0,96.41599999999998,0.0935936018824577,relu
,6923,6923x763,13.0,1005.0,65.0,96.41599999999998,0.100147196650505,relu
,6991,6991x565,13.0,1005.0,65.0,96.41599999999998,0.0757760033011436,relu
,5062,5062x810,13.0,1005.0,65.0,96.41599999999998,0.0788479968905448,relu
,6594,6594x549,13.0,1005.0,65.0,96.41599999999998,0.0702336013317108,relu
,6996,6996x622,13.0,1005.0,65.0,96.41599999999998,0.0833535984158515,relu
,8127,8127x715,13.0,1005.0,65.0,96.41599999999998,0.1120192006230354,relu
,5949,5949x1988,13.0,1005.0,65.0,96.41599999999998,0.2191296011209487,relu
,7689,7689x1924,22.0,450.0,65.0,97.66100000000004,0.2719743967056274,relu
,5649,5649x1608,22.0,450.0,65.0,97.66100000000004,0.1697728008031845,relu
,8023,8023x1569,22.0,450.0,65.0,97.66100000000004,0.232652798295021,relu
,5173,5173x1249,22.0,450.0,65.0,97.66100000000004,0.1228799968957901,relu
,4523,4523x1725,22.0,450.0,65.0,97.66100000000004,0.1472512036561966,relu
,7610,7610x1532,22.0,450.0,65.0,97.66100000000004,0.2160640060901641,relu
,5722,5722x1995,22.0,450.0,65.0,97.66100000000004,0.2115584015846252,relu
,4411,4411x1585,22.0,450.0,65.0,97.66100000000004,0.132915198802948,relu
,7433,7433x1652,23.0,405.0,66.0,98.704,0.2277375996112823,relu
,6589,6589x2499,23.0,405.0,66.0,98.704,0.3018752038478851,relu
,5585,5585x2216,23.0,405.0,66.0,98.704,0.228966400027275,relu
,7626,7626x2806,23.0,405.0,66.0,98.704,0.3895296037197113,relu
,5164,5164x3405,23.0,405.0,66.0,98.704,0.3217408061027527,relu
,4968,4968x2583,23.0,405.0,66.0,98.704,0.23715840280056,relu
,6566,6566x3991,23.0,400.8,66.0,98.704,0.475955194234848,relu
,7095,7095x3885,21.0,390.0,66.0,99.357,0.4995071947574615,relu
,5153,5153x3235,21.0,390.0,66.0,99.357,0.3055552005767822,relu
,7243,7243x3647,21.0,390.0,66.0,99.357,0.4794368028640747,relu
,7827,7827x3109,21.0,390.0,66.0,99.357,0.4419583976268768,relu
,12095,12095x150,21.0,390.0,66.0,99.357,0.0399359986186027,relu
,10096,10096x1,21.0,390.0,66.0,99.357,0.0075584000907838,relu
,13511,13511x30,21.0,390.0,66.0,99.357,0.0112576000392436,relu
,14451,14451x132,10.0,405.0,67.0,100.934,0.0415743991732597,relu
,15501,15501x119,10.0,405.0,67.0,100.934,0.0409599989652633,relu
,11224,11224x91,10.0,405.0,67.0,100.934,0.0219135999679565,relu
,14651,14651x97,10.0,405.0,67.0,100.934,0.0327679999172687,relu
,10442,10442x7,10.0,405.0,67.0,100.934,0.0081919999793171,relu
,12261,12261x43,10.0,405.0,67.0,100.934,0.012288000434637,relu
,10474,10474x246,10.0,405.0,67.0,100.934,0.0538623996078968,relu
,12575,12575x320,10.0,405.0,67.0,100.934,0.0796671971678733,relu
,11868,11868x269,10.0,405.0,67.0,100.934,0.0645119994878768,relu
,10034,10034x508,15.0,405.0,66.0,98.334,0.0993279963731765,relu
,10132,10132x441,15.0,405.0,66.0,98.334,0.0878591999411582,relu
,10654,10654x411,15.0,405.0,66.0,98.334,0.085811199247837,relu
,8228,8228x333,15.0,405.0,66.0,98.334,0.0563200004398822,relu
,15196,15196x399,15.0,405.0,66.0,98.334,0.1165248021483421,relu
,16290,16290x474,15.0,405.0,66.0,98.334,0.1454080045223236,relu
,16263,16263x374,15.0,405.0,66.0,98.334,0.116736002266407,relu
,11523,11523x265,15.0,405.0,66.0,98.334,0.0624639987945556,relu
,13021,13021x984,15.0,405.0,66.0,98.334,0.2369536012411117,relu
,10537,10537x899,17.0,405.0,67.0,95.988,0.1771519929170608,relu
,8687,8687x663,17.0,405.0,67.0,95.988,0.1110016003251075,relu
,11181,11181x994,17.0,405.0,67.0,95.988,0.206847995519638,relu
,10015,10015x672,17.0,405.0,67.0,95.988,0.1280000060796737,relu
,12420,12420x826,17.0,405.0,67.0,95.988,0.1910784006118774,relu
,14753,14753x570,17.0,405.0,67.0,95.988,0.1578943938016891,relu
,14426,14426x681,17.0,405.0,67.0,95.988,0.1832959949970245,relu
,14135,14135x856,17.0,405.0,67.0,95.988,0.2240511953830719,relu
,13257,13257x705,27.0,405.0,67.0,97.875,0.1761280000209808,relu
,8980,8980x1669,27.0,405.0,67.0,97.875,0.2775039970874786,relu
,14593,14593x1753,27.0,405.0,67.0,97.875,0.4655103981494903,relu
,16007,16007x1101,27.0,405.0,67.0,97.875,0.3239935934543609,relu
,10500,10500x1354,27.0,405.0,67.0,97.875,0.2633600056171417,relu
,14543,14543x1514,27.0,405.0,67.0,97.875,0.4014079868793487,relu
,9621,9621x2046,33.0,270.0,67.0,99.59999999999997,0.3604480028152466,relu
,14145,14145x1748,33.0,270.0,67.0,99.59999999999997,0.4507648050785064,relu
,10494,10494x1278,33.0,270.0,67.0,99.59999999999997,0.2498559951782226,relu
,14201,14201x1667,33.0,270.0,67.0,99.59999999999997,0.4315136075019836,relu
,8323,8323x1341,33.0,270.0,67.0,99.59999999999997,0.2088959962129593,relu
,15766,15766x2431,33.0,270.0,67.0,99.59999999999997,0.6918144226074219,relu
,14696,14696x3823,53.0,270.0,68.0,101.834,1.0100608110427856,relu
,15995,15995x2517,53.0,270.0,68.0,101.834,0.7264255881309509,relu
,8706,8706x3606,53.0,270.0,68.0,101.834,0.5679103970527649,relu
,15122,15122x3154,53.0,270.0,68.0,101.834,0.8589311838150024,relu
,13080,13080x3898,44.36,324.6,68.0,103.10252000000006,0.9170944094657898,relu
,13057,13057x2722,29.0,375.0,68.0,104.71700000000006,0.6428672075271606,relu
,14568,14568x2089,29.0,375.0,68.0,104.71700000000006,0.5505024194717407,relu
,10609,10609x4094,29.0,375.0,68.0,104.71700000000006,0.7821311950683594,relu
,9789,9789x2198,29.0,375.0,68.0,104.71700000000006,0.3911679983139038,relu
,127,127x168,29.0,375.0,68.0,104.71700000000006,0.0071680000983178,gelu
,18,18x218,29.0,375.0,68.0,104.71700000000006,0.0071680000983178,gelu
,209,209x112,17.0,555.0,68.0,106.323,0.0071680000983178,gelu
,83,83x236,17.0,555.0,68.0,106.323,0.0069568000733852,gelu
,1,1x37,17.0,555.0,68.0,106.323,0.0061440002173185,gelu
,172,172x29,17.0,555.0,68.0,106.323,0.0071680000983178,gelu
,188,188x90,17.0,555.0,68.0,106.323,0.0071616000495851,gelu
,116,116x165,17.0,555.0,68.0,106.323,0.0071616000495851,gelu
,232,232x249,17.0,555.0,68.0,106.323,0.0071680000983178,gelu
,235,235x45,17.0,555.0,68.0,106.323,0.0071680000983178,gelu
,58,58x332,17.0,555.0,68.0,106.323,0.0071680000983178,gelu
,178,178x472,17.0,555.0,68.0,106.323,0.0071680000983178,gelu
,211,211x432,6.0,555.0,68.0,101.454,0.0079680000431835,gelu
,134,134x373,6.0,555.0,68.0,101.454,0.0077632000669836,gelu
,86,86x339,6.0,555.0,68.0,101.454,0.0071680000983178,gelu
,163,163x321,6.0,555.0,68.0,101.454,0.0071680000983178,gelu
,76,76x447,6.0,555.0,68.0,101.454,0.0071680000983178,gelu
,235,235x420,6.0,555.0,68.0,101.454,0.0081919999793171,gelu
,174,174x314,6.0,555.0,68.0,101.454,0.0071680000983178,gelu
,229,229x439,6.0,555.0,68.0,101.454,0.0081855999305844,gelu
,43,43x969,6.0,555.0,68.0,101.454,0.0071680000983178,gelu
,76,76x950,6.0,555.0,68.0,101.454,0.0071680000983178,gelu
,229,229x602,6.0,555.0,68.0,95.67599999999996,0.0081919999793171,gelu
,72,72x601,6.0,555.0,68.0,95.67599999999996,0.0071680000983178,gelu
,4,4x932,6.0,555.0,68.0,95.67599999999996,0.0071680000983178,gelu
,149,149x1015,6.0,555.0,68.0,95.67599999999996,0.0081919999793171,gelu
,79,79x781,6.0,555.0,68.0,95.67599999999996,0.0073472000658512,gelu
,15,15x635,6.0,555.0,68.0,95.67599999999996,0.0071680000983178,gelu
,62,62x895,6.0,555.0,68.0,95.67599999999996,0.0071680000983178,gelu
,183,183x680,6.0,555.0,68.0,95.67599999999996,0.0079744000919163,gelu
,40,40x1421,6.0,555.0,68.0,95.67599999999996,0.0071680000983178,gelu
,50,50x1745,6.0,555.0,68.0,95.67599999999996,0.0075712000019848,gelu
,84,84x1234,7.0,555.0,68.0,95.026,0.0081919999793171,gelu
,60,60x1293,7.0,555.0,68.0,95.026,0.0073600001633167,gelu
,89,89x1648,7.0,555.0,68.0,95.026,0.0081919999793171,gelu
,108,108x1291,7.0,555.0,68.0,95.026,0.0126912001520395,gelu
,101,101x1245,7.0,555.0,68.0,95.026,0.012288000434637,gelu
,6,6x1222,7.0,555.0,68.0,95.026,0.0102399997413158,gelu
,143,143x1737,7.0,555.0,68.0,95.026,0.0151423998177051,gelu
,99,99x1602,7.0,555.0,68.0,95.026,0.0133119998499751,gelu
,55,55x2789,7.0,555.0,68.0,95.026,0.0133119998499751,gelu
,64,64x3957,7.0,555.0,68.0,95.026,0.0153599996119737,gelu
,253,253x2522,10.0,240.0,67.0,94.74600000000004,0.0215039998292922,gelu
,220,220x2822,10.0,240.0,67.0,94.74600000000004,0.0212991997599601,gelu
,225,225x2397,10.0,240.0,67.0,94.74600000000004,0.0200447995215654,gelu
,102,102x3436,10.0,240.0,67.0,94.74600000000004,0.0163839999586343,gelu
,205,205x3507,10.0,240.0,67.0,94.74600000000004,0.0225280001759529,gelu
,129,129x4053,10.0,240.0,67.0,94.74600000000004,0.019455999135971,gelu
,14,14x2782,10.0,240.0,67.0,94.74600000000004,0.0102399997413158,gelu
,104,104x3251,10.0,240.0,67.0,94.74600000000004,0.0161791998893022,gelu
,453,453x231,10.0,240.0,67.0,94.74600000000004,0.012288000434637,gelu
,341,341x252,10.0,240.0,67.0,94.74600000000004,0.012288000434637,gelu
,500,500x81,12.0,240.0,67.0,94.22800000000002,0.0104319997131824,gelu
,288,288x15,12.0,240.0,67.0,94.22800000000002,0.0102399997413158,gelu
,476,476x177,12.0,240.0,67.0,94.22800000000002,0.0122752003371715,gelu
,300,300x34,12.0,240.0,67.0,94.22800000000002,0.0112640000879764,gelu
,473,473x216,12.0,240.0,67.0,94.22800000000002,0.012288000434637,gelu
,307,307x251,12.0,240.0,67.0,94.22800000000002,0.0122688002884387,gelu
,480,480x104,12.0,240.0,67.0,94.22800000000002,0.0112640000879764,gelu
,372,372x48,12.0,240.0,67.0,94.22800000000002,0.012288000434637,gelu
,296,296x411,12.0,240.0,67.0,94.22800000000002,0.0143360001966357,gelu
,349,349x266,12.0,240.0,67.0,94.22800000000002,0.0133119998499751,gelu
,443,443x493,11.0,210.0,66.0,90.79500000000002,0.0163839999586343,gelu
,361,361x468,11.0,210.0,66.0,90.79500000000002,0.0153599996119737,gelu
,333,333x355,11.0,210.0,66.0,90.79500000000002,0.0143360001966357,gelu
,360,360x338,11.0,210.0,66.0,90.79500000000002,0.0143360001966357,gelu
,267,267x285,11.0,210.0,66.0,90.79500000000002,0.0133119998499751,gelu
,328,328x377,11.0,210.0,66.0,90.79500000000002,0.0143360001966357,gelu
,417,417x425,11.0,210.0,66.0,90.79500000000002,0.0153599996119737,gelu
,397,397x482,11.0,210.0,66.0,90.79500000000002,0.015769599750638,gelu
,500,500x765,11.0,210.0,66.0,90.79500000000002,0.019455999135971,gelu
,284,284x758,17.0,210.0,63.0,72.64599999999997,0.015769599750638,gelu
,261,261x915,17.0,210.0,63.0,72.64599999999997,0.0163839999586343,gelu
,419,419x929,17.0,210.0,63.0,72.64599999999997,0.019455999135971,gelu
,308,308x677,17.0,210.0,63.0,72.64599999999997,0.0163839999586343,gelu
,351,351x967,17.0,210.0,63.0,72.64599999999997,0.0182272005826234,gelu
,337,337x768,17.0,210.0,63.0,72.64599999999997,0.0163839999586343,gelu
,424,424x801,17.0,210.0,63.0,72.64599999999997,0.0182272005826234,gelu
,267,267x536,17.0,210.0,63.0,72.64599999999997,0.0143360001966357,gelu
,476,476x779,17.0,210.0,63.0,72.64599999999997,0.0184320006519556,gelu
,510,510x1267,15.0,210.0,61.0,58.59500000000002,0.0239616006612777,gelu
,477,477x1448,15.0,210.0,61.0,58.59500000000002,0.0245760008692741,gelu
,405,405x1561,15.0,210.0,61.0,58.59500000000002,0.0235520005226135,gelu
,325,325x1687,15.0,210.0,61.0,58.59500000000002,0.0225280001759529,gelu
,283,283x1706,15.0,210.0,61.0,58.59500000000002,0.0215039998292922,gelu
,459,459x1784,15.0,210.0,61.0,58.59500000000002,0.0704512014985084,gelu
,324,324x1208,15.0,210.0,61.0,58.59500000000002,0.0192511994391679,gelu
,512,512x1600,15.0,210.0,61.0,58.59500000000002,0.069836801290512,gelu
,418,418x2031,15.0,210.0,61.0,58.59500000000002,0.0792575970292091,gelu
,275,275x1988,15.0,210.0,61.0,57.78099999999997,0.0221184000372886,gelu
,439,439x4036,15.0,210.0,61.0,57.78099999999997,0.2353152006864547,gelu
,402,402x2788,15.0,210.0,61.0,57.78099999999997,0.3147775948047638,gelu
,512,512x2435,15.0,210.0,61.0,57.78099999999997,0.3672064006328582,gelu
,335,335x2167,15.0,210.0,61.0,57.78099999999997,0.0276480000466108,gelu
,488,488x3379,15.0,210.0,61.0,57.78099999999997,0.4915199935436248,gelu
,304,304x3682,15.0,210.0,61.0,57.78099999999997,0.3170304000377655,gelu
,455,455x3697,35.0,210.0,60.0,56.529,0.5038080036640167,gelu
,440,440x2442,35.0,210.0,60.0,56.529,0.3010560035705566,gelu
,303,303x3779,35.0,210.0,60.0,56.529,0.3241983950138092,gelu
,371,371x2684,35.0,210.0,60.0,56.529,0.2764799952507019,gelu
,665,665x66,35.0,210.0,60.0,56.529,0.0151551997289061,gelu
,948,948x212,35.0,210.0,60.0,56.529,0.0174080003052949,gelu
,986,986x92,35.0,210.0,60.0,56.529,0.0153599996119737,gelu
,973,973x136,35.0,210.0,60.0,56.529,0.0163839999586343,gelu
,531,531x3,35.0,210.0,60.0,56.529,0.0133119998499751,gelu
,823,823x185,15.0,210.0,59.0,55.03999999999999,0.0172032002359628,gelu
,529,529x97,15.0,210.0,59.0,55.03999999999999,0.0145408000797033,gelu
,821,821x238,15.0,210.0,59.0,55.03999999999999,0.0174080003052949,gelu
,1009,1009x242,15.0,210.0,59.0,55.03999999999999,0.0188416000455617,gelu
,521,521x53,15.0,210.0,59.0,55.03999999999999,0.0149503998458385,gelu
,1012,1012x375,15.0,210.0,59.0,55.03999999999999,0.0204799994826316,gelu
,632,632x510,15.0,210.0,59.0,55.03999999999999,0.019455999135971,gelu
,865,865x481,15.0,210.0,59.0,55.03999999999999,0.0217087998986244,gelu
,881,881x498,15.0,210.0,59.0,55.03999999999999,0.0223232001066207,gelu
,673,673x508,21.0,210.0,59.0,52.78299999999999,0.0204799994826316,gelu
,880,880x390,21.0,210.0,59.0,52.78299999999999,0.0202751994132995,gelu
,745,745x318,21.0,210.0,59.0,52.78299999999999,0.0184320006519556,gelu
,619,619x282,21.0,210.0,59.0,52.78299999999999,0.0174080003052949,gelu
,633,633x362,21.0,210.0,59.0,52.78299999999999,0.0184320006519556,gelu
,855,855x327,21.0,210.0,59.0,52.78299999999999,0.0184320006519556,gelu
,806,806x688,21.0,210.0,59.0,52.78299999999999,0.0245760008692741,gelu
,746,746x654,21.0,210.0,59.0,52.78299999999999,0.0235520005226135,gelu
,523,523x584,21.0,210.0,59.0,52.78299999999999,0.019455999135971,gelu
,550,550x667,17.0,210.0,58.0,51.83200000000002,0.0204799994826316,gelu
,799,799x663,17.0,210.0,58.0,51.83200000000002,0.0245760008692741,gelu
,599,599x550,17.0,210.0,58.0,51.83200000000002,0.019455999135971,gelu
,676,676x536,17.0,210.0,58.0,51.83200000000002,0.0204799994826316,gelu
,778,778x875,17.0,210.0,58.0,51.83200000000002,0.0266239996999502,gelu
,754,754x752,17.0,210.0,58.0,51.83200000000002,0.0245760008692741,gelu
,710,710x882,17.0,210.0,58.0,51.83200000000002,0.0255999993532896,gelu
,948,948x1291,17.0,210.0,58.0,51.83200000000002,0.3586048066616058,gelu
,1023,1023x1892,17.0,210.0,58.0,52.26999999999999,0.5761023998260498,gelu
,645,645x1266,17.0,210.0,58.0,52.26999999999999,0.1292288035154342,gelu
,625,625x1272,17.0,210.0,58.0,52.26999999999999,0.0987136006355285,gelu
,823,823x1627,17.0,210.0,58.0,52.26999999999999,0.3977215945720672,gelu
,733,733x1399,17.0,210.0,58.0,52.26999999999999,0.2830336034297943,gelu
,830,830x1951,17.0,210.0,58.0,52.26999999999999,0.4853759944438934,gelu
,665,665x1691,17.0,210.0,58.0,52.26999999999999,0.3207167983055115,gelu
,797,797x1206,32.0,225.0,58.0,53.065000000000026,0.2635775923728943,gelu
,1000,1000x1063,32.0,225.0,58.0,53.065000000000026,0.288563197851181,gelu
,841,841x3694,32.0,225.0,58.0,53.065000000000026,0.925491189956665,gelu
,837,837x3613,32.0,225.0,58.0,53.065000000000026,0.9025535941123962,gelu
,774,774x2416,32.0,225.0,58.0,53.065000000000026,0.55971839427948,gelu
,572,572x3269,32.0,225.0,58.0,53.065000000000026,0.5582848072052002,gelu
,636,636x2261,32.0,225.0,58.0,53.065000000000026,0.4313087999820709,gelu
,838,838x3952,38.0,240.0,58.0,54.36400000000001,0.9838592052459716,gelu
,616,616x3057,38.0,240.0,58.0,54.36400000000001,0.5623808026313781,gelu
,685,685x3053,38.0,240.0,58.0,54.36400000000001,0.6184960007667542,gelu
,574,574x4024,38.0,240.0,58.0,54.36400000000001,0.6842367887496948,gelu
,584,584x3280,38.0,240.0,58.0,54.36400000000001,0.5672959923744202,gelu
,1726,1726x134,30.0,390.0,58.0,55.324000000000005,0.0135167999193072,gelu
,1057,1057x69,30.0,390.0,58.0,55.324000000000005,0.012288000434637,gelu
,1191,1191x40,30.0,390.0,58.0,55.324000000000005,0.0112640000879764,gelu
,1042,1042x64,30.0,390.0,58.0,55.324000000000005,0.0118784002959728,gelu
,1757,1757x99,30.0,390.0,58.0,55.324000000000005,0.0133119998499751,gelu
,2034,2034x108,30.0,390.0,58.0,55.324000000000005,0.0137215999886393,gelu
,1421,1421x90,30.0,390.0,58.0,55.324000000000005,0.0133119998499751,gelu
,1072,1072x130,30.0,390.0,58.0,55.324000000000005,0.0131071999669075,gelu
,1274,1274x239,30.0,390.0,58.0,55.324000000000005,0.0143360001966357,gelu
,1672,1672x3,13.0,390.0,57.0,54.119,0.0112640000879764,gelu
,1536,1536x357,13.0,390.0,57.0,54.119,0.0174080003052949,gelu
,1074,1074x428,13.0,390.0,57.0,54.119,0.0163839999586343,gelu
,1509,1509x294,13.0,390.0,57.0,54.119,0.0153599996119737,gelu
,1666,1666x290,13.0,390.0,57.0,54.119,0.0163839999586343,gelu
,1139,1139x283,13.0,390.0,57.0,54.119,0.0143360001966357,gelu
,1811,1811x494,13.0,390.0,57.0,54.119,0.234086400270462,gelu
,1235,1235x263,13.0,390.0,57.0,54.119,0.0143360001966357,gelu
,1405,1405x381,13.0,390.0,57.0,54.119,0.0167936000972986,gelu
,1323,1323x332,21.0,390.0,57.0,51.663,0.015769599750638,gelu
,1511,1511x284,21.0,390.0,57.0,51.663,0.0153599996119737,gelu
,1999,1999x991,21.0,390.0,57.0,51.663,0.5877760052680969,gelu
,1111,1111x1020,21.0,390.0,57.0,51.663,0.3119103908538818,gelu
,1703,1703x897,21.0,390.0,57.0,51.663,0.4560895979404449,gelu
,1086,1086x630,21.0,390.0,57.0,51.663,0.0184320006519556,gelu
,1430,1430x803,21.0,390.0,57.0,51.663,0.3196927964687347,gelu
,1069,1069x693,20.16,390.0,57.0,51.6662,0.0225280001759529,gelu
,1649,1649x980,14.0,390.0,57.0,51.683,0.4794367969036102,gelu
,1292,1292x707,14.0,390.0,57.0,51.683,0.2428927958011627,gelu
,1627,1627x665,14.0,390.0,57.0,51.683,0.2990079998970031,gelu
,1988,1988x579,14.0,390.0,57.0,51.683,0.3201023995876312,gelu
,2014,2014x2038,14.0,390.0,57.0,51.683,1.2232704401016234,gelu
,1505,1505x1835,14.0,390.0,57.0,51.683,0.3639295995235443,gelu
,1300,1300x1197,83.0,480.0,57.0,53.407,0.2086911976337432,gelu
,1948,1948x1982,83.0,480.0,57.0,53.407,0.5103615999221802,gelu
,1392,1392x1929,83.0,480.0,57.0,53.407,0.3536895930767059,gelu
,1491,1491x1226,83.0,480.0,57.0,53.407,0.2418687999248504,gelu
,1537,1537x1644,83.0,480.0,57.0,53.407,0.3325951993465423,gelu
,1852,1852x1855,83.0,480.0,57.0,53.407,0.4530175983905792,gelu
,1503,1503x1984,83.0,480.0,57.0,53.407,0.3909631967544555,gelu
,1923,1923x1946,25.0,480.0,58.0,56.353,0.4904960036277771,gelu
,1720,1720x2972,25.0,480.0,58.0,56.353,0.6815744042396545,gelu
,1339,1339x3401,25.0,480.0,58.0,56.353,0.5965824127197266,gelu
,1247,1247x3395,25.0,480.0,58.0,56.353,0.5543935894966125,gelu
,1079,1079x2813,25.0,480.0,58.0,56.353,0.3995648026466369,gelu
,1956,1956x2284,25.0,480.0,58.0,56.353,0.594534409046173,gelu
,1289,1289x3762,25.0,480.0,58.0,56.353,0.6443007946014404,gelu
,1997,1997x2699,37.0,480.0,58.0,59.89899999999998,0.7045120000839233,gelu
,1156,1156x3684,37.0,480.0,58.0,59.89899999999998,0.5568512082099915,gelu
,1959,1959x3469,37.0,480.0,58.0,59.89899999999998,0.8898559927940368,gelu
,1812,1812x2800,37.0,480.0,58.0,59.89899999999998,0.6651903867721558,gelu
,2938,2938x253,37.0,480.0,58.0,59.89899999999998,0.0163839999586343,gelu
,2724,2724x130,37.0,480.0,58.0,59.89899999999998,0.0131071999669075,gelu
,3684,3684x100,62.0,540.0,58.0,61.21900000000003,0.0133119998499751,gelu
,4034,4034x237,62.0,540.0,58.0,61.21900000000003,0.1081344008445739,gelu
,2747,2747x10,62.0,540.0,58.0,61.21900000000003,0.0102399997413158,gelu
,3168,3168x79,62.0,540.0,58.0,61.21900000000003,0.012288000434637,gelu
,2470,2470x200,62.0,540.0,58.0,61.21900000000003,0.0143360001966357,gelu
,3583,3583x123,62.0,540.0,58.0,61.21900000000003,0.0135167999193072,gelu
,2307,2307x113,62.0,540.0,58.0,61.21900000000003,0.012288000434637,gelu
,2825,2825x107,62.0,540.0,58.0,61.21900000000003,0.012288000434637,gelu
,2760,2760x264,62.0,540.0,58.0,61.21900000000003,0.0233472004532814,gelu
,3189,3189x445,12.0,540.0,58.0,59.195999999999984,0.1886208027601242,gelu
,3080,3080x305,12.0,540.0,58.0,59.195999999999984,0.1116160005331039,gelu
,3421,3421x266,12.0,540.0,58.0,59.195999999999984,0.106700798869133,gelu
,3017,3017x476,12.0,540.0,58.0,59.195999999999984,0.1912832021713257,gelu
,2670,2670x449,12.0,540.0,58.0,59.195999999999984,0.1519616037607193,gelu
,2211,2211x469,12.0,540.0,58.0,59.195999999999984,0.1267711997032165,gelu
,3066,3066x370,12.0,540.0,58.0,59.195999999999984,0.1439743965864181,gelu
,2837,2837x283,12.0,540.0,58.0,59.195999999999984,0.050790400058031,gelu
,3794,3794x496,12.0,540.0,58.0,59.195999999999984,0.2482175976037979,gelu
,3217,3217x972,20.0,540.0,57.0,56.106,0.3807231962680816,gelu
,3977,3977x964,20.0,540.0,57.0,56.106,0.5111807942390442,gelu
,3278,3278x669,20.0,540.0,57.0,56.106,0.2791423916816711,gelu
,4018,4018x586,20.0,540.0,57.0,56.106,0.3092480003833771,gelu
,3581,3581x1016,20.0,540.0,57.0,56.106,0.4757503986358642,gelu
,3723,3723x552,20.0,540.0,57.0,56.106,0.2709504067897796,gelu
,3557,3557x572,20.0,540.0,57.0,56.106,0.268697589635849,gelu
,2654,2654x780,22.0,540.0,58.0,57.28299999999997,0.2729983925819397,gelu
,3623,3623x920,22.0,540.0,58.0,57.28299999999997,0.4368384003639221,gelu
,3616,3616x828,22.0,540.0,58.0,57.28299999999997,0.3942399978637695,gelu
,3310,3310x1038,22.0,540.0,58.0,57.28299999999997,0.4515839993953705,gelu
,3814,3814x1374,22.0,540.0,58.0,57.28299999999997,0.6877184033393859,gelu
,3894,3894x1460,22.0,540.0,58.0,57.28299999999997,0.7438336133956909,gelu
,2496,2496x1365,22.0,540.0,58.0,57.28299999999997,0.4464640021324157,gelu
,2170,2170x1505,52.0,435.0,58.0,58.74,0.4276224076747894,gelu
,2445,2445x1457,52.0,435.0,58.0,58.74,0.4691967964172363,gelu
,3567,3567x1727,52.0,435.0,58.0,58.74,0.817356812953949,gelu
,2459,2459x1031,52.0,435.0,58.0,58.74,0.3334143996238708,gelu
,3900,3900x1998,52.0,435.0,58.0,58.74,1.0135551929473876,gelu
,3868,3868x1503,51.0,465.0,58.0,59.80199999999998,0.7561215996742249,gelu
,3252,3252x2848,51.0,465.0,58.0,59.80199999999998,1.20872962474823,gelu
,3876,3876x2522,51.0,465.0,58.0,59.80199999999998,1.2726272344589231,gelu
,2168,2168x2705,51.0,465.0,58.0,59.80199999999998,0.7610368013381958,gelu
,4064,4064x2419,51.0,465.0,58.0,59.80199999999998,1.2746752500534058,gelu
,2964,2964x3110,49.0,645.0,58.0,61.837,1.195622444152832,gelu
,3555,3555x2570,49.0,645.0,58.0,61.837,1.184767985343933,gelu
,3358,3358x3544,49.0,645.0,58.0,61.837,0.2179072052240371,gelu
,3264,3264x2945,49.0,645.0,58.0,61.837,0.178176000714302,gelu
,2554,2554x3169,49.0,645.0,58.0,61.837,0.1503040015697479,gelu
,2911,2911x2970,49.0,645.0,58.0,61.837,0.1599487990140914,gelu
,6861,6861x217,11.0,1005.0,61.0,70.51800000000001,0.0327551998198032,gelu
,7322,7322x50,11.0,1005.0,61.0,70.51800000000001,0.0071680000983178,gelu
,8049,8049x150,11.0,1005.0,61.0,70.51800000000001,0.0243648007512092,gelu
,7181,7181x219,11.0,1005.0,61.0,70.51800000000001,0.0335872001945972,gelu
,6869,6869x223,11.0,1005.0,61.0,70.51800000000001,0.0327679999172687,gelu
,6576,6576x89,11.0,1005.0,61.0,70.51800000000001,0.0081919999793171,gelu
,5080,5080x60,11.0,1005.0,61.0,70.51800000000001,0.0071680000983178,gelu
,5580,5580x197,11.0,1005.0,61.0,70.51800000000001,0.0204799994826316,gelu
,7417,7417x11,11.0,1005.0,61.0,70.51800000000001,0.0061440002173185,gelu
,4140,4140x229,11.0,1005.0,61.0,70.51800000000001,0.0182272005826234,gelu
,4383,4383x300,7.0,1005.0,63.0,85.35599999999998,0.0286656003445386,gelu
,4475,4475x407,7.0,1005.0,63.0,85.35599999999998,0.0378880016505718,gelu
,6039,6039x275,7.0,1005.0,63.0,85.35599999999998,0.0349888004362583,gelu
,5149,5149x473,7.0,1005.0,63.0,85.35599999999998,0.0491520017385482,gelu
,6179,6179x474,7.0,1005.0,63.0,85.35599999999998,0.0583616010844707,gelu
,5354,5354x418,7.0,1005.0,63.0,85.35599999999998,0.0458752006292343,gelu
,7429,7429x290,7.0,1005.0,63.0,85.35599999999998,0.0440255999565124,gelu
,4177,4177x307,7.0,1005.0,63.0,85.35599999999998,0.0266239996999502,gelu
,4879,4879x435,7.0,1005.0,63.0,85.35599999999998,0.0430207997560501,gelu
,6924,6924x463,7.2,1005.0,63.16,87.97367999999999,0.0624639987945556,gelu
,6287,6287x567,8.0,1005.0,64.0,96.26299999999998,0.0696320012211799,gelu
,6446,6446x795,8.0,1005.0,64.0,96.26299999999998,0.0968576028943061,gelu
,4748,4748x591,8.0,1005.0,64.0,96.26299999999998,0.0555264003574848,gelu
,7570,7570x652,8.0,1005.0,64.0,96.26299999999998,0.0942080020904541,gelu
,6923,6923x763,8.0,1005.0,64.0,96.26299999999998,0.0999423965811729,gelu
,6991,6991x565,8.0,1005.0,64.0,96.26299999999998,0.0763584032654762,gelu
,5062,5062x810,8.0,1005.0,64.0,96.26299999999998,0.0788735970854759,gelu
,6594,6594x549,8.0,1005.0,64.0,96.26299999999998,0.0702464014291763,gelu
,6996,6996x622,8.0,1005.0,64.0,96.26299999999998,0.0839679986238479,gelu
,8127,8127x715,10.0,1005.0,65.0,97.23399999999997,0.1110016003251075,gelu
,5949,5949x1988,10.0,1005.0,65.0,97.23399999999997,0.2185216039419174,gelu
,7689,7689x1924,10.0,1005.0,65.0,97.23399999999997,0.2717696011066436,gelu
,5649,5649x1608,10.0,1005.0,65.0,97.23399999999997,0.1699839979410171,gelu
,8023,8023x1569,10.0,1005.0,65.0,97.23399999999997,0.2330624014139175,gelu
,5173,5173x1249,10.0,1005.0,65.0,97.23399999999997,0.1234943971037864,gelu
,4523,4523x1725,10.0,1005.0,65.0,97.23399999999997,0.1470208019018173,gelu
,7610,7610x1532,14.0,420.0,66.0,98.782,0.2152448028326034,gelu
,5722,5722x1995,14.0,420.0,66.0,98.782,0.2119680047035217,gelu
,4411,4411x1585,14.0,420.0,66.0,98.782,0.1327103972434997,gelu
,7433,7433x1652,14.0,420.0,66.0,98.782,0.2267135977745056,gelu
,6589,6589x2499,14.0,420.0,66.0,98.782,0.3016704022884369,gelu
,5585,5585x2216,14.0,420.0,66.0,98.782,0.2285567998886108,gelu
,7626,7626x2806,14.0,420.0,66.0,98.782,0.3893248081207275,gelu
,5164,5164x3405,25.0,390.0,66.0,99.31500000000004,0.3211264014244079,gelu
,4968,4968x2583,25.0,390.0,66.0,99.31500000000004,0.2375680059194564,gelu
,6566,6566x3991,25.0,390.0,66.0,99.31500000000004,0.4755456030368805,gelu
,7095,7095x3885,25.0,390.0,66.0,99.31500000000004,0.4999167919158935,gelu
,5153,5153x3235,25.0,390.0,66.0,99.31500000000004,0.3057664036750793,gelu
,7243,7243x3647,25.0,390.0,66.0,99.31500000000004,0.4786112070083618,gelu
,7827,7827x3109,25.0,390.0,66.0,99.31500000000004,0.4427776038646698,gelu
,12095,12095x150,37.0,375.0,67.0,101.424,0.0405503988265991,gelu
,10096,10096x1,37.0,375.0,67.0,101.424,0.0081919999793171,gelu
,13511,13511x30,37.0,375.0,67.0,101.424,0.0133119998499751,gelu
,14451,14451x132,37.0,375.0,67.0,101.424,0.0419839993119239,gelu
,15501,15501x119,37.0,375.0,67.0,101.424,0.0409599989652633,gelu
,11224,11224x91,37.0,375.0,67.0,101.424,0.0225280001759529,gelu
,14651,14651x97,37.0,375.0,67.0,101.424,0.0337920002639293,gelu
,10442,10442x7,37.0,375.0,67.0,101.424,0.0102399997413158,gelu
,12261,12261x43,37.0,375.0,67.0,101.424,0.0159743998199701,gelu
,10474,10474x246,13.0,330.0,67.0,100.26099999999998,0.0552960000932216,gelu
,12575,12575x320,13.0,330.0,67.0,100.26099999999998,0.0806911975145339,gelu
,11868,11868x269,13.0,330.0,67.0,100.26099999999998,0.0661504000425338,gelu
,10034,10034x508,13.0,330.0,67.0,100.26099999999998,0.100147196650505,gelu
,10132,10132x441,13.0,330.0,67.0,100.26099999999998,0.089088000357151,gelu
,10654,10654x411,13.0,330.0,67.0,100.26099999999998,0.0870399996638298,gelu
,8228,8228x333,13.0,330.0,67.0,100.26099999999998,0.0581632010638713,gelu
,15196,15196x399,13.0,330.0,67.0,100.26099999999998,0.1177600026130676,gelu
,16290,16290x474,13.0,330.0,67.0,100.26099999999998,0.1472512036561966,gelu
,16263,16263x374,19.0,285.0,67.0,97.189,0.117958402633667,gelu
,11523,11523x265,19.0,285.0,67.0,97.189,0.0640895992517471,gelu
,13021,13021x984,19.0,285.0,67.0,97.189,0.2383872002363204,gelu
,10537,10537x899,19.0,285.0,67.0,97.189,0.178176000714302,gelu
,8687,8687x663,19.0,285.0,67.0,97.189,0.1124288007616996,gelu
,11181,11181x994,19.0,285.0,67.0,97.189,0.2078720033168792,gelu
,10015,10015x672,19.0,285.0,67.0,97.189,0.1292160004377365,gelu
,12420,12420x826,19.0,285.0,67.0,97.189,0.1925120055675506,gelu
,14753,14753x570,30.0,270.0,67.0,97.27,0.158720001578331,gelu
,14426,14426x681,30.0,270.0,67.0,97.27,0.1843136012554168,gelu
,14135,14135x856,30.0,270.0,67.0,97.27,0.2246655970811844,gelu
,13257,13257x705,30.0,270.0,67.0,97.27,0.1757184028625488,gelu
,8980,8980x1669,30.0,270.0,67.0,97.27,0.2754560112953186,gelu
,14593,14593x1753,30.0,270.0,67.0,97.27,0.4636671900749206,gelu
,16007,16007x1101,30.0,270.0,67.0,97.27,0.3225600063800812,gelu
,10500,10500x1354,44.0,255.0,68.0,99.088,0.26214399933815,gelu
,14543,14543x1514,44.0,255.0,68.0,99.088,0.4016127943992614,gelu
,9621,9621x2046,44.0,255.0,68.0,99.088,0.363724797964096,gelu
,14145,14145x1748,44.0,255.0,68.0,99.088,0.4542400002479553,gelu
,10494,10494x1278,44.0,255.0,68.0,99.088,0.2514944076538086,gelu
,14201,14201x1667,44.0,255.0,68.0,99.088,0.4351872026920318,gelu
,8323,8323x1341,31.0,240.0,68.0,101.169,0.2111359983682632,gelu
,15766,15766x2431,31.0,240.0,68.0,101.169,0.6967296004295349,gelu
,14696,14696x3823,31.0,240.0,68.0,101.169,1.0158079862594604,gelu
,15995,15995x2517,31.0,240.0,68.0,101.169,0.7254015803337097,gelu
,8706,8706x3606,31.0,240.0,68.0,101.169,0.5668864250183105,gelu
,15122,15122x3154,46.0,345.0,68.0,104.09400000000004,0.8570752024650574,gelu
,13080,13080x3898,46.0,345.0,68.0,104.09400000000004,0.9168768048286438,gelu
,13057,13057x2722,46.0,345.0,68.0,104.09400000000004,0.641433596611023,gelu
,14568,14568x2089,46.0,345.0,68.0,104.09400000000004,0.549888014793396,gelu
,10609,10609x4094,46.0,345.0,68.0,104.09400000000004,0.7806975841522217,gelu
,9789,9789x2198,42.64,529.8,68.84,106.72343999999993,0.3917632043361664,gelu
,127,127x168,42.0,555.0,69.0,107.08199999999994,0.0071680000983178,tanh
,18,18x218,42.0,555.0,69.0,107.08199999999994,0.0071680000983178,tanh
,209,209x112,42.0,555.0,69.0,107.08199999999994,0.0071680000983178,tanh
,83,83x236,42.0,555.0,69.0,107.08199999999994,0.0071680000983178,tanh
,1,1x37,42.0,555.0,69.0,107.08199999999994,0.006540800165385,tanh
,172,172x29,42.0,555.0,69.0,107.08199999999994,0.0071680000983178,tanh
,188,188x90,42.0,555.0,69.0,107.08199999999994,0.0071680000983178,tanh
,116,116x165,42.0,555.0,69.0,107.08199999999994,0.0071680000983178,tanh
,232,232x249,42.0,555.0,69.0,107.08199999999994,0.0071680000983178,tanh
,235,235x45,8.0,570.0,68.0,104.57,0.0071680000983178,tanh
,58,58x332,8.0,570.0,68.0,104.57,0.0071680000983178,tanh
,178,178x472,8.0,570.0,68.0,104.57,0.0071680000983178,tanh
,211,211x432,8.0,570.0,68.0,104.57,0.0071680000983178,tanh
,134,134x373,8.0,570.0,68.0,104.57,0.0071680000983178,tanh
,86,86x339,8.0,570.0,68.0,104.57,0.0071680000983178,tanh
,163,163x321,8.0,570.0,68.0,104.57,0.0071680000983178,tanh
,76,76x447,8.0,570.0,68.0,104.57,0.0071680000983178,tanh
,235,235x420,8.0,570.0,68.0,104.57,0.0081919999793171,tanh
,174,174x314,8.0,570.0,68.0,104.57,0.0071680000983178,tanh
,229,229x439,6.0,570.0,68.0,97.613,0.0075776000507175,tanh
,43,43x969,6.0,570.0,68.0,97.613,0.0071680000983178,tanh
,76,76x950,6.0,570.0,68.0,97.613,0.0071680000983178,tanh
,229,229x602,6.0,570.0,68.0,97.613,0.0081919999793171,tanh
,72,72x601,6.0,570.0,68.0,97.613,0.0071680000983178,tanh
,4,4x932,6.0,570.0,68.0,97.613,0.0071680000983178,tanh
,149,149x1015,6.0,570.0,68.0,97.613,0.0081919999793171,tanh
,79,79x781,6.0,570.0,68.0,97.613,0.0071680000983178,tanh
,15,15x635,6.0,570.0,68.0,97.613,0.0071680000983178,tanh
,62,62x895,6.0,570.0,68.0,97.613,0.0071680000983178,tanh
,183,183x680,6.0,570.0,68.0,95.07200000000006,0.007955199945718,tanh
,40,40x1421,6.0,570.0,68.0,95.07200000000006,0.0071680000983178,tanh
,50,50x1745,6.0,570.0,68.0,95.07200000000006,0.0071680000983178,tanh
,84,84x1234,6.0,570.0,68.0,95.07200000000006,0.0075712000019848,tanh
,60,60x1293,6.0,570.0,68.0,95.07200000000006,0.0077568000182509,tanh
,89,89x1648,6.0,570.0,68.0,95.07200000000006,0.0081919999793171,tanh
,108,108x1291,6.0,570.0,68.0,95.07200000000006,0.0081792000681161,tanh
,101,101x1245,6.0,570.0,68.0,95.07200000000006,0.012288000434637,tanh
,6,6x1222,6.0,570.0,68.0,95.07200000000006,0.0102399997413158,tanh
,143,143x1737,6.0,570.0,68.0,95.07200000000006,0.0138560000807046,tanh
,99,99x1602,11.0,240.0,67.0,95.078,0.0126784002408385,tanh
,55,55x2789,11.0,240.0,67.0,95.078,0.012288000434637,tanh
,64,64x3957,11.0,240.0,67.0,95.078,0.0139264000579714,tanh
,253,253x2522,11.0,240.0,67.0,95.078,0.0204415999352932,tanh
,220,220x2822,11.0,240.0,67.0,95.078,0.019455999135971,tanh
,225,225x2397,11.0,240.0,67.0,95.078,0.0184320006519556,tanh
,102,102x3436,11.0,240.0,67.0,95.078,0.0153599996119737,tanh
,205,205x3507,11.0,240.0,67.0,95.078,0.0215039998292922,tanh
,129,129x4053,11.0,240.0,67.0,95.078,0.0184256006032228,tanh
,14,14x2782,11.0,240.0,67.0,95.078,0.0112640000879764,tanh
,104,104x3251,12.0,240.0,67.0,94.48999999999997,0.0153599996119737,tanh
,453,453x231,12.0,240.0,67.0,94.48999999999997,0.012288000434637,tanh
,341,341x252,12.0,240.0,67.0,94.48999999999997,0.012288000434637,tanh
,500,500x81,12.0,240.0,67.0,94.48999999999997,0.0112640000879764,tanh
,288,288x15,12.0,240.0,67.0,94.48999999999997,0.0102399997413158,tanh
,476,476x177,12.0,240.0,67.0,94.48999999999997,0.0118592001497745,tanh
,300,300x34,12.0,240.0,67.0,94.48999999999997,0.0110527999699115,tanh
,473,473x216,12.0,240.0,67.0,94.48999999999997,0.012288000434637,tanh
,307,307x251,12.0,240.0,67.0,94.48999999999997,0.0116672001779079,tanh
,480,480x104,12.0,240.0,67.0,94.48999999999997,0.0112640000879764,tanh
,372,372x48,12.0,240.0,67.0,94.04300000000006,0.0106367997825145,tanh
,296,296x411,12.0,240.0,67.0,94.04300000000006,0.0143360001966357,tanh
,349,349x266,12.0,240.0,67.0,94.04300000000006,0.0133119998499751,tanh
,443,443x493,12.0,240.0,67.0,94.04300000000006,0.0153599996119737,tanh
,361,361x468,12.0,240.0,67.0,94.04300000000006,0.0143360001966357,tanh
,333,333x355,12.0,240.0,67.0,94.04300000000006,0.0139264000579714,tanh
,360,360x338,12.0,240.0,67.0,94.04300000000006,0.0143360001966357,tanh
,267,267x285,12.0,240.0,67.0,94.04300000000006,0.0133119998499751,tanh
,328,328x377,12.0,240.0,67.0,94.04300000000006,0.0143360001966357,tanh
,417,417x425,12.0,240.0,67.0,94.04300000000006,0.0147455999627709,tanh
,397,397x482,14.0,210.0,64.0,80.35999999999996,0.0151551997289061,tanh
,500,500x765,14.0,210.0,64.0,80.35999999999996,0.0174080003052949,tanh
,284,284x758,14.0,210.0,64.0,80.35999999999996,0.0153599996119737,tanh
,261,261x915,14.0,210.0,64.0,80.35999999999996,0.0153599996119737,tanh
,419,419x929,14.0,210.0,64.0,80.35999999999996,0.0174080003052949,tanh
,308,308x677,14.0,210.0,64.0,80.35999999999996,0.0151551997289061,tanh
,351,351x967,14.0,210.0,64.0,80.35999999999996,0.0163839999586343,tanh
,337,337x768,14.0,210.0,64.0,80.35999999999996,0.015769599750638,tanh
,424,424x801,14.0,210.0,62.16,65.62100000000004,0.0165888000279664,tanh
,267,267x536,14.0,210.0,62.0,65.62100000000004,0.0143360001966357,tanh
,476,476x779,14.0,210.0,62.0,65.62100000000004,0.0174080003052949,tanh
,510,510x1267,14.0,210.0,62.0,65.62100000000004,0.0225280001759529,tanh
,477,477x1448,14.0,210.0,62.0,65.62100000000004,0.0225280001759529,tanh
,405,405x1561,14.0,210.0,62.0,65.62100000000004,0.0225280001759529,tanh
,325,325x1687,14.0,210.0,62.0,65.62100000000004,0.0204799994826316,tanh
,283,283x1706,14.0,210.0,62.0,65.62100000000004,0.0188416000455617,tanh
,459,459x1784,14.0,210.0,62.0,65.62100000000004,0.0694272011518478,tanh
,324,324x1208,14.0,210.0,62.0,65.62100000000004,0.0174080003052949,tanh
,512,512x1600,14.0,210.0,61.0,57.79899999999999,0.0686080008745193,tanh
,418,418x2031,14.0,210.0,61.0,57.79899999999999,0.0800767973065376,tanh
,275,275x1988,14.0,210.0,61.0,57.79899999999999,0.0204799994826316,tanh
,439,439x4036,14.0,210.0,61.0,57.79899999999999,0.2347008019685745,tanh
,402,402x2788,14.0,210.0,61.0,57.79899999999999,0.1427455991506576,tanh
,512,512x2435,14.0,210.0,61.0,57.79899999999999,0.1654783993959427,tanh
,335,335x2167,14.0,210.0,61.0,57.79899999999999,0.0255999993532896,tanh
,488,488x3379,14.0,210.0,61.0,57.79899999999999,0.4915200054645538,tanh
,304,304x3682,30.0,210.0,60.0,57.60400000000002,0.317849600315094,tanh
,455,455x3697,30.0,210.0,60.0,57.60400000000002,0.5036032199859619,tanh
,440,440x2442,30.0,210.0,60.0,57.60400000000002,0.3002368032932281,tanh
,303,303x3779,30.0,210.0,60.0,57.60400000000002,0.3272704005241394,tanh
,371,371x2684,30.0,210.0,60.0,57.60400000000002,0.2744319975376129,tanh
,665,665x66,30.0,210.0,60.0,57.60400000000002,0.0149503998458385,tanh
,948,948x212,30.0,210.0,60.0,57.60400000000002,0.0174080003052949,tanh
,986,986x92,30.0,210.0,60.0,57.60400000000002,0.0153599996119737,tanh
,973,973x136,14.0,210.0,60.0,56.433999999999976,0.0161791998893022,tanh
,531,531x3,14.0,210.0,60.0,56.433999999999976,0.0141312001273036,tanh
,823,823x185,14.0,210.0,60.0,56.433999999999976,0.0163839999586343,tanh
,529,529x97,14.0,210.0,60.0,56.433999999999976,0.0151551997289061,tanh
,821,821x238,14.0,210.0,60.0,56.433999999999976,0.0172032002359628,tanh
,1009,1009x242,14.0,210.0,60.0,56.433999999999976,0.0176128003746271,tanh
,521,521x53,14.0,210.0,60.0,56.433999999999976,0.0143360001966357,tanh
,1012,1012x375,14.0,210.0,60.0,56.433999999999976,0.019455999135971,tanh
,632,632x510,14.0,210.0,60.0,56.433999999999976,0.0188416000455617,tanh
,865,865x481,17.0,210.0,59.0,53.55199999999999,0.0204799994826316,tanh
,881,881x498,17.0,210.0,59.0,53.55199999999999,0.0204799994826316,tanh
,673,673x508,17.0,210.0,59.0,53.55199999999999,0.019455999135971,tanh
,880,880x390,17.0,210.0,59.0,53.55199999999999,0.0192511994391679,tanh
,745,745x318,17.0,210.0,59.0,53.55199999999999,0.0174080003052949,tanh
,619,619x282,17.0,210.0,59.0,53.55199999999999,0.0165888000279664,tanh
,633,633x362,17.0,210.0,59.0,53.55199999999999,0.0174080003052949,tanh
,855,855x327,17.0,210.0,59.0,53.55199999999999,0.0184320006519556,tanh
,806,806x688,17.0,210.0,59.0,53.55199999999999,0.022732800245285,tanh
,746,746x654,17.0,210.0,59.0,53.55199999999999,0.0215039998292922,tanh
,523,523x584,18.0,210.0,58.0,52.324,0.0186368003487586,tanh
,550,550x667,18.0,210.0,58.0,52.324,0.019455999135971,tanh
,799,799x663,18.0,210.0,58.0,52.324,0.0225280001759529,tanh
,599,599x550,18.0,210.0,58.0,52.324,0.019455999135971,tanh
,676,676x536,18.0,210.0,58.0,52.324,0.019455999135971,tanh
,778,778x875,18.0,210.0,58.0,52.324,0.0253951996564865,tanh
,754,754x752,18.0,210.0,58.0,52.324,0.0233472004532814,tanh
,710,710x882,16.24,210.0,58.0,52.55727999999997,0.024371200799942,tanh
,948,948x1291,14.0,210.0,58.0,52.80999999999997,0.3596287965774536,tanh
,1023,1023x1892,14.0,210.0,58.0,52.80999999999997,0.5797888040542603,tanh
,645,645x1266,14.0,210.0,58.0,52.80999999999997,0.1304576009511947,tanh
,625,625x1272,14.0,210.0,58.0,52.80999999999997,0.1009663969278335,tanh
,823,823x1627,14.0,210.0,58.0,52.80999999999997,0.4009983956813812,tanh
,733,733x1399,14.0,210.0,58.0,52.80999999999997,0.2824192106723785,tanh
,830,830x1951,22.96,210.0,58.0,52.805200000000006,0.4640767991542816,tanh
,665,665x1691,42.0,210.0,58.0,52.795,0.3207167983055115,tanh
,797,797x1206,42.0,210.0,58.0,52.795,0.2635775983333587,tanh
,1000,1000x1063,42.0,210.0,58.0,52.795,0.2895871996879577,tanh
,841,841x3694,42.0,210.0,58.0,52.795,0.9252863883972168,tanh
,837,837x3613,42.0,210.0,58.0,52.795,0.9003008008003235,tanh
,774,774x2416,41.8,261.0,58.0,53.44012000000002,0.560537588596344,tanh
,572,572x3269,41.0,285.0,58.0,53.94700000000002,0.5593088030815124,tanh
,636,636x2261,41.0,285.0,58.0,53.94700000000002,0.4263935983181,tanh
,838,838x3952,41.0,285.0,58.0,53.94700000000002,0.9811968088150024,tanh
,616,616x3057,41.0,285.0,58.0,53.94700000000002,0.5601279973983765,tanh
,685,685x3053,41.0,285.0,58.0,53.94700000000002,0.6230015993118286,tanh
,574,574x4024,43.0,405.0,58.0,55.88400000000001,0.6864895939826965,tanh
,584,584x3280,43.0,405.0,58.0,55.88400000000001,0.5715968012809753,tanh
,1726,1726x134,43.0,405.0,58.0,55.88400000000001,0.0131071999669075,tanh
,1057,1057x69,43.0,405.0,58.0,55.88400000000001,0.0112640000879764,tanh
,1191,1191x40,43.0,405.0,58.0,55.88400000000001,0.0112640000879764,tanh
,1042,1042x64,43.0,405.0,58.0,55.88400000000001,0.0112640000879764,tanh
,1757,1757x99,43.0,405.0,58.0,55.88400000000001,0.012288000434637,tanh
,2034,2034x108,43.0,405.0,58.0,55.88400000000001,0.0133119998499751,tanh
,1421,1421x90,43.0,405.0,58.0,55.88400000000001,0.012288000434637,tanh
,1072,1072x130,17.0,420.0,58.0,55.715,0.012288000434637,tanh
,1274,1274x239,17.0,420.0,58.0,55.715,0.0133119998499751,tanh
,1672,1672x3,17.0,420.0,58.0,55.715,0.0112640000879764,tanh
,1536,1536x357,17.0,420.0,58.0,55.715,0.0153599996119737,tanh
,1074,1074x428,17.0,420.0,58.0,55.715,0.0143360001966357,tanh
,1509,1509x294,17.0,420.0,58.0,55.715,0.0143360001966357,tanh
,1666,1666x290,17.0,420.0,58.0,55.715,0.0153599996119737,tanh
,1139,1139x283,17.0,420.0,58.0,55.715,0.0133119998499751,tanh
,1811,1811x494,17.0,420.0,58.0,55.715,0.2310144007205963,tanh
,1235,1235x263,18.0,420.0,57.0,53.23499999999999,0.0133119998499751,tanh
,1405,1405x381,18.0,420.0,57.0,53.23499999999999,0.0153599996119737,tanh
,1323,1323x332,18.0,420.0,57.0,53.23499999999999,0.0143360001966357,tanh
,1511,1511x284,18.0,420.0,57.0,53.23499999999999,0.0143360001966357,tanh
,1999,1999x991,18.0,420.0,57.0,53.23499999999999,0.5861376047134399,tanh
,1111,1111x1020,18.0,420.0,57.0,53.23499999999999,0.3123199999332428,tanh
,1703,1703x897,18.0,420.0,57.0,53.23499999999999,0.4585471928119659,tanh
,1086,1086x630,18.0,420.0,57.0,53.23499999999999,0.0169984001666307,tanh
,1430,1430x803,39.0,420.0,58.0,52.62599999999998,0.3205120027065277,tanh
,1069,1069x693,39.0,420.0,58.0,52.62599999999998,0.0219135999679565,tanh
,1649,1649x980,39.0,420.0,58.0,52.62599999999998,0.4814848065376281,tanh
,1292,1292x707,39.0,420.0,58.0,52.62599999999998,0.2416640013456344,tanh
,1627,1627x665,39.0,420.0,58.0,52.62599999999998,0.3002367973327636,tanh
,1988,1988x579,39.0,420.0,58.0,52.62599999999998,0.3205120027065277,tanh
,2014,2014x2038,39.0,420.0,58.0,52.62599999999998,1.225318431854248,tanh
,1505,1505x1835,26.0,360.0,57.0,54.19299999999999,0.8218624114990234,tanh
,1300,1300x1197,26.0,360.0,57.0,54.19299999999999,0.4665343999862671,tanh
,1948,1948x1982,26.0,360.0,57.0,54.19299999999999,1.1479039907455444,tanh
,1392,1392x1929,26.0,360.0,57.0,54.19299999999999,0.3543039917945861,tanh
,1491,1491x1226,26.0,360.0,57.0,54.19299999999999,0.2428927987813949,tanh
,1537,1537x1644,26.0,363.6,57.0,54.19299999999999,0.3330048024654388,tanh
,1852,1852x1855,54.0,450.0,58.0,56.26700000000003,0.453222393989563,tanh
,1503,1503x1984,54.0,450.0,58.0,56.26700000000003,0.3911680042743682,tanh
,1923,1923x1946,54.0,450.0,58.0,56.26700000000003,0.4898815989494324,tanh
,1720,1720x2972,54.0,450.0,58.0,56.26700000000003,0.6739968061447144,tanh
,1339,1339x3401,54.0,450.0,58.0,56.26700000000003,0.5951488018035889,tanh
,1247,1247x3395,52.8,457.2,58.0,56.47300000000004,0.5550079941749573,tanh
,1079,1079x2813,39.0,540.0,58.0,58.84200000000003,0.3989503979682922,tanh
,1956,1956x2284,39.0,540.0,58.0,58.84200000000003,0.5877760171890258,tanh
,1289,1289x3762,39.0,540.0,58.0,58.84200000000003,0.6385663986206055,tanh
,1997,1997x2699,39.0,540.0,58.0,58.84200000000003,0.7081983804702758,tanh
,1156,1156x3684,39.0,540.0,58.0,58.84200000000003,0.5558272004127502,tanh
,1959,1959x3469,39.0,540.0,58.0,58.84200000000003,0.8861696124076843,tanh
,1812,1812x2800,24.0,645.0,58.0,60.804000000000016,0.6670336127281189,tanh
,2938,2938x253,24.0,645.0,58.0,60.804000000000016,0.0145408000797033,tanh
,2724,2724x130,24.0,645.0,58.0,60.804000000000016,0.012288000434637,tanh
,3684,3684x100,24.0,645.0,58.0,60.804000000000016,0.012288000434637,tanh
,4034,4034x237,24.0,645.0,58.0,60.804000000000016,0.1132544010877609,tanh
,2747,2747x10,24.0,645.0,58.0,60.804000000000016,0.0102399997413158,tanh
,3168,3168x79,24.0,645.0,58.0,60.804000000000016,0.0112640000879764,tanh
,2470,2470x200,24.0,645.0,58.0,60.804000000000016,0.012288000434637,tanh
,3583,3583x123,24.0,645.0,58.0,60.804000000000016,0.012288000434637,tanh
,2307,2307x113,10.0,645.0,58.0,60.08799999999999,0.0112640000879764,tanh
,2825,2825x107,10.0,645.0,58.0,60.08799999999999,0.0116736002266407,tanh
,2760,2760x264,10.0,645.0,58.0,60.08799999999999,0.024371200799942,tanh
,3189,3189x445,10.0,645.0,58.0,60.08799999999999,0.1886207997798919,tanh
,3080,3080x305,10.0,645.0,58.0,60.08799999999999,0.1099775999784469,tanh
,3421,3421x266,10.0,645.0,58.0,60.08799999999999,0.1054719984531402,tanh
,3017,3017x476,10.0,645.0,58.0,60.08799999999999,0.1910784035921096,tanh
,2670,2670x449,10.0,645.0,58.0,60.08799999999999,0.151756802201271,tanh
,2211,2211x469,10.0,645.0,58.0,60.08799999999999,0.1259520053863525,tanh
,3066,3066x370,16.0,645.0,58.0,57.83899999999996,0.1445887982845306,tanh
,2837,2837x283,16.0,645.0,58.0,57.83899999999996,0.052633599191904,tanh
,3794,3794x496,16.0,645.0,58.0,57.83899999999996,0.2482176005840301,tanh
,3217,3217x972,16.0,645.0,58.0,57.83899999999996,0.4100095987319946,tanh
,3977,3977x964,16.0,645.0,58.0,57.83899999999996,0.5099519968032837,tanh
,3278,3278x669,16.0,645.0,58.0,57.83899999999996,0.288563197851181,tanh
,4018,4018x586,16.0,645.0,58.0,57.83899999999996,0.3090432047843933,tanh
,3581,3581x1016,19.0,645.0,58.0,56.63300000000002,0.4780032038688659,tanh
,3723,3723x552,19.0,645.0,58.0,56.63300000000002,0.2717695951461792,tanh
,3557,3557x572,19.0,645.0,58.0,56.63300000000002,0.2676735937595367,tanh
,2654,2654x780,19.0,645.0,58.0,56.63300000000002,0.2723839938640594,tanh
,3623,3623x920,19.0,645.0,58.0,56.63300000000002,0.4376575946807861,tanh
,3616,3616x828,19.0,645.0,58.0,56.63300000000002,0.394649600982666,tanh
,3310,3310x1038,19.0,645.0,58.0,56.63300000000002,0.4548608064651489,tanh
,3814,3814x1374,23.0,480.0,58.0,57.29299999999997,0.6885376095771789,tanh
,3894,3894x1460,23.0,480.0,58.0,57.29299999999997,0.7430144071578979,tanh
,2496,2496x1365,23.0,480.0,58.0,57.29299999999997,0.4474879920482635,tanh
,2170,2170x1505,23.0,480.0,58.0,57.29299999999997,0.4290560007095337,tanh
,2445,2445x1457,23.0,480.0,58.0,57.29299999999997,0.4679679989814758,tanh
,3567,3567x1727,23.0,480.0,58.0,57.29299999999997,0.814079999923706,tanh
,2459,2459x1031,24.0,495.0,58.0,59.00299999999999,0.3350527882575989,tanh
,3900,3900x1998,24.0,495.0,58.0,59.00299999999999,1.0119167804718017,tanh
,3868,3868x1503,24.0,495.0,58.0,59.00299999999999,0.7596032023429871,tanh
,3252,3252x2848,24.0,495.0,58.0,59.00299999999999,1.2077056169509888,tanh
,3876,3876x2522,24.0,495.0,58.0,59.00299999999999,1.2728320360183716,tanh
,2168,2168x2705,61.0,630.0,58.0,61.25099999999998,0.7632895946502686,tanh
,4064,4064x2419,61.0,630.0,58.0,61.25099999999998,1.2740608215332032,tanh
,2964,2964x3110,61.0,630.0,58.0,61.25099999999998,1.1950080394744873,tanh
,3555,3555x2570,61.0,630.0,58.0,61.25099999999998,1.1829247713088988,tanh
,3358,3358x3544,61.0,630.0,58.0,61.25099999999998,0.2178816050291061,tanh
,3264,3264x2945,52.0,1005.0,59.0,64.31099999999998,0.1767231971025467,tanh
,2554,2554x3169,52.0,1005.0,59.0,64.31099999999998,0.1496384024620056,tanh
,2911,2911x2970,52.0,1005.0,59.0,64.31099999999998,0.159743994474411,tanh
,6861,6861x217,52.0,1005.0,59.0,64.31099999999998,0.0317439995706081,tanh
,7322,7322x50,52.0,1005.0,59.0,64.31099999999998,0.0062272001057863,tanh
,8049,8049x150,52.0,1005.0,59.0,64.31099999999998,0.0237568005919456,tanh
,7181,7181x219,52.0,1005.0,59.0,64.31099999999998,0.0335359998047351,tanh
,6869,6869x223,52.0,1005.0,59.0,64.31099999999998,0.0325567997992038,tanh
,6576,6576x89,52.0,1005.0,59.0,64.31099999999998,0.0071680000983178,tanh
,5080,5080x60,6.0,1005.0,62.0,79.93800000000005,0.0061440002173185,tanh
,5580,5580x197,6.0,1005.0,62.0,79.93800000000005,0.0208383996039628,tanh
,7417,7417x11,6.0,1005.0,62.0,79.93800000000005,0.0051199998706579,tanh
,4140,4140x229,6.0,1005.0,62.0,79.93800000000005,0.0174080003052949,tanh
,4383,4383x300,6.0,1005.0,62.0,79.93800000000005,0.0276480000466108,tanh
,4475,4475x407,6.0,1005.0,62.0,79.93800000000005,0.0378688015043735,tanh
,6039,6039x275,6.0,1005.0,62.0,79.93800000000005,0.0348160006105899,tanh
,5149,5149x473,6.0,1005.0,62.0,79.93800000000005,0.0488832011818885,tanh
,6179,6179x474,6.0,1005.0,62.0,79.93800000000005,0.0573184005916118,tanh
,5354,5354x418,6.0,1005.0,62.0,79.93800000000005,0.0450560003519058,tanh
,7429,7429x290,7.0,1005.0,64.0,96.07400000000004,0.043801599740982,tanh
,4177,4177x307,7.0,1005.0,64.0,96.07400000000004,0.0266239996999502,tanh
,4879,4879x435,7.0,1005.0,64.0,96.07400000000004,0.0427903994917869,tanh
,6924,6924x463,7.0,1005.0,64.0,96.07400000000004,0.0624639987945556,tanh
,6287,6287x567,7.0,1005.0,64.0,96.07400000000004,0.0690176010131835,tanh
,6446,6446x795,7.0,1005.0,64.0,96.07400000000004,0.0968704029917717,tanh
,4748,4748x591,7.0,1005.0,64.0,96.07400000000004,0.0552960000932216,tanh
,7570,7570x652,7.0,1005.0,64.0,96.07400000000004,0.0931840017437934,tanh
,6923,6923x763,7.0,1005.0,64.0,96.07400000000004,0.0994751989841461,tanh
,6991,6991x565,11.0,1005.0,65.0,96.97600000000006,0.0755712032318115,tanh
,5062,5062x810,11.0,1005.0,65.0,96.97600000000006,0.0788479968905448,tanh
,6594,6594x549,11.0,1005.0,65.0,96.97600000000006,0.0702208012342453,tanh
,6996,6996x622,11.0,1005.0,65.0,96.97600000000006,0.0837631985545158,tanh
,8127,8127x715,11.0,1005.0,65.0,96.97600000000006,0.1116160005331039,tanh
,5949,5949x1988,11.0,1005.0,65.0,96.97600000000006,0.2191359996795654,tanh
,7689,7689x1924,11.0,1005.0,65.0,96.97600000000006,0.2723839879035949,tanh
,5649,5649x1608,11.0,1005.0,65.0,96.97600000000006,0.1705856025218963,tanh
,8023,8023x1569,11.0,936.6,65.0,96.97600000000006,0.2328575998544693,tanh
,5173,5173x1249,22.0,435.0,66.0,98.422,0.1234943971037864,tanh
,4523,4523x1725,22.0,435.0,66.0,98.422,0.1472512036561966,tanh
,7610,7610x1532,22.0,435.0,66.0,98.422,0.2162560045719146,tanh
,5722,5722x1995,22.0,435.0,66.0,98.422,0.2117632031440735,tanh
,4411,4411x1585,22.0,435.0,66.0,98.422,0.132915198802948,tanh
,7433,7433x1652,22.0,435.0,66.0,98.422,0.2273280024528503,tanh
,6589,6589x2499,22.0,435.0,66.0,98.422,0.3022720038890839,tanh
,5585,5585x2216,20.0,405.0,66.0,98.898,0.228966400027275,tanh
,7626,7626x2806,20.0,405.0,66.0,98.898,0.3905535936355591,tanh
,5164,5164x3405,20.0,405.0,66.0,98.898,0.3219456076622009,tanh
,4968,4968x2583,20.0,405.0,66.0,98.898,0.2379776000976562,tanh
,6566,6566x3991,20.0,405.0,66.0,98.898,0.4763520002365112,tanh
,7095,7095x3885,20.0,405.0,66.0,98.898,0.5001215934753418,tanh
,5153,5153x3235,20.0,405.0,66.0,98.898,0.3063744068145752,tanh
,7243,7243x3647,39.0,375.0,67.0,100.213,0.4794304072856903,tanh
,7827,7827x3109,39.0,375.0,67.0,100.213,0.4429696023464203,tanh
,12095,12095x150,39.0,375.0,67.0,100.213,0.0409599989652633,tanh
,10096,10096x1,39.0,375.0,67.0,100.213,0.0081919999793171,tanh
,13511,13511x30,39.0,375.0,67.0,100.213,0.012288000434637,tanh
,14451,14451x132,39.0,375.0,67.0,100.213,0.0423871994018554,tanh
,15501,15501x119,39.0,375.0,67.0,100.213,0.0415231987833976,tanh
,11224,11224x91,39.0,375.0,67.0,100.213,0.0215039998292922,tanh
,14651,14651x97,11.0,360.0,67.0,100.509,0.0337920002639293,tanh
,10442,10442x7,11.0,360.0,67.0,100.509,0.0100096000358462,tanh
,12261,12261x43,11.0,360.0,67.0,100.509,0.0143360001966357,tanh
,10474,10474x246,11.0,360.0,67.0,100.509,0.0550847999751567,tanh
,12575,12575x320,11.0,360.0,67.0,100.509,0.0808959975838661,tanh
,11868,11868x269,11.0,360.0,67.0,100.509,0.0661504000425338,tanh
,10034,10034x508,11.0,360.0,67.0,100.509,0.1003519967198371,tanh
,10132,10132x441,11.0,360.0,67.0,100.509,0.089088000357151,tanh
,10654,10654x411,11.0,360.0,67.0,100.509,0.0876543998718261,tanh
,8228,8228x333,20.0,300.0,67.0,98.30600000000004,0.0581632010638713,tanh
,15196,15196x399,20.0,300.0,67.0,98.30600000000004,0.1175360023975372,tanh
,16290,16290x474,20.0,300.0,67.0,98.30600000000004,0.1470464020967483,tanh
,16263,16263x374,20.0,300.0,67.0,98.30600000000004,0.1177600026130676,tanh
,11523,11523x265,20.0,300.0,67.0,98.30600000000004,0.0645119994878768,tanh
,13021,13021x984,20.0,300.0,67.0,98.30600000000004,0.2383872002363204,tanh
,10537,10537x899,20.0,300.0,67.0,98.30600000000004,0.1789823949337005,tanh
,8687,8687x663,21.6,294.0,67.0,97.88580000000002,0.1124352008104324,tanh
,11181,11181x994,28.0,270.0,67.0,96.20499999999996,0.2082816004753112,tanh
,10015,10015x672,28.0,270.0,67.0,96.20499999999996,0.1298432052135467,tanh
,12420,12420x826,28.0,270.0,67.0,96.20499999999996,0.1929215997457504,tanh
,14753,14753x570,28.0,270.0,67.0,96.20499999999996,0.1601535975933075,tanh
,14426,14426x681,28.0,270.0,67.0,96.20499999999996,0.1859584003686905,tanh
,14135,14135x856,28.0,270.0,67.0,96.20499999999996,0.2263039946556091,tanh
,13257,13257x705,28.0,270.0,67.0,96.20499999999996,0.1779711991548538,tanh
,8980,8980x1669,29.0,255.0,67.0,97.80600000000004,0.2779136002063751,tanh
,14593,14593x1753,29.0,255.0,67.0,97.80600000000004,0.4665280044078826,tanh
,16007,16007x1101,29.0,255.0,67.0,97.80600000000004,0.3246015965938568,tanh
,10500,10500x1354,29.0,255.0,67.0,97.80600000000004,0.26419198513031,tanh
,14543,14543x1514,29.0,255.0,67.0,97.80600000000004,0.4022271931171417,tanh
,9621,9621x2046,29.0,255.0,67.0,97.80600000000004,0.361868804693222,tanh
,14145,14145x1748,29.0,255.0,67.0,97.80600000000004,0.4509696066379547,tanh
,10494,10494x1278,41.0,240.0,67.0,100.12699999999997,0.2498559951782226,tanh
,14201,14201x1667,41.0,240.0,67.0,100.12699999999997,0.4323328077793121,tanh
,8323,8323x1341,41.0,240.0,67.0,100.12699999999997,0.2091007977724075,tanh
,15766,15766x2431,41.0,240.0,67.0,100.12699999999997,0.6922240018844604,tanh
,14696,14696x3823,41.0,240.0,67.0,100.12699999999997,1.010265588760376,tanh
,15995,15995x2517,51.0,300.0,68.0,101.826,0.7270399928092957,tanh
,8706,8706x3606,51.0,300.0,68.0,101.826,0.5691391825675964,tanh
,15122,15122x3154,51.0,300.0,68.0,101.826,0.8597503900527954,tanh
,13080,13080x3898,51.0,300.0,68.0,101.826,0.917299211025238,tanh
,13057,13057x2722,51.0,300.0,68.0,101.826,0.6434816122055054,tanh
,14568,14568x2089,60.0,390.0,68.0,105.58199999999994,0.5505024194717407,tanh
,10609,10609x4094,60.0,390.0,68.0,105.58199999999994,0.7823359966278076,tanh
,9789,9789x2198,60.0,390.0,68.0,105.58199999999994,0.3917824029922485,tanh
