Kernel Name,Batch Size,Dimension,GPU Utilization Rate (%),GPU Core Frequency (MHz),GPU Temperature (C),GPU Power (W),Latency (ms),OPName
,8,8x2x18x16,8.0,1470.0,47.0,43.558999999999976,0.0046079999767243,bmm
,18,18x1x11x28,8.0,1470.0,47.0,43.886,0.0050111999735236,bmm
,6,6x19x24x13,5.0,1470.0,47.0,43.99,0.006195200048387,bmm
,5,5x11x16x43,5.0,1470.0,47.0,43.92899999999999,0.004851199965924,bmm
,26,26x30x10x49,5.0,1470.0,47.04,43.97199999999999,0.0085760001093149,bmm
,5,5x25x25x62,5.0,1470.0,48.0,44.211000000000006,0.0103551998734474,bmm
,20,20x33x13x84,5.0,1470.0,48.0,44.28099999999998,0.0102399997413158,bmm
,9,9x9x31x86,5.0,1470.0,48.0,44.44299999999999,0.0058752000331878,bmm
,15,15x1x5x72,5.0,1470.0,48.0,44.52999999999998,0.0042816000059247,bmm
,7,7x7x28x219,5.0,1470.0,49.0,44.40099999999998,0.0062720000743865,bmm
,18,18x30x16x148,5.0,1470.0,49.0,44.43100000000001,0.0102591997012496,bmm
,25,25x17x30x202,5.0,1470.0,49.0,44.86699999999999,0.0104127997532486,bmm
,12,12x5x5x377,5.0,1470.0,49.0,45.11800000000002,0.0054911999963223,bmm
,21,21x5x1x491,5.0,1470.0,49.0,44.598120000000016,0.0051008000038564,bmm
,9,9x17x8x311,5.0,1470.0,49.0,44.64432,0.0081919999793171,bmm
,9,9x17x11x965,5.0,1470.0,49.0,44.537600000000005,0.0108224000781774,bmm
,16,16x7x23x929,5.0,1470.0,49.0,44.57312000000002,0.0131840001791715,bmm
,15,15x13x30x871,5.0,1470.0,49.44,44.65519999999999,0.0184256006032228,bmm
,12,12x17x35x7,5.0,1470.0,50.0,44.65952,0.0106560001149773,bmm
,22,22x21x40x20,5.0,1470.0,50.0,44.62239999999998,0.0105279998853802,bmm
,14,14x28x53x30,5.0,1470.0,50.0,44.75776000000002,0.0122944002971053,bmm
,2,2x3x48x63,4.04,1470.0,50.0,45.30739999999999,0.004838400054723,bmm
,16,16x8x62x41,4.0,1470.0,50.0,45.29600000000002,0.0060800000093877,bmm
,5,5x19x48x50,4.0,1470.0,50.0,44.94399999999999,0.0108095999807119,bmm
,14,14x27x57x67,4.0,1470.0,50.0,44.83000000000001,0.0134783998131752,bmm
,26,26x11x62x81,4.0,1470.0,50.0,45.04499999999999,0.0081279998645186,bmm
,25,25x18x59x97,4.0,1470.0,50.0,44.852720000000005,0.0187968000769615,bmm
,8,8x14x62x194,4.0,1470.0,50.0,44.950400000000016,0.0072639998979866,bmm
,3,3x23x60x223,4.0,1470.0,50.0,45.03339999999999,0.0130815997719764,bmm
,28,28x18x53x191,4.0,1470.0,50.0,44.98987999999999,0.0185280002653598,bmm
,18,18x18x33x354,4.0,1470.0,50.0,45.084600000000016,0.0123328000307083,bmm
,31,31x23x60x426,4.0,1470.0,50.0,45.02051999999999,0.0272640001028776,bmm
,7,7x13x51x373,4.0,1470.0,50.0,45.1922,0.0074495998211205,bmm
,29,29x22x44x565,4.0,1470.0,50.0,45.09384000000002,0.0271423999220132,bmm
,25,25x29x61x817,4.0,1470.0,50.0,45.22279999999997,0.0391552001237869,bmm
,31,31x19x35x750,4.0,1470.0,50.64,45.34400000000002,0.0290560003370046,bmm
,20,20x19x121x8,4.0,1470.0,51.0,45.39599999999999,0.0187583997845649,bmm
,18,18x3x87x31,4.0,1470.0,51.0,45.05200000000001,0.0059136000461876,bmm
,19,19x26x69x30,4.0,1470.0,51.0,44.87199999999999,0.0142656000331044,bmm
,18,18x9x101x61,4.0,1470.0,51.0,44.79899999999999,0.0068608000874519,bmm
,33,33x18x118x63,4.0,1470.0,51.0,44.971,0.0185152001678943,bmm
,32,32x10x122x63,4.0,1470.0,51.0,45.17100000000002,0.0086015999317169,bmm
,32,32x3x81x129,4.0,1470.0,51.0,45.20900000000003,0.0076224000193178,bmm
,25,25x21x127x69,4.0,1470.0,51.0,45.17444,0.030732799321413,bmm
,23,23x24x120x83,4.0,1470.0,51.0,45.1858,0.0287616003304719,bmm
,30,30x19x85x147,4.0,1470.0,51.0,45.20328000000001,0.0245760008692741,bmm
,2,2x26x100x131,4.0,1470.0,51.0,45.18548,0.0168767999857664,bmm
,6,6x19x106x235,4.0,1470.0,51.0,45.16228000000001,0.0179327998310327,bmm
,26,26x24x76x459,4.0,1470.0,51.0,45.13648000000001,0.0305920001119375,bmm
,20,20x27x79x328,4.0,1470.0,51.0,45.8996,0.0184000004082918,bmm
,27,27x18x69x446,4.0,1470.0,51.0,46.029,0.0280703999102115,bmm
,2,2x4x107x762,4.0,1470.0,51.0,46.09000000000001,0.0067391999065876,bmm
,9,9x1x110x756,4.0,1470.0,51.0,45.85400000000001,0.0130560001358389,bmm
,3,3x20x123x544,4.0,1470.0,51.0,45.90999999999999,0.0193664003163576,bmm
,19,19x30x239x7,4.0,1470.0,51.0,45.77499999999999,0.0299392003566026,bmm
,10,10x31x146x6,4.0,1470.0,51.0,45.929,0.0213247999548912,bmm
,7,7x33x183x10,4.0,1470.0,51.0,45.54200000000001,0.0143680000677704,bmm
,23,23x1x175x42,4.0,1470.0,51.0,45.57500000000002,0.0068991999141871,bmm
,10,10x11x141x38,4.0,1470.0,51.0,45.32799999999998,0.0062783999368548,bmm
,3,3x15x230x36,4.0,1470.0,51.0,45.489,0.007123199943453,bmm
,33,33x23x147x115,4.0,1470.0,51.0,45.138000000000005,0.0352832004427909,bmm
,24,24x6x240x78,5.0,768.0,51.0,43.95224,0.0120448000729084,bmm
,10,10x16x155x83,5.0,487.8,50.52,29.782320000000016,0.0242368001490831,bmm
,20,20x18x143x219,5.0,480.0,50.0,24.625640000000004,0.0660608008503913,bmm
,21,21x31x257x167,5.0,450.0,50.0,24.77300000000001,0.180563199520111,bmm
,27,27x22x142x214,5.0,447.6,50.0,24.90468000000001,0.0827904015779495,bmm
,25,25x22x161x304,5.0,420.0,48.0,24.26448,0.197580799460411,bmm
,7,7x33x138x429,7.88,416.4,48.0,23.124840000000003,0.1132927998900413,bmm
,20,20x31x178x445,17.0,402.6,46.4,22.7692,0.2417023986577987,bmm
,6,6x11x198x973,17.0,390.0,46.0,23.39343999999999,0.4211328029632568,bmm
,15,15x2x210x614,17.0,390.0,46.0,23.68124000000001,0.5559808015823364,bmm
,8,8x19x189x821,17.0,390.0,46.0,23.624799999999983,0.4594816029071807,bmm
,16,16x27x352x6,20.2,390.0,45.72,22.63364,0.1453952014446258,bmm
,9,9x3x437x22,27.0,390.0,45.0,22.11667999999999,0.0293503999710083,bmm
,26,26x31x386x3,27.0,390.0,45.0,22.4426,0.1606783986091614,bmm
,24,24x18x299x60,27.0,390.0,45.0,22.2122,0.1655104011297226,bmm
,3,3x23x479x50,27.0,390.0,45.0,22.30567999999999,0.1023679971694946,bmm
,3,3x10x487x56,27.0,390.0,45.0,22.26148,0.0338047996163368,bmm
,17,17x29x366x101,22.8,390.0,44.0,22.50707999999999,0.2891200006008148,bmm
,24,24x33x371x80,20.0,390.0,44.0,22.577800000000007,0.4173823952674865,bmm
,5,5x9x419x74,20.0,390.0,44.0,22.37724,0.0327231995761394,bmm
,23,23x19x297x193,20.0,390.0,44.0,22.70252,0.4924991965293884,bmm
,27,27x2x511x203,20.0,390.0,44.0,23.273840000000003,0.7650304198265075,bmm
,21,21x21x433x231,24.8,390.0,44.0,22.980399999999985,0.7040831923484803,bmm
,16,16x11x424x417,28.0,390.0,43.6,23.59756,0.8140352010726929,bmm
,19,19x32x497x403,28.0,390.0,43.0,23.826720000000005,1.1892159938812257,bmm
,33,33x29x400x317,28.0,433.2,43.0,23.230400000000003,1.219481611251831,bmm
,31,31x30x333x656,33.44,475.8,43.0,24.599,2.137107229232788,bmm
,31,31x17x373x565,36.0,561.0,43.0,24.7778,0.7099392056465149,bmm
,33,33x31x288x654,36.0,675.0,43.0,24.109039999999982,0.7276864051818848,bmm
,20,20x19x725x32,36.0,675.0,43.0,23.567159999999998,0.21039360165596,bmm
,17,17x31x732x13,36.0,675.0,43.0,23.032279999999997,0.165785601735115,bmm
,1,1x11x929x31,29.0,675.0,43.0,22.31931999999999,0.0225664000958204,bmm
,19,19x3x522x52,29.0,675.0,43.0,22.31916,0.02449920065701,bmm
,22,22x19x710x44,29.0,675.0,43.0,22.55936,0.22741120159626,bmm
,18,18x22x822x33,29.0,675.0,43.0,23.11224,0.2417344003915786,bmm
,9,9x31x669x123,29.0,675.0,43.0,22.7706,0.2186816036701202,bmm
,29,29x8x723x127,29.0,675.0,43.0,23.42204000000001,0.3092351973056793,bmm
,5,5x3x946x109,14.0,675.0,43.0,22.627,0.0368960008025169,bmm
,9,9x23x634x174,14.0,504.0,43.0,22.979800000000004,0.2183296024799347,bmm
,8,8x3x942x133,14.0,390.0,42.0,22.496759999999995,0.3235903978347778,bmm
,19,19x15x839x211,14.0,390.0,42.0,24.26304,1.0113663911819455,bmm
,27,27x10x820x449,20.84,483.0,42.0,24.928239999999995,2.563142395019532,bmm
,6,6x29x892x304,33.0,585.0,42.0,23.658599999999996,0.5933312058448792,bmm
,31,31x16x722x460,33.0,786.6,42.0,27.017520000000008,1.1365312099456788,bmm
,24,24x21x936x559,33.0,795.0,42.0,25.8548,1.277791976928711,bmm
,32,32x30x685x873,33.0,795.0,43.0,27.10619999999999,2.067731189727783,bmm
,33,33x30x895x574,37.0,832.2,43.0,27.8712,1.3284415781497956,bmm
,13,13x49x23x18,37.0,885.0,43.0,31.113999999999983,0.0147711997851729,bmm
,1,1x43x6x32,37.0,885.0,43.0,35.563040000000015,0.0088064001873135,bmm
,10,10x58x5x20,37.0,885.0,43.0,35.31288000000002,0.0123072000220417,bmm
,21,21x34x18x61,37.0,885.0,43.0,35.391800000000025,0.0152319999411702,bmm
,25,25x53x24x39,37.0,885.0,43.4,35.42563999999998,0.0145344000309705,bmm
,6,6x55x6x53,37.0,885.0,44.0,35.38672,0.0123584000393748,bmm
,5,5x43x28x100,37.0,885.0,44.0,35.32160000000001,0.0163968000560998,bmm
,25,25x54x29x107,13.0,885.0,44.0,35.38244,0.021017600223422,bmm
,26,26x56x8x90,13.0,885.0,44.0,35.37400000000002,0.0130688002333045,bmm
,5,5x61x31x231,13.0,885.0,44.0,35.486,0.0167871996760368,bmm
,17,17x47x33x185,13.0,885.0,44.0,35.409,0.0236864000558853,bmm
,20,20x54x30x181,13.0,885.0,44.0,35.45399999999998,0.0214720003306865,bmm
,12,12x43x22x475,13.0,885.0,44.36,35.32515999999999,0.019743999838829,bmm
,5,5x39x12x444,13.0,885.0,45.0,35.4502,0.0160128002986311,bmm
,9,9x53x8x379,13.0,885.0,45.0,35.25519999999999,0.0137599997222423,bmm
,19,19x41x12x835,13.0,885.0,45.0,35.321839999999995,0.0288767997175455,bmm
,6,6x34x15x812,6.28,469.2,45.0,34.76939999999998,0.0196288000792264,bmm
,16,16x52x3x973,5.0,390.0,45.0,23.10000000000001,0.0753791987895965,bmm
,11,11x53x51x19,5.0,390.0,45.0,23.381999999999994,0.0420159995555877,bmm
,18,18x59x57x29,5.0,390.0,45.0,23.117,0.0450368002057075,bmm
,28,28x46x64x18,5.0,390.0,44.0,22.880040000000005,0.0434688001871109,bmm
,28,28x45x41x52,5.0,390.0,44.0,22.739560000000004,0.040319999307394,bmm
,14,14x63x37x41,5.0,390.0,44.0,22.602120000000003,0.0384704001247882,bmm
,24,24x52x41x57,8.24,390.0,43.08,22.201880000000006,0.0409727990627288,bmm
,25,25x55x60x105,14.0,390.0,43.0,22.059839999999987,0.0678784027695655,bmm
,25,25x40x48x128,14.0,390.0,43.0,22.275800000000007,0.0553472004830837,bmm
,3,3x36x58x129,14.0,390.0,43.0,22.13195999999999,0.0462143994867801,bmm
,20,20x60x48x143,14.0,390.0,43.0,22.0092,0.0553663998842239,bmm
,11,11x56x41x197,14.0,390.0,42.36,22.138239999999996,0.0573248006403446,bmm
,11,11x49x39x158,15.8,390.0,42.0,22.14772,0.0389055989682674,bmm
,16,16x59x53x395,19.0,390.0,42.0,22.051839999999988,0.0832639992237091,bmm
,24,24x45x51x412,19.0,390.0,42.0,22.41523999999999,0.2338752001523971,bmm
,20,20x39x46x378,19.0,390.0,42.0,22.378599999999988,0.0671424001455307,bmm
,5,5x36x60x646,19.0,390.0,42.0,22.08984,0.0680447995662689,bmm
,11,11x61x62x834,19.0,390.0,42.0,22.21452,0.3009791970252991,bmm
,6,6x48x55x918,19.8,390.0,42.0,22.43732,0.0657344013452529,bmm
,15,15x41x90x26,20.0,390.0,42.0,22.141240000000007,0.0573504008352756,bmm
,28,28x58x128x2,20.0,390.0,42.0,22.00811999999999,0.0675904005765914,bmm
,4,4x38x100x25,20.0,390.0,42.0,22.076799999999995,0.0365312002599239,bmm
,21,21x47x68x50,20.0,390.0,42.0,21.915680000000005,0.0492863997817039,bmm
,21,21x55x68x55,20.0,390.0,42.0,21.97472,0.0497023999691009,bmm
,9,9x54x87x53,19.12,390.0,42.0,22.0308,0.0552831999957561,bmm
,32,32x53x87x110,19.0,390.0,42.0,22.15040000000001,0.0895935997366905,bmm
,22,22x37x95x109,19.0,390.0,42.0,21.9962,0.0891967982053756,bmm
,29,29x59x86x117,19.0,390.0,41.0,22.08336000000001,0.090048000216484,bmm
,5,5x54x86x225,19.0,390.0,41.0,22.16844,0.0556351996958255,bmm
,17,17x51x103x189,19.0,390.0,41.0,21.92980000000001,0.0964607998728752,bmm
,11,11x51x75x250,19.92,390.0,41.0,21.92212,0.0783104002475738,bmm
,29,29x62x98x372,20.0,390.0,41.0,22.872080000000004,0.5260287880897522,bmm
,26,26x35x129x332,20.0,390.0,41.0,22.732400000000005,0.5380031824111938,bmm
,6,6x57x115x423,20.0,390.0,41.0,22.4358,0.1063423976302146,bmm
,32,32x63x69x689,20.0,390.0,41.0,23.495679999999997,0.8695040106773376,bmm
,18,18x64x77x746,27.6,390.0,41.0,23.207599999999985,0.527564799785614,bmm
,20,20x65x116x651,30.0,390.0,41.0,23.27732000000001,0.722816002368927,bmm
,8,8x34x190x24,30.0,390.0,41.0,22.52232,0.0515840001404285,bmm
,15,15x46x197x27,30.0,390.0,41.0,21.98192000000001,0.0938560009002685,bmm
,14,14x62x206x26,30.0,390.0,41.0,22.007200000000008,0.096288001537323,bmm
,16,16x36x232x53,28.8,390.0,41.0,21.9542,0.1038783967494964,bmm
,12,12x51x153x63,25.0,390.0,41.0,22.10132,0.0801407992839813,bmm
,31,31x36x147x63,25.0,390.0,41.0,22.02592000000001,0.0779263973236084,bmm
,6,6x64x214x87,25.0,390.0,41.0,21.908639999999995,0.1003327965736389,bmm
,25,25x33x138x90,25.0,390.0,41.0,21.964600000000008,0.1214784011244773,bmm
,5,5x35x205x102,25.0,390.0,41.0,22.07024,0.0966656014323234,bmm
,33,33x43x160x222,24.28,422.4,41.0,23.335160000000016,0.581497597694397,bmm
,14,14x33x206x236,24.0,435.0,41.0,22.621400000000005,0.2789247989654541,bmm
,27,27x51x170x139,24.0,435.0,41.0,22.474560000000007,0.3559871971607208,bmm
,15,15x62x204x392,24.0,435.0,41.0,22.681479999999997,0.5843648076057434,bmm
,23,23x61x197x304,24.0,435.0,41.0,22.81728,0.6518976092338562,bmm
,7,7x59x252x481,29.0,435.0,41.0,22.446120000000004,0.3887424051761627,bmm
,22,22x39x239x767,29.0,451.2,41.0,24.42204,1.2669632196426392,bmm
,4,4x65x186x900,29.0,570.0,41.0,23.14336,0.2878975987434387,bmm
,3,3x33x152x824,29.0,570.0,41.0,22.236239999999995,0.0877887979149818,bmm
,22,22x55x406x24,29.0,570.0,41.0,22.31744,0.221612799167633,bmm
,7,7x59x280x8,27.16,570.0,41.0,22.381199999999996,0.0480448000133037,bmm
,25,25x59x384x18,27.0,570.0,41.0,22.264040000000005,0.2140480011701583,bmm
,12,12x65x422x40,27.0,570.0,41.0,22.28936,0.166016000509262,bmm
,17,17x42x288x51,27.0,570.0,41.0,22.367759999999997,0.086847998201847,bmm
,1,1x49x360x61,27.0,570.0,41.0,22.035119999999992,0.0337856002151966,bmm
,9,9x43x387x65,27.0,570.0,41.0,22.32359999999999,0.112729600071907,bmm
,11,11x59x463x76,22.52,570.0,41.0,22.379480000000008,0.2580160021781921,bmm
,21,21x57x315x114,19.0,498.0,41.0,22.38508,0.424211198091507,bmm
,1,1x37x364x183,19.0,390.0,41.0,22.18932000000001,0.0450560003519058,bmm
,15,15x49x465x228,19.0,390.0,41.0,22.440720000000013,0.6471104085445404,bmm
,6,6x51x481x226,19.0,390.0,41.0,22.425920000000005,0.3470975935459137,bmm
,26,26x38x413x364,20.2,390.0,41.0,23.151239999999994,1.2631744146347046,bmm
,17,17x39x358x506,24.0,390.0,41.0,23.11908,0.9961471915245056,bmm
,28,28x43x259x417,24.0,390.0,41.0,23.392199999999992,1.08263680934906,bmm
,18,18x41x357x782,24.0,390.0,41.0,24.03532000000001,1.5042367935180665,bmm
,33,33x65x303x919,39.2,1210.8,41.0,27.21712,0.4954559981822967,bmm
,15,15x37x392x891,44.0,1470.0,41.0,47.45000000000002,0.1545215994119644,bmm
,24,24x37x770x25,44.0,1470.0,41.0,45.18899999999999,0.0840255990624427,bmm
,10,10x44x674x24,44.0,1470.0,41.0,43.327,0.0708799988031387,bmm
,9,9x65x553x10,44.0,1470.0,42.12,42.994000000000014,0.033228800445795,bmm
,12,12x65x783x43,44.0,1470.0,45.0,43.03499999999998,0.0888127997517585,bmm
,33,33x40x608x63,44.0,1470.0,45.0,43.9806,0.0699327990412712,bmm
,15,15x38x803x59,44.0,1470.0,45.0,44.09635999999998,0.0867007985711097,bmm
,28,28x56x795x115,44.0,1470.0,45.0,44.12796,0.1556479930877685,bmm
,14,14x65x923x108,44.0,1470.0,46.0,45.31600000000002,0.1766976028680801,bmm
,26,26x51x571x87,7.0,1470.0,46.0,45.02099999999999,0.1129472017288208,bmm
,26,26x55x917x232,7.0,1470.0,46.0,44.94399999999999,0.1881088018417358,bmm
,33,33x39x587x257,7.0,1470.0,46.0,47.525,0.1760256022214889,bmm
,5,5x57x738x187,7.0,1470.0,46.92,47.08,0.0778879970312118,bmm
,18,18x44x707x512,7.0,1470.0,47.0,45.23052,0.2098623991012573,bmm
,31,31x56x835x509,7.0,1470.0,47.0,46.92272,0.3292096078395843,bmm
,30,30x53x521x263,7.0,751.8,47.8,45.0322,0.1604351997375488,bmm
,14,14x59x894x886,9.4,518.4,48.0,26.74900000000001,1.217907190322876,bmm
,12,12x59x1024x650,12.0,507.6,48.0,26.56148000000002,0.8821439981460572,bmm
,24,24x56x776x865,12.0,495.0,45.0,27.08712000000001,1.819987225532532,bmm
,10,10x86x22x27,12.0,495.0,45.0,27.448880000000017,0.0184320006519556,bmm
,11,11x88x2x9,12.0,467.4,45.0,23.434000000000005,0.0163712002336978,bmm
,10,10x75x25x20,12.0,458.4,44.0,22.652840000000005,0.0208319999277591,bmm
,12,12x123x28x52,12.8,448.8,44.0,22.28936,0.031955199688673,bmm
,31,31x66x32x63,22.0,420.0,44.0,22.5938,0.0420672006905078,bmm
,17,17x75x28x48,22.0,391.2,43.0,22.445000000000004,0.0350079998373985,bmm
,2,2x84x4x67,22.0,390.0,43.0,22.28291999999999,0.0188671998679637,bmm
,32,32x112x30x69,22.0,390.0,43.0,22.2978,0.0542591996490955,bmm
,29,29x96x3x90,22.0,390.0,43.0,22.021880000000007,0.0307008001953363,bmm
,14,14x79x16x240,17.92,390.0,43.0,22.17560000000001,0.0390848003327846,bmm
,6,6x108x4x144,16.0,390.0,42.24,22.05859999999999,0.0291327994316816,bmm
,32,32x121x19x254,16.0,390.0,42.0,22.220720000000007,0.2264768004417419,bmm
,12,12x67x24x379,16.0,390.0,42.0,22.152959999999997,0.0502336002886295,bmm
,3,3x90x7x505,16.0,390.0,42.0,22.12184,0.0294464003294706,bmm
,24,24x118x24x286,16.0,390.0,42.0,22.2372,0.1897664010524749,bmm
,23,23x123x28x619,20.0,390.0,42.0,22.64844,0.5236927986145019,bmm
,17,17x111x29x971,21.0,390.0,42.0,23.012199999999996,0.5887808084487915,bmm
,7,7x69x30x877,21.0,390.0,42.0,22.505800000000004,0.0758528009057045,bmm
,7,7x103x35x25,21.0,390.0,42.0,22.1316,0.0265599999576807,bmm
,33,33x93x42x4,21.0,390.0,42.0,21.88119999999999,0.057286400347948,bmm
,6,6x116x65x28,21.4,390.0,42.0,21.989880000000003,0.0327551998198032,bmm
,28,28x111x55x45,23.0,390.0,42.0,21.98652000000001,0.063468798995018,bmm
,4,4x96x42x51,23.0,390.0,41.84,21.489320000000003,0.0269952002912759,bmm
,3,3x97x43x36,23.0,390.0,41.0,21.322,0.0274623997509479,bmm
,33,33x77x53x127,23.0,390.0,41.0,21.49964,0.0702656000852584,bmm
,23,23x103x48x129,23.0,390.0,41.0,21.43716,0.079884797334671,bmm
,10,10x119x52x107,17.0,390.0,41.0,21.43399999999999,0.0628479994833469,bmm
,10,10x68x53x234,17.0,390.0,41.0,20.871239999999997,0.0650175988674163,bmm
,6,6x126x41x257,17.0,390.0,41.0,21.28600000000001,0.0576576009392738,bmm
,13,13x91x37x174,17.0,390.0,41.0,21.11411999999999,0.0542912006378173,bmm
,16,16x115x35x455,17.0,390.0,41.0,21.20072,0.2104896008968353,bmm
,33,33x79x44x326,17.0,390.0,41.0,21.932320000000004,0.3612799942493438,bmm
,29,29x111x38x453,17.0,390.0,41.0,22.120999999999995,0.5031679987907409,bmm
,19,19x88x40x647,17.0,390.0,41.0,21.546399999999995,0.4008960008621215,bmm
,1,1x96x50x725,17.0,390.0,41.0,21.207439999999988,0.0309248000383377,bmm
,19,19x87x62x881,19.16,390.0,41.0,21.9646,0.6753983974456788,bmm
,14,14x91x72x7,23.0,390.0,41.0,21.34904000000001,0.0307008001953363,bmm
,8,8x68x124x8,23.0,390.0,41.0,21.0034,0.0409919992089271,bmm
,1,1x79x107x22,23.0,390.0,41.0,21.34060000000001,0.0283072002232074,bmm
,4,4x103x105x34,23.0,390.0,41.0,21.029559999999996,0.0391679994761943,bmm
,18,18x117x76x64,22.68,1470.0,41.0,21.697999999999997,0.0225408002734184,bmm
,33,33x84x89x54,15.0,1470.0,41.0,41.579360000000015,0.0259455997496843,bmm
,30,30x70x78x104,15.0,1470.0,41.0,41.98872,0.0246848005801439,bmm
,1,1x78x91x109,15.0,1470.0,41.0,41.96007999999999,0.0081663999706506,bmm
,25,25x71x76x119,15.0,1470.0,43.88,42.35104000000002,0.0233024001121521,bmm
,31,31x94x93x165,15.0,1470.0,44.0,42.87436000000002,0.047078400850296,bmm
,19,19x109x81x155,15.0,1470.0,44.0,43.28884,0.0266367997974157,bmm
,28,28x120x108x189,15.0,1470.0,44.0,43.52600000000001,0.0446656003594398,bmm
,4,4x76x92x328,15.0,1470.0,45.44,43.610880000000016,0.0251967996358871,bmm
,33,33x116x81x407,15.0,1470.0,46.0,43.82707999999998,0.0848383992910385,bmm
,14,14x87x125x328,4.0,1470.0,46.0,44.31452,0.0451136007905006,bmm
,9,9x118x123x948,4.0,1470.0,46.0,44.32740000000002,0.073939199745655,bmm
,3,3x69x126x890,4.0,1470.0,46.32,44.22923999999998,0.0327743999660015,bmm
,30,30x125x107x944,4.0,1470.0,47.0,44.33532000000002,0.1809983998537063,bmm
,9,9x129x148x18,4.0,1470.0,47.0,46.75599999999999,0.0220351997762918,bmm
,3,3x108x150x10,4.0,1470.0,47.0,43.56899999999999,0.0141760000959038,bmm
,31,31x103x250x15,4.0,1470.0,47.0,43.731,0.0545791991055011,bmm
,22,22x99x197x39,4.0,1470.0,47.0,43.97335999999999,0.0439679987728595,bmm
,23,23x93x201x49,4.0,1470.0,47.0,43.07899999999998,0.0461119994521141,bmm
,30,30x74x245x50,4.0,1470.0,47.0,43.54899999999999,0.0539712004363536,bmm
,32,32x90x229x87,4.0,1470.0,47.0,43.763000000000005,0.0560831993818283,bmm
,10,10x65x138x114,4.0,1470.0,48.0,43.860999999999976,0.0334336012601852,bmm
,22,22x103x231x72,4.0,1470.0,48.0,43.65044000000002,0.0523903988301754,bmm
,6,6x121x177x164,4.0,1470.0,48.0,44.10008,0.0411136001348495,bmm
,26,26x80x183x246,4.0,1470.0,48.0,44.5996,0.0727040007710456,bmm
,30,30x86x145x156,4.0,1470.0,48.0,44.84040000000001,0.0675007998943328,bmm
,5,5x80x199x329,4.0,1470.0,48.0,44.91352,0.0447935998439788,bmm
,12,12x76x201x470,4.0,1470.0,48.0,45.08991999999999,0.0776960000395774,bmm
,1,1x95x178x317,4.0,450.0,48.0,40.03667999999998,0.0307135995477437,bmm
,24,24x101x182x958,4.0,447.6,47.68,25.77180000000002,0.7827263951301575,bmm
,13,13x106x187x625,4.0,435.0,47.0,25.29727999999999,0.3101759970188141,bmm
,12,12x114x224x652,4.0,405.0,47.0,24.4406,0.4157888054847717,bmm
,22,22x93x408x11,4.0,398.4,46.56,24.240199999999994,0.2853311955928802,bmm
,10,10x65x470x3,4.0,390.0,46.0,21.93772,0.1020224004983902,bmm
,19,19x95x303x2,7.64,390.0,45.84,21.845600000000008,0.1006143987178802,bmm
,3,3x102x475x50,17.0,390.0,44.0,21.91856000000001,0.10849279910326,bmm
,14,14x82x428x48,17.0,390.0,44.0,22.01988,0.2100351989269256,bmm
,33,33x80x497x51,17.0,390.0,44.0,22.27092,0.722054409980774,bmm
,32,32x84x361x67,17.0,390.0,43.6,22.78876,0.6502783894538879,bmm
,21,21x127x484x123,21.0,390.0,43.0,22.69264000000001,0.8716544032096862,bmm
,19,19x88x346x84,21.0,390.0,43.0,22.64588,0.517625606060028,bmm
,29,29x85x411x160,21.0,390.0,43.0,23.03288,1.0219583749771115,bmm
,8,8x126x277x164,21.0,390.0,43.0,21.83556,0.2723327994346619,bmm
,29,29x76x458x178,27.0,390.0,43.0,22.42268000000001,1.1088575839996335,bmm
,6,6x92x484x469,27.0,390.0,43.0,22.220999999999982,0.6336447834968567,bmm
,27,27x99x469x346,27.0,390.0,43.0,23.82096000000001,2.097119951248169,bmm
,17,17x103x498x320,27.8,396.0,43.0,23.6206,1.1389312028884888,bmm
,24,24x67x389x679,37.0,486.6,42.16,24.50888000000001,2.505235195159912,bmm
,33,33x89x350x609,37.0,538.2,42.36,24.862520000000004,2.9942720413208006,bmm
,11,11x78x368x671,37.0,715.8,43.0,25.395319999999984,0.413427197933197,bmm
,22,22x87x824x2,40.0,720.0,42.32,22.892039999999994,0.3230463981628418,bmm
,3,3x90x623x3,40.0,720.0,42.0,22.759080000000004,0.0742271989583969,bmm
,6,6x83x797x23,40.0,720.0,42.0,22.26327999999999,0.0935936003923416,bmm
,31,31x111x702x61,40.0,720.0,42.0,22.754319999999996,0.435782390832901,bmm
,19,19x70x597x53,40.0,720.0,42.0,23.10388000000001,0.2482688009738922,bmm
,1,1x127x620x58,36.88,720.0,42.0,22.04680000000001,0.0268160000443458,bmm
,28,28x128x798x99,14.0,720.0,42.0,22.9398,0.5857472062110901,bmm
,7,7x71x582x128,14.0,720.0,42.0,23.29520000000001,0.1870656013488769,bmm
,2,2x69x953x80,14.0,720.0,42.0,22.473,0.107244798541069,bmm
,32,32x79x1015x249,14.0,625.8,42.0,25.549239999999998,1.3634176015853885,bmm
,2,2x108x902x153,24.08,750.0,42.0,23.97136,0.1046463996171951,bmm
,2,2x106x551x246,26.0,750.0,42.0,22.430000000000003,0.1150911971926689,bmm
,33,33x108x683x410,26.0,750.0,42.0,25.051879999999983,1.4477247953414918,bmm
,5,5x125x950x364,26.0,750.0,42.0,24.67279999999999,0.37985919713974,bmm
,30,30x99x957x287,26.0,750.0,42.0,25.97776,1.9518784046173097,bmm
,17,17x95x928x757,24.32,750.0,42.0,26.84823999999999,1.795801615715027,bmm
,17,17x100x693x556,24.0,750.0,43.0,25.41779999999999,1.0865087985992432,bmm
,17,17x128x605x756,24.0,733.8,43.0,25.28952,1.3235584259033204,bmm
,32,32x224x8x21,24.0,606.6,43.0,22.64711999999999,0.0245376005768775,bmm
,24,24x160x16x29,23.76,577.8,43.0,21.664599999999997,0.0256064001470804,bmm
,32,32x249x27x22,23.0,546.6,42.0,21.8266,0.0396288000047206,bmm
,26,26x180x20x53,23.0,519.0,42.0,21.827,0.033279999345541,bmm
,27,27x223x12x58,23.0,486.6,42.0,21.5046,0.0347520001232624,bmm
,24,24x172x8x33,23.0,457.8,42.0,21.345519999999997,0.0266431998461484,bmm
,13,13x236x12x117,17.96,427.2,41.2,21.31084,0.0373695999383926,bmm
,25,25x237x17x74,14.0,406.8,41.0,21.529880000000013,0.0572159998118877,bmm
,3,3x174x17x86,14.0,390.0,41.0,21.287759999999995,0.0327295996248722,bmm
,24,24x239x19x196,14.0,390.0,41.0,21.740800000000004,0.2738623976707458,bmm
,17,17x170x30x240,14.0,390.0,41.0,21.67656000000001,0.1507072031497955,bmm
,11,11x198x14x130,16.16,390.0,41.0,21.56144,0.0422015987336635,bmm
,6,6x246x31x489,17.0,390.0,41.0,21.38708,0.1549183994531631,bmm
,17,17x174x16x461,17.0,390.0,41.0,21.86152000000001,0.325132805109024,bmm
,24,24x180x32x485,17.0,390.0,41.0,22.441800000000004,0.6211392045021057,bmm
,10,10x255x6x810,17.0,390.0,41.0,22.057240000000007,0.4564927995204925,bmm
,33,33x237x27x609,23.0,396.0,41.0,23.30812,1.3430655956268311,bmm
,21,21x245x29x784,23.0,405.0,41.0,22.96864,1.1237567901611327,bmm
,26,26x253x52x24,23.0,405.0,41.0,21.7262,0.06370560079813,bmm
,13,13x151x52x30,23.0,405.0,41.0,21.281359999999985,0.0578815996646881,bmm
,4,4x214x33x7,25.0,405.0,41.0,21.587000000000003,0.0251775998622179,bmm
,18,18x235x63x40,25.0,405.0,41.0,21.391480000000005,0.0690431982278823,bmm
,9,9x204x57x59,25.0,405.0,41.0,21.68568000000001,0.0635007992386818,bmm
,16,16x182x36x34,25.0,405.0,41.0,21.48296,0.04913280159235,bmm
,22,22x219x35x99,25.0,405.0,41.0,21.242400000000004,0.0776895999908447,bmm
,29,29x256x39x84,16.0,390.0,41.0,21.74064,0.144947201013565,bmm
,24,24x235x56x96,16.0,390.0,40.8,21.51356000000001,0.1315712034702301,bmm
,21,21x231x43x240,16.0,390.0,40.0,21.743559999999988,0.3414783954620361,bmm
,14,14x242x55x232,16.0,390.0,40.0,21.443400000000008,0.2165183991193771,bmm
,17,17x190x52x237,17.44,390.0,40.0,21.441919999999985,0.197990396618843,bmm
,23,23x205x51x328,19.0,390.0,40.0,22.178560000000008,0.5514944076538086,bmm
,31,31x183x61x296,19.0,390.0,40.0,23.391400000000008,0.6774271965026856,bmm
,14,14x245x63x273,19.0,390.0,40.72,21.759839999999997,0.3259199976921081,bmm
,32,32x136x42x658,30.4,552.0,41.0,24.39096,1.0121344089508058,bmm
,22,22x225x63x648,34.0,615.0,41.0,23.777200000000004,1.1531327962875366,bmm
,11,11x135x52x639,34.0,615.0,41.0,22.23540000000001,0.2981567978858948,bmm
,26,26x140x127x2,34.0,615.0,41.0,21.56712,0.0736448019742965,bmm
,6,6x168x104x27,30.16,615.0,40.76,21.250079999999997,0.0266303997486829,bmm
,4,4x180x95x16,22.0,615.0,40.0,21.17071999999999,0.0266239996999502,bmm
,16,16x161x103x59,22.0,615.0,40.0,21.401360000000007,0.0682560011744499,bmm
,4,4x252x99x49,22.0,615.0,40.0,21.90872000000001,0.0404095999896526,bmm
,33,33x210x108x49,22.0,543.0,40.0,22.211920000000006,0.4272895991802216,bmm
,32,32x229x75x74,17.2,390.0,40.0,21.654079999999997,0.3081216037273407,bmm
,2,2x200x110x89,14.0,390.0,40.0,21.531999999999996,0.0635903999209404,bmm
,32,32x172x89x87,14.0,390.0,40.0,22.014479999999995,0.326528000831604,bmm
,27,27x199x80x248,14.0,390.0,40.0,22.92516000000001,0.6024447917938233,bmm
,28,28x148x96x179,14.0,390.0,40.0,22.14432,0.4659456014633178,bmm
,4,4x214x95x147,25.0,390.0,40.0,21.65272,0.0901056006550788,bmm
,5,5x155x72x283,25.0,390.0,40.0,21.43668000000001,0.0737152025103569,bmm
,13,13x156x78x263,25.0,390.0,40.0,21.432920000000003,0.1733056038618087,bmm
,33,33x220x104x331,25.0,1470.0,40.92,26.18051999999999,0.1385919988155365,bmm
,13,13x146x108x706,25.0,1470.0,41.0,40.90604,0.1085631996393203,bmm
,30,30x183x95x1005,25.0,1470.0,41.0,44.61984,0.235001602768898,bmm
,24,24x140x68x716,19.0,1470.0,41.0,46.680400000000006,0.1363647997379303,bmm
,25,25x157x215x14,19.0,1470.0,44.0,44.65099999999998,0.0481600008904933,bmm
,28,28x191x140x13,19.0,1470.0,44.0,43.29099999999997,0.0349312007427215,bmm
,24,24x256x247x12,19.0,1470.0,44.0,43.62199999999999,0.0569920003414154,bmm
,28,28x225x169x56,19.0,1470.0,44.0,43.85000000000001,0.0467327997088432,bmm
,24,24x256x210x50,19.0,1470.0,45.28,44.05399999999999,0.0529536001384258,bmm
,8,8x147x221x35,19.0,1470.0,46.0,44.12599999999998,0.0288000002503395,bmm
,1,1x249x167x115,19.0,1470.0,46.0,43.43200000000001,0.0112767999991774,bmm
,2,2x224x164x81,19.0,1470.0,46.0,43.74300000000002,0.0230144001543521,bmm
,26,26x226x181x115,14.8,1470.0,46.0,43.65079999999998,0.0810560002923011,bmm
,13,13x146x227x201,4.0,1470.0,46.0,44.90936,0.0730688005685806,bmm
,31,31x146x228x181,4.0,1470.0,46.0,44.90540000000001,0.1245631992816925,bmm
,26,26x192x213x254,4.0,1470.0,46.0,45.71144000000001,0.1175232008099556,bmm
,12,12x153x229x279,4.0,1470.0,46.2,45.4664,0.0980288013815879,bmm
,11,11x193x182x279,4.0,1470.0,47.0,44.64383999999996,0.0819583982229232,bmm
,32,32x247x146x299,4.0,1470.0,47.0,45.0774,0.1925120055675506,bmm
,18,18x168x241x879,4.0,1470.0,47.92,45.82876,0.2958400011062622,bmm
,24,24x190x180x606,6.0,1470.0,48.0,47.10244,0.2091071993112564,bmm
,13,13x182x230x951,6.0,1470.0,48.0,47.72012,0.2336064040660858,bmm
,18,18x223x279x5,6.0,1470.0,48.0,47.80972,0.0613887995481491,bmm
,22,22x133x486x25,6.0,1470.0,48.76,45.374280000000006,0.0983040034770965,bmm
,13,13x167x449x14,6.0,1470.0,49.0,45.09899999999999,0.0907007977366447,bmm
,4,4x192x370x57,6.0,1470.0,49.0,44.80979999999997,0.0430079996585845,bmm
,33,33x149x475x62,6.0,1470.0,49.0,44.89499999999999,0.104595199227333,bmm
,25,25x171x498x61,6.0,1470.0,49.0,45.89432000000002,0.1056192010641098,bmm
,19,19x225x503x74,6.0,1470.0,49.0,46.04304000000001,0.153529605269432,bmm
,32,32x207x293x117,6.0,1470.0,49.0,46.702879999999965,0.1263743966817855,bmm
,31,31x137x442x68,7.0,1470.0,49.0,46.71783999999999,0.1577023953199386,bmm
,28,28x193x411x257,7.0,1470.0,49.0,47.36400000000001,0.3973183929920196,bmm
,5,5x235x470x202,7.0,615.0,49.0,45.426000000000016,0.2356351971626281,bmm
,12,12x178x389x233,7.0,591.6,49.0,25.02168,0.343884801864624,bmm
,1,1x144x393x260,7.0,570.0,49.0,24.169200000000004,0.0491456009447574,bmm
,26,26x225x286x439,7.0,540.0,47.72,24.97604,1.0101887941360477,bmm
,21,21x133x441x280,7.0,525.0,47.0,26.00964,0.6791808128356933,bmm
,32,32x151x411x991,17.12,511.2,46.76,29.18612000000001,3.0046271800994875,bmm
,15,15x194x500x639,18.0,570.0,46.0,27.4086,1.2120511770248412,bmm
,8,8x151x431x705,18.0,570.0,45.64,24.60136000000001,0.5855359911918641,bmm
,26,26x131x984x21,18.0,570.0,45.0,24.3846,0.5241407990455628,bmm
,32,32x203x898x4,21.6,570.0,45.0,23.928320000000003,1.7402944087982175,bmm
,26,26x229x586x19,33.0,570.0,45.0,23.3668,1.1344703912734986,bmm
,14,14x179x522x56,33.0,570.0,44.6,22.56348000000001,0.6492223978042603,bmm
,26,26x191x547x40,33.0,570.0,44.0,22.46735999999999,1.0696832180023192,bmm
,8,8x254x743x34,30.12,532.2,43.0,22.42652,0.6356735944747924,bmm
,32,32x145x640x91,25.0,675.0,43.76,25.7266,0.606438410282135,bmm
,33,33x205x885x86,25.0,810.0,44.0,25.17856,1.0514111995697022,bmm
,13,13x165x819x92,25.0,810.0,43.28,24.263320000000007,0.3659327924251556,bmm
,10,10x181x585x197,28.64,810.0,43.0,22.735920000000007,0.3120639979839325,bmm
,22,22x151x884x214,32.0,810.0,43.4,24.773000000000007,0.9418431997299196,bmm
,19,19x198x614x141,32.0,810.0,44.0,24.79864,0.6409407973289489,bmm
,24,24x192x941x491,32.0,810.0,44.0,27.838040000000007,2.182751989364624,bmm
,5,5x190x608x341,32.0,810.0,44.0,26.491999999999997,0.2693567991256714,bmm
,16,16x139x972x343,29.6,810.0,44.0,24.81932,1.0607679843902589,bmm
,19,19x205x1007x813,26.0,820.2,44.0,30.346640000000008,3.91843843460083,bmm
,7,7x130x871x703,26.0,885.0,44.0,28.79999999999999,0.6237695932388305,bmm
,15,15x249x917x896,26.0,885.0,45.0,43.46668,1.7922176122665403,bmm
,13,13x402x3x9,26.0,885.0,45.0,44.20000000000002,0.0149632001295685,bmm
,25,25x324x8x7,26.0,885.0,45.0,35.58899999999998,0.0185408003628253,bmm
,6,6x476x16x10,26.36,885.0,45.28,35.409200000000006,0.0154303999617695,bmm
,8,8x324x26x35,27.0,885.0,46.0,35.35855999999999,0.0212864000350236,bmm
,4,4x475x4x52,27.0,885.0,46.0,35.46516000000001,0.0126783998683094,bmm
,31,31x400x7x60,27.0,885.0,46.0,35.47668000000002,0.0238655999302864,bmm
,14,14x453x6x78,27.0,885.0,46.0,35.452199999999976,0.0227967999875545,bmm
,27,27x386x23x111,27.0,885.0,46.0,35.54115999999999,0.0474752001464366,bmm
,32,32x295x11x121,27.0,885.0,46.0,35.80419999999998,0.0360959999263286,bmm
,19,19x394x8x172,27.0,885.0,46.0,35.72979999999998,0.0348224006593227,bmm
,21,21x299x17x163,27.0,885.0,46.0,35.73831999999999,0.0432703994214534,bmm
,15,15x423x18x181,27.0,885.0,46.0,35.66440000000002,0.0432960003614425,bmm
,12,12x401x2x415,6.0,885.0,46.0,35.76599999999999,0.0500032000243663,bmm
,25,25x267x8x263,6.0,885.0,46.0,35.74099999999999,0.0553408004343509,bmm
,20,20x426x31x336,6.0,390.0,46.0,33.678,0.3390720009803772,bmm
,25,25x332x23x806,6.0,390.0,45.0,24.7036,0.7271103858947754,bmm
,10,10x348x28x855,6.0,390.0,45.0,24.5038,0.3281919956207275,bmm
,10,10x456x29x1002,6.0,390.0,45.0,24.397200000000016,0.5014399945735931,bmm
,22,22x327x48x25,6.0,390.0,44.0,24.133,0.0614079989492893,bmm
,9,9x313x36x23,10.4,390.0,44.0,22.77276000000001,0.0507584005594253,bmm
,24,24x284x39x5,17.0,390.0,44.0,22.555799999999994,0.0573824010789394,bmm
,31,31x467x54x61,17.0,390.0,44.0,21.824,0.4878207981586456,bmm
,15,15x473x43x50,17.0,390.0,44.0,22.062399999999997,0.0665728002786636,bmm
,4,4x447x60x45,17.0,390.0,43.32,21.37064,0.0470912009477615,bmm
,13,13x273x48x99,17.0,390.0,43.0,21.30680000000001,0.0634815990924835,bmm
,23,23x323x39x107,18.0,390.0,43.0,21.957,0.2274687975645065,bmm
,10,10x339x65x108,18.0,390.0,43.0,21.435679999999994,0.0827583998441696,bmm
,20,20x301x64x153,18.0,390.0,43.0,21.54808,0.3724479973316192,bmm
,29,29x328x40x253,18.0,390.0,43.0,22.54408000000001,0.772601592540741,bmm
,4,4x382x33x168,20.04,390.0,42.4,22.1606,0.0552447997033596,bmm
,12,12x312x58x478,21.0,390.0,42.0,22.21456000000001,0.5788095831871033,bmm
,14,14x420x35x451,21.0,390.0,42.0,22.593519999999994,0.7490624070167542,bmm
,26,26x298x52x488,21.0,409.2,42.0,23.684680000000007,1.252179193496704,bmm
,28,28x438x57x523,35.4,682.8,42.0,26.30895999999999,0.8056127786636352,bmm
,9,9x487x39x550,36.0,690.0,42.0,23.2,0.2813823997974395,bmm
,32,32x490x59x933,36.0,690.0,42.0,25.774200000000004,1.7224191904067994,bmm
,7,7x301x78x6,36.0,705.0,42.04,24.14916,0.0309183999896049,bmm
,31,31x320x109x30,36.0,705.0,43.0,22.2132,0.1881152033805847,bmm
,10,10x448x105x22,20.0,705.0,43.0,22.376280000000005,0.058534400910139,bmm
,7,7x321x129x40,20.0,705.0,42.12,22.164320000000007,0.0660863995552063,bmm
,30,30x440x88x48,20.0,705.0,42.0,22.081240000000008,0.2047423988580703,bmm
,10,10x401x98x44,20.0,705.0,42.0,22.060400000000005,0.055494400113821,bmm
,21,21x487x85x88,20.0,705.0,42.0,22.63396,0.2001471996307373,bmm
,14,14x443x79x92,16.8,705.0,42.0,22.656080000000003,0.0957248017191886,bmm
,33,33x461x89x97,12.0,705.0,42.0,22.573519999999984,0.3187712013721466,bmm
,28,28x359x110x224,12.0,541.2,42.0,23.204840000000004,0.4042431950569153,bmm
,23,23x382x74x184,12.0,390.0,42.0,22.72112,0.722822391986847,bmm
,14,14x368x78x200,12.0,390.0,42.0,21.92900000000001,0.4202431976795197,bmm
,11,11x424x114x378,22.0,390.0,42.0,22.851560000000003,0.7750207901000976,bmm
,20,20x397x105x434,22.0,390.0,42.0,23.336680000000005,1.4030527830123902,bmm
,9,9x310x106x480,22.0,390.0,42.0,22.81036000000001,0.5228287935256958,bmm
,18,18x344x82x984,24.56,413.4,42.0,23.889119999999995,2.1541824340820312,bmm
,19,19x299x110x761,38.0,656.4,42.0,25.10536,0.6660159945487976,bmm
,20,20x489x84x621,38.0,690.0,42.0,24.363360000000004,0.8050623893737793,bmm
,7,7x313x190x2,38.0,690.0,42.0,22.833239999999996,0.0535488002002239,bmm
,28,28x427x142x29,38.0,690.0,42.0,22.460239999999995,0.263347202539444,bmm
,16,16x313x185x8,28.4,690.0,42.0,22.58904000000001,0.1318527996540069,bmm
,11,11x361x217x51,23.0,690.0,42.0,22.22916,0.1559295982122421,bmm
,1,1x499x238x54,23.0,690.0,41.0,21.93036,0.0257535997778177,bmm
,15,15x342x166x39,23.0,690.0,41.0,22.028800000000004,0.1438400030136108,bmm
,8,8x395x134x83,23.0,690.0,41.0,22.02012,0.0812224000692367,bmm
,12,12x392x218x107,19.64,606.0,41.0,22.305600000000005,0.2245632022619247,bmm
,30,30x333x203x85,11.0,390.0,41.0,22.788439999999994,1.1552063941955566,bmm
,23,23x257x141x193,11.0,390.0,41.0,22.49288,0.7852543950080871,bmm
,16,16x454x237x231,11.0,390.0,41.0,22.56480000000001,1.3625792026519776,bmm
,20,20x493x175x225,15.4,393.0,41.0,23.4462,1.4571647882461547,bmm
,6,6x328x206x381,33.0,405.0,41.0,22.220240000000004,0.4811455965042114,bmm
,22,22x306x203x503,33.0,439.2,41.68,24.621360000000003,2.0343488216400147,bmm
,5,5x257x168x318,33.0,480.0,42.0,22.502119999999994,0.1710783988237381,bmm
,29,29x320x239x662,34.44,555.6,42.0,25.953640000000004,3.803238439559936,bmm
,7,7x494x235x948,35.0,735.0,42.0,25.43892000000001,0.7225535988807679,bmm
,1,1x338x220x1025,35.0,735.0,42.0,23.570480000000003,0.1111167997121811,bmm
,31,31x449x498x12,35.0,735.0,42.0,23.223840000000006,0.8001599907875061,bmm
,15,15x378x310x12,35.0,735.0,42.0,23.02552,0.2267455995082855,bmm
,9,9x359x357x17,23.0,735.0,42.0,22.12159999999999,0.1743680000305175,bmm
,27,27x293x431x44,23.0,735.0,42.0,22.895959999999995,0.4436736047267914,bmm
,7,7x317x512x47,23.0,735.0,42.0,22.505039999999997,0.2100863993167877,bmm
,4,4x313x498x49,23.0,735.0,42.0,22.63636,0.1597951978445053,bmm
,23,23x293x470x75,23.0,735.0,42.0,22.9952,0.5165824055671692,bmm
,2,2x357x451x67,16.52,497.4,42.0,22.724199999999986,0.1126015990972519,bmm
,4,4x378x375x76,14.0,393.0,41.0,21.80179999999999,0.3015168011188507,bmm
,16,16x406x323x230,14.0,444.0,41.0,24.163680000000003,1.5420671939849853,bmm
,33,33x310x284x217,14.88,540.0,41.0,24.25192000000001,2.2510272026062013,bmm
,8,8x267x512x137,36.0,630.0,41.0,23.401400000000013,0.2836160004138947,bmm
,25,25x351x477x283,36.0,630.0,41.0,25.643,1.4984383821487426,bmm
,28,28x390x340x452,36.0,630.0,42.0,27.533759999999997,1.7893952131271362,bmm
,1,1x320x414x421,36.0,630.0,42.0,23.85039999999999,0.1394240021705627,bmm
,21,21x289x482x697,26.76,630.0,42.0,26.23732,2.145568037033081,bmm
,15,15x288x389x776,25.0,630.0,42.0,26.140119999999992,1.4103423833847046,bmm
,28,28x401x330x538,25.0,630.0,42.0,27.98052,2.182969570159912,bmm
,21,21x433x733x25,25.0,624.0,42.0,25.056239999999992,0.8550271987915039,bmm
,22,22x381x883x15,31.72,602.4,42.0,23.97252,2.212659168243408,bmm
,9,9x382x930x9,33.0,597.6,42.0,22.96844,1.0527039766311646,bmm
,8,8x471x782x63,33.0,578.4,42.0,22.85656,1.0848639965057374,bmm
,8,8x429x857x39,33.0,560.4,42.0,23.07624,1.0115391969680787,bmm
,30,30x451x841x61,30.0,672.0,42.0,26.0224,0.5497920155525208,bmm
,3,3x364x953x100,30.0,870.0,43.0,35.62887999999999,0.301062399148941,bmm
,18,18x329x611x91,30.0,870.0,43.0,36.12,0.3891200065612793,bmm
,8,8x318x968x120,30.0,870.0,43.0,38.087,0.3114431977272033,bmm
,33,33x294x835x138,30.0,870.0,43.08,39.37127999999999,1.0764544010162354,bmm
,32,32x401x647x179,30.0,870.0,45.0,42.188200000000016,1.0672383785247803,bmm
,20,20x375x812x253,28.88,870.0,45.0,43.56452,1.0007359981536863,bmm
,30,30x420x629x434,28.0,870.0,45.44,44.494400000000006,2.417721652984619,bmm
,26,26x483x948x461,28.0,956.4,46.0,48.43607999999999,3.027955150604248,bmm
,2,2x267x901x303,28.0,1050.0,46.0,52.10100000000002,0.2376000046730041,bmm
,16,16x263x549x533,28.0,1050.0,47.0,40.31343999999999,0.8459200024604797,bmm
,9,9x395x599x591,28.0,1050.0,47.0,46.23376,0.7636223912239075,bmm
,7,7x392x995x898,29.12,1050.0,47.28,44.896600000000014,1.505676817893982,bmm
,29,29x742x2x26,32.0,1050.0,48.0,40.77548,0.0286720003932714,bmm
,26,26x997x15x4,32.0,1050.0,48.0,39.93831999999998,0.0397823996841907,bmm
,21,21x985x31x33,32.0,1050.0,48.0,39.10651999999999,0.0507968008518219,bmm
,11,11x1011x9x59,32.0,1050.0,47.72,39.23340000000001,0.0233855996280908,bmm
,30,30x728x22x41,32.0,1050.0,47.0,39.09732000000001,0.0433215990662574,bmm
,7,7x575x30x43,32.0,1050.0,47.0,39.14667999999998,0.0187391996383666,bmm
,7,7x734x18x87,32.0,1050.0,47.0,39.06328000000001,0.0231167998164892,bmm
,31,31x513x21x74,32.0,1050.0,47.0,38.97859999999999,0.0575295999646186,bmm
,20,20x837x6x92,6.0,1050.0,47.0,39.302000000000014,0.0409279994666576,bmm
,14,14x708x25x224,6.0,1050.0,47.0,39.41883999999998,0.0746304020285606,bmm
,18,18x1003x26x140,6.0,495.0,47.0,36.94100000000002,0.3114560008049011,bmm
,6,6x942x8x143,6.0,486.6,47.0,24.65908,0.0680000007152557,bmm
,13,13x664x18x299,6.0,465.0,46.0,23.616520000000016,0.2587199985980987,bmm
,6,6x632x6x350,6.0,450.0,46.0,23.59652,0.1321216017007827,bmm
,25,25x806x12x399,6.0,427.2,46.0,24.419639999999998,0.8073536157608032,bmm
,23,23x973x11x550,13.04,420.0,45.0,25.28848,1.206649613380432,bmm
,3,3x631x12x999,17.0,415.8,45.0,24.214440000000003,0.194182401895523,bmm
,12,12x879x20x679,17.0,396.0,44.36,23.30835999999999,0.7409727811813355,bmm
,15,15x623x59x28,17.0,390.0,44.0,22.69832,0.1142208009958267,bmm
,30,30x918x43x30,17.0,390.0,44.0,22.17656000000001,0.2618560016155243,bmm
,31,31x676x55x7,19.0,390.0,44.0,23.006759999999986,0.4843327939510345,bmm
,26,26x586x55x64,19.0,1383.6,44.0,24.28212000000001,0.0411135986447334,bmm
,14,14x822x60x38,19.0,1470.0,44.0,43.11699999999999,0.034841600805521,bmm
,30,30x597x55x39,19.0,1470.0,44.0,43.43200000000001,0.0452800005674362,bmm
,29,29x894x63x107,19.0,1470.0,44.0,43.764,0.1003455966711044,bmm
,3,3x637x64x123,19.0,1470.0,47.0,45.217,0.0193088002502918,bmm
,20,20x549x40x110,17.24,1470.0,47.0,43.22699999999999,0.0372672006487846,bmm
,5,5x847x56x138,15.0,1470.0,47.0,44.22500000000001,0.0323711991310119,bmm
,20,20x762x36x224,15.0,1470.0,47.0,44.1122,0.0868352010846138,bmm
,27,27x645x50x197,15.0,1470.0,47.6,45.55548000000001,0.1268287986516952,bmm
,22,22x861x53x434,15.0,1470.0,48.0,45.96088000000002,0.250899201631546,bmm
,20,20x811x53x488,15.0,1470.0,48.0,47.01800000000001,0.2132032036781311,bmm
,26,26x736x46x313,15.0,1470.0,48.4,47.51300000000001,0.1766144007444381,bmm
,32,32x988x51x973,15.0,1470.0,49.0,47.907,0.7989247918128968,bmm
,9,9x595x59x536,14.04,1470.0,49.0,61.24,0.1091263994574546,bmm
,13,13x843x41x813,9.0,1470.0,49.0,46.68899999999999,0.2337919980287552,bmm
,5,5x520x69x27,9.0,1470.0,49.6,49.57000000000001,0.0204927995800972,bmm
,29,29x951x80x7,9.0,1470.0,50.0,44.71500000000001,0.0705280005931854,bmm
,32,32x763x98x22,9.0,1470.0,50.0,45.56899999999999,0.0830527991056442,bmm
,11,11x825x125x61,9.0,1470.0,50.0,46.19299999999999,0.0505728006362915,bmm
,26,26x1001x86x55,9.0,1470.0,50.0,45.33664000000002,0.0837055996060371,bmm
,15,15x666x100x40,9.0,1470.0,50.0,45.93339999999999,0.0417791999876499,bmm
,4,4x970x96x96,9.0,1470.0,50.0,45.07284,0.0287167999893426,bmm
,15,15x762x126x124,9.0,1470.0,50.0,45.12323999999999,0.0901184007525444,bmm
,28,28x627x121x89,5.8,1470.0,50.0,45.99339999999998,0.1267008006572723,bmm
,33,33x829x121x157,5.0,666.0,50.0,37.34399999999998,0.7306047916412354,bmm
,13,13x624x94x183,5.0,656.4,50.0,27.758680000000005,0.2430976003408432,bmm
,31,31x939x99x187,5.0,629.4,49.92,26.68792000000001,0.8795968055725097,bmm
,4,4x931x110x328,5.0,615.0,48.0,27.75688,0.2024191975593567,bmm
,18,18x622x74x381,5.0,591.0,48.0,25.273319999999995,0.5650240063667298,bmm
,29,29x804x79x498,15.2,576.0,47.72,27.54660000000001,1.443609619140625,bmm
,5,5x834x111x969,20.0,559.2,47.0,24.7754,0.5543359994888306,bmm
,26,26x1011x71x574,20.0,526.2,46.44,25.399479999999997,1.7993024110794067,bmm
,13,13x587x120x796,20.0,525.0,46.0,26.25343999999999,0.95654399394989,bmm
,15,15x843x238x10,20.0,510.0,45.52,24.586919999999985,0.3977023959159851,bmm
,23,23x583x212x21,27.0,495.0,45.0,23.62776,0.3970560014247894,bmm
,29,29x726x226x4,27.0,465.0,45.0,23.475359999999995,0.5746624112129212,bmm
,27,27x708x182x38,27.0,460.2,45.0,23.979520000000008,1.4786688089370728,bmm
,5,5x957x205x47,26.8,440.4,44.32,21.911519999999985,0.4866559982299804,bmm
,4,4x727x204x56,22.0,402.6,44.0,22.038960000000007,0.2271487981081009,bmm
,17,17x841x136x68,22.0,401.4,44.0,23.55132000000001,1.0593663930892945,bmm
,5,5x628x250x124,22.0,405.0,44.0,23.158,0.4572672009468078,bmm
,15,15x645x165x93,26.4,405.0,44.0,23.111480000000007,0.9422592043876648,bmm
,24,24x661x137x227,32.0,405.0,43.36,23.889280000000003,1.8869439840316773,bmm
,29,29x732x245x196,32.0,534.6,43.16,25.19168,1.2209855794906617,bmm
,2,2x642x153x187,32.0,675.0,44.0,23.88208000000001,0.0798719972372055,bmm
,2,2x716x219x334,32.0,675.0,43.44,22.11536000000001,0.1630079984664917,bmm
,25,25x944x250x496,32.0,714.6,43.0,27.88752,2.6176512241363525,bmm
,26,26x676x236x457,32.0,840.0,43.96,28.16152,1.7375167846679689,bmm
,8,8x831x155x995,32.0,840.0,44.0,27.936200000000003,0.9815168023109436,bmm
,32,32x811x186x618,30.16,840.0,44.0,29.937279999999987,2.7159743785858157,bmm
,1,1x616x253x761,30.0,840.0,44.0,25.212759999999992,0.1031999990344047,bmm
,26,26x553x434x29,30.0,840.0,44.0,24.1194,0.7351680040359497,bmm
,23,23x873x384x18,30.0,840.0,44.0,24.47372,0.8665535926818848,bmm
,21,21x826x308x6,30.0,840.0,44.0,24.0552,0.6062911868095398,bmm
,8,8x707x415x65,23.0,840.0,44.0,23.3384,0.3335488021373748,bmm
,19,19x597x422x47,23.0,630.0,43.6,23.20248,0.6270015954971313,bmm
,16,16x534x504x61,23.0,618.0,43.0,24.271479999999997,0.5945088028907776,bmm
,9,9x842x383x81,23.0,675.0,43.0,23.35867999999999,0.4217791974544525,bmm
,2,2x972x286x109,22.52,675.0,43.0,22.983799999999988,0.1343808025121688,bmm
,22,22x751x465x83,21.0,675.0,43.0,24.24452,1.0730240106582642,bmm
,22,22x604x305x232,21.0,675.0,43.0,25.217040000000008,0.9821376085281373,bmm
,17,17x924x359x187,21.0,675.0,43.0,25.76368,1.1791232109069825,bmm
,25,25x826x271x224,21.0,675.0,43.0,26.010200000000008,1.2879487991333007,bmm
,3,3x636x416x406,23.8,675.0,43.0,24.68364,0.3799616038799286,bmm
,24,24x657x379x508,26.0,675.0,43.0,28.0894,2.657100868225098,bmm
,19,19x949x463x479,26.0,672.6,43.32,29.823319999999995,3.425337648391724,bmm
,20,20x690x417x562,26.0,705.0,44.0,30.593000000000007,2.875059175491333,bmm
,15,15x840x294x721,38.0,705.0,44.0,28.500480000000007,2.267327976226807,bmm
,3,3x672x329x765,38.0,705.0,44.0,26.290639999999996,0.4458752036094665,bmm
,3,3x972x644x15,38.0,705.0,44.0,23.57784000000001,0.290009605884552,bmm
,8,8x917x719x6,38.0,705.0,44.0,23.147360000000003,0.5913471937179565,bmm
,24,24x961x659x29,37.04,706.2,44.0,25.774360000000005,1.766092801094055,bmm
,10,10x811x578x47,26.0,735.0,44.0,24.99244000000001,0.5482367873191833,bmm
,2,2x686x842x56,26.0,735.0,43.8,23.18599999999999,0.2747264087200164,bmm
,19,19x909x973x48,26.0,735.0,43.0,25.81204,2.1420991897583006,bmm
,2,2x955x820x83,26.0,735.0,43.0,24.76524,0.321587198972702,bmm
,24,24x858x846x116,25.2,735.0,43.0,27.471560000000007,2.3977919578552247,bmm
,29,29x820x935x71,24.0,789.0,43.68,29.50812000000001,2.85982084274292,bmm
,10,10x934x837x248,24.0,810.0,44.0,28.58176,1.5940351963043211,bmm
,10,10x731x827x145,24.0,810.0,44.0,28.069560000000006,1.352793574333191,bmm
,31,31x800x768x158,30.6,870.0,44.0,31.49464,2.111174392700195,bmm
,32,32x865x860x300,39.0,992.4,46.0,52.11148000000003,4.55045108795166,bmm
,11,11x886x771x355,39.0,1189.8,46.0,47.92004000000001,1.2555392026901244,bmm
,6,6x853x545x323,39.0,1215.0,47.12,51.80023999999999,0.5034240007400512,bmm
,9,9x867x780x710,39.0,1215.0,48.0,50.79652000000001,1.9776063919067384,bmm
,10,10x755x602x590,34.52,1215.0,48.4,44.237600000000015,1.2372864007949829,bmm
,1,1x956x751x728,32.0,1215.0,49.0,48.53072000000001,0.2601472079753876,bmm
,44,44x13x17x10,32.0,1215.0,49.0,42.61292000000001,0.0063168000429868,bmm
,55,55x16x1x17,32.0,1215.0,49.0,39.582,0.0045760000124573,bmm
,49,49x21x29x23,32.0,1215.0,49.0,39.524999999999984,0.0156864000484347,bmm
,62,62x30x29x42,32.0,1215.0,49.0,39.55399999999998,0.0163839999586343,bmm
,39,39x2x26x63,32.0,1215.0,49.0,39.52599999999998,0.0062336000613868,bmm
,43,43x32x4x55,32.0,1215.0,49.0,39.46900000000002,0.0103615999221801,bmm
,60,60x8x9x101,32.0,1215.0,48.6,39.565000000000026,0.0092159999534487,bmm
,50,50x22x22x89,15.0,1215.0,48.0,39.50184,0.0110976001247763,bmm
,62,62x18x5x122,7.0,1215.0,48.0,39.525760000000005,0.0094207996502518,bmm
,64,64x21x13x177,7.0,687.0,48.0,36.96263999999999,0.0175744000822305,bmm
,34,34x27x6x223,7.0,555.0,47.2,24.05,0.0193663999438285,bmm
,53,53x2x8x142,7.0,525.0,47.0,23.901,0.0122752003371715,bmm
,65,65x4x9x511,7.0,501.6,47.0,23.669880000000003,0.0309760004281997,bmm
,58,58x4x27x459,7.0,480.0,47.0,23.5732,0.0369536004960536,bmm
,47,47x15x10x327,7.0,450.0,46.0,23.63048,0.0586432002484798,bmm
,47,47x32x1x870,7.8,441.6,46.0,23.69156,0.1200896009802818,bmm
,45,45x21x17x915,9.0,420.0,45.96,23.556320000000007,0.1525119975209236,bmm
,46,46x20x24x987,9.0,390.0,45.0,22.11040000000001,0.1927423983812332,bmm
,58,58x11x64x31,9.0,390.0,44.52,22.05312,0.0205247998237609,bmm
,56,56x14x45x28,9.0,390.0,44.0,22.095960000000005,0.0287680000066757,bmm
,44,44x1x40x6,12.0,390.0,44.0,20.93387999999999,0.0128512000665068,bmm
,62,62x27x44x33,12.0,390.0,44.0,21.41708,0.0572672002017498,bmm
,47,47x4x51x56,12.0,390.0,44.0,21.30016,0.0185536004602909,bmm
,51,51x10x64x59,12.0,390.0,43.2,21.26148000000001,0.0238272003829479,bmm
,41,41x14x58x75,12.0,390.0,43.0,21.62399999999999,0.0364160001277923,bmm
,47,47x23x59x78,16.4,390.0,43.0,21.283919999999988,0.0485759995877742,bmm
,45,45x2x34x68,17.0,390.0,43.0,21.334760000000003,0.0177408002316951,bmm
,56,56x14x52x238,17.0,390.0,43.0,21.78172,0.3033792018890381,bmm
,57,57x3x64x151,17.0,390.0,43.0,21.21376,0.0493695989251136,bmm
,59,59x7x33x161,17.0,390.0,43.0,21.18932,0.0366016007959842,bmm
,43,43x3x51x426,19.0,390.0,42.0,21.947360000000003,0.3414592027664184,bmm
,54,54x32x47x484,19.0,390.0,42.0,22.083160000000007,0.587936007976532,bmm
,50,50x28x60x291,19.0,390.0,42.0,22.995360000000005,0.4273792028427124,bmm
,56,56x17x63x581,19.0,390.0,42.0,22.78336,0.7970304131507874,bmm
,50,50x1x52x653,26.68,390.0,42.0,21.827,0.3745855987071991,bmm
,37,37x31x65x587,27.0,390.0,42.0,22.764799999999987,0.6006335973739624,bmm
,61,61x15x81x31,27.0,390.0,42.0,21.17236,0.0343488000333309,bmm
,58,58x18x124x22,27.0,390.0,42.0,21.05155999999999,0.1104639992117881,bmm
,50,50x19x94x21,26.0,390.0,42.0,21.352760000000004,0.0882944002747535,bmm
,53,53x14x124x44,22.0,390.0,42.0,21.513400000000004,0.0445632003247737,bmm
,37,37x17x80x57,22.0,390.0,42.0,21.35184,0.0757824033498764,bmm
,63,63x28x114x53,22.0,390.0,42.0,21.5306,0.1165824010968208,bmm
,36,36x1x79x108,22.0,390.0,42.0,21.642319999999994,0.028006399795413,bmm
,34,34x11x76x99,22.0,390.0,42.0,21.41492000000001,0.0307392001152038,bmm
,60,60x25x122x92,17.0,390.0,41.6,21.63528,0.3084224045276642,bmm
,34,34x32x129x228,17.0,390.0,41.0,22.201359999999998,0.4641728043556213,bmm
,47,47x25x125x135,17.0,390.0,41.0,21.85908000000001,0.3327296018600464,bmm
,55,55x15x99x222,17.0,390.0,41.0,21.97932000000001,0.4736831963062286,bmm
,38,38x17x122x333,24.36,394.8,41.0,22.64956000000001,0.5827967882156372,bmm
,60,60x11x95x265,25.0,440.4,41.0,23.057599999999983,0.5385408043861389,bmm
,50,50x33x67x513,25.0,450.0,41.0,22.034600000000005,0.7749632000923157,bmm
,40,40x16x85x556,34.0,648.0,41.84,24.76816,0.2711295962333679,bmm
,41,41x3x91x588,40.0,780.0,42.0,22.8894,0.2485439985990524,bmm
,61,61x9x103x918,40.0,780.0,42.0,23.18848,0.657478415966034,bmm
,48,48x10x154x19,40.0,780.0,42.0,22.93612000000001,0.0162175998091697,bmm
,45,45x20x171x1,40.0,780.0,42.0,21.73720000000001,0.0103359997272491,bmm
,56,56x4x160x29,38.92,780.0,42.0,21.96520000000001,0.0127552000805735,bmm
,58,58x15x139x35,13.0,780.0,42.0,22.12888,0.0286784004420042,bmm
,63,63x5x185x62,13.0,780.0,41.32,21.85232,0.0817663982510566,bmm
,60,60x31x198x54,13.0,780.0,41.0,21.7628,0.1451776027679443,bmm
,56,56x27x231x118,13.0,780.0,41.12,22.64448,0.2300543963909149,bmm
,54,54x24x159x104,13.0,561.6,42.0,22.534600000000008,0.1490943998098373,bmm
,39,39x6x150x66,12.24,390.0,42.0,21.525440000000007,0.0375296004116535,bmm
,43,43x20x213x154,12.0,390.0,41.0,22.14456000000001,0.5299519896507263,bmm
,49,49x11x153x256,12.0,392.4,41.0,22.404440000000005,0.6041087985038758,bmm
,53,53x14x190x247,12.0,405.0,41.0,22.0874,0.8016767978668213,bmm
,63,63x28x233x319,28.72,418.2,41.0,24.1314,1.6245055675506592,bmm
,62,62x26x211x487,31.0,470.4,41.0,23.982079999999996,2.08624005317688,bmm
,65,65x32x200x360,31.0,525.0,41.0,23.563319999999997,1.6691648006439208,bmm
,65,65x18x229x714,42.96,789.0,41.92,25.642279999999992,1.1592512130737305,bmm
,47,47x29x196x820,44.0,825.0,42.0,24.68068,0.8964992165565491,bmm
,50,50x27x133x826,44.0,825.0,42.0,24.12224,0.6921280026435852,bmm
,34,34x7x323x17,44.0,825.0,42.0,23.101919999999996,0.0154432002454996,bmm
,33,33x16x290x18,44.0,825.0,41.6,21.96404,0.0204607993364334,bmm
,57,57x13x385x2,28.4,825.0,41.0,22.483999999999995,0.0385088004171848,bmm
,43,43x13x504x37,18.0,825.0,41.0,21.95900000000001,0.1447423994541168,bmm
,59,59x1x418x62,18.0,825.0,41.0,22.281,0.1584960013628006,bmm
,39,39x4x410x41,18.0,825.0,41.0,21.89652000000001,0.0552640005946159,bmm
,53,53x12x304x82,18.0,825.0,41.0,22.40528,0.1848960012197494,bmm
,52,52x20x308x116,18.0,420.0,41.0,22.678999999999988,0.6711295962333679,bmm
,58,58x7x392x85,14.0,405.0,41.0,22.300400000000003,0.6324352145195007,bmm
,64,64x16x287x239,14.0,396.0,41.0,22.9296,1.2945663928985596,bmm
,40,40x26x354x193,14.0,390.0,41.0,22.88512,0.897158396244049,bmm
,46,46x8x264x234,14.0,390.0,41.0,22.51304,0.8413951992988586,bmm
,57,57x23x353x381,31.0,396.0,41.0,23.362120000000004,2.279846382141113,bmm
,40,40x19x329x402,31.0,457.8,41.0,23.926800000000004,1.4866688013076783,bmm
,43,43x31x369x481,31.0,570.0,41.0,23.88484000000002,2.337625598907471,bmm
,37,37x7x380x802,40.0,687.0,41.0,24.983639999999987,1.1401151895523072,bmm
,60,60x17x396x717,40.0,765.0,41.88,26.53272000000001,1.7515072107315064,bmm
,60,60x2x296x618,40.0,765.0,42.0,24.94580000000001,1.0697471857070924,bmm
,35,35x17x524x27,40.0,765.0,42.0,23.2274,0.1980544000864029,bmm
,64,64x14x934x22,32.08,765.0,42.0,22.1994,0.324153596162796,bmm
,43,43x15x559x12,31.0,765.0,41.68,22.32148,0.0748288005590438,bmm
,42,42x5x675x63,31.0,765.0,41.0,22.45224000000001,0.2142783999443054,bmm
,47,47x11x785x54,31.0,765.0,41.0,22.40092,0.2623871982097626,bmm
,62,62x6x631x41,31.0,765.0,41.0,22.17440000000001,0.2041791975498199,bmm
,54,54x6x778x98,23.08,639.0,41.0,22.84296,0.4838720023632049,bmm
,62,62x11x795x108,13.0,436.8,41.0,23.496,1.4366912364959716,bmm
,36,36x2x666x110,13.0,435.0,41.0,22.723440000000004,0.7016959905624389,bmm
,51,51x33x556x209,13.0,435.0,41.0,23.354560000000006,1.7488832235336305,bmm
,50,50x10x927x225,33.0,512.4,41.0,24.750839999999997,2.6270592212677,bmm
,63,63x4x929x182,33.0,738.0,41.8,25.71724,0.1646528005599975,bmm
,49,49x17x694x499,33.0,945.0,42.0,32.22056,0.4158911943435669,bmm
,59,59x20x675x267,33.0,945.0,42.0,38.7662,0.4003776013851166,bmm
,55,55x24x810x278,33.0,945.0,42.68,39.12940000000001,0.4113855957984924,bmm
,65,65x33x536x744,38.0,945.0,43.0,39.57000000000002,0.9116735935211182,bmm
,46,46x14x726x876,38.0,945.0,43.0,42.910559999999975,0.6716095924377441,bmm
,38,38x13x1017x734,38.0,945.0,43.4,41.3828,0.6389951944351197,bmm
,59,59x33x1x12,38.0,945.0,45.0,41.615,0.0061376001685857,bmm
,40,40x59x1x14,38.0,945.0,45.0,35.29700000000002,0.0062400000169873,bmm
,54,54x34x9x27,38.0,945.0,45.0,35.23800000000002,0.0147264000028371,bmm
,35,35x51x9x59,38.0,945.0,45.0,35.35299999999998,0.0129151999950408,bmm
,45,45x36x14x56,38.0,945.0,45.0,35.47799999999998,0.0148544000461697,bmm
,36,36x60x33x44,32.8,945.0,45.0,35.426000000000016,0.0225088000297546,bmm
,54,54x52x16x126,12.0,945.0,45.0,35.41700000000002,0.0172352001070976,bmm
,51,51x51x12x67,12.0,945.0,45.0,35.553,0.0165376000106334,bmm
,39,39x51x2x129,12.0,945.0,45.0,35.40800000000001,0.0150912001729011,bmm
,58,58x40x30x235,12.0,588.6,45.0,35.460280000000004,0.0361919999122619,bmm
,40,40x42x28x216,12.0,450.0,45.0,35.362360000000024,0.0554495997726917,bmm
,60,60x39x10x177,12.0,421.2,45.0,35.08579999999999,0.0493375994265079,bmm
,47,47x33x1x479,12.0,420.0,45.0,35.024760000000015,0.0374080002307891,bmm
,36,36x50x6x407,12.0,390.0,45.0,31.94500000000001,0.0628224000334739,bmm
,64,64x61x29x401,9.96,390.0,45.0,23.512279999999983,0.2405631989240646,bmm
,43,43x37x17x536,9.0,390.0,44.72,23.3002,0.115404799580574,bmm
,39,39x62x6x988,9.0,390.0,44.0,23.04635999999999,0.2378944009542465,bmm
,64,64x55x25x637,9.0,390.0,44.0,23.55800000000001,0.3323903977870941,bmm
,39,39x60x50x19,9.0,390.0,44.0,23.44360000000001,0.0611839994788169,bmm
,33,33x43x38x32,9.0,390.0,43.0,22.76604,0.0369408003985881,bmm
,53,53x59x34x22,9.0,390.0,43.0,21.69904,0.0514047995209693,bmm
,56,56x33x57x42,13.32,390.0,43.0,21.844159999999988,0.0675968006253242,bmm
,42,42x37x44x37,15.0,390.0,43.0,21.85399999999999,0.0572416000068187,bmm
,60,60x49x65x51,15.0,390.0,43.0,21.88384,0.0737280026078224,bmm
,48,48x58x61x114,15.0,390.0,42.0,21.850320000000007,0.0824703991413116,bmm
,64,64x42x41x105,15.0,390.0,42.0,21.55500000000001,0.074278400838375,bmm
,62,62x35x34x80,15.68,390.0,42.0,21.39268000000001,0.0587839998304843,bmm
,48,48x41x50x229,16.0,390.0,42.0,22.02000000000001,0.2486208021640777,bmm
,43,43x58x47x185,16.0,390.0,42.0,21.58427999999999,0.1664704009890556,bmm
,64,64x51x49x186,16.0,390.0,42.0,21.36480000000001,0.3077248007059097,bmm
,38,38x56x46x458,16.0,390.0,42.0,21.40616,0.4860096037387847,bmm
,39,39x48x60x486,20.0,390.0,42.0,22.819599999999998,0.6089983940124511,bmm
,41,41x63x33x396,20.0,390.0,42.0,22.49308000000001,0.4189183950424194,bmm
,50,50x52x43x654,20.0,390.0,42.0,22.46748,0.8876224040985108,bmm
,54,54x34x41x519,20.0,390.0,42.0,22.88936,0.5787008047103882,bmm
,53,53x54x63x547,27.84,390.0,42.0,23.204480000000004,1.0169280171394348,bmm
,51,51x59x84x1,34.0,390.0,41.0,21.68864,0.0263232000172138,bmm
,33,33x52x76x4,34.0,390.0,41.0,21.23511999999999,0.0517567999660968,bmm
,62,62x44x88x23,34.0,390.0,41.0,20.897880000000004,0.0819007977843284,bmm
,48,48x39x115x36,34.0,390.0,41.0,21.11568,0.1056768000125885,bmm
,42,42x46x117x43,18.0,390.0,41.0,21.12580000000001,0.1053376019001007,bmm
,59,59x40x127x62,18.0,390.0,41.0,21.46596,0.2796864092350006,bmm
,44,44x44x121x73,18.0,390.0,41.0,21.46376,0.1762752026319503,bmm
,41,41x56x115x71,18.0,390.0,41.0,21.52644,0.1665984004735946,bmm
,48,48x58x72x70,18.04,390.0,41.0,21.6182,0.0779967993497848,bmm
,42,42x43x109x135,19.0,390.0,41.0,21.812959999999997,0.3528511941432953,bmm
,40,40x42x115x141,19.0,390.0,41.0,22.02612,0.364793598651886,bmm
,58,58x39x81x175,19.0,390.0,41.0,21.85047999999999,0.4683199942111969,bmm
,46,46x33x87x490,19.0,390.0,41.0,22.71184000000001,0.789734399318695,bmm
,51,51x57x81x265,25.44,420.0,41.0,23.49232000000001,0.5981376051902771,bmm
,50,50x45x119x440,26.0,540.0,41.0,23.40796,1.138163185119629,bmm
,56,56x43x126x749,26.0,543.6,41.0,23.4868,2.171507167816162,bmm
,54,54x53x98x675,33.2,570.0,41.0,23.09768,1.714303970336914,bmm
,56,56x61x109x893,38.0,649.2,41.0,24.21803999999999,0.875328004360199,bmm
,65,65x40x138x14,38.0,735.0,41.0,23.05560000000001,0.0659072026610374,bmm
,39,39x42x136x7,38.0,735.0,41.0,21.9468,0.0617727994918823,bmm
,36,36x51x221x18,36.2,735.0,41.0,22.0676,0.097638401389122,bmm
,49,49x64x136x46,23.0,735.0,41.0,22.219000000000005,0.1002944007515907,bmm
,48,48x41x250x34,23.0,735.0,41.0,22.147,0.1445696026086807,bmm
,40,40x49x138x34,23.0,735.0,41.0,21.57496,0.0653696000576019,bmm
,58,58x64x186x73,23.0,735.0,41.0,22.327880000000007,0.2121919989585876,bmm
,64,64x63x197x96,23.0,735.0,41.0,22.80551999999999,0.2569791972637176,bmm
,46,46x62x142x123,16.84,735.0,41.0,22.41779999999999,0.1835072010755539,bmm
,40,40x38x242x134,12.0,569.4,41.0,22.30188,0.2164351999759674,bmm
,61,61x33x173x144,12.0,390.0,41.0,22.301239999999996,0.7127295851707458,bmm
,43,43x65x256x198,12.0,418.8,41.0,23.639560000000003,1.079251194000244,bmm
,55,55x60x140x510,27.84,546.0,41.0,24.422640000000012,1.7265727996826172,bmm
,57,57x57x192x392,30.0,564.6,41.0,23.74432,1.835391998291016,bmm
,55,55x48x233x397,30.0,663.6,41.0,23.84864000000001,0.7102400064468384,bmm
,37,37x60x134x577,34.56,765.0,41.0,23.823400000000007,0.4439231991767883,bmm
,54,54x44x192x557,36.0,765.0,41.0,24.052600000000005,0.7504000186920166,bmm
,53,53x35x178x809,36.0,765.0,41.0,23.97864000000001,0.9412479996681212,bmm
,50,50x38x483x18,36.0,765.0,41.0,23.53400000000001,0.2296128004789352,bmm
,38,38x53x431x17,36.0,765.0,41.0,22.502360000000014,0.1897024005651474,bmm
,38,38x60x288x15,30.56,765.0,41.0,22.25707999999999,0.1340736031532287,bmm
,36,36x34x411x41,19.0,765.0,41.0,22.17679999999999,0.1970431983470916,bmm
,43,43x33x416x53,19.0,765.0,41.0,22.5296,0.2313728004693985,bmm
,56,56x49x464x57,19.0,765.0,41.0,22.63156,0.3281152009963989,bmm
,40,40x44x334x102,19.0,433.2,41.0,22.40476000000001,0.6783104062080383,bmm
,39,39x38x447x129,19.52,420.0,41.0,22.73112000000001,0.9197951912879944,bmm
,33,33x50x485x82,20.0,409.8,41.0,22.2286,0.7077695965766907,bmm
,55,55x57x281x247,20.0,390.0,41.0,22.655159999999995,1.4284096240997315,bmm
,60,60x49x413x223,20.0,429.6,41.0,23.80075999999999,1.870099210739136,bmm
,58,58x46x381x204,31.04,480.0,41.0,23.32547999999999,1.5296127796173096,bmm
,49,49x54x356x273,32.0,480.0,41.0,23.16544,1.8088768005371092,bmm
,63,63x65x403x291,32.0,487.8,41.0,24.71596000000001,3.1043264389038088,bmm
,61,61x39x264x421,34.24,675.0,41.0,23.983440000000005,0.8362367987632752,bmm
,63,63x39x397x973,39.0,675.0,41.0,26.460239999999988,2.669708728790283,bmm
,48,48x39x334x628,39.0,675.0,42.0,25.28864,1.1674048185348511,bmm
,44,44x33x265x577,39.0,675.0,42.0,24.529240000000005,0.8268288016319275,bmm
,38,38x51x576x16,39.0,675.0,42.0,22.988280000000003,0.2675711929798126,bmm
,35,35x33x716x2,28.6,675.0,42.0,22.646320000000006,0.3010303974151611,bmm
,60,60x50x607x5,26.0,675.0,41.6,22.3352,0.2837119996547699,bmm
,33,33x56x712x60,26.0,675.0,41.0,22.5158,0.3421312034130096,bmm
,56,56x34x892x60,26.0,498.6,41.0,23.1912,0.6998080134391784,bmm
,57,57x33x822x38,26.0,450.0,41.0,22.70116,0.9921599984169006,bmm
,64,64x51x907x88,20.0,505.2,41.0,24.08140000000001,0.8417344093322754,bmm
,36,36x49x888x99,20.0,630.0,41.0,23.55204,0.5465280055999756,bmm
,33,33x34x563x73,20.0,630.0,41.0,22.87147999999999,0.3035391986370087,bmm
,50,50x33x572x151,20.0,630.0,41.0,23.004600000000003,0.5978304028511048,bmm
,55,55x36x606x158,24.2,630.0,41.0,23.83572,0.7150848031044006,bmm
,45,45x35x546x247,25.0,630.0,41.0,23.85908,0.7167680025100708,bmm
,46,46x59x865x324,25.0,630.0,41.56,25.43563999999999,1.7521408081054688,bmm
,35,35x42x873x463,25.0,630.0,42.0,25.869480000000006,1.6761343955993653,bmm
,60,60x35x952x486,27.56,676.2,42.0,27.8132,3.0035840034484864,bmm
,54,54x36x969x967,33.0,874.2,42.08,32.8656,1.8946112155914308,bmm
,53,53x39x556x1018,33.0,885.0,44.0,44.552600000000005,1.1034112215042111,bmm
,57,57x36x694x685,33.0,885.0,44.0,42.56879999999999,1.1504191637039185,bmm
,33,33x85x27x4,33.0,885.0,44.0,42.665160000000014,0.0216320000588893,bmm
,61,61x89x9x30,33.0,885.0,45.0,35.674160000000015,0.0185088004916906,bmm
,50,50x109x9x3,33.0,885.0,45.0,35.229440000000004,0.0172095999121665,bmm
,54,54x83x3x56,24.0,885.0,45.0,35.35128,0.0163711998611688,bmm
,35,35x95x31x65,24.0,885.0,45.0,35.38168,0.0280191998928785,bmm
,53,53x66x14x43,24.0,885.0,45.0,35.346,0.0185024004429578,bmm
,36,36x88x10x93,24.0,885.0,45.0,35.26599999999999,0.0208767998963594,bmm
,48,48x66x10x79,24.0,885.0,45.0,35.332,0.0257407996803522,bmm
,60,60x104x11x115,24.0,885.0,45.0,35.3314,0.0289856001734733,bmm
,41,41x65x29x158,24.0,885.0,45.0,35.344199999999994,0.0412032000720501,bmm
,56,56x77x28x156,24.0,885.0,45.0,35.44636000000001,0.0531839996576309,bmm
,48,48x126x14x146,24.0,885.0,45.0,35.529879999999984,0.0361919999122619,bmm
,36,36x87x14x407,6.0,390.0,45.0,32.55124000000002,0.1259327977895736,bmm
,56,56x90x1x321,6.0,390.0,44.0,23.3504,0.1451008021831512,bmm
,56,56x89x3x323,6.0,390.0,44.0,23.482800000000008,0.1531392008066177,bmm
,55,55x115x7x742,6.0,390.0,44.0,23.739480000000007,0.4764223992824554,bmm
,48,48x100x5x909,6.0,390.0,44.0,24.428240000000013,0.4340351998805999,bmm
,62,62x70x25x752,6.0,390.0,44.0,23.40292,0.448691201210022,bmm
,52,52x89x47x27,18.32,390.0,43.28,22.22856,0.0619583994150161,bmm
,49,49x92x59x9,20.0,390.0,43.0,22.00555999999999,0.069990399479866,bmm
,45,45x108x48x9,20.0,390.0,43.0,21.85692,0.0574079997837543,bmm
,64,64x116x34x56,20.0,390.0,43.0,21.79128,0.0627903997898101,bmm
,63,63x99x58x57,20.0,390.0,42.84,22.1264,0.0867648005485534,bmm
,65,65x76x54x44,16.48,390.0,42.0,21.75208000000001,0.0765120014548301,bmm
,56,56x80x50x88,16.0,390.0,42.0,21.44868000000001,0.1618496030569076,bmm
,59,59x93x62x93,16.0,390.0,42.0,21.73244,0.3309055984020233,bmm
,46,46x111x50x87,16.0,390.0,42.0,22.120999999999995,0.1390655994415283,bmm
,61,61x124x61x162,16.56,390.0,42.0,21.964440000000003,0.6094016075134278,bmm
,34,34x112x53x140,23.0,390.0,42.0,22.05312,0.1525568008422851,bmm
,47,47x80x46x230,23.0,390.0,42.0,22.33151999999999,0.3880959987640381,bmm
,48,48x109x41x448,23.0,390.0,42.0,23.05852,0.8804672002792359,bmm
,47,47x81x47x473,23.0,390.0,42.0,22.99124000000001,0.7882815957069397,bmm
,45,45x113x35x307,28.52,390.0,42.0,22.460040000000003,0.5583999991416931,bmm
,45,45x106x61x781,29.0,444.0,42.0,23.81656,1.688748788833618,bmm
,55,55x116x36x899,29.0,541.2,42.0,24.549679999999988,2.090835237503052,bmm
,39,39x95x33x1010,36.04,555.0,42.0,23.10923999999999,1.3478591680526733,bmm
,63,63x111x114x5,40.0,555.0,42.0,22.81488,0.2459903985261917,bmm
,54,54x107x119x18,40.0,555.0,42.0,22.424640000000007,0.2682111978530884,bmm
,60,60x85x66x5,40.0,555.0,42.0,21.7006,0.0576448000967502,bmm
,46,46x74x86x60,40.0,555.0,41.84,21.61675999999999,0.1150591999292373,bmm
,52,52x90x79x38,22.0,555.0,41.0,21.76844,0.0953856021165847,bmm
,55,55x127x113x50,22.0,555.0,41.0,22.510240000000003,0.4921728014945984,bmm
,52,52x122x122x104,22.0,581.4,41.0,24.57256,0.6149952054023743,bmm
,63,63x90x69x114,22.0,615.0,41.0,22.54336,0.4101696014404297,bmm
,33,33x87x112x109,25.8,615.0,41.0,22.3762,0.2994687974452972,bmm
,59,59x120x96x205,27.0,615.0,41.0,22.94159999999999,0.9523136019706726,bmm
,47,47x99x117x196,27.0,615.0,41.0,23.12164,0.7323327898979187,bmm
,33,33x122x81x144,27.0,615.0,41.0,22.630520000000004,0.3069696009159088,bmm
,35,35x96x66x278,27.2,615.0,41.0,23.99724,0.4938495993614197,bmm
,62,62x107x115x439,28.0,615.0,41.0,24.270160000000004,1.9918015956878663,bmm
,58,58x114x93x300,28.0,615.0,41.04,24.210239999999988,1.1982208013534543,bmm
,51,51x88x98x929,28.0,845.4,42.0,26.83020000000001,0.4393663942813873,bmm
,38,38x127x121x805,28.0,975.0,42.0,36.06359999999999,0.3194751977920532,bmm
,60,60x115x108x698,37.0,975.0,43.0,38.23900000000001,0.3794879972934722,bmm
,46,46x66x187x2,37.0,975.0,43.0,39.27200000000002,0.0636928007006645,bmm
,55,55x105x192x4,37.0,975.0,43.0,35.54499999999999,0.0673216000199317,bmm
,35,35x81x204x30,37.0,975.0,43.0,35.78552000000002,0.0679679989814758,bmm
,63,63x128x211x49,37.0,975.0,44.0,35.76439999999999,0.0820607990026474,bmm
,42,42x105x139x54,37.0,975.0,44.0,35.83103999999999,0.0531775988638401,bmm
,38,38x71x159x62,37.0,975.0,44.0,35.694,0.0553472004830837,bmm
,49,49x110x174x105,37.0,975.0,44.0,35.76844000000001,0.0917311996221542,bmm
,51,51x84x165x79,23.08,975.0,44.0,36.19000000000002,0.0981504023075103,bmm
,52,52x129x256x107,8.0,975.0,44.0,36.14200000000002,0.2161792010068893,bmm
,44,44x115x238x182,8.0,975.0,44.0,37.433599999999984,0.1615103989839554,bmm
,38,38x116x218x150,8.0,975.0,44.0,37.07359999999999,0.1434560000896453,bmm
,58,58x94x240x191,8.0,975.0,45.0,36.76184000000003,0.2199039995670318,bmm
,45,45x91x156x371,8.0,975.0,45.0,37.18027999999998,0.2156608015298843,bmm
,42,42x120x235x512,8.0,390.0,45.0,33.43784000000001,0.972812795639038,bmm
,65,65x128x242x502,8.0,390.0,44.16,26.68376000000002,1.5915328025817872,bmm
,60,60x83x174x589,20.0,405.0,44.0,26.141480000000005,1.2295039892196655,bmm
,61,61x84x233x797,20.0,405.0,44.0,27.230079999999997,2.241139221191406,bmm
,45,45x85x215x711,20.0,510.0,44.0,27.39656000000001,1.1238975763320922,bmm
,36,36x72x487x26,20.0,510.0,44.0,24.76800000000001,0.2961471915245056,bmm
,54,54x79x463x12,20.0,510.0,44.0,22.55252000000001,0.31039999127388,bmm
,39,39x93x435x12,30.0,510.0,44.0,22.6598,0.2742655932903289,bmm
,50,50x96x295x41,30.0,510.0,43.0,22.145840000000003,0.2637120008468628,bmm
,58,58x113x445x58,30.0,510.0,43.0,22.72184,0.503001606464386,bmm
,33,33x121x409x41,30.0,510.0,43.0,22.98712,0.7535231947898865,bmm
,64,64x97x437x101,27.2,510.0,43.0,23.583679999999987,1.6923712015151977,bmm
,57,57x102x271x98,23.0,489.6,43.0,23.36287999999999,1.0211968064308166,bmm
,58,58x116x405x72,23.0,511.2,43.0,24.25739999999999,0.5414528012275696,bmm
,39,39x109x469x189,23.0,630.0,43.0,24.112920000000003,0.7700160026550293,bmm
,55,55x114x406x153,27.4,630.0,43.0,24.5466,0.8691391825675965,bmm
,40,40x91x475x224,34.0,630.0,43.0,24.213999999999995,0.7153984069824219,bmm
,43,43x103x276x450,34.0,630.0,43.0,24.89648,0.882207989692688,bmm
,48,48x92x407x482,34.0,630.0,43.0,26.20376000000001,1.3986752033233645,bmm
,47,47x105x260x507,34.0,630.0,43.0,26.044999999999995,0.9941375851631165,bmm
,63,63x95x330x987,28.0,681.0,43.0,29.02291999999999,1.920620799064636,bmm
,39,39x116x316x848,28.0,885.0,44.0,36.63524,0.8418943881988525,bmm
,50,50x125x374x887,28.0,885.0,44.0,42.042600000000014,1.2159103870391843,bmm
,35,35x107x749x32,28.0,885.0,44.0,45.313,0.2410496026277542,bmm
,44,44x73x874x12,28.0,885.0,44.52,36.891880000000015,0.2799167931079864,bmm
,46,46x106x744x31,28.0,885.0,45.0,36.75324000000001,0.2389887988567352,bmm
,57,57x85x920x37,28.0,885.0,45.0,37.17252000000002,0.2978752017021179,bmm
,63,63x94x530x47,26.0,885.0,45.0,37.54063999999998,0.1845951974391937,bmm
,43,43x112x1015x54,26.0,885.0,45.0,37.44100000000002,0.3252351999282837,bmm
,33,33x107x819x98,26.0,885.0,45.0,38.298,0.2763007998466492,bmm
,40,40x75x764x127,26.0,885.0,45.0,38.567,0.3355583965778351,bmm
,47,47x112x604x105,26.0,885.0,45.0,38.72127999999998,0.2907840073108673,bmm
,63,63x104x650x209,26.0,885.0,45.92,39.34479999999998,0.7982079982757568,bmm
,46,46x124x724x231,26.0,885.0,46.0,39.88999999999999,0.6679295897483826,bmm
,36,36x65x854x211,26.0,885.0,46.0,41.78560000000002,0.6193727850914001,bmm
,39,39x113x810x383,17.0,585.0,46.64,40.960159999999966,1.2203456163406372,bmm
,51,51x87x597x450,17.0,572.4,47.0,41.83836000000001,1.745632004737854,bmm
,40,40x69x706x257,17.0,559.2,47.0,41.58719999999998,1.3010175943374631,bmm
,40,40x94x837x729,17.0,555.0,47.0,44.33024000000001,3.1042432308197023,bmm
,48,48x107x977x652,17.0,673.8,47.0,46.010560000000005,3.2026432514190675,bmm
,65,65x128x723x994,41.0,885.0,49.0,49.13295999999998,3.3932864665985107,bmm
,55,55x178x33x27,41.0,1035.0,49.0,48.88140000000002,0.0312063999474048,bmm
,61,61x247x9x1,41.0,1035.0,49.0,36.478200000000015,0.0115904001519083,bmm
,52,52x154x10x10,41.0,1035.0,48.28,35.47400000000002,0.0205247994512319,bmm
,44,44x203x1x49,41.0,1035.0,48.0,35.636,0.0125120000913739,bmm
,33,33x167x26x61,41.0,1035.0,48.0,35.54999999999998,0.0204991996288299,bmm
,54,54x248x31x53,41.0,1035.0,48.0,35.61900000000002,0.0368448011577129,bmm
,43,43x170x6x78,41.0,1035.0,47.6,35.74199999999999,0.0217279996722936,bmm
,64,64x157x11x73,26.96,1035.0,47.0,35.695240000000005,0.0410175994038581,bmm
,38,38x230x1x83,14.0,1035.0,47.0,35.76563999999999,0.0171135995537042,bmm
,59,59x219x21x153,14.0,1035.0,47.0,35.824119999999986,0.077446399629116,bmm
,41,41x156x7x157,14.0,1035.0,47.0,35.970200000000006,0.0307007994502782,bmm
,36,36x131x33x197,14.0,1035.0,47.0,35.84408000000001,0.070067198574543,bmm
,35,35x141x26x360,14.0,1035.0,47.0,36.11000000000001,0.0861055999994278,bmm
,50,50x239x12x332,14.0,1035.0,47.0,36.213,0.0965055987238883,bmm
,34,34x225x16x406,14.0,1035.0,47.0,36.54999999999998,0.0839167982339859,bmm
,48,48x164x32x719,14.0,1035.0,47.0,36.415999999999976,0.1786560028791427,bmm
,65,65x199x15x768,8.12,579.0,47.0,35.48716000000002,0.2305664002895355,bmm
,42,42x133x13x779,7.0,428.4,46.52,25.327480000000005,0.4691392004489899,bmm
,58,58x239x61x10,7.0,420.0,46.0,24.576480000000007,0.1204032003879547,bmm
,42,42x229x42x3,7.0,405.0,46.0,23.5512,0.0779775977134704,bmm
,62,62x133x33x19,7.0,403.8,46.0,23.333999999999996,0.0839359983801841,bmm
,35,35x144x62x44,7.0,390.0,45.0,22.966239999999985,0.0759999990463256,bmm
,45,45x161x60x37,7.0,390.0,45.0,21.8946,0.0833407998085022,bmm
,52,52x174x42x61,17.0,390.0,45.0,22.146599999999992,0.0939264014363288,bmm
,49,49x189x55x118,17.0,390.0,45.0,22.27676,0.2058880001306534,bmm
,55,55x231x42x81,17.0,390.0,44.84,22.63624,0.1942911982536316,bmm
,59,59x156x65x103,17.0,390.0,44.0,22.825639999999996,0.4759872078895569,bmm
,42,42x151x54x239,23.12,457.2,44.0,23.786759999999997,0.6103232026100158,bmm
,42,42x247x48x129,26.0,495.0,44.0,22.69168,0.5071680068969726,bmm
,34,34x217x39x154,26.0,495.0,44.0,22.16924,0.3876672029495239,bmm
,60,60x130x48x511,26.0,567.0,44.0,25.165959999999988,1.5556479692459106,bmm
,35,35x132x46x409,29.0,615.0,44.0,23.100159999999995,0.7031615972518921,bmm
,39,39x201x62x425,29.0,615.0,43.32,23.43728000000001,1.267564797401428,bmm
,63,63x164x62x570,29.0,616.8,43.0,24.48136000000001,2.154361629486084,bmm
,40,40x179x64x859,29.96,630.0,43.0,24.783800000000006,0.8543552041053772,bmm
,49,49x204x45x651,33.0,630.0,43.48,24.8788,0.82985600233078,bmm
,61,61x220x73x28,33.0,630.0,44.0,23.04728000000001,0.1944896042346954,bmm
,46,46x179x111x3,33.0,630.0,43.88,22.42488000000001,0.1274303972721099,bmm
,60,60x148x66x21,33.0,630.0,43.0,22.15776,0.1010112002491951,bmm
,52,52x152x76x33,29.16,630.0,43.0,22.4742,0.1168256014585495,bmm
,40,40x164x74x61,17.0,630.0,43.0,22.500199999999992,0.0956415981054306,bmm
,43,43x187x114x34,17.0,630.0,43.0,22.333799999999997,0.1666624009609222,bmm
,62,62x181x72x129,17.0,630.0,43.0,22.523080000000004,0.2789376020431519,bmm
,44,44x242x102x74,17.0,390.0,43.0,23.293119999999995,0.6617791891098023,bmm
,52,52x140x122x118,22.32,412.8,43.0,23.81887999999999,0.7822720050811768,bmm
,41,41x220x81x184,24.0,426.0,43.0,23.311120000000003,0.7960191965103149,bmm
,34,34x166x125x180,24.0,450.0,43.0,22.57072,0.7247424006462098,bmm
,64,64x215x109x194,30.0,514.8,42.04,25.18916,0.5652927994728089,bmm
,44,44x173x83x503,39.0,630.0,42.0,23.33636,0.6100480079650878,bmm
,40,40x202x99x463,39.0,630.0,42.0,24.515079999999998,0.6239935874938964,bmm
,44,44x230x99x510,39.0,630.0,42.0,24.71455999999999,0.8142783999443054,bmm
,35,35x203x90x726,39.0,630.0,42.0,23.311879999999995,0.7846784114837646,bmm
,47,47x137x115x845,23.0,630.0,42.0,25.304800000000004,1.174399995803833,bmm
,57,57x185x109x561,23.0,630.0,43.0,25.848920000000003,1.0115967750549315,bmm
,49,49x224x134x29,23.0,630.0,43.0,24.07880000000001,0.2551743924617767,bmm
,44,44x148x224x20,23.0,630.0,43.0,22.45048000000001,0.2211136013269424,bmm
,55,55x146x139x10,23.0,525.0,43.0,22.48056,0.4259967982769012,bmm
,48,48x178x170x51,23.0,510.0,42.6,22.936520000000005,0.7484608054161072,bmm
,61,61x214x229x53,23.0,489.6,42.0,22.78952,1.4158080101013184,bmm
,33,33x227x175x50,23.0,480.0,42.0,23.17428,0.6766400098800659,bmm
,41,41x237x199x125,25.4,469.8,42.0,23.357000000000003,1.244204783439636,bmm
,53,53x164x198x72,33.0,495.0,42.0,22.96,0.9449983954429626,bmm
,52,52x189x141x121,33.0,496.2,42.0,24.26504,1.0196352005004885,bmm
,44,44x130x206x252,33.0,525.0,42.0,23.93388,1.5410303831100465,bmm
,62,62x203x239x199,33.96,663.0,42.0,26.41380000000001,0.5793472051620483,bmm
,41,41x172x221x207,34.0,870.0,42.52,33.25803999999999,0.2969087898731232,bmm
,52,52x243x173x467,34.0,870.0,43.0,38.38288000000001,0.7242176055908203,bmm
,43,43x242x139x325,34.0,870.0,43.0,40.29399999999999,0.3865920007228851,bmm
,37,37x141x150x369,34.0,870.0,43.0,38.668,0.313510400056839,bmm
,42,42x247x253x551,34.0,870.0,45.0,39.66959999999999,1.0260992050170898,bmm
,53,53x187x247x690,31.4,870.0,45.0,41.035199999999975,1.1381440162658691,bmm
,38,38x240x205x653,29.0,870.0,45.0,43.3894,0.9074367880821228,bmm
,35,35x237x363x17,29.0,870.0,46.0,38.30399999999998,0.1859392017126083,bmm
,52,52x175x278x11,29.0,870.0,46.0,36.54600000000002,0.1452351987361907,bmm
,57,57x194x486x1,29.0,870.0,46.0,36.51383999999999,0.0916799992322921,bmm
,33,33x129x430x47,29.0,870.0,46.0,36.25616,0.1474816024303436,bmm
,49,49x238x282x52,29.0,870.0,46.0,36.42447999999998,0.1955584049224853,bmm
,59,59x194x469x62,29.0,870.0,46.0,37.25579999999998,0.31386239528656,bmm
,33,33x207x428x70,27.08,870.0,46.0,38.14115999999999,0.2794176042079925,bmm
,65,65x191x365x68,13.0,510.0,45.88,32.77899999999999,0.7788095951080323,bmm
,34,34x244x477x107,13.0,495.0,45.0,25.427159999999983,0.6918975949287415,bmm
,53,53x134x411x164,13.0,495.0,45.0,27.037520000000004,1.0748224020004271,bmm
,58,58x170x264x250,13.0,485.4,45.0,26.321320000000004,0.9797120094299316,bmm
,52,52x196x344x232,13.0,466.8,45.0,25.064680000000006,1.3364800214767456,bmm
,57,57x174x289x431,29.0,477.0,44.0,26.191039999999997,1.7887936115264893,bmm
,59,59x249x259x454,29.0,525.0,44.0,26.3014,2.1156544208526613,bmm
,40,40x250x284x336,29.0,525.0,44.0,25.986600000000006,1.2201728105545044,bmm
,51,51x205x424x543,41.0,1281.0,44.0,32.01644000000001,1.1964992046356202,bmm
,63,63x232x457x648,44.0,1470.0,44.0,59.874680000000005,1.922828769683838,bmm
,57,57x176x386x855,44.0,1470.0,45.92,67.47823999999997,1.32566397190094,bmm
,62,62x222x767x1,44.0,1470.0,50.0,46.28999999999999,0.124524800479412,bmm
,35,35x219x876x15,44.0,1470.0,50.0,46.83400000000003,0.2641920030117035,bmm
,56,56x199x922x27,44.0,1470.0,50.0,48.945800000000006,0.3865727961063385,bmm
,44,44x163x564x49,44.0,1470.0,50.0,49.61480000000002,0.1325760006904602,bmm
,57,57x168x766x46,18.0,1470.0,50.0,47.81992,0.3164735972881317,bmm
,36,36x193x765x39,18.0,1470.0,50.0,48.44248,0.2357759982347488,bmm
,42,42x146x825x94,18.0,1470.0,50.0,48.35488000000003,0.3829056024551391,bmm
,57,57x205x676x82,18.0,1470.0,50.0,51.31899999999998,0.4508672058582306,bmm
,41,41x137x891x116,18.0,1470.0,50.0,52.808,0.4014591932296752,bmm
,33,33x208x766x207,18.0,1470.0,50.0,52.59400000000003,0.5792447924613953,bmm
,64,64x179x686x147,18.0,1470.0,50.92,56.40432000000003,0.6125120043754577,bmm
,35,35x177x818x176,18.0,765.0,51.0,50.85123999999999,0.6851200044155121,bmm
,33,33x249x936x421,17.16,753.6,51.0,44.73644,2.5919936180114744,bmm
,35,35x147x875x257,17.0,750.0,51.0,46.00739999999999,1.7410112142562866,bmm
,33,33x141x804x262,17.0,750.0,51.0,42.433760000000014,1.5100095748901368,bmm
,43,43x139x757x893,17.0,843.6,51.0,48.03744,3.409414386749268,bmm
,48,48x216x940x648,17.0,982.8,51.0,53.23676,4.272319984436035,bmm
,38,38x201x740x593,44.0,1290.0,51.8,52.70604,1.762502384185791,bmm
,40,40x314x26x3,44.0,1290.0,52.0,62.78735999999999,0.0249343998730182,bmm
,36,36x327x13x6,44.0,1290.0,52.0,42.82799999999998,0.0199999999254941,bmm
,53,53x449x1x24,44.0,1290.0,52.0,41.827,0.0109888000413775,bmm
,54,54x283x26x48,44.0,1290.0,51.28,41.489,0.0334080003201961,bmm
,35,35x317x11x36,44.0,1290.0,51.0,41.585200000000015,0.0184640005230903,bmm
,44,44x457x3x36,44.0,1290.0,51.0,41.09299999999998,0.0230399996042251,bmm
,54,54x372x33x76,44.0,1290.0,51.0,41.14112,0.0696064010262489,bmm
,40,40x509x32x71,44.0,1290.0,51.0,41.64104000000001,0.0591040007770061,bmm
,42,42x472x26x67,10.0,1290.0,51.0,41.63619999999998,0.0597952000796794,bmm
,64,64x305x21x237,10.0,1290.0,51.0,41.81216000000001,0.0958848014473915,bmm
,36,36x449x17x222,10.0,1290.0,51.0,41.95999999999998,0.0843776017427444,bmm
,57,57x320x16x178,10.0,1290.0,51.0,42.102080000000015,0.060224000364542,bmm
,33,33x308x12x340,10.0,1290.0,51.0,41.673,0.0655359998345375,bmm
,44,44x325x21x379,10.0,1290.0,51.0,42.107999999999976,0.1166976019740104,bmm
,48,48x350x2x305,10.0,1290.0,51.0,42.801000000000016,0.0847807973623275,bmm
,63,63x426x21x599,10.0,813.0,51.0,42.60788,0.2993856072425842,bmm
,51,51x382x14x671,9.92,495.0,51.0,40.459159999999976,0.5392959952354431,bmm
,52,52x501x2x966,9.0,480.0,51.0,38.44064000000001,0.7940288186073303,bmm
,63,63x409x36x9,9.0,465.6,50.04,35.56840000000002,0.1635008007287979,bmm
,33,33x277x48x26,9.0,459.0,49.0,24.75099999999999,0.0670847982168197,bmm
,37,37x388x65x28,9.0,435.0,49.0,24.44536,0.1942463994026184,bmm
,39,39x323x39x43,9.0,405.0,49.0,24.218800000000005,0.0932864010334015,bmm
,52,52x511x52x44,9.0,402.6,48.0,24.134000000000004,0.3013888001441955,bmm
,51,51x291x57x36,9.0,390.0,48.0,24.81900000000001,0.192806401848793,bmm
,57,57x355x48x65,15.0,390.0,48.0,24.38691999999999,0.2635584056377411,bmm
,53,53x439x53x122,15.0,390.0,47.24,23.95292,0.4668160021305084,bmm
,50,50x259x33x71,15.0,390.0,47.0,22.60208,0.1829887986183166,bmm
,44,44x388x52x195,15.0,390.0,46.28,23.67492,0.4795199990272522,bmm
,61,61x267x48x233,15.32,390.0,46.0,22.81924,0.526201593875885,bmm
,37,37x365x50x132,19.0,390.0,45.0,22.92447999999999,0.3092608034610748,bmm
,52,52x419x35x494,19.0,390.0,45.0,24.183000000000003,1.2419199705123902,bmm
,43,43x385x50x332,19.0,489.0,45.0,24.823400000000003,1.8379199981689451,bmm
,62,62x498x51x480,30.0,720.6,45.0,26.211840000000016,0.6212671995162964,bmm
,65,65x398x39x943,30.0,900.0,45.0,37.34719999999999,0.913702392578125,bmm
,61,61x355x33x906,30.0,900.0,45.84,41.065000000000026,0.7464448094367981,bmm
,59,59x268x59x669,30.0,900.0,46.0,42.57563999999999,0.6054720044136047,bmm
,60,60x418x99x29,30.0,900.0,46.0,39.042839999999984,0.1412864029407501,bmm
,46,46x493x73x23,30.0,900.0,46.0,37.28035999999998,0.0979392021894454,bmm
,34,34x336x67x31,30.0,900.0,47.0,36.341960000000014,0.0593792013823986,bmm
,41,41x270x127x33,27.0,900.0,47.0,36.11108,0.0955328002572059,bmm
,60,60x412x123x35,27.0,900.0,47.0,36.45643999999999,0.1635136008262634,bmm
,61,61x377x77x43,27.0,900.0,47.0,36.823,0.1007615998387336,bmm
,49,49x279x104x112,27.0,900.0,47.0,36.39895999999998,0.1449087977409363,bmm
,61,61x315x106x115,27.0,900.0,47.0,36.89200000000002,0.1784191995859146,bmm
,63,63x407x68x94,27.0,900.0,47.0,37.52200000000002,0.1739648014307022,bmm
,64,64x444x122x170,27.0,900.0,47.0,37.27200000000002,0.4596480071544647,bmm
,44,44x410x76x225,27.0,900.0,47.0,40.374200000000016,0.2660416007041931,bmm
,44,44x319x109x220,27.0,900.0,47.0,37.76660000000001,0.2514559984207153,bmm
,37,37x403x77x373,11.0,435.0,47.0,34.469199999999994,0.7821375966072083,bmm
,45,45x271x84x474,11.0,420.6,47.0,26.48744000000001,0.8977791786193847,bmm
,33,33x328x105x458,11.0,420.0,47.0,26.474999999999987,0.9733183979988098,bmm
,64,64x440x67x609,11.0,429.0,46.72,27.7868,2.157363176345825,bmm
,37,37x491x103x917,13.08,448.2,46.0,28.005079999999992,2.48469762802124,bmm
,54,54x439x85x700,37.0,510.0,46.0,28.138799999999996,2.1713215827941896,bmm
,50,50x404x194x26,37.0,510.0,46.0,25.1448,0.5491136074066162,bmm
,63,63x406x179x10,37.0,510.0,45.04,23.41612,0.599449610710144,bmm
,61,61x510x240x28,37.0,510.0,45.0,24.634240000000005,0.9038655877113342,bmm
,37,37x385x187x60,28.0,510.0,45.0,23.55056,0.4536255955696106,bmm
,62,62x284x233x33,28.0,510.0,45.0,23.244040000000005,0.6131839990615845,bmm
,44,44x478x214x54,28.0,585.6,44.0,24.28096,0.683948814868927,bmm
,37,37x388x210x83,28.0,645.0,44.0,24.428560000000008,0.5420480012893677,bmm
,44,44x347x141x112,28.0,645.0,44.0,24.35188,0.4794944047927856,bmm
,56,56x349x225x79,28.0,645.0,44.0,24.979000000000013,0.7400704026222229,bmm
,61,61x476x130x173,28.0,645.0,44.0,25.07199999999999,1.026483178138733,bmm
,63,63x375x220x232,28.0,645.0,44.0,26.27680000000001,1.4368575811386108,bmm
,59,59x410x155x197,28.0,645.0,44.0,25.646919999999994,1.101523208618164,bmm
,59,59x322x215x384,28.0,645.0,44.0,26.22260000000001,1.652448010444641,bmm
,53,53x395x183x403,28.0,645.0,44.0,28.099480000000003,1.9370880126953125,bmm
,55,55x371x257x299,28.0,633.0,44.0,27.026439999999997,1.8281215667724608,bmm
,33,33x305x199x946,32.32,705.0,44.0,28.137479999999996,1.9617024183273315,bmm
,53,53x399x165x681,37.0,729.0,45.0,29.14612000000001,2.669491195678711,bmm
,44,44x468x227x812,37.0,797.4,45.2,31.63248,3.262220859527588,bmm
,55,55x271x315x26,37.0,1035.0,46.0,36.5904,0.237523204088211,bmm
,51,51x280x392x6,37.0,1035.0,46.0,37.43055999999999,0.229951998591423,bmm
,52,52x339x276x10,37.0,1035.0,46.0,37.405280000000005,0.2109375983476638,bmm
,49,49x336x287x46,32.0,1035.0,46.0,37.32336,0.2280448019504547,bmm
,38,38x510x316x46,32.0,1035.0,46.0,37.82899999999998,0.2557760059833526,bmm
,53,53x326x505x37,32.0,1035.0,46.0,38.27099999999999,0.4302847981452942,bmm
,40,40x451x319x101,32.0,1035.0,46.0,40.45000000000002,0.4484735906124115,bmm
,44,44x455x291x117,32.0,1035.0,47.0,40.48103999999999,0.4578623950481414,bmm
,50,50x440x475x114,32.0,1035.0,47.0,40.35339999999999,0.7201727986335754,bmm
,44,44x486x301x245,32.0,1035.0,47.0,41.36800000000002,0.8585983872413635,bmm
,50,50x313x370x130,32.0,1035.0,47.52,43.757520000000014,0.6209344029426574,bmm
,42,42x260x498x233,17.0,1035.0,48.0,41.585600000000014,0.8563520073890686,bmm
,50,50x498x424x336,17.0,1035.0,48.0,44.212880000000006,1.9684351921081544,bmm
,55,55x272x417x356,17.0,966.6,49.0,46.49243999999998,1.3926463842391967,bmm
,34,34x294x269x410,17.0,939.0,49.0,43.35848,0.7971840023994445,bmm
,41,41x275x346x600,17.0,929.4,49.0,42.65139999999999,1.5877375841140746,bmm
,48,48x463x264x839,22.12,951.0,49.0,48.01860000000001,2.824281597137451,bmm
,60,60x264x450x581,33.0,1065.0,49.08,51.96252000000001,2.5992640018463136,bmm
,61,61x469x608x15,33.0,1065.0,50.0,46.452920000000006,0.6502464056015015,bmm
,50,50x411x983x32,33.0,1065.0,50.0,46.049680000000016,0.7699904084205628,bmm
,62,62x321x828x8,33.0,1065.0,50.0,46.086000000000006,0.6477247953414917,bmm
,43,43x399x681x56,33.0,1065.0,50.0,46.019200000000026,0.4683008015155792,bmm
,35,35x400x533x41,33.0,1065.0,50.0,43.81196000000002,0.3032639980316162,bmm
,62,62x347x635x55,23.0,1065.0,50.0,43.874200000000016,0.5373375892639161,bmm
,65,65x280x822x110,23.0,1065.0,50.2,46.83403999999999,1.0393216133117675,bmm
,36,36x258x572x67,23.0,1065.0,51.0,47.81879999999999,0.4434432029724121,bmm
,33,33x487x659x94,23.0,1065.0,51.0,43.56931999999999,0.6816320061683655,bmm
,51,51x382x967x132,23.0,1065.0,51.08,51.02736000000001,1.7727872133255005,bmm
,59,59x291x641x135,23.0,993.0,52.0,49.06312000000002,1.1972352027893067,bmm
,34,34x454x1002x238,24.32,909.0,52.0,47.090120000000006,2.330649662017822,bmm
,47,47x511x598x299,26.0,939.0,51.0,47.85448,2.783827209472656,bmm
,49,49x480x865x451,26.0,1155.0,51.0,58.50919999999999,4.50250883102417,bmm
,39,39x307x794x272,26.0,1485.0,53.0,61.67791999999998,1.3285823822021483,bmm
,53,53x433x738x767,26.0,1485.0,53.0,81.71932,4.435417556762696,bmm
,40,40x268x827x929,47.0,1909.2,56.0,89.79499999999996,2.777004766464233,bmm
,64,64x348x749x840,47.0,1902.6,59.12,136.67487999999997,4.229491233825684,bmm
,51,51x1018x30x1,47.0,1918.8,69.0,74.44255999999997,0.0226943999528884,bmm
,61,61x660x16x13,47.0,1920.0,69.0,64.66539999999998,0.0319424003362655,bmm
,60,60x718x1x8,47.0,1920.0,69.0,64.91584,0.0107520001009106,bmm
,57,57x536x33x43,22.0,1920.0,61.0,63.99399999999999,0.0450560003519058,bmm
,40,40x705x10x49,22.0,1920.0,61.0,65.10999999999996,0.0251968000084161,bmm
,46,46x549x19x49,22.0,1920.0,61.0,64.95900000000005,0.0266943998634815,bmm
,39,39x794x33x92,22.0,1920.0,61.0,64.65000000000003,0.0677184015512466,bmm
,64,64x974x17x69,22.0,1920.0,61.0,67.44599999999997,0.095948801934719,bmm
,40,40x600x31x114,22.0,1920.0,61.0,68.22000000000001,0.0503040008246898,bmm
,55,55x581x23x237,22.0,1920.0,61.0,66.27500000000003,0.105087998509407,bmm
,62,62x1006x22x140,22.0,1617.6,61.0,69.68699999999995,0.1523456007242202,bmm
,63,63x906x28x185,22.0,975.0,61.0,60.85388000000001,0.3365951955318451,bmm
,33,33x996x9x261,6.64,919.8,57.0,38.49836000000001,0.2484863966703415,bmm
,45,45x514x4x261,6.0,840.0,57.0,37.68164,0.1699648022651672,bmm
,61,61x993x7x475,6.0,832.8,56.88,37.76199999999998,0.5389696002006531,bmm
,51,51x785x2x530,6.0,810.0,54.0,40.90948000000001,0.468012797832489,bmm
,33,33x982x2x883,6.0,765.0,54.0,39.22580000000003,0.5563199996948243,bmm
,42,42x942x1x544,6.0,755.4,54.0,40.303,0.3699199974536896,bmm
,46,46x879x64x6,6.0,735.0,53.0,39.553,0.1602112025022506,bmm
,38,38x1019x41x27,14.28,697.2,53.0,36.11128000000002,0.1341951966285705,bmm
,34,34x913x36x6,15.0,632.4,52.48,35.90796,0.1095296010375022,bmm
,48,48x840x59x46,15.0,588.6,52.0,34.030000000000015,0.3070143938064575,bmm
,47,47x856x50x37,15.0,571.8,52.0,25.706799999999998,0.3756992042064667,bmm
,65,65x597x41x41,15.0,555.0,51.28,25.862159999999985,0.3329984009265899,bmm
,33,33x956x64x90,15.0,525.0,50.0,25.255319999999987,0.4853631973266601,bmm
,60,60x1003x39x128,13.16,511.8,50.0,26.829,1.0368447780609131,bmm
,44,44x948x60x120,13.0,510.0,49.2,25.75844,0.8137472033500671,bmm
,41,41x844x54x251,13.0,496.2,49.0,24.653639999999992,1.0982848167419434,bmm
,40,40x964x39x228,13.0,458.4,47.0,24.037359999999996,1.0564287900924685,bmm
,56,56x557x33x176,23.92,432.0,47.0,23.00532,0.6888192057609558,bmm
,54,54x526x37x457,26.0,405.0,47.0,25.27816,1.509286403656006,bmm
,57,57x685x35x263,26.0,405.0,46.04,25.518959999999996,1.2139199733734132,bmm
,53,53x1019x38x398,28.24,426.0,46.0,26.95728,2.3968063831329345,bmm
,54,54x580x50x902,34.0,585.6,46.0,27.823599999999992,3.223462390899658,bmm
,52,52x833x48x670,34.0,781.2,46.0,29.01936,1.2652992010116575,bmm
,54,54x545x55x537,34.0,840.0,46.0,38.44724,0.8057215929031372,bmm
,45,45x559x124x29,34.0,840.0,46.0,40.06264000000001,0.1573247998952865,bmm
,35,35x648x65x20,34.12,840.0,47.0,36.86599999999999,0.1024447992444038,bmm
,45,45x593x77x8,35.0,840.0,47.0,36.24900000000002,0.1294976025819778,bmm
,40,40x565x111x64,35.0,840.0,47.0,36.49576000000002,0.1368832021951675,bmm
,52,52x865x110x53,35.0,840.0,47.0,37.04479999999999,0.2576448023319244,bmm
,41,41x601x105x63,35.0,840.0,48.0,37.19735999999998,0.1558207958936691,bmm
,36,36x947x94x75,35.0,840.0,48.0,36.904,0.2896896004676819,bmm
,61,61x746x77x87,35.0,840.0,48.0,37.92100000000002,0.3318399906158447,bmm
,35,35x661x87x95,35.0,840.0,48.0,38.95299999999998,0.2006975948810577,bmm
,51,51x777x89x150,35.0,840.0,48.0,37.93863999999998,0.5596351861953736,bmm
,42,42x630x124x161,12.0,840.0,48.0,40.00031999999998,0.4668287992477417,bmm
,39,39x765x115x148,12.0,840.0,48.0,39.25351999999999,0.4869951903820038,bmm
,38,38x895x90x285,12.0,840.0,48.0,39.076000000000015,0.8147840023040771,bmm
,43,43x836x129x461,12.0,595.2,48.0,36.180200000000006,2.3909247398376463,bmm
,60,60x611x70x295,12.0,765.0,47.84,29.90408,1.469772791862488,bmm
,42,42x515x77x753,12.0,765.0,47.0,32.52288,1.0813952207565307,bmm
,48,48x902x66x990,32.0,765.0,47.0,45.24207999999999,2.5338560581207275,bmm
,33,33x980x79x957,32.0,810.0,49.0,45.28424,1.892300820350647,bmm
,56,56x778x222x27,32.0,810.0,49.0,46.63860000000002,0.4930047988891601,bmm
,65,65x1025x235x10,32.0,810.0,49.0,40.539840000000005,0.7262271881103516,bmm
,39,39x713x251x19,32.0,810.0,49.0,39.73143999999999,0.3696832001209259,bmm
,33,33x816x157x37,32.0,810.0,49.0,38.34900000000002,0.2247039943933487,bmm
,63,63x540x193x57,32.0,810.0,49.0,38.09259999999999,0.3510655999183655,bmm
,47,47x593x217x44,25.0,810.0,49.0,38.583480000000016,0.3315007925033569,bmm
,38,38x975x172x81,25.0,810.0,48.0,38.65063999999998,0.5585216045379638,bmm
,63,63x804x243x72,25.0,810.0,48.0,40.75055999999999,1.0531520128250125,bmm
,37,37x1017x183x105,25.0,810.0,48.0,42.72704000000001,0.5856575965881348,bmm
,59,59x736x253x147,25.0,810.0,48.8,40.64144,1.4890624046325684,bmm
,40,40x911x185x178,25.0,810.0,49.0,32.14168000000001,1.5472448110580443,bmm
,56,56x853x257x186,26.92,810.0,48.6,32.56888000000001,2.594067192077637,bmm
,44,44x843x146x387,29.0,894.0,48.0,34.328240000000015,1.6435391902923584,bmm
,49,49x838x188x305,29.0,960.0,48.0,43.95240000000002,1.7082112073898317,bmm
,35,35x693x156x492,29.0,960.0,49.0,46.49795999999999,1.0978111982345582,bmm
,41,41x636x251x744,29.0,960.0,49.0,46.66007999999999,2.6770112037658693,bmm
,53,53x828x132x609,29.0,1125.0,49.4,48.5146,1.7701632022857663,bmm
,59,59x872x152x633,38.0,1125.0,51.0,53.33912000000002,2.3103551864624023,bmm
,35,35x840x416x9,38.0,1125.0,51.0,53.81752,0.4246336042881012,bmm
,44,44x549x346x16,38.0,1125.0,51.0,44.15764,0.2895488023757934,bmm
,34,34x749x413x9,38.0,1125.0,51.0,42.84900000000002,0.3400959968566894,bmm
,49,49x726x498x56,38.0,1125.0,51.0,45.84079999999999,0.6339200019836426,bmm
,34,34x973x394x46,38.0,1125.0,51.0,46.868600000000015,0.4758144021034241,bmm
,63,63x927x425x35,38.0,1125.0,51.0,45.482999999999976,0.8409792065620423,bmm
,60,60x973x389x123,23.28,1125.0,51.0,52.34668000000002,1.3710464000701903,bmm
,39,39x857x457x126,22.0,1125.0,51.0,52.46059999999998,0.9460863947868348,bmm
,46,46x803x363x112,22.0,1125.0,52.0,48.76191999999999,0.8057279944419861,bmm
,44,44x958x293x249,22.0,1125.0,52.0,49.94583999999999,1.4206079959869384,bmm
,65,65x586x467x192,22.0,855.0,52.0,50.46344000000001,2.2975808143615724,bmm
,54,54x599x363x129,22.0,855.0,52.0,45.17504,1.4949120044708253,bmm
,60,60x733x386x412,29.0,927.0,51.76,48.351680000000016,4.053190422058106,bmm
,38,38x1001x281x486,29.0,1275.0,51.0,53.14379999999999,2.259167957305908,bmm
,53,53x555x507x510,29.0,1365.0,51.0,61.98623999999999,2.8462015628814696,bmm
,63,63x911x495x942,40.2,1728.6,56.0,98.03107999999996,7.966208171844483,bmm
,38,38x590x419x995,49.0,1910.4,65.0,128.7698800000001,2.737158393859864,bmm
,49,49x864x382x854,49.0,1872.0,66.2,133.17284,3.974988746643066,bmm
,37,37x574x764x20,49.0,1896.0,71.0,106.63104000000004,0.4983168005943298,bmm
,60,60x591x832x20,41.72,1905.0,71.0,80.82099999999997,0.7160319924354553,bmm
,41,41x890x926x22,35.0,1905.0,71.0,97.7692,1.00972158908844,bmm
,63,63x760x945x44,35.0,1905.0,67.0,99.45000000000006,1.406003212928772,bmm
,46,46x605x772x62,35.0,1905.0,67.0,104.85899999999997,0.7017152070999145,bmm
,47,47x1005x744x55,35.0,1905.0,67.0,101.744,1.074886393547058,bmm
,55,55x895x713x99,35.0,1905.0,68.04,108.66359999999996,1.2321599960327148,bmm
,54,54x882x626x113,35.0,1905.0,69.0,109.195,1.091648006439209,bmm
,49,49x643x690x104,35.0,1905.0,69.0,121.86155999999995,0.8109375834465027,bmm
,51,51x924x603x179,26.0,1905.0,69.6,111.65019999999998,1.6281984090805053,bmm
,61,61x964x603x154,26.0,1905.0,72.0,140.41172000000003,2.0209856033325195,bmm
,42,42x929x786x216,26.0,1896.0,72.0,125.94828,2.1184639930725098,bmm
,49,49x650x639x464,26.0,1755.0,72.0,108.88504,3.1690559864044188,bmm
,38,38x516x524x433,26.0,1884.6,72.0,113.83759999999998,1.556012773513794,bmm
,64,64x644x773x354,34.4,1864.2,72.0,144.26268000000002,3.4764928340911867,bmm
,51,51x542x690x699,36.0,1854.0,72.0,145.90751999999992,4.058777618408203,bmm
,58,58x778x722x549,36.0,1837.8,75.0,153.6546,5.872473526000976,bmm
,57,57x566x939x644,38.28,1818.6,76.56,148.74231999999995,6.230470371246338,bmm
,107,107x8x17x21,55.0,1878.0,78.0,76.33108000000003,0.0060800000093877,bmm
,76,76x27x31x14,55.0,1890.0,69.0,65.67900000000003,0.0107007998973131,bmm
,85,85x11x1x8,55.0,1890.0,69.0,66.202,0.0032959999982267,bmm
,67,67x26x18x53,55.0,1890.0,69.0,64.95460000000001,0.0091008001938462,bmm
,107,107x11x33x64,55.0,1891.2,68.52,64.33432000000002,0.0077824001200497,bmm
,107,107x15x18x59,55.0,1905.0,65.0,63.73463999999999,0.0089984001591801,bmm
,88,88x4x8x115,3.0,1905.0,65.0,64.237,0.0050559998489916,bmm
,117,117x4x17x120,3.0,1905.0,65.0,64.3442,0.0064319999888539,bmm
,116,116x26x32x78,3.0,1905.0,65.0,64.37539999999998,0.0129471998661756,bmm
,128,128x9x4x214,3.0,1905.0,63.08,64.32012,0.012288000434637,bmm
,106,106x14x16x134,3.0,1905.0,63.0,64.26736000000001,0.0135743997991085,bmm
,101,101x26x1x243,3.0,1905.0,63.0,64.23820000000002,0.0087744003161787,bmm
,104,104x11x22x362,3.0,1905.0,63.0,64.16699999999997,0.0328832000494003,bmm
,67,67x24x21x412,3.0,1249.8,62.0,64.16200000000002,0.0225280001759529,bmm
,116,116x16x20x314,3.0,540.0,62.0,54.52999999999998,0.1193407997488975,bmm
,98,98x16x5x781,3.96,477.0,62.0,36.01512,0.1984128028154373,bmm
,77,77x26x22x896,4.0,435.0,56.0,36.37147999999999,0.1598399996757507,bmm
,117,117x26x3x672,4.0,435.0,56.0,36.550680000000014,0.1316031992435455,bmm
,121,121x7x49x32,4.0,405.0,56.0,36.31916,0.0238336004316806,bmm
,68,68x13x57x7,4.0,405.0,56.0,35.865079999999985,0.0239487998187541,bmm
,105,105x21x39x26,4.0,390.0,54.72,35.73583999999998,0.0529407992959022,bmm
,70,70x32x36x62,4.0,390.0,54.0,35.65679999999998,0.0498880006372928,bmm
,104,104x11x64x52,4.0,375.0,54.0,35.735759999999985,0.037203199416399,bmm
,111,111x28x56x42,10.0,375.0,52.0,31.242600000000007,0.0661375984549522,bmm
,76,76x9x41x90,10.0,375.0,52.0,24.322999999999997,0.0347776003181934,bmm
,98,98x18x57x112,10.0,375.0,52.0,24.76348,0.0743615999817848,bmm
,108,108x10x36x91,10.0,375.0,51.12,24.63956,0.0416896000504493,bmm
,96,96x13x48x211,10.0,375.0,50.0,24.26012000000001,0.1648255974054336,bmm
,126,126x3x33x236,10.0,375.0,50.0,22.680999999999997,0.1400447994470596,bmm
,128,128x10x35x201,11.84,375.0,48.0,22.32532,0.1686912000179291,bmm
,124,124x20x39x299,12.0,375.0,48.0,22.77144,0.2512768030166626,bmm
,71,71x8x37x448,12.0,375.0,47.0,22.750200000000003,0.2058304011821747,bmm
,82,82x22x43x462,12.0,379.2,47.0,22.67612,0.2710335969924927,bmm
,94,94x33x52x709,17.76,390.0,46.0,24.451200000000004,1.6662336111068723,bmm
,68,68x11x38x824,20.0,390.0,46.0,23.4826,0.8384384036064148,bmm
,75,75x32x34x709,20.0,390.0,46.0,22.96268,0.9677247881889344,bmm
,94,94x21x91x16,20.0,390.0,45.16,22.57108,0.091500799357891,bmm
,123,123x15x75x31,29.24,390.0,45.0,21.88996,0.0489664010703563,bmm
,70,70x20x121x14,31.0,390.0,45.0,21.95368,0.1126400008797645,bmm
,78,78x7x71x63,31.0,390.0,45.0,21.916880000000003,0.0304000001400709,bmm
,91,91x19x129x54,31.0,390.0,44.8,21.56732000000001,0.3033344030380249,bmm
,81,81x27x125x35,31.0,390.0,44.0,21.6382,0.1461376011371612,bmm
,73,73x6x72x121,21.88,390.0,44.0,21.469320000000007,0.1430400013923645,bmm
,71,71x10x92x94,19.0,390.0,44.0,22.19628,0.1648447960615158,bmm
,115,115x21x82x104,19.0,390.0,44.0,22.319920000000007,0.4414911985397339,bmm
,78,78x8x66x194,19.0,390.0,44.0,22.92468,0.3767359972000122,bmm
,119,119x29x115x136,30.96,624.6,44.0,24.45919999999999,0.3000896036624908,bmm
,125,125x31x85x256,32.0,645.0,44.0,22.719520000000003,0.4020096004009247,bmm
,95,95x13x88x260,32.0,645.0,44.0,22.468280000000004,0.2932799935340881,bmm
,75,75x32x111x409,32.0,645.0,44.0,22.98628,0.4544063985347747,bmm
,77,77x23x86x464,32.0,645.0,44.0,23.383319999999998,0.4027455985546112,bmm
,83,83x16x92x920,18.0,645.0,43.0,24.030400000000007,0.8596287965774536,bmm
,77,77x30x65x610,18.0,645.0,43.0,23.47908000000001,0.4337728023529053,bmm
,81,81x16x94x665,18.0,645.0,43.0,23.768439999999995,0.6440191984176635,bmm
,121,121x6x201x11,18.0,645.0,43.0,22.74328,0.0320960000157356,bmm
,75,75x16x146x12,18.0,435.0,43.0,21.86072,0.0407295987010002,bmm
,128,128x11x225x24,19.0,398.4,43.0,22.08548,0.3519872069358826,bmm
,118,118x4x136x36,19.0,390.0,43.0,21.5468,0.0464576005935668,bmm
,111,111x17x168x35,19.0,390.0,43.0,22.23603999999999,0.3592512011528015,bmm
,88,88x26x208x37,19.0,390.0,43.0,21.91560000000001,0.498035204410553,bmm
,85,85x16x211x118,22.0,390.0,43.0,22.376199999999997,0.7249920010566712,bmm
,66,66x3x180x83,22.0,390.0,43.0,21.80896,0.3331775963306427,bmm
,105,105x17x142x101,22.0,390.0,42.64,22.50536000000001,0.6030592083930969,bmm
,67,67x18x210x183,22.0,390.0,42.0,22.75328,0.8663295984268189,bmm
,100,100x22x192x182,30.0,390.0,42.0,22.87444,1.2380032062530515,bmm
,72,72x16x187x217,30.0,390.0,42.0,22.76676000000001,0.943609607219696,bmm
,128,128x4x197x283,30.0,390.0,42.0,24.23552,1.8001983880996704,bmm
,69,69x32x148x303,33.84,429.6,42.0,23.614400000000003,1.2256448030471805,bmm
,115,115x28x188x345,38.0,725.4,42.64,27.361799999999985,0.2543424069881439,bmm
,65,65x30x240x587,38.0,855.0,43.0,34.429600000000015,0.2822527945041656,bmm
,119,119x2x139x551,38.0,855.0,43.0,37.31767999999999,0.134534403681755,bmm
,79,79x25x191x629,38.0,855.0,43.0,36.465000000000025,0.285043203830719,bmm
,87,87x3x263x31,38.0,855.0,44.0,38.93100000000001,0.014822400175035,bmm
,93,93x2x370x4,28.4,855.0,44.0,35.426000000000016,0.0143488001078367,bmm
,120,120x25x470x29,28.0,855.0,44.0,35.42883999999998,0.1629440009593963,bmm
,96,96x6x281x61,28.0,855.0,44.0,36.41051999999999,0.0369472004473209,bmm
,90,90x7x450x64,28.0,855.0,44.68,35.84820000000001,0.0550079993903636,bmm
,102,102x22x421x34,28.0,855.0,45.0,36.20012000000001,0.1456448018550872,bmm
,77,77x26x366x66,28.0,855.0,45.0,36.41179999999999,0.1250559985637664,bmm
,100,100x7x481x117,28.0,855.0,45.0,36.30456000000001,0.1189759984612464,bmm
,106,106x26x285x65,28.0,855.0,45.0,36.58340000000002,0.1336704015731811,bmm
,112,112x3x391x155,28.0,855.0,45.0,36.39048,0.1054976016283035,bmm
,127,127x3x452x178,21.92,855.0,45.0,36.70600000000001,0.1560192018747329,bmm
,97,97x26x354x147,9.0,855.0,45.0,37.245,0.2562560021877288,bmm
,98,98x8x384x466,9.0,594.0,45.0,36.371640000000006,0.3219839930534363,bmm
,117,117x14x405x289,9.0,420.0,45.0,27.151599999999984,1.45664644241333,bmm
,85,85x21x316x484,9.0,420.0,45.0,26.52015999999999,1.3797695875167846,bmm
,92,92x5x268x715,9.0,420.0,45.0,26.29444,1.7075455904006958,bmm
,68,68x15x366x973,25.64,483.0,45.0,28.330800000000004,2.560454416275024,bmm
,114,114x2x371x684,35.0,577.8,44.0,27.13424000000002,2.7368064403533934,bmm
,102,102x27x609x11,35.0,645.0,44.0,24.3514,0.3035136044025421,bmm
,97,97x5x991x1,35.0,645.0,44.0,22.17668,0.0191360000520944,bmm
,90,90x3x967x7,35.0,645.0,44.0,22.01432,0.1021439999341964,bmm
,107,107x28x971x50,26.0,645.0,43.28,23.686599999999995,0.8228479981422424,bmm
,65,65x4x831x44,26.0,645.0,43.0,23.546799999999998,0.2772159993648529,bmm
,129,129x32x668x45,26.0,645.0,43.0,23.37811999999999,0.676966416835785,bmm
,114,114x29x547x120,26.0,645.0,43.0,24.758319999999998,0.9343679904937744,bmm
,89,89x24x782x115,25.8,645.0,43.0,24.80792,0.9368575930595398,bmm
,77,77x26x920x84,25.0,580.2,43.0,24.21776,0.7802815914154053,bmm
,119,119x5x938x147,25.0,499.2,43.0,24.35836,1.6737344026565553,bmm
,126,126x9x714x184,25.0,687.0,43.0,25.3208,1.7001279830932616,bmm
,82,82x9x534x234,35.0,795.0,43.0,24.67263999999999,1.072716808319092,bmm
,95,95x28x706x419,35.0,845.4,43.0,27.29228000000001,0.8102783918380737,bmm
,123,123x7x692x451,35.0,1005.0,43.0,36.15820000000001,0.6298048019409179,bmm
,129,129x8x631x295,35.0,1005.0,43.0,42.271720000000016,0.4032639980316162,bmm
,114,114x11x1006x1003,35.0,1005.0,45.0,47.52204,2.2490880489349365,bmm
,67,67x14x662x707,32.76,1005.0,45.0,45.784000000000006,0.712774395942688,bmm
,109,109x5x662x773,31.0,1005.0,45.0,43.89939999999999,0.7637375950813293,bmm
,120,120x39x7x11,31.0,1005.0,46.0,40.49703999999998,0.0145471999421715,bmm
,124,124x47x11x8,31.0,1005.0,46.0,35.81315999999999,0.0169024001806974,bmm
,65,65x37x29x2,31.0,1005.0,46.0,35.52300000000002,0.0185792002826929,bmm
,107,107x38x2x34,31.0,1005.0,46.0,35.51,0.0143872000277042,bmm
,66,66x61x9x41,31.0,1005.0,46.0,35.548999999999985,0.0144832000136375,bmm
,83,83x34x8x59,31.0,1005.0,46.0,35.54200000000002,0.0126783998683094,bmm
,73,73x34x25x77,31.0,1005.0,46.0,35.38699999999998,0.0266367997974157,bmm
,83,83x59x11x65,19.56,1005.0,46.0,35.51800000000002,0.020550400018692,bmm
,112,112x43x16x85,9.0,1005.0,46.0,35.413000000000004,0.0245824001729488,bmm
,108,108x45x24x140,9.0,813.0,46.0,35.45399999999998,0.0404671989381313,bmm
,121,121x50x2x189,9.0,525.0,46.0,35.67200000000002,0.0524608016014099,bmm
,88,88x35x21x219,9.0,505.8,46.0,35.32899999999998,0.0746239989995956,bmm
,121,121x49x21x310,9.0,495.0,46.0,35.513479999999994,0.1371903985738754,bmm
,65,65x65x13x396,9.0,451.8,46.0,35.93648,0.1753023982048034,bmm
,78,78x54x26x281,9.0,450.0,46.0,35.78920000000002,0.1099583998322486,bmm
,65,65x63x16x1021,9.0,435.0,46.0,35.953800000000015,0.1815168023109436,bmm
,108,108x51x15x817,9.08,435.0,46.0,36.30056,0.263782399892807,bmm
,122,122x65x15x1021,11.0,405.0,46.0,36.93912000000002,0.7370751976966858,bmm
,114,114x39x45x21,11.0,390.0,46.0,37.093880000000006,0.059052800387144,bmm
,117,117x54x41x22,11.0,390.0,46.0,35.34683999999999,0.0598784007132053,bmm
,84,84x49x36x13,11.0,390.0,46.0,35.34779999999999,0.0505279995501041,bmm
,122,122x35x42x35,11.0,390.0,46.0,35.28372000000001,0.0607872001826763,bmm
,78,78x48x38x42,11.0,390.0,46.0,35.30811999999998,0.051104000210762,bmm
,101,101x59x55x48,11.0,390.0,46.0,35.21976000000001,0.0622400000691413,bmm
,127,127x52x46x94,11.0,390.0,46.0,30.29200000000002,0.1320960015058517,bmm
,88,88x44x42x72,12.92,390.0,46.0,23.58708,0.0825471997261047,bmm
,72,72x46x46x97,13.0,390.0,46.0,23.3352,0.0819199979305267,bmm
,83,83x40x33x215,13.0,390.0,45.64,23.267000000000003,0.119820798933506,bmm
,123,123x36x53x202,13.0,390.0,45.0,23.912759999999995,0.2642943978309631,bmm
,98,98x59x59x222,13.0,390.0,45.0,23.960680000000004,0.2948159992694855,bmm
,111,111x62x46x488,13.0,390.0,44.6,24.0676,0.5947200059890747,bmm
,76,76x42x65x513,13.84,390.0,44.0,23.51732,0.4516031980514526,bmm
,108,108x45x64x295,20.0,390.0,44.0,23.374280000000017,0.3728383958339691,bmm
,124,124x45x40x691,20.0,390.0,44.0,23.738600000000005,0.7165696024894714,bmm
,125,125x33x65x922,20.0,390.0,44.0,24.67544,1.1306495904922484,bmm
,112,112x61x57x976,20.0,390.0,44.0,25.36327999999999,1.267519998550415,bmm
,68,68x44x66x24,31.0,390.0,43.48,23.07400000000001,0.0733568012714386,bmm
,123,123x54x94x28,31.0,390.0,43.0,21.9774,0.2407488018274307,bmm
,109,109x46x121x19,31.0,390.0,43.0,21.838080000000005,0.3165504038333893,bmm
,108,108x64x76x62,31.0,390.0,43.0,22.082600000000003,0.4570367991924285,bmm
,101,101x35x110x61,27.92,390.0,43.0,22.473159999999996,0.4404543995857238,bmm
,76,76x36x112x37,24.0,390.0,43.0,21.501040000000003,0.1443071991205215,bmm
,90,90x50x66x70,24.0,390.0,43.0,21.921799999999998,0.2809600055217743,bmm
,73,73x51x125x97,24.0,390.0,43.0,22.49008,0.5855552077293396,bmm
,120,120x38x123x88,24.0,390.0,42.32,22.620120000000007,0.688153612613678,bmm
,100,100x54x98x244,24.92,390.0,42.0,23.06512,1.2355584144592284,bmm
,91,91x49x113x192,25.0,408.0,42.0,23.793600000000005,0.9083071947097778,bmm
,82,82x41x95x144,25.0,435.0,42.0,23.012440000000005,0.5949056029319764,bmm
,96,96x36x92x482,28.96,460.2,42.0,23.503799999999988,1.8151360034942627,bmm
,66,66x64x88x506,36.0,525.0,42.0,23.852680000000007,1.5691456079483033,bmm
,68,68x43x87x430,36.0,532.2,42.0,23.50456,1.2092096090316773,bmm
,107,107x42x70x761,36.0,756.6,42.0,25.06967999999999,0.9054399967193604,bmm
,126,126x57x82x950,37.0,783.6,42.0,25.55439999999999,1.6456511974334718,bmm
,75,75x33x117x699,37.0,810.0,42.0,25.71884,0.8183168053627015,bmm
,97,97x54x183x22,37.0,810.0,42.88,23.78136,0.188646399974823,bmm
,84,84x54x216x22,37.0,810.0,43.0,22.251440000000013,0.1887743979692459,bmm
,123,123x47x229x22,37.0,810.0,42.96,22.9146,0.2405184000730514,bmm
,124,124x61x136x33,21.64,810.0,42.0,22.570080000000004,0.214259198307991,bmm
,75,75x41x141x47,21.0,810.0,42.0,22.438600000000005,0.1320959985256195,bmm
,74,74x35x133x40,21.0,810.0,42.0,22.299,0.0953792005777359,bmm
,105,105x57x222x120,21.0,810.0,42.0,23.04128,0.4862335979938507,bmm
,121,121x40x205x111,21.0,810.0,42.0,22.937119999999982,0.4271871984004974,bmm
,77,77x37x176x76,17.08,630.0,42.0,22.87704,0.2169535994529724,bmm
,68,68x65x165x205,14.0,453.0,42.0,24.05824,1.2276991844177243,bmm
,97,97x38x174x151,14.0,525.0,42.0,22.840919999999983,1.0488704204559327,bmm
,103,103x59x131x151,14.0,525.0,42.0,22.95979999999999,1.0902208089828491,bmm
,118,118x38x176x509,31.0,688.2,42.0,24.82404,1.332921576499939,bmm
,104,104x35x170x282,31.0,765.0,42.0,25.05720000000001,0.6750208020210267,bmm
,91,91x39x242x334,31.0,765.0,42.0,24.62072000000001,0.9392192006111144,bmm
,69,69x53x136x627,31.0,765.0,42.0,24.292240000000003,0.852134394645691,bmm
,72,72x64x245x868,31.0,765.0,42.6,26.37464,1.9794687986373904,bmm
,72,72x53x241x544,31.0,765.0,43.0,25.22004000000001,1.218611216545105,bmm
,96,96x46x493x4,31.0,765.0,42.48,24.11783999999999,0.2852544009685516,bmm
,92,92x34x464x22,31.0,765.0,42.0,22.55224000000001,0.2899648010730743,bmm
,100,100x55x418x8,31.0,765.0,42.0,22.5462,0.3057983994483947,bmm
,95,95x34x273x49,22.72,626.4,42.0,23.06675999999999,0.2757376015186309,bmm
,76,76x41x276x58,22.0,570.0,42.0,22.42104,0.7119935870170593,bmm
,78,78x40x394x49,22.0,552.0,42.0,22.80412,0.9037312030792236,bmm
,68,68x45x449x74,22.0,531.6,42.0,23.02956,1.0928319931030273,bmm
,129,129x49x375x128,26.6,549.0,42.0,24.27548000000001,1.1846848130226135,bmm
,65,65x38x304x117,27.0,645.0,42.0,22.929479999999984,0.348768001794815,bmm
,106,106x61x267x178,27.0,645.0,42.0,23.6902,0.8339136004447937,bmm
,89,89x63x494x137,27.0,645.0,42.0,25.5564,1.1168256044387816,bmm
,82,82x38x500x219,28.92,645.0,42.0,24.83424,1.152544021606445,bmm
,101,101x53x351x376,29.0,645.0,42.0,25.68144,1.6690944194793702,bmm
,78,78x41x402x429,29.0,645.0,42.0,25.464240000000007,1.5777791738510132,bmm
,92,92x63x343x498,29.0,645.0,42.0,26.4112,1.9825536012649536,bmm
,81,81x37x496x551,32.0,826.8,42.0,28.83439999999999,0.876204788684845,bmm
,129,129x48x287x981,32.0,915.0,42.0,42.32903999999999,1.3476095914840698,bmm
,125,125x40x332x861,32.0,915.0,44.16,43.39352000000002,1.295468807220459,bmm
,83,83x60x882x14,32.0,915.0,45.0,45.11900000000001,0.2744192004203796,bmm
,70,70x48x1012x4,32.0,915.0,45.0,37.63780000000001,0.3076799988746643,bmm
,117,117x44x932x23,32.0,915.0,45.0,37.35520000000001,0.2928511917591095,bmm
,85,85x65x618x61,29.0,915.0,45.0,37.716080000000005,0.2888704001903533,bmm
,93,93x36x734x41,29.0,915.0,45.0,37.382200000000005,0.2282623976469039,bmm
,76,76x60x864x42,29.0,915.0,45.0,37.063,0.2682815909385681,bmm
,117,117x46x711x82,29.0,915.0,45.0,37.88923999999999,0.4240768074989319,bmm
,88,88x54x725x78,29.0,915.0,45.0,39.47876000000001,0.3320703983306884,bmm
,89,89x47x714x80,29.0,915.0,45.0,38.12407999999998,0.3276288032531738,bmm
,126,126x59x907x133,29.0,915.0,45.0,39.67068,0.8316352128982544,bmm
,106,106x46x661x244,29.0,915.0,45.4,42.96956000000001,0.6851583838462829,bmm
,95,95x43x609x224,16.0,600.0,46.0,34.67972000000002,1.5923648118972775,bmm
,103,103x64x940x498,16.0,849.6,46.0,33.00880000000001,1.5696896314620972,bmm
,84,84x39x846x437,16.0,1080.0,46.0,45.72839999999999,1.0644287824630738,bmm
,111,111x60x889x358,16.0,1080.0,46.64,44.73432000000002,1.1517312049865722,bmm
,86,86x55x912x985,33.0,1080.0,47.0,51.34527999999998,2.378227186203003,bmm
,66,66x52x954x918,33.0,1095.0,47.0,54.79927999999999,1.8848575830459595,bmm
,72,72x34x715x1020,33.0,1095.0,49.0,55.55951999999998,1.4727936029434203,bmm
,92,92x94x29x4,33.0,1095.0,49.0,48.583560000000006,0.0287488002330064,bmm
,95,95x121x18x16,33.0,1095.0,49.0,40.95468,0.0248383998870849,bmm
,114,114x100x26x11,33.0,1095.0,49.0,39.27932000000001,0.0307199992239475,bmm
,129,129x122x5x33,33.0,1095.0,48.0,39.36787999999999,0.0225280001759529,bmm
,100,100x123x28x40,29.0,1095.0,48.0,39.303,0.0302592001855373,bmm
,70,70x103x8x53,23.0,1095.0,48.0,39.562000000000005,0.0151936000213027,bmm
,108,108x126x13x66,23.0,1095.0,48.0,39.277000000000015,0.0373631998896598,bmm
,116,116x112x3x110,23.0,1095.0,48.0,39.52300000000002,0.031020800024271,bmm
,91,91x85x24x67,23.0,1095.0,48.0,39.77599999999998,0.0370048001408577,bmm
,70,70x71x14x251,23.0,1095.0,48.0,39.63943999999998,0.0473471999168396,bmm
,81,81x69x15x144,23.0,1095.0,48.0,39.77816,0.0517312005162239,bmm
,94,94x93x13x144,23.0,1095.0,48.0,39.63071999999999,0.0593536011874675,bmm
,114,114x78x26x281,23.0,1095.0,48.0,39.96691999999998,0.1426431983709335,bmm
,66,66x97x17x465,23.0,1095.0,48.0,40.31004,0.0916223987936973,bmm
,107,107x129x3x468,6.0,465.0,48.0,39.10320000000002,0.3563775956630707,bmm
,67,67x102x23x978,6.0,459.6,48.0,36.95900000000002,0.3991551995277405,bmm
,128,128x82x26x639,6.0,450.0,48.0,38.04680000000002,0.6230143904685974,bmm
,120,120x66x13x828,6.0,420.0,48.0,37.77032000000001,0.6078848004341125,bmm
,73,73x111x64x9,6.0,415.8,47.68,37.091,0.0866175994277,bmm
,114,114x73x61x12,6.0,405.0,47.0,35.53099999999998,0.1175744011998176,bmm
,67,67x107x47x19,6.0,391.8,47.0,35.534080000000024,0.061158400028944,bmm
,127,127x93x49x45,6.0,390.0,47.0,35.29851999999999,0.1230911999940872,bmm
,78,78x66x35x57,15.0,390.0,47.0,35.512,0.0711488008499145,bmm
,118,118x92x52x65,15.0,390.0,47.0,35.45476000000001,0.2070079982280731,bmm
,68,68x107x35x96,15.0,390.0,47.0,30.991999999999997,0.0976192027330398,bmm
,81,81x128x52x106,15.0,390.0,47.0,24.02220000000001,0.2068032026290893,bmm
,115,115x81x39x69,15.0,390.0,46.0,23.79972,0.1710784018039703,bmm
,104,104x110x62x208,15.0,390.0,46.0,23.930599999999995,0.4374335944652557,bmm
,68,68x76x34x140,15.0,390.0,46.0,25.567560000000004,0.1851328015327453,bmm
,79,79x111x42x256,15.72,390.0,45.48,24.18260000000001,0.3471423983573913,bmm
,106,106x98x35x481,18.0,390.0,45.0,24.634559999999997,0.7058239936828613,bmm
,67,67x93x58x454,18.0,390.0,45.0,24.17316,0.5133631944656372,bmm
,86,86x126x49x482,18.0,390.0,45.0,23.896560000000004,0.769375991821289,bmm
,99,99x110x47x609,18.0,390.0,45.0,24.429120000000008,0.981331205368042,bmm
,80,80x68x57x753,19.76,390.0,44.16,24.581999999999997,0.8739711999893188,bmm
,86,86x74x48x1024,29.0,390.0,44.0,25.103679999999997,1.0690304040908811,bmm
,111,111x91x111x28,29.0,390.0,44.0,23.239399999999996,0.2587391972541809,bmm
,90,90x66x127x26,29.0,390.0,44.0,22.45748,0.220083200931549,bmm
,117,117x97x128x11,29.0,390.0,44.0,22.767920000000007,0.6115008115768432,bmm
,68,68x113x123x57,27.08,390.0,44.0,22.433560000000003,0.6099647879600525,bmm
,87,87x72x111x65,27.0,390.0,43.0,22.64448,0.4949695944786071,bmm
,79,79x107x104x39,27.0,390.0,43.0,22.6516,0.5427903890609741,bmm
,109,109x129x113x126,30.36,599.4,43.0,25.34532,0.7019968032836914,bmm
,109,109x115x98x107,39.0,735.0,43.0,23.7692,0.3815935969352722,bmm
,97,97x68x111x95,39.0,735.0,43.0,22.996079999999992,0.2697664022445679,bmm
,126,126x65x112x187,39.0,735.0,43.0,23.21468,0.5171007990837098,bmm
,123,123x91x72x199,39.0,735.0,43.0,23.44216,0.4711359977722168,bmm
,120,120x91x90x203,39.0,735.0,43.0,23.750640000000004,0.5288704037666321,bmm
,107,107x83x71x402,18.0,735.0,43.0,23.886199999999988,0.6950143933296203,bmm
,125,125x125x90x357,18.0,735.0,43.0,25.74895999999999,1.0588415622711185,bmm
,88,88x117x69x352,18.0,735.0,43.0,24.565960000000004,0.6328000068664551,bmm
,92,92x79x81x705,18.0,664.8,43.0,24.98988,1.0641151905059814,bmm
,127,127x73x70x927,27.0,628.8,43.0,24.3986,1.6610431909561156,bmm
,97,97x109x124x731,27.0,630.0,43.0,26.53692000000001,1.7036096096038815,bmm
,114,114x97x191x6,27.0,660.0,43.0,25.16608000000001,0.2978752017021179,bmm
,120,120x65x216x10,27.0,660.0,43.0,23.035960000000003,0.2716288030147552,bmm
,116,116x110x196x1,26.0,660.0,43.0,22.43755999999999,0.2677183926105499,bmm
,76,76x106x130x34,26.0,660.0,43.0,22.31836,0.2159680008888244,bmm
,101,101x122x184x55,26.0,660.0,43.0,22.87620000000001,0.4031423926353454,bmm
,82,82x120x199x41,26.0,660.0,43.0,23.25156000000001,0.3294847965240478,bmm
,107,107x103x196x129,26.0,660.0,43.0,24.85120000000001,0.6825919985771179,bmm
,95,95x107x135x121,18.0,660.0,43.0,24.05568,0.4366335988044739,bmm
,122,122x122x256x128,18.0,660.0,42.0,24.124600000000004,0.9286847949028016,bmm
,128,128x72x201x213,18.0,588.0,42.4,24.88912,0.9848319888114928,bmm
,107,107x111x185x216,18.0,750.0,43.0,25.15360000000001,0.9131775975227356,bmm
,111,111x90x145x201,27.6,750.0,43.0,25.44324,0.674892807006836,bmm
,108,108x111x240x352,30.0,750.0,43.0,25.82412,1.5828736066818236,bmm
,71,71x102x180x297,30.0,750.0,43.0,25.59784,0.7436800122261047,bmm
,118,118x69x218x269,30.0,750.0,43.0,25.2606,1.1601280212402345,bmm
,69,69x89x189x735,30.0,750.0,43.0,26.71271999999999,1.5160576105117798,bmm
,122,122x120x232x767,30.0,750.0,43.0,29.428959999999982,3.5599615573883057,bmm
,104,104x100x136x776,30.0,840.0,44.0,31.21856,0.9887680053710938,bmm
,114,114x122x302x20,30.0,840.0,44.0,41.38699999999997,0.2151232033967972,bmm
,113,113x66x449x18,30.0,840.0,44.0,37.37400000000002,0.3083392083644867,bmm
,93,93x124x363x15,30.0,840.0,44.0,37.81899999999999,0.249849596619606,bmm
,106,106x114x423x61,30.0,840.0,45.0,37.51087999999999,0.2970559954643249,bmm
,98,98x92x469x47,25.0,840.0,45.0,38.24856,0.3142848014831543,bmm
,84,84x76x477x61,25.0,840.0,45.0,37.48568000000001,0.2489791989326477,bmm
,95,95x93x419x105,25.0,840.0,45.0,37.6354,0.4516607999801635,bmm
,91,91x91x306x65,25.0,840.0,45.0,39.32100000000002,0.3262783944606781,bmm
,67,67x107x324x125,25.0,840.0,45.0,37.82980000000002,0.2274240016937256,bmm
,111,111x80x370x139,25.0,840.0,45.0,38.54636000000001,0.8613312005996704,bmm
,84,84x70x402x191,25.0,840.0,45.12,40.77715999999997,0.6992959976196289,bmm
,116,116x76x468x220,25.0,840.0,46.0,41.85156,1.1124287843704224,bmm
,125,125x72x330x489,19.0,840.0,46.0,42.89704,1.714355206489563,bmm
,76,76x114x489x360,19.0,720.0,46.76,37.863680000000016,2.268403196334839,bmm
,121,121x102x353x331,19.0,795.0,47.0,30.46804,2.374911975860596,bmm
,73,73x73x422x825,19.0,900.0,47.0,37.558,2.0495231628417967,bmm
,105,105x126x445x822,19.0,900.0,47.0,48.81092,2.961139106750488,bmm
,99,99x121x288x626,42.0,1110.0,47.68,44.09987999999999,1.096928024291992,bmm
,110,110x77x1018x16,42.0,1110.0,48.0,49.052999999999976,0.5063552021980285,bmm
,68,68x97x820x3,42.0,1110.0,48.0,44.933999999999976,0.2203263998031616,bmm
,88,88x66x993x21,42.0,1110.0,48.0,42.23827999999999,0.4856895923614502,bmm
,93,93x120x516x37,42.0,1110.0,49.0,43.08547999999999,0.2665472030639648,bmm
,128,128x71x599x50,42.0,1110.0,49.0,42.33012000000002,0.3157696008682251,bmm
,105,105x111x912x40,42.0,1110.0,49.0,43.05267999999998,0.4609472036361694,bmm
,110,110x78x947x124,20.4,1110.0,49.0,45.544280000000015,0.8166784048080444,bmm
,112,112x107x827x92,15.0,1110.0,49.0,49.23164,0.7098176002502441,bmm
,84,84x113x1015x79,15.0,1110.0,49.0,45.28960000000002,0.6222847938537598,bmm
,126,126x112x750x189,15.0,1110.0,49.04,49.53788,1.1397183895111085,bmm
,90,90x102x890x160,15.0,1110.0,50.0,49.10356000000001,0.9955968141555788,bmm
,72,72x105x846x252,15.0,1110.0,50.0,50.87823999999998,0.9258943915367126,bmm
,74,74x73x851x510,15.0,855.0,50.0,48.27959999999999,2.4801599979400635,bmm
,90,90x90x615x465,27.0,915.0,50.0,46.5632,2.0521727561950684,bmm
,83,83x127x998x390,27.0,915.0,50.16,48.11516,2.8931391716003416,bmm
,106,106x91x827x592,27.0,1131.6,51.0,53.99740000000001,3.1349631786346435,bmm
,88,88x103x855x844,27.0,1245.0,51.92,59.14671999999998,3.389907217025757,bmm
,75,75x121x765x815,40.0,1545.0,52.0,67.42859999999996,2.095788764953613,bmm
,110,110x156x26x13,40.0,1545.0,54.0,45.49300000000002,0.0316991992294788,bmm
,70,70x215x28x17,40.0,1545.0,54.0,45.379000000000005,0.0279551997780799,bmm
,105,105x158x29x7,40.0,1545.0,54.0,45.77099999999999,0.0295296002179384,bmm
,79,79x203x8x51,40.0,1545.0,54.0,45.72699999999999,0.0184256006032228,bmm
,68,68x156x29x52,40.0,1545.0,53.68,45.841,0.022419199720025,bmm
,80,80x192x25x62,40.0,1545.0,52.0,45.74400000000001,0.026214399933815,bmm
,82,82x184x7x110,40.0,1545.0,52.0,45.93499999999997,0.0257791999727487,bmm
,85,85x131x9x105,18.4,1545.0,52.0,46.07299999999999,0.0344895996153354,bmm
,115,115x249x20x71,10.0,1545.0,52.0,45.91499999999999,0.0593920014798641,bmm
,67,67x255x10x201,10.0,1545.0,52.0,46.603,0.0574271999299526,bmm
,88,88x185x7x172,10.0,1545.0,52.0,46.63300000000002,0.0391616001725196,bmm
,112,112x189x5x149,10.0,1545.0,52.0,46.198999999999984,0.047334399819374,bmm
,65,65x205x19x461,10.0,1545.0,52.0,46.437,0.1233600005507469,bmm
,110,110x200x11x340,10.0,1545.0,52.0,48.07756000000001,0.1310080021619796,bmm
,77,77x135x27x511,10.0,1545.0,52.0,47.94875999999999,0.1555839955806732,bmm
,83,83x165x16x780,10.0,555.0,52.0,45.202760000000005,0.4344255983829498,bmm
,121,121x210x9x635,9.36,547.8,52.0,38.13999999999999,0.6234624028205872,bmm
,85,85x190x4x955,9.0,540.0,50.0,39.36136,0.439737594127655,bmm
,73,73x257x42x20,9.0,510.0,50.0,37.464040000000026,0.1142336010932922,bmm
,101,101x251x33x14,9.0,504.0,50.0,35.97540000000001,0.114732801914215,bmm
,73,73x140x34x19,9.0,460.2,49.0,35.67336000000001,0.0745792001485824,bmm
,125,125x166x41x47,9.0,435.0,49.0,35.66899999999999,0.1379136025905609,bmm
,92,92x257x63x62,9.0,407.4,49.0,33.299959999999984,0.2791296005249023,bmm
,105,105x216x65x59,11.24,397.8,48.32,25.26039999999999,0.3734016001224517,bmm
,107,107x178x39x106,13.0,390.0,48.0,24.83616,0.3278591990470886,bmm
,94,94x209x59x123,13.0,375.0,48.0,24.282959999999992,0.4443647980690002,bmm
,105,105x197x51x69,13.0,375.0,47.12,24.02880000000001,0.3534783899784088,bmm
,128,128x146x40x173,13.0,390.0,47.0,24.314799999999995,0.4867775976657867,bmm
,97,97x198x42x239,13.0,390.0,46.76,24.048920000000013,0.6418431997299194,bmm
,94,94x191x43x212,20.0,390.0,46.0,23.70472,0.5450880050659179,bmm
,72,72x195x47x308,20.0,390.0,46.0,23.680240000000005,0.6052479982376099,bmm
,119,119x202x48x326,20.0,390.0,46.0,24.3346,1.0778688192367554,bmm
,99,99x190x62x395,20.0,390.0,45.88,24.791159999999994,1.0893120050430298,bmm
,74,74x215x49x624,24.4,390.0,45.0,25.424559999999992,1.2849536180496215,bmm
,87,87x148x52x784,30.0,393.6,45.0,25.379360000000005,2.046105575561524,bmm
,99,99x165x59x600,30.0,568.2,45.0,24.714879999999997,4.017836856842041,bmm
,89,89x163x89x23,41.0,587.4,44.56,24.089240000000004,0.6180608034133911,bmm
,76,76x244x92x24,41.0,645.0,44.0,22.750839999999997,0.2681024014949799,bmm
,69,69x207x119x19,41.0,645.0,44.0,22.77292,0.267872005701065,bmm
,94,94x219x102x57,41.0,645.0,44.0,22.75051999999999,0.412959998846054,bmm
,120,120x144x93x42,41.0,645.0,44.0,23.35103999999999,0.3275648057460785,bmm
,81,81x224x72x47,21.0,645.0,44.0,22.78320000000001,0.2433856040239334,bmm
,104,104x219x110x123,21.0,645.0,44.0,23.4856,0.6765695929527282,bmm
,85,85x183x91x115,21.0,645.0,44.0,23.881560000000004,0.4156479954719543,bmm
,85,85x225x94x129,21.0,645.0,44.0,23.18064,0.5315775871276855,bmm
,118,118x254x126x198,21.4,591.0,44.0,25.27860000000001,1.2460800170898438,bmm
,80,80x139x66x164,22.0,481.8,43.8,23.48572,0.91767680644989,bmm
,110,110x250x96x157,22.0,658.2,43.0,25.362320000000004,0.8539200067520142,bmm
,94,94x155x81x500,22.0,810.0,43.0,25.3926,1.2126848220825197,bmm
,84,84x173x68x501,33.44,810.0,43.0,25.65412,1.1071424245834351,bmm
,109,109x158x123x441,35.0,813.0,43.92,26.99975999999999,1.5750079870224,bmm
,80,80x185x68x561,35.0,885.0,44.0,31.746999999999996,0.465990400314331,bmm
,87,87x192x115x935,35.0,885.0,44.8,42.01959999999999,1.232806420326233,bmm
,106,106x140x98x923,35.0,885.0,46.0,42.76080000000002,1.6428928136825562,bmm
,118,118x221x209x29,34.76,885.0,46.0,44.09971999999999,0.2908223986625671,bmm
,92,92x245x250x4,29.0,885.0,46.0,37.79251999999998,0.2582271993160248,bmm
,102,102x139x252x13,29.0,885.0,46.0,36.93100000000001,0.2160383999347686,bmm
,128,128x159x165x56,29.0,885.0,46.0,37.27459999999999,0.1862335979938507,bmm
,88,88x216x228x57,29.0,885.0,46.0,37.53476,0.240377601981163,bmm
,89,89x161x211x60,29.0,885.0,46.0,37.28216000000002,0.163084802031517,bmm
,121,121x137x142x100,29.0,885.0,46.0,37.308560000000014,0.313452798128128,bmm
,126,126x254x206x65,29.0,885.0,46.0,38.06055999999998,0.5014912009239196,bmm
,111,111x188x145x97,29.0,885.0,46.0,40.31899999999999,0.2584703981876373,bmm
,105,105x135x132x247,12.0,885.0,47.0,38.49807999999998,0.508735990524292,bmm
,113,113x228x130x204,12.0,802.2,47.0,38.77752,0.6118463993072509,bmm
,114,114x231x193x252,12.0,540.0,47.0,32.095159999999986,1.788928008079529,bmm
,72,72x202x255x325,12.0,540.0,46.0,29.37447999999999,1.775225591659546,bmm
,124,124x188x239x398,12.0,612.0,46.0,30.99640000000001,2.740659189224244,bmm
,89,89x151x177x379,27.0,690.0,46.0,29.347919999999995,1.3609216213226318,bmm
,82,82x203x220x670,37.0,718.8,46.0,30.14644,2.879487991333008,bmm
,129,129x245x151x760,37.0,823.2,46.0,31.416799999999984,1.9723904132843015,bmm
,80,80x157x239x645,37.0,1050.0,46.0,45.33692,1.603648042678833,bmm
,120,120x252x281x6,37.0,1050.0,48.0,50.56099999999999,0.3215104043483734,bmm
,70,70x199x437x25,37.0,1050.0,48.0,43.26480000000001,0.2979583978652954,bmm
,69,69x168x404x13,37.0,1050.0,48.0,42.04628,0.2234047979116439,bmm
,85,85x144x329x51,37.0,1050.0,48.0,41.28188000000002,0.2004608005285263,bmm
,98,98x198x259x52,37.0,1050.0,48.0,41.48508,0.2369728028774261,bmm
,120,120x219x432x49,37.0,1050.0,48.0,42.19600000000001,0.4671296000480652,bmm
,88,88x228x465x119,37.0,1050.0,48.0,45.56247999999998,0.6732224106788636,bmm
,93,93x192x282x120,37.0,1050.0,48.2,45.60927999999999,0.3522560000419616,bmm
,79,79x166x483x109,37.0,1050.0,49.0,43.43419999999998,0.4531071960926056,bmm
,70,70x129x398x193,24.12,1050.0,49.0,44.74199999999999,0.7636799931526184,bmm
,72,72x247x333x171,14.0,1050.0,49.0,46.698,0.6389439821243286,bmm
,112,112x184x277x132,14.0,1050.0,49.0,48.03755999999998,0.604038393497467,bmm
,126,126x171x415x493,14.0,914.4,49.0,46.75796,2.4001983642578124,bmm
,117,117x180x427x318,14.0,810.0,50.0,47.53012,2.222086381912232,bmm
,66,66x139x374x369,14.0,810.0,50.0,45.1504,1.3253888130187987,bmm
,108,108x219x502x890,28.0,1075.2,50.76,56.60767999999997,4.008211135864258,bmm
,88,88x249x280x592,28.0,1545.0,51.0,64.99672000000001,1.3031232118606568,bmm
,76,76x207x458x649,28.0,1545.0,53.0,65.28260000000004,2.203961563110352,bmm
,129,129x168x831x20,28.0,1545.0,53.0,66.00636,0.5471936106681824,bmm
,107,107x175x855x28,28.0,1545.0,53.0,54.96299999999999,0.5385600090026855,bmm
,125,125x143x789x30,36.0,1545.0,53.76,56.39083999999999,0.4925823926925659,bmm
,113,113x230x685x65,36.0,1545.0,54.0,57.164040000000014,0.8467968106269836,bmm
,99,99x141x746x48,36.0,1545.0,54.0,57.8564,0.4305088043212891,bmm
,76,76x169x676x34,36.0,1545.0,54.0,52.89347999999999,0.312992000579834,bmm
,89,89x191x917x92,36.0,1545.0,54.0,52.821,0.6668352007865905,bmm
,88,88x218x531x96,36.0,1545.0,54.0,61.519,0.5277888178825378,bmm
,104,104x190x776x92,36.0,1545.0,54.0,58.56664000000001,0.6880319952964783,bmm
,126,126x165x703x137,36.0,1545.0,54.24,60.21687999999998,1.1742592096328734,bmm
,92,92x174x784x148,22.4,1218.6,55.0,57.325480000000006,0.9344511985778808,bmm
,124,124x217x810x171,19.0,1020.0,54.84,52.575400000000016,2.502028799057007,bmm
,87,87x210x611x427,19.0,1155.0,54.0,58.09948000000003,2.905241584777832,bmm
,67,67x201x525x441,19.0,1335.0,54.0,59.07699999999997,1.7191232204437257,bmm
,117,117x254x970x288,19.0,1335.0,55.0,69.81412000000003,4.052275276184082,bmm
,94,94x211x848x520,40.0,1776.0,55.32,89.17679999999999,3.5358527183532718,bmm
,78,78x152x674x577,40.0,1920.0,59.0,91.03672000000002,1.9945152282714844,bmm
,73,73x145x993x792,40.0,1897.2,61.8,122.87787999999996,3.781004810333252,bmm
,122,122x269x20x20,40.0,1895.4,66.0,119.80399999999996,0.0363328009843826,bmm
,81,81x394x26x2,40.0,1905.0,66.0,72.00836000000001,0.0374271996319294,bmm
,65,65x385x23x15,30.0,1905.0,66.0,64.97612000000001,0.0280512001365423,bmm
,111,111x512x12x62,30.0,1905.0,65.2,65.15740000000001,0.0543615996837616,bmm
,101,101x403x18x41,30.0,1916.4,62.0,64.00600000000003,0.0412864007055759,bmm
,107,107x372x16x52,30.0,1920.0,62.0,64.84999999999997,0.0359935998916626,bmm
,115,115x357x17x108,30.0,1920.0,62.0,65.30099999999999,0.0676992014050483,bmm
,111,111x317x20x91,30.0,1920.0,61.0,67.11571999999997,0.055859200656414,bmm
,103,103x348x20x113,30.0,1920.0,61.0,66.58612000000001,0.0625280015170574,bmm
,121,121x345x17x241,30.0,1920.0,61.0,67.7046,0.1338559985160827,bmm
,93,93x399x31x174,30.0,1920.0,61.0,70.19704,0.1237311989068985,bmm
,95,95x501x25x172,5.0,1920.0,61.0,69.93727999999996,0.1372287988662719,bmm
,104,104x309x10x289,5.0,1920.0,61.0,69.22508000000003,0.1209727987647056,bmm
,65,65x328x13x298,5.0,1920.0,61.0,68.69355999999998,0.092774398624897,bmm
,98,98x408x10x447,5.0,1571.4,61.0,68.57899999999997,0.2091264009475708,bmm
,115,115x264x31x741,5.0,675.0,58.0,51.56919999999998,1.0257472038269042,bmm
,129,129x344x15x542,5.0,660.0,58.0,39.73960000000002,0.8380543947219848,bmm
,99,99x309x21x517,8.6,622.8,54.8,38.44919999999998,0.6615103960037232,bmm
,104,104x496x58x2,14.0,600.0,54.0,38.56899999999999,0.2485439985990524,bmm
,78,78x268x41x18,14.0,556.8,54.0,36.84096,0.1076416000723838,bmm
,107,107x276x61x27,14.0,555.0,53.44,36.24952000000002,0.1899648040533065,bmm
,71,71x299x64x53,14.0,525.0,52.0,36.49916000000002,0.1378944009542465,bmm
,108,108x394x35x61,14.0,511.8,52.0,36.29083999999998,0.1999488025903701,bmm
,90,90x503x57x48,14.0,460.8,51.32,36.16123999999999,0.2762623965740204,bmm
,96,96x361x49x117,14.0,450.0,51.0,37.504199999999976,0.3727551996707916,bmm
,73,73x503x38x114,12.0,435.0,51.0,32.04528000000001,0.5955072045326233,bmm
,90,90x301x47x125,12.0,420.6,49.0,24.379,0.5320703983306885,bmm
,113,113x416x55x218,12.0,390.0,49.0,26.815639999999995,1.4036799907684323,bmm
,105,105x447x46x189,12.0,450.0,49.0,26.64412,1.181875228881836,bmm
,113,113x385x34x239,14.72,465.0,49.0,25.117839999999987,1.2630079984664917,bmm
,101,101x382x49x326,29.0,465.0,48.28,26.32032,1.5971648216247558,bmm
,111,111x362x62x493,29.0,465.0,47.56,25.829639999999998,2.524460792541504,bmm
,103,103x478x49x421,29.0,536.4,47.0,26.81904,2.4960960388183597,bmm
,66,66x292x65x994,37.0,591.6,47.0,27.07756000000001,2.4328511714935304,bmm
,72,72x415x37x985,37.0,738.0,47.0,27.6806,3.2636735916137694,bmm
,76,76x454x50x871,37.0,877.8,47.0,29.557640000000006,1.2497087955474853,bmm
,115,115x292x109x23,37.0,945.0,47.0,37.08219999999999,0.1788223981857299,bmm
,117,117x264x108x24,39.0,945.0,47.0,37.52860000000001,0.1840256005525589,bmm
,84,84x448x115x26,39.0,945.0,47.0,37.246600000000015,0.2019327998161316,bmm
,93,93x286x109x43,39.0,945.0,47.0,37.33811999999998,0.1565311968326568,bmm
,126,126x401x116x33,39.0,945.0,47.36,37.79812000000002,0.2765439987182617,bmm
,118,118x333x87x45,39.0,945.0,48.0,38.11476000000001,0.1828352004289627,bmm
,65,65x409x66x69,39.0,945.0,48.0,37.53700000000001,0.178355199098587,bmm
,108,108x468x75x79,39.0,945.0,48.0,37.357999999999976,0.3438335955142975,bmm
,129,129x297x124x127,39.0,945.0,48.0,39.01,0.3861951947212219,bmm
,106,106x400x108x131,39.0,945.0,48.0,40.78644,0.6160384058952332,bmm
,97,97x432x81x243,13.0,945.0,48.0,40.3376,0.5775871872901917,bmm
,115,115x425x84x201,13.0,945.0,48.0,39.77300000000002,0.6775487899780274,bmm
,128,128x468x99x302,13.0,945.0,49.0,43.62871999999999,1.4897151708602905,bmm
,81,81x413x98x408,13.0,945.0,49.0,43.93608,1.1057087659835816,bmm
,109,109x461x121x353,13.0,776.4,49.0,36.791559999999976,2.8916672229766847,bmm
,94,94x466x69x1017,14.6,1050.0,49.0,44.29343999999999,1.943449592590332,bmm
,93,93x483x85x530,33.0,1050.0,49.0,51.15672000000001,1.3768896102905273,bmm
,106,106x508x101x711,33.0,1050.0,50.0,51.13787999999997,2.1992063999176024,bmm
,119,119x510x190x4,33.0,1050.0,50.0,56.8898,0.4166656017303466,bmm
,71,71x273x212x4,33.0,1050.0,50.0,43.12436,0.1852352023124694,bmm
,129,129x420x194x26,33.0,1050.0,50.0,42.109,0.4091455936431885,bmm
,73,73x369x165x39,33.0,1050.0,50.0,42.72947999999997,0.1848128020763397,bmm
,102,102x342x201x37,33.0,1050.0,50.0,41.45600000000001,0.2966207981109619,bmm
,74,74x360x208x34,21.0,1050.0,50.0,43.02148,0.2332800030708313,bmm
,88,88x454x226x96,21.0,1050.0,50.0,43.10963999999999,0.6493759989738465,bmm
,108,108x481x243x116,21.0,1050.0,50.0,45.5726,0.8497600078582763,bmm
,88,88x378x132x91,21.0,1050.0,50.0,49.667,0.30936319231987,bmm
,89,89x464x201x235,21.0,1038.6,50.44,45.80528000000002,1.1563584089279175,bmm
,82,82x471x141x157,21.0,765.0,51.0,44.0816,0.8506431937217712,bmm
,128,128x275x223x144,21.0,720.0,51.0,41.95556000000002,1.3437631845474245,bmm
,103,103x433x225x360,22.0,720.0,50.08,46.11707999999998,2.8719040393829345,bmm
,82,82x463x178x260,22.0,750.0,50.0,45.0096,1.9919487714767456,bmm
,92,92x497x135x364,22.0,750.0,50.0,44.60679999999999,1.706060767173767,bmm
,65,65x457x176x869,22.0,750.0,50.0,48.06947999999999,3.5180288314819337,bmm
,94,94x434x231x743,27.76,1008.6,50.72,50.959720000000026,3.18721923828125,bmm
,119,119x480x164x607,46.0,1500.0,51.0,61.058359999999965,2.2731391906738283,bmm
,91,91x267x344x24,46.0,1500.0,54.0,61.76700000000003,0.2661311984062194,bmm
,78,78x497x337x26,46.0,1500.0,54.0,50.75375999999999,0.3937344014644622,bmm
,93,93x274x374x7,46.0,1500.0,54.0,53.065560000000005,0.2937343955039978,bmm
,107,107x489x450x42,46.0,1500.0,54.0,53.09419999999998,0.6680768013000489,bmm
,102,102x471x266x39,46.0,1500.0,53.0,55.54940000000001,0.383705598115921,bmm
,125,125x370x332x37,31.96,1500.0,53.0,52.93212000000004,0.4539455950260162,bmm
,124,124x344x448x68,19.0,1500.0,53.0,54.99112,0.9030656218528748,bmm
,75,75x387x490x105,19.0,1500.0,53.2,60.681720000000006,0.7291839957237244,bmm
,79,79x482x457x65,19.0,1500.0,54.0,57.61779999999999,0.8048767924308777,bmm
,95,95x284x383x172,19.0,1500.0,54.0,58.44299999999999,0.8365952014923096,bmm
,97,97x364x393x168,19.0,1500.0,54.0,64.83359999999999,1.0361471891403198,bmm
,72,72x396x510x156,19.0,1276.8,55.0,57.607520000000015,1.1506495952606202,bmm
,125,125x375x311x293,21.0,1005.0,55.0,52.6342,2.8189055919647217,bmm
,102,102x399x450x464,21.0,1158.6,54.0,60.29159999999997,4.12577919960022,bmm
,89,89x480x364x513,21.0,1875.0,55.68,89.77196000000002,2.8200127601623537,bmm
,121,121x448x324x953,23.08,1864.8,60.0,129.57832000000005,4.861683082580567,bmm
,108,108x381x506x907,47.0,1849.8,67.0,141.78108,5.715116786956787,bmm
,95,95x405x272x608,47.0,1896.0,67.0,113.91407999999996,1.9377599954605105,bmm
,73,73x415x886x25,47.0,1905.0,70.0,125.55527999999995,0.8203711986541748,bmm
,67,67x407x625x32,47.0,1905.0,70.0,91.2352,0.5334143996238708,bmm
,129,129x493x698x15,47.0,1905.0,70.0,86.52,1.193779230117798,bmm
,85,85x291x660x40,33.0,1905.0,69.6,107.5734,0.5481088042259217,bmm
,72,72x399x732x62,33.0,1905.0,68.0,86.07880000000003,0.7037887930870056,bmm
,65,65x259x573x50,33.0,1905.0,68.0,86.9892,0.3241984009742736,bmm
,85,85x347x851x104,33.0,1905.0,68.0,84.78708,0.9479168057441713,bmm
,111,111x493x762x126,33.0,1905.0,68.8,120.58540000000002,1.5507904052734376,bmm
,125,125x405x742x67,33.0,1905.0,69.0,114.16035999999998,1.384825587272644,bmm
,83,83x502x513x241,33.0,1905.0,69.0,127.13232000000002,1.5026368379592896,bmm
,102,102x364x616x253,30.6,1905.0,71.4,123.39979999999994,1.5723392486572263,bmm
,104,104x472x792x252,27.0,1653.0,72.0,113.86767999999996,2.751033639907837,bmm
,69,69x351x915x290,27.0,1573.8,68.0,73.96127999999996,2.8874496459960937,bmm
,65,65x423x752x348,27.0,1563.6,68.0,84.93176000000001,2.6489023685455324,bmm
,95,95x273x853x488,31.8,1701.0,65.0,94.70576000000008,3.4574464321136475,bmm
,68,68x482x524x869,37.0,1866.0,65.0,140.8685199999999,4.2593599319458,bmm
,87,87x419x919x667,37.0,1813.2,73.0,139.97123999999994,7.189574432373047,bmm
,74,74x359x999x769,43.0,1800.6,73.96,149.90919999999997,6.797555160522461,bmm
,99,99x939x6x26,52.0,1858.2,74.0,119.75595999999994,0.0544319994747638,bmm
,65,65x622x18x7,52.0,1875.0,74.0,76.41324,0.0375295996665954,bmm
,66,66x531x21x33,52.0,1875.6,69.0,67.45856000000002,0.0375296004116535,bmm
,113,113x739x22x60,52.0,1905.0,69.0,66.42739999999998,0.0853375986218452,bmm
,122,122x945x17x42,52.0,1905.0,69.0,68.45931999999998,0.097036799788475,bmm
,65,65x665x1x48,52.0,1905.0,68.16,69.03751999999997,0.0241984002292156,bmm
,101,101x866x4x103,52.0,1905.0,66.0,68.40844000000001,0.1123648017644882,bmm
,125,125x664x18x127,38.88,1905.0,66.0,69.70992000000001,0.1456576019525527,bmm
,106,106x717x16x104,11.0,1905.0,66.0,68.40339999999998,0.1116863995790481,bmm
,87,87x892x27x165,11.0,1905.0,64.0,70.50160000000002,0.2170879989862442,bmm
,108,108x994x3x170,11.0,1905.0,64.0,74.89244000000004,0.2067647993564605,bmm
,123,123x741x24x183,11.0,1905.0,64.0,75.71404000000003,0.2356096029281616,bmm
,127,127x776x31x503,11.0,1905.0,64.0,78.96000000000002,0.7119103908538819,bmm
,125,125x1000x23x370,11.0,1905.0,65.84,103.773,0.5557568073272705,bmm
,123,123x980x17x442,11.0,1155.0,66.0,72.55607999999997,1.1545408010482787,bmm
,94,94x918x32x817,16.0,1089.6,60.48,46.65256,1.732089591026306,bmm
,81,81x568x10x837,16.0,990.0,58.92,45.64852,0.7499135971069336,bmm
,102,102x848x9x579,16.0,945.0,57.0,43.17999999999998,1.0729088068008423,bmm
,90,90x901x55x19,16.0,916.2,57.0,36.26020000000001,0.2327615976333618,bmm
,118,118x572x58x12,16.0,855.0,54.0,37.27855999999997,0.2218688011169433,bmm
,110,110x1008x44x18,16.0,840.6,54.0,37.41715999999999,0.2872960031032562,bmm
,84,84x852x37x44,16.0,795.0,54.0,37.832,0.1964480012655258,bmm
,114,114x855x63x53,16.0,760.8,53.84,37.96144,0.3717759907245636,bmm
,69,69x1005x49x58,16.0,750.0,53.0,39.21988,0.2431808024644851,bmm
,96,96x564x46x84,16.0,705.0,53.0,37.95948000000001,0.3240319967269897,bmm
,128,128x693x47x103,16.0,693.0,53.0,38.24419999999998,0.5198016047477723,bmm
,107,107x916x52x97,16.0,675.0,52.04,39.82440000000001,0.6674944043159485,bmm
,110,110x592x57x195,15.0,645.0,52.0,40.42220000000002,1.038271975517273,bmm
,85,85x1007x43x210,15.0,631.8,52.0,40.9534,1.076192021369934,bmm
,88,88x1002x33x141,15.0,618.0,52.0,40.20668000000001,0.8567103981971741,bmm
,101,101x590x56x512,15.0,600.0,52.0,42.11428,1.7918336391448977,bmm
,84,84x738x56x442,15.0,600.0,52.0,44.93588,1.79443838596344,bmm
,78,78x896x45x436,17.16,600.0,52.0,43.34995999999999,1.8324607849121093,bmm
,78,78x523x40x874,33.0,600.0,52.0,42.83103999999999,1.7266048192977903,bmm
,127,127x1016x49x772,33.0,816.0,52.0,50.09064,4.0835648536682125,bmm
,121,121x966x50x931,33.0,1350.0,52.6,58.50280000000001,3.161913537979126,bmm
,128,128x763x101x21,33.0,1470.0,55.0,66.84088000000003,0.2868095993995666,bmm
,74,74x789x110x32,36.2,1470.0,55.0,49.3826,0.1944064050912857,bmm
,121,121x871x122x20,43.0,1470.0,55.0,49.26931999999997,0.3669631958007812,bmm
,108,108x1003x97x63,43.0,1470.0,54.08,51.89200000000003,0.3370624005794525,bmm
,125,125x853x112x64,43.0,1470.0,54.0,53.87100000000001,0.328575998544693,bmm
,111,111x804x69x53,43.0,1470.0,54.0,53.939000000000014,0.2077120035886764,bmm
,108,108x755x90x112,43.0,1470.0,54.0,50.71147999999997,0.401446396112442,bmm
,129,129x662x125x89,43.0,1470.0,54.0,53.73175999999999,0.5550848007202148,bmm
,107,107x524x72x102,43.0,1470.0,54.0,53.08608,0.2338431984186172,bmm
,83,83x972x85x217,43.0,1470.0,54.0,52.35379999999999,0.7330943942070007,bmm
,121,121x681x100x209,21.72,1470.0,54.0,57.16499999999999,0.8536448121070862,bmm
,83,83x960x92x223,15.0,1470.0,54.0,60.81352000000002,0.7494400024414063,bmm
,96,96x973x68x350,15.0,1470.0,54.0,57.25051999999998,1.0707327842712402,bmm
,119,119x709x69x447,15.0,1470.0,54.0,65.95636000000002,1.324895977973938,bmm
,70,70x921x125x503,15.0,1360.8,55.92,61.55803999999999,1.6056959867477416,bmm
,70,70x696x107x579,15.0,1257.6,56.0,62.78024000000003,1.49617280960083,bmm
,101,101x629x67x806,17.56,1243.8,56.0,57.84216000000001,1.940601587295532,bmm
,113,113x960x76x749,31.0,1262.4,56.0,61.759999999999984,2.924729585647583,bmm
,116,116x551x227x20,31.0,1320.0,56.0,62.55951999999998,0.4414719998836517,bmm
,111,111x846x153x32,31.0,1320.0,55.0,49.62251999999998,0.4565567970275879,bmm
,110,110x729x133x18,31.0,1320.0,55.0,49.38899999999999,0.3307648062705993,bmm
,66,66x631x230x59,31.0,1320.0,55.0,48.36900000000001,0.3164543926715851,bmm
,117,117x907x168x56,31.0,1320.0,54.92,50.14012000000003,0.5438976049423218,bmm
,110,110x1023x208x64,28.12,1320.0,54.0,51.62604,0.6495296001434326,bmm
,100,100x689x226x75,23.0,1320.0,54.0,52.381,0.8240896105766297,bmm
,129,129x659x235x101,23.0,1320.0,54.0,56.351200000000006,1.0733055830001832,bmm
,96,96x914x212x86,23.0,1320.0,54.0,54.38188000000004,0.9885760068893432,bmm
,89,89x873x177x201,23.0,1320.0,54.0,58.56672000000003,1.4702335834503173,bmm
,74,74x522x219x198,23.0,1320.0,54.0,57.002879999999976,0.9561792135238648,bmm
,74,74x667x229x177,23.0,1320.0,54.96,56.93231999999998,0.9699136018753052,bmm
,117,117x641x243x485,26.2,1320.0,55.0,67.59247999999998,3.941638374328613,bmm
,90,90x940x254x434,27.0,1575.0,56.84,75.50748000000003,3.636966419219971,bmm
,89,89x590x230x320,27.0,1830.0,57.0,88.55323999999999,1.40698881149292,bmm
,67,67x620x230x925,27.0,1830.0,59.76,92.358,2.8183295726776123,bmm
,95,95x1008x153x881,33.0,1851.0,61.2,108.82472,3.847846364974976,bmm
,72,72x809x230x551,42.0,1894.8,66.0,117.05459999999994,2.3674495697021483,bmm
,118,118x641x290x4,42.0,1905.0,66.0,139.85300000000004,0.5396672129631043,bmm
,118,118x896x282x14,42.0,1905.0,66.32,87.99740000000001,0.7626367926597595,bmm
,67,67x712x262x10,42.0,1905.0,67.0,84.90163999999997,0.2976767957210541,bmm
,73,73x749x343x62,42.0,1905.0,67.0,81.95984,0.57150719165802,bmm
,102,102x1014x445x51,42.0,1905.0,67.0,89.37776,1.342905592918396,bmm
,95,95x1002x436x56,23.0,1905.0,67.0,116.55891999999994,1.2417792081832886,bmm
,83,83x610x296x94,23.0,1905.0,67.0,101.06919999999998,0.5429312109947204,bmm
,104,104x928x272x76,23.0,1905.0,67.0,92.71859999999998,0.911839997768402,bmm
,116,116x745x375x79,23.0,1905.0,67.48,108.64631999999996,1.1311424016952514,bmm
,97,97x560x428x157,23.0,1905.0,69.0,120.45507999999997,1.3061376094818116,bmm
,125,125x955x379x221,23.0,1881.0,69.0,125.49368000000004,3.093286418914795,bmm
,86,86x814x342x178,26.6,1818.0,69.0,94.69900000000004,1.3732671976089477,bmm
,128,128x1018x435x340,28.0,1824.0,70.2,138.8298,5.8877760887146,bmm
,98,98x631x337x406,28.0,1872.6,75.0,131.74571999999998,2.943168020248413,bmm
,116,116x841x415x419,28.0,1836.6,75.96,147.31004,5.898758411407471,bmm
,91,91x550x315x619,45.48,1869.6,77.0,134.99228000000002,2.87643518447876,bmm
,66,66x544x289x578,51.0,1887.6,77.0,122.07951999999996,1.9300031900405883,bmm
,73,73x638x386x997,51.0,1833.0,77.0,149.75696000000002,5.050924777984619,bmm
,98,98x922x569x15,51.0,1879.2,76.36,138.91183999999998,1.2743615865707398,bmm
,89,89x752x613x28,51.0,1890.0,75.0,96.78916000000002,1.1784768104553225,bmm
,78,78x525x1021x3,51.0,1890.0,75.0,110.04124,1.093664002418518,bmm
,128,128x759x756x50,39.0,1890.0,74.68,109.44587999999992,2.222451162338257,bmm
,71,71x773x517x46,39.0,1890.0,74.0,132.03288000000003,0.8807936191558838,bmm
,126,126x669x582x50,39.0,1890.0,74.0,107.57340000000003,1.480019211769104,bmm
,69,69x903x694x127,39.0,1890.0,74.16,116.71796000000002,1.587775993347168,bmm
,75,75x702x850x114,39.0,1890.0,75.0,130.87491999999995,1.6091391563415527,bmm
,100,100x691x1021x128,39.0,1881.6,75.0,142.9543999999999,2.449177598953247,bmm
,121,121x757x1005x195,36.0,1822.2,75.96,148.43151999999998,6.20509443283081,bmm
,128,128x742x917x204,36.0,1827.0,76.0,152.67532,6.042758274078369,bmm
,78,78x617x588x190,36.0,1882.8,76.0,130.68516,1.611904001235962,bmm
,92,92x655x642x349,41.6,1861.8,76.0,149.3464,4.222451210021973,bmm
,91,91x1004x686x320,50.0,1843.8,75.28,138.36264000000006,6.375628757476807,bmm
,103,103x789x765x258,50.0,1828.2,76.6,154.78011999999998,6.699232006072998,bmm
,111,111x833x828x544,51.84,1750.2,80.48,156.70968,14.540172576904297,bmm
,94,94x842x572x652,53.2,1767.6,77.0,152.68444,10.127673721313476,bmm
,92,92x547x969x529,62.0,1753.8,80.0,138.84852000000004,8.7597505569458,bmm
,185,185x2x16x32,62.0,1839.6,80.0,128.83044000000007,0.004102399945259,bmm
,153,153x9x4x1,62.0,1860.0,80.0,70.57419999999999,0.0040192001033574,bmm
,251,251x16x10x24,62.0,1882.8,80.0,69.43699999999995,0.0109631998464465,bmm
,217,217x31x2x47,29.0,1890.0,80.0,67.45499999999998,0.0118399998173117,bmm
,137,137x21x17x36,29.0,1890.0,69.0,68.69800000000004,0.0125696001574397,bmm
,135,135x5x15x49,29.0,1899.6,69.0,66.32815999999997,0.005747199896723,bmm
,141,141x1x3x102,29.0,1905.0,69.0,64.42100000000003,0.0049215999431908,bmm
,133,133x19x10x101,29.0,1905.0,68.88,65.058,0.0107135999947786,bmm
,172,172x7x25x110,29.0,1905.0,66.0,65.36899999999997,0.0123648000881075,bmm
,147,147x28x18x252,29.0,1905.0,66.0,64.923,0.0246912006288766,bmm
,225,225x7x27x194,29.0,1905.0,66.0,65.59799999999997,0.0326783992350101,bmm
,190,190x29x9x198,29.0,1905.0,66.0,65.34500000000001,0.0252032004296779,bmm
,189,189x10x19x510,3.0,1905.0,64.0,65.16900000000004,0.0553728006780147,bmm
,218,218x8x7x489,3.0,1905.0,64.0,65.86995999999998,0.0476031996309757,bmm
,170,170x25x17x321,3.0,1905.0,64.0,64.307,0.0385600008070468,bmm
,235,235x32x3x823,3.0,1522.8,64.0,65.45800000000003,0.0802688002586364,bmm
,223,223x19x17x801,3.0,540.0,61.0,51.27399999999998,0.3546367943286895,bmm
,228,228x27x14x760,3.0,511.2,61.0,35.982999999999976,0.2802623927593231,bmm
,228,228x21x65x32,3.0,480.0,61.0,37.75339999999999,0.106835201382637,bmm
,202,202x13x56x3,3.0,480.0,56.4,36.03947999999999,0.0380928002297878,bmm
,202,202x5x40x25,8.0,450.0,56.0,35.81612,0.0204543996602296,bmm
,144,144x31x65x42,8.0,450.0,56.0,35.861720000000005,0.0899135991930961,bmm
,239,239x12x50x51,8.0,420.0,56.0,33.25328000000001,0.0607616007328033,bmm
,247,247x7x49x60,8.0,416.4,53.6,26.71496,0.0514431990683078,bmm
,203,203x13x46x126,8.0,381.0,53.0,24.844000000000005,0.2081984013319015,bmm
,243,243x31x41x75,8.0,375.0,53.0,25.34848000000001,0.1971840023994445,bmm
,191,191x30x42x115,8.0,375.0,51.0,24.88335999999999,0.187577599287033,bmm
,142,142x19x34x242,10.24,375.0,51.0,24.892000000000003,0.213587200641632,bmm
,134,134x17x37x131,12.0,375.0,51.0,24.739680000000003,0.1320192009210586,bmm
,185,185x23x53x136,12.0,375.0,49.32,22.77728,0.2610303938388824,bmm
,185,185x31x36x280,12.0,375.0,49.0,23.23152,0.3647616028785705,bmm
,245,245x14x48x503,12.0,375.0,49.0,23.494,0.8146751999855042,bmm
,182,182x25x54x395,12.48,375.0,49.0,23.737040000000007,0.5911103963851929,bmm
,206,206x22x36x597,24.0,375.0,48.44,23.551240000000004,0.7061824083328248,bmm
,141,141x21x49x853,24.0,390.0,47.92,24.17048000000001,0.8417472004890442,bmm
,235,235x8x64x858,26.24,550.8,47.0,25.69672,2.479980802536011,bmm
,219,219x32x70x11,38.0,810.0,47.0,22.81344,0.0710592001676559,bmm
,133,133x4x109x3,38.0,810.0,47.0,22.277640000000005,0.0121919998899102,bmm
,145,145x27x129x8,38.0,810.0,46.0,22.102839999999983,0.0869248002767562,bmm
,168,168x15x124x58,38.0,810.0,46.0,22.531359999999992,0.1989823997020721,bmm
,218,218x8x65x33,38.0,810.0,46.0,22.694919999999986,0.0357440002262592,bmm
,253,253x9x76x43,15.32,810.0,46.0,22.366920000000004,0.1366335988044738,bmm
,179,179x28x124x100,11.0,810.0,46.0,22.65291999999999,0.3337920010089874,bmm
,144,144x14x118x77,11.0,810.0,45.04,22.34748,0.2155263990163803,bmm
,215,215x23x78x105,11.0,810.0,45.0,23.022919999999985,0.269158399105072,bmm
,191,191x25x127x177,11.0,690.0,45.0,24.16372,0.609279990196228,bmm
,153,153x13x101x159,16.6,510.0,45.0,23.365680000000008,0.8299839973449707,bmm
,209,209x27x65x256,18.0,521.4,45.0,23.7192,1.45905921459198,bmm
,132,132x9x127x269,18.0,555.0,45.0,23.9692,1.3215935945510864,bmm
,252,252x14x65x401,26.0,619.8,45.0,24.50620000000001,0.8720960021018982,bmm
,132,132x24x82x441,38.0,735.0,44.0,24.15684,0.637990391254425,bmm
,132,132x24x80x726,38.0,735.0,44.0,24.3078,0.9840767979621888,bmm
,146,146x22x119x730,38.0,735.0,44.0,25.54460000000001,1.522822380065918,bmm
,181,181x4x113x565,38.0,735.0,44.0,24.7086,1.184665584564209,bmm
,209,209x5x185x28,27.0,735.0,44.0,22.82104,0.1640191972255706,bmm
,223,223x3x210x7,27.0,735.0,44.0,22.213519999999995,0.0225344002246856,bmm
,190,190x15x190x7,27.0,735.0,44.0,22.41404,0.13819520175457,bmm
,206,206x30x139x64,27.0,735.0,44.0,22.506760000000003,0.3392895996570587,bmm
,253,253x13x143x42,27.0,552.6,44.0,22.82819999999999,0.2608511984348297,bmm
,155,155x1x234x45,16.0,480.0,44.0,22.88148,0.3696127951145172,bmm
,208,208x11x223x86,16.0,480.0,44.0,24.7728,1.1924415826797483,bmm
,160,160x3x144x92,16.0,477.6,44.0,22.59208000000001,0.6285311937332153,bmm
,228,228x4x175x77,27.4,465.0,44.0,23.19064000000001,0.8660480141639709,bmm
,242,242x12x214x190,35.0,542.4,44.0,25.083519999999996,1.1121984004974366,bmm
,201,201x11x159x251,35.0,660.0,43.88,24.4932,0.9005311965942383,bmm
,251,251x27x240x163,35.0,660.0,43.0,25.11712,1.262169599533081,bmm
,158,158x32x210x475,35.96,660.0,43.4,25.529480000000007,1.851999974250793,bmm
,163,163x27x249x395,36.0,660.0,44.0,25.559,1.8504960060119628,bmm
,228,228x9x168x440,36.0,660.0,44.0,25.89816,1.7717952013015748,bmm
,208,208x13x254x594,36.12,675.6,44.0,27.20608,2.8333759903907776,bmm
,228,228x3x240x590,37.0,855.0,44.0,31.99800000000001,0.4488447964191436,bmm
,153,153x31x197x922,37.0,855.0,44.0,41.11319999999998,0.8665791988372803,bmm
,156,156x27x460x24,37.0,855.0,44.0,40.14816,0.2296831995248794,bmm
,134,134x27x395x12,37.0,855.0,45.0,36.433,0.1412543982267379,bmm
,256,256x32x391x6,37.0,855.0,45.0,36.23379999999998,0.264793598651886,bmm
,217,217x21x340x43,37.0,855.0,45.0,37.14999999999999,0.2295808017253875,bmm
,166,166x20x433x62,37.0,855.0,45.0,36.8464,0.2199744015932083,bmm
,155,155x1x466x61,33.32,855.0,46.0,36.7066,0.0706560000777244,bmm
,257,257x9x473x110,14.0,855.0,46.0,36.942640000000026,0.2891583979129791,bmm
,225,225x23x316x83,14.0,855.0,46.0,38.06512,0.2618367969989776,bmm
,211,211x29x394x106,14.0,855.0,46.0,38.040999999999976,0.316019195318222,bmm
,194,194x17x510x184,14.0,855.0,46.0,39.19711999999998,0.6687359929084777,bmm
,242,242x26x348x194,14.0,855.0,46.0,40.48579999999999,0.5918335914611816,bmm
,256,256x32x425x170,14.0,855.0,46.0,39.88199999999998,0.7668032050132751,bmm
,166,166x2x308x471,14.44,585.0,46.96,33.6994,1.9577151775360109,bmm
,243,243x15x293x366,25.0,796.8,47.0,29.28884,0.8549056053161621,bmm
,172,172x32x474x414,25.0,945.0,47.0,38.93136,1.0249280214309693,bmm
,184,184x32x453x726,25.0,945.0,47.0,44.148680000000006,1.5408575773239137,bmm
,170,170x17x362x1016,25.0,945.0,47.0,47.16396,1.4685376167297364,bmm
,174,174x17x360x797,25.0,945.0,48.0,47.41892000000001,1.2733247995376586,bmm
,218,218x6x634x2,27.24,945.0,48.0,43.27524000000001,0.0664703994989395,bmm
,232,232x30x898x1,33.0,945.0,48.0,36.28092000000002,0.0926271989941596,bmm
,247,247x24x942x26,33.0,945.0,48.0,36.505,0.5478335976600647,bmm
,191,191x4x817x60,33.0,945.0,48.0,41.088,0.1416768014430999,bmm
,171,171x1x1015x37,33.0,945.0,48.0,37.50840000000001,0.1050047993659973,bmm
,185,185x28x983x36,33.0,945.0,48.0,37.63283999999999,0.561247992515564,bmm
,141,141x30x790x118,33.0,945.0,48.0,39.33392000000001,0.3909951984882355,bmm
,229,229x28x694x122,33.0,945.0,48.0,39.819040000000015,0.4933823943138122,bmm
,184,184x25x976x84,33.0,945.0,48.0,41.496,0.575820803642273,bmm
,149,149x27x846x143,15.0,630.0,48.0,41.01203999999999,1.1353856086730958,bmm
,226,226x2x539x199,15.0,619.2,48.0,40.93672000000001,0.392518401145935,bmm
,152,152x5x677x240,15.0,615.0,48.0,40.08520000000001,0.3598271965980529,bmm
,248,248x10x797x340,15.0,585.0,48.24,42.75415999999999,1.887033581733704,bmm
,201,201x1x547x375,15.0,585.0,49.0,44.696799999999975,0.5524288058280945,bmm
,196,196x7x789x434,15.0,585.0,49.0,43.03687999999999,1.6502592086791992,bmm
,250,250x4x848x826,32.0,657.0,49.0,46.72188,2.360857629776001,bmm
,209,209x22x1001x928,32.0,1056.0,49.72,55.97891999999998,3.20699520111084,bmm
,191,191x8x986x840,32.0,1470.0,51.0,61.278320000000015,1.998016023635864,bmm
,171,171x33x32x13,32.0,1470.0,51.96,50.635,0.0208255998790264,bmm
,176,176x56x23x29,36.0,1470.0,52.0,44.962,0.0194751996546983,bmm
,163,163x59x10x13,36.0,1470.0,52.0,45.101000000000006,0.0144576001912355,bmm
,242,242x63x22x57,36.0,1470.0,52.0,44.99400000000001,0.0248831998556852,bmm
,186,186x57x22x61,36.0,1470.0,51.52,45.30700000000001,0.0205695994198322,bmm
,200,200x59x17x50,36.0,1470.0,51.0,45.337,0.0204799994826316,bmm
,180,180x42x10x74,36.0,1470.0,51.0,45.10400000000001,0.0247615996748209,bmm
,221,221x57x22x118,36.0,1470.0,51.0,45.22768000000002,0.0368640013039112,bmm
,246,246x39x19x87,36.0,1470.0,51.0,45.43756000000001,0.0369920000433921,bmm
,157,157x45x12x239,36.0,1470.0,51.0,45.43064,0.0392127998173236,bmm
,213,213x57x33x195,27.04,1470.0,51.0,45.64816,0.0786432027816772,bmm
,241,241x52x25x130,4.0,1470.0,51.0,46.05800000000002,0.0636992007493972,bmm
,209,209x38x6x419,4.0,1222.2,51.0,46.03355999999999,0.0720959991216659,bmm
,217,217x47x7x278,4.0,585.0,51.0,40.606,0.136652797460556,bmm
,174,174x34x6x416,4.0,543.6,51.0,36.42956,0.1468032002449035,bmm
,222,222x36x1x957,4.0,540.0,51.0,36.55487999999999,0.2459584057331085,bmm
,198,198x57x8x1009,4.0,510.0,49.24,37.264,0.3548800110816955,bmm
,129,129x63x20x608,4.0,498.0,49.0,37.73788,0.2211327970027923,bmm
,154,154x53x65x2,4.0,480.0,49.0,36.97688000000002,0.0848959982395172,bmm
,229,229x56x33x2,11.0,450.0,49.0,35.568439999999995,0.0800767987966537,bmm
,129,129x39x57x23,11.0,450.0,49.0,35.458039999999976,0.0630975984036922,bmm
,134,134x50x58x39,11.0,420.0,49.0,35.428080000000016,0.0680831998586654,bmm
,149,149x34x47x57,11.0,416.4,49.0,35.387159999999994,0.073887999355793,bmm
,145,145x51x56x56,11.0,405.0,49.0,35.437000000000005,0.0820159986615181,bmm
,164,164x49x46x117,11.0,382.2,48.0,35.65700000000001,0.1236031994223594,bmm
,130,130x61x51x79,11.0,375.0,48.0,36.034999999999975,0.1188608020544052,bmm
,236,236x44x44x68,11.0,375.0,48.0,35.385,0.1740992039442062,bmm
,243,243x45x46x183,11.0,390.0,48.0,36.34687999999998,0.2809472024440765,bmm
,225,225x49x62x220,11.0,390.0,48.0,36.96432,0.3858239948749542,bmm
,159,159x33x42x217,11.0,390.0,48.0,36.91880000000001,0.2298047989606857,bmm
,218,218x44x46x278,11.0,390.0,48.0,36.73184000000002,0.4440000057220459,bmm
,231,231x42x37x319,11.0,390.0,48.0,37.23735999999998,0.4180992007255554,bmm
,208,208x48x65x489,11.0,390.0,48.0,32.592960000000005,1.156441593170166,bmm
,233,233x47x43x1000,16.76,390.0,47.12,25.880039999999997,2.05089921951294,bmm
,188,188x52x45x534,23.0,390.0,47.0,27.265879999999992,0.9716416120529174,bmm
,176,176x48x60x759,23.0,390.0,47.0,26.814760000000007,1.4086656332015992,bmm
,159,159x60x83x27,23.0,390.0,47.0,25.65800000000001,0.1723520010709762,bmm
,159,159x50x106x23,23.0,390.0,47.0,23.94828,0.1892287999391556,bmm
,197,197x47x89x3,23.0,390.0,46.28,22.33916,0.1649343997240066,bmm
,231,231x44x86x60,25.4,390.0,46.0,23.06804,0.2988992035388946,bmm
,244,244x41x84x45,26.0,390.0,45.56,22.58628,0.2757824063301086,bmm
,251,251x45x117x39,26.0,390.0,45.0,23.005080000000003,0.347513598203659,bmm
,173,173x38x90x115,26.0,390.0,45.0,22.70072,0.3481983959674835,bmm
,132,132x63x85x117,26.0,390.0,45.0,22.43768000000001,0.2960192024707794,bmm
,186,186x36x84x88,21.44,390.0,44.88,22.79176,0.3060672044754028,bmm
,235,235x39x75x216,20.0,390.0,44.0,23.299439999999997,1.9068287849426269,bmm
,129,129x49x102x241,20.0,390.0,44.0,23.5674,1.5306943893432616,bmm
,146,146x63x93x162,21.12,390.0,44.0,23.82352000000001,1.4190016031265258,bmm
,234,234x49x93x469,34.0,609.0,44.0,26.53108,1.5912384033203124,bmm
,164,164x50x108x376,34.0,645.0,44.0,25.297760000000004,1.0232192277908323,bmm
,175,175x55x114x511,34.0,645.0,44.0,25.200119999999988,1.5439552068710327,bmm
,129,129x47x68x824,36.8,645.0,44.0,25.25876000000001,1.1897792100906373,bmm
,255,255x65x91x724,39.0,645.0,44.0,28.2848,2.881715202331543,bmm
,222,222x56x105x999,39.0,705.0,44.0,27.51816,3.535219192504883,bmm
,158,158x36x232x1,39.0,795.0,44.0,24.18376,0.1615424007177353,bmm
,224,224x57x247x6,34.52,795.0,44.0,22.95564,0.4006208002567291,bmm
,175,175x59x134x24,32.0,795.0,44.0,22.99856,0.2725312054157257,bmm
,134,134x45x236x47,32.0,795.0,44.0,23.152200000000004,0.3377535998821258,bmm
,204,204x46x146x43,32.0,795.0,44.0,23.1418,0.3246847987174988,bmm
,143,143x57x182x59,32.0,795.0,44.0,23.129000000000005,0.3684288024902343,bmm
,253,253x56x180x81,25.88,795.0,44.0,23.83732,0.7352703928947448,bmm
,214,214x49x135x85,15.0,795.0,44.0,23.050079999999998,0.50698881149292,bmm
,229,229x33x251x119,15.0,679.8,44.0,24.54388000000001,0.9638336062431336,bmm
,142,142x61x164x221,15.0,601.8,44.0,24.835000000000004,0.8616447806358337,bmm
,210,210x38x191x160,23.32,750.0,44.0,24.48536000000001,0.9412479996681212,bmm
,129,129x63x220x136,31.0,750.0,43.0,24.01928,0.7000192046165467,bmm
,175,175x59x233x482,31.0,750.0,43.0,26.484999999999992,2.649830436706543,bmm
,206,206x34x193x463,31.0,750.0,44.0,27.71576,2.26365442276001,bmm
,162,162x39x248x451,31.88,750.0,44.0,26.78736,2.2038464069366457,bmm
,135,135x51x219x921,33.0,759.6,44.0,28.111040000000003,3.433657598495484,bmm
,245,245x53x197x661,33.0,990.0,44.84,36.07028,1.2492095947265625,bmm
,152,152x50x194x841,33.0,990.0,45.0,45.50971999999999,0.917907202243805,bmm
,253,253x48x349x27,33.0,990.0,45.0,41.85219999999998,0.2204608023166656,bmm
,173,173x60x390x20,33.0,990.0,45.0,37.93856,0.227929601073265,bmm
,129,129x64x300x16,30.12,990.0,46.0,37.176000000000016,0.1043711990118026,bmm
,217,217x53x394x59,29.0,990.0,46.0,36.49099999999999,0.2489023983478546,bmm
,129,129x47x317x53,29.0,990.0,46.0,38.66100000000002,0.1123263984918594,bmm
,141,141x63x511x48,29.0,990.0,46.0,36.74099999999999,0.2400192022323608,bmm
,217,217x57x332x129,29.0,990.0,46.0,38.73396,0.4907519996166229,bmm
,219,219x61x482x88,29.0,990.0,46.0,39.79107999999998,0.4849535942077637,bmm
,216,216x59x337x105,29.0,990.0,46.0,39.70399999999998,0.3501312077045441,bmm
,253,253x54x321x140,29.0,990.0,46.32,39.62384,0.5839359879493713,bmm
,205,205x49x394x132,27.88,990.0,47.0,42.0268,0.5701247930526734,bmm
,193,193x41x478x150,15.0,990.0,47.0,40.78204000000002,0.622822391986847,bmm
,135,135x48x311x355,15.0,765.0,47.0,41.351000000000006,0.5304511904716491,bmm
,225,225x50x364x276,15.0,610.8,47.0,42.00980000000001,1.6184576272964477,bmm
,158,158x35x451x281,15.0,600.0,47.0,42.62939999999999,1.433516788482666,bmm
,135,135x65x388x995,15.0,768.0,48.36,48.30231999999997,3.959820747375488,bmm
,186,186x47x461x985,36.16,1101.6,49.0,51.579600000000006,2.4654528141021728,bmm
,183,183x45x392x730,38.0,1140.0,49.84,54.46348,1.5307712078094482,bmm
,180,180x60x810x6,38.0,1140.0,50.0,49.83716,0.3930816054344177,bmm
,228,228x47x767x2,38.0,1140.0,50.0,42.90099999999998,0.3782976031303405,bmm
,210,210x62x1008x9,38.0,1140.0,50.0,43.91243999999999,0.4908096015453339,bmm
,214,214x42x941x63,38.0,1140.0,50.0,44.995520000000006,0.46667520403862,bmm
,189,189x55x831x60,38.0,1140.0,50.0,44.81008,0.418367999792099,bmm
,228,228x57x547x47,27.12,1140.0,50.0,44.244000000000014,0.3010559976100921,bmm
,186,186x36x827x127,22.0,1140.0,50.0,44.03292000000002,0.5967103958129882,bmm
,176,176x65x602x106,22.0,1140.0,50.0,46.48600000000002,0.8092479944229126,bmm
,240,240x36x1023x121,22.0,1140.0,50.0,47.28700000000001,0.9596735954284668,bmm
,233,233x51x1024x206,22.0,1140.0,50.88,53.55283999999999,1.6821759939193726,bmm
,196,196x42x899x164,22.0,1140.0,51.0,52.18492000000002,1.0016448020935058,bmm
,155,155x61x771x195,22.0,990.0,51.0,49.9002,1.0557568073272705,bmm
,247,247x39x766x447,26.0,990.0,51.0,49.29084,3.08176646232605,bmm
,236,236x52x983x409,26.0,1080.0,51.04,56.52336000000002,3.363603210449219,bmm
,221,221x41x806x317,26.0,1485.0,52.0,48.15780000000001,1.4738303899765015,bmm
,156,156x35x615x812,26.0,1485.0,52.16,56.67364,1.8525952100753784,bmm
,254,254x39x842x907,33.0,1555.8,54.0,78.61312000000004,4.002860832214355,bmm
,140,140x58x780x612,33.0,1935.0,54.0,101.41664000000004,1.1671935796737671,bmm
,172,172x95x25x21,33.0,1920.0,60.0,70.58300000000003,0.0253759995102882,bmm
,245,245x84x26x31,33.0,1920.0,60.0,63.375,0.0342592000961303,bmm
,171,171x79x24x18,33.0,1920.0,60.0,63.90799999999997,0.0209728002548217,bmm
,207,207x86x25x45,33.0,1920.0,60.0,63.49,0.030291200056672,bmm
,185,185x98x26x46,33.0,1920.0,59.44,63.84300000000002,0.0274304002523422,bmm
,145,145x119x30x53,21.0,1920.0,58.0,63.85899999999999,0.025356800481677,bmm
,252,252x99x17x70,21.0,1920.0,58.0,63.81424000000001,0.0496640004217624,bmm
,256,256x101x14x106,21.0,1920.0,58.0,64.15556000000001,0.0456192009150981,bmm
,157,157x81x14x113,21.0,1920.0,58.32,64.29435999999995,0.0298048000782728,bmm
,197,197x119x4x221,21.0,1920.0,59.0,64.23476000000001,0.0634111985564231,bmm
,153,153x72x3x235,21.0,1920.0,59.0,64.58771999999995,0.0410239994525909,bmm
,217,217x123x16x183,21.0,1920.0,59.0,64.92260000000003,0.0759552001953125,bmm
,135,135x119x25x393,21.0,1920.0,59.0,66.31139999999998,0.1187520027160644,bmm
,196,196x108x16x379,21.0,1920.0,59.0,67.40552,0.1178432002663612,bmm
,213,213x114x14x357,12.04,1359.0,59.0,67.37147999999998,0.1237312003970146,bmm
,174,174x78x13x765,5.0,645.0,59.0,49.15900000000001,0.49825279712677,bmm
,196,196x65x22x671,5.0,615.0,54.0,36.64484,0.7005184054374695,bmm
,229,229x76x31x983,5.0,585.0,54.0,39.71387999999999,1.3744703769683837,bmm
,145,145x82x59x2,5.0,571.8,54.0,42.00376000000002,0.1025792002677917,bmm
,152,152x94x35x32,5.0,570.0,53.4,35.798720000000024,0.0816063985228538,bmm
,143,143x88x51x23,5.0,525.0,53.0,35.89364000000001,0.1036032006144523,bmm
,255,255x72x42x46,8.96,520.2,53.0,36.021800000000006,0.1457088023424148,bmm
,200,200x118x33x44,16.0,495.0,53.0,36.111,0.1187776029109954,bmm
,151,151x99x47x55,16.0,477.0,51.4,36.211000000000006,0.1053951993584632,bmm
,214,214x101x63x84,16.0,465.0,51.0,36.090000000000025,0.3051136016845703,bmm
,250,250x111x43x90,16.0,435.0,51.0,37.43320000000002,0.3055168032646179,bmm
,145,145x84x49x91,16.0,435.0,51.0,36.95439999999999,0.2201279997825622,bmm
,202,202x66x52x193,16.0,405.0,50.0,36.12896,0.6243071913719177,bmm
,256,256x82x43x180,16.0,390.0,50.0,37.86784000000002,0.743180799484253,bmm
,192,192x113x48x216,16.0,390.0,50.0,37.566479999999984,0.5049344062805176,bmm
,162,162x101x54x409,16.0,390.0,50.0,38.52460000000002,0.9314175963401794,bmm
,162,162x122x43x339,16.0,390.0,50.0,29.896200000000007,0.973420786857605,bmm
,200,200x100x59x506,16.0,392.4,49.76,27.589239999999982,1.668339204788208,bmm
,229,229x96x48x898,16.0,470.4,49.0,29.534800000000004,2.941279983520508,bmm
,203,203x106x63x974,37.12,645.0,48.24,29.66563999999999,3.3684479713439943,bmm
,179,179x75x45x1025,40.0,795.0,48.0,27.79676000000001,2.2297216415405274,bmm
,172,172x104x108x11,40.0,795.0,48.0,25.37484000000001,0.2943679988384247,bmm
,246,246x100x79x23,40.0,795.0,48.0,23.34588,0.3503615975379944,bmm
,144,144x88x109x31,40.0,795.0,47.56,22.88532,0.2820991992950439,bmm
,201,201x124x109x43,27.0,795.0,47.0,23.24504,0.5260735988616944,bmm
,196,196x78x79x36,27.0,795.0,46.2,22.6208,0.2801919996738434,bmm
,231,231x103x126x35,27.0,795.0,46.0,23.49659999999999,0.5689600110054016,bmm
,146,146x102x93x103,27.0,795.0,46.0,23.592879999999997,0.4461247980594635,bmm
,190,190x74x88x85,22.16,689.4,46.0,23.38596,0.401529598236084,bmm
,234,234x94x69x124,16.0,460.8,45.36,23.86896,0.6179391980171204,bmm
,157,157x126x104x134,16.0,460.8,45.0,25.73960000000001,2.104211187362671,bmm
,235,235x102x72x196,23.2,660.0,45.0,24.59424,0.9240000009536744,bmm
,245,245x105x69x228,36.0,660.0,45.0,25.11132,1.0890944242477416,bmm
,159,159x99x81x491,36.0,660.0,45.0,26.390120000000007,1.4517696142196654,bmm
,153,153x97x91x446,36.0,660.0,45.0,25.26884,1.361024022102356,bmm
,138,138x128x90x512,36.0,660.0,45.0,25.352879999999985,1.6223423719406127,bmm
,161,161x105x94x753,29.0,663.0,45.0,26.69284,2.438412857055664,bmm
,176,176x122x104x591,29.0,702.0,45.0,28.035159999999987,2.4800448417663574,bmm
,239,239x115x120x798,29.0,855.6,45.0,31.109159999999985,1.6885504007339478,bmm
,188,188x114x245x30,29.0,1050.0,46.12,41.14700000000002,0.2208831995725631,bmm
,174,174x72x175x16,39.0,1050.0,47.0,42.05423999999999,0.1565184026956558,bmm
,237,237x79x151x2,39.0,1050.0,47.0,40.69488,0.1784512013196945,bmm
,140,140x115x229x58,39.0,1050.0,47.0,40.55327999999998,0.1802879989147186,bmm
,141,141x129x138x55,39.0,1050.0,47.0,40.66159999999998,0.1585152000188827,bmm
,175,175x70x241x58,39.0,1050.0,47.0,40.66200000000001,0.21423359811306,bmm
,159,159x126x240x121,39.0,1050.0,47.0,41.70996,0.3358079969882965,bmm
,142,142x96x229x69,39.0,1050.0,47.0,43.02715999999999,0.3012480020523071,bmm
,192,192x98x255x101,39.0,1050.0,48.0,42.14188,0.4203968048095703,bmm
,192,192x83x130x257,22.2,1050.0,48.0,43.9058,0.7189375996589661,bmm
,256,256x115x195x208,11.0,1050.0,48.0,45.8478,0.8422143936157227,bmm
,133,133x108x197x138,11.0,1050.0,48.36,46.64091999999999,0.3578239977359772,bmm
,244,244x100x219x354,11.0,1050.0,49.0,44.80516,1.3118911981582642,bmm
,138,138x72x213x481,11.0,1050.0,49.0,51.66452,1.0165120124816895,bmm
,253,253x108x169x360,11.0,840.0,49.28,45.90580000000002,1.328390407562256,bmm
,238,238x105x243x676,11.0,825.0,50.0,48.66376,3.456044816970825,bmm
,178,178x90x193x899,32.0,990.0,50.0,45.11400000000001,2.627340841293335,bmm
,134,134x126x133x990,32.0,990.0,50.0,49.32388,1.27772159576416,bmm
,193,193x109x396x6,32.0,990.0,50.0,42.23916000000001,0.351065593957901,bmm
,220,220x72x285x29,32.0,990.0,50.0,39.07500000000002,0.3009663939476013,bmm
,182,182x92x456x5,32.0,990.0,50.0,38.66700000000002,0.3850880086421966,bmm
,169,169x98x380x59,32.0,990.0,50.0,39.66591999999999,0.3407872021198272,bmm
,149,149x128x387x38,31.6,990.0,50.0,39.56112000000001,0.3139647960662842,bmm
,251,251x113x425x49,22.0,990.0,49.04,39.85119999999999,0.531827199459076,bmm
,220,220x120x432x88,22.0,990.0,49.0,40.442,0.7749184131622314,bmm
,221,221x110x425x95,22.0,990.0,49.0,43.66819999999998,0.7764223933219909,bmm
,146,146x124x454x86,22.0,990.0,49.6,41.6466,0.5744896054267883,bmm
,190,190x105x416x198,22.0,990.0,50.0,42.65032000000002,1.3106751918792725,bmm
,171,171x104x481x248,22.0,930.6,50.0,45.35344000000002,1.4027967691421508,bmm
,225,225x125x300x189,22.6,854.4,50.0,46.23163999999999,1.0628480195999146,bmm
,239,239x126x458x345,25.0,852.0,50.0,44.18839999999998,2.9755071640014648,bmm
,229,229x121x304x394,25.0,915.0,50.0,46.4792,2.43507833480835,bmm
,242,242x95x385x431,25.0,967.8,50.0,49.576800000000006,3.3986239433288574,bmm
,129,129x122x270x958,25.0,1260.0,51.92,55.09407999999999,1.850528025627136,bmm
,218,218x106x261x741,40.0,1260.0,52.0,60.73159999999999,2.228435230255127,bmm
,243,243x125x278x751,40.0,1260.0,53.32,63.7702,2.6354048252105717,bmm
,228,228x89x918x31,40.0,1260.0,55.0,59.81899999999998,0.7970239877700805,bmm
,243,243x89x655x2,40.0,1260.0,55.0,53.01631999999998,0.5739008069038392,bmm
,239,239x126x686x4,40.0,1260.0,54.6,47.81184,0.6163455843925476,bmm
,218,218x103x1014x60,40.0,1260.0,53.0,48.13899999999999,0.9075135946273803,bmm
,159,159x100x729x48,40.0,1260.0,53.0,55.829999999999984,0.500928008556366,bmm
,156,156x113x561x37,28.0,1260.0,53.0,47.79399999999999,0.3591679990291595,bmm
,236,236x66x622x75,28.0,1260.0,53.0,47.77159999999999,0.9766783952713012,bmm
,234,234x69x632x112,28.0,1260.0,53.0,53.07088000000002,0.9684095978736876,bmm
,234,234x100x851x106,28.0,1260.0,53.0,53.83164000000002,1.275488018989563,bmm
,129,129x95x588x230,28.0,1020.6,53.0,55.23235999999998,1.0838784217834472,bmm
,165,165x106x845x252,28.0,964.8,53.0,47.36967999999999,2.3108479976654053,bmm
,181,181x72x980x193,28.8,992.4,53.0,50.27844000000002,2.8749823570251465,bmm
,255,255x69x515x276,29.0,1057.8,53.0,51.72820000000002,3.1345279693603514,bmm
,166,166x106x882x477,29.0,1215.0,53.68,62.53159999999998,3.8302144050598144,bmm
,256,256x120x625x313,29.0,1725.0,54.0,77.32856000000002,2.297203207015991,bmm
,151,151x72x514x591,30.68,1725.0,57.0,72.98499999999999,1.9730048179626465,bmm
,178,178x114x827x614,43.0,1770.0,59.0,97.51548,3.188601589202881,bmm
,130,130x99x678x583,43.0,1918.8,61.24,119.79168000000004,1.8590464115142824,bmm
,224,224x149x23x30,43.0,1905.0,67.0,80.29899999999999,0.0409599989652633,bmm
,252,252x179x9x20,43.0,1905.0,67.0,67.98839999999997,0.0360000006854534,bmm
,166,166x137x20x22,43.0,1905.0,67.0,65.33760000000001,0.0292224001139402,bmm
,185,185x133x1x40,43.0,1920.0,61.0,63.71800000000002,0.0142015999183058,bmm
,214,214x164x9x63,19.0,1920.0,61.0,63.39300000000002,0.0344704002141952,bmm
,145,145x183x23x33,19.0,1920.0,61.0,64.933,0.0282048001885414,bmm
,156,156x201x32x105,19.0,1920.0,61.0,64.84176000000001,0.0698879987001419,bmm
,164,164x182x6x103,19.0,1920.0,60.56,66.4356,0.0401600003242492,bmm
,213,213x146x8x80,19.0,1920.0,60.0,65.03291999999996,0.0451711997389793,bmm
,162,162x182x26x174,19.0,1920.0,60.0,65.50131999999999,0.0916479989886283,bmm
,145,145x146x32x195,19.0,1920.0,60.0,67.69000000000004,0.1128064021468162,bmm
,238,238x142x19x208,19.0,1920.0,60.0,68.40100000000001,0.1572351992130279,bmm
,241,241x203x24x321,19.0,1920.0,61.0,70.22700000000003,0.24408960044384,bmm
,241,241x245x2x492,19.0,1920.0,61.0,76.33835999999998,0.3235840022563934,bmm
,167,167x249x12x436,7.0,915.0,61.0,65.42548,0.4217920064926147,bmm
,249,249x202x23x954,7.0,892.2,59.08,41.76800000000001,1.4435135841369628,bmm
,142,142x199x5x516,7.0,873.0,57.0,40.55852000000001,0.3665215969085693,bmm
,244,244x188x29x687,7.0,817.2,57.0,39.4108,1.0385727882385254,bmm
,230,230x228x40x22,7.0,804.6,54.0,40.77448000000001,0.1412160009145736,bmm
,232,232x137x52x4,7.0,765.0,54.0,36.44500000000002,0.1475840002298355,bmm
,239,239x219x47x6,16.68,736.2,54.0,36.72799999999998,0.1850943982601166,bmm
,165,165x248x49x54,18.0,720.0,54.0,36.822,0.1598975986242294,bmm
,155,155x145x46x35,18.0,675.0,52.0,37.25199999999998,0.1113791987299919,bmm
,230,230x190x44x49,18.0,675.0,52.0,36.42,0.1579840004444122,bmm
,192,192x179x63x72,18.0,630.0,52.0,37.14643999999999,0.2948224008083343,bmm
,204,204x150x35x98,18.0,630.0,52.0,37.54119999999999,0.2768895983695983,bmm
,176,176x199x58x99,18.0,600.0,51.08,37.55680000000002,0.3693248093128204,bmm
,147,147x158x37x254,18.0,588.0,51.0,38.076200000000014,0.4207871973514557,bmm
,194,194x147x61x213,17.52,570.0,51.0,38.50183999999999,0.8063103914260864,bmm
,184,184x189x51x141,15.0,540.0,51.0,38.80376000000001,0.4814847946166992,bmm
,235,235x214x48x283,15.0,528.6,51.0,36.56872000000001,1.2693375825881958,bmm
,185,185x244x38x392,15.0,522.0,49.56,27.59784000000001,2.177996826171875,bmm
,169,169x256x59x321,15.0,534.0,49.0,29.338399999999996,1.9255104064941408,bmm
,136,136x144x49x532,27.0,570.0,49.0,28.4004,1.4376319885253903,bmm
,254,254x188x41x1008,35.0,790.2,49.0,30.56828000000001,1.5202623844146728,bmm
,221,221x153x38x917,35.0,1035.0,49.0,44.79824000000001,1.4295423984527589,bmm
,211,211x167x116x26,35.0,1035.0,49.0,47.78095999999999,0.1881279975175857,bmm
,222,222x142x117x14,35.0,1035.0,49.0,41.413,0.1917184025049209,bmm
,179,179x225x100x20,35.0,1035.0,50.0,41.24699999999999,0.194265604019165,bmm
,159,159x256x124x63,32.0,1035.0,50.0,41.56199999999999,0.2117632001638412,bmm
,242,242x181x78x62,32.0,1035.0,50.0,41.67400000000002,0.1689535975456237,bmm
,182,182x211x76x46,32.0,1035.0,50.0,41.21615999999999,0.1604351997375488,bmm
,220,220x195x92x96,32.0,1035.0,50.0,41.55984,0.3708992004394531,bmm
,217,217x246x80x118,32.0,1035.0,50.0,42.739,0.3252543926239014,bmm
,240,240x157x93x118,32.0,1035.0,50.0,43.42999999999998,0.3912191987037658,bmm
,226,226x249x75x161,32.0,1035.0,50.0,44.47880000000001,0.5364992022514343,bmm
,238,238x243x83x142,32.0,1035.0,50.0,44.56856000000002,0.6079551815986634,bmm
,158,158x165x111x217,14.0,1035.0,50.0,44.7646,0.4610879957675934,bmm
,248,248x161x113x501,14.0,922.8,50.0,46.404040000000016,1.4907968044281006,bmm
,143,143x184x107x421,14.0,776.4,51.0,44.73520000000001,1.078105640411377,bmm
,233,233x192x111x457,14.0,765.0,51.0,43.64239999999999,1.7914048433303833,bmm
,240,240x223x92x863,14.0,855.0,51.0,49.90352000000004,2.8682751655578613,bmm
,214,214x212x100x637,26.32,990.0,51.0,48.26132,1.9660735607147215,bmm
,228,228x166x104x659,36.0,990.0,51.12,49.551,1.847398376464844,bmm
,226,226x188x141x29,36.0,990.0,52.0,44.87699999999998,0.2545791983604431,bmm
,155,155x221x139x18,36.0,990.0,52.0,38.51199999999998,0.2271167993545532,bmm
,140,140x145x152x20,36.0,990.0,52.0,37.98344,0.1647296011447906,bmm
,217,217x251x203x53,36.0,990.0,50.64,38.44015999999999,0.4648831903934479,bmm
,180,180x142x164x51,36.0,990.0,50.0,39.51459999999998,0.2368575990200042,bmm
,252,252x178x181x51,36.0,990.0,50.0,38.67759999999998,0.3580415964126587,bmm
,247,247x158x150x68,20.88,990.0,50.0,39.75599999999998,0.5963711857795715,bmm
,145,145x146x177x109,18.0,990.0,50.0,41.360039999999984,0.4279360055923462,bmm
,147,147x250x217x74,18.0,990.0,50.0,40.15264000000003,0.5761791944503785,bmm
,252,252x186x185x183,18.0,990.0,50.0,41.17512000000002,1.0054400205612182,bmm
,175,175x135x147x129,18.0,990.0,50.0,45.72032000000001,0.5539904117584229,bmm
,177,177x163x172x155,18.0,645.0,50.0,41.10664000000001,0.9636160016059876,bmm
,187,187x253x162x291,18.0,632.4,50.0,43.200280000000014,2.4643072128295898,bmm
,238,238x183x182x268,26.0,630.0,50.0,44.96007999999999,2.5725823879241942,bmm
,182,182x183x206x443,26.0,705.0,50.0,46.048240000000014,2.662822389602661,bmm
,222,222x182x241x950,26.0,1069.8,51.0,55.33631999999999,3.8345344066619873,bmm
,130,130x211x159x929,26.0,1440.0,51.0,65.81279999999998,1.9671295642852784,bmm
,129,129x208x171x947,36.56,1440.0,55.0,62.60155999999996,2.1059712409973144,bmm
,155,155x235x329x30,48.0,1440.0,55.0,60.74600000000002,0.3828159987926483,bmm
,163,163x255x450x16,48.0,1440.0,54.52,52.92708000000002,0.5070079922676086,bmm
,186,186x187x426x33,48.0,1440.0,54.0,52.99315999999997,0.4697984039783477,bmm
,151,151x256x411x62,48.0,1440.0,54.0,53.164400000000015,0.4880767941474914,bmm
,228,228x155x488x50,48.0,1440.0,54.0,54.426,0.5675519943237305,bmm
,204,204x151x352x59,48.0,1440.0,54.0,56.35883999999998,0.3781376004219055,bmm
,246,246x223x486x124,33.12,1440.0,54.0,57.7034,1.3536128044128417,bmm
,209,209x221x443x85,17.0,1440.0,54.0,63.356,1.0638207912445068,bmm
,237,237x160x266x66,17.0,1440.0,54.68,62.51659999999998,0.6576511979103088,bmm
,217,217x237x359x181,17.0,1144.2,55.0,57.18320000000004,1.4404927968978882,bmm
,169,169x182x360x153,17.0,999.0,55.0,53.47692,1.1582016229629517,bmm
,253,253x139x292x178,17.0,988.2,54.0,50.482360000000014,1.469222402572632,bmm
,219,219x250x314x274,23.76,1001.4,54.0,50.39587999999998,3.4295936107635496,bmm
,190,190x255x509x398,30.0,1261.8,54.0,63.62215999999999,4.73253755569458,bmm
,188,188x233x513x340,30.0,1650.0,54.0,81.01200000000003,2.896281671524048,bmm
,142,142x235x341x557,30.0,1890.0,59.0,100.10407999999998,2.105395221710205,bmm
,214,214x140x308x620,31.8,1890.0,59.0,91.0336,2.5514495849609373,bmm
,204,204x248x332x569,45.0,1888.2,65.72,116.16099999999996,2.932435178756714,bmm
,201,201x206x777x20,45.0,1890.0,66.0,89.00540000000002,1.000601589679718,bmm
,135,135x193x756x6,45.0,1890.0,66.0,91.378,0.6055487990379333,bmm
,162,162x241x637x24,45.0,1905.0,66.0,67.09400000000004,0.7571968078613281,bmm
,175,175x187x979x42,45.0,1905.0,66.0,71.66276000000002,1.092569613456726,bmm
,182,182x186x894x43,22.0,1905.0,65.0,99.44888,0.9944704055786132,bmm
,217,217x152x638x39,22.0,1905.0,65.0,91.49280000000005,0.6966271996498108,bmm
,179,179x177x803x123,22.0,1905.0,65.0,89.03640000000004,0.9672704100608824,bmm
,186,186x157x898x89,22.0,1905.0,66.32,114.23840000000004,1.2853055953979493,bmm
,171,171x222x1020x120,22.0,1899.6,68.0,109.78867999999991,1.5214272022247315,bmm
,148,148x220x659x182,22.0,1890.0,68.0,96.57099999999996,1.448032021522522,bmm
,134,134x165x990x241,23.8,1863.0,69.0,131.81151999999997,1.7041664123535156,bmm
,227,227x234x870x249,27.0,1799.4,69.0,117.51932,3.3785855293273928,bmm
,173,173x148x675x355,27.0,1890.0,71.16,133.9959199999999,2.6717056751251222,bmm
,241,241x135x884x275,27.0,1875.0,72.0,138.17884000000006,4.646809577941895,bmm
,148,148x239x607x409,27.0,1884.0,74.0,137.30780000000004,3.0819775581359865,bmm
,244,244x227x641x684,46.0,1773.6,75.56,151.96891999999997,8.493286323547363,bmm
,221,221x238x779x663,46.0,1777.2,77.8,163.80656000000002,9.072454261779786,bmm
,156,156x238x560x638,53.84,1855.8,79.0,151.14703999999992,3.745375967025757,bmm
,195,195x366x30x4,60.0,1874.4,77.68,146.8063599999999,0.0782848000526428,bmm
,252,252x390x9x23,60.0,1890.0,76.0,76.8554,0.0778175964951515,bmm
,239,239x503x12x21,60.0,1890.0,76.0,73.29903999999996,0.0842176005244255,bmm
,252,252x293x10x62,60.0,1890.0,76.0,69.35300000000001,0.0690431997179985,bmm
,143,143x444x14x44,60.0,1899.6,69.88,68.54752000000002,0.0488000005483627,bmm
,143,143x365x28x64,60.0,1905.0,67.0,66.61799999999995,0.0651392012834548,bmm
,246,246x308x17x117,60.0,1905.0,67.0,68.87200000000001,0.1267072021961212,bmm
,141,141x300x3x67,17.16,1905.0,67.0,68.83239999999998,0.046918399631977,bmm
,225,225x305x1x108,9.0,1905.0,65.0,65.77376000000004,0.0769343987107276,bmm
,139,139x420x7x138,9.0,1905.0,65.0,68.01012000000003,0.10137600004673,bmm
,207,207x297x6x237,9.0,1905.0,65.0,69.72600000000004,0.1828928023576736,bmm
,156,156x289x32x134,9.0,1905.0,65.0,72.57099999999997,0.1393471986055374,bmm
,213,213x495x23x425,9.0,1905.0,65.0,71.34300000000002,0.6062400221824646,bmm
,257,257x483x32x320,9.0,1905.0,65.0,100.39299999999996,0.6192384004592896,bmm
,200,200x414x11x348,9.0,1110.0,65.0,77.21763999999997,0.5696256041526795,bmm
,225,225x273x11x957,12.2,1089.6,61.4,46.97779999999998,1.1774208068847656,bmm
,247,247x317x16x974,13.0,1020.0,60.0,47.963160000000016,1.349408006668091,bmm
,211,211x388x19x644,13.0,1005.0,60.0,50.02392000000002,1.4582016229629515,bmm
,235,235x424x51x23,13.0,978.6,58.0,52.106,0.2665983915328979,bmm
,252,252x445x52x10,13.0,975.0,58.0,39.85659999999999,0.2872575998306274,bmm
,151,151x315x38x23,13.0,931.8,58.0,36.25199999999998,0.1155391991138458,bmm
,145,145x449x45x61,19.0,855.0,55.72,36.86307999999999,0.2001855969429016,bmm
,138,138x328x62x64,19.0,855.0,55.0,37.85267999999999,0.1849151998758316,bmm
,229,229x484x59x47,19.0,795.0,55.0,38.16516000000001,0.403219199180603,bmm
,203,203x325x47x68,19.0,785.4,55.0,39.0828,0.3925568044185638,bmm
,220,220x402x63x98,19.0,765.0,53.0,38.44500000000002,0.6349696040153503,bmm
,135,135x400x42x80,19.0,720.0,53.0,40.7058,0.3378880023956299,bmm
,226,226x453x41x239,19.0,712.2,53.0,39.81843999999997,1.2555200099945067,bmm
,245,245x506x46x156,19.32,702.0,53.0,43.90611999999998,1.1532543897628784,bmm
,189,189x362x56x179,20.0,690.0,53.0,41.15599999999998,0.7124287962913514,bmm
,146,146x375x53x367,20.0,660.0,53.0,42.544,1.1130624055862426,bmm
,239,239x299x42x257,20.0,648.6,52.0,40.78916000000001,1.353593611717224,bmm
,219,219x275x57x449,20.0,645.0,52.0,43.433600000000006,2.0449920177459715,bmm
,226,226x419x52x542,20.0,735.0,52.56,46.336680000000015,2.71244158744812,bmm
,166,166x302x60x875,33.44,817.8,53.0,45.59528,2.1317888259887696,bmm
,136,136x259x62x812,36.0,825.0,53.0,45.4596,1.7648383855819705,bmm
,173,173x444x93x16,36.0,825.0,53.0,44.37716,0.3643328011035919,bmm
,245,245x452x119x28,36.0,825.0,53.0,39.46779999999999,0.6601472139358521,bmm
,194,194x511x99x7,36.0,825.0,53.0,41.13300000000001,0.4876991987228393,bmm
,168,168x260x127x39,36.0,825.0,51.0,40.596519999999984,0.3276672005653381,bmm
,153,153x294x124x56,36.0,825.0,51.0,38.87759999999998,0.2956416070461273,bmm
,186,186x343x78x58,29.24,825.0,51.0,37.45500000000001,0.287795203924179,bmm
,254,254x475x88x109,23.0,825.0,51.0,38.47799999999998,0.9640511989593504,bmm
,245,245x343x125x77,23.0,825.0,51.0,44.3256,0.992793595790863,bmm
,132,132x499x104x118,23.0,825.0,51.0,41.44240000000001,0.5941247940063477,bmm
,213,213x423x127x249,23.0,825.0,51.0,44.440840000000016,2.0097343921661377,bmm
,238,238x369x127x197,23.0,812.4,51.0,46.08436,1.9189055919647215,bmm
,246,246x326x122x236,26.84,796.8,51.48,46.2698,1.9995007753372191,bmm
,208,208x305x69x385,27.0,795.0,52.0,45.0308,1.7369152069091798,bmm
,179,179x326x71x365,27.0,795.0,52.0,44.09099999999998,1.3481216192245484,bmm
,257,257x508x110x495,27.0,989.4,52.0,53.01007999999998,3.880908727645874,bmm
,181,181x325x128x920,27.0,1305.0,52.0,63.64827999999997,3.5909056186676027,bmm
,153,153x306x99x685,46.0,1635.0,55.0,70.1338,1.316364789009094,bmm
,147,147x272x99x681,46.0,1635.0,55.0,58.30496000000002,1.255123233795166,bmm
,179,179x428x205x21,46.0,1635.0,55.0,73.90200000000003,0.4141824007034301,bmm
,213,213x278x208x4,46.0,1635.0,56.0,60.75299999999999,0.3142400026321411,bmm
,205,205x333x208x5,46.0,1635.0,56.0,56.47807999999997,0.3584767937660217,bmm
,255,255x326x255x50,46.0,1635.0,56.0,58.24580000000004,0.5984896063804627,bmm
,228,228x298x236x53,46.0,1635.0,56.0,61.47083999999998,0.4770047962665558,bmm
,242,242x447x243x62,18.0,1635.0,56.0,60.711000000000006,0.7579967856407166,bmm
,241,241x474x170x100,18.0,1635.0,56.0,72.66839999999995,0.888921582698822,bmm
,207,207x301x235x103,18.0,1635.0,56.0,69.62216,0.6517376065254211,bmm
,224,224x508x223x101,18.0,1635.0,56.48,66.68307999999998,1.0553664207458495,bmm
,173,173x434x246x223,18.0,1635.0,58.0,77.32744000000001,1.5193984031677246,bmm
,154,154x403x167x237,18.0,1635.0,58.0,78.42180000000003,0.9503040075302124,bmm
,165,165x387x209x238,18.0,1451.4,58.08,71.94471999999999,1.267263984680176,bmm
,167,167x433x160x486,25.6,1365.0,59.0,61.474800000000016,2.336121606826782,bmm
,163,163x315x135x449,28.0,1359.0,59.0,66.42899999999997,1.409011220932007,bmm
,151,151x285x244x463,28.0,1345.2,57.16,63.78316000000001,2.280275249481201,bmm
,184,184x273x221x733,28.0,1486.2,57.0,71.33923999999999,3.1477952003479004,bmm
,177,177x456x218x624,29.56,1682.4,59.88,78.44291999999999,3.8796032428741456,bmm
,232,232x361x218x1000,41.0,1695.0,62.52,106.96416,6.054214382171631,bmm
,209,209x265x424x5,41.0,1896.6,63.0,68.13852000000001,0.5743552088737488,bmm
,229,229x308x288x32,41.0,1920.0,63.24,82.097,0.4672511994838714,bmm
,166,166x511x262x9,41.0,1920.0,64.0,87.10100000000006,0.4963648021221161,bmm
,158,158x479x293x42,41.0,1920.0,64.0,88.76576000000003,0.6595903992652893,bmm
,210,210x439x480x54,36.2,1920.0,64.0,96.12799999999994,1.303174376487732,bmm
,142,142x379x297x53,31.0,1920.0,65.52,100.366,0.4721408009529114,bmm
,253,253x406x278x129,31.0,1920.0,66.0,102.87648000000004,1.672652792930603,bmm
,189,189x260x352x101,31.0,1916.4,66.0,117.18264,0.7156480073928833,bmm
,196,196x438x472x106,31.0,1905.0,67.0,95.52335999999995,1.4462656021118163,bmm
,246,246x413x498x138,31.0,1893.0,67.0,121.12224000000006,2.889408016204834,bmm
,153,153x327x370x214,27.16,1905.0,69.64,123.28099999999996,1.4658944129943847,bmm
,253,253x365x500x192,27.0,1876.2,70.0,136.8901600000001,2.54813437461853,bmm
,164,164x490x473x396,27.0,1849.2,70.0,127.78096000000004,5.408076763153076,bmm
,253,253x487x355x312,30.36,1869.0,71.92,126.7334,4.7272705078125,bmm
,175,175x483x392x335,41.0,1871.4,74.0,143.01471999999995,3.50600323677063,bmm
,249,249x447x284x607,41.0,1815.6,75.84,147.95828,5.544287967681885,bmm
,198,198x475x465x607,41.6,1778.4,77.12,148.92444000000006,8.193939018249512,bmm
,209,209x427x377x921,56.0,1773.6,78.72,157.93596000000005,10.204978942871094,bmm
,175,175x351x903x28,56.0,1863.6,79.0,124.75631999999996,1.72149760723114,bmm
,151,151x441x597x13,56.0,1875.0,76.0,112.32239999999996,1.0182784080505372,bmm
,178,178x485x687x12,56.0,1875.0,76.0,100.79500000000004,1.6447936058044434,bmm
,206,206x264x971x52,47.0,1890.0,75.8,83.6268,1.7177023887634275,bmm
,227,227x320x761x51,47.0,1890.0,75.0,109.70855999999996,1.7641088008880614,bmm
,239,239x378x831x49,47.0,1890.0,75.0,129.81067999999988,2.2419519901275637,bmm
,174,174x267x611x111,47.0,1890.0,75.0,125.451,1.1719935894012452,bmm
,151,151x360x786x74,47.0,1890.0,75.0,106.71716000000004,1.5478399991989136,bmm
,220,220x424x706x127,40.28,1874.4,75.0,139.73268,2.440627145767212,bmm
,172,172x357x536x137,33.0,1880.4,74.0,133.5187999999999,1.85919361114502,bmm
,141,141x299x1003x188,33.0,1879.2,74.0,134.49884000000003,2.635513591766357,bmm
,144,144x391x725x166,33.0,1867.8,75.68,139.60448000000005,2.6093696117401124,bmm
,142,142x433x727x496,33.0,1804.2,77.0,157.16623999999993,6.3016767501831055,bmm
,248,248x387x524x417,46.0,1799.4,78.0,134.13388,7.942758274078369,bmm
,221,221x404x690x476,46.0,1758.0,77.0,161.37579999999994,9.650527954101562,bmm
,168,168x423x578x1007,59.8,1746.6,81.0,150.19351999999998,12.153913307189942,bmm
,177,177x476x1015x930,66.6,1646.4,84.44,156.12359999999993,26.979776000976564,bmm
,196,196x348x588x821,70.8,1608.6,85.28,142.42520000000005,11.674195289611816,bmm
,138,138x709x22x16,70.0,1840.2,85.0,114.28296,0.091551998257637,bmm
,220,220x1000x21x27,70.0,1867.2,77.0,75.80500000000005,0.182259202003479,bmm
,153,153x940x33x15,70.0,1875.0,77.0,71.31099999999998,0.1642111986875534,bmm
,196,196x840x13x63,70.0,1884.0,73.64,71.95599999999997,0.1508160024881362,bmm
,182,182x695x28x52,70.0,1890.0,70.0,71.70699999999995,0.1265087991952896,bmm
,216,216x968x6x62,70.0,1890.0,70.0,73.96000000000002,0.1787648022174835,bmm
,184,184x850x28x101,10.0,1890.0,70.0,68.09200000000004,0.2766399919986725,bmm
,198,198x911x8x87,10.0,1890.0,67.0,78.09300000000003,0.2055808007717132,bmm
,214,214x722x13x86,10.0,1890.0,67.0,74.31400000000002,0.1987007945775985,bmm
,146,146x573x26x219,10.0,1890.0,67.0,76.03291999999996,0.2813120007514954,bmm
,140,140x722x4x165,10.0,1890.0,67.0,77.51200000000001,0.1954432010650634,bmm
,199,199x854x11x154,10.0,1903.2,66.0,69.154,0.3530560076236725,bmm
,203,203x515x23x287,10.0,885.0,66.0,75.11499999999997,1.022214412689209,bmm
,206,206x976x9x420,14.6,870.6,61.68,41.24004000000001,2.089971160888672,bmm
,164,164x889x16x461,15.0,802.2,60.0,42.690040000000025,1.496345591545105,bmm
,169,169x553x32x514,15.0,795.0,57.0,45.802079999999975,1.8134015798568728,bmm
,241,241x569x9x871,15.0,933.0,57.0,46.36719999999998,2.2727807998657226,bmm
,248,248x601x32x654,32.0,990.0,56.0,53.488320000000016,2.8509568214416503,bmm
,146,146x708x48x5,32.0,990.0,56.0,56.44100000000002,0.2388543993234634,bmm
,183,183x531x34x14,32.0,990.0,56.0,42.46799999999999,0.217152002453804,bmm
,179,179x849x38x20,32.0,990.0,55.0,39.53300000000001,0.323116797208786,bmm
,233,233x876x61x62,32.0,990.0,55.0,40.63599999999999,0.6070912122726441,bmm
,148,148x844x50x35,32.0,990.0,55.0,47.492560000000005,0.3367423951625824,bmm
,177,177x788x40x49,28.36,990.0,54.0,43.09320000000002,0.2850751996040344,bmm
,209,209x804x45x114,19.0,990.0,54.0,43.88352,0.7174271941184998,bmm
,181,181x738x41x127,19.0,990.0,54.0,46.75099999999998,0.5751359820365906,bmm
,246,246x876x60x80,19.0,990.0,54.0,47.30864000000001,1.065983986854553,bmm
,207,207x599x33x226,19.0,990.0,54.0,46.78099999999998,0.971884799003601,bmm
,202,202x1007x37x149,19.0,990.0,54.0,50.43739999999999,1.2189503908157349,bmm
,166,166x714x35x181,19.0,819.0,53.32,46.34000000000001,0.7689151883125305,bmm
,248,248x912x61x337,28.2,853.2,53.0,49.79148,3.9198976516723634,bmm
,198,198x715x34x463,29.0,990.0,53.72,51.761,2.1732735633850098,bmm
,198,198x756x46x318,29.0,1080.0,54.0,54.75980000000001,1.6696319818496703,bmm
,201,201x757x43x964,29.0,1200.6,55.2,63.68924000000001,4.008806419372559,bmm
,158,158x951x47x648,31.04,1875.0,56.0,78.76452000000005,1.9354111909866332,bmm
,214,214x787x40x847,46.0,1875.0,60.8,95.00036,2.2143743991851808,bmm
,257,257x794x126x7,46.0,1875.0,61.0,130.08707999999996,0.5593024134635926,bmm
,202,202x906x70x9,46.0,1875.0,61.0,78.05576000000003,0.3075775980949402,bmm
,149,149x921x128x25,46.0,1875.0,61.96,74.20632,0.3750847995281219,bmm
,256,256x967x70x55,46.0,1875.0,63.0,76.34584000000001,0.4643967986106873,bmm
,152,152x821x94x34,46.0,1875.0,63.0,83.75299999999997,0.2845184028148651,bmm
,186,186x765x100x56,46.0,1875.0,63.0,73.80400000000003,0.3655487954616546,bmm
,130,130x909x78x114,19.0,1875.0,63.0,80.847,0.3973759889602661,bmm
,194,194x775x72x106,19.0,1875.0,63.0,83.56400000000002,0.4525503933429718,bmm
,130,130x792x102x79,19.0,1875.0,63.0,86.32700000000001,0.4260223984718322,bmm
,184,184x867x97x142,19.0,1875.0,63.0,89.16704000000001,1.0767679691314698,bmm
,230,230x912x118x246,19.0,1875.0,65.0,102.99795999999996,1.9264384031295776,bmm
,254,254x703x117x175,19.0,1650.0,65.0,79.30600000000003,1.4258495807647704,bmm
,239,239x708x66x386,19.0,1605.0,65.0,81.03044,2.4308351993560797,bmm
,200,200x520x71x383,29.0,1725.0,65.0,90.81459999999998,1.0802816152572632,bmm
,138,138x560x106x285,29.0,1725.0,65.0,78.03220000000005,1.0628096103668212,bmm
,235,235x594x117x711,29.0,1800.6,65.8,111.54168000000004,3.886438417434692,bmm
,151,151x784x77x654,29.0,1898.4,66.0,121.37112000000008,2.2661375522613527,bmm
,204,204x595x114x965,29.0,1858.8,71.52,146.21791999999996,4.47064323425293,bmm
,199,199x830x183x12,44.0,1890.0,72.0,81.26800000000001,0.7325055956840515,bmm
,252,252x745x188x4,44.0,1904.4,68.0,73.90799999999996,0.7860160112380982,bmm
,228,228x941x155x32,44.0,1905.0,68.0,96.84136000000004,0.8212288022041321,bmm
,152,152x553x184x55,44.0,1905.0,68.0,94.43768,0.4299071967601776,bmm
,135,135x569x194x52,44.0,1905.0,68.0,87.62088000000003,0.4145280063152313,bmm
,170,170x629x244x53,44.0,1905.0,68.0,86.15699999999998,0.701535987854004,bmm
,168,168x798x178x83,44.0,1905.0,68.0,100.79287999999995,0.8975551962852478,bmm
,201,201x672x236x69,17.0,1905.0,68.0,112.38584000000009,1.1510847806930542,bmm
,164,164x972x190x98,17.0,1905.0,69.56,101.084,1.141215991973877,bmm
,190,190x778x146x199,17.0,1905.0,71.0,127.27408000000004,1.6728127956390382,bmm
,253,253x941x143x233,17.0,1881.0,71.0,134.03523999999996,2.466220760345459,bmm
,196,196x929x213x152,17.0,1899.6,73.0,119.01764000000004,2.2303680419921874,bmm
,238,238x835x156x386,32.0,1866.0,73.96,142.94372000000004,4.796966457366944,bmm
,228,228x828x148x325,32.0,1869.0,76.0,139.17332000000002,3.03624963760376,bmm
,169,169x987x160x299,32.0,1868.4,76.48,129.33111999999994,2.927449607849121,bmm
,253,253x765x203x734,36.8,1762.2,78.08,164.01824,8.851859092712402,bmm
,256,256x724x164x977,56.0,1767.0,78.08,140.70808,9.613324737548828,bmm
,136,136x575x226x921,56.0,1824.6,74.0,147.99608,5.1339137077331545,bmm
,228,228x761x299x10,52.96,1862.4,78.0,118.01219999999992,1.3174015760421751,bmm
,153,153x654x438x6,52.0,1876.2,78.0,105.58668000000006,1.1846015930175782,bmm
,250,250x893x296x4,52.0,1890.0,75.2,88.596,1.3466367721557615,bmm
,208,208x945x396x47,52.0,1890.0,73.0,122.57591999999998,2.3599103927612304,bmm
,173,173x592x473x50,52.0,1890.0,73.0,121.33500000000002,1.3996863842010498,bmm
,134,134x1001x318x50,52.0,1890.0,73.0,124.59292,1.297868824005127,bmm
,212,212x961x292x78,32.64,1883.4,73.0,119.23164000000004,2.18340482711792,bmm
,200,200x950x403x112,30.0,1869.6,73.64,132.06856000000005,2.7282559871673584,bmm
,176,176x1015x293x84,30.0,1885.2,77.0,109.96335999999997,1.847001600265503,bmm
,139,139x900x417x129,30.0,1868.4,77.0,136.38196000000005,3.101772785186768,bmm
,130,130x558x259x139,30.0,1879.2,75.0,131.40320000000003,1.11464319229126,bmm
,227,227x585x485x158,36.16,1852.8,75.0,142.89096000000004,3.8191104412078856,bmm
,143,143x925x443x493,41.0,1775.4,75.96,155.94824,8.524012756347656,bmm
,180,180x642x494x288,41.0,1832.4,78.88,131.60855999999995,6.328371143341064,bmm
,159,159x797x341x413,52.0,1829.4,73.0,142.90695999999997,6.11143684387207,bmm
,174,174x708x349x663,52.0,1778.4,78.44,163.17860000000002,9.897855949401857,bmm
,249,249x1018x464x890,63.84,1663.2,80.68,151.56364000000002,30.69441909790039,bmm
,184,184x724x411x600,70.0,1702.8,82.68,131.31459999999998,10.576902198791505,bmm
,215,215x984x849x7,64.96,1821.6,79.8,109.71044,4.885663986206055,bmm
,191,191x888x818x7,52.0,1860.0,79.0,132.36963999999998,4.129478454589844,bmm
,146,146x561x945x24,52.0,1860.0,79.0,120.37240000000006,2.308691167831421,bmm
,248,248x834x941x33,52.0,1843.8,79.0,148.51391999999996,5.882854270935058,bmm
,252,252x833x954x52,52.96,1833.0,79.0,147.03444000000007,6.190016078948974,bmm
,159,159x999x840x58,54.0,1846.8,79.32,133.91923999999992,3.961241626739502,bmm
,131,131x715x871x72,54.0,1858.2,81.0,109.41984,2.9782911777496337,bmm
,244,244x966x727x101,54.0,1791.0,80.24,153.48231999999996,6.309331226348877,bmm
,201,201x557x691x71,49.0,1852.2,80.0,138.74199999999993,2.747148847579956,bmm
,144,144x541x528x152,49.0,1848.6,78.0,138.50120000000007,2.3253568172454835,bmm
,167,167x990x1016x166,49.0,1743.6,78.6,154.38071999999994,9.483187103271485,bmm
,213,213x966x829x253,53.8,1758.6,80.44,148.02435999999994,12.731123161315915,bmm
,147,147x651x899x463,56.0,1732.2,82.24,145.72227999999998,13.254809951782226,bmm
,210,210x988x1015x479,64.76,1605.0,83.76,150.14124,33.10270690917969,bmm
,248,248x802x608x346,72.28,1624.8,84.64,147.31312,14.191859245300291,bmm
,246,246x728x651x581,79.0,1572.6,85.2,142.85331999999997,24.482854080200195,bmm
,256,256x545x962x583,78.0,1540.8,85.32,137.86387999999997,28.05265884399414,bmm
,230,230x1012x640x627,85.0,1529.4,85.12,142.53995999999998,30.3409725189209,bmm
,490,490x12x18x1,85.0,1680.0,82.0,117.956,0.0046976000070571,bmm
,495,495x8x30x8,85.0,1860.6,82.0,63.21451999999999,0.0124992001801729,bmm
,274,274x13x20x25,85.0,1887.6,82.0,70.08816000000004,0.0123840002343058,bmm
,350,350x16x14x54,85.0,1890.0,70.0,69.42599999999999,0.021017599850893,bmm
,414,414x33x26x54,85.0,1890.0,70.0,69.87799999999999,0.032473599910736,bmm
,389,389x30x2x58,85.0,1890.0,70.0,70.193,0.0167488001286983,bmm
,418,418x14x23x68,85.0,1890.0,70.0,69.0,0.0505920000374317,bmm
,490,490x6x4x69,9.0,1900.8,67.72,66.78619999999998,0.0146111998707056,bmm
,365,365x16x10x96,9.0,1905.0,67.0,64.68492000000002,0.0325056001543998,bmm
,258,258x2x28x173,9.0,1905.0,67.0,65.15747999999996,0.0192448001354932,bmm
,261,261x32x6x153,9.0,1905.0,67.0,65.61387999999998,0.0255104001611471,bmm
,342,342x30x9x208,9.0,1905.0,65.0,65.93803999999999,0.0425151988863945,bmm
,403,403x25x11x306,9.0,1905.0,65.0,66.37044000000003,0.0705535992980003,bmm
,386,386x11x28x359,9.0,1257.0,65.0,67.27092,0.1121535986661911,bmm
,399,399x17x30x401,9.0,555.0,65.0,45.554,0.4157440066337585,bmm
,436,436x14x12x765,5.0,525.0,59.0,36.53219999999999,0.7004480123519897,bmm
,326,326x8x21x974,5.0,495.0,59.0,39.065,0.5322816014289856,bmm
,389,389x19x31x681,5.0,486.0,59.0,38.5664,0.6860159754753112,bmm
,267,267x31x65x1,5.0,480.0,57.2,39.70900000000003,0.0313023999333381,bmm
,298,298x14x36x11,5.0,450.0,56.0,36.0766,0.0514816001057624,bmm
,427,427x17x46x11,5.0,447.6,56.0,35.95695999999999,0.1862783968448638,bmm
,311,311x23x36x57,9.2,410.4,54.72,35.95384000000001,0.1087488010525703,bmm
,470,470x25x35x34,12.0,390.0,54.0,36.26092000000001,0.2081088006496429,bmm
,321,321x23x34x39,12.0,379.2,54.0,36.462,0.1259712010622024,bmm
,430,430x21x64x75,12.0,375.0,54.0,27.68144,0.3468032002449036,bmm
,333,333x8x63x87,12.0,375.0,52.0,25.72332,0.2586687922477722,bmm
,313,313x5x54x103,12.0,375.0,52.0,25.35000000000001,0.21980160176754,bmm
,456,456x28x52x159,12.0,375.0,52.0,26.66639999999999,0.6588800072669982,bmm
,349,349x18x50x189,16.0,375.0,50.0,26.360360000000004,0.5145535945892334,bmm
,434,434x19x48x231,22.0,375.0,50.0,24.98224000000001,0.7026496052742004,bmm
,462,462x6x46x353,22.0,388.8,49.0,23.6686,0.8795967936515808,bmm
,477,477x18x34x316,22.0,390.0,49.0,24.4366,0.8201728105545044,bmm
,367,367x32x51x396,22.0,390.0,48.0,24.9588,1.2063935995101929,bmm
,467,467x33x40x520,27.0,404.4,48.0,25.88052,1.7350720167160034,bmm
,345,345x21x54x629,27.0,435.0,48.0,25.250559999999997,1.5966335773468017,bmm
,496,496x28x34x575,27.0,435.0,48.0,25.999600000000004,1.7114367961883543,bmm
,301,301x26x73x17,27.72,450.0,48.0,23.38188,0.1795776039361953,bmm
,383,383x30x92x4,33.0,450.0,47.4,22.51879999999999,0.2261120021343231,bmm
,261,261x26x109x5,33.0,450.0,47.0,22.995119999999996,0.3135680019855499,bmm
,328,328x10x123x40,33.0,450.0,47.0,24.08275999999999,0.5982271909713746,bmm
,291,291x14x81x60,33.0,450.0,47.0,22.57324,0.5697472095489502,bmm
,371,371x3x100x58,26.56,450.0,46.24,23.10964,0.6153343915939331,bmm
,469,469x12x123x108,26.0,496.2,46.0,24.55176000000001,1.9157056093215945,bmm
,450,450x25x89x91,26.0,624.0,46.0,25.726720000000004,0.805081593990326,bmm
,301,301x9x112x77,30.8,780.0,46.0,23.58812,0.3416576027870178,bmm
,449,449x10x109x180,38.0,780.0,46.0,24.22460000000001,1.024083185195923,bmm
,451,451x23x87x182,38.0,780.0,46.0,25.28808,0.996723198890686,bmm
,439,439x6x122x169,38.0,780.0,46.0,25.259919999999997,0.981824004650116,bmm
,316,316x6x128x382,38.0,780.0,46.0,25.843400000000003,1.6335871934890749,bmm
,470,470x26x109x302,30.64,843.0,46.0,26.56263999999999,0.6011263966560364,bmm
,394,394x2x127x466,30.0,855.0,46.0,38.66879999999998,0.3258112013339996,bmm
,408,408x22x95x778,30.0,855.0,47.0,39.85484,1.0633344173431396,bmm
,399,399x30x103x824,30.0,855.0,47.0,43.07916,1.1203519821166992,bmm
,285,285x31x73x737,30.0,855.0,47.0,42.865,0.5583680033683777,bmm
,332,332x22x157x14,30.0,855.0,48.0,41.93556,0.1699584007263183,bmm
,283,283x31x216x14,30.0,855.0,48.0,36.68008,0.1839679956436157,bmm
,442,442x3x229x33,26.04,855.0,48.0,36.58699999999998,0.063468798995018,bmm
,493,493x12x208x47,19.0,855.0,48.0,36.39084000000001,0.1435968041419983,bmm
,365,365x16x195x53,19.0,855.0,48.0,36.69600000000002,0.1793471992015838,bmm
,440,440x16x143x47,19.0,855.0,48.0,37.06600000000002,0.1467967987060547,bmm
,341,341x25x233x122,19.0,855.0,48.0,37.21676,0.3057152032852173,bmm
,303,303x14x222x107,19.0,855.0,48.0,38.86040000000002,0.2423744022846222,bmm
,500,500x22x240x103,19.0,855.0,48.0,38.38008000000001,0.4129151999950409,bmm
,448,448x21x187x170,19.0,600.0,48.0,37.616000000000014,0.6112959980964661,bmm
,338,338x10x257x201,17.08,505.2,48.0,28.378640000000008,0.6242559909820556,bmm
,346,346x14x237x155,17.0,510.0,48.0,37.7992,0.6070144057273865,bmm
,407,407x1x242x373,17.0,510.0,48.0,39.26999999999999,0.5002304017543793,bmm
,279,279x20x155x414,17.0,510.0,48.0,40.80700000000001,1.067257571220398,bmm
,289,289x26x201x264,17.0,510.0,49.0,39.75695999999999,1.058572816848755,bmm
,496,496x25x254x980,17.0,661.2,49.0,50.16088,4.3132096290588375,bmm
,408,408x16x230x582,36.0,930.0,50.0,50.41359999999998,1.8705151796340944,bmm
,465,465x16x198x721,36.0,930.0,50.0,49.32196000000002,2.316089630126953,bmm
,302,302x9x280x6,36.0,1035.0,50.32,52.96399999999997,0.063494399189949,bmm
,345,345x17x421x10,36.0,1035.0,51.0,39.74099999999999,0.3470271944999695,bmm
,425,425x18x348x20,36.0,1035.0,51.0,41.39232,0.4277888000011444,bmm
,324,324x16x316x61,36.0,1035.0,51.0,42.27375999999998,0.2156864017248153,bmm
,421,421x25x513x35,36.0,1035.0,50.28,42.47183999999999,0.6390015959739686,bmm
,392,392x19x490x53,24.0,1035.0,50.0,45.31391999999999,0.5524672031402588,bmm
,498,498x1x472x126,24.0,1035.0,50.0,44.25616,0.3165696024894714,bmm
,267,267x14x420x92,24.0,1035.0,50.0,42.54543999999998,0.2725311994552612,bmm
,387,387x18x342x86,24.0,1035.0,50.0,42.091,0.3944319903850555,bmm
,379,379x15x485x210,24.0,1035.0,50.0,46.064000000000014,1.2193472146987916,bmm
,387,387x11x346x216,24.0,1035.0,50.0,49.38967999999998,0.5590080142021179,bmm
,259,259x16x258x245,24.0,1035.0,50.44,45.96960000000001,0.521343994140625,bmm
,370,370x33x365x512,22.96,1035.0,51.0,51.18107999999997,2.103385639190674,bmm
,493,493x26x336x400,22.0,1035.0,51.0,54.78959999999999,1.7886399984359742,bmm
,500,500x2x289x314,22.0,1035.0,52.0,50.64300000000002,0.4941823959350586,bmm
,409,409x17x278x1015,22.0,1005.0,52.0,51.6786,2.5961152076721192,bmm
,318,318x31x318x840,22.0,1170.0,52.32,55.565599999999975,1.8205312013626096,bmm
,334,334x24x271x790,22.0,1170.0,53.0,58.24371999999996,1.5858304023742675,bmm
,471,471x12x544x18,33.76,1170.0,53.0,52.18124000000002,0.1822079986333847,bmm
,388,388x18x793x5,36.0,1170.0,53.0,42.02599999999998,0.5585088014602662,bmm
,280,280x32x651x22,36.0,1170.0,53.0,45.21659999999998,0.3889664053916931,bmm
,380,380x5x636x50,36.0,1170.0,53.0,43.43548,0.1519423991441726,bmm
,313,313x33x794x59,36.0,1170.0,53.0,43.992359999999984,0.4850495994091034,bmm
,475,475x19x923x43,36.0,1170.0,52.24,46.05539999999997,1.0281343698501586,bmm
,498,498x16x632x85,36.0,1170.0,52.0,51.06183999999999,0.7944512009620667,bmm
,339,339x31x777x102,36.0,1170.0,52.0,47.11539999999998,0.6511808037757874,bmm
,416,416x2x930x115,17.0,1170.0,52.44,49.157,0.486924797296524,bmm
,419,419x14x543x255,17.0,1170.0,53.0,50.68072,1.0885055780410766,bmm
,295,295x3x690x228,17.0,1170.0,53.0,49.933999999999976,0.5013056039810181,bmm
,513,513x17x541x154,17.0,810.0,53.0,48.601040000000005,1.9276288032531737,bmm
,460,460x27x954x495,17.0,1123.8,53.0,59.538080000000015,3.2254655838012694,bmm
,314,314x20x617x451,28.76,1650.0,55.0,68.35316,1.3348992109298703,bmm
,463,463x19x868x366,38.0,1650.0,55.0,76.26943999999997,2.034758424758911,bmm
,346,346x22x767x633,38.0,1650.0,58.0,88.88320000000002,2.2711615562438965,bmm
,385,385x28x993x963,38.0,1875.6,59.4,117.84592,4.693523216247558,bmm
,464,464x31x819x526,37.0,1893.0,65.0,132.16536,2.857043170928955,bmm
,412,412x49x2x12,37.0,1905.0,65.0,139.386,0.0181888002902269,bmm
,325,325x41x15x23,37.0,1905.0,65.0,66.06899999999997,0.0188543997704982,bmm
,374,374x54x7x32,37.0,1905.0,65.0,65.35699999999999,0.0163263998925685,bmm
,310,310x44x27x54,37.0,1905.0,65.0,65.41699999999997,0.025484799593687,bmm
,310,310x65x29x51,37.0,1917.6,65.0,63.830999999999975,0.0425792001187801,bmm
,460,460x35x22x54,37.0,1920.0,62.0,65.08899999999996,0.0305919997394084,bmm
,499,499x62x4x75,37.0,1920.0,62.0,65.13200000000005,0.0345087997615337,bmm
,378,378x39x28x100,12.0,1920.0,62.0,65.83099999999996,0.0471424005925655,bmm
,391,391x48x10x110,12.0,1920.0,62.0,66.38200000000005,0.0354752004146575,bmm
,274,274x34x2x167,12.0,1920.0,62.0,65.491,0.0308799996972084,bmm
,457,457x42x32x253,12.0,1920.0,62.0,65.17900000000003,0.1019840016961097,bmm
,490,490x53x11x252,12.0,1920.0,62.0,69.45299999999999,0.1019712015986442,bmm
,316,316x61x30x407,12.0,1920.0,62.0,68.41499999999998,0.1436736017465591,bmm
,370,370x40x21x372,12.0,840.0,61.68,69.93363999999998,0.2031871989369392,bmm
,400,400x59x25x352,12.0,834.6,60.0,41.42079999999998,0.2906688034534454,bmm
,329,329x37x6x781,8.6,771.0,60.0,37.30119999999999,0.3315263986587524,bmm
,388,388x56x7x779,7.0,735.0,56.6,38.15099999999998,0.4270912051200867,bmm
,291,291x42x7x519,7.0,705.0,55.0,40.187000000000005,0.2396032035350799,bmm
,426,426x60x57x10,7.0,705.0,55.0,37.736,0.1208767995238304,bmm
,467,467x35x62x1,7.0,660.0,55.0,36.55600000000001,0.0415167994797229,bmm
,268,268x35x52x13,7.0,660.0,54.04,35.83100000000001,0.0780095979571342,bmm
,459,459x43x41x54,7.0,615.0,53.0,35.99199999999999,0.122291199862957,bmm
,443,443x34x48x36,7.0,615.0,53.0,36.57588000000001,0.1148927986621856,bmm
,275,275x56x35x36,7.0,570.0,53.0,35.677000000000014,0.0812864005565643,bmm
,351,351x62x61x114,11.0,526.8,52.0,36.15268000000001,0.2321408033370971,bmm
,441,441x41x59x121,11.0,495.0,52.0,37.36400000000001,0.2846400022506714,bmm
,404,404x44x34x93,11.0,483.0,52.0,37.17403999999998,0.1967232018709182,bmm
,291,291x64x54x218,11.0,465.0,52.0,37.05499999999998,0.3741055965423584,bmm
,477,477x55x52x228,11.0,436.2,51.0,38.50504,0.6198848009109497,bmm
,315,315x34x62x209,11.0,427.2,51.0,38.30455999999999,0.4590463995933532,bmm
,301,301x56x34x289,11.0,420.0,51.0,37.63300000000002,0.5067968010902405,bmm
,390,390x44x36x456,16.0,405.0,51.0,39.17456,0.8664447784423828,bmm
,409,409x61x38x257,16.0,395.4,51.0,38.348720000000014,0.6969280004501343,bmm
,275,275x45x52x575,16.0,390.0,51.0,39.616000000000014,0.9815744042396546,bmm
,265,265x37x64x727,16.0,390.0,51.0,40.070920000000015,1.2466752052307128,bmm
,512,512x45x49x618,16.0,390.0,51.0,40.76419999999997,1.811967992782593,bmm
,313,313x45x76x19,16.0,435.0,51.0,41.394480000000016,0.1637312024831771,bmm
,339,339x61x126x25,24.84,435.0,51.0,36.54951999999997,0.2867648005485534,bmm
,319,319x35x116x29,29.0,435.0,51.0,36.97895999999999,0.2232575982809067,bmm
,342,342x54x121x55,29.0,435.0,51.0,36.65499999999998,0.2821887969970703,bmm
,370,370x54x68x44,29.0,435.0,51.0,37.79200000000002,0.1794880002737045,bmm
,508,508x54x82x43,29.0,435.0,50.0,36.96912000000001,0.2740480005741119,bmm
,411,411x56x91x110,29.0,435.0,50.0,37.49751999999999,0.4441087961196899,bmm
,449,449x52x74x126,29.0,435.0,50.0,28.03884000000001,0.8833920001983643,bmm
,336,336x46x76x129,25.4,435.0,49.0,26.2306,0.6534335970878601,bmm
,451,451x65x87x204,20.0,435.0,49.0,26.96011999999999,1.8386687994003297,bmm
,349,349x60x126x199,20.0,436.2,49.0,27.93488,1.525324773788452,bmm
,473,473x54x78x214,20.0,450.0,49.0,26.364399999999996,1.4848703861236572,bmm
,396,396x46x94x409,23.84,462.0,48.0,26.57012,2.3494271755218508,bmm
,338,338x36x93x300,36.0,525.0,47.6,25.382600000000004,1.3905728101730346,bmm
,463,463x49x97x315,36.0,525.0,47.0,26.559120000000007,2.269011211395264,bmm
,410,410x53x80x638,36.0,525.0,47.0,26.92460000000001,3.454182434082031,bmm
,425,425x65x92x984,35.0,750.6,47.64,32.83140000000001,3.415513610839844,bmm
,275,275x40x84x880,35.0,930.0,48.0,43.83652000000001,0.8097984075546265,bmm
,440,440x61x133x14,35.0,930.0,48.0,41.698999999999984,0.1680064022541046,bmm
,401,401x51x148x12,35.0,930.0,49.0,37.57899999999998,0.1591552048921585,bmm
,328,328x58x198x14,35.0,930.0,49.0,37.36000000000001,0.1971455991268157,bmm
,509,509x35x142x60,35.0,930.0,49.0,37.76199999999998,0.1945728033781051,bmm
,468,468x62x241x54,34.52,930.0,49.0,38.14107999999999,0.3320832014083862,bmm
,460,460x40x224x61,29.0,930.0,49.0,39.95644,0.2846207976341247,bmm
,402,402x58x158x83,29.0,930.0,49.0,38.81127999999998,0.309171199798584,bmm
,363,363x42x164x87,29.0,930.0,49.0,38.68863999999999,0.2904384076595306,bmm
,346,346x47x180x107,29.0,930.0,49.0,38.74947999999998,0.315366393327713,bmm
,264,264x51x211x250,29.0,930.0,49.0,38.88199999999998,0.5285439848899841,bmm
,332,332x60x186x151,29.0,930.0,49.0,41.69364,0.4917503952980041,bmm
,468,468x37x202x222,29.0,930.0,49.0,40.83699999999997,0.8704000115394592,bmm
,364,364x42x139x289,29.0,930.0,49.6,42.56399999999999,0.72882559299469,bmm
,320,320x33x181x414,18.0,645.0,50.0,43.41884,1.509055995941162,bmm
,512,512x35x168x367,18.0,645.0,50.0,42.86855999999999,1.664403223991394,bmm
,415,415x38x136x669,18.0,645.0,50.0,43.448799999999984,2.1896063804626467,bmm
,496,496x60x235x602,18.0,755.4,50.0,47.99888,3.1497599601745607,bmm
,281,281x34x167x865,18.0,885.0,51.0,50.16319999999999,1.546131181716919,bmm
,415,415x59x269x24,36.48,885.0,51.0,43.73808,0.3177472054958343,bmm
,364,364x34x482x29,39.0,885.0,51.0,38.69799999999999,0.462636798620224,bmm
,287,287x46x502x31,39.0,885.0,50.44,40.072960000000016,0.3994368016719818,bmm
,499,499x36x360x43,39.0,885.0,50.0,39.137760000000014,0.4548864006996155,bmm
,434,434x53x488x51,39.0,885.0,50.0,40.029,0.5489216089248657,bmm
,436,436x48x432x33,39.0,885.0,50.0,42.125,0.4829824030399322,bmm
,452,452x55x429x116,39.0,885.0,50.0,42.500240000000005,0.9319423913955688,bmm
,400,400x58x423x74,39.0,885.0,50.0,42.77564,0.7865535974502563,bmm
,487,487x61x295x118,19.0,885.0,50.0,42.90515999999999,0.7033663868904114,bmm
,494,494x53x360x155,19.0,885.0,50.0,42.59720000000003,1.2804735898971558,bmm
,299,299x47x432x138,19.0,885.0,50.0,46.62739999999999,0.9426431894302368,bmm
,479,479x52x349x157,19.0,885.0,50.0,43.51072000000001,1.2497920036315917,bmm
,434,434x56x298x444,19.0,690.0,51.0,46.77724000000002,3.09936637878418,bmm
,497,497x51x406x369,21.16,990.6,51.0,48.70415999999998,2.4496384143829344,bmm
,316,316x52x263x508,37.0,1005.0,51.0,40.121760000000016,1.4103551864624024,bmm
,411,411x49x502x857,37.0,1207.2,51.84,59.61603999999999,4.532915210723877,bmm
,505,505x40x414x902,37.0,1575.0,54.0,84.00304,4.253203105926514,bmm
,336,336x41x503x575,39.0,1916.4,57.0,69.82695999999999,1.7609791994094848,bmm
,341,341x48x766x8,39.0,1920.0,57.0,76.6066,0.4049407958984375,bmm
,280,280x49x799x32,39.0,1920.0,57.0,75.23516000000001,0.370604795217514,bmm
,481,481x45x766x31,39.0,1920.0,61.0,77.11836000000005,0.5688768029212952,bmm
,487,487x49x651x42,39.0,1920.0,61.0,84.02700000000003,0.5270976066589356,bmm
,448,448x59x870x42,39.0,1920.0,61.0,88.86999999999995,0.8073920011520386,bmm
,307,307x51x916x48,36.48,1920.0,61.0,97.19676000000004,0.4973568022251129,bmm
,463,463x55x840x128,18.0,1920.0,63.0,92.1074,0.9182720065116884,bmm
,280,280x43x980x100,18.0,1920.0,63.0,94.8232,0.6334464073181152,bmm
,333,333x59x649x117,18.0,1920.0,63.0,91.11999999999996,0.5445503950119018,bmm
,329,329x40x981x243,18.0,1920.0,65.04,100.19172,1.376313591003418,bmm
,308,308x60x653x246,18.0,1920.0,66.0,116.02500000000003,0.9128575921058656,bmm
,513,513x64x722x222,18.0,1794.6,66.0,109.61408000000009,1.6297216176986695,bmm
,281,281x55x986x365,25.0,1517.4,65.0,65.19432,2.20862078666687,bmm
,335,335x35x968x324,25.0,1488.6,64.84,69.53944,2.621465539932251,bmm
,262,262x34x976x441,25.0,1543.2,63.0,74.61196,2.5179456233978272,bmm
,259,259x63x525x1022,25.0,1692.6,63.0,89.45044,2.520691156387329,bmm
,331,331x43x696x821,36.2,1860.6,65.0,117.35843999999992,3.381536054611206,bmm
,283,283x52x736x718,39.0,1903.2,65.0,132.47784,2.623564767837524,bmm
,342,342x121x14x21,39.0,1905.0,69.0,92.14659999999998,0.0346367999911308,bmm
,492,492x97x31x8,39.0,1905.0,70.0,66.20808000000002,0.0646975979208946,bmm
,280,280x71x12x11,39.0,1905.0,70.0,65.82544000000001,0.0270015999674797,bmm
,416,416x77x11x49,39.0,1905.0,66.88,64.98588,0.0395712003111839,bmm
,390,390x109x11x54,29.76,1905.0,64.0,64.69100000000002,0.0398272007703781,bmm
,446,446x127x10x36,18.0,1905.0,64.0,65.51732000000004,0.0432703994214534,bmm
,267,267x118x8x81,18.0,1905.0,64.0,65.80548000000003,0.0365823999047279,bmm
,496,496x105x2x89,18.0,1905.0,64.0,65.79816000000001,0.0646912008523941,bmm
,284,284x94x30x128,18.0,1905.0,63.0,66.62879999999996,0.0737152025103569,bmm
,325,325x91x10x132,18.0,1905.0,63.0,67.04727999999999,0.1085439994931221,bmm
,481,481x101x26x248,18.0,1905.0,63.0,69.02420000000001,0.206073597073555,bmm
,372,372x84x8x246,18.0,1905.0,63.0,71.13611999999998,0.101062399148941,bmm
,320,320x122x10x507,18.0,1905.0,63.0,70.34087999999996,0.2612607955932617,bmm
,324,324x81x33x360,18.0,1905.0,63.0,73.78504,0.2622847974300384,bmm
,409,409x89x3x467,7.88,1073.4,63.0,74.09375999999995,0.2039039999246597,bmm
,380,380x80x25x553,7.0,747.6,62.0,44.83168,1.0857280254364017,bmm
,337,337x80x7x549,7.0,711.6,58.0,38.906960000000026,0.5300671815872192,bmm
,323,323x83x5x521,7.0,690.0,58.0,39.30107999999999,0.538591992855072,bmm
,390,390x107x65x3,7.0,660.0,58.0,39.71576,0.2342847973108291,bmm
,281,281x109x41x7,7.0,654.6,55.0,36.9856,0.1310848027467727,bmm
,455,455x124x61x4,7.0,615.0,55.0,36.91028,0.2674880027770996,bmm
,328,328x110x65x49,15.28,593.4,55.0,36.22831999999998,0.2271104007959365,bmm
,415,415x109x33x42,16.0,540.0,53.0,37.06600000000002,0.2080191999673843,bmm
,428,428x77x52x58,16.0,540.0,53.0,37.31512000000001,0.2539455950260162,bmm
,338,338x74x61x108,16.0,510.0,53.0,37.54784,0.46978560090065,bmm
,338,338x120x60x119,16.0,489.6,53.0,38.074280000000016,0.4192832052707672,bmm
,438,438x89x38x65,16.0,480.0,53.0,38.216,0.4608896017074585,bmm
,375,375x76x52x228,16.0,450.0,53.0,39.10668,1.0419456243515015,bmm
,384,384x127x43x194,16.0,450.0,53.0,39.09996,0.8714176058769226,bmm
,333,333x122x49x223,16.0,447.0,52.0,39.99499999999998,0.8420480012893676,bmm
,351,351x105x58x343,16.0,435.0,52.0,39.15836,1.462495994567871,bmm
,418,418x113x42x473,16.0,435.0,52.0,41.44859999999998,1.9219135999679569,bmm
,439,439x92x37x368,16.0,450.0,52.0,41.39452000000002,1.4604351997375489,bmm
,504,504x104x37x693,17.76,450.0,52.0,43.24724000000002,2.983839988708496,bmm
,319,319x87x62x868,38.0,609.0,52.0,43.58528000000001,2.5053951740264893,bmm
,398,398x123x37x909,38.0,685.8,52.0,43.08799999999999,1.985804796218872,bmm
,513,513x118x103x30,38.0,720.0,52.0,42.317,0.3732864022254943,bmm
,381,381x74x91x31,38.0,720.0,52.0,39.13199999999998,0.2572799980640411,bmm
,443,443x82x102x4,38.0,720.0,52.0,37.85828000000001,0.3158783912658691,bmm
,365,365x129x75x54,38.0,720.0,52.0,37.95836,0.3132607996463775,bmm
,388,388x129x115x55,30.08,720.0,51.0,38.59568,0.4627072036266327,bmm
,413,413x101x90x51,27.0,720.0,51.0,39.01800000000002,0.2853824079036712,bmm
,436,436x116x74x117,27.0,720.0,51.0,38.504000000000005,0.4529919981956481,bmm
,498,498x94x67x122,27.0,720.0,51.0,38.88028000000002,0.5406720042228699,bmm
,500,500x102x112x115,27.0,720.0,51.0,39.034999999999975,0.6846272110939026,bmm
,489,489x90x73x216,27.0,720.0,51.0,41.847200000000015,1.113644790649414,bmm
,303,303x115x101x256,27.0,720.0,51.0,40.433,0.78160001039505,bmm
,478,478x78x121x217,24.2,720.0,51.0,43.415000000000006,1.6039551973342896,bmm
,350,350x120x118x471,22.0,715.8,51.0,44.91559999999998,2.004902410507202,bmm
,472,472x129x74x321,22.0,705.0,51.0,44.8708,2.70928635597229,bmm
,337,337x92x97x439,22.0,705.0,51.0,44.88939999999999,1.9771711826324463,bmm
,359,359x71x69x779,22.0,720.6,51.84,45.69367999999999,2.5658944129943846,bmm
,316,316x103x99x651,34.96,771.0,52.0,46.09263999999999,2.169100856781006,bmm
,470,470x125x68x636,40.0,853.8,52.0,46.76668000000001,1.742899203300476,bmm
,460,460x111x129x7,40.0,900.0,52.0,46.974,0.3363968014717102,bmm
,378,378x67x222x2,40.0,900.0,52.0,38.68343999999998,0.4297599971294403,bmm
,411,411x91x208x20,40.0,900.0,51.68,38.108800000000016,0.4308927893638611,bmm
,262,262x79x252x57,40.0,900.0,51.0,39.42096,0.3362688064575195,bmm
,315,315x93x183x36,40.0,900.0,51.0,39.26927999999999,0.3066240072250366,bmm
,288,288x109x169x63,29.8,900.0,51.0,38.50556000000001,0.2901055991649627,bmm
,384,384x104x160x71,23.0,900.0,51.0,38.93104,0.5851967930793762,bmm
,322,322x82x142x127,23.0,900.0,51.0,40.47356,0.4929663956165314,bmm
,400,400x109x225x72,23.0,900.0,51.0,40.80979999999997,0.8650560021400452,bmm
,357,357x84x196x168,23.0,900.0,51.0,42.97464000000001,1.4089984178543091,bmm
,257,257x98x239x147,23.0,900.0,51.0,42.36160000000002,0.9099648118019104,bmm
,511,511x71x167x166,23.0,900.0,51.0,44.96000000000001,1.7297600030899047,bmm
,319,319x95x194x291,24.0,872.4,51.0,44.91608000000001,1.9751359701156617,bmm
,493,493x74x182x277,24.0,883.8,51.0,46.80968,2.7341504096984863,bmm
,274,274x124x223x333,24.0,957.0,51.8,46.1682,1.6152639865875245,bmm
,400,400x86x186x723,24.0,987.6,52.0,52.519160000000014,4.200825500488281,bmm
,397,397x106x191x595,24.0,1305.0,53.52,59.28860000000003,2.4297791957855224,bmm
,479,479x93x223x707,44.0,1428.6,54.0,70.94320000000002,3.717856025695801,bmm
,471,471x76x433x5,44.0,1934.4,57.36,78.683,0.4877695977687836,bmm
,474,474x73x264x8,44.0,1935.0,58.0,70.14288000000002,0.2912384033203125,bmm
,269,269x126x437x13,44.0,1923.0,58.0,68.31248,0.4214399993419647,bmm
,325,325x96x350x50,44.0,1920.0,59.0,72.78688000000001,0.3950079977512359,bmm
,318,318x129x396x42,44.0,1920.0,59.0,76.93499999999996,0.5471424102783203,bmm
,478,478x116x410x56,22.0,1920.0,59.0,88.55023999999997,0.7097216010093689,bmm
,307,307x127x346x79,22.0,1920.0,59.0,89.93639999999998,0.5182976007461548,bmm
,296,296x119x292x78,22.0,1920.0,62.0,82.22396000000002,0.4054335951805115,bmm
,275,275x95x318x103,22.0,1920.0,62.0,81.99495999999995,0.4270080029964447,bmm
,371,371x107x332x152,22.0,1920.0,62.0,84.75299999999997,0.8726080060005188,bmm
,301,301x98x492x236,22.0,1920.0,63.56,100.05204,1.2717568159103394,bmm
,397,397x106x336x211,22.0,1905.0,65.0,80.97019999999996,1.144979166984558,bmm
,334,334x95x402x347,19.0,1200.0,64.52,82.91531999999998,2.902432012557983,bmm
,309,309x128x406x307,19.0,1500.0,63.0,71.58320000000002,2.0491968631744384,bmm
,298,298x97x377x448,19.0,1500.0,63.0,77.06547999999995,2.4721471786499025,bmm
,257,257x76x335x902,19.0,1770.0,62.0,96.58155999999995,3.3793344020843508,bmm
,260,260x97x454x890,21.24,1897.2,62.24,137.42271999999997,3.5084928035736085,bmm
,424,424x82x348x539,47.0,1875.6,68.0,114.73708,3.4177984237670898,bmm
,351,351x70x820x15,47.0,1888.8,68.0,112.33195999999998,0.6707583904266358,bmm
,333,333x91x553x30,47.0,1890.0,68.56,86.51800000000001,0.5486592054367065,bmm
,421,421x105x765x21,47.0,1890.0,69.0,89.90836000000003,1.0677311897277832,bmm
,258,258x102x927x35,47.0,1890.0,69.0,95.58759999999998,0.8303424000740052,bmm
,424,424x110x530x33,47.0,1890.0,68.88,91.70036,0.7011712074279786,bmm
,499,499x117x576x55,25.0,1890.0,68.0,93.17284,0.923750388622284,bmm
,284,284x80x795x87,25.0,1890.0,68.0,96.26980000000002,1.0378240108489991,bmm
,409,409x70x807x114,25.0,1890.0,68.0,105.99511999999996,1.4796800136566162,bmm
,448,448x106x1017x122,25.0,1886.4,70.0,121.72212000000005,2.003865623474121,bmm
,280,280x80x633x139,25.0,1885.2,70.0,136.20247999999995,1.6210879802703857,bmm
,359,359x90x603x239,25.0,1821.6,70.0,112.15491999999996,1.982419180870056,bmm
,374,374x100x898x196,32.6,1857.6,71.0,114.98508000000008,2.8510655879974367,bmm
,335,335x67x549x361,35.0,1881.6,71.0,135.44336000000004,2.478304004669189,bmm
,443,443x111x875x282,35.0,1858.2,74.36,144.58832000000007,4.957254409790039,bmm
,501,501x65x776x302,35.0,1862.4,73.92,109.71564000000004,5.000460815429688,bmm
,447,447x84x1016x859,45.0,1718.4,74.88,162.13780000000003,14.917702293395996,bmm
,511,511x90x776x709,53.12,1741.8,78.76,155.13232,10.921952056884766,bmm
,456,456x115x649x895,74.0,1750.2,80.76,126.21408,9.32834587097168,bmm
,386,386x167x5x17,74.0,1755.0,76.0,115.65200000000004,0.045516799390316,bmm
,321,321x244x20x6,74.0,1755.0,76.0,60.66387999999998,0.0754432007670402,bmm
,336,336x256x4x19,39.0,1755.0,76.0,59.22600000000002,0.0515840001404285,bmm
,307,307x150x1x37,39.0,1755.0,74.56,59.39599999999998,0.0293248001486063,bmm
,375,375x166x16x56,39.0,1755.0,67.0,57.938719999999975,0.0594623997807502,bmm
,309,309x143x6x46,39.0,1755.0,67.0,57.92879999999997,0.0388096012175083,bmm
,481,481x199x22x100,39.0,1755.0,67.0,58.96355999999999,0.1917568027973175,bmm
,447,447x147x27x115,39.0,1755.0,64.0,62.30051999999998,0.1936192005872726,bmm
,504,504x169x12x81,39.0,1755.0,64.0,62.00399999999998,0.1299199998378753,bmm
,423,423x186x1x198,39.0,1755.0,64.0,59.926,0.1582015961408615,bmm
,296,296x214x29x195,39.0,1755.0,64.0,60.09799999999998,0.2770879983901977,bmm
,268,268x180x24x166,7.0,1755.0,62.64,64.87400000000001,0.1288768023252487,bmm
,451,451x254x32x359,7.0,1755.0,62.0,59.952,0.6105855941772461,bmm
,355,355x153x13x404,7.0,1755.0,62.0,80.67831999999999,0.4187520027160644,bmm
,290,290x166x11x395,7.0,1755.0,62.0,67.4274,0.289548796415329,bmm
,473,473x165x11x667,7.0,960.0,61.0,49.557440000000014,1.2697472095489502,bmm
,478,478x230x30x890,7.0,985.8,61.0,49.03592000000001,2.5497536182403566,bmm
,259,259x231x9x779,7.0,1200.0,59.64,50.127,0.8623807907104493,bmm
,275,275x197x61x10,27.0,1200.0,59.0,54.299999999999976,0.1685696005821228,bmm
,402,402x192x38x3,27.0,1200.0,59.0,44.18600000000001,0.135808002948761,bmm
,269,269x184x39x33,27.0,1200.0,59.0,43.264,0.1003199979662895,bmm
,509,509x220x58x56,27.0,1200.0,57.92,43.06100000000001,0.3051840007305145,bmm
,261,261x206x59x50,27.0,1200.0,56.0,46.97199999999999,0.1641151994466781,bmm
,299,299x146x60x35,27.0,1200.0,56.0,43.894,0.1413120031356811,bmm
,349,349x152x57x99,27.0,1200.0,56.0,43.4582,0.3522560000419616,bmm
,439,439x205x33x109,27.0,1200.0,55.64,45.38659999999999,0.3456256091594696,bmm
,479,479x141x52x99,27.0,1200.0,55.0,45.03863999999999,0.4273919999599457,bmm
,294,294x194x42x152,11.0,1200.0,55.0,45.649,0.4073087990283966,bmm
,345,345x247x40x185,11.0,1200.0,55.0,46.01800000000002,0.4185855984687805,bmm
,271,271x200x65x221,11.0,1200.0,55.0,48.013200000000005,0.6222463965415954,bmm
,303,303x164x35x454,11.0,1200.0,55.0,47.15663999999999,0.7004288077354431,bmm
,510,510x225x58x482,11.0,1160.4,55.0,56.11540000000003,2.0880640029907225,bmm
,437,437x180x41x402,11.0,1108.8,55.0,54.85748000000002,1.186400008201599,bmm
,355,355x237x56x590,13.04,1095.0,55.0,46.81687999999998,1.7568639755249025,bmm
,387,387x152x34x563,28.0,1095.0,55.0,55.1784,1.4955008029937744,bmm
,346,346x167x35x853,28.0,1065.0,55.0,52.07075999999999,1.555456018447876,bmm
,457,457x215x106x14,28.0,1055.4,55.0,50.148079999999965,0.4542656064033508,bmm
,293,293x202x99x8,28.0,1050.0,55.0,43.87599999999998,0.2920639991760254,bmm
,317,317x255x95x31,28.0,992.4,54.0,39.53672000000002,0.334822404384613,bmm
,311,311x167x80x45,28.0,918.0,54.0,39.228839999999984,0.2147840052843093,bmm
,398,398x195x66x57,24.48,904.2,54.0,38.56152000000001,0.3396159946918488,bmm
,288,288x136x126x51,20.0,870.0,53.04,38.12948000000001,0.3226559996604919,bmm
,486,486x218x114x112,20.0,825.0,52.0,39.64399999999999,1.2105152130126953,bmm
,362,362x139x72x126,20.0,813.0,52.0,43.82908000000002,0.539142394065857,bmm
,361,361x246x107x104,20.0,795.0,52.0,39.47799999999998,0.894432008266449,bmm
,318,318x218x118x223,20.0,765.0,52.0,43.53868000000001,1.7038975954055786,bmm
,429,429x256x85x168,20.0,750.0,52.0,45.8402,1.4650752067565918,bmm
,357,357x166x94x157,26.0,750.0,52.0,43.175680000000014,1.022867202758789,bmm
,441,441x175x125x416,26.0,736.2,52.0,46.71784,3.9079360485076906,bmm
,461,461x205x104x485,26.0,969.6,53.0,50.80711999999997,3.268889570236206,bmm
,498,498x165x110x325,26.0,1425.0,53.0,56.02848,1.5593472003936768,bmm
,413,413x207x121x896,34.4,1545.0,55.52,75.20876000000003,3.4974976539611817,bmm
,340,340x221x67x898,47.0,1926.6,56.0,92.92724000000004,1.9009600162506104,bmm
,392,392x137x111x883,47.0,1903.8,63.0,116.02963999999996,2.620800018310547,bmm
,438,438x210x209x19,47.0,1905.0,63.0,116.02399999999996,0.4909567952156067,bmm
,490,490x136x238x14,47.0,1905.0,63.0,87.58759999999998,0.4225600004196167,bmm
,468,468x161x147x23,47.0,1905.0,63.56,81.37191999999999,0.2841343998908996,bmm
,284,284x161x227x65,47.0,1905.0,65.0,76.91800000000005,0.4482367932796478,bmm
,320,320x243x169x62,25.0,1905.0,65.0,84.24700000000003,0.3953599989414215,bmm
,301,301x197x242x49,25.0,1905.0,65.0,83.73499999999996,0.4204031944274902,bmm
,311,311x153x212x107,25.0,1905.0,65.0,85.56899999999997,0.5327232003211975,bmm
,354,354x157x148x120,25.0,1905.0,65.0,92.76712,0.44757120013237,bmm
,453,453x248x132x72,25.0,1905.0,65.0,88.22548000000005,0.5656064033508301,bmm
,306,306x204x200x139,25.0,1905.0,65.0,92.71992000000004,0.8324927926063538,bmm
,337,337x168x203x149,25.0,1905.0,66.2,95.89687999999995,0.7472768187522888,bmm
,361,361x233x257x211,25.0,1260.0,67.0,88.16763999999998,2.479814386367798,bmm
,349,349x191x193x388,23.0,1305.0,66.52,65.72308000000002,2.688006401062012,bmm
,415,415x227x213x273,23.0,1410.0,63.0,70.55651999999998,3.130617618560791,bmm
,313,313x140x201x492,23.0,1725.0,63.0,81.30356000000003,2.265452766418457,bmm
,301,301x130x198x883,23.0,1731.0,64.0,104.79192,3.670688009262085,bmm
,472,472x205x156x828,36.44,1880.4,65.92,96.75827999999996,4.687116813659668,bmm
,279,279x255x180x659,47.0,1887.0,68.0,126.96456000000003,2.7385152339935304,bmm
,420,420x185x363x22,47.0,1885.8,68.0,130.58224000000007,0.831116795539856,bmm
,310,310x165x306x4,47.0,1890.0,70.0,86.06860000000002,0.4166463971138,bmm
,501,501x192x324x24,47.0,1890.0,70.0,82.34500000000001,0.843993604183197,bmm
,336,336x158x463x60,47.0,1890.0,70.0,99.91100000000004,0.8543872117996216,bmm
,258,258x232x426x65,39.8,1890.0,70.0,106.52567999999998,0.972435200214386,bmm
,470,470x193x436x33,29.0,1890.0,70.0,97.3672,1.1792768001556395,bmm
,506,506x143x284x72,29.0,1890.0,70.0,110.36312000000002,1.124294376373291,bmm
,270,270x212x471x65,29.0,1890.0,70.0,108.55291999999996,1.0898239850997924,bmm
,484,484x247x331x84,29.0,1890.0,70.0,104.468,1.4263999700546264,bmm
,291,291x203x456x218,29.0,1885.2,70.0,132.50680000000006,2.2392255783081056,bmm
,287,287x239x380x250,29.0,1890.0,70.0,134.55552000000006,1.9151423692703249,bmm
,386,386x152x373x133,31.76,1890.0,73.0,123.10236,1.4780928373336792,bmm
,341,341x201x258x400,32.0,1878.0,73.0,143.88032000000007,3.110867214202881,bmm
,355,355x238x454x314,32.0,1869.6,72.32,110.14928000000003,4.157516860961914,bmm
,290,290x201x342x455,32.0,1860.0,72.0,120.22575999999998,3.453721570968628,bmm
,454,454x138x377x676,41.0,1801.2,76.0,155.52208000000002,8.18913917541504,bmm
,321,321x215x396x519,41.0,1828.8,78.4,150.46372000000002,5.590169525146484,bmm
,405,405x194x321x686,41.0,1813.2,80.56,148.02099999999996,7.097024154663086,bmm
,262,262x218x950x7,61.0,1868.4,82.0,123.7519200000001,1.609881591796875,bmm
,347,347x167x591x8,61.0,1875.0,82.0,101.23048,0.9903359889984132,bmm
,266,266x168x929x33,61.0,1875.0,74.96,106.32612000000006,1.340768003463745,bmm
,275,275x246x930x64,61.0,1875.0,74.0,108.89460000000004,2.089305591583252,bmm
,271,271x166x554x64,61.0,1875.0,74.0,131.56928000000005,0.8410688042640686,bmm
,439,439x225x939x39,61.0,1875.0,74.0,113.90544,2.951942443847656,bmm
,390,390x217x968x72,37.08,1867.8,74.0,135.41007999999994,3.1687104225158693,bmm
,319,319x141x1007x70,35.0,1875.0,75.44,125.84408,2.369632053375244,bmm
,348,348x221x536x103,35.0,1875.0,76.0,128.79399999999998,1.5957823991775513,bmm
,323,323x239x731x240,35.0,1840.2,76.84,148.56647999999996,4.034643363952637,bmm
,356,356x205x519x245,35.0,1857.6,79.0,140.26291999999995,3.1967487812042235,bmm
,473,473x186x611x257,45.0,1827.6,79.6,154.54636000000005,5.689471912384033,bmm
,299,299x140x968x429,45.0,1792.8,80.64,159.36588,8.65690860748291,bmm
,341,341x231x745x412,52.28,1777.8,81.52,138.36059999999995,8.902400016784668,bmm
,313,313x198x686x328,59.0,1809.6,81.48,153.65631999999997,5.594572830200195,bmm
,375,375x248x805x853,59.6,1634.4,80.68,148.81375999999992,20.45347213745117,bmm
,474,474x242x618x661,61.84,1557.6,84.16,148.12956000000003,17.24856300354004,bmm
,299,299x184x917x789,83.0,1614.6,85.96,150.40416000000002,13.416441726684573,bmm
,264,264x401x10x5,83.0,1818.6,87.0,97.68199999999996,0.0828607991337776,bmm
,273,273x509x3x32,83.0,1859.4,76.0,72.84899999999999,0.0763648003339767,bmm
,298,298x428x10x25,49.0,1888.8,76.0,69.616,0.0909695997834205,bmm
,404,404x513x1x56,49.0,1890.0,76.0,72.212,0.1221312001347541,bmm
,402,402x355x33x65,49.0,1890.0,70.0,75.68520000000002,0.2970175981521606,bmm
,495,495x418x7x44,49.0,1890.0,70.0,78.85851999999998,0.1283520013093948,bmm
,375,375x343x6x95,49.0,1895.4,70.0,71.99212000000003,0.1575679957866668,bmm
,353,353x346x1x69,49.0,1905.0,67.84,68.21843999999997,0.0929087996482849,bmm
,319,319x353x27x97,36.96,1905.0,67.0,67.49612,0.2060671955347061,bmm
,296,296x270x9x191,6.0,1905.0,67.0,75.52480000000003,0.1897791981697082,bmm
,308,308x394x6x229,6.0,1905.0,67.0,76.90832000000003,0.3421312034130096,bmm
,422,422x318x20x160,6.0,1905.0,67.0,80.31312000000003,0.313292795419693,bmm
,297,297x406x8x257,6.0,1521.0,67.0,81.9878,0.363398391008377,bmm
,331,331x361x30x323,6.0,942.0,66.28,46.336399999999976,1.269984006881714,bmm
,266,266x306x15x268,6.0,886.8,61.0,39.67479999999998,0.6155776023864746,bmm
,480,480x316x12x575,17.2,859.8,61.0,44.53428000000001,1.952499175071716,bmm
,420,420x478x9x682,20.0,960.0,58.0,47.46396,2.945683240890503,bmm
,411,411x493x7x1008,20.0,1101.6,58.0,49.78423999999999,2.469644832611084,bmm
,470,470x489x65x33,20.0,1650.0,58.0,59.04299999999997,0.4553407967090607,bmm
,389,389x387x36x22,20.0,1650.0,58.0,63.386320000000005,0.2115391969680786,bmm
,400,400x420x56x18,27.04,1650.0,58.0,55.97811999999999,0.2532415986061096,bmm
,492,492x408x42x61,36.0,1650.0,58.0,57.758120000000005,0.3064320027828217,bmm
,289,289x263x54x43,36.0,1650.0,58.0,57.894400000000005,0.147392001748085,bmm
,371,371x475x47x33,36.0,1650.0,58.0,57.04312000000002,0.264953601360321,bmm
,303,303x392x57x121,36.0,1650.0,58.0,59.022319999999965,0.412255996465683,bmm
,470,470x458x53x124,36.0,1650.0,58.2,62.41931999999998,0.6536448001861572,bmm
,466,466x492x57x93,36.0,1650.0,59.0,68.75,0.7094016075134277,bmm
,362,362x511x51x242,36.0,1650.0,59.0,74.48160000000006,1.008787202835083,bmm
,445,445x366x51x214,36.0,1650.0,59.0,74.2322,0.916864001750946,bmm
,260,260x446x61x229,18.0,1650.0,60.0,69.83400000000005,0.7058240056037903,bmm
,301,301x490x47x466,18.0,1650.0,60.0,69.87720000000002,1.503923225402832,bmm
,448,448x485x59x295,18.0,1659.0,60.0,88.98400000000004,1.9806463956832885,bmm
,387,387x387x54x486,18.0,1695.0,62.0,76.74964,1.7865792036056518,bmm
,382,382x361x34x1015,18.0,1711.8,62.0,82.21643999999996,2.423315191268921,bmm
,454,454x286x58x925,26.4,1906.2,66.48,97.52951999999996,2.904755210876465,bmm
,408,408x394x39x911,39.0,1885.8,69.0,126.39159999999998,2.723155212402344,bmm
,267,267x260x105x31,39.0,1890.0,70.0,121.538,0.2082944005727768,bmm
,401,401x391x99x22,39.0,1890.0,70.0,75.04700000000001,0.3972927987575531,bmm
,462,462x474x94x28,39.0,1890.0,70.0,84.28659999999996,0.4958784043788909,bmm
,437,437x459x96x58,39.0,1890.0,70.0,84.60952000000005,0.4644608020782471,bmm
,464,464x351x80x48,39.0,1890.0,67.0,83.61975999999999,0.3056960046291351,bmm
,451,451x352x122x41,22.0,1890.0,67.0,82.20539999999997,0.508518397808075,bmm
,264,264x454x70x120,22.0,1890.0,67.0,86.53400000000005,0.3913599967956543,bmm
,456,456x266x117x75,22.0,1890.0,67.0,85.086,0.6306432008743286,bmm
,482,482x374x70x76,22.0,1890.0,67.0,96.367,0.5228608012199402,bmm
,406,406x426x77x148,22.0,1890.0,67.0,96.89968000000005,0.9206783890724182,bmm
,504,504x476x116x161,22.0,1890.0,67.0,107.88527999999998,1.7736384391784668,bmm
,265,265x342x112x244,22.0,1890.0,68.92,135.24772000000002,0.8232576131820679,bmm
,279,279x435x101x490,22.16,1885.8,70.0,107.92216000000003,1.915398383140564,bmm
,271,271x386x88x502,26.0,1890.0,70.0,125.56099999999996,1.5591423988342286,bmm
,455,455x510x129x277,26.0,1680.0,71.0,113.19731999999996,3.821452808380127,bmm
,389,389x424x87x612,26.0,1861.8,71.0,119.60140000000004,2.87738242149353,bmm
,390,390x310x128x976,28.04,1845.6,72.0,99.08828,4.575987243652344,bmm
,509,509x469x108x751,43.0,1802.4,73.68,145.23255999999998,6.416435146331788,bmm
,476,476x299x220x18,43.0,1866.6,74.0,72.71516000000003,0.7996927976608277,bmm
,505,505x313x136x24,43.0,1889.4,69.0,68.798,0.5150207996368408,bmm
,418,418x307x155x28,43.0,1890.0,69.0,79.94200000000001,0.5197760105133057,bmm
,418,418x358x141x58,31.0,1890.0,69.0,83.62808000000004,0.5639359951019287,bmm
,494,494x401x183x56,31.0,1890.0,69.0,91.801,1.073535966873169,bmm
,488,488x418x187x59,31.0,1890.0,69.0,114.64079999999991,1.0715328216552735,bmm
,283,283x306x205x104,31.0,1890.0,69.0,102.26671999999996,0.6737407922744751,bmm
,398,398x340x239x75,31.0,1890.0,69.48,97.2912,1.2562624216079712,bmm
,321,321x334x219x116,31.0,1890.0,71.0,119.24351999999992,0.9710207939147948,bmm
,510,510x284x177x241,31.0,1875.6,71.0,116.33823999999996,2.0865535736083984,bmm
,304,304x309x250x147,28.6,1890.0,72.08,125.21376000000004,1.3802559852600098,bmm
,495,495x393x143x257,28.0,1878.0,74.0,96.5924,3.335814380645752,bmm
,279,279x479x213x478,28.0,1833.6,73.08,129.32068000000004,4.336710453033447,bmm
,345,345x368x249x356,28.0,1857.6,73.72,133.48440000000005,3.5196991920471192,bmm
,463,463x455x170x376,40.0,1844.4,75.0,153.57232,4.381881618499756,bmm
,324,324x313x149x531,40.0,1859.4,76.68,141.25455999999997,2.810188770294189,bmm
,409,409x426x160x1023,40.0,1773.0,77.2,139.21320000000009,8.489056205749511,bmm
,498,498x282x224x839,52.0,1786.2,75.2,157.26099999999994,8.919353675842284,bmm
,274,274x337x410x8,52.0,1864.2,80.0,66.86744000000002,0.9387136101722716,bmm
,417,417x412x432x32,52.0,1875.0,80.0,99.59928000000004,1.879423975944519,bmm
,416,416x397x500x8,52.0,1875.0,73.0,124.52295999999996,1.8108351945877077,bmm
,416,416x283x325x64,44.0,1875.0,73.0,109.36216000000007,1.1230783939361573,bmm
,476,476x370x508x57,44.0,1875.0,73.0,130.70460000000003,2.0881919860839844,bmm
,424,424x309x427x50,44.0,1875.0,74.0,119.889,1.7010111808776855,bmm
,505,505x310x443x96,44.0,1860.6,74.0,135.65156000000007,2.46399998664856,bmm
,422,422x289x472x103,44.0,1875.0,74.6,135.00336000000004,2.170246458053589,bmm
,306,306x492x352x89,44.0,1875.0,77.0,132.626,1.8799744129180909,bmm
,341,341x268x465x203,40.0,1867.8,77.0,139.11319999999992,3.4392832279205323,bmm
,347,347x463x360x130,40.0,1843.2,76.0,142.1544000000001,3.364748811721802,bmm
,346,346x351x433x248,40.0,1852.8,75.8,135.08371999999997,3.964409589767456,bmm
,292,292x302x311x351,40.0,1859.4,75.0,128.42343999999997,2.988320064544678,bmm
,287,287x296x273x483,44.0,1855.8,76.12,138.1686400000001,3.535430335998535,bmm
,289,289x422x268x412,44.0,1835.4,79.0,156.17644000000004,4.80127363204956,bmm
,285,285x505x383x521,44.0,1768.2,79.92,133.52864000000008,9.692550468444823,bmm
,510,510x419x466x578,56.0,1692.0,80.8,152.00660000000005,20.09454727172852,bmm
,438,438x350x374x710,69.44,1690.2,84.32,136.68215999999995,13.730214500427246,bmm
,308,308x447x871x29,72.0,1816.8,86.0,101.17988,3.529548740386963,bmm
,274,274x402x689x3,46.48,1870.8,76.0,79.61579999999995,2.010464000701904,bmm
,316,316x476x513x4,43.0,1875.0,76.0,105.51244000000004,2.060300827026367,bmm
,467,467x343x922x58,43.0,1863.6,74.0,142.49332000000004,4.841024017333984,bmm
,493,493x493x995x62,43.72,1824.6,76.4,155.19888000000006,7.338470458984375,bmm
,498,498x493x682x48,49.0,1856.4,77.44,116.20148,4.35098237991333,bmm
,453,453x459x516x107,49.0,1847.4,76.0,141.65896000000004,4.075519943237305,bmm
,315,315x270x690x99,49.0,1864.8,76.8,132.55076000000005,2.3781184196472167,bmm
,316,316x339x850x80,41.8,1857.0,77.0,136.5811199999999,3.482361650466919,bmm
,318,318x433x900x220,40.0,1769.4,77.96,158.83847999999992,8.856409645080566,bmm
,274,274x330x623x210,40.0,1837.2,78.68,140.25403999999995,4.422073554992676,bmm
,265,265x270x959x248,50.2,1823.4,79.28,125.58956000000003,5.475334358215332,bmm
,373,373x425x982x293,57.0,1714.8,81.68,151.94000000000008,17.827552032470702,bmm
,296,296x324x876x431,61.0,1726.2,82.72,147.53596000000005,13.922035217285156,bmm
,397,397x288x700x428,64.08,1645.8,85.48,145.74459999999996,12.95221118927002,bmm
,474,474x360x678x575,69.6,1561.2,86.2,129.89196,23.079833984375,bmm
,325,325x391x968x930,65.4,1549.8,84.4,145.58559999999997,42.4363899230957,bmm
,297,297x320x834x1017,87.0,1527.6,85.44,143.24596,25.768211364746094,bmm
,444,444x769x3x19,81.24,1786.2,86.0,104.30344000000004,0.1965120017528533,bmm
,339,339x819x29x28,78.0,1755.0,81.32,71.45000000000003,0.2889087975025177,bmm
,338,338x975x28x32,78.0,1755.0,77.0,64.72440000000002,0.3399743974208832,bmm
,510,510x723x28x63,78.0,1755.0,77.0,63.67223999999997,0.3976895987987518,bmm
,337,337x980x26x35,78.0,1755.0,68.0,61.78876000000004,0.3416064083576202,bmm
,366,366x690x18x64,78.0,1755.0,68.0,67.22299999999997,0.2419391989707947,bmm
,278,278x557x25x88,78.0,1755.0,68.0,66.92499999999997,0.287660801410675,bmm
,410,410x632x20x88,9.0,1755.0,68.0,66.84300000000002,0.3952383995056152,bmm
,392,392x1015x16x74,9.0,1755.0,66.0,72.22191999999997,0.490636795759201,bmm
,414,414x560x22x201,9.0,1755.0,66.0,73.41280000000002,0.7208384037017822,bmm
,269,269x812x16x212,9.0,1755.0,66.0,75.99751999999995,0.5609216094017029,bmm
,320,320x670x16x257,9.0,1755.0,66.0,76.29199999999997,0.8198912024497986,bmm
,506,506x906x3x366,9.0,1755.0,66.0,81.61112,1.814470386505127,bmm
,513,513x766x16x369,9.0,1830.0,66.0,103.05320000000002,1.7688384056091309,bmm
,413,413x791x5x490,29.0,1905.0,67.84,99.7246,1.795967984199524,bmm
,339,339x653x33x746,29.0,1882.2,68.0,121.46544000000004,2.6891711711883546,bmm
,432,432x789x20x803,29.0,1883.4,71.84,126.27920000000002,3.458726406097412,bmm
,437,437x893x29x737,34.44,1852.2,72.0,133.48036000000005,3.9386048316955566,bmm
,450,450x968x55x29,46.0,1888.2,72.0,107.018,0.589734411239624,bmm
,429,429x530x40x14,46.0,1890.0,72.0,100.387,0.2373632043600082,bmm
,299,299x979x47x12,46.0,1890.0,69.48,80.19987999999998,0.3538560032844543,bmm
,488,488x833x60x39,46.0,1905.0,69.0,76.45460000000004,0.6262911915779114,bmm
,322,322x910x51x65,46.0,1905.0,69.0,93.13723999999998,0.7067967891693115,bmm
,450,450x902x52x40,46.0,1905.0,69.0,96.36436000000003,0.5472640037536621,bmm
,283,283x528x33x101,46.0,1905.0,69.0,95.837,0.3135936021804809,bmm
,267,267x886x46x93,17.0,1905.0,69.0,85.25800000000001,0.5073088049888611,bmm
,332,332x724x43x73,17.0,1905.0,69.0,96.80383999999998,0.5312512159347534,bmm
,274,274x961x62x232,17.0,1905.0,68.0,101.11868000000004,1.4417343854904174,bmm
,341,341x997x38x195,17.0,1905.0,68.0,128.10968,1.2979071855545044,bmm
,370,370x598x64x202,17.0,1905.0,68.0,120.92228000000006,1.1904063940048215,bmm
,418,418x1005x56x390,17.0,1871.4,72.0,143.41216,3.799078416824341,bmm
,375,375x857x60x326,34.28,1881.6,72.28,100.63355999999996,2.552294397354126,bmm
,355,355x518x56x452,35.0,1887.0,73.0,120.40219999999992,1.818681597709656,bmm
,320,320x541x52x753,35.0,1879.8,73.0,132.05864000000005,2.53753604888916,bmm
,309,309x969x60x950,35.0,1793.4,75.0,153.15335999999996,6.568851184844971,bmm
,338,338x997x62x817,46.0,1800.6,77.16,153.58515999999997,6.5010497093200685,bmm
,355,355x1015x114x33,46.0,1872.0,78.0,113.212,0.9360063910484314,bmm
,291,291x1017x72x22,46.0,1890.0,76.88,107.14092000000002,0.4488831996917725,bmm
,505,505x987x67x2,46.0,1890.0,74.0,92.63676,0.7986879944801331,bmm
,505,505x638x80x36,46.0,1890.0,74.0,95.70136,0.5410176038742065,bmm
,422,422x577x116x55,46.0,1890.0,74.0,97.555,0.7245952129364014,bmm
,377,377x973x121x64,34.0,1890.0,72.08,113.84496,1.1468608140945435,bmm
,356,356x844x103x89,34.0,1890.0,72.0,115.34779999999996,1.2233791828155518,bmm
,497,497x756x115x118,34.0,1879.2,72.0,130.35803999999996,1.6757823944091796,bmm
,378,378x579x100x89,34.0,1890.0,73.0,110.57547999999996,0.9273343920707704,bmm
,485,485x824x78x195,34.0,1879.2,73.0,130.14079999999993,2.437951993942261,bmm
,320,320x764x90x192,34.0,1888.8,73.0,137.2452800000001,1.4472127914428712,bmm
,464,464x822x99x235,34.0,1869.6,75.0,133.96344000000002,3.006796741485596,bmm
,271,271x946x67x307,34.0,1872.6,75.0,135.86332000000002,2.2263999938964845,bmm
,506,506x870x115x425,34.0,1809.0,77.0,131.61543999999992,8.021875381469727,bmm
,431,431x920x73x329,43.6,1830.0,76.0,141.23732,3.809017610549927,bmm
,312,312x794x87x668,50.0,1801.2,77.0,144.91444000000004,5.252748775482178,bmm
,429,429x552x70x650,50.0,1831.8,81.0,147.31663999999998,4.207360076904297,bmm
,457,457x685x113x728,53.52,1753.2,80.04,158.62039999999996,8.672185707092286,bmm
,342,342x736x160x5,58.0,1857.6,79.88,115.21416000000004,0.8282047986984253,bmm
,450,450x549x209x15,58.0,1875.0,79.0,95.98135999999997,1.188755202293396,bmm
,298,298x782x244x27,58.0,1875.0,79.0,117.87320000000004,1.3982208251953123,bmm
,285,285x594x158x57,58.0,1888.8,72.28,70.52167999999999,0.6946303963661193,bmm
,266,266x954x236x55,58.0,1890.0,72.0,100.5286,1.6648895978927611,bmm
,326,326x981x242x53,30.0,1890.0,72.0,133.43843999999996,2.036191987991333,bmm
,283,283x538x204x100,30.0,1890.0,74.0,116.77764000000003,1.1721535921096802,bmm
,267,267x673x144x125,30.0,1890.0,74.0,131.98800000000006,0.9626431941986084,bmm
,374,374x941x209x74,30.0,1873.8,73.92,124.36968,2.661900758743286,bmm
,317,317x881x148x140,30.0,1884.0,73.0,107.90324000000004,2.401587152481079,bmm
,300,300x571x152x171,32.72,1890.0,73.0,142.5030400000001,1.467411208152771,bmm
,453,453x690x178x141,34.0,1861.8,75.76,138.44731999999993,3.323372793197632,bmm
,372,372x732x238x351,34.0,1789.8,77.2,152.34160000000003,7.267161655426025,bmm
,476,476x967x208x350,46.32,1783.8,77.44,136.75287999999998,10.810527992248534,bmm
,398,398x975x193x261,56.0,1800.6,79.36,130.6418,8.673247909545898,bmm
,327,327x705x137x587,54.64,1790.4,82.0,146.80424000000005,6.604147148132324,bmm
,285,285x576x206x554,54.0,1770.6,81.12,121.53087999999998,6.068563270568848,bmm
,347,347x816x145x588,48.0,1761.6,80.0,147.91172000000003,7.905894565582275,bmm
,317,317x1010x346x5,44.0,1868.4,80.0,110.31443999999998,3.0388224124908447,bmm
,444,444x983x355x7,44.0,1868.4,80.0,132.79256000000004,3.8236608028411863,bmm
,362,362x680x313x24,44.0,1875.0,80.04,129.2421999999999,2.0964927673339844,bmm
,409,409x547x497x41,46.2,1864.8,81.0,132.17852,3.306572723388672,bmm
,294,294x880x340x64,49.0,1871.4,81.0,134.72223999999997,2.2451775550842283,bmm
,455,455x689x305x62,49.0,1867.2,78.0,134.22276000000002,2.8042688369750977,bmm
,291,291x902x345x116,49.0,1839.6,78.0,141.16588,3.423289585113525,bmm
,327,327x975x294x82,49.0,1848.0,79.0,139.128,3.43221755027771,bmm
,330,330x954x506x118,44.0,1810.2,79.52,143.88011999999998,5.598342323303223,bmm
,384,384x994x263x156,44.0,1796.4,79.6,138.17431999999997,5.802847957611084,bmm
,471,471x943x393x169,48.32,1741.2,78.0,140.52391999999998,10.12238712310791,bmm
,354,354x730x508x238,50.0,1738.8,80.72,157.87004,9.872921562194824,bmm
,431,431x653x505x394,52.52,1719.6,82.76,152.78376,22.386924743652344,bmm
,453,453x769x317x374,65.0,1734.0,79.08,127.53707999999996,12.70344295501709,bmm
,283,283x590x390x264,54.2,1741.8,82.04,148.32116,7.513919925689697,bmm
,268,268x856x407x727,54.56,1624.8,81.08,140.15895999999998,22.40899200439453,bmm
,439,439x1007x284x660,71.88,1580.4,83.64,133.27395999999996,29.122822189331053,bmm
,510,510x838x324x806,78.76,1477.2,86.6,134.909,41.71481552124023,bmm
,306,306x824x635x26,93.0,1806.6,84.28,130.13392000000005,4.601158332824707,bmm
,327,327x668x950x22,93.0,1817.4,78.52,88.72299999999996,6.100403213500977,bmm
,452,452x618x818x27,55.4,1850.4,77.2,152.95675999999995,7.172908782958984,bmm
,385,385x786x828x63,46.0,1782.6,82.0,139.05383999999998,7.213171291351318,bmm
,401,401x701x991x35,46.0,1797.6,80.0,151.53192,7.809561634063721,bmm
,469,469x925x695x35,62.0,1764.6,81.52,147.25712,8.505446624755859,bmm
,303,303x880x547x84,62.0,1732.8,82.48,143.07840000000002,5.301420783996582,bmm
,465,465x810x955x129,66.56,1658.4,79.92,151.97919999999996,22.205939483642577,bmm
,331,331x622x621x81,68.0,1694.4,87.0,122.21263999999996,4.85591688156128,bmm
,425,425x701x934x217,65.0,1564.8,85.0,146.7518,21.630963134765626,bmm
,348,348x765x847x240,77.8,1555.8,85.76,142.72107999999994,17.43262710571289,bmm
,454,454x550x563x256,81.0,1614.6,85.28,148.79016000000004,11.208799934387208,bmm
,401,401x858x980x448,84.4,1473.6,85.88,137.4212,58.87765731811523,bmm
,285,285x751x612x443,87.0,1551.0,85.0,136.25171999999998,21.44595184326172,bmm
,474,474x813x604x285,80.84,1615.8,81.6,132.42268,26.296672058105468,bmm
,360,360x777x720x802,78.36,1485.0,85.2,132.10368,62.77231369018555,bmm
,402,402x1015x896x573,92.68,1479.6,83.96,135.25152,75.93285827636718,bmm
,471,471x788x616x921,81.76,1462.8,83.64,132.46312,74.96267547607422,bmm
,907,907x12x30x10,71.0,1719.0,83.0,72.70316000000003,0.0329215995967388,bmm
,709,709x28x32x16,71.0,1710.0,71.0,58.9198,0.063308797776699,bmm
,994,994x13x24x24,48.0,1710.0,71.0,58.56747999999999,0.0493311993777751,bmm
,900,900x29x20x53,48.0,1710.0,71.0,57.51475999999999,0.0715136006474495,bmm
,716,716x8x10x37,48.0,1710.0,65.0,55.16147999999999,0.0191936001181602,bmm
,773,773x28x17x44,48.0,1710.0,65.0,54.53247999999999,0.0612416006624698,bmm
,680,680x32x33x89,48.0,1710.0,65.0,55.21143999999998,0.0757632032036781,bmm
,972,972x3x5x125,48.0,1710.0,65.0,55.1232,0.022732800617814,bmm
,643,643x11x27x103,48.0,1710.0,63.8,54.063,0.0666175991296768,bmm
,841,841x12x13x167,48.0,1710.0,63.0,54.010799999999975,0.1188799992203712,bmm
,806,806x23x19x232,4.0,1710.0,63.0,54.399159999999966,0.1250111997127533,bmm
,996,996x30x17x199,4.0,1710.0,62.52,54.64504000000004,0.1523136019706726,bmm
,942,942x9x23x303,4.0,1569.6,61.0,52.804400000000015,0.1842943996191025,bmm
,968,968x19x31x295,4.0,540.0,61.0,43.59032000000001,0.7779648184776307,bmm
,767,767x25x10x331,4.0,525.0,61.0,39.80499999999998,0.4452095985412597,bmm
,565,565x30x14x666,4.0,510.6,57.0,38.51968000000002,0.6619264006614685,bmm
,927,927x27x10x975,13.0,483.0,56.88,36.38292000000002,1.506188797950745,bmm
,662,662x31x9x832,13.0,465.0,56.0,42.29196000000001,0.9971968173980712,bmm
,962,962x30x33x13,13.0,453.6,56.0,38.933920000000015,0.3529599964618682,bmm
,703,703x13x54x31,13.0,450.0,56.0,36.779,0.1478847980499267,bmm
,832,832x20x37x18,13.0,420.0,54.0,34.93287999999998,0.3396095991134643,bmm
,962,962x25x51x51,13.0,408.0,54.0,27.243519999999997,0.5900799989700317,bmm
,565,565x30x45x63,17.16,398.4,53.04,26.31060000000001,0.382860803604126,bmm
,714,714x9x65x55,21.0,376.2,52.0,26.197439999999997,0.3467455983161926,bmm
,956,956x3x51x124,21.0,375.0,52.0,26.27224,0.6422847986221314,bmm
,771,771x26x57x91,21.0,375.0,51.04,25.99764,0.7008831977844239,bmm
,646,646x15x37x117,21.0,385.8,51.0,23.43072,0.5506432056427002,bmm
,1023,1023x12x36x137,23.88,390.0,50.0,23.945840000000004,0.8383744120597839,bmm
,663,663x3x33x179,24.0,390.0,50.0,23.166359999999997,0.4492159962654113,bmm
,1021,1021x5x59x195,24.0,399.0,49.0,25.522800000000007,1.2958079814910888,bmm
,702,702x24x58x380,24.0,506.4,49.0,26.85715999999999,2.181113624572754,bmm
,586,586x30x64x308,33.0,541.8,49.0,26.362759999999994,1.713919997215271,bmm
,910,910x12x40x397,33.0,585.0,49.0,25.57688,1.9058240175247192,bmm
,833,833x4x41x578,33.0,585.0,49.0,26.013599999999997,2.131968069076538,bmm
,519,519x2x49x578,33.48,585.0,49.0,25.17552000000001,1.5015615940093994,bmm
,753,753x12x47x686,37.0,642.6,49.0,26.917799999999996,3.1407936096191404,bmm
,1025,1025x6x85x8,37.0,705.0,49.0,23.431960000000004,0.187577599287033,bmm
,829,829x5x78x12,37.0,705.0,48.92,22.59456,0.155564796924591,bmm
,538,538x13x101x13,37.0,705.0,48.0,22.704200000000004,0.2404992014169693,bmm
,1015,1015x29x78x53,29.08,705.0,48.0,24.46288,0.8055871963500977,bmm
,514,514x13x85x57,26.0,705.0,48.0,24.223160000000004,0.3874943971633911,bmm
,584,584x29x91x40,26.0,705.0,48.0,24.81924,0.4607679963111877,bmm
,707,707x7x114x122,26.0,705.0,48.0,24.8324,1.0916224002838135,bmm
,958,958x30x108x125,26.4,713.4,48.0,27.187400000000004,1.949939203262329,bmm
,752,752x27x71x120,31.0,915.0,48.0,32.319600000000015,0.2215103983879089,bmm
,584,584x24x93x129,31.0,915.0,48.0,38.13563999999998,0.413286405801773,bmm
,978,978x1x119x249,31.0,915.0,48.0,39.34131999999998,0.4103487968444824,bmm
,859,859x29x117x160,31.0,915.0,48.16,40.33727999999999,0.7147711992263794,bmm
,721,721x30x85x487,31.0,915.0,50.0,38.93207999999998,0.9363647818565368,bmm
,612,612x31x73x275,31.0,915.0,50.0,45.42616,0.5507392048835754,bmm
,804,804x4x92x391,31.0,915.0,50.0,41.24967999999999,0.4308352053165435,bmm
,566,566x27x82x706,19.0,915.0,50.0,39.64599999999999,1.0954303979873656,bmm
,847,847x11x108x582,19.0,915.0,50.0,45.83616000000003,1.3536639928817749,bmm
,566,566x3x118x758,19.0,915.0,50.48,44.84531999999999,0.7067264080047607,bmm
,945,945x14x179x30,19.0,915.0,51.0,41.43236000000002,0.2542464017868042,bmm
,1017,1017x30x134x22,19.0,915.0,51.0,38.73276000000002,0.4740864038467407,bmm
,1010,1010x19x147x1,19.0,915.0,51.0,38.83159999999999,0.0657279998064041,bmm
,594,594x21x255x43,19.0,699.0,51.0,37.05499999999998,0.6014143943786621,bmm
,813,813x32x202x44,20.76,687.6,51.0,40.378400000000006,0.728985583782196,bmm
,978,978x20x211x48,23.0,675.0,51.0,39.83667999999999,0.9166016101837158,bmm
,678,678x9x234x90,23.0,645.0,51.0,40.53999999999999,0.4224384009838104,bmm
,818,818x21x132x89,23.0,637.8,51.0,40.46632,0.5488064050674438,bmm
,536,536x4x213x123,23.0,615.0,51.0,39.16744000000001,0.2326335966587066,bmm
,554,554x26x223x189,23.0,585.0,51.0,39.08547999999998,1.268614411354065,bmm
,664,664x18x248x131,23.0,585.0,51.0,42.127760000000016,1.5806720018386842,bmm
,567,567x2x210x242,23.56,581.4,51.0,42.66832,0.4015744030475616,bmm
,540,540x32x240x431,24.0,588.0,51.0,44.5576,2.435008001327515,bmm
,529,529x32x196x329,24.0,615.0,51.0,45.50628,1.5564480304718018,bmm
,590,590x27x160x440,24.0,615.0,51.24,43.82900000000001,1.8595711946487428,bmm
,571,571x20x242x928,24.0,787.8,52.0,51.41548,3.647270441055298,bmm
,530,530x20x162x930,45.0,1030.2,52.76,50.09235999999998,2.086739206314087,bmm
,716,716x32x236x659,45.0,1110.0,53.0,57.48840000000002,2.7178688049316406,bmm
,747,747x24x272x28,45.0,1170.0,53.2,57.37400000000002,0.5143743991851807,bmm
,639,639x10x377x29,45.0,1170.0,54.0,45.63972000000002,0.1589312016963958,bmm
,807,807x7x269x25,45.0,1170.0,54.0,42.258200000000016,0.1254272013902664,bmm
,965,965x22x498x43,45.0,1170.0,54.0,45.25944000000001,1.1673279762268067,bmm
,619,619x31x410x53,40.92,1170.0,53.0,50.99199999999998,0.6570623874664306,bmm
,900,900x19x297x37,28.0,1170.0,53.0,49.82779999999999,0.674176013469696,bmm
,590,590x28x507x83,28.0,1170.0,53.0,48.24659999999998,0.7614143848419189,bmm
,738,738x6x511x77,28.0,1170.0,53.28,47.607999999999976,0.4340479969978332,bmm
,716,716x2x426x121,28.0,1170.0,54.0,47.471,0.3866623997688293,bmm
,891,891x15x440x228,28.0,1170.0,54.0,53.31219999999999,2.378214406967163,bmm
,739,739x20x387x205,28.0,1170.0,54.68,57.51531999999997,1.4229632139205932,bmm
,1024,1024x21x479x232,28.0,1186.8,55.0,59.537799999999976,2.4015615940093995,bmm
,689,689x28x412x500,28.0,1224.0,55.56,62.017520000000005,2.684876823425293,bmm
,917,917x30x435x298,28.0,1230.0,56.0,51.37772,2.803923225402832,bmm
,635,635x12x259x390,28.0,1230.0,56.0,52.18883999999999,1.143059206008911,bmm
,868,868x24x476x864,36.0,1589.4,57.76,87.26628000000001,4.867583847045898,bmm
,860,860x4x334x987,36.0,1923.0,60.0,94.67452000000004,2.850617599487305,bmm
,693,693x2x291x588,36.0,1905.0,64.0,95.12699999999997,1.199449610710144,bmm
,863,863x19x1002x13,36.0,1905.0,64.0,102.81988000000004,1.2523711919784546,bmm
,900,900x7x911x25,36.0,1905.0,64.0,91.46751999999998,0.3075840055942535,bmm
,601,601x3x993x29,37.0,1905.0,64.0,75.33951999999998,0.1908224016427993,bmm
,692,692x30x656x36,37.0,1905.0,64.0,74.16076000000002,0.6757824063301087,bmm
,999,999x23x983x35,37.0,1905.0,64.0,96.33,1.4303232431411743,bmm
,717,717x4x618x56,37.0,1905.0,64.0,96.15668000000004,0.2630912005901337,bmm
,832,832x7x780x98,37.0,1905.0,65.0,80.46495999999996,0.7186048030853271,bmm
,750,750x13x848x113,37.0,1905.0,65.0,95.97800000000002,0.9924415946006776,bmm
,978,978x13x989x111,37.0,1905.0,65.0,106.59683999999994,1.492934417724609,bmm
,565,565x22x632x152,34.92,1905.0,67.88,114.244,1.0296447992324829,bmm
,867,867x9x898x173,24.0,1905.0,69.0,116.80691999999996,1.4891647815704343,bmm
,926,926x7x609x144,24.0,1620.0,69.0,111.486,0.9021504044532777,bmm
,596,596x31x732x318,24.0,1620.0,67.32,82.96647999999998,2.306931161880493,bmm
,644,644x29x761x371,24.0,1768.2,67.0,88.93748,2.3934720516204835,bmm
,947,947x25x741x265,24.0,1882.2,68.6,116.62927999999997,3.135955190658569,bmm
,569,569x27x534x713,39.0,1884.6,69.0,108.81996000000008,2.778438377380371,bmm
,965,965x23x596x857,39.0,1804.2,73.0,126.01264,6.056595134735107,bmm
,529,529x16x620x758,39.0,1852.8,73.88,144.02244,4.161369609832764,bmm
,553,553x33x8x12,48.0,1890.0,74.0,115.74800000000003,0.0217087995260953,bmm
,931,931x35x25x2,48.0,1890.0,74.0,68.722,0.0573440007865428,bmm
,957,957x61x32x10,48.0,1890.0,68.0,67.13984,0.0628224000334739,bmm
,919,919x65x9x45,48.0,1890.0,68.0,66.59140000000002,0.0799167975783348,bmm
,974,974x53x25x55,48.0,1890.0,68.0,66.87644000000002,0.0693376004695892,bmm
,536,536x39x22x33,48.0,1890.0,68.0,67.05439999999997,0.0346367992460727,bmm
,854,854x49x6x112,48.0,1890.0,66.8,66.52807999999997,0.0694912001490593,bmm
,846,846x38x19x119,48.0,1890.0,66.0,66.04104000000005,0.0824831992387771,bmm
,877,877x41x9x129,7.52,1898.4,66.0,65.35332000000002,0.1126592010259628,bmm
,937,937x35x31x173,4.0,1905.0,64.0,67.10735999999999,0.1685952007770538,bmm
,637,637x62x6x240,4.0,1905.0,64.0,70.23763999999997,0.1335040003061294,bmm
,984,984x53x20x223,4.0,1905.0,64.0,70.93599999999998,0.1978752017021179,bmm
,736,736x37x15x334,4.0,1905.0,64.0,72.35336000000002,0.1700544029474258,bmm
,990,990x57x33x437,4.0,1905.0,64.6,77.05691999999996,0.4845120012760162,bmm
,1006,1006x41x17x338,4.0,1905.0,65.0,85.25336000000003,0.2674752056598663,bmm
,737,737x46x32x873,4.0,960.0,65.0,76.58488000000001,1.0355967998504638,bmm
,699,699x52x30x929,12.28,949.2,63.72,48.55935999999998,1.169273591041565,bmm
,945,945x42x7x735,13.0,939.0,61.0,44.88463999999999,0.684716796875,bmm
,1024,1024x53x37x7,13.0,894.0,61.0,37.47524000000001,0.1491135984659194,bmm
,590,590x49x50x22,13.0,840.0,57.0,36.451000000000015,0.1228799968957901,bmm
,846,846x48x56x9,13.0,780.0,57.0,36.93899999999999,0.165855997800827,bmm
,645,645x60x38x58,13.0,780.0,57.0,37.540999999999976,0.1196544021368026,bmm
,569,569x59x64x48,13.0,735.0,57.0,37.34500000000002,0.148921599984169,bmm
,966,966x38x43x44,12.36,722.4,55.0,37.49836,0.1904256045818328,bmm
,668,668x33x50x92,12.0,690.0,55.0,37.33419999999997,0.276966392993927,bmm
,676,676x50x41x124,12.0,648.6,55.0,37.70848,0.2673792004585266,bmm
,561,561x56x49x124,12.0,643.2,54.88,37.91195999999998,0.2621247947216034,bmm
,602,602x35x44x165,12.0,586.8,54.0,36.71352,0.4097536027431488,bmm
,862,862x50x35x233,12.0,570.0,54.0,38.17528000000001,0.6941887974739075,bmm
,877,877x57x57x192,12.0,540.0,54.0,41.05275999999999,0.8262464046478272,bmm
,574,574x61x61x276,15.0,527.4,54.0,40.17256,0.9921599864959716,bmm
,585,585x41x37x388,15.0,517.8,54.0,41.06111999999999,0.9953343987464904,bmm
,569,569x44x33x349,15.0,510.0,53.0,39.21699999999999,0.7665599942207336,bmm
,998,998x47x33x568,15.0,501.0,53.0,42.0392,2.1960256099700928,bmm
,867,867x51x33x881,15.0,580.8,53.0,43.6876,2.2306431770324706,bmm
,699,699x60x41x665,22.56,615.0,53.0,43.36988,1.701952004432678,bmm
,538,538x61x115x25,36.0,615.0,53.0,42.59739999999998,0.2782208085060119,bmm
,662,662x50x71x17,36.0,615.0,53.0,37.45139999999999,0.2144383996725082,bmm
,758,758x62x78x4,36.0,615.0,53.0,36.971,0.2632704019546509,bmm
,588,588x62x129x33,36.0,615.0,53.0,37.78908000000001,0.3467328011989593,bmm
,641,641x60x95x46,36.0,615.0,52.64,37.50536000000002,0.2743232011795044,bmm
,630,630x52x124x57,36.0,615.0,52.0,37.49300000000002,0.3274560034275054,bmm
,587,587x40x98x118,36.0,615.0,52.0,38.88956,0.4615231990814209,bmm
,1010,1010x42x70x120,15.0,615.0,52.0,38.79432,0.5550655961036682,bmm
,1005,1005x52x75x103,15.0,615.0,52.0,40.05499999999998,0.6053184032440185,bmm
,627,627x55x74x150,15.0,615.0,52.0,40.667279999999984,0.608460795879364,bmm
,891,891x61x115x240,15.0,615.0,52.0,41.352440000000016,1.5105984210968018,bmm
,988,988x36x75x167,15.0,547.8,52.0,42.68220000000001,0.9278208017349244,bmm
,544,544x62x79x470,15.0,503.4,52.0,42.508960000000016,1.5597631931304932,bmm
,794,794x54x95x389,27.16,514.2,52.0,43.67892,2.585388803482056,bmm
,664,664x43x90x504,31.0,535.2,52.0,44.41672,2.075072002410889,bmm
,609,609x38x109x542,31.0,540.0,52.48,43.9032,2.699871969223022,bmm
,705,705x60x67x554,31.0,554.4,53.0,43.19116,2.1325119972229003,bmm
,579,579x39x114x715,31.0,570.0,53.0,45.72596000000001,3.102009630203247,bmm
,545,545x34x182x22,42.0,645.0,53.0,45.952,0.3746624052524566,bmm
,704,704x49x165x15,42.0,645.0,53.0,38.849160000000005,0.4306687951087952,bmm
,851,851x65x180x16,42.0,645.0,52.68,39.72180000000002,1.0512831926345825,bmm
,525,525x65x155x40,42.0,645.0,52.0,40.231360000000016,0.5886592030525207,bmm
,817,817x47x245x35,42.0,645.0,52.0,39.93500000000002,0.70971519947052,bmm
,574,574x47x191x56,42.0,645.0,52.0,40.137000000000015,0.4122624039649963,bmm
,641,641x60x129x86,42.0,645.0,52.0,39.19100000000002,0.5952960014343261,bmm
,851,851x38x146x65,26.04,645.0,52.0,40.506240000000005,0.8650496006011963,bmm
,551,551x47x170x83,21.0,645.0,52.0,39.76992000000001,0.6567552089691162,bmm
,809,809x43x213x225,21.0,645.0,52.0,43.72299999999999,2.215769577026367,bmm
,564,564x34x173x212,21.0,720.0,52.0,45.15719999999998,1.162003231048584,bmm
,1018,1018x48x130x218,21.0,720.0,52.28,42.24600000000002,1.6401600122451785,bmm
,763,763x61x227x505,21.76,780.0,53.0,50.38843999999998,3.726489591598511,bmm
,817,817x34x155x377,40.0,1110.0,53.2,53.55072,1.4826943635940553,bmm
,521,521x44x214x333,40.0,1110.0,54.0,51.02955999999998,1.2495359897613525,bmm
,705,705x41x159x987,40.0,1140.0,54.0,56.66679999999999,3.28059515953064,bmm
,745,745x54x228x721,40.0,1332.0,55.0,67.19116,2.859622383117676,bmm
,747,747x54x217x599,40.4,1740.0,55.0,77.9746,2.01810564994812,bmm
,835,835x47x462x4,41.0,1740.0,59.0,66.52248000000002,0.5050368070602417,bmm
,979,979x36x268x29,41.0,1740.0,59.0,64.11895999999996,0.3476351976394653,bmm
,614,614x51x410x20,41.0,1740.0,59.0,62.961199999999984,0.3813184022903442,bmm
,998,998x43x417x42,41.0,1740.0,59.0,63.00920000000002,0.6448832035064698,bmm
,973,973x63x435x54,41.0,1740.0,60.0,70.99,0.9239744186401369,bmm
,669,669x59x483x46,41.0,1740.0,60.0,78.37444,0.6630656003952027,bmm
,671,671x34x503x104,41.0,1740.0,60.0,71.09636000000003,0.7943871855735779,bmm
,686,686x38x436x83,18.0,1740.0,60.24,71.64080000000003,0.7276607871055603,bmm
,583,583x36x355x97,18.0,1740.0,61.0,71.38699999999996,0.5200512170791626,bmm
,1006,1006x37x397x251,18.0,1740.0,61.0,82.86339999999997,1.8894975900650024,bmm
,983,983x62x334x149,18.0,1740.0,61.36,82.48800000000003,1.3700608015060425,bmm
,687,687x35x404x133,18.0,1689.6,64.0,91.62904,1.0229376316070558,bmm
,924,924x38x445x465,18.0,1782.6,64.0,94.17756,3.508121633529663,bmm
,908,908x64x415x344,35.28,1901.4,68.0,112.81116,2.5006911754608154,bmm
,1013,1013x36x480x403,36.0,1890.6,68.64,130.80456,4.10252799987793,bmm
,585,585x65x428x514,36.0,1861.8,70.0,148.78328,5.613164806365967,bmm
,810,810x33x453x670,43.56,1858.8,74.0,144.78127999999998,4.717811203002929,bmm
,784,784x52x405x589,45.0,1861.2,74.8,137.21996,3.442464017868042,bmm
,1020,1020x63x558x19,45.0,1890.0,78.0,110.20303999999992,1.0398720264434815,bmm
,782,782x65x952x33,45.0,1890.0,78.0,108.32311999999996,1.7199999809265136,bmm
,654,654x40x904x23,45.0,1890.0,76.4,120.56535999999998,0.7646463871002197,bmm
,752,752x42x664x46,45.0,1890.0,73.0,94.3526,0.6658367991447449,bmm
,579,579x61x668x35,37.0,1890.0,73.0,95.53000000000002,0.7682432055473327,bmm
,647,647x33x553x58,37.0,1890.0,73.0,102.47479999999996,0.4809024035930633,bmm
,1019,1019x55x521x65,37.0,1890.0,70.0,99.17112000000004,1.168115210533142,bmm
,892,892x45x822x106,37.0,1890.0,70.0,110.66496000000002,1.5941632270812989,bmm
,704,704x55x1002x80,37.0,1890.0,70.0,130.9663999999999,1.5804991960525512,bmm
,583,583x48x833x149,37.0,1882.2,73.0,125.88092,1.8101951837539676,bmm
,925,925x54x658x185,35.4,1876.2,73.0,124.30716000000004,2.3825024127960206,bmm
,720,720x44x873x247,33.0,1881.0,75.24,129.57251999999994,2.706438446044922,bmm
,967,967x46x738x507,33.0,1819.2,76.64,150.75884,6.313868808746338,bmm
,882,882x53x930x319,42.0,1843.8,74.0,128.86944000000005,5.340454483032227,bmm
,700,700x63x1007x359,48.0,1832.4,76.0,140.80832,4.661945533752442,bmm
,684,684x54x842x980,49.6,1767.0,75.12,147.72079999999997,10.403596878051758,bmm
,887,887x47x718x771,53.0,1787.4,78.4,153.79956,9.855379104614258,bmm
,585,585x34x646x584,53.0,1860.0,80.0,142.03315999999998,4.05601921081543,bmm
,593,593x121x31x33,57.0,1869.6,80.0,120.71599999999994,0.0825791984796524,bmm
,592,592x124x19x3,57.0,1875.0,74.0,74.38100000000003,0.0655039995908737,bmm
,902,902x106x9x31,57.0,1888.2,74.0,70.05936000000001,0.0798783972859382,bmm
,811,811x97x18x55,57.0,1890.0,74.0,70.07992000000002,0.0877951994538307,bmm
,558,558x82x30x51,57.0,1890.0,74.0,70.93220000000005,0.0737536013126373,bmm
,855,855x129x26x36,57.0,1890.0,68.0,71.04047999999997,0.150118401646614,bmm
,802,802x108x11x79,57.0,1890.0,68.0,72.57048,0.1269567996263504,bmm
,634,634x117x12x65,52.84,1890.0,68.0,65.81300000000005,0.1018688008189201,bmm
,529,529x125x2x92,5.0,1903.2,66.0,66.33552000000005,0.0694655999541282,bmm
,1009,1009x110x20x158,5.0,1905.0,66.0,69.79136000000003,0.3004223883152008,bmm
,925,925x74x7x242,5.0,1905.0,66.0,77.03399999999998,0.229663997888565,bmm
,988,988x124x21x176,5.0,1905.0,66.0,75.64599999999997,0.3299968004226684,bmm
,837,837x112x16x495,5.0,1905.0,66.0,83.18000000000004,0.651091206073761,bmm
,993,993x92x27x263,5.0,1905.0,66.0,95.8152,0.6778879761695862,bmm
,730,730x106x15x406,5.0,1396.2,66.0,86.49599999999998,0.4404991924762725,bmm
,751,751x77x16x712,11.0,1093.8,63.96,47.08768,1.1447232246398926,bmm
,950,950x110x9x927,15.0,1014.6,61.56,48.06512000000002,2.159168004989624,bmm
,520,520x110x19x1017,15.0,984.6,60.0,52.17743999999997,1.4249216079711915,bmm
,542,542x75x44x32,15.0,975.0,60.0,45.4708,0.164147201180458,bmm
,777,777x104x39x23,15.0,915.0,57.0,36.23660000000001,0.2168320000171661,bmm
,698,698x111x55x33,19.0,840.0,57.0,37.53172000000002,0.2587199985980987,bmm
,555,555x98x60x56,19.0,840.0,57.0,38.183,0.2337791979312896,bmm
,945,945x105x39x42,19.0,795.0,57.0,38.39499999999999,0.3030272126197815,bmm
,662,662x84x61x60,19.0,778.2,55.0,38.100560000000016,0.2933183968067169,bmm
,602,602x92x43x126,19.0,695.4,55.0,37.45508000000002,0.4796992003917694,bmm
,786,786x78x62x89,19.0,681.6,54.56,40.26156000000001,0.802233612537384,bmm
,873,873x116x42x122,19.0,660.0,54.0,40.79048000000001,0.675814402103424,bmm
,547,547x103x34x203,15.0,630.0,54.0,40.067,0.7907904028892517,bmm
,570,570x75x59x187,15.0,620.4,54.0,41.03467999999999,1.245465588569641,bmm
,906,906x71x58x197,15.0,615.0,54.0,42.98072,2.0141056060791014,bmm
,946,946x102x53x311,15.0,665.4,54.0,45.14171999999999,2.193990468978882,bmm
,990,990x92x44x302,15.0,721.8,54.0,46.31056000000002,2.248505544662476,bmm
,514,514x101x56x449,31.56,735.0,54.0,45.31196,1.4878783702850342,bmm
,597,597x91x58x699,38.0,807.0,54.0,46.9352,2.90318078994751,bmm
,629,629x109x52x991,38.0,1026.6,54.0,49.81583999999999,2.664422369003296,bmm
,741,741x120x55x672,38.0,1064.4,55.0,52.90548,2.26430082321167,bmm
,913,913x72x122x19,38.0,1065.0,55.0,51.52940000000002,0.4953919947147369,bmm
,810,810x88x99x9,38.0,1065.0,55.0,44.551000000000016,0.3785279929637909,bmm
,789,789x67x99x29,38.0,1065.0,54.08,43.97808000000002,0.3639551997184753,bmm
,566,566x128x77x63,38.0,1065.0,54.0,42.646920000000016,0.2431104004383087,bmm
,608,608x79x71x43,38.0,1065.0,54.0,42.58015999999999,0.218528002500534,bmm
,771,771x83x121x59,38.0,1065.0,54.0,42.29099999999997,0.4361344039440155,bmm
,929,929x108x73x98,38.0,1065.0,54.0,47.02983999999999,0.63160320520401,bmm
,640,640x88x105x100,38.0,1065.0,54.0,47.30016,0.6495679974555969,bmm
,984,984x97x72x125,38.0,1065.0,54.0,46.45320000000001,0.6082559823989868,bmm
,574,574x65x81x174,29.6,1065.0,54.0,47.80292,0.9336384057998656,bmm
,734,734x94x103x160,17.0,1065.0,54.0,48.05684000000004,1.3888447761535645,bmm
,579,579x113x78x177,17.0,1065.0,54.0,50.90288,0.6591935992240906,bmm
,668,668x84x108x317,17.0,885.0,54.0,48.91012,1.9862720012664796,bmm
,872,872x99x87x274,17.0,906.0,54.0,45.66616,2.2082879543304443,bmm
,722,722x82x69x490,17.0,1003.2,54.0,45.95180000000001,2.2352832317352296,bmm
,778,778x65x77x1011,37.0,1245.0,54.0,59.56435999999999,4.034278488159179,bmm
,519,519x103x96x972,37.0,1590.0,56.52,74.90696000000001,2.2296064376831053,bmm
,550,550x70x109x986,37.0,1635.0,57.0,88.24116,2.898227167129517,bmm
,938,938x73x248x22,37.0,1815.0,59.16,66.20132000000002,0.5553087949752807,bmm
,821,821x128x207x26,37.0,1815.0,60.0,70.72399999999999,0.5533695936203002,bmm
,809,809x77x246x33,36.88,1815.0,60.0,76.37799999999997,0.5021632075309753,bmm
,637,637x72x206x39,36.0,1815.0,60.0,76.87599999999999,0.3432767987251282,bmm
,798,798x90x253x40,36.0,1815.0,60.88,71.8268,0.5421568036079407,bmm
,539,539x94x248x58,36.0,1815.0,61.0,59.37899999999998,0.406956797838211,bmm
,513,513x113x166x97,36.0,1815.0,61.0,72.87400000000001,0.4262784004211425,bmm
,588,588x94x193x93,36.0,1815.0,61.56,75.27671999999998,0.6091071963310242,bmm
,1002,1002x86x238x86,36.0,1815.0,62.0,81.42980000000001,1.1854399919509888,bmm
,752,752x115x202x139,36.0,1815.0,62.0,89.24600000000004,1.1610944032669068,bmm
,833,833x93x169x157,23.84,1815.0,62.84,99.26007999999996,1.477401614189148,bmm
,736,736x88x194x132,20.0,1815.0,65.0,87.13656000000003,1.4870912075042724,bmm
,900,900x119x209x284,20.0,1661.4,65.16,92.337,2.6665728092193604,bmm
,564,564x66x164x360,20.0,1575.0,66.0,83.06515999999996,1.6504064321517944,bmm
,543,543x71x131x290,20.0,1567.8,66.0,71.8358,1.333344006538391,bmm
,929,929x86x257x955,36.32,1819.2,64.0,124.49551999999996,9.45358066558838,bmm
,925,925x69x221x981,37.0,1829.4,72.0,155.90039999999996,8.115251350402833,bmm
,780,780x112x254x753,53.8,1819.2,73.0,143.34348000000003,5.362796783447266,bmm
,649,649x112x286x7,57.0,1875.0,73.0,112.34099999999994,0.519270396232605,bmm
,660,660x115x362x11,57.0,1890.0,72.56,90.455,0.7255679845809937,bmm
,961,961x109x502x13,57.0,1890.0,72.0,90.18452,1.208524799346924,bmm
,761,761x121x277x40,57.0,1890.0,72.0,110.48767999999995,0.767795205116272,bmm
,970,970x119x447x38,57.0,1890.0,69.72,93.55688000000004,1.6008831977844238,bmm
,931,931x76x270x55,29.0,1890.0,69.0,100.67784000000005,0.6486847877502442,bmm
,845,845x117x265x65,29.0,1890.0,69.0,96.54500000000004,1.001369571685791,bmm
,535,535x77x300x94,29.0,1890.0,69.0,119.62876000000004,0.7508288025856018,bmm
,856,856x116x276x82,29.0,1890.0,70.0,100.84604,1.0558016061782838,bmm
,659,659x100x391x184,29.0,1882.8,70.0,119.52232000000002,1.8322367906570436,bmm
,935,935x112x359x216,29.0,1876.2,71.2,131.85956,2.903001594543457,bmm
,839,839x86x264x142,30.44,1882.2,76.0,124.24539999999992,1.988115191459656,bmm
,934,934x66x309x351,33.0,1878.0,74.68,115.16839999999996,4.002694463729858,bmm
,605,605x89x336x429,33.0,1876.8,73.0,148.23388,3.686822414398194,bmm
,916,916x119x266x343,33.0,1842.0,73.0,117.8576,3.2767807960510256,bmm
,1004,1004x118x259x1012,40.0,1756.8,76.0,154.28468,9.906624031066894,bmm
,926,926x103x509x941,52.96,1735.2,78.6,147.42495999999994,19.310918426513677,bmm
,637,637x129x498x526,76.0,1733.4,82.08,154.19143999999997,13.121081733703614,bmm
,814,814x90x761x17,67.0,1831.2,83.48,120.85220000000004,1.7102144002914428,bmm
,652,652x84x1003x28,61.0,1824.0,83.0,110.10712,1.7129343748092651,bmm
,947,947x116x754x8,61.0,1860.0,83.0,117.72495999999995,2.388864040374756,bmm
,858,858x95x992x62,61.0,1854.6,79.0,121.7074,2.5407999992370605,bmm
,810,810x103x762x46,61.0,1860.0,79.0,115.25612000000002,2.1251776218414307,bmm
,898,898x86x920x65,34.0,1860.6,73.0,107.06427999999994,3.5883328437805178,bmm
,857,857x104x878x117,34.0,1861.2,73.0,138.77300000000002,3.320243263244629,bmm
,687,687x84x876x73,34.0,1868.4,76.0,127.88300000000008,2.6634496212005616,bmm
,548,548x78x548x115,34.0,1875.0,76.0,106.209,1.3895296096801757,bmm
,1018,1018x118x652x209,39.0,1811.4,77.6,149.76888000000005,5.82366714477539,bmm
,959,959x125x982x255,39.0,1749.0,78.6,152.04484000000005,8.36499195098877,bmm
,619,619x89x905x226,41.64,1834.2,79.84,151.04012000000003,5.095660877227783,bmm
,991,991x108x768x489,61.0,1755.6,80.32,150.80056000000002,13.671955108642578,bmm
,857,857x103x566x484,57.0,1719.0,82.0,152.17072000000005,9.52016658782959,bmm
,921,921x123x672x260,56.0,1686.0,83.0,143.25864,8.71854076385498,bmm
,886,886x127x557x797,67.2,1608.0,84.68,146.21071999999998,16.899257278442384,bmm
,936,936x109x730x575,71.44,1558.8,85.36,126.03976000000006,16.715231704711915,bmm
,618,618x120x527x530,73.0,1721.4,81.44,120.82460000000005,7.328307151794434,bmm
,765,765x196x24x15,73.0,1842.0,80.0,152.4989999999999,0.1463231950998306,bmm
,573,573x204x16x4,61.56,1863.0,80.0,78.95379999999999,0.0939968004822731,bmm
,863,863x227x5x17,47.0,1875.0,73.0,71.28772000000004,0.1167424023151397,bmm
,665,665x168x2x53,47.0,1896.6,73.0,66.96524000000004,0.069708801805973,bmm
,981,981x167x13x33,47.0,1905.0,69.16,72.10855999999997,0.1266943991184234,bmm
,882,882x203x30x58,47.0,1905.0,69.0,75.00199999999997,0.2164032012224197,bmm
,530,530x176x7x126,47.0,1905.0,69.0,80.20399999999997,0.1574591964483261,bmm
,870,870x213x2x80,33.56,1905.0,69.0,75.28600000000004,0.2090559989213943,bmm
,766,766x207x1x92,5.0,1905.0,67.0,77.71399999999996,0.1515776008367538,bmm
,686,686x140x11x193,5.0,1905.0,67.0,76.61208,0.3691007971763611,bmm
,794,794x211x14x170,5.0,1905.0,67.0,80.67600000000004,0.3994367957115173,bmm
,943,943x154x5x202,5.0,930.0,66.68,82.222,0.7056383907794952,bmm
,812,812x207x25x278,5.0,903.0,65.0,39.7538,2.0386431217193604,bmm
,914,914x222x17x277,13.84,880.2,60.6,43.479399999999984,2.02109432220459,bmm
,659,659x149x2x419,22.0,867.0,60.0,43.14959999999999,1.1446784019470215,bmm
,969,969x224x33x844,22.0,1243.8,58.0,62.96816000000003,4.46051836013794,bmm
,794,794x237x6x918,22.0,1680.0,58.2,73.70704,1.9571391582489013,bmm
,774,774x134x30x954,30.28,1708.8,63.0,79.95739999999998,2.613248014450073,bmm
,652,652x217x35x29,45.0,1860.0,63.0,89.96924000000001,0.1843648016452789,bmm
,580,580x161x56x31,45.0,1860.0,63.0,67.92392000000001,0.1447039991617202,bmm
,628,628x156x36x8,45.0,1860.0,63.0,64.97280000000002,0.1300224006175994,bmm
,518,518x187x45x52,45.0,1860.0,63.0,63.91000000000001,0.1370367974042892,bmm
,883,883x257x39x38,45.0,1860.0,63.0,65.48,0.303193598985672,bmm
,589,589x255x44x64,45.0,1860.0,63.0,73.13200000000005,0.2088640004396438,bmm
,700,700x172x39x98,45.0,1860.0,63.0,69.66800000000005,0.2664896011352539,bmm
,795,795x203x46x88,45.0,1860.0,63.0,72.51388000000001,0.4363775968551636,bmm
,763,763x224x39x70,11.0,1860.0,63.0,73.19804000000003,0.3756416082382202,bmm
,519,519x206x59x153,11.0,1860.0,63.0,75.82244000000003,0.5721663951873779,bmm
,918,918x177x51x138,11.0,1860.0,64.0,82.31199999999995,0.688153600692749,bmm
,647,647x180x62x257,11.0,1860.0,64.0,93.88780000000004,0.979263997077942,bmm
,695,695x187x43x259,11.0,1860.0,64.0,85.51732000000001,0.8522047996520996,bmm
,618,618x140x33x432,11.0,1860.0,65.44,93.74192,1.1120383977890014,bmm
,524,524x232x42x301,11.0,1581.6,66.0,91.39579999999998,0.8543231964111329,bmm
,900,900x136x36x972,25.72,1593.0,66.0,77.29759999999999,3.6757568359375,bmm
,625,625x239x61x853,27.0,1890.6,66.0,111.34579999999994,2.8716224193573,bmm
,521,521x219x38x630,27.0,1905.0,67.6,95.21628000000004,1.2422336101531983,bmm
,662,662x145x124x18,27.0,1905.0,70.0,122.86900000000004,0.3176896035671234,bmm
,632,632x134x81x3,27.0,1905.0,70.0,84.28099999999996,0.2161792010068893,bmm
,790,790x165x88x2,27.0,1905.0,70.0,77.18699999999995,0.2605823993682861,bmm
,910,910x142x121x42,28.04,1905.0,69.44,79.83324000000002,0.4655872046947479,bmm
,601,601x161x121x42,29.0,1905.0,68.0,91.64715999999996,0.3354944050312042,bmm
,557,557x196x86x64,29.0,1905.0,68.0,83.29024000000001,0.2749055981636047,bmm
,926,926x226x124x87,29.0,1905.0,68.0,92.74875999999996,1.0708864450454711,bmm
,571,571x217x94x85,29.0,1905.0,68.0,104.954,0.5262464046478271,bmm
,619,619x255x101x87,29.0,1905.0,68.0,95.46056,0.6170560002326966,bmm
,898,898x156x96x187,29.0,1905.0,68.0,105.28952,1.0006399869918825,bmm
,1023,1023x207x95x225,29.0,1905.0,69.8,113.38539999999998,1.863641619682312,bmm
,717,717x250x67x242,23.24,1905.0,73.0,133.22172000000006,1.0431360006332395,bmm
,595,595x250x121x471,23.0,1842.0,72.36,105.49111999999997,2.7743616580963133,bmm
,668,668x236x65x461,23.0,1725.0,71.0,108.22024,2.13412480354309,bmm
,741,741x200x109x462,23.0,1893.6,71.48,107.6554,3.027507209777832,bmm
,646,646x135x125x936,34.2,1872.6,73.2,125.79707999999997,5.571507167816162,bmm
,831,831x150x118x946,37.0,1829.4,77.0,156.99504000000007,6.82799997329712,bmm
,922,922x145x98x632,37.0,1865.4,77.0,141.38579999999993,4.272851181030274,bmm
,855,855x152x155x11,52.0,1885.2,77.0,119.11312000000002,0.5205311894416809,bmm
,817,817x172x217x16,52.0,1890.0,75.8,88.79799999999999,0.7879487872123718,bmm
,837,837x168x164x8,52.0,1890.0,74.0,103.575,0.5322304010391236,bmm
,822,822x149x137x44,52.0,1890.0,74.0,92.14336000000004,0.4961727917194366,bmm
,687,687x168x190x50,52.0,1890.0,74.0,93.25963999999998,0.6115328073501587,bmm
,898,898x140x248x37,52.0,1890.0,71.0,94.91599999999998,0.8626496076583863,bmm
,1010,1010x172x186x114,52.0,1890.0,71.0,116.374,1.3193984031677246,bmm
,562,562x246x206x105,50.84,1890.0,71.0,112.01504000000008,1.0666176080703735,bmm
,862,862x163x250x106,23.0,1890.0,72.68,126.81432000000004,1.4525503873825074,bmm
,880,880x176x147x204,23.0,1884.6,73.0,115.65604,1.806752038002014,bmm
,515,515x240x226x237,23.0,1882.8,73.0,137.68419999999998,2.135718393325805,bmm
,987,987x170x245x201,23.0,1876.8,75.0,136.5788,3.1865407466888427,bmm
,806,806x143x130x437,23.0,1871.4,75.0,138.56672,3.746015977859497,bmm
,582,582x249x224x299,41.0,1853.4,77.0,143.49972000000005,3.451007986068725,bmm
,671,671x184x242x400,41.0,1839.0,77.72,132.85175999999998,4.394822311401367,bmm
,643,643x129x245x551,41.0,1830.0,79.0,153.67751999999996,6.285523128509522,bmm
,868,868x197x161x717,48.0,1780.8,81.0,140.24924000000004,8.180915260314942,bmm
,537,537x221x244x833,48.0,1723.8,82.0,155.71368,8.644089698791504,bmm
,974,974x224x261x19,48.0,1864.8,82.0,127.76719999999992,1.350656008720398,bmm
,1004,1004x203x269x21,56.0,1875.0,82.0,111.31199999999998,1.3997888088226318,bmm
,718,718x138x340x28,56.0,1875.0,82.0,104.36388,0.9206784009933472,bmm
,866,866x159x433x39,56.0,1875.0,74.0,99.61152,1.8604223728179927,bmm
,797,797x239x264x35,56.0,1875.0,74.0,121.09855999999996,1.2906368255615237,bmm
,616,616x166x385x34,53.44,1888.2,72.4,81.89327999999995,1.1976063966751098,bmm
,685,685x242x309x123,24.0,1888.8,72.0,124.08804000000003,1.9255935907363888,bmm
,1006,1006x186x431x109,24.0,1879.2,73.2,143.99356,2.9889472007751463,bmm
,713,713x194x441x99,24.0,1876.8,78.0,145.9629999999999,2.734771251678467,bmm
,621,621x207x320x140,24.0,1884.0,78.0,135.78723999999994,2.7417791843414308,bmm
,707,707x256x433x208,35.76,1828.8,77.0,154.1386400000001,5.467833614349365,bmm
,705,705x253x393x243,45.0,1816.8,78.92,143.22107999999997,4.966726493835449,bmm
,628,628x194x338x507,45.0,1807.8,80.28,151.88176,7.6718847274780275,bmm
,630,630x240x359x393,53.0,1794.0,79.44,136.95356000000004,8.284364700317383,bmm
,787,787x136x322x367,53.0,1777.2,80.8,142.54396,6.254316806793213,bmm
,674,674x146x342x874,57.6,1704.0,84.92,115.74275999999996,13.089459228515626,bmm
,915,915x158x400x758,57.32,1676.4,81.8,143.46159999999998,18.20544013977051,bmm
,889,889x226x415x770,52.6,1619.4,84.48,141.59887999999998,24.71510429382324,bmm
,1016,1016x190x671x1,55.36,1867.2,78.0,73.93983999999999,1.2552639961242675,bmm
,627,627x233x610x5,64.0,1875.0,78.0,100.15171999999998,2.317535972595215,bmm
,758,758x131x682x27,64.0,1875.0,77.2,123.45387999999998,1.8927744150161745,bmm
,675,675x182x586x61,64.0,1875.0,77.0,123.89363999999992,2.215059185028076,bmm
,541,541x243x799x65,64.0,1852.2,78.44,141.48680000000004,3.742239999771118,bmm
,741,741x199x656x62,45.0,1866.6,80.0,143.10187999999994,2.91466875076294,bmm
,930,930x236x1005x96,39.0,1748.4,80.0,158.64195999999995,8.236697769165039,bmm
,890,890x156x884x73,39.0,1813.8,80.0,139.54316000000006,5.897728061676025,bmm
,520,520x184x759x110,54.12,1839.0,80.0,145.75716000000008,2.714540719985962,bmm
,978,978x221x864x233,57.0,1689.0,82.72,153.72976000000006,15.867283058166503,bmm
,691,691x191x936x185,63.08,1684.8,85.24,138.53992,7.316627120971679,bmm
,718,718x197x602x143,65.0,1803.6,81.92,130.70831999999996,5.944729614257812,bmm
,982,982x145x709x481,51.2,1600.8,81.0,140.92924000000002,23.722604751586918,bmm
,1025,1025x251x526x287,70.24,1639.8,84.44,149.79684,15.417804718017578,bmm
,688,688x173x547x294,72.0,1656.0,87.0,127.02648000000006,7.855142307281494,bmm
,713,713x185x566x525,68.0,1552.8,85.96,133.61744,14.614527702331545,bmm
,823,823x232x557x535,76.64,1557.0,85.0,139.41531999999998,23.3189380645752,bmm
,703,703x133x686x956,80.0,1528.8,85.0,135.64988000000002,34.133504486083986,bmm
,703,703x453x18x3,80.0,1680.0,83.0,109.82820000000004,0.310860800743103,bmm
,912,912x418x20x22,75.0,1858.2,76.84,69.63055999999997,0.3171712040901184,bmm
,741,741x273x5x30,75.0,1875.0,76.0,80.12839999999994,0.1249279975891113,bmm
,1016,1016x360x33x33,75.0,1882.2,75.2,76.39108000000002,0.4195840060710907,bmm
,957,957x490x27x56,75.0,1890.0,71.0,81.82336000000001,0.4608832001686096,bmm
,551,551x368x1x38,75.0,1890.0,71.0,85.16128,0.1034815996885299,bmm
,989,989x339x28x111,75.0,1890.0,71.0,79.75064000000002,0.622758400440216,bmm
,822,822x338x12x71,9.0,1890.0,70.0,88.26991999999994,0.3702912032604217,bmm
,811,811x457x26x72,9.0,1890.0,70.0,85.27556000000004,0.6637439966201782,bmm
,957,957x288x29x135,9.0,1890.0,70.0,97.41756,0.8392767906188965,bmm
,722,722x369x23x256,9.0,1890.0,70.44,95.44811999999996,0.8934208035469056,bmm
,741,741x494x7x217,9.0,1640.4,71.0,103.4618,0.9815680027008056,bmm
,779,779x376x19x317,9.0,1402.8,69.04,57.70983999999998,1.6875327825546265,bmm
,601,601x350x29x267,22.0,1302.6,64.0,52.391200000000026,1.6247743844985962,bmm
,674,674x468x32x406,22.0,1396.8,62.4,63.55820000000004,2.721324777603149,bmm
,766,766x314x21x739,22.0,1766.4,62.0,82.25600000000003,2.1520383834838865,bmm
,786,786x377x5x702,22.0,1903.2,66.0,91.36788000000004,2.368172788619995,bmm
,915,915x258x8x782,41.0,1905.0,66.0,94.56199999999998,2.147878313064575,bmm
,555,555x441x53x8,41.0,1905.0,69.0,125.47600000000008,0.312691193819046,bmm
,766,766x493x39x14,41.0,1905.0,69.0,82.59411999999996,0.403244799375534,bmm
,996,996x290x55x18,41.0,1905.0,69.0,83.0578,0.3998656034469604,bmm
,898,898x310x54x45,41.0,1905.0,69.0,82.19488,0.3916096031665802,bmm
,557,557x338x45x53,41.0,1905.0,67.0,83.48688000000001,0.259308797121048,bmm
,793,793x290x42x40,41.0,1905.0,67.0,78.34300000000003,0.2945791959762573,bmm
,729,729x268x43x79,26.0,1905.0,67.0,82.14100000000002,0.4840768039226532,bmm
,600,600x352x49x100,16.0,1905.0,67.0,91.225,0.5348991990089417,bmm
,704,704x283x53x107,16.0,1905.0,67.0,91.03715999999996,0.5237695932388305,bmm
,919,919x358x34x135,16.0,1905.0,67.0,96.22339999999996,1.1078783750534058,bmm
,793,793x395x48x134,16.0,1905.0,67.0,113.65236000000006,1.1557695865631104,bmm
,948,948x317x38x149,16.0,1449.6,68.6,97.54523999999998,1.1595136165618896,bmm
,992,992x501x42x499,20.0,1663.2,69.0,99.77676,4.738284778594971,bmm
,733,733x286x61x401,36.0,1897.2,70.0,120.77352,2.390515184402466,bmm
,942,942x343x52x411,36.0,1870.8,71.12,120.25156000000004,3.320422458648681,bmm
,808,808x267x34x588,36.0,1881.0,74.0,126.47183999999991,2.429631996154785,bmm
,544,544x407x53x982,38.72,1843.8,74.76,139.76484,4.532364845275879,bmm
,873,873x372x35x781,40.0,1853.4,75.6,132.43739999999994,4.476076889038086,bmm
,991,991x382x95x32,40.0,1882.8,78.0,108.88812,0.804198396205902,bmm
,898,898x456x94x5,40.0,1890.0,78.0,102.36192000000004,0.9033408045768738,bmm
,914,914x273x122x6,40.0,1890.0,77.4,99.65248,0.7263487935066223,bmm
,601,601x354x111x61,40.0,1890.0,73.0,95.7994,0.5882303953170777,bmm
,998,998x490x90x65,36.0,1890.0,73.0,113.48167999999998,1.7994688034057618,bmm
,541,541x415x82x39,36.0,1890.0,73.0,92.324,0.4604479968547821,bmm
,1012,1012x368x92x88,36.0,1890.0,71.0,102.23320000000004,1.3770560026168823,bmm
,620,620x356x117x83,36.0,1890.0,71.0,115.83691999999998,1.0277055978775025,bmm
,590,590x427x115x82,36.0,1890.0,71.0,108.52324000000004,1.1429632186889649,bmm
,570,570x469x112x233,36.0,1873.8,73.0,124.22124000000008,2.330604839324951,bmm
,911,911x287x126x254,30.0,1873.8,73.0,128.90063999999998,2.729196786880493,bmm
,620,620x434x103x238,30.0,1877.4,75.16,131.10924,2.158393621444702,bmm
,967,967x389x129x286,30.0,1838.4,75.2,123.60424000000005,6.362739181518554,bmm
,988,988x447x69x284,37.04,1845.0,74.0,143.10356,3.7649728298187255,bmm
,859,859x350x78x439,46.0,1827.6,76.0,139.53991999999997,4.048095989227295,bmm
,725,725x406x110x892,46.0,1737.6,78.04,158.62283999999997,9.594662475585938,bmm
,605,605x466x120x522,55.6,1789.2,80.92,148.19924000000006,6.738067150115967,bmm
,719,719x357x108x947,58.0,1752.6,76.0,137.58227999999997,9.05179500579834,bmm
,573,573x313x242x32,46.0,1872.6,74.0,72.52036000000004,1.0340480089187625,bmm
,572,572x463x165x2,46.0,1875.0,74.0,110.72908000000008,0.9657856106758118,bmm
,547,547x349x209x21,46.0,1888.8,72.48,80.89572000000003,0.964140808582306,bmm
,593,593x286x159x34,46.0,1890.0,72.0,90.29800000000004,0.6853567957878113,bmm
,808,808x513x158x38,46.0,1890.0,72.0,96.64100000000003,1.6197376012802125,bmm
,628,628x340x256x45,22.08,1890.0,73.0,133.23264,1.2677056074142456,bmm
,755,755x299x233x78,20.0,1886.4,73.0,118.38679999999994,1.980620813369751,bmm
,1004,1004x329x257x83,20.0,1877.4,73.0,116.26619999999998,3.478566360473633,bmm
,924,924x428x144x72,20.0,1888.8,73.0,125.85903999999996,2.0825151920318605,bmm
,669,669x378x246x208,26.4,1846.2,75.8,142.23156000000006,4.395097637176514,bmm
,698,698x311x206x149,40.0,1863.6,78.0,128.59660000000002,2.62674560546875,bmm
,818,818x405x253x234,40.0,1810.8,78.0,152.65024000000005,6.5336769104003904,bmm
,835,835x388x221x343,45.72,1764.6,77.0,160.9838,9.167891120910644,bmm
,602,602x423x207x262,51.0,1792.8,81.8,131.57320000000004,5.871263885498047,bmm
,978,978x352x239x363,52.6,1747.8,78.0,146.35339999999997,9.551264190673828,bmm
,653,653x424x135x788,56.0,1759.8,81.16,144.70496000000003,10.268940925598145,bmm
,584,584x382x164x911,53.48,1636.8,83.44,150.79644,11.912889671325685,bmm
,685,685x298x132x773,53.0,1655.4,86.0,137.26036000000008,8.216492843627929,bmm
,580,580x295x264x27,53.0,1833.0,86.0,87.08636000000006,1.1274944067001342,bmm
,533,533x413x398x28,58.0,1858.8,79.28,102.44343999999997,2.40796160697937,bmm
,576,576x427x394x8,58.0,1860.0,79.0,136.93056,2.4845312595367437,bmm
,846,846x269x470x63,58.0,1837.2,81.4,149.05824,3.459257650375366,bmm
,652,652x302x492x34,58.0,1819.8,83.0,123.89568,2.533900833129883,bmm
,853,853x365x469x37,48.4,1836.0,83.64,135.29940000000005,3.996832084655762,bmm
,1005,1005x381x337x115,42.0,1734.0,84.04,125.37024,4.862924766540528,bmm
,837,837x469x491x113,42.0,1668.0,84.6,142.35984000000005,7.906553649902344,bmm
,661,661x412x328x119,49.0,1834.2,80.0,122.86139999999996,3.3456704139709474,bmm
,947,947x395x278x203,49.0,1753.8,82.0,145.36891999999995,8.35168628692627,bmm
,584,584x370x263x249,49.36,1666.8,84.0,129.41199999999995,4.554521560668945,bmm
,714,714x384x434x198,52.0,1689.6,84.56,135.29416,8.82808322906494,bmm
,833,833x502x375x446,55.04,1582.2,83.64,127.92060000000006,23.56842193603516,bmm
,727,727x405x464x369,64.28,1665.0,83.4,146.53867999999994,16.66620788574219,bmm
,927,927x283x479x375,66.92,1537.2,85.88,117.92896,16.473138999938964,bmm
,838,838x316x295x950,69.28,1606.2,81.8,136.2594,24.63082847595215,bmm
,747,747x397x454x561,73.2,1495.2,85.28,136.28963999999996,30.336249542236327,bmm
,551,551x409x495x592,72.56,1605.6,84.88,139.54103999999995,22.08373107910156,bmm
,540,540x298x733x27,65.0,1851.0,84.0,95.96700000000004,3.56188793182373,bmm
,699,699x426x877x25,65.0,1804.2,83.0,160.20368000000002,7.8684991836547855,bmm
,918,918x493x751x26,51.0,1810.2,79.0,141.27487999999997,9.889650917053222,bmm
,547,547x275x687x53,51.0,1849.2,78.0,102.21668,3.2432767391204838,bmm
,618,618x499x666x65,47.8,1763.4,80.24,152.851,7.251519966125488,bmm
,569,569x473x885x55,47.0,1808.4,82.4,140.25171999999998,7.676128005981445,bmm
,541,541x274x602x87,47.4,1840.2,81.32,135.70095999999995,3.56212477684021,bmm
,890,890x327x844x115,48.0,1725.0,83.92,139.50739999999996,10.112550354003906,bmm
,695,695x512x846x65,52.84,1644.6,84.6,140.11927999999995,11.360889625549316,bmm
,713,713x418x785x196,60.68,1578.0,84.12,129.45104,18.75122528076172,bmm
,704,704x486x709x151,66.0,1536.6,84.08,143.07932,15.610809516906738,bmm
,652,652x300x953x214,71.52,1716.0,83.16,130.99072,14.167148971557618,bmm
,940,940x425x1013x377,71.04,1464.0,85.24,135.44632,51.56795501708984,bmm
,736,736x459x685x425,87.36,1464.6,85.44,133.75436,45.41589126586914,bmm
,695,695x324x678x355,88.8,1596.0,84.88,136.53872,20.23458595275879,bmm
,525,525x396x876x734,69.6,1506.0,84.6,133.9776,48.37109832763672,bmm
,731,731x623x33x12,92.0,1833.0,87.0,93.41523999999993,0.5055807948112487,bmm
,799,799x833x6x16,92.0,1860.0,86.36,88.78476000000005,0.3650496006011963,bmm
,841,841x796x21x15,92.0,1860.0,79.0,82.77384000000004,0.5443327903747559,bmm
,657,657x673x22x37,92.0,1878.0,79.0,80.07904000000006,0.3647040069103241,bmm
,893,893x989x18x34,92.0,1890.0,73.0,86.19304,0.6986048102378846,bmm
,1024,1024x788x29x65,50.0,1890.0,73.0,102.40368000000002,1.37849600315094,bmm
,836,836x651x3x99,17.0,1890.0,73.0,111.51719999999996,0.635264003276825,bmm
,862,862x981x27x68,17.0,1890.0,73.0,97.98615999999996,1.404864001274109,bmm
,770,770x936x23x87,17.0,1890.0,73.0,99.7594,1.0229696035385132,bmm
,657,657x798x18x161,17.0,1890.0,73.0,119.6392,1.257414436340332,bmm
,581,581x758x20x164,17.0,1890.0,73.0,110.95391999999995,1.0264960050582883,bmm
,669,669x516x8x155,17.0,1575.0,73.0,111.05299999999994,0.6960895895957947,bmm
,640,640x620x33x423,29.0,1546.2,70.6,77.57548000000001,3.752332830429077,bmm
,1016,1016x928x1x385,29.0,1850.4,69.0,94.18236,3.5738815784454347,bmm
,729,729x886x8x365,29.0,1905.0,71.0,118.61612000000008,2.825971221923828,bmm
,911,911x904x26x734,44.0,1780.8,73.76,132.69568000000004,8.689484786987304,bmm
,953,953x699x28x741,44.0,1782.6,74.0,149.45324000000005,6.658336162567139,bmm
,784,784x695x8x828,57.0,1867.8,76.28,132.00624,5.15295991897583,bmm
,608,608x690x49x15,57.0,1875.0,76.04,79.48775999999995,0.5492671966552735,bmm
,711,711x827x56x9,57.0,1885.8,71.0,81.88824000000004,0.6972031831741333,bmm
,890,890x927x53x11,57.0,1890.0,71.0,90.64640000000004,1.05523202419281,bmm
,832,832x638x57x64,35.92,1890.0,70.2,101.63136,0.8302272081375122,bmm
,872,872x526x41x40,26.0,1890.0,70.0,106.79771999999996,0.5732864022254944,bmm
,633,633x1008x42x62,26.0,1890.0,70.0,93.84379999999996,0.7966400027275086,bmm
,870,870x882x52x74,26.0,1890.0,71.56,115.98492000000002,1.7671615839004515,bmm
,542,542x689x46x122,26.0,1890.0,73.0,111.48775999999997,0.8215168118476868,bmm
,778,778x672x53x93,26.0,1890.0,73.0,114.16579999999996,1.2571391820907594,bmm
,910,910x861x33x141,26.2,1883.4,71.0,118.86804,2.572966432571411,bmm
,728,728x663x46x213,31.0,1890.0,71.0,132.6732,2.1590336322784425,bmm
,608,608x856x35x252,31.0,1884.6,73.8,129.70419999999996,2.059417581558228,bmm
,739,739x644x35x375,31.0,1879.2,76.0,130.31272,2.9436607837677,bmm
,994,994x768x51x406,37.72,1791.6,74.0,126.73940000000005,7.233337593078613,bmm
,518,518x1018x38x386,45.0,1846.2,75.0,145.21568000000002,4.04455680847168,bmm
,817,817x797x47x516,45.0,1768.8,77.24,154.89184,7.534982490539551,bmm
,875,875x813x43x765,54.0,1747.2,79.0,153.74247999999992,9.595392036437987,bmm
,855,855x921x40x814,61.48,1775.4,76.64,140.14516,10.34334716796875,bmm
,900,900x645x75x5,71.0,1864.8,80.0,110.78856000000005,1.034214401245117,bmm
,727,727x546x76x21,71.0,1875.0,80.0,92.15052000000004,0.7045184135437011,bmm
,643,643x793x100x1,71.0,1875.0,71.0,90.62952,0.5285759925842285,bmm
,998,998x914x102x41,55.6,1887.6,71.0,89.55723999999998,2.3053567886352537,bmm
,526,526x853x112x39,36.0,1890.0,72.28,124.45868000000002,1.038316798210144,bmm
,771,771x975x129x44,36.0,1888.8,73.0,122.33388000000006,2.2517759799957275,bmm
,728,728x574x89x127,36.0,1884.6,72.12,95.1512,1.5451712131500244,bmm
,870,870x941x123x93,36.0,1858.2,72.0,144.71336000000005,3.84782075881958,bmm
,992,992x889x100x78,35.0,1866.0,75.68,134.94932000000006,3.397804832458496,bmm
,767,767x846x94x199,35.0,1840.8,75.68,137.29264,4.988236808776856,bmm
,878,878x895x129x191,35.0,1730.4,75.0,155.48348,6.948473644256592,bmm
,589,589x868x101x257,55.0,1823.4,78.0,146.9622,6.104671955108643,bmm
,803,803x532x113x423,55.0,1777.2,76.0,149.69396000000006,8.19027853012085,bmm
,801,801x732x125x368,55.84,1743.0,79.84,143.51507999999995,8.909760093688964,bmm
,1009,1009x627x90x268,56.0,1798.2,76.0,143.70716000000002,7.079353618621826,bmm
,536,536x678x76x638,49.56,1771.2,80.0,134.13376,5.867724895477295,bmm
,930,930x755x88x999,54.72,1646.4,82.48,154.41027999999994,20.35710678100586,bmm
,736,736x830x204x21,62.0,1680.0,83.0,107.48656,2.934335947036743,bmm
,988,988x684x225x2,62.0,1770.0,82.76,101.71348000000005,3.3321791648864747,bmm
,708,708x787x255x15,53.6,1770.0,80.0,102.62248000000004,3.151462364196777,bmm
,669,669x928x253x49,52.0,1789.8,76.8,127.17208000000002,3.910969591140747,bmm
,702,702x683x205x36,52.0,1869.6,76.0,123.96164000000006,2.5337023735046387,bmm
,536,536x1006x177x34,52.0,1872.6,76.68,117.03404000000003,2.3196927547454838,bmm
,951,951x514x254x108,46.24,1815.0,77.0,141.90120000000002,4.925459098815918,bmm
,737,737x674x155x107,44.0,1845.6,78.0,131.60395999999994,3.0519104480743406,bmm
,892,892x827x252x82,44.0,1807.8,79.8,146.99356000000003,6.632044696807862,bmm
,933,933x943x204x255,55.76,1715.4,78.2,143.194,13.773408126831054,bmm
,532,532x542x168x251,58.0,1680.0,83.0,130.74315999999996,3.929247999191284,bmm
,636,636x643x165x148,56.2,1692.6,83.04,132.27739999999997,4.667424106597901,bmm
,998,998x771x219x272,53.0,1657.8,82.2,143.3514,21.38300819396973,bmm
,700,700x910x218x474,68.8,1614.6,81.92,132.87672000000003,23.59547538757324,bmm
,619,619x588x181x292,62.0,1722.0,83.0,138.18711999999994,7.916224002838135,bmm
,585,585x641x164x851,58.0,1646.4,83.2,142.7824400000001,18.91383018493652,bmm
,795,795x593x153x885,69.96,1534.2,84.56,135.14948,24.064928436279292,bmm
,564,564x1024x142x988,75.28,1614.6,80.24,129.75276,27.369023895263677,bmm
,825,825x638x491x7,58.0,1857.0,82.4,139.19328000000004,7.087769603729248,bmm
,743,743x646x269x14,45.0,1868.4,75.48,94.90240000000004,3.021184015274048,bmm
,732,732x634x401x8,45.0,1869.0,75.0,140.13352000000003,4.963225650787353,bmm
,630,630x882x449x58,45.0,1809.0,80.0,142.43811999999997,7.618271827697754,bmm
,1017,1017x729x322x59,49.0,1831.2,77.0,150.91928,7.43452787399292,bmm
,676,676x769x429x46,49.0,1830.0,80.6,151.81972000000002,6.410630416870117,bmm
,980,980x869x284x102,55.8,1732.8,80.08,136.51823999999996,9.383372688293456,bmm
,617,617x542x472x120,59.0,1782.6,82.6,149.10368,5.889984035491944,bmm
,725,725x887x343x79,56.8,1747.2,86.32,136.00083999999993,7.924211215972901,bmm
,662,662x826x339x234,54.24,1552.8,84.12,124.58668,14.64762897491455,bmm
,638,638x1017x355x225,55.68,1706.4,78.4,139.53484000000006,17.43073272705078,bmm
,889,889x902x449x178,57.2,1570.8,84.28,148.98612000000006,24.762099075317384,bmm
,733,733x723x498x508,75.28,1490.4,84.48,136.92384,44.57472000122071,bmm
,943,943x764x511x449,88.04,1428.6,85.52,133.83508,63.014791107177736,bmm
,790,790x979x466x337,89.92,1474.8,86.04,137.22287999999998,47.43335037231445,bmm
,623,623x942x319x746,88.0,1449.0,84.6,132.99188,50.00890884399414,bmm
,913,913x989x601x23,85.0,1624.2,85.72,144.91387999999995,13.77145595550537,bmm
,609,609x625x628x12,85.0,1754.4,83.24,128.92775999999995,6.555462265014649,bmm
,838,838x853x527x13,66.0,1679.4,83.8,138.66024,10.501158332824708,bmm
,1019,1019x942x830x42,71.72,1633.2,84.44,148.5145599999999,22.64390411376953,bmm
,555,555x997x869x64,79.0,1600.2,85.2,143.34539999999998,14.94777603149414,bmm
,553,553x831x567x59,72.0,1656.6,86.0,134.93787999999998,7.19488639831543,bmm
,790,790x956x764x85,73.8,1560.0,85.72,148.89443999999995,22.924614334106444,bmm
,582,582x583x746x68,77.0,1651.8,83.64,133.027,10.306214523315427,bmm
,639,639x710x882x104,71.12,1527.6,86.0,141.51872000000006,17.245011138916016,bmm
,518,518x816x556x147,72.24,1532.4,85.4,138.35603999999995,15.295449447631835,bmm
,824,824x875x936x175,82.8,1425.6,85.0,144.899,44.54629669189453,bmm
,836,836x955x718x244,89.44,1442.4,86.32,138.79575999999997,48.43939208984375,bmm
,737,737x860x567x352,88.92,1438.2,86.28,130.3424,47.60995941162109,bmm
,813,813x776x658x286,89.4,1453.8,85.28,132.39751999999996,56.747589111328125,bmm
,793,793x788x776x399,89.76,1443.0,86.6,127.18776,85.71599884033203,bmm
,1,1x58x13x141,94.0,1845.0,84.0,73.94264000000003,0.0078399998135864,linear
,1,1x102x215x113,94.0,1860.0,84.0,76.94800000000004,0.0108800001442432,linear
,1,1x195x50x184,94.0,1872.6,84.0,74.04832000000005,0.0095551999285817,linear
,1,1x117x149x297,94.0,1875.0,72.0,70.16864,0.0126655999571084,linear
,1,1x88x126x340,36.0,1885.2,72.0,69.54627999999998,0.0103103999048471,linear
,1,1x109x162x365,36.0,1890.0,72.0,67.33300000000003,0.0142527999356389,linear
,1,1x71x253x606,36.0,1890.0,71.04,67.22855999999997,0.0163520000874996,linear
,1,1x137x175x627,36.0,1890.0,69.0,67.34504000000001,0.018496000021696,linear
,1,1x192x83x513,36.0,1890.0,69.0,66.93404000000004,0.0130688000470399,linear
,1,1x36x65x1287,36.0,1890.0,69.0,65.34988000000003,0.0121471999213099,linear
,1,1x127x116x1156,36.0,1890.0,66.0,64.87920000000003,0.0205951999872922,linear
,1,1x122x143x2019,36.0,1890.0,66.0,65.18499999999999,0.0273471996188163,linear
,1,1x211x240x2270,3.0,1890.0,66.0,66.18315999999996,0.0697600021958351,linear
,1,1x143x237x3072,3.0,1890.0,66.0,67.03660000000005,0.0695040002465248,linear
,1,1x206x31x2723,3.0,609.0,65.0,56.2948,0.0692287977784872,linear
,1,1x30x32x6666,3.0,525.0,65.0,36.438,0.0409599989652633,linear
,1,1x127x21x4768,3.0,520.2,65.0,36.28279999999998,0.0657984018325805,linear
,1,1x38x5x7851,3.0,466.2,59.0,35.223919999999985,0.0429119996726512,linear
,1,1x155x5x13098,4.8,448.2,59.0,29.247360000000004,0.5488640069961548,linear
,1,1x251x129x9025,8.0,435.0,59.0,28.40996,0.8639039993286133,linear
,1,1x58x39x10635,8.0,420.0,56.0,28.304920000000006,0.1175551995635032,linear
,1,1x53x182x29701,8.0,413.4,56.0,27.56444000000001,1.049503993988037,linear
,1,1x56x196x17653,8.0,376.2,54.0,24.56192,0.7237248063087464,linear
,1,1x143x36x25531,15.28,375.0,54.0,25.11844,1.2143296003341677,linear
,1,1x161x224x40347,22.0,402.0,53.04,27.624559999999992,3.285171222686768,linear
,1,1x64x154x53038,22.0,420.0,53.0,27.354280000000013,1.9425280094146729,linear
,1,1x156x147x46543,22.0,512.4,53.0,28.44896,2.944332790374756,linear
,1,1x121x415x116,29.6,615.0,52.96,25.607799999999987,0.0412352003157138,linear
,1,1x205x381x76,41.0,615.0,52.0,23.10600000000001,0.0430143997073173,linear
,1,1x163x483x219,41.0,615.0,52.0,22.938359999999985,0.0652479991316795,linear
,1,1x147x377x396,41.0,615.0,52.0,22.87060000000001,0.0872575998306274,linear
,1,1x170x495x469,41.0,615.0,51.0,23.31284,0.1087232008576393,linear
,1,1x113x506x369,41.0,615.0,51.0,22.91031999999999,0.0660288006067276,linear
,1,1x14x299x951,41.0,615.0,50.48,22.49104000000001,0.0432767994701862,linear
,1,1x143x472x771,13.0,615.0,50.0,22.72892,0.127385601401329,linear
,1,1x79x379x642,13.0,615.0,50.0,23.04611999999999,0.0594048008322715,linear
,1,1x160x449x1837,13.0,615.0,50.0,23.15044,0.5085440158843995,linear
,1,1x7x472x2028,13.0,615.0,50.0,23.54208000000001,0.3345279991626739,linear
,1,1x166x382x1202,13.0,404.4,50.0,23.4778,0.2090944021940231,linear
,1,1x182x389x3443,18.28,390.0,50.0,24.37944,0.9872895956039428,linear
,1,1x9x304x3254,24.0,390.0,49.64,23.35456,0.3723072111606598,linear
,1,1x157x385x2993,24.0,394.8,49.0,25.54412,0.8625344038009644,linear
,1,1x152x373x7053,24.0,518.4,49.0,25.25824,2.776908731460572,linear
,1,1x146x497x8018,35.0,628.2,49.36,26.282159999999998,1.332371187210083,linear
,1,1x78x333x6586,35.0,735.0,50.0,25.61747999999999,0.4304127991199493,linear
,1,1x51x363x11650,35.0,735.0,50.0,24.849800000000005,0.6206719994544982,linear
,1,1x17x375x12913,35.0,735.0,50.0,25.072800000000008,0.5744896054267883,linear
,1,1x37x287x10911,34.52,735.0,50.0,25.489839999999997,0.5273280024528504,linear
,1,1x222x422x24589,32.0,762.0,50.0,29.86572,2.2469759941101075,linear
,1,1x252x303x31786,32.0,870.0,50.0,42.24320000000002,1.6832448244094849,linear
,1,1x233x302x26691,32.0,870.0,50.72,46.647200000000005,1.3883328199386598,linear
,1,1x27x361x50270,32.0,870.0,53.0,44.99699999999999,0.6821632027626038,linear
,1,1x116x315x63010,32.0,870.0,53.0,45.97516,1.716659212112427,linear
,1,1x98x326x37344,32.72,870.0,53.36,46.46072,1.0310463905334473,linear
,1,1x171x899x234,33.0,870.0,54.0,43.66156000000001,0.063494399189949,linear
,1,1x254x550x65,33.0,870.0,54.0,36.74019999999998,0.0368576012551784,linear
,1,1x174x920x42,33.0,870.0,54.0,35.99992,0.0329088009893894,linear
,1,1x52x967x342,33.0,870.0,53.52,36.03540000000001,0.0435583993792533,linear
,1,1x93x687x346,33.0,870.0,53.0,36.11599999999999,0.0469632007181644,linear
,1,1x148x674x294,33.0,870.0,53.0,36.09900000000002,0.0614783987402915,linear
,1,1x196x880x815,33.0,870.0,53.0,36.178,0.1684031993150711,linear
,1,1x129x653x612,33.0,870.0,52.36,36.96295999999999,0.082771198451519,linear
,1,1x68x887x792,8.0,596.4,52.0,36.25808000000002,0.1165184006094932,linear
,1,1x47x917x1053,8.0,510.0,52.0,36.33755999999998,0.1285632014274597,linear
,1,1x114x577x1975,8.0,480.0,52.0,34.11300000000002,0.2586879909038543,linear
,1,1x199x977x1784,8.0,463.2,52.0,26.971680000000003,0.6100736141204834,linear
,1,1x121x884x2455,8.0,445.2,52.0,26.84632000000001,0.6159039974212647,linear
,1,1x171x762x2564,8.0,435.0,52.0,26.883,0.5889280080795288,linear
,1,1x90x625x2154,8.0,420.0,51.0,26.945000000000007,0.3137087941169739,linear
,1,1x33x1000x7769,17.0,408.0,51.0,26.659159999999996,0.8556096076965332,linear
,1,1x56x1015x7730,17.0,394.8,51.0,26.51240000000001,0.9605119943618774,linear
,1,1x51x630x5858,17.0,390.0,51.0,25.20996000000001,0.5539135932922363,linear
,1,1x131x896x10693,17.0,396.6,51.0,27.65328000000001,2.9455103874206543,linear
,1,1x211x875x15122,30.44,586.2,51.0,30.441600000000008,4.089484786987304,linear
,1,1x59x798x11898,38.0,639.0,51.0,28.13632,1.4031039953231812,linear
,1,1x206x584x21033,38.0,665.4,51.0,29.89184,3.111135983467102,linear
,1,1x27x672x21543,38.0,900.0,51.0,35.685399999999994,0.3957824051380157,linear
,1,1x221x626x25666,38.0,900.0,51.0,45.53795999999999,2.451417589187622,linear
,1,1x149x848x40632,38.0,990.0,53.28,51.77287999999999,3.4687872409820555,linear
,1,1x224x532x62899,38.0,1140.0,54.48,52.89779999999999,4.093395185470581,linear
,1,1x186x603x61389,38.0,1176.0,55.0,67.50552,3.183353614807129,linear
,1,1x59x1422x179,38.0,1365.0,55.0,65.12219999999998,0.0303551997989416,linear
,1,1x238x1944x166,36.0,1365.0,56.0,45.09051999999999,0.0661631986498832,linear
,1,1x237x1950x20,36.0,1365.0,56.0,45.11020000000001,0.0238719996064901,linear
,1,1x257x1333x288,36.0,1365.0,56.0,45.08635999999999,0.0819199979305267,linear
,1,1x145x1818x466,36.0,1365.0,56.0,45.525560000000006,0.1026815995573997,linear
,1,1x73x1741x415,36.0,1365.0,56.0,45.70772,0.0726848006248474,linear
,1,1x159x1394x732,36.0,1365.0,56.0,45.54188000000002,0.114105600118637,linear
,1,1x193x1340x679,36.0,1365.0,56.0,45.812,0.1424767971038818,linear
,1,1x159x1985x711,36.0,1365.0,56.0,46.601000000000006,0.1617599993944168,linear
,1,1x191x1235x1280,36.0,1365.0,55.4,46.74099999999999,0.159743994474411,linear
,1,1x213x1134x1836,12.0,1365.0,55.0,47.13000000000002,0.2566016018390655,linear
,1,1x20x1612x1992,6.0,1365.0,55.0,48.951000000000015,0.0809407994151115,linear
,1,1x122x1641x2548,6.0,1365.0,55.0,46.327,0.2515455961227417,linear
,1,1x1x1747x3034,6.0,1365.0,55.64,47.5566,0.061286399513483,linear
,1,1x9x1756x2325,6.0,1365.0,56.0,45.94099999999999,0.1115455999970436,linear
,1,1x70x1154x7846,6.0,1365.0,56.0,47.864,0.5251456141471863,linear
,1,1x98x1610x7021,6.0,645.0,55.8,45.70088,1.3752896070480347,linear
,1,1x255x1777x6281,6.0,630.0,55.0,44.952000000000005,2.4169023513793944,linear
,1,1x229x1897x10923,19.0,720.0,55.16,48.22856000000001,3.3667776107788088,linear
,1,1x16x1317x15372,19.0,1050.0,56.0,48.35020000000003,0.5038399934768677,linear
,1,1x228x1182x10448,19.0,1050.0,56.0,47.6834,1.6148288011550904,linear
,1,1x134x1938x23416,19.0,1050.0,56.8,59.83848000000001,4.205023956298828,linear
,1,1x34x1619x26213,19.0,1470.0,57.0,61.32987999999997,1.3829952239990235,linear
,1,1x240x1290x19210,39.0,1470.0,57.72,66.21008,2.234848022460937,linear
,1,1x177x1287x44694,39.0,1470.0,59.0,82.75080000000001,3.9891712188720714,linear
,1,1x41x1538x45633,39.0,1844.4,61.28,71.10539999999996,2.242118406295776,linear
,1,1x136x1456x60070,39.08,1864.2,62.36,121.03436,4.712710475921631,linear
,1,1x226x3751x248,41.0,1890.0,71.0,117.13412000000008,0.1044479981064796,linear
,1,1x124x3959x63,41.0,1905.0,71.0,76.13316,0.0256064005196094,linear
,1,1x161x2826x82,41.0,1905.0,71.0,67.00256,0.0335487999022007,linear
,1,1x25x2256x401,41.0,1905.0,71.0,66.43500000000003,0.0281151998788118,linear
,1,1x206x2258x356,41.0,1905.0,65.96,66.98171999999997,0.0879871994256973,linear
,1,1x188x2639x358,41.0,1905.0,65.0,68.13596,0.0863104000687599,linear
,1,1x164x2714x915,41.0,1905.0,65.0,69.93195999999996,0.1971392005681991,linear
,1,1x243x3136x746,41.0,1905.0,65.0,72.97244000000002,0.2013184010982513,linear
,1,1x215x2669x935,41.0,1905.0,65.0,74.51348000000004,0.2243327975273132,linear
,1,1x176x3500x1566,18.6,1905.0,65.0,76.28199999999997,0.3570495963096619,linear
,1,1x179x3169x1614,6.0,1905.0,65.0,84.95000000000002,0.3420095980167389,linear
,1,1x246x2925x1438,6.0,1905.0,65.0,83.96000000000002,0.3644992053508759,linear
,1,1x170x3983x2460,6.0,1905.0,66.2,87.33532000000002,0.5942335963249207,linear
,1,1x119x2201x2766,6.0,1905.0,67.0,94.03460000000004,0.2930496037006378,linear
,1,1x146x3910x4072,6.0,1905.0,67.0,91.98539999999998,0.9408448100090028,linear
,1,1x152x2840x5534,6.0,1080.0,67.0,86.76512000000001,1.5141440153121948,linear
,1,1x134x3620x6026,12.72,1042.8,61.0,47.24428000000002,2.2699136257171637,linear
,1,1x82x3709x6644,18.0,1017.6,61.0,53.302400000000006,1.7010560035705566,linear
,1,1x112x3062x9534,18.0,1003.2,60.52,55.40140000000001,1.918604803085327,linear
,1,1x251x2421x15491,18.0,1099.2,60.0,62.66559999999997,4.34530553817749,linear
,1,1x112x2348x8935,18.0,1200.0,60.0,64.25767999999998,1.246732807159424,linear
,1,1x192x3615x31082,39.16,1516.8,60.0,100.80288,7.444460773468018,linear
,1,1x153x3945x30282,41.0,1816.2,68.0,123.8264,6.56249589920044,linear
,1,1x124x2893x18589,41.0,1880.4,71.04,120.24599999999997,2.1496895790100097,linear
,1,1x149x3008x53668,50.24,1789.2,73.2,146.44360000000003,9.072582244873049,linear
,1,1x25x3459x57748,52.0,1868.4,77.0,119.68276,3.41461763381958,linear
,1,1x238x2285x59814,52.84,1771.8,77.0,163.41648000000004,9.911955451965332,linear
,1,1x27x6296x194,59.0,1858.2,77.0,142.10199999999998,0.0395967997610569,linear
,1,1x246x6084x105,59.0,1875.0,77.0,71.81500000000004,0.0960320025682449,linear
,1,1x51x7943x164,59.0,1875.0,77.0,73.06099999999998,0.0656704008579254,linear
,1,1x101x6799x374,59.0,1879.2,77.0,71.92572,0.1319936007261276,linear
,1,1x251x5604x287,59.0,1890.0,69.0,67.57400000000001,0.1764288008213043,linear
,1,1x192x4592x504,59.0,1890.0,69.0,74.00080000000004,0.1693951994180679,linear
,1,1x50x5316x759,59.0,1890.0,69.0,72.39460000000003,0.1408383995294571,linear
,1,1x42x4356x608,59.0,1890.0,69.0,71.41288000000003,0.0958720013499259,linear
,1,1x22x5979x729,8.0,1890.0,67.56,68.96055999999999,0.0898175999522209,linear
,1,1x40x6548x1357,8.0,1890.0,67.0,70.79364000000004,0.3018495976924896,linear
,1,1x39x6887x1837,8.0,1890.0,67.0,72.56064,0.4136383950710297,linear
,1,1x152x6115x1175,8.0,1890.0,67.08,78.96640000000004,0.4857984006404877,linear
,1,1x228x7045x3153,8.0,1890.0,68.0,96.6928,1.7163903713226318,linear
,1,1x167x7252x2099,8.0,1890.0,68.0,128.66100000000003,0.9270079970359802,linear
,1,1x253x5292x2308,8.0,1410.0,68.0,91.37867999999996,1.257151985168457,linear
,1,1x235x4973x5206,17.6,1398.6,68.0,69.87072,2.426150417327881,linear
,1,1x103x8021x6670,18.0,1381.8,66.08,63.450800000000015,2.6223679542541505,linear
,1,1x103x5570x4317,18.0,1350.0,64.0,68.83640000000003,1.5521664142608642,linear
,1,1x217x7185x9404,18.0,1560.0,64.0,81.07480000000001,5.015007972717285,linear
,1,1x205x6813x15245,40.0,1832.4,65.2,143.31055999999998,7.539417552947998,linear
,1,1x13x8051x9905,40.0,1882.8,70.0,101.20020000000004,1.3880895853042603,linear
,1,1x244x4896x30742,41.28,1754.4,73.84,158.32032000000004,11.273439979553222,linear
,1,1x82x6808x30356,56.0,1810.8,75.0,153.50328000000002,8.136300659179687,linear
,1,1x3x5856x23128,56.0,1885.8,76.04,123.96688000000006,1.4837695837020874,linear
,1,1x199x7312x40255,55.24,1726.8,75.56,156.05428000000003,21.42400016784668,linear
,1,1x94x7155x42033,60.04,1696.8,84.24,139.16748000000004,12.60746898651123,linear
,1,1x96x6674x62325,64.48,1623.0,85.44,149.66567999999998,17.60647659301758,linear
,1,1x507x86x43,70.0,1780.2,81.0,63.73252,0.0091328000649809,linear
,1,1x394x188x22,70.0,1875.0,81.0,70.04772000000004,0.0101503999903798,linear
,1,1x317x122x108,70.0,1881.6,71.0,69.73291999999996,0.0121472001075744,linear
,1,1x405x137x305,70.0,1890.0,71.0,67.49199999999998,0.0206463996320962,linear
,1,1x329x138x469,70.0,1890.0,71.0,67.88599999999998,0.0226560000330209,linear
,1,1x491x184x289,7.6,1890.0,68.96,67.70207999999998,0.0233536001294851,linear
,1,1x281x24x614,5.0,1890.0,68.0,65.74600000000004,0.010636799968779,linear
,1,1x397x48x882,5.0,1890.0,68.0,65.79999999999997,0.0184320006519556,linear
,1,1x366x245x592,5.0,1890.0,68.0,66.47700000000003,0.029331200569868,linear
,1,1x453x46x1234,5.0,1890.0,68.0,66.635,0.0252096001058816,linear
,1,1x436x110x1335,5.0,1890.0,66.0,66.30500000000005,0.0394431993365287,linear
,1,1x383x142x1197,5.0,1890.0,66.0,66.68324000000001,0.0350143998861312,linear
,1,1x314x124x4095,5.0,1890.0,66.0,66.81951999999998,0.082694399356842,linear
,1,1x291x8x3122,4.84,540.0,65.4,56.559839999999966,0.06389120221138,linear
,1,1x415x41x2881,4.0,511.2,63.0,36.543000000000006,0.1464959979057312,linear
,1,1x489x29x6630,4.0,482.4,63.0,36.61099999999999,0.3062847971916199,linear
,1,1x394x61x4337,4.0,450.0,59.32,37.28608000000001,0.2777728021144867,linear
,1,1x445x81x6186,4.0,442.8,59.0,37.35743999999999,0.4538176000118256,linear
,1,1x348x19x15063,4.0,420.0,59.0,38.82120000000002,0.5181568145751954,linear
,1,1x280x206x9322,5.76,405.0,57.0,38.07420000000001,0.9303359985351562,linear
,1,1x494x189x16276,15.0,393.0,57.0,41.85163999999998,2.611360025405884,linear
,1,1x414x54x23108,15.0,465.0,57.0,42.61159999999999,1.1402880430221558,linear
,1,1x300x49x20759,15.0,465.0,57.0,40.80520000000002,0.7534016013145447,linear
,1,1x488x140x24039,15.0,465.0,57.0,43.27588000000002,2.432480049133301,linear
,1,1x440x107x62385,16.12,537.0,56.0,48.24860000000002,4.046054458618164,linear
,1,1x384x183x58737,43.0,759.6,56.0,51.36519999999999,3.396678352355957,linear
,1,1x319x7x36810,43.0,990.0,57.0,50.51212000000001,0.5046208024024963,linear
,1,1x322x304x170,43.0,990.0,57.0,42.38719999999999,0.0347968004643917,linear
,1,1x438x366x96,43.0,990.0,57.0,39.97656000000003,0.0395008005201816,linear
,1,1x400x453x71,43.0,990.0,57.0,39.630600000000015,0.0430015996098518,linear
,1,1x349x270x420,43.0,990.0,55.0,39.47936000000001,0.0615231990814209,linear
,1,1x285x369x455,43.0,990.0,55.0,39.76199999999997,0.0843072012066841,linear
,1,1x346x508x276,29.48,990.0,55.0,39.8914,0.0803711995482444,linear
,1,1x422x287x535,17.0,990.0,55.0,39.41367999999999,0.0903360024094581,linear
,1,1x337x480x1011,17.0,990.0,55.0,39.99099999999999,0.1353024005889892,linear
,1,1x273x350x838,17.0,990.0,55.0,40.43100000000001,0.1066175997257232,linear
,1,1x485x262x1568,17.0,990.0,55.0,40.04599999999998,0.1823615998029709,linear
,1,1x468x509x1800,17.0,990.0,55.0,41.25743999999999,0.3310656011104583,linear
,1,1x390x310x1176,17.0,990.0,55.0,41.38944000000001,0.1459840029478073,linear
,1,1x337x284x2463,17.0,990.0,55.0,40.86056000000002,0.2024767965078354,linear
,1,1x335x284x3526,16.64,990.0,55.0,41.48924000000002,0.2555007934570312,linear
,1,1x499x316x3312,8.0,420.0,54.24,40.99372,0.823251211643219,linear
,1,1x279x391x7699,8.0,409.8,54.0,40.27944000000001,1.2759040117263794,linear
,1,1x455x471x7986,8.0,405.0,54.0,41.78759999999998,2.5494143962860107,linear
,1,1x355x321x4446,8.0,405.0,54.0,40.958160000000014,0.8974464058876037,linear
,1,1x398x491x8395,8.0,414.6,54.0,41.42380000000001,2.313081645965576,linear
,1,1x453x505x15943,30.04,492.6,54.76,46.650559999999984,4.163808059692383,linear
,1,1x394x447x8524,37.0,561.0,55.0,45.15295999999999,1.7017855644226074,linear
,1,1x470x302x22543,37.0,581.4,55.0,45.93043999999998,3.3812608242034914,linear
,1,1x345x355x22962,37.0,642.6,55.0,46.43739999999999,2.7947904109954838,linear
,1,1x272x380x28589,37.0,750.0,55.6,48.63003999999998,2.562022399902344,linear
,1,1x282x340x46814,44.0,900.0,56.0,50.664400000000015,3.1761728286743165,linear
,1,1x386x413x50816,44.0,1189.2,56.76,63.30704,3.677619218826294,linear
,1,1x401x409x39853,44.0,1635.0,57.0,82.47712,2.6438144207000733,linear
,1,1x463x840x72,44.0,1635.0,60.0,75.22499999999997,0.0367936007678508,linear
,1,1x440x820x88,44.0,1635.0,60.0,51.82200000000002,0.0358015999197959,linear
,1,1x414x943x170,35.72,1635.0,60.0,51.77999999999998,0.0782399997115135,linear
,1,1x452x818x468,35.0,1635.0,60.0,52.119,0.0874687984585762,linear
,1,1x427x694x417,35.0,1635.0,59.88,52.63599999999999,0.0735552012920379,linear
,1,1x463x952x501,35.0,1635.0,59.0,52.45299999999998,0.1005759984254837,linear
,1,1x433x832x645,35.0,1635.0,59.0,53.381,0.1284671992063522,linear
,1,1x432x1014x880,35.0,1635.0,59.0,53.39499999999999,0.1575935989618301,linear
,1,1x276x897x774,35.0,1635.0,59.0,55.10100000000002,0.1193727999925613,linear
,1,1x335x723x1044,35.0,1635.0,59.0,53.28724000000002,0.1311423987150192,linear
,1,1x358x717x1563,35.0,1635.0,59.0,53.81480000000001,0.1844224005937576,linear
,1,1x263x604x1251,35.0,1635.0,59.0,54.22183999999999,0.1004223972558975,linear
,1,1x308x691x2210,6.0,1635.0,59.0,54.40876000000001,0.2183744013309478,linear
,1,1x481x787x2429,6.0,1635.0,59.0,56.60679999999998,0.3705407977104187,linear
,1,1x314x648x2289,6.0,690.0,59.0,53.07684000000002,0.5335744023323059,linear
,1,1x314x934x7707,6.0,679.8,59.0,43.16795999999997,1.8156288146972657,linear
,1,1x454x665x4544,6.0,667.8,57.4,41.63468000000001,1.2920447826385495,linear
,1,1x371x900x7400,6.0,615.0,57.0,43.31515999999999,2.266975975036621,linear
,1,1x309x926x14948,23.0,690.0,56.0,50.03303999999999,3.5946559429168703,linear
,1,1x499x885x15607,23.0,943.2,56.0,53.62536000000001,3.713139200210571,linear
,1,1x328x932x9945,23.0,1440.0,57.0,60.76295999999997,1.3252415895462035,linear
,1,1x320x974x31372,23.0,1462.8,57.0,77.73647999999999,3.813311958312988,linear
,1,1x453x941x24519,33.0,1915.8,63.48,120.05136000000002,3.3482240200042725,linear
,1,1x364x810x27699,48.0,1886.4,66.0,128.85863999999995,2.619059181213379,linear
,1,1x452x661x36246,48.0,1866.0,71.0,148.43963999999997,3.5144383907318115,linear
,1,1x488x617x47469,48.0,1873.8,71.0,118.54704,4.409376049041748,linear
,1,1x483x743x56869,36.0,1773.0,71.0,157.7344,6.601439952850342,linear
,1,1x399x1566x67,36.0,1871.4,75.0,120.94399999999996,0.0449791997671127,linear
,1,1x440x1174x163,36.0,1890.0,75.0,70.46599999999995,0.0544575996696949,linear
,1,1x441x1626x112,36.0,1892.4,75.0,70.62500000000004,0.0478656001389026,linear
,1,1x388x1604x269,36.0,1905.0,70.8,67.35947999999999,0.0962560012936592,linear
,1,1x364x1461x474,28.72,1905.0,68.0,67.07999999999998,0.1009663999080658,linear
,1,1x348x1540x293,22.0,1905.0,68.0,70.914,0.0933952003717422,linear
,1,1x289x1118x587,22.0,1905.0,68.0,70.96499999999997,0.0843839988112449,linear
,1,1x369x1304x913,22.0,1905.0,66.0,70.635,0.1638527959585189,linear
,1,1x364x1729x729,22.0,1905.0,66.0,74.79099999999995,0.1801599979400635,linear
,1,1x405x1162x1538,22.0,1905.0,66.0,76.02600000000002,0.2768512010574341,linear
,1,1x505x1947x1697,22.0,1905.0,66.0,82.22499999999997,0.5233344078063965,linear
,1,1x441x1300x1704,22.0,1905.0,67.04,97.21599999999997,0.3347711980342865,linear
,1,1x391x1181x2357,22.0,1905.0,68.0,87.41496,0.4052479982376099,linear
,1,1x325x1976x2419,22.0,1905.0,68.0,89.89623999999995,0.5459776043891906,linear
,1,1x277x1473x4046,10.0,945.0,68.0,79.40048000000006,1.085664010047913,linear
,1,1x277x1688x4942,10.0,934.8,64.0,44.50748000000001,1.5076096057891846,linear
,1,1x433x2022x8046,10.0,885.0,63.92,53.361,4.122406387329102,linear
,1,1x317x1496x7493,10.0,1440.0,62.0,60.71000000000001,1.3797888040542603,linear
,1,1x339x1300x8835,10.0,1440.0,62.0,66.48879999999998,2.153638410568237,linear
,1,1x503x1374x11787,34.0,1440.0,62.0,72.41524,2.926355218887329,linear
,1,1x312x1058x11508,34.0,1590.0,62.0,74.17299999999997,1.5263871908187867,linear
,1,1x472x1783x17808,34.0,1599.0,64.08,100.16684,5.166918277740479,linear
,1,1x402x1861x24832,34.88,1839.6,67.68,135.29332000000002,5.899078273773194,linear
,1,1x475x1544x24947,45.0,1834.2,73.0,145.83360000000002,5.376819229125976,linear
,1,1x433x1840x41817,45.0,1776.6,76.24,145.78984000000003,9.918521690368651,linear
,1,1x303x1322x63680,51.72,1751.4,79.0,161.66135999999992,8.69106559753418,linear
,1,1x346x2037x61537,52.0,1732.2,82.84,151.94740000000002,13.64062728881836,linear
,1,1x301x3179x205,62.0,1836.0,85.0,130.91140000000004,0.1100160002708435,linear
,1,1x356x3911x207,62.0,1860.0,85.0,77.82319999999999,0.1351999968290329,linear
,1,1x450x4029x125,62.0,1874.4,74.0,76.11844000000002,0.1003455966711044,linear
,1,1x468x3495x261,62.0,1875.0,74.0,74.95944000000001,0.2197568029165268,linear
,1,1x394x2797x354,62.0,1875.0,74.0,77.55112000000003,0.165651199221611,linear
,1,1x318x2370x509,62.0,1889.4,70.96,70.67032,0.1354432016611099,linear
,1,1x322x2270x946,62.0,1890.0,70.0,73.91068000000001,0.2934080004692078,linear
,1,1x451x2461x846,39.6,1890.0,70.0,80.08340000000003,0.3359423995018005,linear
,1,1x364x3765x894,6.0,1890.0,70.0,83.80400000000003,0.3931264102458954,linear
,1,1x357x2646x1331,6.0,1890.0,70.0,88.991,0.4320576071739196,linear
,1,1x307x2718x1147,6.0,1890.0,70.0,92.14000000000004,0.3321728050708771,linear
,1,1x467x2545x1744,6.0,1890.0,70.0,87.81499999999994,0.6988863945007324,linear
,1,1x342x3430x3776,6.0,1890.0,70.0,110.35664000000004,1.4714368104934692,linear
,1,1x484x3536x3893,6.0,1890.0,72.0,125.41296,2.02489595413208,linear
,1,1x305x2310x3987,6.0,1620.0,72.0,121.86743999999992,1.069920003414154,linear
,1,1x402x3864x5132,19.68,1611.6,71.92,89.29319999999998,2.955296039581299,linear
,1,1x490x3830x6633,24.0,1745.4,71.0,107.10107999999998,3.917791986465454,linear
,1,1x257x2607x6914,24.0,1866.6,71.0,121.46180000000004,1.862873601913452,linear
,1,1x353x3735x15354,24.0,1801.8,74.0,153.85612,6.503328037261963,linear
,1,1x394x3740x11273,43.0,1806.6,76.64,152.75704000000005,5.548038387298584,linear
,1,1x334x2252x8555,43.0,1865.4,77.0,136.5204800000001,2.1804415702819826,linear
,1,1x368x3449x30155,44.44,1749.0,78.6,155.00080000000003,12.034930992126466,linear
,1,1x497x2792x22682,55.0,1717.2,80.88,152.83768,9.257529830932617,linear
,1,1x363x3985x29135,55.8,1672.2,83.36,141.01747999999995,13.359200286865237,linear
,1,1x314x3015x61222,58.2,1573.2,81.52,129.97911999999997,20.10191345214844,linear
,1,1x302x3067x43103,60.08,1654.2,85.32,147.40228000000005,14.52678394317627,linear
,1,1x434x3845x45415,63.88,1486.2,86.12,136.98664000000002,26.233164978027343,linear
,1,1x435x6748x240,79.0,1730.4,82.36,96.96672,0.2880192041397095,linear
,1,1x266x7079x123,79.0,1620.0,79.0,63.86780000000003,0.1593408018350601,linear
,1,1x291x4455x67,79.0,1620.0,77.8,56.44188,0.0990336000919342,linear
,1,1x444x5905x293,79.0,1620.0,69.0,54.857159999999965,0.3647424042224884,linear
,1,1x293x6586x296,79.0,1620.0,69.0,60.531840000000045,0.2846143960952759,linear
,1,1x491x7595x310,15.0,1620.0,69.0,61.03568,0.5482432007789612,linear
,1,1x422x6068x732,15.0,1620.0,68.2,65.41356000000002,0.7042368054389954,linear
,1,1x260x6557x740,15.0,1620.0,67.0,68.75099999999999,0.5577920079231262,linear
,1,1x444x6143x751,15.0,1620.0,67.0,67.51,0.7372991919517518,linear
,1,1x276x7222x1185,15.0,1620.0,67.0,75.16951999999998,1.0000128030776978,linear
,1,1x420x5322x1694,15.0,1620.0,65.0,67.56360000000001,1.43569917678833,linear
,1,1x429x4773x1999,15.0,1620.0,65.0,76.57047999999998,1.46080002784729,linear
,1,1x357x6114x3041,20.0,1185.0,65.0,70.59888000000002,3.192947196960449,linear
,1,1x433x4295x3297,20.0,1380.0,65.0,71.63216,2.503276777267456,linear
,1,1x284x6088x2653,20.0,1380.0,65.0,72.08283999999998,1.998086404800415,linear
,1,1x389x8053x5254,20.0,1510.8,64.0,93.43064,5.869036769866943,linear
,1,1x291x7280x6319,43.52,1864.8,67.04,126.25896000000004,4.49237117767334,linear
,1,1x358x7848x4273,48.0,1870.2,68.0,143.63567999999992,3.981145620346069,linear
,1,1x377x6356x9208,48.0,1822.2,75.0,131.45368000000005,6.142348766326904,linear
,1,1x470x6066x10695,44.32,1767.6,77.76,160.61156,9.231526565551755,linear
,1,1x331x5391x13394,44.0,1742.4,76.32,140.31624000000002,8.299923133850097,linear
,1,1x334x5636x19883,55.52,1718.4,82.72,145.25043999999997,13.166784286499023,linear
,1,1x497x7160x22413,65.04,1582.8,83.0,134.85488,23.985554885864257,linear
,1,1x370x5758x23088,69.72,1451.4,85.2,139.5396399999999,18.423148727416997,linear
,1,1x458x4412x39933,74.52,1519.2,85.56,134.15628,27.66819877624512,linear
,1,1x412x6439x63003,87.4,1382.4,86.52,136.4686,69.49356079101562,linear
,1,1x468x6746x62318,85.64,1438.2,85.4,134.39640000000003,69.39029083251953,linear
,1,1x973x186x44,95.0,1750.8,87.0,73.71727999999996,0.015718400105834,linear
,1,1x942x158x159,95.0,1871.4,85.08,74.151,0.0242176000028848,linear
,1,1x518x253x122,95.0,1875.0,75.0,71.25600000000003,0.0184320006519556,linear
,1,1x664x29x435,95.0,1881.0,75.0,70.50244000000002,0.0164351999759674,linear
,1,1x694x234x441,95.0,1890.0,71.6,68.26800000000001,0.0430207997560501,linear
,1,1x637x141x425,95.0,1890.0,70.0,69.82400000000001,0.0309055998921394,linear
,1,1x645x255x1022,11.48,1890.0,70.0,69.34099999999995,0.0828607991337776,linear
,1,1x936x24x854,8.0,1890.0,70.0,71.49399999999997,0.0243584003299474,linear
,1,1x854x175x918,8.0,1890.0,69.28,68.77047999999996,0.0708863988518715,linear
,1,1x856x237x1872,8.0,1890.0,68.0,67.24991999999997,0.1629055976867675,linear
,1,1x897x85x1822,8.0,1890.0,68.0,71.92399999999999,0.0834111988544464,linear
,1,1x822x111x1644,8.0,1890.0,68.0,69.509,0.0745600014925003,linear
,1,1x861x248x3320,8.0,1890.0,67.88,69.07200000000005,0.2560896098613739,linear
,1,1x602x171x3961,8.0,1463.4,67.0,77.7912,0.1922239989042282,linear
,1,1x964x61x3165,8.0,705.0,67.0,52.81319999999998,0.2762111961841583,linear
,1,1x763x88x4680,7.0,660.0,63.64,37.4262,0.3682687997817993,linear
,1,1x949x201x5563,7.0,615.0,61.0,39.47740000000001,1.1057536125183105,linear
,1,1x830x239x7951,7.0,601.8,61.0,43.65336,1.5784063816070557,linear
,1,1x579x244x10042,7.0,591.0,59.48,43.80187999999999,1.542623972892761,linear
,1,1x822x237x14759,7.0,585.0,59.0,45.27183999999999,2.9677632331848143,linear
,1,1x754x89x9469,22.12,585.0,58.8,44.61304000000001,0.9076224088668824,linear
,1,1x848x254x18399,28.0,649.8,58.0,47.00715999999999,3.586886358261109,linear
,1,1x837x154x26364,28.0,849.6,58.0,50.3674,2.7595839977264403,linear
,1,1x625x145x17406,28.0,907.8,58.0,50.332400000000014,1.2295360088348388,linear
,1,1x705x197x56380,28.0,1055.4,58.32,56.48171999999999,4.789631938934326,linear
,1,1x599x71x60022,48.0,1470.0,60.0,65.28604000000004,1.70317440032959,linear
,1,1x1023x122x50414,48.0,1494.0,60.0,80.56764,3.231231927871704,linear
,1,1x593x302x126,48.0,1500.0,62.0,85.10899999999998,0.0327679999172687,linear
,1,1x814x405x86,48.0,1500.0,62.0,47.76199999999997,0.0347584001719951,linear
,1,1x642x296x143,48.0,1500.0,62.0,47.26224000000003,0.0286912001669406,linear
,1,1x780x377x505,48.0,1500.0,62.0,47.07540000000001,0.0919743999838829,linear
,1,1x728x433x284,48.0,1500.0,59.48,47.35436,0.0615551993250846,linear
,1,1x998x391x331,48.0,1500.0,59.0,47.184000000000005,0.0766592010855674,linear
,1,1x789x393x613,19.0,1500.0,59.0,47.48044000000002,0.0929471999406814,linear
,1,1x934x307x619,19.0,1500.0,59.0,47.98652000000001,0.1023999974131584,linear
,1,1x635x301x646,19.0,1500.0,58.56,47.89467999999999,0.0712000012397766,linear
,1,1x776x339x1176,19.0,1500.0,58.0,47.97068,0.1615935951471328,linear
,1,1x718x458x1390,19.0,1500.0,58.0,48.44500000000001,0.1966912001371383,linear
,1,1x769x485x1063,19.0,1500.0,58.0,50.677,0.1991743981838226,linear
,1,1x959x463x2336,19.0,1500.0,58.6,50.76099999999999,0.436492794752121,linear
,1,1x861x298x3931,19.0,1500.0,59.0,56.96804,0.4366272032260895,linear
,1,1x961x354x2622,19.0,1500.0,59.0,56.55599999999997,0.4056063950061798,linear
,1,1x860x285x6863,9.0,720.0,59.0,51.13103999999999,1.332966387271881,linear
,1,1x995x280x6085,9.0,708.6,57.0,43.95516,1.3634688138961792,linear
,1,1x738x289x5757,9.0,699.0,57.0,41.75011999999999,1.1131263971328735,linear
,1,1x636x397x10507,9.0,645.0,56.0,42.15659999999998,2.3447872161865235,linear
,1,1x1011x298x8297,9.0,645.0,56.0,44.990000000000016,2.2378496170043944,linear
,1,1x757x346x8809,29.0,645.0,56.0,46.677400000000006,2.0876224040985107,linear
,1,1x737x494x23204,29.0,873.0,56.0,54.17519999999999,4.391974401473999,linear
,1,1x804x364x30628,29.0,1483.8,58.0,73.10480000000004,3.4297791481018067,linear
,1,1x753x484x27066,29.76,1643.4,59.2,86.87016000000001,3.517568016052246,linear
,1,1x738x294x63635,48.0,1699.2,63.0,106.06968,4.856134510040283,linear
,1,1x880x395x46021,48.0,1857.6,66.4,127.51148,5.2669120788574215,linear
,1,1x738x408x43044,48.0,1860.6,69.96,149.46603999999996,4.047980785369873,linear
,1,1x766x848x223,47.04,1878.6,75.0,120.26035999999992,0.0725951999425888,linear
,1,1x976x1020x124,44.0,1890.0,75.0,70.42799999999995,0.0748160004615783,linear
,1,1x678x983x13,44.0,1890.0,75.0,69.96499999999997,0.0222208000719547,linear
,1,1x816x949x395,44.0,1890.0,71.36,67.30099999999999,0.1376896023750305,linear
,1,1x888x692x291,44.0,1890.0,68.0,71.3622,0.0856192007660865,linear
,1,1x796x568x289,44.0,1905.0,68.0,64.94700000000005,0.0591487996280193,linear
,1,1x602x595x913,44.0,1905.0,67.04,67.64192000000004,0.1360831975936889,linear
,1,1x813x939x648,44.0,1905.0,66.0,70.33899999999998,0.1896447986364364,linear
,1,1x864x847x1010,44.0,1905.0,66.0,74.52515999999997,0.2548608005046844,linear
,1,1x664x874x1607,5.0,1905.0,66.0,78.44319999999995,0.3519935965538024,linear
,1,1x642x964x1558,5.0,1905.0,66.44,79.51236,0.3534463942050934,linear
,1,1x538x927x2047,5.0,1905.0,67.0,81.32064000000003,0.3835071980953216,linear
,1,1x628x1003x2213,5.0,1905.0,67.0,82.35799999999998,0.4567295968532562,linear
,1,1x740x797x2850,5.0,1905.0,67.0,90.95599999999996,0.5759423851966858,linear
,1,1x950x891x3630,5.0,1161.0,67.84,87.68712,1.1135168075561523,linear
,1,1x808x680x7569,5.0,975.0,68.0,55.91240000000003,2.265312051773072,linear
,1,1x932x792x7492,19.96,1026.0,65.12,58.06575999999998,2.9518528461456297,linear
,1,1x987x742x4316,22.0,1050.0,62.0,58.18320000000001,1.6361728191375733,linear
,1,1x635x796x16271,22.0,1050.0,60.64,52.38004000000001,4.02981128692627,linear
,1,1x662x840x15746,25.0,1082.4,60.36,61.64599999999999,4.284825563430786,linear
,1,1x711x700x9741,37.0,1695.0,61.0,75.20219999999998,1.7371904134750369,linear
,1,1x894x1009x29885,37.0,1743.6,63.8,115.23792,8.052812671661377,linear
,1,1x647x530x32097,37.0,1881.6,66.0,140.5701199999999,3.6296127796173097,linear
,1,1x658x745x26458,44.68,1855.2,75.0,138.77056,4.043008136749267,linear
,1,1x623x546x36653,45.0,1851.0,76.44,152.65171999999995,4.09870719909668,linear
,1,1x872x542x38718,45.0,1804.2,78.88,157.78771999999992,6.059212684631348,linear
,1,1x688x517x39236,45.0,1830.6,76.0,122.61071999999994,4.409100818634033,linear
,1,1x930x1256x161,45.0,1859.4,75.56,156.42232,0.1002240002155303,linear
,1,1x907x1605x234,45.0,1860.0,75.0,71.11219999999997,0.1483840018510818,linear
,1,1x1016x1240x203,45.0,1860.0,75.0,67.83091999999998,0.1166912019252777,linear
,1,1x718x1852x319,45.0,1860.0,68.0,66.64000000000004,0.167859199643135,linear
,1,1x978x1246x319,45.0,1860.0,68.0,71.22967999999997,0.1605503976345062,linear
,1,1x904x1694x335,14.0,1860.0,68.0,66.50160000000002,0.2117567986249923,linear
,1,1x545x1906x634,14.0,1860.0,67.6,69.43811999999997,0.2295487999916076,linear
,1,1x954x1300x832,14.0,1860.0,67.0,74.25520000000004,0.3489983975887298,linear
,1,1x874x1607x841,14.0,1860.0,67.0,78.92384000000006,0.403980803489685,linear
,1,1x878x1868x1744,14.0,1860.0,67.0,84.74783999999998,0.9017536044120787,linear
,1,1x846x1101x1968,14.0,1860.0,67.8,95.41068,0.6280383944511414,linear
,1,1x615x1446x1713,14.0,1860.0,68.0,91.347,0.5270912051200867,linear
,1,1x561x1633x3695,14.0,1860.0,68.0,95.28495999999996,1.1547199964523316,linear
,1,1x820x1911x3332,15.0,1200.0,67.6,88.74272000000002,2.381779193878174,linear
,1,1x957x1147x2870,15.0,1185.6,67.0,52.509000000000015,1.5325632095336914,linear
,1,1x786x1612x5412,15.0,1169.4,64.92,64.65504000000001,3.1697855949401856,linear
,1,1x959x1889x4400,15.0,1366.2,63.0,74.17719999999997,3.041209602355957,linear
,1,1x598x1667x6538,22.36,1537.2,63.56,84.89403999999996,2.520345592498779,linear
,1,1x756x1275x13327,38.0,1674.0,65.0,102.72031999999996,3.920281648635864,linear
,1,1x773x1139x16227,38.0,1851.6,66.92,122.25000000000004,4.5910016059875485,linear
,1,1x534x1096x9088,38.0,1887.0,68.0,133.48032000000006,1.6826175928115843,linear
,1,1x821x1209x24100,41.84,1798.8,74.08,143.65159999999997,7.492684745788575,linear
,1,1x853x1890x19674,44.0,1751.4,77.6,148.7126,10.115699005126952,linear
,1,1x516x1845x22941,49.28,1786.8,79.0,140.36264000000006,7.328051280975342,linear
,1,1x779x1380x54237,55.64,1666.2,81.44,153.38271999999998,19.673887634277342,linear
,1,1x604x1972x45762,63.0,1564.8,86.08,144.16467999999998,18.247865676879883,linear
,1,1x958x1954x65153,81.0,1393.2,84.88,134.46171999999996,43.35526428222656,linear
,1,1x802x2824x215,93.0,1810.2,85.36,95.36971999999996,0.1971136033535003,linear
,1,1x523x3969x69,93.0,1875.0,78.0,76.29844000000001,0.1044095978140831,linear
,1,1x995x3500x24,93.0,1875.0,78.0,73.57220000000002,0.1085055992007255,linear
,1,1x860x3966x324,93.0,1889.4,74.64,77.50876000000005,0.4241024076938629,linear
,1,1x953x3207x391,30.0,1890.0,72.0,86.60611999999998,0.4520511984825134,linear
,1,1x748x2799x275,30.0,1890.0,72.0,88.98975999999993,0.2380351990461349,linear
,1,1x1017x2509x664,30.0,1890.0,72.0,84.83667999999997,0.5707455992698669,linear
,1,1x591x3057x1023,30.0,1890.0,72.0,98.015,0.6214400053024292,linear
,1,1x984x4014x977,30.0,1890.0,72.0,109.40139999999997,1.1834367990493777,linear
,1,1x585x3611x1214,30.0,1890.0,72.0,119.15715999999996,0.881273603439331,linear
,1,1x670x2542x1636,30.0,1890.0,72.0,109.77619999999992,0.8701375961303711,linear
,1,1x787x3781x1209,30.0,1890.0,73.0,112.24036000000002,1.194323205947876,linear
,1,1x598x3239x3966,19.0,1320.0,73.0,98.50979999999991,3.4145023822784424,linear
,1,1x559x2489x3789,19.0,1410.0,67.48,66.33500000000002,2.554099178314209,linear
,1,1x915x2234x2390,19.0,1410.0,67.0,65.75439999999995,1.994227194786072,linear
,1,1x621x3825x4243,19.0,1501.2,66.0,80.25123999999998,3.6165631771087647,linear
,1,1x822x2407x5121,36.0,1723.2,66.0,96.40128,3.3103871822357176,linear
,1,1x708x2401x6562,36.0,1884.6,70.0,133.55395999999996,3.597638416290283,linear
,1,1x973x3042x11491,36.0,1756.2,74.76,158.62075999999996,10.75317096710205,linear
,1,1x922x4040x16186,55.0,1680.0,76.0,148.73063999999997,18.258016204833982,linear
,1,1x972x3835x8533,60.44,1697.4,83.4,137.70307999999994,10.019513511657715,linear
,1,1x912x3756x28189,54.84,1580.4,85.2,139.68544,31.022777557373047,linear
,1,1x938x4071x26335,73.44,1402.8,85.44,137.19799999999995,35.67304306030273,linear
,1,1x953x2515x23813,73.44,1636.8,77.44,131.29712000000004,17.05917434692383,linear
,1,1x981x2503x39708,59.4,1447.8,84.72,132.77603999999997,32.44740447998047,linear
,1,1x670x3538x54697,65.56,1509.0,83.72,131.388,42.05234603881836,linear
,1,1x785x3574x59967,74.36,1405.2,83.64,134.00331999999997,59.601618957519534,linear
,1,1x966x5289x6,74.6,1825.8,86.0,103.82356,0.149504005908966,linear
,1,1x815x7531x206,83.0,1860.0,86.0,80.14556000000002,0.4823552012443542,linear
,1,1x715x6567x44,83.0,1860.0,78.96,93.45047999999996,0.1659391999244689,linear
,1,1x777x6074x412,83.0,1860.0,78.0,90.49200000000005,0.7970047950744629,linear
,1,1x977x6873x377,83.0,1875.0,78.0,93.40192,0.8221951961517334,linear
,1,1x613x5297x474,83.0,1875.0,74.96,98.38755999999997,0.5138367891311646,linear
,1,1x917x6257x1023,83.0,1868.4,74.0,106.62504000000004,1.7768831729888916,linear
,1,1x979x7974x546,57.0,1875.0,74.0,128.87280000000007,1.4752832174301147,linear
,1,1x825x7164x823,18.0,1875.0,75.8,125.63148,1.5302847862243651,linear
,1,1x515x5099x1739,18.0,1875.0,77.0,139.2691199999999,1.4965823888778689,linear
,1,1x973x7775x1330,18.0,1844.4,77.0,141.98744000000002,3.197689580917358,linear
,1,1x538x6627x1278,18.0,1798.8,78.0,125.26827999999996,1.4540287971496582,linear
,1,1x967x4790x3361,18.0,1813.2,78.0,133.20156000000003,4.661036777496338,linear
,1,1x606x5036x2455,39.0,1867.2,78.0,133.93008000000003,2.2929792404174805,linear
,1,1x698x4319x2288,39.0,1865.4,78.0,146.73139999999995,2.1299519538879395,linear
,1,1x758x6034x8135,39.0,1766.4,81.04,140.75068,10.64835205078125,linear
,1,1x532x6301x4928,47.28,1766.4,83.0,158.85688000000005,5.413542366027832,linear
,1,1x946x7797x4439,48.0,1708.2,82.84,143.16311999999996,9.589900588989256,linear
,1,1x801x4469x10837,44.0,1689.6,83.72,133.80424000000002,12.0273344039917,linear
,1,1x976x6333x12222,49.52,1561.8,84.8,139.81235999999996,24.20356483459473,linear
,1,1x936x8102x14628,85.64,1526.4,87.12,145.50892000000002,69.2715072631836,linear
,1,1x986x7131x22708,85.28,1434.0,82.32,129.08067999999997,50.35030364990234,linear
,1,1x884x4398x25584,78.28,1470.0,82.96,132.30588,31.43639068603516,linear
,1,1x644x4629x20560,62.8,1491.0,81.04,132.82767999999996,20.6521915435791,linear
,1,1x929x6341x40745,90.04,1522.8,86.04,147.41784000000004,147.28936462402345,linear
,1,1x712x6838x38130,93.92,1390.8,84.92,129.87843999999996,65.49688262939453,linear
,1,1x1004x7635x34343,91.88,1371.6,85.4,125.61996,94.39539947509766,linear
,1,1x1220x229x64,97.0,1806.6,82.0,90.92515999999998,0.0226496003568172,linear
,1,1x1159x53x29,97.0,1875.0,82.0,74.87808000000001,0.0101695999503135,linear
,1,1x1232x174x14,97.0,1875.0,77.84,72.86607999999995,0.0145791999995708,linear
,1,1x2010x228x352,97.0,1885.8,74.0,70.79500000000002,0.0718592002987861,linear
,1,1x1657x176x406,97.0,1890.0,74.0,70.47175999999996,0.0672703996300697,linear
,1,1x1724x97x500,22.2,1890.0,72.24,69.95100000000001,0.0518528006970882,linear
,1,1x1032x115x748,12.0,1890.0,70.0,70.43800000000005,0.0450560003519058,linear
,1,1x1176x184x543,12.0,1890.0,70.0,70.39100000000002,0.0554048001766204,linear
,1,1x1473x135x691,12.0,1890.0,70.0,70.45499999999998,0.0717056021094322,linear
,1,1x1718x108x1649,12.0,1890.0,70.0,71.10899999999998,0.1484223991632461,linear
,1,1x1799x192x1676,12.0,1890.0,68.0,75.00199999999997,0.2369152009487152,linear
,1,1x1453x42x1988,12.0,1901.4,68.0,67.56300000000005,0.1076159998774528,linear
,1,1x1574x206x2198,12.0,718.2,68.0,63.65140000000005,0.4843519985675811,linear
,1,1x1546x44x2599,8.6,606.6,64.0,41.297719999999984,0.3375552058219909,linear
,1,1x1862x189x4086,7.0,559.8,64.0,40.27691999999998,1.661580777168274,linear
,1,1x1185x142x5962,7.0,555.0,61.12,41.90543999999999,1.237343978881836,linear
,1,1x1415x71x6236,7.0,553.8,60.0,42.32431999999997,0.9943423867225648,linear
,1,1x1454x243x6011,7.0,540.0,60.0,43.79928,2.3251391887664794,linear
,1,1x1792x72x10295,16.2,540.0,59.0,44.59231999999997,1.90777599811554,linear
,1,1x1090x72x10711,30.0,540.0,59.0,45.15339999999998,1.2702847957611083,linear
,1,1x1648x48x11001,30.0,525.0,58.68,41.99603999999997,1.6164672136306764,linear
,1,1x1621x36x31283,30.0,525.0,58.0,46.32028000000001,4.30962553024292,linear
,1,1x1165x200x23150,32.24,697.8,58.0,52.06128,4.645478343963623,linear
,1,1x1317x229x18481,44.0,1063.2,58.0,58.475400000000015,3.20033917427063,linear
,1,1x1825x90x59969,44.0,1639.2,60.0,90.66523999999998,4.999110317230224,linear
,1,1x1622x35x47007,44.0,1899.0,63.84,93.29555999999997,2.5613375663757325,linear
,1,1x1116x237x34519,41.36,1879.2,68.0,118.68200000000004,3.2549376487731934,linear
,1,1x1694x494x249,41.0,1896.6,69.12,125.72299999999996,0.0861440002918243,linear
,1,1x1387x407x64,41.0,1905.0,70.0,69.00099999999999,0.0323520004749298,linear
,1,1x1930x281x53,41.0,1905.0,70.0,65.89799999999997,0.0263807993382215,linear
,1,1x1212x265x472,41.0,1905.0,70.0,65.84300000000002,0.0708543986082077,linear
,1,1x1694x422x354,41.0,1905.0,68.24,67.28848000000002,0.1062527984380722,linear
,1,1x1672x263x456,41.0,1905.0,66.0,69.32200000000003,0.0971967995166778,linear
,1,1x1233x344x770,41.0,1905.0,66.0,68.92980000000001,0.1274623990058899,linear
,1,1x1808x376x526,37.4,1905.0,66.0,70.02019999999999,0.1385535985231399,linear
,1,1x1632x360x668,11.0,1905.0,65.8,70.49492000000002,0.1562240004539489,linear
,1,1x1073x374x1703,11.0,1905.0,65.0,72.39579999999995,0.2394368022680282,linear
,1,1x2031x292x1419,11.0,1905.0,65.0,75.72900000000001,0.3166528046131134,linear
,1,1x1361x358x1526,11.0,1674.6,65.0,77.72299999999997,0.2600448012351989,linear
,1,1x1798x342x3977,11.0,945.0,63.48,57.548,1.5620160102844238,linear
,1,1x1551x451x3948,11.0,916.2,63.0,45.02304000000001,1.7598464012145996,linear
,1,1x1033x263x3581,14.8,878.4,59.16,37.36895999999998,0.6815168023109436,linear
,1,1x1813x340x5688,16.0,835.2,59.0,44.67488000000003,2.3990399837493896,linear
,1,1x1765x271x5308,16.0,825.0,59.0,46.9988,1.822150421142578,linear
,1,1x1411x473x5455,16.0,825.0,59.0,49.35612000000001,2.577894401550293,linear
,1,1x1840x414x8298,16.0,921.0,59.0,53.044080000000015,3.6603456020355214,linear
,1,1x1406x325x11437,33.28,1090.2,59.0,57.911119999999976,2.89782395362854,linear
,1,1x1927x312x10914,40.0,1185.6,59.24,62.166360000000005,3.2115264415740965,linear
,1,1x1231x261x18385,40.0,1265.4,60.0,66.97700000000002,2.9113343715667725,linear
,1,1x1714x446x27626,40.0,1651.2,63.0,95.01812,6.805452919006347,linear
,1,1x1309x270x20412,49.0,1902.0,66.96,111.28852,2.477824020385742,linear
,1,1x1691x484x48075,49.0,1779.6,71.4,148.372,13.009759902954102,linear
,1,1x1286x511x38476,45.0,1798.8,76.44,140.43068,8.611366462707519,linear
,1,1x1915x271x43270,45.0,1780.8,79.0,160.73552,7.872422409057617,linear
,1,1x1157x864x194,48.8,1877.4,76.2,69.9756,0.1021760001778602,linear
,1,1x1262x889x66,50.0,1890.0,72.0,70.59099999999995,0.0656192004680633,linear
,1,1x1243x917x5,50.0,1890.0,72.0,72.22299999999997,0.0369664005935192,linear
,1,1x1657x639x397,50.0,1900.2,71.04,72.32984000000002,0.1941504001617431,linear
,1,1x2023x914x410,50.0,1905.0,69.0,70.42023999999998,0.2891391992568969,linear
,1,1x1424x916x306,50.0,1905.0,69.0,80.49299999999995,0.1624191999435424,linear
,1,1x1471x713x522,50.0,1905.0,69.0,76.23900000000002,0.2288255989551544,linear
,1,1x1265x859x957,5.0,1905.0,68.0,81.12799999999997,0.3665535986423492,linear
,1,1x1974x904x794,5.0,1905.0,68.0,88.64083999999997,0.4357951998710632,linear
,1,1x1218x698x1811,5.0,1905.0,68.0,93.2192,0.5144767999649048,linear
,1,1x1155x640x1449,5.0,1905.0,68.0,92.24464000000002,0.3738752007484436,linear
,1,1x1550x548x1198,5.0,1905.0,68.8,88.86864000000003,0.3686208069324493,linear
,1,1x2029x833x3491,5.0,1789.8,69.0,107.52576000000006,1.851635193824768,linear
,1,1x1593x644x3777,5.0,1425.0,69.0,91.47411999999994,1.594214391708374,linear
,1,1x1169x788x2838,5.0,1395.0,66.6,64.24036000000001,1.1259456157684329,linear
,1,1x1250x929x4637,21.0,1335.0,66.0,61.79464,2.1430592060089118,linear
,1,1x1800x620x5108,21.0,1302.6,63.12,55.96296,2.493254327774048,linear
,1,1x1395x866x7395,21.0,1303.8,63.0,69.44563999999998,3.888716793060303,linear
,1,1x1881x981x11192,28.56,1554.6,64.0,95.14543999999997,6.104262351989746,linear
,1,1x1209x594x9449,42.0,1899.0,65.6,115.00435999999996,2.0782336235046386,linear
,1,1x1280x928x8420,42.0,1883.4,68.0,125.18139999999995,2.8993152141571046,linear
,1,1x1298x874x18053,42.0,1809.0,72.68,150.87952,6.342649650573731,linear
,1,1x1626x784x23366,40.0,1765.8,77.6,156.81416000000007,8.953977584838867,linear
,1,1x1636x875x19896,40.0,1762.2,77.12,134.18668,8.673446464538575,linear
,1,1x1866x639x64712,61.8,1569.6,82.56,145.93048000000002,27.438444900512696,linear
,1,1x1247x962x61562,63.8,1617.0,81.72,147.03907999999998,24.829484939575195,linear
,1,1x1833x944x54475,67.32,1461.6,85.08,136.78220000000002,32.88739204406738,linear
,1,1x1821x1294x57,85.0,1823.4,83.0,103.35755999999998,0.0920896008610725,linear
,1,1x1914x2008x149,85.0,1860.0,83.0,78.38000000000004,0.2751616060733795,linear
,1,1x1903x1431x243,85.0,1874.4,79.16,77.11843999999999,0.2551615953445434,linear
,1,1x1898x1061x359,46.0,1875.0,75.0,81.64628000000002,0.2625407993793487,linear
,1,1x1130x1648x313,46.0,1875.0,75.0,81.11992,0.2342783987522125,linear
,1,1x1683x1459x403,46.0,1875.0,75.0,82.2552,0.3759360015392303,linear
,1,1x1052x1291x852,46.0,1875.0,73.08,86.00400000000003,0.3931776106357574,linear
,1,1x1415x1420x969,46.0,1875.0,72.0,86.44900000000001,0.6434559941291809,linear
,1,1x1736x1774x972,46.0,1875.0,72.0,101.60899999999997,0.98160640001297,linear
,1,1x1414x1839x2038,46.0,1875.0,72.0,126.34456000000009,1.6544511795043946,linear
,1,1x1043x1957x1555,46.0,1875.0,75.0,119.25191999999996,1.0384640216827392,linear
,1,1x1593x1297x1578,18.0,1875.0,75.0,123.16139999999994,1.04204158782959,linear
,1,1x1628x1689x2283,18.0,1845.0,75.0,122.9492,1.947123217582703,linear
,1,1x1476x1689x3149,18.0,1727.4,74.04,123.88467999999992,2.621152067184448,linear
,1,1x1965x1403x2770,18.0,1740.0,74.0,110.45911999999996,2.464531230926513,linear
,1,1x1172x1898x6106,18.0,1768.8,74.68,128.44815999999994,4.058963203430176,linear
,1,1x1295x1533x4781,32.08,1862.4,75.0,139.66183999999998,2.994169569015503,linear
,1,1x1654x1704x8020,40.0,1774.2,79.2,156.41163999999995,6.589350414276123,linear
,1,1x1027x1484x8586,40.0,1835.4,80.32,129.13019999999997,4.034803104400635,linear
,1,1x1484x1233x12810,43.36,1763.4,81.72,146.42415999999994,7.238553714752197,linear
,1,1x1895x1332x13133,46.0,1693.8,82.96,137.66612,9.976076698303222,linear
,1,1x1327x1824x31022,56.84,1570.2,82.24,140.28700000000003,23.906732940673827,linear
,1,1x1678x2037x30273,54.92,1576.2,82.28,129.714,33.29555168151855,linear
,1,1x1888x1474x19244,53.0,1676.4,83.4,139.19815999999994,16.441561698913574,linear
,1,1x1310x1628x62941,68.72,1446.6,83.96,134.3566,45.107443237304686,linear
,1,1x1786x1135x39716,62.04,1527.0,84.48,146.52108,25.542419052124025,linear
,1,1x1331x1398x63555,76.16,1511.4,80.44,131.85396,38.93429107666016,linear
,1,1x1380x2705x6,64.0,1742.4,81.0,78.73579999999995,0.1081727996468544,linear
,1,1x1458x3689x29,64.0,1725.0,81.0,64.97500000000002,0.1725183963775634,linear
,1,1x1893x2846x139,44.0,1725.0,76.6,61.76500000000003,0.4440064013004303,linear
,1,1x1047x3315x353,44.0,1725.0,71.0,72.36120000000004,0.4468864023685455,linear
,1,1x1042x3509x401,44.0,1725.0,71.0,62.08659999999998,0.5987583994865417,linear
,1,1x1073x3614x501,44.0,1725.0,70.12,74.20640000000002,0.6540800094604492,linear
,1,1x1724x3881x647,44.0,1725.0,69.0,83.7116,1.7065792083740234,linear
,1,1x1055x2633x829,44.0,1725.0,69.0,101.84136000000004,0.790995192527771,linear
,1,1x1207x2340x696,44.0,1725.0,69.0,83.12015999999998,0.6899904012680054,linear
,1,1x1862x2577x1927,24.8,1725.0,69.0,99.74851999999996,3.13276162147522,linear
,1,1x1240x3239x1794,20.0,1743.0,69.0,108.5248,2.560268783569336,linear
,1,1x1200x2787x1246,20.0,1755.0,70.04,99.99868,1.361235213279724,linear
,1,1x1595x3910x2205,20.0,1782.0,71.0,127.99092000000002,4.135078430175781,linear
,1,1x1135x2915x2142,20.0,1885.8,71.44,123.91663999999996,2.217535972595215,linear
,1,1x1884x2925x3111,37.0,1830.0,72.0,149.67319999999998,5.199379253387451,linear
,1,1x1354x3838x7002,37.0,1715.4,79.16,149.09864000000007,11.539519882202148,linear
,1,1x1673x2514x7426,53.56,1695.0,82.84,154.63660000000002,9.595602989196776,linear
,1,1x1467x3474x5815,60.0,1732.2,82.12,140.81332000000003,8.788409614562989,linear
,1,1x1745x3491x15170,45.68,1507.2,85.96,139.91684000000004,30.237766647338866,linear
,1,1x1605x2455x9628,86.0,1644.0,84.28,132.32483999999994,12.362624168395996,linear
,1,1x1481x3911x14436,66.64,1414.2,85.76,131.95376000000002,28.644467163085935,linear
,1,1x1573x3132x26457,87.52,1398.0,83.96,133.97624,44.44221420288086,linear
,1,1x1905x3039x29209,91.4,1354.8,85.64,130.89223999999996,63.13280715942383,linear
,1,1x1228x2566x20263,88.84,1518.0,86.68,135.24724,20.752927780151367,linear
,1,1x1186x3615x34426,78.4,1389.6,80.92,132.38932,50.38284149169922,linear
,1,1x1588x2388x42191,75.12,1411.2,85.88,141.20752,54.35243453979492,linear
,1,1x2037x3529x46398,89.8,1386.0,83.96,131.34816000000004,110.7327880859375,linear
,1,1x1948x5416x93,94.0,1680.0,86.0,111.00128,0.4771712005138397,linear
,1,1x1419x4339x12,86.72,1867.2,76.0,68.56271999999998,0.1871807992458343,linear
,1,1x1585x8042x103,68.0,1875.0,76.0,76.68399999999998,0.5323071956634522,linear
,1,1x1829x4939x416,68.0,1890.0,75.52,90.59199999999996,1.4301312208175658,linear
,1,1x1747x7160x289,68.0,1890.0,75.0,115.26520000000002,1.2329023838043214,linear
,1,1x1904x5620x440,68.0,1890.0,75.0,129.067,1.6254655838012697,linear
,1,1x1462x7909x842,68.0,1876.2,77.8,129.1737600000001,2.9335039138793944,linear
,1,1x1680x5720x714,24.0,1872.0,80.0,122.30943999999994,2.226233625411987,linear
,1,1x1509x4271x804,24.0,1875.0,79.48,143.9264,1.6952127933502197,linear
,1,1x1219x7497x1641,24.0,1795.8,79.0,126.59747999999996,4.486278343200683,linear
,1,1x1273x7160x1235,24.0,1800.0,77.0,131.245,3.3774399757385254,linear
,1,1x1780x4137x1132,34.08,1862.4,77.0,133.80504000000002,2.422918462753296,linear
,1,1x1968x5079x2566,38.0,1728.6,81.24,158.03640000000004,15.313062286376953,linear
,1,1x1213x6258x3262,41.96,1676.4,84.0,151.46048000000002,7.788051223754882,linear
,1,1x1813x5636x4046,71.0,1527.0,83.24,141.59099999999998,13.18661117553711,linear
,1,1x1951x5760x7375,74.68,1536.0,87.12,146.10183999999998,48.725100708007815,linear
,1,1x1058x7872x5629,90.6,1456.2,86.32,120.87207999999995,14.919577598571776,linear
,1,1x1837x7626x6830,73.4,1623.6,85.96,144.86436,58.66828155517578,linear
,1,1x1386x6357x16280,79.0,1409.4,86.04,129.94636000000003,50.19240341186524,linear
,1,1x1231x6353x11903,88.08,1407.0,86.04,128.20351999999994,31.843648147583007,linear
,1,1x1614x4122x9737,90.0,1399.2,86.04,131.73028000000005,22.84723854064941,linear
,1,1x1051x7984x30407,93.16,1475.4,87.16,143.58712,150.2765106201172,linear
,1,1x1992x4993x17865,83.8,1480.2,83.96,130.27636,55.29787368774414,linear
,1,1x1552x8082x24692,94.88,1474.2,87.48,142.00235999999998,199.0267303466797,linear
,1,1x1476x5257x56178,96.32,1371.6,86.76,131.71559999999997,163.1247528076172,linear
,1,1x1383x6270x55630,92.6,1361.4,85.32,132.92484000000002,169.33462524414062,linear
,1,1x1615x4999x33315,84.6,1410.6,85.28,132.15016000000003,90.31237182617188,linear
,1,1x3908x21x112,96.0,1812.0,83.52,93.94663999999996,0.0187327999621629,linear
,1,1x3483x146x80,96.0,1860.0,81.0,75.99199999999998,0.0348544009029865,linear
,1,1x3631x217x205,96.0,1874.4,81.0,73.87300000000003,0.0889855995774269,linear
,1,1x2866x155x413,96.0,1875.0,73.0,73.71299999999998,0.1044479981064796,linear
,1,1x3499x219x495,96.0,1875.0,73.0,74.48299999999996,0.1599167972803115,linear
,1,1x3250x28x458,96.0,1875.0,73.0,77.61200000000002,0.0556864008307457,linear
,1,1x3239x247x852,96.0,1875.0,73.0,71.76600000000002,0.256415992975235,linear
,1,1x4035x103x630,13.0,1890.0,70.0,69.164,0.1354752033948898,linear
,1,1x2276x63x820,13.0,1890.0,70.0,67.62688000000001,0.0837247982621192,linear
,1,1x3034x88x1435,13.0,1890.0,70.0,69.02948,0.1903872042894363,linear
,1,1x3756x218x1328,13.0,1890.0,69.68,75.28099999999996,0.4197440028190612,linear
,1,1x3965x235x1592,13.0,1890.0,69.0,86.48600000000005,0.5383999824523926,linear
,1,1x2622x143x3289,13.0,1890.0,69.0,95.29800000000002,0.5041983962059021,linear
,1,1x2233x16x2700,13.0,1005.0,69.0,77.02468000000003,0.2470655977725982,linear
,1,1x2312x32x3074,10.44,997.8,66.28,49.65615999999999,0.326828795671463,linear
,1,1x2867x101x6165,9.0,897.0,65.0,42.7532,1.5072320222854614,linear
,1,1x2185x72x4139,9.0,869.4,62.92,44.61008,0.6136512041091919,linear
,1,1x2324x225x7599,9.0,855.0,61.0,48.137079999999976,3.054035186767578,linear
,1,1x2966x149x12311,9.0,997.8,61.0,55.22848000000001,3.5898367881774904,linear
,1,1x3978x135x8684,33.0,1197.0,61.0,62.79976000000004,2.7287487983703613,linear
,1,1x4070x38x8772,33.0,1215.0,61.08,63.36072000000004,1.3683520317077638,linear
,1,1x3483x221x32034,33.0,1602.0,63.08,109.57083999999996,9.46366081237793,linear
,1,1x2561x221x30371,48.2,1816.8,71.0,141.55380000000005,6.444985580444336,linear
,1,1x2425x6x23827,53.0,1888.8,73.0,125.93908000000008,1.9281152009963989,linear
,1,1x3335x180x48775,53.0,1753.2,73.0,149.96027999999995,11.296608161926269,linear
,1,1x3865x155x56816,54.0,1713.6,77.8,164.06244000000004,14.681599807739255,linear
,1,1x2610x119x52753,54.44,1779.0,82.0,137.24420000000012,7.349171257019043,linear
,1,1x3156x399x197,65.0,1841.4,80.72,123.39896000000005,0.1145472005009651,linear
,1,1x2891x451x95,65.0,1860.0,80.0,80.68272,0.0725568011403083,linear
,1,1x3800x286x56,65.0,1884.6,80.0,71.60999999999996,0.0470144003629684,linear
,1,1x3172x300x384,65.0,1890.0,80.0,71.645,0.1428031980991363,linear
,1,1x3132x348x484,65.0,1890.0,71.0,76.84712000000002,0.1930943995714187,linear
,1,1x3181x417x289,65.0,1890.0,71.0,77.5258,0.1728320002555847,linear
,1,1x2517x276x701,65.0,1890.0,71.0,78.12888000000001,0.1892863988876342,linear
,1,1x2496x296x967,57.92,1904.4,70.28,75.93328000000001,0.2565439999103546,linear
,1,1x3386x441x856,6.0,1905.0,69.0,73.35699999999999,0.4195712089538574,linear
,1,1x2915x417x1729,6.0,1905.0,69.0,92.66288,0.7117695927619934,linear
,1,1x3855x419x1576,6.0,1905.0,69.36,107.57792,0.8658431887626648,linear
,1,1x3728x442x1188,6.0,1905.0,72.0,93.86996000000003,0.6634495973587036,linear
,1,1x3115x403x3448,6.0,1369.2,72.0,98.42140000000003,1.3795967817306518,linear
,1,1x2543x471x3127,6.0,1190.4,68.88,63.00280000000001,1.8271104097366333,linear
,1,1x2571x462x3037,17.52,1179.6,66.0,60.685600000000015,1.7258496046066285,linear
,1,1x3233x501x5199,22.0,1177.8,64.32,62.05328000000002,3.9329920291900633,linear
,1,1x3000x409x8138,22.0,1309.2,63.0,73.47652,3.542137670516968,linear
,1,1x3188x417x4911,22.0,1725.0,65.52,93.25075999999996,2.358464050292969,linear
,1,1x2483x375x12758,35.44,1791.0,66.0,96.38383999999998,3.7942463397979735,linear
,1,1x3203x475x15481,43.0,1805.4,72.0,134.03704,7.567827224731445,linear
,1,1x2526x438x9488,43.0,1854.0,74.88,149.83831999999995,3.328275203704834,linear
,1,1x3349x354x17552,44.68,1775.4,76.92,163.24548000000004,7.307135963439942,linear
,1,1x3206x324x22891,45.0,1729.2,83.16,157.43072,8.345484924316406,linear
,1,1x3010x435x32252,54.6,1686.6,85.04,140.14728000000005,14.05361270904541,linear
,1,1x2509x404x60267,63.84,1508.4,85.8,136.57636000000008,22.313561630249023,linear
,1,1x4030x507x59770,81.72,1395.0,84.24,128.14248000000003,44.2304573059082,linear
,1,1x3859x474x58896,79.84,1377.0,86.08,130.03988,42.133087921142575,linear
,1,1x2893x625x169,86.0,1859.4,85.0,66.56803999999998,0.1506048023700714,linear
,1,1x2692x918x118,86.0,1875.0,76.0,76.69900000000003,0.1210175991058349,linear
,1,1x3678x1009x22,55.0,1885.2,76.0,74.34588000000002,0.1022527977824211,linear
,1,1x3154x599x296,55.0,1890.0,76.0,72.028,0.2140799969434738,linear
,1,1x3286x793x491,55.0,1890.0,73.12,82.15275999999996,0.4354623973369598,linear
,1,1x3213x763x452,55.0,1890.0,72.0,92.20391999999995,0.3904640078544616,linear
,1,1x4001x624x831,55.0,1890.0,72.0,91.04240000000006,0.6762752056121826,linear
,1,1x3001x573x1018,55.0,1890.0,72.0,98.354,0.5791167974472046,linear
,1,1x4096x833x754,55.0,1890.0,72.0,98.59099999999997,0.8222784042358399,linear
,1,1x2729x715x1921,55.0,1890.0,72.0,114.79116000000003,1.1979968070983886,linear
,1,1x3832x814x1580,14.0,1890.0,72.0,129.17071999999996,1.4949440002441403,linear
,1,1x2603x681x1995,14.0,1890.0,74.24,120.232,1.107750391960144,linear
,1,1x3927x851x2436,14.0,1863.6,76.0,139.94044000000008,2.532249641418457,linear
,1,1x3301x889x3700,14.0,1838.4,76.48,135.96547999999993,3.320499229431152,linear
,1,1x3401x796x3988,14.0,1844.4,79.0,137.22080000000008,3.3191295623779298,linear
,1,1x2367x566x5219,33.32,1874.4,79.0,133.55172000000002,2.1258623600006104,linear
,1,1x3325x837x4737,37.0,1843.8,80.0,132.93499999999997,3.9830591678619385,linear
,1,1x2152x887x7915,37.0,1832.4,81.2,153.23716000000005,4.477177715301513,linear
,1,1x2071x830x13574,38.92,1731.6,82.88,142.75719999999998,7.583820819854736,linear
,1,1x2283x544x15906,40.0,1690.2,84.08,145.71188000000004,6.7368895530700685,linear
,1,1x3767x635x9111,40.0,1656.6,85.52,126.30115999999998,7.369299221038818,linear
,1,1x3700x939x18399,54.0,1593.0,85.24,137.61559999999997,20.092678451538085,linear
,1,1x2062x831x25355,62.0,1459.2,86.0,134.84091999999995,17.03364486694336,linear
,1,1x3349x533x21933,67.76,1477.2,86.0,129.67388,14.9158145904541,linear
,1,1x3224x695x51051,81.92,1383.0,87.0,131.97195999999997,44.42726364135742,linear
,1,1x2427x1014x56044,87.6,1394.4,86.96,131.07583999999997,49.67253723144531,linear
,1,1x3450x788x38716,90.8,1398.6,86.4,124.94524,37.77326126098633,linear
,1,1x3573x1798x18,88.0,1842.6,81.0,76.30051999999999,0.197484803199768,linear
,1,1x3303x1358x240,88.0,1845.0,81.0,73.89076000000003,0.3837888002395629,linear
,1,1x3692x1639x21,46.0,1845.0,74.16,74.28712000000004,0.1587776005268097,linear
,1,1x2581x1707x284,46.0,1845.0,72.0,68.89899999999996,0.4970304012298584,linear
,1,1x3283x1654x298,46.0,1845.0,72.0,89.05600000000003,0.5861760020256043,linear
,1,1x2458x1989x458,46.0,1845.0,72.0,94.81004,0.773145592212677,linear
,1,1x3208x1894x916,46.0,1845.0,72.0,104.71528,1.90078718662262,linear
,1,1x2365x1496x654,46.0,1845.0,72.0,136.9180000000001,0.7278975963592529,linear
,1,1x3216x1662x909,46.0,1845.0,72.0,111.00628000000005,1.7378879547119142,linear
,1,1x3705x1050x1354,21.0,1845.0,73.84,117.76424000000004,1.625209593772888,linear
,1,1x2523x1947x1788,21.0,1843.8,74.0,131.25292,2.5831679821014406,linear
,1,1x2858x1956x1915,21.0,1852.2,75.4,145.3192,3.0440383911132813,linear
,1,1x3431x1631x2145,21.0,1851.0,79.0,126.31979999999996,3.589951992034912,linear
,1,1x2198x1836x3067,27.48,1842.0,78.08,127.03276,3.565599966049194,linear
,1,1x2215x1181x3386,39.0,1830.0,78.0,119.85215999999996,2.7284351348876954,linear
,1,1x3101x1187x7647,39.0,1717.8,80.0,161.71868,8.896025657653809,linear
,1,1x3182x1118x7362,43.48,1704.6,83.04,132.07972,8.006783962249756,linear
,1,1x3352x1223x5910,55.0,1665.6,84.88,157.40256000000002,7.460211086273193,linear
,1,1x3453x1722x13430,59.08,1404.6,84.04,126.02772,25.92166404724121,linear
,1,1x4041x1732x9554,72.4,1603.2,81.48,142.15876,20.41937255859375,linear
,1,1x3750x1072x12844,74.32,1462.2,84.92,124.82688000000002,17.07624282836914,linear
,1,1x2780x1350x29528,80.2,1493.4,85.16,126.02732,34.264333724975586,linear
,1,1x4075x1975x25765,76.44,1435.8,84.84,130.62456,68.47882232666015,linear
,1,1x3762x1865x22574,88.32,1398.0,85.76,126.84868,51.28807754516602,linear
,1,1x2142x1822x45419,85.68,1377.0,87.08,130.99800000000002,65.13542404174805,linear
,1,1x2896x1969x62862,95.2,1365.6,86.0,127.55772,128.3484359741211,linear
,1,1x2181x1857x63584,79.8,1465.2,84.56,123.1454,87.08849334716797,linear
,1,1x3537x3685x226,73.0,1858.2,84.0,82.41083999999996,0.973030400276184,linear
,1,1x4025x2909x136,73.0,1874.4,75.0,80.26172,0.7638080000877381,linear
,1,1x3105x3176x19,73.0,1875.0,75.0,101.79796,0.298553603887558,linear
,1,1x3850x3256x336,48.4,1875.0,75.0,99.70628,1.3656960010528565,linear
,1,1x3540x3711x501,32.0,1873.2,76.76,128.57583999999994,1.997446393966675,linear
,1,1x2107x2314x432,32.0,1862.4,79.0,132.1013200000001,0.6994239926338196,linear
,1,1x2984x2878x885,32.0,1875.0,79.0,115.81256000000002,2.322137641906738,linear
,1,1x2797x3052x746,32.0,1864.8,79.56,147.74576000000008,1.8718528032302857,linear
,1,1x2981x3048x1001,32.0,1858.2,80.0,139.56780000000003,2.6744064331054687,linear
,1,1x2458x2929x2022,34.16,1817.4,79.4,126.57555999999995,4.334675312042236,linear
,1,1x2772x3395x2014,35.0,1770.0,79.0,127.44551999999992,5.675084781646729,linear
,1,1x3356x3976x2040,35.48,1695.0,79.28,156.08171999999996,7.904396915435791,linear
,1,1x2922x3307x3299,47.0,1588.8,85.68,138.45948,10.360057830810549,linear
,1,1x2692x3382x3989,49.0,1470.6,84.64,136.88263999999998,10.931539344787598,linear
,1,1x3891x3310x3791,52.0,1494.0,87.28,139.62027999999998,16.041369819641112,linear
,1,1x2903x3097x6511,75.92,1440.6,84.32,130.14211999999998,19.29613418579101,linear
,1,1x3044x2706x6763,74.4,1485.0,84.6,123.29272,17.801683044433595,linear
,1,1x3179x3562x7686,70.84,1551.0,85.36,138.11988000000002,27.036191940307617,linear
,1,1x3844x3053x13564,79.56,1337.4,86.68,130.15916,57.72394943237305,linear
,1,1x2981x3936x14127,79.52,1398.6,84.12,128.36263999999997,56.17832946777344,linear
,1,1x2295x3578x8458,78.0,1383.6,86.4,129.52824000000004,25.69255027770996,linear
,1,1x3967x2830x18779,81.76,1372.2,86.12,126.15416,67.4111701965332,linear
,1,1x3693x3252x16593,85.28,1402.8,86.36,130.554,66.37257766723633,linear
,1,1x3501x2674x22573,86.24,1374.0,83.32,130.14472,70.2304702758789,linear
,1,1x2991x2904x45987,90.64,1377.6,86.0,123.738,136.29478149414064,linear
,1,1x2153x3867x46438,81.96,1365.0,82.4,132.09028,122.13887481689451,linear
,1,1x2716x2907x40656,89.36,1368.0,85.32,129.42088,110.0536117553711,linear
,1,1x2115x4156x195,87.0,1753.2,87.84,93.69199999999996,0.6490047931671142,linear
,1,1x3979x4226x141,87.0,1680.0,84.0,76.72084000000001,1.229702401161194,linear
,1,1x2908x6497x191,72.2,1869.0,84.0,97.75852000000005,1.3036736011505128,linear
,1,1x2884x6604x463,50.0,1835.4,81.0,125.26256,2.780838394165039,linear
,1,1x3593x5487x337,50.0,1848.0,81.0,119.78892000000003,2.206374454498291,linear
,1,1x2599x4102x416,50.0,1827.0,85.0,141.50740000000005,1.537664008140564,linear
,1,1x2580x5265x743,50.0,1681.2,85.0,130.64416000000003,3.190783977508545,linear
,1,1x3141x5175x848,34.36,1683.6,85.0,129.3647200000001,4.569875240325928,linear
,1,1x2712x7347x843,33.0,1750.8,78.6,112.77635999999995,5.189670372009277,linear
,1,1x3193x6860x1715,34.6,1557.6,83.16,134.79967999999997,11.315948677062988,linear
,1,1x2566x4871x1490,35.0,1555.2,83.0,132.09927999999996,5.9359231948852536,linear
,1,1x2847x5257x1479,52.28,1541.4,77.48,105.87739999999998,7.64522876739502,linear
,1,1x2975x5342x3785,60.04,1574.4,85.12,143.65768000000003,19.93169937133789,linear
,1,1x2050x4710x3078,72.0,1602.0,80.84,122.17067999999996,15.921279907226562,linear
,1,1x3765x7300x2841,63.72,1470.0,85.4,130.4224,25.44804458618164,linear
,1,1x3177x6779x4185,73.04,1419.6,88.56,128.2802,29.65278091430664,linear
,1,1x3163x4432x7222,85.72,1393.8,86.44,133.63668,35.38215103149414,linear
,1,1x4074x7639x7551,92.4,1330.8,87.4,134.90068000000002,83.71189727783204,linear
,1,1x4037x6085x16302,93.2,1336.8,86.84,132.99824,146.2554138183594,linear
,1,1x3026x7051x15104,88.8,1393.2,85.92,136.57784,113.65384368896484,linear
,1,1x3396x4906x12981,81.44,1385.4,85.64,134.07000000000002,74.42382049560547,linear
,1,1x3925x6252x21647,97.08,1348.2,86.88,136.1874,197.1615692138672,linear
,1,1x2463x4837x29690,96.2,1297.2,85.92,131.35536000000002,133.0895034790039,linear
,1,1x2739x6741x16906,92.56,1303.8,85.0,128.41028000000003,106.50333404541016,linear
,1,1x2646x6883x55955,96.12,1338.6,85.8,131.64732,393.4623657226563,linear
,1,1x3170x4312x65176,91.68,1368.6,85.08,127.04964,324.7806335449219,linear
,1,1x3846x7492x45367,96.88,1325.4,86.04,129.38404,513.2918518066406,linear
,1,1x7022x40x69,97.0,1681.2,86.0,67.75595999999999,0.0286912005394697,linear
,1,1x4532x236x225,97.0,1838.4,85.12,62.07500000000002,0.1188096016645431,linear
,1,1x4632x142x130,97.0,1845.0,75.0,73.80999999999996,0.0637504011392593,linear
,1,1x5278x162x260,97.0,1845.0,75.0,71.07807999999999,0.1368512004613876,linear
,1,1x8151x62x426,97.0,1845.0,75.0,66.49791999999997,0.1623232007026672,linear
,1,1x7006x91x477,97.0,1845.0,72.2,70.51399999999995,0.1707775980234146,linear
,1,1x4867x132x533,97.0,1845.0,70.0,72.02600000000001,0.176281601190567,linear
,1,1x7167x36x689,4.0,1845.0,70.0,71.91100000000004,0.1778048038482666,linear
,1,1x7743x16x552,4.0,1845.0,70.0,71.10200000000003,0.1511808037757873,linear
,1,1x7821x200x1942,4.0,1845.0,70.28,72.693,1.0983360052108764,linear
,1,1x4577x246x1227,4.0,1845.0,71.0,114.42000000000004,0.5035519957542419,linear
,1,1x7661x194x1193,4.0,1845.0,71.0,89.60627999999998,0.7229440093040467,linear
,1,1x5637x46x3306,4.0,1845.0,71.0,89.55163999999995,0.6522304058074951,linear
,1,1x7134x23x2927,4.0,1845.0,70.32,86.48415999999997,0.6964479923248291,linear
,1,1x5784x60x3238,4.0,1185.0,70.0,81.90108000000005,0.9085568070411684,linear
,1,1x6212x217x6634,19.0,1166.4,66.6,61.665040000000026,4.877536010742188,linear
,1,1x7336x22x7776,19.0,1209.0,65.0,62.12784000000004,1.8378496170043943,linear
,1,1x7359x146x6443,19.0,1283.4,64.24,71.79256000000001,3.752479982376099,linear
,1,1x8019x56x10018,19.0,1512.0,64.0,75.40220000000001,2.9466176509857176,linear
,1,1x4433x97x11640,43.0,1590.0,64.88,85.39315999999995,2.693407964706421,linear
,1,1x7210x79x12973,43.0,1800.0,65.0,111.40980000000005,3.826355218887329,linear
,1,1x5271x163x18243,43.0,1849.2,70.0,109.84779999999996,6.2811582565307615,linear
,1,1x7219x2x18299,46.84,1888.2,72.64,104.23188000000005,4.549932765960693,linear
,1,1x8115x129x27694,49.0,1768.8,77.56,152.69367999999997,12.478003120422365,linear
,1,1x7112x11x61063,57.64,1837.8,77.72,143.91876,14.930272102355955,linear
,1,1x7519x236x62411,71.88,1561.2,81.4,153.50752000000003,42.894534301757815,linear
,1,1x5691x187x63136,81.36,1427.4,87.32,134.5364,31.132614517211916,linear
,1,1x5730x368x173,82.0,1808.4,86.0,101.88323999999994,0.1628351986408233,linear
,1,1x5717x334x211,82.0,1714.8,86.0,76.16599999999995,0.1963328033685684,linear
,1,1x4529x426x47,82.0,1875.0,75.0,64.067,0.0791935995221138,linear
,1,1x5532x405x412,82.0,1875.0,75.0,74.164,0.3564736008644104,linear
,1,1x5298x484x306,68.0,1875.0,75.0,89.49299999999995,0.3084800004959106,linear
,1,1x4259x508x433,32.0,1875.0,75.0,86.68908000000005,0.3414784014225006,linear
,1,1x6491x299x876,32.0,1875.0,73.16,89.98908,0.5753023862838745,linear
,1,1x4523x379x826,32.0,1875.0,73.0,94.02492,0.5079231977462768,linear
,1,1x4254x411x902,32.0,1875.0,73.0,94.28808,0.5634432077407837,linear
,1,1x5181x434x1560,32.0,1875.0,73.0,95.15299999999998,1.1520447969436645,linear
,1,1x6087x295x1387,32.0,1875.0,74.0,127.37399999999992,0.857260799407959,linear
,1,1x6807x311x1274,32.0,1875.0,74.0,104.90903999999996,0.894976019859314,linear
,1,1x4747x455x3361,26.72,1850.4,74.0,122.26716,2.319385623931885,linear
,1,1x5537x358x3127,21.0,1769.4,75.0,109.23752,2.148671960830689,linear
,1,1x6435x368x3796,21.0,1762.2,75.0,111.29019999999991,2.954975986480713,linear
,1,1x4591x477x4751,21.0,1850.4,75.72,136.26212,3.389740800857544,linear
,1,1x8190x410x8103,27.96,1777.8,77.68,152.13027999999997,8.804172706604003,linear
,1,1x7901x488x5347,50.0,1803.6,82.04,136.91580000000005,6.310880088806153,linear
,1,1x5512x334x11206,48.88,1725.0,79.72,130.99635999999998,7.023027133941651,linear
,1,1x5393x412x12742,43.0,1668.0,83.0,141.73528,9.710617637634275,linear
,1,1x6745x501x12933,50.28,1512.0,87.0,133.85320000000004,15.805766296386718,linear
,1,1x5095x323x25622,69.0,1476.6,86.64,122.8926,15.83241596221924,linear
,1,1x6769x376x26626,75.72,1480.2,84.72,125.17908,23.402572631835938,linear
,1,1x4255x417x19517,75.08,1701.6,81.0,119.58268000000004,11.824480056762695,linear
,1,1x5269x443x36637,53.48,1555.2,83.4,123.278,29.79362564086914,linear
,1,1x5735x353x40657,59.2,1508.4,87.08,134.57252000000005,30.963129806518555,linear
,1,1x6522x269x34657,76.84,1490.4,85.8,132.21236,25.177446365356445,linear
,1,1x7832x795x102,83.0,1742.4,87.0,86.04395999999997,0.3078080058097839,linear
,1,1x6679x897x14,83.0,1740.0,76.44,66.61800000000004,0.1826752007007598,linear
,1,1x4620x582x72,50.0,1740.0,76.0,64.40164,0.1436287999153137,linear
,1,1x8131x923x288,50.0,1740.0,74.0,64.84103999999999,0.8423232078552246,linear
,1,1x4295x566x372,50.0,1740.0,71.0,76.01099999999998,0.3154431939125061,linear
,1,1x4254x809x509,50.0,1740.0,71.0,70.64599999999997,0.5880320191383361,linear
,1,1x7112x681x919,50.0,1740.0,71.0,85.43479999999995,1.5548416137695311,linear
,1,1x6776x779x915,50.0,1740.0,71.0,101.36315999999994,1.6614975929260254,linear
,1,1x5781x717x818,37.6,1740.0,71.0,102.61852,1.1674431800842284,linear
,1,1x5579x854x1447,19.0,1740.0,71.0,101.604,2.3031295776367187,linear
,1,1x4099x544x1127,19.0,1740.0,71.0,110.98568,0.8759039998054504,linear
,1,1x7563x894x1180,19.0,1627.8,71.0,96.74663999999996,2.916563177108765,linear
,1,1x4345x1000x2764,19.0,1751.4,71.96,104.7404,3.534611225128174,linear
,1,1x4630x920x3594,23.6,1845.0,73.0,148.97068,4.508691310882568,linear
,1,1x8022x720x3143,42.0,1838.4,75.0,136.50987999999998,5.382003211975098,linear
,1,1x7079x603x7105,42.0,1763.4,80.12,129.05840000000003,9.408851051330569,linear
,1,1x7926x868x6492,47.0,1702.2,83.72,141.70304000000002,13.808946990966795,linear
,1,1x5442x556x6910,47.0,1590.6,86.0,127.27288000000004,7.187155151367188,linear
,1,1x6183x681x11908,61.0,1443.6,85.44,135.02999999999997,17.377011108398438,linear
,1,1x7813x672x11278,75.28,1515.0,84.4,134.03852,20.279277038574214,linear
,1,1x4289x529x8702,78.0,1566.6,87.44,116.48588,6.881299114227295,linear
,1,1x4183x820x27629,75.0,1457.4,83.48,124.98408,30.08149108886719,linear
,1,1x4351x774x31903,80.4,1417.8,87.24,130.43403999999998,38.57633895874024,linear
,1,1x4851x597x24425,78.0,1387.2,87.0,120.20228000000002,25.242297744750974,linear
,1,1x4874x523x41182,71.8,1358.4,85.48,133.05312000000004,35.53967971801758,linear
,1,1x7797x813x43434,92.76,1365.0,85.92,127.19951999999998,96.6581253051758,linear
,1,1x7269x693x57457,94.96,1367.4,87.08,125.57976,112.18551635742188,linear
,1,1x5178x1073x225,97.0,1713.0,85.0,95.95120000000004,0.4880192041397094,linear
,1,1x4645x1158x45,97.0,1868.4,85.0,78.96796000000003,0.1964416027069092,linear
,1,1x7751x1789x135,97.0,1875.0,77.0,87.16220000000001,0.8826687932014465,linear
,1,1x4188x1786x287,97.0,1875.0,77.0,115.62308,0.790995192527771,linear
,1,1x8015x2005x366,83.8,1872.6,77.0,114.62484000000002,1.7986751794815063,linear
,1,1x7484x1765x372,31.0,1874.4,80.0,141.35559999999995,1.5228928089141849,linear
,1,1x5937x1285x1003,31.0,1855.2,80.0,138.33555999999996,2.313164758682251,linear
,1,1x4424x1781x797,31.0,1863.6,81.68,99.54060000000008,2.027833604812622,linear
,1,1x6858x1211x1014,31.0,1840.2,82.0,120.29203999999994,2.537049627304077,linear
,1,1x6606x1417x1711,29.24,1637.4,87.0,150.16907999999995,4.964537525177002,linear
,1,1x5517x1265x1621,29.0,1588.2,85.92,107.85332,3.8968960285186767,linear
,1,1x5295x1546x1172,29.0,1674.0,84.0,116.0956,3.2544384002685547,linear
,1,1x5728x1569x2257,34.28,1676.4,84.0,137.23336,6.824518489837646,linear
,1,1x4543x1109x2336,51.0,1579.8,84.0,128.36252000000005,3.985510396957397,linear
,1,1x6367x1607x3809,51.0,1413.6,85.2,120.49064000000004,12.290009689331054,linear
,1,1x5761x1060x5410,65.4,1582.8,83.44,136.84684,11.131347274780271,linear
,1,1x5902x1597x4976,67.28,1419.0,83.96,127.38227999999997,16.71564826965332,linear
,1,1x7722x1332x7246,74.4,1441.8,86.52,128.34508000000002,27.01667175292969,linear
,1,1x5780x1788x10560,80.44,1418.4,86.4,129.21844000000002,35.376921844482425,linear
,1,1x5988x1802x15888,89.56,1359.0,86.68,128.58199999999997,59.009088134765626,linear
,1,1x7745x1893x9658,84.64,1449.6,83.12,126.41256,45.58209381103516,linear
,1,1x4394x1806x28331,89.48,1356.6,86.6,125.9704,81.7950927734375,linear
,1,1x5257x1917x25511,94.52,1342.2,86.4,126.57768,95.2843780517578,linear
,1,1x7564x1368x24126,86.88,1395.6,85.88,123.30579999999998,82.79953308105469,linear
,1,1x5627x1528x33342,86.56,1427.4,85.48,129.13044,93.960986328125,linear
,1,1x6078x1777x51071,94.48,1346.4,86.88,127.18516,211.23501586914065,linear
,1,1x6449x1968x64878,95.88,1407.0,85.76,125.32316000000004,293.9741638183594,linear
,1,1x4698x3554x153,87.0,1866.6,81.0,74.14060000000005,1.11146240234375,linear
,1,1x7664x2651x231,87.0,1875.0,81.0,125.55112000000008,1.531046414375305,linear
,1,1x7907x3570x105,87.0,1851.6,82.0,128.21071999999995,1.116537618637085,linear
,1,1x7263x3824x296,87.0,1725.0,82.0,120.4536,2.845088005065918,linear
,1,1x4926x2646x395,87.0,1813.2,82.56,113.84868000000002,1.7914240121841432,linear
,1,1x7111x2257x320,26.0,1866.6,83.0,100.6576,1.749830412864685,linear
,1,1x5705x2430x906,26.0,1749.6,85.28,131.95052,4.509452819824219,linear
,1,1x5339x3797x774,27.44,1749.6,79.0,138.17171999999997,6.351436805725098,linear
,1,1x5032x2376x983,35.0,1813.2,80.92,89.7694,3.501235246658325,linear
,1,1x8056x3163x1697,37.24,1580.4,81.16,136.68840000000003,14.309209823608398,linear
,1,1x5352x2452x1768,42.0,1650.0,80.0,102.45099999999996,7.312268733978271,linear
,1,1x7665x3711x1910,51.12,1608.0,79.36,142.141,17.498240280151368,linear
,1,1x5850x3709x3810,65.52,1468.8,83.48,128.45675999999995,25.652294158935547,linear
,1,1x4166x2663x3804,76.32,1406.4,84.0,107.29023999999998,13.668831825256348,linear
,1,1x4813x2214x2725,81.0,1681.8,82.68,120.03831999999998,9.225087928771972,linear
,1,1x6286x3242x4684,56.4,1491.6,81.52,114.80328,28.82782745361328,linear
,1,1x6871x2715x7969,65.08,1414.8,84.24,129.83164,48.34029998779297,linear
,1,1x5315x2684x4398,75.4,1642.2,79.6,134.81491999999997,19.405612564086915,linear
,1,1x6056x4021x15325,76.8,1377.0,84.76,117.61736,121.86279602050782,linear
,1,1x4497x2177x12324,79.72,1422.0,84.12,122.19435999999996,41.65847625732422,linear
,1,1x4157x2721x12298,64.0,1480.2,78.64,128.50856000000002,45.680172729492185,linear
,1,1x7520x2206x16687,89.32,1379.4,86.48,128.93932,96.0849151611328,linear
,1,1x7297x2854x30637,97.16,1341.0,87.68,129.81652,240.01064758300785,linear
,1,1x7894x2994x26712,97.88,1340.4,87.12,127.4336,231.3203308105469,linear
,1,1x5913x3889x48430,98.48,1382.4,86.28,124.91668,431.3040100097657,linear
,1,1x6452x2523x48159,97.52,1347.6,86.88,127.26007999999996,293.2949645996094,linear
,1,1x5160x3106x43846,97.44,1364.4,86.96,127.92432,266.319775390625,linear
,1,1x4721x5371x63,98.0,1795.2,86.0,94.75232,0.9244736075401306,linear
,1,1x6376x4779x183,98.0,1690.8,86.0,104.14944,2.181465578079224,linear
,1,1x5410x5687x246,98.0,1680.0,83.36,103.76916000000004,2.415999984741211,linear
,1,1x5954x8146x491,98.0,1665.6,83.8,136.65516000000002,7.416537475585938,linear
,1,1x6871x7501x260,42.0,1564.8,87.0,128.9584800000001,9.513759994506836,linear
,1,1x6694x6112x416,42.0,1609.8,86.92,126.93128000000006,9.745715141296388,linear
,1,1x7472x4706x885,59.68,1488.6,86.08,136.91896000000003,11.141075134277344,linear
,1,1x4917x7066x629,68.0,1551.0,87.0,112.47148,7.191340827941895,linear
,1,1x4749x6531x817,66.8,1547.4,85.0,128.94896000000003,8.599526405334473,linear
,1,1x4129x4972x2001,63.0,1497.0,84.48,125.19263999999995,13.280352020263672,linear
,1,1x4947x4234x1988,67.48,1411.2,87.56,127.52852,14.863353729248049,linear
,1,1x5825x7279x1419,71.6,1448.4,84.8,126.79532000000005,21.333113861083984,linear
,1,1x4108x5035x3710,79.52,1437.0,85.92,127.44471999999998,24.523020553588868,linear
,1,1x7330x5186x2942,82.68,1338.0,87.4,129.03176,42.87999954223633,linear
,1,1x5301x5106x3559,85.4,1364.4,86.96,128.96675999999997,34.50238037109375,linear
,1,1x8110x8102x6340,96.0,1344.6,87.28,130.60163999999995,151.64574584960937,linear
,1,1x7483x5001x6449,94.64,1333.8,87.28,125.00687999999998,89.17317199707031,linear
,1,1x7778x5742x6354,94.2,1316.4,86.56,125.46536,95.67259521484377,linear
,1,1x5890x5282x9992,94.88,1402.2,87.04,140.04268,203.9623779296875,linear
,1,1x6162x6098x11190,97.84,1451.4,87.12,138.45184,313.66583862304685,linear
,1,1x6606x7577x12308,98.92,1506.0,86.84,137.88027999999997,569.2589233398437,linear
,1,1x7020x7958x24287,98.6,1333.8,87.28,128.19307999999998,522.4679626464844,linear
,1,1x7923x7475x18764,98.32,1328.4,86.96,131.66832,420.0063232421875,linear
,1,1x5082x6394x31125,98.44,1351.2,86.92,125.30896,384.616064453125,linear
,1,1x4149x8107x46948,98.88,1363.8,86.92,136.11532,625.3347778320312,linear
,1,1x4317x4895x34168,92.6,1349.4,85.72,130.13356,259.8198669433594,linear
,1,1x7872x4598x62225,98.76,1347.6,86.4,124.63932000000004,884.3941040039062,linear
,1,1x194x8317x88,100.0,1807.2,85.0,57.54012,0.1054719984531402,linear
,1,1x223x11949x86,64.0,1875.0,83.8,71.81887999999998,0.1611135989427566,linear
,1,1x110x8521x101,64.0,1875.0,75.0,78.46399999999996,0.0655296012759208,linear
,1,1x70x9058x349,64.0,1882.8,75.0,72.46828000000002,0.1578367978334426,linear
,1,1x70x11114x279,64.0,1890.0,75.0,73.56884000000001,0.1755776017904281,linear
,1,1x236x10890x398,64.0,1890.0,71.0,79.67380000000001,0.4220160067081451,linear
,1,1x98x16070x613,64.0,1890.0,71.0,87.47320000000002,0.4726272046566009,linear
,1,1x82x9586x664,64.0,1890.0,71.0,88.21208000000006,0.3303551971912384,linear
,1,1x223x15849x539,64.0,1890.0,71.0,88.77459999999998,0.7802240014076233,linear
,1,1x208x14381x1276,17.36,1890.0,72.0,101.71496000000003,1.460044813156128,linear
,1,1x22x8838x1987,11.0,1890.0,72.0,146.32368000000008,0.3177024006843567,linear
,1,1x138x8962x1275,11.0,1890.0,72.0,90.48276,0.6880512118339539,linear
,1,1x97x9244x3686,11.0,1890.0,72.36,108.70699999999997,1.4753152132034302,linear
,1,1x11x12169x3768,11.0,1545.0,75.0,105.7706,1.3422208070755004,linear
,1,1x200x10759x3501,11.0,1500.0,75.0,83.30951999999999,3.3566592216491697,linear
,1,1x44x15890x7187,18.68,1716.6,69.0,94.82203999999994,3.716614389419556,linear
,1,1x170x10392x7911,35.0,1854.6,71.52,152.10884,7.8728128433227536,linear
,1,1x132x13355x5097,35.0,1847.4,78.0,140.24320000000003,3.808076810836792,linear
,1,1x47x22872x253,35.0,1875.0,76.72,105.80975999999998,0.200844794511795,linear
,1,1x200x19508x237,35.0,1887.0,74.0,76.24636,0.4304768025875091,linear
,1,1x66x16814x126,40.0,1890.0,74.0,79.00327999999999,0.113145600259304,linear
,1,1x178x20773x286,40.0,1890.0,73.88,80.7832,0.6280192017555237,linear
,1,1x14x20949x465,40.0,1890.0,71.0,83.92559999999999,0.1956991970539093,linear
,1,1x40x19407x387,40.0,1890.0,71.0,76.28355999999998,0.2653504073619842,linear
,1,1x223x17904x611,40.0,1890.0,71.0,82.50579999999997,0.9025599956512452,linear
,1,1x14x29042x670,40.0,1890.0,71.0,106.25,0.3839743971824646,linear
,1,1x94x30679x624,40.0,1890.0,69.0,86.52328,0.8499520063400269,linear
,1,1x230x22744x1726,40.0,1875.6,69.0,125.84028000000006,3.036236810684204,linear
,1,1x190x31180x1061,21.0,1887.6,70.6,133.13352,2.471104001998901,linear
,1,1x193x26097x1959,21.0,1860.6,77.0,150.2048,4.294700813293457,linear
,1,1x159x22756x2766,21.0,1861.2,76.2,123.42036000000006,3.794822406768799,linear
,1,1x80x29426x2531,21.0,1858.2,76.0,142.27152,3.1203455924987797,linear
,1,1x71x16958x3215,43.0,1874.4,78.16,139.60019999999997,2.223078393936157,linear
,1,1x223x25102x4862,43.0,1758.6,80.12,158.55088,9.709209632873534,linear
,1,1x161x27422x5081,48.28,1765.8,81.44,115.49116000000002,11.025350570678713,linear
,1,1x115x16417x4150,55.0,1833.0,81.12,138.71111999999997,2.86777606010437,linear
,1,1x14x35909x34,55.0,1845.0,82.0,114.18535999999996,0.0532287992537021,linear
,1,1x227x59713x74,55.0,1874.4,82.0,79.04196000000003,0.6055103898048401,linear
,1,1x30x62196x72,55.0,1875.0,74.0,86.655,0.1571840047836303,linear
,1,1x35x50040x268,34.6,1875.6,74.0,77.97340000000001,0.5189184069633483,linear
,1,1x88x46047x433,25.0,1890.0,74.0,73.43547999999998,0.92538880109787,linear
,1,1x195x40149x369,25.0,1890.0,72.0,107.58028000000004,1.7077439785003663,linear
,1,1x39x52215x827,25.0,1890.0,72.0,114.25279999999997,1.4108800172805789,linear
,1,1x146x36235x755,25.0,1890.0,72.0,119.55096,1.9770368337631223,linear
,1,1x39x33687x678,25.0,1890.0,75.0,129.5569999999999,0.819212806224823,linear
,1,1x219x47949x1522,29.2,1851.6,76.08,137.9562,8.657855987548828,linear
,1,1x61x62494x2004,30.0,1869.6,78.0,141.7132,4.70881290435791,linear
,1,1x88x44594x1483,30.0,1869.0,78.76,137.54688,2.420134449005127,linear
,1,1x77x37544x2762,39.6,1863.0,79.0,150.53036000000003,6.486220645904541,linear
,1,1x65x35245x3404,54.0,1814.4,81.0,145.20503999999997,5.575046443939209,linear
,1,1x232x62776x2195,57.36,1710.0,86.04,150.30280000000005,18.70250854492188,linear
,1,1x232x50784x7213,72.08,1452.6,87.8,137.20991999999995,34.15477752685547,linear
,1,1x101x65137x4409,85.0,1500.0,86.16,124.03120000000004,12.931161499023435,linear
,1,1x170x62695x4410,76.0,1560.6,86.0,135.22464,28.78538246154785,linear
,1,1x458x11406x72,76.0,1830.6,87.0,118.91668,0.2378944039344787,linear
,1,1x341x12464x41,76.0,1687.2,87.0,88.61300000000003,0.1688127964735031,linear
,1,1x432x14255x53,76.0,1749.0,87.0,70.30200000000002,0.2551360070705414,linear
,1,1x506x12900x390,76.0,1875.0,76.0,86.87820000000002,0.9933119893074036,linear
,1,1x427x12059x394,76.0,1875.0,76.0,102.91612,0.9357247948646544,linear
,1,1x424x11507x311,76.0,1875.0,76.0,103.84116000000004,0.7037247896194458,linear
,1,1x265x12547x666,76.0,1875.0,75.0,105.39400000000003,0.9987327814102172,linear
,1,1x501x8303x791,14.0,1875.0,75.0,123.1314,1.0865023851394653,linear
,1,1x469x15562x965,14.0,1866.0,75.0,129.39456,2.361004781723022,linear
,1,1x404x11105x1288,14.0,1871.4,78.0,138.04416000000003,2.044812870025635,linear
,1,1x447x11954x1500,14.0,1802.4,78.0,109.1276,2.397433567047119,linear
,1,1x274x11536x1896,14.0,1710.0,76.08,106.54616,2.290777635574341,linear
,1,1x486x15419x3247,34.24,1727.4,76.64,144.1558,7.670963191986084,linear
,1,1x311x10383x2828,36.0,1851.0,80.0,146.02768,2.9834304332733157,linear
,1,1x469x12492x4054,36.0,1762.8,80.0,138.80783999999997,7.094777488708496,linear
,1,1x436x16058x7900,55.0,1558.8,86.16,144.78243999999998,32.95182723999024,linear
,1,1x489x14458x6072,86.0,1555.2,86.52,127.19424,14.361766624450684,linear
,1,1x483x11752x5621,78.44,1484.4,88.0,128.40616,11.452601623535156,linear
,1,1x412x24127x74,65.0,1814.4,88.0,83.36903999999998,0.450380802154541,linear
,1,1x494x32542x113,65.0,1860.0,79.0,89.39372000000002,0.7566015958786011,linear
,1,1x481x16473x96,65.0,1874.4,79.0,84.10368000000003,0.3464256107807159,linear
,1,1x424x20916x381,59.6,1875.0,74.0,92.87640000000002,1.0527040243148804,linear
,1,1x392x32406x495,20.0,1862.4,74.0,121.9462,2.57541766166687,linear
,1,1x399x26284x377,20.0,1875.0,74.0,123.15203999999994,1.3512896060943604,linear
,1,1x342x27796x537,20.0,1875.0,77.0,130.97276000000008,1.919987177848816,linear
,1,1x364x32764x608,20.0,1866.6,77.0,134.16723999999994,2.2549120426177978,linear
,1,1x495x20960x567,20.0,1749.0,76.12,105.256,2.4948287487030028,linear
,1,1x485x20841x1727,33.0,1813.2,76.2,140.19171999999998,5.880358409881592,linear
,1,1x348x31305x1642,33.0,1764.6,81.0,155.45384000000004,5.817971324920654,linear
,1,1x424x20796x1332,33.0,1825.2,82.36,130.50572000000005,3.802611207962036,linear
,1,1x322x32656x2118,46.0,1685.4,84.2,149.50175999999993,10.800959968566897,linear
,1,1x414x20655x2917,47.44,1701.0,83.32,103.50436000000002,8.34310417175293,linear
,1,1x502x23948x4075,52.24,1631.4,81.96,133.1764,17.629823684692383,linear
,1,1x321x25605x4973,58.0,1475.4,84.84,136.97776000000005,16.645696258544923,linear
,1,1x442x29673x8163,85.16,1479.0,87.52,138.99671999999998,71.0286849975586,linear
,1,1x383x24618x8025,90.12,1396.2,87.76,129.07763999999997,23.34700813293457,linear
,1,1x363x34515x212,89.0,1570.8,86.0,86.25047999999997,1.1911104202270508,linear
,1,1x444x62113x55,77.6,1485.0,84.08,75.84548,1.1129536151885986,linear
,1,1x383x36300x237,70.0,1485.0,74.0,61.63439999999998,1.5217600107192992,linear
,1,1x315x45650x269,70.0,1485.0,71.0,68.9946,1.951372790336609,linear
,1,1x318x33127x427,70.0,1485.0,69.0,81.45063999999996,2.1066047668457037,linear
,1,1x289x48533x327,68.32,1485.0,69.0,79.42851999999998,2.758412790298462,linear
,1,1x291x40402x564,28.0,1680.0,68.0,96.27852,4.596998405456543,linear
,1,1x418x49106x580,28.0,1872.6,69.92,125.37728000000004,6.204870319366455,linear
,1,1x494x61540x636,28.0,1824.6,72.0,159.25808,6.124582386016845,linear
,1,1x505x64219x1570,51.0,1703.4,79.96,151.08800000000002,17.994278335571288,linear
,1,1x392x43591x1907,63.16,1629.0,83.6,147.62883999999994,16.85084800720215,linear
,1,1x271x49775x1219,67.0,1636.8,85.0,132.54312,9.843756866455076,linear
,1,1x461x49810x3294,75.64,1537.2,86.84,133.84360000000004,26.918265533447265,linear
,1,1x270x49775x2240,72.0,1503.6,86.56,138.13267999999997,18.025593948364257,linear
,1,1x300x43112x4095,78.8,1518.6,86.8,133.18012,25.445804595947266,linear
,1,1x317x49719x4821,83.44,1450.2,87.96,136.60623999999996,39.20331497192383,linear
,1,1x450x55971x4973,91.16,1408.2,88.04,137.07815999999997,55.9511604309082,linear
,1,1x270x50178x7808,93.52,1471.8,87.52,136.27796,81.62005767822265,linear
,1,1x761x14855x141,91.6,1687.2,88.0,101.46088000000005,0.801855993270874,linear
,1,1x1004x10672x228,91.0,1730.4,88.0,88.53388,0.8315968036651611,linear
,1,1x722x14867x56,91.0,1874.4,79.0,78.92220000000002,0.3833663940429687,linear
,1,1x923x13639x268,91.0,1875.0,79.0,88.73148,1.516972804069519,linear
,1,1x710x12930x397,91.0,1875.0,79.48,138.88715999999994,1.6895359754562378,linear
,1,1x985x10576x306,91.0,1875.0,82.0,125.779,1.1359935760498048,linear
,1,1x945x12272x918,20.0,1809.6,82.0,138.25848,3.42323842048645,linear
,1,1x651x11151x572,20.0,1794.0,84.0,131.09231999999994,2.150598430633545,linear
,1,1x745x14662x725,20.0,1735.2,84.0,114.36667999999996,2.45348482131958,linear
,1,1x520x8998x1075,20.0,1871.4,84.0,129.2722,1.7778815984725953,linear
,1,1x1022x14917x1127,29.12,1712.4,84.0,126.71691999999992,5.053100776672364,linear
,1,1x542x15575x1656,39.0,1686.0,84.0,134.68715999999995,4.618489551544189,linear
,1,1x701x15053x3427,41.04,1411.8,86.08,123.67679999999991,12.281823921203614,linear
,1,1x634x11058x2672,56.0,1800.0,76.0,126.72860000000004,5.463123226165772,linear
,1,1x541x9891x2372,56.0,1783.2,82.0,133.46392,4.1422271728515625,linear
,1,1x918x16076x8148,52.8,1434.0,85.16,141.90584000000004,46.84531173706055,linear
,1,1x681x15156x4720,87.12,1439.4,86.44,124.78204,15.815277099609377,linear
,1,1x908x8980x7875,85.96,1428.6,87.32,138.68383999999998,36.72180480957032,linear
,1,1x787x17929x17,85.0,1650.0,86.0,105.04172,0.3171711981296539,linear
,1,1x711x21436x230,78.52,1866.6,86.0,92.44304000000004,1.200211215019226,linear
,1,1x544x22664x195,67.0,1875.0,80.0,113.54288000000004,0.9408064126968384,linear
,1,1x712x17472x454,67.0,1872.6,80.0,136.68819999999994,1.9932096242904664,linear
,1,1x918x30820x499,67.0,1711.2,83.2,132.7184,5.722438526153565,linear
,1,1x567x23274x442,67.0,1696.8,84.0,110.41599999999998,2.6413119792938238,linear
,1,1x908x30330x671,38.0,1657.2,84.04,132.72467999999998,13.023494338989256,linear
,1,1x751x17578x604,38.0,1684.2,85.0,107.66036000000004,2.5966655731201174,linear
,1,1x667x20078x1024,38.0,1684.2,85.24,129.96792000000002,4.68732795715332,linear
,1,1x528x22450x1496,58.0,1586.4,87.0,143.65735999999995,6.999545669555664,linear
,1,1x908x20372x1047,58.0,1668.6,85.08,129.19856,8.637068748474121,linear
,1,1x600x17937x2013,59.32,1557.6,87.76,126.99692,7.523135948181152,linear
,1,1x530x31361x3704,64.92,1516.2,86.52,136.48488,30.363878631591795,linear
,1,1x956x29162x3777,83.32,1419.0,87.08,136.49988000000002,49.73461761474609,linear
,1,1x970x26999x2460,86.0,1464.0,86.0,125.53044,22.99145584106445,linear
,1,1x899x29664x5402,89.8,1453.2,87.56,137.83339999999998,78.84106903076172,linear
,1,1x952x22303x7070,94.12,1426.2,87.4,136.41652,78.40484466552735,linear
,1,1x978x22505x7211,92.92,1426.8,87.4,136.49403999999998,87.24787902832031,linear
,1,1x984x64662x234,96.0,1701.0,85.0,133.69235999999995,6.641113567352295,linear
,1,1x925x41797x224,96.0,1620.0,86.12,115.84108000000006,3.6960959911346434,linear
,1,1x648x39665x178,79.28,1665.0,87.0,104.57167999999994,2.078758382797241,linear
,1,1x513x33952x282,58.0,1680.0,86.16,109.23560000000002,2.4153600215911863,linear
,1,1x994x44409x340,58.0,1632.0,84.0,137.29487999999998,6.1421311378479,linear
,1,1x652x60273x294,58.0,1553.4,83.0,105.68664000000004,6.041126441955567,linear
,1,1x695x63166x624,53.0,1612.8,84.6,138.42568000000006,15.252089500427246,linear
,1,1x557x34920x986,53.0,1680.0,84.0,140.63656,9.41921272277832,linear
,1,1x657x63461x936,73.0,1544.4,87.0,133.15256,27.29893112182617,linear
,1,1x720x53141x1194,82.68,1452.0,86.68,136.01604,18.040845108032222,linear
,1,1x992x52218x1461,82.8,1481.4,87.16,134.19132,28.18037109375,linear
,1,1x952x62116x1421,82.0,1455.6,87.4,136.08680000000004,36.070771026611325,linear
,1,1x561x54451x3417,87.2,1426.8,87.2,130.07724000000002,43.07872619628906,linear
,1,1x919x43219x2892,87.32,1410.0,86.76,134.19604000000004,45.80725173950195,linear
,1,1x615x38230x2459,85.16,1464.0,87.2,128.68024000000003,21.52817916870117,linear
,1,1x537x59384x7135,90.96,1366.2,86.88,130.29812,99.91683349609374,linear
,1,1x573x33462x5390,93.4,1429.8,87.68,136.27551999999997,54.62585601806641,linear
,1,1x545x61477x6411,94.4,1368.6,86.96,134.85300000000004,94.74683532714845,linear
,1,1x1159x8981x5,96.0,1698.0,88.0,81.5892,0.3078208088874817,linear
,1,1x1464x15212x24,96.0,1857.0,84.92,74.97775999999998,0.714905607700348,linear
,1,1x1722x10593x24,52.0,1875.0,77.0,81.90336000000003,0.5813951969146729,linear
,1,1x1175x14531x481,52.0,1858.8,77.0,115.33975999999998,2.605830430984497,linear
,1,1x1792x11879x267,52.0,1869.0,79.0,143.48828000000006,2.173414373397827,linear
,1,1x1047x9387x509,52.0,1866.0,79.0,125.30843999999998,1.450982403755188,linear
,1,1x1150x11253x666,52.0,1854.0,80.68,134.21524000000008,2.739436769485473,linear
,1,1x1525x8285x936,29.0,1777.8,81.0,146.65247999999997,3.626655960083008,linear
,1,1x1601x13673x980,29.0,1733.4,83.88,122.25024,6.459532833099365,linear
,1,1x1517x15059x1391,37.0,1525.8,86.76,135.10564000000005,10.147283363342286,linear
,1,1x1027x15482x1259,54.0,1558.8,86.0,131.60348000000005,6.666495990753174,linear
,1,1x1747x10232x2026,55.2,1585.8,86.0,136.11768000000004,11.295430374145509,linear
,1,1x1974x15900x2734,69.6,1408.2,83.44,127.91576000000003,29.01077079772949,linear
,1,1x1378x12716x3407,76.96,1571.4,84.6,133.72655999999995,18.694393157958984,linear
,1,1x1286x11939x2603,62.0,1326.6,85.8,119.89596000000004,15.77277431488037,linear
,1,1x1888x14089x5704,73.6,1405.2,83.08,127.02644,49.61236419677734,linear
,1,1x1923x16352x7039,80.8,1384.8,86.2,137.55572,82.16934967041016,linear
,1,1x1544x14678x5711,79.16,1411.2,83.28,127.64492,43.60886993408203,linear
,1,1x1170x17135x83,80.0,1657.2,89.0,77.81508000000002,0.8491264104843139,linear
,1,1x1532x25425x35,80.0,1857.0,79.0,81.91387999999999,1.2711103916168214,linear
,1,1x1856x28462x214,80.0,1784.4,79.0,144.05212000000006,3.847142362594605,linear
,1,1x1645x25787x387,45.44,1776.6,85.0,126.26003999999998,6.061292839050293,linear
,1,1x1644x28736x342,44.0,1744.8,80.2,127.28424,6.188000011444092,linear
,1,1x1468x29850x327,44.48,1543.8,84.16,127.24115999999997,5.546598434448242,linear
,1,1x1198x28845x782,45.0,1573.8,87.44,135.27243999999996,14.788211059570312,linear
,1,1x1485x24430x779,55.56,1512.6,87.0,119.29496,10.177305603027344,linear
,1,1x1981x29177x788,67.24,1591.2,84.68,133.86568000000003,28.042112350463867,linear
,1,1x1579x29263x1816,72.2,1537.2,85.0,126.207,28.234527587890625,linear
,1,1x1041x27265x1652,69.0,1453.8,87.0,133.0182,21.37011833190918,linear
,1,1x1256x24233x1052,67.0,1539.0,87.0,124.41672,11.501817512512208,linear
,1,1x1567x22788x3064,81.2,1398.6,87.36,136.32252000000005,46.32277755737304,linear
,1,1x1487x19801x2123,86.8,1440.0,86.36,124.18284,22.34755210876465,linear
,1,1x1676x21510x2905,85.28,1429.2,87.16,133.50191999999996,45.56408996582032,linear
,1,1x1360x17214x7463,74.28,1441.2,83.16,130.95736,74.640478515625,linear
,1,1x1424x31721x4124,90.12,1411.2,86.96,136.85864,96.53694763183594,linear
,1,1x1099x17214x5342,91.32,1293.6,86.36,129.22328,39.673798370361325,linear
,1,1x1641x47626x64,92.0,1843.2,83.0,95.08055999999996,2.9196863651275637,linear
,1,1x1340x58378x91,83.12,1793.4,83.0,122.82364,3.092755174636841,linear
,1,1x1333x61781x117,55.0,1810.2,84.12,133.81336000000005,3.4876415729522705,linear
,1,1x1899x38477x436,55.0,1665.6,83.92,128.73767999999995,11.456140899658203,linear
,1,1x1434x57746x276,51.16,1546.2,82.56,111.69695999999998,10.88783359527588,linear
,1,1x1915x49948x389,49.56,1678.2,85.12,134.26723999999996,14.61523208618164,linear
,1,1x1355x33875x621,49.0,1621.2,87.44,137.55828,9.191334533691409,linear
,1,1x1716x46601x893,63.4,1518.0,84.52,131.0584,23.687424087524413,linear
,1,1x1239x48256x519,66.0,1509.6,84.6,119.83808,11.721273422241213,linear
,1,1x1846x36526x1612,61.56,1506.6,83.88,142.36668,37.977606201171874,linear
,1,1x1539x37534x1381,80.16,1447.2,85.84,117.79308,28.349773025512697,linear
,1,1x1212x57408x1458,57.28,1503.0,85.24,133.75364000000002,38.4384765625,linear
,1,1x1915x43143x2110,84.2,1354.8,85.52,131.90124,61.63055419921875,linear
,1,1x1972x62516x3711,95.0,1376.4,86.44,136.59735999999998,181.17422790527343,linear
,1,1x1921x58288x2164,95.52,1353.0,87.28,133.60080000000002,100.30162048339844,linear
,1,1x1698x53004x5640,93.36,1389.6,86.84,134.66736,212.65621643066407,linear
,1,1x1739x64638x7194,97.96,1362.6,87.12,136.36496,356.7079711914063,linear
,1,1x1652x53031x7662,92.52,1366.8,85.56,129.93596000000002,264.6858825683594,linear
,1,1x2187x12402x170,85.0,1580.4,84.92,94.47663999999996,1.9649856090545652,linear
,1,1x3796x11248x238,85.0,1807.2,83.0,117.92120000000004,3.4701631546020506,linear
,1,1x2081x11129x189,76.4,1746.6,86.0,107.32208,1.6163391828536988,linear
,1,1x3236x13688x458,42.0,1762.2,85.32,124.42472000000004,6.150150489807129,linear
,1,1x2347x13195x319,42.0,1680.0,84.32,118.68512000000004,3.4999680042266847,linear
,1,1x2750x10586x371,41.76,1690.8,84.0,124.90203999999994,3.350335931777954,linear
,1,1x2081x15492x645,40.0,1607.4,85.68,131.61820000000003,7.669267177581787,linear
,1,1x3566x13709x996,47.0,1443.0,86.32,123.22880000000004,14.534911918640136,linear
,1,1x2656x11853x568,65.0,1740.0,84.2,137.27431999999996,5.58396167755127,linear
,1,1x2828x13612x1715,64.32,1406.4,86.12,126.32472000000004,22.08510055541992,linear
,1,1x3673x14548x1478,72.8,1548.6,80.44,126.76772,24.005568313598637,linear
,1,1x2186x12267x1424,68.0,1312.2,73.6,92.77796000000002,12.163961601257324,linear
,1,1x3751x14685x2163,65.28,1506.6,82.04,145.20128000000005,39.14620208740234,linear
,1,1x3956x12510x2820,71.52,1420.2,84.08,136.30988,51.1585205078125,linear
,1,1x3778x14596x3434,76.48,1369.2,86.0,130.25176000000002,64.07781829833985,linear
,1,1x2599x13602x7384,83.28,1381.2,84.48,127.27568,94.91941680908204,linear
,1,1x2326x10205x7601,95.92,1524.6,86.72,138.0124,176.49586486816406,linear
,1,1x3187x14258x5822,88.56,1387.2,85.8,125.01832,89.16451416015624,linear
,1,1x2240x20548x152,78.64,1692.0,85.0,96.56616,4.909542465209961,linear
,1,1x3848x29937x133,78.0,1646.4,84.4,137.53832,14.57986545562744,linear
,1,1x3522x23836x226,57.84,1640.4,86.48,128.06148000000002,6.518444728851319,linear
,1,1x3203x24731x332,57.0,1489.2,86.36,130.23019999999997,10.747596740722656,linear
,1,1x2537x31389x278,60.36,1588.2,86.64,120.27403999999996,9.459916687011718,linear
,1,1x3492x19778x385,64.0,1625.4,84.2,126.03179999999992,11.310028839111329,linear
,1,1x3072x23604x978,59.48,1489.8,79.8,115.22739999999996,21.733567810058595,linear
,1,1x3116x28918x709,60.24,1644.6,85.76,136.50228000000004,20.34337310791016,linear
,1,1x2097x25263x988,63.96,1596.0,75.44,120.20483999999996,15.826592063903808,linear
,1,1x2793x29402x1899,67.72,1421.4,85.6,128.9066,49.60206069946289,linear
,1,1x2704x28138x1339,81.68,1473.0,86.28,137.30344,33.7392635345459,linear
,1,1x3219x20219x1171,81.84,1445.4,87.4,136.34023999999997,41.71240310668945,linear
,1,1x2680x29774x2754,92.2,1340.4,87.28,126.99648000000003,83.44178009033203,linear
,1,1x2887x19890x2962,93.4,1425.0,87.6,137.43388000000002,87.5842498779297,linear
,1,1x3573x26086x2510,93.4,1344.0,86.6,129.93547999999998,83.67215423583984,linear
,1,1x2288x29146x6630,91.28,1380.6,85.48,132.32484,153.86117553710938,linear
,1,1x3637x29548x6405,95.36,1321.8,86.24,132.92004,262.9701629638672,linear
,1,1x2782x18845x5680,92.8,1341.0,87.36,129.03679999999997,114.93856201171874,linear
,1,1x2507x38670x242,97.0,1525.2,88.0,117.96644000000002,8.187372779846191,linear
,1,1x3778x59627x11,82.72,1606.8,85.0,89.84507999999998,6.783564853668213,linear
,1,1x2064x53856x24,76.0,1860.0,80.0,122.683,3.4869696617126467,linear
,1,1x3896x58859x478,60.04,1521.6,81.2,132.424,38.6866943359375,linear
,1,1x2390x54803x315,60.08,1617.0,84.56,138.5126,37.76057052612305,linear
,1,1x2684x43048x359,79.56,1525.2,87.56,135.19232,13.94522876739502,linear
,1,1x4024x65078x907,88.64,1392.6,87.72,131.64396,103.84259948730468,linear
,1,1x3870x59622x632,80.6,1396.2,85.76,128.42144000000005,52.628562927246094,linear
,1,1x3592x56928x921,79.32,1446.6,85.4,139.00784000000004,79.61163482666015,linear
,1,1x2964x50649x1916,75.0,1423.2,84.96,133.35224,108.32229766845704,linear
,1,1x2306x61465x1836,95.88,1362.6,87.88,133.80168,117.76769409179688,linear
,1,1x2841x52578x1255,85.88,1385.4,87.36,132.12068000000002,72.34263763427734,linear
,1,1x3135x51775x3343,93.08,1378.8,86.72,135.01404,213.01011657714844,linear
,1,1x2209x58767x3688,94.72,1356.6,86.2,136.26972,201.35788269042968,linear
,1,1x3400x64387x3298,98.36,1361.4,87.36,135.2258,295.43927001953125,linear
,1,1x2242x32810x5840,92.0,1381.8,86.92,134.95404,162.61578979492188,linear
,1,1x3118x45324x7687,97.24,1353.0,85.24,135.39215999999996,450.1687561035157,linear
,1,1x2511x46141x7600,98.48,1353.0,86.64,135.44636000000003,354.7177673339844,linear
,1,1x6343x13811x217,98.0,1687.2,84.64,137.12292000000008,6.339993572235107,linear
,1,1x8010x10436x162,51.8,1761.0,85.96,141.62951999999993,8.169760131835938,linear
,1,1x6215x16367x158,43.0,1740.6,78.28,136.47240000000002,11.092172813415528,linear
,1,1x5942x13313x260,52.0,1617.6,85.0,133.77167999999992,18.8009090423584,linear
,1,1x7327x10285x351,58.48,1639.2,83.56,123.68240000000004,8.888422203063964,linear
,1,1x6726x13456x423,71.44,1589.4,86.76,138.71107999999995,28.12754592895508,linear
,1,1x7113x9569x972,81.84,1443.6,87.0,132.45432000000005,24.865516662597656,linear
,1,1x6302x15919x748,78.6,1413.6,84.76,127.55604000000004,24.49098854064941,linear
,1,1x7860x11460x779,71.44,1522.2,83.04,134.77700000000007,35.289401626586915,linear
,1,1x4778x9317x1436,61.72,1534.2,87.36,134.04904000000002,20.985401916503907,linear
,1,1x4175x12866x1915,80.2,1386.0,86.48,128.9858,37.90592041015625,linear
,1,1x5951x16100x1127,88.64,1428.6,86.76,135.64968,45.80590057373047,linear
,1,1x7723x14400x2714,89.56,1411.8,86.92,137.27316000000002,150.74178466796874,linear
,1,1x4528x8668x2200,94.12,1489.2,87.0,137.16024000000004,69.00056915283203,linear
,1,1x6476x12903x2746,94.76,1348.2,87.72,132.71372,97.49891662597656,linear
,1,1x5132x10014x4517,87.92,1416.6,85.0,131.93332,101.1582778930664,linear
,1,1x4214x13569x6548,90.52,1354.8,87.08,131.29895999999997,142.53922424316406,linear
,1,1x5879x8679x5816,98.08,1518.0,86.92,138.32003999999998,283.8092468261719,linear
,1,1x4960x30976x240,98.0,1665.6,85.56,128.20152,11.579993629455569,linear
,1,1x7903x16774x164,63.0,1540.2,86.6,138.18924,16.07969913482666,linear
,1,1x6615x20789x162,68.6,1561.8,85.48,133.91604,18.741798400878903,linear
,1,1x4596x20829x410,83.0,1486.8,87.72,131.40396000000004,15.510547065734864,linear
,1,1x4743x23496x435,80.6,1480.8,86.92,132.63408000000004,23.694604873657227,linear
,1,1x6488x31142x383,81.28,1425.0,86.76,125.41863999999998,26.169772720336915,linear
,1,1x6474x24449x915,85.24,1365.0,87.6,132.11979999999997,57.1473861694336,linear
,1,1x4135x27628x768,79.56,1474.2,85.0,125.96483999999998,26.938361740112303,linear
,1,1x6745x23093x855,82.72,1399.2,87.36,130.03667999999996,46.723699951171874,linear
,1,1x4164x25037x1317,84.8,1471.8,84.52,125.57759999999996,45.04612503051758,linear
,1,1x6693x23312x1069,78.24,1432.8,84.4,124.65764000000004,56.72461471557617,linear
,1,1x6717x27873x1254,82.6,1356.6,87.6,129.78872000000004,86.70264434814453,linear
,1,1x4962x28959x3158,94.72,1346.4,86.88,134.50932000000003,173.5931182861328,linear
,1,1x5853x29646x3212,91.52,1359.0,86.0,134.17232,209.49636535644527,linear
,1,1x4286x22489x2572,83.64,1411.8,85.88,137.55016,130.895361328125,linear
,1,1x7014x31137x7880,96.44,1333.2,85.6,129.05296,710.5292846679688,linear
,1,1x6314x28549x6064,97.04,1340.4,86.48,128.90955999999997,465.7007446289063,linear
,1,1x7290x24765x7430,98.04,1327.8,87.04,133.13672,547.4650146484375,linear
,1,1x5849x44066x215,84.6,1555.2,86.36,124.41524,20.13245429992676,linear
,1,1x7987x33555x77,65.0,1666.2,80.08,115.45727999999995,10.268934440612792,linear
,1,1x4671x56387x101,59.4,1717.2,79.4,124.33048000000004,10.230393600463866,linear
,1,1x5215x54627x263,51.8,1653.6,82.0,128.72668,36.33218536376953,linear
,1,1x5769x57716x278,67.76,1492.8,85.32,134.78060000000002,45.52059478759766,linear
,1,1x5013x65273x313,91.64,1479.6,87.28,136.65243999999996,71.62138977050782,linear
,1,1x6567x51979x647,94.28,1392.0,87.16,134.60512,104.580908203125,linear
,1,1x5259x33884x791,74.64,1517.4,87.32,124.54963999999998,51.56673965454102,linear
,1,1x5937x41324x994,86.72,1362.6,85.68,130.17912,88.4633544921875,linear
,1,1x4400x41381x1241,93.76,1354.2,87.08,131.90848000000005,87.11499481201172,linear
,1,1x7548x41085x1463,95.16,1386.0,86.04,136.54244,187.8729705810547,linear
,1,1x4994x34900x2029,90.96,1396.8,87.0,128.34716,134.72606811523437,linear
,1,1x6767x47872x3190,98.52,1395.6,86.28,137.67995999999997,431.47003784179685,linear
,1,1x5632x42470x2088,97.56,1338.6,86.96,133.21852,195.3304901123047,linear
,1,1x4113x36764x2133,86.48,1359.0,84.88,127.27140000000004,112.3684539794922,linear
,1,1x6162x40575x7424,98.04,1349.4,85.68,129.57335999999998,823.5385620117188,linear
,1,1x7277x33352x6856,98.24,1338.0,86.76,132.41324,680.8882446289062,linear
,1,1x6137x61248x5069,99.0,1385.4,86.8,134.52504,824.7454711914063,linear
,60,60x272,100.0,1590.0,89.0,127.02599999999995,0.0061440002173185,ln
,16,16x304,100.0,1622.4,89.0,67.85716000000001,0.005312000028789,ln
,144,144x260,100.0,1875.0,89.0,62.53500000000001,0.0056640000082552,ln
,48,48x452,100.0,1875.0,75.0,74.29180000000004,0.0047616000287234,ln
,44,44x408,100.0,1879.8,75.0,70.8212,0.0048576000146567,ln
,52,52x452,100.0,1890.0,75.0,69.13328000000004,0.005395200010389,ln
,40,40x344,100.0,1890.0,72.2,69.43624000000001,0.0050751999951899,ln
,120,120x276,6.0,1890.0,70.0,69.31948000000003,0.0054208000190556,ln
,204,204x492,6.0,1890.0,70.0,68.18100000000003,0.0063744001090526,ln
,116,116x328,6.0,1890.0,70.0,67.144,0.0054335999302566,ln
,200,200x904,6.0,1890.0,68.0,67.87100000000004,0.0080576000735163,ln
,224,224x676,6.0,1890.0,68.0,67.77448,0.007552000042051,ln
,80,80x896,6.0,1895.4,68.0,66.81744000000002,0.0061568001285195,ln
,124,124x572,6.0,976.8,67.2,64.48416000000002,0.0062655999325215,ln
,88,88x784,5.28,540.0,67.0,42.921799999999976,0.0163711998611688,ln
,64,64x768,3.0,482.4,67.0,36.17640000000002,0.0164799999445676,ln
,32,32x748,3.0,453.0,63.16,35.98976000000002,0.0163391999900341,ln
,68,68x1000,3.0,418.2,61.0,35.857960000000006,0.018886400386691,ln
,220,220x936,3.0,405.0,61.0,35.931239999999995,0.0306944005191326,ln
,100,100x708,3.0,375.0,61.0,35.87972000000001,0.0208255995064973,ln
,228,228x1228,3.0,375.0,59.08,35.951000000000015,0.0386239998042583,ln
,112,112x1848,3.0,375.0,59.0,35.87599999999998,0.0376384004950523,ln
,220,220x2024,7.8,375.0,59.0,35.92999999999998,0.0549695998430252,ln
,28,28x2004,8.0,375.0,59.0,35.97444,0.0296640001237392,ln
,208,208x1272,8.0,375.0,58.0,35.8432,0.0372479997575283,ln
,124,124x1568,8.0,375.0,58.0,35.79400000000001,0.0364927999675273,ln
,52,52x1176,8.0,375.0,58.0,35.8412,0.0225280001759529,ln
,84,84x1924,8.0,375.0,58.0,35.84480000000002,0.0327808000147342,ln
,80,80x1584,8.0,375.0,58.0,35.75872,0.0330687992274761,ln
,48,48x1892,8.0,375.0,58.0,35.73488,0.0307199995964765,ln
,220,220x2088,8.16,375.0,58.0,35.835680000000025,0.0532607994973659,ln
,24,24x3312,9.0,375.0,58.0,35.96112000000002,0.0313536003232002,ln
,80,80x3020,9.0,375.0,57.0,35.88300000000001,0.0383616007864475,ln
,140,140x2704,9.0,375.0,57.0,35.87099999999999,0.0487488001585006,ln
,160,160x2984,9.0,375.0,57.0,35.962,0.0552960000932216,ln
,180,180x3688,9.0,375.0,57.0,33.67379999999999,0.1381695985794067,ln
,224,224x3464,9.0,375.0,56.0,26.25748,0.1759744018316268,ln
,4,4x2856,9.0,375.0,56.0,26.146080000000016,0.0306112002581357,ln
,212,212x3388,9.72,375.0,56.0,26.19639999999999,0.1497599989175796,ln
,208,208x2052,11.0,375.0,55.04,26.227760000000004,0.0538048006594181,ln
,368,368x500,11.0,375.0,55.0,24.7,0.040608000010252,ln
,360,360x332,11.0,375.0,55.0,22.88052,0.0367936007678508,ln
,456,456x512,11.0,375.0,54.04,23.257760000000005,0.0430720001459121,ln
,496,496x284,11.0,375.0,54.0,22.762519999999995,0.0390527993440628,ln
,476,476x488,11.0,375.0,54.0,23.162479999999995,0.0452736005187034,ln
,400,400x484,15.8,375.0,54.0,22.933960000000003,0.0416000001132488,ln
,336,336x376,16.0,375.0,54.0,22.85992000000001,0.0368832007050514,ln
,472,472x288,16.0,375.0,53.8,22.89576,0.0386431992053985,ln
,412,412x456,16.0,375.0,53.0,22.85704,0.0415743999183177,ln
,456,456x432,16.0,375.0,53.0,22.598000000000003,0.0428863994777202,ln
,476,476x652,16.0,375.0,53.0,22.73559999999999,0.0569472007453441,ln
,424,424x860,18.0,375.0,53.0,22.54656,0.1304255992174148,ln
,436,436x744,18.0,375.0,53.0,22.731200000000005,0.0711744025349617,ln
,324,324x1000,18.0,375.0,53.0,22.615080000000013,0.0663744002580642,ln
,416,416x624,18.0,375.0,53.0,22.874880000000008,0.0478719994425773,ln
,412,412x636,18.0,375.0,52.0,22.684800000000006,0.0486208006739616,ln
,508,508x624,17.16,375.0,52.0,22.71572,0.0657279998064041,ln
,496,496x960,17.0,375.0,52.0,22.641999999999992,0.2224575966596603,ln
,452,452x860,17.0,375.0,52.0,22.05508,0.1617663949728012,ln
,432,432x800,17.0,375.0,52.0,21.889799999999997,0.08940160125494,ln
,500,500x2032,17.0,375.0,52.0,22.7574,0.591052794456482,ln
,448,448x1996,21.0,375.0,52.0,23.62467999999999,0.4823552012443542,ln
,376,376x1272,21.0,375.0,52.0,22.5174,0.2307264000177383,ln
,404,404x1232,21.0,375.0,52.0,22.36068000000001,0.2380416005849838,ln
,400,400x1120,21.0,375.0,52.0,22.227800000000013,0.2087232023477554,ln
,504,504x1928,23.88,375.0,52.0,23.20356,0.5517376065254211,ln
,508,508x1176,25.0,375.0,52.0,22.08351999999999,0.2830079972743988,ln
,372,372x1804,25.0,375.0,52.0,22.070560000000004,0.3385536015033722,ln
,368,368x1568,25.0,375.0,52.0,22.474840000000004,0.3010815978050232,ln
,488,488x1988,25.56,375.0,52.0,23.57024,0.5506368041038513,ln
,392,392x2860,27.0,391.2,52.0,23.75719999999999,0.6925567984580994,ln
,344,344x3308,27.0,420.0,52.0,22.982600000000005,0.7484352111816406,ln
,512,512x3844,27.0,420.0,52.0,23.48168000000001,1.6452672004699709,ln
,268,268x3152,31.0,420.0,52.0,24.282240000000005,0.6099200010299682,ln
,304,304x3976,31.0,420.0,52.0,23.89312,0.9813759922981262,ln
,512,512x3232,31.0,420.0,52.0,24.06352,1.3170431852340698,ln
,464,464x2056,31.12,420.0,52.0,22.58992,0.5243648171424866,ln
,364,364x3144,32.0,390.0,52.0,22.919200000000004,0.7284799933433532,ln
,416,416x2108,32.0,375.0,52.0,23.64368,0.4766975998878479,ln
,408,408x3168,32.0,375.0,52.0,23.53252,0.8830911874771118,ln
,652,652x292,32.0,375.0,52.0,22.47924,0.0490240007638931,ln
,1016,1016x336,28.0,375.0,52.0,22.0474,0.0946304008364677,ln
,760,760x456,28.0,375.0,52.0,22.15916,0.0974080011248588,ln
,1020,1020x276,28.0,375.0,52.0,22.05267999999999,0.0654719993472099,ln
,660,660x468,28.0,375.0,52.0,21.723559999999992,0.0588544003665447,ln
,904,904x420,26.68,375.0,52.0,21.89844,0.1500735998153686,ln
,616,616x308,17.0,375.0,52.0,21.7938,0.0477696001529693,ln
,880,880x448,17.0,375.0,52.0,21.856440000000003,0.177209597826004,ln
,904,904x380,17.0,375.0,52.0,21.794720000000005,0.0955072000622749,ln
,992,992x404,17.0,375.0,52.0,22.110320000000005,0.1811263978481292,ln
,824,824x716,17.0,375.0,52.0,22.19688,0.29685760140419,ln
,536,536x920,17.0,375.0,51.68,21.94272000000001,0.2363135993480682,ln
,708,708x772,17.0,375.0,51.0,21.829479999999997,0.2703360021114349,ln
,608,608x816,17.0,375.0,51.4,22.15352,0.246560001373291,ln
,684,684x776,17.0,375.0,52.0,22.580599999999997,0.2634303927421569,ln
,920,920x888,19.88,375.0,52.0,22.69044,0.4017152011394501,ln
,904,904x896,20.0,375.0,52.0,23.3312,0.393311995267868,ln
,824,824x932,20.0,375.0,52.0,22.61416,0.3569407999515533,ln
,756,756x652,20.0,375.0,52.0,22.22912,0.2472063988447189,ln
,932,932x800,21.0,375.0,52.0,22.45792,0.3714688003063202,ln
,892,892x1760,25.0,378.6,52.0,23.77828,0.9471871972084044,ln
,536,536x1128,25.0,405.0,52.0,22.319080000000003,0.2885312020778656,ln
,852,852x1328,25.0,433.8,52.0,25.09132,0.5914752125740051,ln
,648,648x1056,26.76,435.0,52.0,22.659199999999995,0.3406527936458587,ln
,944,944x1260,29.0,435.0,52.0,22.827240000000003,0.5982207894325257,ln
,560,560x1644,29.0,454.2,52.0,24.03996,0.5224960088729859,ln
,968,968x1176,29.0,497.4,52.0,24.38679999999999,0.5615615844726562,ln
,816,816x1956,32.52,600.0,52.0,23.88168,1.0112320184707642,ln
,860,860x1956,33.0,600.0,52.0,24.69396,1.048723220825195,ln
,672,672x1996,33.0,645.0,52.0,23.49568,0.2805503964424133,ln
,576,576x3400,33.0,645.0,52.0,23.11672,0.5090815901756287,ln
,620,620x2920,30.12,645.0,52.0,23.400040000000004,0.4400704026222229,ln
,744,744x3808,27.0,645.0,52.0,23.694920000000003,0.7682432055473327,ln
,520,520x2792,27.0,645.0,52.0,23.207560000000008,0.3486912012100219,ln
,944,944x3908,27.0,645.0,52.0,23.70692000000001,0.9925503969192504,ln
,676,676x2252,27.0,645.0,52.0,23.254,0.3275647938251495,ln
,736,736x2516,21.68,645.0,52.0,22.76868,0.424096006155014,ln
,920,920x2276,20.0,567.0,52.0,23.244599999999988,0.4702592074871063,ln
,636,636x2080,20.0,438.6,52.0,23.739840000000004,0.7922047972679138,ln
,588,588x3676,20.0,420.0,52.0,23.788919999999997,1.7947391986846923,ln
,1880,1880x408,28.8,420.0,52.0,23.60708,0.3841471970081329,ln
,1920,1920x312,31.0,411.6,52.0,22.70672,0.3038143932819366,ln
,1708,1708x344,31.0,393.6,52.0,22.157119999999992,0.2955584049224853,ln
,1324,1324x388,31.0,378.6,52.0,22.24328,0.2588095963001251,ln
,1688,1688x420,29.08,375.0,52.0,22.140839999999997,0.3607680022716522,ln
,1748,1748x516,19.0,375.0,52.0,22.448480000000007,0.4553856015205383,ln
,1184,1184x304,19.0,375.0,52.0,22.38656,0.1348160028457641,ln
,1336,1336x288,19.0,375.0,52.0,22.260240000000007,0.1759680032730102,ln
,1924,1924x340,19.0,375.0,52.0,22.42412000000001,0.3336959958076477,ln
,1160,1160x428,19.0,375.0,52.0,22.154999999999998,0.2509887993335724,ln
,1744,1744x832,19.0,375.0,52.0,22.945720000000005,0.7391424059867859,ln
,1892,1892x884,19.0,375.0,52.0,23.452120000000004,0.8431679964065552,ln
,1488,1488x656,19.0,375.0,52.0,23.39164000000001,0.4956032037734985,ln
,1340,1340x680,27.36,375.0,52.0,23.34783999999999,0.4631232023239136,ln
,1608,1608x972,30.0,375.0,52.0,23.118519999999997,0.7989952087402343,ln
,1604,1604x904,30.0,375.0,52.0,23.371039999999997,0.7262464046478272,ln
,1236,1236x640,30.0,375.0,52.0,23.4828,0.3895744025707245,ln
,1480,1480x976,29.28,375.0,52.0,22.89184,0.7392832040786743,ln
,1816,1816x596,29.0,375.0,52.0,24.404640000000004,0.5486655950546264,ln
,1104,1104x808,29.0,375.0,52.0,23.11780000000001,0.4505280017852783,ln
,1468,1468x1332,29.0,375.0,52.0,23.044519999999984,1.0356223821640014,ln
,1884,1884x1964,31.04,381.6,52.0,24.38588,2.5227776050567625,ln
,1028,1028x1748,32.0,435.0,52.0,23.777,1.0855488061904908,ln
,1988,1988x1116,32.0,435.0,52.0,23.82816,1.145132803916931,ln
,1240,1240x1708,32.48,435.0,52.0,23.489600000000006,1.263104009628296,ln
,1304,1304x1156,34.0,447.0,52.0,24.0498,0.7584447979927063,ln
,1660,1660x1840,34.0,469.8,52.0,24.43476,1.9945024013519288,ln
,1584,1584x1280,34.24,522.0,52.0,24.273000000000003,1.0387327909469604,ln
,2044,2044x1780,37.0,576.0,52.0,24.680639999999997,0.8117120027542114,ln
,1236,1236x1188,37.0,690.0,52.0,22.94156,0.2730496048927307,ln
,1940,1940x2224,37.0,690.0,52.0,23.58600000000001,1.0264639854431152,ln
,1088,1088x2636,37.0,690.0,52.0,23.23112,0.7220415949821473,ln
,1092,1092x2680,25.0,690.0,52.0,23.832760000000007,0.7417472124099731,ln
,1668,1668x3192,25.0,690.0,52.0,24.542880000000004,1.4444928169250488,ln
,1560,1560x3876,25.0,690.0,52.0,24.777040000000007,1.8416383981704711,ln
,1380,1380x3872,25.0,690.0,52.0,25.025119999999998,1.7026431798934936,ln
,1768,1768x2968,29.8,678.0,52.0,24.96852,1.385599970817566,ln
,1984,1984x2580,31.0,651.0,52.0,24.9426,1.301030421257019,ln
,1284,1284x3348,31.0,633.6,52.0,24.84068000000001,1.1433599948883058,ln
,1140,1140x2560,31.0,601.2,52.0,23.89964,1.468403208255768,ln
,2372,2372x388,30.24,593.4,52.0,23.76444,0.4645312011241913,ln
,2752,2752x432,30.0,576.0,52.0,23.864840000000008,0.5957759976387024,ln
,4088,4088x408,30.0,558.6,52.0,23.2632,0.8519552111625671,ln
,2696,2696x484,30.0,538.8,52.0,24.44252,0.6557439923286438,ln
,3464,3464x464,28.32,519.0,52.0,22.97836,0.8133120059967041,ln
,3892,3892x384,28.0,510.0,52.0,23.76548000000001,0.7648831963539123,ln
,3392,3392x420,28.0,498.0,52.0,23.679879999999997,0.7222911834716796,ln
,2420,2420x460,28.0,480.0,52.0,23.14304,0.5651135921478272,ln
,3976,3976x404,28.6,460.8,52.0,23.32612,0.8183872103691101,ln
,2236,2236x464,29.0,450.0,52.0,24.21492,0.5264704108238221,ln
,2536,2536x644,29.0,450.0,52.0,24.295280000000016,0.8296064019203186,ln
,4100,4100x556,29.0,436.8,52.0,22.94324,1.1812671899795533,ln
,3392,3392x840,33.2,506.4,52.0,24.7326,1.4562880039215087,ln
,3560,3560x852,34.0,555.0,52.0,22.57756,1.5459775924682615,ln
,4016,4016x688,34.0,555.0,52.0,22.9254,1.4123840093612672,ln
,3336,3336x944,33.04,555.0,52.0,23.77040000000001,1.596390414237976,ln
,3380,3380x1004,28.0,573.0,52.0,24.23716,0.6535359978675842,ln
,2836,2836x768,28.0,630.0,52.0,23.48836,0.4036671936511993,ln
,4016,4016x872,28.0,630.0,52.0,24.303000000000008,0.6508095979690551,ln
,2224,2224x808,28.0,630.0,52.0,23.231679999999983,0.3269824028015137,ln
,3164,3164x1308,25.0,630.0,52.0,24.152520000000003,0.7918527841567993,ln
,3744,3744x1704,25.0,630.0,52.0,24.25255999999999,1.4195584058761597,ln
,2868,2868x1616,25.0,630.0,52.0,24.398040000000005,0.9895040035247804,ln
,2772,2772x1100,25.0,630.0,52.0,23.563679999999994,0.5712512016296387,ln
,3424,3424x1608,26.32,630.0,52.0,24.562120000000004,1.1856128215789794,ln
,2716,2716x1964,28.0,879.0,52.0,27.09328,0.2168512016534805,ln
,3800,3800x1696,28.0,915.0,52.0,37.23500000000001,0.2602112054824829,ln
,2076,2076x1560,28.0,915.0,52.0,38.149,0.1507456004619598,ln
,3524,3524x1508,28.0,915.0,53.44,37.11136000000001,0.1866944015026092,ln
,3260,3260x1780,28.0,915.0,54.0,37.67056,0.2339455991983413,ln
,3980,3980x2944,28.0,915.0,54.0,38.0244,0.4757952034473419,ln
,2664,2664x2724,24.64,915.0,54.0,38.57799999999998,0.3001984000205994,ln
,3908,3908x2592,24.0,915.0,55.0,38.88360000000001,0.4113600015640258,ln
,2064,2064x2944,24.0,915.0,55.0,38.5564,0.252371197938919,ln
,2180,2180x3224,24.0,915.0,55.0,37.84967999999999,0.2943680047988891,ln
,3588,3588x2380,24.0,915.0,55.0,38.310719999999975,0.3414335966110229,ln
,2144,2144x3272,24.0,915.0,55.0,38.687000000000005,0.2946879982948303,ln
,3180,3180x2824,24.0,915.0,55.0,38.607999999999976,0.3677567958831787,ln
,2188,2188x3880,24.0,915.0,55.0,39.42672000000001,0.4025280058383941,ln
,2624,2624x3236,21.84,915.0,55.0,38.968800000000016,0.3542335987091064,ln
,6560,6560x400,15.0,528.6,55.0,37.529640000000015,0.2100992023944854,ln
,7508,7508x468,15.0,490.2,55.0,37.04196000000001,0.3406719923019409,ln
,5280,5280x496,15.0,465.0,55.0,37.50403999999999,0.2615680038928986,ln
,6804,6804x300,15.0,455.4,55.0,36.84956000000002,0.280511999130249,ln
,4696,4696x356,15.0,450.0,55.0,36.64120000000001,0.2138176023960113,ln
,5060,5060x504,15.0,420.0,55.0,36.67999999999998,0.2787584006786346,ln
,7040,7040x416,15.0,418.8,55.0,36.95799999999998,0.3516224026679992,ln
,7136,7136x420,15.0,405.0,55.0,37.17559999999999,0.3828671932220459,ln
,5348,5348x360,15.0,377.4,55.0,37.00519999999997,0.2775743961334228,ln
,8116,8116x492,15.0,375.0,55.0,36.89499999999999,0.4917887985706329,ln
,4708,4708x564,15.0,375.0,55.0,34.52616,0.5163711905479431,ln
,7832,7832x896,15.0,375.0,55.0,27.126039999999996,1.3741695880889893,ln
,6348,6348x808,15.0,375.0,55.0,27.41891999999999,0.9890432000160218,ln
,5672,5672x772,15.0,375.0,54.04,27.17480000000001,0.8456959843635559,ln
,5948,5948x820,23.4,375.0,54.0,26.74948,0.939731216430664,ln
,4176,4176x688,25.0,375.0,54.0,25.40048,0.5440255999565125,ln
,7992,7992x792,25.0,375.0,54.0,24.99244000000001,1.2047424077987672,ln
,5280,5280x920,25.0,375.0,53.6,24.523719999999983,0.9369984030723572,ln
,4740,4740x1028,25.0,375.0,53.0,24.119760000000007,0.9560384035110474,ln
,6772,6772x544,32.0,375.0,53.0,24.16956,0.7109760046005249,ln
,7212,7212x1200,32.0,389.4,53.0,25.05172,1.7620800018310547,ln
,7288,7288x1676,32.0,435.0,53.0,25.267679999999995,2.8391936779022218,ln
,4936,4936x1296,34.4,435.0,53.0,24.723039999999987,1.3179968118667602,ln
,6996,6996x1216,37.0,435.0,53.0,24.62556,1.7619263887405396,ln
,5488,5488x1804,37.0,829.8,53.0,27.58352000000001,0.4005631983280182,ln
,5468,5468x1916,37.0,885.0,53.0,38.35299999999998,0.4020671904087066,ln
,8160,8160x1428,37.0,885.0,53.0,39.71068,0.4097472012042999,ln
,6796,6796x1928,36.0,885.0,54.0,39.26248,0.5099584102630615,ln
,5552,5552x1840,36.0,885.0,54.0,38.510959999999976,0.40275200009346,ln
,7088,7088x1260,36.0,885.0,54.0,38.75599999999998,0.330675196647644,ln
,7448,7448x4096,36.0,885.0,54.6,40.51152000000001,1.2274431943893434,ln
,7776,7776x4012,36.0,885.0,55.0,42.91839999999999,1.3292672157287595,ln
,5460,5460x2232,36.0,885.0,55.0,41.53151999999997,0.4772415995597839,ln
,5908,5908x3876,36.0,885.0,55.72,40.40832000000001,1.0631616115570068,ln
,4956,4956x3260,25.0,885.0,56.0,41.82840000000001,0.6594175934791565,ln
,5792,5792x4028,25.0,885.0,56.0,39.995,0.9868224024772644,ln
,4464,4464x2520,25.0,885.0,56.0,43.0452,0.4508607983589172,ln
,7592,7592x3944,25.0,726.6,56.0,39.93927999999997,1.254649639129639,ln
,7780,7780x3808,25.0,710.4,56.0,43.19071999999999,1.2350335836410522,ln
,7096,7096x3384,25.0,699.0,56.0,41.97527999999999,0.9839679956436156,ln
,10064,10064x436,25.8,690.0,56.0,39.84768000000001,0.3230528056621551,ln
,12104,12104x416,27.0,660.0,56.0,37.65499999999998,0.3872704029083252,ln
,15124,15124x352,27.0,655.2,56.0,38.21812,0.4467455983161926,ln
,15584,15584x284,27.0,630.0,56.0,38.057880000000026,0.4632576048374176,ln
,16252,16252x472,27.0,600.0,56.0,37.75068000000001,0.6009344100952149,ln
,12696,12696x372,27.0,595.2,56.0,39.34971999999998,0.4259967982769012,ln
,8876,8876x484,27.0,570.0,56.0,38.19975999999999,0.3580991983413696,ln
,13904,13904x304,27.0,543.6,56.0,37.54611999999998,0.4651648044586182,ln
,11580,11580x364,17.8,535.2,56.0,37.56500000000002,0.4295808017253876,ln
,9756,9756x328,17.0,510.0,56.0,37.62152000000001,0.3729216039180755,ln
,12248,12248x916,17.0,495.6,56.0,37.93903999999998,0.7915328025817872,ln
,14796,14796x800,17.0,488.4,56.0,39.793760000000006,0.8575487852096557,ln
,9232,9232x920,17.0,480.0,56.0,38.33556000000001,0.6171712160110474,ln
,10332,10332x1012,17.0,465.0,56.0,38.86356000000002,0.761516809463501,ln
,15424,15424x980,17.0,451.2,56.0,38.71399999999999,1.1293055772781373,ln
,14100,14100x772,25.0,439.8,56.0,39.706800000000015,0.917132806777954,ln
,9688,9688x612,25.0,435.0,56.0,38.63599999999999,0.590502405166626,ln
,8328,8328x864,25.0,435.0,56.0,38.446559999999984,0.5771648049354553,ln
,9872,9872x620,25.0,412.2,56.0,37.96812,0.6069375872612,ln
,8332,8332x684,25.0,403.2,56.0,37.78700000000001,0.5810111999511719,ln
,9840,9840x1312,25.0,390.0,56.0,38.45580000000002,0.975763177871704,ln
,9576,9576x1536,25.0,390.0,56.0,39.37407999999999,1.0796735763549803,ln
,12116,12116x2040,26.0,390.0,56.0,39.55188,1.8530367851257323,ln
,10356,10356x1820,26.0,375.0,56.0,39.87188000000001,1.568940782546997,ln
,12488,12488x1468,26.0,375.0,56.0,39.81336,1.4805504083633425,ln
,10696,10696x1596,26.0,375.0,56.0,40.53164,1.4669888019561768,ln
,13276,13276x1920,26.0,375.0,56.0,40.76852000000002,1.865011215209961,ln
,13260,13260x1384,37.0,375.0,56.0,40.967000000000006,1.4986752033233643,ln
,10928,10928x1788,37.0,384.6,56.0,40.15923999999998,1.4960960149765017,ln
,12504,12504x1184,37.0,405.0,56.0,39.98116000000002,1.1124864101409913,ln
,12372,12372x2472,37.0,406.8,56.0,41.20872,2.1152384281158447,ln
,14156,14156x3620,37.0,493.2,56.0,44.32728000000001,2.4829504013061525,ln
,13436,13436x3160,41.4,591.0,56.0,43.61264,1.928812789916992,ln
,9324,9324x3956,42.0,600.0,56.0,43.546040000000005,1.7333439826965331,ln
,12972,12972x3296,42.0,614.4,56.0,43.09544000000002,1.7428799867630005,ln
,14912,14912x2148,42.0,645.0,56.36,42.58956000000002,1.4766144037246705,ln
,11556,11556x3024,42.0,645.0,57.0,41.1674,1.4790143966674805,ln
,14960,14960x3576,40.08,655.8,57.0,43.93392,2.2152703762054444,ln
,10336,10336x3020,39.0,735.0,57.0,43.29856000000001,1.260582399368286,ln
,12020,12020x2356,39.0,735.0,57.0,43.40824000000001,1.1303360223770142,ln
,127,127x168,39.0,735.0,56.88,39.676000000000016,0.0075264000333845,softmax
,18,18x218,39.0,735.0,56.0,35.92767999999999,0.0077184000052511,softmax
,209,209x112,39.0,735.0,56.0,35.976,0.0079679997637867,softmax
,83,83x236,39.0,735.0,56.0,35.923999999999985,0.0080832000821828,softmax
,1,1x37,39.0,735.0,56.0,35.961000000000006,0.0061376001685857,softmax
,172,172x29,17.88,735.0,56.0,35.88,0.0063743999227881,softmax
,188,188x90,17.0,735.0,56.0,35.864000000000004,0.0080063998699188,softmax
,116,116x165,17.0,735.0,56.0,35.87,0.0071359999477863,softmax
,232,232x249,17.0,735.0,56.0,35.88300000000001,0.0081919999793171,softmax
,235,235x45,17.0,735.0,56.0,35.88300000000001,0.0068991999141871,softmax
,58,58x332,17.0,735.0,56.0,35.75699999999998,0.008416000008583,softmax
,178,178x472,17.0,735.0,56.0,35.82899999999998,0.0103040000423789,softmax
,211,211x432,17.0,735.0,56.0,35.871999999999986,0.0102591998875141,softmax
,134,134x373,17.0,735.0,56.0,35.84400000000002,0.0086655998602509,softmax
,86,86x339,17.0,375.0,56.0,35.92899999999998,0.0124607998877763,softmax
,163,163x321,7.0,375.0,56.0,35.87400000000002,0.0143552003428339,softmax
,76,76x447,7.0,375.0,56.0,35.95215999999999,0.0141823999583721,softmax
,235,235x420,7.0,375.0,56.0,35.87064,0.0164608001708984,softmax
,174,174x314,7.0,375.0,55.0,35.897,0.0143552003428339,softmax
,229,229x439,7.0,375.0,55.0,35.962519999999984,0.0164544001221656,softmax
,43,43x969,7.0,375.0,55.0,35.925199999999975,0.0207359999418258,softmax
,76,76x950,7.0,375.0,55.0,35.88939999999998,0.0207935996353626,softmax
,229,229x602,7.0,375.0,55.0,35.93476000000002,0.0205055996775627,softmax
,72,72x601,7.0,375.0,55.0,35.90179999999999,0.0166591994464397,softmax
,4,4x932,8.8,375.0,55.0,35.808920000000015,0.0204863995313644,softmax
,149,149x1015,10.0,375.0,55.0,35.88699999999998,0.0256895996630191,softmax
,79,79x781,10.0,375.0,55.0,35.79700000000002,0.0188992001116275,softmax
,15,15x635,10.0,375.0,55.0,34.527000000000015,0.0189760003238916,softmax
,62,62x895,10.0,375.0,55.0,26.144999999999992,0.0223999999463558,softmax
,183,183x680,10.0,375.0,55.0,25.894,0.023251200094819,softmax
,40,40x1421,10.0,375.0,54.56,25.835800000000013,0.0225152000784873,softmax
,50,50x1745,10.0,375.0,54.0,25.75859999999999,0.0245440006256103,softmax
,84,84x1234,10.0,375.0,54.0,25.75756,0.0247935999184846,softmax
,60,60x1293,10.0,375.0,54.0,25.695679999999992,0.0225088000297546,softmax
,89,89x1648,10.0,375.0,54.0,25.792439999999985,0.0272639997303485,softmax
,108,108x1291,10.0,375.0,54.0,23.89764,0.0283328000456094,softmax
,101,101x1245,10.0,375.0,54.0,22.41500000000001,0.0272640001028776,softmax
,6,6x1222,10.0,375.0,53.0,22.29676000000001,0.023641600087285,softmax
,143,143x1737,10.0,375.0,53.0,22.20088,0.0429887995123863,softmax
,99,99x1602,12.56,375.0,53.0,22.38255999999999,0.0288959998637437,softmax
,55,55x2789,14.0,375.0,53.0,21.689839999999997,0.0307263992726802,softmax
,64,64x3957,14.0,375.0,52.56,22.141560000000013,0.0368384003639221,softmax
,253,253x2522,14.0,375.0,52.0,22.723080000000003,0.3322496056556702,softmax
,220,220x2822,14.0,375.0,52.0,22.49971999999999,0.3286784052848815,softmax
,225,225x2397,17.68,375.0,52.0,22.493920000000006,0.2818175971508026,softmax
,102,102x3436,18.0,375.0,52.0,22.480480000000007,0.1153088003396987,softmax
,205,205x3507,18.0,375.0,52.0,22.472880000000004,0.3657536029815674,softmax
,129,129x4053,18.0,375.0,52.0,23.02440000000001,0.2709887981414794,softmax
,14,14x2782,18.0,375.0,52.0,22.24424,0.0246912002563476,softmax
,104,104x3251,20.64,375.0,52.0,21.693639999999995,0.0924352005124092,softmax
,453,453x231,21.0,375.0,52.0,22.135879999999997,0.0169408001005649,softmax
,341,341x252,21.0,375.0,52.0,21.92640000000001,0.0163839999586343,softmax
,500,500x81,21.0,375.0,52.0,21.529280000000007,0.0144128000363707,softmax
,288,288x15,21.0,375.0,52.0,21.51928000000001,0.011065600067377,softmax
,476,476x177,17.2,375.0,52.0,21.6558,0.0161727998405694,softmax
,300,300x34,16.0,375.0,52.0,21.504959999999997,0.0127167999744415,softmax
,473,473x216,16.0,375.0,52.0,21.37092000000001,0.0165952000766992,softmax
,307,307x251,16.0,375.0,52.0,22.112040000000007,0.0161791998893022,softmax
,480,480x104,16.0,375.0,52.0,22.151200000000003,0.0156415998935699,softmax
,372,372x48,16.0,375.0,52.0,22.1256,0.0128768000751733,softmax
,296,296x411,16.0,375.0,52.0,21.745800000000003,0.0204671993851661,softmax
,349,349x266,16.0,375.0,52.0,21.99972,0.01841920055449,softmax
,443,443x493,16.0,375.0,52.0,21.915519999999987,0.0254655994474887,softmax
,361,361x468,16.0,375.0,52.0,22.07720000000001,0.0218175996094942,softmax
,333,333x355,15.72,375.0,52.0,21.882320000000007,0.0196800000965595,softmax
,360,360x338,15.0,375.0,52.0,21.874199999999995,0.0196991998702287,softmax
,267,267x285,15.0,375.0,52.0,21.672840000000004,0.0168256003409624,softmax
,328,328x377,15.0,375.0,52.0,21.43132,0.0194048002362251,softmax
,417,417x425,15.0,375.0,51.36,21.582600000000003,0.0232704006135463,softmax
,397,397x482,15.4,375.0,51.0,21.96412,0.0224383998662233,softmax
,500,500x765,16.0,375.0,51.0,22.116399999999988,0.1492736041545868,softmax
,284,284x758,16.0,375.0,51.0,21.81844000000001,0.0293247997760772,softmax
,261,261x915,16.0,375.0,51.0,22.140319999999992,0.0289791993796825,softmax
,419,419x929,16.0,375.0,51.0,21.92712000000001,0.1567999988794327,softmax
,308,308x677,16.0,375.0,51.0,21.932559999999985,0.0287680003792047,softmax
,351,351x967,16.0,375.0,51.0,22.15580000000001,0.0829695999622344,softmax
,337,337x768,16.0,375.0,51.0,21.821000000000005,0.0303040005266666,softmax
,424,424x801,16.0,375.0,51.0,21.562400000000007,0.0825727999210357,softmax
,267,267x536,16.0,375.0,51.0,21.73152,0.0235263999551534,softmax
,476,476x779,16.2,375.0,51.0,22.02632,0.1339839994907379,softmax
,510,510x1267,17.0,375.0,51.0,22.64304,0.3330495953559875,softmax
,477,477x1448,17.0,375.0,51.04,22.759479999999996,0.3414080023765564,softmax
,405,405x1561,17.0,375.0,52.0,22.271560000000004,0.3315327942371368,softmax
,325,325x1687,17.0,375.0,52.0,22.30368,0.2823551952838897,softmax
,283,283x1706,18.76,375.0,51.0,22.43208,0.2525759994983673,softmax
,459,459x1784,21.0,375.0,51.0,23.201799999999995,0.41214719414711,softmax
,324,324x1208,21.0,375.0,51.0,22.23812,0.1673536002635955,softmax
,512,512x1600,21.0,375.0,51.0,22.73832,0.417875200510025,softmax
,418,418x2031,23.52,375.0,51.0,22.8736,0.4360704004764557,softmax
,275,275x1988,28.0,375.0,51.0,22.59500000000001,0.2794431984424591,softmax
,439,439x4036,28.0,375.0,52.0,23.44412000000001,0.939033591747284,softmax
,402,402x2788,28.0,375.0,52.0,22.71388,0.5808320045471191,softmax
,512,512x2435,28.0,375.0,52.0,23.04424,0.6533247947692871,softmax
,335,335x2167,27.0,375.0,52.0,22.758280000000003,0.3830335974693298,softmax
,488,488x3379,27.0,375.0,52.0,23.49956000000001,0.8869120001792907,softmax
,304,304x3682,27.0,375.0,52.0,23.014759999999995,0.5974784016609191,softmax
,455,455x3697,27.0,375.0,52.0,22.94764,0.9121855974197388,softmax
,440,440x2442,28.92,441.0,52.0,24.79856,0.5617599964141846,softmax
,303,303x3779,29.0,450.0,52.0,23.15016000000001,0.6051647901535034,softmax
,371,371x2684,29.0,450.0,52.0,22.897319999999983,0.5210240006446838,softmax
,665,665x66,29.0,450.0,52.0,22.24104,0.0141759999096393,softmax
,948,948x212,26.96,450.0,52.0,21.660480000000007,0.017145599797368,softmax
,986,986x92,26.0,450.0,52.0,21.626959999999997,0.0146495999768376,softmax
,973,973x136,26.0,450.0,52.0,22.247999999999998,0.0165631998330354,softmax
,531,531x3,26.0,450.0,52.0,21.45228000000001,0.0102272000163793,softmax
,823,823x185,26.0,450.0,52.0,21.63088,0.0163711998611688,softmax
,529,529x97,23.6,378.0,51.0,21.760399999999997,0.0148287998512387,softmax
,821,821x238,14.0,375.0,51.0,21.608439999999995,0.0208064001053571,softmax
,1009,1009x242,14.0,375.0,51.0,21.81512,0.0224959999322891,softmax
,521,521x53,14.0,375.0,51.0,21.69516,0.0128320001065731,softmax
,1012,1012x375,14.0,375.0,51.0,22.116279999999996,0.1407679975032806,softmax
,632,632x510,14.08,375.0,51.0,21.818319999999996,0.0364352002739906,softmax
,865,865x481,16.0,375.0,51.0,21.62439999999999,0.1716928005218506,softmax
,881,881x498,16.0,375.0,51.0,21.56124000000001,0.1852288037538528,softmax
,673,673x508,16.0,375.0,51.0,21.928640000000005,0.0757952004671096,softmax
,880,880x390,16.0,375.0,51.0,21.717520000000007,0.0868928000330925,softmax
,745,745x318,16.0,375.0,51.0,21.936000000000007,0.0242752000689506,softmax
,619,619x282,16.0,375.0,51.0,22.016,0.0212287999689579,softmax
,633,633x362,16.0,375.0,51.0,21.991120000000013,0.0243136003613472,softmax
,855,855x327,16.0,375.0,51.0,22.106919999999995,0.0270080000162124,softmax
,806,806x688,16.0,375.0,51.0,21.831599999999995,0.2376832008361816,softmax
,746,746x654,16.32,375.0,51.0,21.85632,0.2065792024135589,softmax
,523,523x584,17.0,375.0,51.0,21.94544,0.0467264004051685,softmax
,550,550x667,17.0,375.0,51.0,21.53856,0.1189631998538971,softmax
,799,799x663,17.0,375.0,51.0,22.158119999999997,0.2230655997991562,softmax
,599,599x550,17.0,375.0,51.0,21.985240000000005,0.0626751996576786,softmax
,676,676x536,17.0,375.0,51.0,22.037120000000005,0.1071103990077972,softmax
,778,778x875,17.0,375.0,51.0,22.365760000000005,0.285017603635788,softmax
,754,754x752,17.0,375.0,51.0,22.25120000000001,0.23333760201931,softmax
,710,710x882,17.0,375.0,51.0,21.87856000000001,0.2636543989181518,softmax
,948,948x1291,17.0,375.0,51.0,23.058359999999997,0.6365120053291321,softmax
,1023,1023x1892,22.32,396.6,51.0,23.819000000000003,1.0090560078620912,softmax
,645,645x1266,24.0,420.0,52.0,22.7072,0.4240960001945495,softmax
,625,625x1272,24.0,420.0,52.0,22.37383999999999,0.3973183989524841,softmax
,823,823x1627,24.0,420.0,52.0,22.271400000000003,0.6995775938034058,softmax
,733,733x1399,23.52,420.0,52.0,22.97300000000001,0.5304192066192627,softmax
,830,830x1951,23.0,420.0,52.0,22.857759999999995,0.8453823924064636,softmax
,665,665x1691,23.0,420.0,52.0,22.658880000000003,0.5779839992523194,softmax
,797,797x1206,23.0,420.0,52.0,23.478759999999998,0.496339201927185,softmax
,1000,1000x1063,24.32,375.0,52.0,23.04788,0.5549440026283264,softmax
,841,841x3694,26.0,375.0,52.0,23.51332,1.6642815828323363,softmax
,837,837x3613,26.0,376.8,52.0,23.6016,1.6480767965316772,softmax
,774,774x2416,26.0,420.0,52.0,22.891039999999997,0.951148796081543,softmax
,572,572x3269,29.84,420.0,52.0,23.324840000000005,1.000947213172913,softmax
,636,636x2261,30.0,420.0,52.0,23.573960000000007,0.7524736046791076,softmax
,838,838x3952,30.0,420.0,52.0,23.74228000000001,1.7744960069656373,softmax
,616,616x3057,30.44,420.0,52.0,23.241360000000004,0.9815616011619568,softmax
,685,685x3053,31.0,420.0,52.0,24.33319999999999,1.0940863847732545,softmax
,574,574x4024,31.0,421.2,52.0,23.44964000000001,1.2219519853591918,softmax
,584,584x3280,31.0,450.0,52.0,23.75504,1.0116416215896606,softmax
,1726,1726x134,32.84,450.0,52.0,22.5326,0.0207360003143548,softmax
,1057,1057x69,33.0,450.0,52.0,21.7368,0.0147071998566389,softmax
,1191,1191x40,33.0,450.0,52.0,21.69008,0.0137024000287055,softmax
,1042,1042x64,33.0,450.0,52.0,21.745439999999995,0.0129728000611066,softmax
,1757,1757x99,33.0,450.0,52.0,22.1664,0.0186432000249624,softmax
,2034,2034x108,21.48,450.0,52.0,21.945119999999992,0.0191999997943639,softmax
,1421,1421x90,15.0,450.0,52.0,21.39280000000001,0.0163775999099016,softmax
,1072,1072x130,15.0,450.0,52.0,22.03843999999999,0.0163775999099016,softmax
,1274,1274x239,15.0,375.0,52.0,22.421000000000014,0.0381439995020628,softmax
,1672,1672x3,15.0,375.0,52.0,21.747560000000004,0.0106688000261783,softmax
,1536,1536x357,15.32,375.0,51.04,21.97532000000001,0.2205632001161575,softmax
,1074,1074x428,16.0,375.0,51.0,22.313,0.1984703987836837,softmax
,1509,1509x294,16.0,375.0,51.0,22.020079999999997,0.1893119990825653,softmax
,1666,1666x290,16.0,375.0,51.0,21.89235999999999,0.2030527979135513,softmax
,1139,1139x283,16.0,375.0,51.0,21.81212,0.0476799994707107,softmax
,1811,1811x494,16.76,375.0,51.0,22.03304,0.4197888016700745,softmax
,1235,1235x263,17.0,375.0,51.0,21.803039999999992,0.0541823998093605,softmax
,1405,1405x381,17.0,375.0,51.0,21.8752,0.2221247971057892,softmax
,1323,1323x332,17.0,375.0,51.76,22.17492,0.1833983987569808,softmax
,1511,1511x284,17.0,375.0,52.0,22.256799999999988,0.1756991982460022,softmax
,1999,1999x991,17.0,375.0,52.0,24.06187999999999,1.0421440124511718,softmax
,1111,1111x1020,17.0,375.0,52.0,23.086160000000003,0.5653120160102845,softmax
,1703,1703x897,17.0,427.8,52.0,24.93192,0.785919988155365,softmax
,1086,1086x630,22.44,435.0,52.0,22.60488,0.2845439910888672,softmax
,1430,1430x803,34.0,435.0,52.0,22.752279999999992,0.5826943993568421,softmax
,1069,1069x693,34.0,435.0,52.0,22.7602,0.3239808022975922,softmax
,1649,1649x980,34.0,435.0,52.0,23.84572,0.8481023907661438,softmax
,1292,1292x707,34.0,435.0,52.0,22.5942,0.4023039996623992,softmax
,1627,1627x665,22.0,435.0,52.0,22.56804,0.5396479845046998,softmax
,1988,1988x579,22.0,435.0,52.0,22.345400000000005,0.5699455857276916,softmax
,2014,2014x2038,22.0,564.0,52.0,25.587760000000003,0.7774336099624634,softmax
,1505,1505x1835,22.0,690.0,52.0,23.3412,0.5278272032737732,softmax
,1300,1300x1197,30.0,690.0,52.0,23.100399999999997,0.2914303958415985,softmax
,1948,1948x1982,30.0,690.0,52.0,23.8718,0.7304192066192627,softmax
,1392,1392x1929,30.0,690.0,52.0,23.86399999999999,0.5105024099349975,softmax
,1491,1491x1226,30.0,690.0,52.0,23.20263999999999,0.3460927963256835,softmax
,1537,1537x1644,30.0,690.0,52.0,23.17584,0.4832895934581757,softmax
,1852,1852x1855,19.0,690.0,52.0,23.17864,0.6530112028121948,softmax
,1503,1503x1984,19.0,690.0,52.0,23.279280000000007,0.5649280071258544,softmax
,1923,1923x1946,19.0,469.2,52.0,23.811760000000003,1.4710912227630617,softmax
,1720,1720x2972,20.44,475.2,52.0,24.670839999999995,2.6693888187408445,softmax
,1339,1339x3401,31.0,573.0,52.0,25.313439999999996,0.9114816069602968,softmax
,1247,1247x3395,31.0,690.0,52.0,23.55364,0.8351743936538696,softmax
,1079,1079x2813,31.0,690.0,52.0,23.710880000000007,0.6102591991424561,softmax
,1956,1956x2284,31.0,690.0,52.0,23.939199999999992,0.8452351927757263,softmax
,1289,1289x3762,28.0,690.0,52.0,23.858039999999992,0.9301375985145568,softmax
,1997,1997x2699,28.0,690.0,52.0,23.825039999999998,1.0765120029449462,softmax
,1156,1156x3684,28.0,690.0,52.0,24.159400000000005,0.8255807995796204,softmax
,1959,1959x3469,28.0,690.0,52.0,24.65648,1.2998528242111207,softmax
,1812,1812x2800,26.4,652.2,52.0,24.407960000000003,1.0702463865280152,softmax
,2938,2938x253,26.0,574.8,52.0,23.184600000000017,0.3108543992042542,softmax
,2724,2724x130,26.0,546.0,52.0,21.8972,0.1082559987902641,softmax
,3684,3684x100,26.0,496.8,52.0,21.581440000000008,0.1252671971917152,softmax
,4034,4034x237,23.48,480.0,52.0,22.37163999999999,0.4642368018627166,softmax
,2747,2747x10,19.0,450.0,52.0,22.5768,0.012288000434637,softmax
,3168,3168x79,19.0,435.0,52.0,21.641600000000007,0.0227712001651525,softmax
,2470,2470x200,19.0,405.0,52.0,22.01120000000001,0.1994560003280639,softmax
,3583,3583x123,19.0,390.0,52.0,22.287840000000003,0.1819775998592376,softmax
,2307,2307x113,17.56,375.0,52.0,22.28935999999999,0.0249984003603458,softmax
,2825,2825x107,16.0,375.0,52.0,22.22156000000001,0.0357376001775264,softmax
,2760,2760x264,16.0,375.0,52.0,22.10039999999999,0.2806527942419052,softmax
,3189,3189x445,16.0,375.0,52.0,22.703840000000003,0.70660480260849,softmax
,3080,3080x305,16.0,375.0,52.0,22.267360000000007,0.4477887988090515,softmax
,3421,3421x266,19.68,375.0,52.0,22.32632,0.4298815965652466,softmax
,3017,3017x476,20.0,375.0,52.0,22.722359999999995,0.7230848073959351,softmax
,2670,2670x449,20.0,375.0,52.0,23.58692,0.5797760009765625,softmax
,2211,2211x469,20.0,375.0,52.0,22.55604,0.5078911900520324,softmax
,3066,3066x370,22.0,375.0,52.0,22.94015999999999,0.5440576076507568,softmax
,2837,2837x283,25.0,375.0,52.0,22.616280000000007,0.3682367980480194,softmax
,3794,3794x496,25.0,375.0,52.0,23.307599999999997,0.9563904166221618,softmax
,3217,3217x972,25.0,375.0,52.0,23.587360000000007,1.6701247930526733,softmax
,3977,3977x964,27.4,375.0,52.0,24.149880000000003,2.0686975955963134,softmax
,3278,3278x669,31.0,398.4,52.0,24.122719999999997,1.1381312131881711,softmax
,4018,4018x586,31.0,420.0,52.0,23.796000000000003,1.213644814491272,softmax
,3581,3581x1016,31.0,420.0,52.0,24.18428,1.956441593170166,softmax
,3723,3723x552,34.68,420.0,52.0,23.451200000000007,1.0623232126235962,softmax
,3557,3557x572,35.0,458.4,52.0,25.29460000000001,1.047219181060791,softmax
,2654,2654x780,35.0,540.0,52.0,23.58524,1.0804224014282229,softmax
,3623,3623x920,36.56,540.0,52.0,24.15916,1.7832000255584717,softmax
,3616,3616x828,38.0,540.0,52.0,23.625680000000006,1.5990015983581545,softmax
,3310,3310x1038,38.0,540.0,52.0,24.280039999999985,1.7704959869384769,softmax
,3814,3814x1374,38.0,577.8,52.0,24.56620000000001,1.0107392072677612,softmax
,3894,3894x1460,33.4,645.0,52.0,23.923879999999997,1.0691967964172364,softmax
,2496,2496x1365,33.0,645.0,52.0,23.42232,0.6433215975761414,softmax
,2170,2170x1505,33.0,645.0,52.0,23.06028000000001,0.6118847966194153,softmax
,2445,2445x1457,33.0,645.0,52.0,23.08571999999999,0.6702335953712464,softmax
,3567,3567x1727,29.92,645.0,52.0,23.83304,1.1552831888198851,softmax
,2459,2459x1031,22.0,645.0,52.0,23.67891999999999,0.4732160031795501,softmax
,3900,3900x1998,22.0,645.0,52.0,24.69396,1.4609407901763916,softmax
,3868,3868x1503,22.0,640.2,52.0,25.036399999999997,1.099455976486206,softmax
,3252,3252x2848,24.4,651.0,52.0,25.408639999999988,1.9291199922561648,softmax
,3876,3876x2522,32.0,660.0,52.0,25.44004,1.8321151971817016,softmax
,2168,2168x2705,32.0,660.0,52.4,24.32428,1.169695997238159,softmax
,4064,4064x2419,32.0,660.0,53.0,24.98728,1.8491967916488647,softmax
,2964,2964x3110,32.0,660.0,53.0,25.15764,1.9313151836395264,softmax
,3555,3555x2570,32.0,660.0,53.0,24.93464000000001,1.7181951999664309,softmax
,3358,3358x3544,32.0,660.0,53.0,25.151840000000004,2.238048028945923,softmax
,3264,3264x2945,32.0,637.2,53.0,25.2154,1.814073586463928,softmax
,2554,2554x3169,34.16,672.6,53.0,25.205800000000004,1.6739264011383057,softmax
,2911,2911x2970,35.0,735.0,53.0,24.83548,1.6573248147964477,softmax
,6861,6861x217,35.0,735.0,53.0,23.24164000000001,0.2872639954090118,softmax
,7322,7322x50,35.0,735.0,52.4,23.14280000000001,0.0518271997570991,softmax
,8049,8049x150,35.0,735.0,52.0,22.352399999999992,0.2310272008180618,softmax
,7181,7181x219,24.36,735.0,52.0,22.680479999999992,0.3064192056655884,softmax
,6869,6869x223,21.0,735.0,52.0,22.880440000000007,0.2973183989524841,softmax
,6576,6576x89,21.0,735.0,52.0,22.80511999999999,0.1093183994293212,softmax
,5080,5080x60,21.0,735.0,52.0,22.5862,0.018470400199294,softmax
,5580,5580x197,21.0,735.0,52.0,22.428519999999995,0.2145600050687789,softmax
,7417,7417x11,21.0,500.4,52.0,22.76432000000001,0.0119423998519778,softmax
,4140,4140x229,13.0,376.8,52.0,22.201239999999995,0.443667197227478,softmax
,4383,4383x300,13.0,375.0,52.0,22.82700000000001,0.6434239983558655,softmax
,4475,4475x407,13.0,375.0,52.0,23.45716,0.9119295954704284,softmax
,6039,6039x275,13.0,375.0,52.0,23.73188,0.8165055990219117,softmax
,5149,5149x473,26.0,375.6,52.0,23.22524,1.2455423831939698,softmax
,6179,6179x474,26.0,390.0,52.0,23.604919999999996,1.5201792001724244,softmax
,5354,5354x418,26.0,390.0,52.0,23.41484000000001,1.1314239978790284,softmax
,7429,7429x290,30.8,404.4,52.0,24.353879999999997,1.0835007905960083,softmax
,4177,4177x307,34.0,450.0,52.0,22.79112,0.6236160039901734,softmax
,4879,4879x435,34.0,450.0,52.0,24.19524000000001,1.0799232006072998,softmax
,6924,6924x463,34.0,450.0,52.0,23.741160000000008,1.6511744022369386,softmax
,6287,6287x567,29.4,450.0,52.0,24.680799999999987,1.8832127809524537,softmax
,6446,6446x795,29.0,514.8,52.0,24.390040000000003,2.725900840759277,softmax
,4748,4748x591,29.0,585.0,52.0,23.72164,1.46003201007843,softmax
,7570,7570x652,37.0,631.8,52.0,24.897360000000013,0.9394752025604248,softmax
,6923,6923x763,39.0,675.0,52.0,24.61676,1.0015103936195373,softmax
,6991,6991x565,39.0,675.0,52.0,24.458639999999995,0.7491584062576294,softmax
,5062,5062x810,39.0,675.0,52.0,23.6628,0.7768959999084473,softmax
,6594,6594x549,34.52,675.0,52.0,23.664479999999983,0.6867584109306335,softmax
,6996,6996x622,25.0,675.0,52.0,23.852999999999994,0.8231871962547302,softmax
,8127,8127x715,25.0,675.0,52.0,25.01016000000001,1.1050687789916993,softmax
,5949,5949x1988,25.0,675.0,52.0,25.445880000000017,2.218726396560669,softmax
,7689,7689x1924,25.8,675.0,53.0,25.92492,2.780627202987671,softmax
,5649,5649x1608,35.0,675.0,53.0,25.64776000000001,1.7093440055847169,softmax
,8023,8023x1569,35.0,698.4,53.0,25.941,2.3871039867401125,softmax
,5173,5173x1249,35.0,720.0,53.0,24.98403999999999,1.221446418762207,softmax
,4523,4523x1725,35.0,720.0,53.0,25.056040000000007,1.4793728113174438,softmax
,7610,7610x1532,33.0,720.0,53.0,25.6706,2.2055487632751465,softmax
,5722,5722x1995,33.0,723.6,53.0,25.43984,2.171980810165405,softmax
,4411,4411x1585,33.0,765.0,53.0,25.26908000000001,1.3377599954605102,softmax
,7433,7433x1652,33.0,774.0,53.0,25.9388,2.360313606262207,softmax
,6589,6589x2499,37.0,788.4,53.0,26.49264,3.162585592269897,softmax
,5585,5585x2216,37.0,990.0,53.0,35.68344,0.5967488050460815,softmax
,7626,7626x2806,37.0,990.0,54.68,42.83775999999999,0.9336447954177856,softmax
,5164,5164x3405,37.0,990.0,55.0,46.49796000000001,0.7392256021499634,softmax
,4968,4968x2583,37.0,990.0,55.0,43.48256000000001,0.5868607878684997,softmax
,6566,6566x3991,35.32,990.0,55.8,44.54384000000001,1.097766399383545,softmax
,7095,7095x3885,30.0,990.0,56.0,44.63544000000001,1.164185619354248,softmax
,5153,5153x3235,30.0,990.0,56.0,47.57528,0.7222207903861999,softmax
,7243,7243x3647,30.0,990.0,56.0,44.05923999999999,1.1234624147415162,softmax
,7827,7827x3109,30.0,990.0,56.0,47.75359999999999,1.076902413368225,softmax
,12095,12095x150,30.0,990.0,56.0,43.93128000000001,0.0457984000444412,softmax
,10096,10096x1,30.0,990.0,56.0,40.30295999999998,0.0050943999551236,softmax
,13511,13511x30,30.0,990.0,56.0,39.591440000000006,0.0184320006519556,softmax
,14451,14451x132,20.0,990.0,56.0,39.54399999999999,0.0497663997113704,softmax
,15501,15501x119,20.0,690.0,56.0,39.31399999999999,0.0560511991381645,softmax
,11224,11224x91,20.0,684.6,56.0,36.418,0.0353343993425369,softmax
,14651,14651x97,20.0,645.0,56.0,36.340000000000025,0.0491775996983051,softmax
,10442,10442x7,20.0,628.8,56.0,36.265800000000006,0.0101888000965118,softmax
,12261,12261x43,20.0,600.0,56.0,35.95676000000001,0.0312384001910686,softmax
,10474,10474x246,20.0,567.6,55.72,36.238600000000005,0.0775103971362114,softmax
,12575,12575x320,20.0,555.0,55.0,36.63160000000002,0.1188032016158104,softmax
,11868,11868x269,20.0,510.0,55.0,36.84172,0.1105792000889778,softmax
,10034,10034x508,9.44,510.0,55.0,36.86788000000002,0.1503040015697479,softmax
,10132,10132x441,8.0,480.0,55.28,37.25099999999998,0.1515328019857406,softmax
,10654,10654x411,8.0,480.0,56.0,37.255,0.1473472028970718,softmax
,8228,8228x333,8.0,450.0,56.0,37.212,0.1023167982697486,softmax
,15196,15196x399,8.0,447.0,56.0,36.789,0.2144832015037536,softmax
,16290,16290x474,8.0,435.0,56.0,37.871,0.2654336094856262,softmax
,16263,16263x374,8.0,409.8,56.0,37.65927999999999,0.207328000664711,softmax
,11523,11523x265,8.0,405.0,56.0,37.12920000000001,0.1332287967205047,softmax
,13021,13021x984,8.0,390.0,56.0,36.95900000000002,0.3907967984676361,softmax
,10537,10537x899,15.0,379.2,55.0,38.618640000000006,0.3907519996166229,softmax
,8687,8687x663,15.0,375.0,55.0,37.94284,0.2452863961458206,softmax
,11181,11181x994,15.0,375.0,55.0,37.697,0.449971204996109,softmax
,10015,10015x672,15.0,375.0,55.32,39.0036,0.2405184000730514,softmax
,12420,12420x826,15.0,375.0,56.0,37.95000000000002,0.409824001789093,softmax
,14753,14753x570,15.0,375.0,56.0,38.13048000000001,0.3231935918331146,softmax
,14426,14426x681,15.0,375.0,56.0,38.30399999999998,0.4099071979522705,softmax
,14135,14135x856,17.0,375.0,56.0,39.05436,0.3931776106357574,softmax
,13257,13257x705,20.0,375.0,56.0,38.276280000000014,0.3961088001728058,softmax
,8980,8980x1669,20.0,375.0,56.0,39.46296,1.3121280193328857,softmax
,14593,14593x1753,20.0,390.6,56.0,40.69660000000002,2.035436820983887,softmax
,16007,16007x1101,20.0,411.0,56.0,40.79780000000001,1.8627264261245728,softmax
,10500,10500x1354,20.0,420.0,56.0,40.08619999999999,1.2007999658584594,softmax
,14543,14543x1514,29.0,420.0,56.0,40.43760000000002,1.7409152030944823,softmax
,9621,9621x2046,35.0,420.0,56.0,41.35548000000001,1.4903167963027957,softmax
,14145,14145x1748,35.0,420.0,56.0,39.85972000000002,1.9044416189193725,softmax
,10494,10494x1278,35.0,434.4,56.0,40.16211999999998,1.0711552143096923,softmax
,14201,14201x1667,35.0,435.0,56.0,41.11172000000002,1.8185472249984744,softmax
,8323,8323x1341,35.0,435.0,56.0,40.280400000000014,0.9224447965621948,softmax
,15766,15766x2431,36.76,497.4,56.0,42.34251999999999,3.211564779281616,softmax
,14696,14696x3823,37.0,693.6,56.0,44.60316000000002,3.04585599899292,softmax
,15995,15995x2517,37.0,840.0,56.0,43.543880000000016,2.367635202407837,softmax
,8706,8706x3606,37.0,870.0,56.96,41.132919999999984,1.5005824089050293,softmax
,15122,15122x3154,37.0,870.0,57.0,43.503,2.342758369445801,softmax
,13080,13080x3898,46.0,1005.0,57.0,44.23144000000002,2.103878402709961,softmax
,13057,13057x2722,46.0,1005.0,57.0,42.95656000000001,1.5525440216064452,softmax
,14568,14568x2089,46.0,1005.0,57.0,48.97579999999999,1.7262336015701294,softmax
,10609,10609x4094,46.0,1005.0,57.0,47.59811999999999,1.779040002822876,softmax
,9789,9789x2198,46.0,1020.0,57.0,48.16779999999999,1.1244608163833618,softmax
,127,127x168,33.0,1020.0,57.0,46.05763999999999,0.004883199930191,add
,18,18x218,33.0,1020.0,57.0,39.688880000000005,0.0049471999518573,add
,209,209x112,33.0,1020.0,57.0,39.685200000000016,0.0050239999778568,add
,83,83x236,33.0,1020.0,57.0,39.534959999999984,0.0051903999410569,add
,1,1x37,33.0,1020.0,57.0,39.56523999999999,0.0044735999777913,add
,172,172x29,33.0,1020.0,57.0,39.5696,0.0047296000644564,add
,188,188x90,33.0,1020.0,57.0,39.56504000000002,0.0047040000557899,add
,116,116x165,33.0,1020.0,57.0,39.62295999999999,0.0050304000265896,add
,232,232x249,33.0,1020.0,57.0,39.66652000000002,0.0061184001155197,add
,235,235x45,5.16,1020.0,57.0,39.57899999999998,0.0049791999161243,add
,58,58x332,4.0,1020.0,57.0,39.60299999999998,0.004851199965924,add
,178,178x472,4.0,1020.0,57.0,39.63599999999999,0.0061888000927865,add
,211,211x432,4.0,1020.0,57.0,39.58400000000003,0.0063040000386536,add
,134,134x373,4.0,1020.0,57.0,39.55399999999998,0.0061056000180542,add
,86,86x339,4.0,1020.0,57.0,39.611,0.0047999999485909,add
,163,163x321,4.0,839.4,57.0,39.41351999999999,0.0060672000050544,add
,76,76x447,4.0,375.0,56.56,37.70376000000001,0.0082175999879837,add
,235,235x420,4.0,375.0,56.0,35.83400000000002,0.0102976001799106,add
,174,174x314,5.44,375.0,56.0,35.86839999999999,0.0087168000638484,add
,229,229x439,6.0,375.0,56.0,35.78239999999999,0.0105727998539805,add
,43,43x969,6.0,375.0,56.0,35.86000000000001,0.0084672002121806,add
,76,76x950,6.0,375.0,56.0,35.81100000000001,0.0102527998387813,add
,229,229x602,6.0,375.0,56.0,35.840000000000025,0.0122496001422405,add
,72,72x601,6.0,375.0,56.0,33.548,0.0109440000727772,add
,4,4x932,6.0,375.0,55.56,26.178,0.0089023999869823,add
,149,149x1015,6.0,375.0,55.0,26.11164,0.0143616002053022,add
,79,79x781,6.0,375.0,55.0,26.0182,0.0118208000436425,add
,15,15x635,8.4,375.0,55.0,25.91004,0.0090495999902486,add
,62,62x895,11.0,375.0,54.4,25.8848,0.0106944002211093,add
,183,183x680,11.0,375.0,54.0,24.554600000000004,0.0143232000991702,add
,40,40x1421,11.0,375.0,54.0,23.03499999999999,0.0121408000588417,add
,50,50x1745,11.0,375.0,53.36,23.160440000000005,0.0122752003371715,add
,84,84x1234,11.0,375.0,53.0,22.5862,0.0135807998478412,add
,60,60x1293,12.52,375.0,53.0,22.411000000000005,0.0122688002884387,add
,89,89x1648,13.0,375.0,53.0,22.747560000000007,0.0144000001251697,add
,108,108x1291,13.0,375.0,52.6,22.24644,0.0143616000190377,add
,101,101x1245,13.0,375.0,52.0,21.91980000000001,0.0143488001078367,add
,6,6x1222,13.0,375.0,52.0,21.89980000000001,0.0102208001539111,add
,143,143x1737,14.44,375.0,52.0,22.250439999999998,0.1534079998731613,add
,99,99x1602,16.0,375.0,52.0,22.19044,0.0146751999855041,add
,55,55x2789,16.0,375.0,52.0,22.104,0.0149375999346375,add
,64,64x3957,16.0,375.0,52.0,22.08584000000001,0.1553791970014572,add
,253,253x2522,16.0,375.0,52.0,22.217600000000008,0.4712000072002411,add
,220,220x2822,17.56,375.0,52.0,22.65048,0.4646272003650665,add
,225,225x2397,19.0,375.0,52.0,22.49675999999999,0.3963072061538696,add
,102,102x3436,19.0,375.0,52.0,22.39476,0.274156790971756,add
,205,205x3507,19.0,375.0,52.0,22.829399999999996,0.5341631889343261,add
,129,129x4053,19.0,375.0,52.0,22.468560000000004,0.3842303991317749,add
,14,14x2782,20.76,375.0,52.0,21.786,0.0110719999298453,add
,104,104x3251,21.0,375.0,52.0,21.83216000000001,0.2723008036613464,add
,453,453x231,21.0,375.0,52.0,22.14952,0.0127807999029755,add
,341,341x252,21.0,375.0,52.0,21.855,0.0124223999679088,add
,500,500x81,21.0,375.0,52.0,21.43739999999999,0.0108607999980449,add
,288,288x15,16.6,375.0,51.0,21.92571999999999,0.0102335998788475,add
,476,476x177,16.0,375.0,51.0,21.89916,0.0122944002971053,add
,300,300x34,16.0,375.0,51.64,21.998480000000004,0.0102527998387813,add
,473,473x216,16.0,375.0,52.0,21.93296000000001,0.013171200081706,add
,307,307x251,16.0,375.0,51.72,21.74912000000001,0.0123968001455068,add
,480,480x104,16.0,375.0,51.0,21.76600000000001,0.0112831998616456,add
,372,372x48,16.0,375.0,51.0,21.83831999999999,0.0102463999763131,add
,296,296x411,16.0,375.0,51.0,22.038719999999994,0.0143744001165032,add
,349,349x266,16.0,375.0,51.0,22.365440000000003,0.0128575999289751,add
,443,443x493,16.0,375.0,51.88,21.955399999999997,0.0453951999545097,add
,361,361x468,16.28,375.0,52.0,21.936000000000003,0.0150080000981688,add
,333,333x355,17.0,375.0,51.36,21.9258,0.0140928000211715,add
,360,360x338,17.0,375.0,51.0,21.893,0.0143104000017046,add
,267,267x285,17.0,375.0,51.12,21.906040000000008,0.0123584002256393,add
,328,328x377,17.0,375.0,52.0,21.39452,0.0143296001479029,add
,417,417x425,17.0,375.0,52.0,21.81732000000001,0.0161407995969057,add
,397,397x482,16.0,375.0,51.0,22.00880000000001,0.0164224002510309,add
,500,500x765,16.0,375.0,51.0,22.281400000000005,0.296095997095108,add
,284,284x758,16.0,375.0,51.8,21.86036000000001,0.037696000188589,add
,261,261x915,16.0,375.0,52.0,21.84124000000001,0.1127360001206398,add
,419,419x929,16.16,375.0,51.44,22.046440000000008,0.299481600522995,add
,308,308x677,18.0,375.0,51.0,21.469879999999996,0.0261760000139474,add
,351,351x967,18.0,375.0,51.4,21.96875999999999,0.2734911978244781,add
,337,337x768,18.0,375.0,52.0,21.73512,0.1737087994813919,add
,424,424x801,18.0,375.0,51.68,21.875280000000007,0.2734784007072449,add
,267,267x536,17.6,375.0,51.0,21.842320000000004,0.0143808001652359,add
,476,476x779,17.0,375.0,51.0,22.115400000000008,0.2840511977672577,add
,510,510x1267,17.0,375.0,51.0,22.306960000000004,0.4730239927768707,add
,477,477x1448,17.0,375.0,51.04,22.2698,0.5165888071060181,add
,405,405x1561,17.0,375.0,52.0,22.15032,0.4739392042160034,add
,325,325x1687,19.64,375.0,52.0,21.94419999999999,0.4109888017177582,add
,283,283x1706,20.0,375.0,52.0,22.407,0.3597440004348755,add
,459,459x1784,20.0,375.0,52.0,22.5616,0.6023167967796326,add
,324,324x1208,20.0,375.0,52.0,22.780880000000003,0.29756800532341,add
,512,512x1600,20.0,375.0,52.0,22.67928000000001,0.5956096053123474,add
,418,418x2031,22.0,375.0,52.0,22.83672,0.6201984047889709,add
,275,275x1988,22.0,375.0,52.0,22.416000000000007,0.3994688034057617,add
,439,439x4036,22.0,382.2,51.0,23.49999999999999,1.3068416118621826,add
,402,402x2788,22.0,435.0,51.28,23.0098,0.8250943899154664,add
,512,512x2435,26.0,435.0,52.0,22.959040000000005,0.9094720125198364,add
,335,335x2167,26.0,435.0,52.0,22.868680000000005,0.530348801612854,add
,488,488x3379,26.0,435.0,52.0,23.82724,1.191494393348694,add
,304,304x3682,26.0,435.0,52.0,22.970079999999992,0.8028671860694885,add
,455,455x3697,28.64,435.0,52.0,23.63964000000001,1.2134912014007568,add
,440,440x2442,29.0,435.0,52.0,22.648600000000005,0.7979200005531311,add
,303,303x3779,29.0,403.8,52.0,22.63236000000001,0.8286847949028016,add
,371,371x2684,29.0,385.2,52.0,22.83412,0.7181375861167908,add
,665,665x66,23.0,375.0,52.0,22.13396,0.010988799855113,add
,948,948x212,23.0,375.0,52.0,21.83648000000001,0.0200383998453617,add
,986,986x92,23.0,375.0,52.0,21.897839999999995,0.0127615997567772,add
,973,973x136,23.0,375.0,52.0,21.8272,0.0146176001057028,add
,531,531x3,23.0,375.0,52.0,22.07944,0.0102335998788475,add
,823,823x185,16.0,375.0,52.0,22.137519999999995,0.0152063999325037,add
,529,529x97,16.0,375.0,52.0,21.34928,0.0121151998639106,add
,821,821x238,16.0,375.0,51.32,21.69864,0.0171136002987623,add
,1009,1009x242,16.0,375.0,51.0,21.67552,0.1253183990716934,add
,521,521x53,16.0,375.0,51.28,22.28844,0.0103808000683784,add
,1012,1012x375,16.76,375.0,52.0,22.097880000000004,0.2897855997085571,add
,632,632x510,17.0,375.0,52.0,22.195799999999995,0.2605823993682861,add
,865,865x481,17.0,375.0,51.0,22.0644,0.3125119924545288,add
,881,881x498,17.0,375.0,51.0,22.13568000000001,0.3250239968299865,add
,673,673x508,17.0,375.0,51.0,21.82596000000001,0.2719680070877075,add
,880,880x390,19.64,375.0,51.0,22.3658,0.2724735975265503,add
,745,745x318,20.0,375.0,51.88,21.93876,0.1157696023583412,add
,619,619x282,20.0,375.0,52.0,22.156120000000005,0.0162752002477645,add
,633,633x362,20.0,375.0,52.0,22.248800000000003,0.0813503995537757,add
,855,855x327,19.88,375.0,52.0,21.872040000000005,0.195289596915245,add
,806,806x688,17.0,375.0,51.28,22.306000000000004,0.4215680003166199,add
,746,746x654,17.0,375.0,51.0,21.859600000000004,0.362988805770874,add
,523,523x584,17.0,375.0,51.68,21.97312,0.2381504029035568,add
,550,550x667,17.0,375.0,52.0,21.77695999999999,0.2617600053548813,add
,799,799x663,18.8,375.0,52.0,22.34504,0.4015808045864105,add
,599,599x550,20.0,375.0,52.0,22.7608,0.2702975988388061,add
,676,676x536,20.0,375.0,52.0,22.263559999999988,0.2395327985286712,add
,778,778x875,20.0,375.0,52.0,22.27132,0.4974912047386169,add
,754,754x752,20.0,375.0,52.0,22.46140000000001,0.4220159947872162,add
,710,710x882,20.88,375.0,52.0,22.47768,0.4601024031639099,add
,948,948x1291,21.0,375.0,52.0,22.958880000000004,0.9039039969444276,add
,1023,1023x1892,21.0,375.0,52.0,23.92224000000001,1.3895103931427002,add
,645,645x1266,21.0,375.0,52.0,22.69792000000001,0.5938688039779663,add
,625,625x1272,25.76,375.0,52.0,22.53192,0.5633087992668152,add
,823,823x1627,28.0,375.0,52.0,23.29696000000001,0.9615295886993408,add
,733,733x1399,28.0,375.0,52.0,22.86295999999999,0.7503487944602967,add
,830,830x1951,28.0,375.0,52.0,22.760879999999997,1.1726143836975098,add
,665,665x1691,27.36,375.0,52.0,23.19928000000001,0.8305087924003601,add
,797,797x1206,27.0,375.0,52.0,22.771959999999996,0.6919424057006835,add
,1000,1000x1063,27.0,375.0,52.0,22.905199999999983,0.7950016021728515,add
,841,841x3694,27.0,375.0,52.0,23.644439999999985,2.358835220336914,add
,837,837x3613,28.92,409.2,52.0,24.37088,2.2820096015930176,add
,774,774x2416,29.0,420.0,52.0,23.49532,1.3512447834014891,add
,572,572x3269,29.0,420.0,52.0,23.62368,1.3513279914855958,add
,636,636x2261,30.32,420.0,52.0,22.933640000000004,1.0387072086334228,add
,838,838x3952,32.0,441.6,52.0,23.90023999999999,2.556832027435303,add
,616,616x3057,32.0,450.0,52.0,23.94204,1.3651839733123778,add
,685,685x3053,32.6,450.0,52.0,23.770639999999997,1.5642880201339722,add
,574,574x4024,35.0,450.0,52.0,23.62835999999999,1.678483200073242,add
,584,584x3280,35.0,450.0,52.0,23.346000000000004,1.3891711950302124,add
,1726,1726x134,35.0,450.0,52.0,23.035400000000003,0.0883455991744995,add
,1057,1057x69,35.0,450.0,52.0,21.8516,0.0119039999321103,add
,1191,1191x40,24.0,408.0,52.0,22.226000000000013,0.0109567997977137,add
,1042,1042x64,24.0,375.0,52.0,22.06336000000001,0.0120896002277731,add
,1757,1757x99,24.0,375.0,52.0,22.05152,0.0169535994529724,add
,2034,2034x108,24.0,375.0,52.0,21.798160000000003,0.0727743998169899,add
,1421,1421x90,24.0,375.0,52.0,21.512,0.0144064001739025,add
,1072,1072x130,16.32,375.0,52.0,21.8484,0.0143807999789714,add
,1274,1274x239,16.0,375.0,52.0,21.97660000000001,0.2369727998971939,add
,1672,1672x3,16.0,375.0,52.0,22.04852,0.0102399997413158,add
,1536,1536x357,16.0,375.0,52.0,22.248880000000003,0.4104063987731933,add
,1074,1074x428,16.08,375.0,52.0,22.37464,0.3401727974414825,add
,1509,1509x294,18.0,375.0,52.0,21.861600000000003,0.3282559990882873,add
,1666,1666x290,18.0,375.0,52.0,22.317280000000004,0.3523007988929748,add
,1139,1139x283,18.0,375.0,52.0,22.219840000000005,0.2579328060150146,add
,1811,1811x494,18.0,375.0,52.0,22.35608,0.6558016061782836,add
,1235,1235x263,19.68,375.0,52.0,22.46368,0.2632000029087066,add
,1405,1405x381,21.0,375.0,52.0,22.54020000000001,0.3962879955768585,add
,1323,1323x332,21.0,375.0,52.0,22.295839999999988,0.329939204454422,add
,1511,1511x284,21.0,375.0,52.0,22.331760000000003,0.3168767988681793,add
,1999,1999x991,21.0,375.0,52.0,23.49848,1.440684795379639,add
,1111,1111x1020,24.0,375.0,52.0,22.72856,0.8197952032089233,add
,1703,1703x897,24.0,382.2,52.0,23.831160000000004,1.1071680068969727,add
,1086,1086x630,24.0,405.0,52.0,22.51744,0.501279991865158,add
,1430,1430x803,24.84,405.0,52.0,22.774320000000003,0.8300287842750549,add
,1069,1069x693,27.0,405.0,52.0,22.59668,0.5504256010055542,add
,1649,1649x980,27.0,405.0,52.0,22.86032,1.1532671928405762,add
,1292,1292x707,27.0,405.0,52.0,23.08956,0.6740800023078919,add
,1627,1627x665,27.0,405.0,52.0,23.264560000000014,0.7859328150749206,add
,1988,1988x579,25.0,405.0,52.0,22.604,0.8404095888137817,add
,2014,2014x2038,25.0,498.0,52.0,25.453919999999997,3.1872064113616942,add
,1505,1505x1835,27.08,570.0,52.0,24.31948,2.082201623916626,add
,1300,1300x1197,38.0,570.0,52.0,23.32428,1.1656319856643678,add
,1948,1948x1982,38.0,570.0,52.0,24.379759999999987,2.9702847957611085,add
,1392,1392x1929,37.68,576.6,52.0,24.51448,2.012127995491028,add
,1491,1491x1226,34.0,585.0,52.0,23.424239999999998,1.3335488080978393,add
,1537,1537x1644,34.0,585.0,52.0,24.30472,1.893670415878296,add
,1852,1852x1855,34.0,621.0,52.0,24.81992000000001,1.3140159845352173,add
,1503,1503x1984,33.12,765.0,52.0,23.269079999999995,0.8380864143371582,add
,1923,1923x1946,33.0,765.0,52.0,24.4046,1.0536832094192503,add
,1720,1720x2972,33.0,765.0,52.0,24.866319999999995,1.445644783973694,add
,1339,1339x3401,33.0,765.0,52.0,24.434680000000007,1.2908928155899049,add
,1247,1247x3395,31.32,765.0,52.0,24.05632,1.2004672050476075,add
,1079,1079x2813,27.0,765.0,52.0,23.9014,0.854585587978363,add
,1956,1956x2284,27.0,765.0,52.0,24.352120000000003,1.2617023706436157,add
,1289,1289x3762,27.0,723.0,52.0,24.57304000000002,1.3728959798812863,add
,1997,1997x2699,27.12,649.8,52.0,24.65164000000001,1.511942410469055,add
,1156,1156x3684,28.0,615.0,52.0,24.191640000000003,2.87086718082428,add
,1959,1959x3469,28.0,670.2,52.08,25.71455999999999,1.9122175931930545,add
,1812,1812x2800,28.0,675.0,53.0,24.71044,1.42947199344635,add
,2938,2938x253,31.4,675.0,53.0,23.3234,0.2117760002613067,add
,2724,2724x130,33.0,675.0,52.0,22.827160000000006,0.1065023988485336,add
,3684,3684x100,33.0,675.0,52.0,22.27844,0.1086336016654968,add
,4034,4034x237,33.0,675.0,52.0,22.698239999999995,0.2706304013729095,add
,2747,2747x10,33.0,675.0,52.0,22.39548,0.0081984000280499,add
,3168,3168x79,33.0,675.0,52.0,22.513199999999998,0.0566784009337425,add
,2470,2470x200,12.0,675.0,52.0,22.454759999999997,0.1422911971807479,add
,3583,3583x123,12.0,615.0,52.0,22.38456,0.1290432006120681,add
,2307,2307x113,12.0,375.0,52.0,22.111879999999992,0.1893887996673584,add
,2825,2825x107,12.0,375.0,52.0,22.31916,0.2345151990652084,add
,2760,2760x264,12.0,375.0,52.0,22.449440000000003,0.5502976059913636,add
,3189,3189x445,17.04,375.0,52.0,23.30968,1.0207103967666626,add
,3080,3080x305,18.0,375.0,52.0,22.84728000000001,0.6938624024391175,add
,3421,3421x266,18.0,375.0,52.0,22.220799999999997,0.6697983980178833,add
,3017,3017x476,18.0,375.0,52.0,23.20652,1.03231360912323,add
,2670,2670x449,23.76,375.0,52.0,22.98231999999998,0.8625408053398133,add
,2211,2211x469,26.0,375.0,52.0,22.45496,0.7450688004493713,add
,3066,3066x370,26.0,375.0,52.0,22.56568,0.8183744072914123,add
,2837,2837x283,26.0,375.0,52.0,22.709999999999997,0.5943743944168091,add
,3794,3794x496,26.0,375.0,52.0,23.438520000000004,1.395366406440735,add
,3217,3217x972,26.0,375.0,52.0,23.882159999999985,2.343104028701782,add
,3977,3977x964,26.0,405.0,52.0,24.14460000000001,2.947763204574585,add
,3278,3278x669,29.36,450.0,52.0,24.03352,1.6393407821655273,add
,4018,4018x586,38.0,492.0,52.0,24.65163999999999,1.7500672101974488,add
,3581,3581x1016,38.0,567.0,52.0,24.95252,1.0323327779769895,add
,3723,3723x552,38.0,675.0,52.0,23.65028,0.5769535899162292,add
,3557,3557x572,33.6,675.0,52.0,22.772319999999983,0.5627007842063904,add
,2654,2654x780,33.0,675.0,52.0,23.05968,0.5790591955184936,add
,3623,3623x920,33.0,675.0,52.0,23.450239999999997,0.9361023902893066,add
,3616,3616x828,33.0,675.0,52.0,23.539959999999997,0.8383936047554016,add
,3310,3310x1038,32.04,675.0,52.0,23.665839999999992,0.9637824058532716,add
,3814,3814x1374,21.0,675.0,52.0,24.27976000000001,1.4720767974853517,add
,3894,3894x1460,21.0,664.2,52.0,24.49508000000001,1.5995648145675658,add
,2496,2496x1365,21.0,636.0,52.0,24.89204000000001,0.9536831974983216,add
,2170,2170x1505,22.28,660.0,52.0,23.284600000000005,0.9150784015655518,add
,2445,2445x1457,29.0,660.0,52.0,23.65456,0.9979456067085266,add
,3567,3567x1727,29.0,660.0,52.0,25.24444,1.730131196975708,add
,2459,2459x1031,29.0,660.0,52.0,23.5962,0.7087423920631408,add
,3900,3900x1998,28.88,660.0,52.0,24.78764,2.1937663555145264,add
,3868,3868x1503,28.0,660.0,52.0,24.26912,1.6366656064987182,add
,3252,3252x2848,28.0,643.2,52.0,25.30812,2.6018432140350343,add
,3876,3876x2522,28.0,819.0,52.0,27.16204,0.3953472018241882,add
,2168,2168x2705,35.0,915.0,53.0,37.87,0.2393792003393173,add
,4064,4064x2419,35.0,915.0,53.0,37.52300000000002,0.3972800016403198,add
,2964,2964x3110,35.0,915.0,53.0,39.143080000000005,0.3729280054569244,add
,3555,3555x2570,35.0,915.0,53.32,38.36835999999998,0.3702784061431884,add
,3358,3358x3544,35.0,915.0,54.0,37.15300000000001,0.4795967996120452,add
,3264,3264x2945,35.0,915.0,54.0,39.7984,0.387852793931961,add
,2554,2554x3169,35.0,915.0,54.0,38.50599999999999,0.3280640065670013,add
,2911,2911x2970,35.0,915.0,54.92,38.10528,0.3502912104129791,add
,6861,6861x217,18.28,915.0,55.0,37.694640000000014,0.0637439988553524,add
,7322,7322x50,16.0,915.0,55.0,36.36755999999999,0.0143232002854347,add
,8049,8049x150,16.0,915.0,55.0,36.11620000000002,0.0532287992537021,add
,7181,7181x219,16.0,915.0,55.0,36.414,0.0677696004509925,add
,6869,6869x223,16.0,915.0,55.0,36.52800000000001,0.0670335993170738,add
,6576,6576x89,16.0,915.0,55.0,36.37920000000001,0.02629119977355,add
,5080,5080x60,16.0,915.0,55.0,36.12276,0.0102463997900486,add
,5580,5580x197,16.0,450.0,55.0,36.01199999999998,0.050841598957777,add
,7417,7417x11,16.0,440.4,55.0,36.26999999999999,0.0090815998613834,add
,4140,4140x229,16.0,420.0,55.0,35.98199999999998,0.0450880005955696,add
,4383,4383x300,8.0,398.4,55.0,34.941879999999976,0.0596352010965347,add
,4475,4475x407,8.0,388.2,54.24,28.200519999999997,0.5219071984291077,add
,6039,6039x275,8.0,375.0,54.0,26.644599999999983,0.4755584001541137,add
,5149,5149x473,8.0,375.0,54.0,26.3848,0.6877568006515503,add
,6179,6179x474,8.0,375.0,54.0,25.283720000000017,0.8284735918045044,add
,5354,5354x418,13.72,375.0,54.0,23.32360000000001,0.6350784063339233,add
,7429,7429x290,21.0,375.0,53.0,23.583079999999995,0.6121216058731079,add
,4177,4177x307,21.0,375.0,53.0,23.061920000000004,0.3663807988166809,add
,4879,4879x435,21.0,375.0,53.0,23.563599999999997,0.6021888017654419,add
,6924,6924x463,21.0,375.0,53.0,23.809639999999995,0.90732159614563,add
,6287,6287x567,24.0,375.0,53.0,24.463719999999988,1.0057087898254395,add
,6446,6446x795,24.0,375.0,53.0,24.921759999999992,1.4468096256256104,add
,4748,4748x591,24.0,375.0,53.0,23.960799999999995,0.7942528009414673,add
,7570,7570x652,24.0,375.0,53.0,24.200159999999983,1.3928127765655518,add
,6923,6923x763,31.0,390.0,52.96,24.692279999999982,2.010182380676269,add
,6991,6991x565,31.0,553.8,52.0,25.303239999999995,3.0971391677856444,add
,5062,5062x810,34.84,601.2,52.0,24.54168000000001,3.197439956665039,add
,6594,6594x549,43.0,624.6,52.0,24.426960000000005,1.018841600418091,add
,6996,6996x622,43.0,630.0,52.0,24.207720000000005,1.2213760137557983,add
,8127,8127x715,43.0,630.0,52.0,24.30868,1.6305279970169066,add
,5949,5949x1988,35.0,653.4,52.0,25.544880000000006,3.3266111850738525,add
,7689,7689x1924,33.0,774.0,52.0,27.15575999999999,0.5966720104217529,add
,5649,5649x1608,33.0,900.0,53.0,35.25463999999999,0.3676480054855346,add
,8023,8023x1569,33.0,900.0,53.0,38.01499999999999,0.5076672077178955,add
,5173,5173x1249,33.0,900.0,53.0,39.39300000000002,0.2631103992462158,add
,4523,4523x1725,31.2,900.0,53.12,38.0342,0.3164031982421875,add
,7610,7610x1532,28.0,900.0,54.0,37.94492000000002,0.470931202173233,add
,5722,5722x1995,28.0,900.0,54.0,38.61699999999998,0.4609535932540893,add
,4411,4411x1585,28.0,900.0,54.0,38.79339999999998,0.2844671964645385,add
,7433,7433x1652,28.0,900.0,55.0,38.022840000000016,0.4952704012393951,add
,6589,6589x2499,28.0,900.0,55.0,38.75,0.6619839906692505,add
,5585,5585x2216,28.0,900.0,55.0,40.37156,0.4984703958034515,add
,7626,7626x2806,28.0,900.0,55.0,38.92760000000001,0.8585087895393372,add
,5164,5164x3405,20.0,900.0,55.0,40.32708,0.7070847988128662,add
,4968,4968x2583,20.0,888.0,55.0,38.982,0.5178112030029297,add
,6566,6566x3991,20.0,600.0,55.0,39.91676,1.0501375675201416,add
,7095,7095x3885,20.0,585.0,55.0,40.19200000000002,1.1038592100143432,add
,5153,5153x3235,20.0,585.0,55.0,40.16499999999999,0.6709951996803284,add
,7243,7243x3647,20.0,574.8,56.0,40.02120000000001,1.0588671922683717,add
,7827,7827x3109,28.0,565.2,56.0,40.06451999999999,0.975494396686554,add
,12095,12095x150,28.0,555.0,56.0,39.86240000000001,0.0787136003375053,add
,10096,10096x1,28.0,525.0,55.0,36.21376000000001,0.0062527999281883,add
,13511,13511x30,28.0,525.0,55.0,35.835159999999995,0.0196608006954193,add
,14451,14451x132,28.0,495.0,55.0,35.98076,0.0827903985977172,add
,15501,15501x119,28.0,482.4,55.0,36.32100000000002,0.0803775981068611,add
,11224,11224x91,28.0,450.0,55.0,36.385,0.046086399257183,add
,14651,14651x97,28.0,430.8,55.0,36.11287999999998,0.0635007992386818,add
,10442,10442x7,20.96,420.0,55.0,36.07960000000002,0.0101632000878453,add
,12261,12261x43,12.0,390.0,55.0,35.78731999999998,0.0265279997140169,add
,10474,10474x246,12.0,390.0,55.0,36.13404000000001,0.1094016000628471,add
,12575,12575x320,12.0,375.0,55.0,36.52868,0.1680000007152557,add
,11868,11868x269,12.0,375.0,55.0,36.765799999999984,0.1348032027482986,add
,10034,10034x508,12.0,375.0,55.0,36.74795999999999,0.2107583969831466,add
,10132,10132x441,12.0,375.0,55.0,37.23800000000002,0.1851519972085952,add
,10654,10654x411,12.0,375.0,55.0,36.81899999999999,0.1815935969352722,add
,8228,8228x333,12.0,375.0,55.0,37.15800000000001,0.1163648009300231,add
,15196,15196x399,12.48,375.0,55.0,36.73575999999999,0.2490112006664276,add
,16290,16290x474,15.0,375.0,55.0,37.4008,0.3149759888648987,add
,16263,16263x374,15.0,375.0,55.0,37.22299999999999,0.249849596619606,add
,11523,11523x265,15.0,375.0,55.0,37.32100000000002,0.1291135996580124,add
,13021,13021x984,15.0,375.0,55.0,37.29983999999999,0.5169599890708924,add
,10537,10537x899,15.0,375.0,55.0,38.65807999999999,0.3841215968132019,add
,8687,8687x663,15.0,375.0,55.0,37.61248000000001,0.2365631997585296,add
,11181,11181x994,15.0,375.0,55.0,37.5424,0.4493056058883667,add
,10015,10015x672,18.2,375.0,55.0,38.096519999999984,0.2752959966659546,add
,12420,12420x826,20.0,375.0,55.0,37.760359999999984,0.4149248003959656,add
,14753,14753x570,20.0,375.0,55.0,38.25199999999998,0.3420351982116699,add
,14426,14426x681,20.0,375.0,55.0,38.36703999999999,0.3981311976909637,add
,14135,14135x856,20.0,375.0,55.0,37.841200000000015,0.4888063967227936,add
,13257,13257x705,20.0,375.0,55.0,38.649999999999984,0.3790144026279449,add
,8980,8980x1669,20.0,375.0,55.0,38.98876000000002,0.6037248015403748,add
,14593,14593x1753,21.2,375.0,56.0,39.05624,1.0243583917617798,add
,16007,16007x1101,25.0,375.0,56.0,39.41139999999998,0.7078143954277039,add
,10500,10500x1354,25.0,375.0,56.0,39.53835999999999,0.5729088068008423,add
,14543,14543x1514,25.0,375.0,56.0,39.32659999999998,0.8831935882568359,add
,9621,9621x2046,25.0,375.0,56.0,40.22644,0.7903295993804932,add
,14145,14145x1748,25.0,375.0,56.0,39.28804,0.9891775846481324,add
,10494,10494x1278,25.0,375.0,56.0,40.59551999999999,0.5409728050231933,add
,14201,14201x1667,30.0,375.0,56.0,38.64135999999999,0.9486784100532532,add
,8323,8323x1341,30.0,375.0,56.0,40.32807999999997,0.4520447969436645,add
,15766,15766x2431,30.0,375.0,56.0,40.24332,1.5303679943084716,add
,14696,14696x3823,30.0,403.2,56.0,42.75015999999999,2.2403519630432127,add
,15995,15995x2517,30.0,555.0,56.0,42.64880000000003,1.6098047971725464,add
,8706,8706x3606,35.04,555.0,56.0,41.95668000000003,1.2556864023208618,add
,15122,15122x3154,39.0,563.4,56.0,42.60496000000002,1.905471992492676,add
,13080,13080x3898,39.0,670.8,56.0,41.96531999999999,2.0382912158966064,add
,13057,13057x2722,39.0,690.0,56.0,40.98692000000001,1.4214400053024292,add
,14568,14568x2089,39.0,690.0,56.0,40.08547999999999,1.2183232069015504,add
,10609,10609x4094,38.0,697.2,56.0,40.8262,1.736032009124756,add
,9789,9789x2198,38.0,705.0,56.0,40.65275999999999,0.8633856058120728,add
,127,127x168,38.0,705.0,56.0,39.92168000000001,0.006195200048387,mul
,18,18x218,38.0,705.0,56.0,35.658600000000014,0.006131200119853,mul
,209,209x112,38.0,705.0,56.0,35.643,0.0063168000429868,mul
,83,83x236,38.0,705.0,56.0,35.67196000000001,0.0061504000797867,mul
,1,1x37,38.0,705.0,56.0,35.69195999999999,0.0060159999877214,mul
,172,172x29,38.0,705.0,56.0,35.6236,0.0061504000797867,mul
,188,188x90,14.0,705.0,56.0,35.822999999999986,0.0061568000353872,mul
,116,116x165,14.0,705.0,56.0,35.736999999999995,0.0061824000440537,mul
,232,232x249,14.0,705.0,56.0,35.82000000000002,0.0067712000571191,mul
,235,235x45,14.0,705.0,56.0,35.81100000000001,0.0061376001685857,mul
,58,58x332,14.0,705.0,55.2,35.721,0.0061376001685857,mul
,178,178x472,14.0,705.0,55.0,35.86000000000001,0.0072127998806536,mul
,211,211x432,14.0,705.0,55.0,35.73775999999999,0.0072063999250531,mul
,134,134x373,14.0,705.0,55.0,35.796199999999985,0.006649599969387,mul
,86,86x339,14.0,401.4,55.0,35.84764000000001,0.0076416000723838,mul
,163,163x321,6.0,375.0,55.0,35.80700000000001,0.0088959999382495,mul
,76,76x447,6.0,375.0,55.0,35.72828000000001,0.0082688000053167,mul
,235,235x420,6.0,375.0,55.0,35.707,0.0103103999048471,mul
,174,174x314,6.0,375.0,55.0,35.60199999999998,0.0087616002187132,mul
,229,229x439,6.0,375.0,55.0,35.73400000000001,0.0103936001658439,mul
,43,43x969,6.0,375.0,55.0,35.712999999999994,0.0086079999804496,mul
,76,76x950,6.0,375.0,55.0,35.77599999999998,0.0102335998788475,mul
,229,229x602,6.0,375.0,55.0,35.76599999999999,0.0122816003859043,mul
,72,72x601,6.0,375.0,55.0,35.79700000000002,0.008806400001049,mul
,4,4x932,6.16,375.0,55.0,35.788999999999994,0.0069055999629199,mul
,149,149x1015,10.0,375.0,55.0,35.84523999999998,0.012313600257039,mul
,79,79x781,10.0,375.0,55.0,35.77832,0.0098112000152468,mul
,15,15x635,10.0,375.0,55.0,35.81127999999998,0.0073087999597191,mul
,62,62x895,10.0,375.0,55.0,35.78184000000002,0.00883200019598,mul
,183,183x680,10.0,375.0,55.0,35.785599999999995,0.0116287998855113,mul
,40,40x1421,10.0,375.0,55.0,35.84080000000001,0.0092863999307155,mul
,50,50x1745,10.0,375.0,55.0,32.99043999999999,0.0123263999819755,mul
,84,84x1234,10.0,360.0,55.0,25.884999999999994,0.0129919998347759,mul
,60,60x1293,10.24,300.0,55.0,25.903439999999996,0.0199168000370264,mul
,89,89x1648,11.0,300.0,54.28,25.550119999999996,0.0246463999152183,mul
,108,108x1291,11.0,300.0,54.0,25.430200000000013,0.0245695993304252,mul
,101,101x1245,11.0,300.0,54.0,25.30700000000001,0.0233791999518871,mul
,6,6x1222,11.0,300.0,54.0,25.44600000000001,0.0136575996875762,mul
,143,143x1737,11.0,300.0,54.0,25.23816,0.0331583999097347,mul
,99,99x1602,11.0,300.0,54.0,23.298600000000008,0.0265855997800827,mul
,55,55x2789,17.24,300.0,53.32,22.89843999999999,0.0266431998461484,mul
,64,64x3957,24.0,300.0,53.0,22.827,0.066329601407051,mul
,253,253x2522,24.0,300.0,53.0,22.68856000000001,0.1904895991086959,mul
,220,220x2822,24.0,300.0,53.0,22.968199999999992,0.4693440020084381,mul
,225,225x2397,24.0,300.0,52.52,22.638159999999992,0.4000640034675598,mul
,102,102x3436,29.52,300.0,52.0,22.426160000000003,0.2791743993759155,mul
,205,205x3507,30.0,300.0,52.0,23.0566,0.5408192038536072,mul
,129,129x4053,30.0,300.0,52.0,22.47036,0.3929664075374603,mul
,14,14x2782,30.0,300.0,52.0,22.4918,0.0173375997692346,mul
,104,104x3251,32.4,300.0,52.0,22.2886,0.2772992014884948,mul
,453,453x231,34.0,300.0,52.0,22.40124000000001,0.0225983999669551,mul
,341,341x252,34.0,300.0,52.0,21.857399999999995,0.0207487996667623,mul
,500,500x81,34.0,300.0,52.0,22.04660000000001,0.0176767997443676,mul
,288,288x15,34.0,300.0,52.0,22.171280000000003,0.0144383998587727,mul
,476,476x177,28.0,300.0,52.0,22.227,0.0209407996386289,mul
,300,300x34,28.0,300.0,52.0,21.85552,0.0151040002703666,mul
,473,473x216,28.0,300.0,52.0,21.930840000000007,0.0225152000784873,mul
,307,307x251,28.0,300.0,52.0,22.010199999999998,0.0206207998096942,mul
,480,480x104,27.4,300.0,52.0,22.126199999999997,0.01841920055449,mul
,372,372x48,27.0,300.0,52.0,22.32252,0.0160960000008344,mul
,296,296x411,27.0,300.0,52.0,21.96144,0.0243648007512092,mul
,349,349x266,27.0,300.0,52.0,21.91168,0.0219391997903585,mul
,443,443x493,27.0,300.0,52.0,22.152280000000008,0.0773760005831718,mul
,361,361x468,27.0,300.0,52.0,22.148640000000004,0.0274432003498077,mul
,333,333x355,27.0,300.0,52.0,22.126199999999997,0.0233663998544216,mul
,360,360x338,27.0,300.0,52.0,22.12839999999999,0.0245184004306793,mul
,267,267x285,27.0,300.0,52.0,22.062280000000005,0.0205567996948957,mul
,328,328x377,27.08,300.0,52.0,22.21732,0.0245760004967451,mul
,417,417x425,28.0,300.0,52.0,22.052520000000005,0.0281664006412029,mul
,397,397x482,28.0,300.0,52.0,22.217240000000007,0.0314944006502628,mul
,500,500x765,28.0,300.0,52.0,22.67424,0.298387199640274,mul
,284,284x758,28.0,300.0,52.0,22.503960000000003,0.0565823994576931,mul
,261,261x915,28.96,300.0,52.0,22.41399999999999,0.1167999997735023,mul
,419,419x929,30.0,300.0,52.0,22.622679999999995,0.3018047988414764,mul
,308,308x677,30.0,300.0,52.0,22.582920000000005,0.0548351995646953,mul
,351,351x967,30.0,300.0,52.0,22.54348000000001,0.2771456003189086,mul
,337,337x768,29.96,300.0,52.0,22.474560000000007,0.1817791998386383,mul
,424,424x801,29.0,300.0,52.0,22.19028,0.2784063994884491,mul
,267,267x536,29.0,300.0,52.0,22.49252,0.025951999798417,mul
,476,476x779,29.0,300.0,52.0,22.49596000000001,0.2864511966705322,mul
,510,510x1267,29.0,300.0,51.04,22.34407999999999,0.4756224036216736,mul
,477,477x1448,30.0,300.0,51.0,22.65236000000001,0.5188544034957886,mul
,405,405x1561,30.0,300.0,52.0,22.615680000000008,0.479884797334671,mul
,325,325x1687,30.0,300.0,52.0,22.81372,0.4106176018714905,mul
,283,283x1706,30.0,300.0,52.0,22.45436,0.3634559988975525,mul
,459,459x1784,31.6,300.0,52.0,22.72388000000001,0.6067904114723206,mul
,324,324x1208,32.0,300.0,52.0,22.44484000000001,0.3009919941425323,mul
,512,512x1600,32.0,300.0,52.0,22.753319999999988,0.6003136038780212,mul
,418,418x2031,32.0,300.0,52.0,22.56436,0.6294592142105102,mul
,275,275x1988,32.76,300.0,52.0,22.72132,0.4062720000743866,mul
,439,439x4036,33.0,300.0,52.0,23.163200000000007,1.302623987197876,mul
,402,402x2788,33.0,300.0,52.0,23.490119999999997,0.8237183928489685,mul
,512,512x2435,33.0,300.0,52.0,22.982360000000003,0.9087679982185364,mul
,335,335x2167,38.0,300.0,52.0,23.1772,0.5426176071166993,mul
,488,488x3379,38.0,315.0,52.0,24.18608,1.1935040473937988,mul
,304,304x3682,38.0,375.0,52.0,23.13128,0.8045503854751587,mul
,455,455x3697,38.0,375.0,52.0,23.089160000000003,1.2109568119049072,mul
,440,440x2442,35.0,375.0,52.0,22.72148000000001,0.7927616000175476,mul
,303,303x3779,35.0,375.0,52.0,22.96944,0.8250176072120666,mul
,371,371x2684,35.0,375.0,52.0,22.81723999999999,0.7212607979774475,mul
,665,665x66,35.0,375.0,52.0,22.576360000000005,0.0110463999211788,mul
,948,948x212,30.68,375.0,52.0,22.132559999999994,0.0209279999136924,mul
,986,986x92,23.0,375.0,52.0,21.697759999999988,0.0130047999322414,mul
,973,973x136,23.0,375.0,52.0,21.8086,0.0148223998025059,mul
,531,531x3,23.0,375.0,52.0,22.1126,0.0102272000163793,mul
,823,823x185,23.0,375.0,52.0,22.21576000000001,0.0150655999779701,mul
,529,529x97,22.44,375.0,52.0,21.807799999999983,0.0121024001389741,mul
,821,821x238,16.0,375.0,52.0,21.716519999999992,0.0175935998558998,mul
,1009,1009x242,16.0,375.0,52.0,21.581839999999996,0.1425728023052215,mul
,521,521x53,16.0,375.0,51.12,21.856240000000003,0.0104191999882459,mul
,1012,1012x375,16.0,375.0,51.0,21.95720000000001,0.291263997554779,mul
,632,632x510,16.0,375.0,51.8,22.09172,0.2408192038536071,mul
,865,865x481,16.0,375.0,52.0,22.257400000000008,0.3116096019744873,mul
,881,881x498,16.0,375.0,52.0,22.54719999999999,0.2984063982963562,mul
,673,673x508,16.0,375.0,52.0,22.456,0.2503168016672134,mul
,880,880x390,16.0,375.0,52.0,22.252039999999987,0.2720448017120361,mul
,745,745x318,18.04,375.0,52.0,22.08796,0.1151936009526252,mul
,619,619x282,19.0,375.0,51.64,21.494279999999996,0.0159679995849728,mul
,633,633x362,19.0,375.0,51.0,21.841999999999988,0.0819007992744445,mul
,855,855x327,19.0,375.0,51.0,21.660759999999996,0.2093311995267868,mul
,806,806x688,19.0,375.0,51.0,22.428359999999994,0.4216256022453308,mul
,746,746x654,17.0,375.0,51.0,22.59023999999999,0.3633599996566772,mul
,523,523x584,17.0,375.0,51.0,22.307639999999992,0.2363775998353958,mul
,550,550x667,17.0,375.0,51.32,21.941680000000005,0.2840511918067932,mul
,799,799x663,17.0,375.0,52.0,22.49424000000001,0.4023039937019348,mul
,599,599x550,18.08,375.0,52.0,22.19464,0.2703936040401459,mul
,676,676x536,20.0,375.0,52.0,22.380080000000003,0.279449599981308,mul
,778,778x875,20.0,375.0,52.0,22.54536000000001,0.4981503963470459,mul
,754,754x752,20.0,375.0,52.0,22.62372,0.4209536015987396,mul
,710,710x882,20.0,375.0,52.0,22.4302,0.4605248034000396,mul
,948,948x1291,20.8,375.0,52.0,22.83216,0.9012863993644714,mul
,1023,1023x1892,21.0,375.0,52.0,23.75268,1.4389568090438842,mul
,645,645x1266,21.0,375.0,52.0,23.01092000000001,0.5962559938430786,mul
,625,625x1272,21.0,375.0,52.0,22.619919999999997,0.563487994670868,mul
,823,823x1627,29.8,390.6,52.0,24.13920000000001,0.9632768034934998,mul
,733,733x1399,32.0,405.0,52.0,23.809280000000008,0.7631487846374512,mul
,830,830x1951,32.0,405.0,52.0,23.17496000000001,1.1649407863616943,mul
,665,665x1691,32.0,405.0,52.0,22.87868,0.8307904005050659,mul
,797,797x1206,26.72,405.0,52.0,22.773400000000017,0.6927488088607788,mul
,1000,1000x1063,26.0,405.0,52.0,22.897719999999985,0.7937855958938599,mul
,841,841x3694,26.0,420.0,52.0,24.287840000000003,2.350432014465332,mul
,837,837x3613,27.92,480.0,52.0,24.33776,2.2858431816101072,mul
,774,774x2416,34.0,480.0,52.0,23.341919999999995,1.3646080017089843,mul
,572,572x3269,34.0,480.0,52.0,23.736240000000013,1.3512128114700317,mul
,636,636x2261,34.0,480.0,52.0,22.974720000000005,1.0377792119979858,mul
,838,838x3952,32.48,595.2,52.0,24.643120000000007,0.9376511931419372,mul
,616,616x3057,32.0,720.0,52.0,23.7698,0.5315263986587524,mul
,685,685x3053,32.0,720.0,52.0,23.02468,0.5903743863105774,mul
,574,574x4024,32.0,720.0,52.0,23.05936,0.649510407447815,mul
,584,584x3280,32.0,720.0,52.0,23.048920000000003,0.5389312028884887,mul
,1726,1726x134,19.0,720.0,52.0,22.5458,0.0346944004297256,mul
,1057,1057x69,19.0,720.0,52.0,22.2824,0.0084480000659823,mul
,1191,1191x40,19.0,720.0,52.0,22.4104,0.0081727998331189,mul
,1042,1042x64,19.0,720.0,52.0,22.3148,0.0082175999879837,mul
,1757,1757x99,19.0,720.0,52.0,22.42204,0.0110975999385118,mul
,2034,2034x108,17.08,388.8,52.0,22.276119999999995,0.0486528005450963,mul
,1421,1421x90,11.0,375.0,52.0,21.78916000000001,0.0143232000991702,mul
,1072,1072x130,11.0,375.0,52.0,21.69084,0.0144063999876379,mul
,1274,1274x239,11.0,375.0,52.0,22.264600000000005,0.2401984006166458,mul
,1672,1672x3,11.0,375.0,51.0,21.967720000000007,0.0102399997413158,mul
,1536,1536x357,12.2,375.0,51.0,22.45024000000001,0.408812803030014,mul
,1074,1074x428,17.0,375.0,51.84,22.553519999999995,0.3408064007759094,mul
,1509,1509x294,17.0,375.0,52.0,22.19824,0.3291263937950134,mul
,1666,1666x290,17.0,375.0,52.0,22.24212000000001,0.3555584013462066,mul
,1139,1139x283,17.0,375.0,52.0,21.976280000000006,0.2570560038089752,mul
,1811,1811x494,18.6,375.0,52.0,22.81592000000001,0.6595392107963562,mul
,1235,1235x263,21.0,375.0,52.0,22.630240000000004,0.2642751991748809,mul
,1405,1405x381,21.0,375.0,52.0,22.498359999999995,0.395603197813034,mul
,1323,1323x332,21.0,375.0,52.0,22.418959999999988,0.3291007995605469,mul
,1511,1511x284,21.0,375.0,52.0,22.377360000000007,0.3173503935337066,mul
,1999,1999x991,21.0,375.0,52.0,23.893280000000004,1.4531840085983276,mul
,1111,1111x1020,21.0,375.0,52.0,22.576759999999997,0.8190464019775391,mul
,1703,1703x897,21.0,375.0,52.0,23.33816,1.1028736114501954,mul
,1086,1086x630,21.0,375.0,52.0,23.11700000000001,0.5020352005958557,mul
,1430,1430x803,26.32,375.0,52.0,22.862680000000005,0.8299839973449707,mul
,1069,1069x693,28.0,375.0,52.0,22.504319999999996,0.5512959957122803,mul
,1649,1649x980,28.0,375.0,52.0,23.4694,1.176908826828003,mul
,1292,1292x707,28.0,375.0,52.0,22.93540000000001,0.6721791982650757,mul
,1627,1627x665,26.56,375.0,52.0,22.97908,0.7761343955993653,mul
,1988,1988x579,26.0,375.0,52.0,22.67008000000001,0.8371007919311524,mul
,2014,2014x2038,26.0,404.4,52.0,24.578760000000003,3.073286437988281,mul
,1505,1505x1835,28.88,480.0,52.0,24.2728,2.068191957473755,mul
,1300,1300x1197,34.0,480.0,52.0,23.5686,1.16254723072052,mul
,1948,1948x1982,34.0,480.0,52.0,23.96840000000001,2.886067199707031,mul
,1392,1392x1929,34.0,506.4,52.0,24.393120000000003,2.0001471996307374,mul
,1491,1491x1226,34.0,540.0,52.0,23.802319999999995,1.322924780845642,mul
,1537,1537x1644,34.0,540.0,52.0,23.242040000000003,1.8822207927703856,mul
,1852,1852x1855,34.0,540.0,52.0,24.52656,2.6369792461395263,mul
,1503,1503x1984,34.0,540.0,52.0,24.403400000000005,2.280992031097412,mul
,1923,1923x1946,34.0,606.0,52.0,24.47804,1.0591295957565308,mul
,1720,1720x2972,34.0,705.0,52.0,24.491479999999992,1.438143968582153,mul
,1339,1339x3401,34.0,705.0,52.0,24.82712,1.2846336126327516,mul
,1247,1247x3395,33.0,705.0,52.0,24.48492,1.193664002418518,mul
,1079,1079x2813,33.0,705.0,52.0,24.01092000000001,0.8521600008010864,mul
,1956,1956x2284,33.0,705.0,52.0,23.78003999999999,1.2562368154525756,mul
,1289,1289x3762,33.0,705.0,52.0,24.38104,1.3714240074157715,mul
,1997,1997x2699,25.64,705.0,52.0,24.09748,1.5225728273391723,mul
,1156,1156x3684,25.0,612.0,52.0,24.77432,1.2069696187973022,mul
,1959,1959x3469,25.0,630.0,52.0,25.053640000000016,1.908627200126648,mul
,1812,1812x2800,25.0,630.0,52.0,24.56920000000001,1.425388789176941,mul
,2938,2938x253,33.0,630.0,52.0,23.186279999999996,0.2038527965545654,mul
,2724,2724x130,33.0,630.0,52.0,22.57248,0.1007359996438026,mul
,3684,3684x100,33.0,630.0,52.0,22.25788000000001,0.1105088010430336,mul
,4034,4034x237,33.0,630.0,52.0,22.979879999999994,0.2729919970035553,mul
,2747,2747x10,33.0,630.0,52.0,22.24744000000001,0.008313599973917,mul
,3168,3168x79,16.2,630.0,52.0,22.321440000000003,0.0635327987372875,mul
,2470,2470x200,12.0,579.0,52.0,22.45888000000001,0.1433791995048522,mul
,3583,3583x123,12.0,375.0,52.0,22.22188000000001,0.3270911931991577,mul
,2307,2307x113,12.0,375.0,52.0,22.05471999999999,0.1857535988092422,mul
,2825,2825x107,12.0,375.0,52.0,22.357400000000016,0.2206784039735794,mul
,2760,2760x264,16.0,375.0,52.0,22.594120000000007,0.5495743989944458,mul
,3189,3189x445,16.0,393.0,52.0,24.021960000000004,1.0187839984893798,mul
,3080,3080x305,16.0,450.0,52.0,22.999079999999985,0.6831423878669739,mul
,3421,3421x266,16.0,450.0,52.0,22.792599999999997,0.6707647800445556,mul
,3017,3017x476,28.0,450.0,52.0,23.05728,1.029747200012207,mul
,2670,2670x449,28.0,450.0,52.0,22.97536,0.8974400043487549,mul
,2211,2211x469,28.0,450.0,52.0,23.151,0.7478464007377624,mul
,3066,3066x370,28.0,450.0,52.0,23.4552,0.8165824055671692,mul
,2837,2837x283,24.0,450.0,52.0,22.615600000000004,0.599724805355072,mul
,3794,3794x496,24.0,377.4,52.0,23.81236000000001,1.3681663990020752,mul
,3217,3217x972,24.0,405.0,52.0,24.250360000000004,2.3875648021698,mul
,3977,3977x964,33.6,522.0,52.0,24.78395999999999,2.894995212554932,mul
,3278,3278x669,36.0,628.8,52.0,24.398039999999988,0.619155204296112,mul
,4018,4018x586,36.0,645.0,52.0,23.24628,0.6649088025093078,mul
,3581,3581x1016,35.4,645.0,52.0,23.983960000000007,1.022060799598694,mul
,3723,3723x552,31.0,645.0,52.0,23.592920000000003,0.5800127863883973,mul
,3557,3557x572,31.0,645.0,52.0,23.1992,0.5719168066978455,mul
,2654,2654x780,31.0,645.0,52.0,22.91648,0.5823423981666564,mul
,3623,3623x920,31.0,645.0,52.0,23.4392,0.9384255766868592,mul
,3616,3616x828,26.6,645.0,52.0,23.61372,0.8426495909690856,mul
,3310,3310x1038,20.0,616.2,52.0,23.876720000000013,0.9683072090148924,mul
,3814,3814x1374,20.0,484.2,52.0,25.03868,4.123404884338379,mul
,3894,3894x1460,24.48,717.0,52.0,24.867919999999984,1.6093631982803345,mul
,2496,2496x1365,36.0,735.0,52.0,24.208040000000004,0.9593152165412904,mul
,2170,2170x1505,36.0,735.0,52.0,23.98408,0.920025599002838,mul
,2445,2445x1457,36.0,735.0,52.0,24.09524,1.0011520028114318,mul
,3567,3567x1727,36.0,735.0,52.0,24.50927999999999,1.7382848024368287,mul
,2459,2459x1031,26.32,735.0,52.0,23.74440000000001,0.7132288098335267,mul
,3900,3900x1998,25.0,735.0,52.0,25.02504,2.209100770950317,mul
,3868,3868x1503,25.0,735.0,52.0,25.04972,1.640230393409729,mul
,3252,3252x2848,25.0,655.2,52.0,25.605360000000005,2.608358383178711,mul
,3876,3876x2522,33.0,735.0,52.36,25.38127999999999,2.7678271770477294,mul
,2168,2168x2705,33.0,735.0,53.0,24.37628,1.6615103960037232,mul
,4064,4064x2419,33.0,735.0,53.0,25.68876,2.7863808155059813,mul
,2964,2964x3110,33.56,735.0,53.0,25.51260000000001,2.6041215896606444,mul
,3555,3555x2570,35.0,735.0,53.0,25.15588000000001,2.5827967643737795,mul
,3358,3358x3544,35.0,735.0,53.0,25.85691999999999,3.367807960510254,mul
,3264,3264x2945,35.0,765.0,53.0,26.03488000000001,2.7178751468658446,mul
,2554,2554x3169,36.0,765.0,53.0,25.67852000000001,2.289651250839233,mul
,2911,2911x2970,36.0,768.6,53.0,25.575280000000003,2.446604776382446,mul
,6861,6861x217,36.0,855.0,53.0,29.774999999999988,0.065260799229145,mul
,7322,7322x50,36.0,855.0,53.0,36.47799999999998,0.0147712001577019,mul
,8049,8049x150,36.0,855.0,53.28,36.03999999999999,0.0524928003549575,mul
,7181,7181x219,36.0,855.0,54.0,36.53300000000001,0.0680383995175361,mul
,6869,6869x223,31.32,855.0,54.0,36.63192000000001,0.0667711988091468,mul
,6576,6576x89,23.0,855.0,54.0,36.4246,0.0278271999210119,mul
,5080,5080x60,23.0,855.0,54.0,36.16623999999999,0.0102335998788475,mul
,5580,5580x197,23.0,855.0,54.0,36.1492,0.0493951998651027,mul
,7417,7417x11,23.0,855.0,54.0,36.16828,0.0065920000895857,mul
,4140,4140x229,23.0,855.0,54.0,36.11559999999999,0.0419520005583763,mul
,4383,4383x300,23.0,855.0,54.0,36.27243999999998,0.0575936004519462,mul
,4475,4475x407,23.0,855.0,55.0,36.31799999999999,0.078252799808979,mul
,6039,6039x275,23.0,855.0,55.0,36.33424,0.0716544017195701,mul
,5149,5149x473,23.0,855.0,55.0,36.36300000000002,0.1029440000653267,mul
,6179,6179x474,7.0,855.0,55.0,36.51599999999999,0.1217855989933014,mul
,5354,5354x418,7.0,855.0,55.0,36.90300000000001,0.094777600467205,mul
,7429,7429x290,7.0,490.2,55.0,34.77500000000002,0.0923968017101287,mul
,4177,4177x307,7.0,375.0,55.0,27.24836,0.3696127951145172,mul
,4879,4879x435,7.0,375.0,54.4,26.593400000000017,0.6057983994483948,mul
,6924,6924x463,7.0,375.0,54.0,26.92652,0.911238408088684,mul
,6287,6287x567,7.0,375.0,54.0,27.34223999999999,1.013088011741638,mul
,6446,6446x795,20.0,375.0,54.0,27.45112000000001,1.449343991279602,mul
,4748,4748x591,20.0,375.0,54.0,24.131760000000003,0.7941823959350586,mul
,7570,7570x652,20.0,375.0,53.16,24.2324,1.3901631832122805,mul
,6923,6923x763,20.0,375.0,53.0,24.48608,1.489740777015686,mul
,6991,6991x565,29.36,375.0,53.0,24.66436,1.1148607969284057,mul
,5062,5062x810,33.0,375.0,53.0,24.472800000000003,1.15589759349823,mul
,6594,6594x549,33.0,375.0,53.0,24.254679999999997,1.0224512100219727,mul
,6996,6996x622,33.0,375.0,53.0,24.4466,1.228224015235901,mul
,8127,8127x715,33.0,433.8,53.0,24.79364,4.560876750946045,mul
,5949,5949x1988,33.0,717.6,53.0,26.09188,3.350892782211304,mul
,7689,7689x1924,33.0,804.0,53.0,28.306840000000008,0.5966400027275085,mul
,5649,5649x1608,41.0,825.0,53.0,37.45135999999998,0.3682111978530883,mul
,8023,8023x1569,41.0,825.0,54.0,38.36711999999999,0.507481598854065,mul
,5173,5173x1249,41.0,825.0,54.0,38.53947999999998,0.2632960081100464,mul
,4523,4523x1725,41.0,825.0,54.0,37.61692000000001,0.3168063998222351,mul
,7610,7610x1532,41.0,825.0,54.32,38.36599999999999,0.470387202501297,mul
,5722,5722x1995,41.0,825.0,55.0,39.04399999999999,0.4612544059753418,mul
,4411,4411x1585,41.0,825.0,55.0,39.57539999999999,0.2840960025787353,mul
,7433,7433x1652,41.0,825.0,55.0,38.31691999999998,0.4954111993312836,mul
,6589,6589x2499,18.0,825.0,55.0,38.543,0.661792004108429,mul
,5585,5585x2216,18.0,825.0,55.0,39.90600000000002,0.4987839996814728,mul
,7626,7626x2806,18.0,825.0,55.0,38.77584000000002,0.8596351981163025,mul
,5164,5164x3405,18.0,825.0,55.0,40.77359999999999,0.7076223969459534,mul
,4968,4968x2583,18.0,825.0,55.0,39.52452000000002,0.5169536113739014,mul
,6566,6566x3991,18.0,645.0,55.0,39.86368000000001,1.0505856037139891,mul
,7095,7095x3885,18.0,630.0,55.0,39.85760000000002,1.1054784059524536,mul
,5153,5153x3235,28.0,630.0,55.0,41.788920000000005,0.6701056003570557,mul
,7243,7243x3647,28.0,622.2,55.0,38.88248,1.059231972694397,mul
,7827,7827x3109,28.0,613.8,56.0,41.05399999999999,0.9755135893821716,mul
,12095,12095x150,28.0,600.0,56.0,39.572,0.0792384028434753,mul
,10096,10096x1,28.0,567.6,56.0,36.36700000000002,0.0062783999368548,mul
,13511,13511x30,28.0,555.0,55.76,35.84100000000001,0.0195840001106262,mul
,14451,14451x132,28.0,525.0,55.0,36.1414,0.0826432004570961,mul
,15501,15501x119,21.2,525.0,55.0,36.439800000000005,0.0800575986504554,mul
,11224,11224x91,18.0,480.0,55.0,36.3768,0.0479616001248359,mul
,14651,14651x97,18.0,480.0,55.0,36.308880000000016,0.0634751990437507,mul
,10442,10442x7,18.0,450.0,55.0,36.21099999999998,0.0093312000855803,mul
,12261,12261x43,18.0,450.0,55.0,35.919240000000016,0.0255872000008821,mul
,10474,10474x246,18.0,420.0,55.0,36.19019999999998,0.1097791999578476,mul
,12575,12575x320,18.0,415.8,55.0,36.74800000000002,0.1676351994276047,mul
,11868,11868x269,18.0,405.0,55.0,36.96799999999999,0.1346175998449325,mul
,10034,10034x508,18.0,379.8,55.0,36.88300000000001,0.2101951986551284,mul
,10132,10132x441,13.68,375.0,55.0,37.10332000000001,0.1850239962339401,mul
,10654,10654x411,12.0,375.0,55.0,36.93099999999999,0.1820031970739364,mul
,8228,8228x333,12.0,375.0,55.0,36.77599999999998,0.1167936012148857,mul
,15196,15196x399,12.0,375.0,55.0,36.85504000000002,0.2485440015792846,mul
,16290,16290x474,12.0,375.0,55.0,37.536,0.3149375915527344,mul
,16263,16263x374,12.0,375.0,55.0,37.66056000000001,0.2494335979223251,mul
,11523,11523x265,12.0,375.0,55.0,37.21900000000002,0.1290111988782882,mul
,13021,13021x984,12.0,375.0,55.0,37.64903999999999,0.5171263933181762,mul
,10537,10537x899,17.0,375.0,55.0,38.45972000000002,0.3839424014091491,mul
,8687,8687x663,17.0,375.0,55.0,38.115,0.2371072024106979,mul
,11181,11181x994,17.0,375.0,55.0,38.04739999999999,0.4499584019184112,mul
,10015,10015x672,17.0,375.0,55.0,37.96563999999998,0.2758783996105194,mul
,12420,12420x826,17.0,375.0,55.0,37.55399999999998,0.4153791964054107,mul
,14753,14753x570,17.0,375.0,55.0,38.86404,0.3417151987552643,mul
,14426,14426x681,17.0,375.0,55.0,38.21375999999998,0.3981248021125793,mul
,14135,14135x856,17.0,375.0,55.0,37.937000000000005,0.4889599978923797,mul
,13257,13257x705,22.0,375.0,55.0,38.56240000000002,0.3792064011096954,mul
,8980,8980x1669,22.0,375.0,55.0,38.34,0.603603196144104,mul
,14593,14593x1753,22.0,375.0,55.0,40.08564,1.024793601036072,mul
,16007,16007x1101,22.0,375.0,56.0,39.33704000000002,0.7082879900932312,mul
,10500,10500x1354,22.0,375.0,56.0,39.71319999999999,0.5731584072113037,mul
,14543,14543x1514,22.0,375.0,56.0,38.69500000000002,0.882419204711914,mul
,9621,9621x2046,25.92,375.0,56.0,41.33135999999999,0.7903424024581909,mul
,14145,14145x1748,29.0,375.0,56.0,39.22976000000001,0.990009605884552,mul
,10494,10494x1278,29.0,375.0,56.0,40.29136,0.5404352068901062,mul
,14201,14201x1667,29.0,375.0,56.0,38.990400000000015,0.9484351992607116,mul
,8323,8323x1341,29.0,375.0,56.0,40.41944,0.451308798789978,mul
,15766,15766x2431,29.0,375.0,56.0,40.62591999999997,1.5303359985351563,mul
,14696,14696x3823,33.48,456.6,56.0,43.336920000000006,2.243007946014404,mul
,15995,15995x2517,36.0,615.0,56.0,43.17624,1.6100864171981812,mul
,8706,8706x3606,36.0,615.0,56.0,42.41632,1.2557376146316528,mul
,15122,15122x3154,36.0,615.0,56.0,41.53676,1.9064704179763796,mul
,13080,13080x3898,36.0,738.0,56.0,43.13867999999999,2.037599992752076,mul
,13057,13057x2722,38.88,870.0,56.0,42.3038,1.4224128246307373,mul
,14568,14568x2089,40.0,870.0,56.0,42.00487999999999,1.2186559915542603,mul
,10609,10609x4094,40.0,870.0,56.0,41.47583999999998,1.7366911888122558,mul
,9789,9789x2198,40.0,975.0,56.0,41.08172,0.863808012008667,mul
,127,127x168,40.0,975.0,56.0,41.17999999999998,0.0067584001459181,pow
,18,18x218,40.0,975.0,56.0,35.99800000000002,0.0061696000397205,pow
,209,209x112,40.0,975.0,56.0,35.87599999999998,0.0065279999747872,pow
,83,83x236,33.88,975.0,56.0,35.94548000000002,0.0065664000809192,pow
,1,1x37,23.0,975.0,56.0,35.957,0.0053503999486565,pow
,172,172x29,23.0,975.0,56.0,35.89200000000001,0.0061696001328527,pow
,188,188x90,23.0,975.0,56.0,35.96399999999998,0.0065279999747872,pow
,116,116x165,23.0,975.0,56.0,35.84500000000002,0.0066944000311195,pow
,232,232x249,23.0,975.0,56.0,35.808999999999976,0.0083583999425172,pow
,235,235x45,23.0,975.0,56.0,35.90876000000002,0.0063295999541878,pow
,58,58x332,23.0,975.0,56.0,35.87028000000001,0.00670079998672,pow
,178,178x472,23.0,975.0,56.0,35.84584,0.0087360002100467,pow
,211,211x432,23.0,975.0,56.0,35.88408,0.0090943999588489,pow
,134,134x373,10.04,975.0,56.0,35.9478,0.0081472000107169,pow
,86,86x339,5.0,975.0,56.0,35.988360000000014,0.0069887999445199,pow
,163,163x321,5.0,975.0,56.0,36.067160000000015,0.0081472000107169,pow
,76,76x447,5.0,375.0,56.0,36.008599999999994,0.012364799901843,pow
,235,235x420,5.0,375.0,56.0,35.82668000000002,0.018912000209093,pow
,174,174x314,5.0,375.0,55.32,35.87099999999999,0.0148415999487042,pow
,229,229x439,5.0,375.0,55.0,35.851,0.0189247999340295,pow
,43,43x969,5.0,375.0,55.0,35.94500000000002,0.0139136001467704,pow
,76,76x950,5.0,375.0,55.0,35.798,0.0168703999370336,pow
,229,229x602,6.2,375.0,55.0,35.81299999999998,0.0225408002734184,pow
,72,72x601,8.0,375.0,55.0,35.885,0.0140992002561688,pow
,4,4x932,8.0,375.0,55.0,35.85328,0.0103487998247146,pow
,149,149x1015,8.0,375.0,55.0,35.82312,0.0240895997732877,pow
,79,79x781,8.0,375.0,55.0,35.87,0.0155456000939011,pow
,15,15x635,8.0,375.0,55.0,35.90180000000001,0.0104512000456452,pow
,62,62x895,8.0,375.0,55.0,35.8934,0.0147391999140381,pow
,183,183x680,8.0,375.0,55.0,32.30180000000001,0.0234047997742891,pow
,40,40x1421,8.0,375.0,55.0,26.612479999999984,0.0170623999089002,pow
,50,50x1745,8.0,375.0,55.0,26.038000000000007,0.0198912002146244,pow
,84,84x1234,11.0,375.0,55.0,26.019,0.021094399690628,pow
,60,60x1293,11.0,375.0,55.0,25.92200000000001,0.0189311999827623,pow
,89,89x1648,11.0,375.0,54.8,25.776,0.025280000641942,pow
,108,108x1291,11.0,375.0,54.0,25.689719999999998,0.0245568007230758,pow
,101,101x1245,11.0,375.0,54.0,25.623400000000007,0.0233920000493526,pow
,6,6x1222,11.0,375.0,54.0,25.57924000000001,0.012729600071907,pow
,143,143x1737,11.0,375.0,53.56,24.244679999999995,0.0594559997320175,pow
,99,99x1602,11.0,375.0,53.0,23.122439999999997,0.0283967997878789,pow
,55,55x2789,12.0,375.0,53.0,23.09688,0.028006399795413,pow
,64,64x3957,12.0,375.0,53.0,22.26928,0.0622911989688873,pow
,253,253x2522,12.0,375.0,53.0,22.74068,0.1926591992378235,pow
,220,220x2822,12.0,375.0,53.0,22.5382,0.4683647990226746,pow
,225,225x2397,12.0,375.0,53.0,22.475759999999998,0.4036415994167328,pow
,102,102x3436,18.0,375.0,52.08,22.2068,0.2758527934551239,pow
,205,205x3507,18.0,375.0,52.0,23.062919999999995,0.5457087874412536,pow
,129,129x4053,18.0,375.0,52.0,22.7382,0.391539204120636,pow
,14,14x2782,18.0,375.0,52.0,22.12608,0.0170623999089002,pow
,104,104x3251,19.6,375.0,52.0,22.04751999999999,0.2753791987895965,pow
,453,453x231,22.0,375.0,52.0,22.04779999999999,0.0226112000644207,pow
,341,341x252,22.0,375.0,52.0,21.915719999999997,0.0204863995313644,pow
,500,500x81,22.0,375.0,52.0,21.759,0.0165759999305009,pow
,288,288x15,22.0,375.0,52.0,21.929999999999996,0.0143424002453684,pow
,476,476x177,20.6,375.0,52.0,21.844039999999996,0.0205311998724937,pow
,300,300x34,15.0,375.0,52.0,21.59507999999999,0.0151488000527024,pow
,473,473x216,15.0,375.0,52.0,21.676799999999997,0.0225920002907514,pow
,307,307x251,15.0,375.0,52.0,21.755199999999995,0.0205055996775627,pow
,480,480x104,15.0,375.0,52.0,21.999919999999992,0.0167552001774311,pow
,372,372x48,15.0,375.0,52.0,22.20324,0.016211199760437,pow
,296,296x411,16.0,375.0,52.0,21.71504,0.0246464006602764,pow
,349,349x266,16.0,375.0,52.0,21.779000000000007,0.0225984007120132,pow
,443,443x493,16.0,375.0,52.0,21.89503999999999,0.0448895998299121,pow
,361,361x468,16.0,375.0,52.0,22.04704,0.0288832001388072,pow
,333,333x355,16.0,375.0,52.0,22.011520000000004,0.0244224000722169,pow
,360,360x338,16.0,375.0,52.0,21.9434,0.0245440006256103,pow
,267,267x285,16.0,375.0,52.0,21.80971999999999,0.0205183994024992,pow
,328,328x377,16.0,375.0,52.0,21.62972,0.0248960003256797,pow
,417,417x425,16.0,375.0,52.0,21.799160000000008,0.0291200000792741,pow
,397,397x482,16.0,375.0,52.0,22.13364000000001,0.0306879997253417,pow
,500,500x765,16.0,375.0,52.0,22.18872000000001,0.2974911987781524,pow
,284,284x758,16.0,375.0,52.0,22.09568,0.0529727987945079,pow
,261,261x915,16.0,375.0,52.0,22.030079999999987,0.1021696001291275,pow
,419,419x929,16.0,375.0,52.0,22.174440000000008,0.3028480052947998,pow
,308,308x677,16.0,375.0,51.16,21.79616,0.0517887994647026,pow
,351,351x967,17.0,375.0,51.0,21.805399999999985,0.275603199005127,pow
,337,337x768,17.0,375.0,51.0,22.315600000000007,0.184876799583435,pow
,424,424x801,17.0,375.0,51.0,22.506840000000008,0.2748928010463715,pow
,267,267x536,17.0,375.0,51.0,22.249480000000013,0.0266879998147487,pow
,476,476x779,17.08,375.0,51.0,22.23,0.2857151985168457,pow
,510,510x1267,18.0,375.0,51.0,22.176719999999992,0.4816064000129699,pow
,477,477x1448,18.0,375.0,51.0,22.88223999999999,0.5254271984100342,pow
,405,405x1561,18.0,375.0,51.0,22.825519999999987,0.4758592009544372,pow
,325,325x1687,18.0,375.0,51.0,22.026160000000004,0.4193408012390137,pow
,283,283x1706,18.72,375.0,51.0,22.123680000000004,0.3627327978610992,pow
,459,459x1784,21.0,375.0,51.0,22.36112,0.58717440366745,pow
,324,324x1208,21.0,375.0,51.12,22.3042,0.2980415999889373,pow
,512,512x1600,21.0,375.0,52.0,22.66144,0.6081792116165161,pow
,418,418x2031,21.0,375.0,52.0,23.38316,0.60174720287323,pow
,275,275x1988,23.0,375.0,52.0,22.696799999999985,0.4177024006843567,pow
,439,439x4036,23.0,375.0,52.0,23.07448000000001,1.2995136022567748,pow
,402,402x2788,23.0,375.0,52.0,23.543240000000004,0.8343231916427613,pow
,512,512x2435,23.0,375.0,52.0,22.71028,0.8917823910713196,pow
,335,335x2167,26.0,375.0,52.0,22.488240000000005,0.5352895975112915,pow
,488,488x3379,26.0,375.0,52.0,23.22396,1.200819182395935,pow
,304,304x3682,26.0,375.0,52.0,22.987479999999994,0.8137279868125915,pow
,455,455x3697,26.0,375.0,52.0,23.83624,1.221235203742981,pow
,440,440x2442,27.92,375.0,52.0,22.872160000000004,0.799014401435852,pow
,303,303x3779,28.0,375.0,52.0,23.045400000000008,0.8378176093101501,pow
,371,371x2684,28.0,375.0,52.0,23.0992,0.731391990184784,pow
,665,665x66,28.0,375.0,52.0,22.461599999999997,0.0169663999229669,pow
,948,948x212,28.0,375.0,52.0,22.03536,0.0330239996314048,pow
,986,986x92,22.0,375.0,52.0,22.017479999999995,0.0218751996755599,pow
,973,973x136,22.0,375.0,52.0,21.90244,0.0258943997323513,pow
,531,531x3,22.0,375.0,52.0,21.844479999999997,0.0144704001024365,pow
,823,823x185,22.0,375.0,52.0,21.92672,0.0279679995030164,pow
,529,529x97,22.0,375.0,52.0,22.161760000000008,0.0169280000030994,pow
,821,821x238,16.24,375.0,52.0,21.97624,0.0319359999150037,pow
,1009,1009x242,16.0,375.0,52.0,21.982879999999994,0.1269184023141861,pow
,521,521x53,16.0,375.0,52.0,21.517760000000003,0.0163711998611688,pow
,1012,1012x375,16.0,375.0,52.0,21.96376,0.2955968022346497,pow
,632,632x510,16.0,375.0,51.0,22.10960000000001,0.2610752046108245,pow
,865,865x481,17.0,375.0,51.0,22.39296,0.3180544018745422,pow
,881,881x498,17.0,375.0,51.0,21.97972000000001,0.3299455940723419,pow
,673,673x508,17.0,375.0,51.0,21.915719999999997,0.2741183996200561,pow
,880,880x390,17.0,375.0,51.0,22.06148,0.2748287975788116,pow
,745,745x318,17.84,375.0,51.0,21.898119999999995,0.1069184005260467,pow
,619,619x282,20.0,375.0,51.0,22.000120000000003,0.0296767998486757,pow
,633,633x362,20.0,375.0,51.0,21.944199999999995,0.0820863991975784,pow
,855,855x327,20.0,375.0,51.8,22.068680000000004,0.219948798418045,pow
,806,806x688,20.0,375.0,52.0,22.31068,0.430239999294281,pow
,746,746x654,17.24,375.0,52.0,21.91844,0.3684544026851654,pow
,523,523x584,17.0,375.0,52.0,22.407119999999995,0.240633600950241,pow
,550,550x667,17.0,375.0,52.0,22.513199999999998,0.2831104040145874,pow
,799,799x663,17.0,375.0,52.0,22.533159999999988,0.4058175981044769,pow
,599,599x550,17.0,375.0,52.0,22.078520000000005,0.2698368072509766,pow
,676,676x536,20.0,375.0,52.0,22.21864,0.2848576068878173,pow
,778,778x875,20.0,375.0,52.0,22.5322,0.5008575975894928,pow
,754,754x752,20.0,375.0,52.0,22.41132,0.423091197013855,pow
,710,710x882,20.0,375.0,52.0,22.195680000000003,0.4666239976882934,pow
,948,948x1291,20.88,375.0,52.0,22.72888,0.9104256153106688,pow
,1023,1023x1892,22.0,375.0,52.0,24.09592,1.437996792793274,pow
,645,645x1266,22.0,375.0,52.0,22.88316,0.6031680107116699,pow
,625,625x1272,22.0,375.0,52.0,22.760240000000003,0.5720447897911072,pow
,823,823x1627,24.8,375.0,52.0,23.22248,0.973196804523468,pow
,733,733x1399,29.0,375.0,52.0,22.783639999999995,0.7742719888687134,pow
,830,830x1951,29.0,375.0,52.0,23.635199999999998,1.191001582145691,pow
,665,665x1691,29.0,375.0,52.0,22.87908,0.8294912099838256,pow
,797,797x1206,29.0,375.0,52.0,23.238760000000003,0.7037376046180726,pow
,1000,1000x1063,29.0,375.0,52.0,23.166560000000004,0.8018623948097229,pow
,841,841x3694,29.0,376.2,52.0,24.022479999999987,2.317600011825561,pow
,837,837x3613,29.32,390.0,52.0,24.315200000000004,2.2163392066955567,pow
,774,774x2416,33.0,418.8,52.0,24.127599999999997,1.3611200094223022,pow
,572,572x3269,33.0,480.0,52.0,23.562,1.365004801750183,pow
,636,636x2261,33.0,480.0,52.0,23.335399999999986,1.0481280088424685,pow
,838,838x3952,33.0,516.0,52.0,24.86124000000001,2.5608319282531737,pow
,616,616x3057,33.0,540.0,52.0,23.478039999999996,1.382694387435913,pow
,685,685x3053,33.0,540.0,52.0,23.87592,1.5333760261535645,pow
,574,574x4024,33.0,540.0,52.0,23.703360000000004,1.6907840013504027,pow
,584,584x3280,33.0,540.0,52.0,23.71752,1.4054143905639649,pow
,1726,1726x134,33.0,540.0,52.0,22.299199999999995,0.0905343994498252,pow
,1057,1057x69,33.0,540.0,52.0,21.66416000000001,0.0164032001048326,pow
,1191,1191x40,30.12,435.0,52.0,22.029039999999995,0.0151743998751044,pow
,1042,1042x64,21.0,420.0,52.0,22.09484,0.0173119999468326,pow
,1757,1757x99,21.0,390.0,52.0,22.384920000000008,0.0293503995984792,pow
,2034,2034x108,21.0,375.0,52.0,22.226560000000003,0.0805503979325294,pow
,1421,1421x90,21.0,375.0,52.0,22.14216,0.0255423996597528,pow
,1072,1072x130,20.76,375.0,52.0,22.12372,0.0260928001254797,pow
,1274,1274x239,15.0,375.0,52.0,21.964440000000003,0.242054396867752,pow
,1672,1672x3,15.0,375.0,52.0,22.02116000000001,0.0146816000342369,pow
,1536,1536x357,15.0,375.0,52.0,22.031320000000004,0.4175359964370727,pow
,1074,1074x428,15.0,375.0,52.0,22.256839999999997,0.3503488004207611,pow
,1509,1509x294,16.6,375.0,52.0,22.384120000000006,0.335999995470047,pow
,1666,1666x290,19.0,375.0,52.0,22.034519999999997,0.3606719970703125,pow
,1139,1139x283,19.0,375.0,52.0,22.010159999999992,0.2603136003017425,pow
,1811,1811x494,19.0,375.0,52.0,22.416960000000007,0.6626879930496216,pow
,1235,1235x263,19.0,375.0,52.0,22.1268,0.2658751964569091,pow
,1405,1405x381,18.12,375.0,52.0,22.43492,0.4052991986274719,pow
,1323,1323x332,18.0,375.0,52.0,22.33300000000001,0.3352256000041961,pow
,1511,1511x284,18.0,375.0,52.0,22.15772000000001,0.3207039952278137,pow
,1999,1999x991,18.0,375.0,52.0,24.400279999999995,1.4512768268585206,pow
,1111,1111x1020,24.12,375.0,52.0,22.919680000000003,0.8324416041374206,pow
,1703,1703x897,27.0,375.0,52.0,23.01223999999999,1.113004779815674,pow
,1086,1086x630,27.0,375.0,52.0,22.360199999999992,0.4936192035675049,pow
,1430,1430x803,27.0,375.0,52.0,22.612640000000013,0.841260802745819,pow
,1069,1069x693,25.72,375.0,52.0,22.41764,0.5585088014602662,pow
,1649,1649x980,23.0,375.0,52.0,23.35648,1.183680009841919,pow
,1292,1292x707,23.0,375.0,52.0,22.469480000000004,0.6801536083221436,pow
,1627,1627x665,23.0,375.0,52.0,22.66708,0.800108802318573,pow
,1988,1988x579,23.24,375.0,52.0,22.90996,0.8438143968582154,pow
,2014,2014x2038,25.0,423.0,52.0,24.37284,3.18635516166687,pow
,1505,1505x1835,25.0,496.2,52.0,24.27604,2.01365122795105,pow
,1300,1300x1197,25.0,510.0,52.0,23.105359999999987,1.170841598510742,pow
,1948,1948x1982,36.0,510.0,52.0,24.58708,2.8769343376159666,pow
,1392,1392x1929,36.0,510.0,52.0,24.427720000000004,1.954643225669861,pow
,1491,1491x1226,36.0,510.0,52.0,24.39624,1.332217574119568,pow
,1537,1537x1644,37.6,540.0,52.0,23.80744,1.8455488204956052,pow
,1852,1852x1855,38.0,540.0,52.0,24.097920000000013,2.64476809501648,pow
,1503,1503x1984,38.0,540.0,52.0,24.23944,2.2000639915466307,pow
,1923,1923x1946,38.64,573.6,52.0,25.318320000000003,1.062873601913452,pow
,1720,1720x2972,39.0,645.0,52.0,24.51476000000001,1.439987206459045,pow
,1339,1339x3401,39.0,645.0,52.0,24.083599999999997,1.2870399951934814,pow
,1247,1247x3395,39.0,645.0,52.0,23.76928000000001,1.193721604347229,pow
,1079,1079x2813,33.72,645.0,52.0,24.351999999999997,0.8567552089691162,pow
,1956,1956x2284,27.0,645.0,52.0,24.28583999999999,1.257420802116394,pow
,1289,1289x3762,27.0,645.0,52.0,24.329880000000013,1.365440011024475,pow
,1997,1997x2699,27.0,645.0,52.0,24.29932,1.518636798858643,pow
,1156,1156x3684,28.36,564.6,52.0,24.44187999999999,3.2647168159484865,pow
,1959,1959x3469,29.0,759.0,52.36,27.2364,0.2783679962158203,pow
,1812,1812x2800,29.0,840.0,53.0,35.54523999999999,0.2090047985315322,pow
,2938,2938x253,29.0,840.0,53.0,37.08848,0.0370304003357887,pow
,2724,2724x130,29.0,840.0,53.0,36.04232,0.0208448000252246,pow
,3684,3684x100,29.0,840.0,53.6,35.962999999999994,0.021926400065422,pow
,4034,4034x237,26.0,840.0,54.0,35.909,0.0454080000519752,pow
,2747,2747x10,26.0,840.0,54.0,36.25400000000001,0.0079296002164483,pow
,3168,3168x79,26.0,840.0,54.0,35.64499999999999,0.0163775999099016,pow
,2470,2470x200,26.0,840.0,54.36,35.894,0.0278592001646757,pow
,3583,3583x123,26.0,840.0,55.0,36.19083999999999,0.0254912000149488,pow
,2307,2307x113,26.0,840.0,55.0,36.08403999999999,0.0163968000560998,pow
,2825,2825x107,26.0,840.0,55.0,35.945439999999984,0.01841920055449,pow
,2760,2760x264,26.0,840.0,55.0,36.025919999999985,0.0368640013039112,pow
,3189,3189x445,26.0,840.0,55.0,36.243,0.0635775998234748,pow
,3080,3080x305,6.0,840.0,55.0,36.2302,0.0450624004006385,pow
,3421,3421x266,6.0,840.0,55.0,36.24511999999999,0.0435967989265918,pow
,3017,3017x476,6.0,802.8,55.0,36.44052,0.0644864007830619,pow
,2670,2670x449,6.0,375.0,55.0,31.462999999999997,0.3510783970355987,pow
,2211,2211x469,6.0,375.0,55.0,26.72620000000001,0.3067072033882141,pow
,3066,3066x370,6.0,375.0,55.0,26.177759999999992,0.3327232003211975,pow
,2837,2837x283,6.0,375.0,54.0,26.165,0.2381183981895446,pow
,3794,3794x496,7.44,375.0,54.0,26.75060000000001,1.0889280080795287,pow
,3217,3217x972,18.0,397.2,53.36,25.516319999999997,2.423091173171997,pow
,3977,3977x964,18.0,444.6,53.0,24.32672,2.876383972167969,pow
,3278,3278x669,18.0,495.0,53.0,23.402680000000004,1.6053759813308717,pow
,4018,4018x586,35.0,495.0,53.0,23.986799999999988,1.7263423919677734,pow
,3581,3581x1016,35.0,516.6,53.0,24.6846,2.736044788360596,pow
,3723,3723x552,35.0,529.8,53.0,24.53584,1.5012736082077027,pow
,3557,3557x572,35.0,555.0,53.0,24.0926,1.4910079956054687,pow
,2654,2654x780,35.0,555.0,52.4,23.84688000000001,1.5386240005493164,pow
,3623,3623x920,35.0,643.2,52.0,25.11135999999998,0.9416896104812622,pow
,3616,3616x828,34.8,660.0,52.0,23.81124,0.8438079953193665,pow
,3310,3310x1038,34.0,660.0,52.0,24.112680000000005,0.965824019908905,pow
,3814,3814x1374,34.0,660.0,52.0,24.43900000000001,1.4720640182495115,pow
,3894,3894x1460,34.0,660.0,52.0,24.86628000000001,1.5997567892074585,pow
,2496,2496x1365,34.0,660.0,53.0,23.57920000000001,0.955731213092804,pow
,2170,2170x1505,26.32,660.0,53.0,23.55448000000001,0.9181439995765686,pow
,2445,2445x1457,26.0,660.0,52.0,23.36256,0.9990079879760744,pow
,3567,3567x1727,26.0,644.4,52.56,25.414720000000017,1.7440128087997435,pow
,2459,2459x1031,26.0,720.0,53.0,24.36396,0.7168896079063416,pow
,3900,3900x1998,29.0,720.0,53.0,25.06264000000001,2.204620790481568,pow
,3868,3868x1503,29.0,720.0,53.0,25.064480000000003,1.646892786026001,pow
,3252,3252x2848,29.0,720.0,53.0,25.61724,2.624595212936401,pow
,3876,3876x2522,31.52,724.2,53.0,26.69939999999999,2.771424007415772,pow
,2168,2168x2705,36.0,825.0,53.0,29.691,0.2406783998012542,pow
,4064,4064x2419,36.0,825.0,53.0,38.48584000000002,0.3991999983787536,pow
,2964,2964x3110,36.0,825.0,53.0,39.32316000000001,0.3740544021129608,pow
,3555,3555x2570,36.0,825.0,54.0,38.90479999999998,0.3706367969512939,pow
,3358,3358x3544,36.0,825.0,54.0,39.051000000000016,0.4811327993869781,pow
,3264,3264x2945,36.0,825.0,54.0,40.40856,0.3892160058021545,pow
,2554,2554x3169,36.0,825.0,54.12,39.13980000000001,0.3296512007713318,pow
,2911,2911x2970,18.0,825.0,55.0,38.47844,0.3507456004619598,pow
,6861,6861x217,18.0,825.0,55.0,38.74699999999999,0.0671487987041473,pow
,7322,7322x50,18.0,825.0,55.0,36.51800000000002,0.0222399998456239,pow
,8049,8049x150,18.0,825.0,55.0,36.03200000000001,0.0550656005740165,pow
,7181,7181x219,18.0,825.0,55.0,36.53999999999999,0.0699072018265724,pow
,6869,6869x223,18.0,825.0,55.0,36.716,0.0682495981454849,pow
,6576,6576x89,18.0,825.0,55.0,36.54399999999999,0.0311871998012065,pow
,5080,5080x60,18.0,825.0,55.0,36.17100000000002,0.0185216005891561,pow
,5580,5580x197,18.0,511.8,55.0,35.989000000000004,0.0522752001881599,pow
,7417,7417x11,13.6,390.0,55.0,36.51199999999998,0.0164607997983694,pow
,4140,4140x229,8.0,375.0,55.0,36.042040000000014,0.0876607999205589,pow
,4383,4383x300,8.0,375.0,55.0,36.39724000000002,0.1173567995429039,pow
,4475,4475x407,8.0,375.0,55.0,36.49992,0.1582656025886535,pow
,6039,6039x275,8.0,375.0,55.0,36.5664,0.1455104023218155,pow
,5149,5149x473,8.0,375.0,55.0,36.698760000000014,0.2078783959150314,pow
,6179,6179x474,8.0,375.0,55.0,36.86032,0.2484351992607116,pow
,5354,5354x418,8.0,375.0,55.0,37.11900000000002,0.1919936031103134,pow
,7429,7429x290,8.0,375.0,55.0,34.74823999999998,0.1879424005746841,pow
,4177,4177x307,15.0,375.0,55.0,26.928960000000007,0.3747136056423187,pow
,4879,4879x435,15.0,375.0,54.28,26.908800000000006,0.6113855957984924,pow
,6924,6924x463,15.0,375.0,54.0,26.7736,0.9189311981201173,pow
,6287,6287x567,15.0,375.0,54.0,27.47052,1.0180288076400756,pow
,6446,6446x795,15.0,375.0,54.0,26.60688,1.4543999910354617,pow
,4748,4748x591,19.68,375.0,54.0,23.91056,0.8006911993026733,pow
,7570,7570x652,28.0,375.0,53.0,24.404200000000007,1.3977407932281494,pow
,6923,6923x763,28.0,375.0,53.0,25.17224,1.495417594909668,pow
,6991,6991x565,28.0,375.0,53.0,24.379399999999983,1.121798396110535,pow
,5062,5062x810,29.68,375.0,53.0,24.764600000000005,1.1656895875930786,pow
,6594,6594x549,34.0,375.0,53.0,23.948960000000007,1.030899214744568,pow
,6996,6996x622,34.0,375.0,53.0,24.08468,1.234540796279907,pow
,8127,8127x715,34.0,375.0,53.0,23.98636,1.6457536220550537,pow
,5949,5949x1988,34.76,562.8,53.0,26.140360000000005,3.434444808959961,pow
,7689,7689x1924,35.0,825.0,53.0,26.93099999999999,0.8182847976684571,pow
,5649,5649x1608,35.0,945.0,53.68,31.36599999999999,0.3685888051986694,pow
,8023,8023x1569,35.0,945.0,54.0,40.00816,0.5083263993263245,pow
,5173,5173x1249,36.68,945.0,54.0,39.74699999999999,0.264166396856308,pow
,4523,4523x1725,37.0,945.0,54.0,38.63175999999999,0.3164351940155029,pow
,7610,7610x1532,37.0,945.0,55.0,38.90251999999999,0.4695807993412018,pow
,5722,5722x1995,37.0,945.0,55.0,39.567,0.4603904008865356,pow
,4411,4411x1585,37.0,945.0,55.0,40.43008,0.2841152012348175,pow
,7433,7433x1652,37.0,945.0,55.0,37.51199999999999,0.495686399936676,pow
,6589,6589x2499,37.0,945.0,55.0,40.53739999999999,0.6616447925567627,pow
,5585,5585x2216,37.0,945.0,55.0,40.11211999999998,0.4996288001537323,pow
,7626,7626x2806,18.0,945.0,55.4,40.11400000000001,0.8570240020751954,pow
,5164,5164x3405,18.0,945.0,56.0,43.3718,0.706169593334198,pow
,4968,4968x2583,18.0,945.0,56.0,40.3214,0.5165375947952271,pow
,6566,6566x3991,18.0,707.4,56.0,41.49763999999999,1.1094527959823608,pow
,7095,7095x3885,18.0,665.4,56.0,41.86184,1.2523776292800903,pow
,5153,5153x3235,18.0,655.2,56.0,41.17831999999999,0.777894389629364,pow
,7243,7243x3647,27.24,645.0,56.0,41.925559999999976,1.2537024021148682,pow
,7827,7827x3109,29.0,645.0,56.0,42.14020000000001,1.1561408042907717,pow
,12095,12095x150,29.0,630.0,56.0,39.176400000000015,0.0972864001989364,pow
,10096,10096x1,29.0,621.0,56.0,36.35540000000001,0.0082496000453829,pow
,13511,13511x30,29.0,585.0,56.0,35.798999999999985,0.0312320001423358,pow
,14451,14451x132,29.0,565.2,56.0,36.10699999999998,0.1089919984340667,pow
,15501,15501x119,29.0,540.0,56.0,36.65099999999998,0.1137983992695808,pow
,11224,11224x91,29.0,520.8,56.0,36.687000000000005,0.0681600004434585,pow
,14651,14651x97,21.72,510.0,56.0,36.35699999999998,0.0945087999105453,pow
,10442,10442x7,15.0,465.0,56.0,36.46563999999999,0.0146559998393058,pow
,12261,12261x43,15.0,465.0,56.0,35.85131999999998,0.0451904006302356,pow
,10474,10474x246,15.0,435.0,55.08,36.33783999999999,0.1903488010168075,pow
,12575,12575x320,15.0,433.2,55.0,37.00295999999999,0.2908415973186493,pow
,11868,11868x269,15.0,420.0,55.0,37.125,0.2407680034637451,pow
,10034,10034x508,15.0,390.0,55.24,37.463600000000014,0.4004992008209228,pow
,10132,10132x441,15.0,387.6,56.0,37.55579999999999,0.3581375956535339,pow
,10654,10654x411,15.0,375.0,56.0,37.27099999999999,0.3645504057407379,pow
,8228,8228x333,15.0,375.0,56.0,38.09900000000002,0.232083198428154,pow
,15196,15196x399,15.0,375.0,56.0,37.35244000000001,0.499724793434143,pow
,16290,16290x474,15.0,375.0,56.0,38.458599999999976,0.6334976077079773,pow
,16263,16263x374,15.0,375.0,56.0,38.05924,0.501254403591156,pow
,11523,11523x265,15.0,375.0,56.0,38.25523999999999,0.2574655950069427,pow
,13021,13021x984,15.0,375.0,56.0,38.31072000000002,1.0426944017410278,pow
,10537,10537x899,15.0,375.0,56.0,39.91636,0.7742655992507934,pow
,8687,8687x663,22.68,375.0,56.0,38.62812,0.4756032049655914,pow
,11181,11181x994,23.0,375.0,56.0,38.03300000000001,0.9064831972122191,pow
,10015,10015x672,23.0,375.0,56.0,39.67439999999998,0.5531455874443054,pow
,12420,12420x826,23.0,375.0,56.0,38.45076000000002,0.8379071950912476,pow
,14753,14753x570,23.0,375.0,56.0,39.56139999999998,0.6886271953582763,pow
,14426,14426x681,23.0,375.0,56.0,38.61219999999999,0.802841591835022,pow
,14135,14135x856,23.0,375.0,56.0,39.52863999999998,0.9855999946594238,pow
,13257,13257x705,29.0,375.0,56.0,38.60400000000001,0.7644735932350158,pow
,8980,8980x1669,29.0,375.0,56.0,39.88440000000001,1.2183488130569458,pow
,14593,14593x1753,29.0,380.4,56.0,41.53696,1.983072018623352,pow
,16007,16007x1101,29.0,420.0,56.0,41.51668000000002,1.2784448146820069,pow
,10500,10500x1354,29.0,420.0,56.0,40.13236000000002,1.0338751792907714,pow
,14543,14543x1514,29.64,420.0,56.0,40.97663999999998,1.5944512128829955,pow
,9621,9621x2046,37.0,434.4,56.0,42.050560000000026,1.3783167839050292,pow
,14145,14145x1748,37.0,435.0,56.44,42.17091999999998,1.7285183906555175,pow
,10494,10494x1278,37.0,435.0,57.0,41.16159999999998,0.9421823859214784,pow
,14201,14201x1667,37.0,435.0,57.0,40.78423999999998,1.654803204536438,pow
,8323,8323x1341,37.0,435.0,56.0,40.77932000000001,0.7864511966705322,pow
,15766,15766x2431,37.0,468.6,56.0,43.11188,2.159539222717285,pow
,14696,14696x3823,37.0,600.0,56.96,43.51119999999997,2.7815168380737303,pow
,15995,15995x2517,37.0,615.0,57.0,44.55531999999998,1.996307229995728,pow
,8706,8706x3606,37.0,615.0,57.0,43.686200000000014,1.5586559772491455,pow
,15122,15122x3154,38.68,690.0,57.0,44.314800000000034,2.114444828033448,pow
,13080,13080x3898,44.0,720.0,57.0,43.5682,2.1702911376953127,pow
,13057,13057x2722,44.0,945.0,57.0,42.545240000000014,1.4195583820343018,pow
,14568,14568x2089,44.0,945.0,57.0,43.27820000000003,1.216703987121582,pow
,10609,10609x4094,44.0,1005.0,57.0,46.58479999999998,1.3701247692108154,pow
,9789,9789x2198,39.6,1005.0,57.0,44.98119999999999,0.6754559993743896,pow
,127,127x168,34.0,1005.0,57.0,42.51672000000001,0.006131200119853,div
,18,18x218,34.0,1005.0,57.0,39.91979999999999,0.0061248001642525,div
,209,209x112,34.0,1005.0,57.0,39.60572,0.0063423999585211,div
,83,83x236,34.0,1005.0,57.0,39.615,0.006131200119853,div
,1,1x37,34.0,1005.0,57.0,39.57299999999999,0.0048768000677227,div
,172,172x29,34.0,1005.0,57.0,39.57899999999998,0.0061503999866545,div
,188,188x90,34.0,1005.0,57.0,39.51199999999997,0.0061376000754535,div
,116,116x165,34.0,1005.0,57.0,39.543,0.0061696000397205,div
,232,232x249,11.96,1005.0,57.0,39.40760000000001,0.0067903999239206,div
,235,235x45,5.0,1005.0,57.0,39.48391999999998,0.006131200119853,div
,58,58x332,5.0,1005.0,57.0,39.5302,0.0061568001285195,div
,178,178x472,5.0,1005.0,56.68,39.50912,0.0070271999575197,div
,211,211x432,5.0,1005.0,56.0,39.31095999999999,0.0075903999619185,div
,134,134x373,5.0,375.0,56.0,37.754520000000014,0.0119744000956416,div
,86,86x339,5.0,375.0,56.0,35.89599999999999,0.0104319998994469,div
,163,163x321,5.0,375.0,56.0,35.827,0.0121920000761747,div
,76,76x447,5.0,375.0,56.0,35.89099999999999,0.0105280000716447,div
,235,235x420,5.08,375.0,56.0,35.88099999999998,0.0128768000751733,div
,174,174x314,7.0,375.0,56.0,35.92499999999998,0.011481599882245,div
,229,229x439,7.0,375.0,56.0,35.837999999999994,0.0136447999626398,div
,43,43x969,7.0,375.0,56.0,35.98919999999999,0.0109440000727772,div
,76,76x950,7.0,375.0,56.0,35.93912000000002,0.0127167999744415,div
,229,229x602,7.0,375.0,56.0,35.9006,0.0146304000169038,div
,72,72x601,7.0,375.0,56.0,35.88739999999999,0.0117887999862432,div
,4,4x932,7.0,375.0,56.0,35.870359999999984,0.009222400188446,div
,149,149x1015,7.0,375.0,56.0,35.859279999999984,0.0156736001372337,div
,79,79x781,7.0,375.0,56.0,35.87000000000002,0.0122944002971053,div
,15,15x635,10.0,375.0,56.0,35.82724000000002,0.0097536001354455,div
,62,62x895,10.0,375.0,56.0,35.93620000000002,0.012236800044775,div
,183,183x680,10.0,375.0,56.0,35.67516,0.0145471999421715,div
,40,40x1421,10.0,375.0,56.0,30.39228000000001,0.0142144002020359,div
,50,50x1745,10.0,375.0,56.0,25.959320000000005,0.0148927999660372,div
,84,84x1234,10.0,375.0,54.0,25.91336000000001,0.0158528000116348,div
,60,60x1293,10.0,375.0,54.0,25.8092,0.0143552001565694,div
,89,89x1648,10.0,375.0,54.0,25.75772,0.0172095995396375,div
,108,108x1291,10.0,375.0,54.0,25.54700000000001,0.0167231999337673,div
,101,101x1245,10.0,375.0,54.0,25.683,0.0164095997810363,div
,6,6x1222,10.0,375.0,54.0,23.888520000000007,0.0123903999105095,div
,143,143x1737,10.0,375.0,54.0,23.13284,0.0565824002027511,div
,99,99x1602,10.0,375.0,53.0,22.52231999999999,0.0184640005230903,div
,55,55x2789,10.0,375.0,53.0,22.502799999999997,0.01841920055449,div
,64,64x3957,13.04,375.0,53.0,22.290840000000003,0.0633216001093387,div
,253,253x2522,14.0,375.0,53.0,22.369280000000003,0.4718656063079834,div
,220,220x2822,14.0,375.0,53.0,22.48516,0.4657856047153473,div
,225,225x2397,14.0,375.0,53.0,22.51404000000001,0.3987200021743774,div
,102,102x3436,14.56,375.0,52.0,22.43764,0.2766976058483124,div
,205,205x3507,21.0,375.0,52.0,22.563880000000005,0.5350656032562255,div
,129,129x4053,21.0,375.0,52.0,22.112000000000013,0.3885696053504944,div
,14,14x2782,21.0,375.0,52.0,21.916879999999995,0.0141823999583721,div
,104,104x3251,21.0,375.0,52.0,22.21275999999999,0.2772032022476196,div
,453,453x231,20.04,375.0,52.0,22.00628,0.0163839999586343,div
,341,341x252,18.0,375.0,52.0,21.868119999999998,0.0153600001707673,div
,500,500x81,18.0,375.0,52.0,21.496799999999997,0.014079999923706,div
,288,288x15,18.0,375.0,52.0,21.84876,0.0123712003231048,div
,476,476x177,18.0,375.0,52.0,22.07172000000001,0.0151936000213027,div
,300,300x34,18.0,375.0,52.0,22.2896,0.0126912001520395,div
,473,473x216,16.0,375.0,52.0,21.91724,0.0163647998124361,div
,307,307x251,16.0,375.0,52.0,21.586080000000003,0.0148415999487042,div
,480,480x104,16.0,375.0,52.0,21.90356,0.0142783999443054,div
,372,372x48,16.0,375.0,52.0,21.55352,0.0131071997806429,div
,296,296x411,16.0,375.0,52.0,22.04319999999999,0.0177023999392986,div
,349,349x266,15.12,375.0,52.0,22.03808000000001,0.0162432000041008,div
,443,443x493,15.0,375.0,52.0,21.851439999999997,0.0757183998823165,div
,361,361x468,15.0,375.0,52.0,21.58184,0.0193599998950958,div
,333,333x355,15.0,375.0,52.0,21.847320000000003,0.0164351999759674,div
,360,360x338,15.0,375.0,52.0,22.37912,0.0168319996446371,div
,267,267x285,15.56,375.0,52.0,22.03608,0.0150080000981688,div
,328,328x377,16.0,375.0,52.0,22.07072000000001,0.0171903997659683,div
,417,417x425,16.0,375.0,52.0,21.84664,0.0193856000900268,div
,397,397x482,16.0,375.0,52.0,21.857160000000004,0.0217151995748281,div
,500,500x765,16.0,375.0,52.0,22.19228,0.3006912052631378,div
,284,284x758,16.56,375.0,52.0,21.70212000000001,0.0549887999892234,div
,261,261x915,18.0,375.0,51.16,21.827800000000003,0.0994943991303443,div
,419,419x929,18.0,375.0,51.0,22.0214,0.2773503959178924,div
,308,308x677,18.0,375.0,51.64,22.042199999999998,0.0487872004508972,div
,351,351x967,18.0,375.0,52.0,21.99160000000001,0.2757568001747131,div
,337,337x768,17.32,375.0,52.0,22.13196,0.1854912042617797,div
,424,424x801,17.0,375.0,52.0,22.160520000000005,0.277836799621582,div
,267,267x536,17.0,375.0,52.0,21.97340000000001,0.0181503999978303,div
,476,476x779,17.0,375.0,52.0,21.88624,0.286131203174591,div
,510,510x1267,17.0,375.0,52.0,22.20876,0.4771968007087707,div
,477,477x1448,18.0,375.0,52.0,22.21628,0.5151103973388672,div
,405,405x1561,18.0,375.0,52.0,22.3044,0.4787327945232391,div
,325,325x1687,18.0,375.0,52.0,22.400199999999995,0.4127167999744415,div
,283,283x1706,18.0,375.0,52.0,22.34999999999999,0.3651071965694427,div
,459,459x1784,19.44,375.0,52.0,22.611759999999997,0.6088831901550293,div
,324,324x1208,22.0,375.0,52.0,22.429080000000013,0.300025600194931,div
,512,512x1600,22.0,375.0,52.0,22.07436000000001,0.5958335876464844,div
,418,418x2031,22.0,375.0,52.0,22.69964,0.6277056097984314,div
,275,275x1988,22.0,375.0,52.0,22.42,0.4053824007511138,div
,439,439x4036,23.6,375.0,52.0,23.50612000000001,1.3115839958190918,div
,402,402x2788,24.0,375.0,52.0,23.243480000000005,0.8301056027412415,div
,512,512x2435,24.0,375.0,52.0,23.050880000000006,0.910803198814392,div
,335,335x2167,24.0,375.0,52.0,22.7068,0.5291583895683288,div
,488,488x3379,27.84,375.0,52.0,22.904519999999994,1.2253376245498655,div
,304,304x3682,28.0,375.0,52.0,23.694319999999998,0.808243191242218,div
,455,455x3697,28.0,375.0,52.0,23.19552,1.213632011413574,div
,440,440x2442,28.0,375.0,52.0,22.83900000000001,0.7968064069747924,div
,303,303x3779,28.0,375.0,52.0,22.664320000000004,0.8353024005889893,div
,371,371x2684,28.0,375.0,52.0,22.643400000000007,0.7280064105987549,div
,665,665x66,28.0,375.0,52.0,21.987720000000014,0.0140736000612378,div
,948,948x212,28.0,375.0,52.0,21.86192000000001,0.0307008001953363,div
,986,986x92,20.96,375.0,52.0,21.73788,0.016313599795103,div
,973,973x136,20.0,375.0,52.0,21.419039999999985,0.0174655999988317,div
,531,531x3,20.0,375.0,52.0,21.96492,0.012326399795711,div
,823,823x185,20.0,375.0,52.0,22.096560000000004,0.0187136001884937,div
,529,529x97,20.0,375.0,52.0,21.93083999999999,0.0143488002941012,div
,821,821x238,17.28,375.0,52.0,21.88372,0.0214207999408245,div
,1009,1009x242,16.0,375.0,52.0,22.00724,0.1409664005041122,div
,521,521x53,16.0,375.0,52.0,22.069519999999997,0.0132672000676393,div
,1012,1012x375,16.0,375.0,52.0,22.101119999999995,0.2935231983661651,div
,632,632x510,16.0,375.0,52.0,21.99292,0.2666047930717468,div
,865,865x481,17.56,375.0,52.0,22.122000000000007,0.3118207931518554,div
,881,881x498,19.0,375.0,52.0,22.12908,0.326911997795105,div
,673,673x508,19.0,375.0,52.0,22.28672,0.2717504024505615,div
,880,880x390,19.0,375.0,52.0,22.46596000000001,0.2760511994361877,div
,745,745x318,19.0,375.0,52.0,22.106999999999992,0.1159744009375572,div
,619,619x282,19.0,375.0,52.0,21.804920000000006,0.0195712000131607,div
,633,633x362,19.0,375.0,52.0,21.872840000000007,0.0831936001777648,div
,855,855x327,19.0,375.0,52.0,22.01464,0.2165055990219116,div
,806,806x688,19.0,375.0,52.0,22.083120000000005,0.4008704006671905,div
,746,746x654,19.0,375.0,52.0,22.103680000000008,0.3634368002414703,div
,523,523x584,18.04,375.0,52.0,22.34240000000001,0.2399167984724045,div
,550,550x667,18.0,375.0,52.0,22.29027999999999,0.2824512004852295,div
,799,799x663,18.0,375.0,52.0,22.390999999999995,0.4018751978874206,div
,599,599x550,18.0,375.0,52.0,22.159280000000003,0.2733120024204254,div
,676,676x536,18.0,375.0,52.0,22.184360000000005,0.2817599952220916,div
,778,778x875,20.0,375.0,52.0,22.284400000000005,0.5005439996719361,div
,754,754x752,20.0,375.0,52.0,22.634680000000003,0.4219200015068054,div
,710,710x882,20.0,375.0,52.0,22.642000000000003,0.4656191945075988,div
,948,948x1291,20.0,375.0,52.0,23.2022,0.9099263906478882,div
,1023,1023x1892,23.84,383.4,52.0,23.766360000000013,1.4456768035888672,div
,645,645x1266,26.0,405.0,52.0,22.494039999999988,0.5990592122077942,div
,625,625x1272,26.0,405.0,52.0,23.14307999999999,0.5514240145683289,div
,823,823x1627,26.0,405.0,52.0,23.177879999999995,0.9690752029418944,div
,733,733x1399,26.0,405.0,52.0,23.264399999999988,0.7705152034759521,div
,830,830x1951,26.0,405.0,52.0,23.34888,1.1820224046707153,div
,665,665x1691,26.0,405.0,52.0,22.76364,0.8098623871803283,div
,797,797x1206,26.0,405.0,52.0,23.07372,0.6952448129653931,div
,1000,1000x1063,26.0,385.8,52.0,22.745920000000005,0.7975039958953858,div
,841,841x3694,24.0,378.6,52.0,24.010839999999995,2.308345603942871,div
,837,837x3613,24.0,390.6,52.0,24.43375999999999,2.2656768321990968,div
,774,774x2416,24.0,405.0,52.0,23.856440000000003,1.3630784034729004,div
,572,572x3269,37.0,405.0,52.0,24.14836000000001,1.3585407972335817,div
,636,636x2261,37.0,405.0,52.0,23.38608000000001,1.0410880088806151,div
,838,838x3952,37.0,405.0,52.0,24.04252,2.542720031738281,div
,616,616x3057,35.32,405.0,52.0,23.69628000000001,1.3693632125854491,div
,685,685x3053,35.0,405.0,52.0,24.40068,1.5359551906585691,div
,574,574x4024,35.0,428.4,52.0,24.713,1.6879103899002077,div
,584,584x3280,35.0,450.0,52.0,24.00687999999999,1.3845567941665649,div
,1726,1726x134,35.0,450.0,52.0,22.05824,0.0907903984189033,div
,1057,1057x69,35.0,450.0,52.0,21.92076,0.0142847999930381,div
,1191,1191x40,35.0,450.0,52.0,21.879679999999997,0.0128127999603748,div
,1042,1042x64,35.0,450.0,52.0,21.82148,0.013247999921441,div
,1757,1757x99,23.8,450.0,52.0,22.073319999999995,0.0205247994512319,div
,2034,2034x108,15.0,450.0,52.0,21.922600000000003,0.0613375999033451,div
,1421,1421x90,15.0,450.0,52.0,21.799199999999995,0.014886400103569,div
,1072,1072x130,15.0,375.0,52.0,21.99192,0.0172607999294996,div
,1274,1274x239,15.0,375.0,52.0,22.107920000000004,0.2388543993234634,div
,1672,1672x3,15.52,375.0,52.0,21.829480000000007,0.0124479999765753,div
,1536,1536x357,16.0,375.0,52.0,22.24564,0.4110527992248535,div
,1074,1074x428,16.0,375.0,52.0,22.21911999999999,0.344211208820343,div
,1509,1509x294,16.0,375.0,52.0,21.973479999999995,0.3318463981151581,div
,1666,1666x290,16.0,375.0,52.0,21.98876,0.3569215893745422,div
,1139,1139x283,19.0,375.0,52.0,22.1014,0.2622335970401764,div
,1811,1811x494,19.0,375.0,52.0,22.73532,0.6565248012542725,div
,1235,1235x263,19.0,375.0,52.0,22.46724,0.2460928052663803,div
,1405,1405x381,19.0,375.0,52.0,22.312999999999988,0.3973056077957153,div
,1323,1323x332,19.72,375.0,52.0,22.30724,0.3289791941642761,div
,1511,1511x284,21.0,375.0,52.0,22.345640000000014,0.3201408088207245,div
,1999,1999x991,21.0,375.0,52.0,23.42152000000001,1.4339072227478027,div
,1111,1111x1020,21.0,375.0,52.0,22.60452,0.8228096008300781,div
,1703,1703x897,22.96,375.0,52.0,23.51752,1.108793592453003,div
,1086,1086x630,28.0,375.0,52.0,22.70751999999999,0.5054272055625916,div
,1430,1430x803,28.0,375.0,52.0,22.890519999999995,0.8329408049583436,div
,1069,1069x693,28.0,375.0,52.0,22.391600000000007,0.5513984084129333,div
,1649,1649x980,28.0,375.0,52.0,22.906160000000003,1.1706111907958985,div
,1292,1292x707,24.0,375.0,52.0,23.020719999999997,0.6740031957626342,div
,1627,1627x665,24.0,375.0,52.0,23.00232,0.7952383995056153,div
,1988,1988x579,24.0,375.0,52.0,22.966800000000006,0.8404992103576661,div
,2014,2014x2038,26.56,396.6,52.0,24.423,3.2013823986053467,div
,1505,1505x1835,32.0,405.0,52.0,23.838719999999988,2.0316735982894896,div
,1300,1300x1197,32.0,405.0,52.0,23.922640000000005,1.173529601097107,div
,1948,1948x1982,32.4,428.4,52.0,24.397559999999995,3.018271970748901,div
,1392,1392x1929,37.0,462.0,52.0,24.879599999999996,1.9910847902297972,div
,1491,1491x1226,37.0,525.0,52.0,23.8114,1.3325760126113892,div
,1537,1537x1644,37.0,530.4,52.0,24.452440000000003,1.842048001289368,div
,1852,1852x1855,37.0,570.0,52.0,24.49808,2.645375967025757,div
,1503,1503x1984,37.0,654.0,52.0,24.60464,0.8591295838356018,div
,1923,1923x1946,37.0,780.0,52.0,23.545520000000007,1.0554687976837158,div
,1720,1720x2972,36.76,780.0,52.0,24.40904,1.4414720058441162,div
,1339,1339x3401,34.0,780.0,52.0,24.7046,1.2852544069290162,div
,1247,1247x3395,34.0,780.0,52.0,23.66547999999999,1.1911167860031129,div
,1079,1079x2813,34.0,780.0,52.0,24.164400000000004,0.8543936014175415,div
,1956,1956x2284,34.0,780.0,52.8,24.20368,1.2615423917770383,div
,1289,1289x3762,29.2,780.0,53.0,24.616880000000005,1.3675071954727174,div
,1997,1997x2699,26.0,741.6,53.0,25.12228,1.5247616052627564,div
,1156,1156x3684,26.0,639.6,53.0,23.624800000000004,1.2005183935165404,div
,1959,1959x3469,26.0,666.0,52.0,25.51963999999998,1.9251967906951903,div
,1812,1812x2800,30.0,720.0,52.64,24.43435999999999,1.4308159828186036,div
,2938,2938x253,30.0,720.0,53.0,23.68036,0.2115647971630096,div
,2724,2724x130,30.0,720.0,52.88,22.352719999999994,0.1003903985023498,div
,3684,3684x100,30.0,720.0,52.0,22.4406,0.1025151997804641,div
,4034,4034x237,30.0,720.0,52.0,22.83656000000001,0.2646463960409164,div
,2747,2747x10,18.6,720.0,52.0,22.551600000000004,0.0086400002241134,div
,3168,3168x79,15.0,720.0,52.0,22.45324,0.0610112003982067,div
,2470,2470x200,15.0,720.0,52.0,22.45828000000001,0.1356544017791748,div
,3583,3583x123,15.0,720.0,52.0,22.746680000000005,0.1283008009195327,div
,2307,2307x113,15.0,457.8,52.0,22.882200000000008,0.0805632010102272,div
,2825,2825x107,14.68,375.0,52.0,22.6006,0.2436607986688614,div
,2760,2760x264,13.0,375.0,52.0,22.542800000000007,0.5532607913017273,div
,3189,3189x445,13.0,376.8,52.0,23.79824,1.041651201248169,div
,3080,3080x305,13.0,390.0,52.0,22.773160000000004,0.6871935963630676,div
,3421,3421x266,13.0,390.0,52.0,22.85068,0.6717055916786194,div
,3017,3017x476,25.0,390.0,52.0,23.404079999999997,1.046796798706055,div
,2670,2670x449,25.0,390.0,52.0,23.01444,0.8926527976989747,div
,2211,2211x469,25.0,390.0,52.0,22.460159999999995,0.7710592031478882,div
,3066,3066x370,25.0,390.0,52.0,22.71732,0.8212928056716919,div
,2837,2837x283,26.52,390.0,52.0,22.86688,0.5766975998878479,div
,3794,3794x496,27.0,426.0,52.0,24.523720000000008,1.3994112014770508,div
,3217,3217x972,27.0,447.0,52.0,24.128599999999995,2.3943615913391114,div
,3977,3977x964,33.76,513.0,52.0,25.25984,2.978431987762451,div
,3278,3278x669,40.0,615.0,52.0,23.896919999999994,1.6161472082138062,div
,4018,4018x586,40.0,615.0,52.0,24.33032,1.748467230796814,div
,3581,3581x1016,38.2,615.0,52.0,24.27451999999999,2.763417625427246,div
,3723,3723x552,35.0,615.0,52.0,24.18892,1.519270396232605,div
,3557,3557x572,35.0,615.0,52.0,23.634120000000003,1.5044351816177368,div
,2654,2654x780,35.0,600.6,52.0,23.224239999999995,1.5334399938583374,div
,3623,3623x920,29.0,561.0,52.0,24.70452,2.1986304402351378,div
,3616,3616x828,29.0,630.0,52.0,24.15724000000001,0.8439935922622681,div
,3310,3310x1038,29.0,630.0,52.0,23.75956,0.9695807933807372,div
,3814,3814x1374,29.16,630.0,52.0,24.244440000000008,1.4705535888671877,div
,3894,3894x1460,31.0,630.0,52.2,24.70192,1.5971456050872803,div
,2496,2496x1365,31.0,630.0,53.0,24.367199999999997,0.9602303981781006,div
,2170,2170x1505,31.0,630.0,53.0,24.07303999999999,0.9206400036811828,div
,2445,2445x1457,31.0,630.0,53.0,23.94768,1.00005761384964,div
,3567,3567x1727,27.0,618.6,53.0,25.384360000000004,1.743737626075745,div
,2459,2459x1031,27.0,735.0,53.0,24.14336,0.7124735951423645,div
,3900,3900x1998,27.0,735.0,52.0,24.91724000000001,2.202937602996826,div
,3868,3868x1503,30.64,735.0,52.24,24.56828,1.6402112007141114,div
,3252,3252x2848,34.0,735.0,53.0,26.165839999999992,2.6202879428863524,div
,3876,3876x2522,34.0,735.0,53.0,25.627879999999998,2.763462400436401,div
,2168,2168x2705,34.0,735.0,53.0,24.6362,1.6617280006408692,div
,4064,4064x2419,34.0,724.2,53.0,25.6166,2.7755711555480955,div
,2964,2964x3110,34.0,726.6,53.0,25.566000000000003,2.6021440029144287,div
,3555,3555x2570,34.0,795.0,53.0,25.71072000000001,2.582950401306152,div
,3358,3358x3544,36.56,843.6,53.0,26.15564000000001,0.4809983968734741,div
,3264,3264x2945,38.0,930.0,53.0,33.63479999999999,0.3891136109828949,div
,2554,2554x3169,38.0,930.0,53.36,38.43743999999999,0.3286208033561706,div
,2911,2911x2970,38.0,930.0,54.0,38.2072,0.3508480131626129,div
,6861,6861x217,38.0,930.0,54.0,38.019,0.0653951987624168,div
,7322,7322x50,38.0,930.0,54.0,36.36900000000002,0.0151424000039696,div
,8049,8049x150,38.0,930.0,54.64,35.88400000000001,0.0538048006594181,div
,7181,7181x219,38.0,930.0,55.0,36.31500000000002,0.0684479981660843,div
,6869,6869x223,21.0,930.0,55.0,36.466,0.0667072013020515,div
,6576,6576x89,13.0,930.0,55.0,36.32799999999998,0.027980799973011,div
,5080,5080x60,13.0,930.0,55.0,36.10231999999999,0.0109823999926447,div
,5580,5580x197,13.0,930.0,55.0,35.909479999999995,0.049593599140644,div
,7417,7417x11,13.0,930.0,55.0,36.07500000000001,0.0077247998677194,div
,4140,4140x229,13.0,930.0,55.0,35.9786,0.0440127998590469,div
,4383,4383x300,13.0,930.0,55.0,36.22100000000002,0.0583167999982833,div
,4475,4475x407,13.0,930.0,55.0,36.44895999999999,0.078694400191307,div
,6039,6039x275,13.0,796.8,55.0,36.40695999999999,0.0718848004937171,div
,5149,5149x473,10.44,375.0,55.0,29.37188000000001,0.6946880102157593,div
,6179,6179x474,9.0,375.0,54.0,26.953,0.8349759936332702,div
,5354,5354x418,9.0,375.0,54.0,27.4432,0.642137598991394,div
,7429,7429x290,9.0,375.0,54.0,26.64968,0.6172736048698425,div
,4177,4177x307,9.0,375.0,54.0,26.77436,0.3703359961509704,div
,4879,4879x435,9.0,375.0,54.0,23.64744,0.6043455958366394,div
,6924,6924x463,23.0,375.0,53.0,24.264199999999995,0.9091328024864196,div
,6287,6287x567,23.0,375.0,53.0,24.428640000000005,1.0089536428451538,div
,6446,6446x795,23.0,375.0,53.0,23.895480000000003,1.450931191444397,div
,4748,4748x591,23.0,375.0,53.0,24.506400000000006,0.7982143998146057,div
,7570,7570x652,30.56,375.0,53.0,24.7892,1.393516755104065,div
,6923,6923x763,32.0,378.0,53.0,24.50832,1.50239360332489,div
,6991,6991x565,32.0,402.6,53.0,24.57215999999999,3.046950387954712,div
,5062,5062x810,38.0,482.4,53.0,25.2056,3.248473644256592,div
,6594,6594x549,38.0,580.2,53.0,24.96400000000001,1.029804825782776,div
,6996,6996x622,38.0,645.0,53.0,24.51948,1.2218496084213255,div
,8127,8127x715,40.0,645.0,53.0,24.769359999999995,1.6335871696472168,div
,5949,5949x1988,40.0,661.8,53.0,25.97976000000001,3.3242752075195314,div
,7689,7689x1924,40.0,753.0,53.0,26.3624,2.0315839409828187,div
,5649,5649x1608,39.12,885.0,53.0,32.14599999999999,0.3678335964679718,div
,8023,8023x1569,38.0,885.0,53.04,39.13159999999999,0.5077695846557617,div
,5173,5173x1249,38.0,885.0,54.0,38.62600000000001,0.2641023993492126,div
,4523,4523x1725,38.0,885.0,54.0,37.902000000000015,0.3173184037208557,div
,7610,7610x1532,38.0,885.0,54.0,38.42899999999998,0.4705856084823608,div
,5722,5722x1995,38.0,885.0,54.6,40.399999999999984,0.4607935965061188,div
,4411,4411x1585,38.0,885.0,55.0,38.53319999999999,0.2846272051334381,div
,7433,7433x1652,38.0,885.0,55.0,37.80999999999998,0.4952384054660797,div
,6589,6589x2499,22.04,885.0,55.0,40.24119999999999,0.6615807890892029,div
,5585,5585x2216,19.0,885.0,55.0,39.702999999999975,0.4990400016307831,div
,7626,7626x2806,19.0,885.0,55.0,39.61596,0.8571136116981506,div
,5164,5164x3405,19.0,885.0,55.0,41.16459999999998,0.7060800075531006,div
,4968,4968x2583,19.0,885.0,55.0,39.99800000000002,0.5165567874908448,div
,6566,6566x3991,19.0,660.0,55.0,41.20175999999999,1.0486783981323242,div
,7095,7095x3885,19.0,660.0,55.0,40.85199999999998,1.1027456045150756,div
,5153,5153x3235,28.0,655.8,56.0,41.84756,0.6683200001716614,div
,7243,7243x3647,28.0,645.0,56.0,40.08512,1.056499171257019,div
,7827,7827x3109,28.0,630.0,56.0,41.50799999999997,0.9747199892997742,div
,12095,12095x150,28.0,616.2,56.0,41.701439999999984,0.0783168002963066,div
,10096,10096x1,28.0,615.0,56.0,36.335080000000005,0.0077888001687824,div
,13511,13511x30,28.0,570.0,56.0,35.74972,0.0213504001498222,div
,14451,14451x132,28.0,570.0,56.0,35.954800000000006,0.0834624022245407,div
,15501,15501x119,28.0,525.0,55.0,36.35667999999999,0.0802111998200416,div
,11224,11224x91,18.0,523.8,55.0,36.19040000000002,0.047129601240158,div
,14651,14651x97,18.0,495.0,55.0,36.08679999999998,0.0634751990437507,div
,10442,10442x7,18.0,483.0,55.0,36.02471999999999,0.010547199845314,div
,12261,12261x43,18.0,465.0,55.0,35.70000000000002,0.0287296004593372,div
,10474,10474x246,18.0,449.4,55.0,36.096,0.1100095987319946,div
,12575,12575x320,18.0,435.0,55.0,36.63999999999999,0.1679680049419403,div
,11868,11868x269,18.0,405.0,55.0,37.27099999999999,0.1360063999891281,div
,10034,10034x508,18.0,405.0,55.0,37.0528,0.2120384007692337,div
,10132,10132x441,18.0,390.0,55.0,37.29199999999999,0.1884864002466201,div
,10654,10654x411,13.0,387.6,55.0,37.099840000000015,0.1848383992910385,div
,8228,8228x333,13.0,375.0,55.0,36.74,0.1219135999679565,div
,15196,15196x399,13.0,375.0,55.0,36.79143999999999,0.2564288020133972,div
,16290,16290x474,13.0,375.0,55.0,37.77904,0.3256448090076446,div
,16263,16263x374,13.0,375.0,55.0,37.628960000000006,0.2585471987724304,div
,11523,11523x265,13.0,375.0,55.0,37.35500000000001,0.1344895988702774,div
,13021,13021x984,13.0,375.0,55.0,37.31088,0.5322432041168212,div
,10537,10537x899,13.0,375.0,55.0,38.90759999999998,0.3968895971775055,div
,8687,8687x663,19.0,375.0,55.0,38.11607999999998,0.2458111971616745,div
,11181,11181x994,19.0,375.0,55.36,37.611,0.4639680027961731,div
,10015,10015x672,19.0,375.0,56.0,39.68132000000002,0.2851135909557342,div
,12420,12420x826,19.0,375.0,56.0,37.986680000000014,0.4269311964511871,div
,14753,14753x570,19.0,375.0,56.0,38.37599999999998,0.3528575956821441,div
,14426,14426x681,19.0,375.0,56.0,38.627440000000014,0.4095103919506073,div
,14135,14135x856,19.0,375.0,56.0,38.62592,0.502508795261383,div
,13257,13257x705,20.08,375.0,56.0,38.476,0.3917504072189331,div
,8980,8980x1669,22.0,375.0,56.0,39.33479999999997,0.6209663987159729,div
,14593,14593x1753,22.0,375.0,56.0,39.83383999999998,1.0522687911987303,div
,16007,16007x1101,22.0,375.0,56.0,40.54328000000001,0.7273023962974549,div
,10500,10500x1354,22.0,375.0,56.0,39.97191999999998,0.5892735958099365,div
,14543,14543x1514,22.0,375.0,56.0,39.759799999999984,0.9062399983406066,div
,9621,9621x2046,22.0,375.0,56.0,41.31803999999999,0.8110143899917602,div
,14145,14145x1748,31.0,375.0,56.0,39.67099999999998,1.0191487789154052,div
,10494,10494x1278,31.0,375.0,56.0,41.95407999999998,0.5568063974380493,div
,14201,14201x1667,31.0,375.0,56.0,39.34792000000003,0.973414397239685,div
,8323,8323x1341,31.0,375.0,56.0,40.04071999999999,0.4651519954204559,div
,15766,15766x2431,31.0,375.0,56.0,41.15779999999999,1.57259521484375,div
,14696,14696x3823,31.84,465.0,56.0,44.12619999999999,2.237606430053711,div
,15995,15995x2517,38.0,480.0,56.0,44.47380000000002,1.6059391736984252,div
,8706,8706x3606,38.0,495.0,56.0,43.53583999999998,1.2542399883270263,div
,15122,15122x3154,38.0,510.0,56.0,43.06132,1.900979208946228,div
,13080,13080x3898,38.0,570.0,56.08,44.60311999999998,2.0317631721496583,div
,13057,13057x2722,38.32,585.0,57.0,44.05880000000001,1.4190848112106322,div
,14568,14568x2089,42.0,615.0,57.0,42.83195999999999,1.2158143758773805,div
,10609,10609x4094,42.0,615.0,56.0,43.12160000000001,1.7325055837631225,div
,9789,9789x2198,42.0,615.0,56.0,41.976000000000006,0.8617663979530334,div
,127,127x168,42.0,615.0,56.0,41.65595999999999,0.0061568000353872,addu
,18,18x218,42.0,615.0,56.0,35.66959999999998,0.0061376001685857,addu
,209,209x112,42.0,615.0,56.0,35.68084000000001,0.0061888000927865,addu
,83,83x236,42.0,615.0,56.0,35.73004000000002,0.0061696000397205,addu
,1,1x37,23.0,615.0,56.0,35.77112000000002,0.0061184000223875,addu
,172,172x29,23.0,615.0,56.0,35.8158,0.006131200119853,addu
,188,188x90,23.0,615.0,56.0,35.801239999999986,0.006131200119853,addu
,116,116x165,23.0,615.0,56.0,35.74599999999999,0.0062400000169873,addu
,232,232x249,23.0,615.0,56.0,35.761,0.0065535999834537,addu
,235,235x45,23.0,615.0,56.0,35.83100000000001,0.006131200119853,addu
,58,58x332,23.0,615.0,56.0,35.76604,0.0061696000397205,addu
,178,178x472,23.0,615.0,56.0,35.71503999999998,0.0067776001058518,addu
,211,211x432,23.0,375.0,56.0,35.63375999999999,0.0090495999902486,addu
,134,134x373,7.0,375.0,56.0,35.59808000000001,0.0082112001255154,addu
,86,86x339,7.0,375.0,56.0,35.57700000000002,0.0076287999749183,addu
,163,163x321,7.0,375.0,56.0,35.67200000000002,0.0082175999879837,addu
,76,76x447,7.0,375.0,56.0,35.607999999999976,0.0081919999793171,addu
,235,235x420,7.0,375.0,55.12,35.56399999999999,0.0092224000021815,addu
,174,174x314,7.0,375.0,55.0,35.67999999999998,0.0081919999793171,addu
,229,229x439,7.0,375.0,55.0,35.58500000000001,0.0089664001017808,addu
,43,43x969,7.0,375.0,55.0,35.65800000000001,0.0081984000280499,addu
,76,76x950,7.0,375.0,55.0,35.63971999999999,0.0085888000205159,addu
,229,229x602,9.88,375.0,55.0,35.63912,0.0102399997413158,addu
,72,72x601,10.0,375.0,55.0,35.552960000000006,0.0082048000767827,addu
,4,4x932,10.0,375.0,55.0,35.593600000000016,0.0066496000625193,addu
,149,149x1015,10.0,375.0,55.0,35.66036000000001,0.0102655997499823,addu
,79,79x781,10.0,375.0,55.0,35.62191999999999,0.0082879999652504,addu
,15,15x635,10.0,375.0,55.0,35.71391999999999,0.0071040000766515,addu
,62,62x895,10.0,375.0,55.0,35.61816000000001,0.0082559999078512,addu
,183,183x680,10.0,375.0,55.0,35.677000000000014,0.0102399997413158,addu
,40,40x1421,10.0,375.0,55.0,35.54200000000002,0.0084992000833153,addu
,50,50x1745,9.2,375.0,55.0,29.127360000000003,0.0111680001020431,addu
,84,84x1234,9.0,375.0,55.0,25.59059999999999,0.0108031999319791,addu
,60,60x1293,9.0,366.0,54.32,25.39700000000001,0.0102847998961806,addu
,89,89x1648,9.0,300.0,54.0,25.1186,0.0205119997262954,addu
,108,108x1291,9.0,300.0,54.0,25.088799999999992,0.0204479999840259,addu
,101,101x1245,9.0,300.0,54.0,25.15259999999999,0.0199231997132301,addu
,6,6x1222,9.0,300.0,54.0,22.663399999999992,0.0143232000991702,addu
,143,143x1737,16.92,300.0,53.8,22.70551999999999,0.027225599810481,addu
,99,99x1602,18.0,300.0,53.0,22.706320000000005,0.0222719997167587,addu
,55,55x2789,18.0,300.0,53.0,22.5644,0.0224767997860908,addu
,64,64x3957,18.0,300.0,53.0,22.489239999999995,0.0274943996220827,addu
,253,253x2522,20.4,300.0,52.72,22.33884,0.26907519698143,addu
,220,220x2822,28.0,300.0,52.0,22.39516000000001,0.2590975940227508,addu
,225,225x2397,28.0,300.0,52.0,22.383839999999985,0.233798399567604,addu
,102,102x3436,28.0,300.0,52.0,22.59628,0.0956671997904777,addu
,205,205x3507,28.0,300.0,52.0,22.549759999999992,0.3047104001045227,addu
,129,129x4053,30.52,300.0,52.0,22.339200000000005,0.22776959836483,addu
,14,14x2782,31.0,300.0,52.0,21.88887999999999,0.0155968001112341,addu
,104,104x3251,31.0,300.0,52.0,22.05392000000001,0.0775935992598533,addu
,453,453x231,31.0,300.0,52.0,21.96316,0.018783999979496,addu
,341,341x252,29.72,300.0,52.0,21.7342,0.018368000164628,addu
,500,500x81,27.0,300.0,52.0,21.91867999999999,0.016313599795103,addu
,288,288x15,27.0,300.0,52.0,21.988119999999995,0.0142656000331044,addu
,476,476x177,27.0,300.0,52.0,21.93244,0.01841920055449,addu
,300,300x34,27.0,300.0,52.0,21.410920000000004,0.0143936000764369,addu
,473,473x216,27.0,300.0,52.0,22.00372000000001,0.0192960001528263,addu
,307,307x251,27.0,300.0,52.0,21.94959999999999,0.0174079999327659,addu
,480,480x104,27.0,300.0,52.0,21.6798,0.0163775999099016,addu
,372,372x48,27.0,300.0,52.0,21.85928,0.0147519998252391,addu
,296,296x411,27.0,300.0,52.0,21.335040000000003,0.0200383998453617,addu
,349,349x266,25.0,300.0,52.0,21.513759999999998,0.0184064004570245,addu
,443,443x493,25.0,300.0,52.0,21.48219999999999,0.0261695999652147,addu
,361,361x468,25.0,300.0,52.0,22.0064,0.0229183997958898,addu
,333,333x355,25.0,300.0,52.0,22.11132,0.0204671993851661,addu
,360,360x338,25.36,300.0,51.0,22.000119999999992,0.0199679996818304,addu
,267,267x285,26.0,300.0,51.0,21.453000000000003,0.0174143999814987,addu
,328,328x377,26.0,300.0,51.0,21.797880000000006,0.0204735994338989,addu
,417,417x425,26.0,300.0,51.0,21.97116,0.0236352000385522,addu
,397,397x482,26.0,300.0,51.96,22.20927999999999,0.024057599902153,addu
,500,500x765,26.76,300.0,52.0,22.17748,0.1502464026212692,addu
,284,284x758,27.0,300.0,52.0,22.2936,0.0257727995514869,addu
,261,261x915,27.0,300.0,52.0,22.17172,0.0271167997270822,addu
,419,419x929,27.0,300.0,52.0,22.09324,0.1669568002223968,addu
,308,308x677,27.04,300.0,52.0,22.109319999999997,0.0252736002206802,addu
,351,351x967,28.0,300.0,52.0,22.02220000000001,0.0784575998783111,addu
,337,337x768,28.0,300.0,52.0,21.89292,0.0286272000521421,addu
,424,424x801,28.0,300.0,52.0,22.010159999999992,0.0819391995668411,addu
,267,267x536,28.0,300.0,52.0,21.901959999999985,0.0213376004248857,addu
,476,476x779,27.2,300.0,52.0,22.06052,0.1345472007989883,addu
,510,510x1267,27.0,300.0,52.0,22.283400000000007,0.2767040073871613,addu
,477,477x1448,27.0,300.0,52.0,22.10688,0.2927999973297119,addu
,405,405x1561,27.0,300.0,52.0,22.27088,0.2715968072414398,addu
,325,325x1687,28.32,300.0,52.0,22.070680000000003,0.237049600481987,addu
,283,283x1706,30.0,300.0,52.0,21.79564,0.191372799873352,addu
,459,459x1784,30.0,300.0,52.0,22.43220000000001,0.3697472035884857,addu
,324,324x1208,30.0,300.0,52.0,22.45768,0.1539264023303985,addu
,512,512x1600,30.0,300.0,52.0,22.194440000000004,0.3462015986442566,addu
,418,418x2031,29.0,300.0,52.0,22.4886,0.410368001461029,addu
,275,275x1988,29.0,300.0,52.0,22.258439999999997,0.23507199883461,addu
,439,439x4036,29.0,300.0,52.0,23.274799999999992,0.8768447995185852,addu
,402,402x2788,29.2,300.0,52.0,22.57904,0.5733120083808899,addu
,512,512x2435,34.0,300.0,52.0,22.949160000000003,0.6230463981628418,addu
,335,335x2167,34.0,300.0,52.0,22.67084,0.3218559980392456,addu
,488,488x3379,34.0,300.0,52.0,23.14532,0.8115136027336121,addu
,304,304x3682,34.0,300.0,52.0,22.723119999999994,0.558956789970398,addu
,455,455x3697,36.0,300.0,52.0,23.335480000000004,0.8240896105766297,addu
,440,440x2442,36.0,300.0,52.0,22.7242,0.546835196018219,addu
,303,303x3779,36.0,300.0,52.0,22.7694,0.5760640025138855,addu
,371,371x2684,36.0,300.0,52.0,22.543360000000003,0.4957312047481537,addu
,665,665x66,35.0,300.0,52.0,22.0878,0.0164223998785018,addu
,948,948x212,35.0,300.0,52.0,21.992400000000007,0.0252224002033472,addu
,986,986x92,35.0,300.0,52.0,21.94992000000001,0.0185536000877618,addu
,973,973x136,35.0,300.0,52.0,21.931319999999992,0.0208383996039628,addu
,531,531x3,31.4,300.0,52.0,21.79456,0.0143232000991702,addu
,823,823x185,26.0,300.0,52.0,22.067400000000003,0.0224063999950885,addu
,529,529x97,26.0,300.0,52.0,21.781800000000008,0.0163775999099016,addu
,821,821x238,26.0,300.0,52.0,22.10504000000001,0.0247296001762151,addu
,1009,1009x242,26.0,300.0,52.0,22.09188,0.0278464000672101,addu
,521,521x53,26.76,300.0,52.0,22.05767999999999,0.0152831999585032,addu
,1012,1012x375,27.0,300.0,52.0,22.01152,0.1502015978097915,addu
,632,632x510,27.0,300.0,52.0,22.068560000000005,0.0396991997957229,addu
,865,865x481,27.0,300.0,52.0,22.008879999999987,0.1793407976627349,addu
,881,881x498,27.08,300.0,52.0,22.20072,0.1766015976667404,addu
,673,673x508,28.0,300.0,52.0,22.47132,0.081862398982048,addu
,880,880x390,28.0,300.0,52.0,22.271040000000006,0.0836223989725113,addu
,745,745x318,28.0,300.0,52.0,22.21636,0.0269887998700141,addu
,619,619x282,28.0,300.0,52.0,22.1018,0.0232640001922845,addu
,633,633x362,28.48,300.0,52.0,22.21100000000001,0.026707199960947,addu
,855,855x327,30.0,300.0,52.0,21.866120000000013,0.0287872001528739,addu
,806,806x688,30.0,300.0,52.0,21.804800000000004,0.2427903980016708,addu
,746,746x654,30.0,300.0,52.0,22.36272,0.2096576035022735,addu
,523,523x584,30.0,300.0,52.0,22.14764,0.0344192005693912,addu
,550,550x667,27.0,300.0,52.0,22.366320000000005,0.129958401620388,addu
,799,799x663,27.0,300.0,52.0,22.16264,0.2138815999031066,addu
,599,599x550,27.0,300.0,52.0,22.4124,0.0548032008111476,addu
,676,676x536,27.0,300.0,52.0,22.25056,0.1147199988365173,addu
,778,778x875,28.12,300.0,52.0,22.22639999999999,0.2773440062999725,addu
,754,754x752,29.0,300.0,52.0,22.509599999999995,0.245331197977066,addu
,710,710x882,29.0,300.0,52.0,22.40468,0.2649919927120209,addu
,948,948x1291,29.0,300.0,52.0,22.66612,0.6178432106971741,addu
,1023,1023x1892,32.84,324.0,52.0,23.9032,0.970521605014801,addu
,645,645x1266,35.0,375.0,52.0,22.6056,0.3805247962474823,addu
,625,625x1272,35.0,375.0,52.0,22.1544,0.36007040143013,addu
,823,823x1627,35.0,375.0,52.0,22.250639999999997,0.6528895974159241,addu
,733,733x1399,35.0,375.0,52.0,22.556479999999997,0.5196992039680481,addu
,830,830x1951,23.0,375.0,52.0,22.80772,0.7980736017227172,addu
,665,665x1691,23.0,375.0,52.0,23.202,0.5603199958801269,addu
,797,797x1206,23.0,375.0,52.0,22.796879999999987,0.4757375955581665,addu
,1000,1000x1063,23.0,375.0,52.0,22.685199999999995,0.5314495921134949,addu
,841,841x3694,27.56,393.0,52.0,23.84467999999998,1.560095977783203,addu
,837,837x3613,29.0,420.0,52.0,23.54452,1.522700810432434,addu
,774,774x2416,29.0,420.0,52.0,22.635520000000007,0.945081603527069,addu
,572,572x3269,29.0,420.0,52.0,23.19907999999999,0.9337408185005188,addu
,636,636x2261,27.0,420.0,52.0,22.777600000000003,0.70032639503479,addu
,838,838x3952,27.0,420.0,52.0,23.52652,1.6704447984695434,addu
,616,616x3057,27.0,420.0,52.0,23.599120000000003,0.9320576071739196,addu
,685,685x3053,27.0,400.8,52.0,22.72692,1.0679167985916138,addu
,574,574x4024,29.0,376.8,52.0,23.097320000000003,1.1562560319900512,addu
,584,584x3280,29.0,375.0,52.0,22.75812000000001,0.9675583839416504,addu
,1726,1726x134,29.0,375.0,52.0,22.450399999999995,0.0146944001317024,addu
,1057,1057x69,29.0,375.0,52.0,21.720839999999995,0.0109760001301765,addu
,1191,1191x40,23.24,375.0,52.0,21.680360000000004,0.0103168001398444,addu
,1042,1042x64,21.0,375.0,52.0,21.821399999999997,0.0112512001767754,addu
,1757,1757x99,21.0,375.0,52.0,22.31828,0.0134975999593734,addu
,2034,2034x108,21.0,375.0,52.0,21.848999999999997,0.0144319998100399,addu
,1421,1421x90,21.0,375.0,52.0,21.74292,0.0124160001054406,addu
,1072,1072x130,19.0,375.0,52.0,21.33460000000001,0.0125504000112414,addu
,1274,1274x239,16.0,375.0,52.0,22.036639999999988,0.0361344005912542,addu
,1672,1672x3,16.0,375.0,52.0,22.12356,0.0095871999859809,addu
,1536,1536x357,16.0,375.0,52.0,22.281800000000004,0.226579201221466,addu
,1074,1074x428,16.0,375.0,52.0,22.22687999999999,0.197350400686264,addu
,1509,1509x294,16.48,375.0,52.0,21.899559999999987,0.1884415984153747,addu
,1666,1666x290,17.0,375.0,52.0,22.09888000000001,0.2067264020442962,addu
,1139,1139x283,17.0,375.0,52.0,21.85488000000001,0.0468224003911018,addu
,1811,1811x494,17.0,375.0,52.0,22.11196,0.4422847986221313,addu
,1235,1235x263,17.0,375.0,52.0,21.77320000000001,0.0475839994847774,addu
,1405,1405x381,17.76,375.0,52.0,21.98364,0.225721600651741,addu
,1323,1323x332,18.0,375.0,52.0,22.11036,0.1849792003631591,addu
,1511,1511x284,18.0,375.0,52.0,22.199120000000004,0.1802751988172531,addu
,1999,1999x991,18.0,375.0,52.0,23.222919999999995,0.9883200049400328,addu
,1111,1111x1020,18.8,375.0,52.0,22.594599999999996,0.5624704122543335,addu
,1703,1703x897,22.0,375.0,52.0,22.74987999999999,0.7496448040008545,addu
,1086,1086x630,22.0,375.0,52.0,22.45255999999999,0.2800000071525573,addu
,1430,1430x803,22.0,375.0,52.0,22.10832,0.5860416054725647,addu
,1069,1069x693,22.0,375.0,52.0,22.53548000000001,0.3132736027240753,addu
,1649,1649x980,21.12,375.0,52.0,22.81648000000001,0.8002496004104614,addu
,1292,1292x707,21.0,375.0,52.0,23.16044000000001,0.4536639988422394,addu
,1627,1627x665,21.0,375.0,52.0,22.687799999999992,0.5465216040611267,addu
,1988,1988x579,21.0,375.0,52.0,22.87952,0.5799551963806152,addu
,2014,2014x2038,25.48,384.0,52.0,24.17564,2.084377670288086,addu
,1505,1505x1835,29.0,420.0,52.0,23.91943999999999,1.3897216081619264,addu
,1300,1300x1197,29.0,420.0,52.0,22.86124,0.7630656003952027,addu
,1948,1948x1982,29.0,441.0,52.0,24.035919999999983,1.95350399017334,addu
,1392,1392x1929,30.0,495.0,52.0,23.850040000000007,1.3485120058059692,addu
,1491,1491x1226,30.0,495.0,52.0,23.76776,0.9099647879600524,addu
,1537,1537x1644,30.0,495.0,52.0,23.351,1.26942081451416,addu
,1852,1852x1855,31.12,495.0,52.0,24.17020000000001,1.7233792066574096,addu
,1503,1503x1984,32.0,495.0,52.0,23.942400000000006,1.4838272094726563,addu
,1923,1923x1946,32.0,492.6,52.0,24.144159999999992,1.8804991960525512,addu
,1720,1720x2972,32.16,465.0,52.0,24.3852,2.582406425476074,addu
,1339,1339x3401,36.0,450.0,52.0,24.46648,2.319289541244507,addu
,1247,1247x3395,36.0,450.0,52.0,24.071799999999996,2.120742416381836,addu
,1079,1079x2813,36.0,447.0,52.0,23.737279999999995,1.5221440076828003,addu
,1956,1956x2284,33.12,435.0,52.0,23.96368,2.2545471668243406,addu
,1289,1289x3762,33.0,450.0,52.0,24.593280000000004,2.4471231937408446,addu
,1997,1997x2699,33.0,510.0,52.0,24.21344000000001,2.7230016231536864,addu
,1156,1156x3684,37.8,552.0,52.0,24.685080000000003,2.136582374572754,addu
,1959,1959x3469,39.0,675.0,52.0,25.28228000000001,0.1884352028369903,addu
,1812,1812x2800,39.0,810.0,52.0,32.066000000000024,0.1415488004684448,addu
,2938,2938x253,39.0,810.0,52.8,36.84400000000002,0.0232128001749515,addu
,2724,2724x130,39.0,810.0,54.0,35.90300000000001,0.0091455999761819,addu
,3684,3684x100,39.0,810.0,54.0,35.755,0.0093823997303843,addu
,4034,4034x237,27.8,810.0,54.0,35.659,0.0295615997165441,addu
,2747,2747x10,25.0,810.0,54.0,36.01800000000002,0.006131200119853,addu
,3168,3168x79,25.0,810.0,54.0,35.66983999999999,0.0082111999392509,addu
,2470,2470x200,25.0,810.0,54.0,35.81456,0.0115007998421788,addu
,3583,3583x123,25.0,810.0,54.0,35.88136,0.0103808000683784,addu
,2307,2307x113,25.0,810.0,54.0,35.848719999999986,0.0082559999078512,addu
,2825,2825x107,25.0,810.0,54.84,35.72832,0.0084928000345826,addu
,2760,2760x264,25.0,810.0,55.0,35.69220000000003,0.0229631997644901,addu
,3189,3189x445,25.0,810.0,55.0,35.971079999999986,0.0426495999097824,addu
,3080,3080x305,24.24,810.0,55.0,35.98511999999998,0.0288064006716012,addu
,3421,3421x266,6.0,810.0,55.0,36.00792000000001,0.0283263999968767,addu
,3017,3017x476,6.0,810.0,55.0,36.111,0.0421183988451957,addu
,2670,2670x449,6.0,462.0,55.0,36.08899999999998,0.0372032009065151,addu
,2211,2211x469,6.0,375.0,55.0,28.801400000000005,0.1795455992221832,addu
,3066,3066x370,6.0,375.0,54.0,26.22364,0.2068287998437881,addu
,2837,2837x283,6.0,375.0,54.0,25.983480000000004,0.1357439965009689,addu
,3794,3794x496,6.0,375.0,54.0,26.015399999999985,0.3521983981132507,addu
,3217,3217x972,6.64,375.0,54.0,26.545600000000004,0.5850368022918702,addu
,3977,3977x964,14.0,375.0,54.0,26.36288,0.7155135869979858,addu
,3278,3278x669,14.0,375.0,54.0,23.73992,0.4051584005355835,addu
,4018,4018x586,14.0,375.0,53.0,22.88884,0.4376576006412506,addu
,3581,3581x1016,14.0,375.0,53.0,23.47544,0.6784768104553223,addu
,3723,3723x552,20.0,375.0,53.0,23.83992,0.6401280045509339,addu
,3557,3557x572,24.0,375.0,53.0,23.591840000000005,1.0206592082977295,addu
,2654,2654x780,24.0,375.0,53.0,23.41104000000001,1.0428800106048584,addu
,3623,3623x920,24.0,382.2,52.2,24.205119999999997,1.6633023977279664,addu
,3616,3616x828,32.4,420.0,52.04,23.818520000000007,1.5050560235977173,addu
,3310,3310x1038,34.0,420.0,53.0,23.79884,1.7317248106002807,addu
,3814,3814x1374,34.0,483.0,52.16,24.4682,2.6629568099975587,addu
,3894,3894x1460,37.2,592.2,52.4,25.086000000000013,1.1290176153182985,addu
,2496,2496x1365,39.0,735.0,53.0,23.734000000000005,0.6585791945457459,addu
,2170,2170x1505,39.0,735.0,52.6,23.30012000000001,0.6176447987556457,addu
,2445,2445x1457,39.0,735.0,52.0,23.56912,0.686681604385376,addu
,3567,3567x1727,39.0,735.0,52.2,24.036480000000005,1.1924287796020507,addu
,2459,2459x1031,23.0,735.0,53.0,23.390839999999997,0.4842623889446258,addu
,3900,3900x1998,23.0,735.0,53.0,23.92976,1.5083839893341064,addu
,3868,3868x1503,23.0,735.0,53.0,23.968359999999997,1.1269760131835938,addu
,3252,3252x2848,23.0,735.0,52.84,24.71439999999999,1.7925887823104858,addu
,3876,3876x2522,29.84,771.0,52.0,25.750159999999983,0.2691264033317566,addu
,2168,2168x2705,32.0,915.0,52.0,33.52999999999999,0.1625472009181976,addu
,4064,4064x2419,32.0,915.0,54.0,37.296839999999975,0.270329600572586,addu
,2964,2964x3110,32.0,915.0,54.0,37.573,0.2531903922557831,addu
,3555,3555x2570,32.0,915.0,54.0,37.57459999999999,0.2515711963176727,addu
,3358,3358x3544,32.0,915.0,54.0,37.69799999999999,0.3257920026779174,addu
,3264,3264x2945,32.0,915.0,55.0,38.26700000000002,0.2641727924346924,addu
,2554,2554x3169,32.0,915.0,55.0,37.96460000000001,0.223225599527359,addu
,2911,2911x2970,16.0,915.0,55.0,37.4348,0.2383808016777038,addu
,6861,6861x217,16.0,915.0,55.0,36.950159999999975,0.0438528001308441,addu
,7322,7322x50,16.0,915.0,55.0,36.15880000000002,0.0084607999771833,addu
,8049,8049x150,16.0,915.0,55.0,36.00900000000001,0.0366528004407882,addu
,7181,7181x219,16.0,915.0,55.0,36.16700000000002,0.0469824001193046,addu
,6869,6869x223,16.0,915.0,55.0,36.303,0.0451840005815029,addu
,6576,6576x89,16.0,915.0,55.0,36.21399999999998,0.0166976001113653,addu
,5080,5080x60,16.0,915.0,55.0,35.92999999999998,0.0082048000767827,addu
,5580,5580x197,16.0,390.0,55.0,33.74440000000002,0.1966784000396728,addu
,7417,7417x11,8.0,389.4,55.0,27.852400000000003,0.0105151999741792,addu
,4140,4140x229,8.0,375.0,54.0,25.984880000000015,0.1654207974672317,addu
,4383,4383x300,8.0,375.0,54.0,25.952999999999985,0.2471232026815414,addu
,4475,4475x407,8.0,375.0,54.0,26.35048,0.3347455978393555,addu
,6039,6039x275,8.0,375.0,54.0,26.1172,0.3068991959095001,addu
,5149,5149x473,8.0,375.0,54.0,24.79972,0.4560127973556518,addu
,6179,6179x474,9.32,375.0,54.0,23.700879999999994,0.5424191951751709,addu
,5354,5354x418,19.0,375.0,53.0,23.16632000000001,0.4133440017700195,addu
,7429,7429x290,19.0,375.0,53.0,23.30600000000001,0.3954047977924347,addu
,4177,4177x307,19.0,375.0,53.0,22.88412,0.2400256037712097,addu
,4879,4879x435,19.0,375.0,53.0,23.009080000000008,1.0603264093399047,addu
,6924,6924x463,22.84,405.6,52.0,24.31715999999999,1.6120383977890014,addu
,6287,6287x567,23.0,423.0,52.4,24.1958,1.8015872240066528,addu
,6446,6446x795,23.0,469.2,53.0,24.71548,2.589900827407837,addu
,4748,4748x591,33.08,480.0,53.0,24.029680000000003,1.4130176067352296,addu
,7570,7570x652,37.0,480.0,52.24,24.23536,2.4978623390197754,addu
,6923,6923x763,37.0,480.0,52.0,24.36604,2.674956798553467,addu
,6991,6991x565,37.0,480.0,52.0,24.21132,1.9980159759521483,addu
,5062,5062x810,37.0,512.4,52.0,24.64828,2.0656511783599854,addu
,6594,6594x549,37.0,570.0,52.0,23.8244,1.827455997467041,addu
,6996,6996x622,35.56,596.4,52.0,24.26904,0.8231296062469482,addu
,8127,8127x715,35.0,630.0,52.0,23.872319999999995,1.082931184768677,addu
,5949,5949x1988,35.0,630.0,52.0,24.88664,2.2124991416931152,addu
,7689,7689x1924,35.0,651.0,52.0,26.15643999999999,2.785478401184082,addu
,5649,5649x1608,34.08,735.0,53.0,25.2172,1.7567359924316406,addu
,8023,8023x1569,34.0,735.0,53.0,25.560120000000005,2.423283243179321,addu
,5173,5173x1249,34.0,735.0,52.0,24.453000000000007,1.2505023956298829,addu
,4523,4523x1725,34.0,735.0,52.0,24.576920000000005,1.5174463987350464,addu
,7610,7610x1532,32.4,735.0,53.0,25.114719999999988,2.268236827850342,addu
,5722,5722x1995,32.0,735.0,53.0,25.622920000000004,2.2154943466186525,addu
,4411,4411x1585,32.0,735.0,53.0,24.07284,1.348902416229248,addu
,7433,7433x1652,32.0,716.4,53.0,25.8846,1.1476992130279542,addu
,6589,6589x2499,32.84,855.0,53.0,32.52380000000001,0.4495167970657349,addu
,5585,5585x2216,33.0,855.0,53.0,38.80984,0.3392639994621277,addu
,7626,7626x2806,33.0,855.0,53.0,38.2892,0.5833663940429688,addu
,5164,5164x3405,33.0,855.0,55.0,39.50528,0.4797248005867004,addu
,4968,4968x2583,33.0,855.0,55.0,38.626640000000016,0.351475203037262,addu
,6566,6566x3991,33.0,855.0,55.0,38.32000000000002,0.7139647960662842,addu
,7095,7095x3885,33.0,855.0,55.0,40.72115999999998,0.7500415921211243,addu
,5153,5153x3235,30.36,855.0,55.0,39.25623999999998,0.4550656020641327,addu
,7243,7243x3647,22.0,855.0,55.0,38.561000000000014,0.7193024039268494,addu
,7827,7827x3109,22.0,855.0,55.0,41.02539999999998,0.6624896049499511,addu
,12095,12095x150,22.0,855.0,55.0,38.34171999999999,0.0532543994486331,addu
,10096,10096x1,22.0,855.0,55.0,36.17100000000002,0.0058176000602543,addu
,13511,13511x30,22.0,855.0,55.0,35.95000000000002,0.0094335999339818,addu
,14451,14451x132,22.0,565.2,55.0,35.956,0.0561279989778995,addu
,15501,15501x119,22.0,540.0,55.0,36.21132,0.0539903998374938,addu
,11224,11224x91,22.0,510.0,55.0,36.18388,0.0324479989707469,addu
,14651,14651x97,12.0,510.0,55.0,36.13740000000003,0.0430592000484466,addu
,10442,10442x7,12.0,480.0,55.0,35.94903999999999,0.0081024000421166,addu
,12261,12261x43,12.0,472.8,55.0,35.820600000000006,0.0173248004168272,addu
,10474,10474x246,12.0,435.0,55.0,35.90860000000001,0.0745280012488365,addu
,12575,12575x320,12.0,415.8,55.0,36.337,0.1145856007933616,addu
,11868,11868x269,12.0,405.0,55.0,36.59199999999999,0.0920064017176628,addu
,10034,10034x508,12.0,390.0,55.0,36.54399999999999,0.1435904026031494,addu
,10132,10132x441,12.0,390.0,55.0,36.94908000000002,0.1268671989440918,addu
,10654,10654x411,12.0,375.0,55.0,36.67464000000001,0.1247488021850586,addu
,8228,8228x333,11.0,375.0,55.0,36.49319999999998,0.0802624002099037,addu
,15196,15196x399,11.0,375.0,55.0,36.61127999999999,0.1699391990900039,addu
,16290,16290x474,11.0,375.0,55.0,36.963360000000016,0.2149055987596511,addu
,16263,16263x374,11.0,375.0,55.0,36.995400000000025,0.1702527970075607,addu
,11523,11523x265,11.0,375.0,55.0,36.84400000000002,0.0885567992925644,addu
,13021,13021x984,11.0,375.0,55.0,36.55179999999998,0.3517760038375854,addu
,10537,10537x899,11.0,375.0,55.0,38.00860000000001,0.2614976048469543,addu
,8687,8687x663,11.0,375.0,55.0,37.13439999999999,0.1618943989276886,addu
,11181,11181x994,17.0,375.0,55.0,28.824839999999984,2.0955007553100584,addu
,10015,10015x672,17.0,375.0,55.0,27.834160000000008,1.2692287921905518,addu
,12420,12420x826,17.0,375.0,54.0,28.09012,1.9352063894271847,addu
,14753,14753x570,17.0,382.8,54.0,27.09343999999999,1.5857280254364017,addu
,14426,14426x681,23.72,390.0,54.0,25.19824000000001,1.848812794685364,addu
,14135,14135x856,38.0,474.0,54.0,25.80428000000001,2.2717504024505617,addu
,13257,13257x705,38.0,510.0,54.0,24.559079999999984,1.754265594482422,addu
,8980,8980x1669,38.0,548.4,53.16,26.00683999999999,2.8235264301300047,addu
,14593,14593x1753,37.0,766.8,53.0,27.229399999999995,2.409049594402313,addu
,16007,16007x1101,37.0,975.0,53.0,32.888000000000005,0.4825664103031158,addu
,10500,10500x1354,37.0,975.0,53.0,39.07239999999999,0.3891456007957458,addu
,14543,14543x1514,37.0,975.0,55.0,38.61724000000002,0.6005567908287048,addu
,9621,9621x2046,37.0,975.0,55.0,38.92819999999999,0.5379968047142029,addu
,14145,14145x1748,36.44,975.0,55.0,38.9888,0.6742336034774781,addu
,10494,10494x1278,30.0,975.0,55.0,39.514,0.3672703981399536,addu
,14201,14201x1667,30.0,975.0,55.0,39.23496000000001,0.6454335927963257,addu
,8323,8323x1341,30.0,975.0,55.0,39.01683999999997,0.306931209564209,addu
,15766,15766x2431,30.0,975.0,55.64,38.89640000000002,1.044377613067627,addu
,14696,14696x3823,30.0,975.0,56.0,41.19395999999999,1.5286656141281127,addu
,15995,15995x2517,30.0,975.0,56.0,41.93148000000002,1.0961920022964478,addu
,8706,8706x3606,27.48,975.0,56.0,41.16156000000001,0.8555968046188355,addu
,15122,15122x3154,27.0,900.0,56.0,40.080320000000015,1.294399976730347,addu
,13080,13080x3898,27.0,900.0,56.0,40.61132000000001,1.3843200206756592,addu
,13057,13057x2722,27.0,885.0,56.0,42.10195999999999,0.9663040161132812,addu
,14568,14568x2089,27.0,872.4,56.0,40.39567999999998,0.827289593219757,addu
,10609,10609x4094,27.0,862.2,56.0,40.75472000000001,1.1793535947799685,addu
,9789,9789x2198,31.0,853.8,56.0,40.82856,0.5858239889144897,addu
,127,127x168,31.0,825.0,56.0,37.75640000000001,0.006131200119853,mulu
,18,18x218,31.0,805.8,56.0,36.20255999999998,0.005375999957323,mulu
,209,209x112,31.0,765.0,56.0,35.788000000000004,0.006131200119853,mulu
,83,83x236,31.0,726.6,56.0,35.850000000000016,0.006131200119853,mulu
,1,1x37,31.0,705.0,56.0,35.78999999999999,0.005721600074321,mulu
,172,172x29,31.0,664.2,56.0,35.80499999999998,0.0061119999736547,mulu
,188,188x90,31.0,645.0,56.0,35.725000000000016,0.0061376001685857,mulu
,116,116x165,31.0,600.0,56.0,35.659999999999975,0.006175999995321,mulu
,232,232x249,15.64,600.0,56.0,35.769,0.0064063999801874,mulu
,235,235x45,7.0,555.0,56.0,35.71900000000002,0.00616320008412,mulu
,58,58x332,7.0,555.0,55.76,35.76199999999998,0.0062656000256538,mulu
,178,178x472,7.0,525.0,55.0,35.73000000000001,0.0078144000843167,mulu
,211,211x432,7.0,525.0,55.0,35.76199999999998,0.0081471998244524,mulu
,134,134x373,7.0,480.0,55.0,35.801000000000016,0.0072512000799179,mulu
,86,86x339,7.0,480.0,55.0,35.801000000000016,0.0067391999997198,mulu
,163,163x321,7.0,450.0,55.0,35.86007999999999,0.0081599999219179,mulu
,76,76x447,7.0,450.0,55.0,35.73572,0.0072063999250531,mulu
,235,235x420,7.0,420.0,55.0,35.695960000000014,0.0085376000031828,mulu
,174,174x314,8.0,420.0,55.0,35.71840000000001,0.0081984000280499,mulu
,229,229x439,8.0,390.0,55.0,35.69832,0.0088895998895168,mulu
,43,43x969,8.0,387.6,55.0,35.85208000000002,0.0080960001796484,mulu
,76,76x950,8.0,375.0,55.0,35.921000000000014,0.0086719999089837,mulu
,229,229x602,8.0,375.0,55.0,35.805399999999985,0.0102591998875141,mulu
,72,72x601,8.0,375.0,55.0,35.75124000000002,0.0082048000767827,mulu
,4,4x932,8.0,375.0,55.0,35.913000000000004,0.0072127999737858,mulu
,149,149x1015,8.0,375.0,55.0,28.80700000000001,0.0122816003859043,mulu
,79,79x781,8.0,375.0,55.0,25.981999999999985,0.0104064000770449,mulu
,15,15x635,8.92,375.0,54.2,25.943680000000004,0.0089088000357151,mulu
,62,62x895,9.0,375.0,54.0,25.959679999999995,0.0102207999676466,mulu
,183,183x680,9.0,375.0,54.0,25.853960000000008,0.012288000062108,mulu
,40,40x1421,9.0,375.0,54.0,25.9678,0.0103999998420476,mulu
,50,50x1745,9.0,375.0,54.0,25.99244,0.011430400237441,mulu
,84,84x1234,9.0,375.0,54.0,25.77956,0.0111104000359773,mulu
,60,60x1293,9.0,375.0,54.0,24.619119999999995,0.0107392000034451,mulu
,89,89x1648,9.0,375.0,53.36,22.268079999999998,0.0123264003545045,mulu
,108,108x1291,13.0,375.0,53.0,21.918639999999996,0.0124800000339746,mulu
,101,101x1245,13.0,375.0,53.0,22.32952,0.0123967999592423,mulu
,6,6x1222,13.0,375.0,53.0,22.525040000000004,0.010207999870181,mulu
,143,143x1737,13.0,375.0,53.0,22.11868,0.0152704000473022,mulu
,99,99x1602,13.0,375.0,52.0,22.02260000000001,0.0129984000697731,mulu
,55,55x2789,14.76,375.0,52.0,21.9426,0.0126976000145077,mulu
,64,64x3957,15.0,375.0,52.0,22.1296,0.0152704002335667,mulu
,253,253x2522,15.0,375.0,52.0,22.209239999999998,0.2619455993175507,mulu
,220,220x2822,15.0,375.0,52.0,22.281240000000004,0.2507327973842621,mulu
,225,225x2397,15.0,375.0,52.0,22.20479999999999,0.2281407982110977,mulu
,102,102x3436,17.0,375.0,52.0,22.352520000000013,0.0909759998321533,mulu
,205,205x3507,17.0,375.0,52.0,22.438679999999994,0.2972672045230865,mulu
,129,129x4053,17.0,375.0,52.0,22.1416,0.2224319964647293,mulu
,14,14x2782,17.0,375.0,52.0,21.922320000000003,0.0103871999308466,mulu
,104,104x3251,17.0,375.0,52.0,21.63592000000001,0.0707455992698669,mulu
,453,453x231,18.0,375.0,52.0,21.31288000000001,0.0121600000187754,mulu
,341,341x252,18.0,375.0,52.0,21.55567999999999,0.011039999872446,mulu
,500,500x81,18.0,375.0,52.0,21.45971999999999,0.0105024000629782,mulu
,288,288x15,18.0,375.0,52.0,21.50308,0.0095935998484492,mulu
,476,476x177,18.0,375.0,52.0,21.598,0.0109376000240445,mulu
,300,300x34,15.0,375.0,52.0,21.59596000000001,0.0102208001539111,mulu
,473,473x216,15.0,375.0,52.0,21.605480000000004,0.0121344000101089,mulu
,307,307x251,15.0,375.0,52.0,22.026479999999992,0.0110208000987768,mulu
,480,480x104,15.0,375.0,52.0,21.824,0.0104704001918435,mulu
,372,372x48,15.0,375.0,51.0,21.6296,0.0102528000250458,mulu
,296,296x411,15.96,375.0,51.0,21.7874,0.012313600257039,mulu
,349,349x266,16.0,375.0,51.64,22.178559999999997,0.0117887999862432,mulu
,443,443x493,16.0,375.0,52.0,21.96976,0.014847999997437,mulu
,361,361x468,16.0,375.0,52.0,21.783800000000006,0.0135744001716375,mulu
,333,333x355,16.0,375.0,52.0,21.788239999999995,0.0122944002971053,mulu
,360,360x338,16.0,375.0,52.0,21.452799999999996,0.012262400239706,mulu
,267,267x285,16.0,375.0,52.0,21.64032000000001,0.0109951999038457,mulu
,328,328x377,16.0,375.0,52.0,21.541560000000008,0.0122752003371715,mulu
,417,417x425,16.0,375.0,51.04,21.97748,0.0141248000785708,mulu
,397,397x482,16.0,375.0,51.0,21.95732,0.0141248000785708,mulu
,500,500x765,16.44,375.0,51.6,21.83983999999999,0.1500031977891922,mulu
,284,284x758,17.0,375.0,52.0,21.9244,0.0143487999215722,mulu
,261,261x915,17.0,375.0,52.0,22.19748,0.0152575999498367,mulu
,419,419x929,17.0,375.0,52.0,22.0568,0.1528319984674453,mulu
,308,308x677,17.0,375.0,52.0,22.189760000000007,0.0143360001966357,mulu
,351,351x967,17.0,375.0,51.0,21.82719999999999,0.0735168009996414,mulu
,337,337x768,17.0,375.0,51.0,22.09852,0.0155839998275041,mulu
,424,424x801,17.0,375.0,51.0,21.84892000000001,0.0732160001993179,mulu
,267,267x536,17.0,375.0,51.0,21.737959999999998,0.0126400001347064,mulu
,476,476x779,17.0,375.0,51.0,22.001280000000005,0.1310336023569107,mulu
,510,510x1267,16.56,375.0,51.0,22.061119999999992,0.2697344005107879,mulu
,477,477x1448,16.0,375.0,51.0,21.97416,0.2666112035512924,mulu
,405,405x1561,16.0,375.0,51.0,22.026639999999997,0.2649215996265411,mulu
,325,325x1687,16.0,375.0,51.48,21.90804,0.2298111975193023,mulu
,283,283x1706,16.0,375.0,52.0,21.98743999999999,0.2055871963500976,mulu
,459,459x1784,18.28,375.0,52.0,22.0876,0.3788608074188232,mulu
,324,324x1208,19.0,375.0,52.0,22.1436,0.1474048018455505,mulu
,512,512x1600,19.0,375.0,52.0,22.248640000000005,0.3687616050243377,mulu
,418,418x2031,19.0,375.0,52.0,22.24416,0.4006847977638245,mulu
,275,275x1988,19.0,375.0,52.0,22.271760000000004,0.2302207976579666,mulu
,439,439x4036,20.0,375.0,52.0,22.72147999999999,0.8585088014602661,mulu
,402,402x2788,20.0,375.0,52.0,23.14380000000001,0.5616191983222961,mulu
,512,512x2435,20.0,375.0,52.0,23.401079999999997,0.6197759985923768,mulu
,335,335x2167,20.0,375.0,52.0,22.9866,0.3141888022422791,mulu
,488,488x3379,22.8,375.0,52.0,22.821200000000005,0.8075392007827759,mulu
,304,304x3682,27.0,375.0,52.0,22.64855999999999,0.5569664001464844,mulu
,455,455x3697,27.0,382.2,52.0,23.65383999999999,0.8325119972229004,mulu
,440,440x2442,27.0,390.0,52.0,22.2866,0.5302335977554321,mulu
,303,303x3779,26.92,390.0,52.0,22.26504,0.569708776473999,mulu
,371,371x2684,26.0,390.0,52.0,22.17696,0.4975167989730835,mulu
,665,665x66,26.0,390.0,52.0,22.08496,0.0104191998019814,mulu
,948,948x212,26.0,390.0,52.0,22.10899999999999,0.0141695998609066,mulu
,986,986x92,26.0,390.0,52.0,21.875479999999992,0.0119807999581098,mulu
,973,973x136,23.84,390.0,52.0,21.89728000000001,0.0122752003371715,mulu
,531,531x3,17.0,390.0,52.0,21.675480000000004,0.0095936000347137,mulu
,823,823x185,17.0,375.0,52.0,22.12744,0.0125184003263711,mulu
,529,529x97,17.0,375.0,52.0,21.832760000000004,0.0104576000943779,mulu
,821,821x238,17.0,375.0,52.0,21.54256000000001,0.0143232000991702,mulu
,1009,1009x242,16.96,375.0,52.0,21.74412,0.0154623998329043,mulu
,521,521x53,16.0,375.0,52.0,21.54684,0.0102463999763131,mulu
,1012,1012x375,16.0,375.0,52.0,22.0562,0.1450495988130569,mulu
,632,632x510,16.0,375.0,52.0,21.503360000000008,0.0304832000285387,mulu
,865,865x481,16.0,375.0,52.0,21.784920000000007,0.1758911997079849,mulu
,881,881x498,16.0,375.0,52.0,21.95799999999999,0.18539519906044,mulu
,673,673x508,16.0,375.0,52.0,21.74012,0.0734848007559776,mulu
,880,880x390,16.0,375.0,51.0,21.79956,0.0780223995447158,mulu
,745,745x318,16.0,375.0,51.0,21.761280000000003,0.0151615999639034,mulu
,619,619x282,16.0,375.0,51.0,22.01388,0.0139456000179052,mulu
,633,633x362,16.0,375.0,51.0,22.1226,0.0149056000635027,mulu
,855,855x327,16.0,375.0,51.0,22.2508,0.0168191999197006,mulu
,806,806x688,16.0,375.0,51.0,22.2984,0.2347199976444244,mulu
,746,746x654,16.0,375.0,51.24,22.138559999999988,0.2016448020935058,mulu
,523,523x584,16.0,375.0,52.0,21.794039999999992,0.0265599999576807,mulu
,550,550x667,16.08,375.0,52.0,21.72868,0.1295551985502243,mulu
,799,799x663,18.0,375.0,52.0,22.036600000000004,0.2235264003276825,mulu
,599,599x550,18.0,375.0,52.0,21.855360000000008,0.0496128007769584,mulu
,676,676x536,18.0,375.0,51.0,21.655520000000003,0.1010111987590789,mulu
,778,778x875,18.0,375.0,51.0,22.198799999999995,0.279609602689743,mulu
,754,754x752,17.6,375.0,51.0,22.02364000000001,0.2401280015707016,mulu
,710,710x882,17.0,375.0,51.0,21.830839999999995,0.2481536030769348,mulu
,948,948x1291,17.0,375.0,51.0,22.1756,0.6106559991836548,mulu
,1023,1023x1892,17.0,375.0,51.0,23.314319999999995,0.9763200044631958,mulu
,645,645x1266,17.0,375.0,51.0,21.939360000000008,0.3828800022602081,mulu
,625,625x1272,23.0,375.0,51.0,22.252880000000005,0.3610752046108246,mulu
,823,823x1627,23.0,375.0,52.0,22.523399999999995,0.6652928113937377,mulu
,733,733x1399,23.0,375.0,52.0,22.52864,0.5153280019760131,mulu
,830,830x1951,23.0,375.0,51.0,22.405879999999996,0.7997119903564454,mulu
,665,665x1691,23.0,375.0,51.0,22.78939999999999,0.5675520062446594,mulu
,797,797x1206,23.0,375.0,52.0,22.79792000000001,0.4806847989559173,mulu
,1000,1000x1063,23.0,375.0,52.0,22.854280000000003,0.5335040092468262,mulu
,841,841x3694,23.0,375.0,52.0,23.80256,1.5610880136489869,mulu
,837,837x3613,24.92,375.0,52.0,23.181800000000003,1.5052223920822143,mulu
,774,774x2416,29.0,375.0,52.0,23.51196,0.9326272010803224,mulu
,572,572x3269,29.0,375.0,52.0,23.315520000000003,0.9417984127998352,mulu
,636,636x2261,29.0,375.0,52.0,22.98152,0.7079424023628235,mulu
,838,838x3952,29.0,375.0,52.0,23.476320000000005,1.6603008031845092,mulu
,616,616x3057,29.0,375.0,52.0,23.28204,0.953606390953064,mulu
,685,685x3053,29.0,420.6,52.0,24.253760000000003,1.0582591772079468,mulu
,574,574x4024,29.0,444.0,52.0,24.19508,1.156319999694824,mulu
,584,584x3280,33.8,480.0,52.0,23.92304,0.9582015991210936,mulu
,1726,1726x134,34.0,480.0,52.0,22.473320000000005,0.0126208001747727,mulu
,1057,1057x69,34.0,480.0,52.0,22.0612,0.0102272000163793,mulu
,1191,1191x40,34.0,480.0,52.0,22.044759999999997,0.0098559999838471,mulu
,1042,1042x64,34.0,480.0,52.0,21.59823999999999,0.0102272000163793,mulu
,1757,1757x99,18.0,480.0,52.0,21.619200000000006,0.0122304001823067,mulu
,2034,2034x108,18.0,480.0,52.0,21.583880000000008,0.0129152001813054,mulu
,1421,1421x90,18.0,480.0,52.0,21.660520000000005,0.0111999999731779,mulu
,1072,1072x130,18.0,421.2,52.0,22.032959999999992,0.0117504000663757,mulu
,1274,1274x239,18.0,375.0,52.0,21.99468,0.04026879966259,mulu
,1672,1672x3,14.0,375.0,52.0,21.93976,0.0096127998083829,mulu
,1536,1536x357,14.0,375.0,52.0,22.155199999999997,0.2274495989084243,mulu
,1074,1074x428,14.0,375.0,52.0,22.281520000000004,0.1976639986038208,mulu
,1509,1509x294,14.0,375.0,52.0,22.281600000000005,0.1866751998662948,mulu
,1666,1666x290,14.36,375.0,52.0,22.181519999999995,0.210028800368309,mulu
,1139,1139x283,17.0,375.0,52.0,22.28708,0.0462080001831054,mulu
,1811,1811x494,17.0,375.0,52.0,22.1904,0.4460800051689148,mulu
,1235,1235x263,17.0,375.0,52.0,22.0246,0.0508287996053695,mulu
,1405,1405x381,17.0,375.0,52.0,21.972719999999995,0.2263231992721557,mulu
,1323,1323x332,17.16,375.0,52.0,22.42452,0.1847744017839431,mulu
,1511,1511x284,18.0,375.0,52.0,22.17555999999999,0.1777727991342544,mulu
,1999,1999x991,18.0,375.0,52.0,23.172879999999992,1.0006847977638245,mulu
,1111,1111x1020,18.0,375.0,52.0,22.902400000000004,0.5725248098373413,mulu
,1703,1703x897,18.0,375.0,52.0,23.19476000000001,0.749727988243103,mulu
,1086,1086x630,24.0,375.0,52.0,22.463320000000007,0.285536003112793,mulu
,1430,1430x803,24.0,375.0,52.0,22.482320000000005,0.5762815952301026,mulu
,1069,1069x693,24.0,375.0,52.0,22.25599999999999,0.3135424017906189,mulu
,1649,1649x980,24.0,375.0,52.0,22.604840000000003,0.8029695868492126,mulu
,1292,1292x707,22.88,375.0,52.0,22.47395999999999,0.4475904047489166,mulu
,1627,1627x665,22.0,375.0,52.0,22.311200000000003,0.5436607956886291,mulu
,1988,1988x579,22.0,375.0,52.0,22.52752,0.5729855895042419,mulu
,2014,2014x2038,22.0,396.6,52.0,24.158520000000006,2.0815360069274904,mulu
,1505,1505x1835,28.48,405.0,52.0,23.8838,1.3949375867843627,mulu
,1300,1300x1197,31.0,405.0,52.0,23.49331999999999,0.7667456150054932,mulu
,1948,1948x1982,31.0,405.0,52.0,24.0038,1.951583981513977,mulu
,1392,1392x1929,31.0,411.0,52.0,24.2244,1.353113555908203,mulu
,1491,1491x1226,33.0,420.0,52.0,23.23052000000001,0.914905595779419,mulu
,1537,1537x1644,33.0,420.0,52.0,23.642159999999997,1.2676607847213746,mulu
,1852,1852x1855,33.0,420.0,52.0,23.54512,1.7429759979248047,mulu
,1503,1503x1984,34.2,447.0,52.0,24.78516,1.5006720066070556,mulu
,1923,1923x1946,35.0,555.0,52.0,24.443679999999997,1.9012671947479247,mulu
,1720,1720x2972,35.0,576.6,52.0,24.137559999999997,2.5741247177124023,mulu
,1339,1339x3401,35.4,615.0,52.0,24.48420000000001,2.2858431816101072,mulu
,1247,1247x3395,36.0,615.0,52.0,24.06852,2.1260096073150634,mulu
,1079,1079x2813,36.0,615.0,52.0,23.163280000000007,1.4893183946609496,mulu
,1956,1956x2284,36.0,630.0,52.0,24.479319999999998,1.151308798789978,mulu
,1289,1289x3762,31.4,690.0,52.0,23.925600000000003,0.923084807395935,mulu
,1997,1997x2699,31.0,690.0,52.0,24.08424000000001,1.0385855913162232,mulu
,1156,1156x3684,31.0,690.0,52.0,24.05592,0.8223551988601685,mulu
,1959,1959x3469,31.0,690.0,52.0,24.429400000000005,1.3113152027130126,mulu
,1812,1812x2800,31.0,690.0,52.0,24.14164,0.9713791966438292,mulu
,2938,2938x253,27.0,690.0,52.0,23.373919999999988,0.1338944017887115,mulu
,2724,2724x130,27.0,690.0,52.0,22.4834,0.0355840004980564,mulu
,3684,3684x100,27.0,690.0,52.0,22.789720000000003,0.0423040002584457,mulu
,4034,4034x237,27.0,690.0,52.0,22.354159999999997,0.1781824022531509,mulu
,2747,2747x10,27.0,450.0,52.0,22.77996000000001,0.0097728000953793,mulu
,3168,3168x79,20.84,420.0,52.0,22.587280000000007,0.0145663999021053,mulu
,2470,2470x200,13.0,405.0,52.0,22.646399999999986,0.2081024020910263,mulu
,3583,3583x123,13.0,375.0,52.0,22.580440000000007,0.192121598124504,mulu
,2307,2307x113,13.0,375.0,52.0,22.22600000000001,0.0155711997300386,mulu
,2825,2825x107,13.0,375.0,52.0,22.15212000000001,0.029721600562334,mulu
,2760,2760x264,15.4,375.0,52.0,21.71824,0.2874496012926101,mulu
,3189,3189x445,17.0,375.0,52.0,22.386119999999988,0.7024704098701477,mulu
,3080,3080x305,17.0,375.0,52.0,22.39996,0.4656639993190765,mulu
,3421,3421x266,17.0,375.0,52.0,22.51804,0.4417024075984955,mulu
,3017,3017x476,17.0,375.0,52.0,22.66896,0.7058112025260925,mulu
,2670,2670x449,22.0,375.0,52.0,23.033120000000004,0.6025279998779297,mulu
,2211,2211x469,22.0,375.0,52.0,22.426,0.5228288054466248,mulu
,3066,3066x370,22.0,375.0,52.0,22.555,0.5725375890731812,mulu
,2837,2837x283,22.0,375.0,52.0,23.119399999999995,0.3700799942016601,mulu
,3794,3794x496,23.92,375.0,52.0,23.33488,0.9422911882400512,mulu
,3217,3217x972,26.0,375.0,52.0,23.469400000000004,1.5680384159088134,mulu
,3977,3977x964,26.0,388.2,52.0,23.90916000000001,1.9314879894256591,mulu
,3278,3278x669,26.4,390.0,52.0,23.73964,1.0869888067245483,mulu
,4018,4018x586,36.0,390.0,52.0,23.393480000000007,1.1821568012237549,mulu
,3581,3581x1016,36.0,396.6,52.0,24.0246,1.848908805847168,mulu
,3723,3723x552,36.0,405.0,52.0,23.188479999999995,1.0354367971420289,mulu
,3557,3557x572,34.08,415.8,52.0,24.0294,1.012819194793701,mulu
,2654,2654x780,33.0,450.0,52.0,22.883359999999996,1.0429439783096313,mulu
,3623,3623x920,33.0,450.0,52.0,23.764,1.6822912216186523,mulu
,3616,3616x828,33.0,450.0,52.0,23.75616,1.5060352087020874,mulu
,3310,3310x1038,31.0,450.0,52.0,23.63048,1.7446784019470214,mulu
,3814,3814x1374,31.0,483.6,52.0,24.52888,2.6582592010498045,mulu
,3894,3894x1460,31.0,596.4,52.0,24.377959999999987,2.8605695724487306,mulu
,2496,2496x1365,39.0,612.6,52.0,24.12192,1.7074048042297365,mulu
,2170,2170x1505,39.0,615.0,52.0,23.17492,1.6361663818359375,mulu
,2445,2445x1457,39.0,615.0,52.0,24.25,1.7988480091094972,mulu
,3567,3567x1727,37.64,669.0,52.0,25.17008,1.2036864280700683,mulu
,2459,2459x1031,37.0,765.0,52.0,23.960600000000014,0.4886399984359741,mulu
,3900,3900x1998,37.0,765.0,52.0,24.38760000000001,1.5108800172805783,mulu
,3868,3868x1503,37.0,765.0,52.0,24.399999999999995,1.1282879829406738,mulu
,3252,3252x2848,36.04,765.0,52.0,24.768640000000005,1.799289608001709,mulu
,3876,3876x2522,29.0,765.0,52.32,25.18363999999999,1.8979455947875976,mulu
,2168,2168x2705,29.0,765.0,53.0,23.48268000000001,1.1385600090026855,mulu
,4064,4064x2419,29.0,765.0,53.0,24.87976000000001,1.907980799674988,mulu
,2964,2964x3110,29.0,720.0,53.0,25.25532,1.7728064060211182,mulu
,3555,3555x2570,29.0,678.0,53.0,24.67023999999999,1.7417855978012085,mulu
,3358,3358x3544,29.0,662.4,53.0,25.34876000000001,2.264390468597412,mulu
,3264,3264x2945,29.0,690.0,52.0,24.980320000000017,1.85206401348114,mulu
,2554,2554x3169,29.64,690.0,52.16,24.3238,1.561363196372986,mulu
,2911,2911x2970,33.0,690.0,53.0,25.13104,1.6634367942810058,mulu
,6861,6861x217,33.0,690.0,53.0,23.502320000000008,0.2807936012744904,mulu
,7322,7322x50,33.0,690.0,53.0,22.8994,0.0422208003699779,mulu
,8049,8049x150,33.0,690.0,53.0,22.624800000000004,0.2279936015605926,mulu
,7181,7181x219,31.8,690.0,52.04,22.69492,0.2979968011379242,mulu
,6869,6869x223,18.0,690.0,52.0,22.60976000000001,0.2896448016166687,mulu
,6576,6576x89,18.0,538.8,52.0,23.0468,0.1074047997593879,mulu
,5080,5080x60,18.0,458.4,52.0,22.28784000000001,0.0284351997077465,mulu
,5580,5580x197,18.0,436.8,52.0,22.425400000000003,0.5501375913619995,mulu
,7417,7417x11,17.36,405.0,52.0,22.43728,0.0108032001182436,mulu
,4140,4140x229,16.0,390.0,52.0,22.615440000000003,0.4649215996265411,mulu
,4383,4383x300,16.0,375.0,52.0,23.104800000000004,0.6517120003700256,mulu
,4475,4475x407,16.0,375.0,52.0,23.15772,0.9122688055038451,mulu
,6039,6039x275,16.0,375.0,52.0,22.75152,0.7973503828048706,mulu
,5149,5149x473,24.0,375.0,52.0,23.30296,1.2143680095672609,mulu
,6179,6179x474,24.0,375.0,52.0,23.428719999999995,1.4880063772201535,mulu
,5354,5354x418,24.0,375.0,52.0,23.4368,1.1374783992767334,mulu
,7429,7429x290,24.0,375.0,52.0,23.562600000000007,1.08088321685791,mulu
,4177,4177x307,31.0,375.0,52.0,23.053639999999994,0.6385088086128234,mulu
,4879,4879x435,31.0,375.0,52.0,23.02292,1.0694975852966309,mulu
,6924,6924x463,31.0,376.8,52.0,23.76096,1.615340805053711,mulu
,6287,6287x567,31.08,390.0,52.0,23.756800000000013,1.7965503692626954,mulu
,6446,6446x795,33.0,408.0,52.0,24.87471999999999,2.598828792572021,mulu
,4748,4748x591,33.0,480.0,52.0,24.049280000000007,1.4046783924102784,mulu
,7570,7570x652,33.0,480.0,52.0,23.78516,2.500800037384033,mulu
,6923,6923x763,36.84,480.0,52.0,24.387760000000004,2.6709824562072755,mulu
,6991,6991x565,37.0,480.0,52.0,24.18552,1.990393590927124,mulu
,5062,5062x810,37.0,505.2,52.0,24.08256,2.078975915908813,mulu
,6594,6594x549,37.72,510.0,52.0,23.78184,1.8397119998931888,mulu
,6996,6996x622,38.0,537.6,52.0,24.672160000000005,2.196614408493042,mulu
,8127,8127x715,38.0,585.0,52.0,24.114959999999986,2.9408255577087403,mulu
,5949,5949x1988,41.04,747.0,52.0,25.14587999999999,0.3247808039188385,mulu
,7689,7689x1924,42.0,855.0,52.0,35.67268000000001,0.4049727976322174,mulu
,5649,5649x1608,42.0,855.0,52.0,38.42155999999999,0.2498879969120025,mulu
,8023,8023x1569,42.0,855.0,53.36,37.69344000000002,0.3450432002544403,mulu
,5173,5173x1249,42.0,855.0,54.0,37.69539999999999,0.1785856008529663,mulu
,4523,4523x1725,42.0,855.0,54.0,37.13072000000001,0.2151232004165649,mulu
,7610,7610x1532,42.0,855.0,54.0,37.60500000000001,0.3197440028190613,mulu
,5722,5722x1995,42.0,855.0,54.84,38.087,0.312966400384903,mulu
,4411,4411x1585,19.92,855.0,55.0,38.44000000000002,0.1904960036277771,mulu
,7433,7433x1652,19.0,855.0,55.0,37.58888000000001,0.3363840043544769,mulu
,6589,6589x2499,19.0,855.0,55.0,38.25579999999999,0.4497664034366607,mulu
,5585,5585x2216,19.0,855.0,55.0,38.04347999999999,0.3394176006317139,mulu
,7626,7626x2806,19.0,855.0,55.0,38.11944,0.5829119920730591,mulu
,5164,5164x3405,19.0,855.0,55.0,39.54832000000001,0.479776006937027,mulu
,4968,4968x2583,19.0,855.0,55.0,38.48496,0.3514368057250976,mulu
,6566,6566x3991,19.0,570.0,55.0,38.32443999999999,0.7136384010314941,mulu
,7095,7095x3885,20.0,562.2,55.0,39.57507999999997,0.7501503944396972,mulu
,5153,5153x3235,20.0,555.0,55.0,38.99,0.4553280055522918,mulu
,7243,7243x3647,20.0,525.0,55.0,39.14639999999999,0.7188223958015442,mulu
,7827,7827x3109,20.0,510.6,55.0,39.13,0.6626879811286926,mulu
,12095,12095x150,20.0,510.0,55.0,40.06964000000001,0.0533440001308918,mulu
,10096,10096x1,20.0,495.0,55.0,36.12120000000001,0.006207999959588,mulu
,13511,13511x30,20.0,493.2,55.0,35.83959999999999,0.0133311998099088,mulu
,14451,14451x132,20.0,450.0,55.0,35.960520000000024,0.056454399973154,mulu
,15501,15501x119,19.0,444.0,55.0,36.16211999999999,0.0552896000444889,mulu
,11224,11224x91,19.0,435.0,55.0,36.129160000000006,0.032863999903202,mulu
,14651,14651x97,19.0,418.2,55.0,36.07467999999998,0.043801599740982,mulu
,10442,10442x7,19.0,405.0,55.0,36.048440000000014,0.0082367997616529,mulu
,12261,12261x43,19.0,382.2,55.0,35.88784000000001,0.0202303998172283,mulu
,10474,10474x246,19.0,375.0,55.0,36.02200000000002,0.0757888033986091,mulu
,12575,12575x320,19.0,375.0,55.0,36.45383999999999,0.1148288011550903,mulu
,11868,11868x269,19.0,375.0,55.0,36.686039999999984,0.0925439983606338,mulu
,10034,10034x508,19.0,375.0,55.0,36.55107999999998,0.1437184035778045,mulu
,10132,10132x441,11.0,375.0,55.0,36.55500000000001,0.1270527988672256,mulu
,10654,10654x411,11.0,375.0,55.0,36.46900000000002,0.1242688000202179,mulu
,8228,8228x333,11.0,375.0,55.0,36.469840000000005,0.080147199332714,mulu
,15196,15196x399,11.0,375.0,55.0,36.37743999999999,0.1700543999671936,mulu
,16290,16290x474,11.0,375.0,55.0,29.4846,1.4562944173812866,mulu
,16263,16263x374,11.0,375.0,55.0,27.515919999999987,1.1449151992797852,mulu
,11523,11523x265,11.8,375.0,54.16,27.175039999999985,0.5693952083587647,mulu
,13021,13021x984,21.0,375.0,54.0,27.43416,2.415884780883789,mulu
,10537,10537x899,21.0,390.0,54.0,25.520040000000016,1.779699182510376,mulu
,8687,8687x663,21.0,390.0,54.0,23.800600000000003,1.0718079805374146,mulu
,11181,11181x994,22.8,390.0,53.04,25.01584,2.0986623764038086,mulu
,10015,10015x672,36.0,390.0,53.0,24.5012,1.265216016769409,mulu
,12420,12420x826,36.0,400.8,53.0,24.909240000000004,1.928300786018372,mulu
,14753,14753x570,36.0,435.0,53.0,24.88255999999999,1.5785664081573487,mulu
,14426,14426x681,36.0,435.0,53.0,25.15544,1.8451135873794555,mulu
,14135,14135x856,36.0,438.6,53.0,25.51052000000001,2.278246355056763,mulu
,13257,13257x705,36.0,465.0,53.0,24.80883999999999,1.754419207572937,mulu
,8980,8980x1669,36.0,465.0,53.0,25.185360000000006,2.835411214828491,mulu
,14593,14593x1753,38.76,570.6,53.0,26.51148,4.8413567543029785,mulu
,16007,16007x1101,39.0,854.4,53.0,26.587400000000013,0.4824831962585449,mulu
,10500,10500x1354,39.0,930.0,53.0,34.59299999999999,0.3883135974407196,mulu
,14543,14543x1514,39.0,930.0,53.0,38.70880000000002,0.6004159927368165,mulu
,9621,9621x2046,39.0,930.0,53.0,39.22423999999999,0.5366335868835449,mulu
,14145,14145x1748,35.16,930.0,55.0,39.33507999999999,0.6729408025741577,mulu
,10494,10494x1278,35.0,930.0,55.0,40.00280000000002,0.36629119515419,mulu
,14201,14201x1667,35.0,930.0,55.0,38.33099999999999,0.6445376157760621,mulu
,8323,8323x1341,35.0,930.0,55.0,39.842520000000015,0.3057151973247528,mulu
,15766,15766x2431,35.0,930.0,55.0,39.607040000000005,1.0408512115478517,mulu
,14696,14696x3823,35.0,930.0,55.0,42.05208,1.5237824201583865,mulu
,15995,15995x2517,35.0,930.0,56.0,41.820600000000034,1.092467188835144,mulu
,8706,8706x3606,27.0,930.0,56.0,40.71244000000002,0.8536064147949218,mulu
,15122,15122x3154,27.0,922.8,56.0,41.49007999999999,1.2941824197769165,mulu
,13080,13080x3898,27.0,898.2,56.0,40.97339999999999,1.3844864130020142,mulu
,13057,13057x2722,27.0,885.0,56.0,39.668680000000016,0.965715205669403,mulu
,14568,14568x2089,27.0,855.0,56.0,41.409199999999984,0.82707839012146,mulu
,10609,10609x4094,27.0,855.0,56.0,39.29096000000001,1.179590368270874,mulu
,9789,9789x2198,32.0,845.4,56.0,42.04024,0.5861183881759644,mulu
,127,127x168,32.0,825.0,56.0,37.69548,0.0080447999760508,powu
,18,18x218,32.0,774.6,56.0,35.92732000000001,0.0072127999737858,powu
,209,209x112,32.0,765.0,56.0,35.86599999999999,0.0081663997843861,powu
,83,83x236,32.0,705.0,56.0,35.89099999999999,0.0081791998818516,powu
,1,1x37,32.0,705.0,56.0,35.87900000000001,0.0062016000971198,powu
,172,172x29,32.0,660.0,56.0,35.85699999999998,0.0081791998818516,powu
,188,188x90,32.0,660.0,56.0,35.788999999999994,0.0081919999793171,powu
,116,116x165,32.0,615.0,56.0,35.81799999999999,0.008313599973917,powu
,232,232x249,12.8,615.0,56.0,35.79600000000002,0.0103232001885771,powu
,235,235x45,8.0,570.0,56.0,35.86000000000001,0.008339199796319,powu
,58,58x332,8.0,570.0,55.52,35.851,0.0089215997606515,powu
,178,178x472,8.0,525.0,55.0,35.91999999999999,0.0129151999950408,powu
,211,211x432,8.0,525.0,55.0,35.81799999999999,0.0143039999529719,powu
,134,134x373,8.0,495.0,55.0,35.83267999999998,0.0109055999666452,powu
,86,86x339,8.0,491.4,55.0,35.86268000000001,0.0103488000109791,powu
,163,163x321,8.0,450.0,55.0,35.90371999999998,0.0123328002169728,powu
,76,76x447,8.0,422.4,55.0,35.78099999999998,0.0109119998291134,powu
,235,235x420,7.24,420.0,55.0,35.91700000000002,0.0164480000734329,powu
,174,174x314,7.0,390.0,55.0,35.86699999999999,0.0143168000504374,powu
,229,229x439,7.0,390.0,55.0,35.87300000000002,0.0174591995775699,powu
,43,43x969,7.0,375.0,55.0,35.85299999999998,0.01308160033077,powu
,76,76x950,7.0,375.0,55.0,35.832,0.0164032001048326,powu
,229,229x602,7.0,375.0,55.0,35.90099999999998,0.0205119997262954,powu
,72,72x601,7.0,375.0,55.0,35.86900000000002,0.0138431999832391,powu
,4,4x932,7.0,375.0,55.0,35.812999999999995,0.0103487998247146,powu
,149,149x1015,7.0,375.0,55.0,35.87,0.0225023999810218,powu
,79,79x781,7.0,375.0,55.0,35.84900000000002,0.0145728001371026,powu
,15,15x635,10.0,375.0,55.0,35.88300000000001,0.0104447998106479,powu
,62,62x895,10.0,375.0,55.0,33.48807999999999,0.0167487997561693,powu
,183,183x680,10.0,375.0,55.0,26.65280000000001,0.0217856001108884,powu
,40,40x1421,10.0,375.0,55.0,25.914600000000014,0.0164032001048326,powu
,50,50x1745,10.0,375.0,54.0,25.920840000000013,0.018521599844098,powu
,84,84x1234,10.0,375.0,54.0,25.79700000000001,0.0204735994338989,powu
,60,60x1293,10.0,375.0,54.0,24.058200000000006,0.0194175995886325,powu
,89,89x1648,10.08,375.0,53.24,22.362800000000004,0.0251647997647523,powu
,108,108x1291,12.0,375.0,53.0,22.3318,0.0241984002292156,powu
,101,101x1245,12.0,375.0,53.0,22.384120000000003,0.0238848000764846,powu
,6,6x1222,12.0,375.0,53.0,22.618239999999982,0.0143296001479029,powu
,143,143x1737,12.0,375.0,53.0,22.24516000000001,0.0327551998198032,powu
,99,99x1602,12.0,375.0,53.0,22.17952,0.0265087999403476,powu
,55,55x2789,14.0,375.0,53.0,21.776879999999995,0.0265408001840114,powu
,64,64x3957,14.0,375.0,52.0,21.748,0.0329535998404026,powu
,253,253x2522,14.0,375.0,52.0,21.871880000000004,0.2782016038894653,powu
,220,220x2822,14.0,375.0,52.0,22.564559999999997,0.272159993648529,powu
,225,225x2397,15.76,375.0,52.0,22.605360000000008,0.2459775984287261,powu
,102,102x3436,18.0,375.0,52.0,22.11528,0.0968319997191429,powu
,205,205x3507,18.0,375.0,52.0,21.917999999999992,0.3102271974086761,powu
,129,129x4053,18.0,375.0,52.0,22.201399999999985,0.2365887999534607,powu
,14,14x2782,18.0,375.0,52.0,21.77788,0.0165823999792337,powu
,104,104x3251,17.16,375.0,52.0,21.815759999999987,0.0743744000792503,powu
,453,453x231,17.0,375.0,52.0,21.90304,0.0216575998812913,powu
,341,341x252,17.0,375.0,52.0,21.8464,0.0201791994273662,powu
,500,500x81,17.0,375.0,52.0,21.73528,0.0166144002228975,powu
,288,288x15,17.0,375.0,52.0,21.70355999999999,0.0143232000991702,powu
,476,476x177,15.32,375.0,52.0,21.74312000000001,0.0204415995627641,powu
,300,300x34,15.0,375.0,52.0,22.107560000000007,0.0146816002205014,powu
,473,473x216,15.0,375.0,52.0,21.551600000000004,0.0212031997740268,powu
,307,307x251,15.0,375.0,52.0,21.698440000000005,0.0203072004020214,powu
,480,480x104,15.0,375.0,52.0,22.082639999999987,0.0167615998536348,powu
,372,372x48,15.64,375.0,52.0,22.026600000000013,0.0152832003310322,powu
,296,296x411,17.0,375.0,52.0,22.180600000000005,0.022681600227952,powu
,349,349x266,17.0,375.0,52.0,21.500000000000004,0.0211776003241539,powu
,443,443x493,17.0,375.0,52.0,22.03815999999999,0.03070719987154,powu
,361,361x468,17.0,375.0,52.0,22.016399999999997,0.0267136000096797,powu
,333,333x355,17.0,375.0,52.0,21.515200000000007,0.0227392002940177,powu
,360,360x338,16.0,375.0,52.0,21.703679999999995,0.0227455999702215,powu
,267,267x285,16.0,375.0,52.0,21.45872,0.0198656003922224,powu
,328,328x377,16.0,375.0,52.0,21.78560000000001,0.0230911996215581,powu
,417,417x425,16.0,375.0,52.0,21.885399999999983,0.0273471999913454,powu
,397,397x482,16.0,375.0,52.0,22.28152,0.0286848001182079,powu
,500,500x765,16.0,375.0,51.0,21.7606,0.1625344008207321,powu
,284,284x758,16.0,375.0,51.0,21.97023999999999,0.0306880000978708,powu
,261,261x915,16.0,375.0,51.0,21.981239999999996,0.0320512004196643,powu
,419,419x929,16.0,375.0,51.0,22.04316,0.1633600026369094,powu
,308,308x677,16.0,375.0,51.0,22.25800000000001,0.0291199997067451,powu
,351,351x967,16.0,375.0,51.0,22.29659999999999,0.079891200363636,powu
,337,337x768,16.0,375.0,51.32,21.95779999999999,0.0336319997906684,powu
,424,424x801,16.0,375.0,52.0,21.872000000000003,0.081369599699974,powu
,267,267x536,16.0,375.0,51.96,21.82220000000001,0.0247871998697519,powu
,476,476x779,16.0,375.0,51.0,22.03368,0.1423040002584457,powu
,510,510x1267,16.88,375.0,51.0,22.097,0.2878591954708099,powu
,477,477x1448,17.0,375.0,51.0,22.220680000000005,0.3004863977432251,powu
,405,405x1561,17.0,375.0,51.0,22.04584000000001,0.2815168023109436,powu
,325,325x1687,17.0,375.0,51.0,22.038200000000003,0.243327996134758,powu
,283,283x1706,17.24,375.0,51.0,21.929559999999995,0.2220287978649139,powu
,459,459x1784,18.0,375.0,52.0,22.351199999999995,0.3624639987945556,powu
,324,324x1208,18.0,375.0,52.0,22.244319999999988,0.1553792029619217,powu
,512,512x1600,18.0,375.0,51.08,22.25635999999999,0.3650815963745117,powu
,418,418x2031,18.0,375.0,51.0,22.393079999999998,0.3958656013011932,powu
,275,275x1988,19.36,375.0,51.92,21.741720000000004,0.2486975967884063,powu
,439,439x4036,20.0,375.0,52.0,22.766959999999997,0.8892672061920166,powu
,402,402x2788,20.0,375.0,52.0,23.105800000000016,0.569926404953003,powu
,512,512x2435,20.0,375.0,52.0,22.843599999999995,0.6378175973892212,powu
,335,335x2167,20.0,375.0,52.0,22.7268,0.3220799922943115,powu
,488,488x3379,24.0,375.0,52.0,23.57056,0.8195903897285461,powu
,304,304x3682,24.0,375.0,52.0,22.689080000000004,0.5712512016296387,powu
,455,455x3697,24.0,375.0,52.0,22.949,0.8299968004226684,powu
,440,440x2442,24.0,375.0,52.0,22.439719999999987,0.5529663801193238,powu
,303,303x3779,25.68,375.0,52.0,22.813199999999988,0.5789695978164673,powu
,371,371x2684,26.0,375.0,52.0,22.53136000000001,0.4966911911964417,powu
,665,665x66,26.0,375.0,52.0,21.91804,0.0166464000940322,powu
,948,948x212,26.0,375.0,52.0,21.723359999999992,0.0288255997002124,powu
,986,986x92,25.04,375.0,52.0,21.71532000000001,0.0211711999028921,powu
,973,973x136,18.0,375.0,52.0,21.857840000000007,0.0237696003168821,powu
,531,531x3,18.0,375.0,52.0,21.889599999999994,0.0143360001966357,powu
,823,823x185,18.0,375.0,51.36,21.916760000000004,0.0259072002023458,powu
,529,529x97,18.0,375.0,51.0,21.97796,0.0168639998883008,powu
,821,821x238,18.0,375.0,51.32,21.644999999999992,0.0286528002470731,powu
,1009,1009x242,15.0,375.0,52.0,21.659279999999995,0.0327615998685359,powu
,521,521x53,15.0,375.0,51.96,21.90528000000001,0.015846399962902,powu
,1012,1012x375,15.0,375.0,51.0,21.84923999999999,0.1505151987075805,powu
,632,632x510,15.0,375.0,51.0,22.03604,0.0426495999097824,powu
,865,865x481,15.24,375.0,51.0,21.98572,0.1877247989177703,powu
,881,881x498,16.0,375.0,51.0,22.13772,0.1991807997226715,powu
,673,673x508,16.0,375.0,51.0,21.97812,0.0776319995522499,powu
,880,880x390,16.0,375.0,51.0,21.9318,0.0806464001536369,powu
,745,745x318,16.0,375.0,51.0,21.88244000000001,0.0317375995218753,powu
,619,619x282,16.0,375.0,51.0,21.717519999999997,0.0274047996848821,powu
,633,633x362,16.0,375.0,51.68,21.960320000000007,0.0312896002084016,powu
,855,855x327,16.0,375.0,52.0,21.757919999999984,0.0350079998373985,powu
,806,806x688,16.0,375.0,52.0,22.18588,0.2523455947637558,powu
,746,746x654,16.0,375.0,52.0,22.09868000000001,0.2183936029672622,powu
,523,523x584,16.0,375.0,52.0,22.32688,0.0386303998529911,powu
,550,550x667,16.0,375.0,52.0,22.11416000000001,0.134009601175785,powu
,799,799x663,16.0,375.0,52.0,22.124839999999995,0.2377920001745224,powu
,599,599x550,16.0,375.0,52.0,21.647800000000004,0.0525247991085052,powu
,676,676x536,16.0,375.0,52.0,21.79012000000001,0.1298559993505477,powu
,778,778x875,17.0,375.0,52.0,21.921959999999995,0.2924543976783752,powu
,754,754x752,17.0,375.0,52.0,21.82692,0.2580416023731232,powu
,710,710x882,17.0,375.0,52.0,22.129920000000013,0.2775296032428741,powu
,948,948x1291,17.0,375.0,52.0,22.956200000000003,0.6330368041992187,powu
,1023,1023x1892,21.0,375.0,52.0,23.203199999999992,0.9764352083206176,powu
,645,645x1266,22.0,375.0,52.0,22.6844,0.3517440021038055,powu
,625,625x1272,22.0,375.0,52.0,22.735280000000007,0.3567807972431183,powu
,823,823x1627,22.0,375.0,52.0,22.715080000000007,0.672102403640747,powu
,733,733x1399,22.0,375.0,52.0,22.821199999999997,0.5225088119506835,powu
,830,830x1951,24.0,375.0,52.0,23.17076,0.8003648161888123,powu
,665,665x1691,24.0,375.0,52.0,22.71571999999999,0.5757760047912598,powu
,797,797x1206,24.0,375.0,52.0,22.48539999999999,0.4840000033378601,powu
,1000,1000x1063,24.0,375.0,52.0,22.449760000000005,0.5387264013290405,powu
,841,841x3694,22.08,427.8,52.0,24.49672,1.5508032083511352,powu
,837,837x3613,22.0,435.0,52.0,23.665800000000004,1.5309823751449585,powu
,774,774x2416,22.0,435.0,52.0,23.8624,0.9287807941436768,powu
,572,572x3269,27.2,435.0,52.0,23.7212,0.9366400003433228,powu
,636,636x2261,35.0,435.0,52.0,22.49679999999999,0.7145280003547668,powu
,838,838x3952,35.0,435.0,52.0,23.492519999999985,1.672383999824524,powu
,616,616x3057,35.0,435.0,52.0,23.002119999999994,0.9537536025047302,powu
,685,685x3053,30.6,411.0,52.0,24.925159999999995,1.0703936100006104,powu
,574,574x4024,30.0,465.0,52.0,23.593000000000004,1.1674240112304688,powu
,584,584x3280,30.0,465.0,52.0,23.91360000000001,0.9598463892936706,powu
,1726,1726x134,30.0,465.0,52.0,22.442759999999996,0.0265791997313499,powu
,1057,1057x69,28.0,465.0,52.0,21.95492,0.016678399965167,powu
,1191,1191x40,25.0,465.0,52.0,22.30652000000001,0.0147840000689029,powu
,1042,1042x64,25.0,465.0,52.0,22.12348,0.0163199998438358,powu
,1757,1757x99,25.0,465.0,52.0,21.458320000000004,0.0227136000990867,powu
,2034,2034x108,25.0,465.0,52.0,21.635200000000008,0.0254912000149488,powu
,1421,1421x90,22.36,375.0,52.0,21.936160000000005,0.0242304001003503,powu
,1072,1072x130,14.0,375.0,52.0,22.01796,0.0245312005281448,powu
,1274,1274x239,14.0,375.0,52.0,21.98383999999999,0.0442176006734371,powu
,1672,1672x3,14.0,375.0,52.0,22.026760000000003,0.0144896000623703,powu
,1536,1536x357,14.0,375.0,52.0,22.1642,0.2458752006292343,powu
,1074,1074x428,14.96,375.0,51.08,22.03352,0.2108415991067886,powu
,1509,1509x294,16.0,375.0,51.0,22.41748,0.1939904004335403,powu
,1666,1666x290,16.0,375.0,51.6,22.4036,0.2238847970962524,powu
,1139,1139x283,16.0,375.0,52.0,22.53532,0.0492224000394344,powu
,1811,1811x494,16.0,375.0,52.0,22.133640000000003,0.439187204837799,powu
,1235,1235x263,17.08,375.0,52.0,22.48264,0.0529855996370315,powu
,1405,1405x381,19.0,375.0,52.0,22.21840000000001,0.2358016014099121,powu
,1323,1323x332,19.0,375.0,52.0,21.85427999999999,0.2026880025863647,powu
,1511,1511x284,19.0,375.0,52.0,21.634679999999992,0.194361600279808,powu
,1999,1999x991,19.0,375.0,52.0,22.96092,0.9889984011650086,powu
,1111,1111x1020,21.0,375.0,52.0,23.09888,0.5726719975471497,powu
,1703,1703x897,21.0,375.0,52.0,22.572920000000003,0.7664639949798584,powu
,1086,1086x630,21.0,375.0,52.0,22.6098,0.298335999250412,powu
,1430,1430x803,21.0,375.0,52.0,22.706640000000007,0.5886080026626587,powu
,1069,1069x693,21.68,375.0,52.0,22.23880000000001,0.3208768010139465,powu
,1649,1649x980,22.0,375.0,52.0,22.70168,0.8017600178718567,powu
,1292,1292x707,22.0,375.0,52.0,22.85939999999999,0.4474752068519592,powu
,1627,1627x665,22.0,375.0,52.0,22.393799999999988,0.5545536160469056,powu
,1988,1988x579,22.0,375.0,52.0,22.68727999999999,0.5825536012649536,powu
,2014,2014x2038,24.0,381.0,52.0,24.129840000000005,2.0799360275268555,powu
,1505,1505x1835,24.0,450.0,52.0,23.38960000000001,1.3908608198165893,powu
,1300,1300x1197,24.0,450.0,52.0,23.02159999999999,0.7700479984283447,powu
,1948,1948x1982,31.48,498.6,52.0,24.91096,1.946790385246277,powu
,1392,1392x1929,35.0,585.0,52.0,23.649880000000003,1.3574336290359497,powu
,1491,1491x1226,35.0,585.0,52.0,23.196440000000003,0.9037439942359924,powu
,1537,1537x1644,35.0,585.0,52.0,22.927720000000004,1.2486464023590087,powu
,1852,1852x1855,29.0,585.0,52.0,24.137199999999996,1.73437442779541,powu
,1503,1503x1984,29.0,585.0,52.0,24.17376,1.5015743732452391,powu
,1923,1923x1946,29.0,585.0,52.0,23.85544,1.8728639841079715,powu
,1720,1720x2972,33.48,573.0,52.0,24.73004,0.978214418888092,powu
,1339,1339x3401,36.0,645.0,52.0,23.985840000000003,0.851039981842041,powu
,1247,1247x3395,36.0,645.0,52.0,23.96528,0.7907520055770874,powu
,1079,1079x2813,36.0,645.0,52.0,23.25272,0.5635071873664856,powu
,1956,1956x2284,34.44,645.0,52.0,23.123759999999997,0.8374335885047912,powu
,1289,1289x3762,23.0,645.0,52.0,24.282200000000003,0.9061759948730468,powu
,1997,1997x2699,23.0,645.0,52.0,24.141760000000005,1.00633602142334,powu
,1156,1156x3684,23.0,645.0,52.0,24.01715999999999,0.7954303979873657,powu
,1959,1959x3469,23.0,645.0,52.0,24.3174,1.263820767402649,powu
,1812,1812x2800,26.4,555.0,52.0,24.62008,2.5682687759399414,powu
,2938,2938x253,28.0,545.4,52.0,22.76104000000001,0.3228928089141846,powu
,2724,2724x130,28.0,517.2,52.0,21.874679999999994,0.1021247997879982,powu
,3684,3684x100,28.0,487.2,52.0,21.842239999999997,0.1304127991199493,powu
,4034,4034x237,26.56,454.8,52.0,22.34484,0.4277439951896667,powu
,2747,2747x10,19.0,436.8,52.0,22.088559999999987,0.0143360001966357,powu
,3168,3168x79,19.0,406.2,52.0,21.90956000000001,0.0308607999235391,powu
,2470,2470x200,19.0,390.0,52.0,22.230480000000007,0.2212287992238998,powu
,3583,3583x123,19.0,375.0,52.0,22.385040000000004,0.2000447988510131,powu
,2307,2307x113,18.16,375.0,52.0,22.37128,0.0334655992686748,powu
,2825,2825x107,16.0,375.0,52.0,21.9772,0.0413439996540546,powu
,2760,2760x264,16.0,375.0,52.0,22.183439999999987,0.3180288016796112,powu
,3189,3189x445,16.0,375.0,52.0,22.47591999999999,0.7028671979904175,powu
,3080,3080x305,16.0,375.0,52.0,22.48692,0.4480192005634308,powu
,3421,3421x266,18.4,375.0,52.0,22.15847999999999,0.4347263991832733,powu
,3017,3017x476,19.0,375.0,52.0,22.94312,0.7228096008300782,powu
,2670,2670x449,19.0,375.0,52.0,22.951920000000005,0.6160960078239441,powu
,2211,2211x469,19.0,375.0,52.0,22.83132000000001,0.5317951917648316,powu
,3066,3066x370,19.24,375.0,52.0,22.669320000000003,0.5846783876419067,powu
,2837,2837x283,25.0,375.0,52.0,22.27572,0.3728127956390381,powu
,3794,3794x496,25.0,375.0,52.0,24.276000000000003,0.9446655988693238,powu
,3217,3217x972,25.0,375.0,52.0,23.188560000000003,1.5844096183776857,powu
,3977,3977x964,26.12,375.0,52.0,24.23316000000001,1.944812798500061,powu
,3278,3278x669,32.0,383.4,52.0,23.88867999999999,1.1166912078857425,powu
,4018,4018x586,32.0,405.0,52.0,23.30880000000001,1.1857088088989258,powu
,3581,3581x1016,32.0,411.0,52.0,23.82596,1.840735983848572,powu
,3723,3723x552,32.96,435.0,52.0,23.87672000000001,1.0444095611572266,powu
,3557,3557x572,33.0,435.0,52.0,23.0594,1.0290112018585205,powu
,2654,2654x780,33.0,447.0,52.0,24.38304,1.0584895849227904,powu
,3623,3623x920,32.76,495.0,52.0,23.292439999999992,1.6774783849716186,powu
,3616,3616x828,31.0,495.0,52.0,23.687960000000007,1.496723222732544,powu
,3310,3310x1038,31.0,523.8,52.0,24.572959999999995,1.7518335819244384,powu
,3814,3814x1374,31.0,557.4,52.0,23.982399999999984,2.663782358169556,powu
,3894,3894x1460,35.0,587.4,52.0,24.15108,2.870905590057373,powu
,2496,2496x1365,35.0,645.0,52.0,23.17404,0.6362496018409729,powu
,2170,2170x1505,35.0,645.0,52.0,23.12904,0.6088064074516296,powu
,2445,2445x1457,35.0,645.0,52.0,23.394200000000016,0.6637567996978759,powu
,3567,3567x1727,26.0,645.0,52.0,23.95067999999999,1.1513983964920045,powu
,2459,2459x1031,26.0,645.0,52.0,22.949759999999987,0.4697663962841034,powu
,3900,3900x1998,26.0,645.0,52.8,24.35064,1.4544255971908568,powu
,3868,3868x1503,26.0,645.0,53.0,24.83163999999999,1.0870463848114014,powu
,3252,3252x2848,27.04,643.8,53.0,24.980119999999992,1.7323583841323853,powu
,3876,3876x2522,28.0,622.8,53.0,24.85504,1.8366656064987184,powu
,2168,2168x2705,28.0,739.8,53.0,25.2932,0.2060352027416229,powu
,4064,4064x2419,28.0,855.0,53.64,35.44399999999999,0.3399551928043365,powu
,2964,2964x3110,28.0,855.0,54.0,39.208680000000015,0.3194432020187377,powu
,3555,3555x2570,33.0,855.0,54.0,38.54692000000001,0.3163327932357788,powu
,3358,3358x3544,33.0,855.0,54.0,38.49572000000001,0.4097471952438354,powu
,3264,3264x2945,33.0,855.0,55.0,38.88,0.3320127964019775,powu
,2554,2554x3169,33.0,855.0,55.0,38.829920000000016,0.2809727966785431,powu
,2911,2911x2970,33.0,855.0,55.0,38.105519999999984,0.2994880020618439,powu
,6861,6861x217,33.0,855.0,55.0,37.36355999999998,0.0578368000686168,powu
,7322,7322x50,33.0,855.0,55.0,36.26700000000002,0.0190975997596979,powu
,8049,8049x150,33.0,855.0,55.0,35.94600000000002,0.0487296000123024,powu
,7181,7181x219,12.84,855.0,55.0,36.31500000000002,0.0606527991592884,powu
,6869,6869x223,12.0,855.0,55.0,36.41700000000002,0.0594432011246681,powu
,6576,6576x89,12.0,855.0,55.0,36.44299999999999,0.0268864002078771,powu
,5080,5080x60,12.0,855.0,55.0,36.14800000000002,0.0168704003095626,powu
,5580,5580x197,12.0,855.0,55.0,35.981,0.045024000108242,powu
,7417,7417x11,12.0,375.0,55.0,35.20208,0.0184896003454923,powu
,4140,4140x229,12.0,375.0,54.12,26.63279999999999,0.1650943994522094,powu
,4383,4383x300,12.0,375.0,54.0,26.269919999999992,0.2492416024208069,powu
,4475,4475x407,12.0,375.0,54.0,26.298,0.3407872021198272,powu
,6039,6039x275,11.0,375.0,54.0,26.572400000000005,0.3122560024261475,powu
,5149,5149x473,11.0,375.0,54.0,25.638279999999995,0.4533376038074493,powu
,6179,6179x474,11.0,375.0,54.0,23.24236,0.5456831932067872,powu
,5354,5354x418,11.0,375.0,53.0,23.051800000000004,0.4098303973674774,powu
,7429,7429x290,11.0,375.0,53.0,22.74048,0.3929663956165313,powu
,4177,4177x307,20.6,375.0,53.0,22.873359999999995,0.234495997428894,powu
,4879,4879x435,21.0,375.0,53.0,23.1168,0.3870848000049591,powu
,6924,6924x463,21.0,375.0,53.0,23.71824,0.5992192029953003,powu
,6287,6287x567,21.0,375.0,53.0,23.51224,0.6787328124046326,powu
,6446,6446x795,25.8,394.8,53.0,24.241440000000008,2.591168022155762,powu
,4748,4748x591,27.0,420.0,53.0,23.446480000000005,1.420083212852478,powu
,7570,7570x652,27.0,434.4,53.0,24.17275999999999,2.5066240310668944,powu
,6923,6923x763,33.0,471.0,52.0,24.49084,2.7077759742736816,powu
,6991,6991x565,37.0,532.2,52.84,24.7796,2.018579149246216,powu
,5062,5062x810,37.0,604.2,52.56,24.896119999999996,2.064991998672485,powu
,6594,6594x549,37.0,634.8,52.0,24.664680000000008,0.6984512090682984,powu
,6996,6996x622,37.0,660.0,52.0,24.258160000000004,0.8172095894813538,powu
,8127,8127x715,37.0,660.0,52.0,24.470359999999992,1.1031871795654298,powu
,5949,5949x1988,37.0,660.0,52.0,25.442680000000006,2.2453503608703613,powu
,7689,7689x1924,35.2,697.8,52.36,25.922279999999983,2.818118381500244,powu
,5649,5649x1608,34.0,765.0,53.0,25.29580000000001,1.7579456090927124,powu
,8023,8023x1569,34.0,765.0,53.0,25.5322,2.4293184757232664,powu
,5173,5173x1249,34.0,765.0,53.0,24.5482,1.2520960330963136,powu
,4523,4523x1725,33.0,765.0,53.0,25.032799999999988,1.5107200145721436,powu
,7610,7610x1532,33.0,765.0,53.0,25.81792000000001,2.262438440322876,powu
,5722,5722x1995,33.0,765.0,53.0,25.671320000000005,2.217958402633667,powu
,4411,4411x1585,33.0,765.0,53.0,25.14744000000001,1.3606271982192992,powu
,7433,7433x1652,35.28,774.6,53.0,25.74184000000001,2.382611227035522,powu
,6589,6589x2499,36.0,795.0,53.0,26.015680000000003,3.201760005950928,powu
,5585,5585x2216,36.0,807.6,53.0,26.39364,1.603955203294754,powu
,7626,7626x2806,36.0,900.0,53.52,35.034,0.6959359884262085,powu
,5164,5164x3405,36.0,900.0,54.0,41.7768,0.5732991933822632,powu
,4968,4968x2583,33.0,900.0,54.0,40.11924000000001,0.4198464035987854,powu
,6566,6566x3991,33.0,900.0,54.16,39.232999999999976,0.8502015948295594,powu
,7095,7095x3885,33.0,900.0,55.0,42.0652,0.8936959981918335,powu
,5153,5153x3235,33.0,900.0,55.0,40.62599999999998,0.5432191967964173,powu
,7243,7243x3647,33.0,900.0,55.28,41.135200000000005,0.8565824031829834,powu
,7827,7827x3109,33.0,900.0,56.0,40.989,0.7903680086135865,powu
,12095,12095x150,33.0,900.0,56.0,42.46636,0.0656704008579254,powu
,10096,10096x1,22.0,900.0,56.0,36.40275999999998,0.0065216000191867,powu
,13511,13511x30,22.0,900.0,55.12,35.978080000000006,0.0191167999058961,powu
,14451,14451x132,22.0,900.0,55.0,36.09672000000001,0.0683199986815452,powu
,15501,15501x119,22.0,900.0,55.0,36.442560000000014,0.0665535986423492,powu
,11224,11224x91,22.0,570.0,55.0,36.513200000000005,0.0464831992983818,powu
,14651,14651x97,22.0,525.0,55.0,36.26599999999999,0.0860671997070312,powu
,10442,10442x7,22.0,495.0,55.0,36.44799999999999,0.0135423999279737,powu
,12261,12261x43,22.0,495.0,55.0,35.89099999999999,0.0392960011959075,powu
,10474,10474x246,22.0,465.0,55.0,35.995,0.1678784012794494,powu
,12575,12575x320,7.0,457.8,55.0,36.83435999999999,0.2562368035316467,powu
,11868,11868x269,7.0,435.0,55.0,36.89556000000002,0.2191360026597976,powu
,10034,10034x508,7.0,409.8,55.0,37.09907999999998,0.3498240053653717,powu
,10132,10132x441,7.0,404.4,55.16,37.38907999999999,0.324480003118515,powu
,10654,10654x411,7.0,390.0,56.0,37.23979999999997,0.3301504015922546,powu
,8228,8228x333,7.0,379.2,56.0,37.16136,0.2113023996353149,powu
,15196,15196x399,7.0,375.0,56.0,36.92499999999998,0.4710464060306549,powu
,16290,16290x474,7.0,375.0,56.0,38.2438,0.5976320147514343,powu
,16263,16263x374,18.0,375.0,56.0,38.03340000000001,0.472710394859314,powu
,11523,11523x265,18.0,375.0,56.0,37.50380000000001,0.2423359990119934,powu
,13021,13021x984,18.0,375.0,55.2,32.604,2.421344041824341,powu
,10537,10537x899,18.0,450.0,55.0,28.268280000000008,1.785983967781067,powu
,8687,8687x663,18.0,465.0,54.4,27.841360000000005,1.0896576166152954,powu
,11181,11181x994,25.8,465.0,54.0,27.88764,2.1024896621704103,powu
,10015,10015x672,33.0,465.0,54.0,26.272920000000003,1.2657920122146606,powu
,12420,12420x826,33.0,465.0,54.0,25.524520000000003,1.9417855978012084,powu
,14753,14753x570,33.0,465.0,54.0,24.41008,1.5811904191970825,powu
,14426,14426x681,34.2,479.4,53.84,25.360519999999998,1.8555327653884888,powu
,14135,14135x856,35.0,525.0,53.0,25.64684000000001,2.284518384933472,powu
,13257,13257x705,35.0,525.0,53.0,25.517439999999983,1.7645375967025756,powu
,8980,8980x1669,35.0,554.4,53.0,25.77652,2.824224042892456,powu
,14593,14593x1753,39.0,758.4,53.0,27.617000000000004,4.102822387218476,powu
,16007,16007x1101,39.0,1035.0,53.0,37.66851999999998,0.5020031929016113,powu
,10500,10500x1354,39.0,1035.0,55.0,44.06399999999999,0.4054975986480713,powu
,14543,14543x1514,39.0,1035.0,55.0,44.7392,0.6225919842720031,powu
,9621,9621x2046,39.0,1035.0,55.0,44.54559999999999,0.5573567986488343,powu
,14145,14145x1748,38.68,1035.0,55.8,45.00495999999998,0.698355209827423,powu
,10494,10494x1278,31.0,1035.0,56.0,44.70468,0.3831168055534363,powu
,14201,14201x1667,31.0,1035.0,56.0,43.544,0.6694271922111511,powu
,8323,8323x1341,31.0,1035.0,56.0,46.75964,0.321094399690628,powu
,15766,15766x2431,31.0,1035.0,56.0,44.51272,1.077183985710144,powu
,14696,14696x3823,31.0,1035.0,56.24,43.954479999999975,1.5738175868988038,powu
,15995,15995x2517,29.88,1035.0,57.0,49.059840000000015,1.1313728094100952,powu
,8706,8706x3606,24.0,916.2,57.0,46.1302,0.9111039996147156,powu
,15122,15122x3154,24.0,887.4,57.0,41.34924000000003,1.5486079931259156,powu
,13080,13080x3898,24.0,885.0,57.0,42.542040000000014,1.6745279788970948,powu
,13057,13057x2722,24.0,876.6,57.0,44.94176,1.1698431968688965,powu
,14568,14568x2089,24.0,867.6,57.0,42.50575999999999,1.0191168069839478,powu
,10609,10609x4094,31.2,855.0,57.0,41.11284000000001,1.475295996665955,powu
,9789,9789x2198,34.0,840.0,57.0,44.42148000000002,0.7475072264671325,powu
,127,127x168,34.0,814.8,57.0,39.053920000000005,0.0060800001025199,divu
,18,18x218,34.0,810.0,57.0,35.87900000000001,0.0055872000753879,divu
,209,209x112,34.0,750.0,57.0,35.923,0.0061376001685857,divu
,83,83x236,34.0,750.0,56.0,35.89700000000002,0.0061440001241862,divu
,1,1x37,34.0,690.0,56.0,35.959000000000024,0.0060672000981867,divu
,172,172x29,34.0,690.0,56.0,35.951000000000015,0.0060928000137209,divu
,188,188x90,34.0,645.0,56.0,35.87400000000002,0.006150400172919,divu
,116,116x165,11.0,645.0,56.0,35.902000000000015,0.0062144000083208,divu
,232,232x249,11.0,585.0,56.0,35.822679999999984,0.0066496000625193,divu
,235,235x45,11.0,575.4,56.0,35.78776000000002,0.006131200119853,divu
,58,58x332,11.0,555.0,56.0,35.83760000000001,0.0065407998859882,divu
,178,178x472,11.0,531.6,56.0,35.796159999999986,0.007513599935919,divu
,211,211x432,11.0,510.0,56.0,35.80448000000001,0.0082048000767827,divu
,134,134x373,11.0,479.4,56.0,35.76379999999999,0.0072511999867856,divu
,86,86x339,11.0,465.0,56.0,35.76196000000001,0.0067520000040531,divu
,163,163x321,11.0,441.0,56.0,35.80560000000002,0.0081919999793171,divu
,76,76x447,8.76,435.0,56.0,35.842680000000016,0.0072704000398516,divu
,235,235x420,7.0,408.6,56.0,35.846839999999986,0.0084863999858498,divu
,174,174x314,7.0,405.0,56.0,35.913999999999994,0.0083647998049855,divu
,229,229x439,7.0,375.0,56.0,35.86699999999999,0.0092671999707818,divu
,43,43x969,7.0,375.0,56.0,35.837999999999994,0.0081984000280499,divu
,76,76x950,7.0,375.0,56.0,35.822999999999986,0.0088512001559138,divu
,229,229x602,7.0,375.0,56.0,35.894,0.0102399997413158,divu
,72,72x601,7.0,375.0,55.96,33.622320000000016,0.0102336002513766,divu
,4,4x932,7.0,375.0,55.0,26.17236,0.0087360002100467,divu
,149,149x1015,7.56,375.0,55.0,25.87259999999999,0.0122944001108407,divu
,79,79x781,9.0,375.0,55.0,25.80884,0.0104767998680472,divu
,15,15x635,9.0,375.0,54.96,25.85939999999999,0.0090431997552514,divu
,62,62x895,9.0,375.0,54.0,25.715,0.0102272002026438,divu
,183,183x680,9.0,375.0,54.0,25.83600000000001,0.012288000434637,divu
,40,40x1421,9.0,375.0,54.0,25.91399999999999,0.0102463999763131,divu
,50,50x1745,9.0,375.0,54.0,25.6932,0.0110207999125123,divu
,84,84x1234,9.0,375.0,54.0,23.527199999999997,0.0120959999039769,divu
,60,60x1293,10.28,375.0,54.0,22.75632000000001,0.0110975999385118,divu
,89,89x1648,13.0,375.0,53.16,22.56299999999999,0.0125120002776384,divu
,108,108x1291,13.0,375.0,53.0,22.66868,0.0122816003859043,divu
,101,101x1245,13.0,375.0,53.0,21.76056,0.0123455999419093,divu
,6,6x1222,13.0,375.0,53.0,21.685199999999995,0.0099136000499129,divu
,143,143x1737,13.0,375.0,52.24,21.788879999999995,0.0149952001869678,divu
,99,99x1602,13.0,375.0,52.0,21.53208,0.0128895999863743,divu
,55,55x2789,13.0,375.0,52.0,21.90084,0.0128512000665068,divu
,64,64x3957,13.0,375.0,52.0,22.083599999999983,0.0150720000267028,divu
,253,253x2522,13.0,375.0,52.0,22.144520000000007,0.2615616023540497,divu
,220,220x2822,16.0,375.0,52.0,21.967759999999995,0.2523328065872192,divu
,225,225x2397,16.0,375.0,52.0,21.69699999999999,0.228083199262619,divu
,102,102x3436,16.0,375.0,52.0,21.752600000000008,0.0900672018527984,divu
,205,205x3507,16.0,375.0,52.0,22.0372,0.3004736065864563,divu
,129,129x4053,16.4,375.0,52.0,22.17476000000001,0.2207167983055114,divu
,14,14x2782,18.0,375.0,52.0,21.5578,0.0102911997586488,divu
,104,104x3251,18.0,375.0,52.0,21.567719999999994,0.0697983995079994,divu
,453,453x231,18.0,375.0,52.0,22.11844,0.0121727997437119,divu
,341,341x252,18.0,375.0,52.0,21.685440000000007,0.0113343998789787,divu
,500,500x81,17.68,375.0,52.0,21.96704,0.0102399999275803,divu
,288,288x15,16.0,375.0,52.0,21.71612,0.0097983999177813,divu
,476,476x177,16.0,375.0,52.0,21.77144,0.0113471997901797,divu
,300,300x34,16.0,375.0,52.0,21.68904000000001,0.0102080002427101,divu
,473,473x216,16.0,375.0,52.0,21.52483999999999,0.0118911998346447,divu
,307,307x251,16.0,375.0,52.0,21.87364000000001,0.0106879997998476,divu
,480,480x104,15.0,375.0,51.0,22.0888,0.0104639999568462,divu
,372,372x48,15.0,375.0,51.0,22.053840000000005,0.0102335998788475,divu
,296,296x411,15.0,375.0,51.64,21.96920000000001,0.0123456001281738,divu
,349,349x266,15.0,375.0,52.0,21.89296,0.0117567999288439,divu
,443,443x493,15.0,375.0,51.56,22.031479999999988,0.0144512001425027,divu
,361,361x468,15.0,375.0,51.0,22.238839999999996,0.0135104000568389,divu
,333,333x355,15.0,375.0,51.0,22.26608000000001,0.0122880002483725,divu
,360,360x338,15.0,375.0,52.0,21.533319999999996,0.012300799973309,divu
,267,267x285,15.0,375.0,52.0,21.907,0.0109695998951792,divu
,328,328x377,15.0,375.0,52.0,22.006519999999995,0.0122752003371715,divu
,417,417x425,15.68,375.0,52.0,22.07036,0.0138880001381039,divu
,397,397x482,16.0,375.0,51.88,22.13663999999999,0.0142464000731706,divu
,500,500x765,16.0,375.0,51.0,21.764800000000005,0.153516799211502,divu
,284,284x758,16.0,375.0,51.0,21.861,0.0144512001425027,divu
,261,261x915,16.0,375.0,51.0,21.79984,0.0152192000299692,divu
,419,419x929,16.6,375.0,51.0,21.72575999999999,0.1514880001544952,divu
,308,308x677,17.0,375.0,51.0,21.829439999999995,0.0143296001479029,divu
,351,351x967,17.0,375.0,51.0,21.920919999999988,0.0689984016120433,divu
,337,337x768,17.0,375.0,51.4,22.38468,0.015846399962902,divu
,424,424x801,17.0,375.0,52.0,22.14520000000001,0.0730048015713691,divu
,267,267x536,17.0,375.0,51.92,22.016359999999995,0.0126080000773072,divu
,476,476x779,17.0,375.0,51.0,22.196640000000013,0.1299520000815391,divu
,510,510x1267,17.0,375.0,51.08,22.240280000000013,0.269049596786499,divu
,477,477x1448,17.0,375.0,52.0,21.99151999999999,0.2889343976974487,divu
,405,405x1561,17.0,375.0,52.0,21.93364000000001,0.2640255987644195,divu
,325,325x1687,17.0,375.0,52.0,22.335880000000003,0.2294975996017456,divu
,283,283x1706,17.0,375.0,52.0,21.9558,0.2017664015293121,divu
,459,459x1784,17.0,375.0,51.0,22.288120000000003,0.370438402891159,divu
,324,324x1208,17.0,375.0,51.0,22.22632,0.1499711990356445,divu
,512,512x1600,17.0,375.0,51.96,22.3902,0.3655039966106415,divu
,418,418x2031,18.0,375.0,52.0,22.461080000000003,0.4034943997859955,divu
,275,275x1988,18.0,375.0,52.0,21.79299999999999,0.2288639992475509,divu
,439,439x4036,18.0,375.0,52.0,22.96288,0.8867392063140869,divu
,402,402x2788,18.0,375.0,52.0,23.0042,0.5624704003334046,divu
,512,512x2435,22.08,375.0,52.0,22.60892,0.6251967906951904,divu
,335,335x2167,24.0,375.0,51.0,21.91988,0.3164991974830627,divu
,488,488x3379,24.0,375.0,51.0,22.363520000000005,0.8118335962295532,divu
,304,304x3682,24.0,375.0,52.0,22.68088,0.5553344130516052,divu
,455,455x3697,24.0,375.0,52.0,23.06151999999999,0.8310400009155273,divu
,440,440x2442,24.0,375.0,52.0,22.59455999999999,0.5345088005065918,divu
,303,303x3779,24.0,375.0,52.0,22.41199999999999,0.5807744026184082,divu
,371,371x2684,24.0,375.0,52.0,22.5064,0.4712191939353943,divu
,665,665x66,24.0,375.0,52.0,22.099080000000004,0.0104960000142455,divu
,948,948x212,20.64,375.0,52.0,21.81784000000001,0.0143168000504374,divu
,986,986x92,20.0,375.0,52.0,21.7232,0.0119423998519778,divu
,973,973x136,20.0,375.0,52.0,21.938160000000003,0.0123840000480413,divu
,531,531x3,20.0,375.0,52.0,21.623840000000005,0.0102399997413158,divu
,823,823x185,20.0,375.0,52.0,22.1206,0.0128192000091075,divu
,529,529x97,15.6,375.0,52.0,22.109800000000003,0.0104063998907804,divu
,821,821x238,15.0,375.0,52.0,22.019520000000007,0.0142912000417709,divu
,1009,1009x242,15.0,375.0,51.0,21.65476,0.0150655999779701,divu
,521,521x53,15.0,375.0,51.0,21.35243999999999,0.0102527998387813,divu
,1012,1012x375,15.0,375.0,51.84,22.05284000000001,0.1297087967395782,divu
,632,632x510,15.96,375.0,52.0,21.81248,0.030214400589466,divu
,865,865x481,16.0,375.0,51.04,22.09788,0.1752256006002426,divu
,881,881x498,16.0,375.0,51.0,21.696960000000008,0.1863744020462036,divu
,673,673x508,16.0,375.0,51.0,21.95400000000001,0.0774591997265815,divu
,880,880x390,16.0,375.0,51.0,21.75724000000001,0.0756736010313034,divu
,745,745x318,16.0,375.0,51.0,21.69888,0.0150912001729011,divu
,619,619x282,16.0,375.0,51.0,21.765119999999992,0.0138624001294374,divu
,633,633x362,16.0,375.0,51.0,21.989439999999995,0.0149887999519705,divu
,855,855x327,16.0,375.0,51.0,21.88936,0.0163839999586343,divu
,806,806x688,16.0,375.0,51.0,22.614399999999996,0.2343935966491699,divu
,746,746x654,16.0,375.0,51.0,22.15040000000001,0.203916797041893,divu
,523,523x584,16.0,375.0,51.0,22.07760000000001,0.0267392002046108,divu
,550,550x667,16.0,375.0,51.0,22.02472000000001,0.1315968006849289,divu
,799,799x663,16.0,375.0,51.0,22.248559999999987,0.2239423990249633,divu
,599,599x550,16.0,375.0,51.0,22.01263999999999,0.0517120003700256,divu
,676,676x536,17.0,375.0,51.0,21.83024000000001,0.0969728015363216,divu
,778,778x875,17.0,375.0,51.48,22.185240000000004,0.2787648022174835,divu
,754,754x752,17.0,375.0,52.0,21.90408,0.2404992014169693,divu
,710,710x882,17.0,375.0,52.0,22.05884,0.2603519976139068,divu
,948,948x1291,18.92,375.0,52.0,23.06092000000001,0.6109311938285827,divu
,1023,1023x1892,20.0,375.0,52.0,23.016040000000004,0.9714751958847044,divu
,645,645x1266,20.0,375.0,52.0,22.731960000000004,0.3828607976436615,divu
,625,625x1272,20.0,375.0,52.0,22.7246,0.3616703987121582,divu
,823,823x1627,20.32,375.0,52.0,22.84335999999999,0.6689663887023926,divu
,733,733x1399,24.0,375.0,52.0,22.46240000000001,0.5153599977493286,divu
,830,830x1951,24.0,375.0,52.0,22.63868,0.7911104083061218,divu
,665,665x1691,24.0,375.0,52.0,22.33904,0.5715327978134155,divu
,797,797x1206,24.0,375.0,52.0,22.355200000000004,0.4788416028022766,divu
,1000,1000x1063,22.24,375.0,52.0,22.559200000000004,0.5283071994781494,divu
,841,841x3694,22.0,375.0,52.0,23.835560000000005,1.5812992095947265,divu
,837,837x3613,22.0,377.4,52.0,23.521959999999996,1.51669762134552,divu
,774,774x2416,22.0,390.0,52.0,22.884400000000007,0.9413376092910768,divu
,572,572x3269,30.0,390.0,52.0,22.911119999999997,0.9361536026000976,divu
,636,636x2261,30.0,390.0,52.0,23.05152,0.7043520092964173,divu
,838,838x3952,30.0,390.0,52.0,23.853679999999997,1.6501183748245238,divu
,616,616x3057,30.0,390.0,52.0,22.973799999999983,0.9482623934745787,divu
,685,685x3053,30.0,390.0,52.0,23.04604,1.060319995880127,divu
,574,574x4024,30.0,387.0,52.0,23.671759999999995,1.1518143892288208,divu
,584,584x3280,30.0,375.0,52.0,23.34419999999999,0.9647104024887084,divu
,1726,1726x134,29.96,375.0,52.0,22.02268000000001,0.0150655999779701,divu
,1057,1057x69,29.0,375.0,52.0,21.638559999999988,0.0109247999265789,divu
,1191,1191x40,29.0,375.0,52.0,21.30852000000001,0.0105792000889778,divu
,1042,1042x64,29.0,375.0,52.0,22.159719999999997,0.011027199961245,divu
,1757,1757x99,29.0,375.0,52.0,21.65444,0.0137407999485731,divu
,2034,2034x108,26.92,375.0,52.0,21.7298,0.0144128000363707,divu
,1421,1421x90,16.0,375.0,52.0,22.32536000000001,0.0123968001455068,divu
,1072,1072x130,16.0,375.0,52.0,22.05192,0.0124160002917051,divu
,1274,1274x239,16.0,375.0,52.0,21.94956,0.0361791990697383,divu
,1672,1672x3,16.0,375.0,52.0,22.02256000000001,0.0096127999946475,divu
,1536,1536x357,16.32,375.0,52.0,22.242400000000007,0.22707200050354,divu
,1074,1074x428,17.0,375.0,52.0,22.36680000000001,0.1977472007274627,divu
,1509,1509x294,17.0,375.0,52.0,22.110800000000005,0.1876671999692916,divu
,1666,1666x290,17.0,375.0,52.0,22.108,0.2081984013319015,divu
,1139,1139x283,17.0,375.0,52.0,22.1302,0.0476159997284412,divu
,1811,1811x494,17.96,375.0,52.0,22.86464,0.4455871999263763,divu
,1235,1235x263,19.0,375.0,52.0,22.669799999999995,0.0487999990582466,divu
,1405,1405x381,19.0,375.0,52.0,22.016119999999987,0.2254592001438141,divu
,1323,1323x332,19.0,375.0,52.0,22.01484,0.1880127996206283,divu
,1511,1511x284,19.0,375.0,52.0,22.01748000000001,0.1760064005851745,divu
,1999,1999x991,19.76,375.0,52.0,22.898520000000005,1.0001856088638306,divu
,1111,1111x1020,20.0,375.0,52.0,22.6494,0.5713536024093628,divu
,1703,1703x897,20.0,375.0,52.0,22.94359999999999,0.7580223917961121,divu
,1086,1086x630,20.0,375.0,52.0,22.946800000000007,0.2843840003013611,divu
,1430,1430x803,20.0,375.0,52.0,22.71668000000001,0.5731520175933837,divu
,1069,1069x693,24.0,375.0,52.0,22.70652,0.3144896030426025,divu
,1649,1649x980,24.0,375.0,52.0,23.757840000000005,0.7938495993614196,divu
,1292,1292x707,24.0,375.0,52.0,22.73700000000001,0.4487296044826507,divu
,1627,1627x665,24.0,375.0,52.0,22.350680000000008,0.5415680050849915,divu
,1988,1988x579,24.92,375.0,52.0,22.760119999999997,0.5822655916213989,divu
,2014,2014x2038,25.0,375.0,52.0,23.93332,2.067955207824707,divu
,1505,1505x1835,25.0,411.0,52.0,24.44728,1.3758015871047973,divu
,1300,1300x1197,27.4,450.0,52.0,23.8372,0.7590784192085266,divu
,1948,1948x1982,35.0,450.0,52.0,24.001760000000008,1.932883191108704,divu
,1392,1392x1929,35.0,450.0,52.0,23.83388,1.3544960021972656,divu
,1491,1491x1226,35.0,450.0,52.0,23.40576000000001,0.9138239979743956,divu
,1537,1537x1644,33.32,450.0,52.0,23.20040000000001,1.2739968299865725,divu
,1852,1852x1855,32.0,450.0,52.0,23.864119999999996,1.7379584074020389,divu
,1503,1503x1984,32.0,406.8,52.0,23.42336,1.4981824159622192,divu
,1923,1923x1946,32.0,405.0,52.0,23.70368000000001,1.8851968050003047,divu
,1720,1720x2972,32.0,395.4,52.0,24.02516,2.573862409591675,divu
,1339,1339x3401,32.0,457.8,52.0,24.57704,2.3085952281951903,divu
,1247,1247x3395,34.16,465.0,52.0,24.101840000000006,2.139123153686524,divu
,1079,1079x2813,38.0,465.0,52.0,23.45020000000001,1.53374080657959,divu
,1956,1956x2284,38.0,465.0,52.0,24.1532,2.2586559772491457,divu
,1289,1289x3762,37.04,465.0,52.0,23.93068,2.452198362350464,divu
,1997,1997x2699,34.0,498.6,52.0,24.495320000000003,2.7034623622894287,divu
,1156,1156x3684,34.0,543.0,52.0,24.58356,2.126918411254883,divu
,1959,1959x3469,36.4,589.2,52.0,24.38119999999999,1.302304005622864,divu
,1812,1812x2800,38.0,630.0,52.0,24.10728000000001,0.945081603527069,divu
,2938,2938x253,38.0,630.0,52.0,23.037039999999998,0.1213760018348693,divu
,2724,2724x130,38.0,630.0,52.0,22.82352000000001,0.0356479994952678,divu
,3684,3684x100,38.0,630.0,52.0,22.285999999999994,0.0430527999997139,divu
,4034,4034x237,21.2,630.0,52.0,22.35524,0.1696447998285293,divu
,2747,2747x10,18.0,630.0,52.0,22.201560000000008,0.0081919999793171,divu
,3168,3168x79,18.0,630.0,52.0,22.290800000000008,0.0127168003469705,divu
,2470,2470x200,18.0,630.0,52.0,22.68660000000001,0.0820864006876945,divu
,3583,3583x123,18.0,630.0,52.0,22.3576,0.0732224002480506,divu
,2307,2307x113,15.6,375.0,52.0,22.627240000000008,0.0157696003094315,divu
,2825,2825x107,12.0,375.0,52.0,22.058760000000007,0.0315775997936725,divu
,2760,2760x264,12.0,375.0,52.0,22.308000000000003,0.2838528037071228,divu
,3189,3189x445,12.0,375.0,52.0,23.05792,0.6956288099288941,divu
,3080,3080x305,12.0,375.0,52.0,23.146040000000013,0.458348798751831,divu
,3421,3421x266,22.0,375.0,52.0,22.87732,0.4423104047775268,divu
,3017,3017x476,22.0,375.0,52.0,22.902400000000004,0.7071616053581238,divu
,2670,2670x449,22.0,375.0,52.0,22.79332000000001,0.5945535898208618,divu
,2211,2211x469,22.0,375.0,52.0,22.63483999999999,0.5191743969917297,divu
,3066,3066x370,23.44,375.0,52.0,22.726520000000004,0.5657664060592651,divu
,2837,2837x283,25.0,375.0,52.0,22.58664,0.3732927978038788,divu
,3794,3794x496,25.0,375.0,52.0,22.54572,0.9406336069107056,divu
,3217,3217x972,25.0,396.6,52.0,24.43312,1.57467520236969,divu
,3977,3977x964,30.88,459.6,52.0,24.53552000000001,1.9443840026855468,divu
,3278,3278x669,32.0,510.0,52.0,23.59360000000001,1.096390414237976,divu
,4018,4018x586,32.0,510.0,52.0,23.797920000000005,1.1611711978912354,divu
,3581,3581x1016,32.0,510.0,52.0,23.80076,1.8298880100250243,divu
,3723,3723x552,32.0,510.0,52.0,24.266839999999988,1.043564796447754,divu
,3557,3557x572,32.0,510.0,52.0,23.434640000000005,1.0140607953071594,divu
,2654,2654x780,32.0,510.0,52.0,23.66956,1.0436863899230957,divu
,3623,3623x920,32.16,484.8,52.0,24.036120000000004,1.6839040279388429,divu
,3616,3616x828,33.0,463.2,52.0,23.793080000000003,1.499238419532776,divu
,3310,3310x1038,33.0,450.0,52.0,23.81492,1.7251327991485597,divu
,3814,3814x1374,33.0,460.8,52.0,24.323959999999992,2.622233581542969,divu
,3894,3894x1460,33.0,502.2,52.0,24.96684,2.86837763786316,divu
,2496,2496x1365,33.0,555.0,52.0,23.51344000000001,1.7164416074752809,divu
,2170,2170x1505,33.0,555.0,52.0,24.020959999999995,1.644806432723999,divu
,2445,2445x1457,36.36,570.0,52.0,23.832319999999992,1.798041582107544,divu
,3567,3567x1727,37.0,603.0,52.0,24.96132,1.5855423927307128,divu
,2459,2459x1031,37.0,735.0,52.0,23.01548,0.4907903969287872,divu
,3900,3900x1998,37.0,735.0,52.0,24.1912,1.5102784156799316,divu
,3868,3868x1503,32.0,735.0,52.0,24.325759999999992,1.1273728132247924,divu
,3252,3252x2848,32.0,735.0,52.0,24.646759999999997,1.7952447891235352,divu
,3876,3876x2522,32.0,735.0,52.56,24.95688,1.8943936109542847,divu
,2168,2168x2705,32.0,735.0,53.0,24.076120000000007,1.139193630218506,divu
,4064,4064x2419,30.0,735.0,53.0,25.255600000000005,1.9055295944213868,divu
,2964,2964x3110,30.0,715.8,53.0,25.45396000000001,1.7769919872283937,divu
,3555,3555x2570,30.0,691.2,52.08,24.350400000000004,1.7602175951004029,divu
,3358,3358x3544,30.0,669.0,52.0,25.03284,2.26844162940979,divu
,3264,3264x2945,32.0,647.4,52.0,24.83092000000001,1.8108352184295653,divu
,2554,2554x3169,32.0,630.0,52.6,25.0068,1.5129855871200562,divu
,2911,2911x2970,32.0,627.0,53.0,24.53963999999999,1.6261248111724853,divu
,6861,6861x217,32.0,604.8,52.0,23.347160000000013,0.7157823920249939,divu
,7322,7322x50,29.0,576.0,52.0,22.18344,0.1181567996740341,divu
,8049,8049x150,29.0,542.4,52.0,22.78108,0.5950592041015625,divu
,7181,7181x219,29.0,506.4,52.0,23.09024000000001,0.7783807992935181,divu
,6869,6869x223,29.0,486.6,52.0,22.93252,0.7522560119628906,divu
,6576,6576x89,20.0,457.2,52.0,22.122919999999997,0.2252416014671325,divu
,5080,5080x60,20.0,436.8,52.0,21.946439999999992,0.0297919999808073,divu
,5580,5580x197,20.0,405.0,52.0,22.1444,0.5550015926361084,divu
,7417,7417x11,20.0,390.0,52.0,22.40848,0.0108991999179124,divu
,4140,4140x229,19.04,375.6,52.0,22.115800000000007,0.4628224015235901,divu
,4383,4383x300,17.0,375.0,52.0,22.87252000000001,0.6508287906646728,divu
,4475,4475x407,17.0,375.0,52.0,22.89308000000001,0.9196800112724304,divu
,6039,6039x275,17.0,375.0,52.0,23.44099999999999,0.8187391877174377,divu
,5149,5149x473,20.08,375.0,52.0,23.03648,1.2078911781311037,divu
,6179,6179x474,28.0,377.4,52.0,23.978520000000003,1.477235198020935,divu
,5354,5354x418,28.0,405.0,52.0,23.10464,1.1238272190093994,divu
,7429,7429x290,28.0,405.0,52.0,23.368640000000006,1.0834431886672973,divu
,4177,4177x307,28.0,405.0,52.0,22.639,0.6412800073623657,divu
,4879,4879x435,28.0,405.0,52.0,23.67068,1.0732160091400147,divu
,6924,6924x463,28.0,405.0,52.0,24.02856,1.613798403739929,divu
,6287,6287x567,28.0,405.0,52.0,23.43015999999999,1.7917311906814577,divu
,6446,6446x795,30.0,452.4,52.0,25.48184,2.5855680465698243,divu
,4748,4748x591,30.0,525.0,52.0,24.30852,1.415500783920288,divu
,7570,7570x652,30.0,528.6,52.0,24.862160000000003,2.502272033691406,divu
,6923,6923x763,41.04,555.0,52.0,24.29248,2.6650368213653564,divu
,6991,6991x565,42.0,576.0,52.0,24.41676,0.7734847903251648,divu
,5062,5062x810,42.0,630.0,52.0,23.32691999999999,0.765119993686676,divu
,6594,6594x549,42.0,630.0,52.0,23.5328,0.6735167980194092,divu
,6996,6996x622,29.0,630.0,52.0,23.89240000000001,0.8116607904434204,divu
,8127,8127x715,29.0,630.0,52.0,23.841999999999995,1.084326410293579,divu
,5949,5949x1988,29.0,630.0,52.0,25.06,2.219916820526123,divu
,7689,7689x1924,29.0,630.0,52.0,25.486200000000004,2.7726015567779543,divu
,5649,5649x1608,33.0,630.0,52.0,25.604919999999986,1.6972159624099732,divu
,8023,8023x1569,33.0,630.0,52.0,25.17196000000001,2.3614720821380617,divu
,5173,5173x1249,33.0,630.0,52.0,24.78096,1.205567979812622,divu
,4523,4523x1725,33.0,757.8,52.0,25.75136000000001,0.2155520021915435,divu
,7610,7610x1532,34.92,825.0,52.0,37.135,0.3196928024291992,divu
,5722,5722x1995,35.0,825.0,52.0,38.058,0.31320960521698,divu
,4411,4411x1585,35.0,825.0,54.0,38.22772,0.193324801325798,divu
,7433,7433x1652,35.0,825.0,54.0,37.56175999999998,0.3363263964653015,divu
,6589,6589x2499,35.0,825.0,54.0,38.18872,0.4501760065555572,divu
,5585,5585x2216,35.0,825.0,54.0,38.88,0.33921919465065,divu
,7626,7626x2806,35.0,825.0,55.0,38.79387999999997,0.5836223840713501,divu
,5164,5164x3405,35.0,825.0,55.0,38.86299999999998,0.4799615979194641,divu
,4968,4968x2583,18.68,825.0,55.0,38.50099999999998,0.3510655999183655,divu
,6566,6566x3991,18.0,825.0,55.0,38.98983999999999,0.7131071925163269,divu
,7095,7095x3885,18.0,825.0,55.0,39.35431999999998,0.7503167986869812,divu
,5153,5153x3235,18.0,825.0,55.0,40.21332000000002,0.455430394411087,divu
,7243,7243x3647,18.0,825.0,55.44,39.3518,0.7189183950424194,divu
,7827,7827x3109,18.0,645.0,56.0,39.514,0.6617087841033935,divu
,12095,12095x150,18.0,628.2,56.0,38.23183999999999,0.0535616002976894,divu
,10096,10096x1,19.56,615.0,56.0,36.12687999999998,0.0061440001241862,divu
,13511,13511x30,21.0,571.8,55.0,35.93327999999999,0.0122752003371715,divu
,14451,14451x132,21.0,570.0,55.0,35.92979999999998,0.056063999980688,divu
,15501,15501x119,21.0,525.0,55.0,36.21031999999999,0.0547071993350982,divu
,11224,11224x91,21.0,525.0,55.0,36.263000000000005,0.0322176001965999,divu
,14651,14651x97,21.0,480.0,55.0,36.17399999999999,0.0430656000971794,divu
,10442,10442x7,21.0,480.0,55.0,36.237,0.0081728000193834,divu
,12261,12261x43,21.0,450.0,55.0,35.95399999999998,0.018028800189495,divu
,10474,10474x246,21.0,450.0,55.0,35.892000000000024,0.0747391998767852,divu
,12575,12575x320,21.0,420.0,55.0,36.42200000000002,0.114419201016426,divu
,11868,11868x269,9.0,417.6,55.0,36.62471999999998,0.0917567998170852,divu
,10034,10034x508,9.0,405.0,55.0,36.55967999999999,0.143340802192688,divu
,10132,10132x441,9.0,387.0,55.0,36.59544,0.1262720018625259,divu
,10654,10654x411,9.0,375.0,55.0,36.65516000000002,0.1247999995946884,divu
,8228,8228x333,9.0,375.0,55.0,36.486,0.0801279991865158,divu
,15196,15196x399,9.0,375.0,55.0,36.36599999999999,0.1699775993824005,divu
,16290,16290x474,9.0,375.0,55.0,37.20559999999999,0.2145599991083145,divu
,16263,16263x374,9.0,375.0,55.0,36.35467999999999,0.1708095967769622,divu
,11523,11523x265,15.0,375.0,55.0,27.223,0.572870397567749,divu
,13021,13021x984,15.0,383.4,54.48,28.105519999999988,2.418604850769043,divu
,10537,10537x899,15.0,400.2,54.0,28.212560000000003,1.782867169380188,divu
,8687,8687x663,15.0,405.0,54.0,26.61164,1.0812416076660156,divu
,11181,11181x994,25.08,406.2,54.0,24.78656000000001,2.0892096519470216,divu
,10015,10015x672,36.0,435.0,54.0,24.60892,1.2621824026107789,divu
,12420,12420x826,36.0,435.0,54.0,24.88259999999999,1.9299839973449704,divu
,14753,14753x570,36.0,435.0,53.0,24.50779999999999,1.5818431854248047,divu
,14426,14426x681,34.64,438.0,53.0,25.18188,1.840819215774536,divu
,14135,14135x856,34.0,450.0,53.0,25.054720000000003,2.2791295528411863,divu
,13257,13257x705,34.0,450.0,53.0,25.16276000000001,1.757804799079895,divu
,8980,8980x1669,34.0,477.0,53.0,25.542759999999998,2.8226687908172607,divu
,14593,14593x1753,36.0,576.0,53.0,26.654319999999988,4.841599941253662,divu
,16007,16007x1101,36.0,780.0,53.0,26.431240000000013,3.4210367679595945,divu
,10500,10500x1354,36.0,801.6,53.0,26.04156,1.3366015613079072,divu
,14543,14543x1514,39.92,915.0,54.0,34.52480000000002,0.6000639915466308,divu
,9621,9621x2046,43.0,915.0,54.0,38.80399999999998,0.5365951895713806,divu
,14145,14145x1748,43.0,915.0,54.0,39.735360000000014,0.6735552072525024,divu
,10494,10494x1278,43.0,915.0,54.68,39.12828000000002,0.3673919975757599,divu
,14201,14201x1667,43.0,915.0,55.0,38.53695999999999,0.6446272015571595,divu
,8323,8323x1341,43.0,915.0,55.0,39.76239999999999,0.3063103973865509,divu
,15766,15766x2431,43.0,915.0,55.0,38.80255999999999,1.0406464099884034,divu
,14696,14696x3823,29.32,915.0,55.0,40.65152,1.5246848106384276,divu
,15995,15995x2517,25.0,915.0,55.0,43.06587999999999,1.093887996673584,divu
,8706,8706x3606,25.0,915.0,55.0,40.39107999999998,0.8540480017662049,divu
,15122,15122x3154,25.0,915.0,55.0,40.81252000000002,1.2945535898208618,divu
,13080,13080x3898,25.0,904.2,55.24,41.39444000000001,1.384166431427002,divu
,13057,13057x2722,25.0,892.8,56.0,41.69392000000003,0.964684808254242,divu
,14568,14568x2089,32.0,882.6,56.0,40.26456,0.8274304032325744,divu
,10609,10609x4094,32.0,855.0,56.0,39.6906,1.1789759635925292,divu
,9789,9789x2198,32.0,840.0,56.0,41.22780000000001,0.5866111993789673,divu
,127,127x168,32.0,795.0,56.0,37.54399999999999,0.0061376001685857,relu
,18,18x218,32.0,795.0,56.0,35.878000000000014,0.0060928001068532,relu
,209,209x112,32.0,735.0,56.0,35.948999999999984,0.0061504000797867,relu
,83,83x236,32.0,735.0,56.0,35.846,0.0061376001685857,relu
,1,1x37,32.0,690.0,56.0,35.871999999999986,0.0061056000180542,relu
,172,172x29,16.0,680.4,55.52,35.8884,0.006144000031054,relu
,188,188x90,16.0,630.0,55.0,35.855839999999986,0.0061440001241862,relu
,116,116x165,16.0,603.0,55.0,35.97459999999999,0.0062783999368548,relu
,232,232x249,16.0,585.0,55.0,35.85280000000001,0.0069375999271869,relu
,235,235x45,16.0,549.0,55.0,35.915200000000006,0.006259199976921,relu
,58,58x332,16.0,540.0,55.0,35.86923999999999,0.0062848000787198,relu
,178,178x472,16.0,510.0,55.0,35.865,0.0081855999305844,relu
,211,211x432,16.0,510.0,55.0,35.801000000000016,0.0082560000941157,relu
,134,134x373,16.0,465.0,55.0,35.74900000000002,0.0076479998417198,relu
,86,86x339,7.0,465.0,55.0,35.763000000000005,0.0072127999737858,relu
,163,163x321,7.0,435.0,55.0,35.72000000000002,0.0081727998331189,relu
,76,76x447,7.0,435.0,55.0,35.927000000000014,0.0078080001287162,relu
,235,235x420,7.0,405.0,55.0,35.81100000000001,0.0089664001017808,relu
,174,174x314,7.0,405.0,55.0,35.87,0.0083711998537182,relu
,229,229x439,7.0,375.0,55.0,35.85400000000001,0.0097343999892473,relu
,43,43x969,7.0,375.0,55.0,35.83027999999999,0.0082112001255154,relu
,76,76x950,7.0,375.0,55.0,35.900279999999995,0.0089087998494505,relu
,229,229x602,7.0,375.0,55.0,35.540519999999994,0.0108672000467777,relu
,72,72x601,8.36,375.0,55.0,27.362640000000003,0.0102400001138448,relu
,4,4x932,9.0,375.0,55.0,25.65752,0.0094143997877836,relu
,149,149x1015,9.0,375.0,55.0,25.925,0.0125695999711751,relu
,79,79x781,9.0,375.0,54.0,25.817000000000004,0.0108416000381112,relu
,15,15x635,9.0,375.0,54.0,25.717799999999997,0.009222399815917,relu
,62,62x895,9.0,375.0,54.0,25.600200000000005,0.0104383997619152,relu
,183,183x680,9.0,375.0,54.0,23.26460000000001,0.0123775999993085,relu
,40,40x1421,9.64,375.0,54.0,22.232519999999997,0.0109311997890472,relu
,50,50x1745,13.0,375.0,54.0,22.2942,0.0122304001823067,relu
,84,84x1234,13.0,375.0,53.0,22.2008,0.012339200079441,relu
,60,60x1293,13.0,375.0,53.0,22.50152000000001,0.0114815996959805,relu
,89,89x1648,13.0,375.0,53.0,22.5424,0.0128319999203085,relu
,108,108x1291,13.0,375.0,53.0,21.83208000000001,0.0130815997719764,relu
,101,101x1245,14.84,375.0,52.72,21.890840000000004,0.0126719998195767,relu
,6,6x1222,15.0,375.0,52.0,21.655999999999995,0.0102335998788475,relu
,143,143x1737,15.0,375.0,52.0,21.807199999999995,0.016313599795103,relu
,99,99x1602,15.0,375.0,52.0,22.016680000000004,0.0140928000211715,relu
,55,55x2789,15.0,375.0,52.0,22.147,0.0139327999204397,relu
,64,64x3957,15.96,375.0,52.0,22.0828,0.0162687998265028,relu
,253,253x2522,16.0,375.0,52.0,22.71512,0.2489919960498809,relu
,220,220x2822,16.0,375.0,52.0,22.391,0.2571008026599884,relu
,225,225x2397,16.0,375.0,52.0,22.085160000000005,0.2322111994028091,relu
,102,102x3436,16.0,375.0,52.0,22.270159999999983,0.0942208006978035,relu
,205,205x3507,19.0,375.0,52.0,22.333720000000003,0.3009663999080658,relu
,129,129x4053,19.0,375.0,52.0,22.076359999999998,0.2255104005336761,relu
,14,14x2782,19.0,375.0,52.0,21.80548,0.0109440002590417,relu
,104,104x3251,19.0,375.0,52.0,21.998359999999995,0.0726528003811836,relu
,453,453x231,19.0,375.0,52.0,22.316840000000003,0.012300799973309,relu
,341,341x252,17.0,375.0,52.0,22.03804,0.0122560001909732,relu
,500,500x81,17.0,375.0,52.0,21.79836,0.0107711998745799,relu
,288,288x15,17.0,375.0,52.0,21.916680000000007,0.0102207999676466,relu
,476,476x177,17.0,375.0,52.0,21.88788000000001,0.012300800345838,relu
,300,300x34,17.0,375.0,52.0,22.13676,0.0102528000250458,relu
,473,473x216,16.0,375.0,52.0,21.91824,0.0122752003371715,relu
,307,307x251,16.0,375.0,52.0,21.917880000000004,0.011871999874711,relu
,480,480x104,16.0,375.0,52.0,22.0784,0.0108672000467777,relu
,372,372x48,16.0,375.0,52.0,22.0586,0.0104511998593807,relu
,296,296x411,16.0,375.0,52.0,21.777400000000004,0.0125311998650431,relu
,349,349x266,15.0,375.0,52.0,21.8306,0.0122432000935077,relu
,443,443x493,15.0,375.0,52.0,21.95827999999999,0.0151424000039696,relu
,361,361x468,15.0,375.0,52.0,21.93460000000001,0.014547200128436,relu
,333,333x355,15.0,375.0,52.0,21.92032,0.012691199965775,relu
,360,360x338,15.0,375.0,51.08,22.094479999999997,0.0122688002884387,relu
,267,267x285,15.0,375.0,51.0,22.06788,0.0119424000382423,relu
,328,328x377,15.0,375.0,51.6,22.1642,0.0126015998423099,relu
,417,417x425,15.0,375.0,52.0,21.97000000000001,0.0143935998901724,relu
,397,397x482,15.0,375.0,52.0,21.725960000000004,0.0143552001565694,relu
,500,500x765,15.0,375.0,52.0,21.87484,0.1552639991044998,relu
,284,284x758,16.0,375.0,52.0,22.088479999999997,0.015001600049436,relu
,261,261x915,16.0,375.0,52.0,21.994519999999987,0.0161280002444982,relu
,419,419x929,16.0,375.0,52.0,22.381600000000013,0.1536960005760193,relu
,308,308x677,16.0,375.0,51.0,22.2498,0.0145792001858353,relu
,351,351x967,16.0,375.0,51.0,22.15188000000001,0.073996801674366,relu
,337,337x768,16.0,375.0,51.0,21.87224,0.0163647998124361,relu
,424,424x801,16.0,375.0,51.0,21.98132000000001,0.0710207998752594,relu
,267,267x536,16.0,375.0,51.76,21.74152,0.0129216000437736,relu
,476,476x779,16.0,375.0,52.0,22.565400000000004,0.1243199974298477,relu
,510,510x1267,16.08,375.0,52.0,22.49520000000001,0.2714175939559936,relu
,477,477x1448,17.0,375.0,52.0,22.523479999999992,0.2901951968669891,relu
,405,405x1561,17.0,375.0,52.0,22.34004,0.2666303932666778,relu
,325,325x1687,17.0,375.0,52.0,22.2272,0.2320063978433609,relu
,283,283x1706,17.0,375.0,52.0,21.835600000000003,0.2080256015062332,relu
,459,459x1784,17.72,375.0,52.0,22.36020000000001,0.3699647963047027,relu
,324,324x1208,19.0,375.0,52.0,22.318720000000003,0.1503232032060623,relu
,512,512x1600,19.0,375.0,52.0,22.6314,0.3708159983158111,relu
,418,418x2031,19.0,375.0,52.0,22.93524,0.4021759986877441,relu
,275,275x1988,19.0,375.0,52.0,22.486760000000007,0.2323263972997665,relu
,439,439x4036,21.52,375.0,52.0,23.41132,0.8736511826515198,relu
,402,402x2788,22.0,375.0,52.0,22.667880000000004,0.5688639998435974,relu
,512,512x2435,22.0,375.0,52.0,22.59172000000001,0.6290303945541382,relu
,335,335x2167,22.0,375.0,51.0,21.95064,0.3168767929077148,relu
,488,488x3379,23.04,375.0,51.0,22.88328,0.8120576024055481,relu
,304,304x3682,24.0,375.0,52.0,22.939440000000005,0.5577727913856506,relu
,455,455x3697,24.0,375.0,52.0,22.94744,0.8268223881721497,relu
,440,440x2442,24.0,375.0,52.0,22.735840000000003,0.5465407967567444,relu
,303,303x3779,24.0,375.0,52.0,22.56068,0.5717183947563171,relu
,371,371x2684,24.0,375.0,52.0,22.283919999999995,0.4992191970348358,relu
,665,665x66,24.0,375.0,52.0,21.806640000000005,0.0110079998150467,relu
,948,948x212,24.0,375.0,52.0,22.06192,0.0146176001057028,relu
,986,986x92,24.0,375.0,52.0,22.38728,0.0122752003371715,relu
,973,973x136,24.0,375.0,52.0,21.951399999999992,0.0127807999029755,relu
,531,531x3,16.0,375.0,52.0,21.278319999999997,0.0102399997413158,relu
,823,823x185,16.0,375.0,52.0,21.56012,0.0134975999593734,relu
,529,529x97,16.0,375.0,52.0,21.549679999999995,0.0109824001789093,relu
,821,821x238,16.0,375.0,52.0,22.04524,0.0144767999649047,relu
,1009,1009x242,16.0,375.0,52.0,22.065600000000003,0.0160895995795726,relu
,521,521x53,15.0,375.0,52.0,22.18964,0.0104704000055789,relu
,1012,1012x375,15.0,375.0,51.4,21.912,0.140921601653099,relu
,632,632x510,15.0,375.0,51.0,21.56256,0.0391872003674507,relu
,865,865x481,15.0,375.0,51.44,21.962760000000003,0.1789887994527816,relu
,881,881x498,15.0,375.0,52.0,22.056920000000005,0.1772287979722023,relu
,673,673x508,16.0,375.0,51.52,21.976759999999995,0.0724544018507003,relu
,880,880x390,16.0,375.0,51.0,21.884240000000005,0.0732608005404472,relu
,745,745x318,16.0,375.0,51.0,21.98024,0.0159808000549674,relu
,619,619x282,16.0,375.0,51.0,21.472400000000007,0.0144319999963045,relu
,633,633x362,15.8,375.0,51.24,21.988839999999996,0.0156863998621702,relu
,855,855x327,15.0,375.0,52.0,21.796799999999998,0.0165503997355699,relu
,806,806x688,15.0,375.0,51.96,21.966040000000003,0.2393919974565506,relu
,746,746x654,15.0,375.0,51.0,22.0566,0.1887231975793838,relu
,523,523x584,15.0,375.0,51.0,21.77256,0.0285119999200105,relu
,550,550x667,15.4,375.0,51.92,22.284320000000008,0.1261696010828018,relu
,799,799x663,17.0,375.0,52.0,21.90576,0.2264383971691131,relu
,599,599x550,17.0,375.0,51.16,21.69344000000001,0.0525824002921581,relu
,676,676x536,17.0,375.0,51.0,21.712279999999996,0.1086335986852645,relu
,778,778x875,17.0,375.0,51.0,21.899640000000005,0.2840768039226532,relu
,754,754x752,17.0,375.0,51.0,22.44904,0.2435583978891372,relu
,710,710x882,17.0,375.0,51.68,22.227199999999996,0.2634240090847015,relu
,948,948x1291,17.0,375.0,52.0,22.56488,0.618284797668457,relu
,1023,1023x1892,17.0,375.0,52.0,23.32188000000001,0.9720767974853516,relu
,645,645x1266,17.0,375.0,52.0,22.58999999999999,0.3809983968734741,relu
,625,625x1272,23.0,375.0,52.0,22.526760000000014,0.3574847996234894,relu
,823,823x1627,23.0,375.0,52.0,22.91488,0.6653695940971375,relu
,733,733x1399,23.0,375.0,52.0,22.4514,0.5256255984306335,relu
,830,830x1951,23.0,375.0,52.0,22.62836,0.7933056116104126,relu
,665,665x1691,23.44,375.0,52.0,22.795320000000007,0.5725183844566345,relu
,797,797x1206,24.0,375.0,52.0,22.71516,0.4831295907497406,relu
,1000,1000x1063,24.0,375.0,52.0,22.84988,0.5307968020439148,relu
,841,841x3694,24.0,375.0,52.0,23.82879999999999,1.559283185005188,relu
,837,837x3613,25.2,375.0,52.0,23.691880000000012,1.5231296300888062,relu
,774,774x2416,29.0,375.0,52.0,23.03120000000001,0.9349503993988038,relu
,572,572x3269,29.0,375.0,52.0,23.184040000000003,0.9326655983924864,relu
,636,636x2261,29.0,375.0,52.0,22.532720000000005,0.7134591937065125,relu
,838,838x3952,29.0,375.0,52.0,24.135639999999988,1.657087993621826,relu
,616,616x3057,29.0,375.0,52.0,23.49108,0.9502848029136658,relu
,685,685x3053,29.0,375.0,52.0,23.410640000000008,1.066329622268677,relu
,574,574x4024,29.0,375.0,52.0,23.285,1.1565759897232055,relu
,584,584x3280,29.2,375.0,52.0,23.25072,0.96599680185318,relu
,1726,1726x134,30.0,375.0,52.0,22.255599999999998,0.0151871999725699,relu
,1057,1057x69,30.0,375.0,52.0,21.73783999999999,0.0120831999927759,relu
,1191,1191x40,30.0,375.0,52.0,21.58424000000001,0.0108160000294446,relu
,1042,1042x64,30.0,375.0,52.0,21.83108000000001,0.0112703997641801,relu
,1757,1757x99,29.44,375.0,52.0,21.88492,0.0143936000764369,relu
,2034,2034x108,16.0,375.0,52.0,22.045079999999988,0.0152960000559687,relu
,1421,1421x90,16.0,375.0,52.0,21.857840000000007,0.0124416001141071,relu
,1072,1072x130,16.0,375.0,52.0,21.69364000000001,0.0128192001953721,relu
,1274,1274x239,16.0,375.0,52.0,21.947120000000005,0.0367488000541925,relu
,1672,1672x3,16.0,375.0,52.0,21.642919999999997,0.0102335998788475,relu
,1536,1536x357,15.0,375.0,52.0,21.990439999999992,0.2322304010391235,relu
,1074,1074x428,15.0,375.0,52.0,22.32924,0.1979583948850631,relu
,1509,1509x294,15.0,375.0,52.0,21.95307999999999,0.1966720014810562,relu
,1666,1666x290,15.0,375.0,52.0,22.28203999999999,0.2128383994102478,relu
,1139,1139x283,15.96,375.0,52.0,22.403360000000003,0.0460479997098445,relu
,1811,1811x494,18.0,375.0,52.0,22.589360000000006,0.4419072031974792,relu
,1235,1235x263,18.0,375.0,52.0,22.075039999999998,0.052947199344635,relu
,1405,1405x381,18.0,375.0,52.0,22.24828,0.2290368020534515,relu
,1323,1323x332,18.0,375.0,52.0,21.85604,0.1902976006269455,relu
,1511,1511x284,18.36,375.0,52.0,22.104560000000003,0.1836032003164291,relu
,1999,1999x991,19.0,375.0,52.0,23.02296,0.9927231907844544,relu
,1111,1111x1020,19.0,375.0,52.0,22.99124,0.5751423954963684,relu
,1703,1703x897,19.0,375.0,52.0,22.94928,0.7523648023605347,relu
,1086,1086x630,19.0,375.0,52.0,22.502320000000008,0.2855871975421905,relu
,1430,1430x803,24.0,375.0,52.0,22.038280000000004,0.5827263951301574,relu
,1069,1069x693,24.0,375.0,52.0,22.23072,0.3195007979869843,relu
,1649,1649x980,24.0,375.0,52.0,22.8798,0.7920576095581054,relu
,1292,1292x707,24.0,375.0,52.0,22.8336,0.4510079979896545,relu
,1627,1627x665,22.64,375.0,52.0,22.530880000000003,0.5483264088630676,relu
,1988,1988x579,22.0,375.0,52.0,22.96955999999999,0.5836160063743592,relu
,2014,2014x2038,22.0,375.0,52.0,23.8828,2.0631104707717896,relu
,1505,1505x1835,22.0,375.0,52.0,23.442160000000005,1.400492787361145,relu
,1300,1300x1197,28.08,375.0,52.0,22.677679999999995,0.7645951986312867,relu
,1948,1948x1982,30.0,375.0,52.0,23.559960000000004,1.9417152166366576,relu
,1392,1392x1929,30.0,375.0,52.0,23.319240000000004,1.3517247915267945,relu
,1491,1491x1226,30.0,385.8,52.0,24.3008,0.9228415966033936,relu
,1537,1537x1644,32.0,405.0,52.0,24.4536,1.2749696254730225,relu
,1852,1852x1855,32.0,418.2,52.0,24.331799999999998,1.740492820739746,relu
,1503,1503x1984,32.0,435.0,52.0,23.72136,1.5120831966400146,relu
,1923,1923x1946,35.04,435.0,52.0,24.037920000000007,1.8937599897384645,relu
,1720,1720x2972,36.0,471.0,52.0,24.89596000000001,2.577529573440552,relu
,1339,1339x3401,36.0,490.8,52.0,24.376039999999996,2.3012736320495604,relu
,1247,1247x3395,36.96,510.0,52.0,24.22316,2.1324671268463136,relu
,1079,1079x2813,38.0,510.0,52.0,23.6614,1.527724814414978,relu
,1956,1956x2284,38.0,510.0,52.0,23.92452,2.2554240226745605,relu
,1289,1289x3762,37.52,561.0,52.0,24.67056000000001,2.43351035118103,relu
,1997,1997x2699,36.0,645.0,52.0,24.917600000000007,1.0523199796676637,relu
,1156,1156x3684,36.0,735.0,52.0,23.82228,0.8257791996002197,relu
,1959,1959x3469,36.0,735.0,52.0,24.205959999999997,1.3185343742370603,relu
,1812,1812x2800,36.0,735.0,52.0,24.06168,0.9734975934028626,relu
,2938,2938x253,29.0,735.0,52.0,23.223000000000017,0.1331775978207588,relu
,2724,2724x130,29.0,735.0,52.0,22.712999999999997,0.0331200003623962,relu
,3684,3684x100,29.0,735.0,52.0,22.217640000000006,0.0461952000856399,relu
,4034,4034x237,29.0,735.0,52.0,22.186359999999997,0.1723391979932785,relu
,2747,2747x10,29.0,735.0,52.0,22.376480000000004,0.0070975999347865,relu
,3168,3168x79,19.12,735.0,52.0,22.602720000000005,0.0106496000662446,relu
,2470,2470x200,10.0,390.0,52.0,22.728919999999995,0.2105343997478485,relu
,3583,3583x123,10.0,375.0,52.0,22.565999999999995,0.1948864042758941,relu
,2307,2307x113,10.0,375.0,52.0,22.27596,0.0164160002022981,relu
,2825,2825x107,10.0,375.0,52.0,22.24320000000001,0.031539200246334,relu
,2760,2760x264,13.52,375.0,52.0,22.36208000000001,0.3097087979316711,relu
,3189,3189x445,18.0,375.0,52.0,22.74124000000001,0.703872001171112,relu
,3080,3080x305,18.0,375.0,52.0,22.56063999999999,0.4652928054332733,relu
,3421,3421x266,18.0,375.0,52.0,22.231079999999988,0.4431295990943908,relu
,3017,3017x476,18.0,375.0,52.0,22.535480000000003,0.7128383994102478,relu
,2670,2670x449,23.0,375.0,52.0,22.695399999999992,0.5985087990760803,relu
,2211,2211x469,23.0,375.0,52.0,22.36716,0.52985600233078,relu
,3066,3066x370,23.0,375.0,52.0,22.74468,0.5789631962776184,relu
,2837,2837x283,23.0,375.0,52.0,22.49932,0.3683712065219879,relu
,3794,3794x496,24.44,375.0,52.0,23.40832000000001,0.9434944033622742,relu
,3217,3217x972,25.0,375.0,52.0,23.955400000000004,1.579321599006653,relu
,3977,3977x964,25.0,378.6,52.0,23.970880000000008,1.925273609161377,relu
,3278,3278x669,25.8,390.0,52.0,23.917519999999985,1.1058815956115722,relu
,4018,4018x586,35.0,390.0,52.0,22.557199999999995,1.1812992095947266,relu
,3581,3581x1016,35.0,409.2,52.0,24.108760000000007,1.84313600063324,relu
,3723,3723x552,35.0,450.0,52.0,23.76160000000001,1.0439872026443482,relu
,3557,3557x572,34.16,480.0,52.0,24.32908000000001,1.0292416095733643,relu
,2654,2654x780,34.0,525.0,52.0,23.50984000000001,1.0451711893081663,relu
,3623,3623x920,34.0,525.0,52.0,23.60504000000001,1.6864831924438477,relu
,3616,3616x828,33.4,525.0,52.0,23.10279999999999,1.5143424272537231,relu
,3310,3310x1038,29.0,525.0,52.0,23.337400000000013,1.7256767988204955,relu
,3814,3814x1374,29.0,525.0,52.0,24.055280000000003,2.6560192108154297,relu
,3894,3894x1460,29.4,561.0,52.0,24.31752,2.8653120040893554,relu
,2496,2496x1365,34.0,600.0,52.0,24.226640000000003,1.7070016145706175,relu
,2170,2170x1505,34.0,600.0,52.0,24.151039999999995,1.6386111736297608,relu
,2445,2445x1457,34.0,600.0,52.0,24.112879999999983,1.7972223997116088,relu
,3567,3567x1727,36.4,650.4,52.0,24.636520000000004,1.1854079961776731,relu
,2459,2459x1031,37.0,690.0,52.0,23.8388,0.4863295972347259,relu
,3900,3900x1998,37.0,690.0,52.0,24.2214,1.4981183767318726,relu
,3868,3868x1503,37.0,690.0,52.0,24.246680000000005,1.119327998161316,relu
,3252,3252x2848,33.04,690.0,52.72,24.899959999999997,1.787609577178955,relu
,3876,3876x2522,28.0,690.0,53.0,25.29688,1.877100801467896,relu
,2168,2168x2705,28.0,690.0,53.0,24.04248,1.1293887853622435,relu
,4064,4064x2419,28.0,690.0,53.0,24.529799999999994,1.892851185798645,relu
,2964,2964x3110,28.72,634.8,53.0,24.27031999999999,1.7200575828552247,relu
,3555,3555x2570,30.0,741.0,53.0,25.57412000000001,0.2518976032733917,relu
,3358,3358x3544,30.0,840.0,53.0,37.21900000000002,0.3271039962768555,relu
,3264,3264x2945,30.0,840.0,53.0,38.01300000000001,0.2645887970924377,relu
,2554,2554x3169,30.0,840.0,53.0,38.052000000000014,0.2232127994298935,relu
,2911,2911x2970,30.0,840.0,53.96,37.55703999999999,0.2380991995334625,relu
,6861,6861x217,30.0,840.0,54.0,36.75579999999998,0.0448895998299121,relu
,7322,7322x50,23.6,840.0,54.0,36.10347999999998,0.009753599949181,relu
,8049,8049x150,22.0,840.0,54.0,35.94740000000001,0.0368768014013767,relu
,7181,7181x219,22.0,840.0,55.0,36.034,0.0464639998972415,relu
,6869,6869x223,22.0,840.0,55.0,36.19100000000002,0.0454015992581844,relu
,6576,6576x89,22.0,840.0,55.0,36.264,0.0176447998732328,relu
,5080,5080x60,22.0,840.0,55.0,36.10443999999998,0.0085184000432491,relu
,5580,5580x197,22.0,840.0,55.0,36.04251999999999,0.0335680000483989,relu
,7417,7417x11,22.0,840.0,55.0,36.05184000000001,0.0063231999985873,relu
,4140,4140x229,22.0,840.0,55.0,36.01360000000001,0.0290879998356103,relu
,4383,4383x300,9.2,840.0,55.0,36.19336000000002,0.0396223992109298,relu
,4475,4475x407,6.0,375.0,55.0,35.178,0.2792831979691982,relu
,6039,6039x275,6.0,375.0,55.0,26.759080000000004,0.3069504082202911,relu
,5149,5149x473,6.0,375.0,55.0,26.620360000000005,0.4597760021686554,relu
,6179,6179x474,6.0,375.0,54.2,26.65212000000001,0.5483776092529297,relu
,5354,5354x418,6.0,375.0,54.0,26.74548000000001,0.4188288033008575,relu
,7429,7429x290,6.0,375.0,54.0,26.40468000000001,0.4046527981758118,relu
,4177,4177x307,8.6,375.0,54.0,26.470639999999992,0.2310208022594451,relu
,4879,4879x435,19.0,375.0,54.0,26.248399999999997,0.395001596212387,relu
,6924,6924x463,19.0,375.0,54.0,24.321039999999996,0.5960127949714661,relu
,6287,6287x567,19.0,375.0,53.0,24.04248,0.663155198097229,relu
,6446,6446x795,19.0,375.0,53.0,24.63336000000001,0.9594367980957031,relu
,4748,4748x591,20.44,375.0,53.0,23.30076,0.5204096078872681,relu
,7570,7570x652,25.0,375.0,53.0,23.45132,0.927948796749115,relu
,6923,6923x763,25.0,439.8,53.0,24.69612,2.690636825561524,relu
,6991,6991x565,25.0,534.0,53.0,24.63188000000001,1.9834880113601685,relu
,5062,5062x810,36.0,585.0,53.0,24.22844000000001,2.0609856128692625,relu
,6594,6594x549,36.0,585.0,53.0,24.199480000000005,1.823686385154724,relu
,6996,6996x622,36.0,653.4,53.0,25.39184,0.83438081741333,relu
,8127,8127x715,35.52,675.0,53.0,23.747160000000004,1.102937602996826,relu
,5949,5949x1988,34.0,677.4,53.0,25.037279999999992,2.2499711990356444,relu
,7689,7689x1924,34.0,705.0,53.0,25.42956,2.855039978027344,relu
,5649,5649x1608,34.0,705.0,53.0,24.57784,1.7448191881179809,relu
,8023,8023x1569,35.28,717.0,53.0,25.22296,2.427430391311645,relu
,5173,5173x1249,36.0,780.0,53.0,24.66912,1.254252791404724,relu
,4523,4523x1725,36.0,780.0,53.0,24.489480000000007,1.5150079727172852,relu
,7610,7610x1532,36.0,780.0,53.0,25.494359999999983,2.26049280166626,relu
,5722,5722x1995,33.6,780.0,53.0,24.69036,2.213363218307495,relu
,4411,4411x1585,31.0,780.0,53.0,25.4038,1.357087993621826,relu
,7433,7433x1652,31.0,783.6,53.0,25.73703999999999,2.3830592155456545,relu
,6589,6589x2499,31.0,795.0,53.0,26.04427999999999,3.1982975959777837,relu
,5585,5585x2216,35.76,804.0,53.0,25.88912,0.7524095773696899,relu
,7626,7626x2806,38.0,840.0,53.32,33.39576000000001,0.5834751963615418,relu
,5164,5164x3405,38.0,840.0,54.0,38.95756000000002,0.4795711994171142,relu
,4968,4968x2583,38.0,840.0,54.0,38.83100000000001,0.3518399953842163,relu
,6566,6566x3991,38.0,840.0,54.0,39.11968000000001,0.7132735967636108,relu
,7095,7095x3885,38.0,840.0,55.0,39.51300000000001,0.7505663990974426,relu
,5153,5153x3235,38.0,840.0,55.0,40.937400000000025,0.4558080017566681,relu
,7243,7243x3647,27.92,840.0,55.0,38.91579999999998,0.7179136037826538,relu
,7827,7827x3109,24.0,840.0,55.0,39.481,0.663263988494873,relu
,12095,12095x150,24.0,840.0,55.0,40.59927999999999,0.0532415993511676,relu
,10096,10096x1,24.0,840.0,55.0,36.38032,0.0060224001295864,relu
,13511,13511x30,24.0,840.0,55.0,35.99300000000002,0.0102144002914428,relu
,14451,14451x132,24.0,840.0,55.0,36.05200000000001,0.0557120002806186,relu
,15501,15501x119,24.0,840.0,55.0,36.40276000000001,0.0539200000464916,relu
,11224,11224x91,24.0,840.0,55.0,36.29691999999999,0.0310656003654003,relu
,14651,14651x97,24.0,605.4,55.0,36.19179999999999,0.0430463999509811,relu
,10442,10442x7,16.2,495.0,55.0,36.1024,0.0081663997843861,relu
,12261,12261x43,11.0,467.4,55.0,35.916400000000024,0.0182656005024909,relu
,10474,10474x246,11.0,465.0,55.0,36.11375999999998,0.0750016003847122,relu
,12575,12575x320,11.0,435.0,55.0,36.489,0.1143168002367019,relu
,11868,11868x269,11.0,435.0,55.0,36.67200000000002,0.0914368003606796,relu
,10034,10034x508,11.0,405.0,55.0,36.63300000000002,0.1434816002845764,relu
,10132,10132x441,11.0,405.0,55.0,36.98000000000001,0.1269248038530349,relu
,10654,10654x411,11.0,390.0,55.0,36.774,0.1248447984457016,relu
,8228,8228x333,11.0,388.2,55.0,36.80499999999998,0.0805632025003433,relu
,15196,15196x399,11.88,375.0,55.0,36.61440000000002,0.1704064011573791,relu
,16290,16290x474,13.0,375.0,55.0,36.86960000000001,0.2150528013706207,relu
,16263,16263x374,13.0,375.0,55.0,37.159,0.1711744010448455,relu
,11523,11523x265,13.0,375.0,55.0,37.20000000000002,0.0897279992699623,relu
,13021,13021x984,13.0,375.0,55.0,37.027840000000005,0.3520960032939911,relu
,10537,10537x899,13.0,375.0,55.0,37.65280000000001,0.2623679995536804,relu
,8687,8687x663,13.0,375.0,55.0,37.340000000000025,0.1620928019285202,relu
,11181,11181x994,13.0,375.0,55.0,36.94799999999999,0.3061055958271026,relu
,10015,10015x672,14.08,375.0,55.0,37.8644,0.1884479999542236,relu
,12420,12420x826,16.0,375.0,55.0,37.16112000000002,0.2830847978591919,relu
,14753,14753x570,16.0,375.0,55.32,37.399999999999984,0.2335168004035949,relu
,14426,14426x681,16.0,380.4,56.0,31.267800000000012,1.851379156112671,relu
,14135,14135x856,16.0,423.6,55.84,28.1336,2.2832896232604982,relu
,13257,13257x705,16.0,435.0,55.0,28.03156,1.7593087673187255,relu
,8980,8980x1669,33.48,474.0,54.8,28.446759999999998,2.82639365196228,relu
,14593,14593x1753,35.0,650.4,54.0,27.23352000000001,0.7051903963088989,relu
,16007,16007x1101,35.0,825.0,54.0,36.789440000000006,0.4820096015930176,relu
,10500,10500x1354,35.0,825.0,54.0,38.890999999999984,0.3890240013599396,relu
,14543,14543x1514,35.0,825.0,54.0,39.13979999999998,0.6004095911979676,relu
,9621,9621x2046,35.0,825.0,54.44,39.27379999999998,0.5369920134544373,relu
,14145,14145x1748,35.0,825.0,55.0,38.415999999999976,0.6729984045028686,relu
,10494,10494x1278,35.0,825.0,55.0,40.77312,0.3670784056186676,relu
,14201,14201x1667,35.0,825.0,55.12,38.63095999999998,0.6450880169868469,relu
,8323,8323x1341,35.0,825.0,56.0,39.29200000000002,0.3068288028240203,relu
,15766,15766x2431,35.0,825.0,56.0,39.927920000000015,1.0416192054748534,relu
,14696,14696x3823,35.0,825.0,56.0,41.67803999999999,1.523027205467224,relu
,15995,15995x2517,28.0,825.0,56.0,40.255,1.0939840078353882,relu
,8706,8706x3606,28.0,825.0,56.0,40.96240000000002,0.8533823966979981,relu
,15122,15122x3154,28.0,765.0,56.0,41.24032,1.2939584255218506,relu
,13080,13080x3898,28.0,765.0,56.0,40.626360000000005,1.3839232206344605,relu
,13057,13057x2722,28.0,780.0,56.0,40.02904000000002,0.9657727956771852,relu
,14568,14568x2089,28.0,780.0,56.0,41.484480000000005,0.827129578590393,relu
,10609,10609x4094,34.0,780.0,56.0,39.34699999999999,1.1788095712661744,relu
,9789,9789x2198,34.0,780.0,56.0,42.403999999999975,0.5864896059036255,relu
,127,127x168,34.0,780.0,56.0,38.15459999999999,0.006195200048387,gelu
,18,18x218,34.0,780.0,56.0,36.49899999999998,0.006131200119853,gelu
,209,209x112,34.0,780.0,56.0,35.939399999999985,0.0062656000256538,gelu
,83,83x236,34.0,780.0,56.0,35.85060000000001,0.0061568000353872,gelu
,1,1x37,34.0,780.0,56.0,35.83355999999998,0.0055999999865889,gelu
,172,172x29,34.0,780.0,56.0,35.91039999999999,0.0061376001685857,gelu
,188,188x90,34.0,780.0,56.0,35.99111999999998,0.0061184000223875,gelu
,116,116x165,11.92,780.0,56.0,35.923280000000005,0.0061696001328527,gelu
,232,232x249,11.0,780.0,56.0,35.989280000000015,0.0063423998653888,gelu
,235,235x45,11.0,780.0,56.0,35.93968000000001,0.0061184000223875,gelu
,58,58x332,11.0,780.0,56.0,35.875,0.0061631999909877,gelu
,178,178x472,11.0,780.0,56.0,36.00199999999998,0.0067712001502513,gelu
,211,211x432,11.0,375.0,56.0,35.989000000000004,0.0102527998387813,gelu
,134,134x373,11.0,375.0,56.0,35.981,0.0089599998667836,gelu
,86,86x339,11.0,375.0,56.0,36.029,0.0085184000432491,gelu
,163,163x321,11.0,375.0,56.0,35.923,0.0089856000617146,gelu
,76,76x447,10.4,375.0,56.0,35.981400000000015,0.0082432001829147,gelu
,235,235x420,8.0,375.0,55.2,35.96799999999999,0.0102335998788475,gelu
,174,174x314,8.0,375.0,55.0,35.97199999999999,0.0096127999946475,gelu
,229,229x439,8.0,375.0,55.0,35.89063999999999,0.0102463997900486,gelu
,43,43x969,8.0,375.0,55.0,35.92295999999998,0.0087168000638484,gelu
,76,76x950,8.0,375.0,55.0,35.90712,0.0102399997413158,gelu
,229,229x602,8.0,375.0,55.0,35.90499999999998,0.0107200002297759,gelu
,72,72x601,8.0,375.0,55.0,35.899,0.0091967998072505,gelu
,4,4x932,8.0,375.0,55.0,35.91999999999999,0.0076607997529208,gelu
,149,149x1015,8.32,375.0,55.0,32.212599999999995,0.0143744001165032,gelu
,79,79x781,9.0,375.0,55.0,26.081880000000005,0.0115968000143766,gelu
,15,15x635,9.0,375.0,55.0,25.98176000000001,0.0102335998788475,gelu
,62,62x895,9.0,375.0,55.0,25.93524,0.0109376000240445,gelu
,183,183x680,9.0,375.0,54.08,25.9946,0.0125055998563766,gelu
,40,40x1421,9.0,375.0,54.0,25.8666,0.0107839999720454,gelu
,50,50x1745,9.0,375.0,54.0,25.89800000000001,0.012300799973309,gelu
,84,84x1234,9.0,375.0,54.0,23.81012000000001,0.0125952001661062,gelu
,60,60x1293,9.72,375.0,54.0,22.9296,0.0123328000307083,gelu
,89,89x1648,12.0,375.0,54.0,22.694560000000006,0.0147136000916361,gelu
,108,108x1291,12.0,375.0,53.04,22.734320000000007,0.0141696000471711,gelu
,101,101x1245,12.0,375.0,53.0,22.288960000000003,0.0131391998380422,gelu
,6,6x1222,12.0,375.0,53.0,22.4602,0.0102335998788475,gelu
,143,143x1737,12.0,375.0,53.0,21.97528,0.0179711997509002,gelu
,99,99x1602,14.0,375.0,53.0,22.178800000000003,0.0155135998502373,gelu
,55,55x2789,14.0,375.0,53.0,22.2344,0.0155391996726393,gelu
,64,64x3957,14.0,375.0,53.0,21.64724000000001,0.0181439999490976,gelu
,253,253x2522,14.0,375.0,52.0,22.39244,0.2647871971130371,gelu
,220,220x2822,14.0,375.0,52.0,22.343560000000004,0.2552511990070343,gelu
,225,225x2397,17.0,375.0,52.0,22.435119999999998,0.2131776034832,gelu
,102,102x3436,17.0,375.0,52.0,22.07716,0.1010943979024887,gelu
,205,205x3507,17.0,375.0,52.0,22.018680000000003,0.3000896036624908,gelu
,129,129x4053,17.0,375.0,52.0,22.17460000000001,0.2242559969425201,gelu
,14,14x2782,17.28,375.0,52.0,21.79356,0.0112703999504446,gelu
,104,104x3251,18.0,375.0,52.0,21.74172,0.0760895997285842,gelu
,453,453x231,18.0,375.0,52.0,21.938600000000005,0.0127232000231742,gelu
,341,341x252,18.0,375.0,52.0,21.951120000000007,0.0127360003069043,gelu
,500,500x81,18.0,375.0,52.0,22.048279999999995,0.011468799971044,gelu
,288,288x15,17.68,375.0,52.0,21.83976,0.0103808000683784,gelu
,476,476x177,16.0,375.0,52.0,21.853280000000005,0.0124288000166416,gelu
,300,300x34,16.0,375.0,52.0,21.99132,0.011392000131309,gelu
,473,473x216,16.0,375.0,52.0,22.29336000000001,0.0129599999636411,gelu
,307,307x251,16.0,375.0,52.0,21.830119999999987,0.0124096000567078,gelu
,480,480x104,16.0,375.0,52.0,21.756240000000005,0.0121280001476407,gelu
,372,372x48,16.0,375.0,52.0,21.94224,0.011014400050044,gelu
,296,296x411,16.0,375.0,52.0,21.779359999999983,0.0135487999767065,gelu
,349,349x266,16.0,375.0,52.0,21.828000000000003,0.0124032000079751,gelu
,443,443x493,16.0,375.0,52.0,22.156919999999992,0.0167936000972986,gelu
,361,361x468,16.0,375.0,52.0,21.57004,0.0159744001924991,gelu
,333,333x355,15.04,375.0,52.0,21.835680000000007,0.0134975999593734,gelu
,360,360x338,15.0,375.0,52.0,21.48708,0.0135552002117037,gelu
,267,267x285,15.0,375.0,51.4,21.670160000000006,0.0122880002483725,gelu
,328,328x377,15.0,375.0,51.0,21.44960000000001,0.0133888000622391,gelu
,417,417x425,15.0,375.0,51.0,22.09332000000001,0.0161727998405694,gelu
,397,397x482,15.68,375.0,51.0,22.215480000000003,0.0163711998611688,gelu
,500,500x765,16.0,375.0,51.0,22.02771999999999,0.1588800013065338,gelu
,284,284x758,16.0,375.0,51.96,22.2052,0.0164799999445676,gelu
,261,261x915,16.0,375.0,52.0,22.22252,0.0179839998483657,gelu
,419,419x929,16.0,375.0,52.0,21.84583999999999,0.1534912019968032,gelu
,308,308x677,16.6,375.0,52.0,21.769999999999992,0.0164224002510309,gelu
,351,351x967,17.0,375.0,52.0,22.100520000000014,0.0780479997396469,gelu
,337,337x768,17.0,375.0,52.0,21.802559999999996,0.0183488000184297,gelu
,424,424x801,17.0,375.0,51.92,21.7672,0.0754815995693206,gelu
,267,267x536,17.0,375.0,51.0,21.88752000000001,0.0146431999281048,gelu
,476,476x779,16.56,375.0,51.0,22.11339999999999,0.1295296013355255,gelu
,510,510x1267,16.0,375.0,51.0,22.306599999999992,0.2709695994853973,gelu
,477,477x1448,16.0,375.0,51.0,22.579600000000006,0.2873919963836669,gelu
,405,405x1561,16.0,375.0,51.76,22.167079999999995,0.2685248017311096,gelu
,325,325x1687,16.0,375.0,52.0,21.85744000000001,0.2237823992967605,gelu
,283,283x1706,18.2,375.0,52.0,22.393200000000007,0.1924543976783752,gelu
,459,459x1784,21.0,375.0,52.0,22.355880000000003,0.3545408010482788,gelu
,324,324x1208,21.0,375.0,52.0,22.299160000000008,0.1470463991165161,gelu
,512,512x1600,21.0,375.0,52.0,22.074,0.3665856063365936,gelu
,418,418x2031,21.0,375.0,52.0,22.251519999999985,0.4043008029460907,gelu
,275,275x1988,18.0,375.0,52.0,22.215720000000005,0.2322048008441925,gelu
,439,439x4036,18.0,375.0,52.0,22.920359999999988,0.8736832022666932,gelu
,402,402x2788,18.0,375.0,52.0,22.953560000000007,0.5627647995948791,gelu
,512,512x2435,18.0,375.0,52.0,23.07352,0.6268096089363098,gelu
,335,335x2167,18.56,375.0,52.0,22.623799999999992,0.317631995677948,gelu
,488,488x3379,25.0,375.0,52.0,23.105720000000005,0.810694408416748,gelu
,304,304x3682,25.0,375.0,52.0,23.3052,0.5392319917678833,gelu
,455,455x3697,25.0,375.0,52.0,23.89712,0.8270527958869934,gelu
,440,440x2442,25.0,375.0,52.0,22.84476,0.5459327936172486,gelu
,303,303x3779,28.0,375.0,52.0,22.96588,0.5785407900810242,gelu
,371,371x2684,28.0,375.0,52.0,22.86948,0.500595211982727,gelu
,665,665x66,28.0,375.0,52.0,22.550880000000003,0.0119295999407768,gelu
,948,948x212,28.0,375.0,52.0,21.86536000000001,0.0163775999099016,gelu
,986,986x92,27.36,375.0,52.0,22.018639999999998,0.0124672001227736,gelu
,973,973x136,20.0,375.0,52.0,21.41207999999999,0.0130111999809741,gelu
,531,531x3,20.0,375.0,52.0,21.71632,0.0102527998387813,gelu
,823,823x185,20.0,375.0,52.0,22.09427999999999,0.0151359999552369,gelu
,529,529x97,20.0,375.0,52.0,21.820439999999984,0.0117503998801112,gelu
,821,821x238,19.8,375.0,52.0,22.123999999999995,0.0163904000073671,gelu
,1009,1009x242,15.0,375.0,52.0,22.295239999999996,0.0177152000367641,gelu
,521,521x53,15.0,375.0,51.0,22.156680000000005,0.0116351999342441,gelu
,1012,1012x375,15.0,375.0,51.0,22.02220000000001,0.1424768030643463,gelu
,632,632x510,15.0,375.0,51.72,22.14428000000001,0.0307007998228073,gelu
,865,865x481,15.04,375.0,52.0,22.0664,0.1761792004108429,gelu
,881,881x498,16.0,375.0,52.0,21.801240000000007,0.1898112028837204,gelu
,673,673x508,16.0,375.0,52.0,21.74816,0.0779199987649917,gelu
,880,880x390,16.0,375.0,51.32,21.60504,0.0810239985585212,gelu
,745,745x318,16.0,375.0,51.0,21.94464,0.0174911998212337,gelu
,619,619x282,16.0,375.0,51.0,22.11684,0.016236799582839,gelu
,633,633x362,16.0,375.0,51.0,21.884159999999987,0.0168256003409624,gelu
,855,855x327,16.0,375.0,51.0,22.054360000000003,0.0185856007039546,gelu
,806,806x688,16.0,375.0,51.0,22.04671999999999,0.2382720023393631,gelu
,746,746x654,16.0,375.0,51.0,22.41736,0.2068351984024047,gelu
,523,523x584,16.0,375.0,51.0,22.02239999999999,0.0279871996492147,gelu
,550,550x667,16.0,375.0,51.0,22.31984,0.1253120005130767,gelu
,799,799x663,16.0,375.0,51.0,22.309279999999998,0.2261503994464874,gelu
,599,599x550,16.0,375.0,51.0,21.745119999999996,0.0527168005704879,gelu
,676,676x536,16.0,375.0,51.76,21.92656,0.1105920001864433,gelu
,778,778x875,17.36,375.0,52.0,22.27239999999999,0.2811007976531982,gelu
,754,754x752,18.0,375.0,52.0,22.31156,0.2425151973962784,gelu
,710,710x882,18.0,375.0,52.0,22.11779999999999,0.2624639987945557,gelu
,948,948x1291,18.0,375.0,52.0,22.121440000000003,0.6100799918174744,gelu
,1023,1023x1892,18.0,375.0,52.0,22.95036000000001,0.9716544032096864,gelu
,645,645x1266,21.0,375.0,52.0,22.804199999999994,0.3780160009860992,gelu
,625,625x1272,21.0,375.0,52.0,22.66748000000001,0.3591167986392974,gelu
,823,823x1627,21.0,375.0,52.0,22.89924000000001,0.6627583980560303,gelu
,733,733x1399,21.0,375.0,52.0,22.47596,0.5197056055068969,gelu
,830,830x1951,23.04,375.0,52.0,22.68123999999999,0.7950528025627136,gelu
,665,665x1691,24.0,375.0,52.0,22.481439999999992,0.5456831991672516,gelu
,797,797x1206,24.0,375.0,52.0,22.09232,0.4791424036026001,gelu
,1000,1000x1063,24.0,375.0,52.0,22.550600000000003,0.5318655967712402,gelu
,841,841x3694,26.4,375.0,52.0,24.827239999999996,1.5619328022003174,gelu
,837,837x3613,30.0,375.0,52.0,24.260960000000008,1.5104832172393798,gelu
,774,774x2416,30.0,375.0,52.0,23.777560000000005,0.9332800149917604,gelu
,572,572x3269,30.0,375.0,52.0,22.89752,0.9311295986175536,gelu
,636,636x2261,30.92,375.0,52.0,22.407320000000013,0.7088256001472473,gelu
,838,838x3952,31.0,375.0,52.0,24.184120000000004,1.6549887895584106,gelu
,616,616x3057,31.0,375.0,52.0,23.411559999999987,0.9549311876296998,gelu
,685,685x3053,31.08,375.0,52.0,23.49556,1.064403200149536,gelu
,574,574x4024,33.0,375.0,52.0,23.628200000000003,1.1669695854187012,gelu
,584,584x3280,33.0,375.0,52.0,23.55816,0.9638592004776,gelu
,1726,1726x134,33.0,375.0,52.0,21.911040000000007,0.0170816000550985,gelu
,1057,1057x69,33.0,375.0,52.0,21.71267999999999,0.012300799973309,gelu
,1191,1191x40,23.8,375.0,52.0,21.675680000000007,0.0111359998583793,gelu
,1042,1042x64,23.0,375.0,52.0,21.8598,0.0122304001823067,gelu
,1757,1757x99,23.0,375.0,52.0,21.55492,0.0160191999748349,gelu
,2034,2034x108,23.0,375.0,52.0,21.41472,0.017043200135231,gelu
,1421,1421x90,23.0,375.0,52.0,22.109720000000003,0.0138944000005722,gelu
,1072,1072x130,15.32,375.0,52.0,22.054920000000003,0.0139968000352382,gelu
,1274,1274x239,15.0,375.0,52.0,22.03572,0.0387968003749847,gelu
,1672,1672x3,15.0,375.0,52.0,21.6,0.0107456000521779,gelu
,1536,1536x357,15.0,375.0,52.0,21.877639999999992,0.230239999294281,gelu
,1074,1074x428,15.0,375.0,52.0,21.725359999999995,0.2005760014057159,gelu
,1509,1509x294,16.92,375.0,52.0,22.21172,0.1884800046682357,gelu
,1666,1666x290,17.0,375.0,52.0,22.04768,0.2104896038770675,gelu
,1139,1139x283,17.0,375.0,52.0,22.450240000000004,0.0482624001801013,gelu
,1811,1811x494,17.0,375.0,51.0,22.2036,0.444947201013565,gelu
,1235,1235x263,17.0,375.0,51.0,22.2546,0.0513088010251522,gelu
,1405,1405x381,18.0,375.0,51.88,22.12608,0.2292927980422973,gelu
,1323,1323x332,18.0,375.0,52.0,22.207040000000006,0.1916800022125244,gelu
,1511,1511x284,18.0,375.0,52.0,22.323600000000003,0.1642815992236137,gelu
,1999,1999x991,18.0,375.0,52.0,23.067919999999997,0.9977728009223938,gelu
,1111,1111x1020,19.44,375.0,52.0,22.9556,0.5718015909194947,gelu
,1703,1703x897,22.0,375.0,52.0,22.83764,0.7520063996315003,gelu
,1086,1086x630,22.0,375.0,52.0,22.006199999999996,0.2850112080574035,gelu
,1430,1430x803,22.0,375.0,52.0,21.886200000000013,0.57881600856781,gelu
,1069,1069x693,22.0,375.0,52.0,22.131159999999998,0.3153727948665619,gelu
,1649,1649x980,21.0,375.0,52.0,22.809680000000004,0.7971967935562134,gelu
,1292,1292x707,21.0,375.0,52.0,22.53047999999999,0.444345599412918,gelu
,1627,1627x665,21.0,375.0,52.0,22.64664000000001,0.5435647964477539,gelu
,1988,1988x579,21.0,375.0,52.0,22.62936,0.5819712042808532,gelu
,2014,2014x2038,23.64,375.0,52.0,23.862160000000006,2.0493568420410155,gelu
,1505,1505x1835,24.0,375.0,52.0,23.345719999999996,1.3982335805892945,gelu
,1300,1300x1197,24.0,375.0,52.0,22.97364,0.7692927956581116,gelu
,1948,1948x1982,26.4,375.0,52.0,24.08796,1.94856960773468,gelu
,1392,1392x1929,34.0,375.0,52.0,23.21244,1.351635217666626,gelu
,1491,1491x1226,34.0,375.0,52.0,23.3792,0.9091776013374328,gelu
,1537,1537x1644,34.0,375.0,52.0,23.352160000000005,1.2679872035980224,gelu
,1852,1852x1855,32.72,385.8,52.0,23.89859999999999,1.7486208200454711,gelu
,1503,1503x1984,32.0,420.0,52.0,23.704280000000004,1.4959807872772215,gelu
,1923,1923x1946,32.0,420.0,52.0,23.679880000000008,1.8886656045913697,gelu
,1720,1720x2972,32.84,420.0,52.0,24.44304,2.5585023403167724,gelu
,1339,1339x3401,35.0,491.4,52.0,24.455320000000007,2.30285439491272,gelu
,1247,1247x3395,35.0,532.2,52.0,24.329679999999986,2.1387712001800536,gelu
,1079,1079x2813,35.48,570.0,52.0,24.21840000000001,1.5353984117507935,gelu
,1956,1956x2284,38.0,580.8,52.0,24.310799999999997,2.22929277420044,gelu
,1289,1289x3762,38.0,615.0,52.0,24.29832,2.4344576358795167,gelu
,1997,1997x2699,38.0,645.0,52.0,24.078199999999992,1.0072448253631592,gelu
,1156,1156x3684,33.2,645.0,52.0,23.649119999999996,0.7938559889793396,gelu
,1959,1959x3469,32.0,645.0,52.0,23.98324000000001,1.2719680070877075,gelu
,1812,1812x2800,32.0,645.0,52.0,23.964640000000003,0.9448192119598388,gelu
,2938,2938x253,32.0,645.0,52.0,23.24876000000001,0.128684800863266,gelu
,2724,2724x130,32.0,645.0,52.0,22.579719999999995,0.0368128009140491,gelu
,3684,3684x100,25.28,645.0,52.0,22.739120000000007,0.0417984001338481,gelu
,4034,4034x237,20.0,645.0,52.0,22.467720000000003,0.1698752015829086,gelu
,2747,2747x10,20.0,645.0,52.0,22.204199999999997,0.0083072001114487,gelu
,3168,3168x79,20.0,420.6,52.0,22.447560000000017,0.0162815999239683,gelu
,2470,2470x200,20.0,376.2,52.0,21.7866,0.2086720019578933,gelu
,3583,3583x123,19.0,375.0,52.0,21.969680000000004,0.1913024008274078,gelu
,2307,2307x113,15.0,375.0,52.0,22.31304000000001,0.0184384007006883,gelu
,2825,2825x107,15.0,375.0,52.0,21.68352,0.0320320002734661,gelu
,2760,2760x264,15.0,375.0,52.0,21.98863999999999,0.3044031977653503,gelu
,3189,3189x445,15.0,375.0,52.0,22.87140000000001,0.7051327943801879,gelu
,3080,3080x305,17.72,375.0,52.0,22.666840000000008,0.4593728005886078,gelu
,3421,3421x266,19.0,375.0,52.0,22.80588,0.4402112007141113,gelu
,3017,3017x476,19.0,375.0,52.0,22.79856,0.7095359921455383,gelu
,2670,2670x449,19.0,375.0,52.0,22.78540000000001,0.6019327998161316,gelu
,2211,2211x469,19.2,375.0,52.0,22.83796,0.5211455941200256,gelu
,3066,3066x370,24.0,375.0,52.0,22.337999999999997,0.5717056035995484,gelu
,2837,2837x283,24.0,375.0,52.0,22.45500000000001,0.3645312070846557,gelu
,3794,3794x496,24.0,417.0,52.0,24.732720000000008,0.9314175963401794,gelu
,3217,3217x972,25.2,480.0,52.0,23.58124,1.5893311977386475,gelu
,3977,3977x964,29.0,501.0,52.0,24.542199999999983,1.932089591026306,gelu
,3278,3278x669,29.0,555.0,52.0,23.754240000000003,1.10064640045166,gelu
,4018,4018x586,29.0,555.0,52.0,23.145,1.1830399751663208,gelu
,3581,3581x1016,33.56,597.0,52.0,24.702040000000007,0.7085119962692261,gelu
,3723,3723x552,35.0,660.0,52.0,22.91544,0.3839935958385467,gelu
,3557,3557x572,35.0,660.0,52.0,22.72108,0.3816960036754608,gelu
,2654,2654x780,35.0,660.0,52.0,22.754240000000014,0.3897024035453796,gelu
,3623,3623x920,35.0,660.0,52.0,23.284560000000003,0.6273664116859436,gelu
,3616,3616x828,18.68,660.0,52.0,23.74328,0.5680576086044311,gelu
,3310,3310x1038,18.0,660.0,52.0,23.6258,0.6518143773078918,gelu
,3814,3814x1374,18.0,660.0,52.0,23.8192,0.997926390171051,gelu
,3894,3894x1460,18.0,660.0,52.0,24.51812,1.081977605819702,gelu
,2496,2496x1365,18.96,558.0,52.0,24.49703999999999,0.6631808042526245,gelu
,2170,2170x1505,26.0,507.0,52.0,23.764959999999995,1.6548223733901977,gelu
,2445,2445x1457,26.0,495.0,52.0,24.17348000000001,1.8041856050491332,gelu
,3567,3567x1727,26.0,500.4,52.0,24.26292000000001,3.125497579574585,gelu
,2459,2459x1031,35.0,510.0,52.0,24.494720000000008,1.2701824188232422,gelu
,3900,3900x1998,35.0,594.0,52.0,24.971319999999995,1.5005120038986206,gelu
,3868,3868x1503,35.0,660.0,52.16,24.87019999999999,1.1089983940124513,gelu
,3252,3252x2848,35.24,660.0,53.0,24.99903999999999,1.7620480060577393,gelu
,3876,3876x2522,36.0,660.0,53.0,24.86655999999999,1.860396790504456,gelu
,2168,2168x2705,36.0,660.0,53.0,24.43768,1.1157440185546874,gelu
,4064,4064x2419,36.0,660.0,53.0,24.693800000000007,1.8734463930130003,gelu
,2964,2964x3110,35.8,660.0,53.0,25.000200000000014,1.7473151922225951,gelu
,3555,3555x2570,31.0,660.0,53.0,24.61063999999999,1.736831998825073,gelu
,3358,3358x3544,31.0,768.6,53.0,26.55892000000001,0.3263167977333069,gelu
,3264,3264x2945,31.0,840.0,53.0,37.678,0.2645695924758911,gelu
,2554,2554x3169,31.0,840.0,53.0,37.99199999999998,0.2224831998348236,gelu
,2911,2911x2970,31.0,840.0,53.0,37.82859999999999,0.2377728015184402,gelu
,6861,6861x217,27.88,840.0,53.68,37.38207999999998,0.0449407994747161,gelu
,7322,7322x50,25.0,840.0,54.0,36.24376000000001,0.0106368001550436,gelu
,8049,8049x150,25.0,840.0,54.0,36.02415999999998,0.0370880007743835,gelu
,7181,7181x219,25.0,840.0,54.0,36.2012,0.0470720008015632,gelu
,6869,6869x223,25.0,840.0,54.36,36.269,0.0454527996480464,gelu
,6576,6576x89,25.0,840.0,55.0,36.20851999999998,0.01839359998703,gelu
,5080,5080x60,25.0,840.0,55.0,36.13712000000001,0.0102591998875141,gelu
,5580,5580x197,25.0,840.0,55.0,36.06944000000001,0.0341696001589298,gelu
,7417,7417x11,25.0,840.0,55.0,36.29399999999999,0.0064896000549197,gelu
,4140,4140x229,25.0,840.0,55.0,35.971,0.0302335999906063,gelu
,4383,4383x300,6.0,840.0,55.0,36.22799999999998,0.0394816003739833,gelu
,4475,4475x407,6.0,840.0,55.0,36.37099999999999,0.0535552002489566,gelu
,6039,6039x275,6.0,654.0,55.0,36.08311999999998,0.0491839997470378,gelu
,5149,5149x473,6.0,375.0,55.0,29.41284,0.4599040031433105,gelu
,6179,6179x474,6.0,375.0,55.0,26.7954,0.5488639950752259,gelu
,5354,5354x418,6.0,375.0,54.68,26.538519999999995,0.4196608006954193,gelu
,7429,7429x290,6.0,375.0,54.0,26.271,0.4035392045974731,gelu
,4177,4177x307,9.6,375.0,54.0,26.428200000000007,0.24234239757061,gelu
,4879,4879x435,16.0,375.0,54.0,26.15676,0.3924416065216064,gelu
,6924,6924x463,16.0,375.0,54.0,23.71752,0.5950720191001893,gelu
,6287,6287x567,16.0,375.0,53.6,24.241839999999996,0.671232008934021,gelu
,6446,6446x795,21.12,450.6,53.0,24.54272,2.600070428848267,gelu
,4748,4748x591,32.0,480.0,53.0,24.13663999999999,1.4137919902801517,gelu
,7570,7570x652,32.0,624.0,53.0,25.64396000000001,0.9181760072708128,gelu
,6923,6923x763,32.0,630.0,53.0,24.193520000000003,0.9820159912109376,gelu
,6991,6991x565,32.64,630.0,53.0,24.11304,0.7343744039535522,gelu
,5062,5062x810,33.0,630.0,53.0,23.75448,0.7646720051765442,gelu
,6594,6594x549,33.0,630.0,53.0,23.15708,0.673305606842041,gelu
,6996,6996x622,33.0,630.0,53.0,23.64208,0.8123968005180359,gelu
,8127,8127x715,33.0,630.0,53.0,24.36188,1.0847039937973022,gelu
,5949,5949x1988,23.0,630.0,53.0,25.392000000000003,2.2170815467834477,gelu
,7689,7689x1924,23.0,927.6,53.0,28.747799999999987,0.313318395614624,gelu
,5649,5649x1608,23.0,990.0,53.0,41.81399999999999,0.1943296045064926,gelu
,8023,8023x1569,23.0,990.0,53.0,41.216,0.2675520002841949,gelu
,5173,5173x1249,23.0,990.0,55.0,42.63199999999998,0.1395647972822189,gelu
,4523,4523x1725,25.56,990.0,55.0,40.93235999999999,0.1679359972476959,gelu
,7610,7610x1532,31.0,990.0,55.0,41.13467999999999,0.2475711971521377,gelu
,5722,5722x1995,31.0,990.0,55.0,41.22063999999998,0.2420479983091354,gelu
,4411,4411x1585,31.0,990.0,55.0,41.49416,0.1501376032829284,gelu
,7433,7433x1652,31.0,990.0,55.0,41.18044,0.2604544103145599,gelu
,6589,6589x2499,31.0,990.0,55.0,41.95523999999998,0.3480512022972107,gelu
,5585,5585x2216,31.0,990.0,55.84,42.56956,0.2624319970607757,gelu
,7626,7626x2806,31.0,990.0,56.0,41.87,0.4509567975997924,gelu
,5164,5164x3405,22.84,990.0,56.0,44.115480000000005,0.371968001127243,gelu
,4968,4968x2583,14.0,990.0,56.0,42.051,0.2723455965518951,gelu
,6566,6566x3991,14.0,880.8,56.0,41.47699999999999,0.5513984084129333,gelu
,7095,7095x3885,14.0,600.0,56.0,41.85100000000001,0.7476479887962342,gelu
,5153,5153x3235,14.0,585.0,56.0,39.40300000000001,0.4550143957138061,gelu
,7243,7243x3647,14.0,558.6,56.0,39.45635999999999,0.7176192045211792,gelu
,7827,7827x3109,14.0,552.0,56.0,40.207,0.661785614490509,gelu
,12095,12095x150,16.52,540.0,56.0,40.30211999999999,0.0554048001766204,gelu
,10096,10096x1,21.0,516.0,56.0,36.1668,0.0066112000495195,gelu
,13511,13511x30,21.0,510.0,56.0,35.91928,0.0158783996477723,gelu
,14451,14451x132,21.0,480.0,56.0,35.98932000000001,0.0595968000590801,gelu
,15501,15501x119,21.0,480.0,56.0,36.237,0.0578560002148151,gelu
,11224,11224x91,21.0,450.0,56.0,36.24800000000002,0.037049600481987,gelu
,14651,14651x97,21.0,445.2,56.0,36.082,0.0483584001660346,gelu
,10442,10442x7,21.0,420.0,56.0,36.24099999999999,0.008883199840784,gelu
,12261,12261x43,21.0,402.0,56.0,35.87520000000002,0.0235967997461557,gelu
,10474,10474x246,11.88,390.0,55.0,36.11808000000001,0.0883456006646156,gelu
,12575,12575x320,9.0,375.0,55.0,36.504680000000015,0.1374592006206512,gelu
,11868,11868x269,9.0,375.0,55.0,36.66359999999998,0.1108415991067886,gelu
,10034,10034x508,9.0,375.0,55.0,36.607999999999976,0.1715135991573333,gelu
,10132,10132x441,9.0,375.0,56.0,37.01800000000002,0.1519295960664749,gelu
,10654,10654x411,9.0,375.0,56.0,36.900360000000006,0.1485695987939834,gelu
,8228,8228x333,9.0,375.0,56.0,36.66812,0.0967040002346038,gelu
,15196,15196x399,9.0,375.0,56.0,36.67780000000002,0.2024511992931366,gelu
,16290,16290x474,9.0,375.0,56.0,37.10435999999999,0.2561600029468536,gelu
,16263,16263x374,14.0,375.0,56.0,37.438,0.2028288006782531,gelu
,11523,11523x265,14.0,375.0,56.0,37.33780000000001,0.1065727993845939,gelu
,13021,13021x984,14.0,375.0,55.48,35.05248000000002,0.8529087901115417,gelu
,10537,10537x899,14.0,420.0,55.0,28.27615999999999,1.7862143993377686,gelu
,8687,8687x663,14.0,420.0,54.96,27.941999999999997,1.0844480037689208,gelu
,11181,11181x994,16.28,420.0,54.0,28.29967999999998,2.0986815452575684,gelu
,10015,10015x672,33.0,446.4,54.0,26.63571999999999,1.2673408031463622,gelu
,12420,12420x826,33.0,453.6,54.0,24.87768000000001,1.9262784004211424,gelu
,14753,14753x570,33.0,465.0,54.0,24.920360000000013,1.58263680934906,gelu
,14426,14426x681,33.0,465.0,54.0,24.922000000000004,1.8467392206192017,gelu
,14135,14135x856,33.0,465.0,53.0,25.1368,2.2796159744262696,gelu
,13257,13257x705,33.0,475.8,53.0,25.24576,1.7560895919799804,gelu
,8980,8980x1669,33.0,513.6,53.0,25.502680000000005,2.823686408996582,gelu
,14593,14593x1753,37.0,676.2,53.0,26.898280000000003,4.804620742797852,gelu
,16007,16007x1101,37.0,829.2,53.0,27.966840000000005,0.4804224014282227,gelu
,10500,10500x1354,37.0,840.0,53.0,38.87599999999998,0.3887424051761627,gelu
,14543,14543x1514,37.0,840.0,53.0,39.375440000000005,0.599782383441925,gelu
,9621,9621x2046,37.0,840.0,53.56,39.55,0.5362496018409729,gelu
,14145,14145x1748,34.0,840.0,55.0,39.65028000000002,0.6726975917816163,gelu
,10494,10494x1278,34.0,840.0,55.0,40.73899999999999,0.3661440014839172,gelu
,14201,14201x1667,34.0,840.0,55.0,38.60376000000002,0.6437311887741088,gelu
,8323,8323x1341,34.0,840.0,55.0,40.74800000000002,0.3067135989665985,gelu
,15766,15766x2431,34.0,840.0,55.0,39.78808,1.0403200149536134,gelu
,14696,14696x3823,34.0,840.0,55.36,43.2368,1.521567988395691,gelu
,15995,15995x2517,32.2,840.0,56.0,43.04739999999998,1.09093759059906,gelu
,8706,8706x3606,29.0,840.0,56.0,41.028999999999975,0.8523904085159302,gelu
,15122,15122x3154,29.0,828.6,56.0,41.89719999999999,1.2928768157958983,gelu
,13080,13080x3898,29.0,814.8,56.0,43.08108,1.3818495988845825,gelu
,13057,13057x2722,29.0,802.8,56.0,42.172480000000014,0.963968014717102,gelu
,14568,14568x2089,29.0,792.6,56.0,40.20544000000001,0.825823986530304,gelu
,10609,10609x4094,30.52,765.0,56.0,41.78800000000001,1.176742386817932,gelu
,9789,9789x2198,31.0,765.0,56.0,41.88,0.5856320023536682,gelu
,127,127x168,31.0,738.0,56.0,38.98143999999999,0.0063040000386536,tanh
,18,18x218,31.0,720.0,56.0,35.98656000000001,0.006144000031054,tanh
,209,209x112,31.0,660.0,56.0,35.9504,0.006144000031054,tanh
,83,83x236,31.0,660.0,56.0,35.906199999999984,0.0064256000332534,tanh
,1,1x37,31.0,615.0,56.0,35.93044,0.0061376001685857,tanh
,172,172x29,31.0,615.0,56.0,35.981,0.0063423999585211,tanh
,188,188x90,31.0,570.0,56.0,36.038,0.00670079998672,tanh
,116,116x165,10.0,564.6,56.0,36.03300000000001,0.0064128000289201,tanh
,232,232x249,10.0,525.0,56.0,36.04899999999999,0.0081727998331189,tanh
,235,235x45,10.0,505.8,56.0,35.96839999999999,0.0065471999347209,tanh
,58,58x332,10.0,495.0,56.0,35.94720000000001,0.0067712000571191,tanh
,178,178x472,10.0,451.8,55.0,35.96216000000002,0.0084479998797178,tanh
,211,211x432,10.0,450.0,55.0,35.92431999999998,0.0088192000985145,tanh
,134,134x373,10.0,420.0,55.0,35.89779999999999,0.0082623999565839,tanh
,86,86x339,10.0,420.0,55.0,35.91404000000001,0.0081919999793171,tanh
,163,163x321,10.0,390.0,55.0,35.95492000000001,0.0085248000919818,tanh
,76,76x447,8.0,390.0,55.0,35.981240000000014,0.0082304000854492,tanh
,235,235x420,8.0,375.0,55.0,35.98303999999998,0.0102399999275803,tanh
,174,174x314,8.0,375.0,55.0,36.05499999999999,0.0087999999523162,tanh
,229,229x439,8.0,375.0,55.0,36.12,0.0102527998387813,tanh
,43,43x969,8.0,375.0,55.0,36.040999999999976,0.0085119999945163,tanh
,76,76x950,8.0,375.0,55.0,36.01599999999999,0.010080000013113,tanh
,229,229x602,8.0,375.0,55.0,35.450599999999994,0.0107968000695109,tanh
,72,72x601,8.0,375.0,55.0,30.100359999999988,0.0105472000315785,tanh
,4,4x932,8.0,375.0,55.0,26.001480000000004,0.0099648002535104,tanh
,149,149x1015,9.92,375.0,55.0,25.941680000000005,0.0134783999994397,tanh
,79,79x781,10.0,375.0,55.0,26.059360000000016,0.0107839999720454,tanh
,15,15x635,10.0,375.0,54.2,25.997,0.0102080004289746,tanh
,62,62x895,10.0,375.0,54.0,25.928999999999984,0.0107007998973131,tanh
,183,183x680,10.0,375.0,54.0,25.80412000000001,0.0125504001975059,tanh
,40,40x1421,10.0,375.0,54.0,25.82092,0.0107584001496434,tanh
,50,50x1745,10.0,375.0,54.0,23.503680000000003,0.0122752003371715,tanh
,84,84x1234,10.0,375.0,54.0,23.1802,0.0122752003371715,tanh
,60,60x1293,13.0,375.0,53.52,22.971000000000004,0.012262400239706,tanh
,89,89x1648,13.0,375.0,53.0,22.4392,0.0139327999204397,tanh
,108,108x1291,13.0,375.0,53.0,22.50848,0.0132608000189065,tanh
,101,101x1245,13.0,375.0,53.0,22.05156,0.0130176000297069,tanh
,6,6x1222,13.0,375.0,53.0,21.99848,0.0106048000976443,tanh
,143,143x1737,14.84,375.0,52.08,21.394640000000003,0.0164223998785018,tanh
,99,99x1602,15.0,375.0,52.0,21.58675999999999,0.0143296001479029,tanh
,55,55x2789,15.0,375.0,52.0,21.85308000000001,0.0143616002053022,tanh
,64,64x3957,15.0,375.0,52.0,21.89136000000001,0.0165119998157024,tanh
,253,253x2522,15.0,375.0,52.0,22.06232,0.2629503905773163,tanh
,220,220x2822,15.0,375.0,52.0,22.16832,0.2528703927993774,tanh
,225,225x2397,15.0,375.0,52.0,22.212439999999983,0.230675196647644,tanh
,102,102x3436,15.0,375.0,52.0,22.273040000000005,0.0921984001994133,tanh
,205,205x3507,15.0,375.0,52.0,22.62896,0.2993920028209686,tanh
,129,129x4053,15.0,375.0,52.0,22.479,0.2247424006462097,tanh
,14,14x2782,19.0,375.0,52.0,22.21551999999999,0.0111168000847101,tanh
,104,104x3251,19.0,375.0,52.0,21.849359999999997,0.0707072004675865,tanh
,453,453x231,19.0,375.0,52.0,22.426959999999998,0.0126336000859737,tanh
,341,341x252,19.0,375.0,52.0,21.973599999999983,0.012339200079441,tanh
,500,500x81,19.0,375.0,52.0,21.97200000000001,0.011065600067377,tanh
,288,288x15,16.0,375.0,52.0,22.05972000000001,0.0102399997413158,tanh
,476,476x177,16.0,375.0,52.0,22.02416000000001,0.0123328000307083,tanh
,300,300x34,16.0,375.0,52.0,21.954999999999988,0.0108480000868439,tanh
,473,473x216,16.0,375.0,52.0,21.670720000000006,0.0123712001368403,tanh
,307,307x251,16.0,375.0,52.0,21.82928,0.0122432000935077,tanh
,480,480x104,16.0,375.0,51.0,21.93291999999999,0.011833600141108,tanh
,372,372x48,16.0,375.0,51.0,21.674640000000004,0.0106303999200463,tanh
,296,296x411,16.0,375.0,51.68,22.05512000000001,0.0126463999971747,tanh
,349,349x266,16.0,375.0,52.0,22.34616000000001,0.0122880002483725,tanh
,443,443x493,16.0,375.0,51.76,22.00556000000001,0.0157247997820377,tanh
,361,361x468,16.64,375.0,51.0,22.060319999999997,0.014560000039637,tanh
,333,333x355,17.0,375.0,51.0,21.994200000000006,0.0129856001585721,tanh
,360,360x338,17.0,375.0,51.0,21.736320000000006,0.0127167999744415,tanh
,267,267x285,17.0,375.0,51.0,21.63492,0.0122752003371715,tanh
,328,328x377,17.0,375.0,51.0,21.673400000000004,0.01278080008924,tanh
,417,417x425,16.72,375.0,51.0,21.85096,0.0144896000623703,tanh
,397,397x482,16.0,375.0,51.48,21.938680000000005,0.0152704000473022,tanh
,500,500x765,16.0,375.0,52.0,22.21099999999999,0.1512575984001159,tanh
,284,284x758,16.0,375.0,51.84,22.18628,0.0160576000809669,tanh
,261,261x915,16.0,375.0,51.0,22.04144000000001,0.0163775999099016,tanh
,419,419x929,16.0,375.0,51.0,21.890639999999983,0.151468801498413,tanh
,308,308x677,16.0,375.0,51.0,21.744359999999983,0.0156416000798344,tanh
,351,351x967,16.0,375.0,51.0,21.75548000000001,0.0744384005665779,tanh
,337,337x768,16.0,375.0,51.0,21.585840000000005,0.0166335999965667,tanh
,424,424x801,16.0,375.0,51.0,21.889679999999988,0.0771136000752449,tanh
,267,267x536,16.24,375.0,51.0,21.843000000000007,0.0141119999811053,tanh
,476,476x779,17.0,375.0,51.0,22.24096000000001,0.1345279961824417,tanh
,510,510x1267,17.0,375.0,51.0,22.099000000000004,0.2536831974983215,tanh
,477,477x1448,17.0,375.0,51.0,22.4522,0.2694464027881622,tanh
,405,405x1561,17.0,375.0,51.2,22.66776000000001,0.2603008091449738,tanh
,325,325x1687,17.4,375.0,52.0,22.260719999999992,0.2165695995092392,tanh
,283,283x1706,19.0,375.0,52.0,21.903,0.20657280087471,tanh
,459,459x1784,19.0,375.0,52.0,22.673600000000008,0.373088002204895,tanh
,324,324x1208,19.0,375.0,52.0,22.722439999999995,0.1536320000886917,tanh
,512,512x1600,19.0,375.0,52.0,22.16224,0.362745600938797,tanh
,418,418x2031,20.2,375.0,52.0,22.67128,0.3977727949619293,tanh
,275,275x1988,21.0,375.0,52.0,22.725040000000003,0.212364798784256,tanh
,439,439x4036,21.0,375.0,52.0,22.608480000000007,0.8896448016166687,tanh
,402,402x2788,21.0,375.0,52.0,22.82960000000001,0.5644224047660827,tanh
,512,512x2435,21.0,375.0,52.0,22.87776000000001,0.6247423887252808,tanh
,335,335x2167,23.0,375.0,52.0,22.927160000000004,0.3130687952041626,tanh
,488,488x3379,23.0,375.0,52.0,23.188,0.8142143964767456,tanh
,304,304x3682,23.0,375.0,52.0,22.74839999999999,0.5572543978691101,tanh
,455,455x3697,23.0,375.0,52.0,22.41879999999999,0.8322751998901368,tanh
,440,440x2442,23.6,375.0,52.0,22.625480000000003,0.5487872004508972,tanh
,303,303x3779,24.0,375.0,52.0,23.105279999999997,0.5764863967895508,tanh
,371,371x2684,24.0,375.0,52.0,22.509839999999997,0.5036864042282104,tanh
,665,665x66,24.0,375.0,52.0,22.42955999999999,0.0113152001053094,tanh
,948,948x212,24.0,375.0,52.0,22.17699999999999,0.015743999928236,tanh
,986,986x92,22.0,375.0,52.0,21.630840000000013,0.0124160002917051,tanh
,973,973x136,22.0,375.0,52.0,21.567639999999997,0.0129216000437736,tanh
,531,531x3,22.0,375.0,52.0,21.67020000000001,0.0102847998961806,tanh
,823,823x185,22.0,375.0,52.0,21.96748,0.0143296001479029,tanh
,529,529x97,22.0,375.0,51.0,21.91096,0.0111231999471783,tanh
,821,821x238,17.68,375.0,51.0,21.89552,0.015302399918437,tanh
,1009,1009x242,16.0,375.0,51.8,22.31912,0.0163711998611688,tanh
,521,521x53,16.0,375.0,52.0,22.141799999999986,0.0111039999872446,tanh
,1012,1012x375,16.0,375.0,52.0,22.05448,0.1452032029628753,tanh
,632,632x510,16.0,375.0,52.0,21.875120000000003,0.0320511993020772,tanh
,865,865x481,16.4,375.0,52.0,21.88636,0.1787583976984024,tanh
,881,881x498,17.0,375.0,52.0,22.05624,0.1911551982164382,tanh
,673,673x508,17.0,375.0,52.0,22.03052,0.0783359989523887,tanh
,880,880x390,17.0,375.0,51.04,22.00196,0.0805695980787277,tanh
,745,745x318,17.0,375.0,51.0,21.99464,0.0163711998611688,tanh
,619,619x282,16.28,375.0,51.76,21.83556,0.0146687999367713,tanh
,633,633x362,16.0,375.0,52.0,21.93032,0.0163071997463703,tanh
,855,855x327,16.0,375.0,52.0,21.84896,0.0171071995049715,tanh
,806,806x688,16.0,375.0,52.0,22.30772,0.2390080004930496,tanh
,746,746x654,16.0,375.0,52.0,22.60151999999999,0.2067199975252151,tanh
,523,523x584,16.52,375.0,51.0,22.03136000000001,0.0270208001136779,tanh
,550,550x667,17.0,375.0,51.0,22.020520000000005,0.1321407988667488,tanh
,799,799x663,17.0,375.0,51.76,21.948280000000004,0.2151488006114959,tanh
,599,599x550,17.0,375.0,52.0,22.16080000000001,0.0493696004152297,tanh
,676,676x536,17.0,375.0,51.36,22.1208,0.1101376011967659,tanh
,778,778x875,17.0,375.0,51.0,22.474680000000003,0.2803968012332916,tanh
,754,754x752,17.0,375.0,51.6,22.041079999999987,0.2436479955911636,tanh
,710,710x882,17.0,375.0,52.0,22.334639999999997,0.2594432055950165,tanh
,948,948x1291,17.0,375.0,51.44,22.44568,0.6112832069396973,tanh
,1023,1023x1892,18.2,375.0,51.0,23.185479999999995,0.9654079914093018,tanh
,645,645x1266,23.0,375.0,51.72,22.980120000000003,0.3746559977531433,tanh
,625,625x1272,23.0,375.0,52.0,22.543560000000003,0.3576384007930756,tanh
,823,823x1627,23.0,375.0,52.0,22.624839999999995,0.6619583964347839,tanh
,733,733x1399,23.0,375.0,52.0,22.63056,0.5148544192314148,tanh
,830,830x1951,23.0,375.0,52.0,22.73644,0.7937279939651489,tanh
,665,665x1691,23.0,375.0,52.0,22.45636000000001,0.5764479994773865,tanh
,797,797x1206,23.0,375.0,52.0,22.52324,0.4744512021541595,tanh
,1000,1000x1063,23.0,375.0,52.0,22.645080000000007,0.5342527985572815,tanh
,841,841x3694,24.32,377.4,52.0,24.243679999999998,1.5581568002700803,tanh
,837,837x3613,26.0,405.0,52.0,23.523440000000004,1.5235455751419067,tanh
,774,774x2416,26.0,405.0,52.0,23.641319999999997,0.9369727969169616,tanh
,572,572x3269,26.0,420.0,52.0,23.675959999999986,0.9242751955986024,tanh
,636,636x2261,32.0,420.0,52.0,22.71252000000001,0.7076288104057312,tanh
,838,838x3952,32.0,420.0,52.0,23.52228000000001,1.651564788818359,tanh
,616,616x3057,32.0,420.0,52.0,23.414520000000007,0.9425600051879884,tanh
,685,685x3053,32.0,420.0,52.0,23.306320000000007,1.0675584077835083,tanh
,574,574x4024,28.0,420.0,52.0,23.1568,1.1628031969070434,tanh
,584,584x3280,28.0,418.8,52.0,23.06084,0.968447995185852,tanh
,1726,1726x134,28.0,402.6,52.0,22.846919999999987,0.0154624003916978,tanh
,1057,1057x69,28.0,385.8,52.0,21.721879999999988,0.0121920000761747,tanh
,1191,1191x40,23.8,375.0,52.0,22.18792000000001,0.0108799999579787,tanh
,1042,1042x64,23.0,375.0,52.0,22.070400000000003,0.012236800044775,tanh
,1757,1757x99,23.0,375.0,52.0,21.95520000000001,0.0144128000363707,tanh
,2034,2034x108,23.0,375.0,52.0,21.76039999999999,0.0154944000765681,tanh
,1421,1421x90,23.0,375.0,52.0,22.1166,0.0133503999561071,tanh
,1072,1072x130,15.96,375.0,52.0,21.675799999999995,0.013247999921441,tanh
,1274,1274x239,15.0,375.0,52.0,21.729280000000003,0.0386368006467819,tanh
,1672,1672x3,15.0,375.0,52.0,21.87716,0.0103039998561143,tanh
,1536,1536x357,15.0,375.0,52.0,22.018200000000007,0.2289088010787963,tanh
,1074,1074x428,15.0,375.0,52.0,22.33271999999999,0.1975168019533157,tanh
,1509,1509x294,17.16,375.0,52.0,22.58511999999999,0.1909312009811401,tanh
,1666,1666x290,18.0,375.0,52.0,22.5174,0.2102016001939773,tanh
,1139,1139x283,18.0,375.0,52.0,22.392999999999997,0.0435327999293804,tanh
,1811,1811x494,18.0,375.0,52.0,22.454840000000008,0.441375994682312,tanh
,1235,1235x263,18.0,375.0,52.0,21.872440000000005,0.0514495998620987,tanh
,1405,1405x381,18.0,375.0,52.0,22.095239999999997,0.2265024006366729,tanh
,1323,1323x332,18.0,375.0,52.0,21.820239999999995,0.1915008008480072,tanh
,1511,1511x284,18.0,375.0,52.0,22.008000000000017,0.1774336010217666,tanh
,1999,1999x991,18.0,375.0,51.0,24.437200000000008,0.9991488218307496,tanh
,1111,1111x1020,21.2,375.0,51.2,22.6824,0.5799232006072998,tanh
,1703,1703x897,23.0,375.0,52.0,22.76644000000001,0.7555583953857422,tanh
,1086,1086x630,23.0,375.0,52.0,22.7612,0.2865791976451873,tanh
,1430,1430x803,23.0,375.0,52.0,22.540640000000003,0.5795136094093323,tanh
,1069,1069x693,22.6,375.0,52.0,22.147119999999997,0.3180095911026001,tanh
,1649,1649x980,22.0,375.0,52.0,22.71596,0.7949375867843628,tanh
,1292,1292x707,22.0,375.0,52.0,23.2856,0.4516608059406281,tanh
,1627,1627x665,22.0,375.0,52.0,23.274079999999994,0.5480768084526062,tanh
,1988,1988x579,22.0,375.0,52.0,22.704440000000005,0.5860352039337158,tanh
,2014,2014x2038,25.0,375.0,52.0,23.98556,2.083206415176392,tanh
,1505,1505x1835,25.0,375.0,52.0,23.59768,1.3893247842788696,tanh
,1300,1300x1197,25.0,375.0,52.0,23.078799999999987,0.7618304014205932,tanh
,1948,1948x1982,26.44,375.0,52.0,23.80848,1.9340991973876955,tanh
,1392,1392x1929,34.0,385.8,52.0,24.342039999999997,1.3625152349472045,tanh
,1491,1491x1226,34.0,420.0,52.0,23.02804,0.9109376072883606,tanh
,1537,1537x1644,34.0,420.0,52.0,23.53008,1.2661119937896728,tanh
,1852,1852x1855,30.96,420.0,52.0,23.60964000000001,1.7403455972671509,tanh
,1503,1503x1984,30.0,420.0,52.0,24.49688,1.494054412841797,tanh
,1923,1923x1946,30.0,420.0,52.0,23.87503999999999,1.8893952131271363,tanh
,1720,1720x2972,32.88,417.0,52.0,24.078199999999992,2.564473581314087,tanh
,1339,1339x3401,36.0,429.0,52.0,24.60259999999999,2.2963135719299315,tanh
,1247,1247x3395,36.0,435.0,52.0,23.99408,2.133740758895874,tanh
,1079,1079x2813,36.36,457.8,52.0,24.34135999999999,1.5265087842941285,tanh
,1956,1956x2284,37.0,486.6,52.0,24.444159999999997,2.2532928466796878,tanh
,1289,1289x3762,37.0,531.0,52.0,25.067960000000017,2.4588927745819094,tanh
,1997,1997x2699,37.72,615.0,52.0,24.242200000000004,2.7327871799468992,tanh
,1156,1156x3684,39.0,615.0,52.0,24.52396,2.1279039859771727,tanh
,1959,1959x3469,39.0,665.4,52.0,25.245400000000007,1.296064019203186,tanh
,1812,1812x2800,39.0,675.0,52.0,23.375680000000003,0.9613120079040528,tanh
,2938,2938x253,35.0,675.0,52.0,22.815119999999997,0.1316607981920242,tanh
,2724,2724x130,29.0,675.0,52.0,22.46768000000001,0.0370432004332542,tanh
,3684,3684x100,29.0,675.0,52.0,22.16256,0.0436799995601177,tanh
,4034,4034x237,29.0,675.0,52.0,22.402600000000003,0.1763903975486755,tanh
,2747,2747x10,29.0,675.0,52.0,22.782839999999982,0.0082112001255154,tanh
,3168,3168x79,29.0,675.0,52.0,22.3766,0.0115648001432418,tanh
,2470,2470x200,11.72,675.0,52.0,22.43292,0.0826368004083633,tanh
,3583,3583x123,11.0,615.0,52.0,22.304240000000004,0.0719360008835792,tanh
,2307,2307x113,11.0,375.0,52.0,22.010720000000006,0.0163904000073671,tanh
,2825,2825x107,11.0,375.0,52.0,22.420919999999988,0.0330239996314048,tanh
,2760,2760x264,11.0,375.0,52.0,22.504200000000004,0.2872703999280929,tanh
,3189,3189x445,15.0,375.0,52.0,22.887000000000004,0.6993152022361755,tanh
,3080,3080x305,16.0,375.0,52.0,22.77803999999999,0.4589439988136291,tanh
,3421,3421x266,16.0,375.0,52.0,22.47524,0.4414272010326385,tanh
,3017,3017x476,16.0,375.0,52.0,22.79792,0.7138048052787781,tanh
,2670,2670x449,16.0,375.0,52.0,22.891120000000004,0.5987712025642395,tanh
,2211,2211x469,23.0,375.0,52.0,23.010800000000003,0.5279040098190307,tanh
,3066,3066x370,23.0,375.0,52.0,22.887920000000005,0.5755903959274292,tanh
,2837,2837x283,23.0,375.0,52.0,22.71015999999999,0.3680447995662689,tanh
,3794,3794x496,23.0,375.0,52.0,23.8354,0.9366655945777892,tanh
,3217,3217x972,25.8,384.0,52.0,23.87232,1.5707648038864137,tanh
,3977,3977x964,28.0,420.0,52.0,23.726959999999995,1.9352319955825803,tanh
,3278,3278x669,28.0,421.8,52.0,24.14215999999999,1.1038208246231078,tanh
,4018,4018x586,28.0,435.0,52.0,23.407960000000006,1.1769855737686157,tanh
,3581,3581x1016,33.0,435.0,52.0,23.96152,1.8322368144989012,tanh
,3723,3723x552,33.0,435.0,52.0,23.11764,1.0334143877029418,tanh
,3557,3557x572,33.0,435.0,52.0,23.40327999999999,1.0129600286483764,tanh
,2654,2654x780,32.36,435.0,52.0,23.59923999999999,1.0444927930831909,tanh
,3623,3623x920,31.0,444.0,52.0,23.40456,1.6728576183319093,tanh
,3616,3616x828,31.0,480.0,52.0,23.24136,1.503820776939392,tanh
,3310,3310x1038,31.0,480.0,52.0,23.426039999999997,1.7357120037078857,tanh
,3814,3814x1374,30.0,544.8,52.0,24.650119999999987,2.6582015991210937,tanh
,3894,3894x1460,30.0,634.8,52.0,24.762919999999998,1.0950656175613402,tanh
,2496,2496x1365,30.0,705.0,52.0,24.03991999999999,0.6545599937438965,tanh
,2170,2170x1505,30.0,705.0,52.0,23.3886,0.6269183993339539,tanh
,2445,2445x1457,33.0,705.0,52.0,23.567559999999983,0.6862784028053284,tanh
,3567,3567x1727,33.0,705.0,52.0,24.32568,1.1807103872299194,tanh
,2459,2459x1031,33.0,705.0,52.0,24.1802,0.4837951958179474,tanh
,3900,3900x1998,33.0,705.0,52.0,24.446400000000004,1.498419213294983,tanh
,3868,3868x1503,31.08,705.0,52.0,24.53372000000001,1.119590401649475,tanh
,3252,3252x2848,25.0,701.4,52.0,24.876799999999992,1.782803201675415,tanh
,3876,3876x2522,25.0,669.0,52.48,25.15612,1.8841792106628417,tanh
,2168,2168x2705,25.0,690.0,53.0,24.15943999999999,1.1265727996826171,tanh
,4064,4064x2419,28.36,690.0,53.0,24.42984,1.8863296031951904,tanh
,2964,2964x3110,32.0,690.0,53.0,25.40076,1.7679551839828491,tanh
,3555,3555x2570,32.0,690.0,53.0,24.74168,1.7544640064239505,tanh
,3358,3358x3544,32.0,690.0,53.0,25.72524,2.2896512031555174,tanh
,3264,3264x2945,33.04,690.0,53.0,24.99219999999999,1.8470143795013427,tanh
,2554,2554x3169,34.0,686.4,53.0,24.849359999999997,1.5585536003112792,tanh
,2911,2911x2970,34.0,651.6,53.0,24.66796,1.619968008995056,tanh
,6861,6861x217,34.0,637.2,53.0,23.999839999999992,0.2725567936897278,tanh
,7322,7322x50,34.0,608.4,52.04,22.363760000000003,0.0495360001921653,tanh
,8049,8049x150,24.0,564.6,52.0,22.62644,0.6045056104660034,tanh
,7181,7181x219,24.0,541.8,52.0,23.513440000000006,0.768940806388855,tanh
,6869,6869x223,24.0,510.0,52.0,22.892039999999994,0.7486527919769287,tanh
,6576,6576x89,24.0,495.0,52.0,22.19244,0.2430975973606109,tanh
,5080,5080x60,22.92,480.0,52.0,22.253919999999997,0.0283776003867387,tanh
,5580,5580x197,21.0,450.0,52.0,22.391239999999996,0.5508799910545349,tanh
,7417,7417x11,21.0,435.0,52.0,22.59912,0.0115008000284433,tanh
,4140,4140x229,21.0,405.0,52.0,22.2692,0.4640576004981994,tanh
,4383,4383x300,21.0,387.0,52.0,23.13532,0.6549248099327087,tanh
,4475,4475x407,20.2,375.0,52.0,23.22772,0.903935980796814,tanh
,6039,6039x275,20.0,375.0,52.0,22.69208,0.8280896067619323,tanh
,5149,5149x473,20.0,380.4,52.0,24.08679999999999,1.1977407932281494,tanh
,6179,6179x474,21.56,420.0,52.0,23.823440000000005,1.4595776081085206,tanh
,5354,5354x418,33.0,420.0,52.0,23.135520000000007,1.1254976034164428,tanh
,7429,7429x290,33.0,420.0,52.0,23.61400000000001,1.083411192893982,tanh
,4177,4177x307,33.0,420.0,52.0,22.902959999999997,0.6457023978233337,tanh
,4879,4879x435,32.52,420.0,52.0,22.73671999999999,1.0675967931747437,tanh
,6924,6924x463,27.0,420.0,52.0,24.020360000000004,1.6114623546600342,tanh
,6287,6287x567,27.0,434.4,52.0,24.21944,1.789356803894043,tanh
,6446,6446x795,27.0,450.0,52.0,24.73943999999999,2.5871551990509034,tanh
,4748,4748x591,34.56,450.0,52.0,23.71504,1.4035648107528689,tanh
,7570,7570x652,36.0,507.6,52.0,25.06544000000001,2.491865634918213,tanh
,6923,6923x763,36.0,520.8,52.0,24.18832,2.6753727912902834,tanh
,6991,6991x565,37.36,525.0,52.0,23.94648,2.0004095792770387,tanh
,5062,5062x810,38.0,525.0,52.0,24.28172000000001,2.0688000202178958,tanh
,6594,6594x549,38.0,525.0,52.0,23.6838,1.8032063961029048,tanh
,6996,6996x622,38.0,593.4,52.0,24.78811999999999,2.1812928199768065,tanh
,8127,8127x715,38.0,696.0,52.0,25.042240000000007,1.1325183868408204,tanh
,5949,5949x1988,38.0,750.0,52.0,24.937600000000003,2.2948031425476074,tanh
,7689,7689x1924,38.0,780.0,52.48,25.52999999999999,0.8976128041744232,tanh
,5649,5649x1608,36.2,900.0,53.0,32.731039999999986,0.2501376062631607,tanh
,8023,8023x1569,35.0,900.0,53.0,37.61532000000002,0.3444736003875732,tanh
,5173,5173x1249,35.0,900.0,53.36,37.72403999999999,0.1785535991191864,tanh
,4523,4523x1725,35.0,900.0,54.0,37.111,0.2152639985084533,tanh
,7610,7610x1532,35.0,900.0,54.0,37.43100000000001,0.3196159958839416,tanh
,5722,5722x1995,35.0,900.0,54.0,38.5064,0.3132224023342133,tanh
,4411,4411x1585,35.0,900.0,54.84,37.77600000000002,0.1931775987148284,tanh
,7433,7433x1652,35.0,900.0,55.0,37.60704000000001,0.3354624032974243,tanh
,6589,6589x2499,34.2,900.0,55.0,38.144480000000016,0.4496768057346344,tanh
,5585,5585x2216,15.0,900.0,55.0,38.83687999999998,0.3392960011959076,tanh
,7626,7626x2806,15.0,900.0,55.0,38.56728,0.5833599925041199,tanh
,5164,5164x3405,15.0,900.0,55.0,39.24675999999998,0.479443210363388,tanh
,4968,4968x2583,15.0,900.0,55.0,39.11300000000002,0.3520576000213623,tanh
,6566,6566x3991,15.0,900.0,55.32,39.379480000000015,0.7133568048477172,tanh
,7095,7095x3885,15.0,570.0,56.0,38.998280000000015,0.7483008027076721,tanh
,5153,5153x3235,15.0,560.4,56.0,40.38027999999999,0.4545920073986053,tanh
,7243,7243x3647,21.0,551.4,56.0,39.017320000000005,0.7177855968475342,tanh
,7827,7827x3109,21.0,540.0,56.0,39.67356,0.6615487813949585,tanh
,12095,12095x150,21.0,510.0,56.0,38.99507999999997,0.0544447995722293,tanh
,10096,10096x1,21.0,510.0,56.0,36.71843999999999,0.0067263999953866,tanh
,13511,13511x30,21.0,480.0,56.0,36.01956,0.0144768003374338,tanh
,14451,14451x132,21.0,480.0,56.0,36.0972,0.0573696009814739,tanh
,15501,15501x119,21.0,450.0,56.0,36.26552000000001,0.0562495999038219,tanh
,11224,11224x91,21.0,447.6,56.0,36.30656,0.0340416006743907,tanh
,14651,14651x97,19.72,420.0,56.0,36.08400000000002,0.0450560003519058,tanh
,10442,10442x7,13.0,402.0,56.0,36.19331999999999,0.0087744001299142,tanh
,12261,12261x43,13.0,390.0,56.0,35.994199999999985,0.0209663998335599,tanh
,10474,10474x246,13.0,375.6,56.0,36.222000000000016,0.076825600862503,tanh
,12575,12575x320,13.0,375.0,55.0,36.46007999999999,0.1166592016816139,tanh
,11868,11868x269,13.0,375.0,55.0,36.61479999999998,0.094131201505661,tanh
,10034,10034x508,13.0,375.0,55.0,36.57500000000002,0.1454975992441177,tanh
,10132,10132x441,13.0,375.0,55.0,37.00699999999998,0.127833604812622,tanh
,10654,10654x411,13.0,375.0,56.0,36.857999999999976,0.1257664024829864,tanh
,8228,8228x333,12.48,375.0,56.0,36.851600000000005,0.0818047985434532,tanh
,15196,15196x399,12.0,375.0,56.0,36.67215999999999,0.170905601978302,tanh
,16290,16290x474,12.0,375.0,56.0,37.04776000000001,0.215827202796936,tanh
,16263,16263x374,12.0,375.0,56.0,37.18824000000001,0.171737602353096,tanh
,11523,11523x265,12.0,375.0,56.0,36.94196,0.0901248008012771,tanh
,13021,13021x984,12.0,375.0,56.0,36.957,0.3527999997138977,tanh
,10537,10537x899,12.0,375.0,56.0,37.73596000000002,0.2630464017391205,tanh
,8687,8687x663,12.0,375.0,55.0,28.743,1.0831423997879028,tanh
,11181,11181x994,20.8,384.6,55.0,28.35064,2.0988160610198974,tanh
,10015,10015x672,22.0,405.0,54.4,27.90580000000001,1.2675647735595703,tanh
,12420,12420x826,22.0,406.8,54.0,28.04860000000001,1.9343296051025392,tanh
,14753,14753x570,22.0,420.0,54.0,27.61008000000001,1.5810303926467897,tanh
,14426,14426x681,23.92,420.0,54.0,25.19924,1.8509632110595704,tanh
,14135,14135x856,38.0,424.8,54.0,25.09080000000001,2.2840319156646727,tanh
,13257,13257x705,38.0,480.0,53.92,25.147879999999983,1.7557695865631104,tanh
,8980,8980x1669,38.0,480.0,53.0,25.777640000000005,2.826777648925781,tanh
,14593,14593x1753,40.64,606.0,53.0,26.38827999999998,4.876159954071045,tanh
,16007,16007x1101,41.0,767.4,53.0,26.811239999999984,0.4825920045375824,tanh
,10500,10500x1354,41.0,900.0,53.0,33.6712,0.3872960031032562,tanh
,14543,14543x1514,41.0,900.0,53.0,38.47696000000002,0.6000447869300842,tanh
,9621,9621x2046,41.0,900.0,53.72,39.515999999999984,0.5367295980453491,tanh
,14145,14145x1748,36.2,900.0,55.0,40.07175999999999,0.6727743983268738,tanh
,10494,10494x1278,33.0,900.0,55.0,39.22584000000001,0.3665791928768158,tanh
,14201,14201x1667,33.0,900.0,55.0,38.35199999999998,0.6435135960578918,tanh
,8323,8323x1341,33.0,900.0,55.0,40.475000000000016,0.3065344035625458,tanh
,15766,15766x2431,33.0,900.0,55.0,39.52072000000002,1.0404672145843503,tanh
,14696,14696x3823,33.0,900.0,55.0,42.344240000000006,1.52260479927063,tanh
,15995,15995x2517,33.0,900.0,56.0,41.6244,1.0924927949905396,tanh
,8706,8706x3606,28.0,900.0,56.0,41.02311999999997,0.8535232067108154,tanh
,15122,15122x3154,28.0,900.0,56.0,41.8062,1.293561601638794,tanh
,13080,13080x3898,28.0,810.0,56.0,41.6838,1.383398413658142,tanh
,13057,13057x2722,28.0,810.0,56.0,40.30763999999998,0.9648128032684328,tanh
,14568,14568x2089,28.0,799.8,56.0,41.80604,0.8269439816474915,tanh
,10609,10609x4094,28.0,788.4,56.0,39.85695999999999,1.1782272100448608,tanh
,9789,9789x2198,31.2,780.0,56.0,42.3456,0.5860863924026489,tanh
